{"type":"FeatureCollection","features":[{"type":"Feature","properties":{},"geometry":{"type":"MultiLineString","coordinates":[[[8.73992,58.39747],[8.73874,58.39719],[8.73837,58.3974]],[[8.79005,58.39992],[8.79281,58.39849],[8.7925,58.39776],[8.78538,58.39796],[8.78385,58.39844],[8.78243,58.39955]],[[8.78243,58.39955],[8.78351,58.40052],[8.79005,58.39992]],[[8.73837,58.3974],[8.73987,58.39844],[8.74409,58.39943],[8.74375,58.39873],[8.73992,58.39747]],[[8.72057,58.39888],[8.71859,58.39828],[8.71893,58.4],[8.7195,58.39999],[8.72057,58.39888]],[[8.72433,58.39992],[8.72311,58.39982],[8.72271,58.40032],[8.72516,58.40121],[8.7265,58.40127],[8.72636,58.40071],[8.72433,58.39992]],[[8.73224,58.39737],[8.73036,58.39718],[8.73318,58.39933],[8.73853,58.40118],[8.74075,58.40272],[8.74294,58.40286],[8.7375,58.39888],[8.73224,58.39737]],[[8.72284,58.40366],[8.71992,58.40292],[8.71914,58.40336],[8.71928,58.40427],[8.71967,58.40463],[8.72713,58.40594],[8.72829,58.40572],[8.72637,58.40465],[8.72284,58.40366]],[[8.7101,58.40517],[8.7073,58.40369],[8.70845,58.40289],[8.70825,58.40134],[8.70912,58.40081],[8.7103,58.40094],[8.71074,58.39995],[8.70822,58.3982],[8.70354,58.39673],[8.70289,58.39607],[8.7033,58.39567]],[[8.74822,58.40774],[8.74379,58.40626],[8.74383,58.40772],[8.74475,58.40809],[8.74813,58.40826]],[[8.74813,58.40826],[8.74822,58.40774]],[[8.71376,58.40812],[8.71417,58.40792],[8.71325,58.40653],[8.71355,58.40594],[8.71578,58.40705],[8.71485,58.40909],[8.71597,58.40984],[8.71812,58.40984],[8.72034,58.40871],[8.72069,58.40789],[8.71614,58.40638],[8.71395,58.40451],[8.71276,58.40443],[8.71238,58.40523],[8.71108,58.40491],[8.7101,58.40517]],[[8.79416,58.41045],[8.79288,58.41023],[8.79185,58.41061],[8.78926,58.41229],[8.78904,58.4133],[8.79037,58.41369],[8.79192,58.41327],[8.79391,58.41156],[8.79416,58.41045]],[[8.72219,58.40963],[8.72159,58.40926],[8.72016,58.40958],[8.72039,58.41078],[8.72193,58.41062],[8.72219,58.40963]],[[8.76445,58.41241],[8.76384,58.41224],[8.76304,58.41298],[8.76352,58.41383],[8.76254,58.41507],[8.76471,58.41743],[8.76587,58.41778],[8.76933,58.41676],[8.76945,58.41634],[8.76659,58.41463],[8.76753,58.41418],[8.76667,58.41335],[8.76487,58.41323],[8.76445,58.41241]],[[8.71802,58.41668],[8.71924,58.41648],[8.7199,58.41532],[8.71785,58.4139],[8.7183,58.41269],[8.71743,58.41162],[8.71395,58.4099],[8.71376,58.40812]],[[8.72344,58.41998],[8.72106,58.4189],[8.71971,58.419],[8.71854,58.41778],[8.71655,58.41829],[8.71689,58.41722],[8.71802,58.41668]],[[8.77566,58.41819],[8.77468,58.41794],[8.77345,58.41838],[8.77371,58.41896],[8.77509,58.41955],[8.77222,58.4214],[8.77547,58.42338],[8.77756,58.42358],[8.77848,58.42153],[8.77944,58.42146],[8.78043,58.42058],[8.77747,58.41961],[8.77635,58.41884],[8.77657,58.41824],[8.77566,58.41819]],[[8.73819,58.41961],[8.73563,58.41953],[8.73253,58.42093],[8.73464,58.42315],[8.73635,58.42316],[8.73789,58.42244],[8.73871,58.42155],[8.73819,58.41961]],[[8.73353,58.4189],[8.73456,58.41876],[8.73562,58.41784],[8.73597,58.4159],[8.73958,58.4171],[8.74014,58.41694],[8.74036,58.41539],[8.73963,58.41448],[8.73992,58.41391],[8.74158,58.41402],[8.74113,58.41178],[8.73806,58.40941],[8.73712,58.40942],[8.73599,58.41042],[8.73408,58.4108],[8.7327,58.41065],[8.72711,58.40795],[8.7246,58.40745],[8.72402,58.40803],[8.7263,58.40902],[8.72651,58.40995],[8.72435,58.41005],[8.72301,58.41053],[8.72145,58.41241],[8.72187,58.41303],[8.72413,58.41313],[8.72569,58.4139],[8.72401,58.41438],[8.72199,58.41375],[8.72098,58.41391],[8.72045,58.41581],[8.72111,58.41762],[8.72704,58.42096],[8.7285,58.42376],[8.72942,58.42385],[8.73056,58.42335],[8.73076,58.42171],[8.73229,58.42132],[8.73153,58.42075],[8.73356,58.41965],[8.73353,58.4189]],[[8.81022,58.42648],[8.80921,58.42504],[8.80938,58.42441],[8.81107,58.42376],[8.81165,58.42302],[8.81114,58.4225],[8.80966,58.42303],[8.80909,58.42397],[8.80785,58.42425],[8.80564,58.42341],[8.8061,58.42215],[8.80225,58.42292],[8.79923,58.42268],[8.79787,58.42292],[8.79583,58.42358],[8.79534,58.42432],[8.7937,58.42359],[8.79092,58.42377],[8.79245,58.42552],[8.7939,58.42599],[8.79822,58.42656],[8.80231,58.426],[8.80519,58.42629],[8.80734,58.42665],[8.81039,58.42801],[8.81199,58.4274],[8.81173,58.42686],[8.81022,58.42648]],[[8.79448,58.42839],[8.79346,58.42808],[8.7916,58.42869],[8.79222,58.42926],[8.79368,58.42931],[8.79448,58.42839]],[[8.79879,58.43026],[8.80154,58.43048],[8.79858,58.42899],[8.79591,58.42989],[8.79716,58.43059],[8.79879,58.43026]],[[8.72928,58.43092],[8.72986,58.43002],[8.72815,58.42896],[8.72886,58.42701],[8.728,58.42637],[8.72814,58.42583],[8.72942,58.42545],[8.72977,58.42467],[8.73135,58.42417],[8.73238,58.42311],[8.73444,58.42366],[8.73583,58.42473],[8.73788,58.42453],[8.74065,58.42071],[8.7402,58.4198],[8.73765,58.4186],[8.73853,58.41751],[8.74018,58.41773],[8.74445,58.41649],[8.74559,58.41773],[8.74521,58.41966],[8.74615,58.41936]],[[8.81455,58.43069],[8.81244,58.4305],[8.8126,58.4296],[8.81115,58.42926],[8.80934,58.42989],[8.81042,58.43114],[8.80981,58.43179],[8.81029,58.43319],[8.81301,58.43572],[8.81384,58.43593],[8.81796,58.43458],[8.81837,58.43306],[8.81809,58.43235],[8.81455,58.43069]],[[8.84529,58.43856],[8.83502,58.43484],[8.82945,58.43371]],[[8.78316,58.4365],[8.78279,58.43577],[8.78045,58.43492],[8.78034,58.43389],[8.77723,58.43191],[8.77845,58.43064],[8.77715,58.43041],[8.77286,58.43146],[8.77114,58.43034],[8.77167,58.42988],[8.77518,58.42909],[8.77185,58.42679],[8.77244,58.42605],[8.77505,58.42562],[8.77566,58.42511],[8.77536,58.42425],[8.77275,58.42301],[8.77066,58.42224],[8.76847,58.42232],[8.76799,58.42375],[8.76476,58.4237],[8.76414,58.42436],[8.76151,58.42544],[8.75804,58.42416],[8.75204,58.42768],[8.75199,58.42629],[8.75382,58.42415],[8.75264,58.42254],[8.75383,58.42121],[8.75309,58.42016],[8.75233,58.4197],[8.75031,58.42029],[8.74741,58.41913],[8.74615,58.41936]],[[8.72251,58.43244],[8.72188,58.43241],[8.72071,58.43447],[8.72252,58.43359],[8.72251,58.43244]],[[8.71369,58.4344],[8.71547,58.43405],[8.71577,58.43194],[8.72167,58.43012],[8.72441,58.42852],[8.72556,58.42867],[8.72612,58.42821],[8.72618,58.42776],[8.72485,58.42703],[8.72539,58.42612],[8.72747,58.42488],[8.72752,58.4232],[8.72652,58.422],[8.72344,58.41998]],[[8.71569,58.43751],[8.71484,58.43699],[8.71501,58.43644],[8.72019,58.43629],[8.72292,58.43527],[8.72401,58.43362],[8.72399,58.43094],[8.72557,58.43127],[8.72839,58.43114]],[[8.71176,58.43551],[8.71337,58.43687],[8.71523,58.43775],[8.71569,58.43751]],[[8.71703,58.43805],[8.71689,58.43838],[8.72088,58.43979],[8.72323,58.44164],[8.72769,58.44076],[8.72907,58.44197]],[[8.74174,58.44259],[8.74008,58.43954],[8.73813,58.43915],[8.73737,58.43816],[8.73739,58.4375],[8.73845,58.43676],[8.73749,58.43631],[8.73345,58.43721],[8.73301,58.43596],[8.73151,58.43558],[8.72618,58.43727],[8.72435,58.43734],[8.72163,58.43844],[8.71703,58.43805]],[[8.78316,58.4365],[8.78312,58.43742],[8.78071,58.4396],[8.78074,58.44197],[8.77993,58.44356],[8.77868,58.4444]],[[8.78592,58.44475],[8.78661,58.44259],[8.78647,58.44009]],[[8.81763,58.44629],[8.81821,58.44578],[8.81959,58.44584],[8.82088,58.44531],[8.82165,58.44372],[8.8234,58.44298],[8.82281,58.44222],[8.82425,58.44226],[8.82457,58.44192],[8.82146,58.44101],[8.82009,58.44179],[8.82142,58.44254],[8.81872,58.44384],[8.81727,58.44275],[8.81599,58.44272],[8.81264,58.44426],[8.81399,58.44197],[8.81385,58.43986],[8.81054,58.43609],[8.80978,58.43668],[8.80323,58.43761],[8.79571,58.43633],[8.79486,58.4374],[8.79369,58.43787],[8.79229,58.4375],[8.789,58.43831],[8.78834,58.4381],[8.78874,58.43694],[8.78742,58.4366],[8.78686,58.43733],[8.78724,58.43948],[8.78647,58.44009]],[[8.82601,58.44669],[8.82555,58.44417],[8.82466,58.44444],[8.82294,58.44654]],[[8.83401,58.44708],[8.8345,58.44586],[8.83209,58.44548],[8.83127,58.44456],[8.82989,58.44493],[8.82911,58.44572],[8.82925,58.44685]],[[8.83883,58.44731],[8.83982,58.44457],[8.83807,58.44376],[8.8359,58.44386],[8.83509,58.44221],[8.83317,58.44112],[8.83151,58.44107],[8.83076,58.43959],[8.82872,58.43789]],[[8.87415,58.44901],[8.87349,58.44842],[8.86916,58.44795],[8.86607,58.44548],[8.86305,58.44504],[8.86106,58.44367],[8.85967,58.44368],[8.85899,58.44428],[8.85643,58.44391],[8.85168,58.44193],[8.84529,58.43856]],[[8.82601,58.44669],[8.82631,58.44736],[8.82706,58.44734]],[[8.82706,58.44734],[8.82816,58.44813],[8.82924,58.44829],[8.82925,58.44685]],[[8.87793,58.45215],[8.87623,58.45041],[8.87474,58.45048],[8.87376,58.44999],[8.87415,58.44901]],[[8.72907,58.44197],[8.7361,58.44465],[8.74028,58.44554],[8.74139,58.44612]],[[8.74139,58.44612],[8.74288,58.44607],[8.74484,58.44537],[8.74281,58.4438]],[[8.83401,58.44708],[8.83273,58.44822],[8.833,58.44886],[8.8359,58.44932],[8.8358,58.44853],[8.83871,58.44819],[8.839,58.44979],[8.84311,58.45119],[8.84446,58.44887],[8.84298,58.44887],[8.83971,58.44811],[8.83877,58.44771],[8.83883,58.44731]],[[8.81763,58.44629],[8.81784,58.44722],[8.8155,58.44785],[8.81464,58.4485],[8.81546,58.44987],[8.81729,58.45063],[8.81788,58.44955],[8.82038,58.44775],[8.82126,58.44817],[8.8213,58.44944],[8.82231,58.4492],[8.8216,58.44762],[8.82294,58.44654]],[[8.81938,58.45174],[8.81755,58.45123],[8.81629,58.45269],[8.81659,58.45329],[8.81852,58.45285],[8.81938,58.45174]],[[8.78592,58.44475],[8.78507,58.4463],[8.78531,58.44829],[8.78429,58.45285],[8.78626,58.45527],[8.78648,58.45675],[8.78626,58.45709],[8.78443,58.45743],[8.78432,58.45549],[8.78328,58.45487],[8.78199,58.45488],[8.78055,58.45901],[8.78072,58.45959],[8.78394,58.45983]],[[8.90824,58.47444],[8.90895,58.47419],[8.90834,58.47386]],[[8.88966,58.47129],[8.88816,58.47075],[8.88693,58.47128],[8.88877,58.47192],[8.89086,58.4715],[8.88966,58.47129]],[[8.82959,58.46918],[8.8286,58.46873],[8.8279,58.46889],[8.82663,58.46991],[8.82893,58.46994],[8.82959,58.46918]],[[8.78394,58.45983],[8.78676,58.46006],[8.78833,58.46079],[8.79212,58.46002],[8.79406,58.45879],[8.79344,58.45726],[8.79461,58.45707],[8.79778,58.46025],[8.79993,58.46133],[8.80295,58.46494],[8.80574,58.46502],[8.81172,58.46658],[8.81528,58.4659],[8.81647,58.46375],[8.818,58.46293],[8.81819,58.46408],[8.8166,58.46704],[8.81833,58.46751],[8.82,58.46895],[8.82305,58.47014]],[[8.90834,58.47386],[8.90777,58.4709],[8.90506,58.46919],[8.9029,58.46954],[8.90176,58.4692],[8.89989,58.46985],[8.89873,58.46939],[8.89814,58.46955],[8.89752,58.47033],[8.90041,58.47137],[8.89977,58.4722],[8.90078,58.4731],[8.90239,58.47361],[8.90282,58.47255],[8.90444,58.47254],[8.90543,58.47284],[8.90631,58.47386],[8.90824,58.47444]],[[8.81316,58.47237],[8.81161,58.47119],[8.81199,58.47042],[8.81416,58.46979],[8.8164,58.47005],[8.81678,58.47092],[8.81952,58.47218],[8.82192,58.47208],[8.82264,58.47243]],[[8.81231,58.47257],[8.81316,58.47237]],[[8.87793,58.45215],[8.87968,58.45321],[8.87939,58.45421],[8.88284,58.45572],[8.88426,58.45613],[8.88525,58.45596],[8.88683,58.45742],[8.8897,58.45832],[8.8933,58.46091],[8.89554,58.46285],[8.89583,58.46523],[8.88655,58.46574],[8.87865,58.46562],[8.87598,58.46618],[8.87155,58.46613],[8.87115,58.46657],[8.86981,58.46676],[8.86891,58.46654],[8.86889,58.46563],[8.86589,58.46739],[8.86627,58.46808],[8.86695,58.46836],[8.8699,58.46768],[8.87135,58.46824],[8.87274,58.46776],[8.8731,58.46803],[8.87527,58.46808],[8.87696,58.46705],[8.87816,58.46724],[8.87862,58.46776],[8.87971,58.46758],[8.88073,58.46805],[8.8811,58.46685],[8.88261,58.46668],[8.88347,58.46703],[8.88328,58.46795],[8.88411,58.46841],[8.88552,58.46752],[8.88829,58.46727],[8.88926,58.4684],[8.89144,58.46874],[8.89139,58.46979],[8.89244,58.47021],[8.89187,58.47144],[8.89369,58.47133],[8.89491,58.47044],[8.89649,58.47071],[8.89692,58.47144],[8.89861,58.47195],[8.89839,58.473],[8.90043,58.47351],[8.9029,58.47601],[8.90583,58.47616],[8.90564,58.47646],[8.90773,58.47739]],[[8.77868,58.4444],[8.77729,58.44556],[8.77554,58.44605],[8.77581,58.44932],[8.77507,58.44926],[8.77342,58.44786],[8.77263,58.44803],[8.77143,58.45153],[8.77265,58.45421],[8.77106,58.45521],[8.77,58.45519],[8.77054,58.45406],[8.76939,58.45348],[8.76887,58.45245],[8.76769,58.45212],[8.76684,58.4524],[8.76759,58.45319],[8.76426,58.45428],[8.75965,58.45175],[8.7573,58.45119],[8.75523,58.45155],[8.75334,58.45046],[8.75307,58.44923],[8.75155,58.44794],[8.7474,58.44626],[8.74684,58.44813],[8.74761,58.44904],[8.75126,58.45027],[8.75122,58.45119],[8.75363,58.45217],[8.75415,58.4529],[8.75568,58.45269],[8.75668,58.45298],[8.75688,58.45345],[8.75618,58.45375],[8.75502,58.45357],[8.75448,58.45388],[8.75441,58.45512],[8.75721,58.45454],[8.75729,58.45602],[8.7603,58.45713],[8.76229,58.45879],[8.76329,58.45876],[8.76268,58.45786],[8.76348,58.45682],[8.76877,58.45828],[8.76879,58.45883],[8.76728,58.45989],[8.76758,58.46022],[8.76999,58.45846],[8.7714,58.45842],[8.77293,58.45903],[8.77524,58.46162],[8.77738,58.4618],[8.78185,58.46311],[8.78325,58.46257],[8.78493,58.46285],[8.787,58.46373],[8.79102,58.46669],[8.79168,58.46669],[8.79224,58.46603],[8.79414,58.46756],[8.79535,58.46734],[8.79755,58.46818],[8.79795,58.46883],[8.79677,58.47015],[8.79752,58.47106],[8.79886,58.47125],[8.79785,58.47187],[8.79831,58.47323],[8.80055,58.47358],[8.80043,58.47216],[8.80359,58.4703],[8.80306,58.4689],[8.80469,58.46862],[8.80536,58.46799],[8.81039,58.46992],[8.81025,58.47159],[8.81231,58.47257]],[[8.82238,58.47501],[8.82316,58.47319],[8.82264,58.47243]],[[8.90988,58.47479],[8.90937,58.47687],[8.91172,58.47777],[8.91233,58.47909],[8.91339,58.47881],[8.91354,58.47803],[8.91512,58.47809],[8.91551,58.47968]],[[8.91084,58.47986],[8.91074,58.47885],[8.90773,58.47739]],[[8.91551,58.47968],[8.91883,58.48339],[8.92233,58.48345],[8.92357,58.48314],[8.92208,58.48235],[8.91941,58.47956],[8.9195,58.47855],[8.92077,58.47839],[8.92118,58.47787],[8.92044,58.4773],[8.91894,58.47705],[8.91757,58.47422],[8.91694,58.47408],[8.91546,58.4749],[8.91238,58.47408],[8.91045,58.47402],[8.90948,58.47422],[8.90988,58.47479]],[[8.85305,58.48133],[8.85168,58.48136],[8.85086,58.48097],[8.85065,58.48014],[8.85198,58.47809],[8.85005,58.47664],[8.84769,58.47681],[8.84604,58.47771],[8.84522,58.47745],[8.84443,58.47507],[8.8427,58.47394],[8.84406,58.47089],[8.84179,58.47108],[8.84146,58.47159],[8.84006,58.47194],[8.83996,58.47268],[8.83766,58.47275],[8.83732,58.47408],[8.8362,58.47415],[8.83379,58.47143],[8.83566,58.46876],[8.83329,58.46749],[8.83057,58.46737],[8.83042,58.46407],[8.82986,58.46412],[8.82934,58.46503],[8.82951,58.46644],[8.8279,58.46767],[8.82758,58.46858],[8.82633,58.46863],[8.82622,58.46949],[8.8249,58.47003],[8.82305,58.47014]],[[8.85305,58.48133],[8.85604,58.4853],[8.86077,58.48568]],[[8.83841,58.48505],[8.83728,58.48432],[8.83272,58.48425],[8.83414,58.48296],[8.83617,58.48316],[8.83699,58.48246],[8.83411,58.47999],[8.83117,58.47937],[8.83055,58.47962],[8.83084,58.48011],[8.8323,58.48083],[8.83065,58.48105],[8.82786,58.47958],[8.82975,58.47898],[8.83075,58.47728],[8.82891,58.47618],[8.82759,58.47621],[8.82861,58.4751],[8.82782,58.47397],[8.82608,58.47397],[8.82487,58.47516],[8.82531,58.47642],[8.82652,58.47718],[8.82598,58.47761],[8.82514,58.47762],[8.82238,58.47501]],[[8.85394,58.48738],[8.85001,58.48571],[8.84714,58.4859]],[[8.91798,58.49147],[8.92056,58.49077],[8.92081,58.49019],[8.92212,58.49085],[8.92279,58.49028],[8.9219,58.48962],[8.9204,58.48954],[8.91902,58.48764],[8.91977,58.486],[8.91556,58.48419],[8.91467,58.48409],[8.91304,58.48468],[8.91172,58.48411],[8.91286,58.48296],[8.91016,58.48227],[8.91084,58.47986]],[[8.86208,58.48641],[8.8645,58.48777],[8.86977,58.48915],[8.86999,58.48977]],[[8.83841,58.48505],[8.83956,58.48624],[8.84208,58.48709],[8.84346,58.4894],[8.84714,58.4859]],[[8.85394,58.48738],[8.85822,58.4888],[8.85941,58.4897],[8.85928,58.49089],[8.8602,58.4911]],[[8.86188,58.49328],[8.86135,58.49315],[8.86164,58.49147],[8.86108,58.49105],[8.8602,58.4911]],[[8.84044,58.49241],[8.84205,58.49147]],[[8.84236,58.49251],[8.84262,58.49158],[8.84205,58.49147]],[[8.87308,58.49398],[8.87277,58.49344],[8.86951,58.49266],[8.86503,58.49304],[8.86328,58.49263],[8.86188,58.49328]],[[8.87995,58.49431],[8.87784,58.49285],[8.87105,58.49062],[8.86999,58.48977]],[[8.92347,58.49639],[8.92283,58.49532],[8.92453,58.49512],[8.92495,58.49471],[8.92393,58.49251],[8.922,58.49277],[8.92,58.49379],[8.91958,58.49343],[8.9201,58.49297],[8.91717,58.49179],[8.91798,58.49147]],[[8.92972,58.49668],[8.92993,58.49538],[8.92804,58.49488],[8.92552,58.49532],[8.9254,58.49648]],[[8.86104,58.49427],[8.86102,58.4947],[8.86377,58.49549],[8.86889,58.49589],[8.87218,58.49472],[8.87308,58.49398]],[[8.84044,58.49241],[8.83994,58.49377],[8.84121,58.49448],[8.84174,58.49582]],[[8.84174,58.49582],[8.84241,58.49583],[8.84297,58.49496],[8.84236,58.49251]],[[8.85769,58.49674],[8.85688,58.49515],[8.86059,58.49409],[8.86104,58.49427]],[[8.87995,58.49431],[8.88317,58.49575],[8.88875,58.49692],[8.90063,58.50144],[8.90347,58.50188]],[[8.9376,58.50351],[8.93682,58.50375],[8.93612,58.50328],[8.93783,58.50271],[8.93946,58.50152],[8.93986,58.50091],[8.93941,58.50033],[8.93848,58.49972],[8.93771,58.49975],[8.9369,58.50126],[8.93537,58.50087],[8.93532,58.50035],[8.93672,58.49969],[8.93693,58.49878],[8.9363,58.49852],[8.93494,58.49915],[8.93418,58.50114],[8.9326,58.49955],[8.93199,58.49955],[8.93229,58.5015],[8.93406,58.50232],[8.933,58.50293],[8.92996,58.49923],[8.93054,58.49858],[8.93143,58.49912],[8.93204,58.49897],[8.93239,58.49741],[8.93159,58.49684],[8.93076,58.49778],[8.92972,58.49668]],[[8.87936,58.50128],[8.88649,58.50165],[8.88856,58.50069],[8.88574,58.4993],[8.88445,58.49814],[8.8793,58.49716],[8.87549,58.49457],[8.87333,58.49534],[8.87149,58.49724],[8.86948,58.49782]],[[8.88418,58.5054],[8.8855,58.50467],[8.88269,58.50262],[8.88026,58.50207],[8.87936,58.50128]],[[8.86948,58.49782],[8.86646,58.49683],[8.86238,58.49617],[8.86011,58.49653],[8.85949,58.49874],[8.86272,58.50163],[8.86172,58.50571]],[[8.86129,58.50588],[8.85998,58.50552],[8.85798,58.50187],[8.85618,58.5018],[8.85561,58.50124],[8.85707,58.49981],[8.85666,58.49798],[8.85769,58.49674]],[[8.90347,58.50188],[8.91019,58.50404],[8.91594,58.50515],[8.91918,58.50651],[8.9214,58.50675],[8.92288,58.50827],[8.92745,58.50971],[8.93054,58.50971],[8.93116,58.50921],[8.93103,58.50835],[8.93456,58.50618],[8.93606,58.50728],[8.93608,58.50783]],[[8.93608,58.50783],[8.9368,58.50886],[8.93951,58.51045],[8.93853,58.51072],[8.9354,58.50962],[8.93656,58.51131],[8.93891,58.51154],[8.94054,58.51076],[8.94222,58.51137],[8.94509,58.51151],[8.94675,58.5121],[8.94921,58.51203],[8.94757,58.51093],[8.94895,58.51042],[8.94895,58.51005],[8.94524,58.5078],[8.94542,58.50677],[8.94219,58.50513],[8.94065,58.50306],[8.93909,58.50284],[8.9376,58.50351]],[[8.89796,58.51215],[8.89992,58.51082],[8.89845,58.50892],[8.896,58.50832],[8.8922,58.5062],[8.89254,58.50568],[8.89459,58.50559],[8.89069,58.5038],[8.89072,58.50288],[8.88813,58.5018],[8.88732,58.50194],[8.88692,58.50275],[8.88749,58.50371],[8.88732,58.50432],[8.88653,58.50459],[8.88671,58.50506],[8.89341,58.50791],[8.89358,58.5112],[8.89618,58.51204],[8.89796,58.51215]],[[8.90152,58.51308],[8.9017,58.51203]],[[8.97713,58.51538],[8.97643,58.51527],[8.97556,58.51569],[8.97697,58.51633],[8.97691,58.51683],[8.97759,58.51687],[8.97829,58.51626],[8.97713,58.51538]],[[8.9017,58.51203],[8.90074,58.51135],[8.89968,58.51141],[8.89713,58.51301],[8.89936,58.51397],[8.90152,58.51308]],[[8.86428,58.50826],[8.86292,58.50724],[8.86458,58.51037],[8.86429,58.5117],[8.86612,58.51297],[8.86428,58.50826]],[[8.96324,58.5233],[8.9619,58.52256],[8.96066,58.52262],[8.96,58.52325],[8.96118,58.52414],[8.96317,58.52462],[8.96324,58.5233]],[[8.88418,58.5054],[8.8836,58.5067],[8.88099,58.50638],[8.88,58.50681],[8.88002,58.50765],[8.88369,58.50841],[8.88568,58.50949],[8.88696,58.50917],[8.8881,58.50939],[8.88843,58.51015],[8.88731,58.51052],[8.88789,58.51152],[8.88919,58.51257],[8.89093,58.51239],[8.8926,58.51278],[8.89281,58.51387],[8.89432,58.5152],[8.89348,58.51748],[8.89494,58.51742],[8.89541,58.51631],[8.89706,58.51613],[8.89779,58.51622],[8.89827,58.51744],[8.89619,58.51912],[8.8976,58.51989],[8.89641,58.52076],[8.89509,58.51991],[8.89389,58.52055],[8.89383,58.52125],[8.89205,58.52208],[8.891,58.52076],[8.8895,58.52026]],[[8.89969,58.52359],[8.90112,58.52366],[8.90228,58.52224],[8.89996,58.52203]],[[8.89996,58.52203],[8.89702,58.52147],[8.89423,58.52309],[8.89603,58.52356],[8.89926,58.52314],[8.89969,58.52359]],[[8.89099,58.52161],[8.88986,58.52134],[8.88912,58.5216],[8.88882,58.52423],[8.89026,58.52402],[8.89001,58.52319],[8.89104,58.52264],[8.89099,58.52161]],[[8.87726,58.52221],[8.87349,58.52034],[8.86963,58.51646],[8.86945,58.51458],[8.86678,58.51347],[8.86768,58.51625],[8.86626,58.52058],[8.86726,58.52061],[8.86796,58.51898],[8.86964,58.51857],[8.87278,58.52282],[8.87419,58.52254],[8.87448,58.52183],[8.8751,58.52184],[8.87918,58.52539],[8.87902,58.52335],[8.87726,58.52221]],[[8.88923,58.52029],[8.88843,58.52149],[8.88647,58.52264],[8.88601,58.52378],[8.88682,58.52493],[8.88764,58.52502],[8.88816,58.52423],[8.89107,58.52533],[8.8937,58.52526],[8.89413,58.52571],[8.89381,58.5264],[8.893,58.52659],[8.89323,58.52711],[8.89764,58.52753],[8.89784,58.52806],[8.89887,58.52827]],[[8.98342,58.53719],[8.98263,58.53717],[8.98244,58.5381],[8.97975,58.53755],[8.97891,58.53816],[8.97974,58.53861],[8.98014,58.53831],[8.98131,58.53845],[8.98309,58.53907]],[[8.98309,58.53907],[8.98552,58.53984],[8.98826,58.53868],[8.9876,58.53789],[8.98342,58.53719]],[[8.94041,58.53127],[8.93941,58.53109],[8.93777,58.53283],[8.93917,58.53374],[8.9385,58.53495],[8.94094,58.53515],[8.94108,58.53621],[8.9462,58.53757],[8.94701,58.5386],[8.94872,58.53891],[8.94301,58.53308],[8.94041,58.53127]],[[8.98553,58.54037],[8.98473,58.54018],[8.98403,58.54051],[8.98549,58.54204],[8.98663,58.54212],[8.98716,58.54147],[8.98553,58.54037]],[[8.93879,58.54214],[8.939,58.54071],[8.9381,58.53976],[8.93366,58.53677],[8.92972,58.53494],[8.9276,58.53546],[8.92765,58.53453],[8.92641,58.5331],[8.92731,58.53264],[8.9273,58.53181],[8.92614,58.53113],[8.92508,58.53097],[8.92421,58.5315],[8.92217,58.53092],[8.92117,58.53111],[8.92054,58.5331],[8.92215,58.53959],[8.91971,58.53991],[8.91723,58.53811],[8.91966,58.5378],[8.92015,58.53687],[8.91843,58.53588],[8.91881,58.53527],[8.91983,58.53498],[8.92002,58.53394],[8.91868,58.53229],[8.91852,58.53085],[8.91683,58.52981],[8.91411,58.52911],[8.91293,58.52941],[8.90882,58.52821],[8.90369,58.52791],[8.90371,58.52759],[8.90515,58.52736],[8.90512,58.527],[8.90088,58.52625],[8.90049,58.5281],[8.89887,58.52827]],[[8.94461,58.54241],[8.94402,58.5406],[8.94287,58.53997],[8.94062,58.5396],[8.94028,58.54008],[8.94126,58.54105],[8.94111,58.54162],[8.94214,58.54229]],[[8.95578,58.54294],[8.95346,58.54209],[8.95094,58.53996],[8.95028,58.53988],[8.94963,58.54049],[8.94983,58.54122],[8.9486,58.54111],[8.94023,58.53749],[8.93839,58.5351],[8.93315,58.53259],[8.93047,58.52913],[8.92576,58.52928],[8.92443,58.52978],[8.9248,58.53075],[8.92416,58.53106],[8.92039,58.52962],[8.92059,58.52813],[8.91988,58.52728],[8.91921,58.52741],[8.91924,58.5289],[8.91779,58.5293],[8.9039,58.52542],[8.90155,58.52516],[8.90186,58.52452],[8.90427,58.52491],[8.90635,58.52453],[8.90675,58.52384],[8.90387,58.52361],[8.90325,58.52328],[8.90363,58.52169],[8.90324,58.52059],[8.90214,58.52009],[8.90212,58.51733],[8.90326,58.51761],[8.90417,58.51966],[8.90499,58.51993],[8.90721,58.51929],[8.90789,58.51833],[8.91145,58.51717],[8.91172,58.51664],[8.91076,58.51557],[8.91075,58.5128],[8.91003,58.51215],[8.9107,58.5115],[8.91001,58.51099],[8.91206,58.51122],[8.91298,58.51193],[8.9145,58.5121],[8.91631,58.51038],[8.9174,58.51013],[8.92066,58.51015],[8.92336,58.51112],[8.92486,58.5134],[8.92307,58.51421],[8.9205,58.51396],[8.91883,58.51536],[8.92163,58.51641],[8.92351,58.5157],[8.92492,58.51608],[8.92506,58.51712],[8.92358,58.51782],[8.92242,58.51787],[8.92188,58.51717],[8.92129,58.51723],[8.92111,58.51774],[8.92295,58.51927],[8.9239,58.51915],[8.92632,58.51721],[8.92878,58.5176],[8.92915,58.51833],[8.93188,58.51829],[8.93297,58.51878],[8.93321,58.51929],[8.93091,58.51974],[8.92963,58.52107],[8.9269,58.52127],[8.92694,58.5219],[8.9281,58.52314],[8.93067,58.52399],[8.93169,58.52264],[8.93528,58.5229],[8.93583,58.52364],[8.93541,58.52534],[8.93894,58.5276],[8.93978,58.52735],[8.93936,58.52644],[8.94004,58.52484],[8.94178,58.52431],[8.94362,58.52228],[8.94361,58.52055],[8.94202,58.51948],[8.94323,58.51774],[8.94396,58.51751],[8.94674,58.51863],[8.94838,58.51882],[8.94965,58.52025],[8.94937,58.52065],[8.94787,58.52063],[8.9472,58.52119],[8.94577,58.52007],[8.94498,58.52068],[8.95012,58.52257],[8.95132,58.52246],[8.95108,58.52199],[8.95187,58.52139],[8.95455,58.52193],[8.95505,58.52296],[8.95356,58.52294],[8.95296,58.52355],[8.9523,58.52311],[8.95174,58.52348],[8.95423,58.52396],[8.95296,58.52513],[8.9533,58.52551],[8.95499,58.5242],[8.9557,58.52423],[8.95697,58.52652],[8.96026,58.5274],[8.96261,58.52622],[8.96376,58.5263],[8.96607,58.52732],[8.96568,58.52807],[8.96808,58.52821],[8.9699,58.52985],[8.97102,58.53001],[8.97134,58.53054],[8.97049,58.53145],[8.97328,58.53231],[8.9737,58.5339],[8.97488,58.53361],[8.97579,58.53422],[8.97428,58.53482],[8.97532,58.53718],[8.97464,58.53798],[8.97785,58.53848],[8.97978,58.54074],[8.98105,58.54108],[8.98246,58.54274]],[[8.72928,58.43092],[8.72839,58.43114]],[[8.82945,58.43371],[8.82637,58.43233],[8.82566,58.43272],[8.82429,58.43257],[8.82297,58.43296],[8.82342,58.43493],[8.82525,58.43563],[8.82548,58.43623],[8.82739,58.43637],[8.82872,58.43789]],[[8.74174,58.44259],[8.74196,58.44291]],[[8.74196,58.44291],[8.74281,58.4438]],[[8.86077,58.48568],[8.86208,58.48641]],[[8.92347,58.49639],[8.92425,58.49663],[8.92427,58.4972],[8.9254,58.49648]],[[8.86129,58.50588],[8.86172,58.50571]],[[8.88923,58.52029],[8.8895,58.52026]],[[8.94214,58.54229],[8.94461,58.54241]],[[8.82147,58.4767],[8.8209,58.47656],[8.81917,58.47725],[8.819,58.47826],[8.82014,58.47835],[8.8209,58.47787],[8.82147,58.4767]],[[8.25349,58.16747],[8.25423,58.16629],[8.2563,58.16488],[8.24897,58.16587],[8.24386,58.16611],[8.24259,58.167],[8.23838,58.16762],[8.23746,58.16734],[8.237,58.16833],[8.2341,58.16874],[8.23383,58.16835],[8.23519,58.16746],[8.23397,58.16738],[8.23087,58.16949],[8.22903,58.16987],[8.22703,58.16994],[8.2257,58.1696],[8.22152,58.16706],[8.22244,58.16857],[8.22561,58.17023],[8.22652,58.17168],[8.22365,58.17284],[8.21889,58.17337],[8.21643,58.17415],[8.2123,58.17404],[8.21277,58.1751],[8.21111,58.17571],[8.21087,58.17757],[8.20804,58.17947],[8.20791,58.18026],[8.2067,58.18106],[8.20391,58.1813],[8.20125,58.18238],[8.20069,58.18311],[8.20226,58.18345],[8.20217,58.18438],[8.19861,58.18531],[8.19813,58.18711],[8.19999,58.18766],[8.20067,58.18875],[8.20199,58.18882],[8.20346,58.18785],[8.20638,58.18737],[8.20766,58.18677],[8.2087,58.18441],[8.21184,58.18194],[8.21331,58.18165],[8.21354,58.18242],[8.21601,58.18096],[8.2176,58.18078],[8.21943,58.18137],[8.2219,58.18078],[8.22232,58.18019],[8.21739,58.18041],[8.21687,58.18015],[8.21736,58.17969],[8.21915,58.17933],[8.22094,58.17701],[8.22228,58.17618],[8.22294,58.1761],[8.22364,58.17669],[8.22497,58.17651],[8.22625,58.17392],[8.22751,58.17332],[8.23154,58.17436],[8.23498,58.17672],[8.23813,58.1774],[8.23798,58.17692],[8.23484,58.17558]],[[8.22466,58.11157],[8.22156,58.11224],[8.22129,58.11315],[8.22436,58.11286],[8.22466,58.11157]],[[8.2142,58.11257],[8.21366,58.11219],[8.2142,58.11188],[8.21645,58.1133],[8.21781,58.11342],[8.21653,58.11228],[8.21932,58.11241],[8.21991,58.11198],[8.21955,58.11094],[8.21703,58.11101],[8.21718,58.10963],[8.21566,58.10993],[8.21469,58.10966],[8.21542,58.10865],[8.21477,58.10837],[8.21271,58.10911],[8.20979,58.1093],[8.20842,58.10989],[8.20865,58.11045],[8.20986,58.11063],[8.2106,58.11227],[8.20895,58.11219],[8.20744,58.11163],[8.20606,58.11202],[8.2069,58.11307],[8.20852,58.11322],[8.21329,58.11312],[8.2142,58.11257]],[[8.25581,58.11761],[8.25509,58.11734],[8.25353,58.11778],[8.25294,58.11891],[8.25415,58.11875],[8.25581,58.11761]],[[8.20403,58.11495],[8.20321,58.11314],[8.20187,58.11332],[8.20127,58.11415],[8.2035,58.11775]],[[8.22805,58.11866],[8.22692,58.11821],[8.22625,58.11854],[8.22612,58.11926],[8.22691,58.11999],[8.2291,58.11983],[8.22929,58.11909],[8.22805,58.11866]],[[8.25069,58.1202],[8.24986,58.11987],[8.24819,58.12006],[8.24618,58.11971],[8.24356,58.1205],[8.24298,58.12148],[8.24415,58.12175],[8.25069,58.1202]],[[8.20088,58.11736],[8.20031,58.11747],[8.20065,58.11881],[8.19925,58.11905],[8.20016,58.11988],[8.20237,58.1192],[8.20232,58.11833],[8.20088,58.11736]],[[8.25653,58.1243],[8.25744,58.12401],[8.25539,58.12335],[8.2573,58.12197],[8.25589,58.12167],[8.25346,58.12202],[8.25411,58.12132],[8.25331,58.12081],[8.24935,58.12108],[8.24901,58.12179],[8.24586,58.12297],[8.2482,58.12393],[8.24893,58.12511],[8.25239,58.12408],[8.25323,58.12441],[8.25248,58.12533],[8.25456,58.12542],[8.25653,58.1243]],[[8.2035,58.11775],[8.20413,58.11941],[8.20503,58.11983],[8.207,58.1199],[8.20576,58.1205],[8.20572,58.12202],[8.20742,58.12475],[8.21133,58.1246],[8.21139,58.12373],[8.21652,58.12288],[8.21877,58.12195],[8.21889,58.12068],[8.21745,58.11917],[8.21487,58.11916],[8.21268,58.11959],[8.21076,58.11942],[8.21503,58.11878],[8.21699,58.1181],[8.21617,58.11645],[8.21481,58.11604],[8.21621,58.11455],[8.20915,58.11352],[8.2087,58.11385],[8.20981,58.11423],[8.20959,58.11474],[8.20617,58.11697],[8.20494,58.11668],[8.20403,58.11495]],[[8.23453,58.12687],[8.24,58.12753],[8.24164,58.12741],[8.24257,58.12704],[8.24233,58.12552],[8.23969,58.12448],[8.23791,58.12515],[8.23644,58.12498],[8.23702,58.12444],[8.23606,58.12394],[8.2371,58.12335],[8.23572,58.12281],[8.23242,58.12297],[8.23023,58.1238],[8.22837,58.12329],[8.22974,58.12266],[8.23355,58.12229],[8.2323,58.121],[8.22883,58.12126],[8.22618,58.121],[8.22614,58.12135],[8.22714,58.12167],[8.22651,58.12195],[8.22571,58.1218],[8.22563,58.1221],[8.22848,58.12222],[8.22534,58.12267],[8.22452,58.12537]],[[8.26398,58.13098],[8.26194,58.13067],[8.26107,58.13109],[8.26335,58.13188],[8.26398,58.13098]],[[8.27643,58.133],[8.2779,58.13249],[8.28015,58.13361],[8.28326,58.13344],[8.27986,58.13249],[8.27911,58.13165],[8.27697,58.13137],[8.27643,58.13088],[8.27497,58.13069],[8.27358,58.13104],[8.27415,58.13212],[8.2735,58.13272],[8.27578,58.13343],[8.27643,58.133]],[[8.20478,58.12944],[8.20291,58.12966],[8.20389,58.13094],[8.20564,58.13055],[8.20478,58.12944]],[[8.2487,58.13774],[8.24885,58.13696],[8.24443,58.13753],[8.24788,58.1382],[8.2487,58.13774]],[[8.26267,58.13868],[8.26045,58.13873],[8.26038,58.13974],[8.2623,58.1396],[8.26267,58.13868]],[[8.26819,58.13868],[8.26504,58.13875],[8.26475,58.13991],[8.26599,58.14021],[8.27033,58.13958],[8.27025,58.13918],[8.26819,58.13868]],[[8.25188,58.13981],[8.25051,58.13673],[8.25583,58.13658],[8.25724,58.13582],[8.25104,58.13558],[8.24953,58.13507],[8.24962,58.13474],[8.25793,58.13444],[8.25929,58.13311],[8.25864,58.13295],[8.25484,58.13386],[8.25323,58.13292],[8.25129,58.13397],[8.25114,58.13307],[8.25212,58.1315],[8.25071,58.13096],[8.25184,58.13049],[8.25137,58.13008],[8.25026,58.12998],[8.24852,58.13063],[8.24723,58.13009],[8.24644,58.13015],[8.24668,58.13169],[8.24604,58.13226],[8.24492,58.1308],[8.24042,58.13022],[8.23832,58.12859],[8.23077,58.12764],[8.23453,58.12687]],[[8.26379,58.14169],[8.26582,58.1417],[8.26697,58.14095],[8.26456,58.14088],[8.26243,58.14027],[8.26079,58.14048],[8.26313,58.14239],[8.26379,58.14169]],[[8.28354,58.14466],[8.28456,58.14425],[8.28376,58.1435]],[[8.28376,58.1435],[8.28138,58.14298],[8.28084,58.14322],[8.28144,58.14452],[8.28354,58.14466]],[[8.27296,58.14165],[8.27037,58.14159],[8.26976,58.14412],[8.27465,58.14412],[8.27479,58.14355],[8.27296,58.14165]],[[8.23776,58.141],[8.23685,58.14034],[8.23702,58.13988],[8.23972,58.13934],[8.23918,58.14322],[8.24106,58.14353],[8.24161,58.14455],[8.24313,58.14555],[8.24355,58.14463],[8.24273,58.14347],[8.24318,58.14271],[8.24858,58.14172],[8.24944,58.14227]],[[8.19676,58.1444],[8.19589,58.14289],[8.19612,58.1422],[8.19705,58.14178],[8.19889,58.1418]],[[8.20437,58.14481],[8.20487,58.14372],[8.20422,58.14249],[8.20094,58.14246],[8.19889,58.1418]],[[8.22452,58.12537],[8.22297,58.12773],[8.22238,58.12767],[8.22166,58.12584],[8.21872,58.12681],[8.21837,58.1277],[8.2175,58.12811],[8.21702,58.12788],[8.21781,58.12599],[8.21669,58.12521],[8.21377,58.1256],[8.20883,58.12511],[8.20754,58.12571],[8.20726,58.12758],[8.20474,58.12818],[8.20501,58.12914],[8.20642,58.13024],[8.20826,58.13006],[8.20938,58.13103],[8.2086,58.13155],[8.20305,58.13211],[8.20277,58.1328],[8.20383,58.13467],[8.20477,58.13514],[8.20921,58.13407],[8.20983,58.13473],[8.20727,58.13497],[8.20498,58.13714],[8.2072,58.13886],[8.20833,58.139],[8.20809,58.1411],[8.20979,58.14277],[8.21124,58.14355],[8.21381,58.14374],[8.21315,58.14404],[8.20966,58.14418],[8.20806,58.14501]],[[8.24225,58.14683],[8.23972,58.14393],[8.23737,58.14438],[8.23835,58.1428]],[[8.24826,58.14715],[8.24808,58.14646],[8.24659,58.14623],[8.24605,58.14499],[8.24694,58.14396],[8.24791,58.14517],[8.24915,58.14452],[8.24962,58.14538],[8.2502,58.14538],[8.25124,58.14316],[8.25024,58.14306],[8.24944,58.14227]],[[8.25178,58.14734],[8.25462,58.14646],[8.25722,58.14732],[8.26013,58.14721],[8.26125,58.14664],[8.26166,58.14512],[8.26009,58.14399],[8.25748,58.14368],[8.25456,58.14571],[8.25352,58.14455],[8.25374,58.14317],[8.25198,58.14268],[8.25283,58.14214],[8.25313,58.14079],[8.25188,58.13981]],[[8.2826,58.14964],[8.28199,58.14978],[8.28249,58.15018]],[[8.28249,58.15018],[8.2841,58.15098],[8.28548,58.1503],[8.28525,58.14989],[8.2826,58.14964]],[[8.28218,58.15184],[8.27964,58.15078],[8.27517,58.15],[8.27142,58.1499],[8.2682,58.15029]],[[8.25693,58.15171],[8.25757,58.15049],[8.25829,58.15077],[8.25845,58.15184],[8.26323,58.15085],[8.26444,58.14925],[8.26162,58.14882],[8.25907,58.14911],[8.25748,58.14799],[8.25538,58.14845],[8.25469,58.14798],[8.25237,58.1478],[8.25027,58.14786],[8.24644,58.14904],[8.24638,58.15009],[8.24803,58.14924],[8.24838,58.15044],[8.24925,58.15065],[8.25455,58.1496],[8.25467,58.15027],[8.2568,58.15057],[8.25649,58.15086],[8.25444,58.15073],[8.25428,58.15158],[8.25693,58.15171]],[[8.20437,58.14481],[8.20414,58.14586],[8.20673,58.14727],[8.20727,58.14845],[8.20673,58.14892],[8.20761,58.14972],[8.20855,58.14926],[8.20775,58.1461],[8.20806,58.14501]],[[8.19676,58.1444],[8.19703,58.14497],[8.19522,58.14624],[8.19513,58.14688],[8.19627,58.14862],[8.19566,58.15058],[8.19714,58.15093]],[[8.28135,58.15622],[8.28304,58.15584],[8.28302,58.15717],[8.28398,58.15733],[8.28492,58.15687],[8.2903,58.15616],[8.29104,58.15548],[8.29024,58.15502],[8.28718,58.15524],[8.28874,58.15394],[8.28709,58.15317],[8.28649,58.15388],[8.28544,58.15379],[8.28532,58.15339],[8.28622,58.15305],[8.28586,58.15265],[8.28218,58.15184]],[[8.2682,58.15029],[8.26494,58.15148],[8.26736,58.1537],[8.26376,58.15392],[8.26255,58.15452],[8.26136,58.15311],[8.25776,58.15403],[8.25755,58.15467],[8.25922,58.15518],[8.26108,58.15652],[8.26265,58.15564],[8.26449,58.15672],[8.26593,58.15671],[8.26679,58.15835],[8.26898,58.15996],[8.27249,58.15909],[8.27377,58.15732],[8.27313,58.1561],[8.27131,58.15565],[8.26833,58.15394],[8.27526,58.15608],[8.27624,58.15579],[8.27797,58.15601]],[[8.28055,58.16047],[8.28149,58.16008],[8.28143,58.16101],[8.28295,58.16105],[8.2881,58.16],[8.28904,58.15939],[8.28888,58.15895],[8.28764,58.15889],[8.28573,58.15801],[8.28593,58.15768],[8.28766,58.15764],[8.28704,58.15711],[8.28561,58.1571],[8.28426,58.15771],[8.28439,58.15863],[8.28334,58.15895],[8.28185,58.158],[8.28094,58.15841]],[[8.28094,58.15841],[8.27963,58.15921],[8.27775,58.15882],[8.27599,58.1596],[8.27274,58.15989],[8.27204,58.16151],[8.27263,58.16183],[8.27407,58.16173],[8.28055,58.16047]],[[8.30691,58.16508],[8.30612,58.16465],[8.30375,58.16473],[8.30286,58.1661],[8.30398,58.16627],[8.30697,58.16556],[8.30691,58.16508]],[[8.30707,58.16711],[8.30848,58.16719],[8.30816,58.16618],[8.30614,58.1661],[8.30405,58.16688],[8.30512,58.16749],[8.30707,58.16711]],[[8.26812,58.16316],[8.2655,58.16331],[8.26334,58.16412],[8.26537,58.16637],[8.26893,58.16557],[8.26812,58.16316]],[[8.20041,58.16112],[8.19896,58.16079],[8.19734,58.16195],[8.19726,58.16282],[8.20017,58.16223],[8.20041,58.16112]],[[8.29619,58.16662],[8.29507,58.16632],[8.29326,58.16691],[8.2934,58.16772],[8.29551,58.16828],[8.29612,58.16797],[8.29619,58.16662]],[[8.19499,58.16217],[8.19585,58.162],[8.19654,58.16296],[8.20673,58.16401],[8.20758,58.16374],[8.20493,58.16124],[8.20139,58.15986],[8.20072,58.15819],[8.20126,58.15611],[8.20241,58.1552],[8.20424,58.15472],[8.20595,58.15498],[8.20716,58.15246],[8.20364,58.15191],[8.20325,58.15258],[8.20165,58.15251],[8.19949,58.15363],[8.19849,58.15363],[8.19942,58.15156],[8.19714,58.15093]],[[8.30414,58.16891],[8.30522,58.16887],[8.30619,58.16833],[8.30316,58.16727],[8.30192,58.16763],[8.30058,58.16902],[8.30167,58.16968],[8.3044,58.16996],[8.30414,58.16891]],[[8.21757,58.162],[8.21563,58.15965],[8.21096,58.16104],[8.21122,58.16152],[8.21338,58.16145],[8.21666,58.16316],[8.21722,58.16464],[8.21979,58.16574],[8.21778,58.16339],[8.21757,58.162]],[[8.24225,58.14683],[8.24306,58.14776],[8.24258,58.14839],[8.23772,58.14842],[8.233,58.1498],[8.23085,58.1491],[8.22968,58.14941],[8.22947,58.1501],[8.22708,58.15089],[8.22554,58.15203],[8.22372,58.15128],[8.22008,58.15191],[8.22097,58.15363],[8.22244,58.15308],[8.22546,58.15339],[8.22474,58.15503],[8.22188,58.15481],[8.21943,58.15513],[8.21787,58.15448],[8.21701,58.15499],[8.22177,58.15647],[8.22344,58.15627],[8.22756,58.15493],[8.22841,58.15135],[8.23485,58.14989],[8.2365,58.15109],[8.23766,58.14967],[8.24222,58.14931],[8.24377,58.15082],[8.24372,58.15178],[8.24264,58.15205],[8.24288,58.15382],[8.2397,58.15404],[8.23476,58.1557],[8.23616,58.16009],[8.23882,58.1607],[8.2401,58.162],[8.23807,58.16439],[8.23528,58.16432],[8.23689,58.16616],[8.2363,58.16689],[8.2395,58.16601],[8.24037,58.16491],[8.24034,58.16383],[8.24202,58.16257],[8.2419,58.16164],[8.24471,58.15973],[8.24376,58.15938],[8.2416,58.16073],[8.23965,58.16055],[8.2368,58.15754],[8.23666,58.15581],[8.23989,58.15507],[8.24623,58.15473],[8.24745,58.15511],[8.24659,58.15601],[8.24696,58.15681],[8.24965,58.15538],[8.25058,58.15565],[8.25089,58.15655],[8.25331,58.15624],[8.2613,58.15916],[8.26229,58.16007],[8.26347,58.15987],[8.26467,58.1587],[8.2658,58.15883],[8.26926,58.16065],[8.269,58.16232],[8.26044,58.1636],[8.26049,58.16391],[8.26269,58.16451],[8.26143,58.1654],[8.2633,58.16625],[8.2633,58.16716],[8.26686,58.16699],[8.26957,58.16618],[8.27068,58.16675],[8.27107,58.16605],[8.27561,58.16836],[8.27848,58.17105],[8.27679,58.17173],[8.27487,58.17141],[8.27433,58.17197],[8.27595,58.17244],[8.27836,58.17203]],[[8.25298,58.16763],[8.25237,58.16626],[8.2511,58.16615],[8.24765,58.16736],[8.24172,58.16756],[8.23682,58.16874],[8.23541,58.1693],[8.23558,58.17041],[8.23424,58.17088],[8.23343,58.1708],[8.23307,58.16954],[8.23147,58.16967],[8.22886,58.17061],[8.22865,58.17105],[8.23092,58.17266],[8.23345,58.17315]],[[8.27802,58.1738],[8.27189,58.17485],[8.27388,58.17547],[8.27769,58.17556]],[[8.30406,58.17673],[8.30571,58.17621],[8.3057,58.17478],[8.30431,58.1742],[8.30218,58.17425],[8.30064,58.1748],[8.30049,58.17651],[8.3022,58.1771],[8.30406,58.17673]],[[8.23345,58.17315],[8.23398,58.17366],[8.23307,58.17455],[8.23484,58.17558]],[[8.22164,58.17588],[8.22222,58.17488],[8.21922,58.17441],[8.21552,58.1748],[8.21619,58.17574],[8.2209,58.17544],[8.22102,58.17575],[8.21945,58.17598],[8.22064,58.17645],[8.22164,58.17588]],[[8.3209,58.18077],[8.32013,58.1791],[8.31657,58.17817],[8.31829,58.18016],[8.31593,58.18004],[8.31648,58.18091],[8.31818,58.18168],[8.32012,58.18199],[8.3209,58.18077]],[[8.35843,58.18462],[8.35627,58.1845],[8.35613,58.18507],[8.35719,58.18641],[8.3593,58.18676],[8.36016,58.18609],[8.35843,58.18462]],[[8.21852,58.17633],[8.21706,58.17631],[8.21565,58.17717],[8.2126,58.17748],[8.21151,58.17838],[8.21205,58.17897],[8.21407,58.17885],[8.21923,58.17718],[8.21852,58.17633]],[[8.3566,58.18698],[8.35518,58.18611],[8.35419,58.1867],[8.35328,58.18501],[8.35096,58.18444],[8.35061,58.18521],[8.35251,58.18683],[8.3566,58.18698]],[[8.27638,58.18246],[8.2741,58.18238],[8.27625,58.18314]],[[8.27638,58.18246],[8.27915,58.18334],[8.28547,58.18435],[8.28764,58.1836],[8.28802,58.18307],[8.28695,58.18194],[8.28492,58.18213],[8.28413,58.18186],[8.28475,58.17957],[8.28136,58.17808],[8.27937,58.17555],[8.27769,58.17556]],[[8.22991,58.18095],[8.23093,58.18084],[8.23193,58.18129],[8.23217,58.18052],[8.23159,58.18009],[8.2287,58.17977],[8.22869,58.17932],[8.2298,58.17901],[8.22929,58.17855],[8.22725,58.17868],[8.22446,58.17994],[8.22912,58.18139],[8.22991,58.18095]],[[8.29707,58.18576],[8.30026,58.18434],[8.30095,58.18306],[8.30052,58.18281],[8.30272,58.1804],[8.30182,58.17988],[8.30224,58.17864],[8.29865,58.17786],[8.29852,58.17746],[8.29667,58.17676],[8.29939,58.17692],[8.29974,58.17583],[8.29844,58.17527],[8.29849,58.17388],[8.30161,58.17371],[8.30229,58.17262],[8.29977,58.17126],[8.29841,58.17177],[8.29894,58.17025],[8.29807,58.16959],[8.29229,58.16883],[8.29159,58.16824],[8.29029,58.16814],[8.28837,58.1688],[8.28853,58.1696],[8.28786,58.17011],[8.2856,58.17082],[8.28637,58.17369],[8.28776,58.17552],[8.29233,58.17589],[8.29449,58.17526],[8.2954,58.17569],[8.29742,58.1756],[8.29566,58.1767],[8.29422,58.17667],[8.29265,58.17749],[8.28676,58.17568],[8.28578,58.17614],[8.28608,58.17694],[8.2856,58.17706],[8.28509,58.17606],[8.28419,58.17586],[8.28284,58.17662],[8.28258,58.17743],[8.28421,58.17814],[8.28373,58.17848],[8.2853,58.17942],[8.28644,58.17903],[8.28588,58.17777],[8.28756,58.17747],[8.28716,58.17806],[8.28825,58.18131],[8.2893,58.18199],[8.29106,58.18119],[8.29068,58.18288],[8.29272,58.1853],[8.29355,58.18573],[8.29512,58.18556],[8.29574,58.18605],[8.29707,58.18576]],[[8.36052,58.18853],[8.35922,58.18814],[8.35372,58.18841],[8.35438,58.18887],[8.35559,58.18882],[8.36023,58.1901]],[[8.32202,58.18821],[8.32475,58.18808],[8.32496,58.18712],[8.32776,58.18689],[8.3275,58.18617],[8.3255,58.18569],[8.32336,58.18646],[8.3217,58.18574],[8.32238,58.18506],[8.32134,58.18372],[8.32009,58.18416],[8.31538,58.1846],[8.31555,58.18386],[8.31829,58.18312],[8.31813,58.18233],[8.31698,58.18186],[8.31615,58.1822],[8.31408,58.18172],[8.31242,58.18032]],[[8.34907,58.18987],[8.34792,58.18939],[8.34685,58.19013],[8.34875,58.19084],[8.34938,58.19041],[8.34907,58.18987]],[[8.23368,58.18219],[8.23248,58.18219],[8.23343,58.18409],[8.2321,58.18488],[8.23242,58.18515],[8.23424,58.18461],[8.23523,58.18354],[8.23491,58.18244],[8.23368,58.18219]],[[8.33273,58.1899],[8.32995,58.19016],[8.32867,58.19106],[8.32879,58.19167],[8.33022,58.19146],[8.33273,58.1899]],[[8.32494,58.19093],[8.32663,58.19089],[8.3278,58.19039],[8.32886,58.1896],[8.32854,58.18897],[8.32607,58.18911],[8.32268,58.19033],[8.32165,58.19132],[8.32244,58.19164],[8.32494,58.19093]],[[8.34426,58.19023],[8.3422,58.19033],[8.3417,58.19123],[8.3461,58.1938],[8.34826,58.19182],[8.34481,58.1911],[8.34426,58.19023]],[[8.35746,58.19297],[8.3566,58.19281],[8.35437,58.19331],[8.35494,58.19448],[8.35648,58.19452],[8.35889,58.19383],[8.35746,58.19297]],[[8.35937,58.19467],[8.35511,58.19541],[8.35392,58.19428],[8.35151,58.19351],[8.3486,58.19377],[8.34571,58.1948]],[[8.31242,58.18032],[8.31049,58.17978],[8.30976,58.18008],[8.30709,58.17974],[8.30619,58.17999],[8.30618,58.18062],[8.30801,58.18082],[8.30526,58.18289],[8.30554,58.18448],[8.30262,58.18481],[8.29922,58.18605],[8.29802,58.18744],[8.30089,58.18914],[8.3025,58.18869],[8.30249,58.18808],[8.3051,58.18745],[8.30503,58.18702],[8.30385,58.18664],[8.30404,58.1862],[8.3058,58.18556],[8.3084,58.18576],[8.30944,58.18882],[8.30819,58.18884],[8.30692,58.188],[8.30495,58.18951],[8.30495,58.19014],[8.30571,58.19106],[8.30701,58.19108],[8.30975,58.19272],[8.30869,58.19406],[8.30921,58.19438],[8.31432,58.19362],[8.3161,58.19234],[8.31389,58.19236],[8.31674,58.19145],[8.3188,58.19011],[8.32181,58.18937],[8.32243,58.18894],[8.32202,58.18821]],[[8.33508,58.1938],[8.33358,58.19418],[8.33349,58.19568],[8.33516,58.19504],[8.33563,58.19441],[8.33508,58.1938]],[[8.3221,58.19392],[8.32013,58.19398],[8.3196,58.19454],[8.32009,58.1951],[8.32213,58.19468],[8.3221,58.19392]],[[8.2882,58.19432],[8.28698,58.1933],[8.28733,58.19233],[8.28677,58.19201],[8.28322,58.19282],[8.28096,58.19393]],[[8.30362,58.19513],[8.30619,58.19443],[8.30621,58.19401],[8.30457,58.19374],[8.30002,58.19072],[8.2985,58.19121],[8.29424,58.19137],[8.29404,58.19089],[8.29723,58.18977],[8.29421,58.18859],[8.29166,58.18921],[8.29111,58.18874],[8.29149,58.18677],[8.29105,58.18647],[8.28752,58.18631],[8.28583,58.18506],[8.28064,58.1845],[8.27625,58.18314]],[[8.33437,58.19675],[8.33293,58.19609],[8.33193,58.19662]],[[8.34036,58.19706],[8.33923,58.19688],[8.33894,58.19642],[8.34433,58.19395],[8.34107,58.19165],[8.33952,58.19127],[8.33736,58.19236],[8.33601,58.19197],[8.33418,58.19252],[8.33384,58.19299],[8.33208,58.19243],[8.33111,58.19282],[8.32912,58.19261],[8.3264,58.19585],[8.32515,58.19605],[8.32546,58.19544],[8.32483,58.19529],[8.32231,58.19611]],[[8.34458,58.19728],[8.34334,58.19642],[8.3437,58.19561],[8.34571,58.1948]],[[8.37226,58.19873],[8.37346,58.19754],[8.37056,58.19615],[8.3711,58.19523],[8.36915,58.19422],[8.36704,58.19482],[8.36747,58.19599],[8.36566,58.19524],[8.36416,58.19542],[8.36221,58.19502],[8.36219,58.19449],[8.36153,58.19431],[8.35937,58.19467]],[[8.37563,58.1989],[8.37493,58.19864],[8.37459,58.19885]],[[8.37226,58.19873],[8.37459,58.19885]],[[8.33437,58.19675],[8.33524,58.19703],[8.33667,58.19859],[8.33782,58.19885],[8.34038,58.1982],[8.34104,58.19763],[8.34036,58.19706]],[[8.27377,58.19619],[8.27605,58.19595],[8.28096,58.19393]],[[8.32231,58.19611],[8.31974,58.19694],[8.31988,58.19744],[8.32124,58.19749],[8.32054,58.1981],[8.31692,58.19845],[8.31724,58.19948],[8.31887,58.1995],[8.3201,58.19899],[8.32488,58.19838],[8.32706,58.19839],[8.33022,58.19755],[8.33193,58.19662]],[[8.30216,58.19736],[8.30357,58.19715],[8.304,58.19752],[8.305,58.19744],[8.30549,58.19654],[8.30716,58.19665],[8.30801,58.19592],[8.30603,58.19556],[8.2992,58.19774],[8.29892,58.19852],[8.30154,58.19943],[8.30235,58.1991],[8.30098,58.19811],[8.30216,58.19736]],[[8.28546,58.19868],[8.28354,58.19887],[8.28306,58.19995],[8.28434,58.20005],[8.28533,58.1997],[8.28546,58.19868]],[[8.2882,58.19432],[8.28851,58.19491],[8.28729,58.19646],[8.28862,58.19668],[8.28859,58.19704],[8.28547,58.19688],[8.28471,58.19585],[8.28385,58.19557],[8.28179,58.19584],[8.27859,58.1972],[8.27786,58.19799],[8.27791,58.1997],[8.28071,58.20005],[8.28236,58.19949],[8.28292,58.19844],[8.28369,58.19818],[8.28626,58.19782],[8.28716,58.19857],[8.28933,58.19749],[8.29532,58.19692],[8.29548,58.19722],[8.29244,58.19838],[8.29239,58.1998],[8.29366,58.19991],[8.29957,58.19694],[8.29974,58.19647],[8.30362,58.19513]],[[8.37279,58.20583],[8.37442,58.20509],[8.37628,58.20327],[8.37597,58.20271],[8.37313,58.20347],[8.37258,58.20331],[8.3767,58.20136],[8.37563,58.20053],[8.37659,58.19978],[8.37563,58.1989]],[[8.31321,58.20145],[8.31364,58.20212],[8.31428,58.20213],[8.3159,58.20061],[8.3138,58.19943],[8.31143,58.19972],[8.30759,58.20252],[8.30825,58.20269],[8.31321,58.20145]],[[8.37351,58.20617],[8.37256,58.20635],[8.37279,58.20583]],[[8.3331,58.19875],[8.3307,58.19845],[8.3298,58.19939],[8.32472,58.20083],[8.32333,58.20202],[8.3237,58.20293],[8.32268,58.20348],[8.32245,58.20446],[8.32349,58.20475],[8.32478,58.2059],[8.32654,58.20598],[8.32866,58.20512],[8.32978,58.20455],[8.33006,58.20343],[8.33218,58.20265],[8.33207,58.20158],[8.3342,58.19954],[8.3331,58.19875]],[[8.38104,58.21017],[8.38264,58.20916],[8.38217,58.2087],[8.37894,58.20949],[8.37755,58.20943],[8.37814,58.20859],[8.38122,58.20728],[8.38081,58.20668],[8.37983,58.20642],[8.37798,58.20706],[8.37661,58.20572],[8.37711,58.20507],[8.3765,58.20462],[8.37351,58.20617]],[[8.38179,58.2102],[8.38104,58.21017]],[[8.31875,58.2087],[8.31895,58.20784],[8.31764,58.20713],[8.31814,58.20589],[8.31729,58.20501],[8.31598,58.20501],[8.31324,58.20671],[8.31266,58.20657],[8.31485,58.2041],[8.31634,58.204],[8.31866,58.20267],[8.31836,58.2024],[8.31401,58.20308],[8.31093,58.20413],[8.30878,58.20549],[8.30839,58.20671],[8.30629,58.20811],[8.30856,58.20933],[8.3121,58.20798],[8.31052,58.21065],[8.31285,58.21107],[8.31544,58.21054],[8.31584,58.20987],[8.31875,58.2087]],[[8.33506,58.20996],[8.33298,58.21034],[8.33187,58.21103],[8.33161,58.21211],[8.33253,58.21256],[8.33391,58.21251],[8.3347,58.21204],[8.33506,58.20996]],[[8.30006,58.20869],[8.29839,58.20866],[8.29564,58.21059],[8.29606,58.21109],[8.29944,58.21001],[8.3004,58.20908],[8.30006,58.20869]],[[8.27377,58.19619],[8.27172,58.19623],[8.27033,58.19689],[8.27053,58.19746],[8.2721,58.19794],[8.27195,58.19836],[8.26862,58.19841],[8.26714,58.19892],[8.26134,58.19927],[8.26039,58.19898],[8.25646,58.19997],[8.25331,58.20032],[8.24909,58.20017],[8.24774,58.20088],[8.24814,58.20199],[8.25115,58.20166],[8.25576,58.20335],[8.25184,58.20726],[8.25342,58.2092],[8.25474,58.20894],[8.25531,58.20822],[8.25666,58.20855],[8.25765,58.20552],[8.25993,58.2032],[8.26451,58.20179],[8.26647,58.20235],[8.26812,58.20073],[8.26995,58.19981],[8.27098,58.20025],[8.27164,58.20148],[8.27047,58.20223],[8.26791,58.20269],[8.26976,58.20409],[8.26863,58.20496],[8.26711,58.20505],[8.26546,58.20592],[8.2667,58.20622],[8.26569,58.20831],[8.2675,58.20792],[8.27021,58.20587],[8.27195,58.20578]],[[8.39234,58.21462],[8.39139,58.2147],[8.3912,58.2153],[8.38923,58.21617],[8.38966,58.21674],[8.39353,58.21617],[8.39234,58.21462]],[[8.27195,58.20578],[8.27515,58.20253],[8.27713,58.2018],[8.27868,58.20244],[8.27711,58.20426],[8.27844,58.20451],[8.27954,58.20413],[8.28225,58.20648],[8.28303,58.20426],[8.28547,58.20283],[8.28892,58.20262],[8.29142,58.20392],[8.29527,58.20043],[8.29832,58.201],[8.30017,58.20061],[8.30124,58.20093],[8.30363,58.20256],[8.30002,58.20384],[8.29571,58.20374],[8.29108,58.20631],[8.28926,58.20672],[8.28659,58.20991],[8.28917,58.20868],[8.28979,58.20738],[8.29185,58.20771],[8.29203,58.20823],[8.28907,58.21019],[8.28754,58.21053],[8.2866,58.21232]],[[8.3858,58.21887],[8.38998,58.21922],[8.39195,58.21848],[8.3911,58.21683],[8.38864,58.21675],[8.39075,58.21357],[8.39119,58.21117],[8.39069,58.21087],[8.38709,58.21174],[8.38604,58.21166],[8.39012,58.20963],[8.38761,58.20716],[8.38559,58.20766],[8.38519,58.20811],[8.38576,58.20857],[8.38179,58.2102]],[[8.28695,58.21279],[8.28804,58.21355],[8.28742,58.21466],[8.2878,58.21527],[8.28909,58.21542],[8.28994,58.21504],[8.29038,58.21302],[8.29159,58.21293],[8.2928,58.2136],[8.29177,58.21468],[8.2942,58.21562],[8.29562,58.21488],[8.2966,58.21332],[8.29808,58.21236],[8.29945,58.2129],[8.3007,58.21184],[8.30339,58.21228],[8.30548,58.21189],[8.30632,58.21256],[8.30588,58.21332],[8.30499,58.21368],[8.30348,58.21358],[8.30306,58.21393],[8.30382,58.21469],[8.30567,58.21468]],[[8.38494,58.21962],[8.38157,58.21918],[8.38066,58.21929],[8.38039,58.21975],[8.38418,58.22136],[8.38673,58.22047],[8.38494,58.21962]],[[8.19529,58.16058],[8.19542,58.15993]],[[8.35414,58.22258],[8.35623,58.22226],[8.3567,58.2218],[8.35611,58.22154],[8.35426,58.22195]],[[8.30714,58.21375],[8.30787,58.21297],[8.30929,58.21255],[8.31191,58.21262],[8.31466,58.2129],[8.3149,58.2134],[8.3142,58.21402],[8.31232,58.21426],[8.3103,58.21343],[8.3101,58.21506],[8.31562,58.21413],[8.31734,58.21271],[8.31859,58.21232],[8.31909,58.21126],[8.32113,58.21066],[8.32092,58.2104],[8.31881,58.21034],[8.32117,58.20829],[8.32451,58.20864],[8.32647,58.20999],[8.323,58.21061],[8.32477,58.2112],[8.32504,58.21179],[8.32352,58.21252],[8.32493,58.2126],[8.32526,58.21359],[8.32789,58.21412],[8.32736,58.21485],[8.33268,58.21548],[8.33441,58.21599],[8.33488,58.21661],[8.33429,58.21719],[8.33587,58.21803],[8.33548,58.21856],[8.33595,58.21921],[8.33768,58.21862],[8.34012,58.21898],[8.34358,58.22135],[8.34889,58.22231],[8.34807,58.22084],[8.35012,58.21836],[8.34837,58.2187],[8.34754,58.21973],[8.34532,58.22041],[8.34075,58.21807],[8.34193,58.2162],[8.34166,58.21454],[8.33778,58.21587],[8.33589,58.21566],[8.33762,58.21178],[8.33928,58.20996],[8.33976,58.20636],[8.33808,58.20576],[8.33653,58.20793],[8.33375,58.20936],[8.33024,58.21002],[8.32863,58.20979],[8.32562,58.20715],[8.32612,58.20671],[8.32853,58.20624],[8.33403,58.20354],[8.3372,58.20299],[8.33825,58.20326],[8.33794,58.20409],[8.33851,58.20433],[8.34106,58.20261],[8.34328,58.20236],[8.34356,58.20159],[8.34161,58.20188],[8.34022,58.20123],[8.34137,58.19959],[8.34398,58.19806],[8.34509,58.19804],[8.34458,58.19728]],[[8.38057,58.2244],[8.38095,58.22246],[8.38229,58.22155],[8.38216,58.22106],[8.37688,58.21922],[8.37675,58.21882],[8.3858,58.21887]],[[8.35426,58.22195],[8.34965,58.22285],[8.35195,58.22418],[8.35261,58.22303],[8.35414,58.22258]],[[8.397,58.22544],[8.39502,58.22558],[8.39237,58.22648],[8.39109,58.22782],[8.39362,58.22761],[8.39637,58.2267],[8.397,58.22544]],[[8.35376,58.2246],[8.35664,58.22444],[8.35762,58.22614],[8.36005,58.22719],[8.36187,58.22683],[8.36163,58.22531],[8.36292,58.2248],[8.36422,58.22691],[8.36727,58.22757],[8.37148,58.22602],[8.372,58.22632],[8.37145,58.22713],[8.372,58.22735],[8.37405,58.22631],[8.38016,58.22456]],[[8.38016,58.22456],[8.38055,58.22482],[8.37851,58.22596],[8.37728,58.22725],[8.37532,58.2279],[8.37469,58.22878],[8.38012,58.2285],[8.38336,58.22729],[8.38355,58.22676],[8.38252,58.22579],[8.38471,58.22521],[8.38482,58.22485],[8.38246,58.22325],[8.38057,58.2244]],[[8.4181,58.23114],[8.4204,58.23092],[8.4231,58.22875],[8.4208,58.22759],[8.41833,58.22846],[8.41713,58.23097],[8.4181,58.23114]],[[8.39204,58.2316],[8.39342,58.23092],[8.39463,58.23088],[8.39538,58.23242],[8.39705,58.23211],[8.39902,58.23275],[8.40052,58.2325],[8.4008,58.23155],[8.40361,58.23042],[8.4022,58.23016],[8.39839,58.23213],[8.39796,58.23191],[8.39925,58.23081],[8.39897,58.23042],[8.39597,58.23069],[8.39449,58.22932],[8.39204,58.22852],[8.39,58.22913],[8.38997,58.2305],[8.3879,58.23086],[8.38501,58.2296],[8.38389,58.22982]],[[8.42344,58.23539],[8.42122,58.23503],[8.421,58.23462],[8.42201,58.23412],[8.42138,58.23345],[8.42068,58.23413],[8.41944,58.23352],[8.42453,58.23191],[8.42376,58.23082],[8.4174,58.23324],[8.42014,58.23462],[8.42019,58.23585],[8.42155,58.23672],[8.42317,58.23619],[8.42344,58.23539]],[[8.35211,58.23339],[8.35438,58.23276],[8.35609,58.2316],[8.35552,58.23083],[8.35439,58.23075],[8.35307,58.23],[8.35361,58.22875],[8.35637,58.22791],[8.35769,58.22688],[8.35357,58.22564]],[[8.36764,58.23378],[8.36695,58.23352],[8.36576,58.23436],[8.36556,58.23551],[8.36936,58.2349],[8.36764,58.23378]],[[8.42948,58.23771],[8.42742,58.23545],[8.42559,58.23603],[8.42573,58.237],[8.42453,58.23688],[8.42334,58.23772],[8.42237,58.23769],[8.42215,58.23822],[8.42329,58.23887],[8.42582,58.23909],[8.42888,58.23832],[8.42948,58.23771]],[[8.36145,58.23598],[8.35751,58.23501],[8.35352,58.23564],[8.35175,58.23528]],[[8.45442,58.23994],[8.4534,58.23987],[8.45272,58.24079],[8.45545,58.24185],[8.45522,58.24054],[8.45442,58.23994]],[[8.35211,58.23339],[8.34986,58.23421],[8.34431,58.23494],[8.34327,58.23554],[8.34432,58.23631],[8.34952,58.23473],[8.35175,58.23528]],[[8.41908,58.24143],[8.42148,58.23961],[8.41847,58.23942],[8.41907,58.23844],[8.41554,58.23583],[8.41261,58.23746],[8.41106,58.23894],[8.41033,58.24067]],[[8.40095,58.23825],[8.40422,58.23687],[8.40365,58.23552],[8.40251,58.23571],[8.40016,58.23761],[8.39869,58.23736],[8.39777,58.23763],[8.39679,58.23852],[8.3966,58.24017],[8.39755,58.24027],[8.40095,58.23825]],[[8.38389,58.22982],[8.38313,58.23004],[8.3815,58.22926],[8.37963,58.22915],[8.37392,58.23071],[8.36922,58.23263],[8.37211,58.23377],[8.37576,58.23371],[8.37546,58.23619],[8.37624,58.23651],[8.38067,58.23571],[8.38145,58.23673],[8.37977,58.238],[8.37952,58.23905],[8.38028,58.23944],[8.38416,58.23927],[8.39001,58.23977],[8.39533,58.2377],[8.39619,58.23658],[8.39536,58.23607],[8.39354,58.2358],[8.39311,58.23377],[8.39157,58.23201],[8.39204,58.2316]],[[8.44388,58.242],[8.44701,58.24254],[8.44773,58.24209],[8.44743,58.24155],[8.44425,58.24044],[8.44281,58.24064],[8.44295,58.24222],[8.44376,58.24311],[8.44434,58.24279],[8.44388,58.242]],[[8.47021,58.24327],[8.46925,58.2431],[8.46878,58.24375],[8.46973,58.24538],[8.47055,58.24554],[8.47207,58.24467],[8.47021,58.24327]],[[8.41033,58.24067],[8.41056,58.24123],[8.40819,58.24109],[8.40636,58.24234],[8.40652,58.24281],[8.40866,58.24354],[8.41147,58.24313],[8.41155,58.24193],[8.41427,58.24147],[8.41582,58.24148],[8.41671,58.24188],[8.41908,58.24143]],[[8.43578,58.2427],[8.43418,58.2426],[8.4297,58.24426],[8.43139,58.24526],[8.43328,58.24529],[8.43516,58.24606]],[[8.36145,58.23598],[8.36405,58.23761],[8.36557,58.23796],[8.36766,58.2371],[8.37009,58.23683],[8.37284,58.23757],[8.3739,58.23849],[8.37293,58.23894],[8.3728,58.2396],[8.37652,58.23992],[8.3743,58.24105],[8.37444,58.24151],[8.37898,58.24214],[8.38144,58.24425]],[[8.39418,58.24491],[8.39287,58.24374],[8.39268,58.24483]],[[8.40259,58.24535],[8.40669,58.24441],[8.406,58.24313],[8.40436,58.24457],[8.40377,58.24448],[8.40486,58.24256],[8.40455,58.24137],[8.40651,58.24102],[8.40486,58.23992],[8.40051,58.24183],[8.39696,58.24169],[8.39499,58.24251],[8.39574,58.24499]],[[8.41289,58.24588],[8.41086,58.24408],[8.40473,58.24546]],[[8.43053,58.24679],[8.42979,58.24636],[8.4302,58.24578],[8.42938,58.24482],[8.42822,58.24464],[8.4253,58.24578],[8.42438,58.2455],[8.42596,58.24358],[8.4238,58.24366],[8.41986,58.24159],[8.41812,58.24263],[8.41753,58.24387],[8.41542,58.24325],[8.41269,58.24391],[8.41458,58.24597]],[[8.45476,58.24804],[8.45469,58.2474],[8.4535,58.24736],[8.45261,58.24649],[8.45346,58.24605],[8.4522,58.24414],[8.44832,58.24356],[8.44769,58.24414],[8.44837,58.24503],[8.45127,58.24611],[8.45308,58.24796]],[[8.46075,58.24835],[8.45904,58.24826]],[[8.46825,58.24873],[8.46346,58.24675],[8.46424,58.24853]],[[8.43493,58.24726],[8.43638,58.24765],[8.43983,58.24727]],[[8.41289,58.24588],[8.41484,58.24688],[8.4158,58.24683],[8.41458,58.24597]],[[8.46075,58.24835],[8.46305,58.24976],[8.4644,58.24932],[8.46424,58.24853]],[[8.43053,58.24679],[8.43419,58.24803],[8.43469,58.24859]],[[8.45308,58.24796],[8.45375,58.24961],[8.45445,58.24926],[8.45476,58.24804]],[[8.39574,58.24499],[8.39595,58.24571],[8.39807,58.24721],[8.40259,58.24535]],[[8.39268,58.24483],[8.39255,58.24672],[8.39359,58.24764],[8.39564,58.2484],[8.39601,58.24809],[8.39437,58.24694],[8.39418,58.24491]],[[8.43453,58.24941],[8.42855,58.25075]],[[8.42926,58.25126],[8.43197,58.25081],[8.43418,58.25132]],[[8.42855,58.25075],[8.42672,58.25101],[8.42613,58.2515],[8.42753,58.25171],[8.42926,58.25126]],[[8.434,58.25231],[8.43733,58.25171],[8.43849,58.25109],[8.43621,58.25037],[8.43418,58.25132]],[[8.47267,58.255],[8.47054,58.25488],[8.46879,58.25433],[8.46805,58.2546],[8.4699,58.25547],[8.47267,58.25609],[8.47267,58.255]],[[8.46707,58.25463],[8.46611,58.25467],[8.46517,58.25537],[8.46587,58.25679],[8.46797,58.25663],[8.46892,58.25618],[8.46742,58.25552],[8.46707,58.25463]],[[8.43362,58.25432],[8.43304,58.25494],[8.43342,58.25542]],[[8.43342,58.25542],[8.43449,58.25616],[8.43694,58.2551],[8.43813,58.25607],[8.44099,58.25476],[8.43947,58.25367],[8.43789,58.25438],[8.43747,58.25404],[8.43928,58.25281],[8.43855,58.25213],[8.43362,58.25432]],[[8.434,58.25231],[8.42963,58.25398],[8.43035,58.25519],[8.43217,58.25596],[8.43256,58.25683],[8.43316,58.25679]],[[8.38144,58.24425],[8.38105,58.24522],[8.37855,58.24698],[8.37882,58.24882],[8.38018,58.24904],[8.38296,58.24719],[8.38463,58.24683],[8.38595,58.24793],[8.38687,58.24979],[8.38484,58.25189],[8.38874,58.25327],[8.38939,58.25422],[8.38864,58.25475],[8.3895,58.25504]],[[8.3895,58.25504],[8.39338,58.25596],[8.398,58.25616],[8.40054,58.25522],[8.40089,58.25471],[8.39977,58.25451],[8.39784,58.25258],[8.39783,58.25198],[8.39902,58.2511],[8.40135,58.25138],[8.40522,58.25277],[8.40481,58.25154],[8.40226,58.25063],[8.40088,58.2495],[8.39972,58.24744],[8.40046,58.24678],[8.40473,58.24546]],[[8.43293,58.25803],[8.43395,58.25793],[8.43421,58.25735],[8.43316,58.25679]],[[8.45904,58.24826],[8.45843,58.24922],[8.46055,58.25025],[8.46091,58.25205],[8.45671,58.25056],[8.45588,58.25084],[8.45507,58.25358],[8.45357,58.2532],[8.45234,58.25341],[8.45268,58.25214],[8.45185,58.25077],[8.44742,58.25038],[8.44518,58.25146],[8.44577,58.25173],[8.44715,58.25118],[8.44797,58.2513],[8.44805,58.25314],[8.44693,58.25371],[8.44594,58.25338],[8.44425,58.25353],[8.44163,58.25261],[8.44093,58.25363],[8.4417,58.25452],[8.44149,58.25537],[8.43711,58.25889],[8.43738,58.26222],[8.43962,58.26246],[8.44251,58.26202],[8.44645,58.26069],[8.4517,58.25814],[8.45249,58.25702],[8.45346,58.2567],[8.45463,58.25687],[8.45632,58.25616],[8.45695,58.25573],[8.45688,58.25487],[8.45912,58.25483],[8.46272,58.25331],[8.4661,58.25432],[8.46927,58.25397],[8.46987,58.25309],[8.47134,58.25389],[8.47228,58.25361],[8.46963,58.25041],[8.4679,58.25115],[8.46796,58.25219],[8.46455,58.25244],[8.46479,58.25151],[8.46692,58.25121],[8.46825,58.24873]],[[8.43228,58.26155],[8.43146,58.26231],[8.43199,58.26312]],[[8.43199,58.26312],[8.43347,58.2629],[8.4335,58.26159],[8.43228,58.26155]],[[8.43959,58.26334],[8.43863,58.263],[8.43682,58.26338],[8.43467,58.26436],[8.43454,58.2655],[8.43555,58.2655],[8.43791,58.26451],[8.43959,58.26334]],[[8.43694,58.26634],[8.43572,58.26648],[8.4352,58.26706],[8.43602,58.26808],[8.43698,58.26743],[8.43694,58.26634]],[[8.43049,58.26783],[8.42999,58.26694],[8.4288,58.26695],[8.42737,58.26736],[8.42691,58.26843],[8.42925,58.2689],[8.43049,58.26783]],[[8.43293,58.25803],[8.42937,58.25689],[8.4273,58.25728],[8.4275,58.25788],[8.42992,58.25915],[8.43104,58.26029],[8.43085,58.26108],[8.42875,58.26137],[8.42986,58.2632],[8.42726,58.26475],[8.42843,58.26613],[8.42414,58.26809],[8.42029,58.2684],[8.4203,58.2698],[8.418,58.2698],[8.41672,58.26828],[8.41657,58.26697],[8.41765,58.26644],[8.41749,58.26592],[8.41515,58.26586],[8.41122,58.26636],[8.41004,58.26599],[8.40958,58.26633],[8.41102,58.26719],[8.41091,58.26822],[8.41238,58.26956],[8.41854,58.27367],[8.41976,58.27497],[8.41981,58.27659],[8.4218,58.27696],[8.42218,58.27758]],[[8.42273,58.27782],[8.42529,58.27937],[8.42676,58.28204],[8.42826,58.28317]],[[8.42826,58.28317],[8.42995,58.28402],[8.43362,58.2878],[8.43502,58.28862],[8.43844,58.28892],[8.43894,58.28759],[8.44034,58.28798],[8.44092,58.28777],[8.44069,58.28691],[8.43643,58.28346],[8.43743,58.2814],[8.43385,58.27823],[8.43443,58.27743],[8.43673,58.27818],[8.43731,58.27796],[8.43435,58.27513],[8.43569,58.27242],[8.43436,58.27186],[8.4354,58.2712],[8.4355,58.27048],[8.43743,58.2712],[8.43733,58.27189],[8.43836,58.27241],[8.44706,58.2746],[8.44806,58.27448],[8.44169,58.2725],[8.43979,58.27121],[8.43917,58.27023],[8.43934,58.26872],[8.44034,58.26821],[8.44139,58.26868],[8.44179,58.26842],[8.43959,58.26636],[8.43906,58.26428],[8.44273,58.26372],[8.44391,58.26271],[8.44939,58.26068],[8.45387,58.2602],[8.45642,58.25791],[8.45906,58.2576],[8.46024,58.25922],[8.45967,58.25966],[8.45736,58.25996],[8.4578,58.26107],[8.45907,58.26102],[8.4612,58.25991],[8.46316,58.25951],[8.47049,58.26322],[8.47232,58.266],[8.47411,58.26612],[8.47415,58.26539],[8.47258,58.26421],[8.4717,58.2623],[8.47038,58.26218],[8.46716,58.26043],[8.46559,58.25773],[8.46595,58.25704],[8.4674,58.25742],[8.47012,58.2572],[8.47013,58.25778],[8.46875,58.25833],[8.46914,58.25872],[8.47453,58.26039],[8.47498,58.26017],[8.47584,58.26058],[8.47732,58.26003],[8.47838,58.26024],[8.47976,58.26134],[8.47942,58.2621],[8.48076,58.26184]],[[8.44361,58.29251],[8.44187,58.29019],[8.43931,58.28948],[8.43938,58.2906],[8.43838,58.29117],[8.43923,58.29228]],[[8.43923,58.29228],[8.44217,58.29385],[8.44325,58.29588],[8.44441,58.29664],[8.44361,58.29251]],[[8.44636,58.29768],[8.4444,58.29723],[8.44433,58.29777],[8.44547,58.29872],[8.44654,58.29858],[8.44636,58.29768]],[[8.20462,58.11002],[8.20501,58.10966],[8.20452,58.10914],[8.20377,58.10935],[8.2038,58.10985],[8.20197,58.10956],[8.20291,58.11066],[8.20462,58.11002]],[[8.24443,58.12796],[8.24284,58.12777],[8.24154,58.12859],[8.24502,58.12878],[8.24443,58.12796]],[[8.23835,58.1428],[8.23776,58.141]],[[8.20231,58.1408],[8.19972,58.14101],[8.20034,58.14207],[8.2018,58.14189],[8.20146,58.14158],[8.20231,58.1408]],[[8.24826,58.14715],[8.24882,58.1479],[8.25178,58.14734]],[[8.27797,58.15601],[8.28135,58.15622]],[[8.2836,58.16386],[8.28198,58.16306],[8.28074,58.1633],[8.2808,58.16514],[8.28189,58.16532],[8.28385,58.16439],[8.2836,58.16386]],[[8.29922,58.16577],[8.29676,58.16618],[8.30055,58.16677],[8.301,58.16623],[8.29922,58.16577]],[[8.29172,58.16749],[8.29101,58.16706],[8.29026,58.16738],[8.28942,58.16712],[8.28783,58.16793],[8.28827,58.16819],[8.29053,58.16797],[8.29172,58.16749]],[[8.25349,58.16747],[8.25298,58.16763]],[[8.27802,58.1738],[8.27928,58.17352],[8.27836,58.17203]],[[8.28128,58.17231],[8.28011,58.17288],[8.28075,58.17411],[8.28208,58.17381],[8.28128,58.17231]],[[8.32448,58.18164],[8.32326,58.1813],[8.32184,58.18157],[8.32159,58.18204],[8.32292,58.18272],[8.32392,58.18277],[8.3237,58.18193],[8.32448,58.18164]],[[8.36023,58.1901],[8.36131,58.18967],[8.36052,58.18853]],[[8.36333,58.19196],[8.36204,58.19198],[8.36172,58.19346],[8.36317,58.19329],[8.36434,58.19263],[8.36333,58.19196]],[[8.38786,58.22325],[8.38953,58.22348],[8.39052,58.22306],[8.38923,58.2223],[8.38565,58.22324],[8.38751,58.22394],[8.3884,58.22359],[8.38786,58.22325]],[[8.35376,58.2246],[8.35219,58.22448],[8.3523,58.22525],[8.35357,58.22564]],[[8.4351,58.24703],[8.43516,58.24606]],[[8.43983,58.24727],[8.44092,58.24655],[8.43747,58.24445],[8.4358,58.24457],[8.43649,58.24338],[8.43578,58.2427]],[[8.43497,58.24709],[8.4351,58.24703]],[[8.43497,58.24709],[8.43493,58.24726]],[[8.43453,58.24941],[8.43469,58.24859]],[[8.01145,58.05896],[8.01378,58.05828],[8.01356,58.05695],[8.0122,58.05734],[8.00917,58.05705],[8.01031,58.05852],[8.01145,58.05896]],[[8.01867,58.06058],[8.0146,58.05936],[8.01337,58.0598],[8.01274,58.0606],[8.01448,58.06227],[8.01642,58.06252],[8.01841,58.06159],[8.01867,58.06058]],[[8.02285,58.06197],[8.0217,58.06236],[8.02185,58.06313],[8.02528,58.06591],[8.02561,58.06556],[8.02447,58.06366],[8.02285,58.06197]],[[8.0209,58.06531],[8.02268,58.06541],[8.021,58.06467],[8.02053,58.06302],[8.01969,58.06235],[8.01563,58.06367],[8.01614,58.06528],[8.01878,58.06709],[8.01992,58.06711],[8.0209,58.06531]],[[8.00848,58.067],[8.00762,58.06649],[8.00679,58.06683],[8.00456,58.06678],[8.00416,58.06591],[8.00242,58.06536],[8.00315,58.06334],[8.00167,58.0626],[8.0005,58.06299],[7.99736,58.06185]],[[8.01531,58.06693],[8.01309,58.06638],[8.01028,58.06718],[8.01029,58.06846],[8.01171,58.06974],[8.01576,58.06873],[8.01634,58.06824],[8.01531,58.06693]],[[8.0256,58.06927],[8.02456,58.06713],[8.0237,58.06707],[8.02038,58.06818],[8.0205,58.06879],[8.02163,58.06873],[8.0234,58.07053],[8.02598,58.07041],[8.0256,58.06927]],[[8.03872,58.07448],[8.03935,58.07439],[8.04015,58.07542],[8.04107,58.0753],[8.04022,58.0724],[8.0395,58.07208],[8.0386,58.0735],[8.03697,58.07327],[8.03733,58.07455],[8.03875,58.07573],[8.03872,58.07448]],[[8.00657,58.07385],[8.00899,58.07169],[8.01295,58.0751],[8.01371,58.07507],[8.01467,58.07426],[8.01376,58.07318],[8.01285,58.0731],[8.01407,58.07214],[8.01367,58.07145],[8.01208,58.07128],[8.00995,58.07043],[8.01044,58.06984],[8.00936,58.06815],[8.00856,58.06874],[8.00785,58.06872],[8.00848,58.067]],[[8.05228,58.0781],[8.05443,58.07786],[8.05385,58.07642],[8.05263,58.07611],[8.05263,58.07513],[8.05514,58.07522],[8.05686,58.07481],[8.05752,58.07422],[8.05526,58.07176],[8.0539,58.07076],[8.05252,58.07039],[8.05184,58.07058],[8.0516,58.07145],[8.05003,58.07216],[8.04982,58.07292],[8.05219,58.0736],[8.05097,58.07416],[8.05093,58.07477],[8.05161,58.07788],[8.05228,58.0781]],[[8.02824,58.07462],[8.0258,58.07415],[8.02562,58.07349],[8.02383,58.07381],[8.02404,58.07522],[8.02655,58.07754],[8.02788,58.07707],[8.02759,58.07611],[8.02824,58.07462]],[[8.08999,58.08075],[8.09076,58.08001],[8.08995,58.07908],[8.08886,58.07899],[8.0883,58.07947],[8.08855,58.08072],[8.08956,58.08107],[8.08999,58.08075]],[[8.01942,58.0789],[8.01825,58.07817],[8.01553,58.07882],[8.01677,58.07799],[8.0145,58.07758],[8.02053,58.07655],[8.02042,58.07559],[8.01762,58.07539],[8.01514,58.07689],[8.01442,58.07668],[8.01272,58.07712],[8.01233,58.0787],[8.01348,58.07926],[8.01016,58.08054],[8.00818,58.08025],[8.00431,58.0812],[8.0016,58.08043],[8.00242,58.07927],[8.00447,58.07832],[8.0067,58.075],[8.00547,58.0744],[8.00657,58.07385]],[[8.10357,58.08488],[8.10305,58.08457],[8.10091,58.08507],[8.10096,58.0878],[8.10462,58.0875],[8.10357,58.08488]],[[8.01911,58.08479],[8.02079,58.08445],[8.02307,58.08464],[8.02592,58.08374],[8.02668,58.08324],[8.02659,58.08217],[8.02794,58.08228],[8.02941,58.08088],[8.02916,58.07944],[8.02739,58.07776],[8.02586,58.07809],[8.02638,58.07931],[8.02571,58.08041],[8.02379,58.08017],[8.02478,58.07918],[8.02444,58.07888],[8.01942,58.0789]],[[8.01778,58.08572],[8.01742,58.08536],[8.01911,58.08479]],[[8.0267,58.08386],[8.02554,58.08441],[8.02717,58.08632],[8.02751,58.08567],[8.0267,58.08386]],[[8.11023,58.08929],[8.10935,58.0891],[8.10881,58.08979],[8.1091,58.09223],[8.11068,58.09299],[8.11122,58.09263],[8.11116,58.09046],[8.11023,58.08929]],[[8.00924,58.08916],[8.01034,58.08792],[8.01143,58.08761],[8.01333,58.08784],[8.01553,58.0874],[8.01659,58.08766],[8.01614,58.08868],[8.0174,58.08931],[8.01967,58.08793],[8.02045,58.08855],[8.02246,58.08824],[8.02042,58.08703],[8.02204,58.08659],[8.02275,58.08594],[8.02137,58.08558],[8.01946,58.08624],[8.01778,58.08572]],[[8.09221,58.0937],[8.09243,58.09245],[8.09184,58.09188],[8.09107,58.09364]],[[8.10374,58.09433],[8.10306,58.09375],[8.10226,58.09425]],[[8.10782,58.09455],[8.10741,58.0927],[8.10637,58.09221],[8.10623,58.0913],[8.10522,58.09063],[8.10412,58.09058],[8.10347,58.08872],[8.10282,58.08848],[8.1019,58.08887],[8.10045,58.09177],[8.10107,58.09418]],[[8.11947,58.09518],[8.12057,58.09425],[8.12066,58.09321],[8.11924,58.09226],[8.1191,58.09057],[8.11834,58.08989],[8.12054,58.08996],[8.12118,58.08901],[8.12026,58.08722],[8.11868,58.08651],[8.11757,58.0876],[8.11758,58.08975],[8.11551,58.09115],[8.11487,58.0905],[8.11638,58.08913],[8.11662,58.0875],[8.11577,58.08728],[8.11465,58.08857],[8.11346,58.08746],[8.11178,58.08788],[8.11174,58.09041],[8.11362,58.09487]],[[8.13406,58.09597],[8.13268,58.09492],[8.13196,58.09586]],[[8.14223,58.09642],[8.14095,58.09455],[8.14008,58.09408],[8.13866,58.09412],[8.13715,58.09275],[8.13575,58.09357],[8.13611,58.09545],[8.13652,58.09576],[8.13865,58.09541],[8.1392,58.09625]],[[8.11913,58.09588],[8.11947,58.09518]],[[8.10374,58.09433],[8.10405,58.09587],[8.10571,58.09523],[8.10767,58.09578],[8.10782,58.09455]],[[8.11362,58.09487],[8.11428,58.09656]],[[8.09107,58.09364],[8.091,58.09493],[8.09188,58.0956],[8.09262,58.09425],[8.09221,58.0937]],[[8.13406,58.09597],[8.13547,58.09737],[8.13453,58.09845],[8.13858,58.0977],[8.13933,58.09716],[8.1392,58.09625]],[[8.01996,58.09126],[8.02015,58.09065],[8.01796,58.091],[8.01675,58.09077],[8.01643,58.0924],[8.01911,58.09226],[8.01996,58.09126]],[[8.02304,58.09347],[8.02128,58.09313],[8.02296,58.09266],[8.02259,58.09226],[8.01916,58.09275],[8.01784,58.09387],[8.01832,58.09423],[8.02232,58.09427],[8.02305,58.094],[8.02304,58.09347]],[[7.99657,58.09303],[8.00137,58.09248],[8.0042,58.0911],[8.00815,58.08991],[8.00924,58.08916]],[[8.0021,58.09369],[7.99868,58.09401]],[[7.99889,58.09512],[8.0002,58.09505],[8.0021,58.09369]],[[8.03335,58.09464],[8.03191,58.09421],[8.03088,58.09587],[8.03244,58.097],[8.03452,58.09721],[8.03459,58.09623],[8.03335,58.09464]],[[8.10226,58.09425],[8.10286,58.0963],[8.10347,58.0968],[8.10481,58.09704],[8.10529,58.09779],[8.10501,58.09846],[8.10391,58.0982],[8.103,58.10028],[8.1039,58.10074],[8.10458,58.09947],[8.10664,58.09879],[8.10774,58.10081],[8.10722,58.10141]],[[8.10722,58.10141],[8.10843,58.10171],[8.10885,58.10127],[8.10725,58.09839],[8.10805,58.09709],[8.10914,58.09676],[8.11146,58.09811],[8.11266,58.10114],[8.11226,58.0986],[8.11428,58.09656]],[[8.10107,58.09418],[8.10166,58.09553],[8.1005,58.09725],[8.09992,58.10052],[8.10082,58.10113],[8.10475,58.10134],[8.10491,58.10167]],[[8.13299,58.10143],[8.1322,58.10136],[8.13177,58.10171],[8.13166,58.10284],[8.13297,58.10325],[8.13366,58.10294],[8.13299,58.10143]],[[8.13196,58.09586],[8.13309,58.09872],[8.134,58.09891],[8.13423,58.10005],[8.13522,58.1006],[8.13418,58.10208],[8.13466,58.10382],[8.13602,58.10408],[8.13803,58.10383],[8.14316,58.10118],[8.14521,58.1008],[8.14433,58.09914],[8.1415,58.09881],[8.14265,58.09729],[8.14223,58.09642]],[[8.11913,58.09588],[8.12112,58.09696],[8.12182,58.09789],[8.12137,58.09887],[8.11953,58.10009],[8.12078,58.10118],[8.12105,58.10382]],[[8.12067,58.10582],[8.12153,58.10535],[8.12105,58.10382]],[[8.08865,58.10572],[8.08599,58.10607],[8.08673,58.10842],[8.08771,58.1093],[8.08866,58.10822],[8.08808,58.10677],[8.08865,58.10572]],[[8.15485,58.11359],[8.1536,58.11226],[8.15529,58.11118],[8.15535,58.11024],[8.15309,58.10754],[8.15207,58.10765],[8.15151,58.1084],[8.14983,58.10796]],[[8.12731,58.11215],[8.12688,58.11198],[8.12616,58.11241],[8.12673,58.11374],[8.12874,58.11324],[8.12731,58.11215]],[[8.14983,58.10796],[8.14942,58.10578],[8.14759,58.10593],[8.14623,58.10422],[8.14459,58.10416],[8.14483,58.10517],[8.14408,58.10543],[8.14244,58.10458],[8.14118,58.10454],[8.1413,58.10645],[8.13716,58.10659],[8.1374,58.10889],[8.13615,58.10968],[8.13561,58.11082],[8.13475,58.11098],[8.13361,58.1104],[8.13312,58.11052],[8.13335,58.11464],[8.13195,58.11429],[8.13025,58.11549],[8.1294,58.11516],[8.12863,58.1153],[8.12448,58.11387],[8.12319,58.11406],[8.122,58.1131],[8.12227,58.11235],[8.12595,58.11038],[8.12606,58.10963],[8.1239,58.10906],[8.12334,58.1095],[8.1226,58.10881],[8.1201,58.10873]],[[8.10491,58.10167],[8.102,58.10238],[8.10065,58.10438],[8.10173,58.10661],[8.10265,58.10729],[8.10522,58.10794],[8.10435,58.10887],[8.10275,58.10874],[8.10177,58.11],[8.10219,58.11467],[8.10355,58.11375],[8.10504,58.11398],[8.10616,58.11314],[8.10667,58.11333],[8.10659,58.1142],[8.10751,58.11411],[8.10872,58.11258],[8.10834,58.11147],[8.10678,58.11076],[8.10766,58.10947],[8.10631,58.10912],[8.10681,58.10844],[8.10635,58.10792],[8.11003,58.10733],[8.1117,58.10435],[8.11226,58.10444],[8.11199,58.10638],[8.11266,58.10705],[8.12067,58.10582]],[[8.05949,58.10997],[8.06056,58.10937],[8.06236,58.10946],[8.06265,58.10802],[8.06144,58.10513],[8.06023,58.10464],[8.05661,58.1086],[8.05613,58.10982],[8.05695,58.11173],[8.05378,58.11252],[8.05324,58.11411],[8.05393,58.11469],[8.05695,58.11471],[8.05833,58.11422],[8.0595,58.11283],[8.05885,58.11134],[8.05949,58.10997]],[[8.1844,58.12],[8.18353,58.12023],[8.18373,58.12215],[8.1846,58.12265],[8.18687,58.12269],[8.18713,58.12202],[8.18596,58.12062],[8.18466,58.1204],[8.1844,58.12]],[[8.0055,58.11392],[8.00429,58.11354],[8.00134,58.11394],[8.00337,58.11499],[8.00541,58.11455],[8.0055,58.11392]],[[8.08848,58.11818],[8.09011,58.11853],[8.0946,58.11707],[8.09562,58.11497],[8.09525,58.11377],[8.09322,58.11311],[8.09174,58.11355],[8.08995,58.11093],[8.08928,58.11144],[8.0905,58.11438],[8.08837,58.11294],[8.08744,58.11277],[8.08586,58.11328],[8.08647,58.11467],[8.0814,58.11396],[8.07982,58.11508],[8.08048,58.11656],[8.08437,58.12003],[8.08826,58.11875],[8.08848,58.11818]],[[8.0596,58.11732],[8.05646,58.11786],[8.05637,58.11879],[8.05987,58.11855],[8.0596,58.11732]],[[8.18773,58.12363],[8.18648,58.12363],[8.18592,58.12433],[8.18665,58.12613],[8.18794,58.1263],[8.18972,58.12515],[8.18773,58.12363]],[[8.12658,58.12197],[8.12863,58.12218],[8.13097,58.12062],[8.12972,58.11833],[8.12875,58.11952],[8.1253,58.11978],[8.12337,58.12039],[8.12232,58.12233],[8.12377,58.12373],[8.12658,58.12197]],[[8.07771,58.12117],[8.08041,58.12157],[8.08082,58.1213],[8.08028,58.11884],[8.07906,58.11806],[8.0778,58.11816],[8.07777,58.11977],[8.07692,58.1198],[8.07547,58.12089],[8.07633,58.12187],[8.07731,58.12169],[8.07771,58.12117]],[[8.18172,58.12695],[8.18079,58.12661],[8.17979,58.12679],[8.17857,58.12803],[8.18172,58.12695]],[[8.19072,58.1283],[8.18891,58.12863],[8.18888,58.12959],[8.19122,58.12946],[8.19072,58.1283]],[[8.07394,58.12193],[8.07268,58.12205],[8.07313,58.12354],[8.07487,58.12307],[8.07394,58.12193]],[[8.08245,58.12232],[8.08103,58.12257],[8.08067,58.12461],[8.08124,58.12507],[8.08399,58.12348],[8.08245,58.12232]],[[8.06925,58.12477],[8.0654,58.12423],[8.06444,58.1246],[8.06432,58.12525],[8.06703,58.12604],[8.06925,58.12477]],[[8.18293,58.13301],[8.1814,58.13285],[8.18173,58.13436],[8.1832,58.13398],[8.18293,58.13301]],[[7.99929,58.12163],[8.0002,58.12144],[8.0005,58.12089],[8.00496,58.12226],[8.0066,58.12181],[8.00641,58.1214],[8.00471,58.12151],[8.00409,58.12107],[8.00441,58.12028],[8.00194,58.11958],[7.99677,58.12056]],[[8.07829,58.12881],[8.08015,58.12831],[8.08052,58.12771],[8.07934,58.12649],[8.0779,58.1266],[8.0771,58.12613],[8.07743,58.12542],[8.07862,58.1259],[8.07971,58.12544],[8.07823,58.12361],[8.07753,58.12335],[8.07519,58.12359],[8.07271,58.1246],[8.07164,58.12433],[8.06984,58.12459],[8.07092,58.12372],[8.07077,58.12285],[8.06915,58.12209],[8.06547,58.11825],[8.06447,58.11828],[8.06303,58.11912],[8.0616,58.11904],[8.06111,58.1195],[8.06363,58.12168],[8.06375,58.12231],[8.06154,58.12208],[8.06126,58.12059],[8.06017,58.12104],[8.05973,58.12438],[8.06085,58.12553],[8.06179,58.12559]],[[7.99762,58.11947],[8.00024,58.11928],[8.00106,58.11852],[8.00431,58.11861],[8.00541,58.11829],[8.00709,58.11745],[8.00782,58.11577],[8.00503,58.1155],[8.0034,58.11609],[8.00021,58.11617],[7.99965,58.11572]],[[7.99965,58.11572],[8.00183,58.11544],[8.00105,58.11436],[7.99733,58.11483]],[[8.13996,58.13241],[8.14249,58.13217],[8.14467,58.13053],[8.14098,58.13066],[8.13733,58.13222],[8.13743,58.13294],[8.13977,58.13442],[8.14008,58.13355],[8.13895,58.13266],[8.13996,58.13241]],[[8.0039,58.12546],[8.00277,58.12525],[7.99712,58.12643]],[[7.99557,58.12748],[8.00045,58.12731],[8.0039,58.12546]],[[8.07829,58.12881],[8.07588,58.12911],[8.07572,58.12963],[8.07684,58.13042],[8.08079,58.1301],[8.08184,58.12953],[8.08292,58.13061],[8.08578,58.13079],[8.08489,58.13235],[8.08202,58.13314],[8.08409,58.13379]],[[8.08409,58.13379],[8.08571,58.13412],[8.08726,58.13393],[8.09003,58.13329],[8.0914,58.13237],[8.09097,58.13187],[8.08896,58.13195],[8.08582,58.13058],[8.08506,58.12935],[8.08609,58.12895],[8.08573,58.1281],[8.08372,58.12788],[8.08332,58.12754],[8.0828,58.12543],[8.08355,58.12497],[8.08423,58.12582],[8.08485,58.12581],[8.085,58.12477],[8.08678,58.12372],[8.08711,58.12188],[8.08871,58.122],[8.09031,58.12149],[8.09385,58.11946],[8.09602,58.11876],[8.09794,58.1191],[8.09912,58.11988],[8.10002,58.11895],[8.10116,58.11861],[8.10122,58.11677],[8.1035,58.1168],[8.1043,58.11625],[8.10695,58.1178],[8.10792,58.11512],[8.11105,58.11578],[8.11152,58.11658],[8.11266,58.1158],[8.11363,58.11623],[8.11439,58.11507],[8.11384,58.10985],[8.11602,58.10983],[8.11721,58.10913],[8.1201,58.10873]],[[8.04745,58.13552],[8.04908,58.13476],[8.05116,58.13261],[8.0514,58.13127],[8.05032,58.13037],[8.04924,58.13072],[8.04371,58.12976],[8.04229,58.13057],[8.04621,58.13307],[8.04665,58.1354],[8.04745,58.13552]],[[8.06202,58.13441],[8.06067,58.13395],[8.06007,58.13419],[8.06039,58.13484],[8.06217,58.13537],[8.06396,58.13684],[8.06384,58.13596],[8.06202,58.13441]],[[8.06011,58.13527],[8.05769,58.13533],[8.05796,58.13658],[8.05923,58.13682],[8.06136,58.13608],[8.06011,58.13527]],[[8.01186,58.13436],[8.01378,58.13214],[8.01262,58.13168],[8.01167,58.13046],[8.0103,58.1303],[8.0063,58.13024],[8.00229,58.13114],[7.99866,58.13363]],[[8.05141,58.13653],[8.05033,58.1353],[8.04814,58.13625],[8.04669,58.13627]],[[8.0642,58.13723],[8.0631,58.13672],[8.06231,58.13713]],[[8.07093,58.1376],[8.07188,58.1366],[8.07008,58.13684],[8.06772,58.13489],[8.06621,58.1319],[8.06642,58.13073],[8.065,58.12985],[8.06179,58.12559]],[[8.18563,58.14381],[8.18413,58.14186],[8.17866,58.14137],[8.18019,58.13974],[8.18415,58.13876],[8.18484,58.13817],[8.18269,58.13566],[8.17661,58.13623],[8.17606,58.13581],[8.17466,58.13575],[8.17546,58.13519],[8.17895,58.13444],[8.18014,58.13383],[8.17944,58.13178],[8.17649,58.13097],[8.1794,58.13102],[8.18029,58.13025],[8.17875,58.12923],[8.17799,58.12958],[8.17723,58.12887],[8.17438,58.12848],[8.17404,58.12633],[8.17269,58.12564],[8.17046,58.12541],[8.169,58.12584],[8.16807,58.12656],[8.16766,58.12793],[8.16509,58.12957],[8.16488,58.12795],[8.16373,58.12793],[8.16149,58.12865],[8.15818,58.12862],[8.15537,58.12949],[8.1533,58.12952],[8.15251,58.12902],[8.15142,58.12918],[8.15104,58.12871],[8.14835,58.12862],[8.15051,58.12732],[8.15102,58.12741],[8.15063,58.12811],[8.15371,58.12767],[8.15518,58.12687],[8.15516,58.12633],[8.16082,58.12533],[8.16436,58.12324],[8.16384,58.12244],[8.15914,58.12377],[8.15858,58.12354],[8.1664,58.11989],[8.16644,58.1185],[8.16536,58.11791],[8.15949,58.11927],[8.15751,58.11911],[8.15739,58.1182],[8.15463,58.11741],[8.15708,58.11686],[8.15691,58.11558],[8.1529,58.11558],[8.15118,58.11635],[8.14714,58.1167],[8.14792,58.11607],[8.15183,58.11479],[8.15309,58.11524],[8.15488,58.11491],[8.15536,58.11455],[8.15485,58.11359]],[[8.06052,58.13703],[8.06105,58.13795],[8.06231,58.13713]],[[8.19354,58.14629],[8.19243,58.14592],[8.19186,58.14608],[8.19124,58.14753],[8.19236,58.14791],[8.19392,58.14778],[8.19439,58.14714],[8.19354,58.14629]],[[8.0642,58.13723],[8.06542,58.13829],[8.06508,58.14104]],[[8.04392,58.13821],[8.04275,58.13821],[8.04128,58.1394],[8.04167,58.13997],[8.04352,58.13939],[8.04392,58.13821]],[[8.06508,58.14104],[8.06657,58.14167],[8.06955,58.14134],[8.07081,58.14269],[8.07142,58.14208],[8.07562,58.14182],[8.0745,58.14008],[8.07247,58.13958],[8.07115,58.13865],[8.07093,58.1376]],[[8.04669,58.13627],[8.04665,58.138],[8.04547,58.13878],[8.0451,58.13974],[8.04681,58.14042],[8.04662,58.14267],[8.0489,58.14257],[8.05074,58.14107],[8.05267,58.13823],[8.05267,58.1375],[8.05141,58.13653]],[[7.99908,58.14049],[8.00003,58.14099],[8.00169,58.14076],[8.00341,58.13947],[8.00314,58.13841],[8.00398,58.13777],[8.01031,58.13572],[8.01186,58.13436]],[[8.02798,58.14441],[8.02955,58.14427],[8.03057,58.1451],[8.03179,58.14427],[8.03106,58.1439],[8.02804,58.14408]],[[8.01461,58.14367],[8.01605,58.14226],[8.0179,58.14203],[8.01858,58.14386],[8.0194,58.14409],[8.02046,58.14389],[8.0219,58.14278],[8.0255,58.14262],[8.02703,58.1434],[8.02418,58.14609],[8.02474,58.14619],[8.02618,58.14544],[8.02666,58.14629],[8.02761,58.14628]],[[7.9976,58.14185],[8.00105,58.14318],[8.00153,58.14403],[8.00368,58.1441],[8.00317,58.14468],[8.00352,58.14542],[8.00495,58.14619]],[[8.00495,58.14619],[8.00649,58.14572],[8.00831,58.14605],[8.00928,58.14386],[8.01013,58.14338],[8.01135,58.14328],[8.0123,58.14372]],[[8.03126,58.15264],[8.03361,58.15232],[8.03457,58.15161],[8.03266,58.14965],[8.03495,58.14974],[8.03769,58.14908],[8.03867,58.14712],[8.03593,58.14561],[8.03564,58.14457],[8.0345,58.14457],[8.0317,58.1463],[8.02987,58.14606],[8.02777,58.14627]],[[8.19542,58.15993],[8.19443,58.15969],[8.19347,58.16007],[8.19316,58.16139],[8.19154,58.16163],[8.19165,58.16212],[8.19265,58.1622],[8.19529,58.16058]],[[8.03126,58.15264],[8.0309,58.15454]],[[8.11015,58.16008],[8.11163,58.16052],[8.11249,58.15983],[8.1116,58.1581],[8.11684,58.15757],[8.11588,58.15618],[8.11648,58.15547],[8.11972,58.1554],[8.12116,58.15352],[8.12497,58.15319],[8.12562,58.15286],[8.12354,58.15199],[8.12236,58.1527],[8.11999,58.15328],[8.11121,58.15461]],[[8.18563,58.14381],[8.18495,58.14631],[8.18605,58.1463],[8.18808,58.14529],[8.19274,58.1451],[8.1927,58.14551],[8.19031,58.14598],[8.18817,58.14735],[8.18979,58.14712],[8.19032,58.14739],[8.19258,58.15041],[8.19262,58.15195],[8.19351,58.15211],[8.1946,58.15174],[8.19568,58.15365],[8.19461,58.15578],[8.19261,58.15633],[8.18977,58.1561],[8.18838,58.15696],[8.18788,58.15836],[8.18561,58.15873],[8.18479,58.15922],[8.1869,58.1625],[8.18578,58.1633],[8.18804,58.16399],[8.18931,58.16526],[8.19059,58.16548],[8.19499,58.16217]],[[8.04331,58.16391],[8.04281,58.16212],[8.04441,58.16063],[8.04452,58.15911],[8.04369,58.15837],[8.04436,58.15848],[8.0412,58.15739],[8.03552,58.1574],[8.03501,58.15616],[8.03175,58.15631],[8.03138,58.15567],[8.03214,58.155],[8.0309,58.15454]],[[8.08813,58.16607],[8.08769,58.16552],[8.08527,58.16532],[8.08089,58.16815],[8.07846,58.16832],[8.07782,58.1675],[8.07529,58.16676],[8.07498,58.16613],[8.07656,58.16415],[8.07978,58.1624],[8.08004,58.16181],[8.07248,58.16215],[8.07212,58.16367],[8.06737,58.16488],[8.06602,58.16357],[8.06311,58.1631],[8.05943,58.1609],[8.05675,58.1584],[8.05348,58.15658],[8.05137,58.15387],[8.05179,58.15274],[8.0503,58.15275],[8.04979,58.15241],[8.04973,58.15172],[8.05134,58.15005],[8.05062,58.14963],[8.04924,58.15008],[8.04819,58.14936],[8.04954,58.14816],[8.04994,58.1462],[8.05134,58.14525],[8.051,58.14393],[8.05302,58.14256],[8.05341,58.14111],[8.05519,58.13953],[8.05561,58.13836],[8.0576,58.13738],[8.06023,58.13701]],[[8.04368,58.16711],[8.04398,58.16685],[8.04533,58.16721],[8.04646,58.1671],[8.0449,58.16647],[8.04644,58.16504],[8.04777,58.16484],[8.04815,58.16332],[8.05088,58.16267],[8.05107,58.1617],[8.04961,58.16156],[8.04331,58.16391]],[[8.07553,58.17203],[8.07859,58.17152],[8.07974,58.1707],[8.08189,58.17004],[8.08503,58.17017],[8.08662,58.16947],[8.08647,58.16856],[8.0881,58.16731],[8.08813,58.16607]],[[8.07553,58.17203],[8.07306,58.17305],[8.07249,58.17521],[8.07389,58.17495],[8.07621,58.17571],[8.07811,58.17566],[8.08017,58.17514],[8.08227,58.17377],[8.08328,58.1741],[8.08305,58.17466]],[[8.04368,58.16711],[8.04521,58.1674],[8.047,58.16858],[8.04546,58.17011],[8.04563,58.17121],[8.04291,58.17291],[8.04365,58.17411],[8.04238,58.17555],[8.04339,58.17569],[8.04535,58.17503],[8.04866,58.17674],[8.04454,58.17939],[8.04365,58.17938],[8.04,58.18096]],[[8.08155,58.18323],[8.08259,58.18219],[8.08331,58.17871],[8.0794,58.17635],[8.08053,58.17546],[8.08305,58.17466]],[[8.0387,58.18272],[8.03699,58.18288],[8.03652,58.18242],[8.04,58.18096]],[[8.08155,58.18323],[8.08101,58.18389],[8.08155,58.18466],[8.08722,58.18573],[8.08701,58.18739]],[[8.08701,58.18739],[8.08442,58.18953],[8.08148,58.19045],[8.07763,58.19075],[8.07519,58.19054],[8.07193,58.19108],[8.07059,58.19041],[8.06991,58.19054],[8.06949,58.19155],[8.0767,58.1932]],[[8.05435,58.19378],[8.05674,58.19113],[8.0545,58.19004],[8.05018,58.19068],[8.04878,58.19148],[8.04594,58.19202],[8.04437,58.19279],[8.04369,58.19381],[8.04514,58.19387],[8.04816,58.19294],[8.04934,58.19377],[8.05024,58.19543],[8.05122,58.19551],[8.05435,58.19378]],[[8.03684,58.19551],[8.04097,58.19385],[8.04339,58.19042],[8.04575,58.18991],[8.04837,58.18875],[8.05062,58.1842],[8.05003,58.18244],[8.04867,58.18185],[8.04084,58.18317],[8.0387,58.18272]],[[8.03581,58.19671],[8.03614,58.19633],[8.03532,58.19631],[8.03522,58.196],[8.03684,58.19551]],[[8.07664,58.19574],[8.07503,58.19533],[8.07302,58.19594],[8.07048,58.20109]],[[8.04317,58.20071],[8.04402,58.1994],[8.04396,58.19799],[8.04061,58.19897],[8.03897,58.19891],[8.03535,58.19806],[8.03581,58.19671]],[[8.04369,58.20099],[8.04317,58.20071]],[[8.03645,58.22583],[8.04344,58.22234],[8.0439,58.22153],[8.04161,58.2209],[8.04886,58.21731],[8.05036,58.21579],[8.0504,58.21469],[8.04545,58.21221],[8.04469,58.21086],[8.04705,58.20937],[8.04942,58.20939],[8.05027,58.20903],[8.05057,58.20852],[8.04883,58.2081],[8.04932,58.2074],[8.05341,58.20606],[8.05274,58.20517],[8.05322,58.20259],[8.05484,58.20102],[8.05365,58.20043],[8.05144,58.20099],[8.04591,58.20049],[8.04369,58.20099]],[[8.04535,58.22631],[8.04671,58.22344],[8.05298,58.21779],[8.05629,58.21611],[8.0596,58.21547],[8.05969,58.21346],[8.06097,58.2125],[8.06114,58.20988],[8.06605,58.20672],[8.06549,58.2039],[8.07016,58.20164],[8.07048,58.20109]],[[8.03645,58.22583],[8.03075,58.22861],[8.02802,58.22889],[8.02284,58.2314],[8.0257,58.23305],[8.0279,58.23278],[8.02863,58.23422],[8.03052,58.23576],[8.03229,58.23617],[8.03294,58.23486],[8.0361,58.23399],[8.03693,58.23169],[8.03916,58.23131],[8.03917,58.23007],[8.04075,58.22928],[8.0429,58.22954],[8.04446,58.22866],[8.04542,58.22756],[8.04535,58.22631]],[[8.0058,58.06105],[8.00461,58.06102],[8.00348,58.06207],[8.00557,58.06223],[8.00616,58.06188],[8.0058,58.06105]],[[8.02715,58.07108],[8.02658,58.0709],[8.02405,58.0716],[8.02455,58.07243],[8.02717,58.07176],[8.02715,58.07108]],[[8.0176,58.07304],[8.01625,58.07277],[8.01604,58.07338],[8.01668,58.07391],[8.01858,58.07406],[8.01908,58.07374],[8.0176,58.07304]],[[8.15912,58.11278],[8.15708,58.11298],[8.15705,58.11374],[8.15934,58.11401],[8.15912,58.11278]],[[8.06052,58.13703],[8.06023,58.13701]],[[8.04455,58.14],[8.04424,58.1398],[8.04326,58.14014],[8.04379,58.1422],[8.04261,58.14349],[8.04287,58.14381],[8.04426,58.14366],[8.04499,58.14307],[8.04455,58.14]],[[8.02804,58.14408],[8.02798,58.14441]],[[8.02761,58.14628],[8.02777,58.14627]],[[8.10979,58.15614],[8.10724,58.1565],[8.10774,58.15776],[8.11015,58.15763],[8.10979,58.15614]],[[8.11121,58.15461],[8.10391,58.15701],[8.10406,58.15864],[8.10783,58.15872],[8.11015,58.16008]],[[8.08638,58.1616],[8.09132,58.16139],[8.09269,58.16082],[8.09735,58.16159],[8.10232,58.15896],[8.09848,58.15881],[8.0967,58.15934],[8.08868,58.16043],[8.08519,58.16143],[8.08638,58.1616]],[[8.05333,58.18733],[8.05215,58.18722],[8.05035,58.18822],[8.0517,58.18914],[8.05325,58.18875],[8.05333,58.18733]],[[8.04982,58.21183],[8.04946,58.2114],[8.04817,58.2117],[8.04824,58.2106],[8.04739,58.21038],[8.0473,58.21173],[8.04866,58.21223],[8.04982,58.21183]],[[8.49124,58.24422],[8.49054,58.24402],[8.49006,58.24446],[8.49138,58.2458],[8.49306,58.24509],[8.49124,58.24422]],[[8.52041,58.24696],[8.51861,58.24723],[8.51626,58.24606],[8.51611,58.24683],[8.51399,58.24761],[8.51653,58.24907],[8.51814,58.2493],[8.52025,58.24787]],[[8.49664,58.24687],[8.49446,58.24624],[8.49394,58.24639],[8.49394,58.24692],[8.49719,58.24848],[8.49934,58.24831],[8.49664,58.24687]],[[8.52141,58.24965],[8.52071,58.24945],[8.52141,58.24965]],[[8.5198,58.2503],[8.51898,58.25017],[8.51815,58.25057],[8.51961,58.25134]],[[8.48759,58.24973],[8.48649,58.24844],[8.48759,58.24762],[8.48848,58.24752],[8.48804,58.24683],[8.48987,58.24652],[8.4876,58.24586],[8.48722,58.24663],[8.4854,58.24746],[8.48474,58.24875],[8.48241,58.24946]],[[8.49752,58.25023],[8.49649,58.24966],[8.4964,58.25018]],[[8.50148,58.25044],[8.50078,58.25009],[8.50028,58.25037]],[[8.50383,58.25056],[8.50315,58.24963],[8.49994,58.24851],[8.4954,58.249],[8.49309,58.24848],[8.49383,58.25005]],[[8.50644,58.25069],[8.50585,58.25066]],[[8.51807,58.25128],[8.51737,58.25004],[8.51585,58.24905],[8.51421,58.24867],[8.51104,58.24879],[8.50911,58.2464],[8.50786,58.24669],[8.50742,58.24609],[8.50633,58.24633],[8.50492,58.24751],[8.50547,58.24878],[8.50767,58.24737],[8.50879,58.24818],[8.50872,58.24938],[8.50754,58.24873],[8.50625,58.24897],[8.50675,58.25071]],[[8.52612,58.25169],[8.52398,58.24984],[8.52007,58.24885]],[[8.51986,58.25137],[8.52095,58.25143]],[[8.51807,58.25128],[8.51953,58.2518]],[[8.49752,58.25023],[8.49901,58.25109],[8.50028,58.25037]],[[8.50383,58.25056],[8.50337,58.2512],[8.5058,58.25233],[8.50637,58.25201],[8.50585,58.25066]],[[8.49383,58.25005],[8.49256,58.25095],[8.49042,58.251],[8.49331,58.25245],[8.49605,58.25198],[8.49572,58.25136],[8.49715,58.25146],[8.4964,58.25018]],[[8.48241,58.24946],[8.48418,58.25209],[8.48655,58.25238],[8.48927,58.25147],[8.4891,58.2504],[8.48759,58.24973]],[[8.51899,58.25472],[8.52201,58.25476],[8.52387,58.25415],[8.5229,58.25338],[8.52502,58.25325],[8.52371,58.25244],[8.51953,58.2518]],[[8.52873,58.25499],[8.53118,58.25483],[8.53184,58.25382],[8.53055,58.2534],[8.52965,58.25364],[8.52606,58.25519],[8.52632,58.25578],[8.52873,58.25499]],[[8.50148,58.25044],[8.49977,58.25272],[8.49857,58.25329],[8.49872,58.25371],[8.50286,58.25476],[8.50472,58.25596],[8.50875,58.25713],[8.51137,58.25708],[8.51331,58.25744],[8.51149,58.25629],[8.51287,58.25502],[8.51584,58.25489],[8.51608,58.25438],[8.51392,58.25353],[8.51478,58.25296],[8.51665,58.25307],[8.51899,58.25472]],[[8.49278,58.25542],[8.49057,58.25505],[8.49285,58.25663],[8.49362,58.25606],[8.49278,58.25542]],[[8.51204,58.25959],[8.51278,58.25885],[8.51235,58.25854],[8.51081,58.25839],[8.51156,58.25907],[8.51094,58.2593],[8.50915,58.25849],[8.5094,58.25791],[8.50802,58.25767],[8.50821,58.25929],[8.51079,58.25998],[8.51204,58.25959]],[[8.51778,58.26135],[8.51698,58.26005],[8.51733,58.25969],[8.51557,58.2588],[8.51222,58.26041],[8.51303,58.261],[8.51483,58.26136]],[[8.49566,58.26192],[8.49258,58.26135],[8.49056,58.26166],[8.48713,58.25947],[8.48608,58.26008],[8.48904,58.26254],[8.48843,58.26306],[8.48578,58.26334],[8.48325,58.26286],[8.48405,58.26209],[8.48245,58.26087],[8.48076,58.26184]],[[8.51483,58.26136],[8.51532,58.26168],[8.51472,58.26251],[8.51494,58.26364],[8.51694,58.26591]],[[8.51694,58.26591],[8.51985,58.26739]],[[8.49566,58.26192],[8.50009,58.26157],[8.50047,58.25997],[8.5013,58.25975],[8.50395,58.26135],[8.50564,58.2608],[8.5074,58.26162],[8.50659,58.26246],[8.50765,58.26336],[8.51247,58.26573],[8.51272,58.26616],[8.51169,58.26659],[8.51212,58.26722],[8.51428,58.26672],[8.51519,58.26812],[8.51651,58.26825]],[[8.51764,58.26804],[8.51994,58.26885],[8.52107,58.26823],[8.51985,58.26739]],[[8.52848,58.27662],[8.53113,58.27854],[8.53315,58.27872],[8.53444,58.27834],[8.53194,58.27667],[8.534,58.27523],[8.53365,58.2745],[8.53119,58.27404],[8.52994,58.2732],[8.53043,58.27269],[8.53008,58.2719],[8.53158,58.27165],[8.53205,58.27118],[8.52598,58.26841],[8.52723,58.26722],[8.52514,58.26641],[8.52372,58.26466],[8.5213,58.26392],[8.52098,58.26228],[8.52001,58.26133],[8.51856,58.26173],[8.51778,58.26135]],[[8.49721,58.27777],[8.49442,58.27585],[8.49288,58.27566],[8.49108,58.27398],[8.48676,58.27321],[8.48431,58.27229],[8.48321,58.27269],[8.48563,58.27468],[8.48777,58.27539],[8.48979,58.27708],[8.49721,58.27777]],[[8.51828,58.27979],[8.51874,58.28003]],[[8.53756,58.28059],[8.53596,58.28018],[8.53569,58.27938],[8.53431,58.2801],[8.53613,58.28126],[8.53769,58.28148],[8.53756,58.28059]],[[8.51411,58.28132],[8.51514,58.28101],[8.51608,58.2792],[8.51828,58.27979]],[[8.51411,58.28132],[8.51261,58.2817],[8.51081,58.28161],[8.51024,58.28083],[8.50839,58.28009],[8.50609,58.27995],[8.49942,58.27848],[8.49997,58.27906],[8.50676,58.28105],[8.51121,58.28371],[8.51362,58.28398]],[[8.51874,58.28003],[8.51909,58.28092],[8.51735,58.28102],[8.51747,58.28145],[8.51868,58.28141],[8.52095,58.28216],[8.5227,58.28171],[8.52299,58.28092],[8.5244,58.28129],[8.52583,58.28364],[8.52588,58.28414],[8.52506,58.28446],[8.52565,58.28538],[8.52964,58.28567],[8.53168,58.28735],[8.53546,58.28785],[8.53784,58.28595],[8.53794,58.28536],[8.53322,58.28146],[8.53048,58.28048],[8.52869,58.27853],[8.52612,58.27875],[8.52583,58.27845],[8.52764,58.27721],[8.52636,58.27563],[8.5275,58.27575],[8.52848,58.27662]],[[8.5462,58.28974],[8.54677,58.28977],[8.54725,58.29079]],[[8.54193,58.28904],[8.53806,58.28973],[8.53778,58.29023],[8.54017,58.29069],[8.54168,58.29043],[8.54228,58.29],[8.54193,58.28904]],[[8.54725,58.29079],[8.54609,58.29186],[8.54702,58.2926],[8.54875,58.29286],[8.54957,58.29255],[8.55041,58.29287],[8.55401,58.29252],[8.5565,58.29272],[8.55699,58.29236],[8.55593,58.29037],[8.55401,58.29054],[8.55258,58.28892],[8.55255,58.28789],[8.54996,58.28665],[8.54767,58.28644],[8.54545,58.28708],[8.54427,58.28891],[8.54502,58.28997],[8.5462,58.28974]],[[8.51214,58.29208],[8.50952,58.28982],[8.50859,58.28959],[8.509,58.29157],[8.512,58.2928]],[[8.512,58.2928],[8.51326,58.29315],[8.51454,58.29284],[8.51214,58.29208]],[[8.59641,58.29608],[8.59549,58.29581],[8.59215,58.29617],[8.59243,58.29701],[8.59421,58.29841],[8.59574,58.29755],[8.59556,58.29709],[8.59681,58.29664],[8.59641,58.29608]],[[8.57729,58.29758],[8.57724,58.29667],[8.57479,58.29692],[8.57458,58.29838],[8.57561,58.29851],[8.57729,58.29758]],[[8.59927,58.30043],[8.59781,58.30007],[8.59882,58.29903],[8.59825,58.29779],[8.59656,58.29816]],[[8.51561,58.29619],[8.51574,58.29553],[8.51804,58.29384],[8.5164,58.29216],[8.5182,58.29238],[8.51905,58.29191],[8.51951,58.29075],[8.52133,58.29108],[8.52252,58.28952],[8.52374,58.28893],[8.52218,58.28849],[8.52068,58.28938],[8.51803,58.28922],[8.51678,58.28832],[8.51756,58.28778],[8.51909,58.28763],[8.51881,58.286],[8.51699,58.28479],[8.51362,58.28398]],[[8.52847,58.29685],[8.53039,58.29369],[8.52847,58.29213],[8.53018,58.2915],[8.53034,58.29085],[8.52936,58.29012],[8.52571,58.29043],[8.52381,58.29149],[8.5191,58.29637]],[[8.54078,58.29747],[8.53826,58.29673],[8.53745,58.2973]],[[8.54312,58.29759],[8.54573,58.29746],[8.54641,58.29705],[8.54388,58.29489],[8.5419,58.29485],[8.54115,58.29404],[8.53794,58.293],[8.53543,58.29285],[8.53255,58.29171],[8.53278,58.2939],[8.52989,58.29692]],[[8.58989,58.29995],[8.58849,58.29788],[8.58898,58.29657],[8.58976,58.29618],[8.5907,58.29666],[8.59027,58.29841],[8.5927,58.29836],[8.59228,58.29918],[8.59656,58.29816]],[[8.54078,58.29747],[8.54254,58.29826],[8.54312,58.29759]],[[8.5803,58.29993],[8.57916,58.30011],[8.57916,58.30128],[8.57981,58.30159],[8.5812,58.30076],[8.5803,58.29993]],[[8.59545,58.30427],[8.59729,58.3042],[8.60024,58.30335],[8.59654,58.30209],[8.59783,58.30164],[8.59986,58.30172],[8.59927,58.30043]],[[8.55038,58.29915],[8.54793,58.29853],[8.54571,58.29896],[8.54509,58.29983],[8.54753,58.30194],[8.54998,58.30188],[8.55177,58.30073],[8.55201,58.3001],[8.55038,58.29915]],[[8.59013,58.30359],[8.58954,58.30093],[8.58848,58.30016],[8.58711,58.29993],[8.58618,58.30192],[8.58744,58.30281],[8.58899,58.30265],[8.5888,58.30324],[8.58982,58.30439],[8.59036,58.30422],[8.59013,58.30359]],[[8.58989,58.29995],[8.59282,58.30562],[8.59339,58.30608],[8.59517,58.30583]],[[8.57842,58.30301],[8.57739,58.30256],[8.57614,58.30318],[8.57789,58.30536],[8.57944,58.30515],[8.57842,58.30301]],[[8.60073,58.30537],[8.59813,58.3054],[8.59798,58.30598],[8.59889,58.30695],[8.60106,58.30642],[8.60131,58.30574],[8.60073,58.30537]],[[8.51561,58.29619],[8.51611,58.29706],[8.51274,58.29956],[8.51292,58.30163],[8.51406,58.30293],[8.51485,58.30237],[8.51529,58.30063],[8.51693,58.29958],[8.5191,58.29637]],[[8.59508,58.30636],[8.59315,58.30653],[8.59383,58.30729],[8.59487,58.30751]],[[8.59487,58.30751],[8.59802,58.30723],[8.59708,58.30654],[8.59508,58.30636]],[[8.57619,58.30812],[8.57775,58.30803],[8.57759,58.30719],[8.57616,58.30654],[8.57447,58.30637],[8.57473,58.30806],[8.57619,58.30812]],[[8.60069,58.31072],[8.60006,58.31068],[8.59954,58.30975],[8.59868,58.30977],[8.59777,58.3102],[8.59716,58.31152],[8.59987,58.31185],[8.60114,58.31133],[8.60069,58.31072]],[[8.52847,58.29685],[8.52519,58.30066],[8.52356,58.30159],[8.52159,58.30169],[8.52085,58.30244],[8.52215,58.30354],[8.52741,58.30536],[8.53143,58.30854],[8.53209,58.30772],[8.53183,58.30682],[8.52866,58.30443],[8.52778,58.30193],[8.5279,58.29955],[8.52989,58.29692]],[[8.57111,58.30572],[8.57059,58.30539],[8.56994,58.30561],[8.56863,58.30657],[8.56831,58.30766],[8.57171,58.30946],[8.57428,58.3116],[8.57321,58.30691],[8.57111,58.30572]],[[8.60697,58.31053],[8.60607,58.31026],[8.6054,58.31063],[8.60498,58.31196],[8.60839,58.31358],[8.60927,58.31283],[8.60697,58.31053]],[[8.6196,58.3166],[8.61808,58.31639],[8.61947,58.31729]],[[8.60943,58.31708],[8.61208,58.31723],[8.61085,58.31476],[8.60978,58.31511],[8.60856,58.31719],[8.6091,58.31742],[8.60943,58.31708]],[[8.61022,58.31787],[8.60904,58.31757],[8.61125,58.31937],[8.61224,58.319],[8.61231,58.31844],[8.61022,58.31787]],[[8.53745,58.2973],[8.5421,58.29932],[8.53752,58.29981],[8.53738,58.3001],[8.5407,58.30069],[8.54288,58.3028],[8.54349,58.30271],[8.54416,58.3017],[8.54555,58.30312],[8.5468,58.30311],[8.54826,58.30241],[8.55088,58.30292],[8.55134,58.30341],[8.55056,58.30564],[8.54825,58.30762],[8.54761,58.31016],[8.54517,58.31204],[8.54598,58.31315],[8.54998,58.31102],[8.55219,58.30637],[8.55363,58.30502],[8.55648,58.30352],[8.55783,58.30458],[8.56028,58.30549],[8.56154,58.30719],[8.56309,58.30669],[8.56385,58.30692],[8.56554,58.3081],[8.5675,58.30854],[8.56831,58.31004],[8.57095,58.31085],[8.57203,58.31222],[8.57223,58.31473],[8.57479,58.31869],[8.5757,58.32103],[8.57523,58.32136]],[[8.57823,58.31997],[8.5773,58.31985],[8.57732,58.32115],[8.5789,58.32194],[8.57912,58.32038],[8.57823,58.31997]],[[8.61136,58.32565],[8.61276,58.32553],[8.61158,58.32383],[8.60808,58.32547],[8.60736,58.32647],[8.6085,58.32657],[8.61136,58.32565]],[[8.60631,58.32112],[8.60454,58.31853],[8.60335,58.31907],[8.60096,58.31731],[8.59766,58.31742],[8.59728,58.31783],[8.59805,58.31979],[8.59676,58.32019],[8.59762,58.32288],[8.59982,58.32269],[8.59905,58.32204],[8.59864,58.32039],[8.59999,58.32068],[8.602,58.32253],[8.60422,58.32353],[8.60664,58.32273],[8.60702,58.32194],[8.60631,58.32112]],[[8.60839,58.32425],[8.60884,58.32379],[8.61073,58.32373],[8.61075,58.32221],[8.60722,58.32364],[8.6044,58.32409],[8.60429,58.32498],[8.60546,58.32574],[8.60647,58.32571],[8.60856,58.32482],[8.60839,58.32425]],[[8.60705,58.3282],[8.60987,58.32736],[8.60664,58.32691],[8.60646,58.3281],[8.60705,58.3282]],[[8.60321,58.33095],[8.60465,58.33108],[8.60564,58.33049],[8.60495,58.32882],[8.60318,58.32864],[8.60422,58.32671],[8.60138,58.32469],[8.59997,58.32455],[8.59829,58.32346],[8.59768,58.32369],[8.59726,58.32521],[8.59461,58.32721],[8.59929,58.32948],[8.60026,58.32913],[8.60125,58.32931],[8.60094,58.33046],[8.60233,58.33144],[8.60376,58.33139],[8.60321,58.33095]],[[8.57523,58.32136],[8.57928,58.32599],[8.58382,58.32695],[8.58368,58.32794],[8.58502,58.32999],[8.58542,58.33331],[8.58672,58.33333],[8.58613,58.33166],[8.58704,58.33115],[8.589,58.33203],[8.59042,58.33198]],[[8.59042,58.33198],[8.59362,58.33168],[8.59446,58.33199],[8.59361,58.33371],[8.59415,58.33561],[8.59232,58.33627],[8.59297,58.33669],[8.59541,58.33625],[8.59606,58.33666],[8.59537,58.33778],[8.59318,58.33898],[8.59385,58.3396],[8.59489,58.33972],[8.59511,58.34119],[8.59703,58.3416],[8.60107,58.34013],[8.60194,58.34172]],[[8.60127,58.34556],[8.60238,58.34281],[8.60194,58.34172]],[[8.60486,58.35483],[8.60344,58.35296],[8.60509,58.3519],[8.6051,58.35048],[8.60222,58.34812],[8.60127,58.34556]],[[8.60486,58.35483],[8.60599,58.35523],[8.60696,58.3548],[8.60851,58.35516],[8.61146,58.35709],[8.61084,58.35858]],[[8.63334,58.32648],[8.63195,58.32638],[8.63231,58.3274],[8.63337,58.32787],[8.63421,58.32693],[8.63334,58.32648]],[[8.67581,58.33327],[8.67407,58.33348],[8.67447,58.33693],[8.67506,58.33742]],[[8.67506,58.33742],[8.67586,58.33748],[8.67645,58.33682],[8.67612,58.33602],[8.67664,58.33527],[8.67574,58.33446],[8.67659,58.33374],[8.67581,58.33327]],[[8.65718,58.33718],[8.65858,58.33695],[8.66061,58.33523],[8.65787,58.33414],[8.65564,58.33202],[8.65097,58.33269],[8.65139,58.33206],[8.65328,58.33157],[8.65277,58.33098],[8.65196,58.33078],[8.65014,58.33116],[8.6486,58.33196],[8.6489,58.33284],[8.64769,58.33326],[8.64816,58.33407]],[[8.63866,58.33625],[8.63791,58.33575],[8.63701,58.33598],[8.63739,58.33818],[8.63922,58.33816],[8.63866,58.33625]],[[8.64816,58.33407],[8.64786,58.33463],[8.64091,58.33372],[8.64046,58.33395],[8.64061,58.33571],[8.64153,58.33635],[8.6473,58.33777],[8.64677,58.33827],[8.64724,58.33919],[8.64897,58.33931],[8.64902,58.3386],[8.65243,58.3381],[8.65225,58.33747],[8.65393,58.33668],[8.65718,58.33718]],[[8.6894,58.34098],[8.68803,58.3402],[8.68704,58.33676],[8.68527,58.33702],[8.68369,58.33865],[8.68315,58.33772],[8.68205,58.33805],[8.67994,58.33659],[8.67878,58.33653],[8.67901,58.33797],[8.68197,58.33895],[8.68272,58.34015],[8.68638,58.34071],[8.68808,58.34151],[8.68921,58.34146],[8.6894,58.34098]],[[8.63524,58.33846],[8.63622,58.33728],[8.63596,58.33668],[8.63536,58.33685],[8.63543,58.3376],[8.63433,58.33716],[8.63227,58.33722],[8.6316,58.33796],[8.6292,58.33753],[8.62827,58.33795],[8.63127,58.33915],[8.63259,58.33928],[8.63524,58.33846]],[[8.67489,58.33842],[8.6721,58.33763],[8.67433,58.34043],[8.6743,58.3417]],[[8.64458,58.34008],[8.64374,58.34004],[8.64325,58.34162],[8.64545,58.34149],[8.64458,58.34008]],[[8.6635,58.34267],[8.65874,58.34103],[8.65808,58.33967],[8.66015,58.34038],[8.66098,58.34027],[8.66015,58.33842],[8.65515,58.33742],[8.65356,58.33842],[8.65414,58.3389],[8.65383,58.33949],[8.65182,58.33936],[8.65486,58.34103],[8.65453,58.34132],[8.65227,58.34094],[8.65131,58.34118],[8.65122,58.34168],[8.65321,58.34258],[8.65464,58.34271],[8.65839,58.34219],[8.66026,58.34302],[8.66236,58.34311],[8.6635,58.34267]],[[8.6743,58.3417],[8.67547,58.34292],[8.67848,58.34351],[8.67881,58.34298],[8.68037,58.34268],[8.68125,58.34317],[8.6815,58.34429],[8.6842,58.34467],[8.68468,58.34328],[8.68156,58.34179],[8.68167,58.34081],[8.67713,58.3399],[8.67489,58.33842]],[[8.62745,58.3419],[8.62831,58.3426],[8.62859,58.34173],[8.63587,58.34094],[8.63685,58.34195],[8.6339,58.34313],[8.63611,58.34293]],[[8.68507,58.34668],[8.68745,58.34679],[8.68896,58.34648],[8.69067,58.347],[8.69162,58.34638],[8.6913,58.34537],[8.69024,58.34501],[8.68686,58.34551],[8.68311,58.34517],[8.68172,58.34731],[8.68388,58.34802],[8.68507,58.34668]],[[8.65084,58.34804],[8.64997,58.34735],[8.64891,58.34487],[8.64625,58.34355],[8.64452,58.34311],[8.64311,58.34318],[8.64112,58.34242],[8.63847,58.34234],[8.63611,58.34293]],[[8.65084,58.34804],[8.65184,58.34937],[8.652,58.35142],[8.65662,58.35279],[8.65632,58.35358],[8.65403,58.35382],[8.65284,58.35467],[8.65632,58.35515],[8.65878,58.357],[8.66145,58.35742],[8.66189,58.35626],[8.66381,58.35567],[8.66611,58.35604],[8.67101,58.35562],[8.67173,58.35598]],[[8.67532,58.3571],[8.67384,58.35679],[8.67308,58.35739],[8.6751,58.35866],[8.67645,58.35834],[8.67508,58.35791],[8.67532,58.3571]],[[8.7413,58.36745],[8.74178,58.36656],[8.74076,58.36608],[8.73882,58.36657],[8.7366,58.36572],[8.73637,58.36502],[8.73483,58.36522],[8.73531,58.36668],[8.73706,58.36753],[8.74061,58.36787],[8.7413,58.36745]],[[8.61172,58.36011],[8.61165,58.36283],[8.61215,58.36313],[8.61495,58.3634],[8.62159,58.36249],[8.62231,58.35937],[8.62106,58.35839],[8.61923,58.35877],[8.61853,58.35838],[8.61812,58.35698],[8.61958,58.35682],[8.61976,58.35639],[8.61531,58.35416],[8.61326,58.35157]],[[8.73836,58.3685],[8.73773,58.36823],[8.73611,58.36863],[8.7386,58.36972],[8.73898,58.36925],[8.73836,58.3685]],[[8.66979,58.36677],[8.67055,58.36634],[8.67054,58.36564],[8.67359,58.36417],[8.67414,58.36347],[8.67292,58.361],[8.67172,58.36066],[8.67296,58.35995],[8.67294,58.35909],[8.6718,58.35839],[8.67257,58.35781],[8.67173,58.35598]],[[8.74543,58.36863],[8.74134,58.36897],[8.7402,58.3698],[8.74041,58.37076],[8.74276,58.37138],[8.74311,58.3701],[8.74558,58.36965],[8.74491,58.36908],[8.74543,58.36863]],[[8.66979,58.36677],[8.66876,58.36745],[8.66948,58.36853]],[[8.6919,58.36902],[8.69063,58.36889],[8.68965,58.36923],[8.68983,58.37049],[8.6922,58.36941],[8.6919,58.36902]],[[8.66801,58.37075],[8.66938,58.36909]],[[8.69931,58.36995],[8.69834,58.37005],[8.69716,58.37106],[8.6975,58.3726],[8.6996,58.37164],[8.69931,58.36995]],[[8.66801,58.37075],[8.66889,58.37179]],[[8.67662,58.37238],[8.6783,58.37455],[8.67817,58.37538],[8.67619,58.37539],[8.67588,58.37338],[8.67216,58.37135],[8.66889,58.37179]],[[8.74077,58.37756],[8.73914,58.37743],[8.73802,58.37832],[8.7381,58.37896],[8.73947,58.37954],[8.7402,58.37919],[8.73999,58.37811],[8.74077,58.37756]],[[8.74524,58.38234],[8.74362,58.38209],[8.74214,58.38252],[8.74234,58.38355],[8.74488,58.38422],[8.74524,58.38234]],[[8.72616,58.38364],[8.72504,58.38299],[8.72365,58.38335],[8.72539,58.38427],[8.72629,58.38422],[8.72616,58.38364]],[[8.72534,58.38629],[8.72408,58.38609],[8.72318,58.38637],[8.72393,58.38772],[8.7247,58.38771],[8.72547,58.38703],[8.72534,58.38629]],[[8.7033,58.39567],[8.70327,58.39454],[8.70215,58.39346],[8.70264,58.39255],[8.70469,58.39242],[8.70663,58.39383],[8.70831,58.39319],[8.70791,58.39174],[8.70885,58.3913],[8.71146,58.39191],[8.71318,58.39162],[8.71404,58.39092],[8.71519,58.39095],[8.71729,58.39146],[8.71949,58.39262],[8.72441,58.39375],[8.72705,58.39413],[8.72912,58.39347],[8.72413,58.39003],[8.72287,58.39047],[8.72142,58.39026],[8.7196,58.3892],[8.72106,58.38874],[8.72312,58.38972],[8.72384,58.3893],[8.72243,58.3882],[8.72152,58.38829],[8.7179,58.38412],[8.71563,58.38316],[8.71582,58.38195],[8.71519,58.38137],[8.71304,58.38141],[8.71498,58.3792],[8.71337,58.37767],[8.71023,58.37723],[8.70543,58.37368],[8.70263,58.37476],[8.70088,58.37618],[8.69364,58.37641],[8.69306,58.37539],[8.69424,58.37495],[8.6968,58.37264],[8.69503,58.37101],[8.69357,58.37038],[8.6913,58.37069],[8.68859,58.37181],[8.68809,58.37168],[8.68795,58.37133],[8.68914,58.37062],[8.68825,58.36869],[8.68875,58.36662],[8.6858,58.36579],[8.68434,58.36672],[8.68428,58.36903],[8.68185,58.36984],[8.68065,58.36898],[8.67918,58.36903],[8.678,58.37111],[8.6769,58.37063],[8.67577,58.37107],[8.67662,58.37238]],[[8.61679,58.33212],[8.61579,58.33197],[8.61275,58.3297],[8.61149,58.33063],[8.60878,58.33053],[8.60955,58.33145],[8.61179,58.33214],[8.61035,58.33299],[8.61094,58.3352],[8.61376,58.33593],[8.6157,58.33813]],[[8.62745,58.3419],[8.62653,58.34086],[8.62357,58.34221],[8.62232,58.3416],[8.6217,58.33938],[8.62248,58.33889],[8.62681,58.33882],[8.62788,58.33845],[8.62686,58.33722],[8.63148,58.33508],[8.63205,58.33402],[8.63118,58.33381],[8.62884,58.33447],[8.6282,58.33384],[8.62723,58.33371],[8.62482,58.33461],[8.62309,58.33376],[8.62402,58.33323],[8.62444,58.33192],[8.61981,58.33046],[8.61714,58.33134],[8.61756,58.33186],[8.61679,58.33212]],[[8.62222,58.31697],[8.62107,58.31614],[8.6196,58.3166]],[[8.61084,58.35858],[8.61118,58.36],[8.61172,58.36011]],[[8.61947,58.31729],[8.62004,58.31755],[8.62222,58.31697]],[[8.6157,58.33813],[8.61676,58.33835],[8.61836,58.3395],[8.61657,58.34095],[8.61516,58.34114]],[[8.61516,58.34114],[8.6132,58.34101],[8.61363,58.33862],[8.61316,58.33701],[8.61124,58.33585],[8.60947,58.33525],[8.6069,58.33509],[8.60441,58.33392],[8.60172,58.33434],[8.60105,58.33569],[8.60323,58.33551],[8.60395,58.33591],[8.60286,58.33677],[8.60327,58.33734],[8.60459,58.33739],[8.60485,58.33775],[8.6034,58.33892],[8.60522,58.34026],[8.60565,58.34185],[8.60766,58.34369],[8.60874,58.34594]],[[8.61326,58.35157],[8.61171,58.34789],[8.60913,58.34656],[8.60874,58.34594]],[[8.49231,58.24741],[8.49025,58.24672],[8.48984,58.24689],[8.49002,58.24781],[8.491,58.24824],[8.49251,58.24787],[8.49231,58.24741]],[[8.52025,58.24787],[8.52083,58.24743],[8.52041,58.24696]],[[8.52007,58.24885],[8.51934,58.24915],[8.51988,58.24987]],[[8.5198,58.2503],[8.51988,58.24987]],[[8.52771,58.24991],[8.52671,58.24933],[8.52484,58.24961],[8.52557,58.25054],[8.52666,58.25088],[8.52769,58.25053],[8.52771,58.24991]],[[8.51986,58.25137],[8.51961,58.25134]],[[8.52308,58.25154],[8.52215,58.2512],[8.52095,58.25143]],[[8.50644,58.25069],[8.50675,58.25071]],[[8.52308,58.25154],[8.52576,58.25191],[8.52612,58.25169]],[[8.51651,58.26825],[8.51764,58.26804]],[[8.59545,58.30427],[8.59537,58.30475]],[[8.59517,58.30583],[8.59569,58.30534],[8.59537,58.30475]],[[8.53477,58.31092],[8.53393,58.31088],[8.5346,58.31216],[8.5343,58.31284],[8.5359,58.31366],[8.53561,58.31184],[8.53477,58.31092]],[[8.66938,58.36909],[8.66948,58.36853]],[[8.71665,58.38465],[8.71484,58.38383],[8.71373,58.38506],[8.71214,58.38567],[8.71464,58.38754],[8.71657,58.38746],[8.7184,58.386],[8.71665,58.38465]],[[8.98259,58.5442],[8.98326,58.54387],[8.98246,58.54274]],[[8.98219,58.54432],[8.97873,58.54499],[8.98209,58.54492]],[[8.98103,58.5511],[8.98378,58.55138],[8.98517,58.55084],[8.99135,58.55069],[8.99199,58.55034],[8.99122,58.54896],[8.98964,58.549],[8.98804,58.54777],[8.98715,58.54771],[8.987,58.54653],[8.98525,58.54537],[8.9836,58.54463],[8.98209,58.54492]],[[8.98103,58.5511],[8.97492,58.55064],[8.97397,58.55139],[8.9753,58.55184],[8.98082,58.5523]],[[8.99724,58.56242],[8.99981,58.56217],[9.00087,58.56089]],[[9.00474,58.56042],[8.99966,58.55974],[8.99629,58.56042],[8.99566,58.56193],[8.99724,58.56242]],[[8.97423,58.5611],[8.97317,58.56098],[8.97282,58.56157],[8.97329,58.56306],[8.97408,58.56296],[8.97475,58.56176],[8.97423,58.5611]],[[8.95578,58.54294],[8.95676,58.54432],[8.96102,58.54729],[8.96129,58.54885],[8.96505,58.55081],[8.96676,58.55147],[8.96943,58.55108],[8.97114,58.55029],[8.97326,58.55039],[8.97187,58.55087],[8.97178,58.55133],[8.9681,58.55224],[8.96798,58.5533],[8.97053,58.55557],[8.97858,58.55852],[8.97736,58.56005],[8.97888,58.56198],[8.97515,58.5651],[8.97615,58.56627],[8.9772,58.56618],[8.97859,58.56525]],[[8.97784,58.5696],[8.97882,58.56918],[8.97811,58.56858],[8.97913,58.56568],[8.97859,58.56525]],[[8.96662,58.57358],[8.96474,58.57274],[8.96382,58.57299],[8.96483,58.574],[8.96653,58.57459],[8.96701,58.57427],[8.96662,58.57358]],[[8.99415,58.58238],[8.99283,58.58218],[8.99222,58.58311],[8.99334,58.58496],[8.99477,58.58402],[8.995,58.58288],[8.99415,58.58238]],[[8.97784,58.5696],[8.97575,58.56962],[8.97388,58.57126],[8.97374,58.57449],[8.97314,58.57528],[8.97372,58.57714],[8.97488,58.57771],[8.976,58.5799],[8.97488,58.58107],[8.97533,58.58263],[8.97365,58.58425],[8.97376,58.58519],[8.97516,58.58512]],[[8.97516,58.58512],[8.97822,58.58563],[8.97952,58.58529],[8.98665,58.58046],[8.98703,58.57836],[8.98835,58.57648],[8.98701,58.57463],[8.98842,58.57363],[8.99159,58.57287],[8.99267,58.57223],[8.99316,58.57113],[8.99279,58.57006],[8.99524,58.56876],[8.99543,58.56684],[8.9966,58.56549],[8.99624,58.56482],[8.99413,58.56418],[8.99478,58.56171],[8.99369,58.56125],[8.99557,58.5603],[8.99687,58.55743],[9.0002,58.5572]],[[9.00046,58.5554],[8.99867,58.55534],[8.99596,58.55365],[8.99588,58.55292],[8.99351,58.55213],[8.99186,58.55194],[8.99093,58.55281],[8.98781,58.55251],[8.98286,58.55315],[8.98082,58.5523]],[[8.99538,58.58537],[8.99455,58.58531],[8.99308,58.58611],[8.99363,58.58666],[8.99504,58.58636],[8.99538,58.58537]],[[8.93693,58.58193],[8.93576,58.5813],[8.93634,58.58295],[8.93907,58.58478],[8.93899,58.58399],[8.93693,58.58193]],[[8.93151,58.58092],[8.9358,58.58113],[8.92909,58.57683],[8.92798,58.57487],[8.92306,58.57339],[8.92409,58.57571],[8.92235,58.57699],[8.92245,58.57803],[8.92614,58.58233],[8.92659,58.58402],[8.92856,58.5858],[8.93068,58.58498],[8.93017,58.58347],[8.93157,58.58168],[8.93151,58.58092]],[[8.94007,58.58722],[8.93937,58.58537],[8.9386,58.58715]],[[8.94616,58.58751],[8.94375,58.58605],[8.94182,58.58557],[8.94186,58.58627],[8.94345,58.58738]],[[8.96991,58.58863],[8.97067,58.58805],[8.97046,58.5864],[8.96925,58.58632],[8.9668,58.58735],[8.96623,58.58716],[8.97052,58.58468],[8.9705,58.58336],[8.96854,58.58355],[8.96751,58.58325],[8.96788,58.58199],[8.96669,58.579],[8.9668,58.57741],[8.96285,58.5738],[8.95968,58.57235],[8.95731,58.57212],[8.958,58.57077],[8.96272,58.57294],[8.96332,58.57288],[8.9613,58.56929],[8.95953,58.56813],[8.95741,58.56758],[8.95713,58.56671],[8.95793,58.56639],[8.9608,58.56796],[8.96178,58.56794],[8.96222,58.56671],[8.96357,58.56598],[8.96801,58.56517],[8.96624,58.56349],[8.96718,58.56253],[8.97097,58.564],[8.97062,58.5635],[8.97194,58.56287],[8.97128,58.5592],[8.966,58.55497],[8.96716,58.55407],[8.96712,58.55339],[8.96393,58.5521],[8.96152,58.54964],[8.95757,58.54789],[8.95673,58.54663],[8.95047,58.54544],[8.94807,58.54381],[8.94665,58.54402],[8.94601,58.5453],[8.94229,58.54525],[8.94267,58.54459],[8.93922,58.54303],[8.93879,58.54214]],[[8.99718,58.58991],[8.99762,58.58901],[8.99916,58.58818],[8.99921,58.58702],[8.9983,58.58574],[8.99647,58.58527],[8.99602,58.58675],[8.99354,58.58722],[8.99195,58.58681],[8.99196,58.58591],[8.99056,58.58457],[8.98887,58.58383],[8.98758,58.58535],[8.98744,58.58945]],[[9.001,58.56863],[8.99969,58.56862],[8.99989,58.57018],[8.99785,58.57013],[8.99531,58.57371],[8.99686,58.57501],[9.00023,58.57561]],[[9.00024,58.57709],[8.99785,58.57571],[8.99644,58.57546],[8.99773,58.57786],[8.99947,58.5782],[9.00049,58.57767]],[[9.00033,58.57868],[8.99919,58.57912],[8.99837,58.58066],[8.99854,58.58192],[9.0015,58.58568]],[[8.94345,58.58738],[8.94567,58.58877],[8.94632,58.59009],[8.94844,58.58902],[8.94616,58.58751]],[[8.9386,58.58715],[8.93778,58.58735],[8.93743,58.58813],[8.94044,58.59043],[8.94446,58.59035],[8.94329,58.58862],[8.94136,58.58933],[8.93936,58.58873],[8.93922,58.58826],[8.94023,58.58814],[8.94007,58.58722]],[[8.97343,58.59516],[8.97594,58.59442],[8.97697,58.59356],[8.97669,58.59271],[8.97457,58.59108],[8.97569,58.59016],[8.97644,58.59009],[8.97734,58.5907],[8.97897,58.59017],[8.98012,58.59042],[8.98414,58.59351],[8.98785,58.59228],[8.9864,58.59151],[8.98849,58.59007],[8.98744,58.58945]],[[8.96991,58.58863],[8.96534,58.59391],[8.96558,58.59456],[8.96802,58.59534],[8.96763,58.59625],[8.96389,58.59622],[8.95802,58.59439],[8.94896,58.58937],[8.94852,58.58954],[8.94898,58.59052],[8.95063,58.59186],[8.95197,58.592],[8.95232,58.59308],[8.94942,58.59369],[8.94506,58.59092],[8.9447,58.59236],[8.94205,58.59315],[8.94263,58.59408]],[[8.95204,58.59732],[8.95061,58.59732],[8.94986,58.59823],[8.95023,58.59861],[8.95246,58.59827],[8.95204,58.59732]],[[8.94387,58.59855],[8.9447,58.59727],[8.94263,58.59408]],[[8.97343,58.59516],[8.97179,58.59924],[8.97252,58.60044]],[[8.9641,58.60184],[8.96246,58.59878],[8.96027,58.59913],[8.96016,58.59982],[8.95784,58.60073],[8.95818,58.60142],[8.96174,58.60242],[8.96333,58.60263],[8.9641,58.60184]],[[8.95641,58.60052],[8.95733,58.59993],[8.95856,58.59979],[8.95887,58.59927],[8.95723,58.59857],[8.95719,58.59733],[8.95479,58.59678],[8.95315,58.59799],[8.95297,58.60003],[8.9513,58.60005],[8.9527,58.60268],[8.95464,58.60308],[8.95677,58.60248],[8.95798,58.60154],[8.95641,58.60052]],[[8.97177,58.60476],[8.97285,58.60373],[8.97614,58.60341],[8.97528,58.60255],[8.97335,58.60213],[8.97348,58.60123],[8.97252,58.60044]],[[8.99718,58.58991],[8.99541,58.59055],[8.99663,58.59172],[8.99568,58.59396],[9.00101,58.59382]],[[8.94387,58.59855],[8.94403,58.59994],[8.94126,58.60304],[8.94271,58.60459],[8.94125,58.60777],[8.94037,58.60877],[8.9371,58.61045],[8.93738,58.61251],[8.93895,58.61388],[8.93659,58.6158],[8.93799,58.61628],[8.93697,58.61787],[8.93482,58.6194]],[[8.93482,58.6194],[8.93176,58.6215],[8.93147,58.62292],[8.93266,58.62315]],[[8.93266,58.62315],[8.93329,58.62223],[8.93536,58.62104],[8.93676,58.62107],[8.93907,58.62041],[8.93999,58.62071],[8.94563,58.6206],[8.94747,58.62123],[8.95244,58.62557],[8.95406,58.62634],[8.95503,58.62618],[8.95581,58.62443],[8.9547,58.62154],[8.9515,58.61855],[8.95077,58.61478],[8.94822,58.61537],[8.94546,58.61339],[8.94661,58.60943],[8.94756,58.60862],[8.95064,58.60998],[8.95216,58.60897],[8.95373,58.60967],[8.95387,58.6105],[8.95483,58.61045],[8.95536,58.60964],[8.95434,58.60745],[8.95498,58.60725],[8.95613,58.6053],[8.96044,58.60297],[8.96127,58.60308],[8.96411,58.60486],[8.96874,58.60417],[8.96979,58.60465],[8.96915,58.60519],[8.97105,58.60555],[8.97177,58.60476]],[[8.9974,58.67996],[8.99232,58.67674],[8.99055,58.67669],[8.98798,58.67533],[8.98703,58.6743],[8.98228,58.67157],[8.98076,58.66999],[8.9814,58.66976],[8.98652,58.67098],[8.99427,58.6718],[8.99999,58.67309],[9.00154,58.67312]],[[9.00371,58.67155],[8.99716,58.66724],[8.99825,58.66655],[9.00189,58.66741]],[[8.98219,58.54432],[8.98259,58.5442]],[[8.99216,58.54465],[8.99241,58.54422],[8.99117,58.5439],[8.99017,58.54456]],[[8.99017,58.54456],[8.98961,58.54576],[8.99048,58.54637],[8.99166,58.54614],[8.9912,58.54551],[8.99216,58.54465]],[[9.00191,58.61228],[8.99942,58.61204],[8.99789,58.61142],[8.99888,58.61056],[8.99231,58.61155],[8.99418,58.61264],[9.00483,58.61432]],[[8.9974,58.67996],[8.99926,58.68237],[9.00048,58.68265]]]}}]}