{"type":"FeatureCollection","features":[{"type":"Feature","properties":{},"geometry":{"type":"MultiLineString","coordinates":[[[9.96575,58.97667],[9.96813,58.97619],[9.9713,58.97248],[9.97034,58.971],[9.97118,58.96872],[9.96904,58.9687],[9.96857,58.96822],[9.96872,58.96765],[9.97111,58.96755]],[[10.00052,58.97197],[9.99961,58.9721],[9.99897,58.97303],[9.99945,58.9721],[9.998,58.97249],[9.99803,58.9736],[9.99713,58.97449],[9.99523,58.97524],[9.99496,58.97483],[9.99279,58.9754],[9.99232,58.97507],[9.99341,58.97424],[9.99354,58.96972],[9.9921,58.9703],[9.99241,58.97158],[9.98932,58.97413],[9.98885,58.97407],[9.98931,58.97151],[9.98869,58.97149],[9.98808,58.97267],[9.98802,58.97057],[9.98695,58.97088],[9.98662,58.97058],[9.98591,58.9718],[9.98671,58.97265],[9.98642,58.97436],[9.98594,58.9746],[9.98507,58.97438],[9.985,58.97537],[9.98562,58.97601],[9.98764,58.97553],[9.9886,58.97658],[9.98639,58.97872]],[[9.96575,58.97667],[9.96517,58.97806],[9.96628,58.97934],[9.96638,58.98076],[9.96853,58.98235],[9.97115,58.98241],[9.97064,58.98386],[9.97455,58.98428],[9.98026,58.98392],[9.98237,58.98333]],[[9.98237,58.98333],[9.98272,58.98278],[9.98206,58.98153],[9.984,58.97964],[9.9858,58.97944],[9.98639,58.97872]],[[9.84839,59.00013],[9.85052,58.99953],[9.84944,58.99923],[9.84906,58.9984],[9.85023,58.99754],[9.85162,58.99718],[9.85278,58.99806],[9.85427,58.99792],[9.85464,58.99598],[9.8562,58.99551],[9.85719,58.99577],[9.85805,58.99556]],[[9.86654,58.97002],[9.86498,58.9711],[9.8653,58.97243],[9.86348,58.97334],[9.8658,58.97501]],[[9.90176,58.968],[9.90277,58.96658],[9.90233,58.9663],[9.88998,58.96826],[9.88868,58.96993],[9.88932,58.97077],[9.88874,58.97228],[9.88648,58.97338],[9.88506,58.97357],[9.87938,58.97287],[9.87782,58.97452],[9.87573,58.9752],[9.87273,58.97518],[9.87072,58.97602],[9.86822,58.97575],[9.8658,58.97501]],[[9.92663,58.97854],[9.92588,58.97745],[9.92713,58.97375],[9.92773,58.96889],[9.9311,58.96539],[9.93209,58.9658],[9.93293,58.97108],[9.93393,58.97074],[9.93586,58.96667],[9.93939,58.96381],[9.94205,58.96387],[9.94344,58.96333],[9.94559,58.9633],[9.9466,58.96442],[9.94645,58.96574],[9.94772,58.96682],[9.94758,58.96742]],[[9.90384,58.97028],[9.90898,58.97186],[9.9104,58.97058],[9.91157,58.97028],[9.91444,58.97211],[9.91591,58.97222],[9.91609,58.97099],[9.91838,58.96954],[9.92007,58.97018],[9.92102,58.97011],[9.92167,58.96891],[9.92269,58.96852],[9.9235,58.97027],[9.9225,58.97218],[9.92341,58.97496],[9.91981,58.97918],[9.92322,58.98005],[9.92456,58.97988],[9.92601,58.97912]],[[9.84194,58.98052],[9.84107,58.98016],[9.83832,58.98128],[9.83727,58.98116],[9.83718,58.98022],[9.83829,58.97956],[9.83749,58.97809],[9.83509,58.97858],[9.8337,58.97828],[9.83284,58.97618],[9.83197,58.97668],[9.82802,58.97456],[9.82585,58.97448],[9.82487,58.97617]],[[9.81471,58.97862],[9.81151,58.97925],[9.81039,58.98051],[9.81419,58.9795],[9.81471,58.97862]],[[9.80736,58.97842],[9.80714,58.97741],[9.80607,58.97803],[9.80473,58.97778],[9.80367,58.97911],[9.80293,58.98113],[9.80333,58.98254],[9.80444,58.9835],[9.80431,58.98507],[9.80534,58.98448],[9.80785,58.98076],[9.80736,58.97842]],[[9.8419,58.98659],[9.84322,58.98576],[9.84247,58.98394],[9.84116,58.98341],[9.83947,58.98395],[9.84032,58.98272],[9.84249,58.98186],[9.84194,58.98052]],[[9.8419,58.98659],[9.83956,58.98868],[9.84415,58.98883]],[[9.84415,58.98883],[9.84555,58.98957],[9.85338,58.98899],[9.85577,58.9902],[9.8577,58.99251]],[[9.8577,58.99251],[9.85764,58.99379],[9.85872,58.99439],[9.85805,58.99556]],[[9.82129,58.9974],[9.82103,58.99632],[9.82003,58.99608],[9.8193,58.99717],[9.81797,58.99683],[9.81728,58.99714],[9.81738,58.99869],[9.81829,58.99899],[9.82163,58.99841],[9.82129,58.9974]],[[9.77889,58.9995],[9.77808,58.99896],[9.77896,58.99759],[9.77757,58.99762],[9.77725,58.99705],[9.77866,58.99335],[9.77591,58.99319]],[[9.77748,59.00316],[9.77889,58.9995]],[[9.81782,59.0012],[9.81666,58.99827],[9.81449,58.99543],[9.81117,58.99615],[9.80728,58.99762],[9.80608,58.99979],[9.80678,59.00042]],[[9.80282,59.00164],[9.80686,58.99746],[9.80553,58.9974],[9.80434,58.99828],[9.80366,58.99699],[9.80614,58.9962],[9.80863,58.99421],[9.80814,58.99315],[9.80336,58.99196],[9.80094,58.9926],[9.80055,58.99374],[9.79906,58.99262],[9.79723,58.9929],[9.79364,58.99615],[9.79213,58.99836],[9.79231,58.99951],[9.79368,59.00047]],[[9.88616,58.96393],[9.88397,58.96385],[9.88338,58.96424],[9.88523,58.96494],[9.88616,58.96393]],[[9.8665,58.9692],[9.86664,58.96938]],[[9.77591,58.99319],[9.77298,58.99691],[9.77272,58.9995]],[[9.77272,58.9995],[9.77264,59.00028]],[[9.93533,58.93904],[9.93604,58.93884],[9.93695,58.93917],[9.93735,58.93882],[9.93713,58.93752],[9.93618,58.93697],[9.93456,58.93742],[9.93399,58.93799],[9.93431,58.93967],[9.93533,58.93904]],[[9.86918,58.9523],[9.86857,58.95194],[9.86811,58.95236],[9.86882,58.95474]],[[9.86882,58.95474],[9.86955,58.95523],[9.87097,58.95465],[9.86918,58.9523]],[[9.86445,58.95488],[9.86282,58.95444],[9.86233,58.95357],[9.86155,58.95366],[9.8613,58.95536],[9.86337,58.9565],[9.86436,58.95575],[9.86445,58.95488]],[[9.88532,58.96101],[9.88653,58.96046],[9.88738,58.96067],[9.88795,58.9597],[9.88896,58.95947],[9.88973,58.95971],[9.88947,58.96062],[9.89295,58.96073],[9.89414,58.95956],[9.89412,58.95825],[9.89477,58.95792],[9.89719,58.9579],[9.8974,58.95746],[9.89406,58.95755],[9.89072,58.95875],[9.88726,58.95855],[9.88645,58.95912],[9.8868,58.9596],[9.88551,58.96009],[9.88429,58.95905],[9.88131,58.95912],[9.8799,58.96059],[9.88071,58.96241],[9.88365,58.96196],[9.88532,58.96101]],[[9.95448,58.96441],[9.95368,58.96429],[9.95233,58.96522],[9.95328,58.96579],[9.95432,58.96551]],[[9.97111,58.96755],[9.9722,58.96758],[9.97284,58.96677],[9.9729,58.96585],[9.97219,58.96522],[9.97147,58.96618],[9.97145,58.96539],[9.97049,58.96523],[9.97004,58.96457],[9.96864,58.96467],[9.9674,58.96529],[9.96521,58.96469],[9.96267,58.9651],[9.96328,58.96268],[9.96247,58.96208],[9.96041,58.96247],[9.95826,58.96486],[9.9542,58.96631]],[[9.94758,58.96742],[9.94884,58.96766]],[[9.9542,58.96631],[9.95401,58.96586],[9.95258,58.96598],[9.95084,58.96506],[9.94896,58.96604],[9.94884,58.96766]],[[9.86769,58.968],[9.86923,58.96743],[9.86883,58.96591],[9.86932,58.96552],[9.86737,58.96448]],[[9.90176,58.968],[9.90514,58.96651],[9.90774,58.96609],[9.90586,58.9675],[9.90583,58.96887],[9.90384,58.97028]],[[9.86669,58.96905],[9.86714,58.96909],[9.86769,58.968]],[[9.86654,58.97002],[9.8671,58.96967],[9.86664,58.96938]],[[9.86737,58.96448],[9.86645,58.96394],[9.86535,58.96388],[9.86191,58.96486],[9.85944,58.96381],[9.85911,58.96339],[9.86189,58.96165],[9.86288,58.96025],[9.86093,58.95982],[9.85999,58.95846],[9.85816,58.95811],[9.85714,58.96077],[9.85371,58.96035],[9.85152,58.96113],[9.85086,58.96204],[9.8511,58.96349],[9.85276,58.96427],[9.85275,58.96604],[9.84948,58.96641],[9.84842,58.96781],[9.84604,58.96843],[9.84492,58.9681],[9.84379,58.96662],[9.84277,58.96726],[9.84112,58.96725],[9.84019,58.96783],[9.83796,58.96724],[9.83548,58.96926],[9.82966,58.96956],[9.82491,58.97079],[9.8225,58.97192],[9.81724,58.97617],[9.82012,58.97635],[9.8222,58.97729],[9.82429,58.9768],[9.82487,58.97617]],[[9.87807,58.94666],[9.87625,58.94635],[9.87753,58.94781],[9.8787,58.94788],[9.87807,58.94666]],[[9.8953,58.94792],[9.89366,58.94805],[9.89299,58.94878],[9.89397,58.94971],[9.89527,58.94873],[9.8953,58.94792]],[[9.89006,58.95148],[9.88902,58.95137],[9.89009,58.95079],[9.88925,58.95052],[9.88715,58.95217],[9.8884,58.9523],[9.89006,58.95148]],[[9.95432,58.96551],[9.95504,58.96483],[9.95448,58.96441]],[[9.86669,58.96905],[9.8665,58.9692]],[[9.36537,58.77142],[9.36608,58.77102]],[[9.36759,58.77016],[9.37025,58.77044],[9.37228,58.77115],[9.37191,58.77215],[9.37372,58.77143],[9.37371,58.77254],[9.37175,58.77232],[9.37113,58.77292],[9.37439,58.77341],[9.37474,58.77454],[9.37359,58.77523],[9.37448,58.77588],[9.37544,58.7758]],[[9.38459,58.77882],[9.38488,58.77818],[9.38639,58.77785],[9.38619,58.77743],[9.38127,58.77858],[9.38354,58.77907],[9.38459,58.77882]],[[9.39433,58.78583],[9.39647,58.78651],[9.39773,58.78604],[9.3963,58.7852],[9.3935,58.78479],[9.39241,58.78409],[9.39076,58.78423],[9.39214,58.78633],[9.39433,58.78583]],[[9.38511,58.78751],[9.38588,58.7863],[9.38541,58.78572],[9.38872,58.78533],[9.38982,58.7841],[9.38855,58.78298],[9.3858,58.78368],[9.38648,58.78293],[9.38535,58.78231],[9.38634,58.78078],[9.38395,58.78062],[9.38319,58.78153],[9.38021,58.78023],[9.38049,58.77928],[9.3798,58.77799],[9.38227,58.77826],[9.38411,58.77746],[9.38187,58.7769],[9.38339,58.7763],[9.38199,58.77565],[9.38286,58.77485],[9.38089,58.77356],[9.37999,58.7745],[9.38082,58.77473],[9.38058,58.7751],[9.37755,58.77576],[9.37935,58.77591],[9.37725,58.77617],[9.37544,58.7758]],[[9.37176,58.76989],[9.36962,58.76896]],[[9.36866,58.76953],[9.37243,58.77099],[9.37176,58.76989]],[[9.57204,58.85025],[9.57475,58.85148],[9.5752,58.85283],[9.57476,58.85445]],[[9.5753,58.84691],[9.57007,58.84299],[9.56233,58.84012]],[[9.55676,58.83989],[9.56558,58.84386],[9.56702,58.84498],[9.57069,58.85016],[9.57204,58.85025]],[[9.53705,58.85011],[9.53872,58.85011],[9.53868,58.84958],[9.54075,58.84924],[9.539,58.84867],[9.53727,58.84868]],[[9.53727,58.84868],[9.53438,58.84796],[9.53293,58.8482],[9.53106,58.84933],[9.53255,58.84999],[9.53705,58.85011]],[[9.58548,58.85358],[9.58209,58.85072],[9.5753,58.84691]],[[9.53586,58.85764],[9.54021,58.85835],[9.54084,58.85797],[9.53931,58.85647],[9.53734,58.85576],[9.53615,58.8558]],[[9.57476,58.85445],[9.57337,58.85624],[9.57048,58.85696],[9.57085,58.85815],[9.57355,58.85897],[9.57601,58.85877],[9.57682,58.85946],[9.57968,58.8599],[9.5816,58.8608],[9.58197,58.86146],[9.58727,58.86337]],[[9.53512,58.86228],[9.53683,58.86149],[9.53536,58.8608]],[[9.5348,58.86431],[9.54047,58.8655],[9.5425,58.86361],[9.53932,58.86189],[9.53518,58.86271]],[[9.55121,58.8661],[9.55127,58.86584],[9.5526,58.86609],[9.55344,58.86576],[9.55277,58.86457],[9.55533,58.86427],[9.55576,58.86333],[9.55298,58.86305],[9.55081,58.86327],[9.55034,58.86247],[9.54647,58.86264],[9.5459,58.86318],[9.54627,58.86368],[9.54928,58.86452],[9.54477,58.86443],[9.54478,58.8654],[9.54578,58.86614],[9.54868,58.86745],[9.54951,58.86738],[9.55121,58.8661]],[[9.55632,58.86948],[9.55333,58.8682],[9.55153,58.86817],[9.55171,58.86864],[9.55332,58.86923],[9.55459,58.86906],[9.55595,58.86985],[9.55632,58.86948]],[[9.54949,58.87399],[9.5535,58.87462],[9.55466,58.87405],[9.55169,58.87271],[9.54914,58.873],[9.54654,58.87225],[9.54533,58.87265],[9.5468,58.87369],[9.54518,58.87384],[9.54629,58.87461],[9.54918,58.87489],[9.54955,58.87455],[9.54899,58.8741],[9.54949,58.87399]],[[9.54123,58.87462],[9.54383,58.87343],[9.54144,58.87259],[9.54138,58.87218],[9.54416,58.87267],[9.54453,58.8724],[9.54164,58.87135],[9.53921,58.8712],[9.53818,58.87209],[9.53881,58.87303],[9.53565,58.87323],[9.53627,58.8739],[9.53974,58.87442]],[[9.53974,58.87442],[9.53949,58.87473],[9.53321,58.87435]],[[9.56961,58.87813],[9.57319,58.87822],[9.57435,58.87753],[9.57383,58.87695],[9.57272,58.877],[9.57147,58.87644],[9.56799,58.87619],[9.56229,58.87502],[9.56123,58.87497],[9.55947,58.87606],[9.55488,58.87552],[9.55225,58.87602],[9.55971,58.87701],[9.56072,58.87662],[9.56231,58.87671],[9.56961,58.87813]],[[9.56597,58.88026],[9.56969,58.87923],[9.56362,58.87814],[9.55837,58.87792],[9.55401,58.87723],[9.55097,58.87646],[9.54163,58.87506],[9.54123,58.87462]],[[9.55355,58.88285],[9.55465,58.88302],[9.55822,58.88255],[9.56424,58.88359],[9.56762,58.88349],[9.56918,58.8824],[9.57128,58.88225],[9.57235,58.88125],[9.57428,58.88136],[9.5762,58.88052],[9.57603,58.88006],[9.57389,58.87987],[9.57236,58.88055],[9.56613,58.88175],[9.56601,58.88129],[9.56779,58.88086],[9.56597,58.88026]],[[9.58073,58.88385],[9.58186,58.8834],[9.58286,58.88403],[9.58433,58.88412],[9.58467,58.88276],[9.58557,58.88222],[9.58713,58.88284],[9.58782,58.88245],[9.58385,58.88141],[9.58331,58.88163],[9.58355,58.88245],[9.58267,58.88272],[9.58134,58.88141],[9.57845,58.88084],[9.57578,58.8819],[9.57332,58.88197],[9.57138,58.8832],[9.57404,58.88377],[9.57671,58.88372],[9.5789,58.88435],[9.58073,58.88385]],[[9.54607,58.88362],[9.53747,58.88159],[9.53607,58.88026],[9.53692,58.87931],[9.53261,58.87814]],[[9.55366,58.88405],[9.54865,58.88281],[9.54531,58.88268],[9.54371,58.88185],[9.54997,58.88187],[9.5515,58.88268],[9.55355,58.88285]],[[9.5649,58.88523],[9.56435,58.88521]],[[9.61292,58.88724],[9.613,58.88644],[9.60971,58.88373],[9.60796,58.88105],[9.60101,58.87741],[9.59715,58.87172],[9.59448,58.8704],[9.59281,58.86663],[9.59039,58.8658],[9.59019,58.86492],[9.58897,58.86404]],[[9.54254,58.88428],[9.53932,58.88272],[9.53726,58.88341],[9.53758,58.88407]],[[9.54477,58.88438],[9.54504,58.88411],[9.54623,58.88423],[9.54607,58.88362]],[[9.54862,58.88454],[9.54857,58.88417]],[[9.61409,58.88729],[9.61559,58.88632],[9.61561,58.88528],[9.61286,58.88104],[9.60917,58.87689],[9.60946,58.87533],[9.61074,58.87447],[9.60856,58.8729],[9.60858,58.8721],[9.60997,58.87182],[9.60881,58.86909],[9.60759,58.86858],[9.605,58.86883],[9.60308,58.86811],[9.59668,58.86106],[9.59046,58.85787],[9.58619,58.85469],[9.58548,58.85358]],[[9.54254,58.88428],[9.54497,58.88493],[9.54477,58.88438]],[[9.55849,58.88656],[9.55942,58.88593],[9.5574,58.88491]],[[9.54862,58.88454],[9.54825,58.88512],[9.54654,58.8851],[9.54662,58.88619],[9.55076,58.88675],[9.5498,58.88627],[9.55057,58.88552],[9.54992,58.8846]],[[9.56435,58.88521],[9.56328,58.88577],[9.5644,58.88636],[9.56976,58.88765],[9.57067,58.88748],[9.57062,58.88703],[9.5681,58.88683],[9.56808,58.88596],[9.5649,58.88523]],[[9.56103,58.88866],[9.56093,58.88825],[9.56192,58.88807],[9.56374,58.88869],[9.56487,58.88859],[9.56154,58.88662],[9.56002,58.88719],[9.55835,58.88724],[9.55849,58.88656]],[[9.53758,58.88407],[9.54274,58.88752],[9.54573,58.88855],[9.54833,58.88871],[9.5488,58.88833],[9.55321,58.88937],[9.55291,58.88838],[9.55515,58.8879]],[[9.55515,58.8879],[9.55708,58.88783],[9.55703,58.88889],[9.5579,58.88959]],[[9.59075,58.89102],[9.58661,58.89151],[9.58995,58.89253],[9.59049,58.89307],[9.59257,58.89283],[9.59361,58.89172],[9.59075,58.89102]],[[9.57171,58.89095],[9.57098,58.8909],[9.56659,58.88766],[9.56571,58.88741],[9.5643,58.88786],[9.56456,58.88823],[9.56557,58.88817],[9.5688,58.89063],[9.56932,58.89213],[9.57046,58.89219],[9.57171,58.89095]],[[9.5579,58.88959],[9.56071,58.89151],[9.56569,58.89337],[9.56809,58.89303],[9.56834,58.89234],[9.56673,58.89216],[9.5655,58.8914],[9.5651,58.89086],[9.56572,58.89046],[9.56502,58.88986],[9.56217,58.8894],[9.56103,58.88866]],[[9.53137,58.886],[9.53203,58.88622],[9.53192,58.88682],[9.5341,58.88746],[9.53482,58.88818],[9.54036,58.8906],[9.54185,58.8908],[9.5423,58.88993],[9.54706,58.89388],[9.54739,58.89483],[9.5484,58.89488],[9.54742,58.89403],[9.54825,58.89385],[9.55112,58.89491],[9.54779,58.89165],[9.54541,58.89169],[9.54491,58.89135],[9.54544,58.89084],[9.54421,58.88936],[9.53851,58.8879],[9.53168,58.88404]],[[9.59207,58.89587],[9.5908,58.89558],[9.5894,58.89646],[9.58843,58.89657],[9.58857,58.89706],[9.58958,58.89743],[9.59127,58.89686],[9.59207,58.89587]],[[9.57377,58.89382],[9.57234,58.89479],[9.57027,58.8943],[9.56872,58.89493],[9.5692,58.89565],[9.56861,58.89653],[9.56948,58.89729],[9.57082,58.89774],[9.5723,58.89747],[9.5729,58.89775]],[[9.5729,58.89775],[9.57731,58.90081],[9.57911,58.90139],[9.58355,58.89968],[9.58543,58.90003]],[[9.65669,58.90336],[9.65412,58.90159],[9.64817,58.89982],[9.65014,58.89887],[9.6469,58.89762],[9.64713,58.89648],[9.64457,58.89522],[9.64661,58.89387],[9.64697,58.89296],[9.64519,58.89307],[9.64484,58.89383],[9.64356,58.89338],[9.64405,58.89557],[9.63967,58.89595],[9.63901,58.89665],[9.64065,58.90141],[9.63877,58.90267],[9.63887,58.90377],[9.64389,58.90296],[9.64745,58.9019],[9.65145,58.90289],[9.6534,58.90488],[9.65603,58.90614],[9.65743,58.90585],[9.65669,58.90336]],[[9.58559,58.90218],[9.58476,58.90174],[9.58307,58.90237],[9.58478,58.9033],[9.58559,58.90218]],[[9.66411,58.90605],[9.66213,58.90542],[9.66126,58.90555],[9.66201,58.90623],[9.66469,58.90699],[9.66504,58.90678],[9.66411,58.90605]],[[9.58543,58.90003],[9.5882,58.9018],[9.59052,58.90266],[9.59222,58.90464],[9.59447,58.90537],[9.59552,58.90526],[9.59605,58.9047],[9.59516,58.90381],[9.59504,58.90198],[9.5938,58.90126],[9.59064,58.90175],[9.58825,58.89766],[9.58533,58.89601],[9.58876,58.89356],[9.58883,58.89294],[9.58704,58.89273],[9.58525,58.89302],[9.58348,58.89188],[9.5817,58.89169],[9.57898,58.89248],[9.57644,58.89162],[9.57401,58.89199],[9.57382,58.89341]],[[9.57928,58.90418],[9.57705,58.90394],[9.57561,58.90464],[9.57611,58.90595],[9.57797,58.90698],[9.58048,58.90634],[9.57928,58.90418]],[[9.59945,58.90565],[9.59867,58.90556],[9.59657,58.90693],[9.59686,58.90759],[9.59945,58.9083],[9.60079,58.90725],[9.59945,58.90565]],[[9.52879,58.90229],[9.52988,58.90246],[9.5332,58.90542],[9.53449,58.90586],[9.54244,58.90579],[9.54188,58.90441],[9.53956,58.90353],[9.53868,58.90262],[9.54004,58.90181],[9.53348,58.90171],[9.52914,58.90007]],[[9.56106,58.90269],[9.55742,58.90341],[9.55655,58.90502],[9.55832,58.90793],[9.56202,58.90922],[9.56366,58.90927],[9.56442,58.90889],[9.56397,58.90697],[9.56693,58.9058],[9.56106,58.90269]],[[9.60789,58.91181],[9.60573,58.91099],[9.60568,58.90967],[9.60396,58.90793],[9.60164,58.90785],[9.60018,58.90901],[9.60247,58.91126],[9.6059,58.91158],[9.60746,58.91233],[9.60814,58.91219],[9.60789,58.91181]],[[9.56261,58.91199],[9.56078,58.9094],[9.55814,58.90902],[9.55858,58.91132],[9.55926,58.9119],[9.56261,58.91199]],[[9.62087,58.91709],[9.62037,58.91592],[9.61816,58.91586],[9.61775,58.91645],[9.6183,58.91713],[9.62049,58.91733],[9.62087,58.91709]],[[9.52698,58.91371],[9.53557,58.914],[9.54006,58.9137],[9.54295,58.91303],[9.5497,58.91091],[9.55221,58.90881],[9.55268,58.90779],[9.55002,58.90712],[9.54722,58.90708],[9.54523,58.90642],[9.54514,58.90605],[9.55162,58.90667],[9.55317,58.90489],[9.55378,58.90502],[9.55348,58.90559],[9.55416,58.9065],[9.55519,58.906],[9.5551,58.90453],[9.55402,58.90439],[9.55432,58.90374],[9.55218,58.9019],[9.55332,58.90074],[9.55346,58.8994],[9.55251,58.89835],[9.54757,58.8968],[9.54699,58.89692],[9.54622,58.89728],[9.54713,58.8985],[9.54711,58.90043],[9.54505,58.90057],[9.54345,58.89928],[9.54353,58.89815],[9.54545,58.89677],[9.54527,58.89607],[9.54271,58.89505],[9.53945,58.89246],[9.53601,58.89134],[9.53537,58.89187],[9.53404,58.89162]],[[9.69208,58.92022],[9.69065,58.91986],[9.68968,58.92025],[9.69246,58.92239],[9.69331,58.92243],[9.69395,58.92103],[9.69208,58.92022]],[[9.61305,58.91962],[9.61023,58.9195],[9.60949,58.92045],[9.61267,58.92206]],[[9.68891,58.92329],[9.68807,58.92332],[9.68778,58.92373],[9.69117,58.92583],[9.69165,58.92513],[9.68891,58.92329]],[[9.61267,58.92206],[9.61519,58.92277],[9.61406,58.9203],[9.61305,58.91962]],[[9.63716,58.92418],[9.63541,58.92394],[9.63512,58.92417],[9.63634,58.92554],[9.63901,58.92633],[9.63955,58.92574],[9.63716,58.92418]],[[9.53736,58.92422],[9.54488,58.922],[9.54728,58.92007],[9.54599,58.91968],[9.54057,58.9196],[9.53589,58.92031],[9.53498,58.92235],[9.53626,58.92345],[9.5359,58.9239]],[[9.61204,58.92607],[9.61105,58.92591],[9.61026,58.92633],[9.61177,58.9278]],[[9.61177,58.9278],[9.61308,58.92827],[9.61455,58.92739],[9.61344,58.9264],[9.61204,58.92607]],[[9.5359,58.9239],[9.53511,58.92326],[9.53335,58.92335],[9.53082,58.92427],[9.53089,58.92567],[9.53018,58.92612],[9.53067,58.92656],[9.53236,58.92676],[9.53282,58.92633],[9.53627,58.92541],[9.53717,58.92502],[9.53736,58.92422]],[[9.56013,58.92496],[9.5667,58.92335],[9.56928,58.92376],[9.57381,58.92336],[9.57633,58.92021],[9.57588,58.91965],[9.57442,58.91958],[9.57253,58.92045],[9.57036,58.92005],[9.56178,58.91987],[9.56071,58.92012],[9.55954,58.92171],[9.556,58.92138],[9.55448,58.92234],[9.55537,58.9241],[9.55224,58.92419],[9.55163,58.92645],[9.55689,58.92581],[9.56013,58.92496]],[[9.54855,58.92396],[9.54749,58.92391],[9.54481,58.92543],[9.54486,58.92638],[9.54628,58.92701],[9.54772,58.9267],[9.54925,58.92529],[9.54936,58.92464],[9.54855,58.92396]],[[9.61524,58.93052],[9.61267,58.92957],[9.6119,58.92965],[9.61281,58.93094],[9.61388,58.93133],[9.61535,58.93121],[9.61524,58.93052]],[[9.54719,58.92948],[9.54625,58.92944]],[[9.55105,58.92964],[9.55071,58.92893],[9.54968,58.92874],[9.54836,58.92953]],[[9.55547,58.92983],[9.55437,58.92911],[9.5531,58.92973]],[[9.6023,58.9318],[9.5881,58.92636],[9.5803,58.92503],[9.57866,58.92552],[9.57747,58.92687],[9.57624,58.92738],[9.57626,58.92825],[9.57721,58.92898],[9.57649,58.92947],[9.57353,58.9296],[9.57237,58.92764],[9.57086,58.92719],[9.56926,58.92792],[9.56858,58.92986],[9.56494,58.93023]],[[9.60933,58.93209],[9.60728,58.93137],[9.60764,58.93202]],[[9.62672,58.93282],[9.62685,58.93242],[9.62389,58.93144],[9.6228,58.93251],[9.62073,58.93194],[9.62051,58.93256]],[[9.54719,58.92948],[9.54773,58.92997],[9.54836,58.92953]],[[9.54625,58.92944],[9.54272,58.92966],[9.53794,58.92933],[9.53504,58.92955],[9.53481,58.93006]],[[9.5531,58.92973],[9.55322,58.93071],[9.55475,58.93107],[9.55547,58.92983]],[[9.62051,58.93256],[9.62136,58.933],[9.62057,58.93398],[9.6214,58.93441],[9.62327,58.9338],[9.62357,58.93334],[9.62672,58.93282]],[[9.54965,58.93184],[9.55105,58.92964]],[[9.60637,58.93436],[9.60592,58.93343],[9.6023,58.9318]],[[9.6105,58.93595],[9.61155,58.93564],[9.61464,58.93695],[9.61313,58.9353],[9.61082,58.9339]],[[9.55053,58.9331],[9.55315,58.9318],[9.55411,58.9327],[9.55563,58.93243],[9.55527,58.93135],[9.55644,58.93038],[9.55821,58.93052],[9.55763,58.93148],[9.55885,58.93178],[9.56181,58.9311],[9.56318,58.93029],[9.56454,58.93053],[9.56494,58.93023]],[[9.60637,58.93436],[9.60713,58.93466],[9.60952,58.93451],[9.6105,58.93595]],[[9.61862,58.93345],[9.61711,58.93287],[9.61646,58.93298],[9.6165,58.93362],[9.61844,58.93468],[9.62017,58.93655],[9.62007,58.93731],[9.62099,58.93809],[9.62229,58.93577],[9.61862,58.93345]],[[9.63866,58.93818],[9.63761,58.93808],[9.64076,58.94077],[9.64068,58.93909],[9.63866,58.93818]],[[9.60992,58.93963],[9.61239,58.94063],[9.61407,58.94042],[9.6151,58.93961],[9.61725,58.93997],[9.62084,58.93905],[9.61858,58.93638],[9.61137,58.93218]],[[9.61833,58.94129],[9.61746,58.94089],[9.61535,58.94115],[9.61502,58.94168],[9.616,58.94284],[9.61774,58.94242],[9.61833,58.94129]],[[9.63674,58.94299],[9.63909,58.94257],[9.63769,58.94037],[9.63512,58.94015],[9.63579,58.94241],[9.63375,58.94217],[9.63258,58.94103],[9.6319,58.94103],[9.63127,58.94222],[9.6317,58.94304],[9.63203,58.9426],[9.63313,58.94265],[9.63577,58.94446],[9.63674,58.94299]],[[9.66993,58.94464],[9.66889,58.94486],[9.66882,58.94532],[9.67031,58.94622],[9.67126,58.94591],[9.67146,58.94538],[9.66993,58.94464]],[[9.65186,58.94454],[9.64871,58.94189],[9.64644,58.94066],[9.64432,58.93987],[9.64197,58.93989],[9.64235,58.9419],[9.64705,58.94458],[9.64867,58.94463],[9.64911,58.94402],[9.64976,58.94402],[9.65101,58.94567],[9.65208,58.94526],[9.65186,58.94454]],[[9.59936,58.94158],[9.59772,58.94139],[9.5969,58.94168],[9.59493,58.94378],[9.59507,58.94449],[9.59803,58.94545],[9.60055,58.94517],[9.60203,58.94447],[9.60117,58.94372],[9.60236,58.94282],[9.59936,58.94158]],[[9.67559,58.94714],[9.67469,58.94722],[9.67405,58.94799],[9.67445,58.94869],[9.67598,58.94935],[9.6766,58.94874],[9.67559,58.94714]],[[9.64508,58.94491],[9.64328,58.94476],[9.64311,58.9452],[9.64875,58.94823],[9.64974,58.94821],[9.64941,58.9471],[9.64657,58.94611],[9.64603,58.94523],[9.64508,58.94491]],[[9.64167,58.9451],[9.63873,58.94502],[9.63842,58.94573],[9.63911,58.94661],[9.64221,58.94853],[9.64311,58.9498],[9.64722,58.95099],[9.64753,58.95076],[9.64556,58.94922],[9.64566,58.9486],[9.64167,58.9451]],[[9.60992,58.93963],[9.60881,58.93984],[9.60811,58.93945],[9.60586,58.93937],[9.60457,58.93852],[9.60315,58.93831],[9.60213,58.93907],[9.60137,58.94087],[9.59776,58.94026],[9.59735,58.94],[9.5991,58.9384],[9.59901,58.93757],[9.60157,58.93657],[9.60083,58.93639],[9.59385,58.93835],[9.59363,58.93934],[9.59542,58.93969],[9.59623,58.94107],[9.59287,58.94421],[9.5896,58.94378],[9.58832,58.94399],[9.58849,58.94493],[9.58968,58.94601],[9.59378,58.94702],[9.59882,58.94746],[9.60133,58.94845],[9.60829,58.95005]],[[9.66866,58.95216],[9.66679,58.95245],[9.66709,58.95315],[9.66906,58.9533],[9.66866,58.95216]],[[9.62534,58.94858],[9.62758,58.94911],[9.63159,58.94791],[9.63118,58.94952],[9.63328,58.95064],[9.63455,58.9507],[9.63539,58.95195],[9.63892,58.95259],[9.63868,58.95139],[9.64008,58.95075],[9.63752,58.94984],[9.63668,58.95035],[9.63538,58.94993],[9.63524,58.94872],[9.63006,58.94575],[9.62918,58.94496],[9.62929,58.94322],[9.62535,58.94085],[9.62449,58.9397],[9.62535,58.93855],[9.62384,58.93799],[9.62201,58.939]],[[9.65835,58.95166],[9.65614,58.95129],[9.65531,58.95176],[9.65694,58.95345],[9.65841,58.95365],[9.65905,58.95315],[9.65835,58.95166]],[[9.6192,58.9544],[9.61838,58.9538],[9.61917,58.95102],[9.61995,58.95076],[9.62073,58.94946],[9.61684,58.94979],[9.61553,58.94941],[9.61391,58.94681],[9.61527,58.94621],[9.61889,58.94723],[9.62114,58.94702],[9.61822,58.94233],[9.62015,58.94113],[9.62201,58.939]],[[9.6192,58.9544],[9.61962,58.95562],[9.61803,58.95658],[9.61533,58.95515],[9.6157,58.95342],[9.61289,58.95295],[9.61067,58.95076]],[[9.69363,58.96136],[9.69113,58.96056],[9.68922,58.96077],[9.68821,58.96129],[9.68899,58.96236],[9.68744,58.96233],[9.68802,58.96302],[9.69313,58.9646]],[[9.6591,58.96285],[9.65811,58.96263],[9.65696,58.96301],[9.65594,58.96417],[9.65721,58.96441],[9.6591,58.96285]],[[9.67316,58.96507],[9.67587,58.96442],[9.677,58.96464],[9.67827,58.96431],[9.67885,58.96288],[9.67784,58.96109],[9.67681,58.96126],[9.67675,58.96207],[9.67465,58.96167],[9.67366,58.96201],[9.6718,58.96185],[9.67067,58.96253],[9.67138,58.963],[9.67109,58.9634],[9.66957,58.96331],[9.66898,58.96382],[9.66992,58.96455],[9.67138,58.96518],[9.67316,58.96507]],[[9.6929,58.96611],[9.68882,58.96528],[9.68857,58.96586]],[[9.69271,58.96733],[9.6929,58.96611]],[[9.65446,58.96875],[9.65123,58.96851],[9.65128,58.96988],[9.65456,58.96971],[9.65446,58.96875]],[[9.70031,58.9738],[9.70241,58.97358],[9.70296,58.97277],[9.69928,58.97166],[9.69652,58.96964],[9.69742,58.96903],[9.69666,58.96827],[9.69536,58.96788],[9.69485,58.96836],[9.69526,58.96933],[9.69444,58.96951],[9.69268,58.96752]],[[9.69192,58.97244],[9.69367,58.97202],[9.69689,58.97233],[9.69649,58.97295],[9.69697,58.97322],[9.70031,58.9738]],[[9.62534,58.94858],[9.62407,58.94769],[9.62307,58.94773],[9.6222,58.94833],[9.62218,58.94926],[9.62608,58.95064],[9.62578,58.95094],[9.62784,58.95117],[9.62842,58.95274],[9.62794,58.95368],[9.62388,58.9548],[9.62349,58.95523],[9.62702,58.95699],[9.62835,58.9569],[9.63357,58.95771],[9.63676,58.95851],[9.63743,58.95822],[9.63684,58.95759],[9.63858,58.9576],[9.64005,58.95829],[9.63884,58.96018],[9.63986,58.96071],[9.64154,58.96048],[9.64402,58.95952],[9.64719,58.95983],[9.65023,58.96194],[9.64887,58.96245],[9.65006,58.96455],[9.65091,58.9648],[9.65255,58.96452],[9.65321,58.96519],[9.65736,58.96594],[9.6568,58.96676],[9.6548,58.96733],[9.6507,58.96729],[9.64863,58.96835],[9.64794,58.96952],[9.64965,58.96974],[9.64968,58.9706],[9.64776,58.97221],[9.65058,58.97351],[9.65236,58.97316],[9.65426,58.97341],[9.65735,58.97514],[9.65905,58.97499],[9.65975,58.97414],[9.65656,58.97278],[9.65691,58.97154],[9.65867,58.97017],[9.65757,58.96904],[9.65819,58.96849],[9.65932,58.96843],[9.6607,58.96858],[9.66162,58.96921],[9.66364,58.96826],[9.67114,58.97105],[9.67588,58.97108],[9.67585,58.97167],[9.67481,58.97205],[9.67572,58.97276],[9.67664,58.97278],[9.67872,58.9718],[9.67954,58.97242],[9.67946,58.97328],[9.68128,58.97266],[9.68228,58.97302],[9.68379,58.97221],[9.68501,58.9724],[9.68518,58.97317],[9.68631,58.97319],[9.68807,58.97174],[9.68821,58.97053],[9.68619,58.96857],[9.68528,58.96845],[9.68414,58.9675],[9.68479,58.967],[9.68643,58.96729],[9.68869,58.96663],[9.68857,58.96586]],[[9.56233,58.84012],[9.5516,58.83565],[9.55676,58.83989]],[[9.55146,58.85701],[9.54698,58.85663],[9.54634,58.85746],[9.54671,58.85784],[9.54803,58.85788],[9.55138,58.8573],[9.55146,58.85701]],[[9.58727,58.86337],[9.58897,58.86404]],[[9.54994,58.88446],[9.54979,58.8839],[9.54857,58.88417]],[[9.54992,58.8846],[9.54994,58.88446]],[[9.5574,58.88491],[9.55366,58.88405]],[[9.61292,58.88724],[9.61305,58.8878],[9.61409,58.88729]],[[9.57382,58.89341],[9.57377,58.89382]],[[9.53615,58.8558],[9.53186,58.85531]],[[9.5342,58.85777],[9.53125,58.85742],[9.53341,58.85889],[9.53495,58.85915],[9.53557,58.85849],[9.5342,58.85777]],[[9.53241,58.86393],[9.5348,58.86431]],[[9.53321,58.87435],[9.52875,58.87419],[9.5274,58.8752],[9.52814,58.87614],[9.53151,58.87708],[9.53261,58.87814]],[[9.52984,58.88375],[9.52888,58.88498],[9.53137,58.886]],[[9.53404,58.89162],[9.53385,58.89112],[9.53242,58.89066],[9.53382,58.89011],[9.53368,58.88965],[9.53078,58.88969]],[[9.52997,58.85607],[9.52945,58.85676],[9.53279,58.85692],[9.53586,58.85764]],[[9.53518,58.86271],[9.53506,58.8627]],[[9.53512,58.86228],[9.53506,58.8627]],[[9.53134,58.88381],[9.53069,58.88225],[9.52976,58.882],[9.52931,58.88286],[9.52984,58.88375]],[[9.53134,58.88381],[9.53168,58.88404]],[[9.55733,58.89437],[9.55491,58.89479],[9.55616,58.89575],[9.55802,58.89529],[9.55733,58.89437]],[[9.62427,58.91896],[9.62382,58.91818],[9.62154,58.91792],[9.62178,58.91876],[9.62367,58.91938],[9.62427,58.91896]],[[9.62753,58.91927],[9.62518,58.91918],[9.62475,58.92],[9.62663,58.92076],[9.62781,58.91966],[9.62753,58.91927]],[[9.61013,58.93213],[9.6111,58.93211]],[[9.61137,58.93218],[9.6111,58.93211]],[[9.60933,58.93209],[9.61013,58.93213]],[[9.60764,58.93202],[9.61082,58.9339]],[[9.54965,58.93184],[9.54861,58.93307],[9.55053,58.9331]],[[9.69339,58.96295],[9.69414,58.96222],[9.69363,58.96136]],[[9.60829,58.95005],[9.61067,58.95076]],[[9.69339,58.96295],[9.69263,58.96348],[9.69325,58.96385]],[[9.69313,58.9646],[9.69505,58.96448],[9.69325,58.96385]],[[9.69271,58.96733],[9.69268,58.96752]],[[9.69192,58.97244],[9.69189,58.97264]],[[9.38511,58.78751],[9.38989,58.78833],[9.39053,58.78888],[9.39021,58.79053],[9.39091,58.79084],[9.39157,58.79041],[9.39136,58.78883],[9.39384,58.78789]],[[9.4176,58.79329],[9.41579,58.79277],[9.41498,58.79306],[9.41516,58.79365],[9.4164,58.79405],[9.41716,58.79407],[9.4176,58.79329]],[[9.41838,58.79537],[9.42025,58.79511],[9.42076,58.79414],[9.41911,58.79434],[9.41748,58.79519],[9.41838,58.79537]],[[9.43006,58.79788],[9.42688,58.79791],[9.42794,58.7994],[9.43005,58.799],[9.43006,58.79788]],[[9.37195,58.79734],[9.37189,58.79769]],[[9.4433,58.80578],[9.44376,58.80486],[9.44191,58.80278],[9.43933,58.80248],[9.4369,58.80266],[9.43636,58.80443],[9.43775,58.8055],[9.4424,58.80527],[9.44265,58.80585],[9.4433,58.80578]],[[9.39791,58.802],[9.39643,58.80193],[9.39445,58.80281],[9.39637,58.80352],[9.40181,58.80468],[9.40262,58.80456],[9.40135,58.80269],[9.39791,58.802]],[[9.37189,58.79769],[9.37394,58.79932],[9.37737,58.79995],[9.37878,58.8009],[9.38175,58.80117],[9.38194,58.80081],[9.38336,58.80075],[9.38695,58.80179],[9.38794,58.80272],[9.38636,58.80306],[9.38622,58.80396],[9.38394,58.80417]],[[9.41319,58.80553],[9.40831,58.80411],[9.40594,58.80431],[9.40378,58.80399],[9.40633,58.80545],[9.40784,58.80562],[9.41068,58.80528],[9.41224,58.80614],[9.41319,58.80553]],[[9.37195,58.79734],[9.37535,58.79809],[9.37962,58.79785],[9.37856,58.79634],[9.37868,58.79513],[9.3792,58.79499],[9.38335,58.79704],[9.38207,58.79827],[9.38304,58.79859],[9.38348,58.79952],[9.38781,58.8],[9.39075,58.80085],[9.39481,58.80112],[9.39737,58.80115],[9.40037,58.80055],[9.41623,58.80419],[9.42008,58.80579],[9.41968,58.80647],[9.41886,58.80647]],[[9.39998,58.80458],[9.3987,58.80465],[9.39813,58.80517],[9.39975,58.80575],[9.40252,58.80598],[9.40264,58.80535],[9.39998,58.80458]],[[9.38661,58.80575],[9.38343,58.80455],[9.38394,58.80417]],[[9.4495,58.80777],[9.44479,58.80704],[9.44235,58.80845],[9.44316,58.80878],[9.44403,58.80833],[9.44935,58.80808],[9.4495,58.80777]],[[9.45243,58.80888],[9.45112,58.80857],[9.45004,58.80934],[9.45237,58.80995],[9.45367,58.80931],[9.45243,58.80888]],[[9.43937,58.80739],[9.43855,58.80722],[9.43797,58.8077],[9.43738,58.80902],[9.43811,58.8099],[9.44059,58.80855],[9.43937,58.80739]],[[9.41886,58.80647],[9.41868,58.80762],[9.42375,58.80917],[9.42747,58.80982],[9.43174,58.81164],[9.434,58.81154],[9.43528,58.81054],[9.43525,58.80877],[9.43455,58.80808],[9.42854,58.80671],[9.432,58.80588],[9.43491,58.8058],[9.43519,58.8049],[9.43416,58.80413],[9.43493,58.80356],[9.4346,58.80235],[9.43109,58.80253],[9.4314,58.80103],[9.42983,58.80065],[9.42721,58.80031],[9.42421,58.80056],[9.42396,58.80003],[9.42194,58.79943],[9.42255,58.7991],[9.42429,58.7991],[9.42456,58.79844],[9.42125,58.79812],[9.42058,58.79835],[9.4176,58.79788],[9.41762,58.79756],[9.41955,58.79717],[9.42125,58.79606],[9.42097,58.79584],[9.4193,58.79599],[9.41292,58.795],[9.41151,58.79536],[9.41087,58.79475],[9.40843,58.79476],[9.40842,58.79442],[9.40986,58.79403],[9.41136,58.79441],[9.4126,58.79376],[9.41282,58.79324],[9.41202,58.79333],[9.41111,58.79265],[9.40983,58.7927],[9.40871,58.79376],[9.40601,58.79343],[9.40708,58.79261],[9.40602,58.79199],[9.40701,58.79186],[9.40668,58.79152],[9.40367,58.79203],[9.40367,58.79318],[9.40147,58.79314],[9.40313,58.7918],[9.40448,58.7917],[9.40532,58.79123],[9.40336,58.79097],[9.40355,58.79046],[9.40259,58.79017],[9.40311,58.7896],[9.40149,58.78956],[9.39695,58.78839],[9.4002,58.78817]],[[9.38661,58.80575],[9.38822,58.80557],[9.39427,58.80628],[9.39534,58.80535],[9.4055,58.80776],[9.40664,58.80831],[9.40734,58.80912],[9.40581,58.80995],[9.39858,58.81192],[9.39589,58.81329],[9.39496,58.81485],[9.3957,58.81583],[9.39668,58.81617],[9.40286,58.81673],[9.4056,58.81742]],[[9.45525,58.81867],[9.45419,58.81864],[9.45382,58.81926],[9.45502,58.82009]],[[9.45502,58.82009],[9.45743,58.82061],[9.45743,58.82119],[9.45886,58.82172],[9.4603,58.82004],[9.46143,58.82012],[9.46142,58.81957],[9.46066,58.81929],[9.45925,58.81962],[9.45749,58.81892],[9.45525,58.81867]],[[9.4056,58.81742],[9.42054,58.81851],[9.42528,58.8198],[9.42658,58.81901],[9.43425,58.82095],[9.43653,58.82088],[9.44342,58.82266],[9.45428,58.82468]],[[9.49895,58.82926],[9.49854,58.82896],[9.49725,58.82922],[9.49762,58.83066],[9.49895,58.8313],[9.50048,58.83046],[9.49983,58.82948],[9.49895,58.82926]],[[9.4926,58.83412],[9.49539,58.83427],[9.49859,58.83355],[9.49938,58.8327],[9.49899,58.83241],[9.49529,58.83229],[9.49613,58.83034],[9.4949,58.82952],[9.48925,58.83065],[9.48899,58.83099],[9.49025,58.83172],[9.48687,58.83195],[9.48629,58.83236],[9.48602,58.83356],[9.48659,58.83393],[9.48842,58.83376],[9.4892,58.83462],[9.4926,58.83412]],[[9.31381,58.82939],[9.3129,58.82857],[9.31301,58.82613],[9.31245,58.82593],[9.31181,58.82616],[9.31162,58.82764],[9.30968,58.82824],[9.31017,58.82922]],[[9.46455,58.83596],[9.46502,58.83511],[9.46426,58.83425],[9.46601,58.83282],[9.4678,58.83003],[9.46768,58.82932],[9.46635,58.82847],[9.45822,58.82541],[9.45428,58.82468]],[[9.52721,58.83885],[9.52324,58.83898],[9.52262,58.83985],[9.52509,58.84005],[9.52721,58.83885]],[[9.30011,58.82942],[9.29756,58.82971],[9.29729,58.8306],[9.30069,58.83071],[9.30011,58.82942]],[[9.47894,58.83864],[9.48,58.8379],[9.48088,58.83803],[9.48155,58.83733],[9.47965,58.83662],[9.47842,58.83713],[9.47769,58.83816],[9.47788,58.8389],[9.47894,58.83864]],[[9.46086,58.83913],[9.46356,58.83783],[9.46455,58.83596]],[[9.52981,58.84302],[9.53049,58.84183],[9.52967,58.84093],[9.52693,58.84084],[9.52593,58.84039],[9.52231,58.84077],[9.52261,58.84148],[9.52422,58.84208],[9.52839,58.84254],[9.5283,58.84283],[9.52633,58.843],[9.52662,58.84391],[9.52771,58.8442],[9.52943,58.84405],[9.52981,58.84302]],[[9.45152,58.8419],[9.45422,58.84223],[9.46086,58.83913]],[[9.27935,58.83294],[9.27861,58.83111],[9.27638,58.83116],[9.27553,58.8317],[9.27432,58.83169],[9.27799,58.83482],[9.27881,58.83622]],[[9.52262,58.84684],[9.51715,58.8454],[9.51557,58.84406],[9.51319,58.84482],[9.51363,58.84533],[9.51718,58.84657],[9.52262,58.84684]],[[9.53067,58.84854],[9.53166,58.84721],[9.52886,58.84783],[9.52784,58.84713],[9.52634,58.84737],[9.52639,58.84792],[9.5289,58.84904],[9.5305,58.84901],[9.53067,58.84854]],[[9.27935,58.83294],[9.28206,58.83443],[9.2849,58.83501],[9.28325,58.83571],[9.28111,58.83537],[9.28116,58.83589],[9.28208,58.83661],[9.28617,58.83806],[9.28891,58.84005],[9.28967,58.83988],[9.28925,58.83898],[9.28983,58.83813],[9.29322,58.83842],[9.29708,58.83999],[9.29852,58.8402],[9.29841,58.83922],[9.29558,58.83818],[9.29611,58.83761],[9.29809,58.83698],[9.3005,58.83754],[9.3021,58.83903],[9.3045,58.83912],[9.30581,58.84048],[9.30685,58.84059],[9.30836,58.8397],[9.31132,58.84001],[9.31245,58.8397],[9.31522,58.83701],[9.31869,58.83842],[9.31964,58.83836],[9.32074,58.83744],[9.32029,58.83621],[9.31915,58.83556],[9.31595,58.83502],[9.31396,58.83551],[9.31089,58.83498],[9.30941,58.83414],[9.30938,58.83323],[9.30409,58.83185],[9.30191,58.83087],[9.30219,58.83062],[9.30771,58.83087],[9.30911,58.83048],[9.30964,58.83099],[9.31108,58.83112],[9.3118,58.8303],[9.31122,58.82966],[9.31004,58.82987],[9.31017,58.82922]],[[9.52888,58.85051],[9.52703,58.85001],[9.52622,58.85087],[9.52824,58.85143],[9.52888,58.85051]],[[9.47188,58.84821],[9.47006,58.84827],[9.46888,58.84933],[9.47035,58.84951],[9.47064,58.84894],[9.47214,58.84849],[9.47188,58.84821]],[[9.34386,58.84188],[9.34334,58.8418],[9.3423,58.84248],[9.34306,58.84428],[9.34416,58.84421],[9.34508,58.84365],[9.34386,58.84188]],[[9.49484,58.84915],[9.49334,58.84936],[9.49311,58.85102],[9.49458,58.8511],[9.49593,58.84971],[9.49484,58.84915]],[[9.46979,58.8501],[9.47431,58.84957],[9.4762,58.84861],[9.47443,58.84812],[9.47565,58.84759],[9.4743,58.84626],[9.47469,58.84576],[9.47888,58.84531],[9.48241,58.84546],[9.48481,58.84447],[9.48746,58.84222],[9.48766,58.84091],[9.48416,58.8401],[9.48349,58.84025],[9.48264,58.84067],[9.4834,58.8418],[9.48277,58.84264],[9.4811,58.84281],[9.47799,58.84212],[9.4735,58.84443],[9.47292,58.84436],[9.47284,58.8438],[9.47152,58.844],[9.47032,58.8447],[9.4696,58.84592]],[[9.50504,58.85102],[9.50238,58.85112],[9.50425,58.85193],[9.50812,58.85214],[9.50504,58.85102]],[[9.4824,58.85154],[9.48802,58.85044],[9.48835,58.85077],[9.49197,58.85063],[9.49264,58.84954],[9.49076,58.84926],[9.49023,58.84883],[9.48557,58.84925],[9.48307,58.8498],[9.48177,58.8514],[9.4824,58.85154]],[[9.31381,58.82939],[9.31415,58.83021],[9.31344,58.83128],[9.31415,58.83269],[9.3131,58.83324],[9.31935,58.83469],[9.32776,58.83908],[9.3282,58.83914],[9.32806,58.83825],[9.3294,58.83801],[9.33291,58.83918],[9.33485,58.83935],[9.33736,58.83897],[9.33808,58.83956],[9.33768,58.84026],[9.34012,58.84154],[9.34373,58.84072],[9.34526,58.84126],[9.34625,58.84288],[9.34987,58.84405],[9.35039,58.84512],[9.35252,58.84606],[9.35412,58.84591],[9.35278,58.84525],[9.35297,58.84487],[9.35712,58.8446],[9.36032,58.84557],[9.36403,58.846]],[[9.51491,58.85318],[9.5142,58.85284],[9.51368,58.85301],[9.51408,58.85361],[9.51296,58.85518],[9.51437,58.85537],[9.51548,58.85632],[9.51658,58.85593],[9.51594,58.85539],[9.51608,58.85428],[9.51491,58.85318]],[[9.36403,58.846],[9.37378,58.84819],[9.3891,58.84954],[9.38995,58.85026],[9.3932,58.8512],[9.39649,58.85148],[9.39653,58.85074],[9.40579,58.85093],[9.40842,58.85042],[9.42647,58.84927],[9.43607,58.84831],[9.44371,58.84678],[9.44653,58.84554],[9.44844,58.84389],[9.44842,58.84275],[9.44761,58.84221],[9.44826,58.8415],[9.45152,58.8419]],[[9.46833,58.84645],[9.46745,58.84598],[9.46718,58.84468],[9.4619,58.84709],[9.46141,58.84685],[9.46213,58.84593],[9.4616,58.84579],[9.45246,58.85081],[9.4496,58.85388]],[[9.49437,58.85668],[9.49352,58.85597],[9.49359,58.85494],[9.4957,58.85499],[9.49623,58.85338],[9.49334,58.8537],[9.49142,58.85301],[9.48866,58.85349],[9.48048,58.85366]],[[9.49437,58.85668],[9.49751,58.85724],[9.49782,58.85672],[9.49674,58.85603],[9.49988,58.85406],[9.50211,58.85439],[9.50446,58.85599],[9.50789,58.85733],[9.51149,58.85768],[9.51128,58.85712],[9.50986,58.85696],[9.50913,58.85637],[9.51068,58.85558],[9.51028,58.85513],[9.512,58.85308],[9.51188,58.85236],[9.51326,58.85273],[9.51347,58.8519],[9.50969,58.85046],[9.50743,58.85093],[9.50475,58.85048],[9.50459,58.84951],[9.50566,58.84969],[9.50609,58.8494],[9.50123,58.84596],[9.50139,58.84543],[9.50285,58.84523],[9.50639,58.84569],[9.50694,58.84543],[9.50672,58.84477],[9.50854,58.84508],[9.50877,58.84429],[9.51023,58.84371],[9.51192,58.84413],[9.51212,58.84515],[9.51169,58.84567],[9.51004,58.84585],[9.51222,58.84631],[9.51279,58.84702],[9.51999,58.84771],[9.52477,58.84909],[9.52601,58.84862],[9.5292,58.85021],[9.5302,58.85017],[9.53232,58.85099],[9.53245,58.85167],[9.53429,58.85165],[9.53552,58.85203],[9.53619,58.85286],[9.53183,58.85207],[9.5306,58.85224],[9.52729,58.85184],[9.52525,58.85338],[9.52548,58.85367],[9.52928,58.85415],[9.53186,58.85531]],[[9.4496,58.85388],[9.44806,58.85463],[9.44896,58.85578]],[[9.46979,58.8501],[9.45826,58.85204],[9.45652,58.85295],[9.46279,58.85198],[9.4691,58.85149],[9.46994,58.85304],[9.47444,58.85412],[9.47325,58.85645],[9.47356,58.85733],[9.47449,58.85757],[9.47892,58.85429],[9.48048,58.85366]],[[9.44914,58.85673],[9.45585,58.85628],[9.45958,58.85549],[9.45893,58.85524],[9.45671,58.85563],[9.45421,58.85532],[9.45324,58.85441],[9.44931,58.85569]],[[9.52997,58.85607],[9.52869,58.8565],[9.5265,58.85584],[9.52587,58.85602],[9.52772,58.85708],[9.52762,58.85798],[9.53055,58.85827],[9.53206,58.85905],[9.53208,58.85963],[9.53536,58.8608]],[[9.32576,58.8522],[9.32663,58.84976],[9.32786,58.84915],[9.32787,58.84828],[9.32462,58.84964],[9.32345,58.85135],[9.32284,58.85128],[9.32244,58.85166],[9.32344,58.85311],[9.32446,58.85311],[9.32576,58.8522]],[[9.43532,58.85775],[9.43732,58.85732],[9.4386,58.8575],[9.43983,58.85663],[9.43949,58.85608],[9.43878,58.85583],[9.43385,58.85756],[9.43492,58.85808],[9.43532,58.85775]],[[9.44914,58.85673],[9.44678,58.85693],[9.44383,58.85826],[9.44169,58.85874],[9.43735,58.85894],[9.43569,58.85964],[9.43617,58.86005],[9.43947,58.86008],[9.43972,58.85933],[9.44189,58.85904],[9.44234,58.85933],[9.44137,58.86009],[9.44153,58.86124],[9.44834,58.8617]],[[9.45057,58.86176],[9.45409,58.86139],[9.45447,58.86193],[9.45656,58.86215],[9.45785,58.86135],[9.45746,58.86062],[9.46124,58.86147],[9.46121,58.86205],[9.46257,58.86247],[9.46524,58.86229],[9.46738,58.86082],[9.46884,58.86205],[9.47272,58.86185]],[[9.38262,58.85786],[9.3945,58.85907],[9.39769,58.85899],[9.39867,58.85823],[9.40155,58.85797],[9.40953,58.85825],[9.41149,58.85803],[9.40788,58.85698],[9.40633,58.85719],[9.40071,58.85609],[9.39876,58.8564],[9.39595,58.85513],[9.38286,58.85367],[9.37861,58.85341],[9.37779,58.85428],[9.37619,58.85328],[9.37458,58.85307],[9.37009,58.85364],[9.36608,58.85366],[9.36677,58.85438],[9.37112,58.85604],[9.37172,58.85729],[9.37466,58.85867],[9.38113,58.85872],[9.38201,58.85861],[9.38262,58.85786]],[[9.32406,58.85362],[9.322,58.85341],[9.31822,58.85621],[9.32007,58.85613],[9.3236,58.85436],[9.32406,58.85362]],[[9.40791,58.86028],[9.40338,58.86001],[9.40094,58.86079],[9.40257,58.8617],[9.40546,58.86207],[9.40841,58.86137],[9.40791,58.86028]],[[9.36996,58.85969],[9.366,58.86012],[9.37045,58.86066],[9.36996,58.85969]],[[9.3139,58.85674],[9.31068,58.8569],[9.30913,58.85766],[9.31181,58.85816],[9.31404,58.85733],[9.3139,58.85674]],[[9.38736,58.86144],[9.39025,58.86157],[9.39041,58.86007],[9.38571,58.8594],[9.38394,58.85969],[9.38172,58.85945],[9.3768,58.85978],[9.37488,58.86049],[9.37587,58.86101],[9.37785,58.86105],[9.38217,58.86022],[9.38204,58.86098],[9.37989,58.86144],[9.38083,58.86189],[9.38736,58.86144]],[[9.43619,58.86337],[9.43495,58.86329],[9.43452,58.86377],[9.44015,58.86539],[9.44105,58.8652],[9.43619,58.86337]],[[9.47432,58.86208],[9.47764,58.86262],[9.47864,58.86204],[9.47887,58.86101],[9.48135,58.86081],[9.48299,58.8611],[9.48325,58.86177],[9.48091,58.86286],[9.48121,58.864],[9.48288,58.86506],[9.47931,58.86505],[9.47854,58.86596],[9.47632,58.86617],[9.47575,58.86658],[9.47724,58.86682],[9.48038,58.86558],[9.4812,58.86559],[9.48245,58.8664],[9.48119,58.86689],[9.48123,58.86724],[9.48692,58.86778]],[[9.38131,58.86448],[9.37667,58.86388],[9.37205,58.8637],[9.36955,58.86394],[9.36882,58.86366],[9.36585,58.86493],[9.3643,58.86388],[9.36709,58.86335],[9.36715,58.863],[9.36132,58.86264]],[[9.42238,58.86709],[9.42246,58.86657],[9.42001,58.86601],[9.42074,58.86501],[9.42009,58.8646],[9.41405,58.86471],[9.41247,58.86571],[9.41353,58.86656],[9.41601,58.86677],[9.41766,58.8677],[9.42238,58.86709]],[[9.48076,58.87106],[9.4861,58.87098],[9.48609,58.87022],[9.48401,58.86903],[9.47824,58.86824],[9.47712,58.86842],[9.47688,58.86928],[9.47622,58.86945],[9.47466,58.8695],[9.47412,58.86878],[9.47138,58.86907],[9.47125,58.86981],[9.47215,58.87037]],[[9.35563,58.86567],[9.35659,58.86462],[9.35924,58.86431],[9.36008,58.86373],[9.35787,58.86345],[9.35727,58.86278],[9.36132,58.86264]],[[9.48692,58.86778],[9.48726,58.86832],[9.48109,58.86738],[9.48016,58.86755],[9.48497,58.86869],[9.49047,58.86871],[9.49458,58.86981],[9.49637,58.86953],[9.49762,58.86972],[9.4997,58.87045],[9.50067,58.87001],[9.50112,58.869],[9.50034,58.86842],[9.50162,58.86822],[9.50593,58.86952],[9.50773,58.87081],[9.51118,58.87082],[9.51266,58.87166],[9.51422,58.87172],[9.51311,58.87257],[9.51431,58.87303],[9.51626,58.87247],[9.51585,58.8718],[9.51798,58.87165],[9.51635,58.86981],[9.52265,58.87046],[9.52247,58.86806],[9.52345,58.86844],[9.52471,58.86991],[9.52569,58.86922],[9.52559,58.86698],[9.52389,58.86572],[9.52197,58.86521],[9.51985,58.86557],[9.51901,58.86625],[9.519,58.86678],[9.52086,58.86759],[9.51981,58.86906],[9.51857,58.8693],[9.51763,58.86905],[9.51954,58.86774],[9.51746,58.86696],[9.51857,58.86529],[9.51547,58.86502],[9.51429,58.86385],[9.51467,58.86266],[9.51414,58.86227],[9.51541,58.86135],[9.51687,58.86134],[9.51658,58.86036],[9.51812,58.8598],[9.51968,58.85975],[9.52123,58.8613],[9.5267,58.86189],[9.53006,58.8636],[9.53241,58.86393]],[[9.47215,58.87037],[9.47695,58.87258]],[[9.47779,58.8726],[9.48151,58.87328],[9.48769,58.87341],[9.48891,58.873],[9.48858,58.87207],[9.48763,58.87196],[9.4855,58.8728],[9.48084,58.87149],[9.48076,58.87106]],[[9.47695,58.87258],[9.47439,58.87354]],[[9.47439,58.87354],[9.47101,58.87113],[9.46824,58.86986],[9.46773,58.86899],[9.4692,58.86839],[9.46818,58.86739],[9.46594,58.86754],[9.46529,58.86815],[9.4642,58.86834],[9.45587,58.86794],[9.45216,58.86847],[9.45154,58.86885],[9.44782,58.86829],[9.4474,58.86761]],[[9.31611,58.86576],[9.31557,58.86482],[9.31991,58.86383],[9.32336,58.86257],[9.32375,58.8616],[9.32243,58.86057],[9.31973,58.86037],[9.31633,58.86248],[9.31408,58.86202],[9.31276,58.86353],[9.31295,58.86551],[9.31117,58.86512],[9.30984,58.86601],[9.30945,58.8674],[9.31065,58.86835],[9.31225,58.86863],[9.31343,58.86823],[9.31439,58.86688],[9.31626,58.86611],[9.31611,58.86576]],[[9.51185,58.87366],[9.51247,58.87367],[9.51273,58.87431],[9.51515,58.87462],[9.52214,58.87427],[9.52292,58.87385],[9.51659,58.87302],[9.51419,58.87343],[9.51258,58.87331],[9.50984,58.87226],[9.50702,58.87221],[9.51168,58.87762],[9.51226,58.87594],[9.51111,58.87444],[9.51185,58.87366]],[[9.47399,58.8742],[9.47446,58.87451],[9.47333,58.87582],[9.47368,58.87639],[9.47538,58.877],[9.47648,58.87614],[9.47939,58.8753],[9.47748,58.87317],[9.47779,58.8726]],[[9.46689,58.88067],[9.4682,58.8811],[9.4701,58.88061],[9.47106,58.87934],[9.47103,58.87604],[9.47399,58.8742]],[[9.3057,58.87404],[9.30618,58.87198],[9.30484,58.87108],[9.30394,58.86815],[9.30209,58.86649],[9.30365,58.86533],[9.30274,58.86193],[9.29902,58.85965],[9.29639,58.85948],[9.29805,58.85874],[9.29783,58.85658],[9.30095,58.85509],[9.30091,58.85406],[9.29678,58.85393],[9.29174,58.85296],[9.29499,58.85229],[9.29557,58.85081],[9.29746,58.84997],[9.30372,58.84896],[9.30384,58.84785],[9.29951,58.84655],[9.2956,58.84786],[9.29345,58.84783],[9.29185,58.84678],[9.2944,58.84485],[9.29292,58.84272],[9.29076,58.84197],[9.28988,58.84227],[9.28859,58.84211],[9.28686,58.84033],[9.27996,58.83773],[9.27881,58.83622]],[[9.31962,58.87465],[9.32003,58.87297],[9.32125,58.8723],[9.32511,58.87138],[9.32775,58.87188],[9.33009,58.87187],[9.32699,58.87],[9.32735,58.86778],[9.33154,58.86849],[9.33238,58.86819],[9.33432,58.86826],[9.33753,58.86683],[9.33995,58.86792],[9.34015,58.86708],[9.34143,58.86637],[9.35167,58.86568],[9.35336,58.86617]],[[9.38966,58.87772],[9.38638,58.87595],[9.38579,58.87532],[9.38629,58.875],[9.39418,58.87597]],[[9.3954,58.87797],[9.39526,58.87684],[9.39418,58.87597]],[[9.38131,58.86448],[9.38203,58.86445],[9.38213,58.86394],[9.38923,58.8637],[9.39763,58.86466],[9.39897,58.8652],[9.40182,58.86454],[9.40438,58.86475],[9.40562,58.86369],[9.40897,58.8646],[9.41101,58.86681],[9.41317,58.86825],[9.41376,58.86822],[9.41328,58.86753],[9.41386,58.86734],[9.41543,58.86902],[9.41704,58.86955],[9.41724,58.86987],[9.41601,58.87031],[9.41528,58.87224],[9.41634,58.87374],[9.41913,58.87491],[9.4192,58.87566],[9.41309,58.87774],[9.41254,58.87861],[9.41047,58.87774],[9.40795,58.87793],[9.40787,58.87851]],[[9.44151,58.87997],[9.44235,58.87878],[9.44356,58.87837],[9.44222,58.87776],[9.44073,58.87623],[9.44096,58.87433],[9.43925,58.87425],[9.44104,58.87412],[9.4426,58.87136],[9.44235,58.87047],[9.4439,58.86969],[9.44211,58.869],[9.44122,58.86927],[9.43924,58.86879],[9.43857,58.86826],[9.43998,58.86821],[9.43925,58.8675],[9.44301,58.86574],[9.4474,58.86761]],[[9.44957,58.88031],[9.4475,58.87849],[9.44685,58.87844],[9.44821,58.88025]],[[9.4666,58.88105],[9.46542,58.88074],[9.46531,58.88036],[9.46689,58.88067]],[[9.50181,58.88255],[9.50151,58.88058],[9.50227,58.88051],[9.50258,58.87991],[9.50282,58.87761],[9.50211,58.87615],[9.50367,58.87446],[9.49957,58.87244],[9.49765,58.87204],[9.49569,58.87234],[9.49746,58.87287],[9.49928,58.87427],[9.49629,58.87352],[9.49445,58.87405],[9.49515,58.87472],[9.49934,58.87634],[9.49919,58.87706],[9.49678,58.87831],[9.49529,58.87846],[9.49384,58.87585],[9.49168,58.87653],[9.49108,58.87461],[9.48943,58.87482],[9.48798,58.87555],[9.4863,58.87559],[9.48211,58.8771],[9.48116,58.87807],[9.48174,58.88169]],[[9.51199,58.88299],[9.51022,58.88216],[9.51011,58.88291]],[[9.51539,58.88313],[9.51438,58.88255],[9.51408,58.88308]],[[9.44536,58.8803],[9.44821,58.88025]],[[9.39432,58.87912],[9.3945,58.8784],[9.3954,58.87797]],[[9.44151,58.87997],[9.44137,58.88097],[9.44222,58.88188],[9.44398,58.88153],[9.44536,58.8803]],[[9.39535,58.88004],[9.39806,58.87989],[9.39833,58.87949],[9.39739,58.87936],[9.39721,58.87891],[9.39779,58.87854],[9.40083,58.87932],[9.40392,58.87957],[9.40562,58.88023],[9.40787,58.87851]],[[9.50549,58.88297],[9.50444,58.88299],[9.50381,58.88397],[9.50551,58.88524],[9.5064,58.88469],[9.50549,58.88297]],[[9.51011,58.88291],[9.50818,58.88293],[9.50828,58.88431],[9.51015,58.88481],[9.50975,58.88517],[9.51081,58.88557],[9.51313,58.88556],[9.51313,58.88508],[9.51076,58.88457],[9.51343,58.88363],[9.51199,58.88299]],[[9.44979,58.88055],[9.45173,58.88249],[9.45208,58.88358],[9.45496,58.88382],[9.462,58.88267],[9.46619,58.88148],[9.4666,58.88105]],[[9.50181,58.88255],[9.50212,58.88422],[9.50128,58.8848],[9.50467,58.88612]],[[9.51539,58.88313],[9.51718,58.88399],[9.52215,58.8848],[9.52401,58.88772],[9.52591,58.88828],[9.52648,58.88814]],[[9.39535,58.88004],[9.39796,58.88268],[9.39893,58.88303],[9.4023,58.88263],[9.4056,58.8816],[9.40801,58.88171],[9.40765,58.8806],[9.40945,58.88012],[9.41197,58.8802],[9.41759,58.879]],[[9.52648,58.88814],[9.52677,58.88771],[9.52605,58.88714],[9.52665,58.88678],[9.5295,58.88732],[9.52915,58.88804],[9.52799,58.88823],[9.52877,58.8895],[9.53028,58.88988],[9.53078,58.88969]],[[9.50467,58.88612],[9.50565,58.88687],[9.50875,58.88744],[9.51024,58.88721],[9.51057,58.8886],[9.51282,58.88943]],[[9.43901,58.88326],[9.43775,58.88355],[9.43453,58.88655],[9.43423,58.88752],[9.43484,58.88777],[9.43573,58.8877],[9.4373,58.88571],[9.43916,58.88451],[9.43901,58.88326]],[[9.46255,58.8897],[9.45976,58.8855],[9.45803,58.88577],[9.45574,58.8854],[9.45433,58.88718],[9.45463,58.89018]],[[9.42441,58.89007],[9.42515,58.8894],[9.42462,58.88768],[9.42563,58.88592],[9.42525,58.88458],[9.42212,58.88077],[9.41951,58.88007],[9.41759,58.879]],[[9.4642,58.89209],[9.46255,58.8897]],[[9.3057,58.87404],[9.30561,58.87518],[9.30754,58.87767],[9.30777,58.88017],[9.30929,58.88076],[9.30928,58.88117],[9.30738,58.88231],[9.30475,58.88248],[9.30386,58.88288],[9.30171,58.88539],[9.29995,58.88557],[9.29875,58.88612]],[[9.3053,58.88858],[9.30493,58.88449],[9.30771,58.88521],[9.3102,58.88379],[9.31113,58.88379],[9.31177,58.88448],[9.31455,58.88397],[9.31346,58.8823],[9.31371,58.88143],[9.31593,58.88034],[9.31636,58.87911],[9.31528,58.87728],[9.31832,58.87644],[9.31962,58.87465]],[[9.48174,58.88169],[9.48183,58.88331],[9.48435,58.88873],[9.48771,58.88905],[9.48888,58.89079],[9.49685,58.89299],[9.49866,58.89329],[9.50083,58.89299],[9.50222,58.89355],[9.50235,58.89449],[9.50611,58.89602],[9.51591,58.8977],[9.5182,58.89887],[9.52163,58.89864],[9.5224,58.89897],[9.52094,58.89925],[9.52107,58.89953],[9.52461,58.89997],[9.52644,58.89945],[9.52914,58.90007]],[[9.29875,58.88612],[9.30189,58.88791],[9.30205,58.8893],[9.30357,58.89041],[9.30459,58.89027],[9.30405,58.88904],[9.3053,58.88858]],[[9.45488,58.8909],[9.45361,58.89128],[9.45313,58.89191],[9.45369,58.8929],[9.45229,58.89281],[9.45137,58.89376],[9.44927,58.89232],[9.44715,58.89294],[9.44735,58.89348],[9.45006,58.89513],[9.44839,58.89585],[9.44868,58.89675],[9.44776,58.89837],[9.44462,58.89767],[9.44254,58.8978]],[[9.37956,58.89378],[9.37904,58.89423],[9.38012,58.89497],[9.3835,58.89573],[9.38301,58.89512],[9.37956,58.89378]],[[9.47393,58.90074],[9.4729,58.89841],[9.4713,58.89817],[9.46892,58.89605],[9.46795,58.89994],[9.47212,58.90106],[9.47393,58.90074]],[[9.45255,58.90151],[9.45194,58.90092],[9.45287,58.90074],[9.45332,58.89989],[9.45266,58.89918],[9.45437,58.89889],[9.45413,58.89795],[9.45781,58.89747],[9.45873,58.89697],[9.46237,58.89786],[9.46585,58.89651],[9.46663,58.89413],[9.46595,58.8934],[9.46477,58.89328],[9.4642,58.89209]],[[9.40412,58.89995],[9.40153,58.89857],[9.39899,58.89828],[9.39567,58.89686],[9.3947,58.89692],[9.39504,58.89767],[9.39297,58.89783],[9.39048,58.89702],[9.38668,58.89412],[9.38594,58.89168],[9.38416,58.88992],[9.38516,58.88994],[9.3868,58.89081],[9.38966,58.89359],[9.39245,58.895],[9.39285,58.8945],[9.39175,58.89269],[9.39269,58.89179],[9.38527,58.88689],[9.38026,58.88419],[9.37829,58.88619],[9.37426,58.88448],[9.37321,58.88094],[9.37198,58.88046],[9.36761,58.88306],[9.36716,58.8838],[9.36923,58.88716],[9.36884,58.88933],[9.36943,58.89001],[9.36856,58.89084],[9.37391,58.89315],[9.37336,58.89364],[9.37025,58.89422],[9.37218,58.89514],[9.37175,58.89561],[9.37233,58.89618],[9.37688,58.8988]],[[9.45565,58.90237],[9.45255,58.90151]],[[9.44254,58.8978],[9.44083,58.89797],[9.43938,58.89684],[9.43844,58.89689],[9.43806,58.89875],[9.43717,58.8996],[9.43731,58.90122],[9.4388,58.90162],[9.43911,58.90223],[9.44177,58.90257]],[[9.37688,58.8988],[9.37704,58.8996],[9.37873,58.89996],[9.38047,58.89982]],[[9.42441,58.89007],[9.4238,58.8909],[9.42516,58.89175],[9.42308,58.89491],[9.42381,58.89679],[9.42275,58.89809],[9.42409,58.9002],[9.42206,58.90101],[9.42061,58.9026]],[[9.40412,58.89995],[9.40592,58.90132],[9.40675,58.90273],[9.40828,58.90338],[9.41192,58.90317],[9.41217,58.90401],[9.41298,58.90435],[9.41907,58.90361],[9.42061,58.9026]],[[9.44165,58.90334],[9.43994,58.90473],[9.4381,58.90505],[9.43584,58.9061]],[[9.38047,58.89982],[9.38169,58.89978],[9.39501,58.90434],[9.39705,58.9047],[9.39923,58.90459]],[[9.39923,58.90459],[9.40036,58.90391],[9.40175,58.90374],[9.40735,58.90535],[9.41639,58.90671],[9.41926,58.9067],[9.42294,58.90758]],[[9.42294,58.90758],[9.42352,58.90672],[9.42534,58.90572],[9.42431,58.90488],[9.42428,58.90291],[9.42505,58.90252],[9.42718,58.90248],[9.4284,58.90323],[9.42738,58.90386],[9.43516,58.90618],[9.43584,58.9061]],[[9.47401,58.90897],[9.47636,58.90789],[9.47543,58.90675],[9.47266,58.90632],[9.474,58.9053],[9.47337,58.90373],[9.47188,58.90247],[9.4702,58.90275],[9.46931,58.90143],[9.46807,58.90095],[9.46799,58.90219],[9.47068,58.90715],[9.46983,58.90871],[9.47037,58.90965]],[[9.47007,58.91068],[9.46854,58.91087],[9.46703,58.91035],[9.46558,58.90902],[9.46331,58.90931],[9.46401,58.90683],[9.46348,58.90603],[9.46143,58.90511],[9.46037,58.90299],[9.45974,58.90266],[9.45861,58.90298],[9.45815,58.90243],[9.45636,58.90193],[9.45565,58.90237]],[[9.52698,58.91371],[9.5253,58.91387],[9.52686,58.91446]],[[9.51176,58.91509],[9.51105,58.91436],[9.51242,58.91412],[9.51266,58.91327],[9.51667,58.91329],[9.51677,58.91359],[9.51474,58.91425],[9.51961,58.9149],[9.52343,58.91384],[9.5184,58.91295],[9.51674,58.91176],[9.51151,58.91197],[9.50882,58.9117],[9.50681,58.91202],[9.51177,58.91299],[9.51122,58.91356],[9.50324,58.91401],[9.50254,58.91432],[9.50843,58.91467],[9.51234,58.91569],[9.51176,58.91509]],[[9.52664,58.91587],[9.5271,58.91643],[9.5284,58.91644],[9.53139,58.91618],[9.53199,58.91572],[9.53075,58.91509],[9.52686,58.91446]],[[9.52879,58.90229],[9.52457,58.90215],[9.52385,58.90144],[9.52246,58.90104],[9.51243,58.90059],[9.5073,58.89881],[9.50651,58.89755],[9.50288,58.89625],[9.50245,58.89517],[9.49992,58.89514],[9.4992,58.89433],[9.4942,58.89383],[9.48952,58.89204],[9.48278,58.89034],[9.48136,58.8906],[9.48178,58.89362],[9.47981,58.89499],[9.48028,58.89683],[9.48521,58.90078],[9.4866,58.9004],[9.4897,58.90077],[9.48948,58.90257],[9.48708,58.90247],[9.48526,58.90447],[9.48884,58.90961],[9.49243,58.91273],[9.49475,58.91353],[9.49622,58.91476],[9.49935,58.9156],[9.50136,58.91559],[9.50536,58.91677],[9.5081,58.91608],[9.51123,58.9162],[9.51307,58.91588],[9.51627,58.91676],[9.52152,58.9168],[9.52336,58.91611],[9.52664,58.91587]],[[9.495,58.91831],[9.50438,58.91852],[9.50641,58.91762],[9.505,58.91701],[9.50134,58.91665],[9.50024,58.91777],[9.49872,58.91776],[9.49864,58.91744],[9.49957,58.91727],[9.49943,58.91651],[9.49774,58.91584],[9.4948,58.91543],[9.49364,58.91451],[9.4937,58.91529],[9.49215,58.91498],[9.49095,58.91541],[9.48729,58.91485],[9.48722,58.91436],[9.48904,58.91429],[9.49002,58.91461],[9.49156,58.9143],[9.49094,58.9132],[9.49012,58.91314],[9.489,58.91404],[9.48658,58.91348],[9.48572,58.91383],[9.48533,58.91556],[9.4833,58.91613],[9.4847,58.91756],[9.49022,58.91826],[9.495,58.91831]],[[9.51605,58.91906],[9.51247,58.91861],[9.51274,58.91822],[9.51522,58.91812],[9.51479,58.91746],[9.50972,58.91693],[9.5083,58.91694],[9.50795,58.91738],[9.51033,58.91747],[9.51126,58.91783],[9.51108,58.91817],[9.50711,58.91784],[9.50579,58.91849],[9.50962,58.91936],[9.51464,58.91972],[9.51614,58.91955],[9.51605,58.91906]],[[9.48111,58.92667],[9.48258,58.92441],[9.48128,58.92404],[9.47885,58.92424],[9.47764,58.92652]],[[9.48337,58.92677],[9.48386,58.92439],[9.48601,58.92359],[9.48296,58.92284],[9.47573,58.92393],[9.47494,58.92641]],[[9.50243,58.92758],[9.50815,58.92577],[9.51016,58.92339],[9.49874,58.92157],[9.497,58.92145],[9.4919,58.92201],[9.49298,58.92048],[9.4903,58.91983],[9.49178,58.91927],[9.49084,58.91875],[9.48936,58.91892],[9.48439,58.91822],[9.48379,58.91743],[9.47305,58.91528],[9.47297,58.91475],[9.47649,58.91439],[9.47813,58.91455],[9.48,58.91354],[9.47948,58.9128],[9.47491,58.91059],[9.47401,58.90897]],[[9.47764,58.92652],[9.47885,58.92752],[9.48102,58.92723],[9.48111,58.92667]],[[9.52443,58.92977],[9.52733,58.9304],[9.52907,58.93],[9.52995,58.9311],[9.53327,58.93227],[9.53506,58.93127],[9.53481,58.93006]],[[9.48337,58.92677],[9.48145,58.9283],[9.48277,58.92949],[9.48203,58.92981],[9.48228,58.93032],[9.48375,58.93101],[9.48825,58.9314],[9.49199,58.93116],[9.49318,58.93034],[9.50243,58.92758]],[[9.47494,58.92641],[9.47847,58.92766],[9.47947,58.92843],[9.47905,58.92921],[9.47703,58.92983],[9.47648,58.93094],[9.47501,58.93137],[9.47876,58.93333],[9.47871,58.9341],[9.47389,58.93468],[9.46518,58.93659],[9.46326,58.93675],[9.45956,58.93638],[9.45866,58.9371],[9.45909,58.93754],[9.46255,58.93776],[9.46709,58.93917],[9.46907,58.93813],[9.47432,58.93827],[9.47501,58.93855],[9.47573,58.94055],[9.47679,58.94049],[9.47677,58.93904],[9.47813,58.93834],[9.48031,58.93836],[9.48183,58.93895],[9.48291,58.93777],[9.48534,58.937],[9.48704,58.93701],[9.48955,58.93793],[9.4918,58.93794],[9.49255,58.9361],[9.49453,58.93571],[9.49498,58.93497],[9.49677,58.93411],[9.49986,58.93358],[9.5036,58.93359],[9.50441,58.93238],[9.50688,58.93231],[9.51083,58.93016],[9.51421,58.92972],[9.51799,58.92865],[9.51942,58.92915],[9.51967,58.93013],[9.52156,58.92965],[9.52443,58.92977]],[[9.43311,58.80116],[9.4318,58.80122],[9.43137,58.80236],[9.43401,58.80197],[9.43311,58.80116]],[[9.44093,58.80616],[9.43904,58.80573],[9.44018,58.80684],[9.44264,58.8072],[9.44291,58.80647],[9.44093,58.80616]],[[9.44465,58.80964],[9.44322,58.80966],[9.44365,58.8108],[9.44531,58.81076],[9.44524,58.80979],[9.44465,58.80964]],[[9.49594,58.82883],[9.49865,58.82766],[9.49605,58.82814],[9.49432,58.82807],[9.49529,58.82888],[9.49594,58.82883]],[[9.51112,58.83929],[9.50752,58.8397],[9.50702,58.84036],[9.51047,58.8402],[9.51112,58.83929]],[[9.51733,58.84234],[9.51252,58.8424],[9.51164,58.84284],[9.51332,58.84323],[9.51408,58.84285],[9.51708,58.84264],[9.51733,58.84234]],[[9.4787,58.84104],[9.48163,58.84091],[9.48201,58.84017],[9.47898,58.84018],[9.47721,58.84068],[9.47673,58.84139],[9.47839,58.84195],[9.4789,58.84176],[9.4787,58.84104]],[[9.46833,58.84645],[9.46912,58.84642],[9.4696,58.84592]],[[9.44896,58.85578],[9.44931,58.85569]],[[9.52295,58.85839],[9.52176,58.85822],[9.52083,58.85862],[9.5245,58.8594],[9.52295,58.85839]],[[9.47272,58.86185],[9.47432,58.86208]],[[9.44834,58.8617],[9.45057,58.86176]],[[9.3615,58.86151],[9.35929,58.86183],[9.36142,58.86202]],[[9.36142,58.86202],[9.36556,58.86266],[9.36789,58.86202],[9.36687,58.86177],[9.36378,58.86201],[9.3635,58.86161],[9.3615,58.86151]],[[9.44957,58.88031],[9.44979,58.88055]],[[9.38966,58.87772],[9.39378,58.87922],[9.39432,58.87912]],[[9.51282,58.88943],[9.51673,58.8885],[9.51785,58.88771],[9.51695,58.88662],[9.5179,58.88567],[9.51408,58.88308]],[[9.45463,58.89018],[9.45488,58.8909]],[[9.44165,58.90334],[9.44177,58.90257]],[[9.47037,58.90965],[9.47007,58.91068]],[[9.4002,58.78817],[9.40176,58.78788],[9.3971,58.7869],[9.39591,58.7874],[9.39513,58.78711],[9.39308,58.78729],[9.39384,58.78789]],[[9.4002,58.78817],[9.4002,58.78817]],[[9.70945,58.97088],[9.71024,58.97181],[9.71306,58.97061],[9.71159,58.96907],[9.70891,58.96911],[9.70854,58.96873],[9.71223,58.96623],[9.71251,58.96493],[9.70856,58.96436],[9.70625,58.96569],[9.70497,58.96562],[9.70421,58.96515],[9.70357,58.96535],[9.70415,58.96679],[9.70283,58.96879],[9.70684,58.97136],[9.7089,58.9718],[9.70945,58.97088]],[[9.70099,58.98088],[9.70287,58.98005],[9.70378,58.97769],[9.70313,58.97676],[9.69725,58.9741],[9.69189,58.97264]],[[9.69059,58.98112],[9.69466,58.98113],[9.69607,58.98215],[9.70099,58.98088]],[[9.67437,58.9885],[9.67564,58.98707],[9.67495,58.98675],[9.6728,58.98809],[9.67437,58.9885]],[[9.67261,58.98713],[9.67163,58.98725],[9.67004,58.98822],[9.66998,58.98924],[9.67156,58.98863],[9.67261,58.98713]],[[9.69059,58.98112],[9.68755,58.98145],[9.68523,58.98097],[9.6844,58.98112],[9.6853,58.9831],[9.68809,58.98367],[9.68742,58.98462],[9.68567,58.98472],[9.68261,58.98559],[9.67768,58.98527],[9.67488,58.984],[9.67429,58.9829],[9.67341,58.98281],[9.66931,58.98529],[9.66322,58.9881],[9.66094,58.9888],[9.65432,58.98894]],[[9.68967,58.98706],[9.68821,58.98724],[9.68762,58.98668],[9.6866,58.98668],[9.68609,58.98701],[9.68697,58.9873],[9.68679,58.98763],[9.68029,58.98869],[9.6784,58.98862],[9.67668,58.99112],[9.67842,58.99116],[9.68442,58.98877],[9.68695,58.989],[9.68946,58.98844]],[[9.67231,58.99049],[9.67056,58.99035],[9.6684,58.99107],[9.66769,58.9922],[9.66837,58.99311],[9.67114,58.9924],[9.67273,58.99138],[9.67231,58.99049]],[[9.65326,58.98935],[9.65799,58.99108],[9.66236,58.99138],[9.6637,58.99199],[9.6638,58.99298],[9.66551,58.99409],[9.67003,58.9955],[9.6714,58.99487],[9.67138,58.99339],[9.67419,58.99137],[9.67764,58.99184],[9.67878,58.99227],[9.67867,58.99275],[9.67544,58.99465],[9.67518,58.99565],[9.68142,58.99325],[9.68344,58.9908],[9.68921,58.99004]],[[9.75115,58.99439],[9.75094,58.99249],[9.75203,58.99089],[9.7524,58.98859],[9.7517,58.98744],[9.74877,58.98814],[9.74692,58.99012],[9.74604,58.99331],[9.74537,58.99359],[9.74417,58.99341],[9.74348,58.99388],[9.7424,58.99527],[9.74139,58.99893]],[[9.74139,58.99893],[9.74074,58.99892]],[[9.7553,59.00666],[9.75812,58.99576],[9.75855,58.99276],[9.7579,58.99078],[9.75584,58.99258],[9.75467,58.99567],[9.75406,59.00343]],[[9.74074,58.99892],[9.74049,58.99641],[9.73886,58.99586],[9.73793,58.99708],[9.7383,58.99915],[9.73664,59.00011]],[[9.73664,59.00011],[9.7368,58.9972],[9.73427,58.99558],[9.73213,58.99905],[9.72895,59.0013]],[[9.70423,59.00119],[9.70597,58.99975],[9.70877,58.9994],[9.70967,58.99609],[9.71256,58.99247],[9.71187,58.99102],[9.71052,58.9908],[9.70953,58.99114],[9.70953,58.98979],[9.7088,58.98947],[9.70654,58.98941],[9.70583,58.9878],[9.70487,58.98812],[9.70244,58.98799],[9.69749,58.99057],[9.69653,58.99044],[9.69636,58.98915],[9.69511,58.98837],[9.68921,58.99004]],[[9.74966,59.00364],[9.75115,58.99439]],[[9.68946,58.98844],[9.69176,58.98732],[9.68967,58.98706]],[[9.01282,58.55158],[9.01159,58.55147],[9.01064,58.5521],[9.01199,58.55345],[9.01352,58.55207],[9.01282,58.55158]],[[9.0047,58.55318],[9.00336,58.55292],[9.00243,58.55184],[9.00097,58.55226],[9.00116,58.55315],[9.00219,58.55351],[9.00457,58.55373],[9.0047,58.55318]],[[9.01951,58.55386],[9.01785,58.55413],[9.01761,58.55524],[9.01864,58.55532],[9.01934,58.55491],[9.01951,58.55386]],[[9.01259,58.55499],[9.01157,58.55462],[9.01102,58.55491],[9.01165,58.55593],[9.01334,58.55664],[9.01442,58.55607],[9.01259,58.55499]],[[9.01919,58.55944],[9.01792,58.55853],[9.01767,58.55752],[9.01566,58.55662],[9.01272,58.55723],[9.01305,58.55756],[9.01404,58.55741],[9.01362,58.55862],[9.01474,58.55928],[9.01805,58.55966],[9.01919,58.55944]],[[9.03309,58.56213],[9.03211,58.56055],[9.0288,58.5599],[9.02761,58.55897],[9.02296,58.55914],[9.02331,58.55952],[9.02863,58.5605],[9.02982,58.56192],[9.03267,58.56241],[9.03309,58.56213]],[[8.99981,58.56217],[9.00087,58.56089],[9.00374,58.561],[9.00474,58.56042],[8.99966,58.55974]],[[9.03582,58.5636],[9.0331,58.56355],[9.03143,58.56442],[9.03327,58.56516],[9.03606,58.5647],[9.03658,58.56405],[9.03582,58.5636]],[[9.03383,58.56744],[9.03248,58.56742],[9.03645,58.56944],[9.03702,58.56938],[9.03709,58.56873],[9.03383,58.56744]],[[9.01896,58.5682],[9.01741,58.56735],[9.01574,58.56818],[9.01748,58.56905],[9.01895,58.56869],[9.01896,58.5682]],[[9.03506,58.5741],[9.03332,58.57381],[9.03397,58.57501],[9.03507,58.57516],[9.0363,58.57482],[9.03506,58.5741]],[[9.06255,58.57824],[9.06174,58.57827],[9.06123,58.57976],[9.06216,58.58052]],[[9.0445,58.57899],[9.04587,58.57859],[9.04647,58.57915],[9.04778,58.57929],[9.04854,58.57881],[9.04559,58.5775],[9.03803,58.5754],[9.03856,58.57749],[9.04403,58.57947],[9.0445,58.57899]],[[9.06216,58.58052],[9.06285,58.58253],[9.06739,58.58483],[9.06799,58.58431],[9.06578,58.58203],[9.0671,58.58133],[9.06894,58.58182],[9.06931,58.5814],[9.0656,58.57921],[9.06255,58.57824]],[[9.06127,58.58572],[9.05682,58.58289]],[[9.07283,58.5856],[9.06916,58.58481],[9.06863,58.58497],[9.06883,58.58579],[9.07203,58.58704],[9.07096,58.58752],[9.07229,58.58948],[9.07407,58.58886],[9.07433,58.58777],[9.07351,58.58697],[9.07387,58.58599],[9.07283,58.5856]],[[8.99687,58.55743],[9.0002,58.5572],[9.00101,58.556],[9.00046,58.5554],[8.99867,58.55534]],[[9.06883,58.59316],[9.06983,58.59245],[9.06928,58.59161],[9.0681,58.59139],[9.06734,58.58977],[9.06563,58.58912],[9.06508,58.58838],[9.06554,58.58735],[9.06432,58.587],[9.06392,58.58749],[9.06303,58.58758],[9.06127,58.58572]],[[9.01345,58.59067],[9.01333,58.58813],[9.01263,58.58768],[9.01201,58.58782],[9.012,58.58987],[9.01027,58.59039],[9.00936,58.58747],[9.00833,58.58693],[9.00725,58.5875],[9.00876,58.58893],[9.00623,58.58964],[9.00645,58.59034]],[[9.0756,58.59356],[9.07585,58.59429],[9.07731,58.59474],[9.07839,58.59432],[9.078,58.59367]],[[9.00359,58.59021],[9.0036,58.59141],[9.00511,58.59223],[9.00695,58.59221],[9.00749,58.59078],[9.00645,58.59034]],[[9.03201,58.59153],[9.02875,58.5879],[9.02625,58.58706],[9.02611,58.58457],[9.02323,58.58418],[9.02349,58.58333],[9.02178,58.58243],[9.02164,58.58062],[9.02058,58.58064],[9.02066,58.57967],[9.01815,58.5771],[9.01866,58.5765],[9.01782,58.57567],[9.02046,58.57543],[9.02041,58.57425],[9.01821,58.57341],[9.01519,58.57383],[9.01569,58.57253],[9.01082,58.5717],[9.01279,58.57079],[9.01493,58.57124],[9.01679,58.57054],[9.0177,58.57085],[9.01824,58.57194],[9.0201,58.57182],[9.01939,58.57029],[9.01264,58.56848],[9.01317,58.56782],[9.01223,58.56731],[9.01181,58.56753],[9.00774,58.56661],[9.00742,58.5669],[9.00876,58.56754],[9.00514,58.56752],[9.00443,58.56959],[9.001,58.56863],[8.99969,58.56862]],[[8.99686,58.57501],[9.00023,58.57561],[9.00093,58.5761],[9.00024,58.57709],[8.99785,58.57571]],[[8.99947,58.5782],[9.00049,58.57767],[9.00158,58.57849],[9.00314,58.57863],[9.00357,58.57764],[9.00257,58.57709],[9.00372,58.5771],[9.00552,58.57922],[9.00877,58.58157],[9.00834,58.58299],[9.00743,58.58342],[9.00495,58.58161],[9.00482,58.58065],[9.00335,58.57955],[9.00033,58.57868],[8.99919,58.57912]],[[8.99854,58.58192],[9.0015,58.58568],[9.00305,58.58641],[9.00433,58.58891],[9.0028,58.58867],[9.00196,58.5891],[9.0023,58.58971],[9.00359,58.59021]],[[9.03812,58.59182],[9.0362,58.58916],[9.03484,58.5888],[9.03271,58.58716],[9.0315,58.58463],[9.0296,58.58359],[9.02791,58.58129],[9.02801,58.58054],[9.03055,58.58059],[9.03011,58.58131],[9.03149,58.58222],[9.03242,58.5813],[9.03039,58.5778],[9.03096,58.5767],[9.03356,58.57755],[9.03533,58.57745],[9.03956,58.57975],[9.03997,58.58234],[9.03818,58.58259],[9.03857,58.58321],[9.04098,58.58352],[9.04295,58.58255],[9.04667,58.58463],[9.04615,58.5863],[9.0438,58.58668],[9.04566,58.58749],[9.04708,58.58749],[9.04924,58.58614],[9.04916,58.58526],[9.04743,58.58354],[9.04832,58.58225],[9.04798,58.58152],[9.04997,58.58135],[9.0497,58.58042],[9.04866,58.5798],[9.0494,58.57932],[9.05013,58.57932],[9.05682,58.58289]],[[9.07079,58.59333],[9.06967,58.59328]],[[9.078,58.59367],[9.07766,58.59243],[9.07882,58.59161],[9.07747,58.58984],[9.07784,58.58916],[9.07574,58.58828],[9.0751,58.58892],[9.07691,58.58992],[9.07492,58.5899],[9.07434,58.59041],[9.07573,58.59147],[9.07486,58.59243],[9.0756,58.59356]],[[9.08597,58.59404],[9.08618,58.59358],[9.08357,58.59392]],[[9.00973,58.59299],[9.00854,58.59247],[9.00577,58.59279],[9.00514,58.59257],[9.00374,58.59303],[9.00572,58.59345],[9.00973,58.59299]],[[9.07989,58.59376],[9.07918,58.59423],[9.07948,58.59556],[9.08128,58.59696],[9.08346,58.59689],[9.08208,58.59534],[9.08597,58.59404]],[[9.08744,58.59653],[9.09125,58.5971],[9.09338,58.59691],[9.09337,58.59624],[9.08565,58.59537],[9.08492,58.59706],[9.09024,58.59928],[9.0941,58.60025],[9.09521,58.60013],[9.09517,58.59915],[9.08963,58.59754],[9.08744,58.59653]],[[9.01345,58.59067],[9.01643,58.59273],[9.01896,58.59318],[9.01766,58.59412],[9.01879,58.59467],[9.02103,58.59482],[9.02647,58.59374],[9.02779,58.59396],[9.02724,58.59479],[9.02282,58.59533],[9.0224,58.59607],[9.02799,58.59615],[9.03035,58.59524],[9.03232,58.59517],[9.03448,58.5957],[9.03449,58.59605],[9.03223,58.59666],[9.03045,58.5967],[9.03033,58.59699],[9.03715,58.59773],[9.03833,58.59697],[9.0365,58.59612],[9.03692,58.59555],[9.03171,58.59337],[9.03201,58.59153]],[[9.05934,58.59707],[9.05745,58.59729],[9.05755,58.59809],[9.05621,58.59876],[9.05768,58.59881],[9.05919,58.598]],[[9.07616,58.60015],[9.08243,58.60094],[9.08463,58.60085],[9.08496,58.60051],[9.08257,58.59907],[9.07864,58.59779],[9.07774,58.59779],[9.07743,58.59849],[9.07667,58.59846],[9.07516,58.59688],[9.07576,58.59641],[9.07398,58.59553],[9.07386,58.59454],[9.07079,58.59333]],[[9.03812,58.59182],[9.03792,58.59327],[9.0408,58.59494],[9.04098,58.59571],[9.04263,58.59702],[9.0484,58.59854],[9.05577,58.59879],[9.05647,58.59954],[9.05885,58.59997]],[[9.05885,58.59997],[9.06162,58.59997],[9.06244,58.59911],[9.06326,58.59903],[9.06612,58.6003],[9.07354,58.60155],[9.07452,58.60129],[9.07202,58.59982],[9.07616,58.60015]],[[9.02064,58.59903],[9.01902,58.59864],[9.01795,58.59881],[9.01741,58.59793],[9.01649,58.59817],[9.01797,58.59946],[9.02048,58.5993],[9.02064,58.59903]],[[9.05789,58.60561],[9.05694,58.60556],[9.05651,58.60624],[9.05763,58.60714]],[[9.05763,58.60714],[9.05936,58.60754],[9.06225,58.60691],[9.06162,58.60631],[9.05789,58.60561]],[[9.0543,58.60732],[9.05396,58.60698],[9.04891,58.60606],[9.04629,58.60388],[9.04342,58.60348],[9.04428,58.60493],[9.0477,58.60707],[9.05052,58.60698],[9.05181,58.60792],[9.05319,58.60792],[9.0543,58.60732]],[[9.10232,58.61277],[9.10967,58.6128],[9.11101,58.61225],[9.10692,58.61171],[9.10437,58.61098],[9.1022,58.61127],[9.10156,58.61196],[9.10038,58.61154],[9.09948,58.61171],[9.09995,58.61228],[9.10232,58.61277]],[[9.03624,58.60944],[9.03604,58.60906],[9.04016,58.60719],[9.03968,58.60625],[9.03689,58.60455],[9.03776,58.60403],[9.03743,58.60311],[9.03239,58.60256],[9.02744,58.60126],[9.02685,58.60079],[9.02741,58.60003],[9.02595,58.59963],[9.01946,58.60017],[9.01806,58.60057],[9.01607,58.60237],[9.01689,58.60487],[9.02148,58.608],[9.02339,58.60796],[9.02505,58.60842],[9.02353,58.6089],[9.02349,58.60951],[9.02735,58.60901],[9.03269,58.60927],[9.03294,58.61004],[9.03474,58.61016],[9.03593,58.6099],[9.03624,58.60944]],[[9.05729,58.60912],[9.05438,58.60863],[9.05675,58.61019],[9.05641,58.61071],[9.05544,58.61092],[9.05682,58.61189]],[[9.12283,58.61557],[9.12227,58.61529],[9.12088,58.61544],[9.12066,58.61672],[9.12396,58.61913],[9.12415,58.61796],[9.12283,58.61557]],[[9.04414,58.61447],[9.04242,58.61394],[9.0393,58.61402],[9.04182,58.61457],[9.04162,58.61522],[9.04236,58.61549],[9.04414,58.61447]],[[9.05942,58.61687],[9.05752,58.61664],[9.05723,58.6173],[9.05938,58.61867],[9.06017,58.61851],[9.05881,58.61755],[9.05987,58.61718],[9.05942,58.61687]],[[9.1214,58.62163],[9.11987,58.62136],[9.11843,58.62021],[9.11434,58.61953],[9.11882,58.62188],[9.12264,58.62275],[9.12294,58.62224],[9.1214,58.62163]],[[9.08478,58.62316],[9.08869,58.62394],[9.08981,58.62335],[9.08861,58.62262],[9.08591,58.62271],[9.08177,58.61951],[9.07999,58.61957],[9.07841,58.61854],[9.07548,58.61776],[9.0742,58.61913],[9.07454,58.62014],[9.07299,58.62033],[9.07306,58.62072],[9.08067,58.62216],[9.08071,58.62286],[9.08148,58.62321],[9.08207,58.62335],[9.08266,58.623],[9.08437,58.62394],[9.08552,58.62396],[9.08478,58.62316]],[[9.0275,58.62151],[9.0265,58.62174],[9.02604,58.62237],[9.02695,58.62397],[9.02804,58.62462],[9.03065,58.62275],[9.0275,58.62151]],[[8.99568,58.59396],[9.00101,58.59382],[9.00345,58.59423],[9.0045,58.5937],[9.00568,58.59465],[9.00933,58.59519],[9.01267,58.59641],[9.01289,58.59703],[9.01075,58.59891],[9.0115,58.59906],[9.01273,58.59855],[9.01302,58.59966],[9.00853,58.59994],[9.00811,58.60066],[9.01016,58.60176],[9.01356,58.60471],[9.01578,58.60556],[9.01629,58.60675],[9.01773,58.60778],[9.01423,58.61078],[9.01177,58.6121],[9.01292,58.61245],[9.0126,58.61325],[9.01789,58.61365],[9.02001,58.61326],[9.02234,58.61355],[9.02399,58.61497],[9.02287,58.61545],[9.0226,58.61615],[9.0214,58.61632],[9.02188,58.61739],[9.01804,58.61717],[9.01793,58.61753],[9.02247,58.61975],[9.02435,58.62019],[9.02499,58.61976],[9.02706,58.62011],[9.03088,58.6216],[9.03234,58.62091],[9.03301,58.61949],[9.03646,58.61993],[9.03719,58.61875],[9.03257,58.61779],[9.02928,58.61538],[9.0286,58.61271],[9.03049,58.61238],[9.03583,58.6139],[9.03727,58.61588],[9.03193,58.61471],[9.03132,58.61501],[9.03224,58.61576],[9.03484,58.61568],[9.03624,58.61612],[9.03871,58.61824],[9.04062,58.61816],[9.04284,58.61742],[9.0455,58.61813],[9.04855,58.61819],[9.05314,58.61725],[9.05473,58.61853],[9.05183,58.61877],[9.05063,58.61928],[9.05311,58.62003],[9.05543,58.62007]],[[9.14042,58.62784],[9.13979,58.62762],[9.1402,58.62597],[9.1368,58.62583],[9.13491,58.62697],[9.13473,58.626],[9.13406,58.6259],[9.1329,58.62674],[9.13375,58.62748],[9.13597,58.62752],[9.13709,58.6279],[9.13572,58.62849],[9.13504,58.62813],[9.13274,58.62831],[9.13483,58.62959]],[[9.05682,58.61189],[9.0676,58.61452],[9.06875,58.61444],[9.06999,58.61357],[9.07181,58.61361],[9.07357,58.61464],[9.07699,58.61572],[9.07664,58.61686],[9.07864,58.61778],[9.08149,58.61815],[9.08426,58.61971],[9.08949,58.62108],[9.09305,58.62117],[9.09496,58.6196],[9.09634,58.61986],[9.09586,58.62209],[9.09976,58.62333],[9.09967,58.62385],[9.10186,58.6253],[9.10811,58.62786],[9.10883,58.6277],[9.10882,58.62645],[9.10307,58.62463],[9.10239,58.62396],[9.11004,58.62624],[9.11172,58.62588],[9.11192,58.62458],[9.11319,58.62459],[9.11557,58.62632],[9.1151,58.62647],[9.11329,58.62584],[9.11238,58.6268],[9.11489,58.62812],[9.12003,58.62962],[9.12161,58.62846],[9.12382,58.62827],[9.12559,58.62761],[9.12475,58.62688],[9.12567,58.62599],[9.125,58.62556],[9.12206,58.62466],[9.12118,58.62527],[9.1202,58.62486],[9.12092,58.62434],[9.11996,58.6236],[9.11678,58.62265],[9.11594,58.62318],[9.11347,58.62215],[9.1124,58.62285],[9.11128,58.62155],[9.11142,58.62008],[9.10429,58.61729],[9.10616,58.61676],[9.10621,58.61639],[9.10809,58.61725],[9.1106,58.61755],[9.11505,58.61906],[9.11816,58.61953],[9.11798,58.6191],[9.11623,58.61845],[9.11716,58.61801],[9.11705,58.61751],[9.11087,58.61564],[9.11217,58.61505],[9.1112,58.61459],[9.1102,58.61482],[9.10946,58.61567],[9.11282,58.61731],[9.11265,58.61762],[9.10769,58.61612],[9.10476,58.61471],[9.10161,58.614],[9.09935,58.6143],[9.09679,58.61292],[9.09536,58.61345],[9.09604,58.61401],[9.0987,58.61463],[9.099,58.61564],[9.09732,58.61514],[9.0965,58.61551],[9.09088,58.61467],[9.08934,58.61373],[9.08649,58.61298],[9.08479,58.61296],[9.07887,58.61415],[9.0784,58.61385],[9.0793,58.61329],[9.07959,58.61207],[9.07857,58.611],[9.07681,58.61026],[9.07707,58.60973],[9.07434,58.6089],[9.07197,58.60896],[9.07084,58.61028],[9.07112,58.61108],[9.07035,58.61138],[9.06768,58.61065],[9.06656,58.60955],[9.06321,58.60787],[9.0601,58.60781],[9.05938,58.60925],[9.05834,58.60952],[9.05729,58.60912]],[[9.11496,58.62849],[9.11139,58.62728],[9.11058,58.62739],[9.11008,58.62808],[9.11125,58.6299],[9.11254,58.63008],[9.11556,58.62921],[9.11496,58.62849]],[[9.13483,58.62959],[9.13668,58.63064],[9.1276,58.62921],[9.12644,58.62867],[9.12584,58.62915],[9.12626,58.63195]],[[9.13955,58.633],[9.14102,58.63295],[9.14155,58.63241],[9.14198,58.63305],[9.14404,58.63372],[9.14603,58.63229],[9.14141,58.63145],[9.14289,58.63054],[9.14442,58.63125],[9.14514,58.63027],[9.14299,58.62814],[9.14229,58.62799],[9.14132,58.62845],[9.14042,58.62784]],[[9.13955,58.633],[9.13623,58.63262],[9.13938,58.63399]],[[9.13926,58.63474],[9.1401,58.63454],[9.13938,58.63399]],[[9.13926,58.63474],[9.13875,58.63489],[9.13919,58.63516]],[[9.13892,58.63674],[9.14188,58.6368],[9.14266,58.63618],[9.13919,58.63516]],[[9.12161,58.6312],[9.1169,58.62962],[9.11563,58.63056],[9.11291,58.63059],[9.11265,58.63201],[9.11052,58.63265],[9.11021,58.63312],[9.11109,58.63415],[9.11404,58.63536],[9.11717,58.63585],[9.12033,58.63552],[9.1216,58.63515],[9.12186,58.63445],[9.12466,58.63258],[9.12161,58.6312]],[[9.15051,58.63627],[9.14836,58.6356],[9.14756,58.63584],[9.14569,58.63818],[9.14748,58.63924],[9.14972,58.63951],[9.15146,58.63837],[9.15051,58.63627]],[[9.13848,58.63937],[9.13856,58.63886]],[[9.13856,58.63886],[9.13715,58.63867],[9.13712,58.63749],[9.13055,58.63433],[9.12916,58.63421],[9.1278,58.63475],[9.12645,58.63343],[9.12451,58.63434],[9.1237,58.63602],[9.12451,58.63734],[9.1261,58.63694],[9.1258,58.63607],[9.12656,58.63579],[9.12885,58.63853],[9.1316,58.6393],[9.13481,58.63904],[9.13848,58.63937]],[[9.16214,58.63894],[9.16071,58.63898],[9.16071,58.64002],[9.16143,58.64072],[9.16262,58.64101],[9.16214,58.63894]],[[9.11729,58.64049],[9.11358,58.63873],[9.112,58.63889],[9.11102,58.63976],[9.11173,58.64024]],[[9.10792,58.64006],[9.11012,58.63915],[9.1095,58.63785],[9.10608,58.63652],[9.10234,58.63679],[9.10069,58.6374],[9.09984,58.63687],[9.10027,58.63618],[9.09951,58.63511],[9.10086,58.63425],[9.09963,58.6339],[9.09883,58.6343],[9.09776,58.63327],[9.09243,58.6321],[9.08997,58.63221],[9.08844,58.631],[9.08457,58.63019],[9.08509,58.62957],[9.08358,58.62913],[9.08254,58.62905],[9.08253,58.62976],[9.08185,58.62997],[9.07609,58.62946],[9.07803,58.62872],[9.07808,58.62767],[9.07443,58.62722],[9.0671,58.62478],[9.07117,58.6249],[9.07328,58.62581],[9.0766,58.62613],[9.07746,58.62585],[9.07783,58.62445],[9.07431,58.62281],[9.07109,58.62198],[9.06986,58.6223],[9.06762,58.621],[9.06392,58.62012],[9.06263,58.62042],[9.06279,58.62181],[9.06532,58.623],[9.06575,58.62375],[9.06319,58.62441],[9.06531,58.6255],[9.06354,58.62603],[9.06383,58.62899],[9.06286,58.62938],[9.0612,58.62728],[9.06179,58.62657],[9.06109,58.62573],[9.05831,58.62463],[9.05504,58.6239],[9.05854,58.62218],[9.05825,58.62075],[9.05543,58.62007]],[[9.16122,58.6425],[9.162,58.64153],[9.15955,58.6403],[9.15709,58.63834],[9.15806,58.63797],[9.15921,58.63881],[9.16003,58.63802],[9.15731,58.63723],[9.1552,58.63873],[9.15342,58.63844],[9.15266,58.63924],[9.15378,58.64058],[9.15658,58.64114],[9.15952,58.64242]],[[9.15952,58.64242],[9.16071,58.64276],[9.16122,58.6425]],[[9.11173,58.64024],[9.11329,58.64095],[9.11784,58.64141],[9.11729,58.64049]],[[9.15159,58.64231],[9.15054,58.64249],[9.15,58.64312],[9.15398,58.64376],[9.15404,58.6434],[9.15126,58.64297],[9.15159,58.64231]],[[9.10792,58.64006],[9.11043,58.64033],[9.11334,58.64198],[9.11542,58.64219],[9.11822,58.64342]],[[9.11822,58.64342],[9.12048,58.64438],[9.12117,58.64527],[9.12432,58.64549],[9.1271,58.64366],[9.12854,58.64344],[9.12992,58.6438]],[[9.14747,58.64615],[9.14598,58.64562],[9.14473,58.64599],[9.14432,58.64537],[9.14304,58.64545],[9.14307,58.64595],[9.14681,58.64746],[9.14767,58.64715],[9.14747,58.64615]],[[9.12992,58.6438],[9.13164,58.64496],[9.1299,58.64617],[9.12986,58.64678],[9.13071,58.64694],[9.13278,58.64599],[9.13719,58.64704]],[[9.15386,58.64922],[9.15265,58.64906],[9.15243,58.64986],[9.15571,58.65054],[9.15727,58.65173],[9.15872,58.65142],[9.15868,58.65074],[9.15386,58.64922]],[[9.1365,58.65115],[9.13771,58.6503],[9.1395,58.65099],[9.14127,58.65047],[9.13719,58.64704]],[[9.16871,58.65395],[9.16746,58.65373],[9.16612,58.6546],[9.16885,58.65527],[9.16871,58.65395]],[[9.17966,58.65601],[9.17436,58.65456],[9.17752,58.65638],[9.17971,58.6565],[9.17966,58.65601]],[[9.1365,58.65115],[9.13489,58.6496],[9.13194,58.6495],[9.13151,58.65001],[9.13259,58.65098],[9.13594,58.65186],[9.13534,58.6524],[9.13286,58.6524],[9.13412,58.65327],[9.13304,58.65358],[9.13328,58.6541],[9.13592,58.6546]],[[9.13557,58.65666],[9.13872,58.65742],[9.13949,58.65715],[9.13825,58.65553],[9.13592,58.6546]],[[9.13537,58.65781],[9.13424,58.65794],[9.13524,58.65859]],[[9.13557,58.65666],[9.13202,58.65481],[9.12605,58.65338],[9.12866,58.65228],[9.12921,58.65083],[9.13063,58.65073],[9.13009,58.65017],[9.1287,58.64967],[9.12696,58.64976],[9.12763,58.65076],[9.12621,58.65108],[9.12266,58.65017],[9.12126,58.65015],[9.12315,58.65093],[9.12345,58.65167],[9.12279,58.65194],[9.12119,58.65169],[9.12028,58.65285],[9.12061,58.65322],[9.12338,58.65436],[9.12883,58.65491],[9.1298,58.65537],[9.12988,58.65605],[9.13289,58.65655],[9.13323,58.65704],[9.13166,58.65732],[9.131,58.65812],[9.13512,58.65933]],[[9.18016,58.66587],[9.17949,58.66534],[9.17795,58.66572],[9.17552,58.66542],[9.17896,58.66655],[9.17991,58.66639],[9.18016,58.66587]],[[9.13537,58.65781],[9.13629,58.65836],[9.13786,58.6584],[9.13888,58.65768],[9.14594,58.66019],[9.14666,58.65849],[9.14129,58.6563],[9.13986,58.6544],[9.14019,58.65406],[9.1414,58.65405],[9.14072,58.65222],[9.14155,58.65166],[9.14273,58.65114],[9.14684,58.65072],[9.14801,58.65125],[9.14829,58.65294],[9.14956,58.65296],[9.15017,58.65237],[9.15123,58.65251],[9.15213,58.65386],[9.15619,58.65555],[9.15394,58.65717],[9.15432,58.65782],[9.15385,58.65805],[9.15616,58.65887],[9.15591,58.65928],[9.15299,58.66015],[9.15151,58.65996],[9.15282,58.66072],[9.15187,58.66128],[9.14764,58.66089],[9.15159,58.66283],[9.1515,58.66353],[9.15031,58.66429],[9.15028,58.66682],[9.15356,58.66406],[9.15672,58.66421],[9.15633,58.66327],[9.15725,58.66258],[9.15814,58.66258],[9.16069,58.66331],[9.16062,58.66404],[9.16272,58.66463],[9.16473,58.66725],[9.16624,58.66795],[9.1657,58.66702],[9.16706,58.66627],[9.16516,58.66354],[9.1634,58.66303],[9.16306,58.66253],[9.1642,58.66125],[9.16595,58.66175],[9.16716,58.66127],[9.16737,58.66182],[9.16639,58.66241],[9.16932,58.6634],[9.16967,58.66411],[9.17161,58.66404],[9.17265,58.66311],[9.17536,58.66377],[9.17601,58.66363],[9.17611,58.66306],[9.17426,58.66187],[9.16951,58.66013],[9.16734,58.66101],[9.16516,58.66002],[9.16361,58.65978],[9.16369,58.65865],[9.16453,58.65828],[9.16593,58.6583],[9.16564,58.65761],[9.16736,58.65649],[9.17188,58.6583],[9.17178,58.65914],[9.17284,58.65971],[9.17588,58.65926],[9.17892,58.65977],[9.18282,58.66113],[9.18551,58.66266]],[[9.20225,58.67052],[9.20343,58.67006],[9.20251,58.66922],[9.20303,58.66883],[9.2022,58.66741],[9.20289,58.66604],[9.20004,58.66579],[9.19576,58.66628],[9.19436,58.66648],[9.19181,58.66763],[9.19088,58.66751],[9.18718,58.66639],[9.18832,58.66516],[9.18551,58.66266]],[[9.20225,58.67052],[9.20049,58.67078],[9.20229,58.67161]],[[9.20229,58.67161],[9.20529,58.67368],[9.20581,58.67356],[9.20514,58.67298],[9.20558,58.67249],[9.20859,58.67208],[9.2119,58.67354],[9.21111,58.67433],[9.20951,58.67419],[9.21041,58.67503],[9.21201,58.67481],[9.21265,58.67565],[9.21217,58.67621],[9.20929,58.67652],[9.21049,58.67763],[9.20957,58.67815],[9.21067,58.67928],[9.21161,58.67846],[9.2132,58.67852],[9.21432,58.67923],[9.21463,58.68201],[9.21779,58.68172]],[[9.22418,58.6819],[9.22413,58.68087],[9.22258,58.68017],[9.2213,58.6806],[9.21954,58.68051],[9.22046,58.68169],[9.22368,58.68254],[9.22418,58.6819]],[[9.22965,58.68401],[9.22411,58.68263],[9.22337,58.68333],[9.22136,58.68218],[9.22076,58.68226],[9.22246,58.68357],[9.22705,58.6841],[9.22764,58.68468],[9.22962,58.68476],[9.22965,58.68401]],[[8.99999,58.67309],[9.00154,58.67312],[9.00299,58.67253],[9.00371,58.67155],[8.99716,58.66724]],[[8.99825,58.66655],[9.00189,58.66741],[9.00883,58.66997],[9.01308,58.67077],[9.01606,58.67233],[9.02331,58.6745],[9.0259,58.67482],[9.03108,58.67633],[9.03437,58.67649],[9.03618,58.67607],[9.03929,58.67663],[9.03979,58.67714],[9.03822,58.67778],[9.03992,58.67836],[9.04242,58.67871],[9.04546,58.67846]],[[9.07437,58.68353],[9.07216,58.68202],[9.06962,58.68143],[9.06547,58.68118],[9.0656,58.68144],[9.0703,58.68205],[9.07103,58.68242],[9.0712,58.68339]],[[9.22252,58.69029],[9.22015,58.68904],[9.22521,58.69038],[9.22784,58.68982],[9.22943,58.68842],[9.22585,58.68637],[9.2258,58.68563],[9.22455,58.68489],[9.2223,58.68448],[9.22114,58.68279],[9.21964,58.68328],[9.21779,58.68172]],[[9.21604,58.69221],[9.21699,58.69203],[9.21769,58.69132],[9.22268,58.69126],[9.22252,58.69029]],[[9.09544,58.68864],[9.09309,58.68847],[9.09451,58.6893],[9.09643,58.68972],[9.09544,58.68864]],[[9.07437,58.68353],[9.07526,58.68406],[9.0772,58.68402],[9.07984,58.68484],[9.09232,58.68626],[9.0955,58.68723],[9.10277,58.68852],[9.11642,58.6899],[9.11682,58.69093],[9.11861,58.69064],[9.11959,58.68991],[9.12991,58.69021]],[[9.12991,58.69021],[9.1354,58.69024],[9.14105,58.69115],[9.14392,58.69075],[9.14989,58.69219],[9.15362,58.69267],[9.1569,58.69266],[9.15821,58.69344],[9.1602,58.6933],[9.16162,58.69263],[9.16982,58.69293],[9.17544,58.69257],[9.18064,58.69277],[9.18284,58.69226],[9.18506,58.69237],[9.18565,58.69279],[9.18515,58.69386],[9.18586,58.69416],[9.18792,58.69454],[9.18901,58.69437],[9.19819,58.69604],[9.20744,58.69474],[9.20914,58.69397],[9.20885,58.69246],[9.20943,58.69205],[9.21046,58.69173],[9.21237,58.69194]],[[9.1821,58.69526],[9.17805,58.69482],[9.17735,58.69516],[9.1816,58.69641],[9.18247,58.69583],[9.1821,58.69526]],[[9.20674,58.69882],[9.20953,58.69716],[9.20942,58.6968],[9.20756,58.69623],[9.2048,58.69627],[9.20005,58.69812],[9.20566,58.69906],[9.20674,58.69882]],[[9.21474,58.70004],[9.21875,58.6984],[9.21874,58.69546],[9.2155,58.69546]],[[9.2155,58.69546],[9.21053,58.69689],[9.20949,58.69884],[9.2098,58.69969],[9.21253,58.70038],[9.21474,58.70004]],[[9.20202,58.69993],[9.19811,58.69983],[9.19788,58.70036],[9.19964,58.70133],[9.20115,58.70149],[9.20337,58.70044],[9.20202,58.69993]],[[9.0712,58.68339],[9.07154,58.68395],[9.07097,58.68432],[9.06843,58.68427],[9.06789,58.68469],[9.06884,58.68547],[9.07018,58.68537],[9.07104,58.68489],[9.07226,58.68509],[9.07042,58.68626],[9.07066,58.68662],[9.07243,58.68673],[9.07439,58.68625],[9.07409,58.68559],[9.07319,58.68539],[9.07373,58.68501],[9.07749,58.68708],[9.08641,58.68729],[9.08955,58.68913],[9.09295,58.68987],[9.09854,58.69294],[9.09901,58.69274],[9.09768,58.69105],[9.0987,58.68991],[9.10039,58.68992],[9.10457,58.69091],[9.10549,58.69243],[9.10731,58.69344],[9.10691,58.69465],[9.10879,58.69604],[9.11275,58.69598],[9.11506,58.69728],[9.11535,58.69775],[9.11181,58.69833],[9.11186,58.69867],[9.1181,58.69803],[9.11981,58.69816],[9.12278,58.69907],[9.12487,58.69745],[9.12903,58.69546]],[[9.19774,58.70144],[9.19627,58.70067],[9.19456,58.70128],[9.19385,58.70102],[9.19379,58.70043],[9.19103,58.69928],[9.18907,58.69929],[9.18754,58.69852],[9.18587,58.69856],[9.18913,58.70035],[9.1936,58.70156],[9.19437,58.70232],[9.19547,58.70255],[9.19754,58.70208],[9.19774,58.70144]],[[9.12903,58.69546],[9.13029,58.69499],[9.1316,58.69504],[9.13118,58.69511],[9.13275,58.6956],[9.13686,58.6963],[9.14094,58.69507],[9.14408,58.69538],[9.14981,58.69758],[9.14963,58.69962],[9.15021,58.70039],[9.15258,58.69975],[9.15347,58.69878],[9.15315,58.69802],[9.15107,58.69737],[9.15102,58.69696],[9.15348,58.69602],[9.15534,58.69597],[9.16315,58.69771],[9.16336,58.69916],[9.1675,58.69889],[9.16901,58.69827],[9.1734,58.69849],[9.18113,58.70137],[9.18484,58.70145],[9.18786,58.70227],[9.194,58.7032],[9.19637,58.70411],[9.21211,58.70712],[9.21257,58.70686],[9.21132,58.7058],[9.21394,58.70483]],[[9.24393,58.70764],[9.24279,58.70698],[9.23979,58.7073],[9.24061,58.70619],[9.23953,58.70582],[9.23712,58.70669],[9.23864,58.70735],[9.23781,58.70802],[9.23921,58.70887],[9.24263,58.70975],[9.24365,58.70969],[9.24393,58.70764]],[[9.10019,58.70347],[9.10149,58.70314],[9.10244,58.70142],[9.10424,58.70079],[9.10615,58.69908],[9.1046,58.69591],[9.10051,58.69331],[9.09968,58.69358],[9.10317,58.6966],[9.10344,58.69815],[9.10253,58.69932],[9.09698,58.70301],[9.10019,58.70347]],[[9.24973,58.71492],[9.25044,58.71455],[9.25235,58.71472],[9.2535,58.71408],[9.25386,58.71293],[9.25256,58.71224],[9.2511,58.71255],[9.24974,58.71205],[9.24766,58.71257],[9.24768,58.71199],[9.25011,58.71126],[9.24906,58.71096],[9.24665,58.71107],[9.24589,58.71147],[9.24496,58.71405],[9.24698,58.71452],[9.2476,58.71502],[9.24973,58.71492]],[[9.23551,58.71536],[9.2334,58.71459],[9.23285,58.71319],[9.23108,58.71236],[9.22325,58.71028],[9.22358,58.70992],[9.22913,58.71027],[9.2286,58.70898],[9.22943,58.70829],[9.22839,58.70724],[9.22151,58.70562],[9.21976,58.7045],[9.21844,58.70418],[9.21394,58.70483]],[[9.25718,58.71417],[9.25292,58.71499],[9.25233,58.71518],[9.25253,58.71564],[9.25654,58.71641],[9.25956,58.71591],[9.25718,58.71417]],[[9.25348,58.71655],[9.24782,58.71575],[9.24623,58.71622],[9.24605,58.71685],[9.24685,58.71729],[9.24856,58.71731],[9.25263,58.71696],[9.25348,58.71655]],[[9.11359,58.71189],[9.11066,58.7084],[9.10892,58.70788],[9.10827,58.71031],[9.10884,58.71155],[9.11136,58.71179],[9.11371,58.7129],[9.11359,58.71189]],[[9.21092,58.72302],[9.21309,58.72344],[9.21814,58.72359],[9.21851,58.72467],[9.22142,58.72502]],[[9.12486,58.72012],[9.12118,58.71939],[9.12076,58.71723],[9.11658,58.71519],[9.11518,58.71588],[9.11679,58.71688],[9.1168,58.71737],[9.11246,58.71846],[9.11355,58.71997],[9.11514,58.72073]],[[9.11514,58.72073],[9.11879,58.72071]],[[9.25739,58.72739],[9.25751,58.72657],[9.25853,58.72668],[9.25861,58.72603],[9.25648,58.72585],[9.25621,58.72737],[9.25739,58.72739]],[[9.21092,58.72302],[9.20837,58.72277],[9.20623,58.72304],[9.21045,58.72584]],[[9.1556,58.72388],[9.16137,58.72397],[9.16512,58.72344],[9.16525,58.72289],[9.16402,58.72255],[9.16342,58.72139],[9.16372,58.72031],[9.16178,58.72065],[9.16181,58.72159],[9.1605,58.72176],[9.16074,58.72096],[9.15957,58.721],[9.15833,58.72136],[9.15833,58.72217],[9.15723,58.72261],[9.15239,58.7234],[9.1556,58.72388]],[[9.11879,58.72071],[9.12123,58.7211],[9.12078,58.72259],[9.12437,58.72301]],[[9.13932,58.72357],[9.13833,58.72318],[9.13553,58.7233],[9.13428,58.7218],[9.13115,58.72202],[9.13233,58.72261],[9.13176,58.72368],[9.13658,58.72407],[9.13932,58.72357]],[[9.30254,58.72842],[9.29997,58.72867],[9.299,58.73033],[9.29936,58.73178],[9.30318,58.73045],[9.30246,58.73016],[9.30233,58.7295],[9.30319,58.72865],[9.30254,58.72842]],[[9.28138,58.72915],[9.27905,58.72965],[9.27827,58.73056],[9.2787,58.73097],[9.28076,58.73027],[9.28138,58.72915]],[[9.22142,58.72502],[9.22345,58.72568],[9.22338,58.72639],[9.22474,58.72706],[9.23125,58.72821],[9.23331,58.72814],[9.23539,58.72905],[9.24285,58.72863],[9.2434,58.72756],[9.24216,58.72686],[9.2444,58.72583],[9.24404,58.72352],[9.24306,58.72291],[9.24012,58.72261],[9.23452,58.72099],[9.23801,58.72034],[9.24028,58.71865],[9.24024,58.71689],[9.23551,58.71536]],[[9.26613,58.7246],[9.26506,58.72467],[9.26453,58.72346],[9.26492,58.72263],[9.26669,58.72248],[9.26701,58.72024],[9.26162,58.72019],[9.25867,58.7236],[9.25893,58.72049],[9.25411,58.71977],[9.25781,58.71913],[9.2585,58.71834],[9.25705,58.71778],[9.25239,58.71756],[9.25128,58.71902],[9.25248,58.71975],[9.2507,58.72015],[9.25025,58.721],[9.25287,58.72262],[9.25343,58.72369],[9.25281,58.72404],[9.25197,58.72379],[9.25047,58.72478],[9.25297,58.72528],[9.25381,58.72598],[9.25512,58.72546],[9.25423,58.72491],[9.25442,58.72455],[9.25787,58.72457],[9.2589,58.72421],[9.26085,58.7289],[9.26219,58.72973],[9.26485,58.72996],[9.26674,58.73054]],[[9.12415,58.72432],[9.12628,58.72379],[9.1255,58.7231],[9.12437,58.72301]],[[9.26674,58.73054],[9.26839,58.73105],[9.26966,58.73005],[9.27185,58.72954],[9.27528,58.73034],[9.27644,58.72929],[9.27534,58.72797],[9.27389,58.72818],[9.27118,58.72734],[9.27092,58.724],[9.26613,58.7246]],[[9.29569,58.73379],[9.29821,58.73209],[9.29632,58.72992]],[[9.30596,58.73542],[9.30867,58.73447],[9.31066,58.73425],[9.31017,58.73388],[9.30857,58.73406],[9.3085,58.73367],[9.30982,58.73319],[9.30862,58.73292],[9.30778,58.73178],[9.30805,58.7307],[9.30661,58.73039],[9.30547,58.72916],[9.30375,58.73007],[9.304,58.73107],[9.30345,58.73159],[9.30067,58.73206],[9.30054,58.73295],[9.29956,58.73289],[9.29719,58.7339],[9.29649,58.73477],[9.29756,58.73553],[9.29886,58.73499],[9.30017,58.73587],[9.30471,58.73597],[9.30596,58.73542]],[[9.29632,58.72992],[9.29405,58.72921],[9.29543,58.72909],[9.29568,58.7282],[9.29354,58.72827],[9.29237,58.72704],[9.29061,58.72654],[9.28785,58.72728],[9.2878,58.72848],[9.28664,58.72992],[9.2835,58.73023],[9.28066,58.73181],[9.28167,58.73365],[9.2849,58.73481],[9.28776,58.73549],[9.28893,58.7354],[9.28923,58.73501],[9.28832,58.73387],[9.28909,58.73363],[9.2921,58.73465],[9.29369,58.73642],[9.29524,58.73649]],[[9.29524,58.73649],[9.29661,58.73647],[9.29555,58.73464]],[[9.31924,58.73589],[9.31526,58.73565],[9.31258,58.73596],[9.31354,58.73655],[9.31609,58.73706],[9.31646,58.73758],[9.31953,58.73649],[9.31988,58.73623],[9.31924,58.73589]],[[9.22598,58.73337],[9.2284,58.73394],[9.23156,58.73383],[9.23565,58.73316],[9.23592,58.7328],[9.23529,58.73242],[9.22905,58.73266],[9.22764,58.73139],[9.2251,58.73188],[9.22211,58.7309],[9.22009,58.73092],[9.22068,58.73208],[9.22357,58.73311],[9.22457,58.73389],[9.22598,58.73337]],[[9.12331,58.72931],[9.12758,58.72937],[9.13153,58.72993],[9.13368,58.72861],[9.13781,58.72729],[9.14434,58.72691],[9.14609,58.72729],[9.14886,58.72651],[9.15005,58.7267],[9.14995,58.72786],[9.15184,58.72833],[9.1543,58.72819],[9.15667,58.72874],[9.15728,58.7273],[9.15634,58.72693],[9.15504,58.72698],[9.15514,58.7265],[9.16013,58.72491],[9.18631,58.72452],[9.18975,58.72366],[9.19629,58.72389],[9.19732,58.72294],[9.19909,58.72247],[9.20214,58.72306],[9.20385,58.72284],[9.20218,58.72025],[9.19976,58.71891],[9.19924,58.7193],[9.19777,58.71942],[9.19576,58.71903],[9.19211,58.71603],[9.19323,58.71592],[9.1986,58.718],[9.19763,58.71584],[9.19684,58.71546],[9.18892,58.71456],[9.18658,58.71463],[9.1857,58.71581],[9.19149,58.71795],[9.19204,58.71994],[9.19023,58.72052],[9.18715,58.7206],[9.18403,58.72142],[9.18183,58.72097],[9.17865,58.72143],[9.17567,58.72114],[9.16929,58.71912],[9.16829,58.71843],[9.1613,58.71796],[9.1485,58.71918],[9.14752,58.71954],[9.14668,58.72094],[9.14513,58.7215],[9.14038,58.72046],[9.13834,58.71956],[9.13825,58.7187],[9.13698,58.71808],[9.13312,58.71976],[9.13014,58.71961],[9.12831,58.72041],[9.12486,58.72012]],[[9.05866,58.72782],[9.05723,58.72526],[9.05959,58.72625],[9.0652,58.72644],[9.06721,58.72704],[9.0699,58.727],[9.07308,58.72626],[9.07615,58.72639],[9.07802,58.72695],[9.07982,58.7258],[9.08286,58.72527],[9.08913,58.72565],[9.09323,58.7265],[9.09911,58.7264],[9.09969,58.72589],[9.0994,58.72509],[9.10291,58.72496],[9.10618,58.72299],[9.10993,58.72263],[9.11066,58.72308],[9.10982,58.72415],[9.10844,58.72447],[9.10925,58.72505],[9.12415,58.72432]],[[9.11476,58.73041],[9.11561,58.7301],[9.11513,58.72944],[9.11764,58.72906],[9.12331,58.72931]],[[9.22679,58.73549],[9.21961,58.73339],[9.21562,58.72985],[9.21231,58.72821],[9.21045,58.72584]],[[9.10958,58.73017],[9.10838,58.73095],[9.10874,58.73126],[9.11195,58.73067],[9.11203,58.73028]],[[9.31798,58.73955],[9.31568,58.74035],[9.31804,58.74126],[9.31911,58.74115],[9.31955,58.74053],[9.31856,58.73958]],[[9.10165,58.73233],[9.10335,58.73204],[9.10401,58.73138],[9.09883,58.73203],[9.09801,58.73315],[9.0991,58.73344],[9.10165,58.73233]],[[9.20836,58.73833],[9.21587,58.73906],[9.22113,58.73858],[9.22754,58.73899],[9.23025,58.7382],[9.23197,58.73705],[9.23137,58.73657],[9.22679,58.73549]],[[9.30133,58.74268],[9.29937,58.74233],[9.29778,58.74347],[9.29876,58.7441],[9.30054,58.74399],[9.30157,58.74366],[9.30133,58.74268]],[[9.31077,58.74466],[9.30753,58.74396],[9.30919,58.7433],[9.30904,58.74276],[9.3072,58.74313],[9.30625,58.74402],[9.30506,58.74389],[9.30438,58.74332],[9.30301,58.74343],[9.30234,58.74386],[9.30271,58.74433],[9.30639,58.74444],[9.30855,58.74496],[9.31065,58.7451],[9.31077,58.74466]],[[9.08798,58.73338],[9.0867,58.73322],[9.08621,58.73369],[9.08957,58.73558],[9.08975,58.73516],[9.08798,58.73338]],[[9.32232,58.74682],[9.32323,58.74637],[9.32586,58.74675],[9.32514,58.74592],[9.32294,58.74572],[9.32264,58.74515],[9.3212,58.74465],[9.31901,58.74478],[9.31756,58.74549],[9.32088,58.74702],[9.32232,58.74682]],[[9.09589,58.73425],[9.09488,58.73426],[9.09595,58.73557],[9.0951,58.73675],[9.09604,58.73714],[9.09762,58.7362],[9.09589,58.73425]],[[9.31843,58.74648],[9.31727,58.74654],[9.31817,58.74715],[9.31804,58.74779],[9.32042,58.74769],[9.31843,58.74648]],[[9.29374,58.74562],[9.29416,58.74483],[9.29602,58.74422],[9.29684,58.74494],[9.29981,58.74598],[9.29997,58.7475],[9.30127,58.74727],[9.3021,58.74807],[9.3042,58.74863],[9.30471,58.74844],[9.30361,58.74715],[9.30513,58.74717],[9.30619,58.74801],[9.30698,58.7481],[9.30755,58.74713],[9.30832,58.74699],[9.31166,58.74765],[9.3122,58.74919],[9.31295,58.7496],[9.31498,58.74953],[9.3157,58.75002],[9.31634,58.74952]],[[9.12118,58.7419],[9.1432,58.73683],[9.14464,58.73621],[9.15546,58.73573],[9.15834,58.73521],[9.16424,58.73543],[9.16719,58.73467],[9.18356,58.73708],[9.19679,58.73817],[9.20521,58.73766],[9.20836,58.73833]],[[9.11476,58.73041],[9.11218,58.73131],[9.10888,58.73189],[9.10704,58.73271],[9.10415,58.73551],[9.10387,58.73737],[9.10293,58.73767],[9.1014,58.73755],[9.09988,58.73823],[9.09377,58.73737],[9.0933,58.73807],[9.09378,58.73872],[9.09589,58.73969],[9.10024,58.74075],[9.10113,58.74228],[9.10397,58.74336],[9.1073,58.74346],[9.12118,58.7419]],[[9.20669,58.74838],[9.2093,58.74791],[9.20935,58.74724],[9.20799,58.74597],[9.20906,58.74489],[9.21066,58.74468],[9.21131,58.74507],[9.21713,58.7451],[9.21878,58.74584],[9.22058,58.74602],[9.23032,58.7429],[9.23731,58.74198],[9.24019,58.74206],[9.24446,58.74331],[9.24467,58.74385],[9.24226,58.74661],[9.24351,58.74807],[9.24789,58.74802],[9.25059,58.74887],[9.25109,58.74843],[9.2536,58.74815],[9.2562,58.74838],[9.25536,58.74629],[9.25548,58.74534],[9.25618,58.74493],[9.25728,58.7455],[9.26261,58.74331],[9.26458,58.74298],[9.26699,58.7433],[9.2681,58.74267],[9.27271,58.74188],[9.28411,58.74155],[9.28606,58.74239],[9.28828,58.74259],[9.29018,58.74373],[9.29245,58.74439],[9.29374,58.74562]],[[9.12825,58.74479],[9.12698,58.74506],[9.12656,58.74566],[9.12716,58.74672],[9.12839,58.74621],[9.12825,58.74479]],[[9.35587,58.75784],[9.35477,58.75731],[9.35257,58.75761],[9.35462,58.7587],[9.35579,58.7584],[9.35587,58.75784]],[[9.34177,58.75848],[9.34191,58.75689],[9.33936,58.757],[9.33923,58.75499],[9.33206,58.75704],[9.33192,58.75632],[9.33072,58.75611],[9.33378,58.75514],[9.33422,58.75333],[9.33259,58.7536],[9.33178,58.75316],[9.33068,58.75456],[9.33018,58.75307],[9.32907,58.7527],[9.32936,58.75212],[9.32479,58.75163],[9.32356,58.75029],[9.32111,58.74985],[9.31994,58.74926],[9.31737,58.74921],[9.31634,58.74952]],[[9.18932,58.75021],[9.1881,58.75028],[9.18806,58.75194],[9.18963,58.75133],[9.18932,58.75021]],[[9.34177,58.75848],[9.34213,58.75898],[9.34323,58.75886],[9.3435,58.75808]],[[9.349,58.75994],[9.35098,58.7592],[9.34971,58.75727],[9.34817,58.75711],[9.34817,58.75665],[9.34972,58.75625],[9.35138,58.75639],[9.35232,58.75594],[9.34948,58.75448],[9.34833,58.75449],[9.34304,58.75625],[9.34265,58.7567],[9.34357,58.75727],[9.3435,58.75808]],[[9.09426,58.74817],[9.10165,58.74822],[9.10358,58.74568],[9.10036,58.74418],[9.09911,58.74425],[9.09803,58.74528],[9.09336,58.74522],[9.09158,58.74445],[9.09125,58.74325],[9.08888,58.74178],[9.08928,58.74563],[9.0887,58.74675],[9.08921,58.7479],[9.09032,58.74836],[9.09426,58.74817]],[[9.12012,58.74815],[9.12356,58.74691],[9.12441,58.74723],[9.12421,58.74828],[9.12622,58.74832],[9.12766,58.74765],[9.12942,58.74842],[9.13381,58.74846],[9.1344,58.7479],[9.13206,58.74703],[9.13122,58.74466],[9.13316,58.74315],[9.13769,58.74232],[9.13816,58.74188],[9.14098,58.74169],[9.14139,58.74216],[9.13821,58.7436],[9.13939,58.74424],[9.13971,58.74526],[9.14099,58.74554],[9.14412,58.74422],[9.143,58.74193],[9.14327,58.74123],[9.14437,58.74084],[9.14693,58.74054],[9.14854,58.74107],[9.14875,58.74154],[9.14765,58.74277],[9.15135,58.74262],[9.15216,58.74237],[9.15221,58.74063],[9.15785,58.73892],[9.15996,58.73885],[9.16308,58.73901],[9.16512,58.74086],[9.16853,58.74132],[9.17053,58.74212],[9.17444,58.74128],[9.17631,58.74185],[9.1765,58.74448],[9.17525,58.74538],[9.17599,58.74624],[9.1791,58.74798],[9.18028,58.74799],[9.18087,58.74672],[9.18327,58.74786],[9.18214,58.74815],[9.18227,58.7496],[9.18032,58.75078],[9.18112,58.7519],[9.18254,58.75171],[9.18319,58.75234],[9.18265,58.75406],[9.18484,58.75352],[9.18432,58.75186],[9.18574,58.75072],[9.18843,58.74517],[9.18784,58.74313],[9.18864,58.74248],[9.19451,58.74267],[9.19712,58.74348],[9.19964,58.74527],[9.20164,58.74556],[9.20232,58.7468],[9.20105,58.7481],[9.2013,58.74881],[9.20356,58.749],[9.20459,58.74847],[9.20669,58.74838]],[[9.3594,58.76452],[9.35976,58.76364],[9.35895,58.763],[9.35466,58.76303],[9.35376,58.76225],[9.35225,58.76205],[9.35832,58.76053],[9.35837,58.76019],[9.3489,58.76026]],[[9.05866,58.72782],[9.05902,58.72936],[9.06435,58.73258],[9.06974,58.73356],[9.07235,58.7345],[9.07368,58.73576],[9.07818,58.73838],[9.08736,58.74209],[9.08679,58.74403],[9.08476,58.74551],[9.08034,58.74614],[9.076,58.74631],[9.07679,58.74849],[9.07447,58.74947],[9.07268,58.7491],[9.07163,58.74951],[9.0711,58.75163],[9.0734,58.75245],[9.07357,58.75371],[9.07172,58.75443],[9.06947,58.75418],[9.06496,58.75563],[9.06571,58.75696],[9.06774,58.75814],[9.06875,58.7579],[9.06916,58.75699],[9.07075,58.7572],[9.07119,58.75783],[9.07075,58.75923],[9.07411,58.76004],[9.07552,58.7598],[9.07644,58.76034],[9.07595,58.7612]],[[9.07672,58.76167],[9.07723,58.76066],[9.07824,58.76064],[9.079,58.75993],[9.07898,58.75899],[9.07773,58.75805],[9.0746,58.75712],[9.07384,58.75596],[9.07624,58.75457],[9.07626,58.75297],[9.07815,58.75266],[9.07757,58.74964],[9.07816,58.74965],[9.07922,58.75073],[9.08073,58.75048],[9.08132,58.74996],[9.08113,58.74899],[9.07969,58.74784],[9.07992,58.74678],[9.08298,58.74914],[9.09074,58.74977],[9.09507,58.75101],[9.09834,58.75003],[9.10034,58.7506],[9.10551,58.74953],[9.1075,58.75005],[9.10968,58.75143],[9.11204,58.7513],[9.11336,58.75092],[9.11506,58.74959],[9.12012,58.74815]],[[9.35987,58.7647],[9.36105,58.76448],[9.36163,58.76492],[9.36303,58.76465],[9.36301,58.76573],[9.36375,58.76593],[9.36547,58.76839],[9.36492,58.77069],[9.36378,58.77152],[9.36537,58.77142]],[[9.36608,58.77102],[9.3665,58.77038],[9.36759,58.77016]],[[9.06963,58.59332],[9.06967,58.59328]],[[9.0822,58.59386],[9.08357,58.59392]],[[9.06882,58.59324],[9.06883,58.59316]],[[9.0822,58.59386],[9.08152,58.59338],[9.07989,58.59376]],[[9.06882,58.59324],[9.06963,58.59332]],[[9.05919,58.598],[9.06214,58.59744],[9.05934,58.59707]],[[9.11608,58.61173],[9.1151,58.61179],[9.11481,58.61282],[9.11662,58.61333],[9.11707,58.61291],[9.11608,58.61173]],[[9.11797,58.61048],[9.11631,58.61056],[9.11707,58.6116],[9.1188,58.61195],[9.11941,58.61161],[9.11797,58.61048]],[[9.00925,58.61324],[9.00914,58.61289],[9.00747,58.61273],[9.00712,58.61179],[9.00623,58.61153],[9.00072,58.61106],[9.00222,58.61197],[9.00543,58.61179],[9.0035,58.61296],[9.00191,58.61228],[8.99942,58.61204]],[[8.99418,58.61264],[9.00483,58.61432],[9.00894,58.61365],[9.00925,58.61324]],[[9.12626,58.63195],[9.13892,58.63674]],[[9.13869,58.65453],[9.13771,58.65423],[9.13671,58.65445],[9.14024,58.65556],[9.14008,58.6549],[9.13869,58.65453]],[[9.13512,58.65933],[9.13593,58.65906],[9.13524,58.65859]],[[9.1497,58.67109],[9.14975,58.66929],[9.14867,58.66975],[9.14713,58.66916],[9.146,58.66951],[9.14731,58.67408],[9.14961,58.67358],[9.1497,58.67109]],[[9.0587,58.67866],[9.05289,58.67827],[9.06186,58.68072],[9.0587,58.67866]],[[9.045,58.68114],[9.04958,58.67971],[9.04913,58.67863],[9.05183,58.6779],[9.0476,58.67738],[9.04546,58.67846]],[[9.0118,58.68063],[9.00984,58.67827],[9.00824,58.67784],[9.00658,58.67664],[9.00553,58.67509],[9.00605,58.67404],[9.00915,58.67387],[9.01173,58.67423],[9.01337,58.67586],[9.01578,58.67676],[9.01773,58.67814],[9.01933,58.67876],[9.0218,58.67891],[9.02487,58.68052],[9.02594,58.68026],[9.02835,58.67824],[9.03005,58.67824],[9.03211,58.67913],[9.03588,58.6791],[9.04162,58.68116],[9.045,58.68114]],[[9.21237,58.69194],[9.21604,58.69221]],[[8.99926,58.68237],[9.00048,58.68265],[9.00034,58.6819],[9.00107,58.68184],[9.00414,58.68448]],[[9.00414,58.68448],[9.0054,58.68529],[9.00691,58.68429],[9.00778,58.68429],[9.01039,58.68615]],[[9.01039,58.68615],[9.01223,58.68593],[9.01288,58.68546],[9.0131,58.68433],[9.0118,58.68063]],[[9.24311,58.72092],[9.24207,58.72081],[9.24114,58.72116],[9.24161,58.72232],[9.24293,58.72222],[9.24311,58.72092]],[[9.29569,58.73379],[9.29555,58.73464]],[[9.31041,58.73641],[9.31127,58.73576],[9.30934,58.73624],[9.30948,58.73552],[9.30863,58.73535],[9.30744,58.73585],[9.30847,58.73636],[9.31041,58.73641]],[[9.11203,58.73028],[9.1106,58.72994],[9.10958,58.73017]],[[9.31856,58.73958],[9.31798,58.73955]],[[9.25944,58.75115],[9.25708,58.74947],[9.2581,58.75089],[9.25757,58.75368],[9.258,58.75479],[9.25977,58.7516],[9.25944,58.75115]],[[9.349,58.75994],[9.3489,58.76026]],[[9.3594,58.76452],[9.35987,58.7647]],[[9.36962,58.76896],[9.36624,58.76866],[9.36664,58.76937],[9.36866,58.76953]]]}}]}