{"type":"FeatureCollection","features":[{"type":"Feature","properties":{},"geometry":{"type":"MultiLineString","coordinates":[[[10.76491,59.82946],[10.76824,59.83163],[10.77111,59.8314],[10.77202,59.83181],[10.77265,59.83364],[10.76955,59.83597],[10.76919,59.83734],[10.77195,59.84098],[10.7737,59.84192],[10.77532,59.84206],[10.77481,59.8432],[10.77651,59.84701],[10.77905,59.849]],[[10.74856,59.86622],[10.74816,59.86468],[10.7456,59.86347],[10.74393,59.86285],[10.74149,59.86304],[10.74073,59.864],[10.74105,59.86452],[10.74916,59.86694],[10.74856,59.86622]],[[10.7612,59.86795],[10.7599,59.86673],[10.76149,59.86636]],[[10.77564,59.86847],[10.77354,59.86637],[10.77122,59.86691],[10.7695,59.86666],[10.76751,59.86873],[10.76751,59.87064],[10.76976,59.87198],[10.77615,59.8728],[10.7772,59.8714],[10.77564,59.86847]],[[10.76149,59.86636],[10.76351,59.86603],[10.7629,59.86467],[10.76018,59.86412],[10.7544,59.86182],[10.7511,59.86132],[10.74981,59.86266],[10.75032,59.86434],[10.74912,59.86523],[10.75137,59.86557],[10.75264,59.86643],[10.75384,59.86591],[10.75551,59.86591],[10.75666,59.86652],[10.75609,59.86808],[10.7516,59.87025],[10.75506,59.87404]],[[10.75626,59.87408],[10.75802,59.87317],[10.75861,59.87104],[10.76052,59.87061],[10.76126,59.87002],[10.76202,59.86847],[10.7612,59.86795]],[[10.77764,59.87476],[10.78217,59.86864],[10.78249,59.86409],[10.78425,59.86038],[10.78369,59.85799],[10.78411,59.85683],[10.78281,59.85546],[10.78256,59.85346],[10.78109,59.85192],[10.7812,59.85024],[10.77905,59.849]],[[10.75506,59.87404],[10.75626,59.87408]],[[10.76805,59.87446],[10.76755,59.87485],[10.76908,59.87592],[10.7714,59.87616],[10.77151,59.87538],[10.77,59.87452]],[[10.75999,59.8745],[10.75916,59.87445],[10.75668,59.87534],[10.75585,59.87606],[10.75823,59.87839],[10.76034,59.87929],[10.76293,59.87974],[10.76422,59.87922],[10.76485,59.87732],[10.75999,59.8745]],[[10.76487,59.88015],[10.76598,59.87732],[10.77472,59.87753],[10.77764,59.87476]],[[10.71787,59.88244],[10.71549,59.88158],[10.7165,59.88038],[10.72362,59.88212],[10.72548,59.88081],[10.72141,59.87945],[10.71811,59.87929],[10.71559,59.87865],[10.71446,59.8798],[10.71471,59.88295],[10.71413,59.88301],[10.71237,59.88196],[10.71101,59.88192],[10.7109,59.88236],[10.71388,59.88508],[10.7149,59.88489],[10.71536,59.8835],[10.71831,59.88458]],[[10.71831,59.88458],[10.72229,59.8859],[10.72547,59.88646],[10.72647,59.88622],[10.72387,59.88478],[10.72339,59.88294],[10.72167,59.88265],[10.72107,59.88314],[10.71949,59.88313],[10.71787,59.88244]],[[10.71811,59.88775],[10.71631,59.88712],[10.71619,59.88831]],[[10.71619,59.88831],[10.71094,59.88883],[10.70962,59.88858]],[[10.74852,59.89124],[10.73912,59.888],[10.73378,59.88746],[10.73299,59.88777],[10.73402,59.88874],[10.74136,59.89043],[10.74302,59.89133],[10.74517,59.89105],[10.74757,59.89151],[10.74852,59.89124]],[[10.70941,59.88846],[10.70849,59.88712],[10.70719,59.8872],[10.70379,59.88646],[10.70458,59.88741],[10.7035,59.88912],[10.70418,59.88954],[10.70653,59.88957],[10.7092,59.89183]],[[10.69602,59.89148],[10.69793,59.88997],[10.69761,59.88698],[10.69627,59.88648],[10.69524,59.88688],[10.69386,59.8897],[10.69265,59.88973],[10.69159,59.88805],[10.69031,59.88958],[10.69169,59.89139],[10.69476,59.89141],[10.69566,59.89171],[10.69602,59.89148]],[[10.71811,59.89306],[10.71897,59.89335],[10.71993,59.89275],[10.71849,59.89164],[10.72052,59.89217],[10.72099,59.89186],[10.71892,59.89088],[10.72003,59.88885],[10.71811,59.88775]],[[10.7092,59.89183],[10.71621,59.89389],[10.71735,59.89365],[10.71705,59.89292],[10.71811,59.89306]],[[10.76487,59.88015],[10.7638,59.88097],[10.76684,59.88362],[10.76483,59.88627],[10.76337,59.88384],[10.76131,59.88379],[10.76175,59.88742],[10.75723,59.88662],[10.74583,59.88561],[10.74481,59.88594],[10.74446,59.88713],[10.74629,59.88754],[10.74665,59.88725],[10.74559,59.88682],[10.7458,59.88643],[10.74742,59.88653],[10.74957,59.8881],[10.75786,59.8902],[10.75856,59.89154],[10.75773,59.89247],[10.75573,59.89226],[10.75359,59.89385],[10.75343,59.89451],[10.75496,59.89564]],[[10.73111,59.89541],[10.73252,59.89493],[10.73478,59.89529],[10.73968,59.89705],[10.74126,59.89704],[10.74231,59.89638],[10.74209,59.89519],[10.73463,59.89231],[10.72653,59.89106],[10.72616,59.89135],[10.72812,59.89315],[10.726,59.89383],[10.72495,59.89507],[10.72336,59.89532],[10.72297,59.89644],[10.72488,59.89775],[10.73046,59.89862],[10.73304,59.89743],[10.73295,59.89671],[10.73147,59.89615],[10.73111,59.89541]],[[10.75496,59.89564],[10.75464,59.89592],[10.75295,59.89562],[10.7521,59.89583],[10.75226,59.8971],[10.75769,59.90241],[10.75686,59.90265],[10.75232,59.90062],[10.75055,59.90157],[10.75407,59.90345],[10.75774,59.90477],[10.75925,59.90598],[10.75699,59.9063],[10.75571,59.90517],[10.75465,59.90507],[10.75453,59.90568],[10.75243,59.90606],[10.75249,59.90694],[10.75072,59.9074],[10.75083,59.90845]],[[10.7498,59.90827],[10.75083,59.90845]],[[10.69325,59.90912],[10.69428,59.90792],[10.69603,59.90769],[10.69697,59.90636],[10.69019,59.90335],[10.68942,59.90255],[10.69252,59.90302],[10.69928,59.90521],[10.70003,59.90343],[10.69943,59.90249],[10.69124,59.89923],[10.68867,59.89861],[10.68771,59.89812],[10.68821,59.89758],[10.68659,59.8969],[10.68537,59.89651],[10.68274,59.89715],[10.68214,59.89618],[10.67934,59.89548]],[[10.73158,59.91069],[10.73401,59.91047],[10.73442,59.90831],[10.73353,59.90758],[10.73571,59.90534],[10.73713,59.90507],[10.73834,59.9036],[10.74164,59.90168],[10.74248,59.90261],[10.74342,59.90193],[10.74425,59.90221],[10.74361,59.9037],[10.74512,59.90363],[10.74732,59.90702],[10.7498,59.90827]],[[10.72145,59.9091],[10.72187,59.90887],[10.72091,59.90797],[10.71875,59.90759],[10.71924,59.90635],[10.72197,59.90619],[10.72421,59.90841],[10.72392,59.90911],[10.73158,59.91069]],[[10.70682,59.9103],[10.70732,59.90985],[10.70896,59.90959],[10.70915,59.90682],[10.70993,59.90559],[10.71095,59.90509],[10.71193,59.90543],[10.71189,59.90612],[10.72145,59.9091]],[[10.66018,59.90757],[10.65928,59.90694],[10.65691,59.90762],[10.65862,59.91135],[10.65786,59.91205],[10.65862,59.91334],[10.65997,59.91288],[10.66024,59.91209],[10.65959,59.91054],[10.66104,59.90896],[10.66018,59.90757]],[[10.6418,59.91219],[10.64255,59.91156],[10.64783,59.91271],[10.64892,59.91227],[10.65163,59.91245],[10.65324,59.91351],[10.65771,59.91471],[10.65905,59.91586]],[[10.67934,59.89548],[10.67566,59.89458],[10.67424,59.89469],[10.67451,59.89636],[10.67367,59.89665],[10.67246,59.89588],[10.67095,59.89661],[10.66932,59.89878],[10.66706,59.90027],[10.66695,59.90125],[10.66379,59.90243],[10.66356,59.90814],[10.66656,59.91053],[10.66616,59.91092],[10.66423,59.91086],[10.66291,59.91145],[10.66262,59.9137],[10.66463,59.91451],[10.67223,59.9163]],[[10.68761,59.9168],[10.68734,59.91574],[10.6912,59.91502],[10.69224,59.91376],[10.69175,59.91202],[10.69358,59.91141],[10.69403,59.9106],[10.69325,59.90912]],[[10.6908,59.91691],[10.69302,59.91556],[10.69752,59.91483],[10.7044,59.91044],[10.70661,59.91033]],[[10.68858,59.918],[10.68985,59.91772],[10.6908,59.91691]],[[10.67332,59.91994],[10.67543,59.91876],[10.6739,59.91688],[10.67223,59.9163]],[[10.65905,59.91586],[10.6621,59.91718],[10.67332,59.91994]],[[10.77,59.87452],[10.76888,59.87418],[10.76805,59.87446]],[[10.70962,59.88858],[10.70941,59.88846]],[[10.70682,59.9103],[10.70661,59.91033]],[[10.68761,59.9168],[10.68858,59.918]],[[10.97893,59.07191],[10.97771,59.07149],[10.97713,59.07185]],[[10.98431,59.07207],[10.98368,59.07029],[10.98187,59.06961],[10.98002,59.07003],[10.97974,59.07193]],[[10.99687,59.07246],[10.99282,59.07122],[10.993,59.07013],[10.99747,59.0661],[10.99859,59.06618],[10.99893,59.06699],[10.99976,59.06672],[11.00104,59.06415]],[[11.00131,59.05797],[10.99902,59.05604],[10.99654,59.05584]],[[10.97713,59.07185],[10.97594,59.0755],[10.97776,59.07629],[10.97948,59.07626],[10.98072,59.07574],[10.98175,59.07429],[10.98131,59.07289],[10.98301,59.07342],[10.98431,59.07207]],[[10.99687,59.07246],[11.0011,59.07447]],[[11.0011,59.07447],[10.99949,59.0744],[10.99558,59.07309],[10.99212,59.07315],[10.98715,59.07799],[10.98741,59.07882]],[[10.98741,59.07882],[10.9863,59.08007],[10.98636,59.08136],[10.98751,59.0824],[10.98922,59.08282]],[[10.97657,59.08517],[10.97563,59.08499],[10.97532,59.08563],[10.97426,59.08587],[10.97381,59.08738],[10.97455,59.08792],[10.97585,59.08722],[10.97657,59.08517]],[[11.00179,59.09264],[10.99992,59.09267],[10.99966,59.0931],[11.0024,59.09466]],[[10.99185,59.02833],[10.99264,59.02789],[10.99792,59.02907],[10.99933,59.02902],[11.00188,59.0282]],[[10.97575,59.03267],[10.97403,59.03289],[10.97368,59.03475],[10.97424,59.03508],[10.97605,59.03473],[10.97652,59.03428],[10.97575,59.03267]],[[10.99185,59.02833],[10.98869,59.02994],[10.98809,59.03125],[10.98927,59.03607],[10.98915,59.03772],[10.98732,59.03829],[10.98917,59.03986],[10.98842,59.0499]],[[10.98907,59.05219],[10.98987,59.05262],[10.9929,59.05251],[10.99437,59.05293],[10.99451,59.05478],[10.99654,59.05584]],[[10.98337,59.05066],[10.98194,59.0506],[10.98178,59.0554],[10.98285,59.05489],[10.98357,59.05361],[10.98384,59.05097],[10.98337,59.05066]],[[10.99478,59.05686],[10.99396,59.05647],[10.99315,59.05699],[10.99309,59.05808],[10.99408,59.05925],[10.99521,59.05877],[10.99548,59.05777],[10.99478,59.05686]],[[10.99974,59.0592],[10.99881,59.0591],[10.99641,59.062],[10.99631,59.06297],[10.99718,59.06377],[10.99793,59.06359],[11.00013,59.06053]],[[11.00013,59.06053],[10.99974,59.0592]],[[10.98707,59.06925],[10.9889,59.06778],[10.98822,59.06644],[10.99122,59.06438],[10.99244,59.06283],[10.99189,59.05962],[10.99384,59.05952],[10.99243,59.05841],[10.99127,59.05627],[10.99045,59.05671],[10.99074,59.05779],[10.98919,59.05734],[10.98852,59.05793],[10.98945,59.05938],[10.98856,59.06093],[10.98804,59.06096]],[[10.98804,59.06096],[10.98753,59.05798],[10.98592,59.06],[10.9848,59.06046],[10.9825,59.06014],[10.98132,59.06082],[10.98111,59.05949],[10.98008,59.05937],[10.97919,59.05805],[10.97606,59.06003],[10.97678,59.06194],[10.97769,59.06214],[10.97901,59.06122],[10.97938,59.0618],[10.98069,59.06218],[10.97976,59.06404],[10.98035,59.06711],[10.98186,59.06873],[10.9826,59.06903],[10.98416,59.06859],[10.98499,59.06758],[10.98578,59.06743],[10.98578,59.06939],[10.98642,59.06967],[10.98707,59.06925]],[[10.98922,59.08282],[10.99423,59.08467],[10.99575,59.08365],[10.99658,59.08369],[10.99701,59.08406],[10.99602,59.08547],[11.00812,59.08994]],[[10.98605,59.11194],[10.98491,59.11153],[10.98306,59.1115],[10.98213,59.11255],[10.98236,59.11386],[10.98512,59.11487],[10.98613,59.11424],[10.98605,59.11194]],[[10.98458,59.11704],[10.98508,59.11675],[10.98628,59.11686],[10.98524,59.11516],[10.984,59.11497],[10.98162,59.11586]],[[10.98205,59.11696],[10.98312,59.11759],[10.98436,59.11742],[10.98458,59.11704]],[[10.98372,59.13821],[10.98154,59.13755],[10.98047,59.14034],[10.98158,59.14049],[10.98294,59.13998],[10.98376,59.13944],[10.98372,59.13821]],[[10.9904,59.1463],[10.98928,59.14589],[10.98883,59.14613],[10.98869,59.14777],[10.98933,59.14858],[10.99032,59.14822],[10.9904,59.1463]],[[10.98984,59.14955],[10.9881,59.14906],[10.98758,59.14663],[10.98448,59.1446],[10.98348,59.1466],[10.98414,59.1482],[10.98382,59.15095],[10.98687,59.15224],[10.98989,59.1519],[10.98984,59.14955]],[[10.97746,59.15127],[10.97787,59.15229],[10.97894,59.15271],[10.98035,59.15226],[10.97949,59.1499],[10.97755,59.15048]],[[10.99724,59.15152],[10.99608,59.15149],[10.99584,59.15195],[10.99714,59.15612],[10.99778,59.15519],[10.99783,59.15213],[10.99724,59.15152]],[[10.9809,59.1538],[10.97852,59.15369],[10.97775,59.15401],[10.9803,59.15604],[10.9809,59.1538]],[[10.98345,59.16196],[10.98063,59.15947],[10.98001,59.15813],[10.97844,59.1578],[10.97737,59.15894],[10.9785,59.16028],[10.97941,59.16052],[10.97845,59.1618]],[[11.00016,59.16247],[10.99749,59.15997],[10.99715,59.16086],[10.99827,59.16241]],[[10.97614,59.1625],[10.97798,59.16228],[10.97845,59.1618]],[[10.99827,59.16241],[10.99909,59.16373],[11.00004,59.16326]],[[10.98614,59.16767],[10.98658,59.16542],[10.98527,59.16472],[10.98485,59.16248],[10.98345,59.16196]],[[10.97921,59.16469],[10.9803,59.16464],[10.98063,59.1655],[10.97709,59.16569],[10.97819,59.16829],[10.98129,59.16895],[10.98292,59.16871],[10.98278,59.16938],[10.98428,59.16985],[10.98538,59.16967],[10.98705,59.16997],[10.98762,59.16958],[10.98681,59.16882],[10.98537,59.16909],[10.98614,59.16767]],[[10.96772,59.18101],[10.96765,59.18155],[10.96914,59.18166],[10.97058,59.18362],[10.97293,59.18332],[10.97362,59.18389]],[[10.97362,59.18389],[10.97358,59.18425]],[[10.97358,59.18425],[10.97134,59.18509],[10.97329,59.18674]],[[10.97329,59.18674],[10.97507,59.18676],[10.97696,59.18811]],[[10.97795,59.1886],[10.98504,59.18924],[10.99042,59.18922],[10.99159,59.18832],[10.99248,59.18652],[10.99178,59.18507],[10.99196,59.18306],[10.99318,59.18074],[10.99607,59.18081],[10.99716,59.18046],[10.99579,59.17693],[10.99685,59.17818],[10.99892,59.17861],[11.00131,59.18184]],[[10.98842,59.0499],[10.98907,59.05219]],[[10.974,59.07175],[10.97469,59.07023],[10.97409,59.06981],[10.97277,59.07172]],[[10.97893,59.07191],[10.97974,59.07193]],[[10.97277,59.07172],[10.9733,59.07255],[10.97411,59.07241],[10.974,59.07175]],[[10.98309,59.08926],[10.98218,59.08941],[10.9819,59.0901],[10.98334,59.09123],[10.98434,59.09024],[10.98309,59.08926]],[[10.98162,59.11586],[10.98155,59.1164]],[[10.98205,59.11696],[10.98155,59.1164]],[[10.98272,59.14202],[10.98151,59.14221],[10.98115,59.14289],[10.98174,59.14409],[10.98277,59.14348],[10.98272,59.14202]],[[10.97755,59.15048],[10.97746,59.15127]],[[10.97627,59.16139],[10.97708,59.16084],[10.97641,59.1602]],[[10.97641,59.1602],[10.97582,59.1599],[10.97384,59.16013],[10.9743,59.161],[10.97627,59.16139]],[[10.97614,59.1625],[10.976,59.16368]],[[10.976,59.16368],[10.97674,59.16461],[10.97921,59.16469]],[[10.99193,59.16547],[10.99011,59.1657],[10.99074,59.16688],[10.99193,59.16752],[10.99344,59.16657],[10.99193,59.16547]],[[10.97446,59.16612],[10.97323,59.16547],[10.97257,59.16558],[10.97129,59.16752],[10.97162,59.16865],[10.97293,59.16889],[10.97503,59.16744],[10.97446,59.16612]],[[10.99435,59.17042],[10.99334,59.17023],[10.99302,59.17101],[10.99457,59.17221],[10.99547,59.17194],[10.99435,59.17042]],[[10.97461,59.17551],[10.97668,59.17494],[10.97594,59.1712],[10.97507,59.17158]],[[10.96194,59.17621],[10.96146,59.17602],[10.96195,59.17514],[10.96437,59.17535],[10.96527,59.17463],[10.96842,59.17583],[10.97098,59.17578],[10.9724,59.1747],[10.97022,59.17156],[10.97179,59.17135],[10.97369,59.17191],[10.97507,59.17158]],[[10.97055,59.17747],[10.97271,59.17573],[10.97461,59.17551]],[[10.97696,59.18811],[10.97795,59.1886]],[[10.93316,59.13047],[10.93201,59.12973],[10.93066,59.1305],[10.93262,59.13151],[10.93364,59.13093],[10.93316,59.13047]],[[10.93041,59.13276],[10.92842,59.13211],[10.92896,59.1332],[10.93108,59.13445],[10.93188,59.13327],[10.93041,59.13276]],[[10.93468,59.1337],[10.93352,59.13363],[10.93327,59.13397],[10.93619,59.13559],[10.93622,59.13452],[10.93468,59.1337]],[[10.92216,59.13451],[10.92094,59.13322],[10.91756,59.13415],[10.91696,59.13278],[10.91607,59.13253],[10.91546,59.13372],[10.91244,59.13368],[10.91195,59.13448],[10.91228,59.135],[10.91387,59.13537],[10.91539,59.13608],[10.91586,59.13684],[10.9165,59.13686],[10.92216,59.13451]],[[10.91308,59.14058],[10.9125,59.14046],[10.91259,59.139],[10.91125,59.13763],[10.90908,59.13694],[10.90775,59.13701],[10.90718,59.13846],[10.90876,59.13928],[10.9077,59.13991],[10.90823,59.14144],[10.91094,59.14067],[10.91238,59.14111]],[[10.89133,59.13977],[10.89011,59.14032],[10.88961,59.13943],[10.88891,59.13945],[10.88916,59.14163],[10.89095,59.14289]],[[10.89095,59.14289],[10.89308,59.14179],[10.89447,59.1416],[10.89523,59.14076],[10.89384,59.13992],[10.89133,59.13977]],[[10.94296,59.14037],[10.94249,59.1424],[10.94412,59.14475]],[[10.8976,59.14023],[10.89627,59.14024],[10.89681,59.14202],[10.89541,59.14257],[10.89439,59.14375],[10.89487,59.14402],[10.89694,59.14379],[10.89883,59.14173],[10.8976,59.14023]],[[10.94412,59.14475],[10.94901,59.14938],[10.95094,59.14925],[10.95274,59.14639],[10.95368,59.14622],[10.95521,59.14693],[10.9567,59.14692],[10.95723,59.14504],[10.95598,59.14367],[10.95684,59.14314],[10.95611,59.14144],[10.95686,59.14082],[10.95681,59.13922],[10.95525,59.13595],[10.95339,59.13446],[10.95279,59.13322],[10.952,59.13297],[10.95173,59.13034],[10.94855,59.13021],[10.94247,59.1307],[10.94182,59.12953],[10.93978,59.12929],[10.93876,59.13035],[10.94068,59.13077],[10.93958,59.13142],[10.9382,59.13463],[10.939,59.13609],[10.94094,59.1376],[10.9411,59.13918],[10.94296,59.14037]],[[10.89453,59.14687],[10.89328,59.14646],[10.89189,59.14672],[10.89136,59.14821],[10.89168,59.14882],[10.89369,59.14911],[10.89334,59.15001],[10.8942,59.15067],[10.89552,59.14936],[10.89576,59.14794],[10.89453,59.14687]],[[10.90018,59.1501],[10.8984,59.14932],[10.89726,59.15087],[10.89748,59.15135],[10.89964,59.15227],[10.90099,59.15073],[10.90018,59.1501]],[[10.88996,59.15117],[10.889,59.15161],[10.8898,59.1525]],[[10.8898,59.1525],[10.89213,59.15383],[10.89306,59.15376],[10.89358,59.15224],[10.89304,59.15101],[10.89209,59.15055],[10.88996,59.15117]],[[10.8202,59.15341],[10.82008,59.1523],[10.81937,59.15201],[10.81652,59.1515],[10.81533,59.15226],[10.81621,59.15322],[10.81768,59.15322],[10.81766,59.15396],[10.81904,59.1544],[10.8202,59.15341]],[[10.91238,59.14111],[10.9136,59.14221],[10.91063,59.14321],[10.90938,59.14418],[10.91087,59.14474],[10.91122,59.146],[10.91537,59.14792],[10.91655,59.14919],[10.91961,59.14982],[10.92143,59.15126],[10.92076,59.1517],[10.91926,59.15137],[10.91906,59.15199],[10.92007,59.15238],[10.92001,59.15287],[10.91874,59.15278],[10.91469,59.14926],[10.9098,59.14604],[10.90852,59.14551],[10.90785,59.14596],[10.9056,59.1457],[10.90368,59.14592],[10.90159,59.1481],[10.89934,59.148],[10.89908,59.14843],[10.90111,59.1497],[10.90366,59.15037],[10.90986,59.15079],[10.90868,59.15271],[10.91093,59.15312],[10.90965,59.15445],[10.91075,59.15617],[10.91224,59.15726],[10.91171,59.15736],[10.90995,59.15656],[10.909,59.15765],[10.90699,59.1572],[10.90666,59.15642],[10.90741,59.15552],[10.90633,59.15433],[10.902,59.15339],[10.90049,59.15359],[10.90035,59.15406],[10.90168,59.15483],[10.90322,59.15498],[10.90364,59.15638],[10.90158,59.15644],[10.90092,59.15569],[10.89752,59.15545],[10.89616,59.15572],[10.89998,59.15837],[10.89958,59.15863]],[[10.82928,59.15675],[10.82843,59.15474],[10.83072,59.15526],[10.83208,59.15354],[10.83093,59.15285],[10.83069,59.15133],[10.82929,59.15066],[10.82716,59.15133],[10.82579,59.15232],[10.82635,59.15338],[10.82501,59.15324],[10.82182,59.15497],[10.82201,59.15603],[10.82311,59.15689]],[[10.829,59.15708],[10.82928,59.15675]],[[10.89958,59.15863],[10.89784,59.15815],[10.89475,59.15605],[10.8942,59.15705],[10.89515,59.15797],[10.89423,59.15916]],[[10.9462,59.1608],[10.94989,59.15617],[10.94986,59.15382],[10.94647,59.14979],[10.94426,59.14806],[10.94452,59.14753],[10.94184,59.14418],[10.94024,59.1439],[10.93884,59.13967],[10.93781,59.13851],[10.93423,59.1378],[10.93094,59.13615],[10.92928,59.13634],[10.92808,59.13709],[10.92556,59.13607],[10.92397,59.13779],[10.91827,59.13753],[10.91554,59.13865],[10.91308,59.14058]],[[10.94924,59.16089],[10.94782,59.16085]],[[10.82311,59.15689],[10.825,59.15857],[10.82617,59.15904],[10.82699,59.15895]],[[10.90232,59.16145],[10.90302,59.16102],[10.90215,59.15941]],[[10.9462,59.1608],[10.94394,59.162],[10.94377,59.16262],[10.94459,59.16323],[10.94782,59.16085]],[[10.89375,59.1617],[10.89338,59.16101],[10.89244,59.16071],[10.89082,59.16243],[10.89323,59.16368],[10.89477,59.16332],[10.89347,59.16209],[10.89375,59.1617]],[[10.80666,59.15636],[10.80752,59.15793],[10.8049,59.15699],[10.80381,59.15784],[10.80437,59.15848],[10.80698,59.15954],[10.8058,59.16068],[10.80678,59.1615],[10.81001,59.16245],[10.81108,59.16198],[10.80841,59.15928],[10.8091,59.15754],[10.81154,59.16098],[10.81244,59.16138],[10.81544,59.16161],[10.81604,59.16106],[10.81567,59.15989],[10.81205,59.15692],[10.80844,59.15691],[10.80786,59.1564]],[[10.95965,59.17711],[10.96192,59.1765]],[[10.9,59.16661],[10.9017,59.16674],[10.89819,59.16347],[10.89717,59.16316],[10.89709,59.16408],[10.89551,59.16386],[10.89352,59.16516],[10.89371,59.16563],[10.89485,59.16628],[10.89573,59.16608],[10.89731,59.16733],[10.90007,59.16743],[10.9,59.16661]],[[10.88816,59.16615],[10.88759,59.16713],[10.88794,59.16799]],[[10.94924,59.16089],[10.95052,59.16269],[10.94971,59.16429],[10.95172,59.16608],[10.95132,59.16802],[10.95286,59.17023]],[[10.88794,59.16799],[10.88949,59.16853],[10.89111,59.16794],[10.88911,59.16623],[10.88816,59.16615]],[[10.83254,59.16672],[10.8322,59.16609],[10.83086,59.16644],[10.83001,59.16607],[10.8286,59.16655],[10.82766,59.16787],[10.82918,59.16828],[10.83164,59.16808],[10.83331,59.16707],[10.83254,59.16672]],[[10.90452,59.16918],[10.90602,59.16928],[10.90708,59.17086],[10.90788,59.17134],[10.9091,59.17133],[10.90942,59.17101],[10.90701,59.1691],[10.90821,59.16734],[10.91036,59.16757],[10.91524,59.1695],[10.91683,59.16889],[10.916,59.16701],[10.91094,59.16608],[10.90839,59.16311],[10.90678,59.16331],[10.90499,59.16502],[10.90234,59.16282],[10.90268,59.16213],[10.90213,59.16203]],[[10.95125,59.17344],[10.95281,59.17231],[10.95286,59.17023]],[[10.90452,59.16918],[10.90314,59.16774],[10.90055,59.16854],[10.89989,59.16834],[10.89719,59.16902],[10.89787,59.16962],[10.89995,59.16936],[10.90094,59.17011],[10.89932,59.17142],[10.90043,59.17297],[10.90362,59.17027]],[[10.89084,59.17129],[10.8898,59.17125],[10.89067,59.17276],[10.89041,59.17396],[10.89118,59.17478],[10.89377,59.1733],[10.89084,59.17129]],[[10.89818,59.17257],[10.89691,59.17204],[10.89595,59.17319],[10.89963,59.1748],[10.90036,59.17416],[10.89946,59.17343],[10.89843,59.17334],[10.89818,59.17257]],[[10.71272,59.16867],[10.7085,59.16996],[10.71143,59.17073],[10.71248,59.17053]],[[10.79973,59.17317],[10.80394,59.17202],[10.80429,59.17229],[10.80337,59.17307],[10.80379,59.17363],[10.80478,59.1738],[10.80583,59.1731],[10.80565,59.16934],[10.80404,59.1684],[10.80037,59.16796]],[[10.80037,59.16796],[10.79878,59.16787],[10.79846,59.16839],[10.79992,59.17156],[10.79814,59.17255],[10.79824,59.17358],[10.79973,59.17317]],[[10.88691,59.17653],[10.88504,59.17527],[10.88446,59.17549]],[[10.89546,59.17412],[10.8937,59.17413],[10.89391,59.17602],[10.89628,59.17785],[10.89762,59.17631],[10.89694,59.17498],[10.89546,59.17412]],[[10.88415,59.17565],[10.88411,59.1752],[10.88271,59.17494],[10.88056,59.17677],[10.88072,59.17747]],[[10.81699,59.17384],[10.81354,59.17367],[10.81342,59.17421],[10.81477,59.17524],[10.81655,59.17547],[10.81732,59.17504],[10.81699,59.17384]],[[10.96772,59.18101],[10.968,59.18029],[10.97067,59.17883],[10.97026,59.17775]],[[10.71237,59.17142],[10.71123,59.17093],[10.70795,59.17257],[10.70861,59.17564],[10.70946,59.17596],[10.71183,59.17577]],[[10.82096,59.17676],[10.82197,59.17644],[10.8209,59.17419],[10.81996,59.17369],[10.82064,59.17061],[10.82375,59.17077],[10.82776,59.1729],[10.82854,59.17266],[10.82609,59.16865],[10.82722,59.16706],[10.82465,59.16606],[10.82408,59.16496],[10.82542,59.16352],[10.82407,59.16115],[10.82468,59.15986],[10.82574,59.15951],[10.82789,59.16047],[10.82809,59.15972],[10.82699,59.15895]],[[10.71183,59.17577],[10.71402,59.17429],[10.71375,59.1727],[10.71529,59.17124],[10.71237,59.17142]],[[10.82096,59.17676],[10.81876,59.17606],[10.8171,59.17752],[10.81672,59.17667],[10.81567,59.17613],[10.81471,59.17604],[10.8137,59.17663],[10.81342,59.17738],[10.81484,59.17847],[10.81313,59.17952],[10.81249,59.1811],[10.8142,59.18081],[10.81551,59.17946],[10.81631,59.17959],[10.81569,59.17922],[10.81666,59.17828],[10.81632,59.1803]],[[10.88691,59.17653],[10.89446,59.18134],[10.89897,59.18515],[10.9006,59.18559],[10.90089,59.18525],[10.89953,59.18436],[10.90036,59.1821],[10.8988,59.18084],[10.898,59.17901],[10.89969,59.17846],[10.90142,59.17897],[10.90376,59.17879],[10.903,59.17738],[10.90396,59.17636],[10.90521,59.17601],[10.90572,59.17482],[10.90487,59.17453],[10.90426,59.17522],[10.90427,59.17413],[10.90335,59.17372],[10.90413,59.17043],[10.90362,59.17027]],[[10.82015,59.18622],[10.82284,59.18613],[10.82342,59.18559],[10.81965,59.18387],[10.819,59.18315],[10.81567,59.18228],[10.81632,59.1803]],[[10.829,59.15708],[10.82895,59.15822],[10.83053,59.15852],[10.8302,59.16014],[10.83346,59.16235],[10.83347,59.16307],[10.8324,59.16346],[10.83185,59.16474],[10.83277,59.16564],[10.83511,59.16617],[10.83668,59.16548],[10.83733,59.16429],[10.84043,59.16321],[10.84171,59.16321],[10.8436,59.1639],[10.84345,59.16593],[10.8487,59.16799],[10.84856,59.16907],[10.84676,59.16992],[10.84558,59.16983],[10.84461,59.17024],[10.84786,59.17311],[10.84923,59.17326],[10.84809,59.17152],[10.85015,59.16911],[10.85345,59.17008],[10.85317,59.17121],[10.85397,59.17161],[10.85502,59.17081],[10.85793,59.17049],[10.85952,59.1709],[10.86087,59.17189],[10.86032,59.17361],[10.85908,59.1736],[10.85714,59.17286],[10.85771,59.17408],[10.85695,59.17441],[10.85669,59.1771],[10.85432,59.17676],[10.85377,59.17696],[10.85499,59.17781],[10.85701,59.17827],[10.85647,59.18045],[10.85887,59.18146],[10.85922,59.1823],[10.85656,59.18653],[10.85697,59.18781],[10.85777,59.18825],[10.86083,59.18809],[10.86357,59.18729],[10.86436,59.18526],[10.863,59.18226],[10.86691,59.18027],[10.8673,59.17822],[10.86817,59.17784],[10.86904,59.1781]],[[10.72333,59.18146],[10.72243,59.18126],[10.72148,59.18225],[10.72279,59.18499],[10.72342,59.18559],[10.72436,59.18571],[10.72602,59.1835],[10.72333,59.18146]],[[10.80952,59.18685],[10.80805,59.18666],[10.80779,59.18533],[10.80697,59.18527],[10.80585,59.18649],[10.80549,59.18803],[10.80652,59.18919],[10.80921,59.18898],[10.80952,59.18685]],[[10.82015,59.18622],[10.81898,59.18589],[10.81866,59.18493],[10.81448,59.18427],[10.81209,59.1875],[10.81151,59.19017]],[[10.79796,59.18761],[10.79711,59.18715],[10.79579,59.18718],[10.79588,59.18858],[10.7951,59.18987],[10.79611,59.19023],[10.79772,59.18957]],[[10.79752,59.19118],[10.79869,59.19064],[10.79772,59.18957]],[[10.79752,59.19118],[10.79614,59.19135]],[[10.7974,59.19213],[10.79864,59.19241],[10.79909,59.19294],[10.80224,59.19159],[10.80301,59.18893],[10.80242,59.18835],[10.80131,59.18904],[10.79961,59.18783],[10.79846,59.18817],[10.79796,59.18761]],[[10.76581,59.19101],[10.76423,59.1909],[10.76277,59.19135],[10.76286,59.19263],[10.76416,59.19328],[10.76661,59.19296],[10.76695,59.19202],[10.76581,59.19101]],[[10.79721,59.19235],[10.79708,59.19477]],[[10.77045,59.19457],[10.76973,59.19412],[10.76747,59.19416],[10.76595,59.19459],[10.76736,59.19583],[10.76695,59.19652],[10.76821,59.19736],[10.77016,59.19585],[10.77045,59.19457]],[[10.76758,59.19796],[10.76678,59.19721],[10.76525,59.19788],[10.76248,59.19677],[10.76314,59.19783],[10.76572,59.19934],[10.76639,59.19903],[10.76616,59.19842],[10.76758,59.19796]],[[10.78808,59.20072],[10.78413,59.19817],[10.78307,59.19875],[10.78094,59.19793],[10.78108,59.19578],[10.78027,59.19524],[10.77571,59.19337],[10.77415,59.19312],[10.77217,59.19467],[10.77359,59.19594],[10.77149,59.19632],[10.77112,59.19692],[10.77438,59.19911],[10.77087,59.19862],[10.76961,59.19947],[10.76771,59.19965],[10.76714,59.20004]],[[10.7915,59.20083],[10.79001,59.1993],[10.79046,59.1989],[10.7916,59.19923],[10.7918,59.19835],[10.79127,59.19775],[10.78967,59.19729],[10.78893,59.19549],[10.78907,59.19444],[10.79089,59.19306],[10.78951,59.19073],[10.7912,59.18717],[10.79314,59.18707],[10.79436,59.18817],[10.79417,59.1933],[10.79614,59.19135]],[[10.7942,59.20092],[10.79359,59.20063],[10.7932,59.20089]],[[10.7942,59.20092],[10.79617,59.20215]],[[10.80606,59.20608],[10.80272,59.20509],[10.80101,59.20358],[10.80117,59.20268],[10.79963,59.20234],[10.79847,59.20135],[10.79733,59.20225],[10.79617,59.20215]],[[10.80606,59.20608],[10.80626,59.20652],[10.80521,59.20745],[10.80288,59.20744],[10.80279,59.20902],[10.80124,59.20991]],[[10.79393,59.20729],[10.79318,59.2071],[10.79045,59.20821],[10.79044,59.20962],[10.79105,59.20985],[10.7941,59.20969],[10.79393,59.20729]],[[10.79508,59.21097],[10.79736,59.20936],[10.80124,59.20991]],[[10.76714,59.20004],[10.77109,59.2047],[10.7706,59.20491],[10.7693,59.2046],[10.767,59.20229],[10.76504,59.20239],[10.76401,59.20281],[10.76359,59.20368],[10.7645,59.20455],[10.76475,59.20644],[10.76786,59.20935],[10.76568,59.20971],[10.76526,59.21011],[10.76657,59.21173],[10.76272,59.21099],[10.76065,59.21163]],[[10.7066,59.21734],[10.70892,59.21578],[10.70711,59.2133]],[[10.76065,59.21163],[10.75804,59.21121],[10.75725,59.21158],[10.75692,59.2121],[10.7584,59.21548],[10.75667,59.21587],[10.75352,59.21803],[10.75336,59.21887],[10.75491,59.21933],[10.75658,59.22111]],[[10.70018,59.21985],[10.7033,59.21941],[10.7066,59.21734]],[[10.70018,59.21985],[10.6987,59.21997],[10.69705,59.22087]],[[10.74939,59.22156],[10.74456,59.22135],[10.7438,59.22089],[10.74264,59.2211],[10.74226,59.22182],[10.74591,59.22369],[10.74947,59.22282],[10.74939,59.22156]],[[10.75658,59.22111],[10.75916,59.22361],[10.76257,59.224],[10.76356,59.22484],[10.76359,59.22585],[10.76206,59.22632],[10.76037,59.22517],[10.75819,59.22493],[10.75875,59.2258],[10.7605,59.22626],[10.76161,59.22947],[10.76296,59.23021],[10.76551,59.22892],[10.76866,59.22433],[10.77022,59.22422],[10.77325,59.22314],[10.7743,59.22084],[10.77704,59.2195],[10.78267,59.21543],[10.7831,59.21312],[10.78007,59.21073],[10.78104,59.21042],[10.78665,59.2115],[10.78781,59.2113],[10.78914,59.21028],[10.78877,59.20849],[10.79027,59.20661],[10.79095,59.20659],[10.7916,59.20728],[10.792,59.20702],[10.79053,59.20515],[10.78792,59.20327],[10.78808,59.20072]],[[10.74719,59.22993],[10.74859,59.2292],[10.74851,59.22881],[10.74402,59.22696],[10.74355,59.2253],[10.73961,59.22293],[10.73644,59.22227],[10.73593,59.22279],[10.73725,59.22616],[10.73897,59.22711],[10.74293,59.22789],[10.74435,59.22895],[10.74334,59.22939],[10.74081,59.22837],[10.73986,59.2286],[10.73991,59.23025],[10.74059,59.23092],[10.74168,59.2314],[10.74275,59.23053],[10.74719,59.22993]],[[10.70239,59.23086],[10.70406,59.23002],[10.70407,59.22868],[10.70155,59.22751],[10.69561,59.22335],[10.69527,59.22222],[10.69705,59.22087]],[[10.70711,59.2133],[10.70472,59.21292],[10.6995,59.21438],[10.69759,59.21557],[10.69549,59.21815],[10.69345,59.21825],[10.69225,59.21877],[10.68851,59.22173],[10.68774,59.2231],[10.68781,59.2249],[10.68393,59.22881],[10.68483,59.2301],[10.68406,59.23192],[10.68668,59.23445]],[[10.68736,59.24237],[10.68654,59.23803],[10.6871,59.23566],[10.68668,59.23445]],[[10.70066,59.24282],[10.70011,59.24108],[10.70048,59.2397],[10.70112,59.2388],[10.7041,59.23723]],[[10.7676,59.24501],[10.76451,59.24095],[10.76252,59.23945],[10.76071,59.23897],[10.75885,59.23746],[10.75884,59.23692],[10.75974,59.23649],[10.75895,59.23515],[10.75778,59.23487],[10.75497,59.23643],[10.7522,59.23662],[10.74973,59.23358],[10.74963,59.23263],[10.74809,59.23159],[10.74681,59.23148],[10.74531,59.23268],[10.7437,59.23322],[10.73878,59.23339],[10.73751,59.23305],[10.73678,59.23065],[10.73466,59.23105],[10.73292,59.23272],[10.73381,59.23366],[10.73347,59.23449],[10.73099,59.23115],[10.73257,59.23008],[10.73246,59.22907],[10.73214,59.2286],[10.72999,59.22791],[10.72981,59.22943],[10.73052,59.23061],[10.73002,59.23092],[10.73004,59.23316],[10.73137,59.23557],[10.73092,59.23706],[10.73647,59.244]],[[10.77227,59.24517],[10.76935,59.24376],[10.76569,59.23991],[10.76225,59.23422],[10.76322,59.23363],[10.76498,59.23364],[10.7695,59.22998],[10.77241,59.22562],[10.77589,59.22441],[10.77801,59.22278],[10.7806,59.22213],[10.78353,59.21943],[10.78746,59.21875],[10.79051,59.21751],[10.79065,59.21665],[10.7886,59.21458],[10.78857,59.21367],[10.79218,59.21378],[10.79328,59.21344],[10.79508,59.21097]],[[10.70066,59.24282],[10.70208,59.24614],[10.7015,59.24683],[10.70276,59.24785]],[[10.73647,59.244],[10.73664,59.24486],[10.73425,59.24599],[10.73551,59.24934]],[[10.68736,59.24237],[10.68858,59.24476],[10.69031,59.24536],[10.69244,59.24539],[10.69461,59.24745],[10.69625,59.24775],[10.69965,59.2474],[10.70182,59.2482],[10.70207,59.2488],[10.69973,59.2501],[10.69956,59.25118],[10.70226,59.25183]],[[10.70226,59.25183],[10.70398,59.25198],[10.70505,59.25151],[10.70613,59.24939],[10.70593,59.24894],[10.70276,59.24785]],[[10.73551,59.24934],[10.7371,59.251],[10.73525,59.2508],[10.73501,59.2513],[10.73719,59.25452],[10.73515,59.25439],[10.7346,59.25377]],[[10.74089,59.25692],[10.73841,59.25486],[10.73914,59.25385],[10.74042,59.25433]],[[10.77227,59.24517],[10.772,59.24575],[10.77618,59.25036],[10.77867,59.25231],[10.78355,59.25467],[10.78623,59.25877],[10.78903,59.26008]],[[10.7676,59.24501],[10.76953,59.2478],[10.77148,59.24907],[10.7743,59.25255],[10.77836,59.25548],[10.77967,59.25762],[10.78631,59.26158]],[[10.78855,59.26395],[10.78947,59.26435],[10.79187,59.26441],[10.79315,59.26397],[10.78952,59.26031]],[[10.7346,59.25377],[10.73234,59.25011],[10.73153,59.24985],[10.72854,59.25037],[10.72693,59.25314],[10.72798,59.2555],[10.7313,59.25723],[10.73037,59.25859],[10.72911,59.25893],[10.72935,59.25975],[10.72646,59.26091],[10.72798,59.26345],[10.73085,59.26253],[10.73041,59.26194],[10.7294,59.26176],[10.72984,59.26043],[10.73269,59.26059],[10.73425,59.26131],[10.73329,59.26266],[10.73495,59.26492],[10.73625,59.26566],[10.73667,59.26502],[10.73756,59.26493],[10.73963,59.26581],[10.7401,59.26448],[10.73948,59.26049],[10.74196,59.25838],[10.74089,59.25692]],[[10.74042,59.25433],[10.742,59.25548],[10.74247,59.25681],[10.74567,59.26021],[10.74724,59.26338],[10.74507,59.26457],[10.74477,59.26755],[10.74641,59.26885],[10.74783,59.26902]],[[10.74783,59.26902],[10.74855,59.26978],[10.74726,59.27021]],[[10.74257,59.27395],[10.74426,59.27226],[10.74441,59.27059],[10.74726,59.27021]],[[10.74257,59.27395],[10.74079,59.27482],[10.73757,59.27463],[10.73683,59.27324],[10.73822,59.27116],[10.73773,59.2691],[10.73627,59.268],[10.73269,59.26776],[10.73117,59.26908],[10.73019,59.26898],[10.73005,59.27102],[10.73244,59.277],[10.73012,59.27623]],[[10.74246,59.27666],[10.74199,59.27525],[10.74091,59.27517],[10.74073,59.27596],[10.74195,59.27782],[10.74368,59.2783],[10.74327,59.27762]],[[10.73012,59.27623],[10.73046,59.27517],[10.7281,59.27327],[10.72923,59.27237],[10.72836,59.2705],[10.72724,59.26974],[10.72742,59.26755],[10.72667,59.26714],[10.72427,59.26829],[10.72396,59.2695],[10.72612,59.27137],[10.72642,59.27477],[10.72906,59.27514],[10.72915,59.27835],[10.72947,59.27882],[10.7304,59.27874]],[[10.7304,59.27874],[10.73209,59.28001],[10.73117,59.28096],[10.73159,59.28182],[10.73297,59.28176],[10.73368,59.28055],[10.73559,59.27978],[10.73705,59.28055],[10.74167,59.28018],[10.7421,59.28166],[10.74416,59.28192],[10.74519,59.28137],[10.74302,59.27997],[10.74446,59.27853],[10.74509,59.27852],[10.74747,59.27984],[10.7487,59.2815],[10.74826,59.28344]],[[10.67655,59.27688],[10.676,59.27666],[10.67445,59.2771],[10.67409,59.27908],[10.6744,59.27981],[10.67575,59.28042],[10.67598,59.28339],[10.67672,59.28393],[10.6817,59.28316],[10.68211,59.28243],[10.68056,59.28138],[10.67847,59.28081],[10.67655,59.27688]],[[10.74295,59.28917],[10.74161,59.2888],[10.74133,59.28783],[10.74273,59.28712],[10.74594,59.28716],[10.74773,59.28673],[10.74643,59.28508],[10.74689,59.28415],[10.74826,59.28344]],[[10.74587,59.28926],[10.74592,59.28826],[10.74522,59.28787],[10.74346,59.28919]],[[10.74295,59.28917],[10.74346,59.28919]],[[10.67739,59.28701],[10.67626,59.28845],[10.67318,59.29011],[10.67315,59.29114],[10.67407,59.29182],[10.67554,59.29144],[10.67797,59.29201],[10.68013,59.29109],[10.68025,59.28888],[10.67872,59.28729],[10.67765,59.28701]],[[10.74587,59.28926],[10.74583,59.29086],[10.74902,59.29301],[10.75056,59.29258],[10.75156,59.2927],[10.75213,59.29421],[10.75378,59.29566]],[[10.66524,59.29437],[10.66369,59.29607],[10.66444,59.29701],[10.66615,59.29733],[10.66671,59.29669],[10.66524,59.29437]],[[10.75378,59.29566],[10.75727,59.29836],[10.76383,59.30173],[10.76588,59.30358],[10.76837,59.30346],[10.77158,59.30469]],[[10.6954,59.30083],[10.69205,59.30032],[10.69072,59.30112],[10.69066,59.30224],[10.69125,59.30236],[10.6954,59.30083]],[[10.77158,59.30469],[10.77187,59.30522],[10.77491,59.30631],[10.77687,59.30852]],[[10.70381,59.3042],[10.70294,59.30413],[10.70172,59.3056],[10.70158,59.30741],[10.70239,59.30766],[10.70383,59.30689],[10.70381,59.3042]],[[10.67557,59.30124],[10.67512,59.30012],[10.67282,59.29875],[10.66658,59.29807],[10.6637,59.29874],[10.6607,59.30001],[10.66058,59.30066],[10.65858,59.3006],[10.65783,59.30096],[10.65885,59.30344],[10.66383,59.3048],[10.66614,59.30668],[10.66774,59.30713],[10.66869,59.30698],[10.67049,59.30577],[10.67387,59.30487],[10.67557,59.30124]],[[10.75235,59.30515],[10.75111,59.30456],[10.7509,59.30696],[10.75165,59.30867],[10.75382,59.30975],[10.75584,59.31005],[10.75471,59.30702],[10.75507,59.30634],[10.75235,59.30515]],[[10.77687,59.30852],[10.77944,59.3093],[10.77995,59.31174],[10.78256,59.31231]],[[10.79574,59.32093],[10.79503,59.31999],[10.79229,59.31865]],[[10.78256,59.31231],[10.78502,59.31256],[10.78562,59.31332],[10.788,59.31391],[10.78894,59.31473]],[[10.74806,59.31365],[10.74716,59.31351],[10.74538,59.31227],[10.74519,59.3115],[10.74699,59.31077],[10.74697,59.31039],[10.74536,59.30972],[10.74172,59.30984],[10.73982,59.30944],[10.7391,59.30867],[10.73936,59.3075],[10.73633,59.3067],[10.73663,59.30611],[10.73605,59.30559],[10.73434,59.30528],[10.72757,59.30618],[10.72632,59.30595],[10.72509,59.30473],[10.7231,59.30421],[10.72228,59.30445],[10.72131,59.30885],[10.72351,59.31045],[10.73079,59.31377],[10.73017,59.31406],[10.72877,59.31352],[10.72881,59.31444],[10.72798,59.31473],[10.7233,59.31358]],[[10.78894,59.31473],[10.79068,59.31797],[10.79229,59.31865]],[[10.75063,59.31818],[10.74988,59.31468],[10.74806,59.31365]],[[10.77141,59.31341],[10.76307,59.30875],[10.75913,59.30792],[10.76018,59.31059],[10.75978,59.31098],[10.75848,59.31067],[10.75809,59.31097],[10.75967,59.31313],[10.75745,59.31383],[10.75452,59.31271],[10.75412,59.31465],[10.75137,59.31642],[10.75063,59.31818]],[[10.73126,59.31777],[10.73181,59.31754],[10.73323,59.31776],[10.73374,59.31628],[10.7352,59.31586],[10.73655,59.31578],[10.7375,59.31636]],[[10.77782,59.31982],[10.77683,59.31753],[10.77553,59.31694],[10.77553,59.3155],[10.77354,59.31455],[10.77253,59.31452],[10.77141,59.31341]],[[10.7375,59.31636],[10.73575,59.31729],[10.73636,59.31916]],[[10.77782,59.31982],[10.78007,59.32081],[10.78151,59.32074]],[[10.7233,59.31358],[10.71797,59.31316],[10.71819,59.31542],[10.72041,59.31715],[10.72248,59.31727],[10.72358,59.31808],[10.72466,59.31749],[10.72455,59.31665],[10.72539,59.31635],[10.72734,59.31795],[10.73122,59.3196],[10.73126,59.31777]],[[10.79574,59.32093],[10.79624,59.32171],[10.80415,59.32386]],[[10.74743,59.32123],[10.74997,59.32036],[10.75177,59.32066],[10.75203,59.32164],[10.75427,59.32251],[10.75411,59.32325]],[[10.73636,59.31916],[10.7373,59.32142],[10.73963,59.32332]],[[10.78151,59.32074],[10.78437,59.32014],[10.7895,59.32062],[10.79448,59.32241],[10.80806,59.32558],[10.81342,59.32777]],[[10.81342,59.32777],[10.81425,59.32756],[10.81134,59.32586],[10.80415,59.32386]],[[10.6508,59.32555],[10.65154,59.32433],[10.65489,59.32367],[10.65688,59.32253],[10.65782,59.32083],[10.6595,59.32047],[10.65893,59.31956],[10.65741,59.31969],[10.65406,59.31922],[10.65081,59.31968],[10.64328,59.31935],[10.64112,59.32014],[10.64073,59.32088],[10.64153,59.32354]],[[10.64153,59.32354],[10.64384,59.32448],[10.6455,59.32454],[10.64722,59.32549],[10.64646,59.32732],[10.64525,59.32751],[10.64586,59.32857],[10.6501,59.32906],[10.64967,59.32767],[10.6508,59.32555]],[[10.66285,59.33148],[10.66388,59.33006],[10.6667,59.32855],[10.66799,59.32859],[10.66911,59.32802],[10.66979,59.32552],[10.67202,59.3231],[10.67092,59.32228],[10.67175,59.32075],[10.67256,59.32099],[10.67258,59.32184],[10.67341,59.32196],[10.67452,59.32182],[10.67588,59.32078],[10.67664,59.32381],[10.67804,59.32401],[10.68031,59.32361],[10.68135,59.32434],[10.68165,59.32632],[10.68455,59.32622],[10.68564,59.3234],[10.6849,59.32287],[10.68278,59.32289],[10.68067,59.31946],[10.67834,59.31863],[10.67801,59.31723],[10.67666,59.31661],[10.67767,59.31527],[10.68002,59.31553],[10.68217,59.31418],[10.68371,59.30888],[10.68171,59.30787],[10.68159,59.30704],[10.68242,59.30573],[10.68382,59.30628],[10.68478,59.30604],[10.68502,59.30467],[10.68621,59.30387],[10.68907,59.30474],[10.69128,59.30694],[10.69229,59.30687],[10.69266,59.30615],[10.69369,59.3066],[10.69503,59.30842],[10.69347,59.30936],[10.6917,59.30895],[10.69069,59.30929],[10.69206,59.31048],[10.69473,59.3114]],[[10.71746,59.33329],[10.71752,59.33096],[10.71519,59.3284],[10.71633,59.32685],[10.71573,59.32616],[10.71144,59.32501],[10.70679,59.32241],[10.70429,59.32038],[10.7001,59.31919],[10.69843,59.318],[10.69745,59.31466],[10.69473,59.3114]],[[10.74725,59.33427],[10.74819,59.33104],[10.74884,59.33118],[10.75066,59.33049],[10.75357,59.33289],[10.755,59.33219],[10.75422,59.32879],[10.75172,59.32591],[10.75221,59.32388],[10.75411,59.32325]],[[10.71746,59.33329],[10.71785,59.33427],[10.72205,59.33569]],[[10.74725,59.33427],[10.74731,59.33563],[10.74598,59.3359],[10.74636,59.33701]],[[10.65108,59.33109],[10.64723,59.33506],[10.64963,59.33627],[10.65205,59.335],[10.65539,59.33124]],[[10.72205,59.33569],[10.72423,59.33598],[10.7258,59.33527],[10.72652,59.33551],[10.72795,59.33744],[10.72791,59.33829],[10.73013,59.33996],[10.72956,59.34312],[10.73001,59.34362],[10.73051,59.34344]],[[10.74127,59.34543],[10.7455,59.3448],[10.74728,59.34493],[10.75414,59.3433],[10.74982,59.3409],[10.74695,59.34024],[10.74636,59.33701]],[[10.73051,59.34344],[10.7327,59.34356],[10.73706,59.34558],[10.73964,59.34575],[10.74127,59.34543]],[[10.66152,59.37059],[10.6606,59.36135],[10.66113,59.35931],[10.66229,59.35796],[10.66322,59.3574],[10.66531,59.35787],[10.66678,59.36015],[10.67098,59.36193],[10.673,59.36108],[10.674,59.35999],[10.66997,59.3564],[10.66928,59.35502],[10.66867,59.35511],[10.66884,59.35686],[10.66689,59.3569],[10.66504,59.3541],[10.66164,59.35215],[10.66081,59.35257],[10.6596,59.35799],[10.65887,59.35727],[10.6591,59.35498],[10.65853,59.3548],[10.65734,59.3552],[10.65652,59.35408],[10.65744,59.35166],[10.65855,59.35351],[10.65955,59.3535],[10.66111,59.34926],[10.66243,59.34869],[10.66307,59.34764],[10.66301,59.34715],[10.66088,59.34579],[10.65922,59.34576],[10.65847,59.34442],[10.65888,59.34358],[10.66066,59.3434],[10.66257,59.34208],[10.66221,59.33923],[10.66115,59.33791],[10.65906,59.33702],[10.66043,59.33559],[10.66249,59.33532],[10.66304,59.33484],[10.66285,59.33148]],[[10.6564,59.37623],[10.65731,59.37509],[10.65681,59.37328],[10.65372,59.36995],[10.65109,59.37385],[10.6513,59.37606]],[[10.66163,59.37641],[10.66217,59.37487],[10.66394,59.37364],[10.66243,59.37275],[10.66245,59.37162],[10.66152,59.37059]],[[10.66163,59.37641],[10.66137,59.37745],[10.66239,59.37885]],[[10.6564,59.37623],[10.6564,59.3772],[10.65916,59.37917],[10.66252,59.37993],[10.66239,59.37885]],[[10.6513,59.37606],[10.6504,59.38162],[10.65137,59.38346],[10.65286,59.38453],[10.65314,59.38581],[10.65416,59.38611],[10.65402,59.38701],[10.65158,59.38741],[10.6521,59.38885],[10.64958,59.39066],[10.64751,59.39355],[10.64852,59.39757],[10.65018,59.39971]],[[10.63604,59.3959],[10.6354,59.39551],[10.63311,59.39662],[10.63103,59.39942],[10.63146,59.39988],[10.63622,59.39934],[10.6373,59.39886],[10.63604,59.3959]],[[10.65018,59.39971],[10.65017,59.40394],[10.6513,59.40588],[10.65109,59.40691],[10.65267,59.40907]],[[10.63302,59.42035],[10.63182,59.4191],[10.62927,59.41842],[10.62683,59.41865],[10.62584,59.42017]],[[10.61228,59.42213],[10.61656,59.4219],[10.61756,59.42413],[10.62183,59.42461],[10.62294,59.42427],[10.62584,59.42017]],[[10.65328,59.43138],[10.65444,59.42942],[10.65448,59.42788],[10.65521,59.42798],[10.65546,59.42998],[10.65785,59.42987],[10.6567,59.42394],[10.65753,59.4231]],[[10.63311,59.42042],[10.63822,59.42589],[10.64135,59.42783],[10.64227,59.42782],[10.64621,59.42915],[10.64601,59.42989],[10.64759,59.43054],[10.65328,59.43138]],[[10.65269,59.43477],[10.65911,59.43702],[10.66086,59.43826],[10.66022,59.43873]],[[10.66835,59.44336],[10.66465,59.44042],[10.66214,59.44015],[10.66079,59.43959]],[[10.64933,59.44293],[10.64978,59.44202],[10.64602,59.43831],[10.64811,59.43639],[10.65269,59.43477]],[[10.60674,59.4398],[10.60905,59.44029],[10.61157,59.44207],[10.6124,59.44471],[10.61224,59.44538],[10.61134,59.44557],[10.61156,59.44639],[10.61443,59.448]],[[10.62358,59.45926],[10.61934,59.46],[10.61848,59.45963],[10.61693,59.45092],[10.61614,59.44889],[10.61443,59.448]],[[10.66835,59.44336],[10.66817,59.44584],[10.66987,59.45222],[10.67201,59.45567],[10.67243,59.4585],[10.67467,59.463],[10.67539,59.46332]],[[10.6344,59.46542],[10.63276,59.46509],[10.63252,59.46446],[10.6281,59.46152]],[[10.66582,59.46647],[10.66702,59.46426],[10.66548,59.46197],[10.66478,59.46207],[10.66285,59.46438],[10.66048,59.46506],[10.65713,59.46451],[10.65701,59.46349],[10.65571,59.4633],[10.65422,59.46232],[10.65509,59.45889],[10.65574,59.44968],[10.65862,59.44633],[10.65463,59.44432],[10.65253,59.44404],[10.64933,59.44293]],[[10.67815,59.46688],[10.67956,59.46997]],[[10.67956,59.46997],[10.67931,59.47108],[10.68185,59.47399],[10.68294,59.47442],[10.68469,59.47399],[10.6853,59.47416]],[[10.68853,59.48166],[10.68576,59.47961],[10.68557,59.47688],[10.68654,59.47637],[10.68772,59.47658],[10.68953,59.47786],[10.69083,59.47764],[10.69081,59.47708],[10.68782,59.47605],[10.6853,59.47416]],[[10.66582,59.46647],[10.66043,59.47055],[10.65942,59.47498],[10.66041,59.47708],[10.6621,59.47763],[10.66635,59.48193],[10.66988,59.48402],[10.67264,59.48481]],[[10.68853,59.48166],[10.68898,59.4835],[10.68656,59.48674]],[[10.6287,59.5054],[10.62772,59.5053],[10.62728,59.50856],[10.6275,59.5096],[10.62839,59.50994],[10.62974,59.50753],[10.6287,59.5054]],[[10.64306,59.51068],[10.64194,59.50924],[10.64038,59.50861],[10.63946,59.50883],[10.63946,59.5093],[10.63743,59.50964],[10.63598,59.51044]],[[10.64715,59.51081],[10.64494,59.50847],[10.64671,59.50143],[10.65137,59.49988],[10.65473,59.49801],[10.65176,59.49631],[10.65218,59.49265],[10.65109,59.49104],[10.64823,59.49063],[10.64527,59.48847],[10.64385,59.48835],[10.64283,59.48872],[10.64144,59.48836],[10.64045,59.48662],[10.64063,59.48432],[10.63982,59.48325],[10.63681,59.48281],[10.63567,59.48403],[10.63468,59.48424],[10.63243,59.48288],[10.62953,59.48383],[10.6277,59.48359],[10.6258,59.48251],[10.62592,59.48093],[10.62424,59.47685],[10.62635,59.47474],[10.62519,59.47225],[10.6269,59.47253],[10.62858,59.47196],[10.62904,59.47016],[10.63145,59.46989],[10.63314,59.47016]],[[10.64807,59.51084],[10.6471,59.50764],[10.64752,59.50649],[10.65247,59.50624],[10.65394,59.50555],[10.65748,59.50498],[10.65838,59.50429],[10.66248,59.50522],[10.66521,59.50427],[10.66681,59.5004],[10.66661,59.49808],[10.66402,59.4961],[10.6635,59.49479],[10.66567,59.49408],[10.66725,59.49408],[10.66763,59.49342],[10.66704,59.49293],[10.6679,59.4922],[10.66964,59.49111],[10.67187,59.49082]],[[10.68601,59.48929],[10.68604,59.48774],[10.68771,59.4891],[10.6883,59.48901],[10.68656,59.48674]],[[10.63598,59.51044],[10.63524,59.51111],[10.63558,59.5131],[10.63379,59.51456],[10.63427,59.51522],[10.63751,59.51612],[10.64579,59.51421],[10.64816,59.5132],[10.64822,59.51242],[10.64679,59.51169],[10.64495,59.51145],[10.64306,59.51068]],[[10.90002,59.12949],[10.89836,59.12869],[10.89812,59.12957],[10.90035,59.13177],[10.90092,59.13075],[10.90002,59.12949]],[[10.90815,59.13065],[10.90631,59.13083],[10.90558,59.13153],[10.90777,59.13204],[10.90833,59.1316],[10.90815,59.13065]],[[10.91353,59.1366],[10.91183,59.13729],[10.9141,59.13823],[10.9144,59.13732],[10.91353,59.1366]],[[10.90651,59.13699],[10.90555,59.1371],[10.90457,59.13846],[10.90574,59.13892],[10.90686,59.1374],[10.90651,59.13699]],[[10.90049,59.14314],[10.89989,59.14307],[10.89873,59.14409],[10.89971,59.1449],[10.90049,59.14438],[10.90049,59.14314]],[[10.89859,59.14496],[10.89753,59.1449],[10.89601,59.14587],[10.89559,59.1464],[10.89667,59.14702],[10.89783,59.14719],[10.89872,59.14687],[10.89929,59.14598],[10.89859,59.14496]],[[10.83461,59.15459],[10.83397,59.15442],[10.83244,59.15626],[10.83376,59.15708],[10.83461,59.15459]],[[10.80786,59.1564],[10.80713,59.15594],[10.80666,59.15636]],[[10.90104,59.15938],[10.90084,59.15919]],[[10.90215,59.15941],[10.90129,59.15897],[10.90084,59.15919]],[[10.90104,59.15938],[10.90232,59.16145]],[[10.88884,59.16044],[10.88876,59.16111]],[[10.88876,59.16111],[10.88975,59.16157],[10.89084,59.1609],[10.88956,59.15993],[10.88884,59.16044]],[[10.89423,59.15916],[10.8939,59.16044],[10.89855,59.16327],[10.89935,59.16314],[10.90051,59.16192],[10.90213,59.16203]],[[10.80602,59.16525],[10.80401,59.16526],[10.80462,59.16691],[10.80612,59.16666],[10.80602,59.16525]],[[10.88712,59.17477],[10.8878,59.1751],[10.88902,59.17492],[10.88877,59.17423],[10.88727,59.17352]],[[10.88727,59.17352],[10.88675,59.17398],[10.88712,59.17477]],[[10.71248,59.17053],[10.71591,59.16987],[10.71655,59.16889],[10.71502,59.16838],[10.71272,59.16867]],[[10.81011,59.17899],[10.80894,59.179],[10.80874,59.17985],[10.80906,59.18071],[10.81007,59.18103],[10.81067,59.18063],[10.81011,59.17899]],[[10.80463,59.17984],[10.80225,59.18006],[10.80228,59.18087],[10.80493,59.18106],[10.80566,59.1805],[10.80463,59.17984]],[[10.79853,59.18299],[10.79965,59.18269],[10.79986,59.18204],[10.7988,59.18075]],[[10.7988,59.18075],[10.79714,59.18178],[10.79715,59.18263],[10.79853,59.18299]],[[10.78145,59.18256],[10.78084,59.18246],[10.77973,59.1832],[10.78085,59.18453],[10.7817,59.1839],[10.78145,59.18256]],[[10.77196,59.1853],[10.77017,59.18515],[10.77036,59.18613],[10.77132,59.18683],[10.77196,59.1853]],[[10.79721,59.19235],[10.7974,59.19213]],[[10.7915,59.20083],[10.79209,59.20122],[10.7932,59.20089]],[[10.75733,59.20025],[10.756,59.20033],[10.75384,59.20129],[10.75584,59.20227],[10.75745,59.20161],[10.75733,59.20025]],[[10.79526,59.20271],[10.79393,59.20237],[10.79327,59.20286],[10.79347,59.2033],[10.79512,59.20387],[10.79577,59.20361],[10.79526,59.20271]],[[10.74502,59.21732],[10.74373,59.2175],[10.74457,59.22024],[10.74569,59.21997],[10.74534,59.21914],[10.74603,59.21827],[10.74502,59.21732]],[[10.75938,59.22901],[10.75736,59.22907],[10.75776,59.22998],[10.75915,59.23054],[10.75938,59.22901]],[[10.70239,59.23086],[10.70459,59.23336]],[[10.7041,59.23723],[10.70625,59.23489],[10.70459,59.23336]],[[10.78903,59.26008],[10.78952,59.26031]],[[10.78631,59.26158],[10.78754,59.26341],[10.78855,59.26395]],[[10.74327,59.27762],[10.74246,59.27666]],[[10.7154,59.27752],[10.71416,59.27726],[10.71392,59.27799],[10.71568,59.27922],[10.7154,59.27752]],[[10.67765,59.28701],[10.67739,59.28701]],[[10.73963,59.32332],[10.7428,59.3237],[10.74343,59.32265],[10.74743,59.32123]],[[10.73389,59.32613],[10.73066,59.32582],[10.73197,59.32669],[10.73489,59.32685],[10.73389,59.32613]],[[10.65539,59.33124],[10.65577,59.32992],[10.65406,59.3291],[10.65108,59.33109]],[[10.65267,59.40907],[10.65545,59.41337]],[[10.65671,59.42121],[10.65725,59.41861],[10.65567,59.41584],[10.65545,59.41337]],[[10.63302,59.42035],[10.63311,59.42042]],[[10.65753,59.4231],[10.65671,59.42121]],[[10.61192,59.42201],[10.61228,59.42213]],[[10.62358,59.45926],[10.62731,59.46056],[10.6281,59.46152]],[[10.67815,59.46688],[10.67652,59.46405],[10.67539,59.46332]],[[10.6344,59.46542],[10.63563,59.46671]],[[10.63563,59.46671],[10.6358,59.46735],[10.63503,59.46745],[10.63314,59.47016]],[[10.67187,59.49082],[10.67539,59.48648],[10.67462,59.48528],[10.67264,59.48481]],[[10.64715,59.51081],[10.64807,59.51084]],[[10.79708,59.19477],[10.80198,59.19423],[10.80284,59.19479],[10.80292,59.19623],[10.80447,59.19594],[10.80706,59.19736],[10.80882,59.19544],[10.81333,59.1942],[10.81484,59.19425],[10.81151,59.19234],[10.81068,59.19104],[10.81151,59.19017]],[[10.58992,59.41896],[10.59106,59.41766],[10.59308,59.41711]],[[10.60834,59.41958],[10.60459,59.41714],[10.60295,59.4179],[10.5978,59.4184],[10.59536,59.41803],[10.59414,59.41713],[10.59308,59.41711]],[[10.58992,59.41896],[10.58761,59.41997],[10.58701,59.42216],[10.58701,59.4237],[10.58888,59.42744],[10.58766,59.43179]],[[10.58766,59.43179],[10.58896,59.43333],[10.58796,59.4354]],[[10.582,59.43509],[10.57721,59.43438],[10.57644,59.43536],[10.57684,59.43595],[10.57999,59.43627],[10.58155,59.43694],[10.58269,59.43612],[10.582,59.43509]],[[10.59037,59.4379],[10.59198,59.43908],[10.59831,59.43938],[10.60407,59.44086],[10.60529,59.43984],[10.60674,59.4398]],[[10.60834,59.41958],[10.6105,59.42062],[10.61192,59.42201]],[[10.58796,59.4354],[10.58798,59.43682],[10.59037,59.4379]],[[10.8793,59.06877],[10.87791,59.0681],[10.87535,59.06779],[10.87449,59.06803],[10.87343,59.06761],[10.87175,59.068],[10.86728,59.06757],[10.86562,59.06778],[10.86594,59.06835]],[[10.88721,59.06903],[10.88818,59.06745],[10.89123,59.06664],[10.89185,59.06381],[10.89457,59.06364],[10.89785,59.06283],[10.90046,59.06347]],[[10.91206,59.06981],[10.90899,59.06863],[10.90663,59.06706]],[[10.91404,59.06988],[10.91071,59.06836],[10.90971,59.06645],[10.90752,59.06643]],[[10.92967,59.06628],[10.92968,59.06873],[10.93104,59.07041]],[[10.95928,59.07129],[10.96095,59.06913],[10.96125,59.06744],[10.9585,59.06615],[10.95926,59.06441],[10.9585,59.06385],[10.96029,59.06348],[10.96049,59.06291],[10.9601,59.06208],[10.95844,59.06162],[10.95647,59.06005],[10.95647,59.05943],[10.95897,59.05627],[10.96116,59.05472],[10.96186,59.05263]],[[10.91206,59.06981],[10.91378,59.0702],[10.91404,59.06988]],[[10.95322,59.07618],[10.95447,59.07253],[10.95676,59.07234],[10.95928,59.07129]],[[10.86594,59.06835],[10.86875,59.06901],[10.86842,59.06942],[10.8658,59.06973],[10.86549,59.07093],[10.86617,59.07187],[10.86913,59.07243],[10.87003,59.07373],[10.87138,59.07441],[10.87285,59.07116],[10.87398,59.07086],[10.87336,59.06892],[10.87448,59.06862]],[[10.87479,59.06863],[10.87818,59.07154],[10.87753,59.07215],[10.87843,59.07506]],[[10.88721,59.06903],[10.88599,59.0717],[10.89019,59.07433],[10.89317,59.07723]],[[10.89205,59.07769],[10.89079,59.07678],[10.88775,59.07625],[10.88685,59.07482],[10.88162,59.0734],[10.88188,59.07231],[10.88131,59.07167],[10.8806,59.07139],[10.88013,59.07199],[10.87941,59.07179],[10.87921,59.07107],[10.88,59.07023],[10.8793,59.06877]],[[10.95504,59.07987],[10.9554,59.07808],[10.95684,59.07732],[10.95854,59.07548],[10.9579,59.07413],[10.95638,59.07464],[10.95478,59.0768],[10.95322,59.07618]],[[10.86061,59.07375],[10.86154,59.07449],[10.86301,59.07274],[10.8616,59.07121],[10.86179,59.06973],[10.86407,59.07156],[10.86549,59.07419],[10.86186,59.07582],[10.86193,59.07639],[10.86434,59.07668],[10.86632,59.07574],[10.86762,59.07601],[10.86937,59.07727]],[[10.93194,59.08016],[10.93325,59.08088],[10.93449,59.08016],[10.92997,59.07521],[10.92855,59.07226],[10.92531,59.07023]],[[10.89317,59.07723],[10.89474,59.07803],[10.89834,59.08121]],[[10.89205,59.07769],[10.89758,59.08231]],[[10.93013,59.0842],[10.93212,59.08102],[10.92988,59.07934],[10.93194,59.08016]],[[10.88343,59.08278],[10.88302,59.08131],[10.87815,59.07858],[10.87619,59.07802],[10.87537,59.07856],[10.87136,59.07648],[10.87172,59.07599],[10.87402,59.07633],[10.87522,59.07381],[10.87629,59.07421],[10.87787,59.07594],[10.87846,59.0758],[10.87843,59.07506]],[[10.89907,59.08172],[10.90285,59.08389]],[[10.88343,59.08278],[10.88312,59.08321],[10.88219,59.08321],[10.8798,59.08117],[10.87601,59.08016],[10.87463,59.07899],[10.86937,59.07727]],[[10.86061,59.07375],[10.8605,59.07276],[10.85875,59.07085],[10.85737,59.07006],[10.85649,59.07001],[10.85065,59.07178],[10.85105,59.0748],[10.84951,59.07416],[10.84609,59.07404],[10.8471,59.07906],[10.84814,59.08044],[10.84753,59.08171],[10.84853,59.08317]],[[10.93104,59.07041],[10.93513,59.0776],[10.9388,59.07822],[10.93811,59.08111],[10.94013,59.08225],[10.93959,59.08367],[10.94044,59.08519],[10.94104,59.08549],[10.94186,59.08524],[10.94413,59.0855],[10.9458,59.08653],[10.94667,59.08486],[10.9473,59.0848]],[[10.84706,59.08379],[10.84897,59.08421],[10.84853,59.08317]],[[10.9473,59.0848],[10.94836,59.08543],[10.95126,59.08393],[10.95325,59.08568],[10.95496,59.08589],[10.95743,59.08238],[10.9594,59.08568],[10.96102,59.08592],[10.96111,59.08511],[10.9617,59.085],[10.96224,59.08569],[10.96404,59.08645],[10.96608,59.08943],[10.96771,59.09027],[10.9696,59.09037],[10.97073,59.08847],[10.97044,59.08126],[10.9698,59.07994],[10.96788,59.07925],[10.96575,59.07905],[10.96402,59.07806],[10.96395,59.07612],[10.96264,59.07574],[10.95878,59.07732],[10.95797,59.07858],[10.96061,59.08034],[10.96095,59.0834],[10.96039,59.08345],[10.959,59.08219],[10.96024,59.0813],[10.9595,59.08051],[10.95836,59.08021],[10.95757,59.08133],[10.95639,59.07974],[10.95504,59.07987]],[[10.90714,59.0895],[10.9055,59.08849],[10.90369,59.08628],[10.90068,59.08513],[10.89815,59.08276]],[[10.93908,59.09086],[10.93681,59.08697],[10.93476,59.08586],[10.93205,59.08525]],[[10.93941,59.09159],[10.93908,59.09086]],[[10.96244,59.09038],[10.96107,59.09],[10.95914,59.0906],[10.95888,59.09194],[10.96014,59.09316],[10.96367,59.09404],[10.96462,59.09293],[10.96244,59.09038]],[[10.94504,59.04163],[10.94408,59.04113],[10.94258,59.04161],[10.94301,59.04226],[10.9415,59.04423],[10.94176,59.04478],[10.94367,59.04464],[10.94476,59.04376],[10.94504,59.04163]],[[10.86501,59.04589],[10.86685,59.04633],[10.86661,59.04547],[10.86405,59.04505],[10.86045,59.04695],[10.86053,59.04763],[10.86256,59.04919],[10.86674,59.04826],[10.86669,59.04739],[10.86501,59.04589]],[[10.96186,59.05263],[10.96198,59.05127],[10.96404,59.04912],[10.96542,59.04895],[10.96728,59.04734],[10.96677,59.04423],[10.96642,59.0436],[10.96533,59.04327],[10.96633,59.03969],[10.96536,59.03736],[10.96459,59.0371],[10.96275,59.0383],[10.96048,59.03882],[10.95805,59.03829],[10.95575,59.03648],[10.95414,59.03648],[10.95266,59.03712],[10.95072,59.03706],[10.94989,59.03767],[10.94813,59.0378],[10.94765,59.03735],[10.94873,59.03565],[10.94752,59.0345],[10.94784,59.03398],[10.94914,59.03361],[10.94922,59.03301],[10.94732,59.03124],[10.9452,59.03047],[10.94393,59.03072],[10.94232,59.03273],[10.94237,59.03367],[10.9411,59.03394],[10.93937,59.03618],[10.93768,59.03676],[10.93792,59.03557],[10.93734,59.03546],[10.9339,59.03872],[10.93386,59.03938],[10.9346,59.03967],[10.93565,59.03894],[10.93738,59.03894],[10.93757,59.04172],[10.93945,59.04121],[10.94164,59.04153],[10.94024,59.0425],[10.93614,59.0441],[10.9388,59.04576],[10.93171,59.0434],[10.931,59.044],[10.93245,59.0447],[10.93203,59.04579],[10.93018,59.0456],[10.92916,59.04634],[10.93414,59.04775],[10.93508,59.0486],[10.93489,59.04919],[10.93435,59.04947],[10.93086,59.04898],[10.92699,59.04898],[10.92661,59.05139],[10.92488,59.05165],[10.92162,59.05148],[10.9162,59.0541],[10.91484,59.05529],[10.91638,59.05601],[10.91953,59.05566],[10.92082,59.05604]],[[10.88514,59.05298],[10.88975,59.05353],[10.88844,59.05155],[10.88858,59.05037],[10.89075,59.0504],[10.89285,59.04959],[10.89406,59.04726],[10.89384,59.04637],[10.89577,59.04557],[10.89644,59.04424],[10.89365,59.04272],[10.89042,59.04209],[10.89124,59.03951],[10.88638,59.03768],[10.88476,59.03748],[10.88501,59.03877],[10.88298,59.04002],[10.88306,59.04313],[10.88417,59.04397],[10.88366,59.04517],[10.88127,59.04486],[10.87535,59.04499],[10.87393,59.04545],[10.87323,59.04619],[10.87103,59.04498],[10.87028,59.04539],[10.8702,59.04718],[10.8705,59.04817],[10.87182,59.04873],[10.87312,59.04839],[10.87371,59.04943],[10.87526,59.05018],[10.87365,59.05165],[10.87455,59.0525],[10.87604,59.05287],[10.87546,59.0559],[10.87732,59.05681],[10.8789,59.057],[10.88256,59.05558],[10.88514,59.05298]],[[10.9612,59.05824],[10.9598,59.05797],[10.95947,59.05909],[10.96034,59.05991],[10.96222,59.06047],[10.96242,59.05945],[10.9612,59.05824]],[[10.91097,59.06218],[10.91089,59.06082],[10.91004,59.05995],[10.90496,59.05851],[10.90407,59.05856],[10.90414,59.05936],[10.90301,59.0604]],[[10.92391,59.05764],[10.92683,59.06376],[10.92827,59.0652],[10.92922,59.06545]],[[10.92922,59.06545],[10.92967,59.06628]],[[10.90301,59.0604],[10.90219,59.06271],[10.90535,59.06475],[10.90625,59.0663],[10.9047,59.06563]],[[10.90663,59.06706],[10.9062,59.0665],[10.90752,59.06643]],[[10.92469,59.06915],[10.92521,59.06829],[10.9235,59.06704],[10.92286,59.06583],[10.92,59.06418],[10.91811,59.06398],[10.91734,59.06454],[10.91568,59.0637],[10.91332,59.06435],[10.91233,59.06357],[10.91135,59.0643],[10.9106,59.06405]],[[10.88469,59.06579],[10.88344,59.06509],[10.88005,59.06596],[10.87972,59.06656],[10.8809,59.06769],[10.88235,59.06808],[10.88336,59.06777],[10.88412,59.06734],[10.88469,59.06579]],[[10.90285,59.08389],[10.90533,59.08636],[10.90727,59.08745],[10.90826,59.08886],[10.90961,59.08931],[10.91151,59.08902],[10.91215,59.09048],[10.91614,59.09399],[10.91779,59.09461],[10.91909,59.09821],[10.92102,59.09934],[10.92214,59.09876],[10.92384,59.1005],[10.92548,59.10072],[10.92559,59.10228],[10.92645,59.10329],[10.9289,59.10305],[10.93247,59.1047],[10.93359,59.10435],[10.93363,59.10313],[10.9353,59.1027],[10.9362,59.10327],[10.93633,59.10454],[10.94131,59.10609],[10.9423,59.10567],[10.94322,59.10422],[10.94294,59.10236],[10.94458,59.10229],[10.94521,59.10302],[10.947,59.10268],[10.94789,59.10199],[10.94653,59.09775],[10.94396,59.09504],[10.94167,59.09418],[10.94243,59.09334],[10.94215,59.09244],[10.93941,59.09159]],[[10.81875,59.10056],[10.81571,59.10041],[10.81752,59.10169],[10.81724,59.10254],[10.82124,59.10393],[10.82141,59.10324],[10.81975,59.10246],[10.81875,59.10056]],[[10.782,59.10247],[10.78411,59.10193],[10.78439,59.10145],[10.7821,59.0966],[10.78435,59.09326],[10.78452,59.09258],[10.78373,59.09186],[10.78087,59.093],[10.77743,59.09556],[10.77583,59.09615],[10.77247,59.09937],[10.77134,59.10178],[10.77199,59.10238],[10.77425,59.10209],[10.77641,59.10282],[10.782,59.10247]],[[10.84665,59.10407],[10.84606,59.10415],[10.84614,59.10497],[10.84749,59.10548]],[[10.84749,59.10548],[10.84958,59.10573],[10.84993,59.10514],[10.84821,59.10511],[10.84665,59.10407]],[[10.84706,59.08379],[10.84548,59.08283],[10.84597,59.08152],[10.84473,59.07974],[10.84287,59.07971],[10.84211,59.08045],[10.84301,59.08569],[10.84262,59.08598],[10.84163,59.08578],[10.84129,59.0863],[10.84288,59.08844],[10.84247,59.09074],[10.84184,59.09077],[10.84106,59.08944],[10.83936,59.09013],[10.84135,59.09276],[10.84359,59.09431],[10.84346,59.09599],[10.84288,59.09603],[10.84124,59.09487],[10.8381,59.09118],[10.83674,59.09076],[10.83499,59.09167],[10.83786,59.09383],[10.83573,59.09405],[10.83278,59.09304],[10.8312,59.09466],[10.83236,59.09695],[10.8306,59.09666],[10.82928,59.09579],[10.82844,59.0963],[10.83268,59.10212],[10.83028,59.10195],[10.82898,59.10028],[10.82598,59.09815],[10.82482,59.09921],[10.82958,59.10323],[10.83027,59.10344],[10.83156,59.1031],[10.83327,59.10514],[10.83529,59.10542],[10.83466,59.10401],[10.83518,59.10332],[10.8388,59.10467],[10.83922,59.10405]],[[10.95202,59.10851],[10.95018,59.1085],[10.95004,59.10969],[10.95211,59.11087],[10.95389,59.11094],[10.95468,59.11065],[10.95476,59.10977],[10.95202,59.10851]],[[10.96173,59.11099],[10.96241,59.10954],[10.95995,59.10608],[10.96144,59.10609],[10.96331,59.10699],[10.96397,59.10656],[10.96422,59.10459],[10.96302,59.10273],[10.96347,59.10179],[10.96161,59.10041],[10.95937,59.09989],[10.958,59.09737],[10.95646,59.09828],[10.95466,59.09757],[10.95552,59.09557],[10.95496,59.094],[10.95215,59.0935],[10.9515,59.09377],[10.95065,59.0973],[10.95166,59.09896],[10.95325,59.09969],[10.95341,59.10123],[10.95473,59.10177],[10.95388,59.10292],[10.95108,59.10116],[10.9505,59.10126],[10.95043,59.10196],[10.95274,59.10518],[10.95356,59.10535],[10.95407,59.10465],[10.95464,59.10471],[10.95595,59.10846],[10.9566,59.10828],[10.95645,59.10765],[10.95706,59.1076],[10.95827,59.11019],[10.95943,59.11033],[10.96104,59.11122],[10.96173,59.11099]],[[10.86652,59.10744],[10.86806,59.10735],[10.86729,59.1044],[10.86647,59.10424],[10.86573,59.10486],[10.86501,59.10473],[10.86186,59.10218],[10.86204,59.09936],[10.86291,59.09744],[10.86201,59.09557],[10.86246,59.09399],[10.85808,59.08978],[10.8576,59.09015],[10.85958,59.09295],[10.85951,59.09376],[10.85832,59.09355],[10.85731,59.09264],[10.85608,59.09294],[10.85916,59.09498],[10.85817,59.09873],[10.85963,59.1028],[10.85708,59.103],[10.85554,59.10184],[10.854,59.10173],[10.85209,59.10257],[10.85333,59.10277],[10.85354,59.10334],[10.85219,59.10361],[10.8509,59.1048],[10.85197,59.1049],[10.85478,59.10417],[10.8565,59.10502],[10.86164,59.10386],[10.86299,59.10468],[10.8636,59.10601],[10.86615,59.10834],[10.86652,59.10744]],[[10.9112,59.11145],[10.91178,59.11129]],[[10.84869,59.11093],[10.84919,59.10951],[10.84703,59.11054]],[[10.83343,59.1099],[10.83402,59.10871],[10.83183,59.1074],[10.83049,59.10714],[10.82716,59.10767],[10.82684,59.10849],[10.82803,59.10971],[10.83124,59.10993],[10.83208,59.1104],[10.83343,59.1099]],[[10.84215,59.10414],[10.84308,59.10496],[10.84441,59.10473],[10.84416,59.10568],[10.84365,59.10596],[10.84241,59.10574],[10.84117,59.1064],[10.83996,59.10804],[10.84013,59.10879],[10.84525,59.11105],[10.84703,59.11054]],[[10.91178,59.11129],[10.91418,59.11329],[10.91584,59.11395],[10.91998,59.11306],[10.91983,59.11038],[10.91892,59.10962],[10.91997,59.10733],[10.91976,59.10585],[10.92132,59.10413],[10.91923,59.10004],[10.91598,59.09611],[10.90714,59.0895]],[[10.89456,59.11277],[10.89385,59.11291],[10.89449,59.11336]],[[10.77248,59.11029],[10.77349,59.10966],[10.77387,59.10819],[10.77314,59.10693],[10.77081,59.10703],[10.76751,59.10798],[10.76309,59.10998]],[[10.84986,59.11279],[10.8484,59.11217],[10.84869,59.11093]],[[10.874,59.11356],[10.87414,59.1116],[10.87527,59.11125],[10.87422,59.1101],[10.87131,59.10982],[10.87331,59.11234],[10.87252,59.11352]],[[10.89035,59.11408],[10.89099,59.11343],[10.89047,59.11301],[10.88667,59.11316],[10.88631,59.11253],[10.88736,59.11216],[10.8863,59.11162],[10.8832,59.1121],[10.88223,59.11324],[10.88098,59.11334],[10.87915,59.1129],[10.87822,59.11222],[10.8781,59.11108],[10.87964,59.11029],[10.87912,59.10886],[10.88276,59.10718],[10.88278,59.10668],[10.88129,59.10634],[10.87905,59.10748],[10.8762,59.10728],[10.87585,59.10843],[10.8766,59.11088],[10.87558,59.11171],[10.87633,59.11364]],[[10.8973,59.1143],[10.89456,59.11277]],[[10.94061,59.11567],[10.93888,59.11466],[10.93758,59.1147],[10.93681,59.11421],[10.93609,59.11212],[10.93501,59.11147],[10.9328,59.11211],[10.93274,59.11276],[10.93469,59.11458],[10.93708,59.11556]],[[10.94902,59.11593],[10.94931,59.11442],[10.94587,59.11379],[10.9451,59.11292],[10.94541,59.11205],[10.94681,59.11173],[10.947,59.11127],[10.94168,59.11068],[10.943,59.11007],[10.94621,59.11006],[10.9477,59.10962],[10.94726,59.10868],[10.94637,59.10834],[10.94461,59.10856],[10.94102,59.1083],[10.93921,59.10703],[10.93749,59.10706],[10.93705,59.10752],[10.93794,59.10854],[10.93756,59.10974],[10.93907,59.11048],[10.93872,59.11126],[10.94434,59.11445],[10.94568,59.11583]],[[10.9533,59.11606],[10.95157,59.11368],[10.95055,59.11357],[10.95167,59.11601]],[[10.87252,59.11352],[10.87263,59.11477],[10.87356,59.11505],[10.874,59.11356]],[[10.94568,59.11583],[10.94795,59.1178],[10.94902,59.11593]],[[10.89035,59.11408],[10.89004,59.11472],[10.89415,59.1162]],[[10.95167,59.11601],[10.95266,59.11775],[10.9538,59.11852],[10.9543,59.11811],[10.9533,59.11606]],[[10.85254,59.11288],[10.85201,59.11374],[10.85294,59.11446],[10.85687,59.11584]],[[10.8973,59.1143],[10.90078,59.11675],[10.90165,59.11663],[10.90341,59.11515],[10.90466,59.11529],[10.90319,59.1166],[10.90345,59.11745],[10.90472,59.11709],[10.90546,59.11608],[10.90639,59.11597],[10.90636,59.1163]],[[10.8941,59.11661],[10.894,59.11742]],[[10.90904,59.11706],[10.90963,59.11619],[10.91082,59.11597],[10.91135,59.11761],[10.91224,59.11806],[10.91303,59.11796],[10.91348,59.11667],[10.91173,59.1157],[10.91286,59.11479]],[[10.88322,59.11386],[10.88349,59.11639],[10.88494,59.1182],[10.885,59.11741],[10.88613,59.11654],[10.88414,59.11472],[10.88481,59.11391]],[[10.76309,59.10998],[10.76072,59.11107],[10.75874,59.11059],[10.75815,59.11081],[10.75641,59.11422],[10.75703,59.11437],[10.7581,59.114],[10.76015,59.11436],[10.7635,59.1137],[10.76759,59.1111],[10.77175,59.11065],[10.77248,59.11029]],[[10.894,59.11742],[10.89618,59.11877],[10.89915,59.11907],[10.90007,59.11872],[10.89884,59.11634],[10.89612,59.11427]],[[10.88241,59.1154],[10.88169,59.11537],[10.88053,59.11715],[10.88073,59.11832],[10.88198,59.11881],[10.88335,59.11755],[10.88241,59.1154]],[[10.90636,59.1163],[10.90565,59.11734],[10.90626,59.11875],[10.90562,59.12038],[10.9089,59.12161],[10.90987,59.12077],[10.90892,59.11912],[10.91,59.11841],[10.90904,59.11706]],[[10.95799,59.1231],[10.95959,59.12139],[10.95881,59.12082],[10.95704,59.12103],[10.95578,59.12034],[10.95497,59.12119],[10.95383,59.12126],[10.95383,59.12236],[10.95678,59.12329],[10.95799,59.1231]],[[10.84461,59.11294],[10.84316,59.11287],[10.84225,59.11398],[10.84175,59.11673],[10.84402,59.11866],[10.84768,59.12065],[10.84916,59.11915],[10.84645,59.11734],[10.84657,59.11589],[10.84461,59.11294]],[[10.86261,59.12064],[10.86178,59.11911],[10.86426,59.12031],[10.86745,59.12091]],[[10.85687,59.11584],[10.85655,59.11655],[10.85215,59.11509],[10.84953,59.11669],[10.8486,59.11783],[10.8497,59.11814],[10.85158,59.11984],[10.85425,59.11959],[10.85908,59.12091]],[[10.93708,59.11556],[10.93834,59.11647],[10.93795,59.11738],[10.93938,59.11812],[10.94203,59.12079],[10.9429,59.12114],[10.94333,59.12068],[10.94392,59.12075],[10.94682,59.12362],[10.94833,59.12416],[10.949,59.1215],[10.94771,59.11959],[10.94547,59.1177],[10.94274,59.1173],[10.94061,59.11567]],[[10.86745,59.12091],[10.86817,59.12118],[10.86793,59.122],[10.86854,59.12206],[10.86994,59.12043],[10.8713,59.12002],[10.87136,59.12201],[10.87229,59.1222],[10.87433,59.12054],[10.87251,59.12007],[10.8739,59.11785],[10.87568,59.11879],[10.87648,59.11867],[10.87651,59.11789],[10.87489,59.11588]],[[10.74354,59.11754],[10.74056,59.11676],[10.73857,59.11776],[10.73843,59.11871],[10.74128,59.11912],[10.74354,59.11754]],[[10.91598,59.12472],[10.91887,59.12439],[10.91723,59.12318],[10.91533,59.12439],[10.91598,59.12472]],[[10.91498,59.12504],[10.91235,59.12463],[10.91231,59.12559],[10.91452,59.12734],[10.91586,59.12674],[10.91498,59.12504]],[[10.85908,59.12091],[10.85588,59.12328],[10.85509,59.1231],[10.8543,59.1219],[10.85261,59.12172],[10.85166,59.122],[10.85104,59.12298],[10.85191,59.12418],[10.84978,59.1242],[10.85004,59.12524],[10.85122,59.12554],[10.85231,59.12464],[10.85452,59.12455],[10.85799,59.12553],[10.85845,59.1253],[10.85805,59.12458],[10.85991,59.12424],[10.86247,59.12508],[10.86487,59.12359],[10.8657,59.12401],[10.86453,59.12426],[10.86473,59.12497],[10.86548,59.12533],[10.86665,59.12526],[10.86764,59.12484],[10.86771,59.12396],[10.86544,59.12191],[10.86378,59.12151],[10.86261,59.12064]],[[10.90633,59.12648],[10.90787,59.12668],[10.90654,59.12579],[10.90296,59.12602],[10.90284,59.1263],[10.90582,59.1277],[10.90671,59.12745],[10.90633,59.12648]],[[10.92729,59.12877],[10.92912,59.1284],[10.92762,59.12741],[10.92773,59.12676],[10.92977,59.12655],[10.92994,59.12622],[10.9231,59.12159],[10.91985,59.1213],[10.91926,59.12214],[10.92197,59.1247],[10.92005,59.12463],[10.91854,59.12666],[10.92018,59.12775],[10.92412,59.12752],[10.92483,59.12815],[10.92729,59.12877]],[[10.93826,59.12658],[10.94082,59.12696],[10.94241,59.12656],[10.94293,59.12621],[10.94247,59.12515],[10.94354,59.12475],[10.94216,59.12196],[10.93807,59.11829],[10.93676,59.11773],[10.93647,59.11927],[10.93849,59.12295],[10.93692,59.12284],[10.93654,59.12359],[10.93483,59.12003],[10.93275,59.11944],[10.93156,59.12028],[10.92986,59.11875],[10.92864,59.11856],[10.92782,59.11896],[10.92875,59.11957],[10.92807,59.11994],[10.92823,59.12045],[10.92971,59.12195],[10.93035,59.12222],[10.93107,59.12196],[10.93141,59.123],[10.93065,59.12344],[10.9315,59.1251],[10.93283,59.12648],[10.93428,59.12673],[10.93525,59.12753],[10.93535,59.12901],[10.93614,59.12962],[10.93691,59.12929],[10.93826,59.12658]],[[10.85101,59.12685],[10.8491,59.12596],[10.84791,59.12765],[10.8482,59.128],[10.85066,59.12848],[10.85136,59.12783],[10.85101,59.12685]],[[10.89573,59.04939],[10.89462,59.04925],[10.89359,59.05044],[10.89562,59.05119],[10.89642,59.05091],[10.89573,59.04939]],[[10.92082,59.05604],[10.92391,59.05764]],[[10.9106,59.06405],[10.91097,59.06218]],[[10.9047,59.06563],[10.90046,59.06347]],[[10.92516,59.07018],[10.92469,59.06915]],[[10.87479,59.06863],[10.87448,59.06862]],[[10.92531,59.07023],[10.92516,59.07018]],[[10.89834,59.08121],[10.89907,59.08172]],[[10.89758,59.08231],[10.89815,59.08276]],[[10.93205,59.08525],[10.93013,59.0842]],[[10.83307,59.08594],[10.83383,59.08545],[10.83285,59.08481],[10.83185,59.08574],[10.83013,59.08522],[10.82922,59.08578],[10.83067,59.08624],[10.83307,59.08594]],[[10.84215,59.10414],[10.83922,59.10405]],[[10.92884,59.11428],[10.93033,59.11308],[10.92913,59.11278],[10.9281,59.11411],[10.92752,59.11409],[10.92674,59.11327],[10.92741,59.11176],[10.92686,59.1111],[10.92599,59.11194],[10.9252,59.11166],[10.92469,59.11201],[10.92525,59.11344],[10.92814,59.11477],[10.92884,59.11428]],[[10.85254,59.11288],[10.8523,59.11254],[10.85028,59.11281]],[[10.88481,59.11391],[10.88516,59.11314],[10.88347,59.11288],[10.88322,59.11386]],[[10.89612,59.11427],[10.89449,59.11336]],[[10.91286,59.11479],[10.9112,59.11145]],[[10.84986,59.11279],[10.85028,59.11281]],[[10.87489,59.11588],[10.87463,59.11538],[10.87658,59.1146],[10.87633,59.11364]],[[10.8941,59.11661],[10.89415,59.1162]],[[10.87875,59.11471],[10.87805,59.11472],[10.87757,59.11618],[10.87824,59.11679],[10.87925,59.11622],[10.87875,59.11471]],[[10.83879,59.11611],[10.83693,59.1158],[10.83859,59.1175],[10.83978,59.11703],[10.83879,59.11611]],[[10.95236,59.12014],[10.95041,59.11992],[10.95016,59.12018],[10.95115,59.12145],[10.95238,59.12185],[10.95309,59.12117],[10.95236,59.12014]],[[10.90336,59.12177],[10.90159,59.1207],[10.90067,59.12098],[10.90071,59.122],[10.90158,59.12273],[10.90358,59.12341],[10.90336,59.12177]],[[10.85161,59.12031],[10.8509,59.11979],[10.84947,59.12011],[10.84831,59.1218],[10.85137,59.12079],[10.85161,59.12031]],[[10.96036,59.12358],[10.95951,59.12359],[10.95724,59.12461],[10.95723,59.12549],[10.95964,59.12452],[10.96036,59.12358]],[[10.84383,59.1217],[10.84255,59.12163],[10.84176,59.12078],[10.84089,59.1211],[10.84231,59.12272],[10.84372,59.12242],[10.84383,59.1217]],[[10.8529,59.12599],[10.85198,59.12596],[10.85154,59.12671],[10.8533,59.12767],[10.8536,59.12686],[10.8529,59.12599]],[[10.9105,59.12644],[10.90966,59.1264],[10.90854,59.12803],[10.90935,59.12889],[10.91114,59.12775],[10.9105,59.12644]],[[10.85879,59.12596],[10.85702,59.12659],[10.85884,59.12731],[10.86041,59.12676],[10.8594,59.12659],[10.85879,59.12596]],[[10.90386,59.12854],[10.90242,59.12767],[10.90192,59.12775],[10.9021,59.12898],[10.90499,59.12987],[10.9053,59.12905],[10.90386,59.12854]],[[10.42989,59.61245],[10.43136,59.61223],[10.43245,59.6113],[10.43449,59.61132],[10.43573,59.61048],[10.43944,59.60968],[10.44128,59.60682]],[[10.42989,59.61245],[10.4217,59.61304]],[[10.41522,59.61252],[10.41528,59.6099],[10.41393,59.60899],[10.41261,59.612],[10.4132,59.61296]],[[10.4132,59.61296],[10.4129,59.61415],[10.41383,59.61684],[10.41818,59.61805],[10.42423,59.61826]],[[10.42423,59.61826],[10.43317,59.61915],[10.43929,59.62144]],[[10.63666,59.64412],[10.63727,59.64299],[10.63686,59.64071],[10.63847,59.63829],[10.64139,59.63855],[10.64313,59.63807],[10.64253,59.63388],[10.64146,59.63206],[10.64255,59.63101],[10.64312,59.62896],[10.64787,59.6259],[10.6475,59.62511],[10.64848,59.62379],[10.64844,59.62048],[10.65075,59.61945],[10.65083,59.61883],[10.6528,59.6173],[10.65248,59.61625],[10.65126,59.61558],[10.65135,59.61397]],[[10.43001,59.6383],[10.43142,59.63357],[10.4389,59.628],[10.43975,59.62557],[10.44173,59.62311],[10.43929,59.62144]],[[10.60534,59.6443],[10.60608,59.6433],[10.60488,59.6426],[10.60603,59.64193],[10.6063,59.64115],[10.60456,59.64011],[10.60434,59.63789],[10.60604,59.63353],[10.60656,59.6266],[10.60933,59.61754],[10.61216,59.61266]],[[10.60039,59.65919],[10.59848,59.65981],[10.59863,59.66068],[10.59993,59.66071]],[[10.63524,59.6453],[10.63329,59.64825],[10.63415,59.64921],[10.63271,59.65085],[10.63243,59.65359],[10.63012,59.65722],[10.62989,59.65885],[10.6294,59.65917],[10.62776,59.65914],[10.62843,59.65974],[10.62725,59.66161],[10.62802,59.66196],[10.62762,59.6626],[10.62512,59.66261],[10.62579,59.66315],[10.62518,59.66495],[10.6258,59.66839],[10.62284,59.66984],[10.62276,59.67101]],[[10.62276,59.67101],[10.61948,59.67347],[10.62177,59.67542],[10.62362,59.67566]],[[10.62362,59.67566],[10.62266,59.67641],[10.62294,59.67683],[10.62445,59.67544],[10.6254,59.67561],[10.62498,59.67751]],[[10.58979,59.67483],[10.5939,59.67337],[10.59404,59.67286],[10.59319,59.67266],[10.591,59.67309],[10.58666,59.67453],[10.58616,59.67437],[10.58653,59.67361],[10.58311,59.67419],[10.58501,59.6745],[10.58423,59.67532],[10.58572,59.67631],[10.58979,59.67483]],[[10.55905,59.67614],[10.5656,59.67284],[10.56917,59.67199],[10.57637,59.66919],[10.57653,59.66871],[10.57573,59.6686],[10.57094,59.66937],[10.56967,59.66808],[10.57145,59.6662],[10.57667,59.66384],[10.58055,59.66388],[10.58502,59.66292],[10.58523,59.6634],[10.58191,59.6655],[10.58181,59.66617],[10.58763,59.66474],[10.5887,59.66483],[10.58732,59.6663],[10.58271,59.66702],[10.57914,59.66841],[10.57843,59.66917],[10.57957,59.67024],[10.58429,59.66923],[10.58889,59.66756],[10.59041,59.66788],[10.59482,59.66782],[10.59639,59.66824],[10.59849,59.66725],[10.60301,59.66127],[10.60276,59.65963],[10.60329,59.65898],[10.60218,59.65869],[10.60183,59.65773],[10.603,59.6569],[10.60258,59.65589],[10.60328,59.65068],[10.6043,59.64861],[10.60431,59.64601],[10.60534,59.6443]],[[10.55262,59.67735],[10.55541,59.67758],[10.55905,59.67614]],[[10.60872,59.67911],[10.60904,59.67817],[10.60795,59.6769],[10.60676,59.67651],[10.6091,59.67522],[10.60958,59.67346],[10.60863,59.67228],[10.60762,59.67213],[10.60561,59.67253],[10.60434,59.6737],[10.60419,59.67609],[10.60548,59.6772],[10.60533,59.67799],[10.60373,59.67841],[10.60318,59.67976],[10.60484,59.68065],[10.60658,59.67957],[10.60872,59.67911]],[[10.53651,59.6777],[10.53808,59.67815],[10.53583,59.68011],[10.53461,59.68208],[10.53562,59.68187],[10.53828,59.67976]],[[10.53828,59.67976],[10.53895,59.6801],[10.5366,59.68237],[10.53783,59.6827],[10.53667,59.68505],[10.53742,59.68532],[10.54051,59.68415],[10.54365,59.68216],[10.54499,59.68242],[10.54867,59.68142],[10.55182,59.6776],[10.55262,59.67735]],[[10.42143,59.68297],[10.42045,59.68198],[10.41957,59.68178],[10.4169,59.68281]],[[10.43049,59.68328],[10.42824,59.67455],[10.43226,59.67082],[10.43321,59.67046],[10.43572,59.67052],[10.43701,59.66989],[10.43934,59.66584],[10.43863,59.66306],[10.43583,59.65851],[10.4361,59.65498],[10.43541,59.65359],[10.4348,59.65321],[10.43305,59.65314],[10.43115,59.65434],[10.43022,59.6543],[10.42886,59.65254],[10.43234,59.64608],[10.42929,59.64267],[10.43025,59.64182],[10.43001,59.6383]],[[10.53651,59.6777],[10.53482,59.6777],[10.53254,59.67887],[10.53222,59.68076],[10.52434,59.68652]],[[10.59229,59.68883],[10.597,59.68273],[10.59997,59.67667],[10.59971,59.67429],[10.58687,59.67685],[10.5849,59.67823],[10.58114,59.67944],[10.57411,59.6805],[10.56732,59.68373],[10.56554,59.68531],[10.56462,59.68789]],[[10.62178,59.68982],[10.61884,59.6861],[10.61728,59.68566],[10.61598,59.68245],[10.61101,59.68521],[10.60846,59.68937]],[[10.62571,59.68995],[10.62343,59.68528],[10.62117,59.68572],[10.62024,59.68464],[10.6203,59.68389],[10.62163,59.68293],[10.62267,59.68295],[10.62292,59.68413],[10.62355,59.68417],[10.62552,59.68178],[10.62445,59.67867],[10.62498,59.67751]],[[10.42143,59.68297],[10.4224,59.68343],[10.42487,59.6837],[10.42595,59.68528],[10.42816,59.68571],[10.43122,59.68523],[10.43049,59.68328]],[[10.41158,59.68828],[10.41078,59.68715],[10.4169,59.68281]],[[10.41158,59.68828],[10.41086,59.68975],[10.40732,59.6906],[10.40718,59.69147]],[[10.52989,59.69061],[10.53326,59.69069],[10.53399,59.69028],[10.53442,59.68941],[10.53386,59.68724],[10.52948,59.68827],[10.52513,59.69019],[10.52433,59.69232],[10.52297,59.69295],[10.52024,59.69572],[10.51992,59.6965],[10.52074,59.69722],[10.52432,59.6954],[10.52488,59.69283],[10.526,59.6918],[10.52989,59.69061]],[[10.55611,59.69833],[10.5574,59.69804],[10.55896,59.69872],[10.55959,59.69832],[10.55923,59.69576],[10.56089,59.6942],[10.56309,59.69307],[10.56462,59.68789]],[[10.62178,59.68982],[10.62391,59.69529],[10.62377,59.69798],[10.62541,59.69969],[10.62748,59.70074],[10.6281,59.70184],[10.62956,59.70249],[10.6308,59.70237],[10.63443,59.7031],[10.64192,59.7056],[10.63963,59.70225],[10.64009,59.70037],[10.63723,59.69866],[10.63405,59.69756],[10.6306,59.69897],[10.63028,59.69992],[10.62701,59.69909],[10.62555,59.69816],[10.6265,59.69689],[10.62748,59.69661],[10.62865,59.69682],[10.63003,59.69633],[10.63029,59.69577],[10.62713,59.69259],[10.62571,59.68995]],[[10.644,59.70653],[10.64249,59.70592],[10.6424,59.70681],[10.64385,59.70769]],[[10.64385,59.70769],[10.64484,59.70746],[10.644,59.70653]],[[10.51967,59.7037],[10.52068,59.70219],[10.51917,59.70065],[10.51754,59.69728],[10.51797,59.6938],[10.51869,59.69351],[10.5189,59.69419],[10.51988,59.69452],[10.52163,59.69287],[10.52173,59.69209],[10.51998,59.69099],[10.52332,59.68775]],[[10.55611,59.69833],[10.55365,59.70054],[10.55262,59.70501],[10.55326,59.7065],[10.55497,59.70686]],[[10.55472,59.70878],[10.55655,59.70852],[10.55828,59.70706],[10.55742,59.70672],[10.55497,59.70686]],[[10.55472,59.70878],[10.55388,59.70963],[10.55446,59.71077]],[[10.53913,59.70115],[10.53935,59.70034],[10.5371,59.70048],[10.53689,59.70002],[10.54161,59.69687],[10.54261,59.69535],[10.54233,59.69407],[10.54138,59.69367],[10.54026,59.69385],[10.538,59.69559],[10.53064,59.69893],[10.52848,59.7027],[10.52902,59.71021],[10.52973,59.71059],[10.5333,59.7098],[10.53622,59.70734],[10.53772,59.7055],[10.53804,59.70197],[10.53913,59.70115]],[[10.55374,59.71618],[10.5547,59.71607],[10.55527,59.71518],[10.55528,59.71178],[10.55446,59.71077]],[[10.37646,59.7107],[10.37767,59.71005],[10.37782,59.70774],[10.37878,59.70661],[10.38061,59.70528],[10.38546,59.70338],[10.38948,59.69999],[10.39174,59.69566],[10.39464,59.69339],[10.39481,59.68991],[10.39717,59.68937],[10.39796,59.69151],[10.39938,59.69185],[10.40381,59.6919],[10.40718,59.69147]],[[10.55374,59.71618],[10.55098,59.71411],[10.5492,59.7135],[10.54818,59.71636],[10.55173,59.71898],[10.5533,59.71943]],[[10.37646,59.7107],[10.37322,59.71061],[10.37222,59.71184],[10.37292,59.71352]],[[10.37292,59.71352],[10.37229,59.71408]],[[10.5533,59.71943],[10.55508,59.7192],[10.55644,59.71972],[10.55762,59.72088],[10.5593,59.72144],[10.56121,59.7215],[10.56299,59.72138],[10.56903,59.71947],[10.56989,59.71761],[10.56926,59.71666],[10.56649,59.71488],[10.56294,59.71451],[10.56233,59.71388],[10.56371,59.70997],[10.56259,59.70692],[10.56088,59.706],[10.56187,59.70291],[10.56369,59.70246],[10.56422,59.70301],[10.56538,59.70296],[10.56807,59.70171],[10.57126,59.70146],[10.57765,59.69835],[10.58265,59.69698],[10.58417,59.69603],[10.58487,59.69415],[10.58784,59.69216],[10.5908,59.69204],[10.59237,59.6911],[10.59229,59.68883]],[[10.36991,59.71576],[10.37229,59.71408]],[[10.36728,59.71689],[10.36377,59.71533]],[[10.36728,59.71689],[10.36755,59.71644],[10.36991,59.71576]],[[10.72988,59.73087],[10.73184,59.72986],[10.73289,59.72851],[10.73051,59.72594]],[[10.31411,59.71731],[10.31072,59.71744],[10.31068,59.71889],[10.31248,59.71972],[10.31375,59.71962],[10.31428,59.71909],[10.31411,59.71731]],[[10.31512,59.72027],[10.3161,59.71748],[10.31769,59.71643],[10.32572,59.71553],[10.32867,59.71589],[10.33408,59.71193],[10.33614,59.71149],[10.33776,59.71214],[10.34326,59.7118],[10.34859,59.71262],[10.35025,59.71169],[10.35274,59.71109],[10.35604,59.71077],[10.35703,59.71117],[10.35804,59.71066],[10.36225,59.7103],[10.36356,59.71063],[10.36521,59.7121],[10.36377,59.71533]],[[10.59159,59.73152],[10.59079,59.72939],[10.58898,59.72734],[10.58893,59.72543],[10.58728,59.72359],[10.58729,59.71979],[10.5889,59.71749],[10.59474,59.71508],[10.59648,59.71325],[10.59914,59.7124],[10.60002,59.71164],[10.59874,59.70855],[10.60018,59.70656],[10.5992,59.7043],[10.60083,59.70263],[10.60127,59.70087],[10.60401,59.6966],[10.60403,59.69416],[10.6067,59.69281],[10.60665,59.69099],[10.60846,59.68937]],[[10.57674,59.72327],[10.57507,59.72226],[10.57408,59.72248],[10.57099,59.72623],[10.57129,59.73051],[10.57058,59.73132],[10.57202,59.73205],[10.57457,59.7317],[10.57609,59.7305],[10.57662,59.72788],[10.57818,59.7256],[10.57674,59.72327]],[[10.59075,59.73278],[10.59159,59.73152]],[[10.31281,59.72219],[10.3147,59.72122],[10.31512,59.72027]],[[10.5201,59.73134],[10.52093,59.72883],[10.52018,59.72862],[10.52051,59.7274],[10.51965,59.72656],[10.51973,59.72382],[10.51876,59.72271],[10.52033,59.72022],[10.52322,59.70945],[10.5219,59.70545],[10.5206,59.70424]],[[10.56624,59.73291],[10.56702,59.73143],[10.56626,59.72986],[10.56449,59.73149],[10.56449,59.73285]],[[10.72182,59.73808],[10.7249,59.73183],[10.72538,59.72756],[10.7202,59.72398],[10.71761,59.72344],[10.71536,59.71894],[10.71248,59.71763],[10.71237,59.71693],[10.71327,59.71661],[10.71566,59.71684],[10.71799,59.71785],[10.71839,59.72006],[10.72324,59.72278],[10.7253,59.72297],[10.72835,59.72167],[10.72908,59.72445],[10.73051,59.72594]],[[10.72626,59.73823],[10.72736,59.73573],[10.72589,59.73429],[10.72673,59.73254],[10.72857,59.73092],[10.72988,59.73087]],[[10.72626,59.73823],[10.7262,59.73895],[10.72872,59.73992]],[[10.56449,59.73285],[10.56384,59.73644],[10.56643,59.73832],[10.5682,59.73709],[10.56624,59.73291]],[[10.72804,59.74164],[10.72451,59.7455],[10.72459,59.74644],[10.7254,59.74696],[10.72785,59.74677]],[[10.72771,59.74783],[10.72785,59.74677]],[[10.52074,59.74258],[10.5192,59.74262],[10.5189,59.74371],[10.52311,59.74449],[10.52244,59.74333],[10.52074,59.74258]],[[10.72771,59.74783],[10.7236,59.75149],[10.72218,59.75436],[10.72264,59.75559],[10.72461,59.75646],[10.72667,59.75596]],[[10.72657,59.75675],[10.72888,59.75505],[10.7283,59.75498],[10.72667,59.75596]],[[10.51327,59.75107],[10.51319,59.74981],[10.51115,59.74647],[10.51067,59.74378],[10.51222,59.74203],[10.51199,59.73476],[10.514,59.73341],[10.51597,59.734],[10.51672,59.73386],[10.51828,59.73217],[10.5201,59.73134]],[[10.72657,59.75675],[10.72572,59.75768],[10.72636,59.75836]],[[10.56422,59.74884],[10.56264,59.74921],[10.56099,59.75067],[10.56255,59.75699],[10.56385,59.76062],[10.56461,59.76103],[10.56701,59.75655],[10.56404,59.75282],[10.56416,59.75224],[10.56621,59.75089],[10.56422,59.74884]],[[10.5035,59.7591],[10.50451,59.75904],[10.50698,59.76079],[10.50626,59.76166],[10.50717,59.76217],[10.51241,59.76418],[10.51472,59.76382],[10.51561,59.76298],[10.51563,59.76172],[10.51491,59.76084],[10.51385,59.7605],[10.51467,59.75814],[10.51335,59.75351],[10.51391,59.75188],[10.51327,59.75107]],[[10.50269,59.77572],[10.50181,59.77142],[10.50447,59.77123],[10.50042,59.76889],[10.49776,59.76357],[10.50232,59.76118],[10.50135,59.75957],[10.5035,59.7591]],[[10.59397,59.77881],[10.59424,59.77753],[10.59203,59.7762],[10.5925,59.77467],[10.59009,59.77253],[10.58983,59.77065],[10.58542,59.76681],[10.58565,59.76483],[10.58449,59.76391],[10.58288,59.76348],[10.58212,59.76242],[10.58395,59.76127],[10.58403,59.76049],[10.582,59.75855],[10.58198,59.75611],[10.58309,59.75549],[10.58286,59.75349],[10.58039,59.74995],[10.58292,59.74508],[10.58112,59.74105],[10.58536,59.7375],[10.58668,59.73382],[10.5883,59.73366]],[[10.70908,59.78262],[10.70956,59.78173],[10.70925,59.77666],[10.7099,59.776],[10.71136,59.77626],[10.71202,59.77504],[10.71376,59.77559],[10.71509,59.77356],[10.71525,59.77082],[10.71434,59.76888],[10.71273,59.76912],[10.71046,59.76808],[10.7105,59.7662],[10.71245,59.76548],[10.71204,59.76421],[10.71347,59.76112],[10.71143,59.75818],[10.70628,59.75562],[10.70974,59.75626],[10.71362,59.75552],[10.71426,59.75499],[10.71354,59.75244],[10.71639,59.75197],[10.71873,59.74773],[10.72072,59.74589],[10.72045,59.74298],[10.72182,59.73808]],[[10.73216,59.78338],[10.73338,59.77956],[10.73233,59.77584],[10.73277,59.77232],[10.73461,59.76755],[10.73402,59.76676],[10.7303,59.76484],[10.72849,59.76306],[10.72694,59.76241],[10.72663,59.761],[10.72753,59.75957],[10.72636,59.75836]],[[10.49976,59.7822],[10.5015,59.78309],[10.50267,59.78212],[10.50133,59.77797],[10.50269,59.77572]],[[10.50194,59.79417],[10.5028,59.79394],[10.50265,59.79343],[10.5004,59.79263],[10.50081,59.79202],[10.50191,59.79231],[10.50102,59.79101],[10.49848,59.78989],[10.49892,59.78934],[10.49644,59.78789],[10.49695,59.78703],[10.49821,59.7865],[10.49986,59.78711],[10.50081,59.78683],[10.4998,59.78556],[10.4997,59.78373],[10.4979,59.78236],[10.49909,59.78187]],[[10.49061,59.80748],[10.49257,59.80781],[10.49276,59.80706],[10.49407,59.80675],[10.49305,59.80574],[10.49468,59.80505],[10.49716,59.80523],[10.49511,59.80358],[10.49546,59.80249],[10.49645,59.80192],[10.49881,59.80203],[10.5011,59.80289],[10.5041,59.80305],[10.4992,59.79935],[10.49723,59.79676],[10.49879,59.79547],[10.50194,59.79417]],[[10.60672,59.81817],[10.60272,59.81731],[10.60428,59.81815],[10.6121,59.82017],[10.61024,59.81909],[10.60672,59.81817]],[[10.49061,59.80748],[10.48926,59.8071],[10.48717,59.80748],[10.48552,59.8087],[10.48543,59.80939],[10.48446,59.80974],[10.48849,59.81204],[10.48938,59.81406],[10.48613,59.81449],[10.4827,59.81401],[10.48163,59.8145],[10.48575,59.81683],[10.48631,59.81773],[10.48311,59.81777],[10.48327,59.81871],[10.47781,59.81787]],[[10.62539,59.82482],[10.62417,59.82314],[10.62152,59.82116],[10.62013,59.82134],[10.61895,59.82063],[10.61512,59.81041],[10.60924,59.80658],[10.60674,59.80369],[10.60731,59.80264],[10.60841,59.80271],[10.60933,59.80198],[10.6077,59.79904],[10.60845,59.79649],[10.6078,59.79506],[10.60518,59.79205],[10.6,59.78941],[10.59727,59.78684],[10.59634,59.78258],[10.59444,59.78115],[10.59472,59.77931],[10.59397,59.77881]],[[10.69778,59.82722],[10.69803,59.82164],[10.70104,59.81281],[10.69936,59.81101],[10.70211,59.8101],[10.70358,59.80903],[10.70385,59.80717],[10.70519,59.80574],[10.70477,59.80067],[10.70351,59.79658],[10.7056,59.79002],[10.70737,59.78777],[10.70908,59.78262]],[[10.76466,59.82939],[10.76402,59.82879],[10.76105,59.82837],[10.75449,59.82456],[10.75246,59.82395],[10.75205,59.82234],[10.753,59.82109],[10.75216,59.81999],[10.74793,59.81804],[10.74421,59.81289],[10.74407,59.81046],[10.74256,59.8097],[10.74056,59.80743],[10.73837,59.80609],[10.73793,59.80398],[10.73598,59.80299],[10.73531,59.80212],[10.73496,59.80001],[10.7338,59.79814],[10.73458,59.79619],[10.73291,59.79409],[10.73355,59.78679],[10.73216,59.78338]],[[10.62539,59.82482],[10.62728,59.82534],[10.62837,59.82611]],[[10.69613,59.82898],[10.69778,59.82722]],[[10.47968,59.82304],[10.47642,59.82111],[10.47615,59.82044],[10.47728,59.81981]],[[10.69575,59.8312],[10.69613,59.82898]],[[10.47968,59.82304],[10.48433,59.82524],[10.48562,59.82639],[10.48504,59.82706]],[[10.69553,59.83687],[10.69629,59.83429],[10.69575,59.8312]],[[10.47045,59.83571],[10.47049,59.83674]],[[10.51551,59.82954],[10.51038,59.82806],[10.50839,59.8268],[10.50132,59.8255],[10.49802,59.82609],[10.49951,59.82768],[10.50115,59.8282],[10.5098,59.82996],[10.51057,59.8299],[10.51074,59.82933],[10.51205,59.82926],[10.51229,59.8304],[10.51441,59.83196],[10.51756,59.8326],[10.51802,59.83226],[10.51764,59.83109],[10.51551,59.82954]],[[10.49536,59.83293],[10.49554,59.83212],[10.49792,59.83273],[10.4985,59.83256],[10.49609,59.83068],[10.48846,59.8277],[10.48623,59.82813],[10.48504,59.82706]],[[10.49779,59.83435],[10.49536,59.83293]],[[10.692,59.84349],[10.69432,59.84133],[10.69553,59.83687]],[[10.5106,59.83892],[10.50809,59.83683],[10.50227,59.83502],[10.49779,59.83435]],[[10.76466,59.82939],[10.76491,59.82946]],[[10.47045,59.83571],[10.47228,59.83412],[10.4739,59.83406],[10.47276,59.8333],[10.47368,59.8324],[10.47532,59.8322],[10.47811,59.83281],[10.48245,59.83464],[10.48501,59.83448],[10.48583,59.83585],[10.49245,59.83804],[10.49877,59.8387],[10.50222,59.84059],[10.50728,59.84104],[10.50988,59.8403]],[[10.50988,59.8403],[10.51201,59.84134],[10.51298,59.84091],[10.51245,59.84004],[10.51465,59.84021],[10.51518,59.83994],[10.51468,59.83914],[10.51227,59.83824],[10.5106,59.83892]],[[10.64132,59.84368],[10.64082,59.84302],[10.63749,59.84299],[10.63366,59.84199],[10.63262,59.84313],[10.63137,59.84312],[10.63681,59.84595],[10.64016,59.84704],[10.64097,59.84669],[10.64092,59.84538],[10.63906,59.84447],[10.6409,59.84429],[10.64132,59.84368]],[[10.53663,59.84428],[10.54021,59.84578],[10.54029,59.84505],[10.53944,59.84443],[10.53721,59.84371],[10.53668,59.84395]],[[10.49517,59.84588],[10.49251,59.84474],[10.49276,59.84399],[10.48991,59.84182],[10.48798,59.8422],[10.48407,59.84127],[10.48115,59.84102],[10.47596,59.83836],[10.47049,59.83674]],[[10.72705,59.85219],[10.72539,59.85216],[10.72614,59.85308],[10.73213,59.85486],[10.73161,59.85424],[10.72705,59.85219]],[[10.53596,59.84926],[10.53168,59.84764],[10.52626,59.8475],[10.52833,59.84843],[10.53408,59.84972],[10.53578,59.8506]],[[10.55532,59.84991],[10.55385,59.84984],[10.5549,59.85144],[10.55767,59.85163],[10.55801,59.85093],[10.55532,59.84991]],[[10.52152,59.85097],[10.52298,59.8506],[10.52286,59.8501],[10.51944,59.84959],[10.51904,59.84983],[10.52075,59.85048],[10.52062,59.85078],[10.51723,59.85055],[10.52051,59.8518],[10.52198,59.85146],[10.52152,59.85097]],[[10.4949,59.85098],[10.49371,59.84997],[10.49613,59.84923],[10.49717,59.8479]],[[10.59221,59.85479],[10.58823,59.85328],[10.58817,59.85204],[10.58658,59.85079],[10.57946,59.84871],[10.57801,59.84868],[10.57717,59.84905],[10.57703,59.85082],[10.57957,59.85237],[10.58122,59.85247],[10.58341,59.8533],[10.58467,59.85462],[10.58745,59.85471],[10.5906,59.8555],[10.59242,59.85506],[10.59221,59.85479]],[[10.62837,59.82611],[10.63188,59.83001],[10.6367,59.83727],[10.64604,59.84433],[10.6485,59.8487],[10.64924,59.85183],[10.6506,59.85339],[10.65006,59.85724],[10.65116,59.85852]],[[10.53578,59.8506],[10.55399,59.85542],[10.55463,59.85396],[10.55363,59.85316],[10.5522,59.85285],[10.552,59.85337],[10.55127,59.85341],[10.55011,59.85279],[10.55011,59.85209],[10.54833,59.85248],[10.54587,59.85126],[10.54471,59.85163],[10.54278,59.85144],[10.54053,59.85058],[10.54004,59.84975],[10.5407,59.84926],[10.53929,59.84885],[10.53596,59.84926]],[[10.55735,59.8549],[10.55581,59.85456],[10.55533,59.85498],[10.55604,59.8556],[10.55911,59.85624],[10.55735,59.8549]],[[10.67264,59.8617],[10.67647,59.86004],[10.68037,59.85408],[10.68008,59.85288],[10.6816,59.85056],[10.68454,59.84907],[10.68574,59.85002],[10.68622,59.8516],[10.68684,59.8518],[10.68813,59.85139],[10.69174,59.84577],[10.692,59.84349]],[[10.71686,59.86402],[10.72019,59.86376],[10.71436,59.86122],[10.71411,59.86266],[10.71522,59.86355],[10.71686,59.86402]],[[10.53566,59.85153],[10.53374,59.8516],[10.53239,59.85249],[10.52672,59.85261],[10.5262,59.85318],[10.52867,59.85465],[10.52782,59.85483],[10.52627,59.85447],[10.52567,59.85534],[10.52815,59.85686],[10.52749,59.85717],[10.52472,59.85678],[10.52429,59.857],[10.52741,59.85876],[10.53444,59.86058]],[[10.53444,59.86058],[10.53624,59.8613],[10.5373,59.86229],[10.54,59.8618],[10.5418,59.8622],[10.54392,59.86337],[10.54675,59.86659],[10.54941,59.86649],[10.5521,59.867],[10.55549,59.8652],[10.55548,59.86359],[10.55498,59.86273],[10.55299,59.86177],[10.55311,59.86061],[10.55042,59.86006],[10.54941,59.86068],[10.54764,59.86035],[10.54394,59.85791],[10.54708,59.85723],[10.54783,59.85643],[10.54949,59.85588],[10.54823,59.85526],[10.5441,59.85444],[10.53797,59.85183],[10.53566,59.85153]],[[10.4949,59.85098],[10.49664,59.85239],[10.4957,59.8532],[10.49531,59.85479],[10.49371,59.85544],[10.49515,59.85678],[10.49535,59.85824],[10.49699,59.8579],[10.49793,59.85701],[10.50157,59.8566],[10.50757,59.85791],[10.51026,59.85978],[10.51064,59.86034],[10.50985,59.86161],[10.50632,59.86129],[10.50568,59.86153],[10.506,59.86268],[10.50862,59.86519],[10.50846,59.86584]],[[10.51103,59.86593],[10.51163,59.86535],[10.51311,59.86498],[10.5108,59.86381],[10.51086,59.86334],[10.51204,59.86316],[10.51139,59.86052],[10.514,59.86071],[10.51469,59.86046],[10.51266,59.85879],[10.51308,59.85803],[10.51606,59.85767],[10.51476,59.85672],[10.51754,59.857],[10.51835,59.85798],[10.52003,59.85792],[10.52272,59.85864],[10.53421,59.86229]],[[10.53421,59.86229],[10.53769,59.8638],[10.53552,59.86594],[10.53572,59.86656],[10.5369,59.86681]],[[10.58436,59.86842],[10.58391,59.86667],[10.58492,59.86621],[10.5844,59.86587],[10.58797,59.86641],[10.58921,59.86605],[10.58828,59.86438],[10.58696,59.86392],[10.58511,59.86405],[10.58329,59.86319],[10.58185,59.86173],[10.58276,59.86123],[10.57761,59.85943],[10.57493,59.86031],[10.57096,59.85988],[10.56962,59.85864],[10.56611,59.8575],[10.56496,59.85818],[10.56473,59.85895],[10.56942,59.86078],[10.56967,59.86147],[10.56881,59.86197],[10.56545,59.86121],[10.56435,59.86144],[10.56378,59.86226],[10.56447,59.86364],[10.56158,59.86356],[10.55991,59.86396],[10.55898,59.86461],[10.55872,59.86576],[10.55704,59.86649],[10.5565,59.86748]],[[10.65565,59.87079],[10.65485,59.87002],[10.65526,59.86885],[10.65424,59.86784],[10.65475,59.86566],[10.65422,59.86203],[10.65116,59.85852]],[[10.67264,59.8617],[10.6645,59.8666],[10.6629,59.86823],[10.66334,59.86885],[10.66218,59.86964],[10.66076,59.87024],[10.66052,59.86954],[10.65954,59.86991],[10.65882,59.86969],[10.65731,59.87085]],[[10.72291,59.873],[10.72311,59.87208],[10.72781,59.87104],[10.72809,59.87059],[10.71883,59.86797],[10.7176,59.868],[10.71699,59.8686],[10.71906,59.86963],[10.71811,59.87081],[10.71593,59.87114],[10.71399,59.86985],[10.71318,59.87036],[10.71293,59.87117],[10.71386,59.8727]],[[10.71386,59.8727],[10.71926,59.87436],[10.72482,59.87487],[10.72494,59.87449],[10.72304,59.87361],[10.72291,59.873]],[[10.62193,59.87512],[10.62084,59.87466],[10.61832,59.87462],[10.61881,59.87521],[10.62182,59.87594]],[[10.62182,59.87594],[10.62331,59.8759],[10.62193,59.87512]],[[10.50846,59.86584],[10.5085,59.86814],[10.50579,59.86776],[10.50485,59.86819],[10.50582,59.8691],[10.5054,59.87037],[10.50707,59.87178],[10.50718,59.87348],[10.50899,59.87202],[10.51235,59.87266],[10.51439,59.87214],[10.51238,59.87117],[10.5103,59.86888],[10.51103,59.86593]],[[10.5565,59.86748],[10.55713,59.86866],[10.5553,59.86903],[10.5548,59.86961],[10.5574,59.87087],[10.55654,59.87156],[10.55896,59.87292],[10.55861,59.87349],[10.56169,59.8745],[10.56286,59.87387],[10.56731,59.87548],[10.57019,59.87605],[10.57204,59.87537],[10.57284,59.87636],[10.57427,59.87683],[10.576,59.87671],[10.5764,59.87602],[10.57913,59.87541],[10.58106,59.87332],[10.58267,59.87253],[10.58675,59.87164],[10.58659,59.87102],[10.58394,59.8695],[10.58436,59.86842]],[[10.5369,59.86681],[10.54166,59.86784],[10.54477,59.86914],[10.54558,59.87051],[10.54179,59.87209],[10.54117,59.87336],[10.54199,59.87416],[10.53963,59.87534],[10.5388,59.87521],[10.53678,59.87574],[10.53447,59.87459],[10.53254,59.87479]],[[10.62142,59.879],[10.6214,59.87915]],[[10.59279,59.87747],[10.59742,59.87801],[10.5991,59.87749],[10.59862,59.87684],[10.59971,59.87552],[10.59911,59.87514],[10.59833,59.87545],[10.59552,59.87527],[10.59462,59.87444],[10.59672,59.87352],[10.58979,59.87131],[10.58782,59.87122],[10.58623,59.87328],[10.58767,59.87523],[10.58608,59.87565],[10.58739,59.87632],[10.58699,59.8772],[10.58784,59.87763],[10.59222,59.87833],[10.59279,59.87747]],[[10.58767,59.87947],[10.58791,59.87829],[10.58649,59.8776],[10.58291,59.8779],[10.5805,59.87751],[10.5784,59.87908],[10.58036,59.87936],[10.5825,59.87876],[10.58459,59.87974],[10.58484,59.88057],[10.58665,59.88091],[10.58733,59.88073],[10.58767,59.87947]],[[10.6211,59.88142],[10.62621,59.88294],[10.62887,59.88318],[10.62892,59.88267],[10.62621,59.88166],[10.6248,59.87915],[10.62402,59.87898],[10.62362,59.87938],[10.62256,59.87943],[10.6214,59.87915]],[[10.53254,59.87479],[10.53232,59.87537],[10.52926,59.87493],[10.52849,59.87536],[10.52454,59.8736],[10.51946,59.87257],[10.51752,59.87167],[10.5169,59.8718],[10.51669,59.8732],[10.52252,59.87506],[10.52896,59.87651],[10.52969,59.87796],[10.52883,59.87827],[10.52773,59.87809],[10.52832,59.87918],[10.52889,59.8796],[10.53181,59.88015]],[[10.56195,59.87981],[10.56322,59.87971],[10.56429,59.88007],[10.56558,59.87972],[10.56423,59.87867],[10.55214,59.87557],[10.5518,59.87586],[10.55549,59.87728],[10.55542,59.8776],[10.55203,59.87741],[10.54866,59.87668],[10.54605,59.87719],[10.54665,59.87841],[10.54979,59.87884],[10.55166,59.87837],[10.56188,59.88166],[10.56279,59.88138],[10.56195,59.87981]],[[10.6211,59.88142],[10.61548,59.87979],[10.61197,59.87944],[10.61485,59.88079],[10.61608,59.88307],[10.61913,59.88417],[10.62072,59.88432]],[[10.53181,59.88015],[10.53328,59.88113],[10.53163,59.88154]],[[10.55665,59.88123],[10.55582,59.88145],[10.5582,59.88271],[10.56116,59.88268],[10.55665,59.88123]],[[10.58774,59.88437],[10.587,59.88429],[10.58454,59.88522],[10.58432,59.88574],[10.58586,59.88671],[10.5881,59.88705],[10.58844,59.88559],[10.58916,59.8852],[10.58774,59.88437]],[[10.53163,59.88154],[10.52888,59.88143],[10.5263,59.88242],[10.52683,59.88073],[10.52636,59.88031],[10.52111,59.8787],[10.51428,59.87804],[10.50877,59.87678],[10.5071,59.87615],[10.507,59.87499],[10.50645,59.87489],[10.50435,59.87614],[10.50581,59.87784],[10.51186,59.87948],[10.51688,59.88014],[10.51946,59.88148],[10.51856,59.88374],[10.51953,59.88475]],[[10.51953,59.88475],[10.52301,59.88431],[10.52726,59.88554],[10.52881,59.88676]],[[10.6215,59.87836],[10.62015,59.87767],[10.61812,59.87728],[10.61696,59.8776],[10.61397,59.87664],[10.61115,59.8772],[10.60859,59.87676],[10.60721,59.87588],[10.60775,59.87534],[10.60646,59.87436],[10.60322,59.87425],[10.60197,59.87454],[10.60065,59.88061],[10.60429,59.88148],[10.61403,59.88488],[10.61621,59.88422],[10.61721,59.88428],[10.61885,59.88605],[10.61782,59.88665],[10.61479,59.88658],[10.61063,59.88474],[10.60775,59.88427],[10.60488,59.88299],[10.59877,59.88143],[10.59769,59.8813],[10.59705,59.88309],[10.60223,59.88503],[10.60506,59.88543],[10.60679,59.88644],[10.61245,59.88795],[10.61371,59.88865],[10.61416,59.88974]],[[10.52998,59.88712],[10.53095,59.88661]],[[10.54325,59.88424],[10.54519,59.88445],[10.54576,59.88421],[10.54049,59.88213],[10.53782,59.88153],[10.53501,59.88384],[10.53412,59.88538],[10.53434,59.88573],[10.54293,59.88762],[10.54463,59.88637],[10.54649,59.88612],[10.54293,59.88469],[10.54325,59.88424]],[[10.53062,59.88906],[10.53376,59.88821],[10.53224,59.88687],[10.53236,59.88615],[10.53095,59.88661]],[[10.6321,59.89326],[10.63074,59.89259],[10.63166,59.89216],[10.6336,59.89242],[10.63385,59.89153],[10.63477,59.89104],[10.63252,59.88831],[10.633,59.88812],[10.63429,59.88865],[10.63423,59.88788],[10.63258,59.8871],[10.62739,59.88588],[10.62504,59.88437],[10.62299,59.8841],[10.62072,59.88432]],[[10.53062,59.88906],[10.52828,59.88971],[10.52805,59.89042],[10.52885,59.89071]],[[10.55959,59.88765],[10.55395,59.88721],[10.55099,59.88819],[10.55103,59.88899],[10.55475,59.89113],[10.55262,59.89289]],[[10.53037,59.89087],[10.5394,59.89237],[10.54388,59.8912],[10.5457,59.89134],[10.54783,59.8918],[10.54727,59.89309],[10.54883,59.89358],[10.55055,59.89353],[10.5518,59.89245],[10.55212,59.89305],[10.55262,59.89289]],[[10.60689,59.89991],[10.60596,59.8987],[10.59594,59.89565],[10.59247,59.89386],[10.59309,59.89337],[10.59564,59.89294],[10.59758,59.89306],[10.60169,59.8943],[10.60265,59.89434],[10.60338,59.8939],[10.59946,59.89204],[10.59547,59.89085],[10.5918,59.8882],[10.59267,59.88752],[10.59459,59.88787],[10.5962,59.88762],[10.59573,59.88655],[10.59983,59.88743],[10.60236,59.88682],[10.60411,59.88716],[10.60338,59.88774],[10.60691,59.8899],[10.61172,59.89099],[10.61329,59.89057],[10.61416,59.88974]],[[10.633,59.90186],[10.63343,59.90118],[10.6358,59.90077],[10.63597,59.90041],[10.63447,59.89873],[10.63322,59.89549],[10.63397,59.89396],[10.6321,59.89326]],[[10.55959,59.88765],[10.56239,59.88719],[10.56526,59.88793],[10.56791,59.88781],[10.5698,59.88812],[10.5766,59.89092],[10.57933,59.89288],[10.5825,59.89304],[10.58713,59.89487],[10.59408,59.89867],[10.59766,59.90009],[10.60389,59.90174]],[[10.60389,59.90174],[10.611,59.90335],[10.6124,59.90329],[10.61157,59.90224],[10.60875,59.90132],[10.60689,59.89991]],[[10.63934,59.90571],[10.64035,59.90569],[10.64038,59.90528],[10.63784,59.90338],[10.63659,59.90281],[10.63352,59.90247],[10.633,59.90186]],[[10.63934,59.90571],[10.63828,59.90639],[10.63948,59.90793],[10.64031,59.90821],[10.64196,59.90779],[10.64244,59.90998],[10.64124,59.91218]],[[10.65135,59.61397],[10.6488,59.60842],[10.65042,59.60585],[10.65353,59.60367],[10.65247,59.60091]],[[10.61216,59.61266],[10.61318,59.60671],[10.61544,59.60364],[10.6164,59.59971]],[[10.4217,59.61304],[10.41835,59.61306],[10.41522,59.61252]],[[10.63524,59.6453],[10.63666,59.64412]],[[10.59993,59.66071],[10.60138,59.65916],[10.60039,59.65919]],[[10.52332,59.68775],[10.52434,59.68652]],[[10.54822,59.68792],[10.54635,59.688],[10.54253,59.68987],[10.54198,59.6906],[10.54296,59.69082],[10.54523,59.68968],[10.54682,59.68959],[10.54822,59.68792]],[[10.59101,59.70057],[10.58999,59.70087],[10.5887,59.70314],[10.58908,59.70337],[10.59095,59.70308],[10.59101,59.70057]],[[10.5883,59.73366],[10.59075,59.73278]],[[10.72872,59.73992],[10.72905,59.74037]],[[10.72865,59.74048],[10.72905,59.74037]],[[10.72865,59.74048],[10.72804,59.74164]],[[10.49909,59.78187],[10.49976,59.7822]],[[10.61535,59.81654],[10.6133,59.81643],[10.61163,59.81688],[10.61371,59.81733],[10.61495,59.81707],[10.61535,59.81654]],[[10.47781,59.81787],[10.47706,59.81883],[10.47728,59.81981]],[[10.53668,59.84395],[10.53663,59.84428]],[[10.49517,59.84588],[10.49717,59.8479]],[[10.72459,59.85721],[10.72209,59.85625],[10.72135,59.85647],[10.72191,59.85726],[10.72413,59.85759],[10.72459,59.85721]],[[10.58387,59.85472],[10.58216,59.85442],[10.58136,59.85473],[10.58199,59.85536],[10.58401,59.85588],[10.58484,59.85558],[10.58387,59.85472]],[[10.58297,59.85613],[10.58001,59.85536],[10.58151,59.85704],[10.58292,59.85698],[10.58297,59.85613]],[[10.65565,59.87079],[10.65643,59.87115],[10.65731,59.87085]],[[10.62142,59.879],[10.6215,59.87836]],[[10.63515,59.88324],[10.63394,59.88299],[10.63312,59.88322],[10.63449,59.88406],[10.63467,59.88478],[10.63535,59.88485],[10.63583,59.88411],[10.63515,59.88324]],[[10.52885,59.89071],[10.53037,59.89087]],[[10.67044,59.502],[10.66994,59.50155],[10.66878,59.50173],[10.66806,59.50332],[10.66852,59.50424],[10.67022,59.50368]],[[10.67295,59.51167],[10.67113,59.51046],[10.67025,59.51083],[10.6701,59.51158]],[[10.67927,59.51188],[10.68032,59.50876],[10.68164,59.50929],[10.68202,59.51008],[10.68338,59.5099],[10.68331,59.50845],[10.68229,59.50708],[10.68352,59.50498],[10.68282,59.50351],[10.68299,59.50177],[10.6812,59.50131],[10.68012,59.49985],[10.68087,59.49865],[10.683,59.49787],[10.68264,59.49106],[10.68473,59.48965],[10.6867,59.49091],[10.68744,59.49027],[10.68601,59.48929]],[[10.6701,59.51158],[10.67067,59.51344],[10.67202,59.51397],[10.67303,59.51335],[10.67295,59.51167]],[[10.67927,59.51188],[10.67933,59.51356],[10.68093,59.51446],[10.6809,59.51621]],[[10.6746,59.51413],[10.67384,59.51424],[10.67373,59.51615],[10.67632,59.51654],[10.67569,59.51488],[10.6746,59.51413]],[[10.69013,59.52764],[10.68743,59.52588],[10.68753,59.52474],[10.68374,59.52243],[10.68186,59.51951],[10.6809,59.51621]],[[10.66764,59.52379],[10.66939,59.52206],[10.67376,59.5229],[10.67568,59.52305],[10.67661,59.52274],[10.67746,59.52421],[10.68069,59.52634],[10.68202,59.52921],[10.68387,59.52928],[10.68495,59.52789],[10.68361,59.52598],[10.68394,59.52559],[10.68502,59.5256],[10.6849,59.52624],[10.68687,59.5275],[10.68822,59.52798],[10.68981,59.52788]],[[10.65042,59.55588],[10.6519,59.55218],[10.65155,59.54997],[10.65446,59.5448],[10.65584,59.54395],[10.65648,59.54492],[10.65707,59.54491],[10.6579,59.54154],[10.66059,59.54074],[10.66142,59.53955],[10.66329,59.53945],[10.66399,59.5402],[10.66507,59.53964],[10.66527,59.53859],[10.66456,59.53789],[10.65934,59.53696],[10.65843,59.53624],[10.66163,59.52968],[10.66764,59.52379]],[[10.65247,59.60091],[10.6515,59.60054],[10.65162,59.59988],[10.65486,59.59866],[10.65559,59.59687],[10.65527,59.59585],[10.65394,59.59477],[10.65405,59.59392],[10.65174,59.59225],[10.65236,59.59189],[10.6525,59.58932],[10.6534,59.58804],[10.65199,59.58658],[10.65266,59.58452],[10.65386,59.58406],[10.65612,59.58448],[10.65633,59.58373],[10.65397,59.58169],[10.65304,59.58153],[10.6519,59.58203],[10.65011,59.58085],[10.65121,59.57991],[10.64833,59.57718],[10.6476,59.57558],[10.64926,59.57335],[10.6502,59.56776],[10.65163,59.56504],[10.64994,59.56367],[10.64754,59.55931],[10.64769,59.5584],[10.64995,59.55759],[10.65042,59.55588]],[[10.67022,59.50368],[10.67044,59.502]],[[10.49578,59.48524],[10.49872,59.48926],[10.49955,59.48957],[10.50099,59.48926],[10.50205,59.48704],[10.50077,59.48436],[10.49913,59.4822],[10.49625,59.48173]],[[10.55673,59.5125],[10.55559,59.51223],[10.55503,59.51362],[10.55738,59.51694],[10.55909,59.5172],[10.56125,59.51471],[10.5593,59.51311],[10.55673,59.5125]],[[10.53775,59.51896],[10.53804,59.51847],[10.53952,59.51817],[10.53997,59.51704],[10.53737,59.51781],[10.5369,59.51852],[10.53604,59.51868],[10.53457,59.51682],[10.53175,59.51617],[10.5313,59.51697],[10.53325,59.51969],[10.53554,59.52032],[10.53705,59.51985],[10.53775,59.51896]],[[10.49093,59.5216],[10.49256,59.52078],[10.49494,59.52129],[10.49811,59.52543],[10.49946,59.52603],[10.50121,59.52625],[10.50234,59.52603],[10.50597,59.52697],[10.50923,59.52569],[10.51032,59.52341],[10.50996,59.52117],[10.51163,59.52005],[10.51346,59.52473],[10.51334,59.52799],[10.51947,59.52957],[10.52503,59.53028],[10.5265,59.53162],[10.52784,59.53183],[10.52854,59.53278],[10.52996,59.53279],[10.53048,59.53232],[10.53271,59.53179],[10.53718,59.53208],[10.53781,59.53484],[10.53924,59.53588]],[[10.53924,59.53588],[10.54268,59.53595],[10.5427,59.53648],[10.5442,59.53702],[10.54692,59.53704],[10.55009,59.53763],[10.55126,59.53864],[10.55066,59.53958],[10.552,59.54008],[10.55562,59.54034],[10.55959,59.5397],[10.55993,59.54106],[10.56154,59.54162],[10.5631,59.5437],[10.56396,59.54385]],[[10.56396,59.54385],[10.56826,59.54388],[10.56729,59.54476],[10.56779,59.54517],[10.56945,59.5452],[10.56758,59.54586],[10.56774,59.54647],[10.56907,59.54719],[10.57128,59.54755],[10.57244,59.54729],[10.57181,59.54586],[10.57363,59.54485],[10.57476,59.54519],[10.57617,59.54641]],[[10.41951,59.54799],[10.41847,59.54604],[10.41422,59.54327],[10.41303,59.54114],[10.41389,59.54054],[10.41175,59.53901],[10.41132,59.53809],[10.41331,59.5335],[10.41543,59.53212],[10.41432,59.53119],[10.41481,59.52985],[10.42177,59.52466],[10.42253,59.52495],[10.42266,59.52619],[10.42434,59.52629],[10.43304,59.52175],[10.43693,59.52049],[10.44112,59.52107],[10.44192,59.52171],[10.44651,59.5215],[10.44696,59.52182],[10.4465,59.52371],[10.44822,59.52405],[10.4503,59.52338],[10.45301,59.52175],[10.45418,59.51941],[10.45613,59.51934],[10.45926,59.52021],[10.46159,59.51801],[10.4644,59.51646],[10.46513,59.51673],[10.46575,59.51841],[10.46678,59.51861],[10.46791,59.51829],[10.46891,59.5197],[10.47165,59.51967],[10.47366,59.52068],[10.47438,59.52139],[10.47441,59.52318],[10.47676,59.52339],[10.47767,59.52313],[10.47864,59.522],[10.48021,59.52206],[10.48207,59.52507],[10.48514,59.5248],[10.4868,59.5223],[10.49093,59.5216]],[[10.59235,59.55394],[10.58811,59.55107],[10.58583,59.55106],[10.58387,59.55162],[10.58154,59.551],[10.58013,59.55044],[10.57804,59.54854],[10.57613,59.54783]],[[10.42524,59.55972],[10.42349,59.56003],[10.42233,59.55962],[10.42009,59.55533],[10.42093,59.55362],[10.41855,59.55122],[10.41951,59.54799]],[[10.42524,59.55972],[10.4273,59.5601],[10.42623,59.56082],[10.42611,59.56216],[10.42748,59.56215],[10.42827,59.56146],[10.42963,59.56197]],[[10.43767,59.5936],[10.4376,59.59157],[10.43547,59.58861],[10.437,59.58331],[10.43404,59.58002],[10.43382,59.57848],[10.43098,59.57424],[10.42969,59.5711],[10.43062,59.56856],[10.42834,59.56408],[10.42963,59.56197]],[[10.6164,59.59971],[10.61541,59.59741],[10.61704,59.59593],[10.61791,59.59253],[10.61625,59.58913],[10.61622,59.5877],[10.61892,59.57897],[10.61696,59.57426],[10.61792,59.57124],[10.61619,59.56939],[10.61283,59.56953],[10.61148,59.56925],[10.6102,59.56812],[10.61105,59.5676],[10.6108,59.56594],[10.60962,59.56564],[10.60744,59.56376],[10.60389,59.56259],[10.6022,59.56076],[10.60047,59.5606],[10.59998,59.5595],[10.5966,59.55852],[10.59234,59.5562],[10.59284,59.55467],[10.59235,59.55394]],[[10.44128,59.60682],[10.43855,59.6027],[10.4382,59.60062],[10.43491,59.59797],[10.43507,59.59662],[10.43767,59.5936]],[[10.49625,59.48173],[10.49509,59.48187],[10.49444,59.48297],[10.49578,59.48524]],[[10.54661,59.52009],[10.54585,59.5201],[10.54541,59.52181],[10.54759,59.52109],[10.54661,59.52009]],[[10.57613,59.54783],[10.57691,59.54723],[10.57617,59.54641]],[[10.38462,59.53848],[10.38949,59.53792],[10.39005,59.53754],[10.38821,59.5359],[10.38588,59.53519],[10.38433,59.53421]],[[10.38261,59.53962],[10.38291,59.54087],[10.38438,59.54229]],[[10.39177,59.54702],[10.39136,59.54555],[10.39191,59.54344],[10.38987,59.54164],[10.38742,59.54167],[10.38579,59.54262],[10.38438,59.54229]],[[10.39177,59.54702],[10.39245,59.54837],[10.39378,59.54915],[10.39422,59.55071],[10.39239,59.55354]],[[10.39248,59.55366],[10.39239,59.55354]],[[10.39248,59.55366],[10.39545,59.55484],[10.39602,59.55554],[10.39693,59.55846],[10.39625,59.56003],[10.39698,59.56089]],[[10.40403,59.56923],[10.40656,59.56833],[10.40736,59.56751],[10.40799,59.56253],[10.40629,59.56111],[10.40539,59.56098],[10.40291,59.56232],[10.40008,59.56217]],[[10.40403,59.56923],[10.39969,59.57002],[10.39559,59.57161]],[[10.39559,59.57161],[10.39104,59.5756],[10.38949,59.58013],[10.39084,59.58226],[10.39304,59.58329],[10.393,59.5857],[10.39361,59.58608]],[[10.39361,59.58608],[10.39486,59.58679],[10.39576,59.58858]],[[10.39671,59.58909],[10.39576,59.58858]],[[10.40523,59.59246],[10.40643,59.59172],[10.40996,59.59186],[10.41078,59.59236],[10.41169,59.59185],[10.41136,59.59107],[10.41222,59.59048],[10.40733,59.59003],[10.40537,59.59066],[10.39671,59.58909]],[[10.4056,59.59806],[10.4033,59.59491]],[[10.41059,59.60143],[10.40645,59.59972],[10.4056,59.59806]],[[10.38261,59.53962],[10.3828,59.53913],[10.38462,59.53848]],[[10.39698,59.56089],[10.39705,59.56094]],[[10.39705,59.56094],[10.40008,59.56217]],[[10.4033,59.59491],[10.40384,59.5936],[10.40523,59.59246]],[[10.41121,59.60577],[10.41329,59.60385],[10.41059,59.60143]],[[10.40919,59.62505],[10.41099,59.62209],[10.41073,59.62128],[10.40873,59.61968],[10.41036,59.6186],[10.4107,59.6168],[10.40867,59.61082],[10.40931,59.60737],[10.41121,59.60577]],[[10.39896,59.63721],[10.40201,59.63532],[10.40584,59.63056],[10.40681,59.63008],[10.40726,59.62909],[10.40651,59.628],[10.40919,59.62505]],[[10.38315,59.66221],[10.38749,59.66054],[10.38803,59.65995],[10.38636,59.65522],[10.3879,59.6535],[10.38762,59.65143],[10.38943,59.64918],[10.39048,59.64663],[10.3909,59.64323],[10.39378,59.6417],[10.39647,59.63868],[10.39896,59.63721]],[[10.38315,59.66221],[10.38013,59.66302],[10.3815,59.66554],[10.37801,59.66906],[10.37495,59.67671],[10.37411,59.67732],[10.37263,59.67736],[10.37127,59.67787],[10.36968,59.67673],[10.36736,59.67678],[10.36345,59.67984],[10.36369,59.68094]],[[10.35595,59.68526],[10.36275,59.68344],[10.36438,59.68185],[10.36369,59.68094]],[[10.3476,59.68906],[10.34839,59.68823],[10.35595,59.68526]],[[10.28893,59.70015],[10.29888,59.69624],[10.30787,59.69337],[10.31357,59.69245],[10.31661,59.69142],[10.32383,59.69146],[10.3266,59.69102],[10.33872,59.69058],[10.34301,59.68965],[10.34662,59.68956],[10.3476,59.68906]],[[10.27618,59.70696],[10.28336,59.7034],[10.28559,59.70126],[10.28893,59.70015]],[[10.27618,59.70696],[10.27304,59.70949],[10.27315,59.7102],[10.27156,59.7108],[10.27053,59.71048],[10.26881,59.71184],[10.26752,59.71213],[10.2663,59.71692],[10.26722,59.71904],[10.26683,59.72072],[10.26579,59.7219],[10.26447,59.72236]],[[10.31001,59.724],[10.31051,59.72319],[10.31285,59.72264],[10.31281,59.72219]],[[10.31001,59.724],[10.30998,59.72489],[10.30941,59.72507],[10.30732,59.72414],[10.30528,59.72449],[10.30243,59.72629]],[[10.26447,59.72236],[10.25884,59.72384],[10.2571,59.72484],[10.25681,59.72583],[10.25573,59.72621],[10.25438,59.72605],[10.25438,59.72674],[10.25043,59.72861],[10.24824,59.72892],[10.24279,59.73089],[10.23949,59.73098]],[[10.30243,59.72629],[10.30179,59.7316],[10.30033,59.73326],[10.30197,59.73421],[10.30172,59.73504]],[[10.29477,59.73858],[10.3002,59.73862],[10.30209,59.73812],[10.30269,59.73705],[10.30056,59.73591],[10.30172,59.73504]],[[10.23843,59.73919],[10.23771,59.73577],[10.23317,59.73413],[10.23358,59.73365],[10.23624,59.7334],[10.23798,59.73263]],[[10.29477,59.73858],[10.2937,59.73813],[10.29385,59.73713],[10.29274,59.73651],[10.29127,59.73631],[10.28729,59.73734],[10.28583,59.74125],[10.28684,59.74551]],[[10.28535,59.74755],[10.28684,59.74551]],[[10.23853,59.74183],[10.2401,59.74094],[10.24334,59.74135],[10.24277,59.74331],[10.24148,59.74339],[10.24094,59.74381],[10.24226,59.74477],[10.24689,59.74656],[10.24853,59.74654],[10.25681,59.74494],[10.25761,59.7459],[10.25633,59.74952],[10.25899,59.75068],[10.26148,59.75104],[10.26515,59.75067],[10.26607,59.74988],[10.26605,59.74857]],[[10.23853,59.74183],[10.23749,59.74137],[10.23747,59.74074]],[[10.28385,59.74827],[10.28497,59.74793]],[[10.28152,59.74847],[10.27869,59.74847],[10.27245,59.74613],[10.26649,59.74698],[10.26591,59.74744],[10.26605,59.74857]],[[10.02501,59.03875],[10.02494,59.0376],[10.0239,59.03655],[10.02562,59.03476],[10.02575,59.03299],[10.02063,59.03213],[10.01887,59.03099],[10.01892,59.02907],[10.02185,59.02614],[10.02364,59.0253],[10.02378,59.02396],[10.02575,59.02173],[10.02912,59.0198],[10.02964,59.01729],[10.03136,59.01699],[10.03397,59.01716]],[[10.04147,59.03938],[10.0385,59.03744],[10.04331,59.03621],[10.05108,59.03804],[10.05489,59.03823]],[[10.14376,59.04327],[10.14245,59.04176],[10.13827,59.04014],[10.13427,59.04054],[10.13356,59.0415],[10.1308,59.03964]],[[10.14933,59.04347],[10.14778,59.04211],[10.14644,59.04227],[10.14501,59.0419],[10.14131,59.04032],[10.13899,59.03771],[10.13943,59.03746],[10.14109,59.03786],[10.14309,59.03747],[10.14442,59.03797]],[[10.16175,59.0413],[10.16313,59.04399]],[[10.17228,59.04433],[10.17037,59.04188],[10.17047,59.03971],[10.17519,59.04022],[10.17614,59.0401],[10.17622,59.03968]],[[10.23081,59.0465],[10.2303,59.04557],[10.22842,59.04469],[10.22878,59.04374],[10.22823,59.04301],[10.2263,59.04187],[10.22763,59.04114],[10.23008,59.04289],[10.23051,59.04221],[10.23151,59.04201],[10.22957,59.04048],[10.22883,59.04039],[10.22765,59.0411],[10.22652,59.04071],[10.22838,59.03841],[10.22082,59.03137],[10.21999,59.03159],[10.2218,59.0333],[10.22149,59.03415],[10.2179,59.03354],[10.21683,59.03387],[10.21557,59.03222],[10.21346,59.03138],[10.21215,59.03175],[10.2121,59.03241]],[[10.2692,59.04615],[10.26943,59.04659],[10.26806,59.04787]],[[10.27585,59.04816],[10.27638,59.04722],[10.27473,59.04752],[10.274,59.04697],[10.27276,59.04418],[10.27374,59.0436],[10.27374,59.04285],[10.27206,59.04122],[10.26836,59.04175],[10.26669,59.04434],[10.26741,59.04529],[10.26725,59.04645],[10.2692,59.04615]],[[10.27824,59.04824],[10.27883,59.04739],[10.27836,59.04698],[10.27695,59.0482]],[[10.29687,59.04892],[10.29769,59.04726],[10.29713,59.04642],[10.29743,59.04527],[10.29607,59.045],[10.29299,59.04727],[10.29494,59.04885]],[[10.29494,59.04885],[10.29571,59.04967],[10.29687,59.04892]],[[10.23009,59.04835],[10.22944,59.0475],[10.23081,59.0465]],[[10.01866,59.04127],[10.01951,59.04134],[10.02501,59.03875]],[[10.14933,59.04347],[10.15182,59.04552],[10.15522,59.04561],[10.15769,59.04503],[10.16057,59.047],[10.16207,59.04709],[10.16327,59.04691],[10.16386,59.04629],[10.16313,59.04399]],[[10.04654,59.04359],[10.04569,59.04239],[10.05076,59.04126],[10.0508,59.04091],[10.04878,59.04097],[10.04489,59.04182],[10.04147,59.03938]],[[10.14376,59.04327],[10.14815,59.04485],[10.15056,59.04621],[10.15246,59.04873],[10.15426,59.05002],[10.15738,59.05129],[10.1588,59.05252]],[[10.1664,59.05311],[10.16583,59.05282],[10.1663,59.052],[10.16769,59.052],[10.16809,59.05164],[10.16375,59.04904],[10.16368,59.04845],[10.16573,59.04714],[10.17031,59.04611],[10.17167,59.04539],[10.17228,59.04433]],[[10.1588,59.05252],[10.1597,59.05301]],[[10.1597,59.05301],[10.16411,59.05395],[10.1664,59.05311]],[[10.0293,59.04946],[10.03298,59.04877],[10.0331,59.04821],[10.03173,59.04694],[10.03373,59.04564],[10.03464,59.04544],[10.03571,59.04576],[10.03694,59.04542],[10.03816,59.04618],[10.04217,59.04548],[10.04654,59.04359]],[[10.01636,59.04511],[10.01545,59.0469],[10.01624,59.04811],[10.01933,59.04929],[10.02177,59.0491]],[[10.02592,59.04946],[10.02855,59.04986],[10.0293,59.04946]],[[10.23609,59.05735],[10.23569,59.05693],[10.23491,59.05727],[10.23374,59.0569],[10.23282,59.05829],[10.23605,59.05951],[10.23691,59.05901],[10.23609,59.05735]],[[10.27082,59.06828],[10.26937,59.06706],[10.26936,59.06608],[10.27436,59.06079],[10.27476,59.05723],[10.27579,59.05653],[10.27601,59.05492],[10.27741,59.05361],[10.28014,59.05333],[10.28073,59.05203],[10.28049,59.04916],[10.27843,59.05024],[10.27746,59.05007],[10.27824,59.04824]],[[10.27238,59.06807],[10.27082,59.06828]],[[10.04718,59.00029],[10.04475,59.00075],[10.04356,59.00172],[10.04068,59.00021],[10.04075,58.99958]],[[10.03575,59.00483],[10.03772,59.0041],[10.03696,59.00376],[10.03819,59.00144],[10.03906,59.00152],[10.03872,59.00237],[10.03937,59.00264]],[[10.11046,59.00735],[10.10907,59.00729],[10.10799,59.00802],[10.1083,59.00873],[10.11047,59.00869],[10.11108,59.00822],[10.11046,59.00735]],[[10.03937,59.00264],[10.04124,59.00279],[10.04291,59.00442],[10.04761,59.00682],[10.04922,59.0046],[10.04871,59.0042],[10.04761,59.00434],[10.04712,59.00383],[10.04983,59.00208],[10.05012,59.00135],[10.04816,59.0001],[10.04718,59.00029]],[[10.03575,59.00483],[10.03483,59.00536],[10.03436,59.00689]],[[10.10131,59.00922],[10.10025,59.0043],[10.09656,59.00515],[10.09714,59.00662],[10.09883,59.00701],[10.09803,59.00772],[10.09565,59.00665],[10.09452,59.0072],[10.09377,59.00839],[10.09051,59.00901],[10.08967,59.00884],[10.08946,59.00817],[10.08801,59.0088],[10.08686,59.00818],[10.08631,59.0083],[10.08571,59.00886],[10.08743,59.01158],[10.08692,59.01252]],[[10.12164,59.01397],[10.12344,59.01213],[10.12335,59.01091],[10.12214,59.01049]],[[10.13588,59.00753],[10.13598,59.00558],[10.13502,59.00461],[10.13232,59.00757],[10.13148,59.00753],[10.13141,59.00673],[10.13292,59.00466],[10.13246,59.0043],[10.12674,59.00819],[10.12736,59.00924],[10.12878,59.00935],[10.12927,59.00868],[10.1307,59.00822],[10.13185,59.00831],[10.13225,59.00872],[10.13082,59.01065],[10.13073,59.01213],[10.12889,59.01261],[10.12812,59.01406],[10.12863,59.01431],[10.13114,59.01394],[10.13185,59.01445]],[[10.12214,59.01049],[10.11942,59.00966],[10.12071,59.00896],[10.11919,59.00788],[10.1184,59.00809],[10.11762,59.00952],[10.11644,59.00989],[10.11649,59.00957],[10.11558,59.00947],[10.11491,59.01012],[10.11626,59.01114],[10.11666,59.01327],[10.11839,59.01452],[10.1196,59.01478],[10.12164,59.01397]],[[10.20755,59.02331],[10.20467,59.02297],[10.20372,59.02342],[10.2027,59.02237],[10.20021,59.02184],[10.19902,59.02236],[10.19852,59.02386]],[[10.11628,59.01894],[10.11549,59.01845],[10.11324,59.01858],[10.11313,59.01941],[10.11434,59.02093],[10.11635,59.02023],[10.11628,59.01894]],[[10.03397,59.01716],[10.03488,59.01725],[10.03597,59.01815],[10.03678,59.01643],[10.03596,59.01531],[10.0354,59.01208],[10.03649,59.01202],[10.03662,59.0113],[10.03781,59.01114],[10.03745,59.00863],[10.03535,59.00758]],[[10.08692,59.01252],[10.09323,59.01774],[10.09425,59.01766],[10.09543,59.01655],[10.09613,59.01702],[10.09586,59.01872],[10.09848,59.01948],[10.10043,59.01896],[10.10373,59.01921],[10.10427,59.02073],[10.10573,59.02077],[10.10598,59.01802],[10.10226,59.01743],[10.10366,59.01448],[10.10546,59.01466],[10.1063,59.0158],[10.10691,59.01578],[10.10767,59.01416],[10.10635,59.0138],[10.10779,59.01111],[10.10667,59.01001],[10.10427,59.00905],[10.10363,59.00823],[10.10262,59.00847],[10.10204,59.01021],[10.10063,59.00999],[10.10131,59.00922]],[[10.20866,59.02518],[10.20896,59.02435],[10.20755,59.02331]],[[10.13588,59.00753],[10.13765,59.00813],[10.13777,59.00676],[10.13891,59.00682],[10.1392,59.0091],[10.14054,59.01007],[10.14002,59.01085],[10.14253,59.01131],[10.14602,59.00971],[10.14997,59.01],[10.14948,59.0081],[10.15174,59.00753],[10.15294,59.00541],[10.15421,59.00606],[10.1543,59.0079],[10.15528,59.00831],[10.15752,59.00762],[10.16147,59.00777],[10.16216,59.00862],[10.16136,59.00949],[10.16335,59.01085],[10.16755,59.01123],[10.16934,59.0126],[10.17035,59.01252],[10.17088,59.0116],[10.17162,59.01172],[10.17163,59.01297],[10.17415,59.01526],[10.17672,59.01638],[10.17737,59.01839],[10.17914,59.01903],[10.17907,59.02015],[10.17772,59.02111],[10.1782,59.022],[10.1794,59.02244],[10.18349,59.0223],[10.18337,59.02401],[10.18388,59.02485],[10.18478,59.025],[10.18588,59.0237],[10.185,59.02241]],[[10.12101,59.01846],[10.12028,59.01863],[10.11976,59.01818],[10.11883,59.0186],[10.11897,59.01927],[10.11754,59.02081],[10.11775,59.02188],[10.12036,59.02303]],[[10.12036,59.02303],[10.1223,59.0221],[10.1212,59.02111],[10.12305,59.0196],[10.12249,59.01762],[10.12101,59.01846]],[[10.19429,59.02574],[10.1951,59.02586],[10.19552,59.02543],[10.19598,59.02326],[10.19489,59.02282],[10.19404,59.02101],[10.19089,59.02115],[10.18946,59.0192],[10.18767,59.019],[10.18598,59.02121],[10.18586,59.01915],[10.18494,59.01915],[10.18431,59.01975],[10.185,59.02241]],[[10.19429,59.02574],[10.19335,59.02703],[10.19441,59.02748],[10.19523,59.02721],[10.19557,59.02633],[10.19661,59.02643],[10.19784,59.02574],[10.19874,59.02457],[10.19852,59.02386]],[[10.10224,59.02405],[10.10155,59.02364],[10.10104,59.02384],[10.101,59.02525],[10.10162,59.02566],[10.10251,59.02452],[10.10224,59.02405]],[[10.2121,59.03241],[10.20969,59.03223],[10.20835,59.03143],[10.21227,59.02931],[10.21248,59.02801],[10.21144,59.0268],[10.21076,59.02737],[10.20888,59.02736],[10.20866,59.02518]],[[10.14953,59.03133],[10.14736,59.03104],[10.14434,59.02953],[10.13708,59.02776],[10.13793,59.0262],[10.13472,59.02655],[10.13412,59.02473],[10.13294,59.02512],[10.13169,59.02625],[10.13043,59.02631],[10.12917,59.026],[10.12807,59.02457],[10.12711,59.02417],[10.12644,59.02317],[10.12694,59.02247],[10.12778,59.02178],[10.1292,59.02191],[10.13033,59.02143],[10.12978,59.0195],[10.13231,59.01664],[10.13185,59.01445]],[[10.23188,59.03595],[10.23051,59.03452],[10.22952,59.03445],[10.22756,59.03258],[10.2268,59.03247],[10.22674,59.03524],[10.22956,59.03571],[10.23127,59.03689],[10.23202,59.03651],[10.23188,59.03595]],[[10.21659,59.03417],[10.21555,59.03474],[10.21629,59.0366],[10.21696,59.03626],[10.21707,59.03468]],[[10.11512,59.03086],[10.11548,59.02949],[10.11475,59.02787],[10.11058,59.02673],[10.10936,59.02598],[10.10752,59.0261],[10.10728,59.02726],[10.10416,59.02883],[10.10325,59.02829],[10.10119,59.02851],[10.10208,59.03024],[10.10444,59.03189],[10.10417,59.03246],[10.10208,59.03147],[10.10045,59.0293],[10.10034,59.02794],[10.09929,59.0277],[10.09843,59.02685],[10.09751,59.02736],[10.09788,59.02826],[10.09504,59.02931],[10.09414,59.02269],[10.09327,59.02237],[10.09247,59.02356],[10.08904,59.02424],[10.0886,59.02352],[10.0898,59.02196],[10.08802,59.0212],[10.08671,59.01985],[10.08492,59.01968],[10.08339,59.02032],[10.08245,59.02025],[10.0825,59.01897],[10.08188,59.01842],[10.0805,59.01756],[10.07846,59.01712],[10.07678,59.0172],[10.0754,59.01785],[10.07555,59.01674],[10.07346,59.01516],[10.06978,59.01681],[10.06928,59.01767],[10.06973,59.01877],[10.06814,59.02081],[10.0686,59.0213],[10.07011,59.02153],[10.06798,59.0222],[10.06829,59.02353],[10.06728,59.02381],[10.06616,59.0236],[10.06553,59.02448],[10.0658,59.02514],[10.06768,59.02556],[10.06984,59.02669]],[[10.12935,59.03242],[10.12843,59.03207],[10.12705,59.03274],[10.12775,59.03422],[10.12861,59.03459],[10.13006,59.03366],[10.12935,59.03242]],[[10.11512,59.03086],[10.11456,59.03205],[10.11635,59.03206],[10.11717,59.03345],[10.11619,59.0337],[10.11597,59.03443],[10.11784,59.03448]],[[10.0623,59.02868],[10.06107,59.02862],[10.05997,59.02791],[10.05809,59.02851],[10.05965,59.03037],[10.06302,59.03256],[10.06392,59.03166],[10.0641,59.02997],[10.0623,59.02868]],[[10.2341,59.03679],[10.2335,59.03673],[10.23262,59.03736],[10.2327,59.03832],[10.23498,59.0399],[10.2341,59.03679]],[[10.161,59.03512],[10.15907,59.03515],[10.15934,59.03618],[10.16414,59.03874],[10.16509,59.03776],[10.16462,59.03648],[10.16258,59.03532],[10.161,59.03512]],[[10.12485,59.03763],[10.1238,59.03629],[10.12122,59.03631],[10.11873,59.03452]],[[10.17622,59.03968],[10.17513,59.03892],[10.17176,59.03806],[10.16929,59.03689],[10.16958,59.03319],[10.16837,59.03327],[10.1674,59.03484],[10.16542,59.03539],[10.16025,59.03443],[10.1546,59.03218],[10.1511,59.03167]],[[10.12485,59.03763],[10.1266,59.03875],[10.12849,59.03793],[10.1308,59.03964]],[[10.0556,59.03724],[10.05457,59.03691],[10.05336,59.03534],[10.05559,59.03312],[10.05734,59.03281],[10.05727,59.03216],[10.05813,59.03151],[10.06251,59.03325],[10.06337,59.03454],[10.0649,59.03458],[10.06554,59.03527],[10.06654,59.0353],[10.06807,59.03431],[10.06798,59.03376],[10.06622,59.03279],[10.06597,59.03177],[10.0686,59.03101],[10.06873,59.03056],[10.06691,59.02918],[10.06603,59.02744],[10.06952,59.02768],[10.06984,59.02669]],[[10.16175,59.0413],[10.16291,59.0403],[10.16316,59.03928],[10.1602,59.03837],[10.15909,59.03864],[10.15791,59.03732],[10.15724,59.03468],[10.15578,59.03388],[10.15374,59.034],[10.15301,59.03585],[10.15096,59.03696],[10.15046,59.03598],[10.15092,59.03374],[10.14821,59.03309],[10.14784,59.03403],[10.14909,59.0347],[10.14719,59.03642],[10.15085,59.03805],[10.15129,59.03888],[10.14992,59.03932],[10.14727,59.03722],[10.14524,59.03808],[10.14442,59.03797]],[[10.20901,59.07326],[10.21142,59.07391],[10.21185,59.07373],[10.21241,59.07247],[10.21152,59.07158],[10.21169,59.07012],[10.21369,59.07035],[10.21813,59.0673],[10.21946,59.06727],[10.21967,59.06851],[10.22161,59.0693],[10.22444,59.06711],[10.22871,59.06562],[10.22963,59.0635],[10.232,59.0624],[10.23195,59.06176],[10.23371,59.06119],[10.23336,59.05971],[10.23152,59.05811],[10.23063,59.05868],[10.23082,59.05982],[10.22689,59.06149],[10.2254,59.06147],[10.22484,59.06081],[10.22734,59.05914],[10.23029,59.05618],[10.23067,59.05473],[10.2292,59.05516],[10.22929,59.05565],[10.22795,59.05452],[10.231,59.05374],[10.23232,59.0524],[10.2316,59.05137],[10.23034,59.05114],[10.228,59.0517],[10.22673,59.05254],[10.22554,59.05199],[10.22829,59.05042],[10.23009,59.04835]],[[10.31519,59.07306],[10.31459,59.07294],[10.31403,59.07335],[10.31434,59.0752],[10.31336,59.07701],[10.31414,59.07802],[10.31484,59.07734],[10.31519,59.07306]],[[10.31202,59.07437],[10.31094,59.0746],[10.31042,59.07561],[10.31056,59.0777],[10.31194,59.07807],[10.31261,59.07739],[10.31202,59.07437]],[[10.23131,59.07557],[10.23049,59.07455],[10.22945,59.07444],[10.23004,59.07244],[10.22913,59.07213],[10.22726,59.07006],[10.22646,59.07199],[10.22665,59.07278],[10.22809,59.07376],[10.22829,59.07546],[10.22977,59.07555],[10.2303,59.07608],[10.23131,59.07557]],[[10.20984,59.07511],[10.21158,59.07577]],[[10.25349,59.07582],[10.25292,59.07588],[10.25263,59.07854],[10.25355,59.08007],[10.25464,59.07936],[10.2544,59.07796],[10.2555,59.07731],[10.25349,59.07582]],[[10.21717,59.07921],[10.21687,59.0796]],[[10.21717,59.07921],[10.21938,59.07988],[10.22009,59.07918],[10.21782,59.07747],[10.21804,59.07618],[10.21934,59.07659],[10.22084,59.07647],[10.22411,59.07815],[10.22671,59.07737],[10.22674,59.0753],[10.22586,59.07478],[10.22431,59.0749],[10.22597,59.07381],[10.22627,59.07271],[10.2251,59.0729],[10.22479,59.0735],[10.22225,59.07377],[10.22158,59.07142],[10.22104,59.0713],[10.22047,59.07209],[10.21809,59.07275],[10.21865,59.07066],[10.21771,59.07028],[10.21546,59.07159],[10.21513,59.07247],[10.21536,59.0731],[10.21745,59.07371],[10.21767,59.07558],[10.21437,59.07476],[10.21158,59.07577]],[[10.29062,59.08308],[10.29201,59.0825],[10.2926,59.08152],[10.29038,59.08037],[10.28956,59.08105],[10.29089,59.0824],[10.29005,59.08276],[10.28919,59.08226],[10.28861,59.08245],[10.2894,59.08412],[10.29062,59.08308]],[[10.23329,59.08243],[10.23215,59.0824],[10.23085,59.08344],[10.23103,59.0845],[10.23329,59.08243]],[[10.28275,59.08307],[10.28154,59.08371],[10.28192,59.08645],[10.28364,59.08465],[10.28275,59.08307]],[[10.2204,59.0911],[10.21965,59.08944],[10.22323,59.08929],[10.22398,59.08876],[10.22381,59.08804],[10.22156,59.08645],[10.21974,59.08705],[10.21944,59.08847],[10.21773,59.08859],[10.21725,59.08824],[10.21752,59.08529],[10.21599,59.08424],[10.21964,59.08336],[10.22003,59.08252],[10.21687,59.0796]],[[10.25445,59.09235],[10.25518,59.08936],[10.2568,59.08687],[10.25859,59.0865],[10.26067,59.08417],[10.26046,59.08329],[10.26217,59.08046],[10.26192,59.07996],[10.2607,59.07965],[10.2607,59.07889],[10.26194,59.07732],[10.25938,59.07665],[10.2587,59.07197],[10.25572,59.07044],[10.25473,59.06909],[10.25273,59.06929],[10.2523,59.06811],[10.25448,59.06698],[10.25648,59.06708],[10.25717,59.06815],[10.2599,59.06725],[10.26047,59.06546],[10.26167,59.06478],[10.25933,59.06192],[10.25941,59.05954],[10.25996,59.05905],[10.26308,59.05936],[10.26259,59.05855],[10.2631,59.05681],[10.26434,59.056],[10.26466,59.0533],[10.26677,59.05225],[10.26608,59.05071],[10.26806,59.04787]],[[10.2736,59.09305],[10.27181,59.09222],[10.27262,59.08959],[10.27406,59.08861],[10.27494,59.08713],[10.27676,59.08664],[10.27662,59.08357],[10.27973,59.08252],[10.28049,59.08136],[10.28027,59.08057],[10.27851,59.07948],[10.27894,59.07839],[10.28027,59.07775],[10.28088,59.07671],[10.28029,59.07414],[10.27688,59.07077],[10.27794,59.07026],[10.28113,59.06545],[10.27859,59.0642],[10.27805,59.06422],[10.27774,59.06507],[10.27632,59.06427],[10.27238,59.06807]],[[10.30215,59.08518],[10.30333,59.08355],[10.30227,59.08334],[10.30057,59.08189],[10.30303,59.08],[10.30493,59.0768],[10.30616,59.07267],[10.30863,59.07176],[10.31056,59.07228],[10.31347,59.07193],[10.3146,59.0709],[10.31392,59.06906],[10.31286,59.07017],[10.31179,59.06995],[10.31306,59.06731],[10.31221,59.06555],[10.31149,59.06525],[10.3105,59.06552],[10.3095,59.06686],[10.308,59.06666],[10.31092,59.06226],[10.31081,59.06131],[10.30936,59.06003],[10.31008,59.05847],[10.30775,59.05554],[10.30656,59.05662],[10.30535,59.057],[10.30503,59.05858],[10.3033,59.05839],[10.30482,59.05531],[10.3037,59.05322],[10.30214,59.05404],[10.30066,59.05564],[10.29921,59.05603],[10.29867,59.05684],[10.29916,59.05912],[10.2977,59.06089],[10.29836,59.06119],[10.29942,59.06066],[10.30086,59.06072],[10.30269,59.06267],[10.30255,59.0671],[10.30048,59.06749],[10.30037,59.06818],[10.29879,59.06867],[10.29669,59.07012],[10.2923,59.07521],[10.2919,59.07654],[10.29244,59.07695],[10.29114,59.07875],[10.29201,59.08047],[10.29323,59.08097],[10.29275,59.08246],[10.29346,59.08439],[10.29176,59.08458],[10.28949,59.0879],[10.29034,59.0899],[10.29127,59.08946],[10.2922,59.08964],[10.29164,59.09371]],[[10.30939,59.09435],[10.30951,59.09171],[10.31233,59.08746],[10.31121,59.0839],[10.30993,59.08287],[10.30764,59.08257],[10.30567,59.0831],[10.30551,59.08459],[10.30439,59.08468],[10.30301,59.08583],[10.30213,59.08552]],[[10.2851,59.09387],[10.28593,59.09509],[10.28946,59.09685],[10.29047,59.0967],[10.29101,59.09591]],[[10.33401,59.09943],[10.33279,59.09957],[10.33183,59.10062],[10.33249,59.1014],[10.33342,59.10114],[10.33401,59.09943]],[[10.25445,59.09235],[10.25402,59.09314],[10.2549,59.09584],[10.25346,59.09859],[10.24952,59.0983],[10.2507,59.09644],[10.24819,59.09413],[10.24674,59.09438],[10.246,59.09505],[10.24752,59.0999]],[[10.24293,59.09761],[10.24267,59.09568],[10.24035,59.09607],[10.23893,59.09577],[10.23701,59.09984]],[[10.24293,59.09761],[10.24252,59.09979],[10.24656,59.10179],[10.24782,59.10147],[10.24752,59.0999]],[[10.27526,59.10079],[10.27463,59.10067],[10.27315,59.1019],[10.27272,59.10271],[10.27323,59.10425],[10.27498,59.10252],[10.27526,59.10079]],[[10.24049,59.1042],[10.24089,59.10294],[10.23701,59.09984]],[[10.2851,59.09387],[10.2834,59.09418],[10.28216,59.09687],[10.2832,59.09901],[10.2815,59.1002],[10.28075,59.10173],[10.28018,59.10176],[10.27979,59.10086],[10.28046,59.0983],[10.27935,59.09837],[10.27845,59.09932],[10.27854,59.10087],[10.27717,59.10184],[10.27684,59.10282],[10.27784,59.10445],[10.28008,59.10341],[10.28066,59.10256],[10.28203,59.10264],[10.28298,59.1064]],[[10.26133,59.1087],[10.26306,59.10746],[10.26452,59.10543],[10.2679,59.10294],[10.26921,59.10056],[10.27237,59.09808],[10.27399,59.09428],[10.2736,59.09305]],[[10.27583,59.10522],[10.27524,59.1051],[10.27264,59.10636],[10.27142,59.10844],[10.27187,59.10976],[10.27327,59.11064],[10.27635,59.1101],[10.27688,59.10857],[10.27583,59.10522]],[[10.24049,59.1042],[10.23835,59.10455],[10.2354,59.10624],[10.23436,59.10727],[10.2345,59.10788],[10.23321,59.10909],[10.23187,59.10946],[10.23116,59.11066]],[[10.27902,59.11551],[10.28012,59.11603],[10.27983,59.1147],[10.27715,59.11393],[10.27665,59.11242],[10.27982,59.11054],[10.2818,59.10715],[10.28298,59.1064]],[[10.26776,59.11199],[10.26592,59.11191],[10.26461,59.11426],[10.26465,59.11686],[10.26586,59.11743],[10.26719,59.11679],[10.26786,59.11578],[10.2672,59.11431],[10.26776,59.11199]],[[10.27118,59.11535],[10.27053,59.11532],[10.26755,59.11772],[10.26942,59.11899],[10.27144,59.11671],[10.27118,59.11535]],[[10.29887,59.1166],[10.29823,59.11656],[10.29654,59.11871],[10.29631,59.11996],[10.29712,59.12052],[10.29831,59.11974],[10.29887,59.1166]],[[10.26073,59.10964],[10.26211,59.11064],[10.26305,59.11043],[10.26366,59.10964],[10.26479,59.11007],[10.26487,59.11099],[10.26234,59.11334],[10.26192,59.11495],[10.26351,59.11814],[10.26578,59.11772],[10.26712,59.11866],[10.26646,59.12051],[10.26498,59.12151],[10.26668,59.12321],[10.26986,59.12112],[10.27179,59.11801],[10.27277,59.1174],[10.27532,59.11714],[10.27684,59.11433],[10.27902,59.11551]],[[10.31553,59.12355],[10.31436,59.12364],[10.31415,59.12422],[10.31627,59.12529],[10.31553,59.12355]],[[10.32314,59.12658],[10.32544,59.12644],[10.32555,59.12575],[10.32462,59.12162],[10.32275,59.12019],[10.32087,59.1216],[10.32019,59.12283],[10.31943,59.12694],[10.32013,59.12786],[10.3218,59.12812],[10.32204,59.12725],[10.32314,59.12658]],[[10.22031,59.09137],[10.22126,59.09401],[10.22181,59.09405],[10.22328,59.09276],[10.22463,59.09255],[10.22691,59.09564],[10.22458,59.09867],[10.2225,59.09955],[10.22377,59.09993],[10.22549,59.09945],[10.22629,59.09978],[10.22748,59.09914],[10.22997,59.10095],[10.2293,59.10336],[10.2265,59.10346],[10.22531,59.10609],[10.22485,59.10841],[10.22555,59.10934],[10.22536,59.11127],[10.22496,59.11238],[10.22267,59.11455],[10.22264,59.11544],[10.2239,59.11649],[10.22425,59.11867],[10.22345,59.1202],[10.22067,59.12209],[10.22056,59.12438],[10.22228,59.12524],[10.22236,59.12634],[10.22356,59.12688],[10.225,59.12689],[10.22655,59.12637],[10.22946,59.1267],[10.22971,59.1273],[10.23194,59.12764],[10.23333,59.1272],[10.23351,59.12628],[10.24016,59.12729],[10.24123,59.1265],[10.23901,59.12608],[10.23755,59.12492],[10.23335,59.12354],[10.22732,59.118],[10.22823,59.11638],[10.22937,59.11603],[10.22914,59.11476],[10.23027,59.11457],[10.23098,59.11385],[10.2315,59.1126],[10.23116,59.11066]],[[10.32447,59.13075],[10.32328,59.1301],[10.32362,59.13363],[10.32459,59.13229],[10.32447,59.13075]],[[10.31871,59.13471],[10.31929,59.13464]],[[10.31871,59.13471],[10.31793,59.12938],[10.31725,59.12911],[10.31581,59.12925],[10.31524,59.12886],[10.31517,59.12837],[10.31621,59.12809],[10.31603,59.12716],[10.31366,59.1272],[10.31225,59.12621],[10.31075,59.1315],[10.31126,59.13293],[10.31415,59.13619]],[[10.28069,59.13764],[10.28175,59.136],[10.28419,59.13476],[10.28426,59.1325],[10.28614,59.13079],[10.28646,59.12952],[10.28645,59.12885],[10.28395,59.12804],[10.28197,59.12569],[10.28274,59.12568],[10.28624,59.12767],[10.28734,59.12784],[10.28899,59.12764],[10.29116,59.12583],[10.29238,59.12366],[10.29235,59.12291],[10.29073,59.12196],[10.29116,59.11981],[10.29341,59.11961],[10.29448,59.1191],[10.29581,59.11696],[10.29443,59.11661],[10.29321,59.11715],[10.2921,59.11615],[10.29723,59.11319],[10.29704,59.11214],[10.29843,59.11094],[10.2991,59.10901],[10.30134,59.10801],[10.30294,59.10642],[10.30423,59.10423],[10.30337,59.10041],[10.3076,59.09914],[10.30923,59.09674],[10.30939,59.09435]],[[10.29814,59.13892],[10.29585,59.13809],[10.295,59.1388]],[[10.30726,59.13925],[10.30775,59.13611],[10.30626,59.13487],[10.30377,59.13419],[10.30159,59.13418],[10.29915,59.13636],[10.3,59.13728],[10.30001,59.13898]],[[10.30863,59.1393],[10.30946,59.13552],[10.31111,59.13532],[10.31372,59.13812],[10.31485,59.13843],[10.31415,59.13619]],[[10.32797,59.14],[10.327,59.13909],[10.3292,59.13684],[10.32939,59.13457],[10.32863,59.13411],[10.3297,59.13077],[10.32836,59.12976],[10.32729,59.13082],[10.32615,59.13092],[10.32529,59.12846],[10.32387,59.12866],[10.32314,59.12982],[10.32122,59.12878],[10.31957,59.1293],[10.31929,59.13464]],[[10.29814,59.13892],[10.29926,59.13948],[10.30001,59.13898]],[[10.30729,59.14026],[10.3079,59.14035],[10.30863,59.1393]],[[10.28034,59.13827],[10.28323,59.13933],[10.284,59.14014]],[[10.284,59.14014],[10.2868,59.14105],[10.28868,59.13914],[10.28934,59.13945],[10.28921,59.14011],[10.29058,59.14055],[10.29408,59.1396],[10.295,59.1388]],[[10.31858,59.14091],[10.31796,59.14081],[10.31717,59.14178],[10.31687,59.14341],[10.31691,59.14495],[10.31771,59.14586],[10.31923,59.1444],[10.31858,59.14091]],[[10.32598,59.14378],[10.32475,59.14406],[10.32365,59.14643],[10.32476,59.14833],[10.32612,59.14863],[10.32694,59.14767],[10.32539,59.1458],[10.32598,59.14378]],[[10.31082,59.14677],[10.31155,59.14786],[10.314,59.14821],[10.31513,59.14798],[10.31676,59.14623],[10.3187,59.14656],[10.32051,59.14602],[10.32141,59.14655],[10.32253,59.14552],[10.32222,59.14446],[10.32501,59.14099],[10.32639,59.14028],[10.32748,59.14078],[10.32797,59.14]],[[10.31082,59.14677],[10.30881,59.14578],[10.30719,59.14633],[10.30878,59.14957]],[[10.32364,59.15133],[10.32303,59.15091],[10.32119,59.15126],[10.32181,59.15279],[10.3233,59.15246],[10.32364,59.15133]],[[10.32865,59.16202],[10.33239,59.15895],[10.33054,59.15532],[10.3293,59.1544],[10.32785,59.15445],[10.32626,59.15516],[10.32627,59.15829],[10.32565,59.15808],[10.32465,59.1558],[10.32389,59.15585],[10.32517,59.16074]],[[10.32618,59.16776],[10.32537,59.16679],[10.32595,59.16476],[10.3254,59.16364],[10.32256,59.16166],[10.32135,59.15951],[10.32207,59.15712],[10.31845,59.15453],[10.31813,59.15332],[10.31881,59.15181],[10.31787,59.15148],[10.3159,59.15236],[10.31219,59.15225],[10.31135,59.15153],[10.31136,59.15059],[10.30962,59.15036],[10.30878,59.14957]],[[10.32618,59.16776],[10.3285,59.16936],[10.32831,59.17004]],[[10.32517,59.16074],[10.32636,59.16186],[10.32581,59.16307],[10.32831,59.16643],[10.32835,59.16831],[10.33142,59.17038],[10.33222,59.17043],[10.33414,59.16985],[10.33478,59.16768],[10.33314,59.16639],[10.33106,59.16344],[10.32968,59.16245],[10.32885,59.16254],[10.32865,59.16202]],[[10.33289,59.18515],[10.33192,59.18299],[10.32928,59.18086],[10.33304,59.17804],[10.33208,59.17599],[10.33239,59.17461],[10.3318,59.17362],[10.32931,59.17303],[10.32837,59.1723],[10.32831,59.17004]],[[10.33224,59.19993],[10.33169,59.19951],[10.33162,59.19735],[10.33025,59.19604],[10.33022,59.1949],[10.32847,59.19376],[10.3274,59.19134],[10.32828,59.19119],[10.33187,59.19289],[10.33274,59.19242],[10.33344,59.19003],[10.33289,59.18515]],[[10.03436,59.00689],[10.03535,59.00758]],[[10.11589,59.01521],[10.1146,59.01473],[10.11381,59.01509],[10.11444,59.01651],[10.11549,59.01675],[10.11616,59.01624],[10.11589,59.01521]],[[10.12502,59.02287],[10.12401,59.02292],[10.1244,59.02452],[10.12681,59.02544],[10.12706,59.02497],[10.12502,59.02287]],[[10.14953,59.03133],[10.1511,59.03167]],[[10.21707,59.03468],[10.21659,59.03417]],[[10.11873,59.03452],[10.11784,59.03448]],[[10.27528,59.04863],[10.2741,59.04953],[10.27472,59.04984],[10.27695,59.0482]],[[10.01843,59.04132],[10.01866,59.04127]],[[10.01843,59.04132],[10.01719,59.04221],[10.01786,59.04399],[10.01636,59.04511]],[[10.29519,59.05752],[10.29465,59.05741],[10.29363,59.05819],[10.29361,59.05917],[10.29439,59.05938],[10.29519,59.05752]],[[10.20901,59.07326],[10.20832,59.07367]],[[10.23242,59.07637],[10.23138,59.07651],[10.23148,59.07734],[10.23303,59.07841],[10.23337,59.07798],[10.23242,59.07637]],[[10.25642,59.08231],[10.2545,59.08346],[10.25421,59.08435],[10.25495,59.08549],[10.25754,59.08474],[10.25708,59.08274],[10.25642,59.08231]],[[10.23208,59.09153],[10.23145,59.09011],[10.22909,59.09095],[10.22913,59.09142]],[[10.25042,59.0922],[10.25082,59.09138],[10.2503,59.09101],[10.24935,59.09216]],[[10.22031,59.09137],[10.2204,59.0911]],[[10.29164,59.09371],[10.29165,59.09411]],[[10.22913,59.09142],[10.23065,59.09216],[10.23208,59.09153]],[[10.24935,59.09216],[10.24865,59.093],[10.24937,59.09386],[10.25009,59.09353],[10.25042,59.0922]],[[10.23132,59.09358],[10.22927,59.09307],[10.22975,59.09491],[10.23133,59.09421],[10.23132,59.09358]],[[10.26133,59.1087],[10.26073,59.10964]],[[10.31386,59.12155],[10.31334,59.12138],[10.31234,59.12214],[10.3124,59.12346],[10.31387,59.12224],[10.31386,59.12155]],[[10.28069,59.13764],[10.28034,59.13827]],[[10.44959,59.05438],[10.45027,59.05365],[10.45013,59.05021],[10.44917,59.04892],[10.44721,59.04991],[10.44299,59.05079],[10.44187,59.05204],[10.4422,59.05412]],[[10.51502,59.05667],[10.51488,59.05595],[10.51572,59.05592],[10.51582,59.055],[10.51484,59.05429],[10.51416,59.055],[10.51354,59.05481],[10.5124,59.05303],[10.51075,59.05496],[10.51071,59.05652]],[[10.4422,59.05412],[10.44219,59.0558],[10.44405,59.05609],[10.4453,59.05555],[10.44534,59.05482],[10.44959,59.05438]],[[10.51071,59.05652],[10.5111,59.05823],[10.51439,59.05985],[10.51447,59.06067],[10.51316,59.0607],[10.5129,59.06115],[10.51421,59.06151],[10.51533,59.06135],[10.51583,59.06013],[10.51577,59.05812],[10.51476,59.05787],[10.51502,59.05667]],[[10.40944,59.06038],[10.40814,59.05742],[10.40652,59.05668],[10.4062,59.05343],[10.40434,59.0554],[10.40471,59.05643],[10.40332,59.05693],[10.40128,59.05998]],[[10.40128,59.05998],[10.40011,59.06]],[[10.4338,59.0613],[10.43587,59.05953],[10.43569,59.05802],[10.4364,59.05768],[10.43513,59.05731],[10.43119,59.06007],[10.43102,59.06119],[10.4338,59.0613]],[[10.45066,59.06604],[10.45033,59.06222],[10.44557,59.06496],[10.44379,59.06475],[10.44271,59.06362],[10.43739,59.06294],[10.43102,59.06485],[10.42956,59.06822],[10.42962,59.07005]],[[10.52332,59.07428],[10.52398,59.07354],[10.52666,59.07274],[10.52799,59.06927],[10.52646,59.06825],[10.5286,59.06634],[10.52881,59.06542],[10.5274,59.0633],[10.52789,59.06162],[10.52663,59.0602],[10.52792,59.06009],[10.52802,59.05958],[10.52719,59.05873],[10.52625,59.05855],[10.52557,59.05892],[10.52567,59.0597],[10.52469,59.05977],[10.52258,59.06091],[10.52203,59.06261],[10.5198,59.06387],[10.51798,59.06635],[10.52056,59.06771],[10.51924,59.07256],[10.52011,59.0728],[10.52086,59.07399],[10.52232,59.07422],[10.52256,59.07515],[10.52332,59.07428]],[[10.46252,59.07407],[10.46386,59.07271],[10.46313,59.06946]],[[10.52291,59.02398],[10.52226,59.02402],[10.52136,59.02621],[10.52198,59.02747],[10.5235,59.02641],[10.52291,59.02398]],[[10.52484,59.02737],[10.52546,59.02745],[10.52601,59.02646],[10.52538,59.0264],[10.52559,59.02466],[10.52448,59.02371],[10.52457,59.02563],[10.52368,59.02635],[10.52363,59.02809],[10.52484,59.02737]],[[10.51953,59.04782],[10.51898,59.04755],[10.51827,59.04779],[10.51799,59.04955],[10.51891,59.05213],[10.52004,59.05301],[10.52134,59.05169],[10.51953,59.04782]],[[10.42135,59.04887],[10.42051,59.04894],[10.41843,59.05245],[10.41887,59.05266],[10.42011,59.05191],[10.42135,59.04887]],[[10.53371,59.05337],[10.53316,59.05324],[10.53238,59.05392],[10.5324,59.05554],[10.53456,59.05696],[10.53541,59.05536],[10.53381,59.05436],[10.53371,59.05337]],[[10.46252,59.07407],[10.45922,59.07896]],[[10.43795,59.07832],[10.43965,59.07768],[10.43973,59.07904]],[[10.4516,59.08165],[10.45214,59.08054],[10.4534,59.08052],[10.45356,59.08094],[10.45497,59.08039],[10.4524,59.07707],[10.45422,59.07571],[10.45253,59.07372],[10.45312,59.06973],[10.45066,59.06604]],[[10.45922,59.07896],[10.45887,59.08315]],[[10.33987,59.08104],[10.33865,59.08089],[10.33851,59.08289],[10.33907,59.08347],[10.33986,59.08249],[10.33987,59.08104]],[[10.40011,59.06],[10.40103,59.0582],[10.39983,59.05767],[10.39975,59.05643],[10.39864,59.05617],[10.39728,59.05652],[10.39635,59.05757],[10.3952,59.05761],[10.39498,59.05929],[10.39614,59.05963],[10.39647,59.06351],[10.39219,59.06634],[10.39168,59.06733],[10.39206,59.0684],[10.39097,59.06904],[10.3914,59.06928],[10.39325,59.06899],[10.39389,59.06984],[10.39345,59.07225],[10.39139,59.07572],[10.39187,59.07675],[10.39116,59.08028],[10.39036,59.08033],[10.38982,59.08231],[10.39063,59.08223],[10.39155,59.08079],[10.39369,59.08009],[10.39442,59.07815],[10.39587,59.07827],[10.39684,59.07931]],[[10.46102,59.08542],[10.4617,59.08446],[10.46478,59.08433],[10.46649,59.08504],[10.46722,59.08596],[10.46836,59.08577],[10.46938,59.08422],[10.46835,59.08375],[10.46855,59.08301],[10.47101,59.08193],[10.47311,59.08229],[10.47364,59.08081],[10.47305,59.08035],[10.47237,59.08132],[10.47089,59.0814],[10.4703,59.08103],[10.46949,59.07796],[10.47074,59.07753],[10.47297,59.07269],[10.47241,59.07129],[10.4704,59.07097],[10.47051,59.06933],[10.46971,59.06773],[10.46877,59.06767],[10.46613,59.06884],[10.46477,59.06779],[10.46326,59.06848]],[[10.45887,59.08315],[10.45803,59.0843],[10.45785,59.08681],[10.45885,59.08687],[10.46102,59.08542]],[[10.39684,59.07931],[10.39806,59.08019],[10.39683,59.08218],[10.39783,59.08256],[10.398,59.08416],[10.39687,59.08719],[10.3978,59.08875],[10.39679,59.08942]],[[10.40417,59.08608],[10.40353,59.08604],[10.40128,59.09026],[10.39955,59.09162],[10.40061,59.09204],[10.40403,59.09088],[10.40381,59.08952],[10.40475,59.0873],[10.40417,59.08608]],[[10.43973,59.07904],[10.44001,59.08278],[10.44121,59.08402],[10.44029,59.08556],[10.44261,59.08676],[10.44154,59.09],[10.44355,59.09188],[10.44324,59.09295],[10.44142,59.0942],[10.44155,59.09673]],[[10.44155,59.09673],[10.44241,59.09835],[10.44534,59.09766],[10.44847,59.09636],[10.44936,59.09521],[10.45081,59.09533],[10.45138,59.09479],[10.45126,59.09398],[10.44928,59.09344],[10.44849,59.09173],[10.44883,59.09069],[10.45052,59.08972],[10.45002,59.08785],[10.45189,59.08668],[10.45187,59.08495]],[[10.33872,59.0934],[10.33869,59.0902],[10.33977,59.08808],[10.33917,59.08744],[10.33823,59.08776],[10.3366,59.09016],[10.3348,59.09037],[10.33418,59.09234],[10.3353,59.094],[10.33627,59.09155],[10.33749,59.09189],[10.33684,59.09386],[10.33724,59.09515],[10.33872,59.0934]],[[10.33632,59.09532],[10.33571,59.09495],[10.33521,59.09528]],[[10.38237,59.09697],[10.38187,59.09573],[10.3813,59.09694]],[[10.39679,59.08942],[10.39586,59.09061],[10.39671,59.09229],[10.39781,59.09302],[10.39757,59.09454],[10.39582,59.09524],[10.39328,59.09732],[10.39135,59.09487],[10.39096,59.09679],[10.38941,59.09638],[10.38872,59.0972]],[[10.40749,59.09787],[10.40751,59.09651],[10.41066,59.09264],[10.41087,59.09173],[10.41016,59.0907],[10.4107,59.09039],[10.41575,59.0901],[10.41803,59.0842],[10.41909,59.084],[10.42037,59.08441],[10.4217,59.08357],[10.42413,59.07929],[10.42423,59.07442],[10.42548,59.07184],[10.42529,59.06992],[10.42419,59.06959],[10.42206,59.06737],[10.42006,59.06659],[10.41941,59.06361],[10.41825,59.06301],[10.41635,59.06352],[10.41455,59.06333],[10.41371,59.06269],[10.41427,59.06082],[10.41369,59.05996],[10.41258,59.06179],[10.41186,59.06198],[10.40944,59.06038]],[[10.4178,59.09823],[10.41743,59.09577],[10.41654,59.09635],[10.41452,59.09587],[10.41333,59.09732],[10.41198,59.09707],[10.41128,59.098]],[[10.42698,59.08164],[10.4253,59.08407],[10.42529,59.08551],[10.42834,59.08621],[10.4272,59.08702],[10.42452,59.08738],[10.42241,59.08974],[10.42256,59.09327],[10.42062,59.09833]],[[10.42922,59.09864],[10.43076,59.09527],[10.43092,59.09293],[10.43162,59.09278],[10.43476,59.09496],[10.43549,59.09359],[10.43371,59.0882],[10.43216,59.08709],[10.43042,59.08753],[10.42925,59.08537],[10.42981,59.08526],[10.43136,59.08625],[10.43447,59.08595],[10.43475,59.08384],[10.43687,59.08138],[10.43795,59.07832]],[[10.4832,59.10053],[10.4829,59.09796],[10.48014,59.09868],[10.47724,59.10032]],[[10.49123,59.10081],[10.49018,59.09468],[10.48932,59.09348],[10.48803,59.09371],[10.48612,59.09664],[10.48582,59.10062]],[[10.40749,59.09787],[10.40787,59.09812],[10.40842,59.0979]],[[10.41038,59.09797],[10.41086,59.09832],[10.41128,59.098]],[[10.46127,59.09976],[10.46173,59.10153],[10.46318,59.09983]],[[10.38237,59.09697],[10.38252,59.09879],[10.38384,59.09711],[10.38473,59.09742],[10.38451,59.09886],[10.38526,59.09976]],[[10.48606,59.10197],[10.48797,59.10347]],[[10.33521,59.09528],[10.3338,59.0977],[10.33414,59.09876],[10.33652,59.09692],[10.33632,59.09532]],[[10.48547,59.10455],[10.48495,59.10244],[10.48372,59.10281],[10.48295,59.10262]],[[10.48797,59.10347],[10.48934,59.10574],[10.49048,59.10647],[10.49132,59.10587],[10.49052,59.10467],[10.49123,59.10081]],[[10.49748,59.10265],[10.49679,59.10254],[10.49604,59.103],[10.4936,59.10611],[10.49541,59.10691],[10.49612,59.10683],[10.49836,59.10459],[10.49842,59.10345],[10.49748,59.10265]],[[10.38526,59.09976],[10.38382,59.10347],[10.38746,59.10414],[10.38898,59.10033],[10.38848,59.09927]],[[10.47724,59.10032],[10.47307,59.10413],[10.4738,59.10512],[10.47541,59.10598],[10.47475,59.10722],[10.47617,59.1082],[10.47712,59.10858],[10.48075,59.10773],[10.48139,59.10871],[10.48268,59.10904],[10.484,59.10774],[10.48547,59.10455]],[[10.45117,59.09941],[10.4493,59.10159],[10.44878,59.10124],[10.44902,59.09994],[10.44727,59.09958],[10.44417,59.09988],[10.44335,59.10029],[10.44367,59.10105],[10.44273,59.10343],[10.44398,59.10417],[10.44396,59.10781],[10.44501,59.10869],[10.44693,59.108],[10.44768,59.10852],[10.44847,59.10844],[10.44977,59.10798],[10.45,59.10701],[10.45134,59.10795],[10.45343,59.10695],[10.45377,59.10277],[10.45204,59.09944]],[[10.35828,59.1083],[10.35724,59.10731],[10.35641,59.10793],[10.35582,59.1061],[10.35456,59.10613],[10.35386,59.10702],[10.35397,59.10933],[10.35491,59.11015],[10.3549,59.111],[10.35699,59.11148],[10.35805,59.11105],[10.35886,59.10973],[10.35828,59.1083]],[[10.35158,59.10948],[10.34964,59.10731],[10.34834,59.10676],[10.34818,59.10592],[10.34669,59.10608],[10.34559,59.10459],[10.34399,59.10771],[10.34392,59.1091],[10.34634,59.10973],[10.35026,59.10945],[10.35075,59.10997],[10.35021,59.11103],[10.35111,59.11139],[10.35214,59.11062],[10.35158,59.10948]],[[10.46584,59.11918],[10.46667,59.11912],[10.46678,59.11793],[10.47083,59.11614],[10.47063,59.11458],[10.4679,59.11268],[10.46644,59.11284],[10.46311,59.11435],[10.46159,59.11598],[10.46094,59.11835]],[[10.3813,59.09694],[10.3814,59.09774],[10.38022,59.09837],[10.37895,59.10279],[10.37878,59.10448],[10.38016,59.10606],[10.37909,59.10948],[10.38046,59.10994],[10.38001,59.11177],[10.38124,59.11244],[10.38152,59.1158],[10.38253,59.11596],[10.38278,59.1164]],[[10.42062,59.09833],[10.42096,59.10412],[10.42159,59.10436],[10.42191,59.10405],[10.42299,59.10454],[10.42347,59.10584],[10.42323,59.1074],[10.42084,59.10754],[10.42085,59.1101],[10.42224,59.11194],[10.42397,59.11074],[10.42423,59.10966],[10.42524,59.10977],[10.42584,59.10926],[10.42621,59.10618],[10.42791,59.10593],[10.42874,59.10627],[10.42702,59.10894],[10.42823,59.11057],[10.42664,59.11413],[10.42758,59.11565],[10.42709,59.11751],[10.42595,59.11891],[10.42769,59.12041],[10.43225,59.12021],[10.43154,59.11876],[10.43052,59.11825],[10.43287,59.11363],[10.43297,59.1144],[10.4344,59.11451],[10.4352,59.11107],[10.43517,59.11017],[10.43399,59.10993],[10.43536,59.107],[10.43502,59.10645],[10.43372,59.10642],[10.4326,59.10847],[10.43153,59.10824],[10.43276,59.10426],[10.43231,59.10166],[10.43149,59.10079],[10.43008,59.10072],[10.42904,59.10112],[10.42922,59.09864]],[[10.44574,59.12176],[10.44688,59.12183],[10.44754,59.12262],[10.44877,59.12267],[10.44974,59.12095],[10.45276,59.11908],[10.45448,59.11635],[10.45401,59.11349],[10.45168,59.11249],[10.4467,59.11432],[10.44585,59.11674],[10.44482,59.11768],[10.44573,59.11956],[10.44562,59.12107],[10.44421,59.12122],[10.44398,59.122],[10.4449,59.12308],[10.44585,59.12248],[10.44574,59.12176]],[[10.46094,59.11835],[10.45885,59.11953],[10.4588,59.12055],[10.46081,59.12185],[10.46222,59.12165],[10.46348,59.12378],[10.46452,59.12434],[10.46674,59.12207],[10.46669,59.12077],[10.46556,59.11993],[10.46488,59.12005],[10.46456,59.12077],[10.464,59.12067],[10.46424,59.11947],[10.46584,59.11918]],[[10.36818,59.12585],[10.36928,59.12496],[10.3695,59.124],[10.36892,59.1204]],[[10.36892,59.1204],[10.36814,59.12041],[10.36741,59.12114],[10.36713,59.12327],[10.36598,59.12435],[10.36609,59.12287],[10.36451,59.12152],[10.36501,59.11796],[10.36623,59.11735],[10.36739,59.11815],[10.36802,59.11771],[10.36789,59.11676],[10.36706,59.11555],[10.36555,59.11625],[10.36379,59.11527],[10.3636,59.11457],[10.36479,59.1143],[10.36504,59.11381],[10.36405,59.11143],[10.36259,59.11119],[10.36278,59.11022],[10.36166,59.10899],[10.36078,59.11083],[10.35919,59.11069],[10.35881,59.11098],[10.35809,59.11293],[10.35942,59.11477],[10.35792,59.11579],[10.35795,59.11726],[10.35538,59.11858],[10.35432,59.11862],[10.35288,59.11702],[10.35117,59.11701],[10.34956,59.11866],[10.34959,59.12164],[10.35058,59.12294],[10.35271,59.12254],[10.35412,59.12284],[10.35483,59.12357],[10.35295,59.12529],[10.35595,59.12629],[10.3571,59.12781],[10.3613,59.12785],[10.36379,59.12705],[10.36518,59.12535],[10.36608,59.12621],[10.36818,59.12585]],[[10.34363,59.12297],[10.34166,59.12302],[10.34046,59.1243],[10.34021,59.12563],[10.34209,59.12749],[10.34426,59.12577],[10.34347,59.12491],[10.34363,59.12297]],[[10.41375,59.12765],[10.41441,59.12764],[10.41577,59.13091]],[[10.41577,59.13091],[10.41623,59.1314],[10.41721,59.13138],[10.41745,59.13037],[10.41894,59.1306],[10.4207,59.12941],[10.42443,59.13066],[10.42687,59.13021],[10.42778,59.13095],[10.42889,59.13398],[10.43117,59.13429],[10.43262,59.1354],[10.43424,59.13306],[10.43611,59.13237],[10.43656,59.13179],[10.43609,59.13037],[10.43653,59.12894],[10.43503,59.12537],[10.43328,59.12529],[10.43249,59.12562],[10.42982,59.12863],[10.42858,59.12862],[10.4305,59.12647],[10.43039,59.12486],[10.42857,59.12253],[10.42575,59.12163],[10.42462,59.12231],[10.42317,59.12184],[10.42369,59.1192],[10.42248,59.11829],[10.42383,59.11621],[10.42315,59.1144],[10.42238,59.11401],[10.42004,59.1164],[10.42017,59.11845],[10.42088,59.11883],[10.42028,59.12017],[10.41944,59.11993],[10.41796,59.11592],[10.41917,59.11284],[10.4189,59.10844],[10.41736,59.10723],[10.41717,59.10628],[10.41783,59.10477],[10.41724,59.10041],[10.4178,59.09823]],[[10.3753,59.13249],[10.37459,59.1305],[10.37261,59.13088],[10.37187,59.13049],[10.37056,59.12675],[10.37001,59.12656],[10.3701,59.12746],[10.36878,59.12928],[10.37024,59.13214],[10.37255,59.13251],[10.37253,59.13378],[10.37394,59.13537],[10.37527,59.13443],[10.3753,59.13249]],[[10.46835,59.13354],[10.46613,59.13412],[10.46519,59.13502],[10.4647,59.13693],[10.46595,59.13868],[10.46705,59.13928],[10.46806,59.13869],[10.46973,59.13626],[10.46835,59.13354]],[[10.46979,59.14195],[10.46959,59.14113],[10.47158,59.13946],[10.46987,59.13748],[10.46913,59.13812],[10.46922,59.14013],[10.46867,59.14047],[10.46755,59.14018],[10.46641,59.14143],[10.46651,59.14209],[10.46737,59.14246],[10.46786,59.14188],[10.4688,59.14259],[10.46979,59.14195]],[[10.44987,59.1318],[10.44665,59.12899],[10.44449,59.12824],[10.44289,59.12871],[10.44172,59.12972],[10.4427,59.13063],[10.44258,59.13129],[10.44165,59.13137],[10.44067,59.12988],[10.44007,59.1299],[10.43871,59.13212],[10.43906,59.13354],[10.443,59.13482],[10.4443,59.14035],[10.44585,59.14164],[10.44882,59.14227],[10.45021,59.14181],[10.45158,59.13828],[10.45172,59.13442],[10.44987,59.1318]],[[10.38365,59.14099],[10.38177,59.14085],[10.37999,59.13978],[10.37855,59.13732],[10.37993,59.13465],[10.37903,59.13242],[10.38033,59.12985],[10.38079,59.12598],[10.38186,59.1265],[10.38213,59.1281],[10.38279,59.12801],[10.3823,59.12353],[10.38298,59.12166],[10.38197,59.119],[10.38278,59.1164]],[[10.34695,59.14068],[10.34691,59.1399],[10.34496,59.13903],[10.34456,59.13893],[10.34416,59.13962],[10.34363,59.1389],[10.34314,59.13907],[10.34287,59.13781],[10.34224,59.13842],[10.34225,59.14051]],[[10.36485,59.14132],[10.36562,59.13969],[10.36506,59.13817],[10.35934,59.13563],[10.35809,59.13604],[10.35827,59.13841],[10.3572,59.13822],[10.35667,59.13847],[10.35556,59.14099]],[[10.37032,59.14152],[10.3696,59.13901],[10.36815,59.13914],[10.36743,59.13991],[10.36764,59.14098],[10.36897,59.14147]],[[10.38128,59.14191],[10.37997,59.14141],[10.37866,59.14181]],[[10.3869,59.14211],[10.38617,59.14122],[10.38365,59.14099]],[[10.4175,59.14319],[10.4179,59.14184],[10.41636,59.13902],[10.41278,59.13781],[10.41495,59.13644],[10.41617,59.13411],[10.41338,59.13088],[10.41375,59.12765]],[[10.4247,59.14345],[10.42588,59.14274],[10.42406,59.14168],[10.42321,59.14339]],[[10.49852,59.14603],[10.49951,59.14515],[10.50037,59.14295],[10.49951,59.1417],[10.49674,59.14132],[10.49509,59.14186],[10.49339,59.14416],[10.49355,59.14586]],[[10.42321,59.14339],[10.42383,59.14374],[10.4247,59.14345]],[[10.36897,59.14147],[10.36985,59.14213],[10.37032,59.14152]],[[10.38605,59.14261],[10.38722,59.14313],[10.38693,59.14217]],[[10.49355,59.14586],[10.49454,59.14697],[10.4965,59.14716],[10.49852,59.14603]],[[10.36485,59.14132],[10.36491,59.14367],[10.36565,59.14454]],[[10.36853,59.14203],[10.36769,59.14206],[10.36734,59.14283],[10.36747,59.14447],[10.36789,59.1464],[10.36925,59.14709],[10.37033,59.14568],[10.36968,59.14302],[10.36853,59.14203]],[[10.47178,59.14951],[10.47179,59.14834],[10.47042,59.14878],[10.46942,59.14861],[10.46602,59.15081],[10.46607,59.15121],[10.46771,59.15167],[10.46961,59.15132],[10.47178,59.14951]],[[10.34695,59.14068],[10.34825,59.14253],[10.34741,59.1472],[10.34945,59.1467],[10.35016,59.14505],[10.35187,59.14533],[10.35304,59.14736],[10.35314,59.1494],[10.35402,59.15003],[10.35479,59.14836],[10.35449,59.14501],[10.35321,59.14335],[10.35377,59.14302],[10.35591,59.14449],[10.35658,59.14441],[10.35537,59.14272],[10.35556,59.14099]],[[10.36462,59.15215],[10.36763,59.14836],[10.36565,59.14454]],[[10.47702,59.156],[10.47642,59.15596],[10.4754,59.15669],[10.47507,59.15749],[10.47564,59.15812],[10.47753,59.15857],[10.47786,59.15802],[10.47685,59.15682],[10.47702,59.156]],[[10.48235,59.16059],[10.48343,59.16034],[10.48552,59.16065],[10.48571,59.16011],[10.48669,59.15995],[10.48668,59.15895],[10.48764,59.15897],[10.4883,59.15856],[10.48862,59.15767],[10.48846,59.15677],[10.48747,59.15627],[10.48833,59.15286],[10.48605,59.15251],[10.48539,59.15156],[10.48393,59.15216],[10.48272,59.15455],[10.48344,59.15574],[10.4854,59.15495],[10.48601,59.15546],[10.48497,59.15647],[10.48261,59.15676],[10.48039,59.15808],[10.48021,59.15956],[10.4812,59.16048],[10.48235,59.16059]],[[10.48836,59.16402],[10.48712,59.16434],[10.48652,59.16582],[10.48747,59.16755],[10.48891,59.16559],[10.48836,59.16402]],[[10.35645,59.16348],[10.35759,59.16335],[10.35867,59.1638],[10.35903,59.16608],[10.36099,59.16502],[10.36165,59.16192],[10.36324,59.16064],[10.36396,59.15673],[10.36364,59.15304],[10.36462,59.15215]],[[10.49806,59.16411],[10.49741,59.16383],[10.49411,59.16387],[10.49294,59.16319],[10.49229,59.16341],[10.49101,59.16532],[10.49092,59.16692],[10.48872,59.16923],[10.48941,59.17072],[10.49123,59.17159],[10.49228,59.17129],[10.49245,59.17],[10.49322,59.16935],[10.49667,59.16894],[10.49762,59.16817],[10.49729,59.16608],[10.49806,59.16411]],[[10.45053,59.16448],[10.44859,59.16674],[10.44884,59.169],[10.44977,59.17019]],[[10.57859,59.16784],[10.57804,59.16745],[10.57739,59.16755],[10.57655,59.17],[10.57648,59.17338],[10.57791,59.17533],[10.57904,59.17386],[10.57833,59.17276],[10.57921,59.17078],[10.57859,59.16784]],[[10.37866,59.14181],[10.37818,59.14362],[10.38104,59.14613],[10.38103,59.14919],[10.38038,59.14925],[10.37883,59.14725],[10.3771,59.14725],[10.37635,59.14861],[10.37681,59.15],[10.3749,59.15243],[10.37464,59.15771],[10.37739,59.16022],[10.38033,59.16082],[10.3859,59.15926],[10.38847,59.16469],[10.38727,59.16535],[10.387,59.16653],[10.38959,59.16801],[10.39108,59.16815],[10.3943,59.16744],[10.39537,59.16758],[10.39681,59.1664],[10.39794,59.16613],[10.39987,59.16672],[10.40135,59.16812],[10.40314,59.16832],[10.40428,59.16807],[10.40602,59.16752],[10.406,59.16589],[10.40774,59.16485],[10.40861,59.16328],[10.40921,59.16326],[10.41165,59.16491],[10.41295,59.16419],[10.41337,59.16284],[10.41514,59.16126],[10.42347,59.15903],[10.42573,59.15982],[10.42725,59.15852],[10.42713,59.1575],[10.42857,59.15787],[10.42909,59.15734],[10.42863,59.15594],[10.42911,59.15355],[10.42852,59.15243],[10.43239,59.15326],[10.43311,59.15501],[10.43667,59.15739],[10.43754,59.15894],[10.43856,59.15898],[10.43878,59.15831],[10.44212,59.15877],[10.4427,59.15853],[10.44523,59.15472],[10.44553,59.15274],[10.44419,59.14976],[10.44507,59.14642],[10.44413,59.14569],[10.44293,59.1453],[10.44025,59.14765],[10.43428,59.14712],[10.43029,59.14531],[10.42933,59.14559],[10.42805,59.14757],[10.42746,59.14704],[10.42331,59.14641],[10.42222,59.14744],[10.4235,59.14848],[10.4249,59.1488],[10.4248,59.15033],[10.4236,59.14963],[10.42017,59.14906],[10.41973,59.14761],[10.4187,59.14692],[10.41873,59.14523],[10.41654,59.14483],[10.41565,59.14413],[10.4175,59.14319]],[[10.53726,59.17094],[10.5366,59.17243],[10.53696,59.17327]],[[10.53696,59.17327],[10.53807,59.173],[10.53963,59.17159],[10.54012,59.16722],[10.53868,59.16827],[10.53726,59.17094]],[[10.34225,59.14051],[10.34096,59.14695],[10.34009,59.14686],[10.33965,59.14619],[10.33785,59.14084],[10.33619,59.1414],[10.33473,59.1412],[10.33435,59.14304],[10.33856,59.15726],[10.34192,59.16103],[10.34363,59.16476],[10.34325,59.16609],[10.34438,59.16644],[10.34501,59.16556],[10.34559,59.16554],[10.34654,59.16851],[10.34751,59.16905],[10.35251,59.16751],[10.35498,59.16761],[10.35703,59.16502],[10.35625,59.16449]],[[10.5955,59.17556],[10.59454,59.17376],[10.59325,59.17463],[10.59155,59.17432],[10.59509,59.17837],[10.5961,59.17779],[10.5955,59.17556]],[[10.44977,59.17019],[10.4519,59.17168],[10.45148,59.17357],[10.45341,59.17393],[10.45446,59.17453],[10.45603,59.17439],[10.45818,59.17492],[10.46195,59.17323],[10.46283,59.17232],[10.46229,59.17057],[10.46125,59.17032],[10.45999,59.16906],[10.46244,59.16785],[10.46235,59.16671],[10.46187,59.16628],[10.4595,59.16607],[10.45923,59.16436],[10.4576,59.16396],[10.4584,59.1623],[10.45792,59.15936],[10.45526,59.15964],[10.45201,59.16175],[10.45354,59.16644],[10.45241,59.16637],[10.45133,59.16415],[10.45053,59.16448]],[[10.4764,59.17403],[10.47438,59.17365],[10.47357,59.17418],[10.47509,59.17695],[10.4766,59.17654],[10.47703,59.17587],[10.4764,59.17403]],[[10.5282,59.17873],[10.52848,59.17808],[10.52703,59.17626],[10.52662,59.17691],[10.52379,59.17805],[10.52419,59.17868],[10.52558,59.17863],[10.52485,59.17993],[10.52554,59.18055],[10.52708,59.18034],[10.5282,59.17873]],[[10.39195,59.17684],[10.39217,59.17445],[10.39348,59.17346],[10.39514,59.1733],[10.39697,59.17366],[10.40775,59.17133],[10.40987,59.17141],[10.41126,59.17044],[10.41484,59.16936],[10.42325,59.16905],[10.42402,59.16867],[10.42383,59.16731],[10.42924,59.16354],[10.43294,59.16376],[10.43315,59.1655],[10.43529,59.1661],[10.43594,59.16527],[10.43552,59.16416],[10.43774,59.16453],[10.43888,59.1662],[10.44487,59.1698],[10.44715,59.17313],[10.44932,59.17359]],[[10.5442,59.17402],[10.5434,59.17398],[10.54163,59.17478],[10.54063,59.1775],[10.53726,59.17997],[10.53597,59.18247],[10.53664,59.183],[10.53921,59.18152],[10.54465,59.17698],[10.5442,59.17402]],[[10.39195,59.17684],[10.39226,59.17819],[10.39098,59.17838],[10.3883,59.17689],[10.38628,59.17673],[10.38445,59.17519],[10.38365,59.17251],[10.38506,59.17218],[10.38463,59.16812]],[[10.53634,59.17804],[10.53455,59.1786],[10.53314,59.17989],[10.53241,59.18366],[10.53596,59.18092]],[[10.55985,59.18226],[10.56102,59.18008],[10.5605,59.17984],[10.55994,59.18024],[10.55908,59.17918],[10.55749,59.18089],[10.55752,59.18217],[10.55857,59.18208],[10.55888,59.18242],[10.55823,59.18512],[10.55911,59.18476],[10.55985,59.18226]],[[10.48974,59.18366],[10.49215,59.183],[10.49355,59.18167],[10.49397,59.18007],[10.49286,59.17931],[10.49164,59.17959],[10.49242,59.17656],[10.49093,59.17564],[10.48878,59.17607],[10.4872,59.17336],[10.48404,59.17761],[10.48447,59.17876],[10.48578,59.17925],[10.48492,59.18045],[10.48528,59.18154],[10.48635,59.18254],[10.48974,59.18366]],[[10.52217,59.18626],[10.52163,59.18618],[10.52039,59.18711],[10.52186,59.18831],[10.52285,59.18704],[10.52217,59.18626]],[[10.57819,59.18737],[10.57643,59.18678],[10.5753,59.18746],[10.57481,59.18859],[10.57718,59.19058],[10.57916,59.19088],[10.57937,59.18953],[10.57819,59.18737]],[[10.47121,59.1828],[10.46917,59.18036],[10.468,59.18011],[10.46691,59.17757],[10.4592,59.17917],[10.45883,59.18047],[10.46048,59.18149],[10.46223,59.18173],[10.46394,59.18267],[10.46626,59.18261],[10.46761,59.18597],[10.4702,59.18762],[10.47095,59.18683],[10.47059,59.18433],[10.47121,59.1828]],[[10.52711,59.19019],[10.52992,59.18701],[10.53083,59.18425],[10.53056,59.181],[10.52898,59.18033],[10.52593,59.18402],[10.52585,59.18584],[10.52327,59.18838],[10.52428,59.18995],[10.52622,59.19062],[10.52711,59.19019]],[[10.35676,59.17414],[10.35233,59.17483],[10.34979,59.17852],[10.35095,59.18188],[10.35419,59.18371],[10.35548,59.18551],[10.3564,59.18592],[10.35739,59.18468],[10.35686,59.18349],[10.35894,59.18215],[10.35869,59.17696],[10.35676,59.17414]],[[10.56632,59.19333],[10.56597,59.19188],[10.5644,59.19327]],[[10.36053,59.18614],[10.36062,59.18405],[10.36242,59.18342],[10.36217,59.1813],[10.36287,59.17914],[10.36408,59.17795],[10.36405,59.17571],[10.3658,59.17444],[10.36571,59.17144],[10.36727,59.17064],[10.36785,59.17146],[10.36871,59.17144],[10.37031,59.17053],[10.37149,59.17074],[10.37359,59.17213],[10.37416,59.17203],[10.37292,59.16953],[10.37125,59.16795],[10.3709,59.1653],[10.37144,59.16454],[10.37326,59.16397],[10.37832,59.16544],[10.38007,59.16467],[10.38073,59.16273],[10.38181,59.16255],[10.38325,59.16334],[10.38463,59.16812]],[[10.46754,59.18992],[10.46477,59.18667],[10.46066,59.18312],[10.45802,59.18152],[10.45748,59.17996],[10.45474,59.17857],[10.45281,59.17608],[10.44932,59.17359]],[[10.48208,59.19043],[10.48439,59.18886],[10.4845,59.18794],[10.48352,59.18765],[10.48303,59.18513],[10.48391,59.18377],[10.48228,59.1819],[10.47905,59.18535],[10.47861,59.18748],[10.47958,59.18919],[10.4792,59.19033]],[[10.54837,59.19272],[10.55024,59.19127],[10.5504,59.18933],[10.55004,59.18883],[10.54916,59.18924],[10.54847,59.18904],[10.54791,59.1868],[10.54565,59.19142],[10.5466,59.19266]],[[10.4792,59.19033],[10.4803,59.19123],[10.48208,59.19043]],[[10.56632,59.19333],[10.56581,59.19603],[10.56816,59.1934]],[[10.36053,59.18614],[10.3602,59.18927],[10.36168,59.19012]],[[10.54168,59.19452],[10.5376,59.19621],[10.5367,59.19777],[10.53713,59.19826],[10.53833,59.19831],[10.53964,59.19779],[10.54168,59.19452]],[[10.5644,59.19327],[10.56391,59.19687],[10.56438,59.1973],[10.56524,59.19681],[10.56578,59.19693],[10.56503,59.19868],[10.56602,59.19972],[10.56862,59.19341]],[[10.5466,59.19266],[10.5463,59.19407],[10.54341,59.1981],[10.54669,59.19879],[10.54678,59.1991],[10.54906,59.19627],[10.54837,59.19272]],[[10.57671,59.20168],[10.57819,59.19774],[10.57794,59.19692],[10.57647,59.19588],[10.57421,59.19804],[10.57298,59.19804]],[[10.55626,59.1971],[10.55568,59.19701],[10.55432,59.19771],[10.55274,59.19892],[10.55249,59.1995],[10.55372,59.20101],[10.55496,59.20089],[10.55593,59.20016],[10.55626,59.1971]],[[10.5828,59.19864],[10.58038,59.19887],[10.57937,59.19966],[10.57756,59.20365],[10.57867,59.20334],[10.57941,59.20226],[10.58041,59.20207],[10.58286,59.20004],[10.5828,59.19864]],[[10.54436,59.20072],[10.54348,59.20028],[10.54286,59.20059],[10.54284,59.20252],[10.54342,59.20281],[10.54479,59.20241],[10.54436,59.20072]],[[10.50836,59.19134],[10.50861,59.19168],[10.50548,59.19559],[10.50452,59.19553],[10.5039,59.19454],[10.50222,59.19479],[10.50035,59.1943],[10.49905,59.19561],[10.50125,59.19985],[10.50373,59.20029],[10.50376,59.20186],[10.5057,59.20334],[10.50831,59.20368],[10.50921,59.20287],[10.50994,59.19944],[10.51075,59.19842],[10.51271,59.1971],[10.51328,59.19726],[10.51311,59.19801],[10.51381,59.19798],[10.51838,59.19475],[10.51557,59.19358],[10.51387,59.19522],[10.51323,59.19525],[10.51257,59.19395],[10.51292,59.1915]],[[10.34068,59.18719],[10.33951,59.18749],[10.33802,59.19089],[10.3377,59.19345],[10.33568,59.19589],[10.3373,59.19751],[10.33999,59.1981],[10.34333,59.19583],[10.34388,59.19461],[10.34354,59.19306],[10.34471,59.19131],[10.34346,59.1876],[10.34068,59.18719]],[[10.57298,59.19804],[10.57171,59.1969],[10.56931,59.19995],[10.56987,59.20182],[10.56767,59.203],[10.56669,59.203],[10.56599,59.20227],[10.56499,59.20223],[10.56162,59.20673]],[[10.36168,59.19012],[10.36162,59.19126],[10.36408,59.19277],[10.36288,59.19702],[10.36646,59.20113]],[[10.56324,59.20877],[10.56347,59.20921],[10.56428,59.20923],[10.56572,59.208],[10.56696,59.20834],[10.56768,59.20906],[10.56929,59.20848],[10.57124,59.2069],[10.57214,59.20464],[10.57671,59.20168]],[[10.48396,59.20746],[10.48524,59.2074],[10.48552,59.20626],[10.48409,59.20536],[10.48342,59.20354],[10.4817,59.20201],[10.48089,59.20393],[10.48225,59.20573],[10.4838,59.20597],[10.4834,59.20668],[10.48396,59.20746]],[[10.4525,59.20654],[10.4529,59.20608],[10.45524,59.20656],[10.45695,59.20608],[10.45754,59.20394],[10.45452,59.20019],[10.45173,59.2001],[10.45215,59.19861],[10.45482,59.19816],[10.46133,59.19501],[10.46374,59.19456],[10.46378,59.19268],[10.46505,59.19224],[10.46531,59.19301],[10.46633,59.19296],[10.46784,59.1909],[10.46754,59.18992]],[[10.33224,59.19993],[10.33421,59.20055],[10.33661,59.20376]],[[10.34907,59.20009],[10.34831,59.20008],[10.34686,59.20221],[10.34476,59.20383],[10.34447,59.20489],[10.34641,59.2051],[10.34975,59.20441],[10.34906,59.20203],[10.34982,59.20136],[10.34907,59.20009]],[[10.49591,59.2094],[10.49946,59.20966],[10.50186,59.2065],[10.50151,59.20544],[10.49931,59.20392],[10.4974,59.2012],[10.49735,59.19872],[10.49662,59.19772],[10.49606,59.19752],[10.4934,59.1981],[10.49294,59.19609],[10.4906,59.1957],[10.48797,59.19887],[10.4896,59.20469],[10.49183,59.20624],[10.49382,59.21039],[10.49554,59.21047],[10.49591,59.2094]],[[10.46907,59.20792],[10.46979,59.20797],[10.47101,59.2089],[10.47245,59.2079],[10.47142,59.20782],[10.47182,59.20698],[10.47427,59.20668],[10.47631,59.2057],[10.47611,59.203],[10.47501,59.20031],[10.47333,59.19946],[10.47194,59.19627],[10.47068,59.19555],[10.46554,59.1968],[10.46264,59.19641],[10.46031,59.19694],[10.45889,59.19762],[10.45798,59.19888],[10.45866,59.20208],[10.46112,59.20507],[10.46246,59.20939],[10.46429,59.21193],[10.46613,59.21251],[10.46769,59.21222],[10.469,59.21122],[10.46781,59.20911],[10.46907,59.20792]],[[10.54862,59.21711],[10.54995,59.21671],[10.5483,59.21545],[10.54861,59.2147],[10.55035,59.21514],[10.55181,59.21686],[10.55451,59.21701],[10.55567,59.21683],[10.55657,59.2158],[10.55818,59.21619],[10.55888,59.21558],[10.56047,59.21557],[10.56188,59.21473],[10.56477,59.21148],[10.55991,59.20783],[10.55782,59.20758],[10.55503,59.20944],[10.54854,59.21055],[10.54726,59.21155],[10.54506,59.21009],[10.53925,59.21174],[10.53828,59.2132],[10.53846,59.21451],[10.53905,59.21527],[10.54236,59.2164],[10.54223,59.21761],[10.54326,59.21886],[10.54489,59.21925],[10.54689,59.21898],[10.54862,59.21711]],[[10.53065,59.22148],[10.5318,59.22114],[10.53252,59.22029],[10.53354,59.22054],[10.53377,59.22115],[10.5356,59.2209],[10.53661,59.21913],[10.53594,59.218],[10.53487,59.21745],[10.53595,59.21255],[10.53515,59.21206],[10.53187,59.21221]],[[10.47638,59.21716],[10.47458,59.21697],[10.47396,59.21906],[10.47559,59.21984],[10.47745,59.21825],[10.47638,59.21716]],[[10.53187,59.21221],[10.53,59.21259],[10.52805,59.21372],[10.52705,59.21808],[10.52778,59.22134],[10.52949,59.22173],[10.53065,59.22148]],[[10.46673,59.21771],[10.46529,59.21758],[10.46493,59.21709],[10.46216,59.2174],[10.46255,59.21944],[10.46375,59.21953],[10.46673,59.21771]],[[10.5028,59.21739],[10.50152,59.21718],[10.49984,59.21853],[10.5011,59.22051],[10.50274,59.2216],[10.50389,59.22024],[10.5028,59.21739]],[[10.52131,59.21652],[10.52059,59.21663],[10.51895,59.21912],[10.51937,59.22109],[10.5189,59.22375],[10.5197,59.22399],[10.52111,59.22305],[10.52179,59.22111],[10.52131,59.21652]],[[10.33928,59.2179],[10.34338,59.21526],[10.34369,59.21384],[10.34172,59.21129],[10.3387,59.20537],[10.33661,59.20376]],[[10.50932,59.22117],[10.51018,59.22117],[10.51088,59.22174],[10.51123,59.223],[10.51305,59.22287],[10.51479,59.22003],[10.51368,59.21566],[10.51302,59.21586],[10.51217,59.21751],[10.51064,59.21781],[10.50922,59.21987],[10.50736,59.22112],[10.5057,59.22423],[10.50611,59.22576],[10.50704,59.22555],[10.50714,59.22466],[10.5091,59.22353],[10.50932,59.22117]],[[10.37303,59.2205],[10.3697,59.2186],[10.36897,59.2187],[10.3689,59.2195],[10.37061,59.22136],[10.37278,59.22235],[10.37429,59.22199],[10.37303,59.2205]],[[10.34062,59.2213],[10.34442,59.21762],[10.34828,59.21765],[10.35144,59.217],[10.35177,59.21636],[10.35515,59.21518],[10.35634,59.21317]],[[10.33928,59.2179],[10.3383,59.21992],[10.34062,59.2213]],[[10.48974,59.22274],[10.48866,59.22276],[10.48768,59.22551],[10.48892,59.2266],[10.48997,59.22605],[10.4903,59.22407],[10.48974,59.22274]],[[10.4423,59.2262],[10.44325,59.22578],[10.44295,59.22487],[10.444,59.22376],[10.44794,59.22474],[10.4512,59.22358],[10.45747,59.22225],[10.4585,59.22115],[10.45863,59.21868],[10.45804,59.21798],[10.45907,59.21491],[10.45606,59.21185],[10.45678,59.21029],[10.45645,59.2095],[10.45494,59.20836],[10.45269,59.20792],[10.4525,59.20654]],[[10.44086,59.22636],[10.4413,59.22594],[10.4423,59.2262]],[[10.44179,59.23005],[10.44313,59.22957],[10.44652,59.22921]],[[10.4618,59.23374],[10.46426,59.2317],[10.46421,59.22918],[10.4631,59.22768],[10.46594,59.22657],[10.46577,59.22602],[10.46457,59.226],[10.46423,59.22538],[10.46655,59.22405],[10.46495,59.22283],[10.46458,59.22122],[10.46277,59.22207],[10.46226,59.22334],[10.46091,59.22301],[10.46008,59.22219],[10.45252,59.22505],[10.4482,59.22741],[10.44652,59.22921]],[[10.37665,59.23168],[10.37529,59.22942],[10.37605,59.227],[10.3733,59.22657],[10.37255,59.22552],[10.3712,59.22504],[10.36884,59.22454],[10.36655,59.22513],[10.36495,59.22449],[10.36456,59.22243],[10.35986,59.21672],[10.35917,59.21393],[10.35794,59.21222],[10.35634,59.21317]],[[10.3856,59.232],[10.38511,59.23085],[10.38307,59.23021],[10.38254,59.2284],[10.37563,59.2207],[10.37103,59.21678],[10.36944,59.21368],[10.36774,59.21286],[10.36766,59.21038],[10.36474,59.20961],[10.36393,59.209],[10.36371,59.2085],[10.36484,59.20796],[10.36344,59.20471],[10.36642,59.20283],[10.36646,59.20113]],[[10.44086,59.22636],[10.44116,59.22882],[10.438,59.23082],[10.43705,59.2328],[10.43728,59.23383]],[[10.43931,59.2339],[10.44044,59.2306],[10.44179,59.23005]],[[10.45998,59.04796],[10.45929,59.04795],[10.45797,59.04966],[10.4591,59.05107],[10.46051,59.04896],[10.45998,59.04796]],[[10.41322,59.0531],[10.4126,59.05207],[10.41231,59.05307]],[[10.27528,59.04863],[10.27585,59.04816]],[[10.41231,59.05307],[10.41286,59.05353],[10.41159,59.05468],[10.40975,59.05449],[10.40998,59.05557],[10.41243,59.05753],[10.41297,59.05659],[10.4121,59.05602],[10.41238,59.05531],[10.41334,59.05516],[10.41408,59.05426],[10.41322,59.0531]],[[10.46326,59.06848],[10.46313,59.06946]],[[10.4515,59.08195],[10.4516,59.08165]],[[10.42962,59.07005],[10.42839,59.07413],[10.42874,59.07962]],[[10.45187,59.08495],[10.4515,59.08195]],[[10.43767,59.0885],[10.43712,59.08777],[10.43678,59.08827],[10.43565,59.08805],[10.43481,59.08829],[10.43579,59.09015],[10.43719,59.08962],[10.43767,59.0885]],[[10.30215,59.08518],[10.30213,59.08552]],[[10.49735,59.09296],[10.49634,59.09295],[10.49462,59.0948],[10.49485,59.09527],[10.49791,59.09457],[10.49735,59.09296]],[[10.49327,59.09621],[10.49178,59.09644],[10.49172,59.09727],[10.49328,59.0978],[10.49327,59.09621]],[[10.39174,59.0915],[10.3911,59.09143],[10.39018,59.09239],[10.39138,59.09427],[10.39196,59.09354],[10.39174,59.0915]],[[10.43734,59.09381],[10.43631,59.094],[10.43671,59.09645],[10.43731,59.09622],[10.43734,59.09381]],[[10.41038,59.09797],[10.40962,59.09714],[10.40842,59.0979]],[[10.45204,59.09944],[10.45117,59.09941]],[[10.46318,59.09983],[10.46251,59.09801],[10.46127,59.09976]],[[10.48582,59.10062],[10.48606,59.10197]],[[10.38872,59.0972],[10.38848,59.09927]],[[10.48295,59.10262],[10.4832,59.10053]],[[10.29165,59.09411],[10.29015,59.09521],[10.29101,59.09591]],[[10.35474,59.09991],[10.356,59.09968],[10.3557,59.0991],[10.35428,59.09921],[10.35361,59.10002],[10.35319,59.10177],[10.35388,59.10289],[10.35474,59.09991]],[[10.30726,59.10358],[10.30761,59.10255],[10.30492,59.10303],[10.30498,59.10356],[10.30628,59.10371],[10.30439,59.10533],[10.30494,59.10601],[10.30674,59.10504],[10.30726,59.10358]],[[10.43308,59.11587],[10.43243,59.11588],[10.43215,59.11692],[10.43271,59.1181],[10.43357,59.1166],[10.43308,59.11587]],[[10.35424,59.11279],[10.35358,59.11285],[10.35338,59.11395],[10.3543,59.1166],[10.35516,59.11558],[10.35424,59.11279]],[[10.3814,59.11769],[10.3802,59.11759],[10.37983,59.11857],[10.38135,59.1192],[10.3814,59.11769]],[[10.44218,59.12643],[10.4403,59.12696],[10.44071,59.12782],[10.4426,59.12752],[10.44218,59.12643]],[[10.35115,59.12863],[10.34944,59.12863],[10.3497,59.13019],[10.35059,59.13013],[10.35115,59.12863]],[[10.43206,59.13673],[10.43143,59.13679],[10.43153,59.13736],[10.43364,59.13933],[10.43348,59.1379],[10.43206,59.13673]],[[10.43934,59.13932],[10.43854,59.13931],[10.43809,59.13997],[10.43925,59.14169],[10.44031,59.14118],[10.43934,59.13932]],[[10.38381,59.142],[10.3842,59.14146],[10.38534,59.14205]],[[10.3869,59.14211],[10.38693,59.14217]],[[10.38128,59.14191],[10.38347,59.14214]],[[10.38347,59.14214],[10.38381,59.142]],[[10.38534,59.14205],[10.38605,59.14261]],[[10.30729,59.14026],[10.30726,59.13925]],[[10.54384,59.15962],[10.54385,59.15889],[10.54296,59.1582],[10.54295,59.15907],[10.54176,59.15962],[10.54166,59.16115],[10.54242,59.16114],[10.54384,59.15962]],[[10.49507,59.15822],[10.49436,59.15815],[10.49365,59.1592],[10.49383,59.1605],[10.49509,59.1593],[10.49507,59.15822]],[[10.59116,59.17048],[10.5906,59.16957],[10.58925,59.17047],[10.59002,59.17152],[10.59116,59.17048]],[[10.35625,59.16449],[10.35551,59.16399],[10.35645,59.16348]],[[10.39933,59.16934],[10.39815,59.16972],[10.39854,59.17111],[10.39915,59.17133],[10.39982,59.17059],[10.39933,59.16934]],[[10.46485,59.1759],[10.46624,59.17613],[10.4659,59.17504],[10.46504,59.17494],[10.46401,59.17543],[10.46425,59.17675],[10.46552,59.17661],[10.46485,59.1759]],[[10.53596,59.18092],[10.53703,59.17885],[10.53634,59.17804]],[[10.5624,59.18269],[10.56185,59.18267],[10.56086,59.18361],[10.56061,59.18548],[10.56153,59.18498],[10.5624,59.18269]],[[10.56862,59.19341],[10.56816,59.1934]],[[10.51292,59.1915],[10.51112,59.18951],[10.50888,59.19039],[10.50836,59.19134]],[[10.56162,59.20673],[10.56324,59.20877]],[[10.34763,59.20713],[10.34693,59.20705],[10.34588,59.20762],[10.34796,59.20879],[10.34844,59.20783],[10.34763,59.20713]],[[10.47522,59.23516],[10.47378,59.23329],[10.47134,59.23238],[10.47011,59.23238],[10.46733,59.2337],[10.46479,59.23434]],[[10.51176,59.23642],[10.51047,59.23627],[10.50993,59.23571],[10.51051,59.23409],[10.50977,59.23334],[10.51084,59.2328],[10.51026,59.23212],[10.5066,59.23497],[10.50626,59.23623]],[[10.50626,59.23623],[10.50608,59.23706],[10.50685,59.23806],[10.50866,59.23829],[10.51176,59.23642]],[[10.43931,59.2339],[10.43921,59.23432],[10.44051,59.23424],[10.44013,59.23556],[10.43868,59.23564],[10.43838,59.23694]],[[10.47329,59.23854],[10.47448,59.23747],[10.47522,59.23516]],[[10.37706,59.23636],[10.37822,59.23602],[10.37822,59.235],[10.37799,59.23308],[10.37665,59.23168]],[[10.4304,59.24019],[10.42905,59.23789],[10.42988,59.23656],[10.43195,59.23622],[10.43307,59.23663],[10.43601,59.23668],[10.43685,59.23539]],[[10.52007,59.24314],[10.5197,59.24255],[10.5148,59.2423],[10.51421,59.24201],[10.51355,59.24227],[10.5142,59.24305],[10.5153,59.24277],[10.51631,59.24294],[10.51719,59.24428],[10.52007,59.24314]],[[10.43838,59.23694],[10.43781,59.24168],[10.44014,59.24235]],[[10.4629,59.23473],[10.4618,59.2349],[10.46022,59.23719],[10.45767,59.23836],[10.45415,59.23911],[10.45251,59.23888],[10.45188,59.24034],[10.45315,59.24103],[10.45303,59.2426],[10.45456,59.24334],[10.45644,59.24348],[10.46318,59.24275],[10.47329,59.23854]],[[10.49153,59.23899],[10.4907,59.23901],[10.48945,59.24003],[10.48889,59.24339],[10.49086,59.24473],[10.49119,59.24599],[10.49191,59.24623],[10.49355,59.24579],[10.49367,59.2453],[10.49348,59.24461],[10.49137,59.24412],[10.49258,59.24046],[10.49153,59.23899]],[[10.44014,59.24235],[10.44274,59.243],[10.44393,59.24551],[10.44574,59.24525],[10.44659,59.24486],[10.44743,59.24321],[10.44591,59.24218],[10.44634,59.24132],[10.45274,59.23833]],[[10.47648,59.24183],[10.47495,59.24166],[10.4731,59.24252],[10.47132,59.24472],[10.47189,59.24663],[10.47322,59.24725],[10.47517,59.24704],[10.47697,59.24612],[10.47758,59.24351],[10.47648,59.24183]],[[10.3856,59.232],[10.38339,59.23507],[10.38445,59.23765],[10.38445,59.24124],[10.38534,59.24305],[10.38543,59.24523]],[[10.3716,59.24513],[10.37745,59.24069],[10.37706,59.23636]],[[10.50224,59.24802],[10.50745,59.24723],[10.50859,59.24818],[10.5097,59.24745],[10.50851,59.24561],[10.5049,59.24347],[10.50078,59.24474],[10.49821,59.24653],[10.49812,59.24841],[10.49716,59.24944],[10.49855,59.2506],[10.49964,59.25072],[10.50059,59.25027],[10.50106,59.24872],[10.50224,59.24802]],[[10.46799,59.24988],[10.46689,59.25062],[10.46569,59.25071],[10.4653,59.24963],[10.46621,59.24901]],[[10.44885,59.25538],[10.45079,59.25236],[10.4477,59.24988],[10.44738,59.24855],[10.45103,59.24665],[10.45334,59.24785],[10.45582,59.24722],[10.45601,59.24637],[10.46068,59.2445],[10.46407,59.2443],[10.46645,59.245],[10.46895,59.24494],[10.4688,59.24796],[10.46621,59.24901]],[[10.42452,59.25765],[10.42565,59.25707],[10.42667,59.2545],[10.42993,59.25251],[10.4299,59.25206],[10.4268,59.25045],[10.4265,59.24894],[10.431,59.24653]],[[10.44885,59.25538],[10.44769,59.25574],[10.44641,59.2552],[10.445,59.25583],[10.44465,59.2581],[10.44585,59.25963],[10.44526,59.26054]],[[10.46799,59.24988],[10.4692,59.2483],[10.47126,59.24793],[10.47361,59.24876],[10.47489,59.25005],[10.47695,59.25047],[10.47825,59.25211],[10.47859,59.25542],[10.47809,59.25668],[10.47633,59.25744],[10.47702,59.2582],[10.47548,59.25922],[10.47573,59.25986],[10.48073,59.25946],[10.48192,59.26024],[10.48252,59.26229],[10.48353,59.26291]],[[10.40629,59.26297],[10.41005,59.26159],[10.42254,59.25848]],[[10.49267,59.26647],[10.49387,59.26459],[10.49719,59.2642],[10.49986,59.26185],[10.50217,59.25877],[10.50193,59.25643],[10.5045,59.25542],[10.50393,59.2549],[10.49866,59.25667],[10.4969,59.25637],[10.49087,59.25939],[10.49085,59.26171],[10.4896,59.26259],[10.49058,59.26369],[10.4901,59.26502],[10.48753,59.26546],[10.4855,59.26317],[10.48353,59.26291]],[[10.43986,59.26592],[10.44015,59.26286],[10.44081,59.26218],[10.44254,59.26107],[10.44405,59.26138],[10.44526,59.26054]],[[10.39991,59.26585],[10.40108,59.2659],[10.40162,59.26552],[10.40337,59.2659],[10.40507,59.26368],[10.40629,59.26297]],[[10.38543,59.24523],[10.38534,59.24635],[10.38374,59.24656],[10.38281,59.24621],[10.38204,59.24658],[10.38161,59.25077],[10.38228,59.25173],[10.38361,59.251],[10.38565,59.25113],[10.38689,59.25283],[10.38592,59.25531],[10.38394,59.25668],[10.38347,59.25883],[10.38588,59.26529],[10.38687,59.26565],[10.388,59.26537]],[[10.388,59.26537],[10.38865,59.26764],[10.39046,59.2679],[10.39474,59.26703],[10.39713,59.26726],[10.39916,59.26674],[10.39991,59.26585]],[[10.37753,59.26777],[10.37736,59.26431],[10.37337,59.25942],[10.37424,59.25669],[10.37224,59.25276],[10.37266,59.25193],[10.37164,59.25004],[10.3716,59.24513]],[[10.41012,59.26367],[10.4144,59.26262],[10.41484,59.26179],[10.41641,59.261],[10.42056,59.25988],[10.42735,59.25958],[10.42871,59.26113],[10.43,59.2659],[10.42938,59.26897],[10.42978,59.26999]],[[10.41012,59.26367],[10.40762,59.26421],[10.40162,59.26935]],[[10.43986,59.26592],[10.43699,59.26975],[10.43701,59.27055],[10.43634,59.27075]],[[10.43634,59.27075],[10.43519,59.27061],[10.43343,59.27165],[10.43266,59.27167],[10.43215,59.27115],[10.43054,59.27108],[10.42978,59.26999]],[[10.39892,59.27369],[10.39977,59.27309],[10.40162,59.26935]],[[10.37753,59.26777],[10.37732,59.27],[10.37538,59.2719],[10.3735,59.27237],[10.37231,59.27436],[10.37274,59.2746]],[[10.37762,59.27669],[10.37648,59.27631],[10.37589,59.27663]],[[10.38209,59.27685],[10.38347,59.27641],[10.38587,59.27671],[10.3867,59.27591],[10.38681,59.27431],[10.38759,59.2741],[10.38926,59.27454],[10.38961,59.27607],[10.39111,59.27542],[10.39225,59.27624]],[[10.37485,59.27659],[10.37412,59.27528],[10.37274,59.2746]],[[10.49267,59.26647],[10.492,59.26927],[10.49377,59.27283],[10.49291,59.27353],[10.49111,59.27369],[10.49129,59.27475],[10.49316,59.27642],[10.49636,59.27769],[10.49794,59.27784],[10.50033,59.27636],[10.50253,59.28017],[10.50177,59.28105]],[[10.50177,59.28105],[10.50299,59.28182],[10.50438,59.28157],[10.50478,59.28298],[10.50411,59.28337],[10.50204,59.28224],[10.49998,59.28334],[10.4988,59.28656],[10.49779,59.28735],[10.49899,59.28974],[10.50147,59.29206],[10.50357,59.29289],[10.505,59.29274],[10.50802,59.29318],[10.51077,59.29227],[10.51219,59.29265]],[[10.51219,59.29265],[10.51582,59.29419],[10.51683,59.2942],[10.51846,59.29313],[10.52108,59.29435]],[[10.52051,59.29869],[10.51969,59.29948],[10.52017,59.30126]],[[10.52475,59.31866],[10.52586,59.31639],[10.52872,59.31645],[10.52928,59.31619],[10.52545,59.3127],[10.52796,59.30927],[10.52128,59.30531],[10.52061,59.30412],[10.52119,59.30278],[10.52017,59.30126]],[[10.51734,59.32273],[10.51918,59.32257],[10.5198,59.32311],[10.52376,59.32119],[10.52475,59.31866]],[[10.49716,59.32381],[10.49766,59.32262],[10.49901,59.32204],[10.50214,59.32235],[10.50254,59.32266],[10.50175,59.3237],[10.50339,59.32397],[10.50437,59.3237],[10.50541,59.32432]],[[10.50541,59.32432],[10.50635,59.32508],[10.50935,59.32541],[10.51188,59.3239],[10.51734,59.32273]],[[10.48899,59.33363],[10.49028,59.33372],[10.49377,59.33006],[10.49589,59.32899],[10.49664,59.32723],[10.4958,59.32581]],[[10.483,59.3414],[10.48411,59.33901],[10.4865,59.33752],[10.48599,59.33609],[10.48721,59.33435],[10.48779,59.33383],[10.48899,59.33363]],[[10.47644,59.3454],[10.47935,59.34495],[10.483,59.3414]],[[10.46588,59.3606],[10.46866,59.35209],[10.47157,59.34931],[10.4729,59.34925],[10.47241,59.34848],[10.47362,59.34695],[10.47644,59.3454]],[[10.46177,59.36959],[10.46358,59.36778],[10.46362,59.3648],[10.46512,59.36366],[10.46464,59.36195],[10.46588,59.3606]],[[10.5389,59.37226],[10.53855,59.37087],[10.5347,59.3667],[10.53387,59.36644],[10.53015,59.3683],[10.5263,59.37127],[10.52452,59.37177]],[[10.46343,59.3741],[10.4622,59.37227],[10.46177,59.36959]],[[10.46763,59.37724],[10.46343,59.3741]],[[10.52452,59.37177],[10.52109,59.37288],[10.51865,59.37648],[10.51404,59.37751],[10.51359,59.37795],[10.51381,59.37993],[10.51615,59.38049],[10.51665,59.38107]],[[10.51665,59.38107],[10.51708,59.38307],[10.51871,59.38458],[10.51857,59.38582]],[[10.51857,59.38582],[10.51701,59.38725],[10.51552,59.39057],[10.51605,59.392],[10.51815,59.39224],[10.51966,59.39228],[10.52014,59.39167],[10.52057,59.38808],[10.52005,59.38699],[10.52111,59.38635],[10.52436,59.38578],[10.53249,59.38705],[10.5368,59.3869],[10.53751,59.38637],[10.53711,59.38481],[10.53831,59.38385],[10.53783,59.37686],[10.53894,59.37439],[10.5389,59.37226]],[[10.48079,59.399],[10.4823,59.39818],[10.48123,59.39751],[10.48177,59.39706],[10.48118,59.39601],[10.4788,59.39568],[10.47724,59.39407],[10.47815,59.39115],[10.47721,59.39033],[10.47789,59.38972],[10.47673,59.38708],[10.47745,59.38624],[10.47629,59.38448],[10.47885,59.38366],[10.47641,59.38284],[10.47626,59.38214],[10.47347,59.38053],[10.47304,59.3796],[10.47032,59.37879],[10.46763,59.37724]],[[10.48079,59.399],[10.4839,59.40192],[10.48364,59.4025],[10.48517,59.40315],[10.48537,59.40533],[10.48484,59.40604],[10.48542,59.40623]],[[10.48828,59.41282],[10.48933,59.41236],[10.48756,59.40746],[10.48627,59.40633],[10.48542,59.40623]],[[10.48828,59.41282],[10.48754,59.41324],[10.48828,59.41381],[10.48957,59.41361]],[[10.49779,59.41581],[10.49628,59.41492],[10.49461,59.4155],[10.49343,59.41518],[10.49449,59.41379],[10.49351,59.41337],[10.49202,59.41435],[10.49058,59.41361],[10.48957,59.41361]],[[10.47411,59.42366],[10.48004,59.42316],[10.48645,59.42393]],[[10.49499,59.42752],[10.4947,59.42659],[10.49665,59.42225],[10.49747,59.41797],[10.49625,59.41749],[10.49489,59.4179],[10.49446,59.41773],[10.49598,59.41596],[10.49779,59.41581]],[[10.49389,59.43081],[10.49563,59.42835],[10.49499,59.42752]],[[10.48554,59.42537],[10.48339,59.42566],[10.47942,59.42903],[10.48186,59.43077],[10.48117,59.43195],[10.48414,59.43219],[10.48579,59.42967],[10.48776,59.42891]],[[10.48776,59.42891],[10.48955,59.42889],[10.49099,59.42969],[10.4895,59.43131],[10.48949,59.43287]],[[10.45778,59.4336],[10.45592,59.43313],[10.45551,59.43258],[10.459,59.43088],[10.45903,59.4297],[10.46616,59.42769],[10.46874,59.42525],[10.47411,59.42366]],[[10.48949,59.43287],[10.48935,59.43389],[10.49039,59.43474],[10.4936,59.43534],[10.49445,59.43599],[10.49753,59.43342],[10.49615,59.43288],[10.49469,59.43291],[10.49367,59.43236],[10.49322,59.43184],[10.49389,59.43081]],[[10.49053,59.44389],[10.49407,59.44402],[10.49387,59.4426],[10.49302,59.44185],[10.49419,59.44052],[10.49357,59.43979],[10.48686,59.44366],[10.48711,59.44409],[10.48873,59.44424],[10.49053,59.44389]],[[10.46605,59.44055],[10.4658,59.44],[10.46451,59.43964],[10.46047,59.44033],[10.45887,59.43995],[10.45756,59.44094],[10.45663,59.44293],[10.45795,59.44415],[10.45731,59.44539],[10.45774,59.44665],[10.46253,59.44817],[10.46442,59.44808],[10.46581,59.44746],[10.46561,59.44374],[10.46664,59.44207],[10.46605,59.44055]],[[10.48252,59.44899],[10.48321,59.44713],[10.48261,59.44515],[10.48129,59.44353],[10.48166,59.44205],[10.47853,59.44105],[10.47782,59.44019],[10.47807,59.43873],[10.47638,59.43823],[10.47549,59.4387],[10.47497,59.44139],[10.47413,59.44216],[10.47064,59.44194],[10.46674,59.44317],[10.46779,59.44537],[10.46987,59.4481],[10.47372,59.45002],[10.47632,59.45018],[10.4766,59.4497],[10.47503,59.44868],[10.47564,59.44835],[10.47972,59.45065],[10.4814,59.45081],[10.48273,59.44999],[10.48252,59.44899]],[[10.41282,59.44518],[10.41527,59.44438],[10.4162,59.44455],[10.41826,59.44321],[10.42197,59.44235],[10.42597,59.44076],[10.42765,59.44082],[10.43101,59.4427],[10.42995,59.44777],[10.43282,59.4494],[10.43519,59.44812],[10.43589,59.44825],[10.4311,59.45226],[10.43259,59.45178],[10.43509,59.45176],[10.43733,59.45015],[10.43952,59.45],[10.4405,59.45044],[10.44018,59.45235],[10.44097,59.4529],[10.44328,59.45346],[10.44786,59.45303],[10.44901,59.4522],[10.44807,59.45131],[10.44984,59.45038],[10.45239,59.44993],[10.45358,59.44908],[10.45568,59.44565],[10.45535,59.44505],[10.45088,59.44533],[10.44793,59.44451],[10.44305,59.44587],[10.4398,59.44608],[10.43792,59.44772],[10.43618,59.4479],[10.43617,59.44699],[10.43695,59.44619],[10.44052,59.44465],[10.44015,59.44316],[10.44418,59.4403],[10.44635,59.44026],[10.44981,59.43928],[10.45176,59.43796],[10.45367,59.43733],[10.45563,59.43826],[10.45734,59.43625],[10.45826,59.43423],[10.45778,59.4336]],[[10.36201,59.45602],[10.36568,59.4538],[10.36846,59.45318],[10.37058,59.45185],[10.37203,59.45046],[10.37265,59.448],[10.37747,59.44303],[10.3806,59.44095],[10.38162,59.43961],[10.38469,59.43812],[10.38673,59.43786],[10.39071,59.43877],[10.39019,59.44101],[10.39197,59.44193],[10.39119,59.44302],[10.39134,59.44397],[10.39318,59.44645],[10.40085,59.45017],[10.40495,59.44948],[10.40571,59.44976],[10.40584,59.45053],[10.40662,59.45042],[10.40743,59.44981],[10.40874,59.44608],[10.41282,59.44518]],[[10.35909,59.45993],[10.3575,59.46039],[10.35586,59.46203]],[[10.32815,59.48212],[10.32902,59.48183],[10.32951,59.48068],[10.33064,59.48047],[10.33177,59.47837],[10.33171,59.47667],[10.33412,59.47074],[10.33605,59.4697],[10.33927,59.46929],[10.34329,59.46963],[10.34499,59.47034],[10.34598,59.47404],[10.34731,59.47629],[10.34729,59.47856],[10.34828,59.48098],[10.34946,59.4812],[10.35088,59.48059],[10.35446,59.47692],[10.35746,59.47077],[10.35792,59.46799],[10.35658,59.46676],[10.35656,59.46313],[10.35586,59.46203]],[[10.32815,59.48212],[10.32604,59.48483],[10.32832,59.48547],[10.3286,59.48614],[10.32785,59.48726],[10.32413,59.48955],[10.32381,59.49164],[10.32251,59.48993],[10.3208,59.48903],[10.32143,59.48839],[10.32013,59.48775],[10.31851,59.48848]],[[10.37494,59.49909],[10.37781,59.4976],[10.37991,59.49751],[10.38169,59.49696],[10.38868,59.49183],[10.39113,59.49106],[10.39304,59.48958],[10.39321,59.48881],[10.39713,59.48719],[10.39905,59.48564],[10.39924,59.4838],[10.40011,59.48328],[10.39938,59.48176],[10.39853,59.48192],[10.39221,59.48632],[10.38718,59.48808],[10.38621,59.4881],[10.38077,59.49218],[10.3742,59.49465],[10.36352,59.50105]],[[10.37029,59.50129],[10.37494,59.49909]],[[10.36463,59.50306],[10.37029,59.50129]],[[10.36352,59.50105],[10.3622,59.50289],[10.36332,59.50322],[10.36463,59.50306]],[[10.33062,59.51362],[10.33001,59.51353],[10.32845,59.51445],[10.32736,59.51572],[10.32684,59.51737],[10.32728,59.51833],[10.32891,59.51718],[10.33068,59.51459],[10.33062,59.51362]],[[10.35625,59.51347],[10.35571,59.51317],[10.35343,59.51384],[10.34863,59.51619],[10.34351,59.51881],[10.34095,59.52107],[10.3383,59.52254],[10.33716,59.52461],[10.33958,59.52686],[10.34081,59.52686],[10.34272,59.52588],[10.34997,59.52404],[10.35586,59.52013],[10.35706,59.51814],[10.35572,59.51724],[10.35625,59.51347]],[[10.32822,59.52719],[10.33168,59.52725],[10.336,59.52124],[10.33575,59.51968],[10.33384,59.52056],[10.33068,59.52373],[10.32954,59.52368],[10.32715,59.52531],[10.32822,59.52719]],[[10.31249,59.53183],[10.31482,59.53122],[10.31692,59.5282],[10.31668,59.52751],[10.32096,59.52605],[10.32451,59.52206],[10.32257,59.51873],[10.32367,59.51738],[10.32415,59.51499],[10.32213,59.51585],[10.32007,59.51964],[10.31326,59.5263]],[[10.38433,59.53421],[10.38131,59.53116],[10.37874,59.53017],[10.37504,59.53013],[10.37065,59.53158],[10.36647,59.53101],[10.36478,59.53044],[10.36317,59.52969],[10.36209,59.52848],[10.35661,59.52999],[10.35407,59.53183],[10.35114,59.53165],[10.34921,59.53291],[10.34778,59.53302],[10.34494,59.53233],[10.34362,59.53294],[10.34115,59.53281]],[[10.32361,59.53665],[10.33324,59.53206],[10.33757,59.53145],[10.3409,59.53224],[10.34115,59.53281]],[[10.31326,59.5263],[10.30911,59.53101],[10.30894,59.53253],[10.30706,59.53432],[10.30594,59.53638],[10.30883,59.53498],[10.30937,59.53561],[10.31039,59.53544],[10.31126,59.53408],[10.31056,59.53272],[10.31249,59.53183]],[[10.32361,59.53665],[10.31959,59.53837]],[[10.30905,59.54083],[10.31138,59.53981]],[[10.25349,59.54207],[10.25343,59.54069],[10.25877,59.53604],[10.2603,59.53292],[10.26171,59.53195],[10.26803,59.53021],[10.2707,59.53081],[10.27042,59.5316],[10.27144,59.53185],[10.27353,59.53138],[10.27523,59.532],[10.28069,59.53089],[10.28113,59.52594],[10.28432,59.52403],[10.28861,59.52],[10.29061,59.51619],[10.2931,59.51426],[10.29194,59.51098],[10.29237,59.5102],[10.29944,59.50514],[10.30348,59.4989]],[[10.29948,59.54373],[10.30905,59.54083]],[[10.24411,59.54953],[10.24887,59.54747],[10.24998,59.54656],[10.251,59.54432],[10.2529,59.54318],[10.25349,59.54207]],[[10.24411,59.54953],[10.24129,59.55066],[10.24008,59.55172],[10.23917,59.55502]],[[10.27104,59.55917],[10.27297,59.55873],[10.27386,59.55661],[10.27508,59.55559],[10.27792,59.55504],[10.27759,59.55413],[10.27966,59.5526],[10.28245,59.55146],[10.28668,59.55157],[10.28815,59.55],[10.29907,59.54442],[10.29948,59.54373]],[[10.26055,59.56289],[10.26204,59.56245],[10.26261,59.56172],[10.26435,59.56301]],[[10.27104,59.55917],[10.26841,59.56055],[10.26698,59.5622],[10.26709,59.56325],[10.26435,59.56301]],[[10.23212,59.56702],[10.23211,59.56638],[10.23465,59.56469],[10.23891,59.55886],[10.24095,59.5587],[10.24236,59.55813],[10.24221,59.55677],[10.24125,59.55616],[10.23986,59.55654],[10.23846,59.55645],[10.23917,59.55502]],[[10.24432,59.57082],[10.24729,59.56949],[10.24962,59.56584],[10.25165,59.56442],[10.25168,59.56268],[10.25532,59.56112],[10.25845,59.56092],[10.25911,59.56205]],[[10.23212,59.56702],[10.23248,59.56853],[10.23596,59.57118],[10.24088,59.57054],[10.24262,59.57154]],[[10.4618,59.23374],[10.46031,59.23464]],[[10.4629,59.23473],[10.46479,59.23434]],[[10.43685,59.23539],[10.43728,59.23383]],[[10.45274,59.23833],[10.45566,59.23723],[10.46031,59.23464]],[[10.431,59.24653],[10.43347,59.24469],[10.43392,59.24365],[10.43174,59.24076],[10.4304,59.24019]],[[10.42254,59.25848],[10.42452,59.25765]],[[10.39519,59.27731],[10.3943,59.27557],[10.39335,59.27582],[10.39331,59.27682],[10.39225,59.27624]],[[10.39706,59.27738],[10.39637,59.27556],[10.39676,59.27471],[10.39892,59.27369]],[[10.37485,59.27659],[10.37589,59.27663]],[[10.37762,59.27669],[10.37836,59.2775]],[[10.39519,59.27731],[10.39637,59.27814],[10.39718,59.27789],[10.39706,59.27738]],[[10.38032,59.27764],[10.38209,59.27685]],[[10.52051,59.29869],[10.52171,59.29724],[10.52108,59.29435]],[[10.49637,59.3246],[10.49716,59.32381]],[[10.4958,59.32581],[10.49637,59.3246]],[[10.48645,59.42393],[10.48676,59.42416]],[[10.48676,59.42416],[10.48628,59.4252],[10.48554,59.42537]],[[10.35909,59.45993],[10.36104,59.45901],[10.36201,59.45602]],[[10.31851,59.48848],[10.31466,59.49302],[10.30861,59.49527],[10.30427,59.49827]],[[10.30348,59.4989],[10.30427,59.49827]],[[10.31138,59.53981],[10.3166,59.53927],[10.31959,59.53837]],[[10.25911,59.56205],[10.25933,59.56266],[10.26055,59.56289]]]}}]}