{"type":"FeatureCollection","features":[{"type":"Feature","properties":{},"geometry":{"type":"MultiLineString","coordinates":[[[5.59699,59.72052],[5.59631,59.71985],[5.59465,59.71954],[5.59426,59.71994],[5.59131,59.7195],[5.59151,59.72073],[5.59347,59.7218],[5.59555,59.7223],[5.59703,59.72218],[5.5979,59.72169],[5.59699,59.72052]],[[5.39111,59.35766],[5.39061,59.35907]],[[5.36735,59.36182],[5.36649,59.35992],[5.36783,59.35916],[5.36921,59.35926],[5.36974,59.35888],[5.37082,59.35535]],[[5.38446,59.3631],[5.38715,59.36102],[5.3863,59.3593],[5.38785,59.35864],[5.39061,59.35907]],[[5.30039,59.35681],[5.30027,59.35789],[5.30151,59.35783],[5.30201,59.35693]],[[5.28642,59.35624],[5.28884,59.35835],[5.28946,59.35752],[5.29038,59.35734],[5.2923,59.35788],[5.29367,59.35631]],[[5.27939,59.35844],[5.2818,59.35794],[5.28357,59.35555]],[[5.38446,59.3631],[5.38316,59.36755]],[[5.38316,59.36755],[5.3835,59.36908]],[[5.36745,59.36908],[5.36723,59.36709],[5.36569,59.36518],[5.36709,59.36244]],[[5.302,59.36654],[5.30405,59.36514],[5.30438,59.36335],[5.30854,59.36028]],[[5.21545,59.35744],[5.21495,59.35914]],[[5.2145,59.36068],[5.21701,59.36074],[5.21667,59.35947],[5.21495,59.35914]],[[5.27999,59.36721],[5.28429,59.36404],[5.28217,59.36212],[5.2798,59.36121],[5.2788,59.35934],[5.27939,59.35844]],[[5.23479,59.36164],[5.23422,59.36127],[5.23208,59.36143],[5.23041,59.36269],[5.23036,59.36337],[5.23158,59.36365],[5.23421,59.36257],[5.23479,59.36164]],[[5.3835,59.36908],[5.38328,59.37092],[5.38195,59.37274],[5.38359,59.37459],[5.38332,59.37587],[5.38545,59.37519]],[[5.28872,59.36911],[5.2877,59.36791],[5.28682,59.36791],[5.28524,59.36893],[5.27999,59.36721]],[[5.2145,59.36068],[5.2136,59.3608],[5.21309,59.362],[5.21141,59.36124],[5.20958,59.36117],[5.21156,59.36207],[5.21218,59.36331],[5.21364,59.36366]],[[5.21364,59.36366],[5.21791,59.36364],[5.22109,59.36264],[5.22253,59.36362],[5.22519,59.36247]],[[5.36516,59.37629],[5.36501,59.37522],[5.36745,59.36908]],[[5.38545,59.37519],[5.38616,59.37554],[5.38445,59.3778],[5.3848,59.37803],[5.38674,59.37782]],[[5.38674,59.37782],[5.3888,59.37756],[5.38871,59.37862]],[[5.25622,59.36722],[5.25687,59.36644],[5.2555,59.36494],[5.25417,59.36433],[5.25245,59.36445],[5.25056,59.36337],[5.24512,59.36367],[5.24152,59.36513],[5.24282,59.36569],[5.24228,59.36652],[5.24341,59.36769],[5.24519,59.36613],[5.24662,59.36599],[5.24788,59.36668],[5.2489,59.36673],[5.24843,59.36887],[5.24754,59.36987],[5.24912,59.36976],[5.25036,59.36875],[5.25255,59.36852],[5.25622,59.36722]],[[5.21101,59.36758],[5.21193,59.3664],[5.20792,59.36569],[5.20661,59.36594],[5.20696,59.36676],[5.20956,59.36692],[5.20908,59.36804],[5.21114,59.36813],[5.21101,59.36758]],[[5.22918,59.36965],[5.23639,59.3668],[5.23561,59.36628],[5.23636,59.36551],[5.23435,59.36365],[5.23214,59.36392],[5.22524,59.36921],[5.22565,59.36963],[5.22732,59.3692],[5.22774,59.3698],[5.22918,59.36965]],[[5.23704,59.37085],[5.2368,59.37055]],[[5.22615,59.36195],[5.23073,59.3599],[5.23108,59.35896],[5.2327,59.35792],[5.23511,59.3579],[5.23669,59.35863],[5.24041,59.35817],[5.24021,59.35869],[5.23722,59.36005],[5.23834,59.36081],[5.23619,59.36225],[5.23643,59.36288],[5.23866,59.36422],[5.23857,59.36507],[5.23939,59.36549],[5.23856,59.36665],[5.23981,59.37207],[5.23926,59.37208],[5.23809,59.37087],[5.23704,59.37085]],[[5.15586,59.36556],[5.15435,59.36546],[5.15359,59.36629],[5.1561,59.36682],[5.15586,59.36556]],[[5.37082,59.38364],[5.36972,59.38287],[5.36812,59.37966],[5.36557,59.37739],[5.36516,59.37629]],[[5.24165,59.37437],[5.24305,59.37363],[5.24405,59.37117],[5.24305,59.37002],[5.24362,59.36947],[5.2446,59.36986],[5.24569,59.36961],[5.24644,59.36794],[5.24478,59.36866],[5.24332,59.36814],[5.242,59.36926],[5.24272,59.37241],[5.24112,59.37373],[5.24023,59.37267],[5.23957,59.37274],[5.23974,59.37367],[5.24165,59.37437]],[[5.29768,59.3794],[5.29698,59.37913],[5.29786,59.37798],[5.29724,59.37568],[5.29925,59.37395]],[[5.38871,59.37862],[5.38796,59.38001],[5.38943,59.37987],[5.39046,59.38101],[5.39275,59.3812],[5.39286,59.38237],[5.3938,59.38316],[5.39037,59.38673],[5.39077,59.38828],[5.39238,59.38825],[5.39372,59.38647],[5.3922,59.38653],[5.39198,59.38607],[5.39283,59.38519],[5.39495,59.38561],[5.39588,59.38496],[5.39666,59.38198],[5.39607,59.38097],[5.39843,59.38003],[5.39634,59.3795],[5.3968,59.37831],[5.39838,59.37728],[5.40085,59.3781],[5.40207,59.37794],[5.40179,59.37743]],[[5.18425,59.37129],[5.18336,59.37115],[5.18298,59.37047],[5.18171,59.37088],[5.18145,59.37263],[5.18282,59.37358],[5.18493,59.37278],[5.1851,59.37195],[5.18425,59.37129]],[[5.18052,59.37174],[5.1796,59.37141],[5.17534,59.37166],[5.17638,59.37302],[5.17786,59.37321],[5.18065,59.3726],[5.18052,59.37174]],[[5.16579,59.37136],[5.16458,59.3714],[5.164,59.37255],[5.16675,59.37323],[5.16755,59.37291],[5.16579,59.37136]],[[5.21038,59.37485],[5.2078,59.37682],[5.20953,59.37776]],[[5.20953,59.37776],[5.21239,59.37656],[5.21361,59.37501],[5.21337,59.37414],[5.2125,59.37387],[5.21038,59.37485]],[[5.03571,59.36613],[5.03577,59.36594]],[[5.03571,59.36613],[5.03567,59.36627]],[[5.14719,59.37433],[5.14787,59.37401],[5.14843,59.37204],[5.14774,59.37069],[5.14862,59.36938],[5.14741,59.36888],[5.14516,59.37031],[5.1457,59.37141],[5.14521,59.37195],[5.14464,59.37192],[5.14418,59.37105],[5.14226,59.37181],[5.14309,59.37358],[5.1453,59.37385],[5.14634,59.37492],[5.14719,59.37433]],[[5.03549,59.36685],[5.03567,59.36627]],[[5.21863,59.37909],[5.2203,59.37826],[5.22104,59.37726],[5.21966,59.3773],[5.21862,59.37798],[5.21844,59.37706],[5.21704,59.3774],[5.21564,59.37725],[5.2151,59.37766],[5.2157,59.37827],[5.21734,59.37823],[5.21747,59.37849],[5.2161,59.38026],[5.21644,59.38078],[5.21778,59.38022],[5.21863,59.37909]],[[5.29541,59.38729],[5.29816,59.38583],[5.29817,59.38364],[5.29946,59.38143],[5.29885,59.3792],[5.29768,59.3794]],[[5.03516,59.36798],[5.03625,59.36808],[5.03545,59.36702]],[[5.16616,59.37409],[5.16599,59.37388],[5.16259,59.37437],[5.16149,59.37757],[5.16196,59.37786],[5.16406,59.37769],[5.16759,59.37548],[5.16776,59.37503],[5.16578,59.37427],[5.16616,59.37409]],[[5.15792,59.37661],[5.15587,59.37651],[5.15574,59.37706],[5.15716,59.37778],[5.15851,59.37711],[5.15792,59.37661]],[[5.40179,59.37743],[5.4028,59.3772],[5.40346,59.37783],[5.40454,59.37953],[5.40464,59.3815],[5.40286,59.3817],[5.40198,59.38133],[5.40274,59.37934],[5.40109,59.3783],[5.39876,59.37981],[5.40004,59.38027],[5.40006,59.38192],[5.39746,59.38234],[5.39866,59.38374],[5.4005,59.38284],[5.4012,59.38289],[5.40163,59.38446],[5.40348,59.38395],[5.40456,59.38246],[5.40665,59.38274],[5.40666,59.38414],[5.40438,59.38565],[5.40509,59.38637],[5.40651,59.38681],[5.40672,59.38762],[5.40381,59.38788],[5.40279,59.38545],[5.3997,59.38567],[5.39849,59.38659],[5.39552,59.38748],[5.39398,59.38884],[5.3948,59.38927],[5.39446,59.39103],[5.39283,59.39209],[5.39122,59.39232],[5.39046,59.39283],[5.39205,59.39456],[5.39152,59.39566]],[[5.19021,59.38005],[5.19013,59.37962],[5.18772,59.37875],[5.18816,59.37796],[5.18592,59.37735],[5.18475,59.37757],[5.18291,59.37688],[5.18222,59.37712],[5.18214,59.37891],[5.18435,59.37997],[5.18684,59.37974],[5.18775,59.38058],[5.19021,59.38005]],[[5.0349,59.36887],[5.03583,59.36901],[5.0361,59.36867],[5.03515,59.36803]],[[5.0349,59.36887],[5.03449,59.36879],[5.0348,59.36921]],[[5.17314,59.37846],[5.17158,59.37831],[5.17135,59.37757],[5.17066,59.37757],[5.16973,59.37862],[5.17063,59.38044],[5.17148,59.38028],[5.17125,59.37945],[5.17256,59.37911],[5.17314,59.37846]],[[5.03577,59.36594],[5.03345,59.36512],[5.03362,59.36563],[5.03263,59.36588],[5.0326,59.36509],[5.03209,59.36504],[5.03092,59.36624],[5.03186,59.3666],[5.03246,59.36773],[5.03057,59.36856],[5.03106,59.36981],[5.02939,59.36899],[5.02872,59.36913],[5.03072,59.37074],[5.03232,59.37061],[5.03146,59.36999],[5.03248,59.37002],[5.03187,59.3697],[5.03305,59.36992],[5.03337,59.36953],[5.03352,59.36975],[5.03477,59.36931]],[[5.27589,59.39056],[5.27783,59.3894],[5.27697,59.38889],[5.27734,59.38833],[5.28088,59.3865],[5.2824,59.38658],[5.28368,59.38588],[5.28435,59.38473],[5.28947,59.3809],[5.29024,59.37923],[5.29415,59.37591],[5.29516,59.37251],[5.2935,59.36978],[5.29397,59.36778],[5.29085,59.36774],[5.29057,59.36925],[5.28872,59.36911]],[[5.21013,59.38355],[5.20905,59.38333],[5.20795,59.38394],[5.20747,59.38537],[5.20822,59.38633],[5.21084,59.38613],[5.21154,59.38573],[5.21152,59.38543],[5.2104,59.38533],[5.21013,59.38355]],[[5.27325,59.39347],[5.27439,59.39292],[5.27528,59.3916],[5.27481,59.39087],[5.27589,59.39056]],[[5.18848,59.38463],[5.18749,59.38451],[5.1868,59.38368],[5.1877,59.38247],[5.18928,59.38309],[5.19046,59.38275],[5.19042,59.38164],[5.18965,59.38115],[5.18717,59.38163],[5.18476,59.38276],[5.18068,59.3805],[5.17961,59.38067],[5.18016,59.38264],[5.18153,59.38274],[5.18357,59.38586],[5.18707,59.38544],[5.18833,59.38507],[5.18848,59.38463]],[[5.16277,59.38544],[5.16191,59.38246],[5.15992,59.38255],[5.15923,59.38282],[5.15866,59.38537],[5.15943,59.38603],[5.16075,59.3858],[5.1599,59.38483],[5.16133,59.38316],[5.16187,59.38516],[5.16103,59.38687],[5.16166,59.3875],[5.16261,59.38677],[5.16277,59.38544]],[[5.15495,59.39103],[5.15428,59.39098]],[[5.15613,59.39112],[5.16008,59.38971],[5.16174,59.38843],[5.1627,59.38853],[5.16392,59.38801],[5.16462,59.38696],[5.17079,59.38641],[5.17121,59.38573],[5.17031,59.38545],[5.17087,59.38496],[5.1738,59.38459],[5.1758,59.38377],[5.17606,59.38286],[5.17805,59.38103],[5.17575,59.37912],[5.17357,59.38075],[5.17378,59.38206],[5.17112,59.38193],[5.17028,59.38263],[5.16844,59.38019],[5.16519,59.37931],[5.16375,59.38],[5.16405,59.38136],[5.1628,59.38115],[5.16155,59.38168],[5.16108,59.38026],[5.15884,59.37894],[5.16032,59.37832],[5.15897,59.37718],[5.16001,59.3768],[5.16035,59.37593],[5.1569,59.37586],[5.15553,59.37534],[5.15971,59.37426],[5.16071,59.37159],[5.16005,59.37103],[5.15835,59.37077],[5.15834,59.36923],[5.15939,59.36987],[5.16012,59.36984],[5.16073,59.36807],[5.16019,59.36775],[5.15927,59.36815],[5.15767,59.36807],[5.15564,59.36721],[5.15512,59.36766],[5.15676,59.36854],[5.15654,59.3694],[5.15483,59.36958],[5.15413,59.37001],[5.15294,59.36959],[5.15004,59.37105],[5.14914,59.37385],[5.1501,59.37409],[5.1497,59.37487],[5.15138,59.37537],[5.14703,59.37709],[5.1481,59.3777],[5.14617,59.37986],[5.14556,59.37978],[5.14592,59.37743],[5.14475,59.37726],[5.14498,59.37677],[5.14419,59.37623],[5.14311,59.37602],[5.1418,59.37701],[5.14051,59.37697],[5.13986,59.37735],[5.13988,59.37842],[5.14089,59.37921],[5.1427,59.3791],[5.14364,59.37799],[5.14479,59.37839],[5.14064,59.38189],[5.14228,59.38232],[5.14288,59.38347],[5.14388,59.38289],[5.14377,59.38146],[5.14428,59.38149],[5.14446,59.38259],[5.14611,59.38334],[5.14574,59.38541],[5.1468,59.38568],[5.14715,59.38644],[5.14999,59.38671],[5.14888,59.38779],[5.14941,59.39061]],[[5.16038,59.39145],[5.15958,59.39071],[5.1579,59.39126]],[[5.17044,59.39221],[5.17068,59.39171],[5.16962,59.39058],[5.17066,59.38882],[5.16916,59.38783],[5.16721,59.38827],[5.16789,59.38933],[5.16731,59.38974],[5.1653,59.3896],[5.16416,59.38894],[5.16207,59.38937],[5.1619,59.38973],[5.16277,59.3898],[5.16304,59.39021],[5.16191,59.39156]],[[5.22154,59.39609],[5.22218,59.39382],[5.22494,59.39223],[5.22404,59.3923],[5.22042,59.39406],[5.21877,59.39369],[5.2185,59.39326],[5.21937,59.38995],[5.21791,59.39004],[5.21533,59.39155],[5.21241,59.39238],[5.21146,59.39193],[5.21171,59.39097],[5.21315,59.38933],[5.21531,59.38989],[5.21792,59.38955],[5.21931,59.38975],[5.21832,59.38861],[5.21653,59.38848],[5.21592,59.38679],[5.21891,59.38623],[5.21981,59.38543],[5.21974,59.38436],[5.2213,59.38435],[5.21978,59.38092],[5.22368,59.38057],[5.22403,59.37972],[5.22239,59.3787],[5.22247,59.37773],[5.22518,59.37576],[5.22483,59.37448],[5.22588,59.37317],[5.2271,59.37315],[5.22781,59.37407],[5.22839,59.37409],[5.22971,59.37163],[5.23291,59.36869],[5.23427,59.36803],[5.2367,59.36796],[5.23748,59.36849],[5.2368,59.37055]],[[5.26505,59.39937],[5.26913,59.39665],[5.27147,59.39576],[5.27194,59.39407],[5.27325,59.39347]],[[5.27967,59.40047],[5.28053,59.39919],[5.28217,59.39827],[5.28245,59.3976],[5.28183,59.39733],[5.28488,59.39301],[5.29071,59.39098],[5.29541,59.38729]],[[5.38274,59.40818],[5.38299,59.40527],[5.38526,59.40341],[5.38406,59.40261],[5.38807,59.40149],[5.38794,59.40094],[5.38691,59.40063],[5.38678,59.39966],[5.39152,59.39566]],[[5.14941,59.39061],[5.1506,59.39101],[5.15176,59.39213],[5.15305,59.39188],[5.15428,59.39098]],[[5.38274,59.40818],[5.38223,59.41054]],[[5.23321,59.39884],[5.23384,59.3991],[5.23356,59.40006]],[[5.22631,59.40121],[5.22811,59.39963],[5.22939,59.40034],[5.23017,59.39963],[5.23123,59.39977],[5.23321,59.39884]],[[5.16038,59.39145],[5.16038,59.39199],[5.15889,59.39261],[5.15696,59.39474],[5.15787,59.39539],[5.1569,59.39585],[5.15854,59.39702],[5.15945,59.39637],[5.15893,59.39538],[5.15997,59.3931],[5.16191,59.39156]],[[5.36789,59.40931],[5.37258,59.41389]],[[5.22154,59.39609],[5.22042,59.39723],[5.22129,59.39886],[5.22035,59.39944],[5.22081,59.40057],[5.21758,59.4004],[5.21648,59.40099],[5.21671,59.40165],[5.21901,59.40235],[5.2191,59.40302],[5.21801,59.40385],[5.21894,59.40402],[5.22341,59.40188],[5.22339,59.40075],[5.22555,59.39957],[5.22636,59.39972],[5.22538,59.40093],[5.22623,59.40126]],[[5.2488,59.40762],[5.25163,59.40629],[5.25342,59.40482],[5.25576,59.40411],[5.25961,59.40153],[5.26505,59.39937]],[[5.22263,59.40378],[5.22181,59.4038],[5.21989,59.40506],[5.22004,59.40548],[5.22166,59.40603],[5.22297,59.40541],[5.22263,59.40378]],[[5.1579,59.39126],[5.15637,59.39174],[5.15527,59.39152],[5.15457,59.39193],[5.15383,59.39275],[5.15477,59.3938],[5.15347,59.39366],[5.15285,59.39317],[5.15158,59.39414],[5.15373,59.39463],[5.15332,59.3949],[5.15389,59.39604],[5.15616,59.39669],[5.15581,59.399],[5.15704,59.4003],[5.15745,59.40341],[5.16127,59.40351],[5.16287,59.40308],[5.16369,59.40225],[5.16309,59.40111],[5.16609,59.39882],[5.16611,59.39807],[5.1638,59.39497],[5.16548,59.39326],[5.1666,59.3931],[5.16757,59.39376],[5.16846,59.39367],[5.1693,59.39258],[5.17044,59.39221]],[[5.38223,59.41054],[5.38373,59.41198],[5.38259,59.41298],[5.38132,59.41597],[5.38299,59.41695],[5.38328,59.41983],[5.38501,59.42029],[5.38539,59.42178]],[[5.37606,59.41727],[5.37916,59.4207],[5.38405,59.42245]],[[5.26319,59.41369],[5.2683,59.4106],[5.26903,59.40959],[5.2739,59.40643],[5.27219,59.40562],[5.26952,59.4065],[5.26591,59.40629],[5.26512,59.40717],[5.26359,59.40698],[5.26251,59.40925],[5.25621,59.41137],[5.25516,59.41226],[5.25667,59.41267],[5.26032,59.41112],[5.2608,59.41141],[5.25967,59.41269],[5.26319,59.41369]],[[5.38405,59.42245],[5.3849,59.42277],[5.38539,59.42178]],[[5.23356,59.40006],[5.22991,59.40256],[5.22932,59.4039],[5.2327,59.40436],[5.23499,59.40223],[5.23649,59.40159],[5.23728,59.40222],[5.23459,59.40484],[5.23561,59.4054],[5.23702,59.4053],[5.23604,59.40722],[5.23548,59.40717],[5.23468,59.40595],[5.23369,59.40598],[5.23322,59.40638],[5.23476,59.4077],[5.23258,59.40907],[5.23262,59.4099],[5.23444,59.40968],[5.23437,59.4104],[5.2353,59.41066],[5.23563,59.41144],[5.23735,59.41101],[5.23657,59.41182],[5.23827,59.41259],[5.24017,59.41178],[5.24212,59.40898],[5.24351,59.41032],[5.24804,59.40823]],[[5.27632,59.40556],[5.26335,59.41529]],[[5.23113,59.41399],[5.2316,59.4148],[5.23235,59.41498],[5.23438,59.41483],[5.23551,59.41426],[5.23592,59.4127],[5.23326,59.41116],[5.23067,59.41136],[5.23095,59.41243],[5.22815,59.41179],[5.22704,59.413],[5.22776,59.41377],[5.227,59.41459],[5.22558,59.41484],[5.22502,59.41602],[5.22356,59.41625],[5.22302,59.4168],[5.22342,59.41716],[5.22857,59.41661],[5.22948,59.41517],[5.23113,59.41399]],[[5.25598,59.42069],[5.25702,59.41936],[5.25645,59.41881],[5.25762,59.41781],[5.2612,59.41634],[5.26221,59.41485],[5.2619,59.41443],[5.25548,59.41406],[5.25353,59.41506],[5.25198,59.41659],[5.2514,59.41736],[5.25231,59.41805],[5.24961,59.41884],[5.24998,59.4203],[5.25425,59.4193],[5.25448,59.42103],[5.25598,59.42069]],[[5.25599,59.42185],[5.25886,59.41865],[5.26335,59.41529]],[[5.24252,59.42303],[5.24282,59.42129],[5.24967,59.41715],[5.24888,59.41691],[5.24663,59.41766],[5.24494,59.41719],[5.24516,59.41662],[5.24732,59.41534],[5.2504,59.4155],[5.2503,59.41439],[5.25176,59.41476],[5.25278,59.41294],[5.2518,59.41167],[5.24648,59.41396],[5.24523,59.41296],[5.24453,59.41301],[5.24351,59.41394],[5.24378,59.41431],[5.24501,59.41445],[5.24492,59.41517],[5.24303,59.41497],[5.24044,59.41675],[5.24003,59.41744],[5.24067,59.41856],[5.24159,59.41864],[5.24394,59.41782],[5.24415,59.41878],[5.24139,59.41923],[5.24036,59.42052],[5.24172,59.42293],[5.23851,59.42228],[5.23747,59.42329],[5.23769,59.42396],[5.23836,59.42438],[5.24025,59.42443],[5.24125,59.42417],[5.24252,59.42303]],[[5.11095,59.41162],[5.10889,59.41266],[5.10923,59.41377],[5.10656,59.4161],[5.10674,59.41699],[5.10822,59.41734],[5.10932,59.41715]],[[5.10932,59.41715],[5.11059,59.41828],[5.11277,59.41835],[5.11435,59.42003],[5.11582,59.42003],[5.11734,59.41928],[5.11792,59.41718],[5.11731,59.41652],[5.11611,59.41622],[5.11624,59.4147],[5.11551,59.41423],[5.11593,59.41304],[5.11503,59.41181],[5.11428,59.41138],[5.11095,59.41162]],[[5.14461,59.41976],[5.1436,59.41898],[5.13999,59.41888],[5.13964,59.41786],[5.13622,59.41813],[5.13539,59.41947],[5.13714,59.42151],[5.13982,59.42227],[5.14243,59.42211],[5.14372,59.42154],[5.14461,59.41976]],[[5.12123,59.41877],[5.11832,59.41816],[5.11875,59.42068],[5.11941,59.42078],[5.12056,59.42025],[5.12123,59.41877]],[[5.12647,59.42464],[5.12406,59.42405],[5.12205,59.42404],[5.12132,59.42443],[5.1224,59.42491],[5.12432,59.42447],[5.1274,59.42613],[5.1277,59.42523],[5.12647,59.42464]],[[5.09121,59.43139],[5.08994,59.43078],[5.08881,59.4308],[5.08737,59.42929],[5.08525,59.43018],[5.08707,59.43107]],[[5.12506,59.43398],[5.12194,59.43146],[5.1183,59.43217],[5.11805,59.43271],[5.11914,59.43353]],[[5.23947,59.44266],[5.23756,59.44135],[5.23958,59.44064],[5.23758,59.43942],[5.2395,59.43913],[5.2367,59.43831],[5.23756,59.43759],[5.2391,59.43758],[5.23958,59.43717],[5.2375,59.43674],[5.23754,59.4347],[5.23795,59.43423],[5.23888,59.43414],[5.23909,59.43495],[5.24013,59.43555],[5.24547,59.43409],[5.23888,59.43326],[5.23872,59.43299],[5.24445,59.43301],[5.2518,59.43156],[5.25351,59.43055],[5.2538,59.42847],[5.25743,59.42619],[5.25785,59.42545],[5.25676,59.42371],[5.25421,59.42321],[5.24745,59.42286],[5.24669,59.4221],[5.2481,59.42093],[5.24971,59.42108],[5.24956,59.42219],[5.25113,59.42243],[5.25214,59.42169],[5.25495,59.42212],[5.25599,59.42185]],[[5.11693,59.43336],[5.1181,59.43395],[5.11912,59.43387],[5.11914,59.43353]],[[5.08643,59.43102],[5.0869,59.43152],[5.08518,59.43246],[5.08638,59.43244],[5.08673,59.43211],[5.08695,59.43249],[5.08627,59.43292],[5.08471,59.43303],[5.08397,59.43387],[5.08623,59.43306],[5.08784,59.43364],[5.08719,59.43397],[5.08892,59.43499],[5.08966,59.43413],[5.08791,59.43325],[5.08707,59.43107]],[[5.1142,59.43315],[5.1151,59.43463],[5.11458,59.43602],[5.11345,59.43661],[5.11418,59.43799],[5.1149,59.43818],[5.11723,59.43823],[5.11824,59.43753],[5.11832,59.4365],[5.1206,59.43633],[5.12454,59.43532],[5.12535,59.43446],[5.12506,59.43398]],[[5.09121,59.43139],[5.09354,59.43378],[5.0938,59.43488],[5.09296,59.43517],[5.09092,59.4347],[5.09233,59.43533],[5.09066,59.43669],[5.09324,59.43644],[5.09426,59.43705],[5.09556,59.43573],[5.09838,59.43561],[5.09777,59.43504],[5.09611,59.43504],[5.09563,59.43462],[5.09596,59.43386],[5.09789,59.43289],[5.09921,59.43282],[5.10047,59.43338],[5.10266,59.436],[5.10309,59.43581],[5.10217,59.43388],[5.10327,59.43342],[5.10433,59.43409]],[[5.10241,59.44059],[5.10315,59.4395],[5.10424,59.43991],[5.10662,59.43919],[5.10614,59.43996],[5.10508,59.4403],[5.106,59.44137],[5.10799,59.44132],[5.11283,59.43906],[5.11142,59.43746],[5.10992,59.43709],[5.10814,59.4374],[5.10902,59.43624],[5.10877,59.43546],[5.1052,59.43665],[5.10589,59.43545],[5.10433,59.43409]],[[5.10169,59.44304],[5.10315,59.44314],[5.10463,59.44202],[5.10409,59.44085],[5.10224,59.44116]],[[5.09388,59.44669],[5.09296,59.44514],[5.09294,59.4473],[5.09388,59.44669]],[[5.08362,59.43081],[5.08225,59.43167],[5.08256,59.43244],[5.0816,59.43189],[5.07926,59.43324],[5.07993,59.43385],[5.08128,59.43403],[5.08039,59.43425],[5.08299,59.43687],[5.07832,59.43486],[5.07739,59.43397],[5.07538,59.43609],[5.07093,59.43809],[5.07209,59.43925],[5.07373,59.43949],[5.07438,59.44119],[5.07681,59.44093],[5.07571,59.44235],[5.07593,59.44322],[5.0798,59.44368],[5.07804,59.44414],[5.0784,59.44564],[5.08235,59.44455],[5.08212,59.44503],[5.08284,59.44519],[5.08629,59.44351],[5.08405,59.44529],[5.08217,59.44603],[5.08289,59.44687],[5.08188,59.44738],[5.08136,59.44875],[5.08226,59.44855],[5.0818,59.44892],[5.08295,59.44886],[5.08398,59.44801],[5.08423,59.44858],[5.08629,59.44826],[5.0881,59.44687],[5.08901,59.44593],[5.08884,59.44506],[5.09108,59.44366],[5.0919,59.4424],[5.09095,59.44235],[5.08907,59.443],[5.08683,59.44276],[5.08698,59.44252],[5.08561,59.44264],[5.09056,59.44098],[5.09294,59.43827],[5.09239,59.43995],[5.09384,59.44078],[5.09281,59.44151],[5.09191,59.44358],[5.09288,59.44368],[5.09512,59.44306],[5.09617,59.44336],[5.09393,59.4445],[5.09477,59.44554],[5.09582,59.44546],[5.09848,59.44391],[5.0989,59.44318],[5.09878,59.44214],[5.09818,59.442],[5.09864,59.44092],[5.09649,59.43997],[5.09454,59.43848],[5.09487,59.43819],[5.09868,59.43963],[5.09976,59.44069],[5.10117,59.44107],[5.10241,59.44059]],[[5.23066,59.4717],[5.2289,59.47161],[5.22791,59.47214],[5.22814,59.47313],[5.23271,59.4726],[5.23066,59.4717]],[[5.23616,59.475],[5.23499,59.47486],[5.2346,59.4744],[5.23577,59.47383],[5.2352,59.4735],[5.23414,59.4738],[5.233,59.47486],[5.23412,59.47591],[5.23597,59.47547],[5.23616,59.475]],[[5.30168,59.48135],[5.30274,59.48118]],[[5.27782,59.48221],[5.27847,59.481],[5.27918,59.48103]],[[5.27918,59.48103],[5.28305,59.48358],[5.28447,59.48394],[5.2854,59.4823],[5.28606,59.48212],[5.29087,59.4824],[5.29146,59.48309],[5.29394,59.48391],[5.29659,59.48336],[5.29998,59.48186]],[[5.26688,59.48582],[5.26956,59.48548],[5.27602,59.48378],[5.27782,59.48221]],[[5.26688,59.48582],[5.26524,59.48614],[5.26043,59.48521]],[[5.27872,59.48642],[5.28011,59.4879],[5.28157,59.48712],[5.28315,59.48714],[5.28378,59.48669],[5.28175,59.48547],[5.28049,59.48538],[5.27964,59.48584],[5.27817,59.48542],[5.27802,59.48592],[5.27717,59.48599],[5.27454,59.48553],[5.27437,59.48775],[5.2772,59.48743],[5.27758,59.48668],[5.27872,59.48642]],[[5.26639,59.48751],[5.26888,59.48788],[5.27067,59.48761],[5.26958,59.48691],[5.26669,59.48648]],[[5.26043,59.48521],[5.25607,59.48495],[5.25579,59.48574],[5.25416,59.48585],[5.25521,59.48664],[5.25626,59.48652],[5.25908,59.48723]],[[5.27197,59.49033],[5.27314,59.48995],[5.27372,59.48903],[5.27325,59.48859],[5.26872,59.48897],[5.26822,59.48963],[5.26741,59.48936]],[[5.25908,59.48723],[5.26246,59.48772],[5.26263,59.48904],[5.266,59.48885]],[[5.27797,59.48848],[5.27595,59.48826],[5.27478,59.48889],[5.2755,59.49003],[5.27682,59.48984],[5.27797,59.48848]],[[5.22383,59.48671],[5.22654,59.48342],[5.23275,59.48299],[5.22565,59.48204],[5.22557,59.48063],[5.22452,59.47938],[5.22726,59.47853],[5.23054,59.47894],[5.23312,59.47707],[5.23628,59.47723],[5.23902,59.47796],[5.23964,59.47716],[5.23838,59.47654],[5.23894,59.47616],[5.24394,59.47621],[5.24471,59.47591],[5.24005,59.47471],[5.23949,59.4738],[5.23608,59.47265],[5.23585,59.47189],[5.23374,59.47195],[5.23245,59.4712],[5.23021,59.47109],[5.22911,59.47037],[5.22911,59.46912],[5.23393,59.46903],[5.24201,59.47021],[5.24576,59.4693],[5.252,59.46964],[5.25425,59.46946],[5.25003,59.46886],[5.25194,59.46828],[5.25059,59.46729],[5.24933,59.46754],[5.24911,59.46808],[5.24623,59.46796],[5.24488,59.46713],[5.24517,59.46646],[5.23829,59.46714],[5.23588,59.46595],[5.23984,59.4654],[5.24343,59.46546],[5.24443,59.46496],[5.24308,59.46465],[5.23687,59.46479],[5.23566,59.46376],[5.23542,59.45994],[5.23401,59.458],[5.23482,59.45606],[5.23701,59.45554],[5.24059,59.45337],[5.24074,59.45181],[5.2387,59.4513],[5.23883,59.45076],[5.24219,59.4485],[5.2422,59.44736],[5.2451,59.44578],[5.24462,59.44559],[5.24193,59.44614],[5.2411,59.44497],[5.24206,59.44443],[5.23947,59.44266]],[[5.26438,59.49443],[5.26982,59.49354],[5.2689,59.49032],[5.27197,59.49033]],[[5.26438,59.49443],[5.26286,59.49465],[5.26199,59.4955],[5.25904,59.49581],[5.25889,59.4964]],[[5.24864,59.49865],[5.25288,59.49891],[5.25572,59.49792]],[[5.22383,59.48671],[5.22473,59.48867],[5.22275,59.4906],[5.2246,59.49206],[5.223,59.49243],[5.2225,59.49314],[5.2253,59.49378],[5.22564,59.49475],[5.22859,59.49517],[5.22422,59.49637],[5.22184,59.49836],[5.22256,59.49897],[5.22433,59.49907],[5.22219,59.4998],[5.22172,59.50072],[5.22246,59.50182],[5.22613,59.50291],[5.22419,59.50328],[5.22485,59.50442],[5.22695,59.50386],[5.22666,59.50482],[5.23028,59.50472],[5.23278,59.50405],[5.23286,59.50347],[5.23713,59.50371],[5.24358,59.50326],[5.24947,59.49956],[5.24827,59.49891],[5.24864,59.49865]],[[5.19426,59.50733],[5.19022,59.50691],[5.19091,59.50836],[5.18925,59.51097],[5.1896,59.51125],[5.19255,59.51093],[5.1951,59.50962],[5.19515,59.50809],[5.19426,59.50733]],[[5.18197,59.51113],[5.18096,59.51119],[5.18118,59.51249],[5.18453,59.51182],[5.18197,59.51113]],[[5.36709,59.36244],[5.36735,59.36182]],[[5.31136,59.35764],[5.30854,59.36028]],[[5.30043,59.36985],[5.30041,59.3692]],[[5.30131,59.36683],[5.302,59.36654]],[[5.22519,59.36247],[5.22615,59.36195]],[[5.30131,59.36683],[5.30041,59.3692]],[[5.29925,59.37395],[5.30043,59.36985]],[[5.2038,59.37182],[5.20213,59.37134],[5.20092,59.37189],[5.2019,59.37279],[5.20352,59.37253],[5.2038,59.37182]],[[5.17217,59.3721],[5.17,59.37203],[5.17083,59.37239],[5.171,59.37383],[5.17252,59.37376],[5.17217,59.3721]],[[5.37512,59.38926],[5.3744,59.38599],[5.37312,59.38444],[5.37082,59.38364]],[[5.03549,59.36685],[5.03545,59.36702]],[[5.03516,59.36798],[5.03515,59.36803]],[[5.03477,59.36931],[5.0348,59.36921]],[[5.37383,59.39543],[5.37531,59.39123],[5.37512,59.38926]],[[5.37086,59.39881],[5.37383,59.39543]],[[5.20954,59.3877],[5.2086,59.38784],[5.20783,59.38965],[5.21025,59.38874],[5.20954,59.3877]],[[5.37229,59.40071],[5.37167,59.40059],[5.37135,59.40119],[5.37245,59.40244],[5.37392,59.40191],[5.37229,59.40071]],[[5.36785,59.40255],[5.37086,59.39881]],[[5.14684,59.38687],[5.14615,59.38674],[5.14571,59.38726],[5.14704,59.38814],[5.14713,59.38879],[5.14802,59.38879],[5.14843,59.38778],[5.14684,59.38687]],[[5.36736,59.40703],[5.36785,59.40255]],[[5.15495,59.39103],[5.15613,59.39112]],[[5.21283,59.39677],[5.21358,59.3961],[5.213,59.39561],[5.2122,59.39617],[5.21108,59.39599],[5.21019,59.39649],[5.21052,59.39709],[5.21283,59.39677]],[[5.36789,59.40931],[5.36736,59.40703]],[[5.27632,59.40556],[5.27967,59.40047]],[[5.37258,59.41389],[5.37559,59.41681]],[[5.37606,59.41727],[5.37559,59.41681]],[[5.24804,59.40823],[5.2488,59.40762]],[[5.21798,59.40821],[5.21601,59.40799],[5.21572,59.40892],[5.21759,59.4091],[5.21798,59.40821]],[[5.09787,59.42529],[5.0962,59.4253],[5.09534,59.42616],[5.09758,59.42662],[5.09787,59.42529]],[[5.08643,59.43102],[5.08447,59.43052],[5.08362,59.43081]],[[5.11693,59.43336],[5.11538,59.43254],[5.1142,59.43315]],[[5.10224,59.44116],[5.10169,59.44304]],[[5.30153,59.4814],[5.30168,59.48135]],[[5.29998,59.48186],[5.30153,59.4814]],[[5.26669,59.48648],[5.26538,59.48658],[5.26639,59.48751]],[[5.26741,59.48936],[5.266,59.48885]],[[5.74388,59.59799],[5.74453,59.59786],[5.74603,59.59869],[5.7493,59.59896]],[[5.7493,59.59896],[5.75255,59.5998],[5.75639,59.59962],[5.75854,59.60005],[5.76243,59.59975],[5.7673,59.60013]],[[5.76856,59.6003],[5.7765,59.60124],[5.77991,59.60121],[5.78635,59.60243],[5.79389,59.60279],[5.79678,59.60348]],[[5.56591,59.55727],[5.56788,59.55954],[5.56767,59.56033],[5.56632,59.56129],[5.56654,59.56394],[5.56854,59.56486],[5.56918,59.56629],[5.5683,59.56659],[5.56737,59.56635],[5.56645,59.56689],[5.56802,59.56687],[5.56843,59.56738],[5.56745,59.56766],[5.56597,59.57003],[5.5659,59.57089],[5.568,59.57121],[5.56543,59.57344],[5.5664,59.57432],[5.56335,59.57509],[5.56233,59.57599],[5.56219,59.57775],[5.56433,59.57845],[5.56583,59.58059],[5.56419,59.58125],[5.56378,59.58222],[5.57162,59.58798],[5.57629,59.5891],[5.57891,59.58932]],[[5.74388,59.59799],[5.74009,59.5999],[5.74074,59.60068],[5.74625,59.60342],[5.7472,59.60383],[5.7569,59.6043]],[[5.7569,59.6043],[5.76714,59.60546]],[[5.57891,59.58932],[5.58364,59.59014],[5.58316,59.59128],[5.58485,59.59279]],[[5.79678,59.60348],[5.79967,59.60349],[5.80027,59.60375],[5.79997,59.60442],[5.80407,59.60525],[5.80591,59.60624],[5.80966,59.60621],[5.8143,59.60795],[5.81521,59.6078],[5.81686,59.60824],[5.81736,59.60899],[5.82045,59.60962],[5.82097,59.61009],[5.81994,59.61062],[5.81952,59.61156]],[[5.55544,59.60171],[5.55634,59.59959],[5.55966,59.59953],[5.56061,59.59885],[5.55835,59.59561],[5.56152,59.59434],[5.56809,59.59285],[5.5707,59.59349],[5.57329,59.59353],[5.57725,59.59468],[5.58222,59.59464],[5.58459,59.59343],[5.58485,59.59279]],[[5.77112,59.6073],[5.77508,59.60771],[5.77656,59.6086],[5.77655,59.60927],[5.77416,59.6098],[5.7742,59.61046],[5.77649,59.61035],[5.77895,59.61109],[5.78322,59.61417],[5.78349,59.61508],[5.78554,59.61602],[5.78733,59.61836]],[[5.80173,59.61938],[5.8033,59.61767],[5.80855,59.61485],[5.81548,59.61295],[5.81698,59.61296],[5.81952,59.61156]],[[5.80173,59.61938],[5.80009,59.62445],[5.79687,59.62714],[5.79618,59.6295]],[[5.78449,59.62955],[5.78611,59.62647],[5.78935,59.62483],[5.788,59.62127]],[[5.77754,59.64106],[5.78213,59.63708],[5.78396,59.63471],[5.78348,59.6327],[5.78449,59.62955]],[[5.79618,59.6295],[5.79404,59.63347],[5.79344,59.63713],[5.79447,59.63955],[5.79343,59.64139],[5.79205,59.64239],[5.7922,59.64293],[5.80339,59.6442],[5.80749,59.64439],[5.80909,59.64415],[5.81302,59.64522],[5.81827,59.64511],[5.824,59.64601]],[[5.55308,59.62865],[5.55293,59.62812],[5.55443,59.62731],[5.55813,59.62737],[5.55741,59.62685],[5.5547,59.62642],[5.55429,59.62371],[5.55518,59.62323],[5.55326,59.62237],[5.55296,59.62171],[5.55416,59.62099],[5.55435,59.61855],[5.55571,59.61777],[5.55841,59.6171],[5.55844,59.61656],[5.55778,59.61635],[5.55861,59.61623],[5.55789,59.61568],[5.55984,59.61533],[5.55886,59.61442],[5.56092,59.61212],[5.55903,59.61128],[5.55966,59.60995],[5.55839,59.60969],[5.55696,59.60791],[5.55274,59.60634],[5.55281,59.60587],[5.55473,59.60524],[5.55334,59.60371],[5.55544,59.60171]],[[5.55308,59.62865],[5.5564,59.63086],[5.56217,59.63271]],[[5.75455,59.65087],[5.75562,59.6506],[5.75642,59.6508]],[[5.75642,59.6508],[5.75699,59.65111],[5.75688,59.65221],[5.75774,59.65227],[5.76232,59.65126],[5.76303,59.65061],[5.76679,59.65022],[5.7705,59.64896],[5.77277,59.6488],[5.77314,59.64853],[5.77211,59.64648],[5.7752,59.64397],[5.77754,59.64106]],[[5.74724,59.65185],[5.75205,59.65174],[5.75455,59.65087]],[[5.55504,59.64688],[5.55595,59.64551],[5.5578,59.6457],[5.5582,59.64544],[5.55583,59.64374],[5.55443,59.64157],[5.55366,59.63973],[5.55399,59.63891],[5.55607,59.63848],[5.55972,59.6391],[5.56049,59.63852],[5.55971,59.63763],[5.56077,59.63728],[5.56401,59.63793],[5.56635,59.63758],[5.56443,59.63628],[5.56298,59.63597],[5.56303,59.63553],[5.56102,59.63443],[5.56106,59.63392],[5.56227,59.63337],[5.56217,59.63271]],[[5.72052,59.6588],[5.72625,59.65669],[5.72966,59.65652],[5.74625,59.65181],[5.74724,59.65185]],[[5.76187,59.66174],[5.76279,59.66151],[5.76222,59.66109],[5.75745,59.66143]],[[5.75141,59.66219],[5.75474,59.66202],[5.75745,59.66143]],[[5.7107,59.66146],[5.71441,59.66176],[5.71905,59.65902],[5.72052,59.6588]],[[5.75141,59.66219],[5.74895,59.66273],[5.7479,59.66355],[5.74872,59.6642],[5.75082,59.66431]],[[5.75058,59.66517],[5.74864,59.66541],[5.74863,59.6666],[5.74763,59.66706],[5.74763,59.66843],[5.7496,59.6687]],[[5.7496,59.6687],[5.75241,59.66886],[5.75419,59.66812],[5.75487,59.66823],[5.75575,59.669],[5.75358,59.67204],[5.75536,59.67223],[5.75898,59.66999],[5.75936,59.66861],[5.76243,59.66658],[5.7609,59.66587],[5.76064,59.66513],[5.75893,59.66459],[5.75058,59.66517]],[[5.6486,59.66608],[5.64916,59.66595]],[[5.64916,59.66595],[5.65339,59.66645],[5.65393,59.66762],[5.65556,59.66781],[5.65811,59.66707],[5.65935,59.6664],[5.65957,59.66551],[5.6613,59.665]],[[5.6613,59.665],[5.66905,59.66387],[5.66742,59.66509],[5.66539,59.66534],[5.66477,59.66682],[5.66498,59.66848],[5.66576,59.66889],[5.66711,59.66885],[5.66881,59.66807],[5.67142,59.66756],[5.67415,59.66802],[5.67609,59.66788],[5.67789,59.66895],[5.68148,59.66881],[5.68273,59.66808],[5.68073,59.66658],[5.68104,59.66629],[5.68636,59.66711],[5.69019,59.66445],[5.6926,59.6647],[5.69547,59.66284],[5.70143,59.66218],[5.70777,59.66295],[5.70877,59.66279],[5.70937,59.66193]],[[5.55504,59.64688],[5.55502,59.64823],[5.55613,59.64847],[5.55807,59.64812],[5.56013,59.64919],[5.55896,59.65312],[5.56114,59.65684],[5.56114,59.65793],[5.56226,59.65901],[5.56341,59.65901],[5.56343,59.66047],[5.56484,59.66191],[5.56393,59.6629],[5.56419,59.66402],[5.56633,59.66471],[5.56679,59.666],[5.56784,59.66661],[5.5689,59.66639],[5.57034,59.66519],[5.57181,59.66554]],[[5.74646,59.68002],[5.74962,59.68234],[5.74869,59.68325],[5.74913,59.68361],[5.75191,59.68207],[5.75366,59.67716],[5.75111,59.67598],[5.74844,59.67744],[5.74725,59.67718]],[[5.74725,59.67718],[5.74614,59.67528],[5.74366,59.67566],[5.74154,59.67511],[5.74048,59.67529],[5.73911,59.67499],[5.73885,59.67266],[5.73781,59.67182],[5.73425,59.67219],[5.73649,59.67121],[5.73952,59.67084],[5.74188,59.6693],[5.74154,59.66879],[5.7391,59.66825],[5.73752,59.66885],[5.7349,59.66858],[5.73421,59.66897],[5.73481,59.67009],[5.73322,59.66958],[5.73144,59.66978],[5.73074,59.67031],[5.73079,59.67197],[5.73362,59.67345],[5.73168,59.67545],[5.73052,59.67867],[5.72969,59.67873],[5.7291,59.67736],[5.72846,59.67731],[5.7226,59.68055],[5.72156,59.68186],[5.7228,59.68245],[5.72612,59.68242],[5.72743,59.68329],[5.72987,59.68396],[5.7293,59.68493],[5.73032,59.68512],[5.73198,59.68422],[5.73029,59.68348],[5.73153,59.68134],[5.73084,59.67953],[5.73214,59.67859],[5.73378,59.67841],[5.7341,59.67947],[5.73698,59.678],[5.73866,59.67815],[5.73836,59.68184],[5.7393,59.68228],[5.74266,59.682],[5.74393,59.68137],[5.74506,59.67981],[5.74646,59.68002]],[[5.57181,59.66554],[5.57418,59.66652],[5.57311,59.66861],[5.57437,59.66862],[5.57581,59.66964],[5.57574,59.67017],[5.57427,59.67084],[5.57927,59.67304],[5.58337,59.67372],[5.58625,59.6773],[5.58987,59.67888]],[[5.62369,59.67863],[5.62139,59.67842],[5.61728,59.67982],[5.61725,59.68029],[5.61825,59.68099],[5.61993,59.68127],[5.62436,59.67964],[5.62369,59.67863]],[[5.58987,59.67888],[5.59113,59.6792],[5.59247,59.68181],[5.59197,59.68281],[5.59288,59.68403]],[[5.59288,59.68403],[5.59448,59.68515],[5.60165,59.68474],[5.60471,59.68577],[5.60744,59.68567],[5.61107,59.68418],[5.61419,59.68371],[5.61628,59.68239],[5.61637,59.68166],[5.614,59.68117],[5.61093,59.68161],[5.61201,59.67955],[5.61587,59.67822],[5.62006,59.67735],[5.62139,59.67601],[5.62346,59.67556],[5.62749,59.67286],[5.63205,59.67152],[5.63219,59.67052],[5.63521,59.66995],[5.63782,59.66881],[5.64063,59.66875],[5.64132,59.66834],[5.6446,59.66863],[5.64664,59.66824],[5.64812,59.66771],[5.6486,59.66608]],[[5.59618,59.70635],[5.59495,59.70604],[5.59353,59.70617],[5.5924,59.70668],[5.59155,59.70774],[5.59188,59.70815],[5.59301,59.70841],[5.5955,59.70808],[5.59727,59.70689],[5.59618,59.70635]],[[5.76856,59.6003],[5.7673,59.60013]],[[5.77112,59.6073],[5.76843,59.6071],[5.76714,59.60546]],[[5.788,59.62127],[5.78733,59.61836]],[[5.75082,59.66431],[5.75798,59.66387],[5.7598,59.66217],[5.76187,59.66174]],[[5.70937,59.66193],[5.7107,59.66146]],[[5.69613,59.6644],[5.69446,59.66444],[5.69302,59.66564],[5.69571,59.66523],[5.69613,59.6644]],[[5.74568,59.6828],[5.74638,59.68223],[5.7459,59.682]],[[5.7459,59.682],[5.74436,59.68195],[5.74323,59.68296],[5.74381,59.68339],[5.74568,59.6828]],[[5.65925,59.35348],[5.66258,59.35236],[5.66211,59.35142]],[[5.99336,59.37491],[5.99841,59.3788],[5.9995,59.37865],[6.00023,59.37804]],[[5.45462,59.34072],[5.4533,59.33916],[5.45137,59.33941],[5.45184,59.34055],[5.45399,59.3412],[5.45462,59.34072]],[[5.6584,59.35654],[5.66015,59.35475],[5.65917,59.35377]],[[5.45659,59.3364],[5.45711,59.33916],[5.45873,59.33917],[5.46013,59.33975],[5.46095,59.33935],[5.46045,59.33839],[5.46179,59.33808],[5.46289,59.34064],[5.46102,59.34377],[5.46383,59.34622],[5.46498,59.34963]],[[5.45963,59.35679],[5.45905,59.35545],[5.45596,59.35369],[5.45625,59.35281]],[[5.47372,59.36079],[5.47498,59.36123],[5.47454,59.36225]],[[5.46498,59.34963],[5.46784,59.35377],[5.46954,59.35266],[5.47019,59.35274],[5.46963,59.35478],[5.47048,59.35532],[5.47081,59.35721],[5.47211,59.3572],[5.47254,59.35782],[5.47216,59.35956],[5.47096,59.36093],[5.4711,59.36225],[5.47256,59.36217],[5.47372,59.36079]],[[5.46528,59.36217],[5.4655,59.36045],[5.46225,59.35898],[5.46161,59.358],[5.45963,59.35679]],[[5.6331,59.36867],[5.63245,59.36788],[5.63152,59.36849],[5.62954,59.36813],[5.62756,59.36888],[5.62783,59.37149],[5.62681,59.37246],[5.62784,59.37401],[5.62883,59.37436],[5.63087,59.37431],[5.63272,59.37303],[5.6331,59.36867]],[[5.4658,59.36912],[5.4671,59.36573],[5.46643,59.36305],[5.46528,59.36217]],[[5.47076,59.36949],[5.47224,59.36722],[5.47349,59.36655],[5.47549,59.36646],[5.47706,59.36581],[5.47695,59.3646],[5.47554,59.36419],[5.47299,59.36417],[5.47254,59.36274],[5.47302,59.36254],[5.47384,59.36281],[5.47454,59.36225]],[[5.61046,59.37971],[5.60812,59.37794],[5.61165,59.37394],[5.61754,59.37566],[5.61794,59.37529],[5.61647,59.37386],[5.61632,59.37271],[5.61712,59.3722],[5.61869,59.37256],[5.6195,59.37239],[5.61897,59.3707],[5.61583,59.36969],[5.61411,59.36944],[5.6129,59.37087],[5.61217,59.37057],[5.6117,59.36886],[5.60851,59.37019],[5.60796,59.37004],[5.60814,59.36893],[5.61166,59.36535],[5.61141,59.36492],[5.60941,59.36427],[5.60894,59.36359],[5.61067,59.36244],[5.61095,59.36048],[5.6139,59.36086],[5.61237,59.35728],[5.61309,59.35651],[5.61573,59.35547],[5.61713,59.3531],[5.61629,59.3522],[5.61391,59.3526],[5.61225,59.35206],[5.61357,59.3508],[5.61297,59.34982],[5.61526,59.34952],[5.61569,59.34806]],[[5.64055,59.38189],[5.64099,59.38093],[5.64047,59.37928],[5.64179,59.37604],[5.64354,59.37477],[5.64502,59.37444],[5.64533,59.3728],[5.64807,59.37206],[5.64773,59.37058],[5.65028,59.36936],[5.64973,59.36771],[5.65217,59.36731],[5.65238,59.36546],[5.65506,59.36374],[5.65432,59.36105],[5.6584,59.35654]],[[5.86575,59.39799],[5.8667,59.3955],[5.86783,59.39437],[5.87237,59.39259],[5.87828,59.39162],[5.87978,59.39013],[5.88078,59.38981],[5.88575,59.38924],[5.89247,59.38483],[5.89282,59.38437],[5.89169,59.38324],[5.89552,59.38234],[5.89705,59.38141],[5.89722,59.38081],[5.89576,59.38027],[5.89747,59.37442],[5.89409,59.37351],[5.89292,59.37234],[5.89433,59.37083],[5.89394,59.36889],[5.89589,59.36823],[5.89375,59.36796],[5.89284,59.3682],[5.89227,59.36784]],[[5.91671,59.40157],[5.91902,59.39811],[5.92052,59.39721],[5.92364,59.39669],[5.92936,59.39421],[5.93183,59.39154],[5.93247,59.38951],[5.93328,59.38893],[5.93372,59.38573],[5.93515,59.38367],[5.93725,59.38213],[5.9382,59.37939],[5.93708,59.37681],[5.93539,59.37519],[5.93695,59.37376],[5.94058,59.37243],[5.93976,59.37117]],[[5.63026,59.38124],[5.62935,59.38118],[5.6255,59.383],[5.62563,59.38414],[5.62785,59.38506],[5.62946,59.38463],[5.63037,59.38378],[5.63073,59.38207],[5.63026,59.38124]],[[5.46021,59.3765],[5.46337,59.3735],[5.4658,59.36912]],[[5.46207,59.37872],[5.46021,59.3765]],[[5.47076,59.36949],[5.47122,59.37111],[5.4705,59.3721],[5.47077,59.37297],[5.47139,59.37327],[5.47387,59.37306],[5.47549,59.3738],[5.47106,59.38059],[5.47228,59.38314],[5.46981,59.38377],[5.47019,59.38465],[5.46728,59.3868],[5.47013,59.38976],[5.46985,59.3912],[5.47141,59.39171]],[[5.46207,59.37872],[5.46318,59.37811],[5.46384,59.37649],[5.46463,59.37614],[5.46566,59.37767],[5.46412,59.38009],[5.46288,59.38028],[5.46306,59.3812],[5.46533,59.38418],[5.46602,59.38834],[5.46832,59.39398],[5.47028,59.3957]],[[5.47028,59.3957],[5.472,59.39669],[5.47394,59.39648],[5.47884,59.39368],[5.47836,59.39167],[5.47759,59.39161],[5.47526,59.39266],[5.47279,59.39173],[5.47141,59.39171]],[[5.7323,59.40963],[5.72884,59.40858],[5.72637,59.40716],[5.72471,59.40737],[5.72284,59.4066],[5.72095,59.40644],[5.71919,59.40717],[5.71732,59.40695],[5.71747,59.40605],[5.71479,59.406],[5.71423,59.40572],[5.7141,59.40385],[5.70663,59.40347],[5.7043,59.4025],[5.7028,59.40038],[5.70099,59.39936],[5.69923,59.39949],[5.69727,59.39893],[5.6909,59.39897],[5.68891,59.39744],[5.68608,59.39779],[5.68453,59.39869],[5.68,59.39794],[5.67907,59.39743],[5.67888,59.39644],[5.67572,59.39521],[5.67415,59.39358],[5.67137,59.3929],[5.66898,59.39093],[5.66759,59.39055],[5.66732,59.39145],[5.67044,59.39441],[5.67009,59.39529],[5.6758,59.39966],[5.67667,59.40086],[5.67801,59.40139],[5.67791,59.40218],[5.67978,59.40257],[5.68453,59.40258],[5.6839,59.40323],[5.68256,59.40331],[5.68155,59.40399],[5.68213,59.40437],[5.68437,59.40462],[5.685,59.40584],[5.68869,59.40617],[5.69127,59.40699],[5.69458,59.40662],[5.69657,59.40691],[5.69863,59.40792],[5.70198,59.40799],[5.70599,59.411],[5.70831,59.41184],[5.71018,59.41349],[5.71336,59.41517],[5.71667,59.41503],[5.71766,59.41556],[5.71931,59.41557],[5.72183,59.41486],[5.724,59.41656],[5.72456,59.41877],[5.72915,59.42109]],[[5.7323,59.40963],[5.73414,59.41019],[5.73564,59.41198],[5.73862,59.41286],[5.73877,59.41341],[5.74036,59.41416],[5.75236,59.41743],[5.75407,59.41727],[5.75543,59.41531],[5.75695,59.41503],[5.75931,59.4155],[5.76238,59.41747],[5.76248,59.41895],[5.76762,59.42137],[5.77118,59.42388],[5.77411,59.42359],[5.77676,59.42587],[5.78376,59.4247],[5.78414,59.42546],[5.78653,59.42659],[5.78949,59.42713],[5.79101,59.42663],[5.79317,59.42673],[5.80047,59.42995],[5.80185,59.42994],[5.81089,59.43218],[5.81318,59.43236],[5.81484,59.43198]],[[5.61966,59.42047],[5.61762,59.41894],[5.61771,59.41602],[5.61637,59.4154],[5.61605,59.41474],[5.61791,59.41353],[5.61998,59.40793],[5.61953,59.4071],[5.61637,59.40812],[5.6131,59.4104],[5.61142,59.41233],[5.6093,59.41191],[5.60579,59.41201],[5.60369,59.41346],[5.60267,59.41343],[5.59998,59.41441],[5.59824,59.41419],[5.59758,59.41293],[5.59659,59.41235],[5.5958,59.41239],[5.59474,59.41341],[5.5952,59.41398],[5.5941,59.41482],[5.59129,59.41332],[5.59012,59.41314],[5.58932,59.41141],[5.58786,59.41138],[5.58647,59.41008],[5.58519,59.4099],[5.58372,59.4109],[5.58289,59.41089],[5.58155,59.40822],[5.58305,59.40729],[5.58545,59.40693],[5.58686,59.40564],[5.58688,59.40469],[5.58939,59.40632],[5.59312,59.40471],[5.59629,59.40483],[5.59753,59.40535],[5.59966,59.40494],[5.60137,59.40597],[5.60181,59.40688],[5.60271,59.40702],[5.60377,59.40602],[5.60586,59.40556],[5.60663,59.40496],[5.60851,59.40615],[5.61038,59.40495],[5.61074,59.40675],[5.6123,59.40661],[5.61364,59.40537],[5.61432,59.40326],[5.61808,59.40044],[5.62116,59.39908],[5.62333,59.39449],[5.62368,59.38514],[5.6212,59.38332],[5.61832,59.3826],[5.61854,59.38189],[5.61771,59.38142],[5.61379,59.38128],[5.61046,59.37971]],[[5.81484,59.43198],[5.81757,59.43207],[5.81916,59.43324],[5.82306,59.43422],[5.82616,59.43404],[5.82756,59.43459],[5.8309,59.43475],[5.83441,59.43567],[5.83836,59.4362],[5.84003,59.43599],[5.84126,59.43628],[5.84214,59.43735],[5.84342,59.43721],[5.84578,59.43311],[5.84698,59.42913],[5.84489,59.42641],[5.84602,59.4211],[5.85059,59.41802],[5.85031,59.41689],[5.85177,59.41421],[5.85692,59.40747],[5.85961,59.40255],[5.86575,59.39799]],[[5.61839,59.42548],[5.61847,59.42357],[5.62011,59.42223],[5.61966,59.42047]],[[5.62561,59.42601],[5.62653,59.42082],[5.62554,59.41779],[5.62631,59.41281],[5.62742,59.4106],[5.62966,59.40841],[5.6295,59.40643],[5.63093,59.40456],[5.63053,59.40393],[5.63135,59.40337],[5.63295,59.40348],[5.63272,59.40434],[5.63446,59.40426],[5.63748,59.40312],[5.63443,59.39989],[5.63551,59.39828],[5.63098,59.39804],[5.62932,59.39558],[5.63044,59.39431],[5.63318,59.39319],[5.63162,59.39242],[5.63181,59.3919],[5.63483,59.39101],[5.63447,59.38998],[5.63253,59.38835],[5.63572,59.38241],[5.63788,59.3817]],[[5.75166,59.43507],[5.75291,59.43311],[5.75264,59.43183],[5.75115,59.43034],[5.75017,59.42984],[5.74815,59.42959],[5.74394,59.42763],[5.7413,59.42565],[5.73649,59.4235],[5.73482,59.42199],[5.73331,59.42145],[5.73062,59.42152],[5.72915,59.42109]],[[5.77033,59.4364],[5.76921,59.43471],[5.76735,59.435],[5.76871,59.43629]],[[5.91437,59.44659],[5.91574,59.44613],[5.91506,59.44529],[5.92006,59.44326],[5.92036,59.44205],[5.92446,59.44015],[5.92401,59.43937],[5.91987,59.43923],[5.91982,59.43852],[5.92399,59.4384],[5.92741,59.43694],[5.92435,59.43592],[5.92279,59.43395],[5.91765,59.43311],[5.91451,59.43203],[5.91349,59.43029],[5.91409,59.42941],[5.91272,59.42793],[5.91368,59.42248],[5.91437,59.42175],[5.91723,59.42079],[5.91934,59.41957],[5.9205,59.41669],[5.92242,59.41533],[5.9229,59.41354],[5.92285,59.41267],[5.92054,59.4097],[5.91888,59.40956],[5.91752,59.40885],[5.91787,59.40783],[5.91906,59.40704],[5.92058,59.40671],[5.92156,59.40585],[5.92073,59.40483],[5.91933,59.40474],[5.91693,59.40331],[5.91671,59.40157]],[[5.94095,59.44845],[5.94209,59.44797],[5.94234,59.44703],[5.94429,59.447],[5.94891,59.44575],[5.95344,59.44606],[5.95649,59.44517],[5.96112,59.44489],[5.96499,59.44418],[5.96863,59.44433],[5.973,59.4437],[5.97592,59.44389],[5.98574,59.44603],[5.98815,59.44707]],[[6.00107,59.44861],[5.99433,59.44839],[5.99199,59.4476],[5.98815,59.44707]],[[5.62556,59.42627],[5.62479,59.42752]],[[5.61881,59.42618],[5.62017,59.42677],[5.62042,59.428],[5.62166,59.42756],[5.62327,59.42952],[5.62479,59.42752]],[[5.91437,59.44659],[5.914,59.44878],[5.91467,59.44931],[5.91887,59.45085],[5.92509,59.45125],[5.92741,59.45092],[5.92886,59.45168],[5.92884,59.45302],[5.93044,59.45372],[5.93264,59.45348],[5.93871,59.45175],[5.94029,59.45004],[5.93906,59.44897],[5.94095,59.44845]],[[5.74812,59.44228],[5.74696,59.44038],[5.7489,59.44023],[5.75003,59.43885],[5.74883,59.43775],[5.75131,59.43532]],[[5.77033,59.4364],[5.77314,59.43785],[5.77557,59.43744],[5.77703,59.43758],[5.78704,59.44298],[5.78761,59.4445],[5.79036,59.44524],[5.79666,59.44603],[5.80043,59.44866],[5.80408,59.44968],[5.80797,59.44991],[5.80833,59.45048],[5.80969,59.4508]],[[5.73986,59.44818],[5.74037,59.44878],[5.74317,59.44937],[5.74772,59.44802],[5.75182,59.44435],[5.75041,59.44236],[5.74907,59.44267],[5.74812,59.44228]],[[5.50376,59.4311],[5.50742,59.43298],[5.50819,59.43389],[5.51045,59.43286],[5.50936,59.43141],[5.50977,59.43106]],[[5.49525,59.4334],[5.503,59.43101],[5.50376,59.4311]],[[5.49003,59.43517],[5.49217,59.43493],[5.49525,59.4334]],[[5.48699,59.43637],[5.48876,59.43539],[5.49003,59.43517]],[[5.50977,59.43106],[5.51216,59.43054],[5.51184,59.42918],[5.51441,59.42842],[5.51824,59.43098],[5.51941,59.43255],[5.51902,59.43416],[5.52083,59.4343],[5.52249,59.43308],[5.52386,59.43318],[5.52602,59.43264],[5.52506,59.43501],[5.52583,59.43564],[5.528,59.4359],[5.5298,59.43494],[5.52907,59.4338],[5.53065,59.43344],[5.53395,59.4361],[5.53626,59.43611],[5.53765,59.43679],[5.5391,59.43956],[5.54151,59.44112]],[[5.54151,59.44112],[5.54152,59.44117]],[[5.53246,59.43712],[5.53165,59.43699],[5.53126,59.4374],[5.53198,59.44016],[5.53349,59.44141],[5.53524,59.44045],[5.53522,59.43964],[5.53262,59.43828],[5.53246,59.43712]],[[5.98021,59.47666],[5.98452,59.4756],[5.98703,59.47561],[5.9895,59.47694],[5.99319,59.47681],[5.99515,59.47765],[5.99699,59.47736],[5.99994,59.47762],[6.00239,59.47923]],[[5.46915,59.43509],[5.46906,59.43633],[5.47035,59.43877],[5.47018,59.44054],[5.47086,59.44101],[5.47273,59.44124],[5.47315,59.44196],[5.47487,59.44137],[5.4767,59.43983],[5.47908,59.43868],[5.4839,59.43794],[5.48484,59.43713],[5.48699,59.43637]],[[5.54152,59.44117],[5.54085,59.44324],[5.5443,59.44579],[5.54403,59.44861]],[[5.9238,59.47607],[5.92966,59.475],[5.93243,59.47507],[5.93511,59.4757],[5.94063,59.47535],[5.94204,59.47439],[5.94494,59.47413],[5.94875,59.47436],[5.95328,59.4755],[5.95671,59.47473],[5.96701,59.47588],[5.96969,59.47667],[5.97685,59.47716],[5.98021,59.47666]],[[5.92152,59.47641],[5.92224,59.476],[5.9238,59.47607]],[[5.55769,59.4502],[5.55534,59.44938],[5.55154,59.4489],[5.54664,59.44985],[5.54534,59.45051],[5.54403,59.44861]],[[5.48689,59.44421],[5.48646,59.44364],[5.48507,59.44369],[5.482,59.44465],[5.47971,59.4464],[5.48151,59.4464],[5.48563,59.44561],[5.48689,59.44421]],[[5.89065,59.47947],[5.89201,59.47872],[5.89207,59.47771],[5.89477,59.4778],[5.89546,59.47903],[5.89703,59.4788],[5.90156,59.47649],[5.90254,59.47696],[5.90518,59.47673],[5.90924,59.47434],[5.91233,59.47421],[5.91599,59.4748],[5.9179,59.47544],[5.91957,59.47666],[5.92152,59.47641]],[[5.73672,59.46886],[5.73704,59.46784],[5.73555,59.46649],[5.73849,59.4642],[5.73799,59.46378],[5.73549,59.46385],[5.73528,59.46309],[5.73618,59.46246],[5.73803,59.46202],[5.74142,59.46202],[5.74182,59.46146],[5.74162,59.46073],[5.73904,59.459],[5.73903,59.45655],[5.736,59.45464],[5.73568,59.45397],[5.73837,59.45003],[5.73808,59.44973],[5.73986,59.44818]],[[5.48392,59.44849],[5.48301,59.44836],[5.47989,59.45328],[5.48323,59.45198],[5.48477,59.45013],[5.48392,59.44849]],[[5.89065,59.47947],[5.88602,59.48093],[5.88528,59.4817],[5.88642,59.48332],[5.88936,59.48422]],[[5.74207,59.47395],[5.74371,59.47237],[5.74573,59.468],[5.74986,59.46671],[5.75536,59.46211],[5.75463,59.46026],[5.75527,59.45874],[5.75434,59.45821],[5.75441,59.45736],[5.76076,59.44866],[5.76268,59.44264],[5.76253,59.44131],[5.76389,59.43994],[5.76514,59.43945],[5.76625,59.43792],[5.76844,59.43708],[5.76871,59.43629]],[[5.46429,59.45438],[5.46659,59.45375],[5.46668,59.45286],[5.46636,59.45],[5.46239,59.44284],[5.46402,59.43784],[5.46241,59.43398],[5.46299,59.43349],[5.46435,59.43327],[5.46581,59.43415],[5.46569,59.43308],[5.46698,59.43267],[5.46846,59.43346],[5.46915,59.43509]],[[5.49001,59.45395],[5.4848,59.45447],[5.48283,59.45602],[5.4787,59.45777]],[[5.73672,59.46886],[5.73431,59.47096],[5.73287,59.47663],[5.73342,59.47692],[5.73454,59.4768],[5.73785,59.47458],[5.73908,59.47471],[5.7392,59.47535],[5.74035,59.47544],[5.74207,59.47395]],[[5.46429,59.45438],[5.46585,59.45519],[5.46549,59.45783]],[[5.47425,59.46016],[5.4787,59.45777]],[[5.5359,59.46468],[5.5342,59.46264],[5.53273,59.46195],[5.53063,59.4616],[5.53199,59.45996],[5.53173,59.45683],[5.52994,59.4561],[5.52998,59.4539],[5.52874,59.45271],[5.52918,59.45163],[5.5306,59.45116],[5.53119,59.45046],[5.53017,59.4497],[5.53088,59.44844],[5.52949,59.44819],[5.52997,59.4491],[5.52853,59.44924],[5.52827,59.44785],[5.525,59.44555],[5.52384,59.44552],[5.52154,59.44667],[5.52007,59.44631],[5.52034,59.44578],[5.51959,59.44564],[5.51594,59.44789],[5.51264,59.44843],[5.50964,59.45025],[5.50846,59.45015],[5.50696,59.44841],[5.50596,59.44822],[5.50181,59.44934],[5.49984,59.45069],[5.4963,59.45172],[5.49181,59.45382],[5.49001,59.45395]],[[5.56123,59.46653],[5.56217,59.46541],[5.56014,59.46272],[5.5598,59.45984],[5.56059,59.45782],[5.56009,59.4549],[5.56101,59.45271]],[[5.59519,59.469],[5.59552,59.46775],[5.59447,59.46551],[5.59226,59.46264],[5.59155,59.46023],[5.59018,59.45898],[5.59083,59.45673],[5.59039,59.45549],[5.59304,59.45453],[5.59764,59.4514],[5.5987,59.45123],[5.60026,59.45188],[5.59791,59.45314],[5.59758,59.45399],[5.6012,59.45466],[5.60316,59.45355],[5.60217,59.45208],[5.60249,59.45139],[5.60671,59.45063],[5.61053,59.44923],[5.61295,59.44599],[5.61248,59.44354],[5.61433,59.43854]],[[5.61329,59.47031],[5.61646,59.46636],[5.61793,59.46265],[5.61491,59.46026],[5.61555,59.45683],[5.61439,59.4547],[5.61527,59.45369],[5.61564,59.45134],[5.61792,59.44785],[5.61645,59.44469],[5.61716,59.44107],[5.62197,59.43425],[5.62196,59.43291],[5.6205,59.4327],[5.62058,59.43134],[5.62098,59.43093],[5.62213,59.431],[5.62308,59.43002],[5.62175,59.43023],[5.62009,59.4295],[5.61897,59.43004],[5.61783,59.42994],[5.61639,59.43472],[5.61468,59.4379]],[[5.85089,59.4873],[5.85067,59.48287],[5.85342,59.47628],[5.85421,59.47499],[5.85658,59.47383],[5.85683,59.47205],[5.85521,59.46896],[5.85564,59.46707],[5.85452,59.46627],[5.85479,59.46473],[5.85398,59.46385],[5.84934,59.46173],[5.84432,59.46044],[5.84104,59.45868],[5.84088,59.45778],[5.83876,59.45617],[5.83394,59.45626],[5.83128,59.45578],[5.82911,59.45606],[5.82485,59.45421],[5.81859,59.45282],[5.81722,59.45116],[5.81424,59.45133],[5.80969,59.4508]],[[5.90049,59.49079],[5.89828,59.48892],[5.89811,59.48778],[5.89893,59.48632],[5.89832,59.48547],[5.89372,59.48574],[5.88936,59.48422]],[[5.46868,59.46152],[5.47037,59.46038],[5.47255,59.46081],[5.47425,59.46016]],[[5.8975,59.49656],[5.89845,59.49614],[5.8982,59.49568],[5.89999,59.49339],[5.90049,59.49079]],[[5.61329,59.47031],[5.61459,59.47054],[5.61522,59.47258],[5.61419,59.47666]],[[5.56123,59.46653],[5.56042,59.46743],[5.56144,59.46914],[5.56364,59.46957],[5.56556,59.47124],[5.5696,59.47129],[5.57159,59.47176],[5.57571,59.47196],[5.57883,59.47352],[5.57957,59.47435],[5.58273,59.47522],[5.58864,59.47538],[5.59191,59.47507],[5.59265,59.4746],[5.59278,59.47218],[5.59475,59.4712],[5.59519,59.469]],[[5.88601,59.49657],[5.88942,59.49762],[5.8911,59.49702],[5.89389,59.49668]],[[5.5359,59.46468],[5.5355,59.46724],[5.53714,59.46997],[5.53727,59.47259]],[[5.61419,59.47666],[5.61423,59.47826]],[[5.61423,59.47826],[5.61543,59.48105]],[[5.61543,59.48105],[5.61491,59.48247],[5.61632,59.48585]],[[5.56076,59.48443],[5.5595,59.48166],[5.55912,59.4781],[5.55809,59.47655],[5.55828,59.47438],[5.5577,59.47334],[5.55554,59.47321],[5.55388,59.47528],[5.55084,59.47582],[5.54008,59.47466],[5.53727,59.47259]],[[5.58205,59.48736],[5.58564,59.48513],[5.58638,59.4829],[5.5829,59.4798],[5.57821,59.479],[5.57576,59.48057],[5.57427,59.48269],[5.57487,59.48567],[5.57663,59.487],[5.57768,59.48692],[5.58063,59.48786],[5.58205,59.48736]],[[5.63497,59.49124],[5.63353,59.489],[5.63149,59.48812],[5.63197,59.48722],[5.63131,59.48697],[5.62609,59.49064],[5.62699,59.49287],[5.62558,59.49286],[5.62405,59.49139],[5.6214,59.49175],[5.6205,59.49263]],[[5.46065,59.4819],[5.46223,59.48189]],[[5.61632,59.48585],[5.61555,59.48796],[5.61728,59.4897],[5.6174,59.49155],[5.61705,59.4921],[5.6158,59.49196],[5.61509,59.49231],[5.6158,59.49345],[5.61458,59.49511],[5.61484,59.4959],[5.61691,59.49586],[5.61672,59.49362],[5.61731,59.49321],[5.61829,59.4927],[5.61977,59.4929],[5.6205,59.49263]],[[5.45506,59.48655],[5.46065,59.4819]],[[5.63497,59.49124],[5.63511,59.49168],[5.63317,59.49302],[5.62897,59.49392],[5.63051,59.49983],[5.63128,59.50062]],[[5.57036,59.49622],[5.56524,59.49264],[5.56353,59.49083],[5.56076,59.48443]],[[5.4561,59.48776],[5.45449,59.48775],[5.45506,59.48655]],[[5.4706,59.48918],[5.46978,59.49023],[5.47021,59.49044]],[[5.47021,59.49044],[5.47173,59.49034],[5.47307,59.48975],[5.47163,59.48888],[5.4706,59.48918]],[[5.61831,59.50043],[5.61949,59.50007],[5.62268,59.50023],[5.62635,59.5028]],[[5.80902,59.51647],[5.81005,59.51583],[5.81115,59.51598]],[[5.62635,59.5028],[5.62759,59.50359],[5.62988,59.50382]],[[5.57036,59.49622],[5.57806,59.50036],[5.58202,59.50005],[5.5854,59.50137]],[[5.81115,59.51598],[5.81353,59.51725],[5.81444,59.51925],[5.81723,59.51935],[5.8182,59.51814],[5.82861,59.51091],[5.83131,59.5056],[5.83446,59.50229],[5.83539,59.49832],[5.83616,59.49751],[5.8383,59.49627],[5.84273,59.49167],[5.84667,59.489],[5.84974,59.4881],[5.85089,59.4873]],[[5.5854,59.50137],[5.58786,59.50323],[5.58886,59.50334],[5.59074,59.503],[5.59085,59.50206],[5.5901,59.50138],[5.59116,59.49997],[5.59334,59.4994],[5.59751,59.4995],[5.59954,59.50127],[5.6005,59.50108],[5.60146,59.50003],[5.60495,59.49967],[5.60634,59.50057],[5.60575,59.5019],[5.60706,59.50232],[5.60837,59.5022],[5.60868,59.50073],[5.61091,59.49938],[5.61721,59.50177],[5.61831,59.50043]],[[5.81449,59.52174],[5.81269,59.52021],[5.8085,59.51894],[5.80902,59.51647]],[[5.82156,59.52473],[5.81829,59.52225],[5.81449,59.52174]],[[5.45717,59.49787],[5.45938,59.49729],[5.45951,59.49502],[5.4589,59.49397],[5.46096,59.49176],[5.45915,59.48996],[5.45648,59.49021],[5.45664,59.48949],[5.45576,59.48903],[5.45747,59.48809],[5.4561,59.48776]],[[5.87086,59.53176],[5.86987,59.52548],[5.86791,59.52199],[5.86654,59.52074],[5.86761,59.51994],[5.86695,59.5184],[5.86803,59.51523],[5.86797,59.51225],[5.86694,59.51176],[5.86856,59.50948],[5.87,59.50445],[5.87166,59.50193],[5.87557,59.49823],[5.87985,59.49565],[5.88276,59.49538],[5.88601,59.49657]],[[5.46614,59.50477],[5.46428,59.50369],[5.46388,59.50281],[5.46585,59.5007],[5.46563,59.49935],[5.46934,59.4936],[5.46848,59.49216],[5.46913,59.49058],[5.46647,59.49078],[5.46549,59.49208],[5.4637,59.49233],[5.46345,59.49124],[5.4642,59.48961],[5.4617,59.48318],[5.46223,59.48189]],[[5.84266,59.5319],[5.84295,59.52853],[5.84082,59.52694],[5.84224,59.52498],[5.84043,59.52311],[5.83827,59.52265],[5.83798,59.52369],[5.8364,59.52482],[5.83322,59.52498],[5.82917,59.52597],[5.82573,59.52618],[5.82156,59.52473]],[[5.86986,59.53382],[5.87086,59.53176]],[[5.50812,59.51153],[5.50952,59.51147],[5.50936,59.51194]],[[5.86986,59.53382],[5.86902,59.53604],[5.87031,59.53833]],[[5.87031,59.53833],[5.87115,59.53996],[5.87037,59.54057]],[[5.48913,59.51274],[5.49289,59.51075],[5.495,59.51151],[5.49351,59.5133],[5.49404,59.51356],[5.49824,59.512],[5.50133,59.51224],[5.50173,59.51301],[5.50261,59.51306],[5.5047,59.5128],[5.50812,59.51153]],[[5.46614,59.50477],[5.46533,59.50703],[5.46583,59.51109],[5.46735,59.51209],[5.46839,59.51222],[5.47092,59.51155],[5.4721,59.51226],[5.47263,59.51381],[5.47576,59.51557],[5.47978,59.51599],[5.48269,59.51561],[5.48913,59.51274]],[[5.84266,59.5319],[5.84396,59.53548],[5.84358,59.53658],[5.84574,59.54013],[5.85254,59.54411]],[[5.85798,59.54457],[5.86589,59.54304],[5.86951,59.54075]],[[5.54389,59.53003],[5.54524,59.52879],[5.54553,59.52695]],[[5.50936,59.51194],[5.50834,59.51275],[5.50877,59.5139],[5.50751,59.51522],[5.5074,59.51639],[5.51011,59.51863],[5.51432,59.51721],[5.51569,59.51728],[5.5164,59.52352],[5.51912,59.52461],[5.51866,59.52688],[5.51983,59.52937],[5.52096,59.53029]],[[5.54584,59.53139],[5.54501,59.53116],[5.54418,59.53139],[5.54302,59.53294],[5.54323,59.5347],[5.5465,59.53392],[5.54584,59.53139]],[[5.54641,59.53685],[5.54894,59.534],[5.54885,59.53109],[5.5501,59.52918],[5.54984,59.52744],[5.55057,59.52655],[5.55088,59.52333],[5.54876,59.52111],[5.54804,59.52145],[5.54824,59.52335],[5.54553,59.52695]],[[5.54389,59.53003],[5.54201,59.53385],[5.53718,59.53691],[5.53459,59.53768],[5.53393,59.53755],[5.53252,59.53567],[5.52967,59.53563],[5.52869,59.53606],[5.52589,59.53525],[5.52522,59.53176],[5.52398,59.53],[5.52096,59.53029]],[[5.56302,59.54737],[5.56277,59.54753]],[[5.56302,59.54737],[5.56069,59.54485],[5.55852,59.54453],[5.55776,59.5449],[5.55811,59.54661],[5.55552,59.54749],[5.55525,59.54806],[5.55146,59.54677],[5.54946,59.54673],[5.55102,59.54237],[5.55033,59.54163],[5.5489,59.54183],[5.54859,59.54293],[5.54689,59.54434],[5.54412,59.54257],[5.54361,59.54066]],[[5.54944,59.54701],[5.54842,59.54717],[5.54744,59.55001],[5.54825,59.55068],[5.55021,59.55079],[5.55075,59.54915],[5.54944,59.54701]],[[5.56277,59.54753],[5.561,59.54699],[5.56032,59.54714],[5.5601,59.54889],[5.55871,59.54928],[5.55727,59.55033],[5.55754,59.55135],[5.55894,59.55226],[5.56107,59.55262]],[[5.56591,59.55727],[5.56467,59.55629],[5.56296,59.55344]],[[5.96994,59.33477],[5.96547,59.33572],[5.9641,59.33559]],[[5.95647,59.334],[5.95159,59.33362],[5.95317,59.33497],[5.95259,59.3354],[5.95344,59.33639],[5.95296,59.33746],[5.9548,59.33884],[5.95896,59.3393],[5.96045,59.33833],[5.96122,59.33834],[5.96192,59.33904],[5.96464,59.33841]],[[5.96464,59.33841],[5.96607,59.33841],[5.96801,59.33958],[5.97008,59.33994],[5.97074,59.34053],[5.97271,59.34055],[5.97285,59.34103],[5.97382,59.34127],[5.97743,59.34036],[5.97748,59.33948],[5.97976,59.3399],[5.98349,59.33914],[5.98355,59.33644],[5.98142,59.33462],[5.97553,59.33328],[5.97272,59.33353],[5.96994,59.33477]],[[5.86304,59.33512],[5.8649,59.33563],[5.86454,59.33613],[5.8651,59.33647],[5.86725,59.33605],[5.86739,59.3353],[5.86647,59.33466],[5.86374,59.33466],[5.86056,59.33537],[5.85568,59.33551],[5.85351,59.33686],[5.85586,59.33752],[5.86304,59.33512]],[[5.83979,59.34187],[5.84028,59.34131],[5.83953,59.34133]],[[5.85292,59.34402],[5.85188,59.34306],[5.85291,59.3415],[5.8523,59.3409],[5.85117,59.34088],[5.84985,59.34142],[5.84884,59.34305],[5.84692,59.34334],[5.84542,59.34286],[5.84233,59.34285],[5.84246,59.34102],[5.84093,59.34088],[5.83981,59.34031]],[[5.83896,59.34163],[5.83739,59.34254],[5.83751,59.34322],[5.83927,59.34231]],[[5.87543,59.33895],[5.87581,59.34375],[5.87534,59.34458],[5.87324,59.34321],[5.87001,59.3438],[5.86922,59.3427],[5.86886,59.34468],[5.86714,59.3455]],[[5.68039,59.32932],[5.67922,59.3293],[5.67977,59.32987],[5.67928,59.33031],[5.67732,59.33073],[5.677,59.33156],[5.67815,59.33235],[5.68262,59.33062],[5.68039,59.32932]],[[5.86714,59.3455],[5.86401,59.34515],[5.86124,59.34591],[5.86002,59.34543],[5.8559,59.34504],[5.85292,59.34402]],[[5.88631,59.34876],[5.88683,59.34649],[5.88525,59.34541],[5.88325,59.34485],[5.88297,59.34174],[5.88165,59.34079],[5.88015,59.34141],[5.87885,59.34116],[5.87847,59.33962],[5.87521,59.33687],[5.87466,59.33777],[5.87543,59.33895]],[[5.79975,59.34289],[5.80238,59.34065],[5.8035,59.33857],[5.80325,59.33298],[5.80094,59.33196],[5.80115,59.33092],[5.79948,59.32823],[5.79774,59.32812],[5.79543,59.32878],[5.79373,59.32844],[5.79385,59.32644],[5.79082,59.32411],[5.78854,59.32455],[5.78522,59.32715],[5.78596,59.32988],[5.78494,59.33197],[5.77905,59.33277],[5.7762,59.33264],[5.77586,59.33327],[5.77642,59.33364],[5.77336,59.33567],[5.77018,59.33498],[5.76936,59.33434],[5.76764,59.33445],[5.76506,59.33374],[5.76438,59.333],[5.76478,59.33225],[5.76298,59.33026],[5.76168,59.3297],[5.75744,59.32923],[5.75353,59.3325],[5.75393,59.33397],[5.75502,59.33488],[5.75501,59.33608],[5.75369,59.33702],[5.75224,59.33711]],[[5.96223,59.35274],[5.96091,59.35217],[5.95958,59.35263],[5.95926,59.35365],[5.9598,59.35423],[5.96165,59.35358],[5.96223,59.35274]],[[5.88631,59.34876],[5.88599,59.34935],[5.88686,59.34966]],[[5.97195,59.35723],[5.97379,59.35767],[5.97471,59.35622],[5.97889,59.35493],[5.97804,59.35406],[5.97876,59.35304],[5.97797,59.35212],[5.97631,59.35199],[5.97214,59.35338],[5.97071,59.35536]],[[5.97195,59.35723],[5.97118,59.35729],[5.97063,59.35815],[5.96958,59.35845]],[[5.67102,59.33837],[5.67267,59.33685],[5.67508,59.33646]],[[5.80305,59.34836],[5.80286,59.3477],[5.80074,59.34712],[5.79961,59.34733],[5.79883,59.34659]],[[5.74606,59.3443],[5.74537,59.34304],[5.74602,59.3422],[5.7512,59.33863],[5.75224,59.33711]],[[5.8049,59.34849],[5.80799,59.3474],[5.81066,59.34775],[5.81349,59.34658],[5.8135,59.34331],[5.81551,59.34096],[5.81727,59.33607],[5.81659,59.33538],[5.81673,59.33447],[5.8192,59.33296],[5.82175,59.33263],[5.82287,59.33051],[5.82453,59.3304],[5.82463,59.3297],[5.82574,59.32919],[5.82661,59.32923],[5.82695,59.32968],[5.82599,59.33048],[5.8254,59.33353],[5.82671,59.33473],[5.8279,59.33478],[5.82762,59.33532],[5.82872,59.33695],[5.83087,59.33738],[5.8314,59.33868],[5.83494,59.33978],[5.83377,59.34115],[5.83509,59.34089],[5.83774,59.33928],[5.83981,59.34031]],[[5.89101,59.35459],[5.8905,59.35236],[5.89089,59.35105],[5.89195,59.35063],[5.89093,59.3501],[5.88868,59.35015],[5.88686,59.34966]],[[5.94571,59.35843],[5.9461,59.3579],[5.9496,59.35712],[5.95191,59.35599],[5.95644,59.35483],[5.95923,59.35532],[5.96255,59.35721],[5.96378,59.3571],[5.96379,59.35631],[5.96582,59.35501],[5.96936,59.35493],[5.97006,59.3555],[5.97071,59.35536]],[[5.97546,59.36051],[5.97485,59.35981],[5.97132,59.35936],[5.96958,59.35845]],[[5.80305,59.34836],[5.80341,59.34871],[5.8049,59.34849]],[[5.48724,59.32592],[5.48961,59.32728]],[[5.94571,59.35843],[5.94355,59.36015]],[[5.74497,59.34422],[5.74502,59.34574],[5.74643,59.34635],[5.74606,59.3443]],[[5.48961,59.32728],[5.49056,59.32876],[5.49011,59.33026]],[[5.89294,59.36061],[5.8932,59.35921],[5.89235,59.35854],[5.89303,59.35723],[5.89275,59.3563],[5.89101,59.35459]],[[5.66273,59.34091],[5.6606,59.34138],[5.65954,59.34246],[5.65855,59.34451],[5.65865,59.34627]],[[5.88976,59.36398],[5.89226,59.36199],[5.89294,59.36061]],[[5.65865,59.34627],[5.66048,59.34904]],[[5.89055,59.36697],[5.88891,59.3656],[5.88976,59.36398]],[[5.66211,59.35142],[5.66048,59.34904]],[[5.97546,59.36051],[5.97592,59.36269],[5.97708,59.36401],[5.98121,59.3669],[5.98147,59.36953],[5.98784,59.37093],[5.99054,59.37241],[5.99336,59.37491]],[[5.61569,59.34806],[5.61506,59.34656],[5.61299,59.34515],[5.6126,59.34417],[5.61277,59.34359],[5.61387,59.34345],[5.61482,59.34256],[5.61421,59.33803],[5.61486,59.33573],[5.61428,59.33479]],[[5.89227,59.36784],[5.89055,59.36697]],[[5.93976,59.37117],[5.93996,59.36927],[5.94193,59.36866],[5.94361,59.36708],[5.94262,59.36603],[5.94111,59.36574],[5.94259,59.36463],[5.94167,59.36182],[5.94355,59.36015]],[[5.6564,59.35101],[5.65655,59.34993],[5.65402,59.34984],[5.65036,59.34871],[5.65058,59.34639],[5.64954,59.34352],[5.64688,59.34133],[5.64675,59.33943],[5.64534,59.3379],[5.64368,59.3374],[5.64279,59.33818],[5.64184,59.3374],[5.64088,59.33746],[5.63958,59.33872],[5.63968,59.34017],[5.63849,59.34],[5.63562,59.34084],[5.63457,59.34]],[[5.62135,59.34057],[5.62013,59.34243],[5.62015,59.34838]],[[5.63433,59.34941],[5.63379,59.35032],[5.63463,59.35106],[5.63424,59.35173],[5.63056,59.35306],[5.62656,59.35786],[5.6249,59.3583],[5.6241,59.35793],[5.62306,59.35879],[5.6236,59.36312],[5.62257,59.36425],[5.62417,59.36526],[5.62787,59.36567],[5.6282,59.36297],[5.62725,59.36196],[5.62778,59.36141],[5.63069,59.36379],[5.63211,59.36568],[5.63405,59.36529],[5.63672,59.36326],[5.63772,59.36311],[5.63519,59.36684],[5.63709,59.36884],[5.63589,59.36928],[5.6347,59.36873],[5.63362,59.36956],[5.63444,59.37051],[5.63626,59.37022],[5.63771,59.37131],[5.63773,59.37228],[5.63904,59.37265],[5.64045,59.37215],[5.64247,59.3697],[5.64615,59.36775],[5.64697,59.36584],[5.64631,59.36225],[5.64768,59.36017],[5.6478,59.35858],[5.65046,59.35679],[5.65194,59.3546],[5.65462,59.3554],[5.65555,59.35505],[5.65637,59.35307],[5.65452,59.35265],[5.6564,59.35101]],[[5.63306,59.34932],[5.63414,59.34858],[5.63482,59.34889],[5.63433,59.34941]],[[5.62982,59.34908],[5.63113,59.3489],[5.632,59.34924]],[[5.45641,59.35041],[5.45576,59.34275],[5.45165,59.3422],[5.45021,59.33896],[5.44888,59.33792],[5.4482,59.33788],[5.44519,59.33918],[5.44266,59.33929],[5.44295,59.33824],[5.44192,59.33761],[5.4421,59.33701],[5.44337,59.33636],[5.44323,59.33542]],[[5.65925,59.35348],[5.65917,59.35377]],[[5.45625,59.35281],[5.45641,59.35041]],[[5.62551,59.37093],[5.62487,59.37094],[5.62443,59.37198],[5.62515,59.37322],[5.62679,59.37254],[5.62551,59.37093]],[[5.61139,59.37083],[5.61044,59.37037],[5.60891,59.371],[5.60977,59.37252],[5.61151,59.37355],[5.61091,59.3721],[5.61177,59.37131],[5.61139,59.37083]],[[5.63986,59.38184],[5.63788,59.3817]],[[5.63986,59.38184],[5.64055,59.38189]],[[5.64261,59.40409],[5.64227,59.40337],[5.63846,59.40377],[5.64014,59.40479],[5.64261,59.40409]],[[5.62561,59.42601],[5.62556,59.42627]],[[5.75131,59.43532],[5.75166,59.43507]],[[5.61881,59.42618],[5.61839,59.42548]],[[5.61433,59.43854],[5.61468,59.4379]],[[5.52953,59.43693],[5.52847,59.43629],[5.5277,59.43639],[5.5276,59.4371],[5.52888,59.43786],[5.5297,59.43749],[5.52953,59.43693]],[[5.74286,59.46343],[5.74096,59.46352],[5.74046,59.46405],[5.74184,59.4652],[5.74286,59.46343]],[[5.56101,59.45271],[5.55912,59.45074],[5.55769,59.4502]],[[5.48996,59.44716],[5.48927,59.44678],[5.48857,59.44688],[5.48783,59.44839],[5.48682,59.44885],[5.48725,59.44923],[5.48875,59.44898],[5.48996,59.44716]],[[5.46576,59.45953],[5.46549,59.45783]],[[5.46576,59.45953],[5.46687,59.46105],[5.46868,59.46152]],[[5.62988,59.50382],[5.63203,59.50202],[5.63128,59.50062]],[[5.85254,59.54411],[5.85347,59.54443],[5.85798,59.54457]],[[5.54641,59.53685],[5.54492,59.5381],[5.54361,59.54066]],[[5.56107,59.55262],[5.56296,59.55344]],[[5.632,59.34924],[5.63306,59.34932]],[[5.62015,59.34838],[5.62034,59.35205],[5.62358,59.3542],[5.62485,59.35397],[5.62681,59.35029],[5.62982,59.34908]],[[5.95925,59.32967],[5.95732,59.32961],[5.95675,59.33035],[5.95778,59.33095],[5.96006,59.33078],[5.95925,59.32967]],[[5.67671,59.32765],[5.67613,59.32756],[5.67513,59.32826],[5.67554,59.32893],[5.67676,59.3293],[5.67671,59.32765]],[[5.83927,59.34231],[5.83979,59.34187]],[[5.79975,59.34289],[5.79792,59.34477],[5.79883,59.34659]],[[5.48864,59.33074],[5.49011,59.33026]],[[5.48641,59.33237],[5.48864,59.33074]],[[5.45672,59.33519],[5.45659,59.3364]],[[6.00121,59.02102],[5.9981,59.02158],[5.99675,59.02116],[5.99529,59.01968],[5.99665,59.01834],[5.99562,59.01785],[5.9918,59.01997],[5.99131,59.02121],[5.98994,59.02136],[5.9879,59.02042],[5.98659,59.02054],[5.98362,59.02175]],[[5.9714,59.0247],[5.96746,59.02297],[5.9658,59.02149]],[[5.9714,59.0247],[5.97709,59.024],[5.9787,59.02303],[5.98362,59.02175]],[[5.83523,59.0132],[5.83026,59.01523],[5.8309,59.01603],[5.83357,59.01698],[5.83432,59.0169],[5.83629,59.01539],[5.83523,59.0132]],[[5.89897,59.02619],[5.90102,59.02315],[5.90126,59.02053],[5.90273,59.01901],[5.90285,59.01794],[5.9001,59.01709],[5.89785,59.01737],[5.89631,59.01852],[5.8881,59.02124],[5.88665,59.02222],[5.88575,59.02411],[5.88652,59.02597],[5.88926,59.0257],[5.89524,59.02433],[5.89673,59.02501],[5.8967,59.02593],[5.89553,59.0265],[5.89748,59.0267],[5.89897,59.02619]],[[5.94096,59.03144],[5.94486,59.03017],[5.94469,59.02839],[5.94936,59.02712],[5.95186,59.02536],[5.95151,59.02413],[5.94975,59.02421],[5.94983,59.02393],[5.95483,59.02102],[5.9642,59.01985],[5.96519,59.02012],[5.9658,59.02149]],[[5.92773,59.04095],[5.93328,59.03646],[5.9353,59.03572],[5.93739,59.03563],[5.93937,59.03477],[5.94116,59.03332],[5.94096,59.03144]],[[5.8334,59.03794],[5.833,59.03649],[5.83108,59.03574],[5.82855,59.03676],[5.82557,59.03734]],[[5.8344,59.04156],[5.83498,59.0401],[5.8334,59.03794]],[[5.82557,59.03734],[5.8175,59.03948],[5.81715,59.03996],[5.81819,59.04102]],[[5.91822,59.04862],[5.92367,59.04673],[5.92428,59.04573],[5.92351,59.04351],[5.92773,59.04095]],[[5.82668,59.04695],[5.82669,59.04658],[5.82888,59.04622]],[[5.83081,59.0476],[5.83235,59.0475],[5.83395,59.04655],[5.83377,59.04258],[5.8344,59.04156]],[[5.81965,59.04351],[5.8153,59.04686],[5.81481,59.04813],[5.81571,59.04916],[5.81429,59.05024],[5.81409,59.05226],[5.81473,59.05238],[5.81754,59.05128],[5.82153,59.0529],[5.82292,59.05284],[5.82441,59.05136],[5.82409,59.04991],[5.82544,59.04912],[5.82623,59.0491],[5.82666,59.04855],[5.82668,59.04695]],[[5.91633,59.04971],[5.9155,59.05175],[5.91382,59.05292],[5.91522,59.05538],[5.91318,59.06008],[5.91339,59.06306],[5.91198,59.06453]],[[5.88863,59.06772],[5.88781,59.06768],[5.88698,59.06818],[5.88657,59.06909],[5.888,59.0691],[5.88859,59.06873],[5.88863,59.06772]],[[5.88939,59.08342],[5.88936,59.08273],[5.89369,59.07884],[5.89343,59.0769],[5.89036,59.07453],[5.88975,59.07347],[5.89379,59.0664],[5.89596,59.06567],[5.89761,59.06453],[5.89953,59.06439],[5.90206,59.06473],[5.90394,59.06402],[5.90725,59.0636],[5.90865,59.06575],[5.91198,59.06453]],[[5.82446,59.08132],[5.8253,59.08079],[5.82704,59.08069],[5.828,59.07979],[5.82689,59.07925],[5.82515,59.07977],[5.82301,59.0787]],[[5.88939,59.08342],[5.8908,59.0847],[5.89088,59.08591],[5.89492,59.08633],[5.89723,59.08612],[5.89786,59.08697],[5.89764,59.08894],[5.89869,59.08903],[5.9009,59.08822],[5.90486,59.08854],[5.90606,59.08876],[5.90708,59.08988]],[[5.82101,59.08401],[5.82446,59.08132]],[[5.91822,59.04862],[5.91633,59.04971]],[[5.81819,59.04102],[5.81965,59.04351]],[[5.82888,59.04622],[5.82998,59.04742],[5.83081,59.0476]],[[5.82301,59.0787],[5.82252,59.07843]],[[5.20384,59.31748],[5.20293,59.3188],[5.20521,59.3194],[5.20814,59.3178]],[[5.37025,59.33178],[5.37366,59.33341],[5.37544,59.33282],[5.37744,59.33369],[5.37725,59.33179],[5.37817,59.33059]],[[5.36386,59.33004],[5.36295,59.33255],[5.36388,59.33338],[5.36795,59.33378],[5.36891,59.33295],[5.36859,59.33231],[5.37025,59.33178]],[[5.39407,59.33177],[5.38993,59.33661],[5.39188,59.33654],[5.39272,59.33696],[5.39139,59.33873],[5.39417,59.33981],[5.39593,59.33993],[5.39774,59.33927]],[[5.39708,59.34159],[5.4019,59.34038],[5.40484,59.34024],[5.40693,59.34084],[5.40909,59.33947],[5.40697,59.33913],[5.40624,59.33857],[5.40635,59.33785],[5.40533,59.33748],[5.40456,59.33887],[5.40384,59.33881],[5.40315,59.33812],[5.39912,59.33922]],[[5.27861,59.33644],[5.28136,59.33629],[5.28387,59.33549],[5.28113,59.33434],[5.28116,59.33398],[5.28711,59.33378],[5.28667,59.33154],[5.28773,59.33166],[5.28944,59.33286],[5.29241,59.33318],[5.29452,59.33292],[5.29494,59.33158],[5.29684,59.33075],[5.29769,59.32971],[5.2962,59.32815],[5.29572,59.32671],[5.29822,59.32628],[5.29884,59.32567],[5.29852,59.32515],[5.29937,59.32469]],[[5.2785,59.33653],[5.27861,59.33644]],[[5.39708,59.34159],[5.39494,59.34192],[5.39278,59.34523],[5.39354,59.3463],[5.39578,59.34615]],[[5.39553,59.34703],[5.39653,59.34655],[5.39578,59.34615]],[[5.1944,59.33026],[5.19377,59.33025],[5.19245,59.33223],[5.1943,59.33227],[5.19565,59.33188],[5.1944,59.33026]],[[5.30811,59.3411],[5.30873,59.34104]],[[5.27779,59.33993],[5.27953,59.33883],[5.2785,59.33653]],[[5.3093,59.33906],[5.30688,59.33845],[5.30582,59.33563],[5.30346,59.33588],[5.30261,59.33542],[5.30243,59.33457],[5.30016,59.33472],[5.29925,59.33603],[5.30118,59.33742],[5.29957,59.33782],[5.3003,59.34055],[5.29907,59.34152],[5.29678,59.3412],[5.2979,59.3402],[5.2974,59.33856],[5.29629,59.33851],[5.29578,59.33887],[5.29295,59.33878],[5.29241,59.33822],[5.29314,59.33726],[5.29259,59.33692],[5.29112,59.33687],[5.28734,59.33819],[5.28689,59.34068],[5.28759,59.34161],[5.2893,59.34237]],[[5.32078,59.34522],[5.31837,59.34303],[5.31794,59.34312],[5.31697,59.34435],[5.31728,59.34509],[5.3201,59.34562],[5.32078,59.34522]],[[5.27921,59.34322],[5.27923,59.34151],[5.27779,59.33993]],[[5.28833,59.34285],[5.2852,59.34098],[5.28387,59.34194],[5.28463,59.34399],[5.28169,59.34333],[5.27921,59.34322]],[[5.2893,59.34237],[5.29205,59.34288],[5.29507,59.3423],[5.29874,59.34238],[5.29861,59.34317],[5.29713,59.34316],[5.29613,59.34377],[5.29787,59.34523],[5.30089,59.34593],[5.30409,59.34537],[5.30674,59.344],[5.30461,59.343],[5.30597,59.34192],[5.30689,59.3424],[5.30806,59.34234],[5.30811,59.3411]],[[5.27868,59.34331],[5.27756,59.34333],[5.27753,59.3453],[5.27882,59.34442],[5.27868,59.34331]],[[5.39553,59.34703],[5.3924,59.34816],[5.39325,59.34975],[5.38991,59.35027],[5.39016,59.35335],[5.38854,59.35314],[5.388,59.35347],[5.38804,59.3549],[5.38909,59.35537],[5.39038,59.3575],[5.39111,59.35766]],[[5.21008,59.31795],[5.2092,59.31868],[5.20971,59.31975],[5.21215,59.32009],[5.21254,59.32058],[5.2146,59.32019],[5.21732,59.32111],[5.21749,59.32156],[5.21466,59.32093],[5.2122,59.32112],[5.21146,59.32063],[5.20967,59.32137],[5.20798,59.32133],[5.20255,59.3197],[5.20073,59.3201],[5.19849,59.32376],[5.1994,59.32411],[5.20165,59.32392],[5.2023,59.32417],[5.20174,59.32453],[5.19985,59.3245],[5.19845,59.32525],[5.19566,59.32805],[5.19736,59.32814],[5.19714,59.3295],[5.19889,59.33011],[5.20199,59.3299],[5.20295,59.33105],[5.20083,59.3314],[5.19991,59.33239],[5.19357,59.33419],[5.19295,59.33533],[5.18847,59.33745],[5.18869,59.33831],[5.18792,59.33937],[5.18856,59.33986],[5.187,59.34185],[5.18747,59.34291],[5.19099,59.34289],[5.19115,59.34427],[5.19188,59.34451],[5.19557,59.34397],[5.1986,59.34187],[5.19906,59.34207],[5.19865,59.34305],[5.20057,59.34283],[5.20073,59.34322]],[[5.32762,59.3359],[5.32532,59.33641],[5.32524,59.33765],[5.32379,59.33864],[5.32429,59.34154],[5.32273,59.34225],[5.32228,59.34364],[5.32308,59.3458],[5.31894,59.34669],[5.31794,59.34745],[5.31772,59.34852],[5.31592,59.34911],[5.31606,59.35017],[5.31776,59.35099],[5.3179,59.35444]],[[5.21533,59.34674],[5.21869,59.34628]],[[5.29321,59.35342],[5.29406,59.35232],[5.29755,59.35284],[5.29855,59.35068],[5.30105,59.34954],[5.30258,59.34972],[5.30306,59.34931],[5.29845,59.34808],[5.29447,59.34827],[5.2953,59.34999],[5.29272,59.3507],[5.29172,59.34977],[5.29316,59.34932],[5.2932,59.34885],[5.28936,59.34642],[5.29139,59.34481],[5.28833,59.34285]],[[5.29321,59.35342],[5.29323,59.35351]],[[5.30538,59.35267],[5.30402,59.35208],[5.30195,59.35221],[5.29878,59.3539],[5.30046,59.35467],[5.30226,59.35437],[5.30402,59.35471],[5.30348,59.35586],[5.30435,59.35624]],[[5.30435,59.35624],[5.30683,59.35646],[5.30692,59.35594],[5.30516,59.35566],[5.30511,59.35526],[5.30927,59.35435],[5.31023,59.35317],[5.30979,59.35236],[5.30538,59.35267]],[[5.19499,59.34885],[5.19696,59.34744],[5.19479,59.34629],[5.19493,59.34587],[5.19653,59.34501],[5.19816,59.34483],[5.19968,59.34416],[5.20073,59.34322]],[[5.21533,59.34674],[5.20598,59.34969]],[[5.21575,59.35043],[5.21562,59.34983],[5.21394,59.35024],[5.21324,59.34992],[5.21196,59.35014]],[[5.21973,59.35073],[5.21945,59.34836],[5.22202,59.34588],[5.22451,59.34514],[5.22271,59.34528],[5.2212,59.34477],[5.22013,59.34599],[5.21869,59.34628]],[[5.28542,59.35569],[5.28481,59.35492],[5.28375,59.35542]],[[5.29367,59.35631],[5.29572,59.35591],[5.297,59.35637],[5.29767,59.35613],[5.29828,59.3539],[5.29697,59.35321],[5.29588,59.35328],[5.29623,59.35504],[5.29563,59.35545],[5.29323,59.35351]],[[5.30201,59.35693],[5.30204,59.35572],[5.3011,59.35528],[5.30039,59.35681]],[[5.31136,59.35764],[5.3134,59.35681],[5.31375,59.35572],[5.31499,59.35511],[5.3179,59.35444]],[[5.21575,59.35043],[5.2162,59.35079],[5.21738,59.35077]],[[5.21738,59.35077],[5.21943,59.35112],[5.21973,59.35073]],[[5.21196,59.35014],[5.20983,59.35078],[5.20945,59.35155],[5.21113,59.35174],[5.21251,59.35147],[5.21224,59.35265],[5.21408,59.35324],[5.21676,59.35293]],[[5.21655,59.35362],[5.21924,59.35296],[5.21887,59.35272],[5.21676,59.35293]],[[5.19499,59.34885],[5.19414,59.3513],[5.19033,59.35118],[5.1875,59.35275],[5.18736,59.35324],[5.1887,59.35377],[5.1876,59.35411],[5.18842,59.35458],[5.19003,59.35432],[5.19177,59.35306],[5.19504,59.35413],[5.19842,59.35394],[5.19972,59.35199],[5.20598,59.34969]],[[5.20744,59.35372],[5.20696,59.35357],[5.20563,59.35415],[5.20619,59.35595],[5.2085,59.35513],[5.20731,59.35421],[5.20744,59.35372]],[[5.19607,59.35467],[5.19588,59.35417],[5.19506,59.35457],[5.1941,59.35431],[5.1928,59.35463],[5.19464,59.35533],[5.19607,59.35467]],[[5.21655,59.35362],[5.21544,59.35429],[5.21408,59.35414],[5.21371,59.35477],[5.21279,59.35462],[5.21125,59.35499],[5.21153,59.3558],[5.20814,59.35709],[5.20946,59.35768],[5.21018,59.35757],[5.21486,59.35496],[5.21548,59.35732]],[[5.38342,59.2943],[5.38285,59.29426],[5.38179,59.29512],[5.38393,59.29583],[5.38439,59.29518],[5.38342,59.2943]],[[5.39372,59.29646],[5.3931,59.29635],[5.39169,59.29727],[5.39363,59.29861],[5.39415,59.29829],[5.39372,59.29646]],[[5.38346,59.29707],[5.3825,59.29621],[5.38019,59.29636],[5.37936,59.29907],[5.38163,59.29965],[5.38289,59.29815],[5.3836,59.29804],[5.38346,59.29707]],[[5.40704,59.30006],[5.40586,59.29999],[5.40428,59.29921],[5.40159,59.30017],[5.40003,59.30216],[5.40091,59.30434],[5.3986,59.3056],[5.39794,59.30794]],[[5.37403,59.30631],[5.37172,59.30239]],[[5.2107,59.29393],[5.2115,59.29466],[5.20986,59.29642],[5.21243,59.29868]],[[5.2213,59.29953],[5.22158,59.29922],[5.22702,59.2986],[5.22744,59.29749],[5.22952,59.29664],[5.23053,59.29552],[5.23395,59.29362]],[[5.28859,59.3047],[5.28996,59.30498],[5.29309,59.30365],[5.29272,59.3027],[5.29105,59.30239],[5.29161,59.30155],[5.29467,59.30264],[5.29779,59.30202],[5.29789,59.3034],[5.29853,59.30358],[5.29934,59.30222],[5.30097,59.30226],[5.30753,59.30112],[5.30666,59.29807],[5.30337,59.29834],[5.30009,59.29805],[5.30001,59.29704],[5.30082,59.29626],[5.30174,59.2956],[5.30391,59.29522],[5.3033,59.29448],[5.30138,59.29402],[5.29983,59.29408]],[[5.28801,59.30541],[5.28859,59.3047]],[[5.32037,59.30909],[5.32024,59.30877],[5.32152,59.3086],[5.32179,59.30796],[5.31986,59.30726],[5.31875,59.30616]],[[5.31875,59.30616],[5.31736,59.30563],[5.31195,59.30639],[5.30926,59.30791],[5.30904,59.30913]],[[5.20141,59.29998],[5.20395,59.30024],[5.20664,59.29996],[5.20322,59.29845],[5.20296,59.29712],[5.20347,59.29673],[5.20575,59.29767],[5.20887,59.29755],[5.20928,59.29688],[5.20876,59.29517],[5.20795,59.29515],[5.20626,59.29606],[5.20686,59.29673],[5.20619,59.29713],[5.2049,59.29606],[5.20316,59.29619],[5.20239,59.29508],[5.19955,59.295],[5.19867,59.29426],[5.1976,59.29504],[5.19951,59.2958],[5.1995,59.29687],[5.19271,59.29555],[5.19041,59.29565],[5.19009,59.29644],[5.19106,59.29698],[5.19368,59.29707],[5.19377,59.29946],[5.1953,59.30044],[5.19754,59.301],[5.20141,59.29998]],[[5.30544,59.30914],[5.3084,59.30949],[5.30904,59.30913]],[[5.21243,59.29868],[5.2121,59.29896],[5.20979,59.2989],[5.20925,59.29988],[5.21066,59.30023],[5.21039,59.30076],[5.21186,59.3015],[5.21382,59.30176],[5.21531,59.3014],[5.21487,59.30227],[5.21538,59.30328],[5.2183,59.30218],[5.21834,59.30177],[5.22035,59.30086],[5.2213,59.29953]],[[5.2063,59.30093],[5.20373,59.30104],[5.20352,59.30216],[5.20692,59.30252],[5.20727,59.30201],[5.2063,59.30093]],[[5.21043,59.30139],[5.20856,59.30149],[5.2091,59.30283],[5.21185,59.30206],[5.21043,59.30139]],[[5.28801,59.30541],[5.28926,59.30788],[5.29002,59.30797],[5.29246,59.30704],[5.29978,59.30684],[5.30075,59.30702],[5.30202,59.30809],[5.30017,59.30905],[5.30068,59.30972],[5.30168,59.31001],[5.30351,59.3097],[5.30417,59.30912],[5.3037,59.30816],[5.3051,59.30858],[5.30544,59.30914]],[[5.38153,59.31648],[5.37554,59.30736],[5.37403,59.30631]],[[5.23275,59.29778],[5.23019,59.29869],[5.22856,59.30023],[5.22755,59.30051],[5.2274,59.30227],[5.22572,59.30362],[5.22572,59.30483]],[[5.21863,59.30543],[5.22291,59.3041],[5.22566,59.30483]],[[5.21447,59.30312],[5.21266,59.30288],[5.21101,59.30401],[5.21152,59.30451],[5.21376,59.30456],[5.21447,59.30312]],[[5.19198,59.3034],[5.19231,59.30224],[5.19119,59.30167],[5.19006,59.30198],[5.18922,59.30174],[5.18881,59.30316]],[[5.32037,59.30909],[5.32529,59.31132],[5.32408,59.31338]],[[5.38144,59.31766],[5.38153,59.31648]],[[5.39739,59.31885],[5.39453,59.31745],[5.3939,59.31767],[5.39397,59.31859]],[[5.39739,59.31885],[5.39784,59.31932],[5.39831,59.31892]],[[5.18881,59.30316],[5.18877,59.30365],[5.18987,59.30403],[5.19126,59.30394],[5.19198,59.3034]],[[5.20939,59.30589],[5.2081,59.30562],[5.207,59.30657],[5.20877,59.30737],[5.21025,59.30682],[5.20939,59.30589]],[[5.22616,59.31015],[5.2293,59.30968]],[[5.2195,59.31131],[5.22025,59.30966],[5.22446,59.311],[5.22552,59.31085],[5.22616,59.31015]],[[5.33671,59.31432],[5.33677,59.31495],[5.33454,59.31527],[5.33432,59.3164],[5.33731,59.31818],[5.33721,59.32014],[5.33944,59.32152],[5.3453,59.32162],[5.34602,59.32146],[5.34617,59.32017],[5.34805,59.32088],[5.34879,59.31973],[5.34984,59.32041]],[[5.21863,59.30543],[5.21593,59.30694],[5.21636,59.30862],[5.21382,59.30912],[5.21283,59.31016],[5.21328,59.31085],[5.21162,59.31177],[5.21268,59.31249],[5.21408,59.31274],[5.21751,59.31244],[5.2195,59.31131]],[[5.22821,59.31345],[5.22899,59.31466],[5.22981,59.31472],[5.2293,59.30968]],[[5.18828,59.30922],[5.18951,59.30954],[5.19125,59.31153],[5.19266,59.31165],[5.19426,59.31086],[5.19408,59.31054],[5.19206,59.31024],[5.19082,59.3093],[5.19019,59.30824],[5.19053,59.30741],[5.19023,59.30688],[5.1895,59.30678],[5.18453,59.30736],[5.1836,59.3078],[5.18327,59.3113],[5.18648,59.31165],[5.18826,59.31242],[5.1895,59.31223],[5.18916,59.31154],[5.1878,59.31113],[5.18828,59.30922]],[[5.31469,59.3203],[5.31627,59.32061],[5.31566,59.32236],[5.3176,59.32337],[5.31913,59.32084],[5.32151,59.3188],[5.32296,59.31661],[5.32262,59.31503],[5.32121,59.31461],[5.32251,59.31357],[5.32408,59.31338]],[[5.36949,59.32342],[5.36697,59.32532],[5.36398,59.32953]],[[5.35409,59.32796],[5.35703,59.32838],[5.36183,59.32546],[5.36296,59.32347],[5.36392,59.32298]],[[5.29937,59.32469],[5.3029,59.32411],[5.30433,59.32222],[5.30715,59.32017]],[[5.22821,59.31345],[5.22699,59.31208],[5.22382,59.31145],[5.22189,59.31163],[5.21902,59.31287],[5.21954,59.31387],[5.21803,59.31679],[5.21457,59.31617],[5.213,59.31734],[5.21008,59.31795]],[[5.19332,59.31686],[5.19287,59.31664]],[[5.21048,59.3151],[5.20924,59.31489],[5.20636,59.31541],[5.20615,59.31625],[5.20384,59.31748]],[[5.20814,59.3178],[5.209,59.31672],[5.21078,59.31648],[5.21048,59.3151]],[[5.37177,59.35162],[5.37293,59.34769],[5.37399,59.34704],[5.37501,59.34493],[5.37519,59.33931],[5.37441,59.33721],[5.37263,59.33613],[5.37159,59.33598],[5.37031,59.33654],[5.36899,59.33658],[5.36635,59.33541],[5.36405,59.33362],[5.36283,59.33384],[5.3616,59.33282],[5.35865,59.33339],[5.35743,59.33266],[5.35761,59.33196],[5.35598,59.33101],[5.35637,59.33035],[5.35565,59.32972],[5.35332,59.32947],[5.35244,59.32867]],[[5.34586,59.32817],[5.34527,59.32931],[5.34214,59.32951],[5.34208,59.33074],[5.34297,59.33167],[5.34036,59.33109],[5.34007,59.33251],[5.33937,59.33281],[5.33602,59.33102],[5.33391,59.33053],[5.33314,59.33297],[5.33199,59.33331],[5.32964,59.33303],[5.32902,59.33362],[5.32946,59.33446],[5.32762,59.3359]],[[5.36398,59.32953],[5.36386,59.33004]],[[5.37082,59.35535],[5.37177,59.35162]],[[5.1917,59.31655],[5.19059,59.31753],[5.19101,59.31789],[5.19336,59.31729],[5.19332,59.31686]],[[5.1898,59.29781],[5.1889,59.29761],[5.18777,59.29871],[5.18966,59.29883],[5.19017,59.29859],[5.1898,59.29781]],[[5.29406,59.30565],[5.29227,59.30533],[5.29119,59.3062],[5.29232,59.30659],[5.29406,59.30565]],[[5.22566,59.30483],[5.22572,59.30483]],[[5.28542,59.35569],[5.28642,59.35624]],[[5.28375,59.35542],[5.28357,59.35555]],[[5.21545,59.35744],[5.21548,59.35732]],[[5.20779,59.3046],[5.20817,59.30388],[5.20737,59.30345],[5.20559,59.3037],[5.20604,59.30447]],[[5.20604,59.30447],[5.20661,59.30475],[5.20779,59.3046]],[[5.19287,59.31664],[5.1917,59.31655]],[[5.30873,59.34104],[5.31089,59.34097],[5.31366,59.34028],[5.31321,59.33948],[5.31374,59.33757],[5.31646,59.33347],[5.31451,59.33323],[5.31326,59.33411],[5.31183,59.33735],[5.31114,59.33732],[5.31002,59.33893],[5.3093,59.33906]],[[5.30715,59.32017],[5.3113,59.3193],[5.31469,59.3203]],[[5.959,59.22548],[5.96051,59.2262],[5.96346,59.22574],[5.96972,59.22622],[5.97238,59.22772],[5.98191,59.23056],[5.98396,59.23067],[5.98561,59.23006],[5.98893,59.23083],[5.99362,59.23076],[5.99805,59.2334],[6.00249,59.23486]],[[5.83002,59.22689],[5.82895,59.22753],[5.828,59.2274],[5.82706,59.22774],[5.82768,59.22883],[5.8286,59.22886],[5.82971,59.22798],[5.83072,59.22781],[5.83265,59.22831]],[[5.93073,59.23529],[5.93251,59.23508],[5.9333,59.23361],[5.93241,59.23186],[5.92857,59.23043],[5.92807,59.23077],[5.9283,59.2329],[5.93119,59.23341],[5.92871,59.23568],[5.93083,59.2375],[5.933,59.23664],[5.93073,59.23529]],[[5.88276,59.23058],[5.88345,59.229],[5.87856,59.22855],[5.87702,59.22862],[5.87366,59.23002],[5.87631,59.23102],[5.87688,59.23],[5.87844,59.22985],[5.87843,59.23209],[5.87738,59.23349],[5.87752,59.23416],[5.87875,59.23469],[5.87988,59.23305],[5.88218,59.23199],[5.88276,59.23058]],[[5.84384,59.22732],[5.84137,59.23068],[5.84145,59.23336],[5.84325,59.23415],[5.8459,59.23436],[5.84825,59.23552],[5.84927,59.23548],[5.85036,59.23479]],[[5.80427,59.22731],[5.80263,59.22981],[5.79968,59.22818],[5.79621,59.2285],[5.79595,59.22907],[5.7977,59.23069],[5.79345,59.23025],[5.79179,59.23132],[5.79172,59.2327],[5.79303,59.2338],[5.79824,59.23324],[5.80224,59.23212],[5.80319,59.23141],[5.80593,59.23179],[5.8059,59.23268],[5.80957,59.23099],[5.81244,59.23126],[5.81211,59.23036],[5.81487,59.22886],[5.82055,59.22777],[5.82427,59.22759],[5.82418,59.22695],[5.82571,59.22645],[5.82596,59.22595],[5.8268,59.22601]],[[5.8973,59.23181],[5.89679,59.23023],[5.89718,59.2287],[5.89634,59.22776],[5.89447,59.22719],[5.89426,59.22578],[5.88485,59.22682],[5.88672,59.22788],[5.88505,59.22924],[5.88505,59.23193],[5.87973,59.23552],[5.87834,59.23834],[5.87989,59.23949],[5.88264,59.23897],[5.88539,59.23931],[5.88676,59.24085],[5.88978,59.24151]],[[5.88978,59.24151],[5.89421,59.24154],[5.90042,59.23961],[5.90029,59.23684],[5.89873,59.23474],[5.89931,59.23358],[5.8973,59.23181]],[[5.82647,59.24423],[5.8299,59.24485],[5.83371,59.24314],[5.83429,59.24215],[5.83351,59.23996],[5.83029,59.23885],[5.83019,59.2371],[5.82698,59.23572],[5.82429,59.23553],[5.82293,59.23627],[5.82108,59.23647],[5.81923,59.23807],[5.81897,59.23941],[5.81958,59.24028],[5.8206,59.24066],[5.81983,59.24208],[5.81617,59.24288],[5.81969,59.24322],[5.82184,59.24469],[5.82408,59.24522],[5.82647,59.24423]],[[5.81115,59.24264],[5.8105,59.24177],[5.81123,59.24141],[5.81053,59.24111],[5.80837,59.2423],[5.80612,59.24155],[5.80562,59.24049],[5.80677,59.23928],[5.80591,59.23907],[5.80434,59.24052],[5.80151,59.24195],[5.79958,59.24151],[5.79883,59.2417],[5.79825,59.24375],[5.7971,59.24437]],[[5.82749,59.24747],[5.82492,59.24771],[5.8247,59.24804],[5.82682,59.249],[5.82831,59.24913],[5.82927,59.24854],[5.8291,59.248],[5.82749,59.24747]],[[5.4976,59.22642],[5.49457,59.22612],[5.49308,59.22538]],[[5.81811,59.2509],[5.81726,59.24842],[5.8145,59.24554],[5.8135,59.2433],[5.81115,59.24264]],[[5.84572,59.25403],[5.84817,59.25273],[5.8519,59.25256],[5.853,59.25065],[5.85512,59.24912],[5.85409,59.24895],[5.85031,59.2495],[5.84591,59.24653]],[[5.83722,59.25172],[5.83635,59.25172],[5.83584,59.25216],[5.83593,59.25351],[5.83675,59.2536],[5.83738,59.25321],[5.83722,59.25172]],[[5.84591,59.24653],[5.8443,59.24568],[5.84025,59.24524],[5.83891,59.24603],[5.83861,59.24753],[5.83973,59.2493],[5.83913,59.25118],[5.84192,59.25328],[5.84193,59.25563],[5.84373,59.25533],[5.84572,59.25403]],[[5.44205,59.2307],[5.44644,59.22984],[5.45538,59.22513]],[[5.556,59.23307],[5.55294,59.2327],[5.552,59.23193],[5.55089,59.23173],[5.54994,59.23175],[5.54929,59.23232],[5.54826,59.23558],[5.5496,59.23693],[5.55216,59.23792],[5.55505,59.23733],[5.55362,59.23583],[5.55516,59.23431],[5.55675,59.23359],[5.556,59.23307]],[[5.48815,59.23473],[5.49146,59.23392],[5.49407,59.23249],[5.4978,59.2324],[5.50139,59.23093],[5.50214,59.22914],[5.4976,59.22642]],[[5.78506,59.25671],[5.78824,59.25627],[5.78815,59.25507],[5.78916,59.25385],[5.78725,59.25127],[5.78457,59.24979],[5.7829,59.25013],[5.78477,59.25278],[5.78455,59.25383],[5.78388,59.25338],[5.78325,59.25355],[5.78477,59.25533],[5.78428,59.25546],[5.78209,59.25439],[5.7813,59.2548],[5.78326,59.25659]],[[5.55602,59.24015],[5.5557,59.23951],[5.55225,59.23858],[5.55201,59.23919],[5.55461,59.24005]],[[5.7971,59.24437],[5.79723,59.24513],[5.79644,59.24537],[5.79147,59.24446],[5.7905,59.24479],[5.79066,59.24772],[5.7897,59.24807],[5.78762,59.24795],[5.7869,59.24862],[5.78758,59.24879],[5.7889,59.25199],[5.79236,59.25305],[5.79242,59.25371],[5.79374,59.25456],[5.79349,59.25576],[5.79514,59.25631],[5.79638,59.25752]],[[5.84001,59.26063],[5.84015,59.25899],[5.83813,59.25875],[5.83585,59.25647],[5.83255,59.25452],[5.82704,59.25404],[5.82626,59.25259],[5.82308,59.25049],[5.82197,59.25049],[5.82048,59.25127],[5.81888,59.25142]],[[5.84692,59.26112],[5.84782,59.25818],[5.85053,59.2543],[5.85546,59.25064],[5.85975,59.25026],[5.86234,59.24859],[5.86459,59.24877]],[[5.88617,59.26389],[5.88404,59.26201],[5.88454,59.26031],[5.88277,59.2603],[5.88207,59.2597],[5.88245,59.25856],[5.88531,59.25576],[5.8836,59.2557],[5.88167,59.25476],[5.88102,59.25311],[5.87964,59.25257],[5.87791,59.25247],[5.87629,59.25009],[5.8732,59.24852],[5.86766,59.24746],[5.86675,59.24754],[5.86567,59.24855],[5.86459,59.24877]],[[5.92294,59.26648],[5.92433,59.26455],[5.92305,59.26272],[5.92185,59.262],[5.92157,59.26121],[5.92237,59.26031],[5.9217,59.25909],[5.92509,59.25648],[5.92455,59.25257],[5.92808,59.25106],[5.93296,59.2457],[5.93188,59.24374],[5.93271,59.24237],[5.93106,59.24117],[5.93313,59.24009],[5.93071,59.23829],[5.93486,59.23677],[5.93551,59.23615],[5.93745,59.23603],[5.93772,59.23478],[5.93966,59.23557],[5.9419,59.23493],[5.94241,59.23432],[5.94102,59.23171],[5.93895,59.23171],[5.93724,59.23122],[5.93501,59.22997],[5.93163,59.2289],[5.93066,59.22778],[5.9314,59.227],[5.93326,59.22635],[5.93558,59.2267],[5.94414,59.22627],[5.94532,59.22711],[5.94503,59.22835],[5.94634,59.22883],[5.95404,59.22545],[5.959,59.22548]],[[5.78326,59.25659],[5.78506,59.25671]],[[5.55461,59.24005],[5.55547,59.2405],[5.55602,59.24015]],[[5.83561,59.26384],[5.83277,59.26438],[5.83262,59.26497],[5.83418,59.26528],[5.83561,59.26384]],[[5.81125,59.26303],[5.81263,59.26372],[5.81433,59.26389],[5.82021,59.2621],[5.82085,59.26174],[5.82075,59.2607],[5.8223,59.26019],[5.82298,59.2647]],[[5.45536,59.23869],[5.45564,59.23903]],[[5.79638,59.25752],[5.79671,59.25841],[5.79596,59.25952],[5.79427,59.25886],[5.79277,59.25917],[5.79275,59.26216],[5.79503,59.26362],[5.80193,59.26184],[5.80326,59.26371],[5.80683,59.26487],[5.80858,59.26393],[5.80756,59.26257],[5.80767,59.26126],[5.80968,59.26271],[5.81125,59.26303]],[[5.56454,59.24377],[5.56181,59.24316],[5.56098,59.24456],[5.55707,59.24565],[5.55709,59.24635],[5.55926,59.24769],[5.56331,59.24837],[5.56558,59.24797],[5.56625,59.24689],[5.56511,59.2457],[5.56574,59.24508],[5.56454,59.24377]],[[5.45842,59.23296],[5.45488,59.23479],[5.45335,59.23686],[5.45354,59.23785],[5.45054,59.23963],[5.45081,59.24051],[5.45182,59.24073],[5.45292,59.23933],[5.45536,59.23869]],[[5.80968,59.26569],[5.80814,59.26533],[5.80763,59.26714],[5.80931,59.26846],[5.8106,59.2688],[5.81167,59.26827],[5.81029,59.26771],[5.80968,59.26569]],[[5.81577,59.26788],[5.81284,59.26776],[5.8135,59.26931],[5.81577,59.26788]],[[5.92294,59.26648],[5.92371,59.27343],[5.92516,59.27494],[5.92922,59.27737],[5.93302,59.27858],[5.93693,59.27783],[5.93899,59.27644],[5.9422,59.2763],[5.94527,59.27688]],[[5.84692,59.26112],[5.84718,59.26195],[5.84866,59.26197],[5.84948,59.26258],[5.84579,59.26476],[5.84569,59.2656],[5.84302,59.26642],[5.84226,59.26739],[5.84401,59.26726],[5.84567,59.26609],[5.84643,59.26603],[5.84932,59.26852],[5.84996,59.26815],[5.85202,59.26805],[5.85173,59.27003],[5.85209,59.27035],[5.85441,59.27046],[5.85404,59.27138],[5.85291,59.27198],[5.8532,59.27266],[5.85476,59.27345],[5.85723,59.27338],[5.85786,59.27368]],[[5.82298,59.2647],[5.82234,59.26609],[5.82298,59.2673],[5.82467,59.26716],[5.82675,59.2663],[5.82805,59.26658],[5.82708,59.26759],[5.82376,59.26831],[5.82387,59.26918],[5.82508,59.26977],[5.82717,59.26986],[5.83,59.27185],[5.8349,59.27034],[5.83601,59.26821],[5.83799,59.26763],[5.83985,59.26633],[5.84062,59.26544],[5.84088,59.26291],[5.83754,59.26245],[5.84001,59.26063]],[[5.57302,59.25044],[5.57233,59.25043],[5.57181,59.25128],[5.57223,59.25272],[5.57536,59.25366],[5.57665,59.25356],[5.57703,59.25302],[5.57302,59.25044]],[[5.87443,59.27593],[5.87469,59.27526],[5.87723,59.27359],[5.87927,59.27287],[5.87993,59.27168],[5.88405,59.27031],[5.88468,59.26869],[5.88621,59.26744],[5.88661,59.26575]],[[5.87532,59.2773],[5.87388,59.27752],[5.8731,59.27917],[5.87549,59.27863],[5.87532,59.2773]],[[5.46758,59.24843],[5.4685,59.24857],[5.47044,59.25025],[5.47221,59.24992],[5.47451,59.24554],[5.47614,59.2452],[5.47739,59.24437],[5.48318,59.23814],[5.48752,59.23512]],[[5.66359,59.26256],[5.6617,59.26155],[5.65915,59.26259],[5.66201,59.26452],[5.66388,59.26487],[5.66438,59.26442],[5.66359,59.26256]],[[5.81294,59.2746],[5.81084,59.27471],[5.80959,59.27518],[5.81032,59.27622],[5.81189,59.27607],[5.81297,59.27543],[5.81294,59.2746]],[[5.85638,59.27916],[5.8581,59.27989],[5.85952,59.27785],[5.85895,59.27708],[5.85696,59.27702]],[[5.5344,59.25639],[5.53325,59.25525],[5.53153,59.25498],[5.52898,59.25366],[5.52946,59.25259],[5.52746,59.25066],[5.52597,59.25092],[5.52387,59.25266],[5.52405,59.25386],[5.52718,59.25453],[5.52728,59.25579],[5.52788,59.25613],[5.53154,59.25603],[5.53383,59.25665],[5.5344,59.25639]],[[5.85786,59.27368],[5.85954,59.27413],[5.86269,59.27397],[5.86326,59.27436],[5.86023,59.27871],[5.86047,59.27998],[5.86196,59.28063],[5.86458,59.27905],[5.87125,59.27775],[5.87242,59.27697],[5.87395,59.27716],[5.87507,59.27655],[5.87443,59.27593]],[[5.45564,59.23903],[5.4542,59.24267],[5.45685,59.24301],[5.45692,59.24344],[5.45168,59.24637],[5.4525,59.24862],[5.45168,59.24931],[5.45001,59.24952],[5.44883,59.25148],[5.4518,59.25335],[5.45363,59.25335],[5.45572,59.25243],[5.45916,59.25307],[5.46192,59.25192],[5.4611,59.25051],[5.46299,59.2495],[5.46514,59.25045],[5.46596,59.24997],[5.46582,59.24895],[5.4666,59.24857]],[[5.94527,59.27688],[5.94598,59.27876],[5.94707,59.27895],[5.94791,59.27962],[5.94599,59.28335],[5.94683,59.2849],[5.95006,59.28542],[5.95374,59.28316],[5.95523,59.28375],[5.95542,59.28662],[5.95799,59.28805],[5.96232,59.28849],[5.96656,59.29011],[5.97057,59.29015],[5.97464,59.29233],[5.97839,59.29226],[5.98119,59.29172],[5.98723,59.28949],[5.98992,59.28926],[5.99172,59.28961],[5.99302,59.29077],[6.00533,59.29151]],[[5.80913,59.27825],[5.80794,59.27784],[5.80653,59.27823],[5.8052,59.27968],[5.80869,59.28089],[5.80981,59.27927],[5.80913,59.27825]],[[5.54637,59.26396],[5.54459,59.2622],[5.54345,59.26212],[5.53765,59.25785],[5.53667,59.25775],[5.53623,59.25828],[5.53708,59.26021],[5.53509,59.26119],[5.53594,59.26222],[5.53668,59.26208],[5.53771,59.26259],[5.53822,59.26342],[5.54637,59.26396]],[[5.62922,59.26795],[5.62846,59.2679],[5.62775,59.26879],[5.6279,59.26984],[5.62987,59.27087],[5.63006,59.26935],[5.62922,59.26795]],[[5.67628,59.27389],[5.67491,59.27434],[5.67433,59.27399],[5.67395,59.27324],[5.67503,59.27089],[5.67202,59.26793],[5.67316,59.26711],[5.67582,59.26669],[5.67575,59.26569],[5.67283,59.26438],[5.67249,59.26377],[5.67339,59.26299],[5.67124,59.26247],[5.67032,59.26281],[5.66766,59.26169],[5.66678,59.26239],[5.66636,59.26624],[5.66676,59.26822],[5.66829,59.27003],[5.66771,59.27097],[5.665,59.27045],[5.66503,59.26832],[5.66157,59.26593],[5.66099,59.26599],[5.66151,59.26761],[5.66485,59.27084],[5.66594,59.27371]],[[5.67777,59.27813],[5.67613,59.27666],[5.67836,59.2754],[5.67856,59.27461],[5.67708,59.27373],[5.67628,59.27389]],[[5.62855,59.27573],[5.62702,59.27509],[5.62728,59.27351],[5.62918,59.27355],[5.62988,59.27265],[5.62919,59.27198],[5.6262,59.27144],[5.62578,59.27546],[5.62812,59.27594],[5.62855,59.27573]],[[5.79982,59.28037],[5.79889,59.28011],[5.79595,59.28114],[5.7939,59.28619],[5.79442,59.287],[5.79735,59.28803],[5.79898,59.2882],[5.80048,59.28934],[5.802,59.28888],[5.80207,59.28632],[5.80369,59.28473],[5.80451,59.28268],[5.79982,59.28037]],[[5.45916,59.25987],[5.45814,59.25969],[5.45875,59.25897],[5.4582,59.25883],[5.4526,59.26107],[5.45008,59.26347],[5.4511,59.26448],[5.45304,59.26433],[5.45606,59.26157],[5.45916,59.25987]],[[5.66217,59.28065],[5.66026,59.28024],[5.65974,59.28106],[5.66036,59.28193],[5.66201,59.28167],[5.66217,59.28065]],[[5.66594,59.27371],[5.66873,59.28074],[5.67129,59.28387],[5.67311,59.28397]],[[5.67311,59.28397],[5.67466,59.28401],[5.67628,59.28526],[5.67564,59.28361],[5.67644,59.2834],[5.67707,59.2838],[5.6777,59.2837],[5.67753,59.28241],[5.67662,59.28192],[5.67676,59.28077],[5.67812,59.27929],[5.67777,59.27813]],[[5.45751,59.26891],[5.45723,59.26853],[5.45494,59.26831],[5.45339,59.26737],[5.45174,59.26831],[5.45326,59.26902],[5.45486,59.2687],[5.45617,59.26888],[5.45661,59.26942],[5.45751,59.26891]],[[5.69768,59.28165],[5.69639,59.28168],[5.69543,59.28259],[5.69585,59.28382],[5.69467,59.285],[5.69463,59.28624],[5.69567,59.28775],[5.69825,59.28655],[5.69879,59.28539],[5.70107,59.28398],[5.70057,59.28348],[5.6977,59.28279],[5.69768,59.28165]],[[5.54677,59.27151],[5.5451,59.27295],[5.54528,59.27414],[5.54928,59.27591],[5.54742,59.27616],[5.54426,59.27576],[5.54262,59.27756]],[[5.53021,59.27688],[5.53097,59.27631],[5.52975,59.27545],[5.52949,59.27428],[5.53134,59.27468],[5.53236,59.27533],[5.53429,59.2753],[5.53575,59.27511],[5.5368,59.27461],[5.53686,59.27397],[5.53773,59.27388],[5.54144,59.27559],[5.54153,59.27719],[5.54262,59.27756]],[[5.66313,59.28651],[5.66533,59.28653],[5.66587,59.28575],[5.66385,59.28416],[5.65963,59.28239],[5.65809,59.28349],[5.65796,59.28458],[5.66053,59.28635],[5.66313,59.28651]],[[5.70452,59.28708],[5.70313,59.28682],[5.70182,59.28795],[5.70258,59.28943],[5.70352,59.28923],[5.70283,59.2888],[5.70452,59.28708]],[[5.53021,59.27688],[5.52882,59.27687],[5.52642,59.2761],[5.52685,59.27584],[5.5259,59.27467],[5.52642,59.27414],[5.52478,59.27298],[5.5255,59.27113],[5.51939,59.26941],[5.51385,59.2694],[5.51305,59.26991],[5.51075,59.2699],[5.50799,59.27169],[5.50526,59.27168]],[[5.48552,59.26703],[5.4846,59.26669],[5.48237,59.26704],[5.48105,59.2675],[5.48117,59.26809],[5.47474,59.26994],[5.47363,59.27085],[5.47378,59.27204],[5.4725,59.27248],[5.47256,59.27292],[5.474,59.27262],[5.47498,59.27129],[5.48007,59.27015],[5.48402,59.26852],[5.48367,59.26771],[5.48552,59.26703]],[[5.47439,59.26934],[5.47576,59.26859],[5.47379,59.26864],[5.47348,59.26835],[5.47714,59.26696],[5.47876,59.26526],[5.48134,59.26409],[5.48124,59.26355],[5.4832,59.26246],[5.48487,59.26005],[5.48359,59.25368],[5.47527,59.25272],[5.46681,59.25438],[5.46004,59.25909],[5.46107,59.26009],[5.45748,59.26454],[5.4588,59.26712],[5.46187,59.26888],[5.46252,59.27225],[5.46364,59.27224],[5.46509,59.27162],[5.46761,59.26993],[5.47226,59.26995],[5.47439,59.26934]],[[5.50526,59.27168],[5.50239,59.2716],[5.50172,59.27202],[5.50227,59.27347],[5.50015,59.27373],[5.49846,59.27336],[5.49606,59.27118],[5.49107,59.27126],[5.48988,59.27082],[5.48762,59.27296],[5.48367,59.27517]],[[5.56426,59.28122],[5.56045,59.27779],[5.55989,59.27626],[5.55693,59.2741],[5.55044,59.27135],[5.54808,59.27079],[5.54677,59.27151]],[[5.47516,59.27706],[5.47577,59.27608],[5.47733,59.27651],[5.48367,59.27517]],[[5.47157,59.27914],[5.47244,59.27784],[5.47516,59.27706]],[[5.56888,59.28629],[5.56691,59.28344],[5.56426,59.28122]],[[5.66739,59.29345],[5.66452,59.29202],[5.66182,59.28884],[5.65837,59.28803],[5.65573,59.28654],[5.65543,59.28543],[5.65569,59.28415],[5.65742,59.28208],[5.6577,59.28018],[5.6589,59.28015],[5.65981,59.27896],[5.65974,59.27775],[5.65818,59.27538],[5.65829,59.27347],[5.65738,59.2722],[5.65936,59.27232],[5.66302,59.27583],[5.66506,59.2752],[5.66495,59.27403],[5.66395,59.27316],[5.66274,59.27276],[5.66189,59.27321],[5.66073,59.27234],[5.66038,59.27072],[5.65944,59.27001],[5.65996,59.26987],[5.66101,59.27045],[5.66179,59.27005],[5.6618,59.26927],[5.65933,59.26832],[5.65878,59.26586],[5.65692,59.26438],[5.65501,59.2634],[5.65362,59.26407],[5.65275,59.26398],[5.6481,59.2601],[5.64658,59.25997],[5.64558,59.26082],[5.64588,59.26187],[5.64484,59.26253],[5.64415,59.26417],[5.64208,59.26512],[5.63989,59.26424],[5.63845,59.2644],[5.6382,59.26528],[5.63889,59.26637],[5.63694,59.26854],[5.63546,59.26837],[5.6341,59.26881],[5.6323,59.27144],[5.63438,59.27339],[5.63659,59.27458],[5.63716,59.27713],[5.6401,59.27999],[5.63853,59.28107],[5.63903,59.28222],[5.64575,59.28464],[5.64864,59.28405],[5.6505,59.28543],[5.65039,59.28741],[5.64772,59.28732],[5.64618,59.2879],[5.64617,59.28849],[5.64785,59.28973],[5.64827,59.29127],[5.64772,59.29157],[5.64613,59.29097],[5.64565,59.28882],[5.64242,59.28621],[5.63954,59.28553],[5.63863,59.28585],[5.63931,59.28796],[5.64483,59.29112],[5.64431,59.29178]],[[5.70092,59.29587],[5.70036,59.29583]],[[5.47141,59.27942],[5.46966,59.28121]],[[5.66739,59.29345],[5.66897,59.29542],[5.67093,59.29559],[5.67226,59.29662],[5.67502,59.29646]],[[5.44715,59.27829],[5.44585,59.27822],[5.44481,59.27956],[5.44568,59.2806],[5.44671,59.28021],[5.44715,59.27829]],[[5.68341,59.30353],[5.68127,59.2998],[5.67815,59.2984],[5.67742,59.29711],[5.67502,59.29646]],[[5.70036,59.29583],[5.70107,59.29689],[5.70041,59.29749],[5.6975,59.29688],[5.69307,59.29691],[5.69368,59.29822],[5.69138,59.29773],[5.69092,59.29796],[5.6957,59.30061],[5.70005,59.30243],[5.70941,59.3055],[5.71174,59.30541],[5.71212,59.30495],[5.70881,59.30305],[5.70825,59.30101],[5.70605,59.30025],[5.70581,59.29894],[5.70225,59.29706],[5.70092,59.29587]],[[5.44817,59.28546],[5.44757,59.28465],[5.44648,59.28449],[5.44656,59.28344],[5.44278,59.28054],[5.44119,59.2808],[5.44045,59.2803],[5.43887,59.27857],[5.44016,59.27748],[5.43884,59.27736],[5.4369,59.27911],[5.43925,59.2835],[5.43862,59.28562],[5.4395,59.28575],[5.44114,59.2872],[5.44211,59.28725],[5.44322,59.28704],[5.444,59.2855],[5.44562,59.28519],[5.44555,59.28738],[5.44646,59.28823],[5.44882,59.28912],[5.44981,59.28756],[5.44841,59.28669],[5.44817,59.28546]],[[5.45375,59.28794],[5.45296,59.28706],[5.45143,59.28706],[5.45106,59.28815],[5.45035,59.28835],[5.4506,59.28916],[5.45158,59.28942],[5.45302,59.28906],[5.45375,59.28794]],[[5.56888,59.28629],[5.5696,59.28822],[5.57132,59.28909],[5.57531,59.29248],[5.57716,59.29488],[5.58105,59.29659],[5.58569,59.29995]],[[5.46966,59.28121],[5.46762,59.28266],[5.46656,59.28412],[5.46602,59.28717],[5.46736,59.29049],[5.46903,59.29146]],[[5.64431,59.29178],[5.64357,59.29233],[5.64403,59.29284],[5.64805,59.29313],[5.65075,59.2949],[5.65104,59.29602],[5.65043,59.29642],[5.64826,59.29611],[5.64477,59.29806],[5.64214,59.29881],[5.6409,59.30053],[5.64093,59.30219],[5.64405,59.3047],[5.64711,59.30448],[5.64869,59.30537]],[[5.43252,59.28869],[5.43232,59.28829],[5.43422,59.28623],[5.43289,59.28366],[5.42805,59.28406],[5.4262,59.28469],[5.42466,59.28745],[5.42634,59.28915]],[[5.40732,59.28776],[5.40878,59.28726],[5.41287,59.28406],[5.41412,59.28167]],[[5.64869,59.30537],[5.64888,59.30585]],[[5.42634,59.28915],[5.42569,59.29007],[5.42612,59.29107],[5.42788,59.29185],[5.4298,59.29199],[5.43201,59.29153],[5.43279,59.29091],[5.43252,59.28869]],[[5.4358,59.29194],[5.43827,59.29202],[5.43873,59.29119],[5.4363,59.29084],[5.43496,59.29134],[5.43501,59.29183],[5.4358,59.29194]],[[5.40665,59.27433],[5.40801,59.27511],[5.40855,59.27697],[5.40485,59.27667],[5.40203,59.27507],[5.3985,59.27654],[5.39694,59.27627],[5.39663,59.27512],[5.39578,59.27481],[5.39317,59.27513],[5.39172,59.2757],[5.39151,59.27693],[5.39342,59.27808],[5.39395,59.27895],[5.39202,59.27971],[5.39017,59.28126],[5.39185,59.28286],[5.39257,59.28448],[5.39239,59.28702],[5.3932,59.28869],[5.39434,59.28887],[5.39397,59.28792],[5.39532,59.28738],[5.39601,59.28771],[5.39664,59.28948],[5.39845,59.29075],[5.39914,59.29067],[5.40091,59.28812],[5.40424,59.28886],[5.40732,59.28776]],[[5.42417,59.29185],[5.42194,59.29166],[5.42088,59.29018],[5.41797,59.28996],[5.41664,59.29308],[5.41711,59.29357],[5.41976,59.29388]],[[5.39735,59.29121],[5.39359,59.28995],[5.39262,59.29014],[5.39421,59.29096],[5.39539,59.29091],[5.39624,59.29222],[5.39748,59.29182],[5.39735,59.29121]],[[5.46975,59.29333],[5.4685,59.29479],[5.46838,59.29626],[5.46617,59.2977]],[[5.43918,59.29544],[5.4373,59.29595],[5.43558,59.29547],[5.43402,59.2938]],[[5.41976,59.29388],[5.42127,59.29523]],[[5.43402,59.2938],[5.43202,59.29353],[5.43144,59.29385],[5.43049,59.29374],[5.42962,59.2942],[5.42889,59.29591],[5.42563,59.29595],[5.42371,59.29474],[5.42482,59.29376],[5.42488,59.2926],[5.42417,59.29185]],[[5.40995,59.29635],[5.40854,59.29735]],[[5.9641,59.33559],[5.96333,59.3343],[5.96521,59.33157],[5.96486,59.33081],[5.96175,59.32907],[5.96074,59.32941],[5.96175,59.33005],[5.96167,59.33216],[5.95832,59.33302],[5.95647,59.334]],[[5.42127,59.29523],[5.42046,59.29528],[5.4171,59.29402],[5.41558,59.29428],[5.41525,59.29503],[5.4131,59.295],[5.40995,59.29635]],[[5.45931,59.29895],[5.46003,59.29878],[5.4612,59.29931],[5.46158,59.29888],[5.45974,59.29794],[5.45875,59.29833],[5.45804,59.29945],[5.45931,59.301],[5.46019,59.30037],[5.45908,59.29947],[5.45931,59.29895]],[[5.64888,59.30585],[5.6468,59.30851],[5.64744,59.3116],[5.6483,59.31251],[5.64813,59.31358],[5.6493,59.31465],[5.64909,59.31506],[5.64823,59.31498]],[[5.45464,59.30266],[5.45544,59.2977],[5.45745,59.29529],[5.45223,59.29365],[5.44913,59.29343],[5.44701,59.29373],[5.44575,59.29316],[5.44398,59.2931],[5.44247,59.29368],[5.44037,59.29373],[5.43919,59.29268],[5.43845,59.2926],[5.43918,59.29544]],[[5.40854,59.29735],[5.40774,59.29984],[5.40704,59.30006]],[[5.36837,59.28699],[5.37046,59.29167],[5.37189,59.29346],[5.37464,59.29498],[5.37485,59.29663],[5.37699,59.298],[5.37756,59.2964],[5.37955,59.29617],[5.38043,59.29553],[5.37957,59.29258],[5.38158,59.29098],[5.38063,59.28979],[5.38279,59.28731],[5.38323,59.28424],[5.38009,59.28169],[5.37842,59.28104],[5.37692,59.28166],[5.37578,59.28106],[5.37276,59.27806],[5.37032,59.27738],[5.36931,59.27615],[5.36859,59.27758],[5.36664,59.2775],[5.36692,59.2792],[5.36619,59.28034],[5.36705,59.28139]],[[5.454,59.30703],[5.45516,59.30466],[5.45464,59.30266]],[[5.73437,59.32843],[5.73535,59.32697],[5.73395,59.32554],[5.73495,59.32409],[5.73455,59.3239],[5.73248,59.32427],[5.72883,59.32747],[5.72907,59.32809],[5.73178,59.32823],[5.73319,59.32869],[5.73437,59.32843]],[[5.37172,59.30239],[5.37311,59.30076],[5.37196,59.29954],[5.37149,59.29646],[5.36796,59.29402],[5.36669,59.29243],[5.36372,59.29186],[5.36385,59.28994]],[[5.64823,59.31498],[5.64699,59.31457],[5.64565,59.31471],[5.64386,59.31672],[5.64407,59.32014],[5.64546,59.32292]],[[5.60129,59.31721],[5.59937,59.31737],[5.59861,59.31837],[5.59929,59.31961],[5.60098,59.31946],[5.60129,59.31721]],[[5.46617,59.2977],[5.4642,59.29949],[5.46669,59.30198],[5.46566,59.30393],[5.46706,59.30536],[5.4659,59.30792],[5.46607,59.30992],[5.46272,59.31096]],[[5.63123,59.32007],[5.62961,59.31956],[5.62905,59.31893],[5.62789,59.31943],[5.62347,59.31819],[5.62211,59.3205],[5.62416,59.32366],[5.62735,59.32348],[5.63111,59.32195],[5.63123,59.32007]],[[5.64546,59.32292],[5.6458,59.3238],[5.64778,59.32423],[5.64828,59.32588],[5.64954,59.3264],[5.65023,59.32604],[5.64948,59.3254],[5.64954,59.32439],[5.65231,59.32358],[5.65429,59.32365],[5.65438,59.32226],[5.65531,59.32166],[5.66139,59.32212],[5.66259,59.32319],[5.66781,59.32254]],[[5.5958,59.32321],[5.59458,59.32252],[5.59376,59.3205],[5.59618,59.31914],[5.59767,59.3157],[5.5964,59.31508],[5.59431,59.31018],[5.59219,59.30855],[5.58862,59.30191],[5.58569,59.29995]],[[5.45302,59.31293],[5.45429,59.31047],[5.45311,59.30916],[5.454,59.30703]],[[5.38571,59.31062],[5.38449,59.30757],[5.38327,59.30697],[5.38233,59.30742],[5.38313,59.30994],[5.38478,59.31081],[5.38571,59.31062]],[[5.46272,59.31096],[5.46133,59.31147],[5.46297,59.3125],[5.46267,59.31325],[5.4595,59.31342],[5.45521,59.31447],[5.45531,59.3182]],[[5.67783,59.33509],[5.67766,59.33402],[5.68282,59.33245],[5.6851,59.33559],[5.68652,59.33616],[5.68667,59.3367],[5.68771,59.3363],[5.68806,59.33513],[5.685,59.334],[5.68406,59.33263],[5.6844,59.33188],[5.68694,59.33117],[5.6884,59.3283],[5.68782,59.32729],[5.687,59.32667],[5.68492,59.32695],[5.68508,59.3257],[5.68223,59.32428],[5.67816,59.3239],[5.67635,59.32434],[5.67524,59.32306],[5.67387,59.32254],[5.66781,59.32254]],[[5.67783,59.33509],[5.67695,59.33605],[5.67508,59.33646]],[[5.33671,59.31432],[5.33727,59.31303],[5.335,59.31079],[5.33582,59.30758],[5.33741,59.30534],[5.33785,59.30146],[5.33614,59.30087],[5.33586,59.30036],[5.33688,59.29801],[5.33638,59.2961],[5.3368,59.29527],[5.33819,59.29476],[5.33795,59.29359],[5.34179,59.28919],[5.34168,59.28756],[5.34261,59.28696],[5.34343,59.28757],[5.34464,59.28732],[5.34431,59.28223],[5.34325,59.28198],[5.34427,59.28081],[5.34484,59.28109],[5.34455,59.2818],[5.34534,59.28166],[5.34658,59.27927],[5.34802,59.27847],[5.34727,59.27718],[5.34861,59.27143],[5.34995,59.27194],[5.35231,59.27028]],[[5.39831,59.31892],[5.39797,59.31763],[5.39481,59.31714],[5.39227,59.3155],[5.39154,59.31351],[5.39347,59.30974],[5.39542,59.30847],[5.39794,59.30794]],[[5.44802,59.3226],[5.45022,59.32224],[5.45188,59.3198],[5.45159,59.31769],[5.45313,59.31599],[5.45234,59.31372],[5.45302,59.31293]],[[5.45783,59.32333],[5.45936,59.3225],[5.45947,59.32178],[5.45573,59.31935],[5.45475,59.31918],[5.45531,59.3182]],[[5.48104,59.32504],[5.47724,59.32307],[5.47423,59.32011],[5.47207,59.3192],[5.46419,59.32118],[5.46348,59.32168],[5.46385,59.3223],[5.4666,59.32135],[5.46865,59.32137],[5.47049,59.3228],[5.46837,59.32411]],[[5.61428,59.33479],[5.61345,59.33189],[5.61421,59.33182],[5.61439,59.33071],[5.61365,59.33049],[5.61388,59.3295],[5.61328,59.32889],[5.6108,59.32738],[5.60967,59.32707],[5.60774,59.32717],[5.60745,59.32561],[5.60521,59.32602],[5.59933,59.32381],[5.5994,59.32254],[5.60037,59.32185],[5.60057,59.32084],[5.59866,59.32012],[5.59776,59.32048],[5.59736,59.32306]],[[5.74497,59.34422],[5.74232,59.34296],[5.74171,59.33764],[5.74043,59.33479],[5.7387,59.33318],[5.74,59.33237],[5.74512,59.33158],[5.74634,59.32995],[5.74839,59.32981],[5.74919,59.3294],[5.74887,59.32824],[5.74673,59.32824],[5.74583,59.32718],[5.74512,59.32726],[5.7445,59.32786],[5.74558,59.32944],[5.74442,59.33047],[5.744,59.32855],[5.74204,59.32756],[5.73921,59.32425],[5.73575,59.32361],[5.73694,59.32198],[5.73259,59.32226],[5.73016,59.32175],[5.72943,59.32072],[5.73034,59.31927],[5.72997,59.31786],[5.72778,59.31612],[5.72736,59.31509],[5.72128,59.31287],[5.72119,59.3118],[5.7205,59.31137],[5.71531,59.31025],[5.71439,59.30911],[5.71218,59.30853],[5.70812,59.30602],[5.7034,59.30392],[5.69747,59.30308],[5.68883,59.29949],[5.68721,59.30052],[5.68682,59.30266],[5.68563,59.30319]],[[5.48104,59.32504],[5.48276,59.32694],[5.48369,59.32724],[5.48446,59.32692],[5.48481,59.32586],[5.48724,59.32592]],[[5.66273,59.34091],[5.66978,59.33881]],[[5.63457,59.34],[5.63182,59.3394],[5.62892,59.34036],[5.62633,59.33965],[5.62299,59.33942],[5.62135,59.34057]],[[5.36392,59.32298],[5.36553,59.32273],[5.36515,59.3213],[5.3685,59.3197],[5.36943,59.32044],[5.36949,59.32342]],[[5.39397,59.31859],[5.39571,59.32053],[5.39676,59.3205],[5.39776,59.3195],[5.39832,59.3196],[5.39863,59.32064],[5.39752,59.32583]],[[5.46837,59.32411],[5.47135,59.32559],[5.47483,59.32644],[5.47827,59.32881],[5.48238,59.32926],[5.48397,59.33195],[5.48506,59.33247],[5.48641,59.33237]],[[5.45596,59.33112],[5.45524,59.33091],[5.45493,59.33123],[5.45549,59.33361],[5.45789,59.33437],[5.45809,59.33339],[5.45596,59.33112]],[[5.39752,59.32583],[5.39654,59.32574],[5.39441,59.32207],[5.39251,59.32141],[5.38974,59.32339],[5.38984,59.3248],[5.38898,59.3252],[5.38871,59.32607],[5.38939,59.32704],[5.39388,59.32992]],[[5.45783,59.32333],[5.45809,59.32487],[5.4593,59.32507],[5.45971,59.32607],[5.45692,59.33002],[5.45933,59.33225],[5.45956,59.3338],[5.45916,59.33465],[5.45729,59.33448],[5.45672,59.33519]],[[5.34984,59.32041],[5.34998,59.32111],[5.34599,59.32318],[5.34578,59.32376],[5.34715,59.32388],[5.34887,59.32535],[5.3516,59.32634],[5.35409,59.32796]],[[5.34052,59.32561],[5.34233,59.32566],[5.34363,59.32463],[5.33972,59.32363],[5.34089,59.32318],[5.33991,59.32235],[5.33761,59.32225],[5.33637,59.32156],[5.33676,59.32323],[5.33619,59.32513],[5.33678,59.32722],[5.33838,59.32716],[5.34052,59.32561]],[[5.37817,59.33059],[5.37815,59.32988],[5.37645,59.32835],[5.37388,59.33002],[5.37154,59.32989],[5.37076,59.32924],[5.37085,59.32804],[5.37185,59.32775],[5.37365,59.32823],[5.3744,59.32774],[5.37367,59.32666],[5.37156,59.3263],[5.37126,59.32559],[5.372,59.32386],[5.3743,59.32354],[5.37678,59.32236],[5.37836,59.32272],[5.37781,59.32453],[5.37957,59.3239],[5.3794,59.32149],[5.38095,59.31965],[5.38144,59.31766]],[[5.39388,59.32992],[5.39447,59.33083],[5.39407,59.33177]],[[5.35244,59.32867],[5.34765,59.32565],[5.34515,59.3251],[5.34586,59.32817]],[[5.44732,59.33572],[5.44858,59.33477],[5.44916,59.33348],[5.44879,59.33281],[5.4507,59.32794],[5.44802,59.3226]],[[5.39774,59.33927],[5.39912,59.33922]],[[5.44323,59.33542],[5.44415,59.33466],[5.44437,59.3355]],[[5.44437,59.3355],[5.44503,59.33604],[5.44732,59.33572]],[[5.78101,59.23178],[5.78244,59.23234],[5.78307,59.23197],[5.7822,59.23074],[5.78123,59.23094]],[[5.81811,59.2509],[5.81888,59.25142]],[[5.80515,59.25566],[5.80337,59.25572],[5.80288,59.25701],[5.80172,59.25752]],[[5.48752,59.23512],[5.48815,59.23473]],[[5.80136,59.25788],[5.80172,59.25752]],[[5.80833,59.25837],[5.8058,59.25793],[5.80628,59.25748],[5.80753,59.25768],[5.80754,59.25675],[5.80714,59.25599],[5.80515,59.25566]],[[5.43722,59.23216],[5.43827,59.23147]],[[5.88661,59.26575],[5.88617,59.26389]],[[5.55134,59.24011],[5.54933,59.24004],[5.55029,59.24103],[5.55345,59.24218],[5.55134,59.24011]],[[5.80136,59.25788],[5.80148,59.25843],[5.80394,59.25963],[5.80634,59.26002],[5.80739,59.26079],[5.80858,59.25991],[5.80833,59.25837]],[[5.85696,59.27702],[5.85671,59.27793]],[[5.85652,59.27864],[5.85671,59.27793]],[[5.85652,59.27864],[5.85638,59.27916]],[[5.44885,59.25183],[5.44577,59.25181],[5.44674,59.25384],[5.44829,59.25383],[5.44778,59.25285],[5.44885,59.25183]],[[5.4456,59.25474],[5.44298,59.25504],[5.44194,59.25581],[5.44483,59.25579],[5.4456,59.25474]],[[5.63149,59.27672],[5.63036,59.27641],[5.62868,59.27808],[5.62965,59.27825],[5.63149,59.27672]],[[5.68563,59.30319],[5.68406,59.30315],[5.68341,59.30353]],[[5.46903,59.29146],[5.47029,59.29246],[5.46975,59.29333]],[[5.46407,59.30226],[5.4626,59.30211],[5.46122,59.30306],[5.46172,59.30344],[5.46436,59.30291],[5.46407,59.30226]],[[5.59736,59.32306],[5.5958,59.32321]],[[5.83953,59.34133],[5.83896,59.34163]],[[5.86518,59.34329],[5.86299,59.34255],[5.86203,59.34356],[5.86417,59.34368],[5.86518,59.34329]],[[5.66978,59.33881],[5.67102,59.33837]],[[5.44205,59.2307],[5.44127,59.23109]],[[5.43931,59.23155],[5.43903,59.2312]],[[5.42196,59.01269],[5.42082,59.01233],[5.41941,59.0136],[5.42237,59.01421],[5.42196,59.01269]],[[5.38749,59.00579],[5.38632,59.00452],[5.38494,59.00423],[5.38519,59.00537],[5.38379,59.00537],[5.38583,59.0078],[5.38518,59.01015],[5.3877,59.01172],[5.38974,59.01088],[5.38749,59.00579]],[[5.39111,59.01261],[5.39012,59.01251],[5.38983,59.01376],[5.39116,59.01481],[5.39241,59.01421],[5.39111,59.01261]],[[5.3679,59.00756],[5.36701,59.00737],[5.36815,59.00937],[5.366,59.01014],[5.36563,59.01077],[5.36722,59.01214],[5.36938,59.01183],[5.3704,59.01114],[5.37007,59.00952],[5.3679,59.00756]],[[5.37453,59.01148],[5.37124,59.00986],[5.37301,59.01318],[5.37463,59.01343],[5.37599,59.01297],[5.37453,59.01148]],[[5.37199,59.02139],[5.37156,59.02057],[5.37073,59.0208],[5.36935,59.02056],[5.37003,59.02205],[5.37162,59.02204],[5.37199,59.02139]],[[5.52391,59.03703],[5.52753,59.03608],[5.52831,59.03447],[5.52673,59.03439],[5.52434,59.03493],[5.52247,59.03473],[5.51957,59.03624],[5.52278,59.0374],[5.52391,59.03703]],[[5.42551,59.02954],[5.42492,59.02949],[5.42461,59.03063],[5.42691,59.03175],[5.4272,59.03098],[5.42577,59.03021],[5.42551,59.02954]],[[5.39651,59.03249],[5.39666,59.02997],[5.39567,59.02894],[5.39424,59.02883],[5.39422,59.03011],[5.39556,59.03194],[5.39357,59.03342],[5.39386,59.03388],[5.39581,59.03448],[5.39411,59.03484],[5.39555,59.0359]],[[5.39555,59.0359],[5.39941,59.0367],[5.39878,59.03546],[5.39667,59.03485],[5.39842,59.03503],[5.40022,59.03416],[5.40029,59.03554],[5.40221,59.03659],[5.40238,59.03758],[5.40428,59.03719],[5.40193,59.03431],[5.40063,59.03394],[5.40126,59.03295],[5.40019,59.03163],[5.39959,59.03162],[5.3993,59.03235],[5.39814,59.03203],[5.39701,59.03263],[5.39651,59.03249]],[[5.42185,59.04108],[5.42007,59.04123],[5.42039,59.0423],[5.42108,59.0425],[5.42244,59.04208],[5.42185,59.04108]],[[5.44769,59.03854],[5.44597,59.0386],[5.44617,59.03923],[5.45295,59.04593],[5.45225,59.04265],[5.44769,59.03854]],[[5.40174,59.04489],[5.40439,59.04424],[5.40495,59.04051],[5.40573,59.04027],[5.40618,59.04069],[5.40746,59.04052],[5.40633,59.03986],[5.40387,59.04007],[5.40218,59.04069],[5.40098,59.0425],[5.39934,59.04161],[5.3974,59.0419],[5.39565,59.04297],[5.39572,59.04429],[5.40059,59.04448],[5.40075,59.04496],[5.40174,59.04489]],[[5.39283,59.04558],[5.39425,59.04626],[5.39624,59.04564],[5.39598,59.04506],[5.39453,59.04507],[5.39311,59.04457]],[[5.41279,59.04876],[5.41274,59.048],[5.41195,59.04779],[5.41078,59.04809],[5.41117,59.04864]],[[5.4613,59.05237],[5.45875,59.04999],[5.45485,59.04815],[5.45338,59.04814],[5.45295,59.04875],[5.45384,59.05009],[5.45724,59.05207]],[[5.45724,59.05207],[5.45767,59.05289],[5.45863,59.05321],[5.46132,59.05291],[5.4613,59.05237]],[[5.39428,59.04737],[5.39301,59.04838],[5.39317,59.04911],[5.39525,59.04996],[5.39568,59.0481],[5.39464,59.0474]],[[5.40235,59.05015],[5.40368,59.05084],[5.40473,59.05064],[5.4043,59.04925],[5.40073,59.04896],[5.39909,59.05],[5.39949,59.05059],[5.40101,59.0511],[5.40179,59.05106],[5.40235,59.05015]],[[5.465,59.05411],[5.46315,59.05392],[5.46266,59.05419],[5.46482,59.05609],[5.46633,59.0553],[5.465,59.05411]],[[5.38533,59.04875],[5.38398,59.04904],[5.38458,59.05094],[5.38557,59.05052],[5.38533,59.04875]],[[5.41117,59.04864],[5.40976,59.04936],[5.41107,59.05013],[5.4112,59.0521],[5.41432,59.05341],[5.41447,59.05269],[5.41208,59.0515],[5.41265,59.04998],[5.41376,59.05114],[5.41479,59.05062],[5.4161,59.05162],[5.41615,59.05052],[5.41453,59.04961],[5.41292,59.04963],[5.41279,59.04876]],[[5.43157,59.05359],[5.4306,59.05376],[5.43044,59.05513],[5.43112,59.05565],[5.43248,59.05517],[5.43157,59.05359]],[[5.41782,59.05314],[5.41625,59.05318],[5.41644,59.05418],[5.41915,59.05596],[5.41917,59.05435],[5.41782,59.05314]],[[5.40163,59.05235],[5.39907,59.05088],[5.39814,59.05122],[5.39875,59.05406],[5.40138,59.05305],[5.40163,59.05235]],[[5.4722,59.05936],[5.47019,59.05931],[5.46931,59.05996],[5.46994,59.06042],[5.47089,59.06034],[5.4721,59.06001],[5.4722,59.05936]],[[5.39071,59.05309],[5.38858,59.0543],[5.38996,59.05576]],[[5.43733,59.0562],[5.43922,59.05647],[5.43934,59.05518],[5.43707,59.05474],[5.43547,59.05511],[5.43518,59.05367],[5.43408,59.05344],[5.43555,59.05645],[5.43454,59.05717],[5.43468,59.05797],[5.43651,59.05961],[5.43883,59.05736],[5.4371,59.05654],[5.43733,59.0562]],[[5.40905,59.0543],[5.40771,59.0523],[5.40646,59.05224],[5.40504,59.05318],[5.40506,59.05366],[5.40554,59.05428],[5.40659,59.05411],[5.40744,59.05461],[5.40989,59.05763],[5.41054,59.05732],[5.41044,59.05535],[5.41011,59.05459],[5.40905,59.0543]],[[5.38996,59.05576],[5.39217,59.05738],[5.39767,59.05487],[5.3974,59.0541],[5.39333,59.05203],[5.39278,59.05251],[5.39388,59.05498],[5.39281,59.05441],[5.39215,59.0528],[5.39071,59.05309]],[[5.40493,59.05655],[5.4019,59.05502],[5.39979,59.05545],[5.40032,59.05876],[5.40119,59.05982],[5.40234,59.06023],[5.40392,59.06011],[5.40359,59.05916],[5.40465,59.05888],[5.40493,59.05655]],[[5.38894,59.05939],[5.39011,59.05852],[5.38944,59.05758]],[[5.38944,59.05758],[5.3883,59.05639],[5.38875,59.05551],[5.38824,59.05528],[5.38712,59.05581],[5.38748,59.05776],[5.38691,59.05812],[5.38894,59.05939]],[[5.41223,59.0603],[5.41002,59.05947],[5.41003,59.05884],[5.40783,59.05905],[5.4067,59.05972],[5.4066,59.06149]],[[5.46711,59.06383],[5.46608,59.06351],[5.46559,59.06371],[5.46631,59.06513],[5.4686,59.06632],[5.46861,59.06453],[5.46711,59.06383]],[[5.4066,59.06149],[5.40546,59.06039],[5.40218,59.06145],[5.3978,59.05885]],[[5.38382,59.05718],[5.383,59.05722],[5.38361,59.0588],[5.38474,59.06049],[5.38559,59.06067],[5.38719,59.05956],[5.38382,59.05718]],[[5.3978,59.05885],[5.39944,59.05904],[5.40005,59.05877],[5.39815,59.05611],[5.39597,59.05666],[5.39689,59.05807],[5.39557,59.05809],[5.39414,59.05863],[5.39346,59.05974],[5.3923,59.06032],[5.38969,59.0601],[5.38934,59.06078],[5.39036,59.06348],[5.3892,59.06268],[5.38802,59.06265]],[[5.38802,59.06265],[5.38701,59.06286],[5.38779,59.06345]],[[5.47388,59.06949],[5.47275,59.06972],[5.47187,59.06854],[5.46996,59.06922],[5.46882,59.06917],[5.47003,59.07224],[5.47154,59.07291],[5.47237,59.07252],[5.47295,59.07281]],[[5.43488,59.07124],[5.43557,59.06897],[5.43716,59.06985],[5.43779,59.06909],[5.43986,59.06983],[5.44171,59.06925],[5.44126,59.06701],[5.43967,59.06647],[5.4422,59.06644],[5.44132,59.06272],[5.44028,59.06146],[5.43737,59.06116],[5.437,59.06275],[5.43803,59.06476],[5.43632,59.06696],[5.43703,59.06842],[5.43584,59.06843],[5.43534,59.0679],[5.43327,59.06286],[5.43238,59.06286],[5.43042,59.06414]],[[5.43042,59.06414],[5.42926,59.067],[5.43075,59.07028],[5.42989,59.07147],[5.42866,59.07074]],[[5.42941,59.07227],[5.43241,59.07203],[5.43348,59.07249],[5.43488,59.07124]],[[5.47295,59.07281],[5.47639,59.07599],[5.47724,59.07611],[5.47574,59.07364],[5.47657,59.07022],[5.47494,59.06947],[5.47388,59.06949]],[[5.41585,59.07205],[5.41668,59.07139],[5.41634,59.06957],[5.41665,59.06844],[5.4172,59.06833]],[[5.48357,59.0779],[5.48454,59.07747],[5.48588,59.07789],[5.49086,59.07802],[5.49155,59.07693],[5.49069,59.07538],[5.48722,59.07396],[5.48436,59.07482],[5.48385,59.07598],[5.48255,59.07553],[5.48108,59.07561],[5.48096,59.0761],[5.48357,59.0779]],[[5.42866,59.07074],[5.42939,59.06936],[5.428,59.06838],[5.42432,59.07301],[5.42534,59.07356],[5.42699,59.0759],[5.42828,59.07521],[5.42941,59.07227]],[[5.4172,59.06833],[5.41802,59.07002],[5.41806,59.07337],[5.41975,59.07436],[5.41825,59.07494],[5.41963,59.0758],[5.42359,59.07605],[5.42432,59.07516],[5.42372,59.07404],[5.421,59.07415],[5.42366,59.07189],[5.42389,59.07102],[5.42496,59.07095],[5.42651,59.06883],[5.426,59.06733],[5.42797,59.06594],[5.42835,59.06448],[5.42766,59.06409],[5.42914,59.06174],[5.42842,59.06008],[5.42989,59.0599],[5.4301,59.05956],[5.42684,59.05683],[5.42583,59.0568],[5.42568,59.05731],[5.42494,59.05738],[5.42333,59.05594],[5.42239,59.05619],[5.42286,59.05744],[5.42467,59.05912],[5.42587,59.05943],[5.42536,59.06019],[5.42591,59.06189],[5.42416,59.06225],[5.42382,59.06571],[5.42202,59.06692],[5.42231,59.06839],[5.42373,59.06922],[5.42361,59.06976],[5.42193,59.06917],[5.42057,59.06952],[5.41977,59.06849],[5.42021,59.06711],[5.42167,59.06639],[5.42182,59.06518],[5.4202,59.06292],[5.419,59.06219],[5.41907,59.06125],[5.41745,59.06047],[5.41791,59.05826],[5.41629,59.05687],[5.41541,59.05721],[5.41465,59.05838],[5.41191,59.05735],[5.41002,59.05778],[5.4108,59.0587],[5.41157,59.05885],[5.41223,59.0603]],[[5.38779,59.06345],[5.38881,59.06331],[5.38909,59.06359],[5.38865,59.06392],[5.38986,59.06514],[5.38942,59.06601],[5.38988,59.06654],[5.39091,59.06671],[5.39172,59.06601],[5.39269,59.06613],[5.39212,59.06791],[5.39351,59.07049],[5.39347,59.07175],[5.39434,59.07202],[5.39305,59.07322],[5.39385,59.07421],[5.39438,59.07411],[5.39512,59.07229],[5.39447,59.0715],[5.39529,59.07083],[5.39603,59.0708],[5.39626,59.07348],[5.39713,59.07367],[5.39794,59.07285],[5.39692,59.07187],[5.39927,59.0709],[5.40026,59.06806],[5.40284,59.06787],[5.40451,59.06697],[5.40509,59.06757],[5.40449,59.06892],[5.40514,59.07042],[5.40633,59.07095],[5.40791,59.07063],[5.40814,59.06982],[5.40938,59.06984],[5.41035,59.07298],[5.41245,59.0738],[5.41274,59.07472],[5.41534,59.07389],[5.41585,59.07205]],[[5.41672,59.07491],[5.41564,59.0748],[5.41317,59.07589],[5.41289,59.07655],[5.41433,59.07779],[5.41691,59.07679],[5.41672,59.07491]],[[5.49464,59.08853],[5.49379,59.0871],[5.48996,59.08571],[5.49096,59.08414],[5.48863,59.08419],[5.488,59.08458],[5.48449,59.08459],[5.48281,59.08501],[5.48535,59.08695],[5.48802,59.08802],[5.49464,59.08853]],[[5.21106,59.13316],[5.20997,59.13315],[5.20725,59.13486],[5.20805,59.13599],[5.21015,59.13484],[5.21,59.13426],[5.21081,59.13396],[5.21106,59.13316]],[[5.2784,59.13863],[5.27686,59.13845],[5.277,59.13779],[5.27565,59.13815],[5.27292,59.13786],[5.27163,59.13849],[5.27215,59.13979],[5.27067,59.14073],[5.27352,59.14049],[5.2784,59.13863]],[[5.24187,59.13712],[5.24559,59.13619],[5.24549,59.13574],[5.24401,59.13603],[5.24516,59.13496],[5.24687,59.1354],[5.24765,59.1348],[5.24719,59.13421],[5.24537,59.13436],[5.24466,59.13484],[5.24204,59.13363],[5.24551,59.13332],[5.24685,59.13198],[5.24904,59.13261],[5.25035,59.13158],[5.25012,59.13091],[5.24739,59.1307],[5.247,59.12986],[5.24532,59.12916],[5.24323,59.1294],[5.24278,59.13005],[5.23881,59.13037],[5.2382,59.13208],[5.24105,59.13331],[5.23923,59.13406],[5.23915,59.13474],[5.24046,59.13501],[5.24117,59.13576],[5.23795,59.13471],[5.23489,59.13663],[5.23511,59.13784],[5.2363,59.13826],[5.24089,59.13764],[5.24187,59.13712]],[[5.22876,59.13653],[5.22803,59.13643],[5.22733,59.13693],[5.2291,59.13836],[5.2293,59.13686],[5.22876,59.13653]],[[5.2687,59.14209],[5.2674,59.14198],[5.26671,59.14152],[5.26602,59.14248],[5.26372,59.14326],[5.2654,59.14347],[5.2687,59.14209]],[[5.27674,59.14052],[5.27091,59.14185],[5.2692,59.14319],[5.26776,59.14328],[5.2676,59.14388],[5.27148,59.14358],[5.27608,59.14205],[5.27674,59.14052]],[[5.41427,59.15486],[5.41541,59.15535],[5.41663,59.15472],[5.41592,59.15356],[5.41231,59.15493],[5.41342,59.1555],[5.41427,59.15486]],[[5.21084,59.1413],[5.20882,59.14122],[5.20846,59.14158],[5.20883,59.14201],[5.21026,59.14225],[5.21114,59.14188],[5.21084,59.1413]],[[5.40597,59.15681],[5.40784,59.15625],[5.40818,59.15533],[5.40632,59.15537],[5.4046,59.15639],[5.40394,59.15619],[5.4031,59.15747],[5.40395,59.15757],[5.40597,59.15681]],[[5.44819,59.16106],[5.44876,59.16086],[5.44838,59.16041]],[[5.43668,59.15907],[5.4351,59.1593],[5.43394,59.16023],[5.43676,59.16113],[5.43792,59.15988],[5.43668,59.15907]],[[5.45588,59.16165],[5.45377,59.1609],[5.45274,59.16119],[5.45301,59.1622],[5.45681,59.16286],[5.45588,59.16165]],[[5.42166,59.15799],[5.42086,59.15725],[5.41895,59.15772],[5.41837,59.15901],[5.41948,59.16001],[5.42128,59.15972],[5.42166,59.15799]],[[5.27514,59.15054],[5.2747,59.14981],[5.27582,59.14704],[5.275,59.14453],[5.27544,59.14338],[5.27341,59.14353],[5.27206,59.14402],[5.27178,59.14475],[5.2683,59.14561]],[[5.2683,59.14561],[5.26716,59.14667],[5.25999,59.14773],[5.25804,59.14927],[5.25689,59.14937],[5.25411,59.14775],[5.25595,59.1471],[5.2573,59.14773],[5.26223,59.1469],[5.26415,59.14619],[5.26289,59.14536],[5.26161,59.1456],[5.2603,59.14508],[5.25933,59.14515],[5.25759,59.14608],[5.25721,59.14508]],[[5.22217,59.14372],[5.22119,59.14367],[5.22004,59.14413],[5.21999,59.14665],[5.22347,59.14463],[5.22217,59.14372]],[[5.43251,59.16026],[5.43058,59.1606],[5.4302,59.16119],[5.42854,59.1618],[5.42793,59.16293],[5.42833,59.16325],[5.42921,59.16311],[5.43099,59.16163],[5.43325,59.16095],[5.43251,59.16026]],[[5.22888,59.14859],[5.23007,59.14792],[5.2293,59.14745],[5.22711,59.14797],[5.22594,59.14785],[5.22535,59.14882],[5.22692,59.14909],[5.22888,59.14859]],[[5.43058,59.16659],[5.42928,59.16593],[5.42822,59.16644],[5.42747,59.16594],[5.42764,59.16376],[5.4284,59.16336],[5.43273,59.16273],[5.4339,59.16337],[5.43413,59.16456],[5.43886,59.16506],[5.43988,59.16466],[5.44139,59.16202],[5.44017,59.16081],[5.43982,59.15925],[5.44176,59.15906],[5.44241,59.15938],[5.44302,59.16073],[5.442,59.16135],[5.44234,59.16187],[5.44465,59.16146],[5.4452,59.16189],[5.44629,59.16183],[5.44709,59.16111],[5.44524,59.16086],[5.44669,59.15977],[5.44759,59.15982],[5.44838,59.16041]],[[5.43058,59.16659],[5.43024,59.16791],[5.43531,59.16876],[5.43719,59.16956],[5.43905,59.1673],[5.43852,59.16626]],[[5.43137,59.1685],[5.43053,59.16847],[5.42974,59.16903],[5.43036,59.1702],[5.43223,59.16993],[5.4326,59.16891],[5.43137,59.1685]],[[5.18921,59.15254],[5.19156,59.15246],[5.18978,59.15128],[5.18877,59.15162],[5.18837,59.15234],[5.18921,59.15254]],[[5.1756,59.14659],[5.17252,59.14743],[5.17299,59.14876],[5.1705,59.15138],[5.17334,59.15292],[5.17534,59.15339],[5.17588,59.1532],[5.17584,59.15074],[5.17431,59.14911],[5.17591,59.1483],[5.1756,59.14659]],[[5.41984,59.17247],[5.42085,59.17226],[5.42065,59.17178],[5.41947,59.17122],[5.41944,59.17205],[5.41829,59.17229],[5.4186,59.1709],[5.41779,59.17049],[5.41408,59.17175],[5.41312,59.17409],[5.41617,59.17625],[5.4175,59.17611],[5.41984,59.17247]],[[5.41716,59.17702],[5.4162,59.17699],[5.41551,59.17813],[5.41574,59.17991],[5.41768,59.17907],[5.41716,59.17702]],[[5.45321,59.18554],[5.45639,59.18538],[5.45795,59.18435],[5.46036,59.18379],[5.46188,59.18237],[5.45895,59.18198],[5.45606,59.18286],[5.4548,59.18409],[5.45085,59.18593],[5.45171,59.18616],[5.45321,59.18554]],[[5.19361,59.16786],[5.19346,59.16652],[5.19212,59.16674],[5.19058,59.16621],[5.19243,59.16583],[5.19284,59.164],[5.19696,59.16073],[5.20032,59.15954],[5.20004,59.15926],[5.19623,59.15962],[5.19581,59.15938],[5.19682,59.15824],[5.20044,59.1566],[5.20187,59.15549],[5.19953,59.15559],[5.19723,59.1563],[5.19532,59.15616],[5.19666,59.15562],[5.19189,59.1524],[5.1915,59.15113],[5.19269,59.15037],[5.19141,59.14914],[5.19321,59.14748],[5.19703,59.14698],[5.19678,59.14634],[5.19516,59.1461],[5.19485,59.14562],[5.19998,59.14354],[5.20144,59.14358],[5.20232,59.14322],[5.20264,59.14436],[5.204,59.14518],[5.20818,59.1447],[5.20968,59.14367],[5.21101,59.14352],[5.21251,59.14425],[5.21358,59.14714],[5.21562,59.14757],[5.218,59.14652],[5.21828,59.14747],[5.22055,59.14762],[5.21973,59.14868],[5.22089,59.15027],[5.21809,59.1513],[5.2185,59.15201],[5.22074,59.15261],[5.22292,59.15185],[5.22484,59.15166],[5.22821,59.15284],[5.2289,59.1523],[5.22677,59.15165],[5.22671,59.15098],[5.22927,59.14967],[5.22987,59.14884],[5.23363,59.14879],[5.23641,59.14966],[5.23898,59.14852],[5.23761,59.14765],[5.23633,59.14516],[5.23817,59.14394],[5.23773,59.14272],[5.23934,59.14115],[5.24061,59.14124],[5.2411,59.14178],[5.24315,59.13999],[5.24499,59.13972],[5.24406,59.13911],[5.24618,59.13803],[5.2473,59.13798],[5.24789,59.13842],[5.24673,59.13955],[5.24792,59.1399],[5.24869,59.13954],[5.25088,59.13965],[5.25097,59.14041],[5.25245,59.14038],[5.2528,59.14068],[5.24982,59.14131],[5.2495,59.1407],[5.24875,59.14115],[5.24783,59.14071],[5.24734,59.14192],[5.24825,59.14216],[5.24943,59.14176],[5.25263,59.14162],[5.25381,59.14219],[5.25211,59.14319],[5.25214,59.14362],[5.25283,59.14395],[5.25404,59.14378],[5.25567,59.14461],[5.25752,59.14401],[5.25721,59.14508]],[[5.31069,59.17673],[5.31046,59.17541],[5.31228,59.17474],[5.31138,59.17316],[5.31197,59.17178],[5.30996,59.17142],[5.31064,59.1701],[5.30937,59.16783],[5.31116,59.16686],[5.31127,59.16486],[5.31209,59.16375],[5.3107,59.16325],[5.30824,59.16344],[5.30661,59.16397],[5.30569,59.16497],[5.30442,59.16496],[5.30308,59.16435],[5.30294,59.16078],[5.30223,59.15986],[5.3029,59.15921],[5.30085,59.15863],[5.29907,59.15717],[5.29674,59.15225],[5.29807,59.1506],[5.29776,59.14867],[5.29906,59.14753],[5.29885,59.14561],[5.29793,59.14481],[5.29669,59.14468],[5.29606,59.14325],[5.29953,59.14261],[5.2985,59.14228],[5.29862,59.1417],[5.29799,59.14156],[5.29853,59.14047],[5.29666,59.1403],[5.29587,59.14087],[5.2951,59.14057],[5.29466,59.14103],[5.29579,59.14244],[5.29322,59.14023],[5.29215,59.14001],[5.29143,59.14038],[5.29239,59.14164],[5.29094,59.1422],[5.29213,59.1435],[5.28968,59.14318],[5.28915,59.14625],[5.28824,59.14788],[5.28669,59.14855],[5.28638,59.14918],[5.28501,59.14893],[5.28364,59.14765],[5.27984,59.14842],[5.27808,59.15061],[5.27769,59.15209],[5.27585,59.15284],[5.27582,59.15119],[5.27514,59.15054]],[[5.38945,59.1764],[5.38753,59.1779],[5.38546,59.1783],[5.38416,59.17776],[5.39012,59.17524],[5.39231,59.17472],[5.39321,59.17388],[5.39381,59.17166],[5.39576,59.17072],[5.39622,59.16921],[5.3991,59.16863],[5.3993,59.16789],[5.39845,59.16732],[5.39914,59.16683],[5.40012,59.16697],[5.40069,59.16663],[5.40072,59.16521],[5.40204,59.16416],[5.4007,59.16308],[5.40235,59.1626],[5.4026,59.16332],[5.40503,59.16369],[5.40587,59.16487],[5.40714,59.16469],[5.40669,59.16129],[5.40523,59.1615],[5.40493,59.16339],[5.40392,59.16302],[5.40219,59.16075],[5.40038,59.16129],[5.39749,59.16039],[5.39494,59.1604],[5.39142,59.15925],[5.389,59.16065],[5.38787,59.1618],[5.38943,59.16444],[5.38594,59.16489],[5.38294,59.16632],[5.38203,59.1688],[5.3811,59.16927],[5.37889,59.17272],[5.37658,59.17801],[5.37662,59.18018],[5.37864,59.18025],[5.38049,59.17947],[5.38093,59.17968],[5.38049,59.18056],[5.37664,59.18168]],[[5.40645,59.1839],[5.40928,59.182],[5.41186,59.18124],[5.41333,59.18023],[5.41319,59.17856],[5.41049,59.17531],[5.4096,59.17504],[5.40785,59.17522],[5.40604,59.17407],[5.40543,59.17298],[5.40301,59.17253],[5.40125,59.17327],[5.4008,59.17397],[5.40613,59.17508],[5.40651,59.17572],[5.40582,59.17618],[5.40439,59.17638],[5.40148,59.17486],[5.40124,59.17524],[5.40306,59.17643],[5.40223,59.17694],[5.401,59.17644],[5.39983,59.17675],[5.39788,59.17611],[5.39325,59.17559],[5.39106,59.17587]],[[5.40915,59.1841],[5.41458,59.18169],[5.41701,59.18167],[5.42029,59.18287],[5.42256,59.18226],[5.42417,59.17848],[5.42724,59.17684],[5.43063,59.17684],[5.43445,59.17491],[5.43307,59.1729],[5.44129,59.16836],[5.44166,59.16665],[5.43982,59.16571],[5.43852,59.16626]],[[5.47434,59.18894],[5.47358,59.18745],[5.47245,59.18731],[5.47307,59.18685],[5.47213,59.18617],[5.47133,59.18646],[5.46832,59.18602],[5.46723,59.18698],[5.46617,59.1872],[5.46753,59.18498],[5.46537,59.18399],[5.46627,59.18362],[5.46627,59.18304],[5.46264,59.18226],[5.46136,59.18056],[5.45808,59.1796],[5.45747,59.17679],[5.45123,59.17087],[5.45608,59.17059],[5.45656,59.16942],[5.45515,59.16908],[5.45622,59.16785],[5.45235,59.16399],[5.45093,59.16299],[5.44975,59.16274],[5.44812,59.16132]],[[5.40548,59.18447],[5.40438,59.18505],[5.40527,59.18516]],[[5.18011,59.17475],[5.18133,59.17459],[5.18569,59.1773],[5.1876,59.177],[5.18866,59.17617],[5.19047,59.17567],[5.19037,59.17539],[5.18705,59.1749],[5.19045,59.17418],[5.19008,59.1732],[5.19148,59.17299],[5.19208,59.17209],[5.19142,59.17103],[5.19269,59.17086],[5.19414,59.17119],[5.19516,59.17043],[5.19559,59.16837],[5.19361,59.16786]],[[5.17926,59.17769],[5.18313,59.17677],[5.18243,59.17624],[5.1802,59.17575],[5.17995,59.17531]],[[5.46738,59.19977],[5.46528,59.19979],[5.46494,59.19947],[5.4661,59.19813],[5.46808,59.19698],[5.46875,59.1951],[5.47102,59.19302],[5.47151,59.19101],[5.47245,59.19014],[5.47367,59.18993],[5.47434,59.18894]],[[5.37664,59.18168],[5.37577,59.18474],[5.378,59.18569],[5.37828,59.18725],[5.37749,59.18786],[5.37407,59.18653],[5.37311,59.18678],[5.37363,59.18868],[5.37485,59.18981],[5.37425,59.1911],[5.37575,59.19222],[5.37843,59.19289],[5.37955,59.19362],[5.38163,59.19322],[5.38352,59.19181],[5.38562,59.19165],[5.39742,59.1882],[5.40181,59.18653]],[[5.17926,59.17769],[5.17476,59.17834],[5.17608,59.17939],[5.17791,59.17959],[5.17597,59.18226],[5.1778,59.1827]],[[5.17675,59.18635],[5.17798,59.18627],[5.18008,59.18537],[5.17743,59.18399]],[[5.50663,59.2064],[5.50759,59.20638],[5.50806,59.206],[5.50883,59.20421],[5.50791,59.20208],[5.5067,59.20175],[5.50505,59.20613],[5.50892,59.21044],[5.50927,59.21277],[5.51026,59.21315],[5.51206,59.21313],[5.51272,59.21273],[5.51285,59.21144],[5.50762,59.20785],[5.50663,59.2064]],[[5.46268,59.20995],[5.46358,59.20944],[5.46435,59.20739],[5.4677,59.20584],[5.46845,59.20415],[5.47199,59.20134],[5.47173,59.20048],[5.47086,59.20027],[5.47133,59.19967],[5.4708,59.1992],[5.4693,59.19911],[5.46738,59.19977]],[[5.31711,59.19974],[5.31738,59.19815],[5.31642,59.19667],[5.31523,59.19613],[5.31397,59.19627],[5.31334,59.19571],[5.31445,59.19394],[5.31409,59.19093],[5.3152,59.18921],[5.31394,59.18888],[5.31438,59.1876],[5.31375,59.18691],[5.31538,59.18593],[5.31553,59.1839],[5.31391,59.18133],[5.31182,59.17956],[5.30944,59.1784],[5.30958,59.17796],[5.31198,59.17751],[5.31069,59.17673]],[[5.17675,59.18635],[5.17326,59.18652],[5.17472,59.18968],[5.17576,59.18975]],[[5.31861,59.20362],[5.3168,59.20141],[5.31711,59.19974]],[[5.17576,59.18975],[5.17637,59.19032],[5.17559,59.1924],[5.17632,59.19332]],[[5.5046,59.21807],[5.50293,59.21638],[5.50183,59.21618],[5.50112,59.21648]],[[5.51214,59.21801],[5.51059,59.21652],[5.51055,59.21437],[5.50869,59.21376],[5.50568,59.21528],[5.50476,59.21673],[5.50508,59.21749],[5.50663,59.21765],[5.50756,59.2191],[5.50955,59.21972],[5.51214,59.21801]],[[5.1752,59.19995],[5.17676,59.20022],[5.17707,59.19918],[5.17793,59.19885],[5.17997,59.19951],[5.18132,59.19935],[5.18208,59.19874],[5.1807,59.19758],[5.18367,59.19714],[5.18396,59.19681],[5.18364,59.19622],[5.17632,59.19332]],[[5.49374,59.22312],[5.49468,59.22528],[5.49526,59.22542],[5.49616,59.22445],[5.49848,59.22373],[5.49886,59.22299],[5.50193,59.2211],[5.50391,59.22104],[5.50455,59.22071],[5.50566,59.21939],[5.5046,59.21807]],[[5.49308,59.22538],[5.49141,59.22342],[5.49288,59.22252],[5.49374,59.22312]],[[5.45538,59.22513],[5.45658,59.22486],[5.45699,59.2239],[5.45636,59.22062],[5.45935,59.2192],[5.45857,59.21832],[5.45696,59.21898],[5.45585,59.21853],[5.46017,59.21359],[5.46082,59.21326],[5.46208,59.21349],[5.46377,59.21238],[5.4624,59.21179],[5.46268,59.20995]],[[5.17312,59.19888],[5.17169,59.19852],[5.1707,59.19872],[5.16916,59.20048],[5.16927,59.20239],[5.16675,59.20491],[5.16794,59.20614],[5.16908,59.20565],[5.17101,59.20614]],[[5.17068,59.20727],[5.1714,59.20696],[5.17101,59.20614]],[[5.17068,59.20727],[5.16906,59.20815],[5.16974,59.2105]],[[5.17234,59.21146],[5.17141,59.21055],[5.16974,59.2105]],[[5.32483,59.22301],[5.324,59.22051],[5.32288,59.21919],[5.32096,59.2181],[5.322,59.21766],[5.32391,59.21782],[5.32461,59.21741],[5.32395,59.2165],[5.32139,59.21586],[5.32195,59.21364],[5.32019,59.21285],[5.32097,59.21147],[5.31954,59.20986],[5.32017,59.20923],[5.32033,59.20717],[5.31862,59.20525],[5.31944,59.2042],[5.31861,59.20362]],[[5.376,59.22684],[5.37616,59.22373],[5.38021,59.22142],[5.38019,59.21976],[5.38462,59.21868],[5.38542,59.21696],[5.38936,59.21563],[5.38713,59.21507],[5.38393,59.21626],[5.3827,59.21585],[5.38148,59.21454],[5.38065,59.21449],[5.37948,59.21526],[5.38082,59.2156],[5.38093,59.21601],[5.37857,59.21716],[5.37532,59.21761],[5.37556,59.21654],[5.3776,59.21434],[5.37692,59.21335],[5.37582,59.2137],[5.37468,59.21322],[5.37607,59.20917],[5.37519,59.20749],[5.37718,59.20524],[5.37517,59.20289],[5.37536,59.20128],[5.37435,59.19999],[5.37871,59.19696],[5.3797,59.19712],[5.38039,59.19819],[5.38549,59.19849],[5.38832,59.19641],[5.39046,59.19577],[5.39229,59.197],[5.39482,59.19666],[5.39579,59.19534],[5.39441,59.19442],[5.39089,59.1936],[5.39031,59.19136],[5.39281,59.19016],[5.39687,59.18972],[5.40097,59.18789],[5.40192,59.18684]],[[5.49649,59.21579],[5.49574,59.21526],[5.49659,59.21338],[5.49615,59.21207],[5.49446,59.21108],[5.49412,59.21451],[5.49284,59.21501],[5.4921,59.21678],[5.49149,59.21681],[5.49042,59.21501],[5.48913,59.21533],[5.48786,59.21423],[5.48973,59.21289],[5.48922,59.212],[5.4868,59.21274],[5.48704,59.2112],[5.4863,59.2103],[5.48694,59.20907],[5.48602,59.20845],[5.48444,59.20835],[5.48248,59.20985],[5.47782,59.21221],[5.47592,59.21477],[5.4744,59.21455],[5.47223,59.21561],[5.46871,59.22025],[5.46167,59.2234],[5.46138,59.2269],[5.45842,59.23296]],[[5.1691,59.21271],[5.16813,59.21294],[5.16885,59.21359]],[[5.16885,59.21359],[5.17031,59.21441],[5.17143,59.21444],[5.17222,59.21393],[5.1691,59.21271]],[[5.42667,59.23736],[5.42981,59.237],[5.43156,59.2364],[5.43436,59.23475],[5.43722,59.23216]],[[5.42667,59.23736],[5.42542,59.23803],[5.42636,59.23844]],[[5.42604,59.23958],[5.42676,59.23909],[5.42636,59.23844]],[[5.41905,59.24066],[5.41924,59.24025],[5.42057,59.23997],[5.42025,59.23826],[5.42117,59.23686],[5.41952,59.23692],[5.41667,59.23893],[5.41863,59.23985],[5.41646,59.24067],[5.41781,59.24125],[5.41905,59.24066]],[[5.32483,59.22301],[5.32601,59.22452],[5.32535,59.22509],[5.32665,59.2285],[5.32627,59.22931],[5.32503,59.22955],[5.32444,59.23072],[5.32668,59.23383],[5.32478,59.23743]],[[5.36466,59.24365],[5.36233,59.24331],[5.36204,59.24402],[5.36276,59.24455],[5.36448,59.24483],[5.36466,59.24365]],[[5.376,59.22684],[5.37613,59.22752],[5.37808,59.22831],[5.37866,59.22997],[5.38028,59.23094],[5.38303,59.23158],[5.38699,59.23123],[5.38797,59.23148],[5.38857,59.23245],[5.39294,59.23526],[5.39275,59.23789],[5.39038,59.23747],[5.38896,59.23794],[5.38507,59.23749],[5.38319,59.23775],[5.38213,59.23855],[5.38229,59.2391],[5.38455,59.2404],[5.38647,59.24426],[5.38937,59.24682],[5.39116,59.24618],[5.39378,59.24617],[5.4038,59.24243],[5.4056,59.24223],[5.4062,59.2404],[5.41551,59.24478],[5.41744,59.24383],[5.41847,59.24211],[5.42026,59.24153],[5.42103,59.24077],[5.42391,59.24067],[5.42604,59.23958]],[[5.07115,59.22708],[5.07002,59.22731],[5.0697,59.22809],[5.06976,59.22858],[5.07099,59.22916],[5.07229,59.22813],[5.0713,59.22771],[5.07115,59.22708]],[[5.41139,59.25412],[5.41041,59.2541],[5.40785,59.25588],[5.40991,59.25552],[5.41139,59.25412]],[[5.42769,59.25405],[5.4262,59.25405],[5.42538,59.2545],[5.425,59.25613],[5.42392,59.25674],[5.42512,59.2579],[5.42746,59.25681],[5.42675,59.25576],[5.42769,59.25405]],[[5.39907,59.25437],[5.4003,59.25336],[5.39821,59.25261],[5.39656,59.25248],[5.39562,59.25192],[5.39504,59.25378],[5.39573,59.25384],[5.39659,59.25475],[5.3961,59.25545],[5.39665,59.25584],[5.39802,59.25569],[5.39907,59.25437]],[[5.38959,59.25418],[5.3886,59.25402],[5.38771,59.25612],[5.38827,59.25656],[5.38921,59.25647],[5.39026,59.25571],[5.38959,59.25418]],[[5.35278,59.25009],[5.35203,59.2499],[5.35032,59.25188],[5.35052,59.25331],[5.35152,59.25433],[5.35285,59.25346],[5.35278,59.25009]],[[5.07567,59.23057],[5.07461,59.23004],[5.07274,59.23029],[5.07157,59.23098],[5.07127,59.2302],[5.06997,59.2308],[5.07011,59.23172],[5.07127,59.23272],[5.07374,59.23341],[5.07439,59.23306],[5.07276,59.23192],[5.07538,59.23154]],[[5.06882,59.2305],[5.0676,59.2303],[5.06596,59.23174],[5.06608,59.2326],[5.06707,59.23311],[5.06904,59.23277],[5.06882,59.2305]],[[5.40645,59.25532],[5.40315,59.25516],[5.40079,59.25586],[5.40066,59.25641],[5.39875,59.25694],[5.39868,59.25749],[5.40112,59.25853],[5.40405,59.25738],[5.4076,59.25704],[5.40783,59.25649],[5.40645,59.25532]],[[5.40834,59.25971],[5.41026,59.25912],[5.40866,59.2581],[5.40636,59.25893],[5.40172,59.25897],[5.40216,59.25934],[5.40477,59.2594],[5.40616,59.25985],[5.40834,59.25971]],[[5.36374,59.2525],[5.36512,59.25166],[5.36616,59.25225],[5.36723,59.25188],[5.36545,59.24966],[5.36331,59.24901],[5.36235,59.24777],[5.35943,59.2502],[5.35825,59.2551],[5.35954,59.25581],[5.3578,59.25691],[5.35807,59.25719],[5.36053,59.25736],[5.36295,59.25672],[5.36412,59.25414],[5.36321,59.25363],[5.36374,59.2525]],[[5.39889,59.25954],[5.39814,59.25946],[5.39767,59.26001],[5.39969,59.2609],[5.40062,59.26084],[5.40063,59.26024],[5.39889,59.25954]],[[5.42045,59.25934],[5.41736,59.25917],[5.41664,59.25992],[5.41932,59.26332]],[[5.41932,59.26332],[5.42131,59.26318],[5.42031,59.2618],[5.42015,59.26085],[5.4211,59.25995],[5.42045,59.25934]],[[5.17234,59.21146],[5.17467,59.21356],[5.18171,59.21659],[5.17838,59.21751],[5.17752,59.21887],[5.17886,59.22036],[5.17837,59.22119],[5.17653,59.22127],[5.17575,59.22188],[5.17554,59.22301],[5.17632,59.22424],[5.17535,59.22448],[5.17295,59.22374],[5.17343,59.22476],[5.16924,59.22618],[5.1689,59.22673],[5.17086,59.22905],[5.17224,59.23002],[5.17351,59.22998],[5.17667,59.23264],[5.17848,59.23136],[5.181,59.23072],[5.1811,59.23126],[5.17817,59.23309],[5.17886,59.23355],[5.18034,59.23333],[5.18201,59.23227],[5.18495,59.23275],[5.18688,59.23382],[5.18688,59.23465],[5.18586,59.23518],[5.18717,59.23727],[5.18635,59.23786],[5.18397,59.23735],[5.18245,59.23869],[5.18257,59.23947],[5.18376,59.23949],[5.18341,59.24087],[5.18525,59.24162],[5.18881,59.24174],[5.18732,59.24266],[5.18754,59.24388],[5.19421,59.24567],[5.19568,59.24721]],[[5.41162,59.26368],[5.41481,59.26359],[5.41327,59.26066],[5.41219,59.26039],[5.40522,59.26041],[5.40554,59.26097],[5.40725,59.26114],[5.41162,59.26368]],[[5.32744,59.25757],[5.32792,59.2559],[5.3267,59.25466],[5.32774,59.25197],[5.32658,59.24971],[5.32668,59.24844],[5.32794,59.24693],[5.32534,59.24212],[5.32617,59.23905],[5.32478,59.23743]],[[5.06042,59.23526],[5.0615,59.23462],[5.06108,59.233]],[[5.35628,59.25797],[5.35561,59.25798],[5.35467,59.2602],[5.35525,59.26069],[5.35628,59.25797]],[[5.19512,59.24928],[5.19568,59.24721]],[[5.3734,59.26292],[5.3725,59.26296],[5.37278,59.26384],[5.37215,59.26471],[5.37338,59.2663],[5.37459,59.26606],[5.37497,59.26539],[5.3734,59.26292]],[[5.17397,59.25533],[5.17565,59.25526],[5.17543,59.25408],[5.17355,59.25423],[5.17397,59.25533]],[[5.19512,59.24928],[5.19447,59.25039],[5.19309,59.25122],[5.18964,59.25218],[5.18715,59.25159],[5.1847,59.25001],[5.18028,59.25055],[5.17994,59.25158],[5.18057,59.25285],[5.17897,59.25306],[5.179,59.25405],[5.17802,59.25515],[5.17917,59.25581],[5.18011,59.25488],[5.18066,59.25496]],[[5.40973,59.2691],[5.41306,59.26987],[5.414,59.26917],[5.41291,59.26885],[5.41199,59.26924],[5.41109,59.26877],[5.40407,59.26757],[5.40512,59.26642],[5.40692,59.26692],[5.40898,59.26589],[5.40743,59.26473],[5.40659,59.26457],[5.40422,59.26567],[5.40137,59.26553],[5.40179,59.26826],[5.40083,59.26859],[5.40063,59.26927],[5.40365,59.27283],[5.40509,59.27258],[5.40593,59.27198],[5.40527,59.27116],[5.40721,59.27022],[5.40889,59.27019],[5.40881,59.26943],[5.40973,59.2691]],[[5.32744,59.25757],[5.32938,59.25925],[5.32947,59.25999],[5.32854,59.26295],[5.32754,59.26377],[5.32825,59.26497],[5.32734,59.26582],[5.32958,59.26833]],[[5.1804,59.2573],[5.17986,59.2569],[5.18066,59.25496]],[[5.32984,59.26859],[5.32958,59.26833]],[[5.35869,59.27075],[5.35726,59.26858],[5.35616,59.26894],[5.35494,59.26878],[5.35462,59.26799],[5.35384,59.26777],[5.35323,59.26826],[5.3534,59.26979],[5.35231,59.27028]],[[5.36999,59.2716],[5.37192,59.26858],[5.37159,59.2677],[5.37114,59.26722],[5.37064,59.26748],[5.36924,59.26723],[5.36887,59.26434],[5.36704,59.26427],[5.36616,59.26173],[5.36668,59.26157],[5.36789,59.26209],[5.36869,59.26084],[5.36776,59.26011],[5.36559,59.26044],[5.36609,59.25888],[5.36475,59.25759],[5.36191,59.25738],[5.3613,59.25782],[5.36286,59.25867],[5.36004,59.26004],[5.36042,59.26066],[5.36144,59.26048],[5.36218,59.26096],[5.36014,59.26149],[5.36081,59.26365],[5.36043,59.26563],[5.36252,59.26595],[5.36331,59.26493],[5.36302,59.26429],[5.36385,59.26402],[5.36535,59.26532],[5.36381,59.26667],[5.36402,59.26769],[5.36269,59.26845],[5.36325,59.26963],[5.36541,59.26903],[5.36495,59.26856],[5.36576,59.26814],[5.36588,59.26648],[5.36691,59.26558],[5.36776,59.2658],[5.36819,59.26809],[5.36956,59.26884],[5.36826,59.26984],[5.3678,59.26849],[5.36704,59.26853],[5.36663,59.27135]],[[5.40665,59.27433],[5.40519,59.27324],[5.40931,59.27105],[5.41424,59.27265],[5.4163,59.27398]],[[5.41692,59.27509],[5.4163,59.27398]],[[5.16145,59.25585],[5.16079,59.25629],[5.16142,59.25669],[5.16474,59.25611]],[[5.32995,59.26989],[5.32984,59.26859]],[[5.36663,59.27135],[5.36631,59.27253],[5.36682,59.27295],[5.36879,59.2728],[5.36999,59.2716]],[[5.16483,59.25682],[5.16392,59.25664],[5.16292,59.25703],[5.16137,59.25811],[5.16126,59.25899],[5.16312,59.25943],[5.16478,59.25894],[5.16568,59.25815],[5.16483,59.25682]],[[5.41474,59.28096],[5.41565,59.27979],[5.41586,59.27711],[5.41692,59.27509]],[[5.32761,59.27525],[5.3285,59.27458],[5.32827,59.27354],[5.33015,59.27199],[5.32995,59.26989]],[[5.43109,59.28207],[5.43055,59.28087],[5.42791,59.28099],[5.4286,59.27985],[5.42807,59.2794],[5.42679,59.28189],[5.43128,59.28304],[5.43109,59.28207]],[[5.36446,59.28171],[5.36305,59.28059],[5.36121,59.28037],[5.36191,59.27582],[5.36097,59.27314],[5.35869,59.27075]],[[5.36705,59.28139],[5.36657,59.28238],[5.36542,59.28298],[5.36466,59.28284],[5.36446,59.28171]],[[5.1804,59.2573],[5.17964,59.25887],[5.18037,59.25991],[5.182,59.25988],[5.18202,59.25901],[5.18292,59.25878],[5.18427,59.26128],[5.18135,59.26078],[5.1788,59.26095],[5.17755,59.2583],[5.17701,59.25818],[5.17657,59.2603],[5.17551,59.26156],[5.17611,59.26328],[5.17714,59.26321],[5.17668,59.2626],[5.17748,59.26142],[5.17816,59.26216],[5.18189,59.26382],[5.18386,59.26362],[5.18428,59.26178],[5.18568,59.2621],[5.18664,59.26287],[5.18571,59.26305],[5.18529,59.26363],[5.18551,59.26559],[5.18395,59.26625],[5.18388,59.26748],[5.18533,59.26805],[5.19021,59.26751],[5.1941,59.26757],[5.19323,59.26883],[5.19169,59.26873],[5.19141,59.26961],[5.19242,59.27137],[5.19395,59.27067],[5.19257,59.2702],[5.193,59.26967],[5.19427,59.27037],[5.19564,59.27046],[5.19567,59.27124],[5.19271,59.27207]],[[5.18737,59.27012],[5.18598,59.26995],[5.18519,59.2708],[5.18745,59.27198],[5.18737,59.27012]],[[5.28619,59.28285],[5.2905,59.28284],[5.29319,59.28198],[5.29748,59.28208],[5.29913,59.28289],[5.29947,59.28439],[5.30157,59.28479],[5.30585,59.28413],[5.31014,59.2847],[5.31622,59.28438],[5.31627,59.28386],[5.31001,59.28348],[5.30983,59.28297],[5.31252,59.28311],[5.32085,59.28262],[5.32227,59.28141],[5.32124,59.2804],[5.32134,59.2783],[5.32288,59.27779],[5.32569,59.27772],[5.32716,59.27666],[5.32658,59.27579],[5.32761,59.27525]],[[5.36385,59.28994],[5.3643,59.28966],[5.36763,59.2905],[5.36849,59.29023],[5.3668,59.2877],[5.36714,59.28651],[5.3679,59.28652],[5.36837,59.28699]],[[5.25694,59.2826],[5.26049,59.28261],[5.26948,59.2817],[5.2712,59.28242],[5.27173,59.28471]],[[5.27148,59.28575],[5.26968,59.28553],[5.26765,59.28455],[5.26701,59.2837],[5.26734,59.28337],[5.26841,59.28372],[5.27011,59.2836],[5.2704,59.28291],[5.2698,59.28241],[5.26012,59.28398],[5.25933,59.28473],[5.25717,59.28532]],[[5.27173,59.28471],[5.27463,59.28598],[5.27503,59.28676],[5.27425,59.28705],[5.27148,59.28575]],[[5.19153,59.28403],[5.19333,59.28384],[5.19342,59.28268],[5.19158,59.28308],[5.19091,59.28363],[5.19153,59.28403]],[[5.29983,59.29408],[5.29787,59.29313],[5.29751,59.2924],[5.3027,59.29172],[5.30879,59.29275],[5.30816,59.2933],[5.30616,59.29335],[5.30592,59.29362],[5.30886,59.29474],[5.30999,59.29429],[5.31347,59.29476],[5.31315,59.29308],[5.31391,59.29142],[5.31399,59.28826],[5.31033,59.28675],[5.31213,59.28663],[5.31246,59.28586],[5.30302,59.28513],[5.30091,59.28534],[5.30115,59.2876],[5.30226,59.28927],[5.30148,59.28978],[5.29951,59.2876],[5.30008,59.28616],[5.29521,59.2835],[5.29251,59.28316],[5.28944,59.28406],[5.28629,59.28431]],[[5.14918,59.28116],[5.14815,59.28254],[5.1487,59.2828]],[[5.1487,59.2828],[5.1507,59.2823],[5.15292,59.28091],[5.1535,59.27989],[5.15248,59.27919],[5.15319,59.27807],[5.15202,59.27791],[5.15028,59.27916],[5.14918,59.28116]],[[5.20175,59.28698],[5.20297,59.28686],[5.20455,59.28592],[5.20484,59.28482],[5.20228,59.28496],[5.20084,59.28579],[5.20077,59.28738],[5.20175,59.28698]],[[5.18164,59.28392],[5.17999,59.28373],[5.17932,59.28428],[5.18019,59.28491],[5.17969,59.28632],[5.18098,59.2863],[5.18266,59.28509],[5.18164,59.28392]],[[5.23611,59.29237],[5.24497,59.28881],[5.24995,59.2863],[5.25469,59.28157],[5.25616,59.28137],[5.25694,59.2826]],[[5.19271,59.27207],[5.19185,59.27357],[5.18918,59.2735],[5.18719,59.27485],[5.18555,59.27517],[5.18539,59.27797],[5.18273,59.27757],[5.18153,59.27663],[5.17969,59.2762],[5.17835,59.27658],[5.18003,59.27854],[5.17847,59.28016],[5.17881,59.28052],[5.17972,59.28076],[5.18195,59.27983],[5.1834,59.28078],[5.18295,59.28111],[5.17981,59.2814],[5.17974,59.28255],[5.18051,59.2828],[5.18277,59.28264],[5.18472,59.2833],[5.18611,59.28007],[5.18562,59.27886],[5.18756,59.27848],[5.18814,59.27976],[5.18999,59.28107],[5.18856,59.28121],[5.18941,59.28236],[5.18805,59.28279],[5.18794,59.28421],[5.18925,59.28473],[5.19155,59.28475],[5.19335,59.28431],[5.19599,59.28447],[5.19732,59.28321],[5.19581,59.28109],[5.19592,59.27943],[5.19669,59.27903],[5.19877,59.27975],[5.20117,59.28182],[5.20331,59.2826],[5.2054,59.28274],[5.21046,59.28546],[5.21055,59.28594],[5.20953,59.28626],[5.20762,59.28557],[5.20627,59.28597],[5.20624,59.28654],[5.20826,59.28727],[5.20954,59.28701],[5.20994,59.28837],[5.20805,59.29134],[5.20614,59.29192],[5.20664,59.29255],[5.20846,59.29236],[5.20911,59.29309],[5.20894,59.29355],[5.2077,59.29386],[5.20808,59.29466],[5.2097,59.29449],[5.2107,59.29393]],[[5.23275,59.29778],[5.23459,59.29761],[5.23747,59.2953],[5.23791,59.29588],[5.23906,59.29542],[5.24127,59.2953],[5.24291,59.29275],[5.24687,59.29205],[5.2476,59.29087],[5.25214,59.2912],[5.25014,59.29004],[5.24943,59.28867],[5.25172,59.28703],[5.25477,59.28682],[5.25567,59.28564],[5.25717,59.28532]],[[5.06108,59.233],[5.06025,59.23232],[5.05862,59.23211],[5.05699,59.23373],[5.05602,59.23376],[5.05602,59.23431],[5.0545,59.23476],[5.05585,59.23715],[5.05676,59.23712],[5.05796,59.23769],[5.05888,59.23746]],[[5.05888,59.23746],[5.05932,59.23559],[5.06042,59.23526]],[[5.39311,59.04457],[5.39283,59.04558]],[[5.39464,59.0474],[5.39428,59.04737]],[[5.44819,59.16106],[5.44812,59.16132]],[[5.38945,59.1764],[5.39106,59.17587]],[[5.47324,59.18468],[5.47074,59.18477],[5.47075,59.18521],[5.47184,59.1857],[5.47382,59.1858],[5.47324,59.18468]],[[5.40548,59.18447],[5.40645,59.1839]],[[5.40527,59.18516],[5.40915,59.1841]],[[5.40181,59.18653],[5.40192,59.18684]],[[5.18011,59.17475],[5.17995,59.17531]],[[5.17754,59.18362],[5.17894,59.18315],[5.1778,59.1827]],[[5.17754,59.18362],[5.17743,59.18399]],[[5.17312,59.19888],[5.1752,59.19995]],[[5.50112,59.21648],[5.49954,59.21564],[5.49796,59.21628],[5.49649,59.21579]],[[5.43931,59.23155],[5.43847,59.23241],[5.43887,59.233],[5.4409,59.23167]],[[5.4666,59.24857],[5.46758,59.24843]],[[5.07538,59.23154],[5.07567,59.23057]],[[5.35576,59.25201],[5.35506,59.25199],[5.35472,59.25326],[5.35594,59.25443],[5.35576,59.25201]],[[5.16474,59.25611],[5.16528,59.25558],[5.16433,59.25478],[5.16145,59.25585]],[[5.47157,59.27914],[5.47141,59.27942]],[[5.15094,59.25815],[5.14985,59.25815],[5.15042,59.25968],[5.15193,59.25888],[5.15094,59.25815]],[[5.41412,59.28167],[5.41474,59.28096]],[[5.17971,59.2732],[5.17716,59.27362],[5.17693,59.27427],[5.17817,59.27445],[5.17966,59.27396],[5.17971,59.2732]],[[5.28629,59.28431],[5.28516,59.28416],[5.28415,59.28328],[5.28619,59.28285]],[[5.19874,59.28556],[5.19797,59.2856],[5.19765,59.28673],[5.19804,59.28717],[5.1992,59.28732],[5.19997,59.28689],[5.19874,59.28556]],[[5.15942,59.28324],[5.15892,59.28293],[5.15808,59.28313],[5.15984,59.28445],[5.16079,59.28374],[5.15942,59.28324]],[[5.2074,59.28728],[5.20691,59.28701],[5.20608,59.28721],[5.20388,59.28802],[5.20387,59.28848],[5.20564,59.28903],[5.20696,59.28881],[5.2074,59.28728]],[[5.23611,59.29237],[5.23555,59.29311],[5.23395,59.29362]],[[5.18768,59.28875],[5.18668,59.2884],[5.1859,59.28889],[5.18667,59.29044],[5.18756,59.29064],[5.18807,59.29033],[5.18768,59.28875]],[[5.44127,59.23109],[5.44261,59.23132],[5.4426,59.23453],[5.44202,59.23406],[5.44129,59.23408],[5.4409,59.23167]],[[5.43903,59.2312],[5.43827,59.23147]],[[5.90719,59.09001],[5.90959,59.09095],[5.91024,59.09197]],[[5.9011,59.11072],[5.89795,59.10841],[5.89384,59.10736],[5.89283,59.10576],[5.89053,59.10514],[5.8897,59.10645],[5.89062,59.10756],[5.88902,59.10944],[5.89364,59.11096]],[[5.85936,59.10675],[5.85777,59.10374],[5.85388,59.10251],[5.85249,59.10154],[5.84977,59.10134],[5.84744,59.10335],[5.84374,59.10349],[5.8417,59.10255],[5.84261,59.10126],[5.84231,59.10056],[5.83648,59.10018],[5.83475,59.1003],[5.83314,59.10168],[5.82946,59.10342],[5.82595,59.10377],[5.8246,59.10447],[5.82293,59.10467],[5.82066,59.10612],[5.81979,59.10547],[5.82025,59.10291],[5.81819,59.10323],[5.81531,59.10518]],[[5.91024,59.09197],[5.91093,59.09365],[5.91263,59.09386],[5.91365,59.09449],[5.91587,59.09306],[5.9192,59.0924],[5.91898,59.09305],[5.91577,59.09507],[5.91553,59.09787],[5.91631,59.09878],[5.91956,59.10002],[5.92373,59.09833],[5.92557,59.09831],[5.92812,59.09877],[5.93064,59.10031],[5.93437,59.1002],[5.93281,59.10135],[5.93103,59.10191],[5.93094,59.1028],[5.93147,59.10308],[5.93285,59.10277],[5.9353,59.10291],[5.93821,59.10389],[5.93789,59.10457],[5.93672,59.10508],[5.93719,59.10804],[5.94064,59.10923],[5.94461,59.1099],[5.94854,59.10879],[5.95257,59.10923],[5.95409,59.1111],[5.95272,59.11317],[5.95266,59.11497],[5.95416,59.11579],[5.95998,59.11628]],[[5.95998,59.11628],[5.96188,59.11601],[5.96207,59.11669],[5.96368,59.11745],[5.96355,59.11534],[5.9671,59.11452],[5.96908,59.11482]],[[5.99089,59.11953],[5.992,59.11969],[5.99258,59.12028],[5.99534,59.11929],[5.99762,59.12023],[5.99952,59.11764],[6.00102,59.1167]],[[5.98662,59.12158],[5.98834,59.12074],[5.98879,59.11994],[5.99089,59.11953]],[[5.81531,59.10518],[5.81437,59.10541],[5.8109,59.10912],[5.81282,59.10943]],[[5.96908,59.11482],[5.97044,59.11563],[5.96948,59.11636],[5.97028,59.1174],[5.97354,59.11909],[5.97633,59.11905],[5.97788,59.12136],[5.97925,59.12164],[5.98132,59.12093],[5.9824,59.12221],[5.98662,59.12158]],[[5.81391,59.11038],[5.81547,59.10901],[5.81427,59.10903]],[[5.89438,59.11637],[5.89542,59.11476],[5.89433,59.11359],[5.89454,59.11277],[5.89329,59.11188],[5.89313,59.11292],[5.89159,59.11249],[5.89088,59.11197],[5.89088,59.11079],[5.88987,59.11053],[5.88871,59.1114],[5.89046,59.11276],[5.89081,59.11529],[5.89205,59.11603],[5.89438,59.11637]],[[5.83356,59.11208],[5.83598,59.11298],[5.83895,59.11306],[5.84581,59.11419],[5.84806,59.11513],[5.8526,59.11345],[5.85703,59.1128],[5.85858,59.112],[5.85965,59.11123],[5.85944,59.10904]],[[5.82288,59.11466],[5.82633,59.11454],[5.82888,59.114],[5.83052,59.11348],[5.83202,59.11209],[5.83356,59.11208]],[[5.80466,59.11401],[5.80411,59.11366]],[[5.81244,59.11043],[5.80918,59.11041],[5.80476,59.1112],[5.80724,59.11269],[5.80682,59.1135],[5.80466,59.11401]],[[5.81209,59.11712],[5.82288,59.11466]],[[5.92675,59.12594],[5.92325,59.12292],[5.91608,59.12298],[5.91676,59.121],[5.91532,59.12036],[5.90819,59.12236],[5.90837,59.12063],[5.90965,59.11917],[5.90801,59.11802],[5.90648,59.11877],[5.90479,59.11866],[5.90237,59.1198],[5.89971,59.11994],[5.89927,59.11965]],[[5.88879,59.12188],[5.88946,59.12357],[5.89015,59.12389],[5.89117,59.12077],[5.89238,59.11948],[5.89306,59.11996],[5.89381,59.1198],[5.89386,59.1193],[5.8929,59.11892],[5.89295,59.11802],[5.89399,59.11714],[5.89521,59.11803],[5.8964,59.11648],[5.89751,59.11675],[5.89746,59.11831],[5.89927,59.11965]],[[5.80602,59.1179],[5.80696,59.11835],[5.81082,59.11772],[5.81209,59.11712]],[[5.81093,59.12141],[5.81257,59.12107],[5.81318,59.12043],[5.81124,59.12025]],[[5.93569,59.13115],[5.93525,59.12869],[5.92828,59.12595],[5.9272,59.12604]],[[5.81124,59.12025],[5.80743,59.12072],[5.80689,59.12114],[5.80864,59.12231],[5.81093,59.12141]],[[5.88052,59.12796],[5.88137,59.12684],[5.88045,59.12584],[5.87846,59.12627],[5.87761,59.1255],[5.87656,59.12537],[5.87562,59.12577],[5.87502,59.12513],[5.87717,59.12274],[5.87655,59.12193],[5.87763,59.12131],[5.87939,59.12127],[5.87858,59.12049],[5.87893,59.11911],[5.87775,59.11784],[5.87896,59.11718],[5.88536,59.11654],[5.8874,59.11766],[5.88879,59.12188]],[[5.89343,59.12888],[5.89004,59.12462],[5.88977,59.12543],[5.89135,59.12873]],[[5.89397,59.12892],[5.89587,59.12821],[5.89694,59.12837]],[[5.89709,59.12914],[5.89796,59.12868],[5.89694,59.12837]],[[5.90279,59.12954],[5.90259,59.12815],[5.90136,59.12782],[5.89871,59.12844],[5.89962,59.12931]],[[5.89343,59.12888],[5.89397,59.12892]],[[5.936,59.13199],[5.93816,59.1324],[5.93831,59.13376],[5.9401,59.13404],[5.94024,59.13276],[5.94137,59.13282],[5.94192,59.1323]],[[5.89616,59.13127],[5.89702,59.13182],[5.89955,59.13113],[5.89962,59.12931]],[[5.8841,59.13105],[5.8874,59.13032],[5.88955,59.12936],[5.89101,59.12923],[5.89135,59.12873]],[[5.88052,59.12796],[5.87904,59.12792],[5.87874,59.12838],[5.88081,59.12935],[5.88094,59.13119],[5.88204,59.13141],[5.8841,59.13105]],[[5.89382,59.13099],[5.89294,59.13078],[5.89239,59.13113],[5.89222,59.13295],[5.89335,59.13382],[5.89481,59.13322],[5.89382,59.13099]],[[5.88749,59.13411],[5.8891,59.13373],[5.88889,59.13296],[5.88761,59.13332],[5.88588,59.13278],[5.8848,59.13308],[5.88292,59.13573],[5.88363,59.13711],[5.88481,59.13566],[5.88749,59.13411]],[[5.89218,59.13772],[5.89057,59.13716],[5.89044,59.13847],[5.89148,59.14046],[5.89225,59.1407],[5.8931,59.1404],[5.89218,59.13772]],[[5.97961,59.14799],[5.97842,59.14817],[5.97767,59.14952],[5.9754,59.15003],[5.97447,59.15087],[5.9768,59.15233],[5.97844,59.15242]],[[5.85039,59.14218],[5.84784,59.14242],[5.84704,59.14338],[5.848,59.14353],[5.85039,59.14218]],[[5.80367,59.1401],[5.80456,59.14056],[5.80581,59.14034]],[[5.80581,59.14034],[5.80711,59.13988],[5.8117,59.14195],[5.81965,59.14101],[5.81941,59.14291]],[[5.95644,59.1493],[5.95525,59.14906],[5.95327,59.14931],[5.95279,59.14985],[5.95302,59.15228],[5.954,59.15296],[5.95611,59.15276],[5.95653,59.15123],[5.95857,59.15044],[5.95644,59.1493]],[[5.80367,59.1401],[5.80312,59.13964],[5.799,59.1391],[5.79769,59.13851],[5.79195,59.14216]],[[5.84426,59.14729],[5.84545,59.14656],[5.84724,59.14651],[5.84747,59.14571],[5.84536,59.14517],[5.84298,59.14581],[5.84233,59.14406],[5.84035,59.14349],[5.84269,59.14115],[5.84057,59.14038],[5.83888,59.14088],[5.83768,59.14062],[5.8362,59.13935],[5.83404,59.13936],[5.83128,59.14081],[5.82919,59.14121],[5.82782,59.1404],[5.82914,59.13964],[5.82935,59.13858],[5.82709,59.13842],[5.82696,59.13947],[5.82302,59.14166],[5.82328,59.14328],[5.82123,59.14373],[5.81941,59.14291]],[[5.78756,59.14358],[5.78714,59.14281]],[[5.78756,59.14358],[5.78984,59.14373],[5.79195,59.14216]],[[5.97844,59.15242],[5.97992,59.15274],[5.98667,59.15725],[5.99337,59.15844],[5.99478,59.15834],[5.9866,59.15057],[5.98374,59.15015],[5.98107,59.14808],[5.97961,59.14799]],[[5.85671,59.14771],[5.85577,59.1477],[5.85458,59.14861],[5.85715,59.15017],[5.85763,59.1482],[5.85671,59.14771]],[[5.90279,59.12954],[5.90072,59.13234],[5.90056,59.13431],[5.89967,59.13525],[5.90025,59.13744],[5.89717,59.14035],[5.89763,59.14232],[5.89699,59.14402],[5.89858,59.14764],[5.90198,59.14896],[5.90268,59.15263],[5.90387,59.15303],[5.90521,59.15291],[5.90791,59.15397],[5.90572,59.15506],[5.90595,59.15566],[5.90745,59.15556],[5.90915,59.15599],[5.91435,59.1552],[5.91724,59.15637],[5.91774,59.15792],[5.91844,59.15824],[5.9209,59.15695],[5.92091,59.15567],[5.92216,59.15554],[5.92357,59.15985],[5.92562,59.15961],[5.93204,59.15783],[5.93293,59.15486],[5.93522,59.15378],[5.93659,59.15174],[5.9376,59.15124],[5.94,59.14687],[5.94134,59.1463],[5.94377,59.14598],[5.94473,59.14511],[5.94504,59.14343],[5.94896,59.14184],[5.94963,59.14071],[5.95155,59.14006],[5.95297,59.13897],[5.95191,59.1378],[5.94877,59.13784],[5.94503,59.13966],[5.94366,59.13957],[5.94285,59.13897],[5.94288,59.13724],[5.94485,59.13621],[5.94784,59.13761],[5.94881,59.13673],[5.9485,59.13601],[5.94933,59.13455],[5.94734,59.13268]],[[5.95393,59.15958],[5.95416,59.15837],[5.95249,59.15847],[5.95128,59.15935],[5.94925,59.1585],[5.95036,59.16301],[5.95328,59.16262],[5.95426,59.16133],[5.95393,59.15958]],[[5.97493,59.16565],[5.97755,59.16561],[5.97899,59.165],[5.98096,59.16533],[5.98311,59.16463],[5.98488,59.16482],[5.99089,59.16182],[5.98774,59.16055],[5.98397,59.15712],[5.97754,59.15582]],[[5.97754,59.15582],[5.97689,59.15584],[5.97582,59.15705],[5.9731,59.15639],[5.97227,59.15838],[5.97072,59.15934],[5.9666,59.1588],[5.9663,59.15985],[5.96202,59.16212],[5.9612,59.16357],[5.96177,59.16457],[5.96482,59.164],[5.96741,59.16484],[5.97493,59.16565]],[[5.78714,59.14281],[5.78691,59.14245],[5.78523,59.14272],[5.77999,59.14544],[5.77739,59.14621],[5.77763,59.14676],[5.7804,59.146],[5.78114,59.14664],[5.77668,59.15183]],[[5.86416,59.15815],[5.86483,59.15788],[5.86677,59.15834],[5.86793,59.1581],[5.86972,59.15658],[5.8725,59.15575],[5.87267,59.1552],[5.87137,59.15355],[5.86861,59.15232],[5.86822,59.15139],[5.86648,59.15127],[5.86466,59.15162],[5.86197,59.15083],[5.86082,59.15124],[5.85877,59.15042],[5.85686,59.1517],[5.85805,59.15462],[5.86223,59.15595],[5.86295,59.15818],[5.86384,59.15844],[5.86416,59.15815]],[[5.86322,59.16128],[5.86363,59.16049],[5.86301,59.15991],[5.86111,59.16071],[5.85912,59.15961],[5.85685,59.16018],[5.85578,59.15968],[5.85571,59.15902],[5.85665,59.15874],[5.85435,59.15655],[5.85338,59.15625],[5.85269,59.15672],[5.85159,59.15657],[5.85381,59.15507],[5.85177,59.15222],[5.85162,59.15074],[5.85052,59.1503],[5.84912,59.15191],[5.84754,59.15179],[5.84635,59.14985],[5.84397,59.14838],[5.84426,59.14729]],[[5.86337,59.16232],[5.86261,59.16178],[5.86322,59.16128]],[[5.95426,59.168],[5.95589,59.16759],[5.95577,59.16857],[5.95723,59.16837],[5.95772,59.16785],[5.95819,59.16655],[5.95732,59.16613],[5.9589,59.16421],[5.9574,59.16171],[5.95509,59.1618],[5.9531,59.16321],[5.95042,59.16712],[5.95007,59.16852],[5.95203,59.16913],[5.95426,59.168]],[[5.96668,59.17253],[5.96884,59.17088],[5.96984,59.17099],[5.9714,59.17217],[5.97168,59.17183],[5.97083,59.17115],[5.9713,59.17042],[5.97014,59.16975],[5.9673,59.17],[5.96616,59.17123],[5.96526,59.17027],[5.96555,59.16859],[5.96418,59.16793],[5.96304,59.16807],[5.96128,59.16959],[5.9607,59.17095],[5.96127,59.17173],[5.96289,59.17222],[5.96239,59.17395],[5.96548,59.17406],[5.96668,59.17253]],[[5.98189,59.17541],[5.9835,59.17529],[5.98646,59.1761],[5.98815,59.17576],[5.98756,59.17414],[5.98905,59.17242],[5.98823,59.17169],[5.98398,59.1714],[5.98128,59.1724],[5.98016,59.17548],[5.9809,59.17578],[5.98189,59.17541]],[[5.87767,59.17294],[5.87919,59.17265],[5.87977,59.17309]],[[5.93714,59.17139],[5.93998,59.17172],[5.94301,59.1714],[5.94535,59.17239],[5.94721,59.17037],[5.94653,59.16955],[5.94735,59.16813],[5.95111,59.16492],[5.95091,59.16387],[5.95038,59.16361],[5.94921,59.16378],[5.94739,59.16284],[5.94378,59.15953],[5.93935,59.15885],[5.9377,59.15915],[5.93596,59.16033],[5.93564,59.16139],[5.93635,59.16276],[5.93483,59.16307],[5.93402,59.16379],[5.93445,59.16487],[5.93321,59.16707],[5.93046,59.16797],[5.92954,59.17245],[5.93044,59.17312],[5.93136,59.17319],[5.93714,59.17139]],[[5.92662,59.17163],[5.92596,59.17162],[5.92455,59.17397],[5.92506,59.17445],[5.92615,59.17432],[5.92732,59.17349],[5.92662,59.17163]],[[5.79014,59.16671],[5.79091,59.16604],[5.792,59.16647],[5.79299,59.1663],[5.79384,59.16457],[5.79585,59.16349],[5.79848,59.16423],[5.79804,59.16559],[5.7986,59.16698]],[[5.80684,59.1679],[5.80661,59.16744],[5.80905,59.16624],[5.80857,59.16561],[5.80631,59.16619],[5.80562,59.1669],[5.8036,59.16767]],[[5.86736,59.16334],[5.86874,59.16246],[5.87198,59.16213],[5.87365,59.16329],[5.87506,59.16349],[5.87643,59.16528],[5.87799,59.16539],[5.87793,59.16587],[5.87678,59.16619],[5.87751,59.16831],[5.87635,59.16964],[5.87729,59.17094],[5.87679,59.17288]],[[5.96017,59.17875],[5.96278,59.17793],[5.96449,59.1786],[5.96771,59.17832],[5.96964,59.17684],[5.97078,59.17746],[5.97187,59.17717]],[[5.97415,59.17973],[5.97429,59.17706],[5.97297,59.17677],[5.97187,59.17717]],[[6.00007,59.17773],[5.99388,59.17842],[5.98946,59.1808]],[[5.87679,59.17288],[5.87767,59.17294]],[[5.9809,59.1802],[5.98002,59.18085],[5.98138,59.1815],[5.98259,59.18032]],[[5.78722,59.16898],[5.78976,59.16901],[5.79092,59.16797],[5.78978,59.16774],[5.79,59.16697]],[[5.80684,59.1679],[5.80747,59.16878],[5.80692,59.17053],[5.80809,59.17098],[5.80976,59.17024],[5.81066,59.17059],[5.81099,59.17176]],[[5.87875,59.17777],[5.87911,59.17647],[5.87858,59.17545],[5.87995,59.17363],[5.87977,59.17309]],[[5.94234,59.17893],[5.93983,59.17872],[5.93634,59.18024],[5.93615,59.18227],[5.93723,59.18294],[5.93848,59.18315],[5.94051,59.18238],[5.94245,59.17988],[5.94234,59.17893]],[[5.98946,59.1808],[5.98898,59.1812],[5.99066,59.18226],[5.99109,59.18399],[5.99002,59.18576],[5.99081,59.1868],[5.99249,59.1877],[5.9967,59.18764],[5.998,59.18674],[6.00007,59.1863]],[[5.97293,59.18948],[5.97423,59.18529],[5.97415,59.17973]],[[5.96017,59.17875],[5.95829,59.18041],[5.95698,59.18028],[5.95605,59.18108],[5.9564,59.18193],[5.95867,59.1828],[5.95696,59.18561],[5.9544,59.18642],[5.95138,59.1863],[5.95031,59.18571],[5.94904,59.18587],[5.94626,59.18773]],[[5.77642,59.16573],[5.77856,59.16832],[5.77762,59.16941],[5.77759,59.17215],[5.77688,59.17242],[5.77361,59.17212],[5.77099,59.17353],[5.77272,59.17478],[5.77389,59.17467],[5.77383,59.17658],[5.77749,59.17744],[5.78002,59.17698],[5.7801,59.17638],[5.77923,59.17586],[5.78014,59.17509],[5.78414,59.17422],[5.78526,59.17356],[5.78666,59.1707],[5.78614,59.16968],[5.78722,59.16898]],[[5.98623,59.19083],[5.98706,59.19081],[5.98863,59.19214],[5.98953,59.19198],[5.99036,59.19016],[5.99002,59.18919],[5.98582,59.18818],[5.98333,59.18797],[5.98187,59.18829],[5.98047,59.19009],[5.98198,59.19264],[5.98404,59.19228],[5.98623,59.19083]],[[5.97068,59.19317],[5.97267,59.19163],[5.97293,59.18948]],[[5.96738,59.19405],[5.96968,59.19387],[5.97068,59.19317]],[[5.86786,59.18711],[5.87041,59.18685],[5.87286,59.18772],[5.87485,59.18682],[5.8762,59.18225],[5.87875,59.17777]],[[5.81099,59.17176],[5.80738,59.17441],[5.80708,59.17556],[5.804,59.1772],[5.80289,59.17887],[5.80272,59.18156],[5.80121,59.18248],[5.8025,59.18389],[5.80973,59.18495]],[[5.97258,59.19564],[5.97077,59.19493],[5.96931,59.19608],[5.97088,59.19786],[5.97218,59.19821],[5.9729,59.19719],[5.97258,59.19564]],[[5.85175,59.19143],[5.85843,59.18881],[5.86089,59.18829],[5.86188,59.18708],[5.86429,59.18725],[5.86476,59.1883],[5.86786,59.18711]],[[5.95459,59.20204],[5.95485,59.201],[5.95803,59.19995],[5.95878,59.19907],[5.95671,59.19809],[5.95725,59.19689],[5.95994,59.19525],[5.96344,59.19442],[5.96738,59.19405]],[[5.84508,59.19537],[5.84602,59.19375],[5.84731,59.19344],[5.84815,59.19235],[5.85175,59.19143]],[[5.80973,59.18495],[5.81203,59.18544],[5.80939,59.18689],[5.8093,59.18808],[5.81298,59.1898],[5.81045,59.19074],[5.81099,59.19202],[5.81499,59.19345]],[[5.94626,59.18773],[5.94097,59.18988],[5.93852,59.19283],[5.93826,59.19449],[5.93359,59.19652],[5.93268,59.19837],[5.93558,59.19925],[5.92989,59.20151]],[[5.92989,59.20151],[5.92608,59.20142],[5.92152,59.20232],[5.9199,59.2042],[5.92259,59.20542],[5.92439,59.20533],[5.9262,59.2043],[5.92883,59.2041],[5.9302,59.2043],[5.93059,59.20523]],[[5.81499,59.19345],[5.81854,59.19421],[5.8152,59.19691],[5.81936,59.19888],[5.82298,59.1989],[5.82397,59.19935]],[[5.82397,59.19935],[5.82479,59.20068],[5.82574,59.20054],[5.82861,59.20145],[5.83189,59.2011],[5.83912,59.19773],[5.84158,59.19714],[5.8455,59.1969],[5.84508,59.19537]],[[5.98261,59.21168],[5.97976,59.21138],[5.97796,59.21219],[5.98179,59.21222],[5.98261,59.21168]],[[5.94154,59.21038],[5.9431,59.2108],[5.94562,59.21078],[5.95005,59.20942],[5.95184,59.20822],[5.95441,59.20446],[5.95459,59.20204]],[[5.93291,59.2078],[5.93411,59.20941],[5.93612,59.21024],[5.9392,59.21055],[5.94038,59.21016],[5.94154,59.21038]],[[6.00076,59.20001],[5.99871,59.20062],[5.998,59.20195],[5.99209,59.20289],[5.98965,59.20372],[5.99099,59.20489],[5.99021,59.2055],[5.99281,59.20604],[5.99411,59.20778],[5.99426,59.20911],[5.99694,59.21072],[6.00191,59.21074]],[[6.00106,59.2158],[5.99877,59.21698],[6.00075,59.2176]],[[5.81803,59.20724],[5.81665,59.20682],[5.8152,59.207],[5.81202,59.20578],[5.81075,59.20592],[5.81129,59.20699],[5.81372,59.20875],[5.81631,59.20843],[5.81825,59.20759],[5.81803,59.20724]],[[5.80449,59.20752],[5.80228,59.20851],[5.80304,59.21024],[5.80172,59.21055],[5.80345,59.21177],[5.80501,59.21056],[5.80551,59.20881],[5.80449,59.20752]],[[5.83628,59.22491],[5.83898,59.22447],[5.84048,59.22295],[5.84024,59.22257],[5.83924,59.22205],[5.83002,59.2208],[5.82717,59.22148],[5.82263,59.22181],[5.8224,59.2237],[5.82036,59.22366]],[[5.8268,59.22601],[5.83002,59.22689]],[[5.83265,59.22831],[5.83451,59.22886],[5.83688,59.22869],[5.83716,59.22597],[5.8353,59.22542],[5.83628,59.22491]],[[5.82036,59.22366],[5.81611,59.22355],[5.81118,59.22484],[5.80829,59.22417],[5.80518,59.22436],[5.80052,59.22639],[5.80052,59.22782],[5.80156,59.22852],[5.80273,59.22753],[5.80272,59.22656],[5.80427,59.22731]],[[5.78269,59.22559],[5.78144,59.22529],[5.77921,59.22601],[5.77949,59.22764],[5.7807,59.22771],[5.78133,59.22694],[5.78234,59.22687]],[[5.85036,59.23479],[5.85619,59.23347],[5.85698,59.23295],[5.854,59.23006],[5.8544,59.22879],[5.8525,59.228],[5.85188,59.22597],[5.84852,59.22579],[5.84793,59.22526],[5.84714,59.22274],[5.84759,59.2225],[5.84909,59.22277],[5.84957,59.22215],[5.84826,59.22075],[5.84584,59.22094],[5.84622,59.22195],[5.84553,59.22239],[5.84437,59.22196],[5.84372,59.22213],[5.84376,59.22295],[5.84086,59.22535],[5.84079,59.22595],[5.84166,59.22655],[5.84384,59.22732]],[[5.78234,59.22687],[5.784,59.22679],[5.78301,59.22777],[5.78371,59.22886],[5.78213,59.22952],[5.78348,59.2304],[5.78696,59.22899],[5.78532,59.22758],[5.78649,59.22718],[5.78814,59.22731],[5.78887,59.22818],[5.79029,59.2283],[5.79228,59.22663],[5.78624,59.22467],[5.78408,59.22486],[5.78478,59.22578],[5.78425,59.22666],[5.78383,59.22594],[5.78269,59.22559]],[[5.90708,59.08988],[5.90719,59.09001]],[[5.85944,59.10904],[5.85936,59.10675]],[[5.89364,59.11096],[5.90036,59.11226],[5.9013,59.11194],[5.9011,59.11072]],[[5.81282,59.10943],[5.81427,59.10903]],[[5.81391,59.11038],[5.81244,59.11043]],[[5.92675,59.12594],[5.9272,59.12604]],[[5.93569,59.13115],[5.93595,59.13188]],[[5.94734,59.13268],[5.94506,59.13168],[5.94274,59.13169],[5.94192,59.1323]],[[5.93595,59.13188],[5.936,59.13199]],[[5.89669,59.12931],[5.89709,59.12914]],[[5.89669,59.12931],[5.89597,59.12999],[5.89616,59.13127]],[[5.89422,59.13854],[5.89445,59.13767]],[[5.89445,59.13767],[5.89431,59.1357],[5.89304,59.13677],[5.89338,59.13847],[5.89422,59.13854]],[[5.9483,59.1551],[5.94738,59.15546],[5.94712,59.15714],[5.94794,59.15774],[5.94903,59.15742],[5.94892,59.15563],[5.9483,59.1551]],[[5.77668,59.15183],[5.77658,59.15225]],[[5.86736,59.16334],[5.8661,59.16349],[5.86337,59.16232]],[[5.94572,59.17344],[5.94779,59.17278],[5.94809,59.17207],[5.94642,59.17196],[5.94465,59.17364],[5.94572,59.17344]],[[5.94568,59.17773],[5.94699,59.17726],[5.94655,59.17648],[5.94518,59.17659],[5.94431,59.17764]],[[5.98259,59.18032],[5.9821,59.17986],[5.9809,59.1802]],[[5.94431,59.17764],[5.94568,59.17773]],[[5.79,59.16697],[5.79014,59.16671]],[[5.93059,59.20523],[5.93133,59.20671],[5.93291,59.2078]],[[5.78123,59.23094],[5.78101,59.23178]],[[5.75622,58.99923],[5.75731,59.00011],[5.75826,58.99911]],[[5.78109,58.99995],[5.78176,59.00128],[5.78302,59.00264],[5.78651,59.00387]],[[5.78651,59.00387],[5.78844,59.00528],[5.78997,59.00501],[5.78933,59.00275],[5.79072,59.00221],[5.79341,58.99841]],[[5.70917,58.99937],[5.71017,59.00099]],[[5.78262,59.00456],[5.78141,59.00423],[5.7807,59.00489],[5.78271,59.00698],[5.78372,59.00605],[5.78262,59.00456]],[[5.75506,59.00351],[5.75283,59.0036],[5.75023,59.00455],[5.74802,59.00486],[5.74503,59.00418],[5.74451,59.00371]],[[5.75216,59.00612],[5.75237,59.00564],[5.75477,59.0046]],[[5.76849,59.00828],[5.76825,59.00761]],[[5.78466,59.01005],[5.78612,59.0096],[5.78646,59.00862],[5.78195,59.00829],[5.78032,59.00911],[5.78047,59.00976],[5.78198,59.00971],[5.78343,59.01021],[5.78466,59.01005]],[[5.66176,59.00236],[5.65882,59.00153],[5.65965,59.00073],[5.66283,59.00161],[5.66332,59.0011],[5.66293,58.99931]],[[5.75216,59.00612],[5.75239,59.00695],[5.75172,59.00786],[5.7534,59.00966]],[[5.71017,59.00099],[5.71041,59.0019],[5.70946,59.00221],[5.70993,59.00269],[5.71351,59.00277],[5.71524,59.00353],[5.71565,59.0051],[5.71413,59.0063],[5.71553,59.0066],[5.71698,59.00607],[5.7192,59.00601],[5.72005,59.00672],[5.7187,59.00774],[5.72039,59.00843],[5.72264,59.00854],[5.72607,59.00795],[5.7313,59.00644],[5.73255,59.00726],[5.73312,59.00603]],[[5.7793,59.01136],[5.77856,59.01123],[5.7767,59.01197],[5.77736,59.01343],[5.77954,59.01238],[5.7793,59.01136]],[[5.76825,59.00761],[5.76941,59.0064],[5.77235,59.0055],[5.77288,59.00482],[5.77244,59.00425],[5.77319,59.00386],[5.77207,59.00309],[5.77301,59.00228],[5.77156,59.00112],[5.77125,59.00009],[5.76835,59.00081],[5.76709,59.00162],[5.76831,59.00318],[5.7656,59.00444],[5.76662,59.00576],[5.76525,59.00669],[5.7629,59.00992],[5.76582,59.01078],[5.76912,59.0108],[5.77059,59.01212],[5.77322,59.01345],[5.77412,59.01345],[5.77457,59.01243],[5.77393,59.01195],[5.77223,59.01196],[5.77154,59.0109],[5.77177,59.01039],[5.7731,59.01024],[5.77267,59.00929],[5.76849,59.00828]],[[5.74838,59.01181],[5.75282,59.01179]],[[5.73549,59.00729],[5.73433,59.00877],[5.73528,59.00933],[5.7353,59.01144],[5.73614,59.01249],[5.73802,59.0128],[5.73882,59.01237],[5.73685,59.01134],[5.73747,59.00976],[5.74279,59.01128],[5.74838,59.01181]],[[5.7839,59.01912],[5.78304,59.01773],[5.78666,59.01801],[5.78722,59.01776],[5.78695,59.01734],[5.78384,59.01681],[5.78197,59.0158],[5.77761,59.01531],[5.7763,59.01557],[5.77575,59.01608],[5.77728,59.01791],[5.77995,59.01884],[5.7839,59.01912]],[[5.77715,59.01903],[5.77305,59.01817],[5.76921,59.01428],[5.76585,59.01415],[5.76436,59.01468],[5.76636,59.01613],[5.76551,59.01711],[5.76295,59.01644],[5.76185,59.01561],[5.76083,59.01572],[5.7672,59.01918],[5.77053,59.01842],[5.77314,59.01882],[5.77399,59.01932],[5.77421,59.02041],[5.77606,59.0212],[5.77715,59.01903]],[[5.78565,59.02152],[5.78265,59.02097],[5.78082,59.02136],[5.77809,59.0213],[5.77771,59.02216],[5.7787,59.02268],[5.78327,59.02269],[5.78565,59.02152]],[[5.63914,59.01294],[5.64036,59.01294],[5.64165,59.01233],[5.6443,59.01281],[5.6522,59.01175],[5.65713,59.01059],[5.6569,59.01091],[5.66321,59.00334],[5.66176,59.00236]],[[5.62866,59.01876],[5.6312,59.01819],[5.63368,59.01697],[5.6363,59.01721],[5.63642,59.01576],[5.63906,59.01421],[5.63914,59.01294]],[[5.62866,59.01876],[5.6284,59.01947]],[[5.56339,59.01471],[5.56579,59.01398],[5.56701,59.01468],[5.56881,59.0147],[5.56937,59.01422],[5.56947,59.01369],[5.56611,59.01094],[5.56956,59.00943],[5.57124,59.00728],[5.57118,59.0066],[5.56855,59.00458],[5.56454,59.00281],[5.56476,59.00182],[5.5665,59.00034],[5.56617,58.99899]],[[5.57713,59.01572],[5.58039,59.01529],[5.58313,59.01547]],[[5.58625,59.01639],[5.59042,59.01833]],[[5.56339,59.01471],[5.56496,59.01678],[5.56656,59.01669],[5.56998,59.01564],[5.57216,59.0163],[5.57395,59.0178],[5.57647,59.01588]],[[5.75271,59.02966],[5.7489,59.02921],[5.75046,59.03093],[5.75155,59.031],[5.7535,59.03018],[5.75271,59.02966]],[[5.67111,59.02498],[5.6693,59.02479],[5.66852,59.02519],[5.66855,59.02659],[5.67358,59.027],[5.6739,59.02613],[5.67111,59.02498]],[[5.61222,59.02336],[5.613,59.02375],[5.61479,59.02347],[5.61644,59.02419],[5.62199,59.02158],[5.62664,59.02048],[5.6284,59.01947]],[[5.7512,59.0342],[5.74814,59.03426],[5.74822,59.0354],[5.75124,59.03507],[5.75169,59.03486],[5.7512,59.0342]],[[5.75395,59.03707],[5.75113,59.0361],[5.74859,59.03589],[5.74606,59.03675]],[[5.75804,59.03821],[5.75395,59.03707]],[[5.72249,59.03608],[5.71507,59.03511],[5.71115,59.03375],[5.7097,59.03278],[5.70974,59.03217],[5.7055,59.03147]],[[5.79839,59.03986],[5.79571,59.039],[5.79293,59.03961],[5.79792,59.04212],[5.80035,59.04167],[5.79984,59.04057],[5.79839,59.03986]],[[5.74606,59.03675],[5.74048,59.03769],[5.73655,59.03795],[5.72249,59.03608]],[[5.7055,59.03147],[5.70109,59.0321],[5.69871,59.03312],[5.69399,59.03435],[5.6928,59.03564]],[[5.65871,59.03557],[5.65717,59.03399],[5.65721,59.03303],[5.65638,59.03264],[5.6549,59.03296],[5.65513,59.03334],[5.65404,59.03413],[5.65134,59.03429],[5.64966,59.03378],[5.64797,59.0343]],[[5.6928,59.03564],[5.68916,59.03847]],[[5.69894,59.03894],[5.70076,59.03946],[5.70251,59.03884],[5.70482,59.03875],[5.70737,59.0393],[5.71298,59.03772],[5.71439,59.03778],[5.7205,59.03957],[5.72453,59.04128]],[[5.68031,59.03728],[5.68302,59.03577],[5.68381,59.03422],[5.68291,59.03338],[5.68133,59.03302],[5.67916,59.03333],[5.67884,59.03232],[5.67762,59.03178],[5.67466,59.03301],[5.66995,59.03617],[5.67504,59.03653],[5.67802,59.03825],[5.68,59.03822],[5.68031,59.03728]],[[5.69702,59.03981],[5.69758,59.03889],[5.69894,59.03894]],[[5.77315,59.04907],[5.77464,59.0491],[5.77704,59.04813],[5.77674,59.04581],[5.77516,59.04408],[5.77629,59.04297],[5.77579,59.04228],[5.77311,59.04092],[5.76328,59.03826],[5.75804,59.03821]],[[5.76201,59.04864],[5.77315,59.04907]],[[5.67386,59.04066],[5.67307,59.04069],[5.67203,59.04192],[5.67446,59.04242],[5.67517,59.04207],[5.67479,59.04094],[5.67386,59.04066]],[[5.66783,59.04212],[5.66737,59.0398],[5.6642,59.03776],[5.66291,59.03775],[5.65871,59.03557]],[[5.59042,59.01833],[5.59217,59.02078],[5.59102,59.02325],[5.58842,59.02381],[5.58709,59.02347],[5.58553,59.02448],[5.5821,59.02408],[5.57962,59.02451],[5.57896,59.02578],[5.58038,59.02735],[5.57982,59.02849],[5.5814,59.02947],[5.58175,59.0303],[5.58011,59.03175],[5.57857,59.03163],[5.57793,59.03064],[5.57471,59.03011],[5.57388,59.03039],[5.57508,59.03256],[5.57872,59.0345],[5.58101,59.03646],[5.5839,59.03659],[5.58765,59.03541],[5.58683,59.03445],[5.58726,59.03406],[5.58999,59.03447],[5.59131,59.03422],[5.59631,59.03251],[5.59856,59.031],[5.60297,59.03021],[5.60327,59.02912],[5.60145,59.02705],[5.6019,59.02502],[5.60328,59.02409],[5.60586,59.0235],[5.60813,59.0235],[5.60988,59.02392],[5.61222,59.02336]],[[5.74299,59.04806],[5.74552,59.04841],[5.74684,59.04979],[5.74858,59.04852],[5.75881,59.04916],[5.76201,59.04864]],[[5.72499,59.04146],[5.72804,59.04528],[5.72777,59.04663],[5.72857,59.04869],[5.73013,59.04966],[5.73212,59.05001],[5.73382,59.04981],[5.73679,59.04894],[5.73836,59.04793],[5.73984,59.04778]],[[5.68916,59.03847],[5.68388,59.0414],[5.68405,59.04292],[5.6823,59.04464],[5.68459,59.04581],[5.68585,59.04562],[5.6869,59.04616],[5.68713,59.0473],[5.68488,59.04766],[5.68492,59.04802],[5.69276,59.04749],[5.69997,59.04524],[5.70007,59.04272],[5.70204,59.04106],[5.6986,59.04115],[5.69691,59.0404],[5.69702,59.03981]],[[5.65588,59.04593],[5.66087,59.04522],[5.66181,59.04488],[5.66194,59.04422],[5.6633,59.044],[5.66817,59.04445],[5.66863,59.04336],[5.66783,59.04212]],[[5.74229,59.05066],[5.74078,59.05107],[5.74183,59.05237]],[[5.74183,59.05237],[5.74286,59.05298],[5.74688,59.05212],[5.74804,59.05047],[5.74671,59.05013],[5.74229,59.05066]],[[5.66624,59.04954],[5.65995,59.04886],[5.6548,59.04987]],[[5.6548,59.04987],[5.65131,59.05023],[5.64339,59.05218]],[[5.64797,59.0343],[5.64538,59.03377],[5.64136,59.03156],[5.64033,59.03167],[5.63858,59.03297],[5.63746,59.03555],[5.62904,59.04011],[5.62955,59.04105],[5.6319,59.04139],[5.63058,59.04291],[5.62788,59.04394],[5.62722,59.04482],[5.62786,59.0459],[5.62592,59.04654],[5.62977,59.04749],[5.62648,59.04894],[5.62953,59.04949],[5.63055,59.05107],[5.62961,59.05157],[5.62687,59.05181],[5.62538,59.05264],[5.62689,59.05313],[5.62833,59.05313],[5.6313,59.05194],[5.63165,59.05076],[5.6334,59.04985],[5.64444,59.04921],[5.64711,59.04787],[5.64647,59.04604],[5.64751,59.04547],[5.64932,59.04558],[5.64951,59.04481],[5.6508,59.04486],[5.65181,59.04594],[5.65588,59.04593]],[[5.71378,59.05563],[5.71213,59.05552],[5.71282,59.05664],[5.71098,59.05712],[5.7103,59.05834],[5.71321,59.0593],[5.71657,59.05955],[5.71747,59.0602],[5.71797,59.0601],[5.71905,59.05888],[5.7176,59.05747],[5.71753,59.05658],[5.71378,59.05563]],[[5.65633,59.05612],[5.66157,59.0565]],[[5.64339,59.05218],[5.6417,59.05185],[5.6397,59.05232],[5.64029,59.0534],[5.63879,59.05466],[5.63981,59.05571],[5.64852,59.05525],[5.65315,59.05588]],[[5.7003,59.06046],[5.69665,59.05797],[5.69501,59.05769],[5.6938,59.05839],[5.68815,59.05936],[5.68706,59.06073],[5.68491,59.06119]],[[5.66157,59.0565],[5.66863,59.05685],[5.67469,59.0567],[5.67655,59.05743],[5.67693,59.05888],[5.67783,59.05886],[5.67715,59.05705],[5.67573,59.05586],[5.67734,59.05528],[5.67817,59.05445],[5.67875,59.05298],[5.67828,59.05159],[5.67576,59.0512],[5.67432,59.04998],[5.67244,59.05034],[5.67115,59.05011],[5.67029,59.04854],[5.67155,59.04664],[5.66975,59.04572],[5.66829,59.04578],[5.66685,59.04644],[5.66656,59.04729],[5.66806,59.049],[5.66624,59.04954]],[[5.70179,59.06142],[5.70108,59.06275],[5.69945,59.06249],[5.7003,59.06046]],[[5.68491,59.06119],[5.67885,59.06225]],[[5.67885,59.06225],[5.67715,59.06215],[5.67615,59.0626]],[[5.70363,59.06846],[5.70597,59.06719],[5.70584,59.06442],[5.70455,59.06256],[5.70179,59.06142]],[[5.76212,59.06974],[5.75988,59.06845],[5.7563,59.06804],[5.75417,59.06839],[5.75144,59.06968],[5.7479,59.06965],[5.74566,59.07028],[5.73933,59.07052],[5.73805,59.07123],[5.7383,59.07179]],[[5.77614,59.0746],[5.77427,59.07442],[5.7681,59.07052],[5.76577,59.07061],[5.76212,59.06974]],[[5.67409,59.06258],[5.67125,59.06186],[5.67016,59.06214],[5.67006,59.06314],[5.66657,59.06404],[5.66571,59.06471],[5.66471,59.0673]],[[5.7383,59.07179],[5.73798,59.0726]],[[5.78025,59.07564],[5.77744,59.07425],[5.77614,59.0746]],[[5.81445,59.07809],[5.81717,59.07797],[5.81812,59.07727],[5.81991,59.0768],[5.82031,59.07746],[5.82252,59.07843]],[[5.81445,59.07809],[5.81163,59.07807],[5.80774,59.08005],[5.80601,59.08046]],[[5.73615,59.07326],[5.73072,59.07408],[5.72915,59.07497],[5.72897,59.07631],[5.7264,59.07732]],[[5.66444,59.07503],[5.66418,59.0719],[5.66238,59.07054],[5.64951,59.06915]],[[5.66444,59.07503],[5.66511,59.0758],[5.66763,59.07671]],[[5.66763,59.07671],[5.67241,59.07748],[5.6747,59.07653],[5.67953,59.07629],[5.68008,59.07534],[5.67579,59.07462],[5.67433,59.07364],[5.67559,59.07184],[5.67319,59.07052],[5.67297,59.06956],[5.67199,59.06884],[5.66551,59.06799],[5.66471,59.0673]],[[5.7264,59.07732],[5.72457,59.0796],[5.71967,59.08073],[5.71829,59.08161]],[[5.80601,59.08046],[5.80149,59.08244],[5.79787,59.08483],[5.79704,59.08662],[5.80092,59.08906],[5.80354,59.08924],[5.80903,59.08627],[5.81469,59.08563],[5.81662,59.08508],[5.81799,59.08516],[5.82101,59.08401]],[[5.71829,59.08161],[5.71568,59.08231],[5.71406,59.08383],[5.71148,59.08439]],[[5.67333,59.08695],[5.67544,59.08617],[5.67603,59.08542],[5.67551,59.08343],[5.67598,59.08276],[5.68021,59.08055],[5.67855,59.07828],[5.68138,59.07708],[5.6862,59.0778],[5.68679,59.07746],[5.68565,59.07654],[5.68582,59.07547],[5.69158,59.07537],[5.69349,59.07447],[5.6967,59.07429],[5.6994,59.07371],[5.70105,59.07193],[5.70264,59.07124],[5.70229,59.0703]],[[5.77873,59.09781],[5.77813,59.09676],[5.77916,59.09576],[5.7771,59.09486],[5.779,59.09308],[5.77852,59.09061],[5.77986,59.08966],[5.78089,59.08975],[5.78104,59.08928],[5.77809,59.08738],[5.7798,59.08568],[5.77996,59.08371],[5.78226,59.08209],[5.78211,59.08133],[5.78484,59.08142],[5.78413,59.08101],[5.78353,59.07894],[5.78025,59.07564]],[[5.60275,59.08617],[5.60129,59.08602],[5.60095,59.08666],[5.60295,59.0883],[5.6038,59.08785],[5.60378,59.08674],[5.60275,59.08617]],[[5.65018,59.09126],[5.65437,59.09244],[5.65552,59.09094],[5.66376,59.08874],[5.66832,59.08839],[5.67333,59.08695]],[[5.71148,59.08439],[5.70885,59.08489],[5.70464,59.08704],[5.70041,59.08778],[5.70263,59.09175],[5.70239,59.09479],[5.70172,59.09569],[5.70273,59.09607]],[[5.64614,59.09275],[5.64862,59.09237],[5.64885,59.09119],[5.65018,59.09126]],[[5.77921,59.10273],[5.77931,59.10204],[5.78299,59.1008],[5.78387,59.09918],[5.78181,59.09794],[5.78198,59.09611],[5.78057,59.09674],[5.77971,59.09813],[5.77873,59.09781]],[[5.70273,59.09607],[5.70123,59.09874],[5.69932,59.09819],[5.69845,59.0975],[5.69882,59.09662],[5.69295,59.09663],[5.69057,59.09538],[5.68791,59.09763]],[[5.64182,59.09717],[5.64673,59.09572],[5.64699,59.09333],[5.64614,59.09275]],[[5.67143,59.09942],[5.6724,59.09898],[5.67109,59.09823],[5.67266,59.09736],[5.67951,59.09642],[5.68244,59.09709],[5.68791,59.09763]],[[5.61198,59.09839],[5.61474,59.09887],[5.61646,59.09983],[5.63091,59.10041],[5.63769,59.09858]],[[5.58012,59.09741],[5.58227,59.0969],[5.58407,59.09693],[5.58472,59.09731],[5.58401,59.09824],[5.58578,59.09879],[5.58846,59.09816],[5.58993,59.09701],[5.59142,59.09719]],[[5.77427,59.11392],[5.77398,59.11318],[5.77479,59.11238],[5.77649,59.11199],[5.77892,59.10952],[5.78226,59.10778],[5.78071,59.10592],[5.78134,59.10496],[5.78109,59.10404],[5.77921,59.10273]],[[5.64823,59.1053],[5.64935,59.10395],[5.65525,59.10345],[5.66188,59.10218],[5.66705,59.0993],[5.67143,59.09942]],[[5.60616,59.10236],[5.60381,59.10037],[5.60425,59.09902],[5.60762,59.09779],[5.60921,59.09835],[5.61198,59.09839]],[[5.64951,59.06915],[5.64348,59.06845],[5.64219,59.06878],[5.64114,59.07032],[5.64386,59.07138],[5.64435,59.0722],[5.64147,59.07281],[5.64098,59.07413],[5.63977,59.0746],[5.63324,59.07486],[5.63247,59.0745],[5.63286,59.07395],[5.63015,59.0734],[5.6301,59.07462],[5.6277,59.07568],[5.62444,59.07463],[5.62241,59.07451],[5.62172,59.07372],[5.62088,59.07365],[5.62051,59.07425],[5.62128,59.07477],[5.62073,59.0753],[5.61581,59.07687],[5.61582,59.07755],[5.618,59.07804],[5.61763,59.07901],[5.61632,59.07937],[5.61358,59.07906],[5.61206,59.07939],[5.61106,59.08169],[5.6094,59.08232],[5.60947,59.08432],[5.61038,59.08539],[5.60963,59.08602],[5.60801,59.08589],[5.60802,59.0867],[5.61334,59.09061],[5.61248,59.09315],[5.61013,59.09416],[5.60657,59.09458],[5.60721,59.09527],[5.60688,59.09661],[5.60338,59.09612],[5.60157,59.09665],[5.60266,59.09731],[5.60151,59.09769],[5.5987,59.09737],[5.59736,59.09814],[5.59397,59.098],[5.59292,59.09987],[5.5937,59.10228]],[[5.59142,59.09719],[5.59296,59.09754],[5.59404,59.09588],[5.59372,59.09467],[5.59236,59.09395],[5.59274,59.09215],[5.59503,59.09096],[5.59872,59.09038],[5.59583,59.08989],[5.59199,59.08641],[5.5882,59.08406],[5.58632,59.08371],[5.58279,59.08411],[5.5813,59.08383],[5.58068,59.08318],[5.57734,59.08364],[5.5737,59.08629],[5.57153,59.08689],[5.5718,59.08729],[5.57397,59.08725],[5.57441,59.08757],[5.57428,59.08908],[5.57326,59.08979],[5.57172,59.08987],[5.56956,59.08873],[5.56801,59.08892],[5.56814,59.08981],[5.5714,59.09196],[5.57011,59.09444],[5.56799,59.09591],[5.56462,59.0967],[5.56291,59.0959],[5.56207,59.09617],[5.56244,59.09738],[5.56618,59.09706],[5.56827,59.09728],[5.56849,59.10102],[5.57025,59.10059],[5.57318,59.09904],[5.57537,59.09849],[5.57776,59.09841],[5.58012,59.09741]],[[5.58482,59.0994],[5.58601,59.10064],[5.58897,59.10235],[5.59132,59.10277],[5.5937,59.10228]],[[5.56435,59.09771],[5.56317,59.09795],[5.55981,59.1001],[5.55987,59.1013],[5.56295,59.09994],[5.56319,59.09877],[5.56435,59.09771]],[[5.76833,59.11744],[5.77076,59.11688],[5.7723,59.11733],[5.77459,59.11658],[5.77553,59.11464],[5.77427,59.11392]],[[5.80411,59.11366],[5.80306,59.11195],[5.80117,59.11246],[5.80048,59.11229],[5.80431,59.11066],[5.80525,59.10905],[5.80314,59.10884],[5.80119,59.10941],[5.79801,59.11164],[5.79816,59.11278],[5.79506,59.11513],[5.79419,59.11782],[5.79474,59.11904],[5.79384,59.12014],[5.79561,59.12005],[5.80254,59.11778],[5.80602,59.1179]],[[5.58198,59.10565],[5.57823,59.10575]],[[5.60616,59.10236],[5.60755,59.10433],[5.60742,59.10562],[5.60645,59.10634],[5.60279,59.10749]],[[5.58482,59.0994],[5.57799,59.09914],[5.57373,59.1017],[5.56719,59.10208],[5.56487,59.10342],[5.5651,59.10384],[5.57138,59.10321],[5.57228,59.10392],[5.57276,59.10557],[5.57823,59.10575]],[[5.58567,59.10673],[5.58517,59.10549],[5.58407,59.10527],[5.58198,59.10565]],[[5.6003,59.1078],[5.60279,59.10749]],[[5.62803,59.10983],[5.63461,59.10755],[5.63673,59.10799],[5.63886,59.10795]],[[5.76476,59.11971],[5.76475,59.11911],[5.76665,59.1186],[5.76833,59.11744]],[[5.70154,59.11575],[5.70201,59.11617]],[[5.58567,59.10673],[5.5874,59.10794],[5.59206,59.1086],[5.59772,59.10855],[5.6003,59.1078]],[[5.56539,59.10878],[5.56614,59.10861],[5.56669,59.10931],[5.56916,59.10849],[5.5712,59.10661],[5.56819,59.10568],[5.56715,59.10599],[5.56739,59.10672],[5.56596,59.1072],[5.56224,59.10623],[5.56067,59.10652],[5.56008,59.10748],[5.56174,59.10806],[5.56329,59.108],[5.56488,59.10937],[5.56539,59.10878]],[[5.72163,59.1266],[5.72819,59.12525],[5.73242,59.12655],[5.73553,59.12608],[5.73769,59.12516],[5.74415,59.12582],[5.74963,59.12365],[5.75207,59.12358],[5.75577,59.12265],[5.76201,59.1218],[5.76476,59.11971]],[[5.70201,59.11617],[5.70127,59.11646],[5.70149,59.11704],[5.70416,59.11867],[5.70785,59.11892],[5.70781,59.11962],[5.7063,59.12105],[5.7063,59.12306],[5.70746,59.12378],[5.70832,59.12375],[5.70863,59.12328],[5.70746,59.12255],[5.70782,59.12176],[5.70935,59.12092],[5.71397,59.12005],[5.71516,59.12086],[5.71712,59.121],[5.71887,59.12062],[5.71868,59.12124],[5.71438,59.12292],[5.71445,59.12396],[5.71259,59.12545],[5.71346,59.12606],[5.71938,59.12673],[5.72163,59.1266]],[[5.59822,59.12418],[5.59958,59.12416],[5.59854,59.1246]],[[5.62717,59.12838],[5.62782,59.1282],[5.62902,59.12872],[5.62898,59.12968],[5.62982,59.13015],[5.63262,59.1306]],[[5.63262,59.1306],[5.63459,59.13066],[5.63601,59.13028],[5.63952,59.13205]],[[5.62585,59.11042],[5.62446,59.11058],[5.62313,59.11126],[5.62266,59.11333],[5.62006,59.11438],[5.61645,59.11726],[5.60966,59.11924],[5.60668,59.11957],[5.6062,59.11995],[5.60681,59.12063],[5.60499,59.12027],[5.60149,59.12205],[5.59845,59.12259],[5.59549,59.12262],[5.59669,59.12132],[5.6014,59.12011],[5.60149,59.11971],[5.59804,59.11995],[5.59686,59.11924],[5.59223,59.1188],[5.59077,59.11815],[5.59079,59.11693],[5.58882,59.11681],[5.58829,59.11801],[5.58729,59.11856],[5.5799,59.11865],[5.57968,59.11757],[5.5822,59.1164],[5.58028,59.11543],[5.57526,59.116],[5.5755,59.11753],[5.57203,59.11816],[5.57077,59.12067],[5.56766,59.12097],[5.56658,59.12154],[5.56687,59.1222],[5.56577,59.1226],[5.56557,59.12313],[5.56791,59.12313],[5.56675,59.12377],[5.56883,59.12448],[5.57249,59.12403],[5.57375,59.12447],[5.57452,59.12629],[5.57255,59.12863],[5.57558,59.12904],[5.57978,59.12813],[5.58219,59.12851],[5.58332,59.12915],[5.58732,59.12673],[5.59117,59.12558],[5.59305,59.126],[5.5941,59.12526],[5.59822,59.12418]],[[5.62822,59.13146],[5.62559,59.13162],[5.62667,59.13321],[5.62754,59.13314],[5.62822,59.13146]],[[5.63952,59.13205],[5.64027,59.13274],[5.64012,59.13429],[5.6425,59.13453],[5.64361,59.13511],[5.64257,59.13629],[5.64317,59.13662],[5.64534,59.1351],[5.64498,59.13447],[5.64348,59.13384],[5.64508,59.13166],[5.64327,59.12968],[5.64391,59.12915],[5.64501,59.12899],[5.64567,59.12942],[5.64648,59.12938],[5.64733,59.1287],[5.64958,59.12895],[5.65329,59.12822],[5.65583,59.12927],[5.65746,59.12914],[5.6584,59.12851],[5.66158,59.12815],[5.66633,59.1254],[5.66983,59.12572],[5.67163,59.12539],[5.67259,59.12455],[5.67913,59.12393],[5.68202,59.12226],[5.68695,59.12174],[5.68787,59.12094],[5.69026,59.12029],[5.69071,59.12099],[5.69288,59.12089],[5.69373,59.12048],[5.69289,59.12007],[5.69512,59.11931],[5.6959,59.11831],[5.6978,59.11746],[5.6983,59.11543],[5.69989,59.11613],[5.70154,59.11575]],[[5.60749,59.13429],[5.60953,59.13482],[5.6109,59.13456],[5.6097,59.13354],[5.61001,59.13299],[5.61222,59.13265],[5.61523,59.13274],[5.61728,59.13101],[5.61909,59.13096],[5.62135,59.13148],[5.62145,59.13094],[5.61989,59.13075],[5.62062,59.12957],[5.62191,59.13044],[5.62556,59.13023],[5.62717,59.12838]],[[5.59854,59.1246],[5.5967,59.12529],[5.59527,59.12656],[5.59384,59.12695],[5.58989,59.13012],[5.58754,59.13136],[5.58743,59.13213],[5.58357,59.13394],[5.58542,59.1359],[5.58516,59.13643],[5.58718,59.13968],[5.58824,59.14024],[5.58936,59.14006],[5.58749,59.13888],[5.58746,59.1376],[5.58882,59.13731],[5.59297,59.13995],[5.59934,59.13892],[5.59994,59.13967],[5.59846,59.14097],[5.59998,59.14204],[5.6056,59.1415],[5.60563,59.14067],[5.60879,59.13812],[5.60835,59.13676],[5.60609,59.13452]],[[5.67776,59.15381],[5.67902,59.1538],[5.67968,59.15434],[5.68256,59.15478],[5.68454,59.15466],[5.68552,59.15327],[5.68415,59.15279],[5.68158,59.15274],[5.67984,59.15143],[5.67691,59.15184],[5.67552,59.15295],[5.67574,59.15422],[5.67737,59.15431],[5.67776,59.15381]],[[5.7239,59.15636],[5.72313,59.15617],[5.72177,59.15653],[5.72139,59.15724],[5.7217,59.1583],[5.72307,59.15869],[5.72501,59.15849],[5.72391,59.15805],[5.72427,59.15777],[5.72345,59.1572],[5.7242,59.15675],[5.7239,59.15636]],[[5.73714,59.1614],[5.73898,59.16132],[5.73855,59.16214],[5.74028,59.16201],[5.74254,59.16023],[5.74204,59.15952],[5.73765,59.16034],[5.73538,59.15993],[5.7336,59.16019],[5.73345,59.16181],[5.73633,59.16208],[5.73714,59.1614]],[[5.77642,59.16573],[5.77536,59.16198],[5.77423,59.16057],[5.77728,59.15729],[5.77639,59.15702],[5.77362,59.15935],[5.77271,59.15922],[5.77171,59.15811],[5.77173,59.15703],[5.7731,59.15565],[5.77217,59.15439],[5.77334,59.15418],[5.7754,59.15492],[5.77662,59.15468],[5.77658,59.15225]],[[5.74302,59.16756],[5.74281,59.16594],[5.73942,59.16668],[5.73966,59.16694],[5.74037,59.16679],[5.74104,59.16788],[5.74247,59.16806],[5.74302,59.16756]],[[5.732,59.16658],[5.7343,59.16698],[5.73742,59.16555],[5.73783,59.16451],[5.73663,59.16431],[5.73449,59.16552],[5.72886,59.16573],[5.72675,59.16715],[5.72972,59.169],[5.73051,59.16873],[5.732,59.16658]],[[5.73793,59.16804],[5.73732,59.1678],[5.73552,59.16828],[5.73522,59.16907],[5.73683,59.16962],[5.73841,59.16921],[5.73793,59.16804]],[[5.70036,59.17141],[5.69937,59.17103],[5.69802,59.17129],[5.70027,59.17269],[5.70231,59.17269],[5.70191,59.17186],[5.70036,59.17141]],[[5.69872,59.17389],[5.69813,59.17355],[5.69673,59.17366],[5.69539,59.17268],[5.69417,59.17276],[5.69454,59.17384],[5.69674,59.17374],[5.69798,59.17425],[5.69872,59.17389]],[[5.70419,59.17537],[5.70235,59.17562],[5.70226,59.17594],[5.70384,59.17662],[5.70584,59.1766],[5.70419,59.17537]],[[5.75477,59.0046],[5.75753,59.00438],[5.75718,59.00354],[5.75506,59.00351]],[[5.73312,59.00603],[5.73429,59.00584],[5.73558,59.00622],[5.73549,59.00729]],[[5.75282,59.01179],[5.75358,59.01162],[5.7534,59.00966]],[[5.58625,59.01639],[5.58313,59.01547]],[[5.57647,59.01588],[5.57713,59.01572]],[[5.72453,59.04128],[5.72499,59.04146]],[[5.68219,59.03862],[5.68102,59.03859],[5.67973,59.03924],[5.67975,59.03986],[5.68117,59.04062],[5.68219,59.03862]],[[5.73984,59.04778],[5.74299,59.04806]],[[5.6758,59.04646],[5.67407,59.04675],[5.67347,59.04734],[5.67431,59.0481],[5.67613,59.04743],[5.6758,59.04646]],[[5.61959,59.0508],[5.6171,59.05036],[5.61373,59.05115],[5.61744,59.05149],[5.61956,59.05133],[5.61959,59.0508]],[[5.65315,59.05588],[5.65633,59.05612]],[[5.70226,59.07002],[5.70242,59.06889],[5.70363,59.06846]],[[5.67409,59.06258],[5.67615,59.0626]],[[5.70229,59.0703],[5.70226,59.07002]],[[5.73615,59.07326],[5.73798,59.0726]],[[5.59863,59.09406],[5.59765,59.09399],[5.59768,59.09497],[5.59858,59.09559],[5.60021,59.09578],[5.59863,59.09406]],[[5.63769,59.09858],[5.64182,59.09717]],[[5.6411,59.10772],[5.64545,59.10657],[5.64823,59.1053]],[[5.63886,59.10795],[5.6411,59.10772]],[[5.62803,59.10983],[5.62585,59.11042]],[[5.5847,59.1142],[5.58257,59.11452],[5.58306,59.11561],[5.58417,59.11559],[5.58549,59.11494],[5.5847,59.1142]],[[5.60609,59.13452],[5.60676,59.13414],[5.60749,59.13429]],[[5.60923,59.14236],[5.60786,59.14152],[5.60633,59.14178],[5.60621,59.14383],[5.60873,59.1439],[5.61006,59.14352],[5.61049,59.14304],[5.60923,59.14236]],[[5.7989,59.16734],[5.7986,59.16698]],[[5.7989,59.16734],[5.79949,59.16782],[5.80263,59.16798],[5.8036,59.16767]],[[5.74451,59.00371],[5.74534,59.00221],[5.74845,59.00091],[5.74685,58.99862]],[[5.23616,59.53286],[5.23719,59.53373],[5.23742,59.53761],[5.23926,59.54068],[5.23858,59.54109],[5.23843,59.54247],[5.23947,59.5445],[5.24104,59.54654],[5.24383,59.54775],[5.24465,59.54867],[5.24843,59.54916]],[[5.24824,59.54984],[5.24901,59.54944],[5.24843,59.54916]],[[5.24824,59.54984],[5.24687,59.55026],[5.24792,59.55093]],[[5.24699,59.55411],[5.24816,59.55447],[5.25008,59.55421],[5.2512,59.55479],[5.25049,59.55564],[5.2476,59.55614],[5.24876,59.55713],[5.25061,59.55707],[5.25076,59.55593],[5.25257,59.55652],[5.25454,59.55629],[5.25282,59.5543],[5.24874,59.55323],[5.24757,59.55255],[5.24772,59.55163]],[[5.2663,59.55901],[5.26454,59.55889],[5.26265,59.55979],[5.26598,59.56026],[5.26667,59.55939],[5.2663,59.55901]],[[5.28393,59.55855],[5.28476,59.56268]],[[5.28393,59.55855],[5.28326,59.55866],[5.28309,59.56061],[5.28369,59.56236],[5.28192,59.56228],[5.28085,59.56184],[5.27915,59.56557],[5.27827,59.56587],[5.27601,59.56505],[5.27286,59.56489],[5.27288,59.56401],[5.27484,59.56351],[5.27606,59.56272],[5.27382,59.56002],[5.27494,59.55766],[5.27431,59.55762],[5.27317,59.55925],[5.27037,59.55985],[5.26946,59.5587],[5.2668,59.55789],[5.26647,59.55702],[5.26755,59.55569],[5.26657,59.55549],[5.26649,59.55483],[5.2677,59.55333],[5.2673,59.55296],[5.26006,59.55335],[5.25947,59.5537],[5.25709,59.55359],[5.25629,59.5539],[5.25416,59.55376],[5.25169,59.55213],[5.24792,59.55093]],[[5.14609,59.55659],[5.14428,59.55579],[5.14122,59.55638],[5.1428,59.55686],[5.14444,59.55635],[5.14438,59.55777],[5.14524,59.55832],[5.14629,59.55815],[5.14609,59.55659]],[[5.27631,59.56691],[5.27509,59.56664],[5.27417,59.56719],[5.27478,59.56827],[5.27596,59.5683],[5.27638,59.56795],[5.27631,59.56691]],[[5.1433,59.55729],[5.14102,59.55698],[5.14043,59.55782],[5.14166,59.55894],[5.14408,59.55814],[5.1433,59.55729]],[[5.29172,59.58225],[5.29202,59.58088],[5.28967,59.57937],[5.28695,59.57668],[5.28836,59.57184],[5.2872,59.57151],[5.28649,59.56898],[5.28489,59.56707],[5.28639,59.56493],[5.28476,59.56268]],[[5.13921,59.57685],[5.13777,59.57733],[5.1398,59.57914],[5.14086,59.57836],[5.14089,59.57749],[5.13921,59.57685]],[[5.14416,59.57963],[5.14353,59.5793],[5.14289,59.57953],[5.14254,59.58063],[5.14426,59.58198],[5.14491,59.58151],[5.14416,59.57963]],[[5.14175,59.57967],[5.14104,59.57932],[5.1398,59.57978],[5.14085,59.58179],[5.14196,59.58169],[5.14175,59.57967]],[[5.13951,59.58112],[5.13849,59.5815],[5.13868,59.58295],[5.14037,59.58331],[5.13951,59.58112]],[[5.15624,59.58492],[5.15399,59.58466],[5.15626,59.58629],[5.15741,59.58655],[5.15727,59.5856],[5.15624,59.58492]],[[5.14943,59.58281],[5.14914,59.58225],[5.14813,59.58221],[5.14622,59.58338],[5.1472,59.58411],[5.14677,59.58563],[5.1484,59.58628]],[[5.1484,59.58628],[5.15058,59.58669],[5.15229,59.58612],[5.15215,59.58527],[5.15103,59.58479],[5.14943,59.58281]],[[5.14039,59.58416],[5.14038,59.5837],[5.13793,59.58316],[5.13682,59.58345],[5.13668,59.58277],[5.1358,59.58288],[5.13822,59.58585],[5.14013,59.58594],[5.14039,59.58416]],[[5.31615,59.59572],[5.31828,59.59691],[5.31788,59.59796],[5.31987,59.59832],[5.31695,59.60005]],[[5.32223,59.60191],[5.32612,59.59977]],[[5.13061,59.58588],[5.12985,59.58592],[5.12998,59.5866],[5.1316,59.58796],[5.13201,59.58696],[5.13061,59.58588]],[[5.29172,59.58225],[5.29205,59.583],[5.2937,59.58385],[5.29382,59.58469],[5.29178,59.58476],[5.29068,59.58531],[5.28998,59.58619],[5.29044,59.58727],[5.28919,59.58908],[5.29138,59.58958],[5.29188,59.59008],[5.29355,59.59026],[5.29552,59.5919],[5.29872,59.59187],[5.30164,59.59326],[5.30601,59.59348],[5.30747,59.59543],[5.30417,59.59739],[5.30698,59.59802],[5.30931,59.59688],[5.31039,59.59686],[5.3095,59.5986],[5.308,59.59872],[5.30698,59.59976],[5.3053,59.60041],[5.30742,59.60199],[5.31153,59.60117],[5.31298,59.59886],[5.31149,59.59824],[5.31433,59.59554],[5.31615,59.59572]],[[5.32612,59.59977],[5.32714,59.5995],[5.32892,59.6014],[5.32685,59.60223],[5.3259,59.60197],[5.32605,59.60114],[5.32493,59.60117],[5.32426,59.60171],[5.32432,59.60345]],[[5.16214,59.59235],[5.16349,59.59089],[5.16274,59.58912],[5.15975,59.58759],[5.15698,59.58715],[5.15818,59.5903],[5.15923,59.59113],[5.15866,59.59133],[5.15638,59.5905],[5.15596,59.59092],[5.15777,59.59225],[5.15942,59.59205],[5.16087,59.59278],[5.16214,59.59235]],[[5.32038,59.60286],[5.32134,59.60495]],[[5.32134,59.60495],[5.32191,59.60535],[5.32353,59.60493],[5.32432,59.60345]],[[5.12311,59.58807],[5.12225,59.58782],[5.12139,59.58802],[5.1207,59.58916],[5.12105,59.59032],[5.12323,59.59004],[5.12311,59.58807]],[[5.13582,59.58437],[5.13408,59.58367],[5.13099,59.58413],[5.13256,59.58602],[5.13449,59.59075],[5.13768,59.59192],[5.13925,59.58973],[5.13794,59.58922],[5.13733,59.58843],[5.13712,59.58613],[5.13582,59.58437]],[[5.11235,59.58896],[5.11063,59.58863],[5.11024,59.58972],[5.11187,59.59057],[5.11282,59.59008],[5.11235,59.58896]],[[5.23366,59.5997],[5.23689,59.60116],[5.23858,59.60086],[5.23956,59.60022],[5.23751,59.59906],[5.23472,59.59834],[5.23429,59.59753]],[[5.14621,59.59372],[5.14512,59.5939],[5.146,59.59442]],[[5.31695,59.60005],[5.31532,59.60247],[5.31943,59.60347],[5.31938,59.60497],[5.31768,59.60568],[5.31834,59.6076],[5.31941,59.60789],[5.32077,59.60694]],[[5.14621,59.59372],[5.14773,59.59325],[5.14898,59.59425],[5.15157,59.59456],[5.15129,59.59566],[5.15281,59.59652],[5.15419,59.59622],[5.1552,59.59529],[5.15754,59.59481],[5.15816,59.59415],[5.15682,59.59225],[5.15474,59.59126],[5.15348,59.58967],[5.15474,59.58929],[5.15534,59.58861],[5.15465,59.58708],[5.153,59.58678],[5.15225,59.58715],[5.1482,59.58697]],[[5.15649,59.59825],[5.15899,59.59642],[5.15875,59.59584],[5.15753,59.5961],[5.15684,59.59518],[5.15505,59.59598],[5.15393,59.59744],[5.15527,59.59763],[5.15515,59.59837],[5.15649,59.59825]],[[5.21698,59.60336],[5.21208,59.602],[5.20913,59.60227],[5.21274,59.60347]],[[5.1482,59.58697],[5.14577,59.5868],[5.14487,59.58574],[5.1457,59.58539],[5.14477,59.58462],[5.14317,59.58454],[5.14256,59.58501],[5.14333,59.5857],[5.14137,59.5866],[5.14596,59.59189],[5.14542,59.592],[5.14444,59.59139],[5.14269,59.5914],[5.14187,59.59041],[5.14069,59.59024],[5.1395,59.59099],[5.13968,59.59191],[5.13864,59.59255],[5.13873,59.59346],[5.14009,59.59477],[5.13919,59.59504],[5.13897,59.59644],[5.1402,59.59675],[5.14113,59.59574],[5.14211,59.59566],[5.14471,59.5988]],[[5.21698,59.60336],[5.22747,59.60524]],[[5.14471,59.5988],[5.14606,59.59957],[5.14741,59.59919],[5.14875,59.59928],[5.15022,59.59862],[5.15086,59.59715],[5.14939,59.59492],[5.1475,59.59409],[5.14678,59.59457],[5.146,59.59442]],[[5.31851,59.61035],[5.31713,59.61042],[5.31566,59.61243],[5.31844,59.61147],[5.31851,59.61035]],[[5.3191,59.61268],[5.32113,59.61297],[5.32171,59.608],[5.32077,59.60694]],[[5.22192,59.60637],[5.21741,59.60464],[5.21274,59.60347]],[[5.23148,59.60714],[5.23033,59.60653],[5.23023,59.6059],[5.22747,59.60524]],[[5.11666,59.59791],[5.11508,59.59594],[5.11408,59.59616],[5.1126,59.59592],[5.11203,59.59435],[5.11025,59.59432],[5.10988,59.59572],[5.1105,59.59645],[5.10957,59.5974],[5.11023,59.59808],[5.11174,59.59752],[5.11406,59.59974],[5.11575,59.5999],[5.11689,59.59926],[5.11666,59.59791]],[[5.12305,59.59825],[5.12223,59.59819],[5.12193,59.59903],[5.1233,59.60151],[5.12377,59.59976],[5.12305,59.59825]],[[5.22192,59.60637],[5.22621,59.60732],[5.23046,59.61062]],[[5.23148,59.60714],[5.23416,59.60787],[5.23557,59.60776],[5.23808,59.60901],[5.24101,59.60973],[5.24301,59.61171],[5.24528,59.61295],[5.24772,59.61172],[5.2467,59.60961],[5.2472,59.60889],[5.24782,59.60893],[5.24987,59.61109],[5.25135,59.61049],[5.24885,59.60858],[5.24726,59.60849],[5.24675,59.60747],[5.24736,59.60664],[5.24846,59.60724],[5.24964,59.60716],[5.24852,59.60604],[5.24895,59.60178],[5.24425,59.59852],[5.24204,59.59774],[5.24025,59.59558],[5.235,59.59512]],[[5.1715,59.60477],[5.17044,59.60405],[5.16984,59.60419],[5.16953,59.60609],[5.17272,59.60755],[5.17443,59.60659],[5.17274,59.60584],[5.17216,59.60482],[5.1715,59.60477]],[[5.23304,59.61396],[5.2337,59.6126],[5.23046,59.61062]],[[5.3191,59.61268],[5.31748,59.61304],[5.31795,59.61441],[5.3175,59.61551],[5.31432,59.61814],[5.31482,59.61927],[5.31688,59.62032]],[[5.11298,59.60323],[5.11193,59.6031],[5.11193,59.60343],[5.11336,59.6055],[5.11483,59.60587],[5.11469,59.60472],[5.11298,59.60323]],[[5.22941,59.61422],[5.23183,59.61502],[5.23304,59.61396]],[[5.12916,59.60526],[5.12749,59.60522],[5.12577,59.60658],[5.12685,59.60765],[5.12787,59.6075],[5.1293,59.60585],[5.12916,59.60526]],[[5.12459,59.60524],[5.12331,59.60493],[5.12209,59.60675],[5.12272,59.60813],[5.12415,59.60799],[5.12458,59.60756],[5.12459,59.60524]],[[5.1158,59.60694],[5.11496,59.60693],[5.11487,59.60806],[5.11546,59.60872],[5.11624,59.60877],[5.11693,59.60804],[5.1158,59.60694]],[[5.10971,59.60551],[5.10865,59.60528],[5.10775,59.60662],[5.1084,59.60811],[5.11032,59.60876],[5.11087,59.6085],[5.10962,59.607],[5.10971,59.60551]],[[5.22941,59.61422],[5.22856,59.61375],[5.22776,59.61382],[5.22849,59.61469],[5.22695,59.61531],[5.22792,59.6162],[5.2283,59.61797]],[[5.09965,59.60624],[5.09764,59.6061],[5.099,59.60845],[5.10047,59.60824],[5.1006,59.60714],[5.09965,59.60624]],[[5.24972,59.61906],[5.2479,59.6181],[5.24658,59.61865],[5.2461,59.61851],[5.24548,59.61805],[5.24674,59.61628],[5.24615,59.61572],[5.24078,59.61282],[5.23931,59.61239],[5.23738,59.61257],[5.23655,59.61219],[5.23583,59.61084],[5.2316,59.60837],[5.23458,59.6127],[5.23839,59.61587],[5.24192,59.61697],[5.24547,59.61911],[5.24697,59.62059],[5.24874,59.62022],[5.24972,59.61906]],[[5.31688,59.62032],[5.31916,59.62027],[5.32184,59.62207],[5.32579,59.62354],[5.32712,59.62336],[5.3281,59.62465],[5.3268,59.6257],[5.32797,59.62631],[5.32935,59.6258],[5.33344,59.62554],[5.33369,59.62637],[5.33286,59.62677],[5.33195,59.62615],[5.33117,59.62676],[5.33139,59.62741],[5.33546,59.62759],[5.33545,59.6258]],[[5.12871,59.60975],[5.12679,59.60934],[5.12499,59.61002],[5.12533,59.61198],[5.12821,59.61322],[5.12897,59.61285],[5.1273,59.61076],[5.12871,59.60975]],[[5.11304,59.61028],[5.11213,59.61004],[5.11152,59.61156],[5.11196,59.6122],[5.11304,59.61028]],[[5.11663,59.61103],[5.11414,59.60996],[5.11409,59.61172],[5.11479,59.61259],[5.11678,59.61151],[5.11663,59.61103]],[[5.35116,59.6319],[5.34748,59.62995],[5.34713,59.62731],[5.34481,59.62921],[5.34335,59.62946],[5.34295,59.63018],[5.34179,59.63024],[5.33676,59.62867],[5.33827,59.62741],[5.33601,59.62569],[5.33545,59.6258]],[[5.09213,59.61239],[5.0908,59.61135],[5.08965,59.6122]],[[5.16879,59.61822],[5.16644,59.61634],[5.16546,59.61682],[5.16461,59.61626],[5.16473,59.6138],[5.16632,59.61224],[5.16734,59.6121],[5.16836,59.61048],[5.17086,59.61125],[5.17262,59.611],[5.17354,59.6116],[5.17302,59.61231],[5.17444,59.61271],[5.17479,59.61236],[5.1724,59.60906],[5.17312,59.60831],[5.18091,59.6088],[5.18238,59.61229],[5.18511,59.61355],[5.18654,59.61279],[5.18442,59.61142],[5.18527,59.60946],[5.18245,59.60886],[5.18312,59.60697],[5.18457,59.60572],[5.17993,59.6039],[5.1801,59.60185],[5.17782,59.60076],[5.17535,59.60064],[5.17148,59.5982],[5.17125,59.59354],[5.1719,59.59353],[5.17241,59.59452],[5.17326,59.59378],[5.17463,59.59342],[5.17614,59.5937],[5.17551,59.59156],[5.17633,59.59125],[5.17868,59.59207],[5.17963,59.59314],[5.18281,59.59361],[5.1864,59.5961],[5.18969,59.5965],[5.19225,59.59741],[5.19262,59.59712],[5.18934,59.59582],[5.1887,59.59502],[5.19712,59.59549],[5.18387,59.59013],[5.17779,59.58941],[5.17889,59.58832],[5.18168,59.58825],[5.17766,59.58522],[5.17811,59.58475],[5.1827,59.58603],[5.1878,59.58824],[5.1912,59.58894],[5.19123,59.59004],[5.19219,59.59056],[5.19319,59.59049],[5.19273,59.59001],[5.19322,59.5897],[5.19727,59.59043],[5.19675,59.58988],[5.19351,59.58904],[5.19406,59.58842],[5.19316,59.5875],[5.18527,59.58617],[5.17593,59.58204],[5.17705,59.58129],[5.17862,59.58109],[5.17903,59.58031],[5.18193,59.58035],[5.18147,59.57937],[5.18303,59.579],[5.17988,59.57736],[5.18294,59.57449],[5.1953,59.57527],[5.20318,59.57668],[5.22094,59.58439],[5.22379,59.5863],[5.22605,59.58862],[5.22321,59.58942],[5.22338,59.58994],[5.22472,59.59025],[5.22548,59.59092],[5.22542,59.59241],[5.22882,59.59404],[5.23118,59.59425],[5.23285,59.59581],[5.23154,59.5977],[5.23333,59.59862],[5.23366,59.5997]],[[5.24303,59.62382],[5.2424,59.62228],[5.2392,59.62132],[5.23923,59.62005],[5.23744,59.61901],[5.23707,59.61828],[5.23589,59.61789],[5.23397,59.61823],[5.23287,59.61897],[5.23134,59.61916],[5.23086,59.62015],[5.22884,59.61933],[5.2283,59.61797]],[[5.37252,59.63348],[5.37242,59.63297],[5.36956,59.63248],[5.36875,59.63245],[5.36733,59.6331]],[[5.3767,59.63379],[5.37514,59.63368]],[[5.41382,59.63654],[5.41196,59.63156],[5.41303,59.63113],[5.41236,59.62923],[5.41349,59.62609],[5.41032,59.62454],[5.4143,59.62173],[5.41467,59.62053],[5.41375,59.61991],[5.41426,59.6191],[5.41491,59.61908],[5.41552,59.61965],[5.4157,59.62151],[5.41669,59.62302],[5.41919,59.62358],[5.41841,59.62415],[5.42042,59.6276],[5.42324,59.62536],[5.42154,59.62449],[5.42168,59.62397],[5.42675,59.62377],[5.42831,59.62272],[5.43335,59.62195],[5.43819,59.61665],[5.43715,59.61475],[5.43639,59.61429],[5.43384,59.61408],[5.43346,59.61278],[5.432,59.61251],[5.4347,59.6068],[5.43553,59.5988],[5.43505,59.59703],[5.43169,59.59467],[5.43189,59.59266]],[[5.08965,59.6122],[5.09184,59.61314],[5.09213,59.61239]],[[5.37252,59.63348],[5.37318,59.63568],[5.37461,59.6356],[5.37514,59.63368]],[[5.35116,59.6319],[5.35512,59.63336],[5.36177,59.63344],[5.36536,59.63512],[5.36694,59.63492],[5.36733,59.6331]],[[5.10774,59.61358],[5.10652,59.61575],[5.10648,59.61666],[5.10726,59.61724],[5.10887,59.61442],[5.10838,59.61363]],[[5.10055,59.61303],[5.09976,59.61421],[5.10003,59.61569],[5.09869,59.61567],[5.09737,59.61476],[5.09681,59.61481],[5.09699,59.61682],[5.09779,59.61664],[5.09784,59.61601],[5.10107,59.61659],[5.10174,59.61639],[5.10105,59.61307]],[[5.09049,59.61482],[5.08981,59.61464],[5.08908,59.61497],[5.08894,59.61555],[5.0896,59.61675],[5.09061,59.61718],[5.09113,59.61693],[5.09049,59.61482]],[[5.36918,59.63955],[5.36786,59.6396],[5.36644,59.64106],[5.36717,59.64198],[5.36849,59.64248],[5.36989,59.64182],[5.36918,59.63955]],[[5.39898,59.64401],[5.39802,59.6455],[5.3987,59.64611]],[[5.33916,59.64073],[5.33757,59.64066],[5.33824,59.64216],[5.33897,59.64226],[5.33956,59.6413],[5.33916,59.64073]],[[5.42876,59.6481],[5.42989,59.64826],[5.43005,59.64742],[5.42895,59.64751],[5.42592,59.64677],[5.42452,59.64733],[5.42563,59.64916],[5.4274,59.64924],[5.42853,59.64874],[5.42876,59.6481]],[[5.34424,59.64283],[5.34338,59.64255],[5.34215,59.64273],[5.34253,59.64361],[5.34421,59.64376],[5.34468,59.64351],[5.34424,59.64283]],[[5.16879,59.61822],[5.17101,59.62088],[5.17264,59.62174],[5.17669,59.62353],[5.18201,59.62471],[5.18218,59.62635],[5.1842,59.62684],[5.18421,59.62851],[5.1863,59.62864],[5.18577,59.62985],[5.18458,59.62933],[5.18213,59.63095],[5.17988,59.63064],[5.17916,59.63211]],[[5.43099,59.64843],[5.4294,59.65],[5.42941,59.65096],[5.43027,59.65175],[5.42967,59.65218]],[[5.39371,59.64902],[5.39368,59.64815],[5.39603,59.6459],[5.3954,59.64392]],[[5.3767,59.63379],[5.37735,59.63507],[5.37598,59.63768],[5.37475,59.63787],[5.37377,59.63858],[5.37556,59.64008],[5.37479,59.64108],[5.37103,59.64332],[5.37109,59.64374],[5.37301,59.64426],[5.37483,59.64629],[5.3765,59.64688],[5.3853,59.6465],[5.38499,59.64738],[5.38765,59.64722],[5.38632,59.64856],[5.3889,59.64925],[5.39184,59.64914],[5.39215,59.64944]],[[5.3987,59.64611],[5.40276,59.64616],[5.40143,59.64743],[5.39987,59.64733],[5.39932,59.64774],[5.40004,59.64979],[5.40185,59.64996],[5.40278,59.65189],[5.40241,59.65233],[5.40551,59.65274],[5.40851,59.65242],[5.4084,59.65093],[5.40953,59.65007],[5.40762,59.64863],[5.41008,59.6488],[5.41076,59.64838],[5.41111,59.64586],[5.4123,59.64511],[5.41316,59.64241],[5.4131,59.63883],[5.41382,59.63654]],[[5.39215,59.64944],[5.39041,59.65015],[5.38857,59.64971],[5.38789,59.64995],[5.38964,59.65045],[5.38933,59.65103],[5.3907,59.65165],[5.39374,59.65226],[5.39478,59.65215],[5.39521,59.65171],[5.3945,59.65118],[5.3968,59.6502],[5.39758,59.64912],[5.39371,59.64902]],[[5.15915,59.63541],[5.15823,59.63534],[5.15792,59.6357],[5.1601,59.63746],[5.16042,59.63626],[5.15915,59.63541]],[[5.12057,59.63876],[5.11783,59.63955],[5.11791,59.64013],[5.12036,59.63996],[5.12057,59.63876]],[[5.1152,59.63807],[5.11445,59.63776],[5.11374,59.6383],[5.11342,59.63953],[5.11454,59.64018],[5.11626,59.63938],[5.1152,59.63807]],[[5.22388,59.65007],[5.22092,59.64966],[5.21947,59.65014],[5.22142,59.65074],[5.22344,59.65068],[5.22388,59.65007]],[[5.37825,59.66138],[5.37695,59.66112],[5.37585,59.66208],[5.3761,59.66306],[5.37767,59.66292],[5.37825,59.66138]],[[5.15343,59.63687],[5.15522,59.63471],[5.15528,59.63339],[5.15705,59.6334],[5.1584,59.63483],[5.16101,59.63561],[5.16156,59.63545],[5.16045,59.63026],[5.16109,59.62775],[5.15946,59.62583],[5.15598,59.62452],[5.15467,59.62273],[5.15345,59.62276],[5.15083,59.62168],[5.14975,59.62198],[5.14931,59.6227],[5.15091,59.62393],[5.15075,59.62437],[5.14865,59.62454],[5.14823,59.62514],[5.15077,59.62623],[5.15061,59.62799],[5.15229,59.62931],[5.1552,59.62972],[5.1567,59.63041],[5.1573,59.63151],[5.15866,59.63096],[5.15938,59.63144],[5.15735,59.63312],[5.15501,59.63156],[5.15317,59.63122],[5.15217,59.63188],[5.14957,59.63035],[5.14816,59.63018],[5.14766,59.6305],[5.14845,59.63151],[5.14571,59.63544],[5.1469,59.63631],[5.1484,59.63627],[5.14869,59.63669],[5.14578,59.63733],[5.14418,59.63831],[5.14422,59.63898],[5.14281,59.64031],[5.14488,59.64102],[5.1421,59.64195],[5.14192,59.6424],[5.14231,59.64403],[5.14519,59.6466],[5.14695,59.64608],[5.1546,59.63921],[5.15487,59.63801],[5.15337,59.63746],[5.15343,59.63687]],[[5.12029,59.64562],[5.11891,59.64524],[5.1173,59.64607],[5.11945,59.64742],[5.12045,59.64711],[5.12103,59.64623],[5.12029,59.64562]],[[5.41964,59.67156],[5.41469,59.6715],[5.41391,59.67276],[5.41455,59.67413],[5.41922,59.67535],[5.4208,59.67458],[5.42174,59.67285],[5.42099,59.67185],[5.41964,59.67156]],[[5.08788,59.64984],[5.08981,59.65009],[5.09017,59.64881],[5.08953,59.64803],[5.08604,59.64849],[5.08554,59.64968],[5.0873,59.65164],[5.08794,59.65153],[5.08788,59.64984]],[[5.10197,59.65037],[5.09986,59.64956],[5.0991,59.64979],[5.09825,59.65155],[5.09916,59.65253],[5.10007,59.65274],[5.10298,59.65219],[5.10197,59.65037]],[[5.21628,59.65892],[5.21508,59.65876],[5.21292,59.65923],[5.21401,59.66129],[5.21551,59.66152]],[[5.10711,59.65147],[5.10606,59.65183],[5.10702,59.65362],[5.10764,59.65348],[5.1078,59.65216],[5.10711,59.65147]],[[5.11774,59.65237],[5.11711,59.65228],[5.11456,59.65403],[5.11533,59.65512],[5.11665,59.65512],[5.11839,59.65432],[5.11774,59.65237]],[[5.11026,59.65529],[5.11222,59.65448],[5.11114,59.65269],[5.10959,59.65296],[5.10813,59.65434],[5.10585,59.65383],[5.10675,59.65506],[5.11026,59.65529]],[[5.25557,59.66543],[5.25392,59.66569],[5.25379,59.66636],[5.25288,59.66666],[5.24788,59.66574],[5.24803,59.66679],[5.24538,59.66631],[5.24438,59.6657],[5.24232,59.66606],[5.24056,59.66582],[5.24216,59.6651],[5.24375,59.66087],[5.24531,59.66522],[5.24667,59.66542],[5.24865,59.66498],[5.25098,59.66559],[5.252,59.66483],[5.25361,59.66528],[5.25427,59.66387],[5.25208,59.66259],[5.25003,59.65948],[5.24406,59.65972],[5.24319,59.65728],[5.24026,59.65692],[5.23881,59.65776],[5.23773,59.657],[5.23661,59.65693],[5.23057,59.65902],[5.23092,59.65686],[5.23235,59.65486],[5.23166,59.65276],[5.22835,59.65165],[5.2311,59.65086],[5.23258,59.64899],[5.23067,59.64814],[5.22801,59.64772],[5.22628,59.64647],[5.22835,59.64573],[5.22867,59.64407],[5.22979,59.64332],[5.2364,59.64253],[5.23907,59.6415],[5.2358,59.63951],[5.23868,59.63906],[5.24272,59.63773],[5.24188,59.63572],[5.24255,59.63401],[5.24375,59.63374],[5.24503,59.63129],[5.2464,59.63015],[5.24848,59.62936],[5.24681,59.62537],[5.24303,59.62382]],[[5.21551,59.66152],[5.21751,59.66127],[5.21854,59.66171],[5.2186,59.66322],[5.21929,59.66387],[5.22155,59.66463],[5.22259,59.66585],[5.22547,59.6656],[5.22518,59.66388],[5.2215,59.66207],[5.22104,59.66097],[5.22248,59.66079],[5.22254,59.6605],[5.21895,59.66018],[5.21628,59.65892]],[[5.30229,59.67044],[5.30356,59.67199],[5.30602,59.67196],[5.30595,59.67015],[5.30389,59.6697],[5.30242,59.66998]],[[5.21756,59.65457],[5.21415,59.65297],[5.21277,59.65287],[5.21182,59.65339],[5.21076,59.65339],[5.20667,59.6523],[5.2061,59.65187],[5.20649,59.65074],[5.20926,59.65115],[5.21238,59.65026],[5.20981,59.65007],[5.20838,59.65032],[5.20532,59.64966],[5.20301,59.64792],[5.19988,59.64732],[5.19957,59.64602],[5.19857,59.64585],[5.19811,59.64694],[5.20038,59.65035],[5.20319,59.65269],[5.20376,59.65256],[5.20321,59.65179],[5.20481,59.65213],[5.20471,59.65279],[5.20557,59.6534],[5.2052,59.65378],[5.20821,59.65786],[5.20894,59.65977],[5.21015,59.66071],[5.21015,59.66223],[5.21432,59.66559]],[[5.13486,59.65967],[5.13676,59.65969],[5.13612,59.65814],[5.13483,59.65831],[5.13366,59.65904],[5.13378,59.6596],[5.13486,59.65967]],[[5.15826,59.66265],[5.15669,59.66154],[5.15637,59.65619],[5.15509,59.65622],[5.153,59.65762],[5.15118,59.65375],[5.15279,59.65059],[5.15445,59.65038],[5.15697,59.64901],[5.16018,59.64873],[5.16215,59.64749],[5.16155,59.64709],[5.16077,59.64788],[5.15948,59.64785],[5.15859,59.64763],[5.15814,59.64687],[5.15875,59.64623],[5.16084,59.64614],[5.1626,59.64508],[5.16039,59.6432],[5.16163,59.64256],[5.16401,59.64219],[5.16268,59.64066],[5.16271,59.6382],[5.16544,59.63399],[5.16831,59.62567],[5.1701,59.62623],[5.17162,59.6288],[5.17268,59.62911],[5.17214,59.63093],[5.17269,59.63154],[5.17418,59.63145],[5.17599,59.63245],[5.17816,59.63129],[5.17866,59.63205]],[[5.21635,59.66704],[5.21432,59.66559]],[[5.24349,59.66908],[5.24326,59.66805],[5.24216,59.66725],[5.23985,59.66663],[5.24013,59.66547],[5.23596,59.66517],[5.2351,59.66543],[5.23264,59.66372],[5.23153,59.66417],[5.22969,59.66368],[5.22301,59.65959],[5.22083,59.65914],[5.22132,59.65889],[5.22347,59.65908],[5.22619,59.65816],[5.22859,59.65793],[5.2287,59.6576],[5.22326,59.65628],[5.2233,59.6557],[5.21756,59.65457]],[[5.26388,59.67061],[5.26333,59.66964],[5.26434,59.66737],[5.26311,59.66519],[5.25798,59.66305],[5.25661,59.66287],[5.25499,59.66348],[5.25609,59.66447],[5.25557,59.66543]],[[5.31979,59.67478],[5.31816,59.67408],[5.31528,59.67445]],[[5.44165,59.6838],[5.44,59.6832],[5.43628,59.68266],[5.43465,59.68195],[5.43362,59.68126],[5.43289,59.67909],[5.43354,59.67845],[5.43569,59.67782],[5.43752,59.67608],[5.43993,59.67487],[5.44417,59.67581],[5.44562,59.67392],[5.44929,59.67288],[5.44731,59.67231],[5.44669,59.67122],[5.44819,59.66904],[5.44762,59.66885],[5.44629,59.6693],[5.44539,59.66851],[5.44758,59.66755],[5.44748,59.66514],[5.44617,59.66518],[5.44398,59.66608],[5.44333,59.66569],[5.44446,59.66446],[5.44296,59.66429],[5.44162,59.66592],[5.44004,59.66638],[5.4373,59.66453],[5.43706,59.66345],[5.43339,59.66429],[5.42906,59.66409],[5.42925,59.66347],[5.42755,59.66238],[5.42734,59.66127],[5.42908,59.6582],[5.42828,59.65791],[5.4244,59.65868],[5.42509,59.65582],[5.4244,59.65479],[5.42344,59.65524],[5.42251,59.65667],[5.42228,59.65876],[5.42021,59.66223],[5.42237,59.66242],[5.42292,59.66569],[5.4223,59.66604],[5.41989,59.66565],[5.41782,59.66426],[5.41793,59.66337],[5.41645,59.66366],[5.41347,59.6633],[5.41409,59.66142],[5.41375,59.65947],[5.41447,59.65807],[5.41607,59.65745],[5.4161,59.6557],[5.41739,59.65314],[5.41855,59.6527],[5.42003,59.65293],[5.42433,59.65223],[5.42534,59.65169],[5.42614,59.65205],[5.42594,59.65305],[5.42802,59.65211],[5.42967,59.65218]],[[5.31055,59.67409],[5.31109,59.67543],[5.31287,59.67549],[5.31528,59.67445]],[[5.21635,59.66704],[5.21745,59.66845],[5.21861,59.6689],[5.21924,59.66726]],[[5.33408,59.67828],[5.33119,59.67693],[5.32122,59.67531]],[[5.30136,59.67363],[5.29892,59.67418],[5.29799,59.67502],[5.29819,59.67559],[5.30043,59.67683]],[[5.26084,59.67647],[5.26287,59.67696],[5.26423,59.67649],[5.26643,59.6741],[5.26671,59.67309],[5.26388,59.67061]],[[5.33408,59.67828],[5.33787,59.67844],[5.33951,59.67792],[5.3456,59.68032],[5.3507,59.68155],[5.35229,59.68303],[5.35451,59.6839]],[[5.13426,59.6672],[5.13311,59.66691],[5.13126,59.66711],[5.13253,59.66805],[5.13439,59.66749],[5.13426,59.6672]],[[5.29916,59.68118],[5.30019,59.67976],[5.2997,59.67931]],[[5.44821,59.69218],[5.44642,59.69235],[5.446,59.69279],[5.44668,59.69325],[5.44895,59.69281],[5.44821,59.69218]],[[5.35992,59.68864],[5.3608,59.68673],[5.35924,59.686],[5.35908,59.68546],[5.3557,59.68463],[5.35451,59.6839]],[[5.1383,59.66869],[5.13502,59.66794],[5.13178,59.6687],[5.13115,59.66993],[5.12888,59.67032],[5.12681,59.67152],[5.12614,59.67249],[5.12673,59.67317],[5.13202,59.67327],[5.13448,59.67233],[5.13737,59.67046],[5.1383,59.66869]],[[5.26523,59.68122],[5.26449,59.68114],[5.26267,59.68244],[5.26197,59.68368],[5.26152,59.68568],[5.26267,59.68599],[5.26418,59.68548],[5.26532,59.68364],[5.26523,59.68122]],[[5.38683,59.6957],[5.3858,59.69482],[5.38469,59.69463]],[[5.35992,59.68864],[5.36014,59.68894],[5.36275,59.6892],[5.36387,59.69013],[5.36388,59.69113],[5.3665,59.69193],[5.36822,59.69053],[5.37048,59.69124],[5.37182,59.69121],[5.37199,59.6924],[5.36698,59.69572],[5.36672,59.69658],[5.36841,59.69664],[5.37074,59.6949],[5.37267,59.69535],[5.37465,59.69524],[5.37647,59.69395],[5.37756,59.69424],[5.37845,59.69512],[5.37876,59.69678],[5.37972,59.69622],[5.37967,59.69557],[5.38152,59.69459],[5.38469,59.69463]],[[5.26177,59.68635],[5.25983,59.68595],[5.25845,59.68771],[5.25855,59.6888],[5.26002,59.68867],[5.26381,59.68724],[5.26177,59.68635]],[[5.39612,59.69985],[5.39548,59.69982],[5.39442,59.70069],[5.39451,59.70134],[5.39625,59.7013],[5.39612,59.69985]],[[5.22654,59.6678],[5.22476,59.66915],[5.22791,59.6695],[5.23776,59.67359],[5.23757,59.67428],[5.23548,59.67406],[5.2326,59.67283],[5.2315,59.67351],[5.23136,59.67445],[5.23638,59.67709],[5.23797,59.68132],[5.23864,59.68716],[5.24489,59.69221],[5.24549,59.69204],[5.24344,59.68996],[5.24425,59.68539],[5.24559,59.68533],[5.24756,59.68592],[5.24974,59.68718],[5.25045,59.68619],[5.25257,59.68654],[5.253,59.68634],[5.25185,59.68492],[5.25188,59.68405],[5.25022,59.68294],[5.2479,59.68294],[5.24625,59.68238],[5.24576,59.68175],[5.24654,59.68028],[5.24006,59.67826],[5.24032,59.67789],[5.24322,59.67747],[5.24303,59.67653],[5.24143,59.67523],[5.24165,59.67249],[5.24288,59.67249],[5.24357,59.67356],[5.24561,59.67315],[5.24881,59.67348],[5.25415,59.67518],[5.2557,59.67377],[5.25481,59.67303],[5.25192,59.6724],[5.25111,59.67307],[5.25002,59.67318],[5.24361,59.67211],[5.24259,59.67099],[5.24349,59.66908]],[[5.29814,59.68467],[5.29598,59.68412],[5.29529,59.68228],[5.29325,59.68263],[5.29373,59.68365],[5.29208,59.68458],[5.29208,59.68541],[5.29465,59.68559],[5.29611,59.6849],[5.29672,59.68552],[5.29425,59.68841],[5.29448,59.68944],[5.29271,59.69136],[5.29271,59.69218],[5.29497,59.69357],[5.29469,59.69648]],[[5.25433,59.6922],[5.25362,59.69191],[5.2527,59.69217],[5.25134,59.69314],[5.25149,59.69401],[5.25354,59.69334],[5.25433,59.6922]],[[5.29469,59.69648],[5.29736,59.69722],[5.29749,59.69828],[5.29948,59.69844],[5.30194,59.69783],[5.30188,59.69719],[5.30337,59.69637],[5.30619,59.69645],[5.31161,59.69574],[5.31801,59.69346],[5.31661,59.69207],[5.31949,59.68924],[5.31829,59.68849],[5.31664,59.68859],[5.31523,59.68734],[5.31216,59.68792],[5.31131,59.68869],[5.30822,59.68838],[5.30241,59.68536],[5.29998,59.68564],[5.29814,59.68467]],[[5.31317,59.69996],[5.31463,59.6996],[5.31683,59.70001],[5.32096,59.69957],[5.32311,59.69784],[5.32564,59.69798],[5.3266,59.69762],[5.32403,59.69662],[5.32098,59.6969],[5.3181,59.6967],[5.31404,59.698],[5.30955,59.69827],[5.30927,59.69891],[5.3117,59.6988],[5.31175,59.69911],[5.30904,59.69985],[5.30785,59.70073],[5.31063,59.70087],[5.31317,59.69996]],[[5.31919,59.70683],[5.32288,59.70565],[5.32704,59.70514],[5.32618,59.70378],[5.32328,59.70432],[5.32244,59.70357],[5.32323,59.70227],[5.32242,59.70205],[5.31984,59.70369],[5.31361,59.70274],[5.31235,59.70379],[5.31245,59.7053],[5.31158,59.70598],[5.31346,59.70581],[5.31631,59.7073],[5.31919,59.70683]],[[5.38022,59.71004],[5.38128,59.70849],[5.38311,59.70782],[5.38442,59.70792],[5.38582,59.70746],[5.38649,59.70767],[5.38663,59.70863],[5.38488,59.71102],[5.38557,59.71197],[5.39034,59.71293],[5.39018,59.71213],[5.38752,59.71093],[5.38785,59.70984],[5.38939,59.70951],[5.39367,59.71182],[5.3962,59.71176],[5.39587,59.70929],[5.39502,59.70894],[5.39498,59.70792],[5.39423,59.70742],[5.392,59.70705],[5.38891,59.70522],[5.38975,59.70443],[5.39313,59.70488],[5.39542,59.7042],[5.3922,59.7028],[5.38794,59.70463],[5.38753,59.7033],[5.38909,59.70206],[5.3898,59.70035],[5.38931,59.7],[5.38773,59.70003],[5.38516,59.70111],[5.38427,59.70097],[5.38526,59.69952],[5.3877,59.69933],[5.38954,59.69817],[5.38746,59.69677],[5.38683,59.6957]],[[5.12855,59.69285],[5.13129,59.69305],[5.13262,59.69265],[5.13573,59.69037],[5.13428,59.68948],[5.12972,59.68913],[5.12765,59.68793],[5.12682,59.68821],[5.12371,59.68797],[5.12222,59.68963],[5.12316,59.69126],[5.12516,59.69265],[5.12527,59.69393],[5.12803,59.69408],[5.12848,59.69368],[5.12786,59.69326],[5.12855,59.69285]],[[5.36336,59.70769],[5.36147,59.71075],[5.36376,59.71069],[5.36413,59.71191],[5.36479,59.71209],[5.36742,59.70981],[5.36798,59.7098],[5.36646,59.71254]],[[5.13474,59.69398],[5.13157,59.69402],[5.13006,59.69552],[5.13316,59.69566],[5.13474,59.69398]],[[5.27998,59.70558],[5.27814,59.70571],[5.27699,59.70659],[5.27684,59.70798],[5.27982,59.70704],[5.27998,59.70558]],[[5.08642,59.69415],[5.08917,59.6937],[5.09063,59.69154],[5.09022,59.69045],[5.08658,59.6918],[5.08579,59.69345],[5.08642,59.69415]],[[5.09518,59.6941],[5.09799,59.6941],[5.09943,59.69364],[5.09931,59.69223],[5.10085,59.69081],[5.10205,59.68834],[5.10067,59.68804],[5.09915,59.68678],[5.09721,59.68689],[5.09698,59.68843],[5.09453,59.68815],[5.09332,59.68889],[5.08998,59.69398],[5.09026,59.69483],[5.09223,59.69563],[5.09446,59.69513],[5.09518,59.6941]],[[5.11538,59.69766],[5.11758,59.69711],[5.11808,59.69651],[5.12277,59.69546],[5.1242,59.69419],[5.12413,59.69335],[5.12152,59.69127],[5.12004,59.68903],[5.11798,59.68892]],[[5.15826,59.66265],[5.16133,59.66492],[5.16038,59.6661],[5.16073,59.66712],[5.16536,59.66951],[5.16505,59.67019],[5.16697,59.6709],[5.16855,59.67224],[5.16854,59.67393],[5.16799,59.67407],[5.16257,59.67213],[5.16169,59.67108],[5.16218,59.6705],[5.15899,59.66795],[5.15755,59.66718],[5.15614,59.66704],[5.15413,59.6682],[5.15335,59.67286],[5.15107,59.67517],[5.15328,59.67735],[5.1563,59.6777],[5.15396,59.67904],[5.1547,59.68006],[5.15936,59.68047],[5.16068,59.67997],[5.16251,59.68108],[5.16206,59.68133],[5.15862,59.68093],[5.156,59.68104],[5.15577,59.68285],[5.1574,59.68414],[5.15585,59.68477],[5.15582,59.68521],[5.15943,59.68599],[5.16016,59.68669],[5.16236,59.68729],[5.1628,59.68817],[5.16221,59.6886],[5.1635,59.6894],[5.16198,59.6895],[5.16179,59.69008],[5.16459,59.6917],[5.16343,59.69239],[5.16871,59.6945],[5.16834,59.69474],[5.16495,59.69429],[5.16406,59.69465],[5.16369,59.69557],[5.16624,59.69636],[5.17047,59.69693],[5.17202,59.69775],[5.17211,59.69926],[5.17695,59.69986],[5.17764,59.70076],[5.17721,59.70133],[5.17871,59.70157],[5.17949,59.7012],[5.18056,59.70175],[5.18189,59.70174],[5.18226,59.70282]],[[5.11798,59.68892],[5.11587,59.69002],[5.11481,59.69113],[5.11262,59.69169],[5.11341,59.68913],[5.11462,59.68897],[5.11508,59.6881],[5.11886,59.68524],[5.11545,59.6847],[5.11392,59.68535],[5.11211,59.68493],[5.11115,59.68509],[5.11015,59.68622],[5.10805,59.68561],[5.10804,59.68636],[5.109,59.68682],[5.1087,59.68821],[5.11142,59.68788],[5.11191,59.68831],[5.1093,59.68955],[5.10858,59.6885],[5.10769,59.68859],[5.10803,59.68946],[5.10576,59.68989],[5.10718,59.6926],[5.10659,59.6943],[5.11103,59.69306],[5.11104,59.69446],[5.10971,59.69454],[5.10886,59.69505],[5.1131,59.69663],[5.11433,59.69786],[5.11538,59.69766]],[[5.17665,59.70295],[5.17681,59.70339],[5.18235,59.70332],[5.18226,59.70282]],[[5.15578,59.70769],[5.1551,59.7064],[5.15314,59.70495],[5.15008,59.70614],[5.14861,59.70508],[5.14756,59.70501],[5.14633,59.7058],[5.14814,59.70651],[5.14773,59.70708]],[[5.16332,59.70826],[5.16296,59.70659],[5.16456,59.70229],[5.16757,59.70151],[5.1701,59.70138],[5.17581,59.70172],[5.17687,59.70255],[5.17665,59.70295]],[[5.24591,59.71448],[5.24456,59.71408],[5.2448,59.71296],[5.24543,59.71281],[5.24627,59.71364],[5.24796,59.71285],[5.24804,59.71237],[5.24629,59.71186],[5.24642,59.71124],[5.24846,59.70994],[5.24909,59.70757],[5.24881,59.7054],[5.24978,59.70368],[5.24715,59.70054],[5.24603,59.69998],[5.24564,59.69768],[5.24353,59.69617],[5.24576,59.69528],[5.24515,59.69248],[5.24577,59.69232],[5.2483,59.69478],[5.24938,59.69464],[5.25032,59.69235],[5.25352,59.68957],[5.25559,59.68858],[5.25562,59.6876],[5.25448,59.68673],[5.25637,59.68559],[5.25692,59.68329],[5.25867,59.68242],[5.25849,59.68145],[5.25966,59.68121],[5.25992,59.68059],[5.25863,59.67887],[5.25668,59.67811],[5.25712,59.67745],[5.25577,59.67703],[5.25555,59.67644],[5.25774,59.67608],[5.25724,59.67674],[5.2587,59.67724],[5.26084,59.67647]],[[5.26842,59.71617],[5.26706,59.71421],[5.26785,59.71332],[5.26693,59.71226],[5.26754,59.71155],[5.2689,59.7113],[5.27067,59.71004],[5.26994,59.70906],[5.27109,59.70582],[5.26992,59.70528],[5.26631,59.70505],[5.26527,59.70467],[5.26672,59.70339],[5.26651,59.70195],[5.26818,59.70071],[5.26752,59.69957],[5.26582,59.69882],[5.26619,59.69813],[5.26423,59.69757],[5.26414,59.69644],[5.2632,59.69569],[5.26082,59.69583],[5.25894,59.69524],[5.25674,59.69565],[5.25581,59.69682],[5.25604,59.69726],[5.25765,59.69742],[5.25735,59.6984],[5.25951,59.69851],[5.25965,59.69926],[5.25673,59.70017],[5.25604,59.70103],[5.25476,59.70141],[5.25372,59.70141],[5.25139,59.70028],[5.25024,59.70118],[5.25013,59.70308],[5.25112,59.70326],[5.25134,59.70369],[5.25006,59.70514],[5.25021,59.70601],[5.25216,59.7073],[5.25412,59.70722],[5.25274,59.70936],[5.25259,59.71076],[5.25463,59.71446],[5.25687,59.7153]],[[5.32793,59.72061],[5.33,59.71787],[5.32965,59.71681],[5.33071,59.71601],[5.33321,59.71612],[5.33469,59.71583],[5.33715,59.71403],[5.34067,59.71274],[5.33897,59.71063],[5.33715,59.70981],[5.33671,59.70889],[5.33936,59.70813],[5.33767,59.70689],[5.33747,59.70564],[5.3382,59.70472],[5.33763,59.7038],[5.3324,59.70497],[5.32886,59.7043],[5.32858,59.70296],[5.33023,59.70127],[5.32995,59.70031],[5.33521,59.69749],[5.33946,59.69609],[5.34098,59.6961],[5.34106,59.69698],[5.34018,59.69738],[5.33808,59.69745],[5.33734,59.69828],[5.33925,59.69829],[5.34016,59.69911],[5.34522,59.69956],[5.34721,59.69857],[5.34338,59.69703],[5.34197,59.69532],[5.34225,59.69321],[5.33883,59.69386],[5.33574,59.69348],[5.33435,59.69259],[5.33482,59.69101],[5.33382,59.69056],[5.33351,59.68859],[5.33291,59.68882],[5.33252,59.69174],[5.3305,59.69226],[5.3289,59.69223],[5.32856,59.69141],[5.32646,59.69143],[5.32316,59.69083],[5.32286,59.69023],[5.32091,59.68928],[5.32078,59.68888],[5.32647,59.68586],[5.33052,59.68529],[5.3336,59.68728],[5.33449,59.68626],[5.33424,59.68546],[5.3362,59.68557],[5.33563,59.68443],[5.33362,59.68288],[5.3325,59.68244],[5.33147,59.6828],[5.32963,59.68173],[5.32986,59.68088],[5.32777,59.6807],[5.32482,59.68143],[5.32347,59.68221],[5.32545,59.68272],[5.32504,59.68384],[5.3234,59.68429],[5.32187,59.68408],[5.32074,59.68629],[5.3196,59.68707],[5.31607,59.68733],[5.31265,59.68491],[5.3155,59.68041],[5.31067,59.67953],[5.31057,59.67898],[5.31191,59.67834],[5.31195,59.6779],[5.30816,59.67786],[5.30489,59.67689],[5.30472,59.6756],[5.30295,59.67746],[5.3014,59.67742],[5.30043,59.67683]],[[5.35171,59.72237],[5.35219,59.7208],[5.35408,59.71974],[5.35388,59.71904],[5.35578,59.7169],[5.35541,59.71562],[5.35622,59.71438],[5.35885,59.71288],[5.36065,59.71048],[5.36125,59.7094],[5.36076,59.7071],[5.36207,59.7062],[5.36317,59.70666]],[[5.14773,59.70708],[5.14598,59.70786],[5.14624,59.7092],[5.14688,59.70949],[5.15068,59.70959],[5.15564,59.70899],[5.15578,59.70769]],[[5.23468,59.53543],[5.23326,59.53505],[5.232,59.53526],[5.23366,59.53579],[5.23447,59.53672],[5.23582,59.53682],[5.23468,59.53543]],[[5.24772,59.55163],[5.24637,59.55089],[5.24481,59.5509],[5.24742,59.55239],[5.24646,59.55356],[5.24699,59.55411]],[[5.10105,59.61307],[5.10055,59.61303]],[[5.13208,59.57961],[5.13077,59.57938],[5.12962,59.57976],[5.13097,59.58117],[5.1322,59.58081],[5.1326,59.58006],[5.13208,59.57961]],[[5.32038,59.60286],[5.32223,59.60191]],[[5.235,59.59512],[5.23405,59.59553],[5.23429,59.59753]],[[5.10838,59.61363],[5.10774,59.61358]],[[5.37131,59.63628],[5.3716,59.63573],[5.37089,59.63557],[5.36898,59.6357],[5.3684,59.63625],[5.37006,59.6367],[5.37131,59.63628]],[[5.17916,59.63211],[5.17866,59.63205]],[[5.11706,59.63672],[5.11605,59.63663],[5.11585,59.63763],[5.11696,59.63871],[5.11795,59.63791],[5.11687,59.63713],[5.11706,59.63672]],[[5.11395,59.64501],[5.11269,59.64472],[5.11211,59.6465],[5.1138,59.64646],[5.11395,59.64501]],[[5.30242,59.66998],[5.30229,59.67044]],[[5.22654,59.6678],[5.22564,59.6668],[5.22417,59.66624],[5.21936,59.66669],[5.21924,59.66726]],[[5.31055,59.67409],[5.30856,59.67309],[5.30311,59.67354]],[[5.30136,59.67363],[5.30311,59.67354]],[[5.31979,59.67478],[5.32122,59.67531]],[[5.2997,59.67931],[5.29566,59.67955],[5.29438,59.68009],[5.29495,59.68162],[5.29916,59.68118]],[[5.39416,59.69903],[5.39327,59.69886],[5.39182,59.7004],[5.39376,59.70021],[5.39416,59.69903]],[[5.32855,59.69595],[5.32768,59.69572],[5.32681,59.69596],[5.32751,59.69787],[5.32892,59.69758],[5.32855,59.69595]],[[5.36317,59.70666],[5.36373,59.70712],[5.36336,59.70769]],[[5.57295,59.88442],[5.57397,59.8843],[5.57588,59.88504],[5.57743,59.8845],[5.57466,59.87905],[5.57206,59.8755],[5.57242,59.88092],[5.57091,59.88168],[5.57154,59.88334],[5.56956,59.88291],[5.56993,59.88397],[5.56937,59.88457],[5.57215,59.88571],[5.57295,59.88442]],[[5.64177,59.89485],[5.64391,59.89485],[5.64523,59.89405],[5.642,59.89291],[5.6411,59.89456],[5.64177,59.89485]],[[5.62505,59.89998],[5.62431,59.89746],[5.62541,59.89285],[5.6226,59.88246],[5.6221,59.87773]],[[5.62372,59.90633],[5.63021,59.90287],[5.63059,59.90014],[5.6291,59.89865],[5.62629,59.89808],[5.62623,59.89977],[5.62566,59.90025],[5.62505,59.89998]],[[5.5839,59.90123],[5.58223,59.90147],[5.58227,59.90205],[5.58456,59.90439],[5.58768,59.90614],[5.58766,59.9048],[5.5839,59.90123]],[[5.68093,59.9137],[5.68209,59.9125],[5.68167,59.91191],[5.68283,59.91129],[5.68174,59.91083]],[[5.60041,59.87617],[5.59947,59.8769],[5.59945,59.87805],[5.5986,59.87849],[5.59698,59.87837],[5.59699,59.87977],[5.59769,59.88046],[5.59701,59.88099],[5.59321,59.8823],[5.59142,59.88221],[5.58929,59.88261],[5.5882,59.88323],[5.58822,59.88401],[5.58705,59.88451],[5.58452,59.88439],[5.5813,59.88872],[5.57969,59.88912],[5.57854,59.8885],[5.57801,59.88863],[5.58316,59.89671],[5.58608,59.89893],[5.58689,59.90067],[5.58957,59.90274],[5.59102,59.90563],[5.59084,59.90819],[5.59219,59.90923]],[[5.50247,59.90822],[5.50495,59.90598],[5.50658,59.90559],[5.50734,59.90426],[5.50669,59.9029],[5.50816,59.90252],[5.51007,59.89945],[5.51528,59.89527],[5.51585,59.89438],[5.51467,59.89234],[5.51992,59.88943],[5.5189,59.88875],[5.51995,59.88672],[5.52404,59.88534],[5.5251,59.88353],[5.52461,59.88099],[5.52563,59.8799],[5.52368,59.87691],[5.52741,59.87454],[5.52931,59.87207],[5.52927,59.87103]],[[5.66075,59.92121],[5.66006,59.92377]],[[5.59219,59.90923],[5.59707,59.91332],[5.59709,59.91446],[5.59611,59.91496],[5.59602,59.91564],[5.59984,59.91756],[5.60095,59.91762],[5.60247,59.91915],[5.60522,59.92015],[5.61143,59.91764],[5.61416,59.91529],[5.61532,59.913],[5.62154,59.90888],[5.62372,59.90633]],[[5.66907,59.92571],[5.6699,59.92315]],[[5.49423,59.9137],[5.49914,59.91167],[5.50247,59.90822]],[[5.65151,59.92504],[5.65061,59.92266],[5.65121,59.92228],[5.65215,59.92228],[5.65309,59.92296],[5.65628,59.92151],[5.65995,59.92077],[5.66075,59.92121]],[[5.65852,59.92554],[5.659,59.92409],[5.66006,59.92377]],[[5.52474,59.91591],[5.52572,59.91106],[5.52683,59.9089],[5.53471,59.90168],[5.53721,59.90045],[5.53583,59.899],[5.53536,59.89723],[5.53685,59.89526],[5.53626,59.89411],[5.53993,59.89233],[5.54363,59.89171],[5.54483,59.89056],[5.5481,59.8915],[5.55045,59.89152],[5.54806,59.88859],[5.54855,59.88772],[5.54942,59.8875],[5.55142,59.88845],[5.55389,59.8881],[5.55519,59.88835],[5.561,59.89071],[5.55984,59.88883],[5.56031,59.88833],[5.56424,59.89077],[5.56617,59.89143],[5.56961,59.89512],[5.57125,59.89549],[5.57255,59.89637],[5.57452,59.89979],[5.57394,59.89982],[5.57187,59.8981],[5.57123,59.8988],[5.57337,59.90103],[5.57479,59.90157],[5.57551,59.90095],[5.57652,59.90154],[5.57893,59.90371],[5.57881,59.90457],[5.58052,59.90614],[5.58185,59.90633],[5.58328,59.90536],[5.58466,59.90611],[5.58741,59.90793],[5.59135,59.91216]],[[5.60303,59.92156],[5.59892,59.91834],[5.59711,59.91745],[5.59595,59.91743],[5.59456,59.91473],[5.59279,59.91446],[5.59135,59.91216]],[[5.6699,59.92315],[5.66926,59.91981],[5.66809,59.91912],[5.66734,59.91688],[5.66467,59.91555],[5.66558,59.91435],[5.66727,59.90724],[5.66896,59.9072],[5.66989,59.90662],[5.67105,59.90455],[5.66971,59.90428],[5.6678,59.90602],[5.66581,59.90459],[5.66687,59.90284],[5.66592,59.90198],[5.66446,59.90169],[5.66386,59.90214],[5.66411,59.9032],[5.6633,59.90349],[5.66186,59.90339],[5.6573,59.90114],[5.65713,59.90204],[5.65345,59.90093],[5.65201,59.90176],[5.64975,59.90232],[5.64777,59.90114],[5.64993,59.90001],[5.64953,59.89899],[5.64778,59.89803],[5.64486,59.89918],[5.64178,59.89833],[5.64062,59.89895],[5.64138,59.90018],[5.64255,59.90016],[5.64336,59.89935],[5.64486,59.89986],[5.64492,59.90165],[5.64653,59.90274],[5.64551,59.90336],[5.64636,59.90583],[5.64925,59.90844],[5.65223,59.90991],[5.65264,59.91077],[5.6521,59.91277],[5.65333,59.91299],[5.65278,59.91368],[5.65357,59.91535],[5.6523,59.91527],[5.65174,59.91603],[5.65077,59.91568],[5.64863,59.91601],[5.64767,59.91833],[5.64591,59.9179],[5.64258,59.91287],[5.64015,59.91123],[5.64,59.90992],[5.63908,59.90988],[5.63847,59.91035],[5.63739,59.91016],[5.63577,59.90775],[5.63439,59.90736],[5.63159,59.90733],[5.62791,59.90953],[5.62449,59.9087],[5.62352,59.90878],[5.62144,59.91245],[5.61963,59.91303],[5.61844,59.91442],[5.61666,59.91454],[5.61653,59.9177],[5.61282,59.91989],[5.6132,59.92102],[5.61167,59.92218]],[[5.6754,59.92675],[5.67779,59.92431],[5.67795,59.9217],[5.67873,59.92058],[5.67784,59.91753],[5.67876,59.91493],[5.68093,59.9137]],[[5.68689,59.92757],[5.68641,59.92685],[5.68512,59.92744]],[[5.68862,59.92769],[5.68885,59.92636],[5.68645,59.92498],[5.68631,59.92371],[5.68808,59.9204],[5.68741,59.91894],[5.68597,59.91814],[5.68668,59.91632],[5.68568,59.91483],[5.68605,59.91451],[5.68939,59.91417],[5.69039,59.91207],[5.68816,59.90918],[5.68807,59.90761],[5.68634,59.9063],[5.68563,59.90729],[5.68422,59.90683],[5.68327,59.90694],[5.68181,59.91058]],[[5.68689,59.92757],[5.68585,59.92829],[5.68805,59.92818],[5.68862,59.92769]],[[5.65852,59.92554],[5.65823,59.92819],[5.6588,59.92903],[5.6607,59.92962],[5.66206,59.92927],[5.66312,59.92843],[5.66593,59.92882],[5.66864,59.92626]],[[5.69195,59.92793],[5.69201,59.93034],[5.69037,59.93233],[5.69075,59.93299],[5.69212,59.93319],[5.69358,59.9328],[5.69557,59.93029],[5.6981,59.92836]],[[5.67638,59.92977],[5.67821,59.92983],[5.67878,59.93077],[5.68124,59.93174],[5.68239,59.93387],[5.68368,59.93384],[5.68718,59.93254],[5.68841,59.93074],[5.68793,59.92897],[5.68615,59.92954],[5.68475,59.92935],[5.68512,59.92744]],[[5.63513,59.95228],[5.6298,59.94822],[5.62837,59.94546],[5.62711,59.94468],[5.62492,59.94418],[5.62527,59.94361],[5.62424,59.94254],[5.62159,59.94122],[5.62074,59.93935],[5.62093,59.93707],[5.62289,59.93677],[5.62468,59.93872],[5.62952,59.93944],[5.63178,59.93918],[5.63482,59.93722],[5.63671,59.93813],[5.63864,59.93772],[5.63893,59.93617],[5.63758,59.93619],[5.63698,59.93586],[5.63827,59.93421],[5.63554,59.93284],[5.63281,59.92929],[5.63718,59.92747],[5.64173,59.92686],[5.6461,59.92552],[5.64921,59.92671],[5.65151,59.92504]],[[5.63532,59.95243],[5.63513,59.95228]],[[5.48737,59.94192],[5.48832,59.94187],[5.49036,59.94272],[5.4917,59.94196],[5.49062,59.93999],[5.48806,59.93867],[5.48436,59.93844],[5.4813,59.93933],[5.48216,59.94008],[5.48274,59.94223],[5.48489,59.94291],[5.48629,59.94436],[5.48749,59.94385],[5.48737,59.94192]],[[5.49055,59.94951],[5.48839,59.95062],[5.49004,59.95126]],[[5.49365,59.95291],[5.49112,59.95306],[5.49074,59.95279],[5.49402,59.95123],[5.49426,59.95012],[5.49307,59.94944],[5.49055,59.94951]],[[5.64887,59.96082],[5.64607,59.96066],[5.64383,59.96219],[5.64732,59.96544],[5.64874,59.96632],[5.64961,59.96637],[5.65135,59.96496],[5.65132,59.96343],[5.651,59.96209],[5.64887,59.96082]],[[5.40065,59.94868],[5.40301,59.94845],[5.40545,59.94702],[5.40785,59.94696],[5.40968,59.94651],[5.41006,59.947],[5.40608,59.94852],[5.40747,59.94915],[5.41464,59.94641],[5.4164,59.94602],[5.41713,59.9466],[5.42542,59.94479],[5.4333,59.94205],[5.43784,59.94117],[5.44824,59.93812],[5.4496,59.93819],[5.45463,59.9367],[5.45536,59.93624],[5.45439,59.93592],[5.45473,59.93531],[5.45544,59.93514],[5.45653,59.93558],[5.45632,59.9344],[5.45939,59.93379],[5.46592,59.93087],[5.4721,59.92635],[5.47295,59.92635],[5.47306,59.92722],[5.47445,59.92663],[5.47498,59.92593],[5.47396,59.92518],[5.48343,59.91951],[5.48512,59.91665],[5.48788,59.91598],[5.48828,59.91517],[5.49055,59.91411],[5.49215,59.91435],[5.49423,59.9137]],[[5.45332,59.95592],[5.45508,59.95394],[5.46008,59.95195],[5.46131,59.95012],[5.4635,59.94952],[5.46667,59.94754],[5.46687,59.94646],[5.46839,59.94591],[5.47104,59.94294],[5.47511,59.94223],[5.47698,59.94072],[5.47923,59.9409],[5.48177,59.94185],[5.4839,59.94458],[5.48661,59.94659],[5.48604,59.95141],[5.48667,59.95173],[5.48853,59.95165],[5.4897,59.95243]],[[5.48906,59.95853],[5.48983,59.95761],[5.49189,59.95682],[5.4933,59.95718],[5.49747,59.95605],[5.49798,59.95398],[5.49595,59.95244],[5.49365,59.95291]],[[5.49768,59.95916],[5.49655,59.95704],[5.49149,59.95871]],[[5.50466,59.95966],[5.50396,59.95905],[5.50522,59.95781],[5.50409,59.95605],[5.50514,59.9544],[5.50469,59.95075],[5.50785,59.94859],[5.50715,59.94686],[5.50795,59.94542],[5.50739,59.94427],[5.50901,59.94113],[5.51184,59.93977],[5.51744,59.93952],[5.51856,59.93915],[5.52338,59.93593],[5.52289,59.93547],[5.52053,59.93538],[5.51881,59.93428],[5.51901,59.93343],[5.52224,59.93198],[5.52225,59.93164],[5.52056,59.93121],[5.51793,59.93179],[5.51633,59.93107],[5.51695,59.9301],[5.51915,59.92872],[5.51942,59.92784],[5.51818,59.92642],[5.51662,59.92598],[5.51701,59.92523],[5.52031,59.92464],[5.5216,59.9233],[5.52135,59.92265],[5.5197,59.9223],[5.52207,59.91929],[5.52409,59.91785],[5.52474,59.91591]],[[5.64746,59.96995],[5.64308,59.96632],[5.64118,59.96542],[5.63903,59.9633],[5.63988,59.95929],[5.63836,59.95681],[5.63855,59.95311],[5.63802,59.95269],[5.63532,59.95243]],[[5.48689,59.96217],[5.49149,59.95871]],[[5.66092,59.9731],[5.65895,59.97392],[5.66073,59.97497],[5.66092,59.9731]],[[5.48775,59.95919],[5.48555,59.96015],[5.48478,59.96183],[5.47961,59.96411],[5.47972,59.96448],[5.48034,59.96479],[5.48171,59.96445],[5.48689,59.96217]],[[5.64746,59.96995],[5.65306,59.97366],[5.65558,59.97608],[5.66218,59.97982]],[[5.66407,59.9802],[5.66218,59.97982]],[[5.67226,59.98259],[5.67082,59.9826],[5.66978,59.97969],[5.66778,59.97858],[5.66618,59.97836],[5.66407,59.9802]],[[5.67788,59.98394],[5.67382,59.97785],[5.67214,59.97733],[5.67164,59.9777],[5.67378,59.98229],[5.67226,59.98259]],[[5.57682,59.87447],[5.57569,59.87297],[5.57625,59.87251]],[[5.59574,59.87584],[5.59875,59.87293],[5.60294,59.8715]],[[5.6221,59.87773],[5.62201,59.87578],[5.62104,59.87473],[5.61599,59.87387],[5.61572,59.87292],[5.61499,59.87263],[5.61378,59.8732],[5.6144,59.87415],[5.6134,59.87482],[5.61087,59.87533],[5.60171,59.87583]],[[5.6258,59.878],[5.62805,59.87468],[5.62638,59.87371],[5.62521,59.87545],[5.62503,59.87794]],[[5.58553,59.87763],[5.59024,59.87768],[5.59466,59.87656],[5.59574,59.87584]],[[5.49768,59.95916],[5.49721,59.96025],[5.49849,59.96222],[5.49833,59.96482],[5.49968,59.9659],[5.49912,59.96798],[5.49953,59.96944],[5.49763,59.97786],[5.49819,59.97917],[5.50249,59.9776],[5.504,59.97588],[5.50194,59.97051],[5.5037,59.96781],[5.50749,59.96486],[5.50817,59.96267],[5.50466,59.95966]],[[5.69796,59.99752],[5.69726,59.99662],[5.69848,59.99445],[5.69768,59.99283],[5.69313,59.98914],[5.68986,59.98807],[5.68863,59.9885],[5.68509,59.98744],[5.68235,59.9856],[5.67927,59.98549],[5.67788,59.98394]],[[5.3924,59.97695],[5.39638,59.97394],[5.39861,59.97387],[5.40097,59.97233],[5.4027,59.97185],[5.40649,59.9722],[5.408,59.97192],[5.41309,59.96882],[5.41979,59.96996],[5.42358,59.96797],[5.42904,59.96702],[5.43504,59.96511],[5.43554,59.96359],[5.43805,59.96281],[5.43908,59.96174],[5.44204,59.96149],[5.44671,59.95949],[5.44671,59.95805],[5.44901,59.95773],[5.45076,59.95653],[5.45332,59.95592]],[[5.48982,59.99081],[5.48567,59.99037],[5.48438,59.98963],[5.48385,59.98796],[5.48267,59.98786],[5.48225,59.98741],[5.47984,59.9875],[5.47968,59.98705]],[[5.44474,59.99078],[5.44339,59.99031],[5.44231,59.99057],[5.44241,59.9922],[5.44405,59.9939],[5.44548,59.99375],[5.44662,59.99275],[5.4447,59.99167],[5.44523,59.99129],[5.44474,59.99078]],[[5.42446,59.9978],[5.42498,59.99762],[5.42412,59.99621],[5.42625,59.99515],[5.42587,59.99451],[5.42374,59.99347],[5.4202,59.99354],[5.4203,59.99461],[5.41764,59.99448],[5.41754,59.99511],[5.41648,59.99514],[5.41504,59.99385],[5.41715,59.99326],[5.41532,59.99219],[5.41538,59.99029],[5.41199,59.99023],[5.40957,59.99103],[5.41008,59.99176],[5.41345,59.99305],[5.41376,59.99427],[5.41223,59.99446],[5.41162,59.99497],[5.41393,59.99588],[5.4154,59.99837]],[[5.41657,59.99845],[5.41761,59.99763],[5.42052,59.99804],[5.42038,59.99732],[5.42122,59.99699],[5.42446,59.9978]],[[5.43461,59.99977],[5.43544,59.99902],[5.43491,59.99809],[5.43416,59.99768],[5.43262,59.99787],[5.43306,59.99676],[5.43212,59.99583],[5.43088,59.99555],[5.42935,59.99594],[5.42889,59.99555],[5.42961,59.99484],[5.43206,59.99471],[5.43307,59.99351],[5.43084,59.9902],[5.4312,59.98949],[5.43272,59.98965],[5.43411,59.99101],[5.43704,59.99223],[5.43815,59.99212],[5.43891,59.99156],[5.43767,59.9905],[5.43935,59.98994],[5.44015,59.98862],[5.43961,59.98766],[5.43657,59.98627],[5.4372,59.98531],[5.43619,59.98298],[5.43885,59.98436],[5.44088,59.98715],[5.44314,59.98711],[5.44476,59.98858],[5.4473,59.9885],[5.44748,59.98888],[5.4462,59.98943],[5.44635,59.99036],[5.4494,59.9898],[5.44952,59.98827],[5.45165,59.98834],[5.4517,59.9893],[5.44841,59.9911],[5.44772,59.99223],[5.45117,59.99486],[5.45345,59.99553],[5.45306,59.99623],[5.4517,59.99656],[5.45245,59.99726],[5.45391,59.99741],[5.45544,59.99693],[5.45743,59.99696],[5.45601,59.99796],[5.45747,59.99884],[5.46174,59.9988],[5.46268,59.9975],[5.46241,59.99602],[5.46103,59.99591],[5.46011,59.99631],[5.45933,59.99601],[5.46498,59.98936],[5.46768,59.98959],[5.4705,59.98864],[5.47368,59.98607],[5.47633,59.98646],[5.47843,59.98615],[5.47949,59.98645],[5.47968,59.98705]],[[5.47631,60.00056],[5.47766,59.99932],[5.47932,59.99906],[5.48004,59.99946],[5.48134,59.99909],[5.48432,60.00024]],[[5.48432,60.00024],[5.48471,59.99778],[5.48672,59.9967],[5.4885,59.99639],[5.4901,59.99679],[5.49179,59.99639],[5.49124,59.9916]],[[5.42944,59.99939],[5.42964,60.00011]],[[5.43153,60.00084],[5.43461,59.99977]],[[5.39271,59.9967],[5.38951,59.9979],[5.39111,59.99965],[5.39284,59.99951],[5.39373,59.99815],[5.39503,59.9973],[5.39572,59.99736],[5.39514,59.99811],[5.39562,60.00019]],[[5.39707,60.00038],[5.40081,59.99969],[5.40136,60.00104]],[[5.41703,60.00065],[5.41345,59.99875],[5.41376,59.9985],[5.41519,59.99868],[5.4154,59.99837]],[[5.41657,59.99845],[5.41708,60.00014]],[[5.425,60.00068],[5.42594,59.99914]],[[5.60041,59.87617],[5.60171,59.87583]],[[5.68181,59.91058],[5.68174,59.91083]],[[5.66864,59.92626],[5.66907,59.92571]],[[5.49063,59.95203],[5.49004,59.95126]],[[5.4897,59.95243],[5.49063,59.95203]],[[5.48775,59.95919],[5.48906,59.95853]],[[5.42944,59.99939],[5.42592,59.99876]],[[5.48982,59.99081],[5.49124,59.9916]],[[5.47073,59.99395],[5.46836,59.99452],[5.4688,59.99579],[5.47043,59.99474],[5.47073,59.99395]],[[5.38828,59.99638],[5.38694,59.99561]],[[5.42594,59.99914],[5.42592,59.99876]],[[5.60303,59.92156],[5.60257,59.92373],[5.60039,59.92439],[5.60577,59.92952],[5.60743,59.93035],[5.60889,59.93023],[5.61097,59.93137],[5.61175,59.93112],[5.61216,59.93024],[5.61483,59.92931],[5.61436,59.92828],[5.61214,59.92743],[5.61169,59.92679],[5.61167,59.92218]],[[5.52978,59.57615],[5.53289,59.5753],[5.53432,59.57355],[5.53613,59.57244],[5.53654,59.56991],[5.53529,59.56689],[5.53176,59.56528],[5.53003,59.5626],[5.52523,59.56188],[5.52273,59.56211],[5.51803,59.559],[5.5151,59.5577],[5.51435,59.55595],[5.51512,59.55356]],[[5.44284,59.58738],[5.44253,59.58458],[5.4391,59.5833],[5.43862,59.58346],[5.43895,59.58407],[5.43627,59.58619],[5.43367,59.58383],[5.43168,59.5839],[5.43154,59.58475]],[[5.4418,59.58766],[5.44284,59.58738]],[[5.4399,59.59325],[5.4384,59.59002],[5.43826,59.58795],[5.4388,59.58727],[5.44023,59.58678],[5.44142,59.58707],[5.4418,59.58766]],[[5.52269,59.59932],[5.52036,59.59784],[5.52144,59.59618],[5.51973,59.59481],[5.52017,59.59372],[5.52361,59.59462],[5.52483,59.59446],[5.52589,59.5938],[5.52534,59.5926],[5.52335,59.59225],[5.52155,59.59237],[5.52025,59.59153],[5.52057,59.59097],[5.52217,59.59084],[5.5229,59.59031],[5.5234,59.58755],[5.52164,59.58612],[5.5241,59.58518],[5.52702,59.5849],[5.52877,59.5839],[5.52841,59.57999],[5.53085,59.57798],[5.52956,59.57635]],[[5.89071,59.643],[5.89434,59.64223],[5.89516,59.64238]],[[5.89516,59.64238],[5.89756,59.64314],[5.89952,59.6433],[5.90185,59.64432],[5.9077,59.6438],[5.90912,59.64238],[5.92022,59.64351],[5.9216,59.64404]],[[5.9216,59.64404],[5.92238,59.64564],[5.92128,59.64875]],[[5.86458,59.64509],[5.86584,59.64467],[5.86827,59.64502],[5.8736,59.64501],[5.87659,59.64457],[5.8795,59.64458],[5.88232,59.64538],[5.88416,59.6433],[5.88688,59.64307],[5.88878,59.64361],[5.89071,59.643]],[[5.91513,59.6487],[5.90962,59.64826],[5.9082,59.64759],[5.90698,59.64748],[5.90641,59.64778],[5.90498,59.64749],[5.90132,59.64782],[5.90038,59.64883]],[[5.824,59.64601],[5.82724,59.6459],[5.83725,59.64691],[5.84408,59.64661],[5.84494,59.64685]],[[5.84494,59.64685],[5.84781,59.64781],[5.85183,59.64826],[5.85611,59.64927],[5.85819,59.64929],[5.85904,59.64912],[5.86186,59.64652],[5.86458,59.64509]],[[5.45916,59.61873],[5.45978,59.61785],[5.45911,59.6166],[5.45458,59.61748],[5.45513,59.61662],[5.45666,59.61621],[5.45669,59.61572],[5.45441,59.61389],[5.4517,59.61386],[5.449,59.6152],[5.44887,59.61647],[5.45126,59.61849],[5.45093,59.61918],[5.45198,59.62007],[5.45328,59.62046],[5.45783,59.61951],[5.45916,59.61873]],[[5.4487,59.61969],[5.44689,59.61946],[5.44618,59.6198],[5.44699,59.6211],[5.44857,59.62161],[5.44939,59.6212],[5.4487,59.61969]],[[5.80042,59.65205],[5.80357,59.65184],[5.80597,59.65099],[5.80995,59.65029],[5.82094,59.6502],[5.82212,59.65054],[5.82294,59.65139],[5.82493,59.65129],[5.82617,59.65162],[5.82801,59.65313],[5.83705,59.65402],[5.83708,59.65448],[5.83549,59.6545],[5.83575,59.65545],[5.84203,59.65743]],[[5.45044,59.62513],[5.4488,59.62479],[5.44815,59.6234],[5.44399,59.62235],[5.44133,59.6225],[5.4419,59.62399],[5.44339,59.62463],[5.4449,59.62472],[5.44447,59.62561],[5.44571,59.62619],[5.4425,59.62824],[5.44351,59.629],[5.44583,59.62895],[5.44981,59.62806],[5.45088,59.62697],[5.45044,59.62513]],[[5.92968,59.66343],[5.93225,59.66456],[5.93279,59.6655]],[[5.90038,59.64883],[5.8987,59.64849],[5.89834,59.64784],[5.89893,59.64721],[5.89794,59.64721],[5.89716,59.64749],[5.89711,59.64843],[5.89464,59.65004],[5.89839,59.65118],[5.90133,59.65312],[5.90046,59.6552],[5.90164,59.65587],[5.90079,59.65676],[5.90229,59.65833],[5.90387,59.65869],[5.90514,59.65739],[5.90787,59.6577],[5.91365,59.66377],[5.91517,59.66438],[5.91539,59.66534],[5.91652,59.66519],[5.92015,59.66345],[5.92297,59.66365],[5.92601,59.66299]],[[5.79963,59.65181],[5.7985,59.65054],[5.79942,59.64957],[5.79759,59.64824],[5.7955,59.64811],[5.79385,59.64852],[5.79329,59.65018],[5.79387,59.65207],[5.79296,59.65334],[5.79042,59.65447],[5.78947,59.6574],[5.78959,59.658],[5.79189,59.65859]],[[5.52428,59.63669],[5.52319,59.63692],[5.52208,59.63864],[5.5235,59.63964],[5.52439,59.63975],[5.52495,59.63942],[5.52428,59.63669]],[[5.79189,59.65859],[5.79415,59.65996]],[[5.93279,59.6655],[5.93219,59.66665],[5.93009,59.6672],[5.92898,59.66983],[5.92943,59.67118],[5.93271,59.67143],[5.93443,59.67192],[5.9344,59.6729]],[[5.43921,59.63841],[5.43943,59.63714],[5.438,59.63735],[5.43672,59.63704],[5.43715,59.63826]],[[5.44415,59.63877],[5.44742,59.63586],[5.44729,59.63544],[5.44492,59.63464],[5.44499,59.634],[5.44417,59.63351],[5.44059,59.63539],[5.43702,59.63633],[5.43547,59.63813]],[[5.44708,59.63899],[5.45176,59.63628],[5.4582,59.63426],[5.45946,59.63234],[5.46048,59.63264],[5.46097,59.63339],[5.46242,59.63371],[5.4644,59.63321],[5.46531,59.63254],[5.46456,59.63147],[5.46495,59.63104],[5.46686,59.63047],[5.46894,59.63039],[5.46835,59.62904],[5.47109,59.62782],[5.47179,59.62675],[5.4769,59.62397],[5.47507,59.62338],[5.47438,59.62259],[5.4745,59.62108],[5.47238,59.62025],[5.47174,59.61864],[5.47216,59.61439],[5.46943,59.61375],[5.46726,59.61418],[5.46592,59.61176],[5.46469,59.61139],[5.46377,59.61191],[5.46512,59.61287],[5.4642,59.61393],[5.46294,59.61434],[5.46199,59.6135],[5.46119,59.61042],[5.46205,59.60967],[5.46117,59.60918],[5.45882,59.60887],[5.45462,59.60913],[5.45302,59.60866],[5.45243,59.60725],[5.44998,59.60566],[5.44986,59.60395],[5.44755,59.6043],[5.4468,59.60532],[5.44768,59.60622],[5.44766,59.60805],[5.44577,59.61015],[5.4463,59.61075],[5.44914,59.61117],[5.44978,59.61201],[5.44949,59.61424],[5.44602,59.6156],[5.44616,59.61617],[5.44468,59.61698],[5.44111,59.61675],[5.43863,59.61385],[5.4402,59.61364],[5.44243,59.61227],[5.44286,59.61068],[5.44241,59.61021],[5.44433,59.60965],[5.44399,59.60755],[5.44228,59.60715],[5.44178,59.60889],[5.43797,59.60971],[5.43611,59.60941],[5.43516,59.60846],[5.43583,59.6031],[5.43704,59.60233],[5.4384,59.59941],[5.43789,59.59749],[5.43843,59.59603],[5.44004,59.59464],[5.4399,59.59325]],[[5.51617,59.64405],[5.51554,59.6415],[5.51597,59.63906],[5.51449,59.6368],[5.51266,59.63604],[5.50963,59.63595],[5.5072,59.63532],[5.5077,59.63498],[5.5154,59.63498],[5.51634,59.63241],[5.52125,59.63017],[5.52081,59.62853],[5.52177,59.62603],[5.52273,59.62542],[5.52456,59.62631],[5.52537,59.62598],[5.52506,59.6224],[5.52296,59.62228],[5.5203,59.62105],[5.52122,59.6185],[5.52032,59.61767],[5.51902,59.61743],[5.51935,59.61646],[5.52119,59.61561],[5.52075,59.6132],[5.52256,59.61063],[5.52154,59.60988],[5.52123,59.60718],[5.52329,59.60249],[5.52269,59.59932]],[[5.52521,59.64471],[5.52301,59.64195],[5.52079,59.64182],[5.52088,59.64058],[5.5201,59.64026],[5.51894,59.64056],[5.51729,59.63982],[5.51707,59.64267],[5.51826,59.6442]],[[5.79304,59.66395],[5.79433,59.66286],[5.79408,59.66212],[5.7928,59.66163],[5.79443,59.66058],[5.79415,59.65996]],[[5.89663,59.67124],[5.89244,59.66872],[5.88458,59.66636],[5.87915,59.66312],[5.87174,59.66125],[5.86907,59.66104],[5.86529,59.65942],[5.86305,59.66095],[5.85974,59.66134],[5.85507,59.66038],[5.84831,59.65814],[5.84517,59.65856],[5.84203,59.65743]],[[5.93075,59.67362],[5.93304,59.67273]],[[5.51617,59.64405],[5.51731,59.6446],[5.51826,59.6442]],[[5.92663,59.67461],[5.93075,59.67362]],[[5.90322,59.67362],[5.89663,59.67124]],[[5.90322,59.67362],[5.90667,59.67408],[5.90993,59.67374],[5.91307,59.67293],[5.91404,59.67324],[5.91548,59.67521]],[[5.91548,59.67521],[5.91663,59.67609],[5.91768,59.67628],[5.92603,59.67488]],[[5.43547,59.63813],[5.43543,59.63965],[5.43793,59.63955],[5.43861,59.64239],[5.44003,59.64314],[5.44136,59.64281],[5.44164,59.64156],[5.4435,59.64025],[5.44415,59.63877]],[[5.79209,59.66605],[5.79154,59.66729],[5.78967,59.66512],[5.78642,59.66513],[5.78518,59.66574],[5.78654,59.6684],[5.78582,59.67014],[5.78862,59.67038],[5.78755,59.67134]],[[5.43099,59.64843],[5.43361,59.64737],[5.43698,59.64755],[5.44015,59.64869],[5.44222,59.64848],[5.44276,59.64804],[5.44513,59.64917],[5.4483,59.64975],[5.45064,59.65185],[5.4519,59.65201],[5.45221,59.64818],[5.45104,59.64851],[5.45073,59.64923],[5.44976,59.64908],[5.44878,59.64767],[5.44887,59.64669],[5.44789,59.64592],[5.44456,59.64565],[5.44399,59.64524],[5.44529,59.64389],[5.44401,59.64367],[5.44375,59.64243],[5.44489,59.64107],[5.44627,59.64055],[5.44617,59.63972],[5.44708,59.63899]],[[5.79964,59.68826],[5.80136,59.68863]],[[5.78755,59.67134],[5.78569,59.67243],[5.78575,59.67469],[5.78735,59.67614],[5.78587,59.67847],[5.78414,59.67917],[5.7833,59.68009],[5.78385,59.68131],[5.78272,59.68378],[5.78411,59.68412],[5.78848,59.68663],[5.79225,59.68731],[5.794,59.68902],[5.79964,59.68826]],[[5.80136,59.68863],[5.80362,59.69062],[5.80675,59.69136],[5.80667,59.69198],[5.8053,59.69254],[5.80652,59.69283],[5.80992,59.69274],[5.81107,59.69356],[5.81262,59.69521],[5.81403,59.69834],[5.81363,59.70003],[5.81727,59.70131],[5.81772,59.703],[5.82055,59.70467]],[[5.53924,59.69093],[5.53751,59.68764],[5.53951,59.68321],[5.53722,59.68034],[5.5339,59.67002],[5.53222,59.66853],[5.52992,59.66789],[5.53035,59.6657],[5.52725,59.66282],[5.52716,59.66067],[5.52485,59.65938],[5.52626,59.65761],[5.52778,59.65771],[5.52926,59.65731],[5.52989,59.65667],[5.53142,59.6565],[5.5319,59.65518],[5.53082,59.653],[5.53127,59.64904],[5.5292,59.64675],[5.52521,59.64471]],[[5.7229,59.70416],[5.72126,59.70334],[5.71571,59.70307],[5.71471,59.70195],[5.71336,59.70149],[5.711,59.70206],[5.70997,59.70324]],[[5.45382,59.69293],[5.45285,59.69246],[5.45186,59.69253],[5.45187,59.69392],[5.45276,59.69437],[5.45434,59.69371],[5.45382,59.69293]],[[5.47574,59.70254],[5.47387,59.70196],[5.4721,59.70259],[5.47357,59.70378],[5.47574,59.70254]],[[5.44165,59.6838],[5.4425,59.68416],[5.44224,59.68467],[5.43866,59.68538],[5.4377,59.68707],[5.4375,59.68798],[5.43908,59.68891],[5.44297,59.68965],[5.44529,59.68932],[5.44763,59.68833],[5.44874,59.68885],[5.44718,59.6897],[5.448,59.69064],[5.4506,59.69084],[5.45164,59.68974],[5.45244,59.68972],[5.45229,59.69136],[5.45623,59.69367],[5.45674,59.69341],[5.4559,59.69153],[5.4588,59.69224],[5.46082,59.69216],[5.4607,59.69261],[5.45909,59.69269],[5.45739,59.69435],[5.45497,59.69504],[5.45559,59.69793],[5.45679,59.69931],[5.45769,59.69945],[5.45885,59.69903],[5.45894,59.69787],[5.46079,59.69879],[5.46074,59.69932],[5.45859,59.69975],[5.45766,59.70043],[5.46125,59.70431],[5.46406,59.70475],[5.46749,59.7043],[5.46775,59.70242],[5.46527,59.70083],[5.46505,59.69986],[5.46285,59.69957],[5.46167,59.70019],[5.46111,59.69944],[5.46294,59.69902],[5.46888,59.69969],[5.46908,59.69907],[5.46729,59.69844],[5.46704,59.69753],[5.46873,59.69713],[5.46817,59.69634],[5.46945,59.69439],[5.47427,59.69238],[5.47372,59.69349],[5.47156,59.69521],[5.47191,59.69801],[5.46982,59.70001],[5.46959,59.70278],[5.47153,59.70371]],[[5.52289,59.71488],[5.52372,59.71434],[5.52877,59.71423],[5.52916,59.71461],[5.53109,59.71485],[5.5342,59.71643],[5.53596,59.71674],[5.53782,59.71626],[5.53746,59.7154],[5.53967,59.71471],[5.54132,59.71347],[5.54146,59.71299],[5.53936,59.7118],[5.5395,59.71123],[5.54132,59.71038],[5.54319,59.71021],[5.5413,59.70854],[5.53985,59.70888],[5.53928,59.70825],[5.53973,59.70722],[5.54166,59.70603],[5.54065,59.70558],[5.54106,59.7039],[5.5382,59.7015],[5.53906,59.69916],[5.54036,59.6997],[5.54118,59.69957],[5.53924,59.69809],[5.54026,59.6947],[5.53907,59.69307],[5.53924,59.69093]],[[5.82055,59.70467],[5.82141,59.70532]],[[5.82141,59.70532],[5.82283,59.70594],[5.82533,59.70631],[5.82613,59.70747],[5.82734,59.708],[5.82825,59.70745]],[[5.85214,59.70861],[5.8555,59.70873],[5.85702,59.70939],[5.85772,59.71035],[5.85961,59.71084]],[[5.85214,59.70861],[5.84541,59.70984],[5.84107,59.71108],[5.83926,59.71056],[5.83776,59.70943],[5.83384,59.70839],[5.83191,59.70834],[5.83001,59.70729],[5.82825,59.70745]],[[5.86166,59.71397],[5.86032,59.71309],[5.86094,59.7129],[5.86183,59.71318],[5.8622,59.71291],[5.85961,59.71084]],[[5.86411,59.71414],[5.86289,59.71367],[5.86171,59.71397]],[[5.70899,59.70349],[5.70756,59.70326],[5.70676,59.70349],[5.70518,59.70422],[5.70534,59.70461],[5.70631,59.70497],[5.70805,59.70492],[5.70899,59.70349]],[[5.47137,59.70425],[5.47192,59.70393],[5.47153,59.70371]],[[5.47571,59.70419],[5.47604,59.70547]],[[5.47137,59.70425],[5.47109,59.70523]],[[5.47109,59.70523],[5.47183,59.7061],[5.47255,59.70619],[5.47504,59.70525],[5.47449,59.70428],[5.47571,59.70419]],[[5.53038,59.71175],[5.52879,59.71224],[5.52909,59.71366],[5.52978,59.71387],[5.53089,59.71293],[5.53038,59.71175]],[[5.52956,59.57635],[5.52978,59.57615]],[[5.43236,59.58913],[5.43154,59.58475]],[[5.43236,59.58913],[5.43189,59.59266]],[[5.91866,59.64892],[5.91513,59.6487]],[[5.92128,59.64875],[5.91963,59.64921],[5.91866,59.64892]],[[5.80042,59.65205],[5.79963,59.65181]],[[5.92601,59.66299],[5.92968,59.66343]],[[5.43715,59.63826],[5.43644,59.63842],[5.43652,59.63898],[5.438,59.63916],[5.43921,59.63841]],[[5.92603,59.67488],[5.92663,59.67461]],[[5.79304,59.66395],[5.79209,59.66605]],[[5.86166,59.71397],[5.86171,59.71397]],[[5.77082,59.88833],[5.77434,59.88546],[5.7755,59.88355],[5.77555,59.88207],[5.77405,59.87884]],[[5.77082,59.88833],[5.76918,59.88955],[5.76874,59.89096],[5.76601,59.89417],[5.76483,59.89975],[5.76748,59.9045],[5.7721,59.90949]],[[5.7721,59.90949],[5.77248,59.91028],[5.77164,59.91184],[5.77238,59.91317],[5.77423,59.91352],[5.77628,59.9134],[5.77795,59.91385],[5.779,59.91458],[5.77928,59.91578],[5.7833,59.91768],[5.78589,59.91714]],[[5.78613,59.91721],[5.78943,59.91918],[5.78845,59.92137]],[[5.78845,59.92137],[5.78845,59.92214]],[[5.85477,59.92956],[5.85622,59.93064]],[[5.78741,59.92199],[5.78729,59.92127],[5.78633,59.92091],[5.78409,59.92151],[5.78242,59.9207],[5.781,59.92075],[5.78097,59.92452],[5.7825,59.92553],[5.78522,59.92592],[5.78652,59.92557],[5.78741,59.92199]],[[5.78845,59.92214],[5.79007,59.92352],[5.78923,59.92452],[5.79076,59.92704],[5.79291,59.92756],[5.79597,59.92754],[5.79824,59.92793],[5.80803,59.93215],[5.81049,59.93395],[5.81147,59.93418],[5.81314,59.9337],[5.81173,59.93324],[5.81234,59.93258],[5.81815,59.9327],[5.82814,59.93085],[5.8304,59.93119],[5.82878,59.93226],[5.82894,59.9327],[5.83093,59.93305],[5.83543,59.93307],[5.83663,59.93226],[5.8372,59.92994],[5.83848,59.92944],[5.84803,59.93023],[5.85018,59.93019],[5.85267,59.92965]],[[5.85436,59.93733],[5.85673,59.93631],[5.85683,59.93479],[5.85514,59.93453]],[[5.85514,59.93453],[5.85411,59.9347],[5.85217,59.93614],[5.85316,59.93741],[5.85436,59.93733]],[[5.85622,59.93064],[5.85625,59.93153],[5.85747,59.93169],[5.85984,59.93316],[5.85967,59.93409],[5.85805,59.93477],[5.85929,59.93614],[5.86109,59.93627],[5.86596,59.93545],[5.86709,59.93593],[5.86773,59.93746],[5.86939,59.93878],[5.87162,59.93923]],[[5.6981,59.92836],[5.70071,59.9266],[5.70108,59.92564],[5.70167,59.92613],[5.70254,59.92612],[5.70281,59.92575],[5.703,59.92389],[5.70213,59.92385],[5.70119,59.9253],[5.70044,59.925],[5.70053,59.92292],[5.70252,59.92029],[5.70192,59.91968],[5.69898,59.92001],[5.69863,59.92165],[5.69753,59.92281],[5.6976,59.92408],[5.69708,59.92453],[5.69595,59.92464],[5.6942,59.92627],[5.69287,59.92659],[5.69195,59.92793]],[[5.7115,59.92932],[5.70959,59.92837],[5.70906,59.92914]],[[5.71649,59.92967],[5.71558,59.9284],[5.71401,59.92863],[5.71282,59.92941]],[[5.73248,59.93081],[5.733,59.92901],[5.73255,59.9254],[5.73174,59.92402],[5.73028,59.92277],[5.72926,59.92265],[5.72659,59.92513],[5.72602,59.92513],[5.72469,59.92354],[5.72122,59.9212],[5.72045,59.9192],[5.71951,59.91859],[5.71854,59.91526],[5.71727,59.91475],[5.71566,59.91493],[5.71516,59.91451],[5.71455,59.91739],[5.71788,59.9182],[5.71687,59.91851],[5.71637,59.91925],[5.71251,59.91705],[5.70915,59.91804],[5.70799,59.92035],[5.71,59.92071],[5.70937,59.9216],[5.70701,59.92225],[5.70673,59.92501],[5.70538,59.9261],[5.70735,59.92902]],[[5.80669,59.93604],[5.80088,59.93359],[5.79715,59.93297],[5.79154,59.93349],[5.79438,59.93518]],[[5.87325,59.9407],[5.87365,59.93974],[5.87162,59.93923]],[[5.95823,59.9472],[5.96124,59.94738],[5.9637,59.94698]],[[5.79438,59.93518],[5.79586,59.93617],[5.79857,59.93693]],[[5.7115,59.92932],[5.70995,59.93017],[5.71082,59.93131],[5.71235,59.93097],[5.71282,59.92941]],[[5.82508,59.93908],[5.82242,59.93817],[5.81581,59.93927]],[[5.88189,59.94474],[5.88485,59.94456]],[[5.87325,59.9407],[5.87361,59.9418],[5.87017,59.94358],[5.87027,59.94389],[5.87458,59.94356],[5.87891,59.94453],[5.88189,59.94474]],[[5.88485,59.94456],[5.89183,59.94573]],[[5.98259,59.95258],[5.98434,59.95232],[5.98739,59.95282]],[[5.97117,59.94829],[5.97313,59.95325],[5.97391,59.95377]],[[5.98818,59.95264],[5.98919,59.95266],[5.98908,59.95325],[5.99404,59.95461],[5.99427,59.9556]],[[5.71649,59.92967],[5.71694,59.93255],[5.71764,59.93294],[5.71879,59.93237],[5.71935,59.93255],[5.71796,59.9336],[5.71786,59.93547],[5.71625,59.93721],[5.7177,59.93847],[5.71956,59.93892],[5.72159,59.93833],[5.72461,59.93899],[5.7271,59.93795],[5.72871,59.93584],[5.72851,59.93484],[5.72951,59.93269],[5.73248,59.93081]],[[5.82508,59.93908],[5.82744,59.94054],[5.83026,59.94057],[5.83431,59.94173],[5.83537,59.94305],[5.83764,59.94309],[5.83832,59.94248],[5.84031,59.94205],[5.84783,59.94262],[5.84945,59.94367],[5.84556,59.94918],[5.84731,59.94931],[5.85013,59.94807],[5.85129,59.94839]],[[5.97391,59.95377],[5.97474,59.95426],[5.97442,59.95532],[5.97303,59.95573],[5.973,59.95688],[5.97148,59.9569],[5.97051,59.95761],[5.97052,59.95804],[5.97171,59.95852],[5.97258,59.95826],[5.97305,59.95745],[5.97435,59.95741],[5.97713,59.95414],[5.98259,59.95258]],[[5.99427,59.9556],[5.99385,59.95676],[5.99279,59.95696],[5.99218,59.95783],[5.99535,59.96065]],[[5.89183,59.94573],[5.89093,59.94642],[5.89517,59.94667],[5.89711,59.94764],[5.90511,59.94816],[5.90815,59.94869],[5.91668,59.95176],[5.91856,59.9536],[5.91683,59.9553],[5.91807,59.9559],[5.92008,59.95557],[5.92221,59.95444],[5.92474,59.95389],[5.92709,59.95284],[5.93867,59.95058],[5.94097,59.94982]],[[5.8495,59.95481],[5.85181,59.95598],[5.85565,59.95515],[5.85592,59.95399],[5.8531,59.95118],[5.85129,59.94839]],[[5.79857,59.93693],[5.80234,59.93887],[5.81213,59.94232],[5.81736,59.94565],[5.82144,59.94711],[5.82613,59.94771],[5.82729,59.94857],[5.8308,59.94861],[5.84123,59.94734],[5.84457,59.94778],[5.8396,59.9502],[5.8404,59.95093],[5.84223,59.95092],[5.84412,59.95371],[5.84579,59.95349],[5.8495,59.95481]],[[5.99535,59.96065],[5.99453,59.96512]],[[5.96059,59.97413],[5.9605,59.9704],[5.9591,59.96831],[5.95096,59.96239],[5.94856,59.96223],[5.94703,59.96405],[5.94263,59.96442],[5.9403,59.96544],[5.93652,59.96598]],[[6.00479,59.97715],[5.99967,59.97413],[5.99802,59.9714],[5.99772,59.96915],[5.99473,59.96618],[5.99453,59.96512]],[[5.95729,59.98065],[5.96051,59.97684],[5.96059,59.97413]],[[5.93652,59.96598],[5.93116,59.96737],[5.92594,59.96743],[5.91979,59.96578],[5.9175,59.96466],[5.91613,59.96451],[5.91231,59.96541],[5.90364,59.96604],[5.90234,59.96556],[5.90136,59.96251],[5.89983,59.96091],[5.89568,59.96043],[5.89377,59.96074],[5.88322,59.9588],[5.88085,59.95926],[5.87493,59.959],[5.86637,59.95757],[5.85861,59.95555],[5.85555,59.95545],[5.85535,59.95784],[5.87176,59.963],[5.89449,59.96604],[5.8972,59.96764],[5.90042,59.96861],[5.90151,59.96952],[5.90385,59.96956],[5.906,59.9711],[5.9084,59.97212],[5.91112,59.97266],[5.91757,59.97582],[5.9212,59.97838],[5.93203,59.98226]],[[5.93536,59.98286],[5.93925,59.98317],[5.94172,59.98268],[5.94299,59.98305]],[[5.94299,59.98305],[5.94313,59.9846],[5.94498,59.9861],[5.94695,59.98641],[5.94756,59.98506],[5.95078,59.98194],[5.95209,59.98263],[5.95379,59.98269],[5.95729,59.98065]],[[5.95398,59.99149],[5.95193,59.99045],[5.95164,59.9886],[5.95583,59.98611],[5.95699,59.98461],[5.95662,59.98423],[5.95378,59.98385],[5.95244,59.98419],[5.95148,59.9866],[5.95047,59.98694],[5.9496,59.98659],[5.94827,59.98677],[5.9441,59.99081]],[[5.98297,59.99349],[5.98568,59.99209],[5.98697,59.98959],[5.99018,59.9889],[5.99228,59.98795],[5.99785,59.98807],[6.00434,59.9875]],[[5.9441,59.99081],[5.94293,59.99135],[5.94298,59.99179],[5.94524,59.99276],[5.94731,59.99318],[5.94958,59.99272],[5.95071,59.99299],[5.94979,59.99524],[5.95022,59.99554],[5.95286,59.99422],[5.95375,59.99319],[5.95398,59.99149]],[[5.98297,59.99349],[5.98148,59.99472],[5.98361,59.99602],[5.98259,59.99926]],[[5.75161,59.98253],[5.74958,59.98379],[5.75054,59.98631]],[[5.75054,59.98631],[5.75352,59.98635],[5.75381,59.98534],[5.75259,59.98444],[5.75297,59.98379],[5.75753,59.98296],[5.75792,59.98194],[5.75695,59.98125],[5.7547,59.9824],[5.75161,59.98253]],[[5.74833,59.98663],[5.74701,59.98619],[5.74542,59.98727],[5.74463,59.98731],[5.74301,59.98974],[5.74255,59.9911],[5.74589,59.99285],[5.74706,59.99281],[5.74929,59.98965],[5.74922,59.98798],[5.74833,59.98663]],[[5.98259,59.99926],[5.98123,60.00097]],[[5.79546,59.99964],[5.79373,59.99732],[5.79552,59.9971],[5.79542,59.99647],[5.79358,59.99587],[5.79209,59.99413],[5.78875,59.99289],[5.78727,59.99165],[5.78542,59.99118],[5.78397,59.98978]],[[5.71033,59.9995],[5.70916,59.99885],[5.70811,59.9995]],[[5.70204,60.00132],[5.70392,59.99929],[5.70353,59.99866],[5.70189,59.99836],[5.70289,59.99749],[5.70247,59.99667],[5.70029,59.99721],[5.69774,59.99915]],[[5.70811,59.9995],[5.70712,60.0022]],[[5.71148,60.00055],[5.71033,59.9995]],[[5.76312,60.00024],[5.76087,59.99919],[5.75902,59.9974],[5.7585,59.99494],[5.75974,59.99096],[5.76138,59.98845],[5.76182,59.98676],[5.76094,59.98605],[5.76167,59.9836],[5.76561,59.97942],[5.76875,59.97928],[5.76979,59.98011],[5.77452,59.98035],[5.77857,59.98238],[5.77957,59.98312],[5.78047,59.98704],[5.78388,59.98811],[5.78397,59.98978]],[[5.79546,59.99964],[5.79973,60.00148]],[[5.81158,60.00254],[5.81195,59.99866],[5.81453,59.99513],[5.81604,59.99499],[5.81637,59.99347],[5.81725,59.99331],[5.82036,59.99396],[5.82223,59.99345],[5.82324,59.99227],[5.81767,59.9888],[5.81835,59.98822],[5.82124,59.98975],[5.8236,59.99002],[5.82161,59.98804],[5.82279,59.98737],[5.82223,59.98621],[5.81756,59.98495],[5.81707,59.98435],[5.8173,59.98315],[5.81923,59.98211]],[[5.86719,60.00084],[5.86089,59.99961],[5.85893,59.99749],[5.85711,59.99698],[5.85609,59.99556],[5.85273,59.99357],[5.85222,59.99227],[5.85319,59.99134],[5.85187,59.99048],[5.84192,59.98818],[5.84042,59.98743]],[[5.69796,59.99752],[5.69804,59.99818],[5.69576,59.99889],[5.69774,59.99915]],[[5.78589,59.91714],[5.78613,59.91721]],[[5.9637,59.94698],[5.96577,59.94634],[5.96838,59.94659]],[[5.97063,59.94746],[5.96838,59.94659]],[[5.70735,59.92902],[5.70796,59.92952],[5.70906,59.92914]],[[5.97063,59.94746],[5.97117,59.94829]],[[5.81112,59.9382],[5.80669,59.93604]],[[5.81112,59.9382],[5.81387,59.93921],[5.81581,59.93927]],[[5.6754,59.92675],[5.67444,59.92744],[5.67638,59.92977]],[[5.94097,59.94982],[5.94989,59.94772],[5.95823,59.9472]],[[5.93203,59.98226],[5.93536,59.98286]],[[5.8311,59.98294],[5.82411,59.98183],[5.81923,59.98211]],[[5.8311,59.98294],[5.83672,59.98512],[5.84042,59.98743]],[[5.39483,59.95164],[5.39646,59.9511],[5.39791,59.94943],[5.39957,59.94871],[5.40065,59.94868]],[[5.30626,59.95051],[5.30519,59.95039],[5.30356,59.95084],[5.30227,59.95239],[5.30331,59.95234],[5.30626,59.95051]],[[5.32481,59.95549],[5.32378,59.95355],[5.32356,59.95089],[5.32443,59.94645]],[[5.32416,59.95551],[5.32481,59.95549]],[[5.3094,59.95245],[5.31039,59.95215],[5.3123,59.9525],[5.31622,59.95196],[5.31487,59.95335],[5.31619,59.95596],[5.31758,59.95565],[5.31823,59.95366],[5.31967,59.95375],[5.32049,59.95271],[5.32215,59.95257],[5.32416,59.95551]],[[5.25419,59.95051],[5.25246,59.95045],[5.25219,59.95115],[5.25321,59.95166],[5.25469,59.9511],[5.25419,59.95051]],[[5.27446,59.95479],[5.28013,59.95127],[5.28311,59.95007],[5.28773,59.94592],[5.28928,59.94384]],[[5.28003,59.95377],[5.27896,59.95381],[5.2775,59.95463],[5.27854,59.95527],[5.28006,59.95517],[5.28071,59.95456],[5.28003,59.95377]],[[5.3094,59.95245],[5.30627,59.95397],[5.30524,59.95523],[5.30126,59.95648],[5.29946,59.95847],[5.29793,59.95792],[5.29728,59.95545],[5.29616,59.95556],[5.29418,59.95676]],[[5.25668,59.94141],[5.25672,59.94227],[5.25835,59.9437],[5.26131,59.94342],[5.26244,59.94371],[5.26011,59.94478],[5.26062,59.94578],[5.25845,59.94755],[5.25852,59.94808],[5.26026,59.94811],[5.25909,59.95035],[5.258,59.95102],[5.25869,59.95215],[5.2584,59.95304],[5.25687,59.95388],[5.25687,59.95518],[5.25898,59.95664],[5.25766,59.95765],[5.26141,59.95863],[5.26327,59.95816],[5.26436,59.95847],[5.26589,59.95807],[5.26744,59.95646],[5.27056,59.95652],[5.27446,59.95479]],[[5.29418,59.95676],[5.29123,59.95666],[5.28946,59.95709],[5.28615,59.95956],[5.28703,59.96055],[5.28861,59.9607],[5.28703,59.96241],[5.28874,59.96264],[5.29117,59.96207]],[[5.2915,59.9649],[5.29202,59.96447],[5.28993,59.96361],[5.28917,59.96471],[5.2915,59.9649]],[[5.35743,59.97151],[5.3603,59.97125],[5.3604,59.97018],[5.35617,59.97035],[5.35655,59.97137],[5.35549,59.97205],[5.35133,59.97332],[5.35068,59.97419],[5.35123,59.97469],[5.35693,59.97362],[5.3562,59.97304],[5.35755,59.97213],[5.35701,59.97172],[5.35743,59.97151]],[[5.29117,59.96207],[5.29274,59.96414],[5.29733,59.96375],[5.29677,59.9656],[5.29946,59.96747],[5.29889,59.9686],[5.30384,59.97129]],[[5.30384,59.97129],[5.30612,59.97145],[5.30697,59.97256],[5.31015,59.97443],[5.31189,59.97494],[5.31394,59.9766],[5.31373,59.97767],[5.31467,59.97911],[5.31619,59.97954],[5.31653,59.98055],[5.31824,59.98185],[5.31975,59.98183],[5.32131,59.98034],[5.32519,59.97885],[5.32646,59.97749],[5.32597,59.97706],[5.32677,59.97667],[5.32706,59.97555],[5.32648,59.97384],[5.32836,59.97296],[5.32866,59.9717],[5.32635,59.96928],[5.32631,59.96728],[5.32882,59.96794],[5.32981,59.96904],[5.33139,59.96978],[5.33349,59.96964],[5.33342,59.96845],[5.3358,59.96861],[5.33654,59.96918],[5.33561,59.97034],[5.336,59.97055],[5.34479,59.9677],[5.34811,59.96509],[5.34924,59.96673],[5.35292,59.96718],[5.35014,59.96812],[5.35069,59.97006],[5.35283,59.9701],[5.35481,59.96968],[5.3574,59.97002],[5.36037,59.96931],[5.36419,59.96939],[5.36674,59.9681],[5.36788,59.96697],[5.37192,59.96531],[5.37204,59.96398],[5.37798,59.96168],[5.38078,59.96099],[5.38268,59.96116],[5.38766,59.96003],[5.38908,59.95866],[5.39843,59.95286],[5.39586,59.95253],[5.39446,59.95328],[5.39291,59.95328],[5.39261,59.95281],[5.39483,59.95164]],[[5.0525,59.96233],[5.04952,59.96265],[5.04936,59.96343],[5.05006,59.96394],[5.05221,59.96305],[5.0525,59.96233]],[[5.12337,59.97133],[5.12701,59.97088],[5.13137,59.96837],[5.13231,59.96842],[5.13289,59.96931],[5.13597,59.96887],[5.13867,59.96936],[5.13973,59.96877],[5.13992,59.96797],[5.14246,59.96762],[5.14427,59.96857],[5.14759,59.96857],[5.14909,59.96938],[5.15116,59.96978],[5.15236,59.96935],[5.15411,59.96967],[5.15407,59.97049],[5.15169,59.97119],[5.1515,59.97238],[5.15254,59.97368],[5.15339,59.97386],[5.15565,59.97341],[5.15613,59.97527],[5.15824,59.97481],[5.16107,59.97315],[5.1592,59.97201],[5.15947,59.97142],[5.16302,59.97074],[5.16363,59.9709],[5.16373,59.97183],[5.166,59.97256],[5.16761,59.97125],[5.17323,59.97143],[5.1752,59.97266],[5.17699,59.97467],[5.17831,59.97405],[5.17814,59.97311],[5.18027,59.9733],[5.18249,59.97291],[5.18522,59.97326],[5.19101,59.97503],[5.19332,59.97614],[5.19481,59.97527],[5.19648,59.97557],[5.19958,59.97782]],[[5.38819,59.99134],[5.387,59.99216],[5.38699,59.99293],[5.38767,59.99309]],[[5.19958,59.97782],[5.20155,59.97873],[5.20373,59.97908],[5.20366,59.97984],[5.20176,59.97958],[5.20302,59.98072]],[[5.21404,59.98346],[5.21525,59.98281],[5.2141,59.98157],[5.21247,59.98197],[5.21206,59.98283],[5.21019,59.98278]],[[5.3924,59.97695],[5.39107,59.9786],[5.3891,59.97884],[5.38716,59.97967],[5.38456,59.97877],[5.38314,59.97895],[5.38165,59.98114],[5.37847,59.98249],[5.37895,59.98491],[5.37632,59.98555],[5.37429,59.98722],[5.37729,59.98995],[5.37653,59.99062],[5.37665,59.99161],[5.37898,59.99299],[5.38033,59.99496],[5.38336,59.9949],[5.38455,59.99441],[5.38525,59.99361],[5.38475,59.99212],[5.38519,59.9915],[5.38848,59.99032]],[[5.38819,59.99134],[5.38977,59.99124],[5.38992,59.99269],[5.39185,59.99249],[5.39435,59.99511],[5.39388,59.99593],[5.39476,59.99605],[5.39653,59.99297],[5.39281,59.99246],[5.39208,59.99205],[5.39215,59.99102],[5.39325,59.99016],[5.39562,59.99074],[5.39635,59.99044],[5.39593,59.98741],[5.39805,59.98598],[5.39714,59.98461],[5.39559,59.9851],[5.39348,59.98819],[5.39191,59.98885],[5.39106,59.98822],[5.39032,59.98831],[5.39016,59.99042],[5.38848,59.99032]],[[5.20302,59.98072],[5.20817,59.98166],[5.20852,59.98234],[5.21019,59.98278]],[[5.12017,59.9764],[5.12015,59.9755],[5.11891,59.97532],[5.11819,59.97462],[5.11924,59.97384],[5.12071,59.97389],[5.12144,59.97355],[5.12337,59.97133]],[[5.37703,59.99555],[5.37655,59.99472],[5.375,59.99425],[5.37417,59.9935],[5.37346,59.99218],[5.36771,59.99121],[5.36622,59.99125],[5.36213,59.99323],[5.36138,59.9944]],[[5.38477,59.99612],[5.38694,59.99561]],[[5.39271,59.9967],[5.39272,59.99568],[5.39012,59.99467],[5.38933,59.99321],[5.38767,59.99309]],[[5.27029,59.989],[5.26883,59.98884],[5.26912,59.98757]],[[5.21883,59.98654],[5.21716,59.98508],[5.21585,59.98554],[5.21502,59.98528],[5.21404,59.98346]],[[5.38579,59.99952],[5.3883,59.99785],[5.38828,59.99638]],[[5.38477,59.99612],[5.384,59.99669],[5.38497,59.99797],[5.38462,59.99901],[5.38579,59.99952]],[[5.37703,59.99555],[5.37714,59.9969],[5.37501,59.99771],[5.37519,59.9981],[5.37713,59.99839],[5.37848,59.99994],[5.38039,60.00034]],[[5.26604,59.98734],[5.2633,59.98827],[5.26649,59.98937],[5.26462,59.99044],[5.26519,59.99116],[5.26431,59.9925],[5.26599,59.99366]],[[5.26599,59.99366],[5.26763,59.99426],[5.26786,59.99515],[5.26902,59.99559],[5.27065,59.99555],[5.27359,59.99385],[5.2736,59.99331],[5.27244,59.99265],[5.27102,59.99291],[5.27042,59.99356],[5.26926,59.99357],[5.27277,59.9913],[5.27175,59.98928],[5.27029,59.989]],[[5.09122,59.98176],[5.09039,59.98163],[5.0881,59.98289],[5.08782,59.98409],[5.08852,59.98465],[5.0914,59.98319],[5.09122,59.98176]],[[5.05271,59.98651],[5.05173,59.98583],[5.05075,59.9859],[5.05008,59.98743],[5.05219,59.98702],[5.05271,59.98651]],[[5.26549,60.00042],[5.26508,59.99966],[5.26579,59.99732],[5.26502,59.9963],[5.26171,59.99714],[5.26113,59.99699],[5.26127,59.9955],[5.26414,59.99576],[5.26492,59.99484],[5.26352,59.99454],[5.26233,59.99519],[5.26167,59.99507],[5.25957,59.99288],[5.25945,59.99115],[5.25664,59.99163],[5.25518,59.99251],[5.25424,59.99235],[5.25093,59.99312],[5.24632,59.99489],[5.24363,59.99703],[5.24404,59.99739],[5.24608,59.99765],[5.24805,59.99741],[5.252,59.99602],[5.25369,59.99631],[5.25109,59.99776],[5.2478,59.99834],[5.24745,60.00026]],[[5.04772,59.98719],[5.04561,59.9874],[5.04512,59.98862],[5.04806,59.9883],[5.04772,59.98719]],[[5.12017,59.9764],[5.11892,59.97797],[5.11542,59.9802],[5.11624,59.98124],[5.11531,59.98368],[5.11346,59.98449],[5.11229,59.98408],[5.1103,59.98422],[5.10817,59.98278],[5.10767,59.98204],[5.1082,59.98085],[5.10752,59.98079],[5.10549,59.98222],[5.10446,59.9851],[5.10313,59.98631],[5.09924,59.98804],[5.09933,59.99006],[5.10233,59.99209],[5.10371,59.99386],[5.10193,59.99549],[5.1014,59.99855],[5.10704,60.00002]],[[5.10704,60.00002],[5.1118,59.99929],[5.11478,59.99986]],[[5.20865,60.00111],[5.20817,59.99949],[5.21133,59.99598],[5.21403,59.99391],[5.21765,59.99279],[5.21927,59.99072],[5.22219,59.98906],[5.22227,59.9881],[5.22069,59.98707],[5.21883,59.98654]],[[5.36812,60.00123],[5.36252,59.99924],[5.36161,59.99807],[5.36323,59.99712],[5.36071,59.99626],[5.36026,59.99549],[5.36138,59.9944]],[[5.0953,60.00096],[5.09364,59.9999],[5.09632,59.99613],[5.09347,59.99149],[5.09227,59.987],[5.09088,59.98707],[5.08895,59.98545],[5.08796,59.98524],[5.08866,59.98759],[5.08952,59.9878],[5.08981,59.9886],[5.08869,59.98802],[5.08757,59.98833],[5.08693,59.98733]],[[5.26651,60.00099],[5.26734,59.9998],[5.26714,59.99885],[5.26808,59.99816],[5.27249,59.99673],[5.27436,59.99665],[5.27709,59.99735],[5.27691,59.99804],[5.27909,59.99993],[5.27871,60.00221]],[[5.08693,59.98733],[5.08708,59.98691],[5.08611,59.98657],[5.08689,59.98491],[5.08495,59.98145],[5.08371,59.98175],[5.08441,59.98231],[5.08401,59.98294],[5.08114,59.982],[5.07936,59.98237],[5.07839,59.98161],[5.07556,59.98212],[5.07312,59.98331],[5.07267,59.98596],[5.07166,59.98706],[5.0706,59.98694],[5.07056,59.98541],[5.06928,59.98502],[5.0671,59.98603],[5.06571,59.98585],[5.06416,59.98626],[5.06285,59.98714],[5.06166,59.98665],[5.05966,59.98784],[5.05728,59.98776],[5.05672,59.98813],[5.05765,59.98882],[5.05736,59.98941],[5.05516,59.98842],[5.05232,59.98908],[5.05106,59.98812],[5.05005,59.98842],[5.04967,59.9893],[5.05206,59.99237],[5.05121,59.99236],[5.0479,59.99032],[5.04652,59.99004],[5.04581,59.99023],[5.04466,59.99221],[5.04531,59.99396],[5.04745,59.99394],[5.04926,59.99463],[5.05191,59.99709],[5.05078,59.99896],[5.05232,59.99947],[5.05248,60.00016]],[[5.05248,60.00016],[5.05406,59.99996],[5.05404,60.00073]],[[5.35063,59.964],[5.35342,59.96381],[5.35425,59.96288],[5.35252,59.96266],[5.34959,59.96353],[5.34839,59.9644],[5.35063,59.964]],[[5.33239,59.98013],[5.33073,59.98007],[5.32984,59.98047],[5.32975,59.98153],[5.33167,59.98104],[5.33239,59.98013]],[[5.26912,59.98757],[5.26812,59.98671],[5.26687,59.98671],[5.26604,59.98734]],[[5.11463,60.00036],[5.11478,59.99986]],[[5.45663,59.4994],[5.45756,59.49905],[5.45717,59.49787]],[[5.45833,59.50419],[5.45663,59.4994]],[[5.4556,59.51032],[5.45728,59.50918],[5.45833,59.50419]],[[5.50456,59.52593],[5.50287,59.52352],[5.5007,59.52338],[5.5001,59.52299],[5.50041,59.52211],[5.49644,59.52155],[5.49395,59.52261],[5.49227,59.522],[5.49172,59.52075],[5.48774,59.52204],[5.48846,59.52302],[5.48743,59.52411],[5.48534,59.52474],[5.48203,59.52494],[5.48004,59.52624],[5.47875,59.52597]],[[5.45018,59.54164],[5.45081,59.5388],[5.44936,59.5377],[5.44883,59.53571],[5.44972,59.53584],[5.45191,59.53833],[5.45321,59.53892],[5.45765,59.53825],[5.45878,59.53687],[5.4584,59.536],[5.45942,59.53412],[5.45953,59.53172],[5.45761,59.53054],[5.45562,59.53196],[5.455,59.53192],[5.45429,59.53052],[5.455,59.52867],[5.45334,59.52837],[5.44986,59.52893],[5.44574,59.52857],[5.44285,59.53009],[5.44245,59.53121],[5.43946,59.5292],[5.43931,59.52792],[5.43996,59.52738],[5.44311,59.52773],[5.4454,59.52751],[5.44654,59.52679],[5.4522,59.52765],[5.45053,59.52682],[5.44599,59.52612],[5.44552,59.52524],[5.44157,59.52283],[5.44127,59.5212],[5.44576,59.52197],[5.44501,59.52294],[5.447,59.52409],[5.44861,59.52347],[5.4495,59.52352],[5.45441,59.52572],[5.45542,59.52574],[5.45828,59.52453],[5.45623,59.52303],[5.45665,59.52188],[5.45584,59.52143],[5.45487,59.51902],[5.44784,59.51498],[5.44745,59.51428],[5.44492,59.51381],[5.44448,59.51333],[5.44733,59.51071],[5.44926,59.51107],[5.45026,59.51179],[5.45241,59.51208],[5.4556,59.51032]],[[5.4517,59.54283],[5.45012,59.54278],[5.45018,59.54164]],[[5.49681,59.54895],[5.50047,59.54778],[5.50786,59.54339],[5.50783,59.54256],[5.50627,59.54153],[5.50668,59.54002],[5.50582,59.53927],[5.50698,59.53788],[5.50594,59.53597],[5.50793,59.53524],[5.50789,59.53427],[5.5044,59.53233],[5.50519,59.53085],[5.50435,59.53022],[5.5059,59.52933],[5.50734,59.52951],[5.50872,59.528],[5.50884,59.52679],[5.50836,59.52615],[5.50643,59.52588],[5.50518,59.52628],[5.50456,59.52593]],[[5.47875,59.52597],[5.47765,59.52524],[5.47314,59.52515],[5.46978,59.52753],[5.46928,59.5295],[5.46802,59.52998],[5.46494,59.53018],[5.4671,59.53183],[5.46362,59.53505],[5.46124,59.53611],[5.46099,59.53753],[5.46291,59.54122],[5.46116,59.54373],[5.45909,59.54384],[5.45987,59.54523],[5.45602,59.54608],[5.45541,59.54496],[5.4537,59.5444],[5.4539,59.54324],[5.45516,59.5429],[5.45629,59.5415],[5.45467,59.54017],[5.45306,59.54039],[5.45173,59.54121],[5.45128,59.54193],[5.45297,59.54264],[5.4517,59.54283]],[[5.49681,59.54895],[5.49551,59.54948],[5.496,59.5499],[5.49848,59.5501],[5.49913,59.55146],[5.49863,59.55236]],[[5.5016,59.55257],[5.50244,59.54956],[5.5056,59.54851],[5.50872,59.5482],[5.5114,59.54736],[5.51307,59.54736],[5.51539,59.54995]],[[5.51512,59.55356],[5.51613,59.55146],[5.51539,59.54995]],[[5.49644,59.55457],[5.4976,59.55436],[5.49863,59.55236]],[[5.49644,59.55457],[5.4952,59.55655],[5.49013,59.55797],[5.48686,59.55977],[5.48339,59.56039],[5.47646,59.56042],[5.4752,59.56123],[5.47558,59.56201],[5.48078,59.56251],[5.48613,59.56193],[5.48932,59.56081],[5.4957,59.55691],[5.49774,59.55513],[5.49912,59.55498],[5.50026,59.55546],[5.50125,59.55535],[5.50195,59.55458],[5.5016,59.55257]],[[5.45486,59.49946],[5.45481,59.49953]],[[5.45486,59.49946],[5.45433,59.49924],[5.45232,59.50007],[5.44855,59.50291],[5.45093,59.5023],[5.45481,59.49953]],[[5.4455,59.53275],[5.44319,59.53169],[5.44516,59.53396],[5.44613,59.53358],[5.4455,59.53275]],[[5.46037,59.5405],[5.45959,59.53996],[5.45697,59.54046],[5.45869,59.54096],[5.46037,59.5405]],[[5.35342,59.80227],[5.35404,59.80182],[5.3558,59.80236],[5.35912,59.80166],[5.35939,59.79941],[5.35799,59.79784],[5.36073,59.79721],[5.36356,59.79407],[5.36321,59.79242],[5.36211,59.7919],[5.36118,59.79242],[5.35917,59.79249],[5.358,59.79101],[5.35617,59.79283]],[[5.26664,59.7962],[5.26834,59.79592],[5.26831,59.7953],[5.26656,59.79558]],[[5.26541,59.79635],[5.26664,59.7962]],[[5.30347,59.7989],[5.30531,59.79927],[5.30583,59.7969],[5.3069,59.79551],[5.30952,59.7943]],[[5.31425,59.79829],[5.31108,59.79824],[5.3072,59.7993],[5.30674,59.80022],[5.30812,59.80168],[5.3099,59.80205],[5.31084,59.80173],[5.3123,59.80016],[5.3143,59.79973],[5.31425,59.79829]],[[5.35281,59.80437],[5.3515,59.80552],[5.35239,59.8058]],[[5.33476,59.79363],[5.33471,59.79416],[5.33227,59.79546],[5.3307,59.7986],[5.33195,59.79916],[5.33385,59.79866],[5.33445,59.79881],[5.33322,59.80131],[5.33325,59.8033],[5.33349,59.80444],[5.33485,59.80501]],[[5.33485,59.80501],[5.33624,59.80516],[5.33842,59.80414]],[[5.34456,59.8063],[5.34471,59.80671],[5.34587,59.80688],[5.34723,59.80644],[5.34771,59.80577],[5.34692,59.80479],[5.3479,59.80259],[5.34926,59.80226],[5.35001,59.80145],[5.34996,59.79555],[5.35081,59.79399],[5.3517,59.79371],[5.35332,59.79399],[5.35617,59.79283]],[[5.35139,59.80922],[5.35271,59.80887],[5.35353,59.80779],[5.35239,59.8058]],[[5.29633,59.80533],[5.3038,59.80141],[5.30431,59.8007],[5.30347,59.7989]],[[5.36052,59.80851],[5.35848,59.80832],[5.35623,59.80878],[5.35551,59.80992],[5.3578,59.80896],[5.36052,59.80851]],[[5.35139,59.80922],[5.35013,59.80878],[5.34918,59.80952],[5.34959,59.8098],[5.35101,59.80967],[5.35112,59.81017]],[[5.33842,59.80414],[5.33914,59.80436],[5.33958,59.80573],[5.34099,59.80677],[5.34083,59.80757],[5.34168,59.80785],[5.33987,59.80906],[5.34383,59.8102],[5.3447,59.80984],[5.34507,59.80768],[5.34266,59.80759],[5.34204,59.80705],[5.34456,59.8063]],[[5.25314,59.80547],[5.25172,59.80391],[5.248,59.80418],[5.24869,59.8031],[5.24625,59.80233],[5.24704,59.80149],[5.24525,59.80093],[5.24721,59.80061],[5.2503,59.80166],[5.25188,59.80087],[5.25191,59.79863],[5.25328,59.79841],[5.25418,59.79889],[5.25299,59.7996],[5.2537,59.80077],[5.25566,59.79983],[5.25593,59.79904],[5.25904,59.79877],[5.26082,59.79812],[5.26138,59.79708],[5.26013,59.7952],[5.26047,59.79464],[5.26377,59.79468],[5.26563,59.79561]],[[5.28009,59.80749],[5.27996,59.80637],[5.27859,59.80555],[5.27941,59.80141],[5.27771,59.7994],[5.27668,59.79945],[5.27535,59.79883],[5.27491,59.79942],[5.27586,59.80011],[5.2754,59.80108],[5.27363,59.80109],[5.27288,59.80053],[5.27228,59.8008],[5.27485,59.80219],[5.27397,59.80263],[5.27159,59.80287],[5.27083,59.80262],[5.27085,59.79979],[5.27021,59.79906],[5.26756,59.79899],[5.26443,59.79967]],[[5.34384,59.81223],[5.34372,59.81115],[5.3414,59.81],[5.34007,59.80983],[5.33974,59.81029],[5.34175,59.8112],[5.34034,59.81197]],[[5.34771,59.81251],[5.34719,59.81179],[5.34786,59.81012],[5.34674,59.81012],[5.3446,59.81228]],[[5.3536,59.81295],[5.35463,59.81096],[5.3523,59.81107],[5.35249,59.81027],[5.35112,59.81017]],[[5.35004,59.81386],[5.35152,59.81313],[5.35278,59.81332],[5.3536,59.81295]],[[5.33963,59.81372],[5.33963,59.81251],[5.34034,59.81197]],[[5.34384,59.81223],[5.34258,59.81393],[5.34375,59.81385],[5.3446,59.81228]],[[5.26196,59.80808],[5.26075,59.80788],[5.25941,59.80838],[5.26157,59.8094]],[[5.26138,59.81006],[5.26157,59.8094]],[[5.26385,59.81042],[5.26336,59.8088],[5.26196,59.80808]],[[5.28437,59.81065],[5.2861,59.81026],[5.28569,59.81176],[5.28776,59.81228],[5.29374,59.8085]],[[5.28009,59.80749],[5.28013,59.80836],[5.27878,59.81009],[5.28248,59.81207],[5.28352,59.81166],[5.28254,59.81063],[5.28437,59.81065]],[[5.10355,59.79719],[5.10247,59.79709],[5.10168,59.79766],[5.10365,59.79863],[5.1041,59.79811],[5.10355,59.79719]],[[5.1186,59.79758],[5.11708,59.79743],[5.1165,59.79783],[5.11765,59.79812],[5.11954,59.79986],[5.12079,59.80009],[5.12049,59.79898],[5.1186,59.79758]],[[5.33963,59.81372],[5.33745,59.81326],[5.33586,59.81189],[5.33412,59.81154],[5.33294,59.81269],[5.33189,59.81305],[5.33069,59.81292],[5.32868,59.81405],[5.32765,59.81587]],[[5.12581,59.79589],[5.12602,59.79668],[5.1245,59.79672],[5.12405,59.79708],[5.12502,59.79793],[5.12348,59.79928],[5.12321,59.80063],[5.12581,59.80013],[5.12859,59.79845]],[[5.09452,59.79714],[5.09487,59.7955],[5.09291,59.79688],[5.09359,59.79472],[5.09289,59.79413],[5.09179,59.7943],[5.08966,59.79599],[5.08954,59.79717],[5.09157,59.79791],[5.09205,59.79852],[5.09339,59.7982],[5.09452,59.79714]],[[5.32765,59.81587],[5.32658,59.81687],[5.32467,59.81717],[5.32425,59.81598],[5.32355,59.81579],[5.32206,59.81706]],[[5.11454,59.79924],[5.11314,59.79931],[5.1146,59.80178],[5.11571,59.80219],[5.11761,59.8019],[5.11855,59.8007],[5.11454,59.79924]],[[5.09676,59.79886],[5.09599,59.7982],[5.0945,59.79812],[5.09201,59.79971],[5.09212,59.80045],[5.09561,59.79973],[5.09676,59.79886]],[[5.0776,59.79775],[5.07518,59.79643],[5.07362,59.79647],[5.07309,59.79684],[5.07338,59.79729],[5.07559,59.79744],[5.07616,59.79802],[5.07537,59.79903],[5.07609,59.79939],[5.07783,59.79888],[5.0776,59.79775]],[[5.2981,59.81414],[5.29758,59.81401],[5.29568,59.81534],[5.2951,59.81621],[5.29548,59.81669],[5.29735,59.81681],[5.29797,59.81644],[5.2981,59.81414]],[[5.12859,59.79845],[5.13067,59.79809],[5.13186,59.79869],[5.13011,59.80001],[5.12587,59.80203],[5.12504,59.80367],[5.12578,59.80425]],[[5.11027,59.80018],[5.1093,59.8001],[5.10825,59.80157],[5.1095,59.80301],[5.11028,59.80313],[5.11221,59.80241],[5.11161,59.80111],[5.11027,59.80018]],[[5.149,59.80749],[5.1484,59.80665],[5.14926,59.80566],[5.15129,59.8078]],[[5.34771,59.81251],[5.3466,59.81375],[5.34748,59.81471],[5.34652,59.81653],[5.34595,59.81659],[5.34352,59.81507],[5.34296,59.81736],[5.34502,59.8177],[5.34437,59.81872],[5.34297,59.81912],[5.34467,59.81968],[5.34637,59.82114],[5.34716,59.82372]],[[5.12578,59.80425],[5.12898,59.80505],[5.12661,59.80677],[5.12698,59.80741],[5.1297,59.80678],[5.13341,59.80675],[5.13461,59.80639],[5.13602,59.80457],[5.13912,59.80452],[5.1398,59.8047],[5.14026,59.80583],[5.14137,59.80613],[5.1426,59.80759],[5.14406,59.80834],[5.14626,59.80852],[5.14886,59.8082],[5.149,59.80749]],[[5.26808,59.81852],[5.2689,59.81687],[5.26963,59.81668],[5.27072,59.81718],[5.27019,59.81819],[5.27198,59.81962],[5.27321,59.81954],[5.27424,59.81842],[5.2758,59.81792],[5.27636,59.81613],[5.2748,59.81574],[5.27568,59.81494],[5.27623,59.81212],[5.27548,59.81144],[5.27436,59.81148],[5.27106,59.81341],[5.26813,59.81184],[5.26838,59.81152],[5.27019,59.81161],[5.27314,59.80941],[5.27294,59.80873],[5.27063,59.80764],[5.26971,59.80815],[5.27122,59.80887],[5.27104,59.80936],[5.27007,59.80959],[5.26698,59.80894],[5.26526,59.80959],[5.26488,59.81058],[5.26385,59.81042]],[[5.15129,59.8078],[5.15006,59.80967],[5.14946,59.80966],[5.14895,59.80886],[5.14735,59.80873],[5.14608,59.80922],[5.14613,59.81032],[5.14109,59.80833]],[[5.17095,59.81222],[5.17484,59.8109],[5.17591,59.81001],[5.17517,59.80887],[5.17594,59.80785],[5.17566,59.80715],[5.17479,59.8072],[5.17361,59.80935],[5.17139,59.81075]],[[5.28892,59.81804],[5.28931,59.81703],[5.28798,59.81635],[5.28536,59.8175],[5.28419,59.81746],[5.28348,59.81818],[5.28384,59.82086],[5.28484,59.82085],[5.2869,59.81977],[5.28892,59.81804]],[[5.07185,59.80499],[5.07301,59.80393],[5.07251,59.80371],[5.07124,59.80404],[5.07042,59.80336],[5.0708,59.80283],[5.07006,59.80269],[5.06837,59.80328],[5.06831,59.80393],[5.06971,59.80497],[5.07103,59.80524],[5.07185,59.80499]],[[5.25837,59.82025],[5.2645,59.82067],[5.26571,59.82039],[5.26808,59.81852]],[[5.26138,59.81006],[5.25741,59.80887],[5.25473,59.80997],[5.25522,59.81068],[5.25281,59.81103],[5.25008,59.81423],[5.24859,59.81517],[5.24968,59.81585],[5.25014,59.81697],[5.24839,59.81697],[5.24734,59.81772],[5.24776,59.81849],[5.24707,59.8193],[5.24546,59.81985]],[[5.14109,59.80833],[5.14009,59.80819],[5.14014,59.80909],[5.13885,59.80931],[5.13742,59.80749],[5.13558,59.80736],[5.134,59.80771],[5.12946,59.81027],[5.13159,59.81141],[5.1349,59.81095],[5.13613,59.81038]],[[5.32206,59.81706],[5.32006,59.81833],[5.32023,59.82017],[5.31949,59.82137],[5.32013,59.82253],[5.31926,59.82331],[5.31913,59.82553]],[[5.25549,59.82156],[5.25634,59.82012],[5.25837,59.82025]],[[5.26951,59.82085],[5.26679,59.8212],[5.26516,59.82263],[5.26834,59.82251],[5.26951,59.82085]],[[5.25314,59.80547],[5.25433,59.80593],[5.25502,59.80772],[5.2516,59.80999],[5.24889,59.81396],[5.24672,59.81404],[5.24594,59.81441],[5.24718,59.81554],[5.24692,59.81608],[5.24498,59.81691],[5.24584,59.81794],[5.24491,59.81943],[5.2434,59.82045],[5.24374,59.82121]],[[5.24374,59.82121],[5.24496,59.82072],[5.24546,59.81985]],[[5.20495,59.81643],[5.20537,59.81373],[5.20421,59.81344],[5.20285,59.81526],[5.20433,59.81599],[5.20425,59.81639],[5.20241,59.81832],[5.20495,59.81643]],[[5.28513,59.82296],[5.28353,59.82308],[5.2832,59.82447],[5.28505,59.82364],[5.28513,59.82296]],[[5.0935,59.80949],[5.09234,59.80938],[5.09134,59.80977],[5.09197,59.81078],[5.09375,59.81051],[5.0935,59.80949]],[[5.10193,59.80722],[5.10241,59.80657],[5.10181,59.80618],[5.10317,59.80546],[5.10537,59.80173],[5.10492,59.80066],[5.10272,59.8002],[5.10141,59.79819],[5.10018,59.79843],[5.10083,59.79976],[5.0995,59.80129],[5.09833,59.80148],[5.09712,59.80244],[5.09708,59.80341],[5.09792,59.80414],[5.09711,59.805],[5.09518,59.80427],[5.09394,59.80432],[5.09232,59.80506],[5.09119,59.80477],[5.09109,59.80432],[5.09393,59.80241],[5.09335,59.80209],[5.0907,59.80236],[5.08907,59.80373],[5.08759,59.80408],[5.08736,59.80487],[5.08818,59.80534],[5.09001,59.80547],[5.09024,59.80728],[5.09348,59.80656],[5.09628,59.80738],[5.09505,59.81028],[5.09372,59.81127],[5.09432,59.81164],[5.09576,59.8113],[5.09923,59.80937],[5.10193,59.80722]],[[5.17095,59.81222],[5.16883,59.81476],[5.16847,59.817],[5.16941,59.8174]],[[5.16941,59.8174],[5.172,59.8169],[5.17578,59.81282],[5.17724,59.81377],[5.17636,59.81422],[5.17635,59.81587]],[[5.06083,59.81009],[5.06393,59.80969],[5.06699,59.80828],[5.06685,59.80561],[5.06518,59.80386],[5.06378,59.80423],[5.0642,59.80476],[5.06164,59.80577],[5.06117,59.80517],[5.06051,59.80515],[5.05778,59.80651],[5.05767,59.80705],[5.05852,59.80746],[5.05817,59.80849],[5.05892,59.80879],[5.06245,59.80759],[5.06244,59.80809],[5.05945,59.80961],[5.05965,59.81055],[5.06083,59.81009]],[[5.10997,59.81003],[5.10846,59.8078],[5.1072,59.80743],[5.10413,59.80948],[5.10154,59.80979],[5.10068,59.81253],[5.10169,59.81358],[5.10302,59.81385],[5.10788,59.81206],[5.10962,59.81102],[5.10997,59.81003]],[[5.25684,59.82544],[5.25812,59.82485],[5.26053,59.82473],[5.26238,59.82414],[5.26284,59.8233],[5.26024,59.82258],[5.25729,59.82393]],[[5.24045,59.82424],[5.2414,59.82439]],[[5.25729,59.82393],[5.25521,59.82424],[5.25297,59.82534],[5.25435,59.82571],[5.25684,59.82544]],[[5.13191,59.8161],[5.13258,59.81569],[5.13577,59.81779],[5.13681,59.81768],[5.14383,59.81439],[5.14473,59.81295],[5.14675,59.81211],[5.147,59.81399],[5.14597,59.81534]],[[5.26898,59.82478],[5.26807,59.82466],[5.26485,59.82618],[5.26428,59.82797],[5.26596,59.82773],[5.26841,59.82667],[5.26898,59.82478]],[[5.14597,59.81534],[5.14396,59.81538],[5.14305,59.8159],[5.14409,59.8197]],[[5.06762,59.81299],[5.0697,59.81121],[5.06857,59.81068],[5.06908,59.80966],[5.06773,59.80941],[5.06532,59.81032],[5.06541,59.81094],[5.06377,59.81248],[5.06423,59.81278],[5.06525,59.81254],[5.06439,59.81352],[5.06495,59.81376],[5.06649,59.81372],[5.06762,59.81299]],[[5.16807,59.82189],[5.17062,59.82141],[5.17069,59.8192],[5.17635,59.81587]],[[5.31898,59.83229],[5.31709,59.83352],[5.3173,59.83379]],[[5.3173,59.83379],[5.31968,59.83403],[5.31962,59.83238],[5.31898,59.83229]],[[5.13613,59.81038],[5.13658,59.81062],[5.13441,59.81266],[5.13605,59.8137],[5.13339,59.8141],[5.13125,59.81385],[5.12973,59.81463],[5.12991,59.81522],[5.12907,59.81561],[5.12826,59.81533],[5.12682,59.81569],[5.12603,59.81533],[5.12721,59.81345],[5.12651,59.81272],[5.12528,59.81269],[5.12455,59.81337],[5.12288,59.81236],[5.12186,59.81252],[5.1219,59.81367],[5.12126,59.81395],[5.12176,59.81502],[5.12474,59.81522],[5.12407,59.81631],[5.12323,59.81638],[5.12279,59.81691],[5.12292,59.81793],[5.12453,59.8174],[5.12697,59.81752],[5.12627,59.81939],[5.12992,59.82028]],[[5.31558,59.82739],[5.31393,59.82816],[5.31294,59.82926],[5.31288,59.83185],[5.31158,59.83247],[5.3109,59.83346],[5.31481,59.83419]],[[5.11091,59.81693],[5.11026,59.8169],[5.11024,59.81756],[5.10895,59.81859],[5.10967,59.81934],[5.11053,59.81947],[5.11171,59.81831],[5.11091,59.81693]],[[5.12148,59.81769],[5.11872,59.81684],[5.11771,59.81739],[5.11765,59.81817],[5.11921,59.82027],[5.1202,59.82014],[5.12093,59.81943],[5.12148,59.81769]],[[5.27245,59.83131],[5.27378,59.82946],[5.27252,59.82723],[5.27335,59.82622],[5.2771,59.82423],[5.2778,59.82182],[5.2771,59.82062],[5.27205,59.82299],[5.27188,59.82495],[5.2703,59.82477],[5.27037,59.82628],[5.2668,59.82809],[5.26545,59.82942],[5.26699,59.83049],[5.26907,59.83063],[5.26867,59.83149],[5.26945,59.83185],[5.27188,59.83168],[5.27245,59.83131]],[[5.25275,59.82963],[5.25083,59.82964],[5.24911,59.83059],[5.24987,59.83082],[5.2519,59.8306],[5.25275,59.82963]],[[5.18852,59.82644],[5.19145,59.82432],[5.19222,59.8226],[5.19491,59.82332],[5.1958,59.82176],[5.20167,59.81859]],[[5.10389,59.81816],[5.10279,59.81797],[5.10082,59.81908],[5.10206,59.81996],[5.10376,59.81955],[5.10445,59.81868],[5.10389,59.81816]],[[5.25505,59.83153],[5.25685,59.83069],[5.25556,59.82978]],[[5.34716,59.82372],[5.34701,59.82929],[5.34949,59.83355],[5.34981,59.83582],[5.35112,59.83568],[5.35138,59.83611],[5.3497,59.83706],[5.35051,59.83915],[5.35133,59.83824],[5.35403,59.83695],[5.3534,59.83564],[5.35607,59.83419],[5.35432,59.83236],[5.35275,59.83216],[5.35249,59.8306],[5.35362,59.83075],[5.35486,59.83167],[5.35656,59.83136],[5.35763,59.83162],[5.35799,59.83125],[5.35331,59.82853],[5.35328,59.82716],[5.35502,59.82635],[5.3545,59.82505],[5.35226,59.82338],[5.35052,59.82358],[5.35114,59.82272],[5.35238,59.82231],[5.35046,59.82228],[5.35007,59.82197],[5.35051,59.82115],[5.34971,59.82032],[5.35136,59.81904],[5.35018,59.81815],[5.35082,59.81513],[5.34979,59.8147]],[[5.1144,59.81979],[5.11292,59.81981],[5.11258,59.82056],[5.11324,59.82139],[5.11464,59.82131],[5.11512,59.82091],[5.1144,59.81979]],[[5.25505,59.83153],[5.25452,59.83171],[5.25489,59.83207]],[[5.2414,59.82439],[5.24225,59.82498],[5.24162,59.82673],[5.24287,59.8285],[5.24118,59.82955],[5.24073,59.82813],[5.24017,59.82804],[5.2383,59.83001],[5.23959,59.83073],[5.24144,59.83044],[5.24299,59.83126],[5.24532,59.83021],[5.2503,59.82649],[5.252,59.82581],[5.25521,59.82251],[5.25549,59.82156]],[[5.12374,59.8212],[5.12307,59.82076],[5.12169,59.82106],[5.12108,59.82189],[5.12155,59.82225],[5.12267,59.82214],[5.12374,59.8212]],[[5.12992,59.82028],[5.13023,59.82133],[5.1327,59.82174],[5.13449,59.82328],[5.13534,59.82342],[5.1365,59.823],[5.13667,59.82195],[5.13538,59.82128],[5.13525,59.82055],[5.13381,59.81955],[5.13249,59.81931],[5.13315,59.81807],[5.13191,59.8161]],[[5.31158,59.8368],[5.31301,59.8373],[5.314,59.83691],[5.31547,59.83538],[5.31481,59.83419]],[[5.25081,59.83274],[5.25201,59.83262],[5.25326,59.83121],[5.25433,59.83123],[5.25476,59.83014],[5.25556,59.82978]],[[5.23599,59.83188],[5.23747,59.82844],[5.23659,59.82742],[5.23953,59.82555],[5.24045,59.82424]],[[5.11572,59.82204],[5.11416,59.82204],[5.11315,59.82334],[5.11379,59.82348],[5.11588,59.82292],[5.11645,59.82241],[5.11572,59.82204]],[[5.12992,59.82188],[5.12894,59.82164],[5.12842,59.82189],[5.13108,59.82446],[5.13267,59.82447],[5.1335,59.82379],[5.13323,59.82335],[5.12992,59.82188]],[[5.35047,59.84018],[5.3499,59.84005],[5.34905,59.84055],[5.34826,59.84161],[5.34806,59.84391],[5.34885,59.84356],[5.35047,59.84018]],[[5.06083,59.8197],[5.05891,59.81963],[5.05832,59.82039],[5.05869,59.82086],[5.06055,59.82034],[5.06083,59.8197]],[[5.26125,59.83393],[5.26031,59.83393],[5.26009,59.83428],[5.25985,59.8362],[5.26205,59.83558],[5.26216,59.8346],[5.26125,59.83393]],[[5.0779,59.82304],[5.07801,59.82267]],[[5.11741,59.82468],[5.1158,59.82463],[5.1147,59.82543],[5.11637,59.82596],[5.11769,59.8254],[5.11741,59.82468]],[[5.27233,59.83487],[5.27155,59.83439],[5.27095,59.83471],[5.26675,59.83475],[5.26628,59.83556],[5.26745,59.83765],[5.26921,59.83788],[5.27237,59.83751],[5.27339,59.83657],[5.27324,59.83528],[5.27233,59.83487]],[[5.26453,59.83625],[5.26287,59.83678],[5.26221,59.838],[5.263,59.83871],[5.26413,59.83858],[5.26524,59.83733],[5.26453,59.83625]],[[5.14409,59.8197],[5.1459,59.8207],[5.15001,59.82127],[5.15198,59.8212],[5.15345,59.82169],[5.15082,59.8221],[5.15013,59.82254],[5.14971,59.82424],[5.14823,59.82388],[5.14525,59.82163],[5.14335,59.82222],[5.14365,59.82369],[5.14464,59.82442],[5.14435,59.82568],[5.14512,59.82737],[5.1492,59.82903],[5.14894,59.83019],[5.15128,59.82906],[5.15297,59.82873],[5.1536,59.82815],[5.15324,59.82756],[5.155,59.82706],[5.15697,59.82555],[5.15692,59.82482],[5.15552,59.82424],[5.1556,59.82352],[5.15691,59.82315],[5.15723,59.82213],[5.15873,59.8212],[5.16379,59.81541],[5.17049,59.81129]],[[5.09526,59.82445],[5.09313,59.82372],[5.09782,59.82268],[5.09778,59.82156],[5.09446,59.8211],[5.09678,59.81981],[5.09467,59.8192],[5.09283,59.81999],[5.09256,59.8189],[5.08922,59.81906],[5.08859,59.81964],[5.08935,59.82106],[5.09149,59.82101],[5.09027,59.8235],[5.08935,59.82378],[5.09143,59.82408],[5.09084,59.82613],[5.09332,59.82613],[5.09317,59.82568],[5.09526,59.82445]],[[5.14179,59.82601],[5.14048,59.82566],[5.14006,59.82445],[5.13849,59.82346],[5.13645,59.82393],[5.13621,59.82773],[5.13823,59.82959],[5.13958,59.83004],[5.14126,59.82976],[5.14305,59.82818],[5.14179,59.82601]],[[5.18237,59.83114],[5.17914,59.8317],[5.17941,59.83303],[5.18196,59.83281],[5.18278,59.83186],[5.18237,59.83114]],[[5.1193,59.82626],[5.11745,59.82605],[5.11651,59.82662],[5.11648,59.82801],[5.11771,59.8285],[5.11873,59.82816],[5.11963,59.82704],[5.1193,59.82626]],[[5.07691,59.82634],[5.07776,59.82611],[5.07867,59.82438],[5.08037,59.8229],[5.08554,59.81992],[5.08634,59.81875],[5.08628,59.81716],[5.09046,59.81489],[5.09103,59.81392],[5.09072,59.8108],[5.0862,59.8073],[5.0852,59.8045],[5.08374,59.80356]],[[5.23242,59.83817],[5.2351,59.83628],[5.23676,59.83409],[5.23803,59.83405],[5.2382,59.83156],[5.23766,59.83151],[5.2364,59.83239],[5.23599,59.83188]],[[5.10958,59.82513],[5.11005,59.82442],[5.10865,59.82374],[5.10882,59.82307],[5.1076,59.82377],[5.10403,59.82417],[5.10483,59.82329],[5.10654,59.82273],[5.10539,59.82222],[5.10357,59.82315],[5.09992,59.82313],[5.09898,59.82366],[5.09908,59.82538],[5.09262,59.82639],[5.09203,59.82724],[5.09268,59.82792],[5.09432,59.82797],[5.10139,59.82701],[5.10958,59.82513]],[[5.25081,59.83274],[5.24708,59.83227],[5.24354,59.83293],[5.24264,59.83348],[5.24219,59.83577],[5.24124,59.83582],[5.2405,59.83509],[5.23984,59.83522],[5.23862,59.83645],[5.23449,59.83743],[5.23323,59.83876],[5.2325,59.83878]],[[5.1212,59.82815],[5.11935,59.82862],[5.11976,59.83023],[5.12059,59.83055],[5.1222,59.82905],[5.1212,59.82815]],[[5.30505,59.84161],[5.30452,59.84151],[5.30307,59.84246],[5.30275,59.84455],[5.30461,59.84403],[5.30505,59.84161]],[[5.14887,59.83031],[5.14568,59.82892],[5.1437,59.82952],[5.14519,59.83262],[5.14728,59.83319],[5.14841,59.83292],[5.1499,59.83142],[5.14887,59.83031]],[[5.24789,59.83951],[5.24631,59.83911],[5.24602,59.8401],[5.24496,59.84071],[5.24792,59.84029],[5.24789,59.83951]],[[5.13843,59.83029],[5.13546,59.8293],[5.13247,59.83097],[5.13218,59.83245]],[[5.0779,59.82304],[5.07412,59.82345],[5.07109,59.82552],[5.0691,59.82604],[5.06892,59.82703],[5.07097,59.82746],[5.07137,59.82803],[5.07458,59.82653],[5.07691,59.82634]],[[5.05105,59.82503],[5.0507,59.82461],[5.04925,59.82512],[5.04938,59.82665],[5.05105,59.82503]],[[5.15055,59.83361],[5.15151,59.83386],[5.15215,59.83478],[5.15381,59.8345],[5.15173,59.83242],[5.1479,59.83438],[5.14903,59.83475],[5.15055,59.83361]],[[5.08374,59.80356],[5.08341,59.8031],[5.08091,59.80364],[5.07973,59.803],[5.07864,59.80522],[5.07687,59.8065],[5.07739,59.80719],[5.07583,59.80778],[5.07573,59.81019],[5.07785,59.81023],[5.07893,59.81068],[5.07806,59.81207],[5.07626,59.81196],[5.07563,59.8123],[5.0757,59.81335],[5.07734,59.81421],[5.07731,59.81494],[5.07495,59.81572],[5.07486,59.81441],[5.07326,59.81297],[5.07174,59.81451],[5.06924,59.81525],[5.06914,59.81692],[5.06736,59.81735],[5.06497,59.81956],[5.06649,59.82003],[5.0659,59.82098],[5.06315,59.82229],[5.06298,59.82295],[5.06413,59.82387],[5.0621,59.82545],[5.06048,59.82496],[5.05947,59.82536],[5.0601,59.8259],[5.05922,59.82706],[5.05964,59.82797],[5.06222,59.82721],[5.06258,59.82666],[5.06326,59.82677],[5.06587,59.82585],[5.06723,59.82443],[5.06597,59.82327],[5.06753,59.82202],[5.06908,59.82224],[5.06853,59.82332],[5.0699,59.82394],[5.0754,59.82165],[5.07589,59.82184],[5.0753,59.82254],[5.07801,59.82267]],[[5.09566,59.8292],[5.09241,59.82924],[5.09228,59.83072],[5.09454,59.8303],[5.09566,59.8292]],[[5.25174,59.84272],[5.25046,59.84272]],[[5.04796,59.82611],[5.04696,59.82607],[5.04651,59.82666],[5.04699,59.82836],[5.04787,59.82825],[5.04863,59.82756],[5.04796,59.82611]],[[5.16807,59.82189],[5.16497,59.82281],[5.15934,59.82662],[5.16045,59.82699],[5.16055,59.82821],[5.15847,59.83109],[5.15777,59.83334],[5.15866,59.83444],[5.16124,59.8346],[5.16145,59.83724],[5.16356,59.83706]],[[5.18852,59.82644],[5.18674,59.82759],[5.18571,59.829],[5.18347,59.82954],[5.18194,59.82911],[5.17974,59.82955],[5.18025,59.82991],[5.18411,59.83006],[5.18512,59.83072],[5.18446,59.8313],[5.18289,59.83074],[5.17792,59.83026],[5.17585,59.83185],[5.1762,59.83272],[5.17556,59.83365],[5.17494,59.83376],[5.17286,59.83297],[5.17144,59.83311],[5.16873,59.83464],[5.16576,59.83717],[5.16439,59.83755],[5.16356,59.83706]],[[5.06812,59.82766],[5.06761,59.8276],[5.06577,59.8293],[5.06765,59.83076],[5.06914,59.83009],[5.06936,59.82902],[5.07023,59.82843],[5.06812,59.82766]],[[5.09215,59.8327],[5.09392,59.83228],[5.0936,59.83142],[5.0929,59.83123],[5.09097,59.8321],[5.09215,59.8327]],[[5.14706,59.83735],[5.14691,59.8358],[5.14474,59.83304],[5.13843,59.83029]],[[5.13287,59.83515],[5.13257,59.83475],[5.13149,59.83502],[5.13084,59.83432],[5.13019,59.83432],[5.12987,59.83515],[5.13205,59.83631],[5.13287,59.83515]],[[5.25174,59.84272],[5.25634,59.84107],[5.2525,59.84582],[5.2529,59.84638],[5.25568,59.84632],[5.25961,59.84401],[5.26031,59.84105],[5.2616,59.83947],[5.2608,59.83908],[5.2595,59.83968],[5.25772,59.83987],[5.25809,59.83747],[5.25511,59.83465],[5.25474,59.8338],[5.25582,59.8331],[5.25489,59.83207]],[[5.31158,59.8368],[5.31001,59.83736],[5.30959,59.83798],[5.30947,59.84238],[5.31165,59.84309],[5.31093,59.84928],[5.30993,59.8511]],[[5.06197,59.83194],[5.06029,59.83187],[5.0589,59.83273],[5.05891,59.83323],[5.06113,59.83272],[5.06197,59.83194]],[[5.25046,59.84272],[5.2506,59.84472],[5.24877,59.84678],[5.24896,59.84797],[5.25022,59.8479]],[[5.15298,59.8414],[5.1551,59.84122],[5.15635,59.84069],[5.15801,59.83919],[5.15696,59.83685],[5.15424,59.83632],[5.15298,59.83695],[5.15196,59.83781],[5.15305,59.83898],[5.15217,59.83978],[5.15009,59.83916],[5.14706,59.83735]],[[5.07071,59.83367],[5.06766,59.83427],[5.06829,59.83528],[5.07072,59.8345],[5.07071,59.83367]],[[5.17225,59.83649],[5.17164,59.83616],[5.17056,59.83628],[5.16844,59.83743],[5.16392,59.84163],[5.16444,59.8427],[5.16648,59.84164],[5.16687,59.84096],[5.17022,59.83942],[5.17225,59.83649]],[[5.23904,59.84643],[5.24477,59.84265],[5.24483,59.84109],[5.24162,59.84375],[5.23634,59.8457],[5.23748,59.8461],[5.23733,59.8468],[5.23542,59.84794],[5.23531,59.84868],[5.23904,59.84643]],[[5.15978,59.84369],[5.15908,59.84265],[5.15919,59.84164],[5.16012,59.84109],[5.15974,59.84056],[5.15627,59.84203],[5.1555,59.84336]],[[5.08613,59.83811],[5.08417,59.83796]],[[5.08898,59.83832],[5.09069,59.83691],[5.09153,59.83534],[5.0911,59.83502],[5.0899,59.83526],[5.08955,59.83501],[5.09044,59.8345],[5.09119,59.8348],[5.09233,59.83459],[5.09199,59.83378],[5.08953,59.8338],[5.07974,59.83545],[5.07843,59.83654],[5.07872,59.83721],[5.08395,59.83604],[5.08275,59.83717],[5.08088,59.83771]],[[5.13218,59.83245],[5.13161,59.83296],[5.13069,59.83266],[5.13155,59.82849],[5.12972,59.82702],[5.12918,59.82571],[5.12783,59.82545],[5.12779,59.82636],[5.12661,59.82612],[5.12302,59.82652],[5.12349,59.82834],[5.12701,59.82947],[5.12684,59.83109],[5.12784,59.83189],[5.12947,59.83231],[5.13025,59.8335],[5.13163,59.83411],[5.13243,59.83357],[5.13303,59.83368],[5.1347,59.8353],[5.13547,59.83708],[5.13446,59.83789],[5.13331,59.83802],[5.12879,59.83558],[5.12763,59.83577],[5.12618,59.83679],[5.12599,59.83766],[5.12518,59.83768],[5.12432,59.83724],[5.12444,59.83543],[5.12385,59.83499],[5.12227,59.83499],[5.12158,59.83464],[5.1216,59.83301],[5.12322,59.83277],[5.12334,59.83199],[5.12184,59.8311],[5.12028,59.83155],[5.11936,59.83137],[5.11912,59.83071],[5.11698,59.8302],[5.11618,59.83057],[5.11408,59.83064],[5.11316,59.8301],[5.11475,59.82807],[5.11254,59.82695],[5.11008,59.82679],[5.1012,59.82903],[5.10043,59.82995],[5.09653,59.83127],[5.09499,59.8341],[5.09569,59.83466],[5.09618,59.83697],[5.09392,59.83706],[5.09238,59.83632],[5.0917,59.83748],[5.09273,59.83861]],[[5.15403,59.84325],[5.15254,59.84233],[5.15232,59.84168],[5.15298,59.8414]],[[5.17301,59.84469],[5.17398,59.84327],[5.17773,59.84106],[5.17784,59.84038],[5.19115,59.83589],[5.1936,59.83638],[5.19675,59.83549],[5.19876,59.83536],[5.19946,59.83351],[5.20237,59.83235],[5.20199,59.83156],[5.20419,59.83022],[5.20293,59.82914],[5.20474,59.82729],[5.20237,59.82719],[5.20151,59.8266],[5.20133,59.82554],[5.20448,59.82033],[5.20354,59.81916],[5.20226,59.81842],[5.20167,59.81859]],[[5.21646,59.84795],[5.2185,59.84594],[5.22147,59.84405],[5.22291,59.84051],[5.22383,59.84002],[5.22544,59.84065],[5.22702,59.84047],[5.23242,59.83817]],[[5.22588,59.84866],[5.22491,59.84781],[5.22062,59.84809],[5.22066,59.84703],[5.22318,59.84575],[5.22696,59.84563],[5.22852,59.84525],[5.23068,59.8458],[5.23228,59.84428],[5.23079,59.84346],[5.23231,59.84202],[5.23254,59.84053],[5.232,59.83996],[5.23058,59.8405],[5.22947,59.84033],[5.2325,59.83878]],[[5.15403,59.84325],[5.15504,59.84358],[5.1555,59.84336]],[[5.08898,59.83832],[5.08734,59.83867],[5.08923,59.83942],[5.09148,59.83917],[5.09273,59.83861]],[[5.0715,59.8443],[5.07321,59.84543],[5.0723,59.84631],[5.07414,59.84799],[5.07432,59.84889],[5.07748,59.8488],[5.07699,59.84655],[5.07545,59.84609],[5.07499,59.84256],[5.07934,59.8408],[5.08069,59.841],[5.08053,59.84002],[5.08187,59.83948],[5.08292,59.84073],[5.08248,59.84196],[5.08444,59.84274],[5.08422,59.84013],[5.08586,59.83887],[5.08676,59.8387],[5.08613,59.83811]],[[5.26563,59.79561],[5.26656,59.79558]],[[5.35342,59.80227],[5.353,59.80371]],[[5.35281,59.80437],[5.353,59.80371]],[[5.26541,59.79635],[5.26368,59.79728],[5.26324,59.7984],[5.26443,59.79967]],[[5.29548,59.80602],[5.29633,59.80533]],[[5.29374,59.8085],[5.29482,59.80791],[5.29548,59.80602]],[[5.35004,59.81386],[5.34979,59.8147]],[[5.17049,59.81129],[5.17139,59.81075]],[[5.27031,59.81894],[5.269,59.81874],[5.2678,59.81978],[5.26806,59.82017],[5.26944,59.82007],[5.27078,59.81933],[5.27031,59.81894]],[[5.31558,59.82739],[5.31913,59.82553]],[[5.09917,59.81139],[5.09729,59.8116],[5.09777,59.81266],[5.09911,59.81235],[5.09917,59.81139]],[[5.19354,59.82072],[5.19338,59.81839],[5.19107,59.81932],[5.19138,59.82051],[5.19249,59.82064],[5.19257,59.82138],[5.19354,59.82072]],[[5.06987,59.81236],[5.06912,59.81236],[5.06868,59.81305],[5.06951,59.81435],[5.07069,59.81364],[5.06987,59.81236]],[[5.2029,59.82798],[5.20227,59.82783],[5.20045,59.82898],[5.19966,59.82967],[5.19995,59.83056],[5.2029,59.82798]],[[5.09,59.83181],[5.08848,59.83202],[5.08807,59.83366],[5.09031,59.83234],[5.09,59.83181]],[[5.21634,59.84808],[5.21646,59.84795]],[[5.08088,59.83771],[5.08252,59.83886],[5.08295,59.83801],[5.08417,59.83796]],[[5.05092,59.84708],[5.04907,59.84652],[5.04788,59.84721],[5.04937,59.84764],[5.05069,59.84744],[5.05092,59.84708]],[[5.30538,59.85153],[5.30581,59.85383],[5.30731,59.85261],[5.31062,59.85261],[5.30993,59.8511]],[[5.29759,59.85401],[5.30001,59.8513],[5.30195,59.85035],[5.30484,59.85085],[5.30538,59.85153]],[[5.24754,59.85028],[5.24709,59.852],[5.24902,59.85039]],[[5.29759,59.85401],[5.29884,59.85551],[5.29739,59.85676]],[[5.22588,59.84866],[5.22823,59.85187],[5.22999,59.85126],[5.23062,59.84979],[5.23319,59.84982],[5.23478,59.84933]],[[5.22412,59.85351],[5.22386,59.85075],[5.22172,59.84982],[5.21819,59.84974],[5.2161,59.85216],[5.21327,59.85259],[5.21634,59.84808]],[[5.23556,59.84938],[5.23483,59.85129],[5.23254,59.85236],[5.23133,59.8538],[5.23085,59.85558],[5.232,59.85548],[5.23348,59.85468],[5.23348,59.85395],[5.23482,59.85359],[5.23577,59.85434],[5.23463,59.85489],[5.23471,59.85534],[5.23699,59.85544],[5.23873,59.85412],[5.23872,59.85322],[5.24108,59.85232],[5.24395,59.85001]],[[5.21175,59.85429],[5.21302,59.85316],[5.21377,59.85379],[5.21494,59.85365],[5.21502,59.85447]],[[5.29568,59.86037],[5.2945,59.85726],[5.29447,59.85515],[5.2921,59.85448],[5.28736,59.85738],[5.28682,59.85876],[5.28754,59.85928],[5.2911,59.85999],[5.29403,59.86015],[5.29443,59.86063],[5.29568,59.86037]],[[5.29739,59.85676],[5.30158,59.85869],[5.30376,59.85799],[5.30438,59.85818],[5.30345,59.85914],[5.30217,59.85904],[5.30043,59.85945],[5.29977,59.86034],[5.30045,59.86072],[5.30032,59.86167],[5.29586,59.86085],[5.29435,59.86148],[5.29398,59.86244],[5.29566,59.86209],[5.29612,59.86305],[5.29329,59.86433],[5.29325,59.86485],[5.29444,59.86547]],[[5.21502,59.85447],[5.21016,59.85844],[5.21035,59.85932],[5.21222,59.85926],[5.21597,59.85792],[5.21973,59.85989],[5.22152,59.85948],[5.22317,59.85828],[5.22256,59.85719],[5.22401,59.85523],[5.22412,59.85351]],[[5.27073,59.86472],[5.27358,59.86259],[5.27563,59.85999],[5.2753,59.85928],[5.27374,59.85869]],[[5.28367,59.86632],[5.28266,59.86609],[5.28126,59.86661],[5.28153,59.86734],[5.28272,59.86739],[5.28353,59.86701],[5.28367,59.86632]],[[5.0715,59.8443],[5.06956,59.84421],[5.06599,59.84528],[5.06575,59.84659],[5.06339,59.84697],[5.06169,59.84783],[5.06091,59.84856],[5.06045,59.85066],[5.06077,59.85114],[5.06202,59.85134],[5.05936,59.85393],[5.06073,59.85474],[5.06864,59.85384]],[[5.21221,59.86581],[5.21933,59.86284],[5.22101,59.86114],[5.21913,59.86048],[5.21754,59.86065],[5.21606,59.86107],[5.21619,59.86159],[5.21131,59.86308],[5.21117,59.86106],[5.21061,59.86078],[5.209,59.8611],[5.206,59.86378],[5.20616,59.86468],[5.20871,59.86539],[5.20801,59.86702],[5.21221,59.86581]],[[5.08001,59.85297],[5.07931,59.85273],[5.07618,59.8532],[5.07312,59.85535],[5.07308,59.8567],[5.07482,59.85789],[5.07685,59.85744],[5.07756,59.85677],[5.08001,59.85297]],[[5.22146,59.8677],[5.22253,59.86695],[5.22468,59.86347],[5.22769,59.86257],[5.22907,59.86152],[5.23192,59.86071],[5.23312,59.86082],[5.23398,59.86239],[5.23609,59.86124],[5.23617,59.86045],[5.23533,59.85998],[5.23686,59.8588],[5.23834,59.85839],[5.24317,59.85358],[5.24169,59.85398],[5.2391,59.85556],[5.23715,59.85773],[5.23306,59.85958],[5.23042,59.85966],[5.22984,59.85909],[5.23042,59.85834],[5.2294,59.8582],[5.22729,59.85976],[5.2281,59.86135],[5.22634,59.86017],[5.22433,59.86082],[5.22339,59.862],[5.22068,59.86257],[5.21925,59.86532],[5.21995,59.86707],[5.21824,59.86728],[5.2181,59.86852],[5.21868,59.86879],[5.2201,59.86847],[5.22146,59.8677]],[[5.21527,59.86871],[5.21469,59.86859],[5.21362,59.86933],[5.21317,59.87056],[5.21371,59.87119],[5.21496,59.8709],[5.21527,59.86871]],[[5.27374,59.85869],[5.27441,59.8571],[5.27395,59.85644],[5.27227,59.85602],[5.27181,59.85446],[5.26886,59.85384],[5.2692,59.85271],[5.26724,59.85223],[5.2638,59.85419],[5.26119,59.85479],[5.25735,59.85766],[5.25488,59.86],[5.25444,59.86074],[5.25538,59.86157],[5.25384,59.86309],[5.24982,59.86346],[5.24919,59.8655],[5.24973,59.86664],[5.24884,59.86811],[5.24495,59.87144],[5.24434,59.87307],[5.24349,59.87348],[5.24299,59.87329],[5.24329,59.87133]],[[5.15467,59.86687],[5.15592,59.86545],[5.1579,59.86509],[5.15615,59.86305],[5.15879,59.8616],[5.15918,59.86095],[5.15912,59.86027],[5.15695,59.85987],[5.16001,59.85289],[5.16521,59.84843],[5.16775,59.84777],[5.1698,59.84568],[5.17229,59.84524],[5.17301,59.84469]],[[5.15467,59.86687],[5.15441,59.86772]],[[5.21423,59.8663],[5.21323,59.86628],[5.2085,59.86765],[5.20839,59.8694],[5.20522,59.87081],[5.20529,59.87168],[5.20789,59.87184],[5.2103,59.87105],[5.21155,59.86955],[5.21143,59.86858],[5.21423,59.8663]],[[5.12799,59.86636],[5.1247,59.86709],[5.1245,59.86796],[5.12715,59.86733],[5.12799,59.86636]],[[5.15356,59.87058],[5.15504,59.86936]],[[5.07545,59.86315],[5.07478,59.86302],[5.07349,59.86424],[5.07461,59.86441],[5.07533,59.86508],[5.07616,59.86455],[5.07545,59.86315]],[[5.15356,59.87058],[5.15341,59.87107]],[[5.08653,59.86381],[5.08482,59.86404],[5.08613,59.86592],[5.08736,59.86627],[5.08787,59.86517],[5.08653,59.86381]],[[5.06864,59.85384],[5.07072,59.8534],[5.07377,59.85185],[5.07494,59.85212],[5.07621,59.85188],[5.07679,59.85034],[5.07846,59.84959],[5.08252,59.85087],[5.08437,59.84873],[5.08406,59.84463],[5.08791,59.84371],[5.09038,59.84581],[5.09024,59.84709],[5.08694,59.84783],[5.0855,59.84855],[5.08547,59.85101],[5.08182,59.85305],[5.07905,59.85676],[5.08018,59.85721],[5.08212,59.85689],[5.08168,59.85854],[5.08406,59.86078],[5.08312,59.8611],[5.08053,59.85921],[5.0792,59.85931],[5.07742,59.86134],[5.07766,59.86428],[5.08365,59.86733],[5.08441,59.867],[5.08337,59.86516],[5.08473,59.86555],[5.08509,59.86523],[5.08368,59.86483],[5.08367,59.86412],[5.0843,59.86349],[5.0879,59.86217],[5.09103,59.86465],[5.09342,59.86441],[5.09611,59.86563]],[[5.21713,59.87505],[5.21455,59.87542],[5.21365,59.87654],[5.21191,59.87704],[5.21198,59.87741],[5.21446,59.87715],[5.21589,59.87651],[5.21713,59.87505]],[[5.16037,59.87324],[5.16241,59.87169],[5.16317,59.87162],[5.16379,59.87261],[5.16342,59.87499],[5.16435,59.87548],[5.17245,59.8729]],[[5.1446,59.87447],[5.14805,59.87407],[5.14861,59.8733],[5.14789,59.87296],[5.14806,59.87225],[5.14939,59.87114],[5.15159,59.87157],[5.15004,59.87223],[5.15053,59.87278],[5.15234,59.8721],[5.15363,59.86926],[5.14969,59.86923],[5.14368,59.8714],[5.14286,59.87214],[5.14278,59.87344],[5.1446,59.87447]],[[5.09981,59.86828],[5.10062,59.86911],[5.09863,59.86932],[5.09828,59.87001],[5.09958,59.87103],[5.10123,59.87131],[5.107,59.87064],[5.11002,59.86993],[5.11419,59.86809],[5.11569,59.86857],[5.1183,59.86741],[5.12211,59.86693],[5.12654,59.86567],[5.13372,59.86308],[5.13608,59.86133],[5.13798,59.86108],[5.14433,59.85887],[5.14702,59.85709],[5.1463,59.85574],[5.14667,59.85501],[5.14823,59.85402],[5.14931,59.85462],[5.15171,59.85369],[5.15216,59.85234],[5.15123,59.85094],[5.15247,59.84946],[5.15535,59.85001],[5.15768,59.84852],[5.15937,59.84679],[5.1591,59.84536],[5.16016,59.84424],[5.15978,59.84369]],[[5.17245,59.8729],[5.17732,59.87155],[5.1796,59.8704],[5.1817,59.8715],[5.17977,59.87318],[5.18049,59.874],[5.17731,59.87703],[5.17752,59.87791],[5.17981,59.8776],[5.18321,59.87498],[5.18351,59.87397],[5.18602,59.87372],[5.18773,59.87289],[5.18925,59.87077],[5.18878,59.86994],[5.1934,59.86903],[5.19781,59.86677],[5.19931,59.86455],[5.20205,59.86365],[5.20628,59.85849],[5.20935,59.85687],[5.21003,59.85543],[5.21175,59.85429]],[[5.15377,59.8712],[5.15324,59.87408],[5.15447,59.87654],[5.15645,59.87674],[5.15816,59.87582],[5.16037,59.87324]],[[5.30612,59.88751],[5.30756,59.88832],[5.30665,59.88868]],[[5.29444,59.86547],[5.29436,59.86599],[5.29279,59.8661],[5.28985,59.86807],[5.29054,59.86921],[5.28876,59.87018],[5.28637,59.8708],[5.28514,59.87197],[5.28667,59.87311],[5.28639,59.87477],[5.2884,59.87731],[5.28796,59.8781],[5.29301,59.88489],[5.29328,59.88668],[5.29652,59.88664],[5.2994,59.8881],[5.30206,59.88841],[5.30482,59.88754],[5.30612,59.88751]],[[5.10246,59.87201],[5.10148,59.87185],[5.09766,59.87244],[5.09796,59.87348],[5.09928,59.87381],[5.09901,59.87439],[5.103,59.87384],[5.10246,59.87201]],[[5.28241,59.88367],[5.28162,59.88484],[5.27981,59.88591],[5.27953,59.88501],[5.28046,59.88318],[5.27898,59.88306],[5.27821,59.88227],[5.27637,59.88329],[5.27626,59.88408],[5.27724,59.88432],[5.27737,59.88482],[5.27652,59.88515],[5.27501,59.88508],[5.27539,59.88671],[5.27432,59.88789],[5.27521,59.88885],[5.27712,59.88837],[5.27822,59.88875]],[[5.08562,59.86879],[5.08392,59.86791],[5.07917,59.86685],[5.0769,59.86518],[5.07483,59.86585],[5.07447,59.86654],[5.07569,59.86764],[5.07698,59.86785],[5.07721,59.86849],[5.07735,59.86961],[5.07498,59.87077],[5.07473,59.8715],[5.07479,59.87228],[5.07641,59.87365],[5.07842,59.87408],[5.08097,59.87168],[5.08667,59.86994],[5.08701,59.8693],[5.08562,59.86879]],[[5.17046,59.87933],[5.17104,59.87952],[5.17056,59.88034],[5.17319,59.88046],[5.17438,59.88012],[5.17615,59.87867],[5.17677,59.87498],[5.17347,59.87471],[5.16875,59.87619],[5.16808,59.87678],[5.16859,59.87773],[5.16792,59.87872],[5.16871,59.87927],[5.16765,59.88002],[5.16626,59.88009],[5.16561,59.88072],[5.16869,59.88042],[5.17046,59.87933]],[[5.2165,59.88626],[5.21518,59.88605],[5.21425,59.88654],[5.21444,59.88761],[5.21526,59.88766],[5.2165,59.88626]],[[5.27383,59.88937],[5.27346,59.88821],[5.27058,59.88673],[5.27016,59.88558],[5.26877,59.88537],[5.2674,59.88673],[5.26724,59.8883],[5.26805,59.88898],[5.26952,59.88902],[5.26996,59.89104],[5.26833,59.89182],[5.26801,59.89416],[5.26934,59.89505],[5.27072,59.89491],[5.27079,59.89373],[5.27308,59.89268],[5.27383,59.88937]],[[5.30665,59.88868],[5.30503,59.88935],[5.30507,59.89032],[5.30421,59.8912],[5.3012,59.89183],[5.30046,59.89297],[5.29516,59.89532],[5.29391,59.89698]],[[5.29391,59.89698],[5.29504,59.89812]],[[5.23658,59.894],[5.23991,59.89165],[5.24338,59.89012],[5.24793,59.88637],[5.25115,59.88508],[5.25671,59.88181],[5.26367,59.87482],[5.26514,59.87194],[5.26688,59.87078],[5.27076,59.86663],[5.27073,59.86472]],[[5.0637,59.88164],[5.06239,59.88111],[5.06096,59.88143]],[[5.09579,59.88408],[5.09891,59.88276],[5.09969,59.88151],[5.09956,59.87938],[5.09841,59.87822],[5.09971,59.877],[5.09949,59.87563],[5.09925,59.87525],[5.09813,59.87518],[5.09785,59.87455],[5.09162,59.87289],[5.08804,59.874],[5.08303,59.87436],[5.08286,59.87481],[5.08387,59.87477],[5.0844,59.87521],[5.08455,59.87608],[5.08383,59.87636],[5.08139,59.87623],[5.07922,59.87707],[5.08203,59.87858],[5.08302,59.88012],[5.08634,59.88006],[5.08881,59.87811],[5.08971,59.87844],[5.08853,59.87978],[5.08889,59.88035],[5.09227,59.87976],[5.08973,59.88172],[5.08921,59.88358]],[[5.27822,59.88875],[5.27687,59.89257],[5.27952,59.89423],[5.28275,59.89346],[5.28467,59.89397],[5.28396,59.89426],[5.28283,59.89389],[5.282,59.89429],[5.28176,59.89511],[5.28315,59.89527],[5.28297,59.89641],[5.28067,59.89558],[5.27932,59.89601],[5.27773,59.89776]],[[5.12351,59.88618],[5.12502,59.88467],[5.12309,59.88503],[5.12211,59.88473],[5.12655,59.88265],[5.13114,59.87845],[5.12927,59.8747],[5.12317,59.87575],[5.11997,59.87588],[5.1217,59.87554],[5.12324,59.87445],[5.12268,59.87399],[5.12015,59.87438],[5.11925,59.87401],[5.12487,59.87089],[5.12444,59.87028],[5.12226,59.87023],[5.11704,59.87237],[5.11354,59.8725],[5.10764,59.87381],[5.10665,59.87451],[5.10371,59.87427],[5.10356,59.87651],[5.10204,59.87741],[5.10445,59.88121],[5.10168,59.88221],[5.09998,59.8844]],[[5.13055,59.88671],[5.13074,59.88613],[5.12896,59.88494],[5.12775,59.88542],[5.12708,59.88645]],[[5.13223,59.88684],[5.13576,59.88468],[5.13583,59.88286],[5.13784,59.88053],[5.13646,59.88038],[5.1363,59.88006],[5.13831,59.87892],[5.14116,59.87847],[5.14332,59.87861],[5.14403,59.87934],[5.1416,59.87994],[5.14514,59.8803],[5.15089,59.87951]],[[5.15,59.88818],[5.15137,59.88754],[5.15284,59.88824],[5.15496,59.88783],[5.15644,59.88604],[5.15752,59.88625],[5.15922,59.88556],[5.15964,59.88456],[5.15726,59.88506],[5.15687,59.88483],[5.15914,59.8839],[5.15977,59.88261],[5.1621,59.88137],[5.16174,59.87989],[5.15825,59.87882],[5.15721,59.87875],[5.15527,59.87946],[5.15298,59.87884],[5.15089,59.87951]],[[5.16559,59.88936],[5.16602,59.88814],[5.16708,59.88832],[5.16755,59.88737],[5.16721,59.88521],[5.16974,59.88565],[5.17145,59.88533],[5.17012,59.88671],[5.17027,59.88741],[5.17166,59.88787],[5.17354,59.88654],[5.17516,59.88793],[5.17817,59.88655],[5.18013,59.88501],[5.18076,59.88313],[5.1796,59.88084],[5.17825,59.87996],[5.17657,59.88018],[5.17555,59.8819],[5.17246,59.88113],[5.16751,59.88384],[5.1658,59.88411],[5.16569,59.88499],[5.16652,59.88543],[5.16598,59.88628],[5.16401,59.88614],[5.16268,59.88663],[5.16224,59.88745],[5.16397,59.88772],[5.16182,59.88907]],[[5.18371,59.89072],[5.1926,59.88881],[5.19611,59.88673],[5.19774,59.88458],[5.19798,59.88313],[5.19932,59.8819],[5.19831,59.88096],[5.19883,59.87944],[5.20127,59.8771],[5.20046,59.87601],[5.19723,59.87646],[5.19497,59.87932],[5.19275,59.88082],[5.19273,59.88138],[5.18958,59.88289],[5.18684,59.88505],[5.18417,59.88565],[5.18362,59.88645],[5.18437,59.88745],[5.18187,59.88725],[5.18111,59.88817],[5.18126,59.89054]],[[5.2017,59.89207],[5.20135,59.89165],[5.20055,59.89199]],[[5.20797,59.89254],[5.20698,59.89247]],[[5.20958,59.89266],[5.20913,59.89188],[5.21219,59.89098],[5.21178,59.88943],[5.21246,59.88808],[5.21085,59.88786],[5.20819,59.88671],[5.20929,59.88425],[5.20744,59.88398],[5.20908,59.88238],[5.2082,59.88113],[5.21053,59.88042],[5.2098,59.87887],[5.20403,59.88191],[5.20301,59.88323],[5.20305,59.88424],[5.20067,59.88404],[5.1992,59.88578],[5.2009,59.88569],[5.20122,59.88595],[5.19853,59.88692],[5.19699,59.88873],[5.19227,59.88958],[5.18778,59.89103]],[[5.21543,59.8931],[5.21595,59.89179],[5.21759,59.89076],[5.21826,59.88946],[5.21953,59.88913],[5.22078,59.8899],[5.22269,59.88977],[5.22666,59.88619],[5.22615,59.88578],[5.22421,59.88657],[5.22253,59.88821],[5.22124,59.88797],[5.22117,59.88722],[5.22239,59.88586],[5.22428,59.88586],[5.22531,59.88532],[5.22592,59.8812],[5.22739,59.87913],[5.22947,59.87761],[5.2315,59.87682],[5.23383,59.87701],[5.23488,59.87676],[5.23456,59.87571],[5.23318,59.87516],[5.23357,59.87454],[5.23823,59.87539],[5.23885,59.87469],[5.23835,59.87274],[5.24268,59.87068],[5.24329,59.87133]],[[5.23287,59.89441],[5.23382,59.89265],[5.23283,59.89212],[5.23111,59.89301],[5.23017,59.89421]],[[5.23548,59.8946],[5.23658,59.894]],[[5.24574,59.89537],[5.2483,59.8937],[5.24751,59.89267],[5.24928,59.89044],[5.25224,59.88842],[5.25383,59.88589],[5.24697,59.88885],[5.23661,59.89469]],[[5.26005,59.89644],[5.25947,59.89586],[5.26189,59.89354],[5.26291,59.88996],[5.26224,59.8896],[5.25362,59.89423],[5.25179,59.89431],[5.24857,59.89558]],[[5.28797,59.89852],[5.28791,59.89739],[5.28668,59.89664],[5.28932,59.896],[5.2863,59.895],[5.28804,59.89393],[5.2875,59.89248],[5.28959,59.89244],[5.29217,59.89174],[5.29347,59.89095],[5.29366,59.89016],[5.29191,59.8898],[5.29141,59.88933],[5.29233,59.88695],[5.28819,59.88479],[5.28797,59.88412],[5.28904,59.88337],[5.28789,59.88224],[5.28678,59.88169],[5.2853,59.88177],[5.28241,59.88367]],[[5.29421,59.89898],[5.29504,59.89812]],[[5.23287,59.89441],[5.23325,59.89515],[5.23548,59.8946]],[[5.0637,59.88164],[5.06452,59.88258],[5.06501,59.88174]],[[5.12351,59.88618],[5.12299,59.88689],[5.12401,59.88735],[5.12532,59.88729],[5.12708,59.88645]],[[5.08921,59.88358],[5.08901,59.88453],[5.09113,59.88547],[5.09368,59.88509],[5.09579,59.88408]],[[5.16182,59.88907],[5.16163,59.89065],[5.1622,59.89103],[5.16559,59.88936]],[[5.20797,59.89254],[5.20801,59.89339],[5.20672,59.89459],[5.20711,59.89494],[5.20967,59.89371],[5.20958,59.89266]],[[5.2017,59.89207],[5.20004,59.89412],[5.20173,59.89493],[5.20284,59.8947],[5.20344,59.89324],[5.20585,59.89327],[5.20698,59.89247]],[[5.03847,59.88151],[5.03546,59.88162],[5.0359,59.88271],[5.03673,59.8831],[5.03826,59.88322],[5.03921,59.8829],[5.03847,59.88151]],[[5.06014,59.88202],[5.05878,59.88288],[5.05796,59.88163],[5.05638,59.88137],[5.05544,59.88174],[5.05424,59.88373],[5.0581,59.88499],[5.0594,59.88449]],[[5.05914,59.88537],[5.05988,59.88476],[5.0594,59.88449]],[[5.23574,59.89683],[5.23768,59.89839],[5.23862,59.89846],[5.23994,59.90001],[5.24197,59.89863],[5.24239,59.8972],[5.24574,59.89537]],[[5.14669,59.89357],[5.14802,59.89341],[5.14854,59.89293],[5.15,59.88818]],[[5.10752,59.88953],[5.10604,59.88958],[5.10519,59.89042],[5.10548,59.89136],[5.10762,59.89075],[5.10752,59.88953]],[[5.28797,59.89852],[5.28834,59.89892],[5.28584,59.89932],[5.28478,59.89877],[5.28303,59.89862],[5.28079,59.89953],[5.28161,59.90005],[5.28489,59.8996],[5.28677,59.89992],[5.28944,59.89923],[5.29128,59.90043],[5.29304,59.90086],[5.29088,59.90219],[5.28901,59.90441],[5.28919,59.90516],[5.29211,59.90424],[5.29312,59.90251],[5.29479,59.90199],[5.29554,59.90114],[5.29401,59.90023],[5.29302,59.90034],[5.29189,59.89971],[5.29251,59.899],[5.29421,59.89898]],[[5.05914,59.88537],[5.05783,59.8853],[5.05566,59.88619],[5.05703,59.8866],[5.0567,59.88784],[5.05835,59.88798]],[[5.13223,59.88684],[5.1318,59.88821],[5.13333,59.8928],[5.13479,59.89417],[5.1365,59.89435],[5.13825,59.8939],[5.14128,59.89106],[5.14358,59.89036],[5.14393,59.88943],[5.14525,59.88897],[5.14682,59.8898],[5.14611,59.8914],[5.14669,59.89357]],[[5.20112,59.89944],[5.20309,59.89832],[5.20301,59.89783],[5.20205,59.89737],[5.20175,59.89646],[5.19918,59.89647],[5.19817,59.89702],[5.19744,59.89905],[5.19852,59.89906],[5.19918,59.89983],[5.20051,59.89983],[5.20112,59.89944]],[[5.09998,59.8844],[5.0988,59.8852],[5.09757,59.88472],[5.09595,59.88477],[5.095,59.88517],[5.09478,59.88607],[5.09562,59.88644],[5.09759,59.88598],[5.09865,59.88646],[5.09887,59.88801],[5.10175,59.89153],[5.10453,59.89266],[5.10588,59.89263],[5.10875,59.89099],[5.1083,59.89042],[5.10925,59.88968],[5.11019,59.88641],[5.11439,59.88703],[5.11327,59.88928],[5.1113,59.89094],[5.11136,59.89216],[5.11327,59.89008],[5.11919,59.88828],[5.12019,59.88663],[5.1215,59.88712],[5.12153,59.8886],[5.1207,59.88916],[5.11373,59.89078],[5.11186,59.89366],[5.11225,59.89458],[5.11403,59.89439],[5.11455,59.8939],[5.11413,59.89293],[5.11496,59.89243],[5.11594,59.89384],[5.1175,59.89432],[5.12163,59.89332],[5.12401,59.89177],[5.12765,59.89082],[5.12922,59.88983],[5.13055,59.88671]],[[5.12892,59.89348],[5.12743,59.89327],[5.12421,59.89406],[5.12317,59.89467],[5.12339,59.89552],[5.12892,59.89348]],[[5.23466,59.90049],[5.23246,59.90344],[5.23282,59.90394],[5.23362,59.90399]],[[5.27155,59.90243],[5.27346,59.90273],[5.27453,59.90203],[5.27649,59.902],[5.27503,59.89875],[5.26555,59.90442],[5.26627,59.90601],[5.2679,59.90657],[5.26899,59.90664],[5.2709,59.90562],[5.2692,59.90374],[5.27155,59.90243]],[[5.23334,59.90494],[5.23452,59.90443],[5.23362,59.90399]],[[5.23466,59.90049],[5.23684,59.90085],[5.23694,59.90159],[5.23558,59.90255],[5.23632,59.90357],[5.2373,59.90349],[5.23771,59.90184],[5.24121,59.90195],[5.24098,59.90262],[5.24326,59.90359],[5.24321,59.90577],[5.24478,59.90612],[5.24631,59.90531],[5.24624,59.90434],[5.24571,59.90328],[5.24291,59.90113],[5.24582,59.89823],[5.24715,59.89789],[5.24766,59.89849],[5.24855,59.89846],[5.24781,59.89606],[5.24857,59.89558]],[[5.17707,59.89929],[5.17541,59.8995],[5.17447,59.90094],[5.17706,59.90067],[5.17754,59.89955],[5.17707,59.89929]],[[5.21543,59.8931],[5.21473,59.89411],[5.2131,59.89457],[5.21256,59.89581],[5.21073,59.89645],[5.20992,59.89893],[5.20854,59.89949],[5.20882,59.89988],[5.21018,59.89964],[5.21163,59.90032],[5.21182,59.90386],[5.21298,59.90335],[5.21636,59.90323],[5.21793,59.90266],[5.21901,59.90068],[5.22009,59.90014],[5.22201,59.90037],[5.22308,59.89972],[5.22299,59.89892],[5.22545,59.89814],[5.22651,59.89854],[5.22772,59.89828],[5.22783,59.89578],[5.23017,59.89421]],[[5.15516,59.89621],[5.15346,59.89607],[5.15197,59.89698],[5.1514,59.89799],[5.14985,59.8983],[5.15104,59.8994],[5.15298,59.89931],[5.15516,59.89621]],[[5.04782,59.8906],[5.04531,59.89039],[5.04429,59.89089],[5.04471,59.8917],[5.04653,59.89195],[5.04813,59.89145],[5.04782,59.8906]],[[5.18778,59.89103],[5.18487,59.89156],[5.18329,59.8926],[5.18183,59.8962],[5.18244,59.89755],[5.18138,59.89824],[5.1802,59.89802],[5.17909,59.89863],[5.17909,59.89949],[5.18043,59.90018],[5.18036,59.90181],[5.18164,59.90262],[5.18355,59.90217],[5.18476,59.90045],[5.18613,59.90119],[5.18801,59.90111],[5.19036,59.89984],[5.19128,59.89918],[5.19191,59.89727],[5.19338,59.89652],[5.19356,59.89585],[5.19297,59.89577],[5.19139,59.89684],[5.19001,59.89638],[5.19505,59.89318],[5.19667,59.89407],[5.19867,59.89393],[5.20055,59.89199]],[[5.22795,59.90165],[5.22449,59.90188],[5.22243,59.90297],[5.22114,59.90389],[5.2209,59.90553],[5.22227,59.90554],[5.22227,59.90454],[5.22319,59.90361],[5.2253,59.90265],[5.22698,59.90263],[5.22795,59.90165]],[[5.12906,59.89723],[5.12833,59.89606],[5.12642,59.8967],[5.12359,59.89668],[5.12234,59.89728],[5.12293,59.89829],[5.12493,59.89891],[5.12854,59.89785],[5.12906,59.89723]],[[5.17675,59.90162],[5.17581,59.90149],[5.17536,59.90179],[5.17571,59.9036],[5.17688,59.90347],[5.17723,59.90305],[5.17675,59.90162]],[[5.27773,59.89776],[5.2769,59.89857],[5.27994,59.90218],[5.28185,59.90342],[5.28351,59.90369],[5.28502,59.90345],[5.28597,59.90392],[5.28495,59.9049],[5.28495,59.90608],[5.28674,59.90664],[5.28413,59.90876],[5.28474,59.91044],[5.28561,59.91077],[5.28732,59.90917],[5.28851,59.90928],[5.28897,59.91033],[5.29189,59.91271]],[[5.26552,59.90705],[5.26467,59.907],[5.26377,59.9086],[5.26516,59.91085],[5.2663,59.91105],[5.26675,59.90879],[5.26569,59.90839],[5.26552,59.90705]],[[5.14479,59.8991],[5.14465,59.89843],[5.14325,59.89754],[5.13917,59.89836],[5.14043,59.89712],[5.14074,59.89575],[5.13993,59.89544],[5.13934,59.89677],[5.13785,59.89748],[5.13826,59.89895],[5.13702,59.8999],[5.13768,59.90165],[5.14414,59.89976],[5.14479,59.8991]],[[5.04371,59.89295],[5.04196,59.89273],[5.04162,59.89332],[5.04444,59.89464],[5.04547,59.89454],[5.04371,59.89295]],[[5.16983,59.88968],[5.16927,59.89035],[5.16732,59.89012],[5.16597,59.89039],[5.15662,59.895],[5.15553,59.8971],[5.15647,59.89777],[5.15927,59.89785],[5.15909,59.89924],[5.15782,59.90031],[5.15771,59.90119],[5.15847,59.90242],[5.15992,59.90304],[5.16106,59.9044],[5.16341,59.90366],[5.16774,59.90024],[5.17,59.89748],[5.17067,59.89546],[5.16948,59.89488],[5.16733,59.89612],[5.16123,59.89718],[5.16089,59.89691],[5.16889,59.89348],[5.17042,59.89196],[5.17009,59.89057],[5.17099,59.89055],[5.17147,59.8898]],[[5.0561,59.89542],[5.05454,59.89322],[5.05398,59.89393],[5.05448,59.89617],[5.05564,59.89695]],[[5.12353,59.9028],[5.12311,59.90253],[5.12197,59.90276],[5.12109,59.90326],[5.12121,59.90397],[5.12364,59.90331],[5.12353,59.9028]],[[5.29189,59.91271],[5.28888,59.91423],[5.29149,59.91442],[5.29175,59.91494],[5.2888,59.91532],[5.28608,59.91648]],[[5.29109,59.91746],[5.29138,59.91679],[5.29288,59.91612],[5.2944,59.91604],[5.29816,59.91758],[5.30193,59.9177]],[[5.15483,59.89918],[5.1542,59.89899],[5.15279,59.90006],[5.15048,59.90066],[5.14828,59.90185],[5.14902,59.90313],[5.14884,59.90547],[5.15041,59.90767],[5.15142,59.90797],[5.15307,59.90766],[5.1564,59.90541],[5.15597,59.90401],[5.15708,59.90027],[5.15483,59.89918]],[[5.30193,59.9177],[5.30414,59.91818],[5.30517,59.91981],[5.30656,59.91885],[5.30817,59.91872],[5.30911,59.91801]],[[5.1243,59.90455],[5.12071,59.90475],[5.11932,59.90531],[5.11937,59.90594],[5.12258,59.90521],[5.12407,59.90524],[5.1243,59.90455]],[[5.26981,59.91428],[5.27085,59.91422],[5.27285,59.91585],[5.27594,59.91533],[5.28023,59.91235],[5.28373,59.91092],[5.2836,59.90962],[5.28223,59.90843],[5.28055,59.90436],[5.2785,59.90305],[5.2762,59.90292],[5.27466,59.90437],[5.27634,59.90503],[5.27361,59.90732],[5.27006,59.90754],[5.27019,59.91217],[5.26957,59.91313],[5.26803,59.91356],[5.26739,59.91294],[5.26614,59.91268],[5.26494,59.91357],[5.26502,59.91579],[5.26667,59.91669],[5.26612,59.91794],[5.26784,59.91733],[5.26764,59.91565],[5.26981,59.91428]],[[5.30911,59.91801],[5.31304,59.91789],[5.31669,59.91868],[5.31851,59.91984],[5.31735,59.92082],[5.31709,59.9223],[5.31843,59.92175]],[[5.21008,59.91204],[5.21059,59.91048],[5.20988,59.90954],[5.21349,59.90745],[5.21362,59.90694],[5.21247,59.90674],[5.20858,59.9076],[5.20842,59.90712],[5.21021,59.90599],[5.20958,59.90528],[5.20465,59.90788],[5.20337,59.90985],[5.20393,59.91055],[5.20554,59.90902],[5.2067,59.90895],[5.20594,59.91011],[5.20376,59.91134],[5.20369,59.91208],[5.20439,59.91228],[5.20661,59.91158],[5.20549,59.91322],[5.20745,59.91454],[5.20946,59.91418],[5.20904,59.91264],[5.21008,59.91204]],[[5.27064,59.91811],[5.27298,59.91832],[5.27086,59.91655],[5.26692,59.91936],[5.26782,59.91939],[5.26914,59.91849],[5.27064,59.91811]],[[5.05835,59.88798],[5.05988,59.88781],[5.06253,59.88677],[5.06263,59.88736],[5.05865,59.88982],[5.05779,59.89102],[5.05734,59.89476],[5.05754,59.89681],[5.05836,59.89742],[5.06077,59.89786],[5.06371,59.89729],[5.06427,59.89956],[5.06556,59.90014],[5.0679,59.89958],[5.07136,59.89939],[5.07587,59.90516],[5.08087,59.90411],[5.08147,59.90496],[5.08265,59.90486],[5.08376,59.90423],[5.08348,59.90318],[5.08734,59.90171],[5.09075,59.89936],[5.09135,59.8981],[5.09043,59.89303],[5.09181,59.89],[5.08969,59.88837],[5.08391,59.88682],[5.0824,59.8853],[5.07891,59.88348],[5.07648,59.88371],[5.07477,59.88434],[5.06667,59.88186]],[[5.24993,59.84888],[5.25081,59.84808],[5.25022,59.8479]],[[5.23556,59.84938],[5.23478,59.84933]],[[5.24754,59.85028],[5.24815,59.84878],[5.24422,59.8492]],[[5.24902,59.85039],[5.24993,59.84888]],[[5.25252,59.91651],[5.25357,59.91588],[5.25331,59.91477],[5.25445,59.91411],[5.25515,59.91166],[5.25656,59.91118],[5.25767,59.9099],[5.25927,59.91055],[5.2603,59.91013],[5.25845,59.90862],[5.2592,59.90751],[5.25863,59.90713],[5.25761,59.90743],[5.25638,59.90977],[5.25013,59.91332],[5.24934,59.91593],[5.25041,59.91671],[5.24791,59.91735],[5.24724,59.91831]],[[5.31771,59.9242],[5.31897,59.92285],[5.31843,59.92175]],[[5.10113,59.9053],[5.10224,59.90532],[5.1021,59.90668],[5.10475,59.90645],[5.10409,59.90817],[5.10614,59.90753],[5.10761,59.90539],[5.10933,59.9054],[5.10921,59.90625],[5.11021,59.90675],[5.11187,59.90502],[5.11353,59.90489],[5.1151,59.90298],[5.11625,59.90415],[5.1209,59.90279],[5.1219,59.90189],[5.12113,59.89999],[5.12018,59.89911],[5.11827,59.89862],[5.11552,59.89933],[5.11444,59.89893],[5.11435,59.89798],[5.11335,59.89708],[5.11246,59.89697],[5.11184,59.89734],[5.10963,59.89691],[5.10542,59.89814],[5.10458,59.90073],[5.1038,59.90093],[5.10031,59.89933],[5.09984,59.89851],[5.10253,59.89737],[5.10269,59.89643],[5.10094,59.89627],[5.10053,59.89585],[5.10153,59.89556],[5.10282,59.89572],[5.10345,59.8943],[5.10143,59.89302],[5.09806,59.89282],[5.09707,59.89165],[5.09495,59.89064],[5.09432,59.89265],[5.09609,59.89408],[5.09243,59.89938],[5.0943,59.90024],[5.09566,59.90016],[5.09605,59.90141],[5.09297,59.90223],[5.09232,59.9037],[5.09355,59.90404],[5.09644,59.90242],[5.09747,59.90277],[5.09608,59.90542],[5.0965,59.90726],[5.09788,59.9078],[5.0995,59.90725],[5.10113,59.9053]],[[5.28608,59.91648],[5.28444,59.91738],[5.28419,59.91836],[5.28323,59.91867],[5.28183,59.91844],[5.28139,59.91925],[5.28507,59.92127],[5.28659,59.92082],[5.28867,59.92089],[5.2877,59.92163],[5.28825,59.92215],[5.28961,59.92205],[5.29093,59.92143],[5.29262,59.91956],[5.29109,59.91746]],[[5.08502,59.90477],[5.0838,59.90467],[5.0825,59.90562],[5.0828,59.90675],[5.08409,59.90649],[5.08502,59.90477]],[[5.24724,59.91831],[5.24673,59.91909],[5.24541,59.91946],[5.24465,59.91941],[5.24404,59.91851],[5.24223,59.91942],[5.24211,59.91997],[5.24342,59.9207],[5.24351,59.92174]],[[5.2164,59.91394],[5.21466,59.91338],[5.21147,59.91392],[5.21091,59.91545],[5.21193,59.91707],[5.21314,59.91708],[5.21431,59.91568],[5.21673,59.91499],[5.2164,59.91394]],[[5.2051,59.91539],[5.20319,59.91526],[5.20332,59.91752],[5.20457,59.91753],[5.20496,59.9172],[5.2051,59.91539]],[[5.08069,59.90909],[5.08239,59.90898],[5.08137,59.90649],[5.07905,59.90724],[5.07967,59.90854],[5.08069,59.90909]],[[5.26416,59.91953],[5.2615,59.91947],[5.26015,59.91992],[5.25883,59.92163],[5.25879,59.92292],[5.2605,59.92258],[5.26416,59.91953]],[[5.11083,59.91131],[5.11134,59.91157],[5.11268,59.91112],[5.11446,59.90858],[5.10993,59.91085],[5.10924,59.91168],[5.11083,59.91131]],[[5.22857,59.92101],[5.23153,59.92003],[5.2318,59.91858],[5.23415,59.91792],[5.2355,59.91802],[5.23688,59.91966],[5.23832,59.91951],[5.24321,59.91718],[5.24512,59.91581],[5.25051,59.91052],[5.25017,59.90922],[5.24882,59.90803],[5.24867,59.90673],[5.24942,59.90664],[5.25096,59.90776],[5.25472,59.90596],[5.25484,59.90534],[5.25658,59.90421],[5.25765,59.90224],[5.26052,59.90006],[5.26058,59.89663],[5.26005,59.89644]],[[5.11632,59.91188],[5.11818,59.91244],[5.11975,59.91144],[5.12386,59.91039],[5.12449,59.91057],[5.12448,59.91154],[5.12767,59.91027],[5.12859,59.90898],[5.12644,59.90622],[5.12459,59.90609],[5.1229,59.90667],[5.12025,59.90919],[5.11755,59.90954],[5.11674,59.91039],[5.11555,59.91041],[5.11431,59.91147],[5.11423,59.91239],[5.11546,59.91249],[5.11632,59.91188]],[[5.17864,59.91675],[5.1801,59.91569],[5.17949,59.91328],[5.18115,59.91268],[5.18134,59.91132],[5.18263,59.91118],[5.18363,59.91302],[5.18597,59.9121],[5.19035,59.90905],[5.19123,59.90699],[5.19077,59.90589],[5.19348,59.90565],[5.19694,59.90214],[5.1968,59.90138],[5.19584,59.90122],[5.19492,59.9018],[5.192,59.90195],[5.18994,59.90164],[5.18802,59.90345],[5.18839,59.90391],[5.18997,59.90304],[5.1907,59.90331],[5.18882,59.90542],[5.18697,59.90633],[5.18569,59.90515],[5.18393,59.90571],[5.18351,59.90752],[5.1818,59.90736],[5.17933,59.90956],[5.17772,59.90988],[5.17556,59.90931],[5.17629,59.90795],[5.1746,59.90682],[5.17304,59.90696],[5.17034,59.90832],[5.17004,59.91042],[5.16735,59.91288],[5.1683,59.91312],[5.16974,59.91236],[5.17065,59.91249],[5.16922,59.91447],[5.16815,59.91506],[5.16958,59.9158],[5.17448,59.91579],[5.17519,59.91736],[5.17706,59.91797],[5.17853,59.91743],[5.17864,59.91675]],[[5.27372,59.92432],[5.27316,59.92356],[5.2713,59.923],[5.27178,59.92208],[5.27604,59.92379],[5.27863,59.92437],[5.28025,59.92289],[5.28007,59.92148],[5.27865,59.92094],[5.27561,59.92113],[5.27437,59.92027],[5.27235,59.92003],[5.26971,59.92078],[5.26821,59.92053],[5.26753,59.92139],[5.2687,59.92372],[5.26976,59.92431],[5.27134,59.92405],[5.27224,59.92535],[5.27372,59.92432]],[[5.23334,59.90494],[5.2321,59.90497],[5.23093,59.90653],[5.22895,59.9064],[5.22814,59.90678],[5.22801,59.90614],[5.22967,59.90412],[5.22862,59.90361],[5.22639,59.90398],[5.22033,59.90666],[5.22093,59.90849],[5.21944,59.90969],[5.21987,59.9105],[5.22384,59.90941],[5.22696,59.90805],[5.22755,59.90814],[5.22761,59.91155],[5.2259,59.91192],[5.22563,59.91122],[5.22692,59.91042],[5.22562,59.91022],[5.22416,59.91152],[5.22564,59.91479],[5.22355,59.91439],[5.22253,59.9149],[5.223,59.92172],[5.22857,59.92101]],[[5.25122,59.924],[5.25376,59.92065],[5.25565,59.91941],[5.25657,59.91731],[5.2574,59.91738],[5.25757,59.91792],[5.25813,59.91779],[5.25849,59.91554],[5.26132,59.91381],[5.25921,59.91416],[5.25406,59.91675],[5.25252,59.91651]],[[5.06837,59.90291],[5.06755,59.90269],[5.06612,59.90298],[5.06519,59.90366],[5.06546,59.90501],[5.06456,59.90657],[5.06581,59.90822],[5.06551,59.9086],[5.06406,59.90872],[5.06606,59.91007],[5.06792,59.90975],[5.06896,59.90834],[5.07136,59.90746],[5.07178,59.90655],[5.06837,59.90291]],[[5.31771,59.9242],[5.31502,59.92321],[5.31355,59.924],[5.31402,59.9248],[5.31679,59.9248],[5.31697,59.9253],[5.31586,59.92598],[5.31435,59.92909],[5.31217,59.92928]],[[5.20563,59.9212],[5.207,59.92104],[5.20703,59.92168],[5.20796,59.92176],[5.21017,59.92048],[5.20913,59.91872],[5.20689,59.91747],[5.20295,59.91946],[5.20271,59.92154],[5.20394,59.9221],[5.20563,59.9212]],[[5.23485,59.92164],[5.23505,59.92041],[5.23379,59.921],[5.23188,59.92122],[5.23036,59.92385],[5.23151,59.92545],[5.2328,59.9254],[5.2334,59.92501],[5.23485,59.92164]],[[5.13709,59.9174],[5.13617,59.91735],[5.13522,59.91892],[5.13565,59.91922],[5.13682,59.91897],[5.13709,59.9174]],[[5.26122,59.92809],[5.26224,59.92675],[5.25987,59.92528],[5.2582,59.92614],[5.26024,59.92642],[5.26015,59.92757],[5.25947,59.92786],[5.25823,59.92774],[5.25799,59.92805],[5.25916,59.92864],[5.26122,59.92809]],[[5.31476,59.93425],[5.32173,59.93057],[5.32481,59.93041],[5.32809,59.9297],[5.32961,59.93071]],[[5.31217,59.92928],[5.3101,59.92974],[5.30875,59.93052],[5.30862,59.93197],[5.31314,59.93448],[5.31476,59.93425]],[[5.15001,59.92205],[5.15214,59.919],[5.15436,59.91793],[5.15493,59.91719],[5.15319,59.91501],[5.15185,59.91428],[5.14966,59.91399],[5.14999,59.91258],[5.15155,59.91145],[5.14945,59.90992],[5.1472,59.91053],[5.14634,59.91199],[5.14289,59.91337],[5.14149,59.91462],[5.14198,59.91562],[5.14307,59.91606],[5.1452,59.91522],[5.14474,59.9162],[5.14534,59.91652],[5.14786,59.9153],[5.14907,59.91555],[5.14529,59.91777],[5.14559,59.91996],[5.14501,59.92052],[5.14534,59.92136],[5.14703,59.92103],[5.1484,59.92235],[5.15001,59.92205]],[[5.24351,59.92174],[5.24365,59.92268],[5.24259,59.92409],[5.23881,59.92393],[5.23629,59.92767],[5.23704,59.92862],[5.23903,59.92892],[5.2388,59.9267],[5.2398,59.9264],[5.24144,59.92686],[5.24147,59.92846],[5.23985,59.92931],[5.2406,59.93018],[5.24143,59.93025],[5.24419,59.92793],[5.24682,59.9271],[5.25122,59.924]],[[5.13267,59.9135],[5.13653,59.91354],[5.13748,59.91057],[5.13732,59.90871],[5.13957,59.90849],[5.14096,59.90768],[5.14046,59.90586],[5.13894,59.90507],[5.1376,59.90504],[5.13687,59.90562],[5.13753,59.90826],[5.1332,59.90723],[5.13242,59.90744],[5.13316,59.90918],[5.13222,59.91249],[5.12824,59.91076],[5.12585,59.91166],[5.12301,59.91363],[5.12194,59.9146],[5.12286,59.91487],[5.12307,59.91583],[5.12162,59.91668],[5.12037,59.91847],[5.12128,59.92043],[5.12682,59.92196],[5.12831,59.92183],[5.1345,59.91747],[5.13458,59.91596],[5.13267,59.9135]],[[5.32786,59.93769],[5.32714,59.9365],[5.32447,59.93795],[5.322,59.93712],[5.3216,59.93636],[5.32176,59.93595],[5.32445,59.93532],[5.32747,59.93228],[5.32891,59.93234],[5.32981,59.93154],[5.32961,59.93071]],[[5.25327,59.92563],[5.24969,59.92644],[5.24938,59.92786],[5.24681,59.93092],[5.24768,59.93128],[5.24796,59.93249]],[[5.21486,59.92977],[5.21735,59.93034],[5.21797,59.93081],[5.22045,59.92994],[5.21899,59.92894],[5.21884,59.92811],[5.21611,59.92745],[5.2156,59.92639],[5.21483,59.92623],[5.2135,59.9266],[5.21171,59.92635],[5.21153,59.92674],[5.21339,59.92748],[5.21113,59.93056],[5.21135,59.93128],[5.21409,59.93064],[5.21486,59.92977]],[[5.16201,59.9262],[5.16492,59.92501],[5.16647,59.9256],[5.1718,59.92496],[5.17432,59.92292],[5.17276,59.92219],[5.1724,59.92151],[5.17459,59.92037],[5.17394,59.91891],[5.173,59.91841],[5.17148,59.91888],[5.16961,59.91683],[5.16817,59.91632],[5.16647,59.91644],[5.16197,59.91901],[5.16108,59.91995],[5.16135,59.92196],[5.1602,59.92224],[5.15877,59.92176],[5.15493,59.92446],[5.15287,59.92438],[5.15224,59.92483],[5.15306,59.92618],[5.15547,59.92545],[5.15719,59.92764],[5.1587,59.92752],[5.16201,59.9262]],[[5.23468,59.92879],[5.23284,59.92869],[5.2307,59.93004],[5.23124,59.93144],[5.23401,59.93236],[5.2323,59.93418],[5.2331,59.93593],[5.23395,59.93609],[5.23596,59.93492],[5.23741,59.93182],[5.2362,59.92955],[5.23468,59.92879]],[[5.14254,59.92918],[5.14442,59.92833],[5.14483,59.9265],[5.14344,59.92552],[5.14034,59.92521],[5.13719,59.92667],[5.13665,59.92863],[5.14254,59.92918]],[[5.22406,59.93618],[5.22457,59.93448]],[[5.24796,59.93249],[5.24917,59.93317],[5.2495,59.93493],[5.24779,59.9356],[5.24759,59.93626],[5.24587,59.93653],[5.24469,59.93833],[5.2456,59.93883],[5.24835,59.93925],[5.25056,59.93858],[5.25113,59.93685],[5.25061,59.9364],[5.24961,59.93642],[5.24975,59.93604],[5.25252,59.93612],[5.25428,59.93351],[5.25566,59.93388],[5.25473,59.93486],[5.25692,59.93443],[5.25766,59.93584],[5.25933,59.93528],[5.25972,59.9344],[5.25812,59.93349],[5.26233,59.93124],[5.26439,59.92643],[5.2639,59.92611],[5.26468,59.92571],[5.26541,59.92581],[5.26605,59.92683],[5.26736,59.92665],[5.26731,59.92443],[5.26529,59.92376],[5.26443,59.92292],[5.26495,59.92247],[5.26626,59.92248],[5.26642,59.92198],[5.26451,59.92169],[5.26359,59.92255],[5.261,59.92305],[5.26018,59.92496],[5.2582,59.92434],[5.25767,59.9255],[5.25675,59.92528],[5.25811,59.92202],[5.25638,59.92203],[5.25327,59.92563]],[[5.21742,59.93489],[5.2173,59.93399],[5.21559,59.93261],[5.21505,59.93352],[5.21338,59.93388],[5.21281,59.93451],[5.2134,59.93537],[5.2152,59.93478],[5.21412,59.9364],[5.21462,59.93681],[5.21581,59.93659],[5.21742,59.93489]],[[5.2349,59.9389],[5.23497,59.9383],[5.23118,59.93609],[5.22921,59.93562],[5.2282,59.93583],[5.22822,59.93654],[5.2298,59.93654],[5.23007,59.93685],[5.22901,59.93807],[5.22836,59.93801],[5.22807,59.93707],[5.2271,59.93809],[5.23,59.93919],[5.232,59.93867],[5.23329,59.93965],[5.2349,59.9389]],[[5.19615,59.93689],[5.20001,59.9353],[5.2,59.9347],[5.20218,59.93376],[5.20203,59.93158],[5.19943,59.93188],[5.19683,59.9345],[5.19295,59.93665]],[[5.20046,59.93721],[5.20042,59.9357],[5.20331,59.93636],[5.20441,59.93478],[5.20653,59.93359],[5.2095,59.93266],[5.21048,59.93133],[5.20955,59.92631],[5.21077,59.92624],[5.2119,59.92539],[5.21332,59.92391],[5.21329,59.92322],[5.21212,59.92206],[5.21069,59.9221],[5.2096,59.92354],[5.20808,59.9233],[5.20762,59.9239],[5.20948,59.92473],[5.20946,59.92552],[5.20659,59.92522],[5.20518,59.92558],[5.20357,59.92483],[5.20146,59.92605],[5.19867,59.92533],[5.19848,59.92397],[5.2014,59.92298],[5.20153,59.92233],[5.19937,59.92165],[5.19704,59.92154],[5.19561,59.92015],[5.19322,59.92205],[5.1934,59.92337],[5.19473,59.92346],[5.19652,59.92269],[5.19746,59.92414],[5.19537,59.92536],[5.1949,59.92947],[5.19404,59.9296],[5.19261,59.92885],[5.19125,59.92952],[5.18721,59.93305],[5.18743,59.93424],[5.18587,59.93611]],[[5.21183,59.93806],[5.21195,59.93615],[5.21038,59.93634],[5.20901,59.93785]],[[5.21981,59.93866],[5.21952,59.93639],[5.22041,59.93666],[5.22186,59.93619],[5.22271,59.93523],[5.22457,59.93448]],[[5.22153,59.93879],[5.22406,59.93618]],[[5.29679,59.93064],[5.29935,59.92427],[5.29981,59.9228],[5.29934,59.92257],[5.2968,59.92324],[5.29632,59.92384],[5.29237,59.92526],[5.29456,59.92681],[5.29314,59.92801],[5.29417,59.92947],[5.29287,59.93101],[5.29072,59.93228],[5.28864,59.93239],[5.28657,59.93299],[5.28535,59.93431],[5.28204,59.93547],[5.2816,59.93663],[5.2771,59.93864],[5.26993,59.93937],[5.27061,59.93797],[5.26981,59.93421],[5.26843,59.93357],[5.26718,59.93362],[5.26478,59.93509],[5.2619,59.93546],[5.2606,59.93751],[5.25539,59.93983],[5.25411,59.94122]],[[5.25668,59.94141],[5.25717,59.94062],[5.2566,59.94022],[5.25555,59.94057],[5.2551,59.9413]],[[5.28928,59.94384],[5.2929,59.93985],[5.29432,59.93548],[5.29665,59.93251],[5.29679,59.93064]],[[5.32443,59.94645],[5.32522,59.94475],[5.32672,59.9439],[5.32763,59.94265],[5.33089,59.94092],[5.33081,59.93922],[5.32786,59.93769]],[[5.25411,59.94122],[5.25435,59.94172],[5.2551,59.9413]],[[5.24069,59.94022],[5.23997,59.94122],[5.24038,59.94147],[5.24234,59.94142],[5.24336,59.94042]],[[5.18587,59.93611],[5.18413,59.9372],[5.18425,59.9379],[5.1899,59.93781],[5.19295,59.93665]],[[5.24395,59.85001],[5.24422,59.8492]],[[5.23054,59.86235],[5.22969,59.86216],[5.22843,59.86269],[5.22886,59.86382],[5.23054,59.86235]],[[5.21788,59.86617],[5.21574,59.86611],[5.21468,59.86695],[5.21514,59.86762],[5.21687,59.86746],[5.21788,59.86617]],[[5.15504,59.86936],[5.15441,59.86772]],[[5.15341,59.87107],[5.15377,59.8712]],[[5.09611,59.86563],[5.097,59.86605],[5.09743,59.86739],[5.09981,59.86828]],[[5.06667,59.88186],[5.06501,59.88174]],[[5.16245,59.88523],[5.16142,59.88492],[5.16029,59.8853],[5.16045,59.88629],[5.16168,59.88614],[5.16245,59.88523]],[[5.17262,59.88989],[5.17229,59.88961],[5.17147,59.8898]],[[5.17368,59.88997],[5.17355,59.88951],[5.17169,59.889],[5.16983,59.88968]],[[5.23632,59.89488],[5.23661,59.89469]],[[5.18126,59.89054],[5.18178,59.89111],[5.18371,59.89072]],[[5.17262,59.88989],[5.17289,59.89044],[5.17368,59.88997]],[[5.06014,59.88202],[5.06096,59.88143]],[[5.23632,59.89488],[5.23537,59.89605],[5.23574,59.89683]],[[5.05564,59.89695],[5.0561,59.89542]],[[5.24336,59.94042],[5.24142,59.93978],[5.24069,59.94022]],[[5.20901,59.93785],[5.2096,59.93859],[5.21106,59.93851],[5.21183,59.93806]],[[5.21981,59.93866],[5.21997,59.93948],[5.22153,59.93879]],[[5.19615,59.93689],[5.19457,59.93834],[5.19486,59.93886],[5.19985,59.93858],[5.20046,59.93721]],[[5.84604,59.72399],[5.84952,59.72382],[5.85089,59.72319],[5.85273,59.72083],[5.85065,59.71932],[5.85147,59.71837],[5.84898,59.71646],[5.84664,59.71557],[5.84425,59.71359],[5.84333,59.71347],[5.84264,59.71377],[5.84287,59.71464],[5.83929,59.7159],[5.83837,59.71785],[5.83873,59.71931],[5.83932,59.71979],[5.84289,59.72073],[5.8435,59.72198],[5.84709,59.72154],[5.84572,59.72371],[5.84422,59.72429],[5.84568,59.72473],[5.84604,59.72399]],[[5.98781,59.73364],[5.99077,59.73417],[5.99248,59.73398],[5.99599,59.73632]],[[5.86253,59.71933],[5.85753,59.72073],[5.85694,59.72272],[5.85831,59.72312],[5.8561,59.72577],[5.86073,59.72682],[5.86071,59.72813],[5.8652,59.72947],[5.87317,59.73105]],[[5.92203,59.73553],[5.92264,59.73583],[5.92383,59.73565],[5.92699,59.73373],[5.92969,59.73301],[5.93571,59.73387],[5.93704,59.73321],[5.93921,59.73319],[5.9398,59.73285]],[[5.87317,59.73105],[5.87636,59.73042],[5.87876,59.73056],[5.8794,59.73255],[5.88355,59.73277],[5.8859,59.73248],[5.88638,59.73433],[5.88781,59.73481],[5.88994,59.73455],[5.89075,59.73322],[5.89229,59.73488],[5.89346,59.73509],[5.89771,59.73405],[5.90022,59.73428],[5.90339,59.73293],[5.90574,59.73317],[5.907,59.73385]],[[5.92881,59.73906],[5.93015,59.73801],[5.93061,59.73675],[5.92966,59.73567],[5.92795,59.73619],[5.92582,59.73623],[5.92505,59.73735],[5.92561,59.73886],[5.92881,59.73906]],[[5.99703,59.74459],[5.9993,59.74409],[6.00042,59.74435]],[[5.99599,59.73632],[5.99575,59.7376],[5.99429,59.73789],[5.99154,59.73777],[5.98801,59.73912],[5.98904,59.73948],[5.99028,59.73942],[5.99032,59.74073],[5.98876,59.74125],[5.98874,59.7418],[5.99121,59.74089],[5.99197,59.74126],[5.99172,59.74271],[5.99027,59.7435],[5.99168,59.7435],[5.99312,59.74449],[5.99479,59.74366],[5.9957,59.74465],[5.99703,59.74459]],[[5.6457,59.72052],[5.64975,59.71727],[5.65206,59.71656],[5.65882,59.71537],[5.6664,59.71514],[5.67071,59.71433],[5.6727,59.71245],[5.67749,59.7123],[5.67841,59.71116],[5.68037,59.71056],[5.68208,59.71155],[5.68228,59.71227],[5.68194,59.71262],[5.68074,59.71244],[5.68028,59.71275],[5.68257,59.71354],[5.68345,59.71347],[5.6844,59.71256],[5.68701,59.71165],[5.68895,59.71217],[5.68739,59.71297],[5.69027,59.71472],[5.69019,59.71609],[5.69084,59.71651],[5.69706,59.7167],[5.6981,59.71629],[5.69845,59.71525],[5.69948,59.71499],[5.7004,59.71521],[5.70152,59.71635],[5.70266,59.71658],[5.7045,59.71635],[5.70541,59.71561],[5.70471,59.71493],[5.70121,59.71351],[5.69748,59.7132],[5.69712,59.71165],[5.69971,59.71136],[5.6979,59.70885],[5.7007,59.7078],[5.69928,59.70731],[5.69987,59.7058],[5.69871,59.70424],[5.69971,59.70317],[5.70159,59.70318],[5.70268,59.70383],[5.70095,59.704],[5.70051,59.70464],[5.70173,59.70507],[5.70455,59.70507],[5.70337,59.70655],[5.70458,59.70858],[5.70401,59.70972],[5.70162,59.71045],[5.70036,59.71148],[5.70091,59.71208],[5.70201,59.71206],[5.70348,59.71185],[5.70435,59.71115],[5.70461,59.71023],[5.70816,59.70764],[5.70697,59.70699],[5.70968,59.70591],[5.71141,59.70419],[5.70997,59.70324]],[[5.6457,59.72052],[5.64562,59.72081]],[[5.90864,59.74047],[5.91151,59.74027],[5.91531,59.73839],[5.9171,59.73844],[5.91823,59.73765],[5.91867,59.73626],[5.92005,59.73656],[5.92203,59.73553]],[[5.73322,59.72755],[5.73303,59.7282]],[[5.73303,59.7282],[5.73634,59.72802],[5.73735,59.72658],[5.73665,59.72538],[5.73585,59.72549],[5.73322,59.72755]],[[5.90606,59.73769],[5.90483,59.73865],[5.90522,59.73963],[5.90685,59.74047],[5.90864,59.74047]],[[5.71446,59.73027],[5.7129,59.73029],[5.71171,59.73074],[5.7108,59.732],[5.71121,59.73233],[5.71374,59.73197],[5.71446,59.73027]],[[5.52086,59.7215],[5.51971,59.72034],[5.51693,59.71982],[5.51642,59.71895],[5.51907,59.71825],[5.51974,59.71743],[5.52128,59.7176],[5.52363,59.71616],[5.52582,59.71567],[5.52514,59.71502],[5.52289,59.71488]],[[5.99287,59.75991],[6.02029,59.75296]],[[5.83702,59.74948],[5.83505,59.75014],[5.83214,59.75221],[5.83542,59.75402],[5.83682,59.75324],[5.83892,59.75278],[5.84108,59.75347],[5.84283,59.75182],[5.84274,59.75123],[5.8417,59.75109],[5.8394,59.74948]],[[5.47604,59.70547],[5.47613,59.70665],[5.47699,59.70743],[5.47849,59.70713],[5.47959,59.70752],[5.47914,59.70879],[5.47754,59.70833],[5.47596,59.70838],[5.47777,59.7101],[5.47941,59.71065],[5.4807,59.71066],[5.48158,59.71023],[5.48256,59.7109],[5.48164,59.71152],[5.48262,59.7119],[5.48956,59.7127],[5.49136,59.71384],[5.49415,59.71405],[5.49447,59.71529],[5.49579,59.71644],[5.49881,59.71541],[5.50039,59.71681],[5.49807,59.71729],[5.49756,59.71771],[5.49794,59.71808],[5.50205,59.71756],[5.50234,59.71839],[5.50483,59.71996],[5.50905,59.72034],[5.50901,59.72067],[5.5065,59.72145],[5.50809,59.72303],[5.50899,59.72335],[5.51079,59.72332],[5.51079,59.72514],[5.51418,59.7255],[5.51485,59.72636],[5.51667,59.7267],[5.51967,59.73012],[5.52317,59.73181],[5.52545,59.73364],[5.52671,59.73387],[5.52716,59.73263],[5.52811,59.73233],[5.53343,59.73307],[5.53508,59.73215],[5.5336,59.73035],[5.53025,59.72847],[5.52964,59.72439],[5.52754,59.72264],[5.52778,59.72062],[5.52605,59.71954],[5.52379,59.71922],[5.52324,59.7202],[5.52392,59.72133],[5.52164,59.72171],[5.52086,59.7215]],[[5.43139,59.72702],[5.43222,59.72644],[5.43573,59.72678],[5.43822,59.72657],[5.43867,59.72622],[5.43789,59.72488],[5.43625,59.72423]],[[5.65556,59.74454],[5.65266,59.74225],[5.65344,59.73882],[5.65226,59.73823],[5.64987,59.73801],[5.64851,59.73672],[5.65047,59.7315],[5.65027,59.73055],[5.64844,59.72912],[5.64712,59.72907],[5.64567,59.72973],[5.6449,59.72945],[5.64633,59.72823],[5.64865,59.72743],[5.64975,59.72589],[5.64962,59.72517],[5.64656,59.72257],[5.64562,59.72081]],[[5.66461,59.74519],[5.66724,59.7449],[5.67298,59.74262],[5.6746,59.74083],[5.67659,59.7398],[5.67717,59.73993],[5.6769,59.74279],[5.67746,59.74294],[5.67977,59.74158],[5.68004,59.74053],[5.68239,59.73858],[5.68803,59.73771],[5.6924,59.73562],[5.69597,59.73517],[5.6969,59.73412],[5.69367,59.73214],[5.69378,59.73139],[5.69628,59.73106],[5.70201,59.73118],[5.70264,59.73139],[5.70246,59.73202],[5.70489,59.73275],[5.70946,59.73146],[5.71176,59.72621],[5.7135,59.72547],[5.71431,59.7256],[5.71569,59.72518],[5.71641,59.72348],[5.71547,59.72331],[5.71521,59.72393],[5.71371,59.72454],[5.7126,59.72134],[5.70995,59.72163],[5.70726,59.72075],[5.71297,59.72007],[5.71481,59.71817],[5.71698,59.71685],[5.7182,59.71649],[5.72001,59.71677],[5.72149,59.71636],[5.71987,59.71462],[5.71986,59.71375],[5.72279,59.71289],[5.72444,59.71169],[5.72396,59.71127],[5.72031,59.71082],[5.7203,59.70986],[5.72188,59.70814],[5.72468,59.70749],[5.72729,59.70545],[5.72715,59.70485],[5.7229,59.70416]],[[5.71609,59.74887],[5.71607,59.74771],[5.71506,59.74755],[5.71367,59.74802],[5.71241,59.7472]],[[5.71948,59.74911],[5.71919,59.74856],[5.72035,59.74707],[5.7211,59.74402],[5.71987,59.7408],[5.72141,59.73758],[5.72468,59.73704],[5.72529,59.73638],[5.72573,59.73306],[5.72482,59.73225],[5.72209,59.73213],[5.72094,59.73248],[5.72056,59.73109],[5.71795,59.73024],[5.71696,59.73223],[5.71827,59.73296],[5.71072,59.73499],[5.71083,59.73624],[5.71212,59.7377],[5.71204,59.73873],[5.70369,59.73805],[5.70205,59.73914],[5.70098,59.73915],[5.70014,59.73875],[5.70179,59.73788],[5.70135,59.73674],[5.69998,59.73634],[5.69895,59.73889],[5.69523,59.73893],[5.6907,59.74069],[5.69021,59.74042],[5.69077,59.73868],[5.68615,59.73979],[5.67825,59.74616]],[[5.7463,59.75101],[5.74593,59.75057],[5.74462,59.7509]],[[5.7943,59.75441],[5.79358,59.75361],[5.79028,59.75375],[5.78925,59.75318],[5.78919,59.75064],[5.79003,59.7485],[5.78914,59.74783],[5.78941,59.74608],[5.78634,59.74324],[5.78451,59.74258],[5.78071,59.73873],[5.78099,59.73506],[5.77897,59.7337],[5.77944,59.7329],[5.77821,59.73095],[5.779,59.73013],[5.77827,59.72846],[5.77526,59.72727],[5.77398,59.72618],[5.77229,59.72625],[5.76681,59.72418],[5.76143,59.72405],[5.75824,59.72507],[5.75697,59.72426],[5.75642,59.72257],[5.75525,59.7227],[5.75459,59.72381],[5.75357,59.72398],[5.74961,59.72242],[5.74546,59.72177],[5.744,59.72243],[5.7471,59.72296],[5.74736,59.72539],[5.74531,59.72635],[5.74378,59.72642],[5.74255,59.7258],[5.74179,59.72619],[5.74022,59.72867],[5.74009,59.73034],[5.73772,59.73302],[5.7357,59.74018],[5.73818,59.74429],[5.7401,59.74378],[5.74281,59.74521],[5.74154,59.74836],[5.74394,59.75085]],[[5.83568,59.75733],[5.83362,59.75661],[5.82919,59.75648],[5.82472,59.75585],[5.8162,59.75596]],[[5.8419,59.75777],[5.84275,59.75605],[5.84174,59.75547],[5.83932,59.75553],[5.83995,59.75465],[5.83939,59.75444],[5.83761,59.75464],[5.83776,59.75542],[5.839,59.75574],[5.83921,59.75618],[5.83749,59.75746]],[[5.93336,59.76416],[5.93377,59.76341],[5.93179,59.76196],[5.93255,59.76011],[5.93212,59.75872],[5.93322,59.75732],[5.93548,59.75652],[5.94306,59.75695],[5.94523,59.75532],[5.94887,59.75413],[5.95027,59.75177],[5.9489,59.75063],[5.94327,59.75012],[5.94043,59.74888],[5.94034,59.74798],[5.93721,59.74642],[5.93571,59.746],[5.93408,59.74646],[5.93303,59.74535],[5.93364,59.74354],[5.93841,59.73978],[5.94338,59.74039],[5.9445,59.7402],[5.94153,59.73699],[5.94066,59.73686],[5.94039,59.73763],[5.93911,59.73659],[5.94003,59.73514],[5.94187,59.73411],[5.94079,59.73349],[5.9409,59.73306],[5.9398,59.73285]],[[5.93904,59.76456],[5.93863,59.76361],[5.93914,59.76256],[5.94219,59.76171],[5.94811,59.76121],[5.94854,59.75993],[5.95131,59.75882],[5.95641,59.75814],[5.9613,59.75513],[5.96556,59.75006],[5.96569,59.74878],[5.96435,59.7473],[5.963,59.74673],[5.96028,59.74749],[5.95688,59.74596],[5.95664,59.74535],[5.95903,59.74355],[5.96325,59.74221],[5.97045,59.73818],[5.97968,59.73574],[5.98255,59.73404],[5.98506,59.73422],[5.98781,59.73364]],[[5.97772,59.76724],[5.97985,59.76444],[5.98581,59.76223],[5.99109,59.76137],[5.99287,59.75991]],[[5.65556,59.74454],[5.6612,59.74574],[5.66461,59.74519]],[[5.93336,59.76416],[5.9313,59.76624],[5.92955,59.76677],[5.929,59.76868],[5.93042,59.77015],[5.93378,59.77065],[5.93634,59.77047],[5.93614,59.76826],[5.93978,59.76698],[5.93996,59.76575],[5.93904,59.76456]],[[5.7943,59.75441],[5.79474,59.75527],[5.79377,59.75634],[5.79461,59.75779],[5.7942,59.75856],[5.79335,59.75937],[5.79016,59.76038],[5.78992,59.76151],[5.7993,59.75937],[5.80096,59.75769],[5.80309,59.75695],[5.80939,59.75596],[5.81187,59.75645],[5.81474,59.75635]],[[5.71609,59.74887],[5.71168,59.75246],[5.7136,59.7557],[5.71578,59.7565],[5.71719,59.75633],[5.71741,59.75711],[5.71619,59.75743],[5.71643,59.7582],[5.71716,59.75832],[5.71846,59.75669],[5.71943,59.75245],[5.72066,59.75218],[5.72162,59.75367],[5.72259,59.75298],[5.72129,59.75025],[5.71948,59.74911]],[[5.67825,59.74616],[5.67386,59.74891],[5.67324,59.74994],[5.67071,59.75167],[5.67082,59.75287],[5.66881,59.75371],[5.66843,59.75442],[5.67204,59.75757],[5.67618,59.75564],[5.67691,59.7561],[5.67658,59.75717],[5.67542,59.75787],[5.6778,59.75915],[5.67958,59.7586],[5.67968,59.75754],[5.68153,59.75647],[5.68505,59.75683],[5.68552,59.75606],[5.69057,59.75544],[5.69233,59.75545],[5.69469,59.75618],[5.69819,59.75597],[5.70103,59.75481],[5.70032,59.75319],[5.70155,59.75248],[5.70144,59.75187],[5.70338,59.75158],[5.7065,59.74984],[5.70751,59.74995],[5.70803,59.75046],[5.70975,59.75049],[5.71055,59.75111],[5.71277,59.75028],[5.71269,59.74972],[5.71133,59.75041],[5.71026,59.75018],[5.71067,59.74848]],[[5.45087,59.74849],[5.45127,59.74826],[5.45032,59.74774],[5.45067,59.74648],[5.45919,59.74666]],[[5.90226,59.78299],[5.90257,59.78203],[5.90089,59.7812],[5.89759,59.78076]],[[5.9069,59.78509],[5.90643,59.78466],[5.90465,59.78447],[5.90226,59.78299]],[[5.81406,59.78103],[5.8209,59.7798],[5.82222,59.77847],[5.82633,59.77709],[5.82876,59.7743],[5.83197,59.77363],[5.83453,59.77185],[5.83585,59.77012],[5.83865,59.76928],[5.83705,59.7667],[5.83761,59.766],[5.83974,59.766],[5.84165,59.7649],[5.84162,59.76362],[5.83974,59.76385],[5.83926,59.76358],[5.84095,59.76243],[5.84209,59.76053],[5.8419,59.75777]],[[5.47697,59.75831],[5.47821,59.75751],[5.47888,59.75578],[5.47566,59.75313],[5.47591,59.75231],[5.47352,59.75279],[5.47123,59.75167],[5.46404,59.75109],[5.46466,59.75048],[5.46612,59.75043],[5.466,59.74967],[5.46519,59.74897],[5.45919,59.74666]],[[5.80712,59.78382],[5.80898,59.78275],[5.81064,59.78253],[5.81406,59.78103]],[[5.48289,59.76243],[5.48003,59.76177],[5.48044,59.7612],[5.47832,59.7601],[5.47697,59.75831]],[[5.48461,59.76201],[5.48289,59.76243]],[[5.79319,59.78653],[5.79454,59.78551],[5.79599,59.78576]],[[5.49947,59.76687],[5.50062,59.76641],[5.50438,59.76597],[5.5054,59.76423],[5.50513,59.76235],[5.50289,59.76166],[5.49861,59.76109],[5.49887,59.76316],[5.49591,59.76379],[5.49241,59.76194],[5.49123,59.76177],[5.4922,59.76336],[5.49131,59.76365],[5.48896,59.76209],[5.48717,59.76167],[5.48566,59.76029],[5.48615,59.75941],[5.49254,59.75673],[5.49344,59.75493],[5.49185,59.75298],[5.49264,59.75216],[5.49026,59.75079],[5.48764,59.75042],[5.48412,59.75445],[5.48389,59.75527],[5.48468,59.75587],[5.48364,59.75652],[5.48229,59.75642],[5.48162,59.75732],[5.48308,59.75875],[5.48452,59.75828],[5.48516,59.75886],[5.4839,59.75991],[5.48475,59.76094],[5.48461,59.76201]],[[5.73008,59.78493],[5.7297,59.78266],[5.72763,59.78048],[5.72827,59.77934],[5.73086,59.77942],[5.73254,59.77903],[5.7309,59.77603],[5.73224,59.77612],[5.73579,59.77913],[5.73942,59.77961],[5.74076,59.77907],[5.74025,59.77829],[5.74265,59.77781],[5.7469,59.77894],[5.75085,59.78091],[5.75373,59.78043],[5.75278,59.77942],[5.74879,59.77837],[5.74766,59.77749],[5.74763,59.77395],[5.74578,59.7719],[5.74487,59.7691],[5.74506,59.76832],[5.74751,59.76783],[5.7477,59.76735],[5.74442,59.7663],[5.74195,59.76614],[5.73625,59.76476],[5.73258,59.76319],[5.73377,59.76148],[5.74446,59.75946],[5.745,59.75889],[5.74433,59.75793],[5.7489,59.7565],[5.74933,59.75554],[5.74664,59.75525],[5.74632,59.75479],[5.74701,59.75333],[5.74599,59.75182],[5.7463,59.75101]],[[5.79599,59.78576],[5.79709,59.7865],[5.79739,59.78798],[5.79624,59.78817],[5.79539,59.78776],[5.79119,59.78872],[5.79006,59.79119],[5.79025,59.7916],[5.79321,59.79177],[5.79459,59.79231],[5.7969,59.79186],[5.79806,59.78991],[5.79958,59.78976],[5.80073,59.7891],[5.80235,59.78799],[5.8027,59.78638],[5.80685,59.78426]],[[5.97772,59.76724],[5.97664,59.769],[5.97678,59.77002],[5.97416,59.77167],[5.97221,59.77232],[5.96997,59.77515],[5.96642,59.77647],[5.96349,59.77949],[5.96373,59.78067],[5.95955,59.78271],[5.95867,59.78402],[5.95886,59.7862],[5.95615,59.79023],[5.9569,59.79168],[5.96082,59.79375],[5.9618,59.79521],[5.96485,59.79585],[5.96663,59.79804],[5.97,59.799],[5.97194,59.80008],[5.97367,59.80213],[5.97838,59.80396],[5.98046,59.80555]],[[5.69754,59.78433],[5.69686,59.78233],[5.69489,59.78203],[5.69373,59.78249],[5.69384,59.78325],[5.69307,59.78394],[5.69151,59.78441],[5.69009,59.78426],[5.68854,59.78512]],[[5.68343,59.78371],[5.68502,59.78494],[5.68854,59.78512]],[[5.71445,59.78069],[5.71286,59.78046],[5.71185,59.78096],[5.71047,59.783],[5.71049,59.78463],[5.70969,59.78503],[5.71112,59.78589],[5.71104,59.78736],[5.71184,59.78779],[5.71249,59.7873],[5.71198,59.78533],[5.71277,59.78435],[5.71279,59.78293],[5.71444,59.78135],[5.71445,59.78069]],[[5.75916,59.79042],[5.76118,59.79115],[5.76293,59.79393],[5.76377,59.79426],[5.76626,59.79395],[5.77139,59.78946],[5.77195,59.79063],[5.7744,59.79055],[5.77723,59.79125],[5.779,59.79317],[5.77987,59.79272],[5.78067,59.79049],[5.78306,59.78989],[5.7871,59.78807],[5.79054,59.78816],[5.79319,59.78653]],[[5.69754,59.78433],[5.69886,59.7849],[5.70107,59.78512],[5.70422,59.78462],[5.70413,59.78736],[5.70588,59.78868],[5.706,59.79059]],[[5.53635,59.77717],[5.53449,59.77708],[5.53183,59.77841],[5.53193,59.77879],[5.5345,59.77909],[5.53582,59.77825],[5.53635,59.77717]],[[5.70678,59.79208],[5.70566,59.79176],[5.706,59.79059]],[[5.71973,59.79303],[5.71969,59.79172],[5.71855,59.79058],[5.72027,59.78882],[5.72211,59.78869],[5.7242,59.78987],[5.72631,59.78944],[5.7266,59.78878],[5.72558,59.78702],[5.72623,59.78636],[5.72881,59.78574],[5.73008,59.78493]],[[5.51268,59.77813],[5.51323,59.77733],[5.5168,59.77647],[5.51775,59.7756],[5.51739,59.77517],[5.51483,59.77484],[5.51506,59.77407],[5.51648,59.77399],[5.51703,59.77356],[5.51537,59.77256],[5.51212,59.77156],[5.51162,59.77056],[5.50735,59.76999],[5.50559,59.77061],[5.50336,59.76931]],[[5.50338,59.77874],[5.502,59.7782],[5.50134,59.77859]],[[5.50884,59.77913],[5.50838,59.77882],[5.50642,59.77896]],[[5.51268,59.77813],[5.51074,59.77887],[5.5097,59.77869],[5.50946,59.77918]],[[5.53724,59.7812],[5.53825,59.78042],[5.53805,59.77935],[5.53885,59.77859],[5.53968,59.77852]],[[5.6071,59.78625],[5.60818,59.78515],[5.60779,59.78337],[5.60611,59.78281],[5.60442,59.78346],[5.6032,59.78345],[5.60158,59.78488],[5.60036,59.78438],[5.59893,59.78483],[5.5991,59.78567]],[[5.68343,59.78371],[5.67855,59.78276],[5.6777,59.78464],[5.67574,59.78324],[5.67383,59.78359],[5.67275,59.78322],[5.66715,59.78299],[5.66616,59.78264],[5.66513,59.78292],[5.66405,59.78408],[5.66208,59.78402],[5.6619,59.7848],[5.66327,59.78551],[5.66523,59.78519],[5.66874,59.78542],[5.67055,59.78642],[5.67119,59.78754],[5.66955,59.78834],[5.66905,59.7907]],[[5.70274,59.79281],[5.69982,59.79227],[5.69856,59.79045],[5.69721,59.79014],[5.68654,59.79034],[5.68458,59.79181]],[[5.70332,59.79315],[5.70274,59.79281]],[[5.70678,59.79208],[5.70862,59.79247],[5.71037,59.79365]],[[5.71708,59.79413],[5.71973,59.79303]],[[5.74077,59.79581],[5.74016,59.79484],[5.74217,59.79192],[5.74396,59.79141],[5.75149,59.79067],[5.7533,59.791],[5.75649,59.79037]],[[5.81279,59.80091],[5.82067,59.7937],[5.82302,59.79211],[5.82744,59.79043],[5.82881,59.78878],[5.83595,59.78637],[5.84136,59.78403],[5.84973,59.78189],[5.85209,59.78169],[5.85403,59.77967],[5.85586,59.77892],[5.85745,59.77737],[5.86059,59.77597],[5.85939,59.77543],[5.86019,59.77456],[5.8733,59.76981],[5.87585,59.7699],[5.88038,59.76877],[5.88605,59.77026],[5.88667,59.77079],[5.88582,59.77242],[5.8862,59.77332],[5.88802,59.77381],[5.89044,59.77534],[5.89529,59.7806],[5.89759,59.78076]],[[5.95665,59.81096],[5.9553,59.80982],[5.95305,59.80931],[5.95072,59.80805],[5.94962,59.80649],[5.94659,59.80422],[5.94257,59.80241],[5.93824,59.79597],[5.93405,59.79349],[5.93262,59.79291],[5.92546,59.79245],[5.92315,59.79262],[5.92104,59.79374],[5.91434,59.79304],[5.90743,59.78716],[5.9069,59.78509]],[[5.98313,59.81279],[5.9828,59.80836],[5.98046,59.80555]],[[5.71037,59.79365],[5.71448,59.79452]],[[5.73815,59.79681],[5.73868,59.79635],[5.74059,59.79626],[5.74077,59.79581]],[[5.70332,59.79315],[5.70494,59.79471]],[[5.5991,59.78567],[5.60067,59.78637],[5.60099,59.78801],[5.60412,59.78669],[5.60574,59.78679],[5.6071,59.78625]],[[5.68214,59.79405],[5.68172,59.79282],[5.68458,59.79181]],[[5.5264,59.78229],[5.52486,59.78276],[5.52518,59.78386],[5.52591,59.78419],[5.52688,59.7831],[5.5264,59.78229]],[[5.53813,59.78395],[5.5372,59.78452],[5.53775,59.78526]],[[5.53775,59.78526],[5.53874,59.78603],[5.54078,59.78489],[5.54033,59.78323],[5.53813,59.78395]],[[5.70494,59.79471],[5.70582,59.79567],[5.70824,59.79632],[5.7078,59.79789],[5.70828,59.79895]],[[5.75101,59.80032],[5.74988,59.79867],[5.7472,59.79796],[5.74564,59.79866],[5.7449,59.79737],[5.74307,59.79706],[5.74214,59.79734],[5.74186,59.80009],[5.74289,59.80086],[5.74399,59.80076],[5.74493,59.79945],[5.74588,59.80166],[5.7492,59.80159],[5.75103,59.80069],[5.75101,59.80032]],[[5.5341,59.78888],[5.53466,59.78879],[5.53433,59.78747],[5.53507,59.78671],[5.53729,59.78688]],[[5.50134,59.77859],[5.50139,59.78002],[5.50442,59.78183],[5.50725,59.78728]],[[5.6694,59.79376],[5.66821,59.79461],[5.66566,59.79545],[5.66288,59.79581],[5.66062,59.79532],[5.65494,59.79573],[5.64902,59.79762]],[[5.53613,59.79094],[5.54079,59.78934],[5.54162,59.78866],[5.54158,59.78791],[5.53729,59.78688]],[[5.80764,59.80994],[5.80892,59.80895],[5.81125,59.80887],[5.80989,59.80385],[5.81048,59.80261],[5.81279,59.80091]],[[5.50858,59.78704],[5.50999,59.78669],[5.51374,59.78796],[5.51765,59.78855],[5.51988,59.79003],[5.52211,59.79001],[5.5234,59.789],[5.52369,59.78668],[5.52576,59.78541],[5.52809,59.7847],[5.53004,59.78558],[5.5341,59.78888]],[[5.53613,59.79094],[5.536,59.79138]],[[5.98736,59.82428],[5.98746,59.82319],[5.98409,59.81799],[5.98279,59.81368],[5.98313,59.81279]],[[5.64902,59.79762],[5.64743,59.79751],[5.64635,59.79682],[5.64245,59.79983],[5.64186,59.80104]],[[5.64186,59.80104],[5.64017,59.80208]],[[5.53492,59.79516],[5.5359,59.79433],[5.53921,59.79334],[5.53866,59.79265],[5.536,59.79138]],[[5.65563,59.79961],[5.65764,59.79877],[5.66112,59.79988],[5.66067,59.80178],[5.66476,59.80452],[5.66698,59.80467],[5.66878,59.80379],[5.67378,59.80444],[5.67663,59.80537],[5.67816,59.80448],[5.68042,59.80402],[5.68068,59.80436],[5.67939,59.80536],[5.68187,59.8057],[5.68317,59.80538],[5.68566,59.80202],[5.6851,59.79948],[5.68605,59.79733],[5.68527,59.79671],[5.68404,59.79721],[5.68301,59.79667],[5.68259,59.79602],[5.68357,59.7945],[5.68214,59.79405]],[[5.98736,59.82428],[5.98669,59.82625],[5.98749,59.83024]],[[5.74828,59.81376],[5.7464,59.81231],[5.74375,59.81291],[5.74528,59.81474],[5.74894,59.81435],[5.74828,59.81376]],[[5.53353,59.80002],[5.53427,59.79991],[5.53604,59.79808],[5.54023,59.79717],[5.54157,59.79571],[5.54037,59.79509],[5.53846,59.79603],[5.53752,59.79608],[5.53615,59.79596],[5.53488,59.7953]],[[5.66542,59.80952],[5.66461,59.80898],[5.66338,59.80902],[5.66292,59.80984],[5.66389,59.81059],[5.66588,59.81038],[5.66542,59.80952]],[[5.70828,59.79895],[5.70693,59.80162],[5.70795,59.80244],[5.7091,59.80219],[5.7099,59.80266],[5.70736,59.80425],[5.70706,59.8053],[5.70813,59.80557],[5.70838,59.80617],[5.70736,59.80718],[5.70754,59.80944],[5.70639,59.8099],[5.70161,59.81051],[5.70076,59.81287],[5.70388,59.81397],[5.70698,59.81316],[5.70904,59.81391]],[[5.70902,59.814],[5.70889,59.81443]],[[5.53353,59.80002],[5.5317,59.80014],[5.53302,59.80181]],[[5.79701,59.82023],[5.79737,59.82173],[5.80239,59.81802],[5.80322,59.8166],[5.80275,59.81343],[5.80432,59.81192],[5.80656,59.81101]],[[5.75817,59.81938],[5.75974,59.81825],[5.75938,59.8171],[5.75377,59.81452],[5.75038,59.81418],[5.75042,59.81608],[5.74977,59.81694],[5.75035,59.8185],[5.75285,59.81904],[5.75515,59.81891],[5.75708,59.81955],[5.75817,59.81938]],[[5.68428,59.80971],[5.68276,59.80976],[5.68224,59.8112],[5.68075,59.81179],[5.68462,59.81459],[5.68597,59.81403],[5.68596,59.81332],[5.6852,59.8119],[5.68535,59.81041],[5.68428,59.80971]],[[5.70889,59.81443],[5.71029,59.81576],[5.71382,59.81549],[5.71756,59.81569],[5.71847,59.81633],[5.71857,59.81748],[5.71945,59.81762],[5.72169,59.81635],[5.72464,59.81328],[5.72623,59.81319],[5.72867,59.81389],[5.72947,59.81379],[5.73538,59.811],[5.73646,59.80956],[5.73964,59.80875],[5.74024,59.80781],[5.73872,59.8069],[5.73818,59.80587],[5.73679,59.79851],[5.73728,59.79805],[5.73889,59.79941],[5.74004,59.79928],[5.74018,59.79809],[5.73869,59.79731]],[[5.53367,59.80534],[5.53426,59.80467],[5.537,59.80375],[5.53896,59.80399],[5.54038,59.80342],[5.5408,59.80274],[5.54048,59.80221],[5.53853,59.8017],[5.53768,59.80285],[5.5358,59.80332],[5.53302,59.80181]],[[5.67728,59.81457],[5.6783,59.81405],[5.68126,59.81386],[5.6812,59.81282],[5.68047,59.81212],[5.6781,59.81304],[5.67727,59.81276],[5.67504,59.81286],[5.67508,59.81149],[5.6772,59.81148],[5.67758,59.81061],[5.67167,59.80929],[5.67083,59.80858],[5.67086,59.80648],[5.67407,59.80717],[5.67337,59.80571],[5.66461,59.80599],[5.66432,59.80721],[5.66677,59.80882],[5.66752,59.81069],[5.67162,59.81592],[5.67728,59.81457]],[[5.72813,59.82],[5.73028,59.81941],[5.73031,59.81831],[5.73215,59.81799],[5.7322,59.8162],[5.7315,59.81586],[5.72732,59.81746],[5.72696,59.81896],[5.72464,59.81927],[5.72359,59.82066],[5.72483,59.82132],[5.72659,59.8216],[5.72813,59.82]],[[5.79701,59.82023],[5.79472,59.81986],[5.7917,59.82087],[5.79019,59.82225],[5.79208,59.82197],[5.79236,59.82245],[5.79018,59.82316],[5.78485,59.82387],[5.78343,59.82134],[5.77997,59.82226],[5.77875,59.82376],[5.7806,59.82482],[5.78396,59.8245],[5.78435,59.82569],[5.78528,59.82594],[5.78949,59.82507],[5.79331,59.82228],[5.79489,59.82199],[5.79639,59.82247]],[[5.79611,59.82345],[5.79043,59.82654]],[[5.64017,59.80208],[5.63605,59.80353],[5.6334,59.80706],[5.63051,59.80922],[5.63135,59.8102],[5.62896,59.81212],[5.63145,59.81364],[5.64291,59.81389],[5.64916,59.81582],[5.65087,59.81685],[5.65514,59.8166],[5.65744,59.81589],[5.6574,59.81418],[5.65583,59.8133],[5.65804,59.81235],[5.6571,59.81097],[5.65545,59.81054],[5.65508,59.80955],[5.65607,59.80837],[5.65605,59.80608],[5.65668,59.80601],[5.65653,59.80507],[5.6559,59.80496],[5.65569,59.80093]],[[5.66043,59.8164],[5.65854,59.81641],[5.65779,59.81752],[5.66095,59.81779],[5.66043,59.8164]],[[5.79043,59.82654],[5.78713,59.82725],[5.7847,59.82854]],[[5.7847,59.82854],[5.7783,59.83136]],[[5.6628,59.82061],[5.66165,59.82024],[5.65991,59.82026],[5.65888,59.82075],[5.65804,59.82204],[5.6587,59.82291],[5.66096,59.82407],[5.66371,59.82337],[5.6628,59.82061]],[[5.77138,59.83248],[5.77363,59.83126],[5.77588,59.83185],[5.7783,59.83136]],[[5.70509,59.828],[5.70671,59.8269],[5.70581,59.82541]],[[5.70581,59.82541],[5.70357,59.82511],[5.70274,59.82697],[5.70284,59.82825],[5.70425,59.82835],[5.70509,59.828]],[[5.7008,59.82544],[5.70073,59.82466],[5.69786,59.82327],[5.69445,59.82314],[5.69318,59.82428],[5.69607,59.82469],[5.69671,59.82555],[5.69163,59.82657],[5.69144,59.82731],[5.69496,59.82778],[5.70065,59.82785],[5.7008,59.82544]],[[5.77138,59.83248],[5.77031,59.83247],[5.76953,59.83194],[5.76899,59.83304],[5.76774,59.83347],[5.76351,59.83338],[5.76101,59.83305],[5.7604,59.83263]],[[5.52838,59.81804],[5.53231,59.81627],[5.53198,59.81583],[5.52995,59.81557],[5.52927,59.81491],[5.53085,59.81348],[5.53275,59.81289],[5.53451,59.81055],[5.53223,59.80722],[5.53367,59.80534]],[[5.72818,59.83377],[5.72797,59.83335],[5.72696,59.83316],[5.7191,59.83251],[5.71618,59.83019],[5.71042,59.82865],[5.71043,59.82824],[5.71612,59.82635],[5.72165,59.82663],[5.72321,59.82693],[5.72513,59.82861],[5.73251,59.83063],[5.73535,59.83003],[5.73889,59.82982],[5.7483,59.8315],[5.75021,59.83149],[5.75089,59.83209],[5.75234,59.83242],[5.75553,59.83112],[5.75797,59.83125],[5.7604,59.83263]],[[5.52363,59.81915],[5.52673,59.8191],[5.52838,59.81804]],[[5.70358,59.83335],[5.70456,59.83295]],[[5.72818,59.83377],[5.72601,59.83449],[5.72524,59.83539]],[[5.95665,59.81096],[5.96054,59.81528],[5.96168,59.8218],[5.96618,59.82622],[5.96706,59.8291],[5.9694,59.83225],[5.96853,59.83958],[5.96494,59.84923],[5.96517,59.85104],[5.9673,59.8538]],[[5.52363,59.81915],[5.52478,59.82242],[5.52623,59.82321]],[[5.7072,59.8371],[5.70945,59.83715],[5.70981,59.83541],[5.70578,59.83282],[5.70456,59.83295]],[[5.69512,59.83659],[5.69504,59.83604],[5.69196,59.83537],[5.69362,59.83314],[5.69651,59.83292],[5.69761,59.83334],[5.70112,59.83281],[5.70295,59.83352],[5.70358,59.83335]],[[5.52839,59.82576],[5.52685,59.82338]],[[5.57197,59.82892],[5.57174,59.82804],[5.57328,59.8284],[5.57472,59.8278],[5.57518,59.82601]],[[5.60291,59.83115],[5.603,59.82869],[5.60025,59.82709],[5.5982,59.82509],[5.59723,59.82231],[5.59472,59.82155],[5.59406,59.82075],[5.59417,59.81927],[5.59201,59.81823],[5.59065,59.81633],[5.58931,59.8157],[5.58534,59.8155],[5.58238,59.81602],[5.58146,59.81581],[5.58074,59.81615],[5.58006,59.81769],[5.57756,59.81877],[5.57587,59.8216],[5.57396,59.82256],[5.57428,59.82397],[5.57278,59.82415],[5.57499,59.82538],[5.57518,59.82601]],[[5.68475,59.83702],[5.68873,59.83484],[5.69037,59.83451],[5.69175,59.83716],[5.69384,59.83731],[5.69512,59.83659]],[[5.70513,59.83847],[5.70475,59.83799],[5.70757,59.83787],[5.7072,59.8371]],[[5.71242,59.83899],[5.71017,59.83404],[5.71055,59.83323],[5.71777,59.83343],[5.72115,59.83491],[5.72466,59.83566],[5.72524,59.83539]],[[5.9726,59.85724],[5.97135,59.85655],[5.96977,59.85456],[5.9673,59.8538]],[[5.99198,59.85858],[5.99353,59.85778],[5.99338,59.85677],[5.99035,59.85497],[5.98313,59.85215],[5.9829,59.85055],[5.97936,59.8488],[5.97899,59.84786],[5.98015,59.84616],[5.98132,59.84598],[5.98234,59.84628],[5.98446,59.84571],[5.98529,59.8446],[5.98508,59.84412],[5.98393,59.84397],[5.98267,59.84071],[5.98385,59.83787],[5.98397,59.83393],[5.98622,59.83291],[5.98755,59.83136],[5.98749,59.83024]],[[5.9878,59.85836],[5.98923,59.85895],[5.99081,59.85899],[5.99198,59.85858]],[[5.71242,59.83899],[5.71257,59.83983]],[[5.70513,59.83847],[5.70693,59.83942],[5.70889,59.84345],[5.71016,59.84245],[5.71288,59.84309],[5.71257,59.83983]],[[5.57197,59.82892],[5.57234,59.83031],[5.57041,59.83194],[5.56867,59.83259],[5.56696,59.83223],[5.56624,59.83326],[5.56803,59.83481],[5.5707,59.83479],[5.57177,59.83532]],[[5.622,59.83848],[5.61857,59.83799],[5.61761,59.83922],[5.61802,59.83982],[5.62011,59.84007],[5.62162,59.8397],[5.622,59.83848]],[[5.61612,59.83962],[5.6151,59.83884],[5.61445,59.8389],[5.61342,59.84132],[5.61612,59.83962]],[[5.60291,59.83115],[5.60212,59.83217],[5.59983,59.83209],[5.59513,59.83496],[5.59606,59.83571],[5.59958,59.83653],[5.60002,59.83536],[5.60246,59.83529],[5.60416,59.83622],[5.60314,59.83782],[5.60037,59.83949],[5.59751,59.83968],[5.59355,59.84085],[5.59261,59.84168],[5.59264,59.84263],[5.59329,59.84323],[5.59915,59.84281],[5.6046,59.84329],[5.60529,59.84449],[5.60108,59.84597],[5.60114,59.84664],[5.60205,59.84702],[5.60651,59.84618],[5.60765,59.84772],[5.60942,59.84872]],[[5.68475,59.83702],[5.684,59.83916],[5.68327,59.83929],[5.68235,59.83864],[5.68081,59.83872],[5.67794,59.84149],[5.67741,59.84428],[5.67812,59.84582],[5.67746,59.84712],[5.67538,59.84752],[5.67451,59.8489],[5.67614,59.85012],[5.67974,59.84944],[5.68103,59.84967],[5.68201,59.85054],[5.68444,59.8486],[5.68577,59.84879],[5.68664,59.84523],[5.68986,59.84547],[5.69631,59.84483],[5.69713,59.84502],[5.69808,59.84584],[5.6984,59.84785],[5.69726,59.84865],[5.69645,59.84845],[5.69424,59.84882],[5.69353,59.84983],[5.69207,59.85011],[5.69183,59.85293],[5.69017,59.85436],[5.69318,59.85485],[5.69432,59.8547],[5.69565,59.85562],[5.6973,59.85567]],[[5.71284,59.85723],[5.71454,59.85816],[5.71642,59.85781],[5.71879,59.85796]],[[5.71069,59.85655],[5.71212,59.8566],[5.71284,59.85723]],[[5.71879,59.85796],[5.72087,59.85897],[5.72104,59.8603],[5.72491,59.85996],[5.72579,59.85932],[5.72729,59.85968]],[[5.7325,59.8616],[5.73486,59.8615],[5.7382,59.86301],[5.74025,59.86311],[5.74137,59.86369]],[[5.6973,59.85567],[5.69732,59.85765],[5.70019,59.85755],[5.70155,59.85802],[5.70346,59.85946],[5.70204,59.86063],[5.7049,59.86215],[5.70683,59.86171],[5.70667,59.85928],[5.7074,59.85919],[5.70801,59.85986],[5.70892,59.85952],[5.71042,59.85787],[5.71069,59.85655]],[[5.74137,59.86369],[5.74143,59.86529]],[[5.72574,59.86246],[5.7243,59.8623],[5.72338,59.8628],[5.72387,59.86432],[5.72476,59.86417],[5.72574,59.86246]],[[5.75163,59.86586],[5.75832,59.86773]],[[5.75832,59.86773],[5.76017,59.86816],[5.76137,59.87056]],[[5.74143,59.86529],[5.73936,59.86561],[5.73918,59.86625],[5.74061,59.86651],[5.73801,59.86784],[5.73831,59.86828],[5.73663,59.86987]],[[5.56067,59.85803],[5.56198,59.85741],[5.56317,59.85736],[5.56334,59.85449],[5.56112,59.85373],[5.5596,59.85192],[5.55958,59.8467],[5.56066,59.84632],[5.56233,59.84648],[5.56171,59.84334],[5.56368,59.84311],[5.56591,59.8444],[5.56682,59.84429],[5.56729,59.84375],[5.57131,59.84314],[5.57125,59.84209],[5.56959,59.84115],[5.56884,59.83983],[5.57135,59.83642],[5.57236,59.83641],[5.57247,59.83724],[5.57337,59.83682],[5.57177,59.83532]],[[5.56067,59.85803],[5.55842,59.8583]],[[5.76137,59.87056],[5.76128,59.87247],[5.76031,59.87308],[5.75891,59.87283],[5.75798,59.87321],[5.76266,59.87412],[5.76666,59.87384],[5.76763,59.87457],[5.76726,59.87496],[5.76793,59.8758],[5.76952,59.87595],[5.77233,59.87872],[5.77405,59.87884]],[[5.62401,59.86538],[5.62291,59.86534],[5.62036,59.86733],[5.62082,59.86808],[5.62237,59.8685],[5.62447,59.86852],[5.6255,59.86803],[5.62401,59.86538]],[[5.73663,59.86987],[5.73538,59.87032],[5.73358,59.86924],[5.73063,59.87048],[5.73216,59.87211],[5.73355,59.87224],[5.73483,59.87154],[5.73552,59.87161],[5.73698,59.87507],[5.73513,59.87615],[5.73862,59.87736],[5.74236,59.87721],[5.74514,59.87611],[5.74691,59.87634],[5.74722,59.87829],[5.74798,59.87876],[5.74881,59.87797],[5.75469,59.87614],[5.75588,59.87444],[5.75621,59.87253],[5.7548,59.87141],[5.75412,59.86983],[5.75123,59.86882],[5.75043,59.86973],[5.74888,59.8696],[5.74818,59.86916],[5.7487,59.8661],[5.75163,59.86586]],[[5.56348,59.86622],[5.56448,59.86566],[5.56549,59.86576],[5.56814,59.86672]],[[5.55842,59.8583],[5.55598,59.85707],[5.55448,59.85565],[5.55344,59.85581],[5.55377,59.86035],[5.55499,59.86158],[5.55562,59.86363],[5.55492,59.86509],[5.55636,59.86666],[5.55809,59.8671]],[[5.55809,59.8671],[5.56061,59.86825]],[[5.56061,59.86825],[5.56221,59.86814],[5.56365,59.86726],[5.56348,59.86622]],[[5.60294,59.8715],[5.60564,59.87069],[5.60661,59.86998],[5.60575,59.86796],[5.60841,59.8644],[5.60841,59.86175],[5.60947,59.86025],[5.61157,59.85903],[5.61323,59.85653],[5.61516,59.85551],[5.61641,59.85549],[5.61657,59.85725],[5.61829,59.85757],[5.62084,59.85474],[5.61739,59.8523],[5.61415,59.85148],[5.61226,59.84922],[5.61098,59.84973],[5.60942,59.84872]],[[5.57625,59.87251],[5.57238,59.87109],[5.56956,59.8674],[5.56814,59.86672]],[[5.52927,59.87103],[5.52891,59.86847],[5.52764,59.86691],[5.52836,59.86543],[5.52706,59.86347],[5.52783,59.85776],[5.52881,59.85583],[5.53119,59.85385],[5.53016,59.85028],[5.53313,59.84698],[5.53376,59.84459],[5.53323,59.84299],[5.53426,59.84036],[5.53138,59.83574],[5.53192,59.83337],[5.52968,59.83063],[5.5296,59.8298],[5.53097,59.82889],[5.52881,59.82722],[5.52839,59.82576]],[[5.86411,59.71414],[5.86659,59.71744],[5.86253,59.71933]],[[5.907,59.73385],[5.90592,59.73533],[5.90651,59.73723],[5.90606,59.73769]],[[5.64366,59.7194],[5.64217,59.71938],[5.6426,59.72069],[5.64375,59.72061],[5.64439,59.71992],[5.64366,59.7194]],[[5.8394,59.74948],[5.8383,59.74923],[5.83702,59.74948]],[[5.71208,59.74715],[5.71241,59.7472]],[[5.71208,59.74715],[5.71067,59.74848]],[[5.74394,59.75085],[5.74462,59.7509]],[[5.83568,59.75733],[5.83674,59.75765],[5.83749,59.75746]],[[5.81474,59.75635],[5.8162,59.75596]],[[5.45087,59.74849],[5.44984,59.74818]],[[5.80685,59.78426],[5.80712,59.78382]],[[5.49947,59.76687],[5.50084,59.76888],[5.50336,59.76931]],[[5.75649,59.79037],[5.75916,59.79042]],[[5.80105,59.79542],[5.79901,59.79545],[5.7987,59.79586],[5.80075,59.79675],[5.80132,59.79637],[5.80105,59.79542]],[[5.53964,59.78137],[5.54233,59.77944],[5.54154,59.77871],[5.53968,59.77852]],[[5.50946,59.77918],[5.50884,59.77913]],[[5.50642,59.77896],[5.50338,59.77874]],[[5.71448,59.79452],[5.71653,59.79449],[5.71708,59.79413]],[[5.53869,59.78199],[5.53964,59.78137]],[[5.53724,59.7812],[5.53727,59.78194],[5.53869,59.78199]],[[5.73869,59.79731],[5.73815,59.79681]],[[5.66905,59.7907],[5.66865,59.79259],[5.6694,59.79376]],[[5.79921,59.80593],[5.79786,59.80524],[5.79759,59.80701],[5.79934,59.80719],[5.79973,59.80641],[5.79921,59.80593]],[[5.65569,59.80093],[5.65563,59.79961]],[[5.74335,59.80867],[5.74227,59.80846],[5.74196,59.8092],[5.7435,59.81017],[5.74443,59.80997],[5.74335,59.80867]],[[5.53492,59.79516],[5.53488,59.7953]],[[5.70902,59.814],[5.70904,59.81391]],[[5.79611,59.82345],[5.79686,59.82288],[5.79639,59.82247]],[[5.52623,59.82321],[5.52685,59.82338]],[[5.9726,59.85724],[5.97938,59.8593],[5.98256,59.85953],[5.98498,59.85882]],[[5.72729,59.85968],[5.72938,59.86167],[5.7325,59.8616]],[[5.62835,59.86925],[5.62737,59.86899],[5.62544,59.86974],[5.62809,59.87101],[5.62941,59.87025],[5.62835,59.86925]],[[5.62503,59.87794],[5.6258,59.878]],[[5.57682,59.87447],[5.5802,59.87778],[5.58553,59.87763]],[[5.30274,59.48118],[5.30293,59.48179]],[[5.30293,59.48179],[5.30167,59.48242]],[[5.28236,59.49111],[5.28134,59.4906],[5.27911,59.49087]],[[5.29673,59.49219],[5.2983,59.48769],[5.30134,59.48615],[5.30428,59.48589],[5.30169,59.48399],[5.30167,59.48242]],[[5.28236,59.49111],[5.28348,59.49328]],[[5.29673,59.49219],[5.29573,59.49297],[5.29846,59.49345],[5.30143,59.49297],[5.30494,59.49526]],[[5.28784,59.49289],[5.28622,59.49384],[5.28513,59.49386],[5.28348,59.49328]],[[5.27129,59.4938],[5.27313,59.4935],[5.27429,59.49431],[5.27475,59.49284],[5.27911,59.49087]],[[5.28784,59.49289],[5.2904,59.49295],[5.29533,59.49391],[5.29615,59.49539],[5.29804,59.49637]],[[5.3081,59.4986],[5.3084,59.49791],[5.30769,59.49702],[5.30494,59.49526]],[[5.25889,59.4964],[5.25922,59.49645]],[[5.30618,59.50001],[5.30848,59.4993],[5.3081,59.4986]],[[5.29804,59.49637],[5.29996,59.49694],[5.30389,59.49938],[5.30618,59.50001]],[[5.25572,59.49792],[5.25559,59.49913]],[[5.23794,59.50499],[5.23446,59.50454],[5.23246,59.50476],[5.23133,59.50545],[5.23199,59.50611],[5.23579,59.50669],[5.24092,59.50633],[5.24073,59.50563],[5.23794,59.50499]],[[5.26247,59.51343],[5.26258,59.51274],[5.26086,59.51184],[5.25962,59.51181]],[[5.25932,59.51181],[5.25762,59.51183],[5.25754,59.51106],[5.25667,59.51088],[5.25127,59.51125],[5.25368,59.51196],[5.25508,59.51285],[5.25211,59.51373],[5.25239,59.51414],[5.25557,59.51368],[5.25848,59.51471]],[[5.25848,59.51471],[5.26129,59.51503],[5.26247,59.51343]],[[5.25693,59.52001],[5.25758,59.51971],[5.25764,59.51885],[5.26152,59.51864],[5.26546,59.51706]],[[5.25559,59.49913],[5.25149,59.50092],[5.25062,59.50189],[5.24946,59.50209],[5.24823,59.50296],[5.25021,59.50391],[5.24543,59.50469],[5.2442,59.50613],[5.24586,59.50655],[5.24585,59.50711],[5.24353,59.50804],[5.2418,59.50692],[5.24004,59.5072],[5.242,59.50934],[5.24344,59.51005],[5.24505,59.51002],[5.24672,59.5095],[5.24474,59.50842],[5.24499,59.50811],[5.25044,59.50858],[5.2501,59.50944],[5.24762,59.51021],[5.24896,59.51117],[5.24344,59.51092],[5.24008,59.51203],[5.23837,59.51049],[5.23587,59.51009],[5.23289,59.51056],[5.23148,59.51242],[5.2278,59.51316],[5.23098,59.51704],[5.23274,59.517],[5.23884,59.51538],[5.24017,59.51542],[5.24018,59.51604],[5.24223,59.51621],[5.24455,59.51484],[5.24736,59.51597],[5.24809,59.51678],[5.24786,59.51741],[5.24988,59.51855],[5.24766,59.51976],[5.2483,59.52026],[5.25539,59.52032],[5.25693,59.52001]],[[5.26477,59.52172],[5.26894,59.52237],[5.2683,59.52176],[5.26572,59.52124],[5.26582,59.52026],[5.26081,59.52057],[5.26047,59.52033],[5.26271,59.5195],[5.26499,59.51916],[5.26621,59.5185],[5.26876,59.51909],[5.26962,59.51876],[5.27271,59.51931],[5.2731,59.51975],[5.27044,59.52014],[5.27471,59.52045],[5.27468,59.52174],[5.2763,59.5231],[5.27732,59.52492],[5.27792,59.52494],[5.28001,59.52284],[5.27826,59.52142],[5.27874,59.5196],[5.27817,59.51896],[5.27582,59.51901],[5.27397,59.51779],[5.26845,59.51836],[5.26709,59.51788],[5.26973,59.51651],[5.2717,59.51679],[5.27182,59.51624],[5.27054,59.51627],[5.27065,59.51575],[5.27509,59.5154],[5.27666,59.51482],[5.27908,59.5129],[5.27918,59.50976],[5.27703,59.51095],[5.27285,59.51209],[5.27131,59.51405],[5.26546,59.51706]],[[5.14285,59.51837],[5.14164,59.51795],[5.14067,59.51903],[5.13808,59.52004],[5.13925,59.52095],[5.14084,59.52102],[5.14285,59.51837]],[[5.10812,59.51797],[5.10705,59.51836],[5.10713,59.52034],[5.1087,59.52136],[5.10963,59.52016],[5.10812,59.51797]],[[5.09353,59.52203],[5.09324,59.52139],[5.09202,59.52192]],[[5.09513,59.52215],[5.09462,59.51997],[5.09196,59.51829],[5.09168,59.51617],[5.08952,59.51727],[5.089,59.51807],[5.09005,59.52177]],[[5.13228,59.52499],[5.13189,59.5247],[5.13124,59.52491]],[[5.23616,59.53286],[5.23624,59.53223],[5.23814,59.53166],[5.23613,59.53123],[5.23672,59.53017],[5.23443,59.52841],[5.22885,59.5277],[5.22448,59.52793],[5.22497,59.52611],[5.23009,59.52504],[5.23156,59.52358],[5.23437,59.52224],[5.2358,59.52232],[5.23675,59.52296],[5.23782,59.52304],[5.24231,59.52213],[5.24536,59.52228],[5.24583,59.52266],[5.24943,59.52306],[5.24991,59.52338],[5.24952,59.52396],[5.25034,59.52409],[5.25226,59.52381],[5.2506,59.52349],[5.25051,59.52316],[5.25626,59.52232]],[[5.15722,59.53107],[5.15602,59.53123],[5.15566,59.5317],[5.15589,59.53229],[5.15697,59.53255],[5.15803,59.53209],[5.15722,59.53107]],[[5.13124,59.52491],[5.1295,59.52641],[5.12776,59.52625],[5.12697,59.52683],[5.12738,59.52858],[5.12892,59.5288],[5.1297,59.53011],[5.12861,59.53121],[5.13009,59.53178],[5.13179,59.53145],[5.13205,59.53042],[5.13318,59.53031],[5.13347,59.52969],[5.13228,59.52499]],[[5.06853,59.52598],[5.06626,59.52591],[5.06631,59.52684],[5.06733,59.5274],[5.06859,59.5265],[5.06853,59.52598]],[[5.264,59.49572],[5.26515,59.4953]],[[5.26515,59.4953],[5.27129,59.4938]],[[5.25922,59.49645],[5.264,59.49572]],[[5.231,59.50588],[5.22981,59.50602],[5.22911,59.5067],[5.23035,59.5074],[5.23155,59.50652],[5.231,59.50588]],[[5.25962,59.51181],[5.25932,59.51181]],[[5.27488,59.51361],[5.27325,59.5136],[5.27346,59.51465],[5.27455,59.51515],[5.27578,59.5145],[5.27488,59.51361]],[[5.24473,59.51891],[5.24301,59.51888],[5.24123,59.51949],[5.24602,59.51952],[5.24473,59.51891]],[[5.25626,59.52232],[5.25807,59.5229],[5.25842,59.52156],[5.25911,59.52134],[5.26253,59.5213],[5.26477,59.52172]],[[5.09005,59.52177],[5.09124,59.52216],[5.09202,59.52192]],[[5.09353,59.52203],[5.09429,59.52275],[5.09513,59.52215]],[[5.37076,59.72378],[5.37486,59.72035],[5.37724,59.72033]],[[5.38402,59.72476],[5.38443,59.72403],[5.38102,59.72019],[5.38005,59.71976],[5.37724,59.72033]],[[5.43625,59.72423],[5.43519,59.72361],[5.4353,59.72214],[5.43268,59.72032],[5.43218,59.72054],[5.43345,59.72164],[5.43294,59.72284],[5.42896,59.72137],[5.42772,59.72206],[5.42623,59.72191],[5.42419,59.72235],[5.42287,59.72411],[5.42309,59.72472],[5.42802,59.72801]],[[5.43228,59.72832],[5.43139,59.72702]],[[5.42802,59.72801],[5.43133,59.72929],[5.43228,59.72832]],[[5.37076,59.72378],[5.36769,59.72716]],[[5.25687,59.7153],[5.25717,59.71644],[5.25913,59.71722],[5.25899,59.71931],[5.26033,59.72048],[5.26187,59.72097],[5.26791,59.72157],[5.26802,59.72257],[5.26883,59.72309],[5.27475,59.72331],[5.27488,59.72266],[5.27254,59.72046],[5.26968,59.71948],[5.26842,59.71617]],[[5.27774,59.72335],[5.27619,59.72287],[5.27558,59.72497],[5.27815,59.72564],[5.27878,59.72491],[5.27774,59.72335]],[[5.37298,59.73504],[5.37484,59.73465],[5.37602,59.7333],[5.37552,59.73045],[5.37611,59.72903],[5.37787,59.7287],[5.3798,59.72979],[5.38151,59.72947],[5.3827,59.7283],[5.3825,59.72751],[5.38402,59.72476]],[[5.36769,59.72716],[5.36403,59.72852],[5.36235,59.72811],[5.35925,59.72894],[5.35755,59.73052],[5.3551,59.73125],[5.3543,59.73222],[5.35326,59.73253],[5.35313,59.73307],[5.35507,59.7354],[5.35707,59.73448],[5.35573,59.73306],[5.35888,59.73272],[5.3595,59.73407],[5.36322,59.73531]],[[5.26683,59.72528],[5.2659,59.72524],[5.26497,59.72633],[5.26506,59.72927],[5.26617,59.73062],[5.26721,59.7305],[5.26854,59.72761],[5.26683,59.72528]],[[5.36322,59.73531],[5.36483,59.73724],[5.36975,59.73895],[5.3716,59.73839],[5.37298,59.73504]],[[5.25159,59.72383],[5.24877,59.72377],[5.2488,59.72456],[5.24637,59.72545],[5.24685,59.72821],[5.24765,59.72946],[5.2489,59.73001],[5.25032,59.72976],[5.25032,59.72858],[5.25254,59.72782],[5.25379,59.72599],[5.25316,59.72469],[5.25159,59.72383]],[[5.41554,59.74314],[5.41846,59.74311],[5.42043,59.74251],[5.4204,59.74134],[5.42133,59.74031],[5.42329,59.73985],[5.4248,59.7386],[5.42411,59.73744],[5.41963,59.73614],[5.41823,59.73529],[5.41862,59.73365],[5.41621,59.7322],[5.41073,59.73319],[5.40962,59.73395],[5.40749,59.73796],[5.40669,59.73841],[5.40494,59.73839],[5.40053,59.73964],[5.40412,59.74304],[5.40589,59.74322],[5.40754,59.74185],[5.40927,59.74249],[5.40899,59.74331],[5.41049,59.74407],[5.41448,59.74381],[5.41554,59.74314]],[[5.12593,59.72304],[5.13083,59.72193],[5.1305,59.7213],[5.12886,59.72052],[5.12803,59.72065],[5.12862,59.72128],[5.12766,59.72173],[5.12574,59.72171],[5.125,59.72253],[5.12221,59.72183],[5.12234,59.72268],[5.12384,59.72319],[5.12593,59.72304]],[[5.387,59.74058],[5.38582,59.73991],[5.38404,59.74157],[5.38226,59.74193],[5.3831,59.74333],[5.38576,59.7425],[5.387,59.74058]],[[5.2297,59.72955],[5.23032,59.72843],[5.22977,59.72663],[5.22903,59.72681],[5.22796,59.72849],[5.22486,59.72721],[5.22734,59.73182],[5.22785,59.73175],[5.22825,59.73019],[5.2297,59.72955]],[[5.39221,59.74269],[5.39448,59.74259],[5.39426,59.74172],[5.39284,59.74065],[5.39315,59.74038],[5.39763,59.73994],[5.3997,59.7392],[5.39889,59.73626],[5.39571,59.73414],[5.39603,59.73284],[5.39332,59.73163],[5.39262,59.73204],[5.39227,59.73385],[5.39245,59.73626],[5.38845,59.73637],[5.38474,59.7376],[5.38552,59.73845],[5.38756,59.73795],[5.38849,59.73881],[5.3899,59.739],[5.38912,59.74075],[5.38658,59.7425],[5.38658,59.74422],[5.38764,59.74436],[5.39214,59.74372],[5.39221,59.74269]],[[5.26464,59.73032],[5.26426,59.72899],[5.26238,59.72718],[5.26311,59.72521],[5.26398,59.7247],[5.26124,59.72367],[5.25852,59.72337],[5.25808,59.7237],[5.25999,59.725],[5.25677,59.72515],[5.25686,59.7314],[5.2576,59.73211],[5.25864,59.73191],[5.25984,59.73085],[5.25989,59.72945],[5.26058,59.72936],[5.26101,59.73097],[5.25948,59.73275],[5.25798,59.73319],[5.25787,59.73376],[5.2602,59.73598],[5.26221,59.73652],[5.26361,59.736],[5.2654,59.73296],[5.26464,59.73032]],[[5.3482,59.74131],[5.34708,59.74134],[5.34584,59.74242],[5.34647,59.74295],[5.34786,59.7432],[5.34882,59.74247],[5.3482,59.74131]],[[5.16332,59.70826],[5.16451,59.70876],[5.16469,59.71067],[5.1675,59.71146],[5.16791,59.71198],[5.16647,59.7125],[5.16568,59.71335],[5.16554,59.71481],[5.17099,59.71556],[5.17253,59.71647],[5.17128,59.71703],[5.16922,59.71654],[5.16771,59.71774],[5.16892,59.71848],[5.16982,59.71849],[5.17238,59.7195],[5.17341,59.72138],[5.17634,59.72189],[5.17681,59.72301],[5.17639,59.72478],[5.17708,59.72495],[5.17872,59.72426],[5.18052,59.72458],[5.1829,59.72385],[5.18387,59.72435],[5.18368,59.72488],[5.18195,59.72575],[5.18246,59.72981],[5.18378,59.73117],[5.1871,59.73328],[5.19452,59.73273]],[[5.39208,59.74643],[5.39132,59.74629],[5.39079,59.74684],[5.38818,59.74707],[5.38721,59.74779],[5.3882,59.74835],[5.38887,59.74825],[5.39145,59.74732],[5.39208,59.74643]],[[5.13923,59.73006],[5.14163,59.73012],[5.14311,59.72834],[5.14181,59.72634],[5.13958,59.72573],[5.1394,59.72638],[5.14018,59.72694],[5.1396,59.72726],[5.13763,59.72544],[5.13499,59.72666],[5.1351,59.72766],[5.13758,59.72989],[5.13868,59.73027],[5.13923,59.73006]],[[5.22514,59.73869],[5.2256,59.73795],[5.22785,59.73776],[5.22857,59.73923],[5.23028,59.7387],[5.2297,59.73756],[5.23078,59.73712],[5.23266,59.73386],[5.23209,59.73369],[5.23102,59.73427],[5.22927,59.73449],[5.22834,59.734],[5.22732,59.73214],[5.22532,59.73428]],[[5.28526,59.72872],[5.29019,59.72989],[5.29275,59.73257],[5.2942,59.7321],[5.29404,59.73083],[5.29625,59.72606],[5.30636,59.72546],[5.30945,59.72599],[5.31596,59.72542],[5.31689,59.72648],[5.31571,59.7273],[5.31555,59.73024],[5.31172,59.73231],[5.30852,59.73326],[5.30608,59.73294],[5.30446,59.732],[5.30427,59.73042],[5.30038,59.73197],[5.30298,59.73448],[5.30439,59.73677],[5.3076,59.73804],[5.31084,59.74349],[5.31379,59.74399],[5.31679,59.74606],[5.31808,59.74623],[5.31736,59.74367],[5.31591,59.74287],[5.31478,59.74299],[5.3143,59.74247],[5.31412,59.73909],[5.31833,59.73894],[5.32163,59.73581],[5.32526,59.735],[5.32506,59.73445],[5.32319,59.73389],[5.32388,59.73285],[5.33427,59.7298],[5.33426,59.72927],[5.33686,59.72828],[5.33762,59.72725],[5.33951,59.7269],[5.34092,59.72611],[5.3397,59.72474],[5.33865,59.72484],[5.33685,59.72702],[5.33467,59.72736],[5.33209,59.72932],[5.32711,59.73092],[5.32564,59.73084],[5.32459,59.72981],[5.32462,59.72722],[5.32661,59.72693],[5.32771,59.72556],[5.32976,59.72447],[5.32926,59.72353],[5.32716,59.72229],[5.32793,59.72061]],[[5.15706,59.73379],[5.15625,59.73303],[5.15387,59.73227],[5.15208,59.73197],[5.15096,59.73231],[5.15228,59.73353],[5.15426,59.73355],[5.15346,59.73516],[5.15668,59.73474],[5.15706,59.73379]],[[5.1234,59.73126],[5.12269,59.7307],[5.12192,59.73112],[5.12055,59.73014],[5.11828,59.7306],[5.11908,59.73193],[5.1218,59.73277],[5.1228,59.73251],[5.1234,59.73126]],[[5.115,59.73197],[5.11357,59.73205],[5.11276,59.73269],[5.11391,59.7343],[5.11465,59.73426],[5.11524,59.73366],[5.115,59.73197]],[[5.15277,59.73558],[5.1522,59.7354],[5.15059,59.73593],[5.15011,59.73683],[5.15061,59.73719],[5.15364,59.73735],[5.15277,59.73558]],[[5.19452,59.73273],[5.1984,59.7327],[5.20097,59.73392],[5.20064,59.73525],[5.20174,59.73664],[5.20025,59.73767],[5.20205,59.73979],[5.20103,59.74019],[5.19958,59.74015],[5.19863,59.74086],[5.20064,59.74196],[5.2024,59.7413],[5.20352,59.74153],[5.20438,59.74241],[5.20606,59.74262],[5.20669,59.74249],[5.2073,59.74102],[5.2084,59.74061],[5.20833,59.73882],[5.20992,59.73863],[5.21077,59.73652],[5.21139,59.7366],[5.21144,59.73747],[5.21327,59.73835],[5.21491,59.73828],[5.21789,59.73709],[5.22046,59.73733],[5.22537,59.73654],[5.2245,59.73563],[5.22532,59.73428]],[[5.23616,59.74243],[5.2341,59.74222],[5.23465,59.74348],[5.23374,59.74458],[5.23704,59.74587],[5.23747,59.74526],[5.23691,59.7442],[5.23766,59.74367],[5.23616,59.74243]],[[5.24591,59.71448],[5.24572,59.7153],[5.24436,59.71525],[5.24443,59.7175],[5.24489,59.71833],[5.24696,59.7191],[5.24932,59.72108],[5.24754,59.72181],[5.24602,59.72173],[5.24508,59.72121],[5.24452,59.72148],[5.24375,59.72539],[5.24538,59.72877],[5.24493,59.72915],[5.24331,59.72899],[5.24433,59.72997],[5.24314,59.73073],[5.24305,59.73265],[5.24438,59.73611],[5.24336,59.73892],[5.24075,59.74185],[5.24244,59.74315],[5.2412,59.74388],[5.23935,59.74412],[5.24205,59.7453],[5.24204,59.74615],[5.24423,59.74718],[5.24478,59.74708],[5.24652,59.74362],[5.24755,59.74366],[5.24805,59.74409],[5.2477,59.74475],[5.24671,59.74509],[5.24757,59.74578],[5.25252,59.74668],[5.25253,59.74295],[5.25372,59.74287],[5.25547,59.74367],[5.25562,59.74299],[5.25687,59.74292],[5.25996,59.74378],[5.26163,59.74645],[5.26408,59.74867],[5.26584,59.7494],[5.26824,59.74914],[5.26761,59.74785],[5.26778,59.74529],[5.27002,59.74307],[5.26928,59.74222],[5.26982,59.74133],[5.26926,59.73983],[5.27211,59.7366],[5.27251,59.73336],[5.27813,59.72837],[5.27792,59.72727],[5.279,59.72664],[5.28014,59.72656],[5.28256,59.72724],[5.28526,59.72872]],[[5.18218,59.74219],[5.18035,59.74225],[5.18252,59.74354],[5.18309,59.74306],[5.18218,59.74219]],[[5.12009,59.74012],[5.12178,59.73907],[5.12225,59.74025],[5.12318,59.74032],[5.12506,59.73918],[5.12465,59.73837],[5.12195,59.73821],[5.12282,59.7366],[5.11862,59.73634],[5.1168,59.73663],[5.11761,59.73749],[5.11534,59.73714],[5.11403,59.73752],[5.11649,59.73867],[5.11709,59.73961],[5.11836,59.73997],[5.11763,59.74049],[5.12009,59.74012]],[[5.22514,59.73869],[5.2238,59.74027],[5.22047,59.7412],[5.22278,59.74286],[5.22108,59.7431],[5.22243,59.7464],[5.22138,59.74673],[5.22054,59.74591],[5.21966,59.74633],[5.22407,59.75032]],[[5.22148,59.75109],[5.2205,59.75086],[5.22011,59.75145],[5.22188,59.75256],[5.22385,59.75224],[5.22148,59.75109]],[[5.12798,59.74283],[5.12651,59.74234],[5.1257,59.74388],[5.12726,59.74466],[5.12661,59.74503],[5.12687,59.74545],[5.12805,59.74565],[5.12867,59.74544],[5.12798,59.74283]],[[5.18984,59.74853],[5.189,59.74765],[5.18987,59.74718],[5.18784,59.74663],[5.1864,59.74519],[5.18699,59.74466],[5.18106,59.74454],[5.18262,59.74623],[5.18251,59.74696],[5.185,59.74916],[5.18921,59.75066]],[[5.18921,59.75066],[5.19068,59.75033],[5.18984,59.74853]],[[5.19528,59.75033],[5.19466,59.74848],[5.19319,59.74833],[5.19317,59.74933],[5.19198,59.74949],[5.19185,59.75056],[5.19552,59.75188],[5.19528,59.75033]],[[5.22451,59.75359],[5.22504,59.75177],[5.22303,59.75095],[5.22196,59.74939],[5.21958,59.75012],[5.21664,59.74847],[5.21581,59.74694],[5.21254,59.74597],[5.21032,59.74701],[5.21084,59.74779],[5.21242,59.74844],[5.21356,59.74813],[5.21518,59.74839],[5.21729,59.75203],[5.22021,59.75321],[5.21952,59.7543]],[[5.16279,59.74898],[5.16455,59.74888],[5.16494,59.74715],[5.16678,59.74753],[5.16708,59.74707],[5.16674,59.74503],[5.16571,59.74499],[5.16455,59.74637],[5.16331,59.74512],[5.16548,59.74397],[5.16529,59.74335],[5.16712,59.74324],[5.16739,59.74171],[5.16513,59.73926],[5.16006,59.73537],[5.15781,59.73496],[5.1589,59.73618],[5.15669,59.73687],[5.15655,59.73924],[5.15506,59.73906],[5.1547,59.738],[5.15357,59.73783],[5.15157,59.74017],[5.1489,59.7401],[5.14903,59.74142],[5.14781,59.74305],[5.15002,59.7443],[5.15128,59.74568],[5.15243,59.74825],[5.15527,59.74836],[5.15559,59.74773],[5.15743,59.74786],[5.15763,59.74698],[5.15682,59.74577],[5.16108,59.74522],[5.16145,59.74688],[5.16043,59.74705],[5.15979,59.74623],[5.15916,59.74653],[5.16014,59.74716],[5.15968,59.74933],[5.16161,59.74995],[5.16268,59.7496],[5.16279,59.74898]],[[5.19567,59.75213],[5.19318,59.75173],[5.19079,59.75194],[5.19135,59.75272],[5.19343,59.75292],[5.19567,59.75213]],[[5.18752,59.75186],[5.18639,59.75129],[5.18493,59.75161],[5.18804,59.75311],[5.18752,59.75186]],[[5.15799,59.74919],[5.15695,59.74913],[5.15649,59.75076],[5.15917,59.75122],[5.1596,59.75081],[5.15799,59.74919]],[[5.21282,59.75722],[5.21171,59.75667],[5.20957,59.75672],[5.20578,59.75444]],[[5.24065,59.75846],[5.24187,59.75828],[5.24138,59.75786],[5.24185,59.75736],[5.24492,59.75652],[5.24335,59.75532],[5.24503,59.75484],[5.24577,59.75286],[5.24474,59.75259],[5.24413,59.75328],[5.24262,59.75307],[5.24254,59.75196],[5.23761,59.74864],[5.23537,59.74841],[5.23592,59.74989],[5.23471,59.75205],[5.23238,59.75188],[5.23152,59.75405],[5.22995,59.75454],[5.22769,59.75392],[5.22407,59.75032]],[[5.13,59.74707],[5.12882,59.74604],[5.12752,59.74671],[5.1242,59.74647],[5.12321,59.747],[5.12392,59.74831],[5.12741,59.74956],[5.12767,59.75004],[5.12945,59.74948],[5.13013,59.74859],[5.13,59.74707]],[[5.21952,59.7543],[5.21871,59.75472],[5.21889,59.75519],[5.22121,59.75708],[5.22397,59.75772],[5.22579,59.7577],[5.22634,59.75736],[5.22594,59.75613],[5.22791,59.75536],[5.22581,59.75505],[5.22559,59.75571],[5.22501,59.75575],[5.22436,59.75504],[5.22451,59.75359]],[[5.13556,59.75139],[5.13556,59.75072],[5.13291,59.74951],[5.12989,59.7497],[5.12912,59.7509]],[[5.14606,59.75219],[5.14583,59.75064],[5.14389,59.74953],[5.14509,59.75211]],[[5.23429,59.75884],[5.23298,59.7558],[5.23661,59.75521],[5.23795,59.75544],[5.2375,59.75721],[5.24065,59.75846]],[[5.14891,59.7524],[5.15094,59.75035],[5.15041,59.74941],[5.14816,59.74824],[5.14911,59.74639],[5.14756,59.74611],[5.1466,59.74479],[5.14573,59.74447],[5.14408,59.74467],[5.14311,59.74437],[5.14333,59.74392],[5.14181,59.74253],[5.14248,59.74011],[5.1433,59.73961],[5.14274,59.73868],[5.14386,59.73824],[5.14414,59.73755],[5.14302,59.73574],[5.14293,59.73332],[5.14218,59.73216],[5.14148,59.73199],[5.13917,59.73303],[5.13975,59.73163],[5.13636,59.73019],[5.13591,59.73074],[5.1352,59.73069],[5.13448,59.7289],[5.1331,59.72813],[5.13288,59.72669],[5.1308,59.7262],[5.1282,59.72493],[5.12474,59.72433],[5.12415,59.72497],[5.12707,59.7263],[5.12393,59.72766],[5.12305,59.72908],[5.12507,59.73216],[5.12365,59.73273],[5.12481,59.73369],[5.12621,59.73339],[5.12654,59.73412],[5.12417,59.7344],[5.12163,59.73297],[5.11816,59.73237],[5.11741,59.73252],[5.11581,59.73437],[5.11976,59.7344],[5.12035,59.73549],[5.12139,59.73594],[5.1239,59.73608],[5.12492,59.73558],[5.12576,59.73613],[5.12371,59.73703],[5.12512,59.73775],[5.12802,59.73709],[5.12944,59.73754],[5.13035,59.73625],[5.13186,59.73623],[5.13257,59.73724],[5.13497,59.73717],[5.1367,59.73565],[5.13808,59.73522],[5.13721,59.736],[5.13808,59.7367],[5.13642,59.73714],[5.13615,59.73766],[5.1373,59.73921],[5.13673,59.73955],[5.13567,59.73887],[5.13482,59.73906],[5.13334,59.74176],[5.13471,59.745],[5.13758,59.74697],[5.14176,59.74857],[5.1415,59.7489],[5.14066,59.74873],[5.14027,59.74899],[5.14075,59.75033],[5.14328,59.75198]],[[5.18616,59.75522],[5.18395,59.75265],[5.18209,59.75282],[5.18153,59.75202],[5.18211,59.75154],[5.18042,59.7499],[5.1794,59.75009],[5.18031,59.75142],[5.1795,59.75162],[5.17838,59.75118],[5.17755,59.74947],[5.17584,59.74891],[5.17185,59.75079],[5.17082,59.75183],[5.17018,59.75401]],[[5.18951,59.75547],[5.18853,59.7554]],[[5.19483,59.75587],[5.19399,59.7547],[5.19305,59.75475],[5.1925,59.75531],[5.1911,59.75412],[5.18983,59.75372],[5.18946,59.75405],[5.19029,59.75553]],[[5.20578,59.75444],[5.20366,59.7513],[5.20213,59.75037],[5.1992,59.74952],[5.19834,59.75265],[5.20079,59.75632]],[[5.31933,59.76519],[5.3182,59.76447],[5.31758,59.76506]],[[5.32936,59.76593],[5.33311,59.76494],[5.33553,59.76254],[5.337,59.76246],[5.33795,59.76189],[5.33767,59.7605],[5.33529,59.75911],[5.33514,59.75848],[5.33636,59.75843],[5.33866,59.75931],[5.33945,59.75911],[5.34073,59.75767],[5.3437,59.75842],[5.34405,59.75791],[5.34757,59.75681],[5.34809,59.75601],[5.34837,59.75303],[5.34642,59.75216],[5.34263,59.75154],[5.34456,59.75016],[5.34423,59.74974],[5.34076,59.74935],[5.33845,59.74986],[5.33795,59.74829],[5.33926,59.74518],[5.34113,59.74491],[5.34166,59.74445],[5.34117,59.74335],[5.34296,59.74171],[5.34301,59.74067],[5.3457,59.73949],[5.347,59.73963],[5.34746,59.73905],[5.34722,59.73664],[5.34823,59.73534],[5.34635,59.73479],[5.3476,59.73229],[5.34834,59.73203],[5.34787,59.72793],[5.3484,59.72661],[5.35004,59.72624],[5.34998,59.72458],[5.34882,59.72456],[5.34632,59.72786],[5.34359,59.72957],[5.34217,59.72913],[5.33696,59.72915],[5.33945,59.72838],[5.34303,59.72891],[5.34386,59.72871],[5.34531,59.72755],[5.34614,59.72534],[5.34825,59.72405],[5.35176,59.72313],[5.35171,59.72237]],[[5.38267,59.76988],[5.38203,59.76854],[5.38283,59.76694],[5.38474,59.76624],[5.38793,59.76571],[5.38988,59.76598],[5.39131,59.7673],[5.39254,59.76763],[5.39593,59.76661],[5.39531,59.76433],[5.39455,59.76393],[5.39578,59.76314],[5.40049,59.76272],[5.40832,59.76262],[5.41297,59.76211],[5.41987,59.76254],[5.42085,59.7621],[5.41929,59.76151],[5.4102,59.76167],[5.40026,59.76126],[5.40409,59.75957],[5.40336,59.75802],[5.40133,59.75688],[5.40256,59.75602],[5.40229,59.75417],[5.40359,59.7532],[5.40224,59.75191],[5.40255,59.75099],[5.40449,59.75069],[5.40643,59.75136],[5.40935,59.7514],[5.41083,59.75064],[5.41482,59.7501],[5.41586,59.75084],[5.41874,59.74943],[5.4283,59.74993],[5.43113,59.74945],[5.43246,59.74976],[5.43371,59.74953],[5.43575,59.74839],[5.43707,59.74851],[5.43826,59.74943],[5.43929,59.74948],[5.44047,59.74946],[5.44218,59.7485],[5.44348,59.7485],[5.44439,59.7495],[5.44512,59.74813],[5.44682,59.74761],[5.44874,59.74732],[5.44984,59.74818]],[[5.18951,59.75547],[5.19029,59.75553]],[[5.21282,59.75722],[5.21269,59.75779],[5.21436,59.75941]],[[5.31933,59.76519],[5.32062,59.7668],[5.32399,59.76775],[5.3259,59.76682],[5.32936,59.76593]],[[5.14606,59.75219],[5.14784,59.75464],[5.14854,59.7544],[5.1479,59.75329],[5.14891,59.7524]],[[5.14328,59.75198],[5.14296,59.75333],[5.14598,59.7546],[5.14594,59.75409],[5.14441,59.75319],[5.14509,59.75211]],[[5.21436,59.75941],[5.21643,59.75945],[5.21972,59.75874],[5.22245,59.75967],[5.2243,59.75973],[5.22534,59.7608],[5.22677,59.76048],[5.22644,59.75972],[5.2278,59.75912],[5.23097,59.75871],[5.2324,59.75997],[5.23368,59.75973],[5.23429,59.75884]],[[5.39341,59.77258],[5.39269,59.77353]],[[5.39269,59.77353],[5.39733,59.77276],[5.39681,59.77238],[5.39341,59.77258]],[[5.18733,59.75701],[5.18862,59.75832],[5.18925,59.75722],[5.18853,59.7554]],[[5.20132,59.75713],[5.20117,59.75782],[5.20008,59.75719],[5.19892,59.75723],[5.19828,59.75862],[5.19882,59.75924]],[[5.38267,59.76988],[5.38276,59.77042],[5.38079,59.77095],[5.38265,59.77161],[5.3821,59.77274],[5.38856,59.77358]],[[5.23572,59.76249],[5.23566,59.76128],[5.23469,59.76047],[5.23402,59.76099],[5.23045,59.76082],[5.23012,59.76119],[5.23137,59.7617]],[[5.23137,59.7617],[5.23407,59.76205],[5.235,59.76305],[5.23572,59.76249]],[[5.11774,59.75437],[5.11721,59.75398],[5.11538,59.75426],[5.11598,59.75538],[5.11734,59.75507],[5.11774,59.75437]],[[5.19483,59.75587],[5.19416,59.75702],[5.19593,59.75917],[5.19457,59.75976],[5.19473,59.76033],[5.19593,59.76125],[5.19716,59.76156],[5.19807,59.76131],[5.19951,59.76185],[5.19989,59.76103],[5.19882,59.75924]],[[5.11338,59.7547],[5.11209,59.75332],[5.11115,59.7538],[5.10988,59.75356],[5.10848,59.75423],[5.11013,59.75527],[5.11029,59.75458],[5.11123,59.75428],[5.11207,59.75548],[5.11305,59.75526],[5.11338,59.7547]],[[5.10847,59.75701],[5.10698,59.75702],[5.10746,59.75813],[5.11009,59.75835],[5.10847,59.75701]],[[5.38856,59.77358],[5.38892,59.7744],[5.38709,59.77518],[5.38502,59.77514],[5.38422,59.77461],[5.38518,59.77435],[5.38491,59.77394],[5.38369,59.77393],[5.38334,59.77458],[5.38487,59.77601],[5.38792,59.77598],[5.39127,59.77538],[5.39071,59.77644],[5.38785,59.77706],[5.38866,59.77743],[5.38999,59.77714],[5.39088,59.77735],[5.38968,59.77793],[5.38904,59.77911],[5.38776,59.77958],[5.38539,59.77854],[5.38501,59.7773],[5.38222,59.77759],[5.38135,59.77706],[5.38237,59.77603],[5.38227,59.77495],[5.3797,59.77426],[5.38023,59.77381],[5.37976,59.77354],[5.37244,59.77313]],[[5.17018,59.75401],[5.17005,59.75512],[5.17198,59.75987],[5.17408,59.76197],[5.1741,59.76396]],[[5.1741,59.76396],[5.17549,59.76507],[5.17725,59.76415],[5.17909,59.76434],[5.18006,59.76638]],[[5.18006,59.76638],[5.18018,59.7673],[5.17931,59.76653]],[[5.17931,59.76653],[5.17758,59.76576],[5.17706,59.76658],[5.17508,59.76688],[5.1758,59.76943]],[[5.11147,59.76456],[5.11383,59.76293],[5.11576,59.75935],[5.11448,59.75796],[5.11371,59.75804],[5.11332,59.75878],[5.11038,59.75879],[5.11129,59.76025],[5.10859,59.76057],[5.10888,59.76377],[5.10747,59.76403],[5.10572,59.76155],[5.10398,59.76169],[5.10557,59.76266],[5.10575,59.76394],[5.10862,59.7657],[5.1101,59.7658],[5.11012,59.76531],[5.11147,59.76456]],[[5.15442,59.76817],[5.1526,59.76823],[5.15287,59.7702],[5.15435,59.77083],[5.15522,59.77074],[5.15544,59.77029],[5.15442,59.76817]],[[5.17725,59.77096],[5.17558,59.77008],[5.17505,59.77174],[5.17552,59.77294],[5.17755,59.77192],[5.17787,59.77149],[5.17725,59.77096]],[[5.35794,59.78675],[5.35684,59.78634],[5.35745,59.78499],[5.35711,59.78445],[5.35607,59.78427],[5.3564,59.78326],[5.35457,59.78307],[5.35277,59.78347],[5.3536,59.78142],[5.35243,59.77959],[5.35108,59.77925],[5.34921,59.77765],[5.34868,59.77776],[5.34853,59.77878],[5.34538,59.77948],[5.3456,59.78023],[5.34478,59.78061]],[[5.34478,59.78061],[5.34183,59.78091],[5.3375,59.78418],[5.33722,59.78483],[5.33851,59.78545]],[[5.35794,59.78675],[5.35911,59.78688],[5.36091,59.78557],[5.36262,59.7864],[5.36241,59.78724],[5.3657,59.78775],[5.36674,59.78755],[5.36542,59.78522],[5.36765,59.78464],[5.36835,59.78295],[5.36794,59.78231],[5.36654,59.78209],[5.36505,59.78053],[5.36326,59.77988],[5.36314,59.7783],[5.36411,59.77771],[5.36345,59.77663],[5.36487,59.7763],[5.36519,59.77564],[5.36401,59.77479],[5.36798,59.77293],[5.37244,59.77313]],[[5.31222,59.79017],[5.31519,59.78769],[5.32008,59.78099],[5.31781,59.77836],[5.31932,59.77534],[5.31799,59.77392],[5.32029,59.77142],[5.32033,59.76949],[5.32246,59.76821],[5.3186,59.76658],[5.31758,59.76506]],[[5.33851,59.78545],[5.33865,59.78597],[5.33601,59.78686],[5.33696,59.78898],[5.33581,59.78997],[5.33423,59.79022],[5.33302,59.7922],[5.33288,59.79313],[5.33476,59.79363]],[[5.16723,59.78219],[5.16793,59.78147],[5.1651,59.77906],[5.16444,59.77908],[5.16477,59.77976],[5.16389,59.78049],[5.16178,59.77849],[5.16212,59.77783],[5.16426,59.77708],[5.16387,59.77514],[5.16242,59.77347],[5.16226,59.77137],[5.15917,59.77114],[5.15685,59.76874],[5.15689,59.76807],[5.15814,59.76735],[5.15712,59.76668],[5.15716,59.76551],[5.15834,59.76528],[5.15927,59.76308],[5.16028,59.76245],[5.15783,59.76117],[5.15827,59.75931],[5.16064,59.75948],[5.16144,59.75996],[5.16264,59.76319],[5.16384,59.76213],[5.16574,59.76253],[5.16577,59.76022],[5.16693,59.75956],[5.16802,59.75974],[5.1676,59.76135],[5.16853,59.76286],[5.16734,59.76402],[5.16791,59.7644],[5.16995,59.76428],[5.17289,59.76579],[5.17384,59.7684],[5.1758,59.76943]],[[5.13556,59.75139],[5.13653,59.75284],[5.13847,59.75208],[5.14282,59.75416],[5.14293,59.75598],[5.14183,59.75646],[5.13799,59.75637],[5.13552,59.75571],[5.1345,59.75476],[5.13377,59.75577],[5.13927,59.75755],[5.1395,59.75832],[5.13788,59.75927],[5.13815,59.76002],[5.14266,59.76186],[5.14516,59.76122],[5.14489,59.75991],[5.14614,59.75929],[5.1478,59.76013],[5.14953,59.7624],[5.1495,59.76457],[5.15178,59.76758],[5.15135,59.76899],[5.15005,59.77027],[5.15118,59.77382],[5.15161,59.77422],[5.15376,59.77449],[5.15445,59.7755],[5.15767,59.77695],[5.16044,59.78035],[5.16402,59.78276]],[[5.16402,59.78276],[5.1645,59.78294],[5.16723,59.78219]],[[5.30952,59.7943],[5.31137,59.79296],[5.31222,59.79017]],[[5.12912,59.7509],[5.13182,59.75277],[5.12977,59.75376],[5.1317,59.75471],[5.13143,59.75532],[5.12942,59.75495],[5.12863,59.75523],[5.12995,59.75706],[5.13084,59.75744],[5.12944,59.75907],[5.12991,59.76044],[5.12943,59.76112],[5.12891,59.76134],[5.12843,59.76106],[5.1276,59.75862],[5.12611,59.75747],[5.12403,59.75684],[5.1225,59.75714],[5.12219,59.75786],[5.11991,59.75726],[5.11888,59.75768],[5.11961,59.76469],[5.11839,59.76451],[5.11792,59.76249],[5.11619,59.76195],[5.11513,59.76235],[5.1145,59.76396],[5.1134,59.76399],[5.11206,59.76486],[5.11258,59.76537],[5.11644,59.7665],[5.11578,59.76749],[5.11959,59.76932],[5.1208,59.76806],[5.11994,59.76715],[5.12062,59.76672],[5.12157,59.76691],[5.12191,59.7681],[5.12108,59.76921],[5.1211,59.77189],[5.11976,59.77176],[5.11942,59.7722],[5.12013,59.77306],[5.11878,59.77294],[5.11834,59.77047],[5.11718,59.76936],[5.1108,59.76708],[5.10765,59.76788],[5.10547,59.76969],[5.1065,59.77034],[5.10808,59.77049],[5.10732,59.77176],[5.10968,59.77303],[5.11011,59.77399],[5.10757,59.77407],[5.10693,59.77519],[5.10584,59.77393],[5.10419,59.77365],[5.10532,59.77538],[5.10621,59.776],[5.10736,59.77584],[5.10848,59.77725],[5.1102,59.77803],[5.11261,59.77853],[5.11411,59.77839],[5.11344,59.78008],[5.11747,59.78132]],[[5.10658,59.77993],[5.10553,59.77967],[5.10482,59.78011],[5.10536,59.78106],[5.10611,59.7812],[5.10759,59.7808],[5.10658,59.77993]],[[5.06976,59.77877],[5.07212,59.77863],[5.07212,59.77593],[5.0707,59.77521],[5.06824,59.77621],[5.06888,59.77725],[5.06787,59.77763],[5.06803,59.77829],[5.06976,59.77877]],[[5.11747,59.78132],[5.12225,59.78255],[5.1217,59.78311],[5.12354,59.7842],[5.12539,59.78419],[5.12699,59.78356],[5.12764,59.78458]],[[5.1651,59.78855],[5.16655,59.79093],[5.16721,59.79068],[5.16669,59.78936],[5.16734,59.78918]],[[5.16854,59.78488],[5.16679,59.78512],[5.16431,59.78355],[5.16335,59.78553],[5.16153,59.78615],[5.15914,59.78608],[5.15776,59.78762]],[[5.12439,59.78477],[5.12782,59.78567],[5.12764,59.78458]],[[5.15776,59.78762],[5.16339,59.78748],[5.16441,59.78774],[5.1651,59.78855]],[[5.3782,59.70847],[5.37796,59.71019],[5.37969,59.71053],[5.38022,59.71004]],[[5.42808,59.71595],[5.4272,59.71586],[5.42666,59.71631],[5.42628,59.71715],[5.42729,59.71759],[5.42888,59.71675],[5.42808,59.71595]],[[5.36646,59.71254],[5.36549,59.71386],[5.36549,59.71532],[5.36674,59.71507],[5.37141,59.71092],[5.37663,59.70983],[5.37753,59.70846],[5.3782,59.70847]],[[5.25273,59.71903],[5.25251,59.71847],[5.25014,59.71728],[5.2476,59.71738],[5.24939,59.71854],[5.25102,59.71868],[5.25216,59.71923],[5.25273,59.71903]],[[5.15331,59.71169],[5.15272,59.71058],[5.15119,59.71051],[5.14932,59.71107],[5.14607,59.70981],[5.14338,59.71042],[5.14118,59.71224],[5.14198,59.71316],[5.14541,59.71394],[5.14807,59.71361],[5.15109,59.71218],[5.1524,59.71225],[5.15331,59.71169]],[[5.11799,59.71232],[5.12032,59.71261],[5.12392,59.71171],[5.12538,59.71057],[5.12598,59.70929],[5.12056,59.70833],[5.12069,59.70927],[5.11979,59.70948],[5.11826,59.70923],[5.11807,59.71021],[5.11692,59.70948],[5.11598,59.70944],[5.1158,59.71001],[5.11462,59.71018],[5.11369,59.71089],[5.11349,59.71158],[5.11782,59.71408],[5.11796,59.71499],[5.11942,59.71425],[5.11792,59.71306],[5.11799,59.71232]],[[5.09813,59.71506],[5.09911,59.71438],[5.09626,59.71291],[5.09599,59.71219],[5.09129,59.71041],[5.09052,59.71051],[5.08991,59.71152],[5.08814,59.71216],[5.08918,59.71444],[5.09311,59.7149],[5.09434,59.71452],[5.09689,59.71527],[5.09813,59.71506]],[[5.16854,59.78488],[5.16923,59.78529],[5.16781,59.78623],[5.16933,59.78632],[5.1696,59.7869],[5.16916,59.78763],[5.16672,59.78803],[5.16667,59.78882],[5.16734,59.78918]],[[5.12439,59.78477],[5.11899,59.783],[5.11809,59.7833],[5.11798,59.78383],[5.12012,59.78627],[5.11723,59.78503]],[[5.09291,59.78462],[5.09063,59.78403],[5.09143,59.78614],[5.09364,59.78602],[5.09291,59.78462]],[[5.08802,59.7893],[5.08947,59.78942],[5.0909,59.78866],[5.09199,59.78724],[5.08981,59.78713],[5.08883,59.7866]],[[5.09422,59.78807],[5.09244,59.78825],[5.09138,59.78974],[5.09144,59.79049],[5.09365,59.79122],[5.09475,59.78926],[5.09422,59.78807]],[[5.12581,59.79589],[5.11952,59.79314],[5.11972,59.79245],[5.11812,59.7916],[5.11883,59.79084],[5.11467,59.79008],[5.11135,59.78789],[5.11053,59.78635],[5.11189,59.78593],[5.111,59.78533],[5.10835,59.78469],[5.10753,59.78386],[5.10878,59.78261],[5.11163,59.78267],[5.10939,59.78181],[5.10997,59.78059],[5.1108,59.78034],[5.11214,59.78087],[5.11345,59.78254],[5.11723,59.78503]],[[5.08939,59.79312],[5.08997,59.79432],[5.09181,59.7933]],[[5.1755,59.72238],[5.17451,59.72225],[5.17275,59.72291],[5.1734,59.72396],[5.17438,59.72431],[5.1764,59.7232],[5.1755,59.72238]],[[5.17034,59.73749],[5.16942,59.73739],[5.16887,59.73794],[5.16863,59.73878],[5.16952,59.73923],[5.17035,59.73912],[5.17034,59.73749]],[[5.24875,59.7303],[5.24795,59.73015],[5.24799,59.73143],[5.2467,59.7316],[5.24837,59.73224],[5.24938,59.73117],[5.24875,59.7303]],[[5.13226,59.72443],[5.12964,59.72288],[5.12799,59.72335],[5.12861,59.72415],[5.12697,59.72388],[5.1281,59.72471],[5.13038,59.72488],[5.13226,59.72443]],[[5.26587,59.73639],[5.26244,59.73713],[5.26329,59.73754],[5.26529,59.73747],[5.26587,59.73639]],[[5.20079,59.75632],[5.20132,59.75713]],[[5.18616,59.75522],[5.18733,59.75701]],[[5.20167,59.76918],[5.20314,59.76678],[5.19769,59.76333],[5.1967,59.7641],[5.19875,59.76563],[5.1986,59.76621],[5.1963,59.76746],[5.19639,59.76844],[5.19451,59.76838],[5.19422,59.76896],[5.19497,59.76978],[5.19811,59.76993],[5.19953,59.7704]],[[5.19953,59.7704],[5.20085,59.7704],[5.20167,59.76918]],[[5.11236,59.76584],[5.11155,59.76553],[5.11106,59.76572],[5.11356,59.76771],[5.11483,59.76786],[5.11236,59.76584]],[[5.10736,59.76747],[5.10691,59.76702],[5.10403,59.76717],[5.10445,59.7682],[5.1056,59.7686],[5.10721,59.76803],[5.10736,59.76747]],[[5.09181,59.7933],[5.09051,59.79249],[5.08939,59.79312]],[[5.08883,59.7866],[5.08703,59.78807],[5.08802,59.7893]]]}}]}