{"type":"FeatureCollection","features":[{"type":"Feature","properties":{},"geometry":{"type":"MultiLineString","coordinates":[[[4.97106,60.99001],[4.97181,60.99001]],[[4.99122,60.9921],[4.98901,60.99202],[4.98873,60.99271],[4.98771,60.99282],[4.98423,60.99268],[4.98317,60.99211],[4.98198,60.9924],[4.98239,60.99289],[4.98595,60.99329],[4.98552,60.99404],[4.99036,60.99481]],[[5.00014,61.00044],[4.99861,60.99634],[4.99036,60.99481]],[[4.97106,60.99001],[4.96389,60.99373],[4.96326,60.99499],[4.96185,60.9954],[4.96051,60.99532],[4.9597,60.99475],[4.95772,60.9948],[4.95733,60.99394],[4.95599,60.99402],[4.95595,60.9958],[4.95779,60.99766]],[[4.89506,60.99],[4.89391,60.98981],[4.89336,60.99021],[4.89247,60.99198],[4.89332,60.99324],[4.89394,60.99291],[4.89371,60.99159],[4.89494,60.99097],[4.89506,60.99]],[[4.97328,61.00061],[4.97228,60.99995],[4.96905,60.99957],[4.96766,61.00007]],[[4.97562,61.00001],[4.97683,60.99917],[4.97674,60.99847],[4.97391,60.99682],[4.97454,60.99485],[4.97319,60.9937],[4.97746,60.99204],[4.97615,60.99162],[4.97254,60.99139],[4.97181,60.99001]],[[4.97718,60.78004],[4.97708,60.78065],[4.97896,60.78183],[4.9796,60.78022]],[[4.88003,60.77316],[4.87946,60.77307],[4.87694,60.77416],[4.87713,60.7747],[4.87923,60.77445],[4.88003,60.77316]],[[4.96519,60.7811],[4.95582,60.78609],[4.95345,60.78915],[4.94793,60.79344]],[[4.66879,60.80169],[4.66839,60.80101],[4.66627,60.80053],[4.66601,60.80103],[4.66694,60.80155]],[[4.80703,60.81237],[4.80254,60.81156],[4.80163,60.81195]],[[4.81031,60.81262],[4.81075,60.81187],[4.80863,60.8114],[4.80769,60.81177],[4.8081,60.81245]],[[4.98318,60.79518],[4.98299,60.79617],[4.98461,60.79553]],[[4.71785,60.77723],[4.7225,60.77641],[4.72098,60.77602],[4.71785,60.77615]],[[4.98487,60.80061],[4.98379,60.8017]],[[4.95862,60.8019],[4.95402,60.80261]],[[4.90578,60.79919],[4.90474,60.80229]],[[4.6853,60.78767],[4.68533,60.78757]],[[4.8369,60.80241],[4.83499,60.80227],[4.83382,60.80336],[4.83591,60.80326],[4.8369,60.80241]],[[4.84114,60.80456],[4.84012,60.80438],[4.83947,60.80541],[4.83999,60.80611],[4.84255,60.80546],[4.8412,60.80498],[4.84114,60.80456]],[[4.68272,60.7956],[4.68371,60.79458],[4.6837,60.79259]],[[4.7976,60.81164],[4.7957,60.8115]],[[4.82982,60.81411],[4.8292,60.81406]],[[4.82982,60.81411],[4.83011,60.81413]],[[4.8056,60.81781],[4.80363,60.81707],[4.80081,60.81691],[4.79975,60.8172],[4.80098,60.81761],[4.80426,60.81758],[4.80499,60.81981],[4.80632,60.81948],[4.80707,60.81873],[4.8056,60.81781]],[[4.85559,60.8278],[4.85429,60.82749],[4.85332,60.82783],[4.85268,60.82947],[4.85395,60.82933],[4.85559,60.8278]],[[4.76665,60.82264],[4.7661,60.82284],[4.76638,60.82347]],[[4.89589,60.83555],[4.89452,60.83543],[4.89384,60.83493],[4.89235,60.83624],[4.89419,60.83658],[4.89601,60.83596],[4.89589,60.83555]],[[4.97159,60.76084],[4.96933,60.76111],[4.96658,60.76237],[4.96746,60.7652],[4.97009,60.76398],[4.97096,60.76283]],[[4.89815,60.76354],[4.90051,60.76215],[4.89919,60.76197]],[[4.85959,60.76142],[4.85627,60.76122],[4.85528,60.76153],[4.85497,60.76252],[4.85798,60.76244],[4.85959,60.76142]],[[4.95877,60.77865],[4.95917,60.77716]],[[4.87925,60.76031],[4.87621,60.76128],[4.87663,60.76236],[4.87106,60.76258],[4.86904,60.76309],[4.87163,60.76436],[4.87349,60.7642],[4.87391,60.76491],[4.8778,60.76487]],[[4.8632,60.76373],[4.86812,60.76092],[4.86822,60.76035],[4.86678,60.76034],[4.86678,60.76082],[4.86139,60.76264],[4.86118,60.76429],[4.86189,60.76437],[4.8632,60.76373]],[[4.8778,60.76487],[4.88755,60.76374],[4.88581,60.76502],[4.88632,60.76529],[4.88889,60.76502],[4.88852,60.76558],[4.88915,60.76604],[4.88349,60.76755],[4.88484,60.76784],[4.88756,60.76747],[4.88795,60.7677],[4.88618,60.768],[4.88644,60.76831],[4.89518,60.76683],[4.89771,60.76608],[4.89692,60.76514]],[[4.85522,60.76597],[4.86004,60.76431],[4.86079,60.76338],[4.86003,60.7624],[4.85695,60.76314],[4.85725,60.76366],[4.85865,60.76321],[4.85958,60.76331],[4.85706,60.76492],[4.85425,60.76473],[4.85223,60.76502],[4.85522,60.76597]],[[4.95249,60.7734],[4.95144,60.77364],[4.95174,60.77292],[4.95521,60.7714],[4.95718,60.76994],[4.95852,60.77],[4.95971,60.7695],[4.95853,60.76899],[4.9627,60.76663],[4.96365,60.76401],[4.96506,60.76281]],[[4.87611,60.77015],[4.88014,60.76995],[4.88175,60.76943],[4.88153,60.76879],[4.8825,60.76826],[4.8791,60.76859],[4.88004,60.76922],[4.87627,60.76965]],[[4.87627,60.76965],[4.87542,60.76998],[4.87611,60.77015]],[[4.95917,60.77716],[4.96296,60.77456],[4.96175,60.77405],[4.96599,60.77048],[4.96308,60.77009],[4.95869,60.77101],[4.95517,60.77191],[4.95249,60.7734]],[[4.9796,60.78022],[4.97934,60.77947],[4.98096,60.77717],[4.98061,60.77689],[4.97886,60.7779],[4.97928,60.7784],[4.97718,60.78004]],[[4.87553,60.772],[4.87912,60.77188],[4.88013,60.77225],[4.8827,60.77113],[4.8855,60.77062],[4.88673,60.77114],[4.8897,60.77018]],[[4.87204,60.77207],[4.87553,60.772]],[[4.87204,60.77207],[4.87114,60.77237],[4.87092,60.77312],[4.87246,60.77335],[4.87261,60.77456],[4.87452,60.77516]],[[4.87433,60.77574],[4.87447,60.77576]],[[4.87447,60.77576],[4.87536,60.77523],[4.87452,60.77516]],[[4.9276,60.78084],[4.92709,60.78107]],[[4.85312,60.77355],[4.85202,60.77342],[4.84853,60.77416],[4.84728,60.77524],[4.85029,60.77501],[4.85312,60.77355]],[[4.86547,60.7741],[4.86213,60.77416],[4.85662,60.77502],[4.85537,60.77645],[4.85668,60.77653],[4.86355,60.77552],[4.86547,60.7741]],[[4.92709,60.78107],[4.92375,60.78269]],[[4.92438,60.78329],[4.92576,60.78285],[4.92688,60.78318],[4.92826,60.78295],[4.92899,60.78166]],[[4.85015,60.77689],[4.84942,60.77648],[4.8461,60.77705],[4.84524,60.77761],[4.84807,60.77803],[4.84972,60.77769],[4.85015,60.77689]],[[4.94313,60.78545],[4.9433,60.78502],[4.94471,60.78606],[4.9459,60.78607],[4.94626,60.78392],[4.94778,60.78311],[4.94828,60.78327],[4.94782,60.78451],[4.94885,60.7847],[4.94981,60.78427],[4.94858,60.78161],[4.94955,60.78087]],[[4.87433,60.77574],[4.86998,60.77642],[4.86863,60.77737],[4.86435,60.77902],[4.86326,60.78011],[4.86349,60.78091]],[[4.96072,60.79527],[4.96689,60.79099]],[[4.9156,60.7861],[4.92001,60.78443],[4.92185,60.78428],[4.92143,60.78504],[4.92195,60.78544],[4.91888,60.78668]],[[4.68789,60.76655],[4.68684,60.76652],[4.68495,60.76885],[4.68762,60.76857],[4.68845,60.768],[4.68789,60.76655]],[[4.84509,60.78071],[4.84876,60.78025],[4.84892,60.77881],[4.84645,60.77826],[4.84398,60.77833],[4.84431,60.77934],[4.84232,60.78076],[4.843,60.78118],[4.84509,60.78071]],[[5.00043,60.78179],[4.99923,60.7828],[4.99945,60.78384],[4.99401,60.78936],[4.99776,60.78979],[4.99353,60.79198],[4.99503,60.79202],[4.99619,60.79091],[4.99876,60.7904],[4.99551,60.79244],[4.9961,60.79348],[4.99727,60.79351],[4.99984,60.79255],[5.00117,60.79152]],[[4.84113,60.78014],[4.83948,60.77962],[4.83648,60.78081],[4.83659,60.78252],[4.84019,60.782],[4.84151,60.7807],[4.84113,60.78014]],[[4.98318,60.79518],[4.98467,60.79388]],[[4.71512,60.77568],[4.71785,60.77559],[4.71785,60.77521],[4.71644,60.77507],[4.71311,60.7756],[4.71457,60.77596],[4.71512,60.77568]],[[4.86349,60.78091],[4.85749,60.78383],[4.85701,60.7846],[4.85812,60.78574],[4.86187,60.78565],[4.85797,60.7865],[4.85755,60.78682],[4.85809,60.78704]],[[4.85011,60.78692],[4.85501,60.78514],[4.85551,60.78348],[4.85252,60.78273],[4.85646,60.78082],[4.85671,60.78007],[4.85732,60.78008],[4.8574,60.78072],[4.85835,60.78078],[4.86151,60.78012],[4.86264,60.77968],[4.86354,60.7784],[4.86126,60.77933],[4.85957,60.77879],[4.85759,60.77956],[4.85708,60.77917],[4.85341,60.77959],[4.84997,60.78234],[4.84674,60.7835],[4.84781,60.78423],[4.84723,60.78485],[4.84326,60.7862],[4.84398,60.78659],[4.84712,60.78592],[4.84803,60.78713],[4.85011,60.78692]],[[4.71785,60.77723],[4.71785,60.77756],[4.71947,60.77776],[4.72206,60.77769]],[[4.81823,60.78352],[4.81653,60.7836],[4.81546,60.78404],[4.81523,60.78564],[4.81697,60.78508],[4.81823,60.78352]],[[4.72206,60.77769],[4.7259,60.77697],[4.72686,60.77536],[4.72082,60.77514],[4.71939,60.77373],[4.7162,60.7734],[4.71359,60.77414],[4.71105,60.77397],[4.7128,60.77493],[4.70964,60.77685],[4.70801,60.7772],[4.71288,60.77761]],[[4.71288,60.77761],[4.71598,60.77806],[4.71733,60.77745],[4.71531,60.77717],[4.71561,60.77607],[4.71785,60.77615]],[[4.84482,60.78686],[4.84201,60.78708],[4.8418,60.78813],[4.84444,60.78755],[4.84482,60.78686]],[[4.81369,60.78454],[4.81245,60.7844],[4.81152,60.78527],[4.81199,60.78591],[4.81428,60.7857],[4.81369,60.78454]],[[4.84155,60.78602],[4.8406,60.78527],[4.83847,60.7858],[4.84015,60.78608],[4.83904,60.78671],[4.83957,60.78838],[4.84089,60.78803],[4.84155,60.78602]],[[4.83595,60.78231],[4.83175,60.77974],[4.83096,60.77981],[4.82817,60.78162],[4.82755,60.781],[4.82616,60.7809],[4.82516,60.78161],[4.82309,60.7819],[4.8213,60.78267],[4.81812,60.78526],[4.81762,60.78672],[4.8307,60.78421],[4.83599,60.78264],[4.83595,60.78231]],[[4.80379,60.78448],[4.80021,60.78475],[4.79665,60.7863],[4.80191,60.78539],[4.80379,60.78448]],[[4.95955,60.79897],[4.96299,60.79628],[4.9671,60.79491],[4.97189,60.79405],[4.97518,60.7923],[4.98482,60.78856]],[[4.81567,60.78636],[4.81499,60.78604],[4.81404,60.78629],[4.8129,60.78981],[4.8152,60.78947],[4.81604,60.78887],[4.8167,60.78665],[4.81567,60.78636]],[[4.95167,60.79884],[4.95591,60.7978],[4.96072,60.79527]],[[4.85809,60.78704],[4.8635,60.78661],[4.86102,60.78745],[4.85857,60.78767],[4.8559,60.78864],[4.85671,60.78889],[4.85811,60.78864],[4.85778,60.78976],[4.85847,60.79015],[4.86159,60.79017],[4.85813,60.79231]],[[4.98379,60.8017],[4.98487,60.80226],[4.98813,60.80101],[4.99088,60.80081],[4.99121,60.79865],[4.99337,60.79758]],[[4.86907,60.78965],[4.86753,60.78946],[4.86367,60.79333],[4.86515,60.7933],[4.86907,60.78965]],[[4.94793,60.79344],[4.94582,60.79441],[4.94543,60.79505],[4.94553,60.79747],[4.94458,60.79934],[4.94678,60.79971],[4.95167,60.79884]],[[4.959,60.8007],[4.96035,60.80074],[4.96033,60.80123]],[[4.94231,60.79844],[4.94163,60.79836],[4.93893,60.79946],[4.9385,60.80023],[4.94206,60.79894],[4.94231,60.79844]],[[4.72411,60.77999],[4.72629,60.78035],[4.72828,60.78163],[4.72611,60.78269],[4.72499,60.78402],[4.72988,60.78448],[4.73105,60.78392],[4.73059,60.78343],[4.73426,60.78156],[4.73541,60.78138],[4.73715,60.78019],[4.73854,60.77893],[4.73747,60.77805],[4.73947,60.77817],[4.74193,60.77682],[4.74356,60.77482],[4.74282,60.77209],[4.73782,60.77357],[4.73447,60.77546],[4.73324,60.77559],[4.73359,60.77487],[4.73151,60.77445],[4.73648,60.77314],[4.73819,60.77214],[4.73972,60.77182],[4.74071,60.77083],[4.74091,60.76895],[4.74223,60.76867],[4.74434,60.76738],[4.74489,60.76584],[4.74425,60.76399],[4.74633,60.76242]],[[4.93462,60.80095],[4.93729,60.79851],[4.93888,60.79886],[4.94353,60.79669],[4.93892,60.79762],[4.93909,60.7969],[4.93835,60.79669],[4.93569,60.79695],[4.93053,60.80031]],[[4.81241,60.79164],[4.81152,60.79145],[4.81062,60.79221],[4.81051,60.79295],[4.81111,60.79319],[4.81198,60.79309],[4.81241,60.79164]],[[4.70966,60.77846],[4.71095,60.77894],[4.71157,60.77995],[4.71111,60.78082],[4.70978,60.78095],[4.70788,60.78212],[4.7091,60.7833],[4.71125,60.78356],[4.71094,60.78248],[4.71172,60.78207],[4.71112,60.78126],[4.71163,60.78111],[4.71463,60.78238],[4.7157,60.78346],[4.71791,60.78372],[4.71897,60.78424],[4.7205,60.78423],[4.72138,60.78521],[4.72266,60.78555],[4.72379,60.78521],[4.72165,60.78435],[4.7222,60.78236],[4.71891,60.78199],[4.72172,60.78153],[4.72309,60.78064],[4.72202,60.77994],[4.71978,60.78008],[4.72064,60.77928],[4.72411,60.77999]],[[4.85813,60.79231],[4.85832,60.79122],[4.85564,60.79177],[4.85427,60.79148],[4.8522,60.79271],[4.85194,60.7919],[4.85306,60.79063],[4.85083,60.79108],[4.84859,60.7933],[4.85127,60.79418],[4.84891,60.7952],[4.84846,60.79654],[4.84989,60.79663],[4.85296,60.7949],[4.8541,60.79535],[4.85536,60.79498],[4.85597,60.79457],[4.85529,60.79405],[4.85693,60.79342],[4.8585,60.79377],[4.85762,60.79505],[4.86136,60.79448]],[[4.7077,60.78472],[4.70457,60.78498],[4.70531,60.78607],[4.70952,60.78562],[4.7089,60.78498],[4.7077,60.78472]],[[4.86533,60.80076],[4.86443,60.80387],[4.86385,60.80396],[4.86396,60.80462],[4.86513,60.80459]],[[4.70905,60.75954],[4.70913,60.76032],[4.70716,60.75986],[4.70563,60.76115],[4.70405,60.76047],[4.70313,60.76062],[4.70221,60.76391],[4.69853,60.76344],[4.69774,60.76368],[4.69687,60.76497],[4.69781,60.76521],[4.69894,60.7648],[4.69945,60.76591],[4.69784,60.76724],[4.69848,60.76858],[4.69697,60.76847],[4.69624,60.76924],[4.69654,60.77129],[4.694,60.7712],[4.69345,60.77174],[4.69563,60.77223],[4.69996,60.77435],[4.70338,60.77474],[4.7054,60.7746],[4.70688,60.77566],[4.70604,60.77616],[4.70479,60.77549],[4.70289,60.77541],[4.70161,60.77585],[4.70195,60.77648],[4.69936,60.77681],[4.69826,60.77579],[4.69687,60.77549],[4.6922,60.77559],[4.69169,60.776],[4.69229,60.77796],[4.69034,60.77829],[4.69013,60.77909],[4.69074,60.77952],[4.69361,60.77992],[4.69207,60.78128],[4.69617,60.78316],[4.69498,60.78317],[4.69445,60.7837],[4.68946,60.78258],[4.68886,60.78295],[4.69142,60.7844],[4.69629,60.78512],[4.69499,60.78396],[4.69551,60.78375],[4.69855,60.78507],[4.70161,60.78565],[4.70318,60.78658],[4.70405,60.78607],[4.70294,60.78437],[4.70388,60.78413],[4.70477,60.78239],[4.70701,60.78181],[4.7051,60.7799],[4.70646,60.77897],[4.70966,60.77846]],[[4.68232,60.78887],[4.68067,60.78848],[4.67977,60.78873],[4.67968,60.79004],[4.68119,60.79056],[4.68337,60.78996],[4.68348,60.78954],[4.68232,60.78887]],[[4.92195,60.80358],[4.92356,60.8029],[4.92143,60.80283],[4.92363,60.8016],[4.9233,60.80036],[4.92489,60.79853],[4.92304,60.79821],[4.92168,60.79857],[4.92122,60.79836],[4.92587,60.79549]],[[4.87013,60.79711],[4.86979,60.79611],[4.86862,60.79955]],[[4.86862,60.79955],[4.86932,60.79956],[4.87013,60.79711]],[[4.85651,60.79633],[4.85587,60.79628],[4.85439,60.79764],[4.8532,60.79805],[4.8535,60.79882],[4.85432,60.79883],[4.85629,60.79783],[4.85698,60.79725],[4.85651,60.79633]],[[4.71144,60.78773],[4.71278,60.78711],[4.71635,60.78698],[4.71855,60.78646],[4.71841,60.78561],[4.71616,60.78523],[4.71283,60.78549],[4.71154,60.78589],[4.71239,60.7869],[4.70803,60.78693],[4.7073,60.78738],[4.70782,60.78766],[4.7093,60.78745],[4.7097,60.78806],[4.71144,60.78773]],[[4.6769,60.78322],[4.67553,60.78337],[4.67677,60.78563],[4.67903,60.78503],[4.6769,60.78322]],[[4.86136,60.79448],[4.86194,60.79463],[4.86105,60.79709],[4.86167,60.79747],[4.86024,60.79965],[4.86086,60.80036],[4.8624,60.80085],[4.86548,60.79969],[4.86533,60.80076]],[[4.84061,60.79802],[4.84159,60.79831],[4.84206,60.79785],[4.84158,60.79564],[4.84332,60.79551],[4.84453,60.7949],[4.84455,60.79393],[4.84714,60.79266],[4.84918,60.79047],[4.849,60.79007],[4.84666,60.79041],[4.84588,60.79018],[4.84848,60.78911],[4.84869,60.78753],[4.84322,60.7884],[4.8384,60.79102],[4.83774,60.79287],[4.83907,60.79306],[4.84229,60.79251],[4.84263,60.79332],[4.83862,60.79448],[4.83714,60.79634],[4.8349,60.79509],[4.8333,60.7956],[4.83353,60.79803],[4.8357,60.79801],[4.83658,60.79715],[4.83753,60.79706],[4.83713,60.79848],[4.83882,60.79914],[4.84061,60.79802]],[[4.84821,60.79946],[4.84888,60.7992],[4.85104,60.7996],[4.85146,60.79865],[4.84856,60.79795],[4.84541,60.79966],[4.84753,60.80045],[4.84821,60.79946]],[[4.66976,60.78455],[4.66856,60.78458],[4.66696,60.78712],[4.66851,60.78646],[4.66976,60.78455]],[[4.68533,60.78757],[4.68522,60.7868],[4.68362,60.78656],[4.68334,60.78866],[4.68432,60.78869],[4.6853,60.78767]],[[4.90474,60.80229],[4.90331,60.80425],[4.90454,60.80463],[4.90431,60.80596],[4.90501,60.80619],[4.91605,60.80202],[4.91718,60.80166],[4.91763,60.8019]],[[4.67315,60.78812],[4.67331,60.78562],[4.67183,60.78509],[4.66962,60.78725],[4.67105,60.78752],[4.67201,60.78865],[4.67294,60.78857],[4.67315,60.78812]],[[4.69007,60.78883],[4.69056,60.78854],[4.69113,60.78902],[4.69227,60.78892],[4.6929,60.78744],[4.69092,60.78564],[4.6875,60.78492],[4.687,60.78563],[4.68835,60.78703],[4.68797,60.78731],[4.68962,60.7882],[4.6883,60.78876],[4.68849,60.79041],[4.69007,60.78883]],[[4.83075,60.79986],[4.83309,60.80028],[4.83453,60.79863],[4.83007,60.79858],[4.82702,60.80091],[4.82812,60.80121],[4.83075,60.79986]],[[4.86513,60.80459],[4.86672,60.80382],[4.86774,60.80421],[4.86892,60.80378],[4.86846,60.80115],[4.86978,60.80094],[4.87075,60.79865],[4.87251,60.79926],[4.87116,60.80065],[4.87289,60.80145],[4.87022,60.80353],[4.87006,60.80455],[4.8711,60.80481],[4.88786,60.79659],[4.88918,60.79673],[4.89275,60.79505],[4.90029,60.79287],[4.90277,60.79115],[4.90872,60.78838],[4.91005,60.78845],[4.9156,60.7861]],[[4.6995,60.79198],[4.70223,60.79118],[4.69803,60.78999],[4.69747,60.79016],[4.69829,60.79078],[4.69771,60.79138],[4.6962,60.79033],[4.69535,60.79026],[4.6951,60.79147],[4.69392,60.79197],[4.69589,60.79265],[4.6995,60.79198]],[[4.95628,60.80931],[4.96132,60.80787],[4.96281,60.80895],[4.96265,60.81066],[4.96351,60.81118],[4.9635,60.81198],[4.9642,60.81211],[4.96761,60.81059],[4.96974,60.8101],[4.9697,60.80936],[4.97194,60.8073],[4.97834,60.80591],[4.97903,60.80632],[4.97884,60.80731],[4.97758,60.80797],[4.97541,60.80829],[4.97331,60.80978],[4.97508,60.81036],[4.97454,60.81136],[4.97531,60.81166],[4.98056,60.81165],[4.97821,60.8137],[4.97884,60.81436],[4.981,60.81455]],[[4.92169,60.80539],[4.92161,60.80736],[4.91852,60.80939],[4.92282,60.81021],[4.92314,60.81065],[4.92459,60.81066],[4.93012,60.80862],[4.92984,60.80816],[4.93191,60.80608],[4.93109,60.80546],[4.93385,60.80373],[4.93362,60.80152],[4.93462,60.80095]],[[4.70359,60.79368],[4.70656,60.79219],[4.70557,60.79175],[4.70356,60.79186],[4.70353,60.79089],[4.70439,60.79028],[4.70368,60.79002],[4.70298,60.79031],[4.7023,60.79192],[4.69823,60.79322],[4.69901,60.79352],[4.70188,60.79344],[4.70246,60.79396],[4.70359,60.79368]],[[4.79903,60.79979],[4.79749,60.79969],[4.79652,60.80058],[4.79793,60.80138],[4.79903,60.80105],[4.79903,60.79979]],[[4.8327,60.80345],[4.83322,60.80218],[4.83275,60.80136],[4.82984,60.80124],[4.82809,60.80285],[4.83006,60.80316],[4.8306,60.80399],[4.8327,60.80345]],[[4.981,60.81455],[4.98278,60.81471],[4.98165,60.81541],[4.98172,60.81618],[4.98562,60.81481]],[[4.7025,60.7948],[4.70055,60.79463],[4.70011,60.79554],[4.70179,60.79599],[4.70263,60.79554],[4.7025,60.7948]],[[4.78104,60.79903],[4.77971,60.79909],[4.77778,60.80001],[4.78014,60.80045],[4.77931,60.80096],[4.78019,60.80131],[4.78389,60.8012],[4.78332,60.79976],[4.78104,60.79903]],[[4.82053,60.79823],[4.82177,60.79841],[4.82055,60.80019],[4.81688,60.80284],[4.81652,60.80378],[4.81791,60.8045],[4.81921,60.80416],[4.82036,60.80275],[4.82149,60.80261],[4.82213,60.80209],[4.82498,60.79764],[4.82797,60.7965],[4.83076,60.7941],[4.83254,60.79365],[4.83171,60.79191],[4.83359,60.79048],[4.83564,60.79056],[4.83808,60.78869],[4.83775,60.78844],[4.83693,60.78861],[4.83511,60.78975],[4.8345,60.78969],[4.83533,60.78835],[4.83451,60.78788],[4.83616,60.78706],[4.83592,60.78622],[4.83362,60.78609],[4.83098,60.78743],[4.82961,60.79005],[4.82948,60.78862],[4.82753,60.78832],[4.82478,60.78907],[4.82432,60.78753],[4.82198,60.7879],[4.82112,60.7904],[4.82235,60.79076],[4.82217,60.79189],[4.82022,60.79207],[4.81949,60.79154],[4.81693,60.79213],[4.81613,60.7953],[4.81495,60.7954],[4.81405,60.79645],[4.81443,60.79727],[4.81567,60.79721],[4.81635,60.79836],[4.81552,60.7991],[4.80906,60.80155],[4.80965,60.80334],[4.81297,60.80411],[4.82053,60.79823]],[[4.78918,60.79615],[4.78699,60.79557],[4.78509,60.7956],[4.78263,60.79689],[4.78489,60.80089],[4.78679,60.80243],[4.79001,60.80225],[4.79289,60.80025],[4.78918,60.79615]],[[4.85241,60.80698],[4.8513,60.80654],[4.84987,60.80674],[4.84968,60.80782],[4.85093,60.80821],[4.85235,60.80772],[4.85241,60.80698]],[[4.69191,60.79641],[4.69392,60.79568],[4.69812,60.79599],[4.69916,60.79453],[4.69524,60.79435],[4.69231,60.7949],[4.69186,60.7947],[4.69243,60.79394],[4.69004,60.79303],[4.68817,60.7935],[4.68797,60.79439],[4.68731,60.79393],[4.68641,60.79406],[4.68707,60.79572],[4.68849,60.79633],[4.6909,60.79664],[4.69191,60.79641]],[[4.88783,60.80767],[4.88566,60.80811],[4.88202,60.81],[4.88284,60.81069],[4.88199,60.81183],[4.88401,60.81129],[4.8854,60.81038],[4.88783,60.80767]],[[4.81244,60.80597],[4.811,60.80566],[4.80975,60.80613],[4.80936,60.80708],[4.81075,60.80746],[4.81305,60.80674],[4.81244,60.80597]],[[4.6837,60.79259],[4.68191,60.79176],[4.67798,60.79142],[4.67725,60.79237],[4.67583,60.79126],[4.67354,60.7909],[4.67271,60.79112],[4.67267,60.79259],[4.66939,60.79053],[4.66687,60.78994],[4.66548,60.79039],[4.66534,60.79145],[4.66815,60.79388],[4.66948,60.79403],[4.66983,60.79474],[4.67406,60.7932],[4.67382,60.79392],[4.67541,60.79538],[4.67531,60.79643],[4.67729,60.79782],[4.67882,60.79746],[4.6785,60.79537],[4.67923,60.7947],[4.67999,60.79479],[4.68043,60.79605],[4.68272,60.7956]],[[4.69836,60.79729],[4.69463,60.79685],[4.69346,60.79777],[4.69344,60.79905],[4.6949,60.79948],[4.6985,60.79899],[4.69902,60.7975],[4.69836,60.79729]],[[4.84061,60.81034],[4.84211,60.80887],[4.84066,60.80841],[4.84051,60.80967],[4.83969,60.81],[4.83895,60.80936],[4.83847,60.80975],[4.83891,60.81077],[4.84061,60.81034]],[[4.79603,60.80565],[4.79582,60.80531],[4.79478,60.80549],[4.79305,60.80485],[4.79175,60.80483],[4.79022,60.80567],[4.78955,60.80698],[4.7908,60.8076],[4.79232,60.80777],[4.79169,60.80686],[4.79497,60.80634],[4.79603,60.80565]],[[4.78704,60.80637],[4.78443,60.80618],[4.78318,60.80643],[4.78285,60.80686],[4.78376,60.80794],[4.78619,60.80792],[4.78596,60.80692],[4.78704,60.80637]],[[4.80982,60.81008],[4.81175,60.81045],[4.81264,60.80973],[4.8123,60.80919],[4.80943,60.80858],[4.80984,60.80763],[4.80657,60.80662],[4.80666,60.80548],[4.80872,60.80476],[4.80868,60.80383],[4.80625,60.80403],[4.80584,60.80521],[4.80219,60.80383],[4.80121,60.80409],[4.80005,60.80588],[4.7975,60.80561],[4.79793,60.80677],[4.80054,60.80676],[4.80159,60.80731],[4.80385,60.80744],[4.80391,60.80867],[4.80263,60.80971],[4.80482,60.80968],[4.80584,60.80922],[4.80616,60.81035],[4.80982,60.81008]],[[4.68096,60.80103],[4.68109,60.80061]],[[4.90683,60.81681],[4.90807,60.81603],[4.90788,60.81568],[4.90291,60.8164],[4.903,60.81672],[4.90579,60.81693],[4.90323,60.8175],[4.90315,60.81801],[4.904,60.81818],[4.90615,60.81765],[4.90727,60.81718],[4.90683,60.81681]],[[4.68109,60.80061],[4.68059,60.80026],[4.68148,60.79869],[4.68105,60.79845],[4.67862,60.80003],[4.68096,60.80103]],[[4.84001,60.81298],[4.83944,60.81283],[4.8379,60.81374],[4.83794,60.81437],[4.83868,60.81464],[4.83972,60.81417],[4.84001,60.81298]],[[4.78928,60.80863],[4.78794,60.80799],[4.78675,60.80806],[4.78502,60.80872],[4.78514,60.80915],[4.78619,60.80969],[4.78831,60.80977],[4.78961,60.80945],[4.78928,60.80863]],[[4.84709,60.81206],[4.84834,60.81096],[4.84887,60.80887],[4.84805,60.80844],[4.84867,60.80733],[4.8475,60.80602],[4.84783,60.80493],[4.84544,60.80594],[4.84447,60.80771],[4.84493,60.80874],[4.84638,60.80969],[4.84464,60.80981],[4.84405,60.81071],[4.84496,60.81111],[4.8468,60.8109],[4.84403,60.81222],[4.84374,60.81381],[4.84434,60.81448],[4.84681,60.81289],[4.84709,60.81206]],[[4.81861,60.81325],[4.8199,60.81236],[4.81953,60.81177],[4.82254,60.81033],[4.82259,60.80988],[4.8209,60.80894],[4.81723,60.81015],[4.81677,60.81118],[4.81814,60.81233],[4.81679,60.81311]],[[4.82256,60.81356],[4.82238,60.81301],[4.82041,60.81339]],[[4.83011,60.81413],[4.83364,60.81294],[4.8337,60.81164],[4.83629,60.8095],[4.83632,60.80846],[4.83508,60.80779],[4.83769,60.806],[4.83725,60.80531],[4.83622,60.80514],[4.83527,60.80551],[4.83563,60.80573],[4.83487,60.80629],[4.83346,60.80574],[4.82893,60.8082],[4.82874,60.80892],[4.83115,60.81066],[4.83288,60.81006],[4.83339,60.81022],[4.83089,60.81234],[4.83113,60.81299],[4.82965,60.81344],[4.82905,60.8111],[4.8278,60.81048],[4.82709,60.81163],[4.82787,60.81279],[4.82682,60.81388]],[[4.87717,60.81772],[4.87772,60.81505],[4.8768,60.81458],[4.87094,60.81606],[4.86857,60.81707]],[[4.8893,60.81865],[4.89528,60.81518],[4.89693,60.81475],[4.89678,60.81449],[4.89139,60.81532],[4.89054,60.815],[4.89011,60.81323],[4.88797,60.81358],[4.88672,60.81416],[4.88318,60.81818]],[[4.98816,60.82613],[4.98922,60.82571],[4.9935,60.82578]],[[4.80703,60.81237],[4.8081,60.81245]],[[4.66694,60.80155],[4.66817,60.80225],[4.66879,60.80169]],[[4.81679,60.81311],[4.81565,60.81369],[4.81614,60.8143],[4.81861,60.81325]],[[4.7957,60.8115],[4.7946,60.81212],[4.79565,60.81315],[4.79705,60.81356],[4.79919,60.81267],[4.79857,60.8119],[4.7976,60.81164]],[[4.83778,60.81516],[4.83667,60.81494],[4.83569,60.81559],[4.8362,60.81673],[4.83744,60.81634],[4.83778,60.81516]],[[4.82041,60.81339],[4.81877,60.81389],[4.81629,60.81581],[4.81873,60.81563],[4.82256,60.81356]],[[4.90198,60.81961],[4.90113,60.82098],[4.90222,60.8222],[4.89896,60.82356],[4.89991,60.82422],[4.90642,60.82338],[4.90993,60.82067],[4.91109,60.8203]],[[4.80163,60.81195],[4.80196,60.81298],[4.80073,60.81305],[4.79882,60.81405],[4.79932,60.81499],[4.80301,60.81601],[4.80718,60.81568],[4.80733,60.81614],[4.80594,60.81691],[4.80749,60.81801],[4.80915,60.8176],[4.81058,60.81667],[4.81068,60.81569],[4.80795,60.81425],[4.80961,60.81392],[4.80932,60.81274],[4.81031,60.81262]],[[4.78105,60.8163],[4.77918,60.81539],[4.77819,60.81544],[4.77749,60.81593],[4.77968,60.81704],[4.78105,60.8163]],[[4.90126,60.82653],[4.90103,60.82626],[4.9,60.82643],[4.89918,60.82579],[4.90208,60.8253],[4.90102,60.82459],[4.89927,60.82496],[4.89745,60.82482],[4.89604,60.82529],[4.8984,60.82697],[4.90126,60.82653]],[[4.82682,60.81388],[4.82504,60.81816],[4.82369,60.81838],[4.82296,60.81935],[4.82323,60.82135],[4.82391,60.82167],[4.82643,60.81991],[4.82599,60.81912],[4.82489,60.81903],[4.82517,60.81858],[4.82842,60.81727],[4.8292,60.81406]],[[4.85877,60.82448],[4.8601,60.82361],[4.86011,60.82206],[4.85959,60.82192]],[[4.85959,60.82192],[4.85809,60.82239],[4.85785,60.82282],[4.85866,60.82315],[4.85671,60.82501],[4.85747,60.82508],[4.85877,60.82448]],[[4.85814,60.82644],[4.86097,60.82487],[4.86078,60.82362],[4.86549,60.8215],[4.86725,60.82003],[4.86707,60.81922],[4.86466,60.82027],[4.86342,60.82029],[4.86857,60.81707]],[[4.78985,60.81962],[4.78872,60.81927],[4.78752,60.81994],[4.78813,60.82104],[4.78891,60.8213],[4.79015,60.82047],[4.78985,60.81962]],[[4.76997,60.81933],[4.76866,60.81926],[4.76804,60.81979],[4.76888,60.82123],[4.77045,60.82037],[4.76997,60.81933]],[[4.76736,60.82044],[4.76695,60.81974],[4.76622,60.81963],[4.76603,60.82034],[4.76385,60.82087],[4.76692,60.8218]],[[4.76692,60.8218],[4.76819,60.82177],[4.76736,60.82044]],[[4.80514,60.82146],[4.80525,60.82103],[4.80389,60.82032],[4.80461,60.8197],[4.80195,60.81923],[4.80066,60.81819],[4.79853,60.8182],[4.79646,60.81977],[4.79689,60.82106],[4.79784,60.82146],[4.79906,60.82096],[4.80042,60.82212],[4.79721,60.82287],[4.79667,60.82339],[4.79699,60.82472],[4.79885,60.82478],[4.80032,60.82428],[4.80212,60.82265],[4.80404,60.82225],[4.80514,60.82146]],[[4.85814,60.82644],[4.85538,60.82944],[4.85618,60.82998],[4.85703,60.82993]],[[4.87717,60.81772],[4.87591,60.82116],[4.87475,60.82216],[4.87376,60.82233],[4.87421,60.82306],[4.87287,60.8254],[4.8676,60.82996],[4.86867,60.83045],[4.8687,60.83103],[4.87222,60.83005],[4.87682,60.82541],[4.8804,60.8228],[4.88318,60.81818]],[[4.85652,60.83152],[4.86067,60.83115],[4.86072,60.83043],[4.85858,60.83063],[4.85829,60.83036],[4.86334,60.82905],[4.86216,60.82844],[4.86236,60.82804],[4.8693,60.8232],[4.86781,60.82312],[4.86563,60.82408],[4.86407,60.82604],[4.85843,60.82951],[4.85703,60.82993]],[[4.85652,60.83152],[4.85561,60.8318],[4.85631,60.83216]],[[4.904,60.83594],[4.90659,60.83567],[4.90689,60.8346],[4.91042,60.83408],[4.91256,60.83309],[4.91223,60.83225],[4.9161,60.83124],[4.91716,60.83044],[4.91683,60.8294],[4.91485,60.82946],[4.91225,60.83042],[4.91035,60.83003],[4.91359,60.82929],[4.91416,60.82882],[4.91802,60.82857],[4.91844,60.82649],[4.91436,60.8264],[4.91398,60.82689],[4.91104,60.82727],[4.90819,60.82634],[4.90183,60.82645],[4.89758,60.82779],[4.90137,60.82856],[4.89851,60.82974],[4.89919,60.83053],[4.89401,60.83177],[4.89137,60.83112],[4.88902,60.83243],[4.88825,60.8339],[4.88898,60.83543],[4.89516,60.83419],[4.89679,60.83485],[4.89926,60.83482],[4.8997,60.8354],[4.90102,60.83537],[4.90108,60.83604],[4.90279,60.83663],[4.904,60.83594]],[[4.76638,60.82347],[4.76793,60.82392],[4.76737,60.82454],[4.76792,60.82484],[4.7718,60.8243],[4.77161,60.82525],[4.77407,60.82609],[4.77823,60.82717],[4.78279,60.82764],[4.78368,60.82747],[4.78486,60.82577],[4.78362,60.82437],[4.78598,60.82388],[4.78762,60.82272],[4.78714,60.82113],[4.78447,60.81813],[4.78211,60.81881],[4.78095,60.81973],[4.78218,60.82075],[4.78055,60.82068],[4.7795,60.82014],[4.77942,60.81951],[4.77833,60.81935],[4.77916,60.81853],[4.77733,60.81744],[4.77835,60.81692],[4.77507,60.81611],[4.77233,60.81747],[4.77279,60.81844],[4.77115,60.81938],[4.77107,60.81991],[4.77455,60.8207],[4.77541,60.82024],[4.77446,60.8194],[4.77562,60.81924],[4.77735,60.82019],[4.77925,60.8206],[4.77955,60.82111],[4.77814,60.82081],[4.77659,60.82096],[4.77393,60.82178],[4.77379,60.82225],[4.78066,60.82376],[4.77547,60.82319],[4.77516,60.82358],[4.77663,60.82387],[4.7748,60.82409],[4.77315,60.82386],[4.77308,60.82256],[4.76665,60.82264]],[[4.88325,60.83199],[4.87838,60.8327],[4.87947,60.83356],[4.87625,60.83429],[4.8755,60.83484],[4.87648,60.83594],[4.88169,60.83546],[4.88268,60.83499],[4.88406,60.83371],[4.884,60.83228],[4.88325,60.83199]],[[4.8139,60.82683],[4.81699,60.82505],[4.8179,60.82284],[4.82007,60.82203],[4.8199,60.82038],[4.82123,60.81974],[4.82242,60.81755],[4.82198,60.81685],[4.82069,60.81647],[4.81758,60.81819],[4.81746,60.81876],[4.8151,60.81796],[4.81286,60.81947],[4.81053,60.81923],[4.80677,60.82195],[4.80651,60.82309],[4.80518,60.82372],[4.80426,60.82551],[4.80474,60.82597],[4.80688,60.82568],[4.80587,60.82669],[4.80641,60.82831],[4.80429,60.8303],[4.80533,60.83055],[4.8075,60.82995],[4.8139,60.82683]],[[4.85631,60.83216],[4.85929,60.83248],[4.85921,60.83278],[4.85627,60.83326],[4.85803,60.83428],[4.85989,60.83437],[4.86467,60.83309],[4.86513,60.83232],[4.8677,60.83241],[4.86721,60.8331],[4.86526,60.83357],[4.86631,60.83431],[4.8659,60.83589],[4.86958,60.83621],[4.87212,60.83603],[4.87389,60.83448],[4.87441,60.83311],[4.87387,60.83206],[4.87714,60.83144],[4.87743,60.83108],[4.87664,60.83065],[4.88015,60.82804],[4.88346,60.82732],[4.88196,60.82649],[4.87899,60.82572],[4.88043,60.8249],[4.88254,60.82508],[4.88799,60.82174],[4.88754,60.82127],[4.88528,60.82126],[4.88467,60.82084],[4.88908,60.81954],[4.88874,60.81903],[4.8893,60.81865]],[[4.81334,60.83087],[4.81202,60.83096],[4.80882,60.83291],[4.8067,60.83322],[4.80672,60.83434],[4.80886,60.83394],[4.81211,60.83227],[4.81334,60.83087]],[[4.65842,60.82034],[4.65695,60.82146],[4.65891,60.82294],[4.65917,60.82074],[4.65842,60.82034]],[[4.65868,60.82377],[4.6582,60.82311],[4.65627,60.82301],[4.65658,60.82222],[4.65533,60.82206],[4.65582,60.82108],[4.65453,60.8202],[4.65363,60.82359],[4.65521,60.82344],[4.65798,60.82404],[4.65868,60.82377]],[[4.66353,60.82559],[4.66516,60.82311],[4.66199,60.82424],[4.66146,60.82407],[4.66497,60.82159],[4.66396,60.82141],[4.66366,60.82015],[4.66181,60.81976],[4.66021,60.82024],[4.65973,60.82228],[4.66061,60.82318],[4.6594,60.82351],[4.65964,60.82462],[4.66171,60.82433],[4.66134,60.82493],[4.6625,60.82515],[4.66136,60.82572],[4.66159,60.82634],[4.66353,60.82559]],[[4.64641,60.82601],[4.64549,60.82617],[4.64602,60.8295],[4.6466,60.82983],[4.6475,60.8295],[4.64897,60.82747],[4.64641,60.82601]],[[4.64,60.82733],[4.63865,60.82709],[4.6359,60.82755],[4.63569,60.82841],[4.6337,60.82957],[4.63415,60.83008],[4.63567,60.82991],[4.63563,60.82951],[4.63743,60.82889],[4.6405,60.82841],[4.64,60.82733]],[[4.64658,60.84415],[4.65109,60.84392],[4.65215,60.8433],[4.65218,60.84185],[4.65107,60.84168],[4.64911,60.84227],[4.64812,60.84342],[4.64741,60.84278],[4.64671,60.84282],[4.64658,60.84415]],[[4.96519,60.7811],[4.97263,60.7797]],[[4.95955,60.79897],[4.95817,60.80048],[4.95572,60.80111],[4.95501,60.80169],[4.95804,60.80138],[4.959,60.8007]],[[4.92211,60.81789],[4.91992,60.81805],[4.91701,60.81972],[4.92211,60.81824],[4.92211,60.81789]],[[4.91109,60.8203],[4.91122,60.81923],[4.90863,60.81901],[4.90759,60.81949],[4.90507,60.81864],[4.90198,60.81961]],[[4.98564,60.82594],[4.98549,60.82651],[4.98626,60.82667],[4.98816,60.82613]],[[4.90248,60.91898],[4.90262,60.92002]],[[4.89731,60.92299],[4.89645,60.92295],[4.89498,60.92401],[4.89582,60.92453],[4.89685,60.92413],[4.89731,60.92299]],[[4.9072,60.96347],[4.91199,60.96329],[4.91425,60.96271],[4.91652,60.96076],[4.91696,60.95941],[4.91836,60.95945],[4.91885,60.9588],[4.91652,60.95836],[4.91686,60.95757],[4.91818,60.95722],[4.91699,60.95654]],[[4.9965,60.97548],[4.98621,60.97342]],[[4.97824,60.75103],[4.98207,60.74968],[4.9823,60.74883],[4.98472,60.7476],[4.98388,60.74756],[4.98045,60.74867],[4.97891,60.74984],[4.97741,60.74915],[4.97532,60.74902]],[[4.90373,60.74018],[4.90501,60.74028],[4.90042,60.74157],[4.90003,60.74218],[4.90555,60.74096],[4.906,60.74134],[4.90139,60.74265],[4.89431,60.74371],[4.89128,60.74521],[4.8916,60.74612],[4.88957,60.74657],[4.88948,60.74691],[4.89407,60.74673],[4.89656,60.746],[4.89811,60.74476],[4.9027,60.74393],[4.90572,60.74297],[4.90687,60.74213],[4.91299,60.74057]],[[4.98814,60.76074],[4.9931,60.75833],[4.99415,60.75737]],[[4.97096,60.76283],[4.97318,60.7613],[4.9729,60.76089],[4.97159,60.76084]],[[4.96506,60.76281],[4.96596,60.76099],[4.96957,60.75938],[4.9728,60.75666]],[[5.00177,60.75954],[4.99658,60.76242],[4.99606,60.76309],[4.99695,60.76392],[4.99421,60.76506],[4.99209,60.7675]],[[4.99209,60.7675],[4.99187,60.7676]],[[4.99415,60.75737],[4.99957,60.75531],[5.00261,60.75268]],[[5.00305,60.7436],[4.99885,60.74509],[4.99235,60.74644],[4.99166,60.74684],[4.99345,60.74759],[4.98648,60.75019],[4.9838,60.75228],[4.9805,60.75361],[4.97779,60.7569],[4.97459,60.75866],[4.97409,60.76085],[4.97517,60.76112],[4.97503,60.76159],[4.97141,60.7639],[4.97092,60.76491],[4.97223,60.7658],[4.97624,60.76528],[4.97662,60.76552],[4.9725,60.76695],[4.97173,60.76808],[4.97549,60.76769],[4.98018,60.76607],[4.98416,60.76369],[4.98418,60.76269],[4.98814,60.76074]],[[4.89919,60.76197],[4.89565,60.76267],[4.89394,60.76101],[4.89265,60.76217],[4.89361,60.76345],[4.89815,60.76354]],[[4.97493,60.77042],[4.9738,60.77037],[4.9715,60.77099],[4.97046,60.77196],[4.97264,60.77152],[4.97493,60.77042]],[[4.91033,60.76833],[4.91165,60.76773]],[[4.89692,60.76514],[4.89928,60.76383],[4.90199,60.76396],[4.90489,60.76317],[4.90501,60.76396],[4.90609,60.76417],[4.90946,60.76358],[4.90903,60.76417],[4.90487,60.76519],[4.90515,60.76623],[4.90373,60.76664],[4.90374,60.7672],[4.9085,60.76824],[4.91087,60.76737],[4.91165,60.76773]],[[4.8897,60.77018],[4.89281,60.76983],[4.89498,60.77063],[4.90126,60.76877],[4.90341,60.76864],[4.90581,60.76884],[4.90598,60.76978],[4.91033,60.76833]],[[4.99187,60.7676],[4.98611,60.77035],[4.9835,60.77281],[4.98234,60.77553],[4.98061,60.77581],[4.98008,60.77533],[4.97896,60.77542],[4.97744,60.77725],[4.97751,60.77834],[4.97263,60.7797]],[[4.99592,60.78145],[4.99914,60.77907],[5.00072,60.7788]],[[4.96373,60.78016],[4.96163,60.78023],[4.96011,60.78185],[4.96357,60.78114],[4.96373,60.78016]],[[4.94955,60.78087],[4.95078,60.7805],[4.95065,60.78223],[4.95107,60.78268],[4.95198,60.78265],[4.95877,60.77865]],[[4.9276,60.78084],[4.92934,60.78054],[4.92899,60.78166]],[[4.92375,60.78269],[4.92315,60.78352],[4.92438,60.78329]],[[4.96689,60.79099],[4.96834,60.79016],[4.97012,60.7899]],[[4.98467,60.79388],[4.9866,60.79205],[4.98689,60.78988],[4.98554,60.78962],[4.98324,60.78988],[4.98514,60.78885],[4.98482,60.78856]],[[4.93159,60.79074],[4.93478,60.7904],[4.93587,60.79086],[4.93901,60.78994],[4.94169,60.7886],[4.94024,60.7871],[4.94129,60.78648],[4.94243,60.78659],[4.94335,60.7862],[4.94313,60.78545]],[[4.97012,60.7899],[4.97067,60.7903],[4.96519,60.7936],[4.97073,60.79337],[4.97342,60.79251],[4.9851,60.78633],[4.9898,60.78559],[4.99179,60.78487],[4.99592,60.78145]],[[5.00012,60.79319],[4.99337,60.79758]],[[4.92587,60.79549],[4.92769,60.79426],[4.92864,60.79202],[4.93159,60.79074]],[[4.98487,60.80061],[4.98795,60.79833],[4.99242,60.79618],[4.99493,60.79414],[4.99411,60.79338],[4.99286,60.79317],[4.98603,60.79447],[4.98461,60.79553]],[[4.95862,60.8019],[4.95971,60.80193],[4.96033,60.80123]],[[4.91763,60.8019],[4.91486,60.80361]],[[4.91888,60.78668],[4.91655,60.78946],[4.91628,60.79005],[4.91715,60.79048],[4.91631,60.79123],[4.90807,60.79466],[4.90578,60.79919]],[[4.92252,60.8043],[4.92251,60.80396],[4.92142,60.80372],[4.92195,60.80358]],[[4.93053,60.80031],[4.92834,60.80127],[4.92809,60.80024],[4.92684,60.80056],[4.92488,60.80163],[4.92414,60.80368],[4.92314,60.80439],[4.92252,60.8043]],[[4.91598,60.80773],[4.91946,60.80531],[4.92004,60.80542],[4.91984,60.8064],[4.92169,60.80539]],[[4.95402,60.80261],[4.95001,60.80329],[4.94953,60.80376],[4.95033,60.80459],[4.95,60.80541],[4.947,60.80666],[4.94724,60.80799],[4.94553,60.80912],[4.94539,60.81004],[4.94986,60.80972],[4.95201,60.81065],[4.95628,60.80931]],[[4.99459,60.81706],[4.99638,60.81647],[5.00254,60.81591]],[[4.98562,60.81481],[4.98619,60.81496],[4.98568,60.81563],[4.98634,60.81809],[4.99109,60.81755],[4.99192,60.81774],[4.99459,60.81706]],[[4.9008,60.81064],[4.89976,60.81073],[4.89756,60.81199],[4.89728,60.81271],[4.89792,60.81324],[4.9008,60.81064]],[[4.91486,60.80361],[4.91315,60.80392],[4.91154,60.80483],[4.91187,60.80508],[4.91336,60.80481],[4.91361,60.8051],[4.91028,60.80628],[4.90348,60.80961],[4.90347,60.81026],[4.90465,60.81042],[4.90682,60.80933],[4.9085,60.80923],[4.90549,60.81236],[4.90605,60.81341],[4.90836,60.81338],[4.90938,60.81258],[4.91058,60.81235],[4.91101,60.81254],[4.90972,60.814],[4.91087,60.8141],[4.91301,60.81319],[4.91364,60.81332],[4.91285,60.8148],[4.91302,60.81626],[4.91186,60.81776],[4.91268,60.81817],[4.91366,60.81805],[4.91448,60.81724],[4.91557,60.81514],[4.91861,60.81452],[4.91946,60.81234],[4.92234,60.81246],[4.92338,60.81189],[4.92303,60.81154],[4.92049,60.81158],[4.91956,60.80993],[4.91599,60.811],[4.91518,60.81086],[4.91598,60.80773]],[[4.9935,60.82578],[5.00021,60.82476]],[[5.00021,60.82476],[4.99585,60.82595],[4.99522,60.82635],[4.99584,60.82654],[5.00359,60.82473]],[[5.00054,60.82345],[4.99858,60.82251],[4.99828,60.82191],[5.00024,60.81932]],[[5.00024,60.81932],[4.99958,60.81865],[4.9954,60.81916],[4.9894,60.82163]],[[4.9894,60.82163],[4.98461,60.8238],[4.98564,60.82594]],[[4.92291,60.86646],[4.92022,60.86595],[4.91969,60.86515],[4.91886,60.86502],[4.91619,60.86493],[4.9112,60.86557]],[[4.96536,60.86967],[4.96738,60.86907],[4.96879,60.86784],[4.96603,60.86566],[4.9659,60.86403],[4.97111,60.86094],[4.96948,60.86004],[4.96906,60.85917],[4.97207,60.85863],[4.97368,60.85888],[4.97519,60.85858],[4.97481,60.85805],[4.97618,60.85659],[4.97976,60.85539],[4.97548,60.85517],[4.97545,60.85475],[4.98039,60.85318],[4.98092,60.85271],[4.98042,60.85162],[4.98683,60.85007],[4.98599,60.84973],[4.97797,60.85006],[4.97783,60.84933],[4.9788,60.84831],[4.98247,60.84787],[4.98387,60.8472],[4.98838,60.84645],[4.99102,60.84657],[4.9964,60.84566],[5.00019,60.84612]],[[5.00136,60.84735],[4.99918,60.84815],[5.00214,60.84894]],[[4.92291,60.86646],[4.92279,60.86688],[4.92433,60.86741],[4.93012,60.86785],[4.92912,60.86848],[4.93023,60.86893],[4.93107,60.86746],[4.93068,60.86705]],[[4.93556,60.87461],[4.93469,60.87522],[4.93512,60.87599]],[[4.94249,60.88308],[4.94436,60.88276],[4.94471,60.88303],[4.94389,60.88377],[4.94619,60.88373],[4.94723,60.88409],[4.94968,60.88295],[4.94928,60.88224],[4.94772,60.8825],[4.94747,60.88118],[4.9455,60.87913],[4.94201,60.87923],[4.94021,60.88207],[4.93799,60.88283],[4.93782,60.88351],[4.9395,60.88427],[4.93792,60.88521],[4.94153,60.88485],[4.94249,60.88308]],[[4.94175,60.89825],[4.94091,60.89735]],[[4.96885,60.91099],[4.96649,60.91123],[4.96527,60.91263],[4.96684,60.91222],[4.96885,60.91099]],[[4.89674,60.90974],[4.89742,60.90899],[4.89898,60.90867],[4.90034,60.90784],[4.90559,60.90247],[4.90871,60.89398],[4.91094,60.89121],[4.91464,60.88956],[4.92176,60.88351],[4.92446,60.87785],[4.92378,60.87657],[4.92517,60.87599],[4.92625,60.87445],[4.92608,60.87349],[4.92815,60.87229],[4.92901,60.87044],[4.92921,60.86955],[4.92703,60.86854],[4.92574,60.86845],[4.92279,60.86905],[4.92088,60.86891],[4.91646,60.86988],[4.91697,60.86869],[4.91589,60.86834],[4.91474,60.86859],[4.91235,60.86841],[4.91196,60.86732],[4.91069,60.86696],[4.90889,60.86696],[4.90783,60.86772],[4.90536,60.86813],[4.90122,60.86746],[4.90058,60.86696],[4.90232,60.86615],[4.90419,60.86655],[4.90704,60.86637],[4.9112,60.86557]],[[4.91595,60.9112],[4.91683,60.9105],[4.91891,60.9104],[4.92264,60.9092],[4.92461,60.90898]],[[4.95636,60.91425],[4.95567,60.91253],[4.95808,60.9093],[4.95657,60.90905],[4.95509,60.90745],[4.953,60.90747],[4.94926,60.90832],[4.94767,60.90827],[4.95385,60.90661],[4.95813,60.90399],[4.95824,60.90344],[4.95589,60.90321],[4.95535,60.90267],[4.95684,60.89823],[4.95427,60.89765],[4.94405,60.8988],[4.94175,60.89825]],[[4.96436,60.91485],[4.96442,60.91414],[4.96593,60.91417],[4.96621,60.91371],[4.96425,60.91334],[4.96284,60.91405],[4.96171,60.91368],[4.96275,60.91228],[4.96256,60.91154],[4.95996,60.9098],[4.95954,60.90781],[4.96148,60.90477],[4.96065,60.90248],[4.9635,60.90044],[4.96245,60.8993],[4.96322,60.89817],[4.96292,60.89694],[4.96373,60.89626],[4.96514,60.896],[4.96728,60.89327],[4.97671,60.88634],[4.97607,60.88611],[4.9745,60.88675],[4.9732,60.8863],[4.97157,60.88342],[4.97215,60.8818],[4.96786,60.88047],[4.96607,60.88081],[4.96504,60.88033],[4.96474,60.87792],[4.96587,60.87645],[4.96492,60.87571],[4.96465,60.87436],[4.96619,60.87296],[4.96371,60.8704],[4.96536,60.86967]],[[4.93659,60.93397],[4.93311,60.93403],[4.93081,60.93571],[4.93434,60.93599],[4.93659,60.93397]],[[4.94296,60.93396],[4.93871,60.9343],[4.93861,60.9354],[4.94006,60.93625],[4.93888,60.93696],[4.94055,60.93715],[4.94247,60.93625],[4.94378,60.93457],[4.94296,60.93396]],[[4.93697,60.93821],[4.9336,60.93772],[4.93158,60.93792],[4.92963,60.9388],[4.93374,60.93939],[4.93849,60.9392],[4.93872,60.93892],[4.93697,60.93821]],[[4.96436,60.91485],[4.96437,60.91607],[4.96367,60.91651],[4.96277,60.91624],[4.96215,60.91655],[4.96382,60.91834],[4.9618,60.91803],[4.96089,60.92081],[4.95956,60.92248],[4.95856,60.92242],[4.9581,60.92279],[4.95939,60.92341],[4.95712,60.92729],[4.95792,60.92834],[4.95658,60.93024],[4.9568,60.93191],[4.95891,60.93238],[4.95913,60.93345],[4.96119,60.93461],[4.96128,60.93561],[4.95949,60.93709],[4.95907,60.93836],[4.95466,60.93905],[4.95356,60.93988],[4.95462,60.94111],[4.95673,60.94064],[4.95811,60.94095],[4.95881,60.94215],[4.95825,60.944],[4.96143,60.94345],[4.96186,60.94398],[4.9632,60.94424],[4.96833,60.94294],[4.97112,60.94078],[4.97454,60.93974],[4.97836,60.93758]],[[4.99756,60.95223],[4.99583,60.95214],[4.99524,60.95376],[4.99675,60.95369],[4.99756,60.95223]],[[4.97269,60.95194],[4.97602,60.95196],[4.97951,60.95269],[4.98413,60.95195],[4.98499,60.95083],[4.98325,60.94941],[4.98349,60.94715],[4.98276,60.94673],[4.97943,60.94628],[4.97681,60.94418],[4.97506,60.94425],[4.97388,60.94482],[4.97415,60.94637],[4.97259,60.94719],[4.97197,60.94844],[4.96986,60.94899],[4.96804,60.95153],[4.97005,60.95203],[4.97269,60.95194]],[[4.96546,60.9479],[4.96192,60.94787],[4.95885,60.94897],[4.95771,60.95007],[4.95846,60.95099],[4.96342,60.95198],[4.96646,60.95129],[4.96693,60.95005],[4.96581,60.94895],[4.96669,60.94841],[4.96546,60.9479]],[[4.98475,60.95906],[4.98344,60.95903],[4.98232,60.95951],[4.98282,60.95989],[4.98243,60.96085],[4.98502,60.96057],[4.98448,60.96016],[4.98475,60.95906]],[[4.89968,60.95523],[4.89899,60.95462],[4.90021,60.95363],[4.89892,60.9524],[4.89996,60.95181],[4.89857,60.95116],[4.90229,60.94941],[4.90572,60.94905],[4.90174,60.94798],[4.90216,60.94641],[4.90506,60.94504],[4.91152,60.94595],[4.91251,60.94688]],[[4.91699,60.95654],[4.91614,60.95465],[4.91033,60.95369]],[[4.9603,60.96564],[4.96136,60.9649],[4.96183,60.96546],[4.96353,60.96586],[4.96856,60.96409]],[[4.89968,60.95523],[4.904,60.95667],[4.90614,60.9568],[4.90747,60.95751],[4.90293,60.95739],[4.9011,60.95865],[4.9003,60.95696],[4.89805,60.95712],[4.89748,60.95863],[4.89825,60.95903],[4.89579,60.96109],[4.895,60.9633],[4.89726,60.96317],[4.89711,60.96256],[4.89902,60.96236],[4.89998,60.96157],[4.90103,60.96308],[4.90465,60.96354],[4.9072,60.96347]],[[4.93751,60.95809],[4.9387,60.96016],[4.93509,60.96041],[4.93302,60.96139],[4.93162,60.96132],[4.93082,60.96192],[4.93044,60.96342],[4.93173,60.96457],[4.9316,60.96539],[4.93455,60.96676],[4.9341,60.96724],[4.93151,60.96741],[4.93141,60.96824],[4.94207,60.96853],[4.94361,60.96798],[4.94445,60.96854],[4.94552,60.96859],[4.95098,60.96653],[4.95479,60.96749],[4.95712,60.96749],[4.96007,60.96679],[4.9603,60.96564]],[[5.00138,60.97616],[4.99837,60.97711],[4.99697,60.9764],[4.9965,60.97548]],[[4.90331,60.97562],[4.9055,60.97502],[4.91109,60.975],[4.91217,60.97389],[4.91207,60.97307],[4.91338,60.97253],[4.91564,60.97257],[4.91597,60.97224],[4.91575,60.97037],[4.91459,60.96907],[4.90536,60.96922]],[[4.90536,60.96922],[4.90123,60.96902],[4.89779,60.97013],[4.89736,60.97284],[4.89836,60.97334],[4.90063,60.9729],[4.90129,60.97352],[4.90345,60.97377],[4.90007,60.97466],[4.90096,60.9759],[4.90331,60.97562]],[[4.90313,60.9762],[4.89832,60.97654],[4.89727,60.9771],[4.89884,60.97763],[4.9027,60.97755]],[[4.90115,60.98235],[4.9013,60.9819]],[[4.90115,60.98235],[4.901,60.98282]],[[4.9013,60.9819],[4.90088,60.98076],[4.89999,60.98051],[4.89735,60.98207],[4.89938,60.98282],[4.89907,60.98369],[4.90047,60.98449]],[[4.90047,60.98449],[4.90191,60.98424],[4.901,60.98282]],[[4.99815,60.99162],[5.00052,60.991]],[[4.94773,60.64439],[4.95026,60.64223]],[[4.94527,60.64185],[4.94442,60.64343],[4.94518,60.64374],[4.94516,60.64439]],[[4.96252,60.63581],[4.96263,60.63613]],[[4.96404,60.63987],[4.96631,60.63999],[4.96648,60.64027]],[[4.95924,60.64291],[4.96099,60.64305]],[[4.92615,60.69001],[4.92425,60.69114],[4.92017,60.69196],[4.91365,60.69454]],[[4.97749,60.71583],[4.97541,60.71705]],[[4.92188,60.70672],[4.93076,60.70338]],[[4.97969,60.71601],[4.97488,60.719]],[[4.95985,60.72458],[4.96236,60.72369],[4.96211,60.72435]],[[4.9819,60.72812],[4.98279,60.72796]],[[4.97934,60.73495],[4.97979,60.73483]],[[4.98011,60.73501],[4.98366,60.73295],[4.98162,60.73351],[4.97979,60.73483]],[[4.97934,60.73495],[4.97777,60.73575],[4.97963,60.73533]],[[4.90985,60.7366],[4.91038,60.73689]],[[4.88674,60.73676],[4.89138,60.73478]],[[5.00132,60.63801],[4.99981,60.63805],[4.99848,60.63855],[5.00077,60.63882]],[[4.99971,60.64025],[4.9991,60.64038],[4.99977,60.64108],[4.99891,60.64238],[4.99963,60.6426],[5.00172,60.64192]],[[5.0006,60.64074],[4.99971,60.64025]],[[4.94527,60.64185],[4.94474,60.64107],[4.94319,60.6417]],[[4.95026,60.64223],[4.95618,60.64109]],[[4.95468,60.64257],[4.95648,60.64134],[4.95618,60.64109]],[[4.96783,60.64356],[4.96898,60.64298],[4.97067,60.64296],[4.97844,60.64126],[4.97945,60.64042],[4.98243,60.64051],[4.9835,60.63943],[4.99062,60.63632],[4.99473,60.63252],[4.99269,60.63223],[4.99128,60.63162],[4.99084,60.63086],[4.98755,60.63089],[4.98562,60.63166],[4.98429,60.63108],[4.98299,60.63108],[4.97501,60.63211],[4.96384,60.63434],[4.96086,60.63544],[4.96093,60.63574],[4.96252,60.63581]],[[4.98248,60.64467],[4.99069,60.64009],[4.99172,60.63869],[4.98792,60.63911],[4.98175,60.64135],[4.97761,60.64361],[4.97787,60.64432]],[[4.94773,60.64439],[4.94773,60.64468],[4.95058,60.64504],[4.9512,60.64568],[4.95275,60.64614],[4.95432,60.64406],[4.95382,60.64339],[4.95506,60.64285],[4.95468,60.64257]],[[5.00003,60.64823],[4.99619,60.64898],[4.99554,60.64977],[4.998,60.65042],[5.00092,60.6497]],[[4.97787,60.64432],[4.97459,60.64623],[4.96893,60.64858]],[[4.95317,60.65143],[4.96728,60.64665],[4.96771,60.64593],[4.96614,60.64524],[4.96716,60.64475],[4.96783,60.64356]],[[4.9854,60.65841],[4.98504,60.6575],[4.98243,60.65743],[4.97888,60.6584],[4.97788,60.65895],[4.97768,60.65978]],[[4.96893,60.64858],[4.95951,60.65201],[4.9567,60.65417],[4.9516,60.65645],[4.95134,60.65701],[4.95203,60.65744],[4.95133,60.65794],[4.94669,60.65951],[4.94731,60.66007],[4.94643,60.66168],[4.95143,60.66058],[4.95272,60.65978],[4.9569,60.65876],[4.95655,60.65718],[4.95966,60.65564],[4.96416,60.65449],[4.96441,60.65391],[4.96871,60.65207],[4.97086,60.65065]],[[4.91088,60.6606],[4.91437,60.65912],[4.91392,60.65891],[4.9122,60.65928],[4.9115,60.65861]],[[4.91088,60.6606],[4.90798,60.6627],[4.90927,60.66332],[4.90556,60.66447],[4.90433,60.6654],[4.90474,60.66567],[4.90235,60.66687],[4.90402,60.66715],[4.90322,60.66799],[4.9026,60.67085],[4.90782,60.67026]],[[4.94956,60.67987],[4.95024,60.67922]],[[4.95447,60.66911],[4.95185,60.67035],[4.95051,60.66992],[4.95044,60.67058],[4.94797,60.67186],[4.94532,60.67165],[4.9381,60.67503],[4.93855,60.67535],[4.94205,60.67444],[4.9404,60.67641],[4.94144,60.67704],[4.94073,60.67755],[4.9417,60.67785],[4.94324,60.67754],[4.9449,60.67773],[4.94411,60.67891],[4.94456,60.68003],[4.95024,60.67922]],[[4.92911,60.68698],[4.92868,60.68667],[4.92801,60.6868],[4.92659,60.68797],[4.92479,60.68742],[4.91917,60.68911],[4.91759,60.6892],[4.92052,60.68752],[4.925,60.68606],[4.92346,60.68591],[4.91819,60.6878],[4.91594,60.68903],[4.91063,60.69065],[4.90987,60.69126],[4.91093,60.69179],[4.91397,60.69151],[4.91428,60.69221],[4.91723,60.69239],[4.91904,60.69171],[4.91949,60.69085],[4.92574,60.68976]],[[4.93053,60.69194],[4.9263,60.69529],[4.92726,60.69577],[4.92198,60.69878],[4.92239,60.69913],[4.92531,60.69823],[4.92551,60.69855],[4.92387,60.69932]],[[4.89961,60.69772],[4.9005,60.69812],[4.91365,60.69454]],[[4.91807,60.70017],[4.93026,60.69122]],[[4.92387,60.69932],[4.92142,60.7001],[4.92205,60.7009],[4.92412,60.70048],[4.92432,60.70229],[4.92353,60.70324]],[[4.89822,60.70059],[4.90016,60.70094],[4.89833,60.70166],[4.90099,60.70244],[4.89977,60.7035],[4.90146,60.70435],[4.90484,60.7038],[4.90832,60.70227],[4.91239,60.70181]],[[4.98707,60.70998],[4.98452,60.71114],[4.98342,60.71108],[4.98269,60.71226],[4.98531,60.71273],[4.98599,60.71255],[4.98697,60.71184],[4.98752,60.71026]],[[4.90444,60.70536],[4.90385,60.70518],[4.90255,60.70559],[4.90039,60.70698],[4.90062,60.70728],[4.90444,60.70536]],[[4.9227,60.70942],[4.92236,60.70904],[4.92102,60.70914],[4.91995,60.71063],[4.92172,60.7102],[4.9227,60.70942]],[[4.89537,60.70957],[4.89928,60.70814],[4.9018,60.70523],[4.90063,60.70442],[4.89695,60.70458]],[[4.91382,60.70945],[4.91317,60.70934],[4.91138,60.71043],[4.91125,60.71085],[4.91206,60.71118],[4.91331,60.71106],[4.91382,60.70945]],[[4.89397,60.714],[4.89489,60.71415],[4.89589,60.71377],[4.89659,60.71306],[4.89589,60.71248],[4.89624,60.71214],[4.89883,60.71145],[4.89813,60.71249],[4.89865,60.7127],[4.90021,60.71191],[4.89992,60.71085],[4.90333,60.71018],[4.90438,60.70955],[4.89948,60.71029],[4.89895,60.70968],[4.90337,60.70835],[4.9044,60.70835],[4.9058,60.70898],[4.90759,60.70848],[4.91078,60.70612],[4.91212,60.70595],[4.91334,60.70631],[4.914,60.70605],[4.91577,60.70407],[4.91888,60.70386],[4.91413,60.70713],[4.91412,60.70837],[4.92004,60.70634]],[[4.91247,60.72885],[4.92267,60.72538]],[[4.89397,60.714],[4.89132,60.71383],[4.88894,60.71543],[4.89006,60.71601],[4.89211,60.7149],[4.89336,60.71591]],[[4.99553,60.72507],[4.99611,60.72575],[4.99919,60.72476],[4.99939,60.72504],[4.99795,60.7256],[4.99843,60.72585],[5.00662,60.72373]],[[4.96942,60.7342],[4.97066,60.73291]],[[4.98279,60.72796],[4.99553,60.72507]],[[4.92267,60.72538],[4.93577,60.71928],[4.9368,60.71931],[4.93559,60.7203]],[[4.98621,60.73371],[4.98725,60.73274],[4.98181,60.73513]],[[4.90807,60.72955],[4.91247,60.72885]],[[4.91128,60.72979],[4.91296,60.72916]],[[4.9358,60.73165],[4.9354,60.73156]],[[4.94571,60.7324],[4.9512,60.73041],[4.95622,60.72726],[4.96163,60.72571],[4.96211,60.72435]],[[5.00299,60.73561],[4.99916,60.73644]],[[4.99773,60.73633],[4.99575,60.73669],[4.99127,60.73954],[5.00415,60.73682]],[[4.95923,60.73343],[4.94966,60.73831]],[[4.91299,60.74057],[4.92343,60.73686],[4.92487,60.73723],[4.9262,60.73696],[4.92802,60.73584],[4.93152,60.73477],[4.93381,60.73296],[4.93214,60.7325],[4.93519,60.73161]],[[5.00056,60.16115],[4.99975,60.16125],[4.99905,60.16262],[4.99726,60.16186],[4.99625,60.1619],[4.99654,60.16294],[4.99848,60.16337],[4.99786,60.1644],[4.99992,60.16478],[5.00097,60.16646]],[[4.9988,60.1653],[4.99607,60.16505],[4.99459,60.16573],[4.99462,60.16701],[4.99533,60.16762],[4.99856,60.16768],[4.99956,60.16736],[4.99989,60.16629],[4.9988,60.1653]],[[4.98694,60.16542],[4.98613,60.16484],[4.98497,60.16492],[4.98322,60.16621],[4.98483,60.1671],[4.98635,60.16718],[4.98694,60.16542]],[[4.99122,60.16759],[4.98986,60.16718],[4.99044,60.16681],[4.99185,60.16691],[4.99165,60.16567],[4.98954,60.16509],[4.98742,60.16605],[4.9873,60.16692],[4.98943,60.16739],[4.98862,60.16825],[4.9904,60.16922],[4.99165,60.16905],[4.99203,60.1684],[4.99122,60.16759]],[[4.98525,60.17124],[4.98673,60.17073],[4.98785,60.17078],[4.98757,60.17014],[4.98341,60.16926],[4.98435,60.16835],[4.9817,60.16811],[4.97993,60.16969],[4.97974,60.17062],[4.98231,60.17092],[4.98377,60.17153],[4.98525,60.17124]],[[5.00126,60.17045],[4.99908,60.17078],[4.99825,60.16981],[4.99589,60.17165],[4.99702,60.17457],[4.99857,60.17574],[4.99987,60.17554],[5.00287,60.17139]],[[4.98911,60.17498],[4.98476,60.17447],[4.98259,60.17465],[4.98431,60.17615],[4.98624,60.17642],[4.98922,60.17581],[4.98911,60.17498]],[[5.00003,60.17601],[4.99871,60.17768],[4.99894,60.17867],[5.00843,60.17872]],[[4.98179,60.17974],[4.98109,60.17968],[4.98086,60.18011],[4.98175,60.1817],[4.98039,60.1825],[4.98157,60.18418],[4.98417,60.18548],[4.98508,60.18492],[4.98541,60.18393],[4.98477,60.18355],[4.98584,60.1815],[4.98179,60.17974]],[[4.98367,60.23749],[4.9856,60.2368],[4.98148,60.23575],[4.98142,60.23536],[4.988,60.23427],[4.98886,60.23379],[4.98662,60.23374],[4.98288,60.2345],[4.97943,60.23457],[4.97846,60.23361],[4.98165,60.23304],[4.98026,60.23032],[4.98214,60.22928],[4.98766,60.22803],[4.99593,60.2268],[5.00395,60.2266]],[[5.00576,60.22499],[4.99438,60.22657],[4.97821,60.22806],[4.97774,60.2274],[4.97884,60.22681],[4.98582,60.22599],[4.98352,60.22529],[4.98179,60.22529],[4.9845,60.22296],[4.98656,60.22379],[4.98816,60.22285],[4.98797,60.22258],[4.9857,60.22256],[4.98583,60.22212],[4.98923,60.22075],[4.99128,60.22041],[4.99449,60.22299],[4.99505,60.22235],[4.99359,60.22119],[4.99396,60.21873],[4.99563,60.21785],[5.00489,60.21602]],[[5.00454,60.21574],[4.99628,60.21634],[4.99785,60.21484],[4.996,60.2141],[4.99488,60.21287],[4.99829,60.21181],[4.99857,60.21141],[4.9964,60.2114],[4.99621,60.21111],[5.00399,60.20999]],[[4.99757,60.24137],[4.9896,60.24205],[4.99697,60.24172],[4.99757,60.24137]],[[4.97201,60.24027],[4.97057,60.23994],[4.96872,60.24103],[4.96472,60.24188],[4.96755,60.24198],[4.97234,60.24085],[4.97201,60.24027]],[[4.97062,60.24395],[4.96943,60.24372],[4.96617,60.24397],[4.96521,60.24424],[4.96486,60.24493],[4.96675,60.24501],[4.97004,60.24445],[4.97062,60.24395]],[[4.95667,60.24564],[4.95173,60.24553],[4.9514,60.24677],[4.95549,60.24667],[4.95667,60.24564]],[[4.96298,60.24502],[4.96243,60.24464],[4.96069,60.24493],[4.95974,60.24662],[4.9572,60.24816],[4.95728,60.24866],[4.95964,60.24824],[4.96061,60.24738],[4.95982,60.24662],[4.96298,60.24502]],[[4.97627,60.24928],[4.97881,60.24902],[4.98056,60.2482],[4.98005,60.2478],[4.97882,60.24771],[4.97672,60.2486],[4.97784,60.24651],[4.97646,60.24571],[4.97021,60.24796],[4.96872,60.24981],[4.96946,60.25003],[4.97627,60.24928]],[[4.97915,60.25],[4.97769,60.2498],[4.97386,60.25034],[4.97856,60.25071],[4.97955,60.2504],[4.97915,60.25]],[[4.96817,60.24807],[4.96754,60.248],[4.96548,60.24897],[4.96522,60.24993],[4.96749,60.24975],[4.96817,60.24807]],[[4.96323,60.2487],[4.96103,60.2486],[4.95707,60.25054],[4.95687,60.25133],[4.96064,60.25097],[4.96376,60.24998],[4.96323,60.2487]],[[4.94736,60.25107],[4.94836,60.25065],[4.94766,60.25011]],[[4.94766,60.25011],[4.94538,60.2497],[4.94469,60.24998],[4.94486,60.2511],[4.94736,60.25107]],[[4.95514,60.251],[4.95425,60.25015],[4.95333,60.25076],[4.95168,60.25089],[4.95154,60.25125],[4.95298,60.25217],[4.95487,60.25178],[4.95514,60.251]],[[4.92223,60.25713],[4.92069,60.25713],[4.91898,60.25847],[4.92121,60.25835],[4.92246,60.2575],[4.92223,60.25713]],[[4.95925,60.26082],[4.9577,60.25968],[4.95385,60.26017],[4.95577,60.26087],[4.95563,60.26134],[4.95925,60.26082]],[[4.93226,60.26873],[4.93404,60.26815],[4.93502,60.2689],[4.93618,60.26882],[4.93874,60.26661],[4.93851,60.26524],[4.93684,60.26411],[4.93568,60.2641],[4.9345,60.26488],[4.93404,60.26577],[4.93491,60.26636],[4.93473,60.26694],[4.93292,60.26513],[4.93181,60.26546],[4.93275,60.26596],[4.93088,60.26609],[4.92836,60.2669],[4.92843,60.26846],[4.92971,60.26922],[4.93226,60.26873]],[[4.9538,60.28046],[4.95504,60.27979],[4.95369,60.2792],[4.95392,60.27839],[4.95901,60.27759],[4.96094,60.27661],[4.96578,60.27573],[4.96529,60.27537],[4.94952,60.27672],[4.94822,60.27624],[4.94808,60.27544],[4.94962,60.27489],[4.95013,60.27342],[4.9517,60.27325],[4.95287,60.27254],[4.95229,60.27219],[4.95046,60.27249],[4.95075,60.27144],[4.9523,60.2703],[4.9577,60.26902],[4.95792,60.26838],[4.95933,60.26775],[4.96139,60.26807],[4.96262,60.26768],[4.96022,60.26732],[4.95687,60.26774],[4.95475,60.26586],[4.95572,60.26469],[4.95389,60.2643],[4.95609,60.26255],[4.95915,60.26201],[4.96207,60.26207],[4.96312,60.2613],[4.96163,60.25988],[4.95654,60.25907],[4.9574,60.25813],[4.95531,60.25788],[4.95644,60.25559],[4.96173,60.25344],[4.96637,60.2526],[4.9669,60.25117],[4.97079,60.25083],[4.97514,60.25111],[4.97632,60.25184],[4.98124,60.25179],[4.98244,60.25338],[4.98355,60.25387],[4.98373,60.25485],[4.98253,60.25836],[4.98075,60.25893],[4.9865,60.26001],[4.98865,60.26115],[4.99051,60.26527],[4.99267,60.2666],[4.99347,60.26809],[4.99487,60.26802],[4.99353,60.26486],[4.99073,60.26236],[4.98843,60.25918],[4.98824,60.25518],[4.98665,60.2521],[4.98411,60.25124],[4.98351,60.24821],[4.98359,60.24722],[4.98583,60.24582],[4.99298,60.24448],[4.98725,60.2445],[4.98508,60.24402],[4.98089,60.24421],[4.97974,60.24397],[4.97969,60.24353],[4.98072,60.24305],[4.98447,60.24321],[4.98926,60.24218],[4.98896,60.24194],[4.98218,60.24234],[4.97992,60.24214],[4.98062,60.24045],[4.98241,60.24042],[4.98301,60.24089],[4.9841,60.24088],[4.98225,60.23844],[4.98367,60.23749]],[[4.9461,60.28674],[4.94596,60.28609],[4.94468,60.28566],[4.94334,60.28554],[4.94229,60.28614],[4.94161,60.2857],[4.94071,60.28592],[4.94081,60.28663],[4.94242,60.28695],[4.94259,60.2877],[4.94545,60.28754],[4.9461,60.28674]],[[4.94978,60.28914],[4.94868,60.28901],[4.94743,60.29092],[4.94818,60.29124],[4.94998,60.29083],[4.94978,60.28914]],[[4.94812,60.29427],[4.9512,60.29338],[4.94882,60.29186],[4.94676,60.29224],[4.94637,60.29183],[4.94514,60.29173],[4.9446,60.29267],[4.94509,60.29434],[4.94566,60.29472],[4.94812,60.29427]],[[4.94165,60.29352],[4.93916,60.2933],[4.93867,60.2948],[4.9421,60.29476],[4.94165,60.29352]],[[4.98126,60.2966],[4.98185,60.29653],[4.98491,60.29801],[4.99133,60.29687],[4.9914,60.29646],[4.9902,60.2965],[4.9901,60.296],[4.98782,60.29574],[4.98862,60.29495],[4.99328,60.29369],[4.99358,60.29307],[4.99218,60.29004],[4.9859,60.2906],[4.98247,60.29232],[4.98298,60.29361],[4.97867,60.29614],[4.97846,60.2979],[4.98015,60.29782],[4.98126,60.2966]],[[4.94789,60.29889],[4.94563,60.29891],[4.94702,60.30039],[4.94826,60.30012],[4.94874,60.29946],[4.94789,60.29889]],[[4.9538,60.28046],[4.95326,60.28266],[4.95217,60.28322],[4.95046,60.28267],[4.94755,60.28263],[4.94722,60.28344],[4.94821,60.2846],[4.94712,60.28516],[4.94757,60.28681],[4.94846,60.28749],[4.95017,60.28684],[4.95093,60.28734],[4.95266,60.28741],[4.95202,60.2879],[4.95238,60.28867],[4.95472,60.28949],[4.95403,60.29067],[4.9525,60.29042],[4.95259,60.29119],[4.95739,60.29362],[4.9615,60.29369],[4.96136,60.29408],[4.96025,60.2943],[4.96063,60.29471],[4.96456,60.29396],[4.96453,60.29507],[4.96202,60.29522],[4.9614,60.29604],[4.96174,60.29648],[4.96451,60.29677],[4.96488,60.29713],[4.96103,60.29755],[4.96015,60.29832],[4.95898,60.29859],[4.95819,60.29787],[4.95589,60.29808],[4.95547,60.29942],[4.95269,60.29825],[4.94938,60.29846],[4.94981,60.30125],[4.94799,60.30205],[4.94754,60.30281],[4.94809,60.30316],[4.9537,60.30338],[4.95522,60.30301],[4.96227,60.30264],[4.96809,60.30268],[4.97299,60.30191],[4.97442,60.30051],[4.97366,60.29993],[4.97501,60.29917],[4.97496,60.29872],[4.97252,60.29844],[4.97152,60.29795],[4.97473,60.29741],[4.97665,60.29624],[4.9774,60.29506],[4.97626,60.29378],[4.97699,60.29222],[4.97373,60.29177],[4.97557,60.28968],[4.97542,60.28889],[4.97986,60.28926],[4.987,60.28787],[4.98967,60.28711],[4.98961,60.28632],[4.99142,60.28544],[4.99219,60.28422],[4.9933,60.28389],[4.99417,60.28402],[4.99359,60.2852],[4.99411,60.28616],[4.99302,60.28748],[4.99578,60.28716],[4.99647,60.28833],[4.99781,60.28866],[4.99499,60.28947],[4.9942,60.29048],[4.99417,60.29211],[4.99587,60.29214],[4.99796,60.29123],[4.9982,60.29054],[5.00292,60.28917]],[[5.00084,60.2956],[4.99875,60.29748],[5.00042,60.29825]],[[5.00042,60.29825],[4.99769,60.29871],[4.99895,60.30061],[5.0092,60.2991]],[[4.98694,60.31056],[4.99075,60.30876],[4.99306,60.30944],[4.9979,60.30811],[4.99853,60.30718],[4.99694,60.30607]],[[4.93062,60.30503],[4.92999,60.30459],[4.92693,60.30428],[4.92477,60.30673],[4.92473,60.30778],[4.92593,60.30895],[4.9292,60.30961]],[[4.99902,60.31417],[4.99767,60.31389],[4.99603,60.31408],[4.99566,60.31567],[4.99673,60.31583],[4.99791,60.3154],[4.99903,60.31478],[4.99902,60.31417]],[[4.94715,60.31152],[4.948,60.31002],[4.94752,60.30924],[4.94662,60.30886],[4.94396,60.30888],[4.94318,60.31075],[4.94342,60.31107],[4.94479,60.31115],[4.94413,60.3132],[4.94604,60.31257],[4.94715,60.31152]],[[4.9292,60.30961],[4.93042,60.30964],[4.93184,60.30864],[4.93237,60.31237],[4.93476,60.31291],[4.93599,60.31226],[4.93656,60.31283],[4.93866,60.3129],[4.94099,60.31202],[4.94179,60.31106],[4.94211,60.30852],[4.94398,60.30804],[4.94491,60.30664],[4.94461,60.30609],[4.94234,60.30572],[4.94192,60.30733],[4.94137,60.30743],[4.94004,60.30655],[4.93948,60.30335],[4.93879,60.30333],[4.93838,60.30448],[4.93655,60.30461],[4.93625,60.30288],[4.93488,60.30261],[4.93279,60.30398],[4.93164,60.30579],[4.93062,60.30503]],[[4.99694,60.30607],[4.99551,60.30573],[4.99075,60.30697],[4.98986,60.30689],[4.98637,60.30398],[4.98321,60.30419],[4.98023,60.30559],[4.97729,60.30523],[4.97473,60.30554],[4.97285,60.30741],[4.97457,60.30825],[4.97459,60.30886],[4.97622,60.30924],[4.97457,60.31068],[4.978,60.31162],[4.97734,60.31199],[4.97466,60.31179],[4.97414,60.31255],[4.97134,60.31231],[4.97118,60.31391],[4.97453,60.31403],[4.97674,60.3145],[4.9819,60.31422],[4.98255,60.31472],[4.98492,60.31509],[4.98538,60.31648],[4.98241,60.31673],[4.9816,60.31726],[4.98593,60.31724],[4.9867,60.31765],[4.99045,60.31742],[4.99311,60.31644],[4.9945,60.31543],[4.99332,60.31423],[4.99074,60.31367],[4.99142,60.31222],[4.98974,60.31196],[4.9859,60.31226],[4.98268,60.31356],[4.98206,60.31347],[4.98694,60.31056]],[[4.94957,60.31304],[4.95022,60.31301],[4.95152,60.31383],[4.95166,60.31452],[4.96259,60.31427],[4.96382,60.31395],[4.96435,60.31307],[4.96182,60.31271],[4.96183,60.3123],[4.96814,60.31219],[4.96931,60.31164],[4.96747,60.31074],[4.96214,60.31041],[4.96,60.30983],[4.95737,60.31035],[4.95121,60.31015],[4.95128,60.31075],[4.94999,60.31127],[4.94983,60.31213],[4.94585,60.313],[4.94645,60.31495],[4.94922,60.31447],[4.94957,60.31304]],[[4.92646,60.31274],[4.92642,60.31184],[4.9244,60.31131],[4.92343,60.31145],[4.92298,60.31072],[4.92223,60.31064],[4.92056,60.31199],[4.92069,60.3127],[4.92262,60.31243],[4.92327,60.31274],[4.92054,60.31353],[4.92103,60.31478],[4.92406,60.31499],[4.925,60.31472],[4.92621,60.31338],[4.92569,60.31288],[4.92646,60.31274]],[[5.00205,60.19536],[4.9996,60.19516],[4.9984,60.19588],[5.00019,60.19604]],[[4.97529,60.73464],[4.97584,60.73632],[4.97782,60.73657],[4.97931,60.73635]],[[4.86796,60.72649],[4.86737,60.72708],[4.86774,60.72829],[4.86896,60.72882],[4.87457,60.72919],[4.87739,60.72721]],[[4.91128,60.72979],[4.90546,60.73208]],[[4.76286,60.67315],[4.75833,60.67469],[4.76321,60.67462],[4.76447,60.67552],[4.76616,60.67552],[4.7666,60.6752],[4.76516,60.67456],[4.76551,60.67394],[4.76434,60.67327]],[[4.72265,60.69126],[4.71994,60.69038],[4.71843,60.69132],[4.71996,60.69165],[4.72271,60.69153],[4.72265,60.69126]],[[4.71684,60.69026],[4.71569,60.68979],[4.71458,60.69034],[4.71647,60.69143]],[[4.71647,60.69143],[4.71801,60.69082],[4.71684,60.69026]],[[4.93559,60.7203],[4.93385,60.72095]],[[4.91296,60.72916],[4.91597,60.72839],[4.91796,60.72859],[4.92021,60.72704],[4.92344,60.7258]],[[4.98667,60.7355],[4.99101,60.7324],[4.99033,60.73236],[4.98674,60.73395]],[[4.99855,60.7364],[4.99773,60.73633]],[[4.94571,60.7324],[4.94485,60.73345],[4.949,60.73265]],[[4.83896,60.63374],[4.84112,60.63548],[4.84351,60.63409]],[[4.82322,60.63253],[4.82295,60.63345],[4.82159,60.63399],[4.82253,60.63437],[4.8244,60.63401],[4.82617,60.63276]],[[4.79404,60.63029],[4.79647,60.6331]],[[4.78916,60.63939],[4.78806,60.63929],[4.78719,60.64014],[4.78896,60.64073],[4.78968,60.6399],[4.78916,60.63939]],[[4.76853,60.67411],[4.7677,60.67387],[4.76717,60.67408],[4.76765,60.67524],[4.76886,60.67568],[4.76933,60.6751],[4.76853,60.67411]],[[4.82745,60.63286],[4.82617,60.63276]],[[4.83896,60.63374],[4.83867,60.63055]],[[4.82745,60.63286],[4.82748,60.63287]],[[4.79647,60.6331],[4.79839,60.63516],[4.80277,60.63736]],[[4.91986,60.65241],[4.9156,60.65304],[4.91524,60.65352],[4.91629,60.65358],[4.91986,60.65241]],[[4.7737,60.64101],[4.77178,60.64118],[4.77059,60.64197],[4.77102,60.64268],[4.77203,60.64246],[4.7737,60.64101]],[[4.75795,60.64595],[4.75656,60.6457],[4.7564,60.64642],[4.75865,60.64752],[4.75971,60.64739],[4.75795,60.64595]],[[4.78946,60.6526],[4.79083,60.65283],[4.79064,60.65386],[4.79284,60.65372],[4.79268,60.6556]],[[4.79268,60.6556],[4.79391,60.65906]],[[4.75387,60.65711],[4.75158,60.65627],[4.75329,60.65814],[4.75449,60.65821],[4.75387,60.65711]],[[4.90121,60.66797],[4.89797,60.66885],[4.89716,60.66952],[4.89861,60.66941],[4.90077,60.66859],[4.90121,60.66797]],[[4.7652,60.6683],[4.76558,60.66755],[4.76462,60.66666],[4.76433,60.66782],[4.7635,60.66725],[4.76264,60.66753],[4.76393,60.66849],[4.7652,60.6683]],[[4.72453,60.66642],[4.72338,60.66759],[4.72372,60.66894]],[[4.76434,60.67327],[4.76286,60.67315]],[[4.93135,60.68606],[4.93005,60.68677]],[[4.93005,60.68677],[4.92911,60.68698]],[[4.93026,60.69122],[4.93086,60.69136],[4.93053,60.69194]],[[4.72661,60.68051],[4.7244,60.67991],[4.72338,60.68008],[4.72385,60.68088],[4.72714,60.68178],[4.72661,60.68051]],[[4.91239,60.70181],[4.91542,60.70123],[4.91807,60.70017]],[[4.98759,60.7102],[4.98757,60.71009]],[[4.98707,60.70998],[4.98757,60.71009]],[[4.98752,60.71026],[4.98759,60.7102]],[[4.85827,60.72575],[4.85793,60.72573]],[[4.87739,60.72721],[4.87953,60.72535],[4.87739,60.72473],[4.87503,60.72521],[4.87252,60.72505],[4.86796,60.72649]],[[4.85664,60.72563],[4.85605,60.72492],[4.85284,60.7245],[4.85095,60.72459],[4.84993,60.72511]],[[4.93519,60.73161],[4.9354,60.73156]],[[4.97223,60.73497],[4.97301,60.73447]],[[4.71994,60.71511],[4.7204,60.71514]],[[4.99855,60.7364],[4.99916,60.73644]],[[4.88938,60.72845],[4.88999,60.72817]],[[4.97963,60.73533],[4.98011,60.73501]],[[4.9358,60.73165],[4.93516,60.73226],[4.93697,60.73254],[4.9391,60.7319]],[[4.97931,60.73635],[4.98181,60.73513]],[[4.96942,60.7342],[4.96864,60.73588],[4.97002,60.73601],[4.97223,60.73497]],[[4.72105,60.71519],[4.71986,60.71602],[4.72138,60.71592],[4.72249,60.71655],[4.72068,60.71791],[4.72115,60.71877],[4.72427,60.71693],[4.72756,60.7157]],[[4.94966,60.73831],[4.94653,60.73995]],[[4.84657,60.74261],[4.84409,60.74268],[4.84377,60.74337],[4.84633,60.74372],[4.84701,60.74292],[4.84657,60.74261]],[[4.86942,60.74723],[4.8712,60.74756],[4.87147,60.74678],[4.86785,60.74704],[4.86665,60.74785],[4.86832,60.74779],[4.86942,60.74723]],[[4.9728,60.75666],[4.97294,60.75658]],[[4.96263,60.63613],[4.96127,60.63686],[4.9632,60.63702],[4.96291,60.63767],[4.96093,60.63923],[4.95963,60.63925],[4.9593,60.64062],[4.95811,60.64052]],[[4.94475,60.63808],[4.94409,60.63789],[4.94018,60.6395],[4.94015,60.63986],[4.94244,60.63979],[4.94435,60.63912],[4.94475,60.63808]],[[4.82322,60.63253],[4.82712,60.63064],[4.82782,60.62992],[4.82751,60.62879]],[[4.83673,60.63357],[4.8371,60.63235],[4.83603,60.63138],[4.83518,60.63137],[4.83352,60.63252],[4.8322,60.63229],[4.8322,60.63126],[4.83153,60.63093],[4.82972,60.6316],[4.8287,60.63295]],[[4.84351,60.63409],[4.84649,60.63102],[4.84589,60.63058],[4.84663,60.62952],[4.85002,60.62779]],[[4.95811,60.64052],[4.95811,60.63935],[4.95608,60.63951],[4.95485,60.63922],[4.95593,60.63853],[4.95334,60.63812],[4.95458,60.63726],[4.95303,60.63711],[4.94651,60.63773],[4.94633,60.63836],[4.95161,60.63812],[4.95006,60.63877],[4.95038,60.63968],[4.94976,60.6397],[4.94902,60.63892],[4.94799,60.63885],[4.94153,60.64038],[4.94123,60.64155]],[[4.95924,60.64291],[4.95819,60.642],[4.95907,60.64114],[4.9606,60.64152],[4.96404,60.63987]],[[4.96099,60.64305],[4.96069,60.64218],[4.96358,60.64184],[4.96648,60.64027]],[[4.82748,60.63287],[4.82796,60.63325],[4.8287,60.63295]],[[4.94123,60.64155],[4.94153,60.64218],[4.94319,60.6417]],[[4.78897,60.63192],[4.78734,60.63172],[4.78673,60.6323],[4.78745,60.63345],[4.78918,60.63331],[4.78897,60.63192]],[[4.97086,60.65065],[4.97575,60.64866],[4.98248,60.64467]],[[4.72264,60.63284],[4.72181,60.63296],[4.72171,60.63416],[4.72076,60.6345],[4.72082,60.63506],[4.72162,60.63522],[4.72389,60.63385],[4.72264,60.63284]],[[4.82996,60.64531],[4.83288,60.64389],[4.83391,60.64132],[4.83515,60.64051],[4.83476,60.63837],[4.83573,60.63749],[4.83699,60.63771],[4.83825,60.63697],[4.83646,60.63526],[4.83702,60.63489],[4.83673,60.63357]],[[4.80277,60.63736],[4.80433,60.63803],[4.80396,60.63838],[4.79837,60.63654],[4.79354,60.63162],[4.78979,60.63027],[4.79052,60.63198],[4.79497,60.636],[4.79362,60.63726],[4.79306,60.63707],[4.79376,60.6363],[4.79146,60.63553],[4.79002,60.63586],[4.78927,60.63678],[4.79309,60.63884],[4.7904,60.64065],[4.78977,60.64264],[4.79137,60.6431],[4.79258,60.64203]],[[5.00566,60.6524],[4.99866,60.65668],[4.99635,60.65594],[4.99204,60.65676],[4.99151,60.65775],[4.99303,60.65822],[4.99203,60.65887],[4.98881,60.65907],[4.98769,60.65826],[4.98657,60.65856],[4.9854,60.65841]],[[4.79258,60.64203],[4.79438,60.64124],[4.79283,60.64271],[4.79354,60.64475]],[[4.94516,60.64439],[4.9444,60.64507],[4.94646,60.64617],[4.94577,60.64663],[4.94261,60.64583],[4.93957,60.64605],[4.93945,60.64429],[4.93636,60.6454],[4.93763,60.64593],[4.93453,60.64751],[4.93377,60.65039],[4.93672,60.65023],[4.9373,60.65087],[4.9359,60.65155],[4.93615,60.65205],[4.93788,60.65177],[4.94006,60.65006],[4.94101,60.65011],[4.94275,60.65117],[4.94335,60.65554],[4.94252,60.65684],[4.94555,60.65627],[4.95204,60.65351],[4.95314,60.6528],[4.95262,60.65227],[4.95169,60.65228],[4.95184,60.65187]],[[4.76468,60.62802],[4.76371,60.62943],[4.7642,60.62988],[4.76681,60.62943],[4.76712,60.62821]],[[4.82509,60.62841],[4.82544,60.62836]],[[4.82751,60.62879],[4.82877,60.62883]],[[4.78424,60.62953],[4.78408,60.62864],[4.78219,60.62937]],[[4.78219,60.62937],[4.78274,60.63044],[4.78424,60.62953]],[[4.77808,60.62906],[4.7801,60.6301],[4.78043,60.62924]],[[4.72918,60.6392],[4.72692,60.63856],[4.72551,60.63911],[4.72591,60.63983],[4.72849,60.64057],[4.729,60.64175],[4.72982,60.64121],[4.72918,60.6392]],[[4.97768,60.65978],[4.97459,60.65963],[4.97227,60.65995],[4.96701,60.66169]],[[4.7407,60.64419],[4.73975,60.64342],[4.73709,60.64299],[4.7353,60.6417],[4.73405,60.64197],[4.7335,60.64288],[4.73418,60.64352],[4.73709,60.64467],[4.73963,60.64476],[4.7407,60.64419]],[[4.91208,60.65678],[4.90938,60.65764],[4.90887,60.65901],[4.9115,60.65861]],[[4.79354,60.64475],[4.79228,60.64513],[4.79199,60.64452],[4.79054,60.6443],[4.78934,60.64475],[4.78869,60.64582],[4.78703,60.64626],[4.78534,60.6487],[4.78497,60.64984],[4.78645,60.65226],[4.7873,60.65266],[4.78946,60.6526]],[[4.81998,60.65642],[4.8213,60.65584],[4.82298,60.65254],[4.8206,60.65446]],[[4.96701,60.66169],[4.95732,60.66561],[4.95722,60.66594],[4.95823,60.66585],[4.95844,60.66612],[4.95439,60.66795],[4.95373,60.6685],[4.95465,60.66882],[4.95447,60.66911]],[[4.79391,60.65906],[4.79253,60.65906],[4.79132,60.65963]],[[4.81811,60.66226],[4.82348,60.65843],[4.82611,60.6553],[4.82571,60.65286],[4.82766,60.65196],[4.82633,60.65066],[4.82724,60.65032],[4.82687,60.64936],[4.82964,60.64973],[4.82929,60.64588]],[[4.80161,60.66093],[4.80408,60.66059],[4.80355,60.65992],[4.80131,60.66024],[4.79843,60.6601],[4.80036,60.66105],[4.80161,60.66093]],[[4.90782,60.67026],[4.91137,60.66937],[4.94115,60.65812],[4.94215,60.65721],[4.93901,60.656],[4.93871,60.65516],[4.93919,60.65463],[4.94121,60.65416],[4.94239,60.65312],[4.94168,60.65244],[4.94068,60.6523],[4.937,60.65309],[4.93309,60.6516],[4.93305,60.65052],[4.9314,60.64995],[4.93045,60.6504],[4.93107,60.65085],[4.9307,60.65135],[4.93182,60.65172],[4.9286,60.65356],[4.92899,60.65543],[4.92842,60.65537],[4.92667,60.6528],[4.92113,60.65414],[4.91713,60.65578],[4.91208,60.65678]],[[4.81998,60.65642],[4.81748,60.65704],[4.81625,60.65907],[4.8133,60.66016],[4.81357,60.66059],[4.81482,60.66032],[4.81534,60.66058],[4.81399,60.66125],[4.81365,60.66271],[4.81453,60.66441],[4.81555,60.66502],[4.81635,60.66452],[4.81462,60.66233],[4.81569,60.66176],[4.81646,60.66255],[4.81811,60.66226]],[[4.90133,60.66945],[4.89816,60.6702],[4.89691,60.67296],[4.8979,60.67276],[4.89812,60.6722],[4.90083,60.67147],[4.90133,60.66945]],[[4.8135,60.66921],[4.81068,60.66998],[4.8096,60.67131],[4.80648,60.67293],[4.80653,60.67373],[4.80897,60.67303],[4.81292,60.67081],[4.81254,60.66996],[4.8135,60.66921]],[[4.75822,60.66791],[4.75654,60.6663],[4.7548,60.66627],[4.7499,60.66519],[4.7501,60.6668],[4.75173,60.66733],[4.75213,60.66808],[4.74887,60.67073],[4.7513,60.67099],[4.75517,60.67009],[4.75687,60.66865],[4.75859,60.66828],[4.75822,60.66791]],[[4.79132,60.65963],[4.79068,60.65961],[4.79066,60.659],[4.79222,60.65762],[4.79006,60.65612],[4.78696,60.65551],[4.78739,60.65429],[4.78606,60.65397],[4.7848,60.65517],[4.78573,60.65579],[4.7857,60.65646],[4.7842,60.65686],[4.78567,60.65758],[4.79002,60.65832],[4.78456,60.65877],[4.7841,60.66012],[4.78488,60.66153],[4.78639,60.66252],[4.78887,60.66276],[4.78996,60.6622],[4.79225,60.66374],[4.79177,60.66492],[4.79396,60.66648],[4.79348,60.66718],[4.79436,60.66847],[4.79445,60.67121],[4.79299,60.67261],[4.79438,60.67501],[4.80059,60.67304],[4.80316,60.67141],[4.80426,60.67148],[4.80772,60.66941],[4.81142,60.66794],[4.8113,60.66708],[4.80901,60.66603],[4.80793,60.66478],[4.80731,60.66185],[4.80604,60.66117],[4.80866,60.65993],[4.81408,60.65822],[4.81556,60.65711],[4.81861,60.65597],[4.8206,60.65446]],[[4.78515,60.67225],[4.78293,60.67229],[4.78098,60.67393],[4.7829,60.67401],[4.78329,60.67343],[4.78524,60.67284],[4.78515,60.67225]],[[4.74516,60.66648],[4.7479,60.66671],[4.74881,60.66601],[4.74816,60.6652],[4.74487,60.6644],[4.74468,60.66556],[4.74211,60.66386],[4.73764,60.66393],[4.73459,60.66295],[4.73604,60.66253],[4.73612,60.66186],[4.73064,60.66179],[4.7314,60.66259],[4.72909,60.6629],[4.7285,60.66392],[4.72699,60.66448],[4.72674,60.66528],[4.72773,60.66587],[4.72715,60.66779],[4.72935,60.66899],[4.72987,60.67009],[4.73456,60.66896],[4.74068,60.66838],[4.74537,60.66698],[4.74516,60.66648]],[[4.72372,60.66894],[4.72388,60.67],[4.72581,60.66991],[4.72476,60.66867],[4.72618,60.66779],[4.72597,60.66672],[4.72453,60.66642]],[[4.93135,60.68606],[4.93526,60.68455],[4.93414,60.68365],[4.9349,60.68262],[4.93985,60.68122],[4.94166,60.67982],[4.94313,60.67957],[4.94384,60.68054],[4.94473,60.68071],[4.94843,60.68031],[4.94956,60.67987]],[[4.72676,60.67133],[4.72634,60.67111],[4.72533,60.6714],[4.72516,60.67297],[4.728,60.67388],[4.72855,60.67364],[4.72676,60.67133]],[[4.92615,60.69001],[4.92574,60.68976]],[[4.76393,60.68018],[4.76369,60.67859],[4.76256,60.67771],[4.7552,60.67935],[4.75386,60.67917],[4.75414,60.67965],[4.75584,60.6798],[4.75779,60.6808],[4.75996,60.68085],[4.76393,60.68018]],[[4.89961,60.69772],[4.89936,60.69741],[4.90361,60.69615],[4.90408,60.69439],[4.90539,60.69367],[4.90614,60.69164],[4.90445,60.69137],[4.90078,60.6925]],[[4.74306,60.6864],[4.74101,60.68653],[4.74128,60.6873],[4.74448,60.68733],[4.74461,60.68658],[4.74306,60.6864]],[[4.90078,60.6925],[4.89671,60.69354],[4.89491,60.69291],[4.89121,60.69381],[4.88803,60.69532],[4.8883,60.69565],[4.88979,60.69546],[4.89008,60.69576],[4.88642,60.69762],[4.88582,60.69708],[4.88488,60.69722],[4.883,60.69889],[4.88075,60.69981],[4.88116,60.70006],[4.88331,60.69993],[4.88375,60.70065],[4.88755,60.7001]],[[4.74657,60.6899],[4.74822,60.68978],[4.74787,60.69078],[4.75076,60.69091],[4.75199,60.69028],[4.75163,60.68977],[4.75368,60.68912],[4.75755,60.68863],[4.76115,60.68893],[4.76456,60.68781],[4.76505,60.68703],[4.7639,60.68679],[4.7648,60.68565],[4.76008,60.68629],[4.75509,60.68648],[4.75326,60.68694],[4.74793,60.68706],[4.74592,60.68676],[4.74767,60.68611],[4.74595,60.68522],[4.7416,60.68569],[4.73954,60.68425],[4.7388,60.68428],[4.73845,60.6849],[4.73618,60.68438],[4.73523,60.68285],[4.73219,60.68297],[4.7341,60.68432],[4.73477,60.6858],[4.7364,60.68656],[4.73885,60.68663],[4.73856,60.68719],[4.73739,60.6873],[4.7373,60.68794],[4.73987,60.69046],[4.74349,60.69063],[4.74657,60.6899]],[[4.88755,60.7001],[4.88895,60.70014],[4.88212,60.70223],[4.88401,60.70226],[4.88942,60.70082],[4.89021,60.7011],[4.89533,60.70049],[4.89709,60.69967],[4.89822,60.70059]],[[4.92004,60.70634],[4.92278,60.70525],[4.92151,60.70497],[4.92053,60.70377],[4.92353,60.70324]],[[4.73704,60.69228],[4.73895,60.69193],[4.7398,60.69129],[4.73815,60.69058],[4.73798,60.6898],[4.73661,60.6891],[4.73311,60.69026],[4.73281,60.69111],[4.73182,60.69087],[4.73224,60.69039],[4.73144,60.6897],[4.73331,60.68853],[4.73228,60.68751],[4.72867,60.68755],[4.72558,60.68838],[4.72439,60.68756],[4.72078,60.68793],[4.72067,60.68849],[4.72261,60.68876],[4.72152,60.68971],[4.72188,60.6902],[4.72475,60.6916],[4.72672,60.69198],[4.73109,60.69165],[4.73144,60.69275],[4.73704,60.69228]],[[4.91687,60.70161],[4.91006,60.70298],[4.90537,60.7061],[4.90741,60.70614],[4.91187,60.70382],[4.9164,60.70221],[4.91687,60.70161]],[[4.72644,60.69413],[4.72539,60.69406],[4.72001,60.69557],[4.72352,60.69529],[4.72644,60.69413]],[[4.71102,60.69357],[4.71357,60.69348],[4.7141,60.69219],[4.71529,60.69178],[4.71303,60.69077],[4.71191,60.69083],[4.71177,60.69165],[4.70982,60.69182],[4.70891,60.69091],[4.70733,60.6916],[4.70858,60.69304],[4.70819,60.6933],[4.70452,60.69132],[4.70324,60.69158],[4.70206,60.69307],[4.70271,60.69384],[4.70666,60.69481],[4.7084,60.69475],[4.71102,60.69357]],[[4.6993,60.69179],[4.69651,60.69198],[4.6958,60.69249],[4.6957,60.69386],[4.69661,60.694],[4.69768,60.69347],[4.6993,60.69179]],[[4.97749,60.71583],[4.9818,60.71296],[4.98401,60.71341],[4.98367,60.71454],[4.98125,60.71501],[4.97969,60.71601]],[[4.75492,60.6992],[4.7561,60.6993],[4.7567,60.69894],[4.75596,60.69795],[4.75508,60.69771],[4.75389,60.69907],[4.75448,60.69947],[4.75492,60.6992]],[[4.90742,60.71324],[4.90839,60.71343],[4.91064,60.71223],[4.90948,60.71193],[4.91003,60.71123],[4.90862,60.71162],[4.90582,60.7136],[4.90742,60.71324]],[[4.89695,60.70458],[4.89229,60.70419],[4.89124,60.70446],[4.88846,60.70656],[4.88578,60.70671],[4.88131,60.70795],[4.88096,60.70748],[4.88187,60.70626],[4.87939,60.70549],[4.87689,60.70556],[4.87401,60.70679],[4.8745,60.70737],[4.8731,60.70797],[4.87221,60.70911],[4.87076,60.70906],[4.86918,60.70993],[4.86962,60.71044],[4.87227,60.7101],[4.87305,60.71091],[4.87471,60.71036],[4.87336,60.71172],[4.87163,60.71105],[4.86822,60.71114],[4.86642,60.71199],[4.86695,60.71271],[4.86454,60.71365],[4.86757,60.71418],[4.86966,60.71349],[4.87041,60.7142],[4.87176,60.71438],[4.88139,60.71376],[4.88706,60.71265],[4.88828,60.71197],[4.8935,60.71058],[4.89537,60.70957]],[[4.89336,60.71591],[4.89513,60.71618],[4.89384,60.71659],[4.89339,60.71745],[4.89975,60.71708],[4.90267,60.71617],[4.90367,60.71646],[4.90493,60.71595],[4.90575,60.71653],[4.91234,60.71433],[4.91596,60.71263],[4.91723,60.71009],[4.92188,60.70672]],[[4.97541,60.71705],[4.97133,60.71906],[4.96733,60.72007],[4.96325,60.72326],[4.96419,60.72326],[4.96532,60.72219],[4.96815,60.72126],[4.96963,60.72144],[4.9719,60.72102],[4.97488,60.719]],[[4.88549,60.71682],[4.88625,60.71589],[4.88447,60.71638],[4.88407,60.71615],[4.88794,60.71363],[4.88117,60.71556],[4.87887,60.71715],[4.87727,60.7173],[4.87675,60.71837],[4.87776,60.7185],[4.88549,60.71682]],[[4.72877,60.70727],[4.73022,60.7069],[4.73086,60.70735],[4.73187,60.70734],[4.73551,60.70664],[4.74264,60.70469],[4.74648,60.70291],[4.74755,60.70297],[4.74757,60.70154],[4.74991,60.70024],[4.75212,60.69963],[4.75109,60.6976],[4.74725,60.69487],[4.74423,60.6942],[4.74333,60.69485],[4.74565,60.69667],[4.74512,60.69794],[4.74632,60.69977],[4.74454,60.69928],[4.74273,60.70043],[4.74133,60.70062],[4.74075,60.70043],[4.74107,60.69989],[4.74011,60.69968],[4.73608,60.7012],[4.73699,60.70193],[4.73672,60.70317],[4.73913,60.7026],[4.73999,60.70171],[4.74062,60.70179],[4.74129,60.70298],[4.7409,60.70453],[4.73725,60.70517],[4.73581,60.70499],[4.7246,60.70749],[4.72733,60.70766],[4.72877,60.70727]],[[4.9692,60.72594],[4.97012,60.7264],[4.96689,60.72913],[4.97327,60.72914],[4.97565,60.7285],[4.9772,60.72924],[4.9819,60.72812]],[[4.89132,60.72233],[4.89255,60.72158],[4.89275,60.72068],[4.89191,60.72049]],[[4.89191,60.72049],[4.89072,60.72043],[4.88758,60.7212],[4.88633,60.72214],[4.89132,60.72233]],[[4.86433,60.7202],[4.87027,60.71832],[4.87163,60.71894],[4.87098,60.71951],[4.87434,60.72044],[4.87742,60.71946],[4.87573,60.71819],[4.8728,60.71755],[4.87318,60.71666],[4.86877,60.71516],[4.86531,60.7158],[4.86131,60.71548],[4.85898,60.71673],[4.85853,60.71749],[4.85957,60.71823],[4.85702,60.71925],[4.855,60.71945],[4.85501,60.71987],[4.85835,60.72086],[4.86433,60.7202]],[[4.93385,60.72095],[4.92689,60.72467],[4.92344,60.7258]],[[4.9748,60.73173],[4.9741,60.73171],[4.97103,60.73342],[4.97086,60.73395],[4.97367,60.73309],[4.9748,60.73173]],[[4.72105,60.71519],[4.72183,60.71474],[4.7204,60.71514]],[[4.72756,60.7157],[4.73314,60.71272],[4.74212,60.70966],[4.7504,60.70606],[4.75299,60.70447],[4.7497,60.70466],[4.74888,60.70491],[4.74866,60.70559],[4.74669,60.70528],[4.74553,60.70547],[4.74544,60.70644],[4.74041,60.70768],[4.73196,60.71087],[4.73246,60.71151],[4.73198,60.71242],[4.72911,60.71178],[4.72397,60.71327],[4.72232,60.71437],[4.72124,60.71379],[4.7198,60.71419],[4.71902,60.71459],[4.71994,60.71511]],[[4.73363,60.71617],[4.73658,60.71456],[4.73839,60.71409],[4.73921,60.71295],[4.74295,60.71072],[4.73384,60.7135],[4.72896,60.7158]],[[4.97529,60.73464],[4.97525,60.73338],[4.97301,60.73447]],[[4.88999,60.72817],[4.89136,60.7276],[4.89239,60.72528],[4.89584,60.72287],[4.90876,60.72079],[4.91236,60.71931],[4.90942,60.7183],[4.91005,60.71663],[4.91603,60.71448],[4.91818,60.71313],[4.91857,60.71225],[4.92082,60.7117],[4.9226,60.71014],[4.92789,60.70947],[4.92951,60.70832],[4.92967,60.70746],[4.92655,60.7081],[4.92572,60.70747],[4.92942,60.70535],[4.93215,60.70435],[4.93173,60.70363],[4.93076,60.70338]],[[4.90678,60.72945],[4.90965,60.72744],[4.90661,60.72822],[4.90517,60.72933]],[[4.9391,60.7319],[4.9433,60.73022],[4.94328,60.72957],[4.94473,60.7292],[4.94566,60.72946],[4.94925,60.72747],[4.95065,60.72713],[4.95135,60.72764],[4.95703,60.72592],[4.95985,60.72458]],[[4.949,60.73265],[4.96391,60.72798],[4.9692,60.72594]],[[4.97066,60.73291],[4.97247,60.73134],[4.96557,60.73281],[4.9653,60.73211],[4.96394,60.73185],[4.95923,60.73343]],[[4.90678,60.72945],[4.90807,60.72955]],[[4.85664,60.72563],[4.85734,60.72591],[4.85793,60.72573]],[[4.84993,60.72511],[4.85302,60.72686],[4.85163,60.7272],[4.85131,60.7278],[4.85289,60.72835],[4.85398,60.72716],[4.85887,60.72673],[4.85827,60.72575]],[[4.8503,60.72758],[4.84663,60.72787],[4.84409,60.72885],[4.84599,60.72911],[4.84932,60.72886],[4.85024,60.72846],[4.8503,60.72758]],[[4.72896,60.7158],[4.72364,60.71908],[4.72414,60.7204],[4.72805,60.71938],[4.73363,60.71617]],[[4.87202,60.7295],[4.86881,60.72955],[4.86801,60.73003],[4.86994,60.73137],[4.86967,60.73205],[4.87141,60.73266],[4.87268,60.7324],[4.87394,60.7313],[4.8737,60.73035],[4.87202,60.7295]],[[4.87434,60.73296],[4.87742,60.73313],[4.88208,60.7308],[4.88283,60.72996],[4.88245,60.7277],[4.88177,60.72776],[4.88089,60.72948],[4.8784,60.72908],[4.87403,60.7324],[4.87434,60.73296]],[[4.93964,60.73575],[4.93841,60.73564],[4.93375,60.73774],[4.93481,60.7379],[4.93964,60.73575]],[[4.89138,60.73478],[4.89269,60.73505],[4.89696,60.73322],[4.90249,60.73161],[4.90517,60.72933]],[[4.8564,60.73173],[4.85845,60.73186],[4.85939,60.73098],[4.85835,60.73046],[4.85838,60.7295],[4.86119,60.7276],[4.85904,60.72742],[4.85758,60.72798],[4.85536,60.72794],[4.8485,60.73045],[4.84863,60.73125],[4.85065,60.73132],[4.85017,60.73254],[4.85255,60.73334],[4.8564,60.73173]],[[4.86978,60.73278],[4.86814,60.73242],[4.86638,60.73128],[4.86406,60.73153],[4.86577,60.73431],[4.8651,60.73536],[4.86563,60.73564],[4.87018,60.73425],[4.87067,60.73374],[4.86978,60.73278]],[[4.90546,60.73208],[4.90352,60.73356],[4.9025,60.73564],[4.90099,60.73685],[4.9013,60.73733],[4.90394,60.73685],[4.90433,60.7371],[4.90049,60.73799],[4.90014,60.73843],[4.90985,60.7366]],[[4.97657,60.74504],[4.98225,60.74265],[4.98841,60.73891],[4.98793,60.73864],[4.98393,60.74021],[4.98261,60.74026],[4.98446,60.73838],[4.98351,60.73793],[4.98219,60.73819],[4.98227,60.73758],[4.98667,60.7355]],[[4.93253,60.73736],[4.93149,60.73727],[4.92673,60.73838],[4.92053,60.74086],[4.92046,60.74162],[4.9275,60.73967],[4.93253,60.73736]],[[4.91684,60.74154],[4.91879,60.74007],[4.9175,60.73999],[4.91386,60.74081],[4.91636,60.74114],[4.916,60.74174],[4.91684,60.74154]],[[4.91038,60.73689],[4.90158,60.73923],[4.89882,60.74043],[4.89882,60.74081],[4.89936,60.74106],[4.90373,60.74018]],[[4.97084,60.74652],[4.97657,60.74504]],[[4.88938,60.72845],[4.88382,60.73098],[4.88187,60.73305],[4.88039,60.73382],[4.88095,60.73425],[4.88338,60.73366],[4.88373,60.73395],[4.87914,60.7352],[4.87632,60.73651],[4.87459,60.73964],[4.87702,60.73963],[4.88674,60.73676]],[[4.86058,60.73834],[4.86486,60.73602],[4.8631,60.73467],[4.86265,60.7331],[4.86167,60.73266],[4.85994,60.73258],[4.85767,60.73386],[4.85357,60.73791],[4.85454,60.73827],[4.85671,60.73802],[4.85705,60.73859],[4.86058,60.73834]],[[4.8735,60.73857],[4.87255,60.73828],[4.87534,60.73639],[4.87022,60.73665],[4.87141,60.73596],[4.87394,60.73601],[4.87673,60.73553],[4.87838,60.73452],[4.87836,60.73398],[4.87632,60.73379],[4.87525,60.73423],[4.8722,60.73367],[4.8712,60.7346],[4.8667,60.73619],[4.86751,60.73734],[4.86607,60.73823],[4.86791,60.73909],[4.86697,60.74061],[4.87285,60.73929],[4.8735,60.73857]],[[4.84295,60.73989],[4.84365,60.73938],[4.84083,60.73841],[4.83657,60.73815],[4.83521,60.73858],[4.83633,60.73946],[4.84295,60.73989]],[[4.88448,60.74386],[4.88766,60.74272],[4.89234,60.74293],[4.89318,60.7426],[4.8923,60.74222],[4.89247,60.74179],[4.89462,60.74113],[4.89548,60.74153],[4.89679,60.7412],[4.89762,60.74057],[4.89646,60.73983],[4.8995,60.73755],[4.89734,60.73701],[4.8959,60.738],[4.89578,60.73651],[4.89491,60.73636],[4.88582,60.73966]],[[4.97532,60.74902],[4.97361,60.74978],[4.97217,60.74915],[4.9693,60.74907],[4.9675,60.74962],[4.96729,60.75049]],[[4.88582,60.73966],[4.88007,60.74184],[4.88063,60.74493],[4.88229,60.74491],[4.88448,60.74386]],[[4.88368,60.74638],[4.88518,60.74608],[4.88675,60.74477],[4.88535,60.74486],[4.88392,60.74562]],[[4.88392,60.74562],[4.88243,60.74566],[4.88181,60.74645],[4.88368,60.74638]],[[4.83509,60.74131],[4.83279,60.74051],[4.83022,60.74054],[4.83103,60.74169],[4.83226,60.74183],[4.8332,60.74272],[4.8355,60.74305],[4.83579,60.74166],[4.83509,60.74131]],[[4.90471,60.74542],[4.90215,60.74562],[4.89816,60.74796],[4.90435,60.74665],[4.90471,60.74542]],[[4.8401,60.74206],[4.83721,60.74198],[4.83646,60.74232],[4.83886,60.74366],[4.84063,60.74341],[4.8409,60.74306],[4.8401,60.74206]],[[4.97084,60.74652],[4.96689,60.74811],[4.9632,60.75044],[4.95887,60.75191],[4.95816,60.75303],[4.95978,60.75352],[4.96446,60.75055],[4.96579,60.75011],[4.96657,60.75074],[4.96729,60.75049]],[[4.83631,60.74402],[4.83576,60.74372],[4.83056,60.74372],[4.83232,60.74445],[4.83643,60.74511],[4.83846,60.74462],[4.83631,60.74402]],[[4.97294,60.75658],[4.9745,60.756],[4.97493,60.75355],[4.9756,60.75314],[4.97639,60.75331],[4.97599,60.75441],[4.97687,60.75434],[4.97874,60.75217],[4.97734,60.75171],[4.97824,60.75103]],[[4.88268,60.74783],[4.88079,60.74762],[4.87849,60.74907],[4.87836,60.74983],[4.88181,60.74909],[4.88264,60.74866],[4.88268,60.74783]],[[4.83421,60.74771],[4.83365,60.74732],[4.83094,60.74742],[4.82922,60.74684],[4.82707,60.74811],[4.8283,60.7485],[4.8325,60.7484],[4.83421,60.74771]],[[4.99655,60.75993],[5.00235,60.75683]],[[5.00635,60.75514],[4.99772,60.75796],[4.99737,60.7575],[4.99568,60.75777],[4.99255,60.75973],[4.99305,60.76003],[4.99503,60.75989],[4.99264,60.7612],[4.99655,60.75993]],[[4.87925,60.76031],[4.88269,60.76014],[4.88315,60.75963],[4.88757,60.7588],[4.88829,60.75891],[4.88807,60.75924],[4.89026,60.75946],[4.8906,60.76015],[4.89272,60.76003],[4.89409,60.76063],[4.89571,60.75741],[4.89718,60.75598],[4.89948,60.75539],[4.89932,60.75485],[4.90115,60.75477],[4.9023,60.75588],[4.90402,60.7556],[4.90307,60.75511],[4.90335,60.75432],[4.9067,60.75326],[4.91017,60.75271],[4.9126,60.75148],[4.92119,60.74869],[4.92874,60.74568],[4.93403,60.74427],[4.93661,60.74298],[4.93952,60.743],[4.94145,60.74212],[4.94325,60.74247],[4.94607,60.74124],[4.94481,60.74092],[4.94653,60.73995]],[[4.70746,60.7537],[4.70898,60.75426],[4.71179,60.75321],[4.71229,60.75144],[4.71169,60.75077],[4.70794,60.75321],[4.70758,60.75223],[4.70608,60.75179],[4.70551,60.75052],[4.70433,60.75077],[4.70289,60.75306],[4.70298,60.75417],[4.70648,60.7548],[4.70746,60.7537]],[[4.74633,60.76242],[4.74677,60.7603],[4.74467,60.75867],[4.74347,60.75853],[4.74171,60.75698],[4.73528,60.75498],[4.73618,60.75418],[4.73586,60.75334],[4.73127,60.75153],[4.72583,60.75043],[4.72315,60.75053],[4.72168,60.75136],[4.72138,60.75227],[4.71947,60.75287],[4.71821,60.75201],[4.71668,60.75186],[4.71668,60.75056],[4.71507,60.75094],[4.71364,60.75356],[4.7109,60.75455],[4.7102,60.75522],[4.71038,60.75672],[4.71126,60.75703],[4.71122,60.75748],[4.71009,60.7578],[4.70915,60.75711],[4.70814,60.75704],[4.70648,60.75815],[4.70622,60.75886],[4.70905,60.75954]],[[4.99684,60.96438],[4.9929,60.9641],[4.99118,60.96454],[4.99079,60.96496],[4.99202,60.96677],[4.99316,60.9668],[4.9976,60.96517],[4.99684,60.96438]],[[4.95498,60.97868],[4.95366,60.97984],[4.95252,60.97771]],[[4.81826,60.90377],[4.82015,60.90453],[4.82173,60.90441],[4.82203,60.90406]],[[4.89479,60.93386],[4.89382,60.93347],[4.89237,60.93404],[4.89169,60.93496],[4.89218,60.93572],[4.89324,60.93582],[4.89479,60.93386]],[[4.99257,60.96223],[4.99191,60.96304],[4.9935,60.96326],[4.99623,60.96337],[4.99926,60.96273]],[[4.97988,60.9615],[4.9787,60.96139],[4.97677,60.96245],[4.97908,60.96257],[4.97988,60.9615]],[[4.84662,60.86066],[4.84702,60.86117]],[[4.84675,60.86202],[4.84768,60.86183],[4.84702,60.86117]],[[4.86578,60.88338],[4.86435,60.88247],[4.86325,60.88284],[4.86512,60.8846],[4.86585,60.88445],[4.86578,60.88338]],[[4.80116,60.88026],[4.79841,60.88044],[4.79694,60.88112],[4.7983,60.88149],[4.79924,60.88133],[4.80125,60.88066],[4.80116,60.88026]],[[4.80283,60.88601],[4.80219,60.88566],[4.80014,60.88571],[4.7988,60.88638],[4.80045,60.88658],[4.80283,60.88601]],[[4.74622,60.88577],[4.74648,60.88496]],[[4.81212,60.88817],[4.80888,60.8881],[4.80116,60.88967],[4.80093,60.89001],[4.80308,60.89012],[4.80697,60.8896],[4.80741,60.88927],[4.81169,60.88878],[4.81212,60.88817]],[[4.837,60.89236],[4.83632,60.89286],[4.83672,60.89323]],[[4.74574,60.88725],[4.74691,60.88653],[4.74611,60.88611]],[[4.78417,60.89094],[4.78313,60.88999],[4.78538,60.88972],[4.78488,60.88902],[4.78266,60.8896],[4.78204,60.8905],[4.78013,60.89014],[4.77874,60.89028],[4.77974,60.8915],[4.78417,60.89094]],[[4.72198,60.8868],[4.72121,60.88694],[4.7215,60.88793],[4.72332,60.88869],[4.7233,60.88774],[4.72198,60.8868]],[[4.81305,60.90337],[4.81028,60.90316]],[[4.81028,60.90316],[4.80997,60.90361],[4.8111,60.90402],[4.81287,60.904],[4.81305,60.90337]],[[4.79862,60.91305],[4.80168,60.91308],[4.79852,60.91234],[4.79649,60.91246],[4.79739,60.9131],[4.79862,60.91305]],[[4.82939,60.91603],[4.82951,60.91566]],[[4.82939,60.91603],[4.82927,60.9164]],[[4.88271,60.93544],[4.87844,60.93515],[4.87751,60.93546],[4.88014,60.93582],[4.88271,60.93544]],[[4.87475,60.94905],[4.87454,60.94833],[4.87194,60.94828],[4.87058,60.94787],[4.87212,60.94764],[4.87228,60.94702],[4.87055,60.94706],[4.86874,60.94817],[4.87021,60.94877],[4.87475,60.94905]],[[4.82007,60.94918],[4.81905,60.94811]],[[4.99926,60.96273],[5.00085,60.96178]],[[4.81069,60.97397],[4.81058,60.97431]],[[4.81556,60.95889],[4.81573,60.95839]],[[4.97328,60.97235],[4.97155,60.97227],[4.97054,60.97317],[4.97298,60.97319],[4.97328,60.97235]],[[4.84127,60.9621],[4.83985,60.96212],[4.83933,60.96331],[4.84052,60.96385],[4.84267,60.964],[4.84315,60.96344],[4.84127,60.9621]],[[4.95603,60.97165],[4.9555,60.9715],[4.95395,60.97208],[4.9545,60.9731],[4.95589,60.97266],[4.95603,60.97165]],[[4.84406,60.97234],[4.84215,60.97168],[4.84076,60.97192],[4.83667,60.97098],[4.83398,60.97103],[4.83206,60.9715],[4.83851,60.97282],[4.84389,60.97266],[4.84406,60.97234]],[[4.90222,60.97903],[4.90217,60.97918]],[[4.90217,60.97918],[4.903,60.98076],[4.90388,60.97899],[4.90308,60.97877],[4.90222,60.97903]],[[4.81069,60.97397],[4.81333,60.97327],[4.81117,60.97249]],[[4.80632,60.98748],[4.80735,60.98724],[4.80649,60.98696]],[[4.80632,60.98748],[4.80615,60.98801]],[[4.85568,60.994],[4.85893,60.99319],[4.85856,60.99245],[4.85147,60.99296],[4.85092,60.99326],[4.85115,60.99354],[4.85568,60.994]],[[4.71268,60.98621],[4.71343,60.9865]],[[4.84662,60.86066],[4.84584,60.85973],[4.84246,60.85855],[4.84125,60.85756],[4.83926,60.85846],[4.83856,60.85806],[4.83932,60.85762],[4.83851,60.85739],[4.83402,60.85774],[4.83222,60.85956]],[[4.93068,60.86705],[4.93216,60.86316],[4.92867,60.8632],[4.9272,60.86225],[4.9319,60.86202],[4.93262,60.86116],[4.92784,60.86083],[4.92418,60.85949],[4.92208,60.85963],[4.92219,60.86018],[4.92144,60.86033],[4.9205,60.85889],[4.92595,60.8587],[4.92641,60.858],[4.92958,60.85733],[4.93234,60.85505],[4.93371,60.85454],[4.93278,60.85415],[4.92764,60.85452],[4.92446,60.85555],[4.91904,60.85506],[4.91794,60.85567],[4.91314,60.85604],[4.91143,60.85683],[4.9116,60.85715],[4.91519,60.85731],[4.91654,60.85799],[4.91627,60.85827],[4.90617,60.85719],[4.90288,60.85853],[4.89931,60.85868],[4.89776,60.85984],[4.89636,60.85826],[4.89518,60.85816],[4.89341,60.85899],[4.89028,60.85933],[4.88827,60.86017],[4.88334,60.86058],[4.88118,60.86226],[4.87943,60.86244],[4.87819,60.86307]],[[4.81016,60.8608],[4.80867,60.86053],[4.8072,60.86155],[4.80908,60.86179],[4.81016,60.8608]],[[4.83222,60.85956],[4.83076,60.86233],[4.82885,60.86356],[4.82899,60.86457],[4.83021,60.86504],[4.83129,60.86435],[4.83438,60.86515],[4.83776,60.8646],[4.84234,60.86339],[4.84535,60.86195],[4.84675,60.86202]],[[4.86142,60.86436],[4.86032,60.86431],[4.8569,60.86563],[4.85769,60.86646],[4.85719,60.86729],[4.85926,60.86654],[4.86004,60.86517],[4.86142,60.86436]],[[4.80666,60.86165],[4.8014,60.86222],[4.8009,60.8633],[4.80222,60.86368],[4.80479,60.86359],[4.80682,60.86277],[4.80666,60.86165]],[[4.93512,60.87599],[4.93557,60.87644],[4.9367,60.87631],[4.93901,60.8753],[4.93846,60.87423],[4.93556,60.87461]],[[4.86364,60.87636],[4.86735,60.87645],[4.86851,60.87444],[4.86736,60.87362],[4.86531,60.87385],[4.86305,60.87502],[4.86288,60.87599],[4.86364,60.87636]],[[4.8417,60.87773],[4.84333,60.87663],[4.84613,60.87601],[4.84794,60.87621],[4.8488,60.87681],[4.85127,60.87636],[4.8523,60.87584],[4.85109,60.87453],[4.85175,60.87391],[4.85365,60.87325],[4.8548,60.8735],[4.856,60.87218],[4.85904,60.87109],[4.85984,60.87155],[4.86579,60.8706],[4.8679,60.86965],[4.86796,60.86917],[4.8631,60.86982],[4.86273,60.86958],[4.86791,60.86794],[4.86638,60.86723],[4.86591,60.86614],[4.86054,60.86771],[4.86141,60.86816],[4.86111,60.86843],[4.85558,60.86839],[4.85544,60.86808],[4.85655,60.86772],[4.8556,60.86745],[4.85106,60.86855],[4.85104,60.86679],[4.85017,60.86663],[4.84843,60.86712],[4.84676,60.86836],[4.84667,60.86894],[4.84832,60.86985],[4.84384,60.87108]],[[4.84384,60.87108],[4.84255,60.8721],[4.83556,60.8735],[4.83344,60.87487],[4.8345,60.87538],[4.83768,60.87457],[4.84016,60.87438],[4.84155,60.87469],[4.83789,60.87605],[4.83768,60.8776],[4.83486,60.87805],[4.83564,60.87877],[4.83675,60.87893],[4.84124,60.87817],[4.8417,60.87773]],[[4.76544,60.87102],[4.76399,60.87141],[4.76393,60.87347],[4.76469,60.87503],[4.76574,60.87524],[4.76685,60.87333],[4.76544,60.87102]],[[4.853,60.87789],[4.84879,60.87939],[4.84743,60.88047],[4.8476,60.88194],[4.85218,60.88096],[4.85497,60.87986],[4.85355,60.87905],[4.853,60.87789]],[[4.78701,60.87466],[4.7895,60.87502],[4.7919,60.8749],[4.7962,60.87367],[4.79741,60.87238],[4.80101,60.8719],[4.80441,60.87066],[4.80531,60.8708],[4.80864,60.86989],[4.81447,60.86686],[4.81686,60.86437],[4.81955,60.86254],[4.81948,60.86173],[4.81114,60.86149],[4.81027,60.86289],[4.80821,60.86261],[4.80505,60.86601],[4.8046,60.86581],[4.80527,60.86496],[4.80399,60.86399],[4.7994,60.86606],[4.79841,60.86555],[4.79853,60.86454],[4.795,60.8629],[4.79293,60.86354],[4.79063,60.86491],[4.79004,60.86423],[4.78939,60.86422],[4.78636,60.86619],[4.78749,60.86718],[4.78399,60.86869],[4.78269,60.87018],[4.78278,60.87103],[4.78511,60.87245],[4.78637,60.87415],[4.78425,60.87379],[4.7819,60.87142],[4.78083,60.87101],[4.77926,60.87222],[4.77953,60.87538],[4.77882,60.87748],[4.77972,60.87762],[4.78737,60.87602],[4.78701,60.87466]],[[4.83694,60.88157],[4.83398,60.88202],[4.83423,60.8831],[4.83503,60.88368],[4.83626,60.8838],[4.83641,60.88469],[4.83777,60.88452],[4.83739,60.88339],[4.83833,60.88295],[4.83694,60.88157]],[[4.74029,60.87527],[4.73849,60.87367],[4.73708,60.87379],[4.73807,60.87584],[4.73897,60.87606],[4.73993,60.87582],[4.74029,60.87527]],[[4.84019,60.88244],[4.8385,60.88392],[4.83958,60.88433]],[[4.83958,60.88433],[4.84599,60.88199],[4.8415,60.88263],[4.84019,60.88244]],[[4.74811,60.87532],[4.74644,60.87496],[4.7437,60.87611],[4.74394,60.87678],[4.74628,60.87803],[4.7474,60.87792],[4.74811,60.87532]],[[4.83279,60.88215],[4.82957,60.88221],[4.82862,60.88443],[4.82988,60.88457],[4.83123,60.88412],[4.8307,60.88365],[4.83359,60.88265],[4.83279,60.88215]],[[4.81373,60.88307],[4.81941,60.88141],[4.82275,60.87997],[4.82232,60.87938],[4.81727,60.87958],[4.82172,60.87801],[4.82146,60.87586],[4.81633,60.87639],[4.81406,60.87754],[4.81392,60.87822],[4.80823,60.87947],[4.80518,60.88107],[4.80194,60.88106],[4.80086,60.88149],[4.80193,60.88236],[4.8031,60.88253],[4.80835,60.88234],[4.80893,60.88306],[4.81373,60.88307]],[[4.92975,60.89285],[4.93275,60.89169],[4.93203,60.89022],[4.93462,60.88849],[4.93626,60.88611],[4.93282,60.88323]],[[4.75088,60.8784],[4.75005,60.87856],[4.74945,60.88002],[4.75084,60.88073],[4.75152,60.87884],[4.75088,60.8784]],[[4.73346,60.87547],[4.73264,60.87504],[4.73154,60.87515],[4.73172,60.87604],[4.73049,60.87734],[4.73216,60.8796],[4.73361,60.87887],[4.73278,60.87692],[4.73346,60.87547]],[[4.81552,60.88677],[4.81775,60.88663],[4.81877,60.88701],[4.82112,60.88659],[4.82133,60.88606],[4.81945,60.88571],[4.81351,60.8863],[4.81552,60.88677]],[[4.78769,60.8832],[4.78506,60.88348],[4.7848,60.88489],[4.7854,60.88548],[4.79088,60.88485],[4.78769,60.8832]],[[4.93282,60.88323],[4.93021,60.88267],[4.92912,60.88279],[4.92934,60.88335],[4.92382,60.88778],[4.92353,60.8894],[4.92106,60.89229],[4.91804,60.89312],[4.91692,60.89419],[4.91686,60.8962],[4.91854,60.89603],[4.92203,60.894],[4.92546,60.89403],[4.9268,60.89321],[4.92975,60.89285]],[[4.72853,60.87725],[4.72666,60.87656],[4.72581,60.8774],[4.72691,60.88094],[4.72759,60.88173],[4.73008,60.88285],[4.73114,60.88244],[4.73095,60.87908],[4.72853,60.87725]],[[4.76044,60.88107],[4.75844,60.88078],[4.75966,60.88014],[4.76164,60.88075],[4.76249,60.88053],[4.76303,60.87947],[4.76428,60.88037],[4.76766,60.87997],[4.76733,60.87801],[4.76589,60.87767],[4.76487,60.87817],[4.76386,60.87816],[4.76451,60.87692],[4.76337,60.87569],[4.76152,60.87515],[4.76042,60.87548],[4.75915,60.87906],[4.75851,60.87918],[4.75897,60.87982],[4.75706,60.87886],[4.75568,60.87641],[4.75442,60.87678],[4.7521,60.88076],[4.75175,60.88248],[4.75273,60.88473],[4.75657,60.88554],[4.75929,60.88484],[4.75793,60.88235],[4.75977,60.88221],[4.7608,60.88138],[4.76044,60.88107]],[[4.71057,60.881],[4.70988,60.88015],[4.70837,60.88038],[4.70815,60.88239],[4.70935,60.88222],[4.71057,60.881]],[[4.94091,60.89735],[4.94438,60.89683],[4.9385,60.89613],[4.94141,60.8953],[4.94304,60.89505],[4.95074,60.89528],[4.95754,60.89456],[4.95998,60.89269],[4.96054,60.89107],[4.95924,60.88925],[4.9605,60.88721],[4.95353,60.88575],[4.94743,60.88704],[4.93947,60.88695],[4.93628,60.88912],[4.93627,60.88966],[4.93788,60.8904],[4.93754,60.89118],[4.93529,60.89235],[4.93027,60.89389],[4.92934,60.89558],[4.93031,60.89625],[4.9286,60.89756],[4.92772,60.89923]],[[4.837,60.89236],[4.83823,60.89178],[4.83985,60.89201],[4.84108,60.89149],[4.84476,60.89137],[4.84826,60.89079],[4.85121,60.89154],[4.85279,60.89023],[4.85071,60.8905],[4.84934,60.88949],[4.85188,60.8891],[4.85333,60.88942],[4.85417,60.88832],[4.85898,60.88554],[4.86095,60.88515],[4.8619,60.88523],[4.86253,60.88577],[4.86221,60.88721],[4.86321,60.88729],[4.86389,60.88632],[4.86487,60.88606],[4.86649,60.88701],[4.86702,60.88806],[4.86525,60.88956],[4.86489,60.89224],[4.867,60.89176],[4.86663,60.89122],[4.86812,60.89095],[4.86897,60.89007],[4.86977,60.89015],[4.87069,60.89114],[4.87001,60.89309],[4.8664,60.89327],[4.864,60.89268],[4.86221,60.89422],[4.8646,60.89384],[4.87003,60.89409],[4.87194,60.89553],[4.8763,60.89432],[4.87642,60.89377],[4.87502,60.89407],[4.87269,60.89359],[4.87383,60.89276],[4.87364,60.89211],[4.87097,60.88951],[4.8723,60.88775],[4.87465,60.88787],[4.87634,60.88913],[4.87704,60.88911],[4.87742,60.88781],[4.87868,60.88677],[4.8777,60.88591],[4.8765,60.88584],[4.8766,60.88649],[4.87459,60.88734],[4.87283,60.88578],[4.87283,60.88495],[4.87384,60.88471],[4.87588,60.88523],[4.87625,60.88389],[4.87922,60.88392],[4.88043,60.88358],[4.88204,60.88266],[4.8828,60.88079],[4.88202,60.88069],[4.87735,60.88231],[4.87503,60.88185],[4.87536,60.88101],[4.87418,60.88051],[4.87727,60.87983],[4.87979,60.8797],[4.88097,60.87925],[4.88108,60.87864],[4.885,60.87761],[4.88417,60.87735],[4.88241,60.87778],[4.87791,60.8779],[4.87312,60.87729],[4.87128,60.87685],[4.87031,60.87532],[4.87045,60.87327],[4.8714,60.87279],[4.873,60.87241],[4.87767,60.87219],[4.87418,60.87094],[4.87213,60.87171],[4.87076,60.87165],[4.87263,60.87056],[4.87297,60.86862],[4.87601,60.86805],[4.87893,60.86827],[4.88171,60.86741],[4.88133,60.86717],[4.87828,60.8676],[4.87508,60.86756],[4.87548,60.86506],[4.87819,60.86307]],[[4.79808,60.88711],[4.79708,60.88712],[4.79636,60.88759],[4.79683,60.88858],[4.793,60.88898],[4.79252,60.88941],[4.79457,60.88964],[4.79825,60.889],[4.79867,60.88759],[4.79808,60.88711]],[[4.75696,60.8862],[4.75684,60.88596],[4.75237,60.88599],[4.75079,60.88686],[4.75079,60.8876],[4.75215,60.88786],[4.75696,60.8862]],[[4.83638,60.8943],[4.83904,60.89462],[4.83672,60.89323]],[[4.733,60.88413],[4.73194,60.88412],[4.73049,60.88561],[4.73298,60.88712],[4.73376,60.88657],[4.733,60.88413]],[[4.71584,60.88116],[4.71516,60.88093],[4.71442,60.8813],[4.71397,60.88505],[4.71591,60.88583],[4.71729,60.88375],[4.71584,60.88116]],[[4.79942,60.88992],[4.79463,60.89025],[4.79425,60.89089],[4.79297,60.89134],[4.79319,60.89196],[4.79541,60.89237],[4.79989,60.89162],[4.79942,60.88992]],[[4.74611,60.88611],[4.74277,60.88679],[4.74105,60.8877],[4.74172,60.88832],[4.74496,60.88805],[4.74574,60.88725]],[[4.81113,60.89],[4.80894,60.88974],[4.80436,60.89032],[4.80535,60.8908],[4.80505,60.89154],[4.80334,60.89234],[4.8038,60.89316],[4.80553,60.89309],[4.80546,60.89221],[4.80992,60.89125],[4.81113,60.89]],[[4.72619,60.88721],[4.72804,60.88428],[4.72541,60.87979],[4.72454,60.87917],[4.72291,60.87918],[4.72211,60.87861],[4.72097,60.8792],[4.71972,60.88511],[4.72066,60.88632],[4.72236,60.88588],[4.72356,60.88606],[4.72459,60.88773],[4.72553,60.88781],[4.72619,60.88721]],[[4.74648,60.88496],[4.74432,60.88299],[4.74315,60.88291],[4.74135,60.88346],[4.73999,60.88082],[4.73792,60.8797],[4.73576,60.8796],[4.73467,60.88068],[4.73454,60.88312],[4.73661,60.88612],[4.73675,60.88681],[4.73573,60.88766],[4.7363,60.88885],[4.73778,60.88914],[4.73965,60.88768],[4.73961,60.88594],[4.74087,60.88412],[4.74217,60.88579],[4.74622,60.88577]],[[4.84697,60.89773],[4.84876,60.89627],[4.84782,60.89564],[4.84991,60.8941],[4.85076,60.89169],[4.84543,60.89338],[4.84571,60.89593],[4.84503,60.89647],[4.84194,60.89664],[4.84266,60.89731],[4.84436,60.89699],[4.84536,60.89734],[4.84553,60.89801],[4.84697,60.89773]],[[4.91886,60.90377],[4.91878,60.90298],[4.91643,60.90289],[4.91521,60.90341],[4.91393,60.90292],[4.91709,60.90247],[4.9215,60.90038],[4.92209,60.89732],[4.92052,60.89652],[4.9167,60.89681],[4.9157,60.90005],[4.91198,60.90157],[4.91121,60.90414],[4.91269,60.90461],[4.91582,60.90459],[4.91886,60.90377]],[[4.71025,60.89119],[4.71107,60.88925],[4.71005,60.88829],[4.70881,60.88829],[4.70833,60.88958],[4.70978,60.88989],[4.70957,60.89076],[4.70792,60.89035],[4.70728,60.89076],[4.70785,60.89137],[4.70943,60.89181],[4.71025,60.89119]],[[4.92772,60.89923],[4.92554,60.90138],[4.92459,60.90325],[4.92546,60.90407],[4.92368,60.90435],[4.92308,60.90496],[4.92374,60.9057],[4.92533,60.90592],[4.92233,60.90706],[4.92303,60.90805],[4.92481,60.90837]],[[4.71948,60.89269],[4.72049,60.89287],[4.72185,60.89231],[4.72209,60.89098],[4.72042,60.88811],[4.71726,60.88712],[4.71647,60.88732],[4.71559,60.8919],[4.71771,60.89316],[4.71901,60.89318],[4.71948,60.89269]],[[4.92461,60.90898],[4.92649,60.90873],[4.92481,60.90837]],[[4.82203,60.90406],[4.81941,60.90336],[4.81827,60.90345],[4.81826,60.90377]],[[4.82879,60.90457],[4.82893,60.90421],[4.83077,60.90374],[4.82909,60.903],[4.8304,60.90249],[4.82913,60.90154],[4.83074,60.90111],[4.83176,60.90139],[4.83231,60.90088],[4.82986,60.89762],[4.83018,60.89726],[4.83279,60.89703],[4.83022,60.89604],[4.83037,60.89482],[4.8322,60.89364],[4.83638,60.8943]],[[4.84428,60.90575],[4.8489,60.90348],[4.84782,60.9032],[4.84761,60.90122],[4.8468,60.90071],[4.84443,60.90071],[4.84375,60.90151],[4.84527,60.9027],[4.84676,60.90293],[4.84726,60.90382],[4.84532,60.9045],[4.84606,60.9036],[4.84471,60.90317],[4.84373,60.90335],[4.84387,60.90508],[4.84273,60.90564]],[[4.87616,60.90818],[4.87688,60.90722],[4.87613,60.90632],[4.87662,60.9052],[4.87452,60.90405],[4.87204,60.90535],[4.87405,60.90704],[4.87425,60.90804]],[[4.83211,60.90756],[4.83751,60.90728],[4.84273,60.90564]],[[4.82879,60.90457],[4.83034,60.90522],[4.82897,60.90568],[4.82895,60.90605],[4.83057,60.90669],[4.8281,60.90687],[4.82788,60.90717],[4.83211,60.90756]],[[4.7814,60.90399],[4.7805,60.9029],[4.77857,60.90363],[4.77616,60.90342],[4.77545,60.90375],[4.77608,60.90451],[4.77816,60.90473],[4.78092,60.90459],[4.7814,60.90399]],[[4.83111,60.90871],[4.82879,60.90829],[4.82484,60.90828],[4.82607,60.91055],[4.82697,60.91096],[4.83078,60.90957],[4.83111,60.90871]],[[4.83089,60.91136],[4.83297,60.91092],[4.83386,60.91105],[4.8336,60.91298],[4.83474,60.91346],[4.83716,60.91324],[4.83547,60.91225],[4.83562,60.91026],[4.83388,60.90989],[4.83384,60.90906],[4.83914,60.90761],[4.8457,60.90683],[4.84559,60.90653],[4.84365,60.90634],[4.84428,60.90575]],[[4.91595,60.9112],[4.91732,60.9118],[4.91675,60.91284],[4.91812,60.91346],[4.91369,60.91439],[4.91091,60.91428],[4.90556,60.91565],[4.90168,60.91769],[4.90119,60.91844],[4.90248,60.91898]],[[4.87616,60.90818],[4.87622,60.90904],[4.87851,60.90972],[4.87735,60.9108],[4.88395,60.91098],[4.88557,60.91049],[4.88764,60.91085],[4.88562,60.91196],[4.88542,60.91237],[4.88655,60.91318],[4.88567,60.9136],[4.88263,60.91401],[4.87802,60.91293],[4.87514,60.91334],[4.87546,60.91516],[4.87712,60.91548],[4.87535,60.9164],[4.8759,60.91705],[4.87837,60.91752],[4.88025,60.91739],[4.88281,60.91613],[4.89405,60.91304],[4.89486,60.91188],[4.89338,60.91099],[4.89594,60.91049],[4.89674,60.90974]],[[4.87269,60.91361],[4.87109,60.91328],[4.86967,60.91398],[4.86342,60.91468],[4.86087,60.91464],[4.86185,60.91583],[4.86144,60.91639],[4.87139,60.91578],[4.87098,60.91517],[4.87269,60.91361]],[[4.79344,60.90801],[4.79331,60.90837],[4.79473,60.90871],[4.79524,60.90936],[4.79328,60.90976],[4.79163,60.90898],[4.79087,60.90924],[4.79109,60.91025],[4.78997,60.90921],[4.78909,60.90934],[4.7906,60.91106],[4.79247,60.91152],[4.7942,60.91064],[4.79605,60.91177],[4.80018,60.9119],[4.80075,60.9116],[4.79954,60.91101],[4.80415,60.91041],[4.80621,60.90946],[4.8054,60.90792],[4.80431,60.90761],[4.79928,60.90717],[4.79741,60.90791]],[[4.83089,60.91136],[4.829,60.91192],[4.82956,60.91331],[4.82767,60.91458],[4.82862,60.91554],[4.82951,60.91566]],[[4.78623,60.9113],[4.78849,60.91067],[4.78848,60.91027],[4.78374,60.9091],[4.78014,60.90939],[4.78061,60.90982],[4.78184,60.90996],[4.78213,60.91076],[4.77995,60.91024],[4.77838,60.90934],[4.77704,60.90929],[4.77612,60.90954],[4.77739,60.91052],[4.77528,60.91086],[4.77592,60.9116],[4.77825,60.91222],[4.78463,60.91179],[4.78623,60.9113]],[[4.82813,60.91771],[4.82623,60.91756],[4.82708,60.91874],[4.82868,60.91812],[4.82813,60.91771]],[[4.7881,60.91571],[4.78898,60.91497],[4.78653,60.91429],[4.78526,60.91489],[4.7832,60.91507],[4.78196,60.91421],[4.7825,60.91331],[4.78149,60.91279],[4.78022,60.91281],[4.78136,60.91524],[4.78292,60.91598],[4.7881,60.91571]],[[4.78039,60.91466],[4.77919,60.91425],[4.77785,60.91434],[4.77715,60.91551],[4.77914,60.9166],[4.78039,60.91466]],[[4.82799,60.92036],[4.83064,60.92215],[4.83126,60.91957],[4.83001,60.91922],[4.83046,60.91866],[4.82959,60.91836],[4.82932,60.91703],[4.83019,60.91661],[4.82927,60.9164]],[[4.94456,60.93115],[4.94348,60.93106],[4.94196,60.93165],[4.94291,60.93315],[4.94491,60.93235],[4.94456,60.93115]],[[4.80598,60.9216],[4.80494,60.92047],[4.80133,60.91871],[4.80163,60.91972],[4.80102,60.92055],[4.80342,60.9207],[4.8046,60.92241],[4.80756,60.92288],[4.80838,60.92271],[4.80598,60.9216]],[[4.87731,60.92624],[4.87499,60.92526],[4.87318,60.92553],[4.86921,60.92708],[4.86926,60.92821],[4.87121,60.92843],[4.8765,60.92749],[4.87731,60.92624]],[[4.88696,60.92773],[4.88758,60.92528],[4.88971,60.92259],[4.88873,60.92198],[4.88699,60.92205],[4.8862,60.92247],[4.8856,60.92479],[4.88289,60.92478],[4.88286,60.92603],[4.88017,60.92644],[4.88234,60.92772],[4.88223,60.92873],[4.88728,60.93008],[4.88815,60.92982],[4.88677,60.92852],[4.88696,60.92773]],[[4.86865,60.92843],[4.86713,60.92835],[4.86402,60.93037],[4.86395,60.93101],[4.86546,60.93106],[4.86779,60.92911],[4.86895,60.92875],[4.86865,60.92843]],[[4.77894,60.92577],[4.77554,60.92457],[4.77457,60.92515],[4.77494,60.92625],[4.77651,60.92655],[4.77924,60.92626],[4.77894,60.92577]],[[4.97836,60.93758],[4.97976,60.93697],[4.98337,60.93638],[4.98288,60.93731],[4.98416,60.93968],[4.98573,60.94045],[4.98774,60.93958],[4.98982,60.93969],[4.99109,60.94322]],[[4.88637,60.93524],[4.88802,60.93229],[4.88769,60.93117],[4.87834,60.92843],[4.87683,60.92857],[4.87547,60.92962],[4.87472,60.93112],[4.87325,60.93154],[4.87108,60.93038],[4.86811,60.93043],[4.86745,60.93089],[4.86698,60.93238],[4.87292,60.93361],[4.87275,60.93423],[4.87315,60.93402],[4.87651,60.93462],[4.8769,60.9344],[4.88512,60.9356],[4.88637,60.93524]],[[4.91527,60.93825],[4.92424,60.93793],[4.92759,60.93433],[4.9335,60.93102],[4.9368,60.93002],[4.93886,60.92768],[4.9414,60.92709],[4.94378,60.92568],[4.94571,60.92362],[4.94734,60.92329],[4.94809,60.9226],[4.94831,60.9208],[4.95383,60.91666],[4.95542,60.91617],[4.95636,60.91425]],[[4.90262,60.92002],[4.89952,60.9204],[4.89866,60.9209],[4.89951,60.92253],[4.89885,60.92445],[4.90097,60.92536],[4.90286,60.92518],[4.90544,60.92746],[4.90063,60.93289],[4.89884,60.93365],[4.89979,60.93573],[4.89872,60.93654],[4.90028,60.93722],[4.90135,60.93702],[4.91139,60.93827],[4.91527,60.93825]],[[4.82443,60.93143],[4.83202,60.93229],[4.83961,60.93276],[4.84297,60.93248],[4.84854,60.93311],[4.85581,60.93288],[4.85728,60.93241],[4.85885,60.93124],[4.85883,60.93066],[4.86165,60.93],[4.86585,60.92732],[4.86632,60.92631],[4.86504,60.92546],[4.86776,60.92534],[4.86945,60.92477],[4.86832,60.92422],[4.8702,60.92327],[4.87105,60.91987],[4.86966,60.91939],[4.86457,60.91982],[4.8639,60.91952],[4.86453,60.91873],[4.86966,60.91837],[4.87089,60.91763],[4.87111,60.91653],[4.86841,60.91664],[4.86798,60.91708],[4.8668,60.91717],[4.85646,60.917],[4.84889,60.91745],[4.84877,60.91712],[4.85094,60.9166],[4.85779,60.9166],[4.85996,60.91567],[4.8572,60.91407],[4.84576,60.91351],[4.84089,60.9128],[4.84252,60.9125],[4.84613,60.91288],[4.85056,60.91257],[4.86409,60.91297],[4.86789,60.91254],[4.87066,60.9127],[4.87287,60.9114],[4.87425,60.90804]],[[4.82174,60.92991],[4.82071,60.92993],[4.81954,60.93146],[4.8205,60.93161],[4.82142,60.93112],[4.82174,60.92991]],[[4.81379,60.93085],[4.81071,60.93101],[4.80938,60.93156],[4.81288,60.93159],[4.81379,60.93085]],[[4.82443,60.93143],[4.82176,60.93051],[4.82264,60.92902],[4.82228,60.92749],[4.82057,60.92856],[4.82007,60.92953],[4.81917,60.92942],[4.81815,60.92865],[4.81687,60.92912],[4.81711,60.92956],[4.81886,60.92942],[4.81963,60.92993],[4.81774,60.93034],[4.81857,60.93119],[4.81577,60.93174],[4.81591,60.93219],[4.82402,60.93267]],[[4.80687,60.9321],[4.80878,60.93142],[4.80767,60.93089],[4.80569,60.93073],[4.79986,60.93116],[4.79583,60.93102],[4.79296,60.93173],[4.79443,60.93197],[4.80274,60.93176],[4.80763,60.93315],[4.80813,60.93295],[4.80687,60.9321]],[[4.77978,60.93151],[4.78586,60.93176],[4.78299,60.9292],[4.77627,60.92921],[4.77454,60.92984],[4.77445,60.93022],[4.77616,60.93095],[4.77795,60.93086],[4.77978,60.93151]],[[4.99109,60.94322],[4.99005,60.94684],[4.98745,60.94612],[4.98627,60.94682],[4.98633,60.94767],[4.98717,60.94812],[4.98879,60.94815],[4.99033,60.94767],[4.99214,60.94861],[4.99435,60.94751],[4.99687,60.94473],[4.99771,60.94587],[5.00069,60.94644]],[[5.00105,60.94143],[4.99876,60.94387],[4.99781,60.94419],[4.99734,60.94398],[5.0018,60.93987]],[[5.00071,60.94865],[4.99967,60.94852],[4.99889,60.94908],[4.99902,60.9512],[5.00059,60.94991]],[[5.00066,60.95389],[4.99969,60.95445],[4.99838,60.95346],[4.99772,60.95353],[4.99725,60.95469],[4.99996,60.95593],[5.00133,60.95579]],[[4.82799,60.92036],[4.82464,60.9205],[4.82647,60.92135],[4.82528,60.9222],[4.8249,60.9239],[4.82385,60.92497],[4.82345,60.92439],[4.822,60.92429],[4.82313,60.92091],[4.82147,60.92096],[4.82081,60.92044],[4.82203,60.92017],[4.82239,60.91942],[4.82045,60.91939],[4.81524,60.91739],[4.81653,60.91657],[4.81579,60.91594],[4.81986,60.91486],[4.81875,60.91439],[4.81946,60.91399],[4.81908,60.91345],[4.82422,60.91268],[4.82509,60.91201],[4.82217,60.90921],[4.81948,60.908],[4.81571,60.90792],[4.81505,60.90851],[4.81402,60.90861],[4.81268,60.90787],[4.80853,60.90817],[4.80848,60.90883],[4.80924,60.90921],[4.80864,60.91004],[4.81188,60.91066],[4.81251,60.91212],[4.81113,60.91265],[4.80848,60.91216],[4.80764,60.91264],[4.80367,60.91317],[4.80331,60.91371],[4.80554,60.91435],[4.80317,60.91532],[4.79895,60.91579],[4.80008,60.91616],[4.80448,60.91615],[4.80449,60.91729],[4.80252,60.91753],[4.80153,60.91697],[4.80005,60.91724],[4.8,60.91771],[4.79876,60.91775],[4.7964,60.91753],[4.79453,60.9166],[4.7938,60.91676],[4.7935,60.91712],[4.7964,60.91935],[4.79553,60.9206],[4.79442,60.91988],[4.79296,60.91972],[4.79019,60.92039],[4.78991,60.92078],[4.78817,60.91964],[4.7879,60.91928],[4.7929,60.91887],[4.7936,60.91855],[4.79141,60.91695],[4.7819,60.91807],[4.77979,60.91772],[4.77914,60.91791],[4.77923,60.91843],[4.78109,60.91904],[4.78615,60.91906],[4.78678,60.91971],[4.78621,60.92041],[4.78389,60.92006],[4.78358,60.92122],[4.78901,60.92158],[4.78787,60.92193],[4.78656,60.92335],[4.78644,60.92458],[4.7851,60.925],[4.78175,60.92492],[4.78544,60.92428],[4.78486,60.92337],[4.78524,60.92268],[4.78298,60.92214],[4.78017,60.92273],[4.77789,60.92279],[4.78251,60.92772],[4.78486,60.92879],[4.78479,60.92998],[4.78712,60.93095],[4.78648,60.93153],[4.78751,60.93217],[4.78883,60.93243],[4.78942,60.93213],[4.79113,60.93256],[4.7923,60.93183],[4.79249,60.93256],[4.79447,60.93258],[4.79414,60.9331],[4.79536,60.93357],[4.78334,60.93233],[4.77948,60.93229],[4.77756,60.93266],[4.77931,60.93361],[4.77727,60.93404],[4.77736,60.93458],[4.78774,60.93582],[4.7895,60.93556],[4.79026,60.93498],[4.79195,60.93536],[4.79245,60.93623],[4.79345,60.93647],[4.80114,60.93559],[4.80315,60.93495],[4.80246,60.93424],[4.80455,60.93353],[4.80646,60.93387],[4.81211,60.93383],[4.81761,60.9334],[4.81965,60.93392],[4.81752,60.93413],[4.81601,60.93475],[4.81113,60.93488],[4.81005,60.93579],[4.80715,60.93575],[4.80606,60.93538],[4.80167,60.93602],[4.7991,60.93744],[4.79543,60.93795],[4.79602,60.93971],[4.79703,60.94034],[4.80137,60.94043],[4.80136,60.94068],[4.79948,60.94084],[4.79961,60.94114],[4.80722,60.94153],[4.80887,60.94117],[4.80784,60.94055],[4.80404,60.94047],[4.80385,60.9402],[4.80599,60.93976],[4.80897,60.93977],[4.81128,60.93914],[4.81329,60.94013],[4.81483,60.94037],[4.81569,60.9398],[4.81961,60.93986],[4.8219,60.93926]],[[4.91117,60.94921],[4.90885,60.94887],[4.90675,60.94911],[4.9094,60.95031],[4.91117,60.94921]],[[4.86348,60.94597],[4.86548,60.94553],[4.86647,60.94671],[4.86827,60.94747],[4.8714,60.94675],[4.87266,60.94667],[4.8734,60.94712],[4.87448,60.94698],[4.87461,60.94605],[4.87797,60.94509],[4.88423,60.94151],[4.88346,60.93882],[4.88423,60.93839],[4.88327,60.93739],[4.8797,60.9361],[4.87666,60.93587],[4.87205,60.9362],[4.86831,60.93558],[4.86722,60.93565],[4.86726,60.93615],[4.87021,60.93709],[4.87505,60.93717],[4.87656,60.93678],[4.87962,60.9369],[4.87998,60.93718],[4.87894,60.93749],[4.8665,60.9377],[4.86537,60.93758],[4.86517,60.93687],[4.86442,60.93667],[4.86083,60.93682],[4.86068,60.93743],[4.85871,60.93828],[4.85889,60.93899],[4.86053,60.94038],[4.8657,60.94317],[4.86443,60.94372],[4.8614,60.9417],[4.85658,60.94157],[4.85508,60.94187],[4.85449,60.94284],[4.85489,60.9435],[4.85678,60.9443],[4.85415,60.94499],[4.85162,60.94517],[4.85244,60.9456],[4.85665,60.94536],[4.85967,60.94694],[4.86076,60.947],[4.86348,60.94597]],[[4.8219,60.93926],[4.82881,60.93879],[4.83442,60.93882],[4.83624,60.93846],[4.83834,60.93872],[4.83826,60.93905],[4.8403,60.93915],[4.83881,60.93995],[4.8419,60.94035],[4.84171,60.94102],[4.84035,60.94158],[4.83979,60.94095],[4.83827,60.94048],[4.83146,60.93956],[4.82634,60.93996],[4.82896,60.94072],[4.82819,60.94119],[4.82627,60.94106],[4.82532,60.94029],[4.82404,60.94005],[4.82231,60.94037],[4.82344,60.94106],[4.82556,60.94119],[4.8254,60.94193],[4.82648,60.94281],[4.83196,60.94249],[4.83224,60.94335],[4.83087,60.94398],[4.83279,60.9443],[4.83081,60.94478],[4.82956,60.94564],[4.83023,60.94633],[4.83437,60.94701],[4.83566,60.94594],[4.83729,60.94574],[4.83815,60.94648],[4.84054,60.94712],[4.84255,60.94627],[4.84393,60.94434],[4.84366,60.9437],[4.84608,60.94255],[4.84672,60.94168],[4.84401,60.94138],[4.84458,60.94004],[4.84563,60.94],[4.84699,60.94073],[4.84819,60.94008],[4.84758,60.93951],[4.85033,60.93928],[4.85213,60.93723],[4.85197,60.93641],[4.85303,60.93584],[4.84778,60.93459],[4.8382,60.93482],[4.82522,60.93418],[4.82507,60.93389],[4.82691,60.93336],[4.82609,60.93291],[4.82402,60.93267]],[[4.88114,60.95063],[4.8841,60.95076],[4.88516,60.95047],[4.88148,60.94941],[4.88158,60.94874],[4.88363,60.94827],[4.88278,60.94752],[4.88141,60.94771],[4.87926,60.94915],[4.87934,60.95012],[4.88114,60.95063]],[[4.91055,60.95303],[4.91351,60.95352],[4.91499,60.95256],[4.91483,60.94996],[4.91347,60.94896],[4.91251,60.94688]],[[4.91055,60.95303],[4.90777,60.95198],[4.90452,60.95165],[4.90193,60.95187],[4.91033,60.95369]],[[4.81429,60.94874],[4.81634,60.94841],[4.81663,60.94793],[4.81905,60.94811]],[[4.86523,60.95262],[4.86778,60.94967],[4.8641,60.94885],[4.8534,60.94842],[4.85195,60.94863],[4.85095,60.94906],[4.85083,60.94986],[4.85257,60.95125],[4.85439,60.95117],[4.85436,60.95179]],[[4.88054,60.95378],[4.87475,60.95266],[4.87358,60.95267],[4.87279,60.95319]],[[4.89585,60.95494],[4.89712,60.95435],[4.89707,60.95371],[4.8954,60.95296],[4.89333,60.95384],[4.89291,60.95472]],[[4.97462,60.96088],[4.97596,60.95817],[4.97572,60.95736],[4.9741,60.95625],[4.96666,60.95697],[4.96442,60.95681],[4.96434,60.95578],[4.9616,60.95579],[4.95971,60.95472],[4.95793,60.95492],[4.95617,60.95412],[4.9528,60.95469],[4.95214,60.95398],[4.95231,60.95292],[4.95102,60.95247],[4.94683,60.95216],[4.94359,60.95147],[4.94021,60.95186],[4.93872,60.95061],[4.93689,60.95018],[4.93602,60.95091],[4.93679,60.95374],[4.93921,60.95371],[4.93961,60.95408],[4.93887,60.95498],[4.93755,60.95539],[4.93636,60.95529],[4.93566,60.95582],[4.9354,60.9567],[4.93751,60.95809]],[[4.99257,60.96223],[4.99273,60.95976],[4.99428,60.95889],[4.99675,60.9586],[4.99733,60.95725],[5.00092,60.95692]],[[4.85436,60.95179],[4.85359,60.95323],[4.85738,60.95437],[4.86321,60.95354],[4.86523,60.95262]],[[4.76524,60.94713],[4.76453,60.94681],[4.76219,60.94685],[4.76097,60.94737],[4.76276,60.94801],[4.76525,60.94741],[4.76524,60.94713]],[[4.96856,60.96409],[4.96929,60.96473],[4.97022,60.96469],[4.97201,60.96362],[4.97462,60.96088]],[[4.98904,60.96423],[4.98667,60.96377],[4.98408,60.96429],[4.98315,60.966],[4.98651,60.96586],[4.98921,60.96494],[4.98904,60.96423]],[[4.8165,60.956],[4.8203,60.95582],[4.8208,60.95436],[4.82179,60.95386],[4.82266,60.9542],[4.82182,60.95613],[4.82733,60.95583],[4.82802,60.95525],[4.82814,60.95308],[4.82634,60.95155],[4.8236,60.94989],[4.82107,60.95107],[4.82007,60.94918]],[[4.98879,60.96588],[4.9882,60.96573],[4.98191,60.96842],[4.98371,60.96864],[4.98927,60.9675],[4.99008,60.9661],[4.98879,60.96588]],[[4.89291,60.95472],[4.89259,60.95521],[4.89019,60.95601],[4.88871,60.95886],[4.89066,60.96019],[4.89038,60.96195],[4.89095,60.96228],[4.89288,60.96145],[4.89442,60.95939],[4.89585,60.95494]],[[4.81429,60.94874],[4.81493,60.94966],[4.81038,60.95],[4.8087,60.95049],[4.80857,60.95171],[4.80643,60.95049],[4.80285,60.95009],[4.79674,60.95081],[4.79705,60.95148],[4.80074,60.9521],[4.80052,60.95333],[4.79658,60.95345],[4.79392,60.95201],[4.79149,60.95221],[4.79032,60.95184],[4.79005,60.9521],[4.79101,60.95276],[4.79218,60.95273],[4.79206,60.95362],[4.79336,60.95477],[4.79459,60.95516],[4.80039,60.95477],[4.8013,60.95499],[4.80091,60.95557],[4.80319,60.95618],[4.80595,60.95621],[4.8105,60.95566],[4.8165,60.956]],[[4.87279,60.95319],[4.87157,60.95416],[4.86693,60.95429],[4.86699,60.95477],[4.87036,60.95487],[4.8711,60.9553],[4.86633,60.95598],[4.8646,60.95552],[4.86401,60.95573],[4.86473,60.9573],[4.86174,60.95777],[4.86136,60.95826],[4.86251,60.95902],[4.86148,60.96007],[4.86291,60.96109],[4.87461,60.96189],[4.877,60.96124],[4.8758,60.96006],[4.87792,60.95938],[4.87965,60.95763],[4.88026,60.95501],[4.88123,60.95444],[4.88054,60.95378]],[[4.85495,60.95867],[4.85472,60.95734],[4.85257,60.95792],[4.8481,60.9581],[4.84563,60.95713],[4.84153,60.95723],[4.84346,60.95777],[4.84532,60.95921],[4.85154,60.96105],[4.85208,60.96078],[4.85144,60.96032],[4.85447,60.95921],[4.85495,60.95867]],[[4.81587,60.95796],[4.81531,60.95812],[4.81573,60.95839]],[[4.88304,60.96431],[4.88334,60.96378],[4.88493,60.96413],[4.88713,60.96388],[4.88918,60.96209],[4.88777,60.95748],[4.88692,60.95778],[4.88672,60.95897],[4.88455,60.95909],[4.88175,60.96116],[4.8817,60.96173],[4.88259,60.96218],[4.8816,60.9637],[4.88037,60.96418],[4.88304,60.96431]],[[4.81521,60.95997],[4.81759,60.95946],[4.81806,60.95856],[4.81587,60.95796]],[[4.83502,60.96064],[4.83377,60.96009],[4.83254,60.96061],[4.83396,60.96159],[4.83486,60.96148],[4.83502,60.96064]],[[4.8765,60.96252],[4.86833,60.9629],[4.86971,60.96435],[4.86678,60.96463],[4.86768,60.96599],[4.87029,60.96609],[4.87276,60.96554],[4.87299,60.96472],[4.87214,60.96438],[4.8729,60.9635],[4.87662,60.96304],[4.8765,60.96252]],[[4.79605,60.96036],[4.79603,60.95977],[4.79336,60.95865],[4.79044,60.95834],[4.7883,60.95856],[4.79025,60.95994],[4.79404,60.96054],[4.79575,60.96063],[4.79605,60.96036]],[[4.81556,60.95889],[4.81202,60.95926],[4.8112,60.95895],[4.81098,60.95816],[4.8099,60.95787],[4.80487,60.95721],[4.79793,60.95726],[4.80173,60.95798],[4.80184,60.95884],[4.79923,60.95824],[4.79786,60.95862],[4.79937,60.9593],[4.80255,60.95935],[4.80273,60.95991],[4.79991,60.95972],[4.79895,60.96012],[4.80171,60.96168],[4.80486,60.96159],[4.80553,60.96034],[4.80684,60.96067],[4.80713,60.96123],[4.81081,60.96123],[4.81521,60.95997]],[[4.84382,60.96456],[4.84061,60.96475],[4.83973,60.96496],[4.83973,60.96549],[4.84209,60.96572],[4.8434,60.96523],[4.84382,60.96456]],[[4.79049,60.96302],[4.7916,60.96296],[4.79286,60.96089],[4.78578,60.95969],[4.78532,60.96049],[4.78659,60.96199],[4.79049,60.96302]],[[4.89103,60.97135],[4.88947,60.97111],[4.88838,60.97165],[4.88325,60.97235],[4.88481,60.9727],[4.89186,60.9727],[4.89201,60.9716],[4.89103,60.97135]],[[4.95498,60.97868],[4.95567,60.97761],[4.95422,60.97691],[4.95373,60.97506],[4.95831,60.97173],[4.96428,60.97197],[4.9678,60.97294],[4.96876,60.97255],[4.96989,60.97423],[4.97,60.97572],[4.97067,60.97591],[4.97233,60.97563],[4.97331,60.97339],[4.97456,60.97385],[4.97413,60.97445],[4.97465,60.97477],[4.97719,60.97313],[4.98621,60.97342]],[[4.83536,60.96876],[4.83231,60.96872],[4.83401,60.96915],[4.83449,60.96997],[4.8387,60.97036],[4.83536,60.96876]],[[4.861,60.97162],[4.85937,60.97152],[4.85673,60.97269],[4.85786,60.97291],[4.86068,60.97264],[4.86175,60.97213],[4.861,60.97162]],[[4.9027,60.97755],[4.90371,60.97657],[4.90566,60.97742],[4.9084,60.97717],[4.90992,60.97603],[4.90878,60.97567],[4.90313,60.9762]],[[4.85352,60.97212],[4.85206,60.97009],[4.85271,60.9686],[4.84791,60.96684],[4.8433,60.9662],[4.84115,60.96631],[4.84038,60.96666],[4.84038,60.96892],[4.83822,60.96807],[4.83703,60.96794],[4.83628,60.96825],[4.83792,60.96944],[4.83932,60.96992],[4.84057,60.96974],[4.84274,60.97063],[4.84362,60.97153],[4.84894,60.97353],[4.85226,60.97338],[4.85352,60.97212]],[[4.88955,60.97427],[4.88633,60.97438],[4.88596,60.97506],[4.88407,60.97602],[4.88441,60.97637],[4.88599,60.97679],[4.89223,60.97616],[4.89207,60.97517],[4.88955,60.97427]],[[4.80958,60.97191],[4.8097,60.97154],[4.80834,60.97114],[4.8059,60.97162],[4.80502,60.97081],[4.80391,60.97176],[4.80958,60.97191]],[[4.82207,60.97313],[4.82034,60.97288],[4.8194,60.97318],[4.82213,60.97422],[4.82207,60.97313]],[[4.81033,60.97509],[4.81125,60.97477],[4.81058,60.97431]],[[4.81117,60.97249],[4.80964,60.97263],[4.80758,60.97381],[4.80515,60.97388],[4.8048,60.97443],[4.80612,60.97521],[4.81033,60.97509]],[[4.81019,60.97552],[4.80711,60.97587],[4.80741,60.97624],[4.80986,60.97652]],[[4.80986,60.97652],[4.81193,60.9761],[4.81171,60.97569],[4.81019,60.97552]],[[4.80909,60.97891],[4.8101,60.98001],[4.81105,60.98002],[4.81137,60.97806],[4.80949,60.97767]],[[4.99122,60.9921],[4.99483,60.99273],[4.99711,60.99239],[4.99815,60.99162]],[[4.80949,60.97767],[4.80565,60.97748],[4.80482,60.97796],[4.80629,60.97885],[4.80909,60.97891]],[[4.79347,60.9738],[4.79265,60.97283],[4.7845,60.97286],[4.78479,60.97314],[4.7898,60.97314],[4.79073,60.97346],[4.78991,60.97387],[4.78638,60.97405],[4.78664,60.97436],[4.79006,60.97489],[4.78937,60.97523],[4.7898,60.97591],[4.7893,60.97623],[4.79006,60.97689],[4.78707,60.97695],[4.78698,60.97727],[4.79077,60.97773],[4.79347,60.9738]],[[4.90941,60.98735],[4.90924,60.98493],[4.90779,60.98399],[4.90642,60.98394],[4.90591,60.98465],[4.90721,60.9868],[4.90541,60.98633],[4.90453,60.98654],[4.90364,60.98705],[4.90383,60.988],[4.90835,60.98822],[4.90941,60.98735]],[[4.80638,60.97983],[4.80573,60.97939],[4.80511,60.97953],[4.80485,60.98122],[4.80616,60.98155],[4.80638,60.97983]],[[4.80343,60.97964],[4.80226,60.97772],[4.79998,60.97766],[4.79675,60.97866],[4.80058,60.97957],[4.79727,60.97987],[4.79705,60.98024],[4.79876,60.98094],[4.80444,60.98191],[4.80343,60.97964]],[[4.80399,60.9832],[4.80454,60.98271],[4.80374,60.98248],[4.79494,60.98182],[4.79349,60.98204],[4.79467,60.98267],[4.80133,60.98294],[4.80291,60.98346],[4.80399,60.9832]],[[4.88794,60.98797],[4.88983,60.98771],[4.89151,60.98918],[4.89302,60.98894],[4.89288,60.98584],[4.89413,60.98459],[4.89332,60.98162],[4.88868,60.9838],[4.89099,60.98665],[4.88963,60.98694],[4.88764,60.98683],[4.88781,60.98624],[4.88666,60.98552],[4.88824,60.98474],[4.88625,60.98227],[4.88376,60.98231],[4.88237,60.98273],[4.88042,60.98201],[4.87914,60.98216],[4.87853,60.98266],[4.87937,60.9839],[4.87882,60.98483],[4.88204,60.98651],[4.88479,60.98692],[4.88296,60.98751],[4.88492,60.98794],[4.88459,60.98851],[4.87912,60.98916],[4.87892,60.98948],[4.88518,60.98955],[4.88618,60.98878],[4.88796,60.98843],[4.88794,60.98797]],[[4.82103,60.98637],[4.82067,60.98596],[4.81911,60.98598],[4.81961,60.98554],[4.81914,60.9848],[4.81587,60.98454],[4.81467,60.98479],[4.81567,60.98543],[4.81741,60.98574],[4.81677,60.98716],[4.8189,60.98792],[4.82084,60.9876],[4.82103,60.98637]],[[4.80733,60.98435],[4.80363,60.9843],[4.80366,60.98499],[4.80209,60.98518],[4.8045,60.98619],[4.8023,60.9862],[4.80216,60.98652],[4.80406,60.98698],[4.80649,60.98696]],[[4.96798,60.99537],[4.96548,60.99476],[4.96366,60.9959],[4.96474,60.9993],[4.9658,60.99975],[4.96786,60.9975],[4.96798,60.99537]],[[4.80615,60.98801],[4.80707,60.98852],[4.80858,60.9881],[4.81067,60.9881],[4.81112,60.98776],[4.81094,60.98724],[4.80873,60.98731],[4.80841,60.98704],[4.8084,60.98671],[4.81011,60.98626],[4.81003,60.98574],[4.80922,60.98499],[4.80733,60.98435]],[[4.82946,60.99143],[4.8375,60.99158],[4.83947,60.99205],[4.84393,60.99224],[4.84504,60.99179],[4.85477,60.99126],[4.85651,60.9912],[4.85802,60.99166],[4.86004,60.99149],[4.86098,60.99037],[4.85831,60.99028],[4.85732,60.9899],[4.8608,60.98963],[4.86119,60.98832],[4.85607,60.9884],[4.85548,60.98731],[4.85619,60.98698],[4.86029,60.9876],[4.86306,60.98729],[4.86338,60.98304],[4.86236,60.98161],[4.86021,60.98079],[4.86312,60.98028],[4.86269,60.97822],[4.86048,60.97778],[4.85574,60.97771],[4.85342,60.97837],[4.85276,60.97984],[4.85438,60.98086],[4.85546,60.98282],[4.85789,60.9835],[4.85809,60.98401],[4.85962,60.9842],[4.85593,60.98462],[4.85227,60.98149],[4.85046,60.98111],[4.85112,60.98068],[4.85035,60.98014],[4.85167,60.97888],[4.85184,60.97775],[4.84856,60.97694],[4.84305,60.97674],[4.84197,60.97589],[4.83539,60.97488],[4.83548,60.97434],[4.83451,60.97404],[4.82858,60.974],[4.82825,60.97436],[4.82979,60.97464],[4.82974,60.97494],[4.82583,60.97457],[4.82388,60.97637],[4.82417,60.97761],[4.82235,60.97643],[4.82154,60.97673],[4.82116,60.97769],[4.81504,60.97719],[4.81432,60.97973],[4.81289,60.98013],[4.81153,60.98122],[4.81215,60.98272],[4.81684,60.98315],[4.81867,60.98302],[4.81882,60.98225],[4.82191,60.9824],[4.82754,60.98444],[4.82817,60.98498],[4.82669,60.98506],[4.82545,60.98609],[4.83034,60.98646],[4.82788,60.98693],[4.82528,60.98679],[4.8236,60.98733],[4.82351,60.9878],[4.8286,60.98871],[4.82566,60.99058],[4.82946,60.99143]],[[4.88537,60.9958],[4.88659,60.99579],[4.88673,60.99693],[4.88784,60.99746],[4.89063,60.99774],[4.8913,60.99692],[4.89034,60.99568],[4.89101,60.99459],[4.88986,60.99403],[4.89033,60.99305],[4.88874,60.99266],[4.89121,60.99199],[4.89131,60.99081],[4.89065,60.99052],[4.88546,60.99127],[4.88373,60.99076],[4.88047,60.99118],[4.88051,60.99244],[4.8818,60.99419],[4.88083,60.99454],[4.88102,60.99544],[4.8821,60.99565],[4.88217,60.99617],[4.88449,60.99728],[4.88389,60.99818],[4.88615,60.99796],[4.88537,60.9958]],[[4.83744,60.99409],[4.84205,60.9948],[4.84382,60.99476],[4.84438,60.99421],[4.84374,60.99305],[4.84216,60.99311],[4.84088,60.99371],[4.839,60.99349],[4.83912,60.99285],[4.83249,60.99249],[4.83116,60.99206],[4.82992,60.99221],[4.83047,60.99273],[4.833,60.99325],[4.83345,60.99354],[4.83246,60.99387],[4.83369,60.99442],[4.83507,60.99465],[4.83744,60.99409]],[[4.71268,60.98621],[4.71323,60.98554],[4.71268,60.98497],[4.70937,60.98388],[4.70988,60.983],[4.70862,60.98264],[4.70579,60.98271],[4.7058,60.98342],[4.70502,60.98362],[4.70501,60.98507],[4.7067,60.98478],[4.70795,60.98508],[4.70658,60.98574]],[[4.92488,61.00059],[4.9259,60.99873],[4.9249,60.9976],[4.92256,60.99698],[4.92285,60.99599],[4.9247,60.99544],[4.92543,60.99459],[4.92262,60.99451],[4.92369,60.99358],[4.92207,60.99292],[4.922,60.99242],[4.92389,60.99091],[4.92678,60.99036],[4.9265,60.98955],[4.92318,60.98935],[4.92377,60.9877],[4.92691,60.98821],[4.92845,60.98984],[4.93062,60.98787],[4.92839,60.98717],[4.92769,60.98633],[4.92856,60.98602],[4.92877,60.98464],[4.93149,60.98304],[4.93026,60.98217],[4.9293,60.97538],[4.93016,60.97495],[4.93213,60.97517],[4.93361,60.97254],[4.93496,60.97194],[4.93854,60.97231],[4.9397,60.97176],[4.94928,60.97114],[4.95043,60.9719],[4.95147,60.97388],[4.94808,60.97571],[4.95177,60.97592],[4.9513,60.97727],[4.95252,60.97771]],[[4.9623,61.00064],[4.9619,60.9988],[4.96021,60.99821],[4.96069,60.99914],[4.95935,60.99909],[4.95779,60.99766]],[[4.67072,60.98528],[4.66896,60.98514],[4.66726,60.98605],[4.66576,60.98804],[4.66475,60.99097],[4.66624,60.99096],[4.67099,60.98828],[4.67072,60.98528]],[[4.69053,60.98944],[4.68972,60.98942],[4.68902,60.99085],[4.69059,60.99157],[4.69053,60.98944]],[[4.66281,60.98834],[4.66158,60.98759],[4.66082,60.98771],[4.66061,60.9886],[4.66247,60.98958],[4.66281,60.98834]],[[4.68722,60.98891],[4.68685,60.98846],[4.68557,60.98853],[4.68612,60.98645],[4.68515,60.98581],[4.68293,60.98706],[4.68187,60.98888],[4.68269,60.98939],[4.68252,60.99174],[4.68372,60.99294],[4.68689,60.9908],[4.68722,60.98891]],[[4.59902,60.98504],[4.59707,60.98528],[4.59809,60.98707],[4.59899,60.98658],[4.59902,60.98504]],[[4.68372,60.99365],[4.68291,60.99325],[4.68218,60.9934],[4.68031,60.9944],[4.68216,60.99474],[4.68372,60.99365]],[[4.61629,60.98882],[4.615,60.98873],[4.61337,60.9904],[4.61444,60.99313],[4.61687,60.99188],[4.61695,60.99127],[4.61582,60.99052],[4.61667,60.98962],[4.61629,60.98882]],[[4.60002,60.99007],[4.6013,60.98996],[4.60195,60.98939],[4.60202,60.98867],[4.60101,60.98823],[4.60007,60.98852],[4.6004,60.98959],[4.59858,60.98924],[4.59653,60.99156],[4.5978,60.9925],[4.60002,60.99078],[4.60002,60.99007]],[[4.59478,60.99142],[4.59628,60.98787],[4.59558,60.98732],[4.59413,60.98743],[4.5944,60.98848],[4.59375,60.98851],[4.5934,60.98556],[4.59204,60.98608],[4.59068,60.98804],[4.5887,60.98886],[4.5891,60.99022],[4.58747,60.99029],[4.5868,60.99131],[4.58728,60.99209],[4.58851,60.99217],[4.58938,60.99192],[4.58916,60.99099],[4.59119,60.99092],[4.59135,60.99279],[4.59222,60.99309],[4.59367,60.9926],[4.59478,60.99142]],[[4.60623,60.99232],[4.60563,60.99219],[4.60497,60.99285],[4.60562,60.99331],[4.6056,60.99472],[4.60697,60.99346],[4.60595,60.99267],[4.60623,60.99232]],[[4.6127,60.99342],[4.61197,60.99209],[4.611,60.99175],[4.61013,60.9919],[4.60902,60.99312],[4.6111,60.99308],[4.60871,60.99425],[4.60879,60.99501],[4.60963,60.99544],[4.61068,60.9955],[4.61235,60.99466],[4.6127,60.99342]],[[4.57357,60.99377],[4.57171,60.99342],[4.57119,60.99371],[4.57208,60.99725],[4.57372,60.99656],[4.57361,60.99555],[4.57458,60.99527],[4.57357,60.99377]],[[4.65485,60.99972],[4.65373,60.99965],[4.65208,61.0004]],[[4.65413,61.00115],[4.65485,60.99972]],[[4.59498,60.99348],[4.59408,60.99329],[4.5928,60.99557],[4.59334,60.99672],[4.59432,60.99701],[4.59584,60.99561],[4.59498,60.99348]],[[4.58993,60.99457],[4.58761,60.9945],[4.58708,60.99541],[4.58823,60.99754],[4.59036,60.99795],[4.59101,60.9976],[4.58993,60.99457]],[[4.65781,60.99924],[4.65677,60.99926],[4.6553,61.00099]],[[4.65702,61.00056],[4.65781,60.99924]],[[4.60428,60.99662],[4.60333,60.99647],[4.6015,60.99701],[4.60212,60.99933],[4.60327,60.9986],[4.60428,60.99662]],[[4.60038,60.99814],[4.5985,60.99766],[4.59761,60.99839],[4.59919,60.99964],[4.60098,60.99877],[4.60038,60.99814]],[[4.58511,60.99892],[4.58352,60.99716],[4.58348,60.99826],[4.58203,60.99831],[4.58219,60.9992],[4.58301,60.99964],[4.58511,60.99892]],[[4.59147,60.99907],[4.58972,60.99873],[4.5895,60.99952],[4.58976,60.99992],[4.59189,61.00039]],[[4.59189,61.00039],[4.59226,60.99963],[4.59147,60.99907]],[[4.70658,60.98574],[4.70693,60.98603],[4.70616,60.98648],[4.70456,60.98629],[4.70417,60.98737],[4.70692,60.98866],[4.70563,60.99236],[4.70774,60.99357],[4.7082,60.99463],[4.70504,60.99331],[4.70366,60.99457],[4.70215,60.99408],[4.70098,60.99478],[4.70032,60.99399],[4.69947,60.99384],[4.69737,60.99475],[4.69818,60.99557],[4.69766,60.99712],[4.70072,60.99838],[4.69912,61.0004]],[[4.59775,60.99969],[4.5967,60.99939],[4.59509,60.9997],[4.59473,61.00026]],[[4.59603,61.00142],[4.59775,60.99969]],[[4.66066,61.00002],[4.66412,60.99962],[4.66662,61.00348]],[[4.67648,61.00031],[4.67562,60.99872],[4.67875,60.99532],[4.6796,60.99512],[4.68021,60.99573],[4.6812,60.99532],[4.68197,60.99549],[4.68216,60.99643],[4.68332,60.99675],[4.68423,60.99527],[4.68522,60.99478],[4.68626,60.99551],[4.68696,60.9972],[4.68759,60.99725],[4.68803,60.99506],[4.68609,60.99344],[4.68685,60.9924],[4.68788,60.99203],[4.68878,60.99213],[4.69044,60.99363],[4.69148,60.99714],[4.68902,61.00489]],[[4.73373,61.00047],[4.73547,60.99947],[4.73529,60.99892],[4.73413,60.99885],[4.73435,60.99667],[4.73293,60.99549],[4.73213,60.99382],[4.73096,60.9937],[4.72566,60.99844],[4.72265,61.00199]],[[4.72192,61.00215],[4.72196,60.99899],[4.72415,60.99682],[4.72443,60.9947],[4.72346,60.99427],[4.7232,60.99529],[4.72254,60.99527],[4.72199,60.99228],[4.72085,60.99088],[4.71893,60.98948],[4.71494,60.98821],[4.7145,60.987],[4.71343,60.9865]],[[4.94867,60.44247],[4.94751,60.44251],[4.94298,60.44533],[4.94526,60.445],[4.94601,60.4443],[4.94914,60.44319],[4.94867,60.44247]],[[4.86784,60.43872],[4.87056,60.43856],[4.86928,60.43779],[4.86617,60.43782],[4.86519,60.43934],[4.86638,60.43946],[4.86784,60.43872]],[[4.93092,60.45973],[4.93411,60.45784],[4.93416,60.45716],[4.93212,60.45565],[4.9322,60.45507],[4.93019,60.45442],[4.92414,60.45922]],[[4.98381,60.45793],[4.98308,60.45742],[4.98225,60.45773],[4.9805,60.45764],[4.97845,60.45898],[4.97883,60.46023],[4.98218,60.45959],[4.98405,60.45846],[4.98381,60.45793]],[[4.85945,60.43578],[4.86224,60.43565],[4.86142,60.43424],[4.86033,60.4348],[4.85922,60.43438],[4.857,60.43522],[4.85736,60.43576],[4.85945,60.43578]],[[4.79078,60.58477],[4.7916,60.58638],[4.79505,60.58603],[4.79602,60.58677],[4.79708,60.58689],[4.79861,60.58588],[4.80105,60.58556]],[[4.94506,60.59658],[4.94475,60.59895],[4.94706,60.59673]],[[4.79224,60.59058],[4.79051,60.59065],[4.78959,60.59125],[4.79201,60.59216],[4.79336,60.59192],[4.79224,60.59058]],[[4.78089,60.60311],[4.77785,60.60331],[4.77727,60.60489],[4.77948,60.60459],[4.78089,60.60311]],[[4.7666,60.61982],[4.76552,60.61978],[4.76527,60.62073],[4.7665,60.62298],[4.7676,60.62328],[4.77024,60.62268],[4.7707,60.62213],[4.76852,60.62047],[4.7666,60.61982]],[[4.86013,60.58088],[4.86813,60.58217],[4.86849,60.58181],[4.86696,60.58051],[4.86762,60.5794],[4.86698,60.57835]],[[4.95139,60.59706],[4.95258,60.59809],[4.95469,60.5975],[4.95693,60.59748]],[[4.84698,60.58909],[4.84667,60.58957],[4.84759,60.59028],[4.84838,60.5892]],[[4.85142,60.54417],[4.85116,60.54483],[4.85323,60.54733],[4.85417,60.5469],[4.85413,60.54438]],[[4.8877,60.54695],[4.88741,60.54866],[4.8913,60.55028],[4.89372,60.54877],[4.89388,60.54742]],[[4.99443,60.56941],[4.9931,60.56956],[4.99238,60.57009],[4.99287,60.57182],[4.99535,60.57058],[4.99556,60.57008],[4.99443,60.56941]],[[4.87817,60.53023],[4.8759,60.52931],[4.87638,60.52804]],[[4.83338,60.53964],[4.83091,60.53959],[4.82987,60.54038],[4.83008,60.54151],[4.83378,60.54026],[4.83338,60.53964]],[[4.93562,60.45321],[4.93483,60.45315],[4.93302,60.45506],[4.93428,60.45595],[4.93507,60.4553],[4.93497,60.45425],[4.93596,60.4538],[4.93562,60.45321]],[[4.93937,60.46038],[4.93915,60.461],[4.94032,60.46045]],[[4.96371,60.46223],[4.96347,60.46289],[4.95981,60.46522]],[[4.95983,60.46536],[4.95981,60.46522]],[[4.96528,60.48737],[4.96701,60.48652],[4.96605,60.4849]],[[4.939,60.48476],[4.93869,60.48537]],[[4.88794,60.48931],[4.88749,60.48896],[4.88637,60.48919],[4.88558,60.48873],[4.88503,60.48889],[4.88513,60.48966],[4.8861,60.49021],[4.88806,60.48997],[4.88794,60.48931]],[[4.87238,60.50052],[4.8724,60.49946],[4.86977,60.49939]],[[4.88118,60.50119],[4.88205,60.50126]],[[4.83131,60.50923],[4.82972,60.50875],[4.82666,60.50904],[4.82707,60.50946],[4.82964,60.50969],[4.83117,60.50955],[4.83131,60.50923]],[[4.86193,60.52423],[4.86186,60.52446]],[[4.84418,60.54361],[4.84612,60.54434],[4.84721,60.54385]],[[4.81904,60.55903],[4.81914,60.55866]],[[4.79763,60.55798],[4.79636,60.55765],[4.79529,60.55807],[4.79641,60.55866],[4.79811,60.55884],[4.79897,60.55858],[4.79763,60.55798]],[[4.96565,60.58118],[4.9716,60.58163]],[[4.96451,60.58163],[4.96565,60.58118]],[[4.99468,60.59418],[4.99428,60.59438]],[[4.96378,60.59459],[4.9627,60.59398],[4.96179,60.59417],[4.96201,60.59572],[4.96356,60.59552],[4.96378,60.59459]],[[4.80105,60.58556],[4.80125,60.58518],[4.80059,60.58503],[4.79753,60.58482],[4.7964,60.5852]],[[4.81621,60.58673],[4.81687,60.58559],[4.81625,60.58506],[4.81339,60.58523],[4.81196,60.58439],[4.80802,60.58384],[4.8076,60.58402],[4.80823,60.58481],[4.80683,60.5847],[4.80584,60.58503],[4.80732,60.58604]],[[4.94953,60.59692],[4.9497,60.5962],[4.94882,60.5956],[4.94706,60.59673]],[[4.7961,60.58518],[4.7964,60.5852]],[[4.96461,60.59806],[4.96395,60.59841]],[[4.99672,60.60239],[4.99681,60.6005]],[[4.79172,60.58742],[4.79066,60.58761],[4.79021,60.58994],[4.79251,60.58872],[4.79172,60.58742]],[[4.76306,60.59359],[4.76116,60.59334],[4.76031,60.594],[4.76345,60.59443],[4.76386,60.5942],[4.76306,60.59359]],[[4.86869,60.60947],[4.86821,60.60859],[4.86677,60.6091],[4.8656,60.60747],[4.86502,60.60742],[4.86489,60.60843],[4.86727,60.61156],[4.86869,60.60947]],[[4.79491,60.61279],[4.7954,60.61387],[4.79476,60.61479],[4.7955,60.61531]],[[4.84474,60.62211],[4.84382,60.62383],[4.84177,60.62543]],[[4.81569,60.62651],[4.81125,60.62654],[4.81246,60.62702]],[[4.88956,60.4365],[4.88802,60.436],[4.88553,60.43636],[4.88729,60.43773],[4.88923,60.43753]],[[4.88185,60.44199],[4.87847,60.44181],[4.87611,60.44385],[4.88078,60.44381],[4.88049,60.44319],[4.88194,60.44251],[4.88185,60.44199]],[[4.88375,60.43718],[4.88086,60.43693],[4.87832,60.43789],[4.87715,60.43986],[4.87999,60.44124],[4.8827,60.44137],[4.88634,60.44019],[4.88723,60.43912],[4.88375,60.43718]],[[4.96742,60.44659],[4.96732,60.44496],[4.9662,60.44346],[4.96642,60.44169],[4.96475,60.44064],[4.96432,60.43887],[4.96355,60.43846],[4.96257,60.43889],[4.96045,60.43871],[4.95981,60.43901],[4.96027,60.44012],[4.95935,60.44089],[4.95866,60.44309],[4.95688,60.4437],[4.9542,60.44729]],[[4.96796,60.43784],[4.9666,60.44],[4.9693,60.4425],[4.96895,60.44545],[4.96992,60.44627],[4.97109,60.44616],[4.97151,60.44801],[4.97321,60.44932],[4.97228,60.44983],[4.9731,60.45191],[4.97416,60.4517],[4.97378,60.45008],[4.97568,60.45056],[4.97729,60.44884]],[[4.88542,60.44706],[4.88586,60.4466],[4.88431,60.44582],[4.88313,60.44599],[4.88457,60.44655],[4.88152,60.44662],[4.87903,60.44564],[4.87315,60.44511],[4.87767,60.44745],[4.87766,60.44822],[4.87995,60.44936],[4.88185,60.44953],[4.88413,60.4491],[4.88367,60.44847],[4.88452,60.44843],[4.88463,60.44805],[4.88329,60.44723],[4.88542,60.44706]],[[4.95414,60.44737],[4.95175,60.44952],[4.95126,60.45171],[4.95157,60.45347],[4.95287,60.45454],[4.95673,60.45551],[4.95593,60.45653],[4.95788,60.45747],[4.9624,60.45493],[4.96427,60.45454]],[[4.90327,60.45446],[4.90472,60.45202],[4.90272,60.45197],[4.9018,60.45088],[4.89916,60.44963],[4.89874,60.44883],[4.89795,60.44878],[4.89524,60.45114],[4.89539,60.45149],[4.89661,60.45138],[4.89691,60.45167],[4.8932,60.45375],[4.89469,60.45408],[4.89806,60.45382],[4.90004,60.45433],[4.9013,60.45395],[4.90189,60.45473],[4.90327,60.45446]],[[4.92836,60.45412],[4.92759,60.45389],[4.9269,60.45423],[4.92638,60.45529],[4.925,60.4561],[4.92499,60.45681],[4.92773,60.4558],[4.92836,60.45412]],[[4.93937,60.46038],[4.9407,60.45916],[4.93915,60.45881],[4.93912,60.45849],[4.94291,60.45578],[4.94106,60.45509],[4.93682,60.45708],[4.93555,60.45857],[4.93441,60.45857],[4.9337,60.45995]],[[4.96371,60.46223],[4.95912,60.45921],[4.95821,60.45958],[4.95819,60.46152],[4.95645,60.46154],[4.95707,60.4602],[4.95436,60.45811],[4.95334,60.45637],[4.94912,60.45383],[4.94526,60.45637],[4.94291,60.459],[4.94032,60.46045]],[[4.92414,60.45922],[4.92217,60.45988],[4.92126,60.46085],[4.92316,60.46227],[4.93092,60.45973]],[[4.9334,60.47328],[4.93634,60.47272],[4.93501,60.47227],[4.93274,60.47299],[4.93166,60.47223],[4.92957,60.47291],[4.93203,60.47422],[4.9334,60.47328]],[[4.92828,60.48633],[4.92591,60.48638],[4.92417,60.48764],[4.92412,60.4889],[4.9249,60.49002],[4.92906,60.49178],[4.93088,60.49133],[4.93233,60.49035],[4.93095,60.48925],[4.93187,60.48799],[4.92937,60.48753],[4.92828,60.48633]],[[4.88409,60.48819],[4.88294,60.48806],[4.88145,60.4887],[4.8836,60.4894],[4.88409,60.48819]],[[4.91756,60.48958],[4.91691,60.48953],[4.91623,60.49017],[4.9156,60.4918],[4.91637,60.49228],[4.91758,60.49203],[4.91822,60.49133],[4.91756,60.48958]],[[4.86693,60.48843],[4.86446,60.48823],[4.86425,60.48775],[4.86275,60.48745],[4.86164,60.4882],[4.85942,60.4881],[4.85757,60.48924],[4.8605,60.48977],[4.86509,60.48974],[4.86693,60.48843]],[[4.89857,60.49228],[4.8935,60.49287],[4.89306,60.49376],[4.89524,60.49477],[4.8995,60.49452],[4.89857,60.49228]],[[4.83293,60.48918],[4.83119,60.48902],[4.83024,60.49006],[4.83084,60.49072],[4.83321,60.49065],[4.83377,60.49004],[4.83293,60.48918]],[[4.88819,60.49219],[4.88936,60.49211],[4.89075,60.49129],[4.88897,60.49085],[4.88673,60.49114],[4.88413,60.49073],[4.88315,60.49098],[4.88255,60.48955],[4.88042,60.48929],[4.87909,60.48971],[4.8787,60.49073],[4.88002,60.49215],[4.87894,60.4934],[4.88092,60.49429],[4.88385,60.49463],[4.88389,60.49532],[4.88483,60.4954],[4.88786,60.49388],[4.88819,60.49219]],[[4.88031,60.49446],[4.87786,60.49401],[4.87691,60.49465],[4.8799,60.49525],[4.88031,60.49446]],[[4.93459,60.49379],[4.93404,60.49467],[4.93852,60.49702],[4.93608,60.49713],[4.93411,60.49557],[4.93295,60.49579],[4.93236,60.49664],[4.93494,60.49819],[4.93592,60.49974],[4.93945,60.49885],[4.94113,60.49952],[4.94509,60.49915],[4.94697,60.49861],[4.94888,60.49707],[4.94973,60.49865],[4.95062,60.49881],[4.95444,60.49823],[4.95786,60.49733],[4.96112,60.49498],[4.96105,60.49264],[4.96219,60.49129],[4.96368,60.49065],[4.96404,60.48862],[4.96528,60.48737]],[[4.92996,60.49884],[4.92999,60.49811],[4.92616,60.496],[4.92507,60.4934],[4.92217,60.49272],[4.92194,60.49216],[4.92099,60.492],[4.91953,60.493],[4.91722,60.49277],[4.91481,60.49366],[4.91179,60.49839],[4.91277,60.49875],[4.91429,60.49869],[4.91656,60.49953],[4.91869,60.49927],[4.91882,60.49972]],[[4.92996,60.49884],[4.9279,60.49997],[4.92913,60.50088]],[[4.86851,60.50022],[4.86977,60.49939]],[[4.88118,60.50119],[4.87847,60.50021],[4.87585,60.50016],[4.87509,60.50072]],[[4.88868,60.50176],[4.89353,60.50134],[4.89746,60.49956],[4.89643,60.49877],[4.89104,60.49777],[4.89395,60.49641],[4.89254,60.49409],[4.88847,60.49453],[4.88802,60.4966],[4.88946,60.49702],[4.88816,60.49788],[4.88492,60.49711],[4.88314,60.49716],[4.88103,60.49597],[4.87748,60.49633],[4.8792,60.49747],[4.87863,60.49818],[4.8836,60.49905],[4.88091,60.50026],[4.88246,60.50082],[4.88205,60.50126]],[[4.92834,60.50479],[4.93149,60.50274],[4.93305,60.50245],[4.92913,60.50088]],[[4.86851,60.50022],[4.86729,60.50279],[4.86861,60.50309]],[[4.86861,60.50309],[4.87039,60.50319],[4.87193,60.50263],[4.87238,60.50052]],[[4.83874,60.50372],[4.85123,60.50462],[4.85284,60.50384],[4.8524,60.50307],[4.85075,60.50317],[4.85074,60.50106],[4.8477,60.50015],[4.84718,60.49924],[4.84469,60.5001],[4.84605,60.50084],[4.84597,60.50155],[4.84408,60.50112],[4.84278,60.50169],[4.84276,60.5007],[4.84179,60.5],[4.84042,60.50149],[4.83896,60.50072],[4.83829,60.50083],[4.83708,60.50382],[4.83874,60.50372]],[[4.90071,60.50706],[4.89928,60.5074],[4.89848,60.50866],[4.90036,60.50812],[4.90071,60.50706]],[[4.83393,60.50379],[4.83402,60.50318],[4.83319,60.50265],[4.82904,60.50182],[4.82831,60.50221],[4.83101,60.50284],[4.82627,60.50275],[4.82548,60.50357],[4.8266,60.50506],[4.82917,60.50536],[4.83411,60.50488],[4.83393,60.50379]],[[4.88868,60.50176],[4.88646,60.50259],[4.88853,60.50297],[4.89014,60.50268],[4.89209,60.50283],[4.89274,60.50319],[4.89278,60.50383],[4.89049,60.50423],[4.89208,60.50496],[4.89156,60.50547],[4.89572,60.5074],[4.89532,60.5092],[4.89805,60.50746],[4.89794,60.50662],[4.89889,60.50587],[4.90036,60.50603],[4.90112,60.50651],[4.90265,60.50573],[4.90766,60.50664],[4.9081,60.50842],[4.90707,60.51031],[4.9037,60.51084],[4.90483,60.5118],[4.90654,60.51181],[4.90834,60.51091],[4.90971,60.50747],[4.90898,60.50538],[4.9099,60.50427],[4.90973,60.50337]],[[4.83778,60.50868],[4.83613,60.50879],[4.83534,60.50928],[4.83512,60.5101],[4.83674,60.51073],[4.83833,60.51016],[4.83778,60.50868]],[[4.84607,60.50941],[4.83974,60.50989],[4.83803,60.51129],[4.84262,60.5132],[4.84749,60.51039],[4.84719,60.50978],[4.84607,60.50941]],[[4.87509,60.50072],[4.87356,60.5038],[4.88133,60.50477],[4.88502,60.50481],[4.88857,60.50606],[4.88459,60.50614],[4.88087,60.50888],[4.8805,60.50789],[4.87956,60.50861],[4.87895,60.50852],[4.8792,60.50743],[4.88039,60.50727],[4.88047,60.50693],[4.8779,60.50672],[4.87639,60.50732],[4.87653,60.50788],[4.86964,60.50887],[4.86819,60.51128],[4.87305,60.51281],[4.87782,60.51277],[4.8814,60.5138],[4.88836,60.51495],[4.89199,60.51441],[4.89267,60.51295],[4.89578,60.51062],[4.89584,60.51009],[4.8971,60.50963],[4.898,60.5104],[4.89498,60.51193],[4.89326,60.51521],[4.89867,60.51686],[4.90926,60.51822],[4.90937,60.5189],[4.91159,60.51973],[4.91246,60.5197],[4.91304,60.51912],[4.91179,60.51836],[4.91541,60.51758],[4.91364,60.51617],[4.91425,60.51527],[4.91357,60.51317],[4.91573,60.51266],[4.92403,60.51231],[4.92419,60.51197],[4.92243,60.51157],[4.92106,60.51074],[4.92321,60.50822],[4.92221,60.50728],[4.92325,60.506],[4.92834,60.50479]],[[4.83966,60.51367],[4.83752,60.51319],[4.83699,60.51427],[4.83932,60.51526],[4.83966,60.51367]],[[4.99935,60.5273],[4.99882,60.52714],[4.9976,60.52758],[4.99581,60.52867],[4.99572,60.52935],[4.99655,60.52991],[4.99769,60.52961],[4.99745,60.52884],[4.99924,60.528],[4.99935,60.5273]],[[4.86186,60.52446],[4.86344,60.52547],[4.86375,60.52635]],[[4.86193,60.52423],[4.86253,60.52344],[4.86659,60.52489],[4.86764,60.52423],[4.86997,60.52657],[4.8694,60.52732]],[[4.87638,60.52804],[4.87593,60.52679],[4.87793,60.52491],[4.87603,60.52249],[4.86856,60.51682],[4.86713,60.51632],[4.86547,60.51639],[4.8654,60.51786],[4.86405,60.51751]],[[4.86375,60.52635],[4.86442,60.52637],[4.8641,60.52716],[4.86626,60.52706],[4.86613,60.52812],[4.86706,60.52809],[4.86771,60.52723],[4.8694,60.52732]],[[4.86405,60.51751],[4.86415,60.51544],[4.86259,60.51417],[4.86179,60.51507],[4.86017,60.51502],[4.85944,60.51587],[4.85778,60.51494],[4.8565,60.515],[4.85629,60.51799],[4.85907,60.5214],[4.85784,60.52161],[4.85688,60.52236],[4.85674,60.52414],[4.85869,60.52546],[4.85911,60.5268],[4.85652,60.52874]],[[4.85149,60.52105],[4.85085,60.52092],[4.84882,60.5221],[4.84682,60.52435],[4.84613,60.528],[4.84714,60.52867],[4.84902,60.5286],[4.84828,60.52689],[4.85127,60.52549],[4.85107,60.52478],[4.85254,60.52307],[4.85136,60.52217],[4.85149,60.52105]],[[4.85652,60.52874],[4.85697,60.53078],[4.85602,60.53189]],[[4.85523,60.52939],[4.85431,60.52898],[4.85273,60.5291],[4.85105,60.5281],[4.85008,60.52853],[4.84926,60.53002],[4.8497,60.53097],[4.85236,60.53172],[4.8535,60.53156],[4.85533,60.53011],[4.85523,60.52939]],[[4.85905,60.53335],[4.86099,60.53307],[4.86142,60.53144],[4.85951,60.5319]],[[4.85602,60.53189],[4.8556,60.53275],[4.85704,60.53357],[4.85951,60.5319]],[[4.85005,60.53155],[4.84878,60.5315],[4.84827,60.53231],[4.84985,60.53337],[4.85168,60.5335],[4.85243,60.53304],[4.85005,60.53155]],[[4.89957,60.53748],[4.90295,60.53845],[4.90409,60.53842],[4.90431,60.53732],[4.90388,60.53698],[4.90287,60.53708],[4.9027,60.53639],[4.9042,60.53441],[4.90513,60.53436],[4.90527,60.53492],[4.90648,60.53544],[4.90926,60.53448],[4.90872,60.53413],[4.90776,60.53426],[4.90683,60.53342],[4.91159,60.53207],[4.91134,60.53153],[4.91363,60.53039],[4.91415,60.52942],[4.91329,60.52793],[4.91401,60.52703],[4.91318,60.52568],[4.91537,60.52514],[4.91648,60.52364],[4.91391,60.52335],[4.91209,60.52197],[4.90572,60.51969],[4.90479,60.51989],[4.90448,60.52084],[4.90381,60.52085],[4.90287,60.52007],[4.9029,60.51863],[4.89864,60.51767],[4.89314,60.51699],[4.89142,60.51798],[4.89145,60.51927],[4.88921,60.51915],[4.8869,60.52158],[4.88695,60.52248],[4.88331,60.52434],[4.88335,60.52341],[4.88588,60.52178],[4.88924,60.51805],[4.88957,60.51657],[4.88901,60.51606],[4.88738,60.51552],[4.88559,60.51561],[4.88363,60.51483],[4.87911,60.51469],[4.87434,60.5147],[4.8738,60.5158],[4.87064,60.51463],[4.86969,60.51467],[4.87029,60.51589],[4.87241,60.51637],[4.87362,60.51968],[4.87715,60.52083],[4.87952,60.52473],[4.88084,60.52541],[4.8827,60.52495],[4.88223,60.52639],[4.8842,60.52811],[4.88222,60.52902],[4.88214,60.53189],[4.88065,60.53188],[4.87922,60.53396],[4.87703,60.53533],[4.87659,60.53351],[4.87772,60.53303],[4.87839,60.53199],[4.87872,60.53087],[4.87817,60.53023]],[[4.83813,60.53494],[4.83494,60.53504],[4.83437,60.53632],[4.83755,60.53685],[4.83813,60.53494]],[[4.84211,60.53566],[4.84037,60.53581],[4.83987,60.53761],[4.84092,60.53762],[4.8427,60.53652],[4.84211,60.53566]],[[4.95732,60.54735],[4.95452,60.54769],[4.95367,60.5494],[4.95427,60.55033],[4.95655,60.55006],[4.95946,60.54856],[4.95861,60.54766],[4.95732,60.54735]],[[4.84721,60.54385],[4.84997,60.54288],[4.85094,60.54191],[4.85103,60.53952],[4.84999,60.53905],[4.84858,60.53936],[4.84751,60.5378],[4.84492,60.53721],[4.84413,60.53945],[4.84322,60.53881],[4.83931,60.53863],[4.83788,60.54009],[4.84418,60.54361]],[[4.85142,60.54417],[4.85232,60.54212],[4.85224,60.5399],[4.85712,60.53589],[4.85905,60.53335]],[[4.85524,60.54446],[4.85493,60.54361],[4.85413,60.54438]],[[4.8877,60.54695],[4.88702,60.5469]],[[4.89388,60.54742],[4.89366,60.54647],[4.89621,60.54312],[4.89569,60.5423],[4.89423,60.54243],[4.89356,60.54201],[4.89417,60.54107],[4.89301,60.53994],[4.89408,60.5394],[4.89435,60.53774]],[[4.96364,60.55274],[4.96221,60.55368],[4.96266,60.55402],[4.96526,60.55286]],[[4.85524,60.54446],[4.85528,60.54528]],[[4.96614,60.55292],[4.964,60.55532],[4.96225,60.55567],[4.96257,60.55625],[4.96781,60.55453],[4.96965,60.55319]],[[4.85428,60.54842],[4.85136,60.54707],[4.84784,60.54661],[4.84614,60.54508],[4.84333,60.54418],[4.84109,60.54375],[4.83814,60.54421]],[[4.8,60.54099],[4.79835,60.54085],[4.7975,60.54242],[4.79559,60.54309],[4.79471,60.54392],[4.7966,60.54505],[4.80061,60.54492],[4.80226,60.54324],[4.80249,60.54234],[4.8,60.54099]],[[4.79911,60.5457],[4.79811,60.54545],[4.79699,60.54564],[4.79439,60.54707],[4.7982,60.54702],[4.79911,60.5457]],[[4.82701,60.54933],[4.82741,60.54594],[4.82889,60.5452],[4.82564,60.54434],[4.82412,60.54561],[4.82355,60.54448],[4.82267,60.54423],[4.8212,60.54634],[4.82146,60.54904],[4.82247,60.54968],[4.82466,60.54875],[4.82517,60.54963],[4.82353,60.55123],[4.82407,60.55192],[4.82518,60.55175],[4.82701,60.54933]],[[4.97106,60.5533],[4.96924,60.55502],[4.96497,60.55635],[4.96102,60.56015],[4.96166,60.56188],[4.96338,60.56196],[4.96462,60.56275],[4.96829,60.56191],[4.97045,60.56031],[4.97408,60.55885],[4.97721,60.55625],[4.97957,60.55649],[4.9839,60.55427]],[[4.83814,60.54421],[4.83376,60.54379],[4.83314,60.54412],[4.83173,60.54405],[4.82999,60.5458],[4.82928,60.54781],[4.82697,60.55089],[4.82674,60.55381],[4.8276,60.55478],[4.82624,60.55681],[4.82758,60.5581]],[[4.85528,60.54528],[4.85601,60.54551],[4.8576,60.54509],[4.8572,60.54701],[4.85907,60.54755],[4.85949,60.5504],[4.86225,60.55329],[4.86468,60.55406],[4.86473,60.55526],[4.86723,60.55688],[4.86981,60.55648],[4.87177,60.55664],[4.87242,60.55852],[4.87156,60.55917],[4.87164,60.55999],[4.8752,60.56191],[4.87595,60.56185],[4.8769,60.55983],[4.87905,60.56062],[4.88124,60.55937],[4.88306,60.55601],[4.88384,60.55575],[4.88507,60.556],[4.88564,60.55734],[4.8824,60.56018],[4.88103,60.56333],[4.88143,60.56364],[4.88541,60.5621],[4.88846,60.55855],[4.89119,60.55698],[4.89081,60.55651],[4.88851,60.55606],[4.88737,60.55439],[4.88579,60.55454],[4.88439,60.55404],[4.88503,60.55337],[4.88327,60.55264],[4.88411,60.54961],[4.88608,60.54888],[4.8858,60.54827],[4.88702,60.5469]],[[4.95818,60.56747],[4.96064,60.56579],[4.96259,60.5651],[4.96309,60.5644],[4.96281,60.564],[4.96102,60.56394],[4.95917,60.56337],[4.9598,60.5623],[4.95923,60.56199],[4.95541,60.56256],[4.95337,60.56349],[4.94942,60.56447],[4.94781,60.56643],[4.94692,60.56965]],[[4.86046,60.55928],[4.86104,60.55729],[4.85866,60.55866],[4.85714,60.55874],[4.85673,60.56004],[4.85289,60.56254],[4.85283,60.56323],[4.85455,60.56388],[4.85602,60.56357],[4.85923,60.56098],[4.86046,60.55928]],[[4.94692,60.56965],[4.9472,60.57119],[4.94494,60.57197],[4.94299,60.5755]],[[4.96844,60.57917],[4.96649,60.57971],[4.96279,60.57936],[4.96056,60.57788],[4.96027,60.57583],[4.95567,60.57196]],[[4.79926,60.56612],[4.80065,60.564],[4.79823,60.56251],[4.79654,60.56258],[4.79507,60.56203],[4.79613,60.56336],[4.79574,60.56479],[4.79437,60.56339],[4.79254,60.56246],[4.78928,60.56416],[4.79028,60.56567],[4.79187,60.56552],[4.79206,60.56496],[4.79315,60.5654],[4.79241,60.56612],[4.79412,60.56717],[4.7964,60.56729],[4.79838,60.5668],[4.79926,60.56612]],[[4.9716,60.58163],[4.97485,60.58177],[4.97823,60.58081],[4.97992,60.57931],[4.97929,60.57798],[4.97452,60.57721],[4.97023,60.57803],[4.96844,60.57917]],[[4.82758,60.5581],[4.82627,60.55917],[4.82775,60.568],[4.82913,60.56877],[4.82941,60.56757],[4.83018,60.56753],[4.83014,60.569],[4.83126,60.57038],[4.83465,60.57176]],[[4.94299,60.5755],[4.94187,60.57618],[4.94171,60.57695],[4.94414,60.57779],[4.94509,60.5787],[4.94844,60.5785],[4.95214,60.57722],[4.95514,60.57779],[4.9564,60.57969],[4.95564,60.58071],[4.95422,60.58084],[4.95524,60.58218],[4.95657,60.58167],[4.96314,60.58249],[4.96451,60.58163]],[[4.84505,60.57757],[4.84271,60.57714],[4.84292,60.57818],[4.84474,60.57855]],[[4.83465,60.57176],[4.83724,60.57376],[4.84005,60.57418],[4.84088,60.57399]],[[4.84088,60.57399],[4.84315,60.57093],[4.8445,60.57005],[4.84481,60.5719],[4.84327,60.57436],[4.8442,60.57474],[4.84598,60.57465]],[[4.86698,60.57835],[4.86907,60.57786],[4.87039,60.57704],[4.87247,60.57688],[4.87257,60.57575],[4.87193,60.57531],[4.86996,60.57502],[4.87212,60.57447],[4.87201,60.57268],[4.86936,60.57059],[4.87142,60.56927],[4.87299,60.56516],[4.87194,60.56456],[4.86832,60.56392],[4.86692,60.56758],[4.86514,60.56901],[4.86622,60.56707],[4.86539,60.56628],[4.8638,60.56658],[4.86362,60.56486],[4.86551,60.56339],[4.86716,60.56309],[4.86671,60.56231],[4.86731,60.56184],[4.87031,60.56123],[4.87011,60.56019],[4.86767,60.558],[4.86656,60.55805],[4.86541,60.5572],[4.8649,60.55594],[4.86385,60.55558],[4.86244,60.55585],[4.86292,60.55473],[4.85428,60.54842]],[[4.81914,60.55866],[4.82121,60.55792],[4.82054,60.55693],[4.82187,60.55595],[4.82136,60.55377],[4.82038,60.55361],[4.81911,60.55428],[4.82006,60.55556],[4.81953,60.55579],[4.81604,60.5536],[4.8168,60.55201],[4.81652,60.55075],[4.81396,60.55019],[4.81367,60.55109],[4.81216,60.55177],[4.812,60.55255],[4.81297,60.55337],[4.81485,60.55321],[4.81454,60.55418],[4.81586,60.5545],[4.81543,60.55524],[4.81433,60.55458],[4.81281,60.55469],[4.81254,60.55415],[4.81012,60.55369],[4.8116,60.55283],[4.81078,60.55147],[4.81156,60.55139],[4.8125,60.55052],[4.80936,60.54903],[4.80653,60.54963],[4.80634,60.55014],[4.80733,60.55014],[4.80561,60.55167],[4.80689,60.55272],[4.80992,60.55296],[4.80892,60.5534],[4.80881,60.55404],[4.81029,60.55417],[4.80972,60.55477],[4.81097,60.55492],[4.81056,60.55534],[4.80845,60.55555],[4.80596,60.55325],[4.80293,60.55157],[4.80356,60.55045],[4.80253,60.5496],[4.80282,60.5483],[4.8055,60.5475],[4.8028,60.54603],[4.80556,60.54519],[4.80664,60.54681],[4.80757,60.54684],[4.80842,60.54633],[4.80728,60.54482],[4.81282,60.54648],[4.81422,60.54484],[4.81385,60.54434],[4.80922,60.54345],[4.8075,60.54252],[4.80571,60.54239],[4.80406,60.54329],[4.80054,60.54668],[4.80051,60.54846],[4.80131,60.54891],[4.80058,60.5504],[4.79624,60.55239],[4.79689,60.55286],[4.79671,60.55455],[4.79954,60.55678],[4.8032,60.55719],[4.80211,60.55787],[4.80283,60.55881],[4.80709,60.55942],[4.80609,60.56116],[4.80846,60.56214],[4.81121,60.56409],[4.81893,60.56589],[4.81956,60.56686],[4.81759,60.56662],[4.81556,60.56558],[4.81383,60.5656],[4.80799,60.56417],[4.80693,60.56443],[4.80521,60.56344],[4.80339,60.56481],[4.80587,60.56559],[4.80576,60.56625],[4.80445,60.56642],[4.80324,60.56532],[4.8022,60.56522],[4.80131,60.56565],[4.79912,60.56724],[4.79609,60.57154],[4.80136,60.5735],[4.80544,60.5738],[4.80689,60.57279],[4.80965,60.57413],[4.81126,60.57444],[4.81309,60.57577],[4.81346,60.57476],[4.81131,60.57355],[4.81194,60.57256],[4.81082,60.57222],[4.80994,60.57309],[4.80936,60.57304],[4.80935,60.57084],[4.8155,60.57204],[4.81972,60.57169],[4.82033,60.57143],[4.82041,60.56948],[4.82204,60.56981],[4.82279,60.56954],[4.82143,60.56804],[4.82535,60.56777],[4.82571,60.56748],[4.82629,60.56424],[4.82513,60.56046],[4.8242,60.55978],[4.82111,60.55898],[4.81904,60.55903]],[[4.84474,60.57855],[4.8465,60.57918],[4.84755,60.57847],[4.84505,60.57757]],[[4.84598,60.57465],[4.84714,60.57465],[4.84676,60.5763],[4.84739,60.57645],[4.84892,60.57599],[4.84904,60.57747],[4.85375,60.57836],[4.85921,60.58019],[4.86013,60.58088]],[[4.84698,60.58909],[4.84479,60.58838],[4.84576,60.58754],[4.84573,60.58678],[4.84302,60.58398]],[[4.79732,60.57543],[4.79278,60.5751],[4.79169,60.57562],[4.79107,60.57702],[4.79203,60.57733],[4.79205,60.57819],[4.79099,60.57826],[4.79041,60.57878],[4.79168,60.57967],[4.79147,60.58035],[4.7928,60.58076],[4.79786,60.57907],[4.80021,60.57732],[4.79732,60.57543]],[[4.82677,60.58087],[4.82526,60.58089],[4.82493,60.58155],[4.82117,60.58346],[4.8222,60.58452],[4.82731,60.58535],[4.82809,60.58447],[4.83188,60.58403],[4.8283,60.58118],[4.82677,60.58087]],[[4.8665,60.58637],[4.86648,60.58536],[4.86425,60.58417],[4.86335,60.58297],[4.86373,60.58237],[4.86295,60.58196],[4.85939,60.58163],[4.8567,60.58203],[4.85113,60.58101],[4.85238,60.58032],[4.85134,60.57965],[4.84816,60.57949],[4.8486,60.5806],[4.84779,60.58093],[4.84808,60.5816],[4.8513,60.58464],[4.85338,60.58498],[4.85445,60.58469],[4.85449,60.58545],[4.86077,60.58913],[4.86446,60.58951],[4.86654,60.58784],[4.8665,60.58637]],[[4.78035,60.58396],[4.7828,60.58317],[4.78299,60.58141],[4.78117,60.58012],[4.77726,60.58372]],[[4.78942,60.58466],[4.78905,60.58331],[4.78781,60.58284],[4.78545,60.58345],[4.78489,60.58431]],[[4.7961,60.58518],[4.79485,60.58408],[4.7927,60.58476],[4.79306,60.58354],[4.7918,60.58328],[4.79101,60.58346],[4.79078,60.58477]],[[4.82915,60.58772],[4.82965,60.58705],[4.82862,60.58597],[4.82785,60.58578],[4.82564,60.58638],[4.8279,60.58659],[4.82771,60.58736],[4.82492,60.58736],[4.82243,60.5853],[4.82012,60.5854],[4.81884,60.58693]],[[4.82989,60.58778],[4.83236,60.58533],[4.83477,60.58538],[4.83391,60.5846],[4.83416,60.58388],[4.83875,60.58147],[4.84063,60.58185],[4.84177,60.58346],[4.84302,60.58398]],[[4.8542,60.58965],[4.85351,60.58917],[4.85448,60.58847],[4.85374,60.58744],[4.85144,60.58654],[4.84907,60.58636],[4.84808,60.58573],[4.84761,60.58688],[4.84886,60.58858],[4.84838,60.5892]],[[4.94506,60.59658],[4.94458,60.59475],[4.94293,60.59512],[4.94254,60.59639]],[[4.95693,60.59748],[4.95808,60.59661],[4.95737,60.59629],[4.95594,60.59633],[4.95591,60.59548],[4.95403,60.59576],[4.956,60.59456],[4.95575,60.59424],[4.95307,60.59499],[4.95144,60.59608],[4.95139,60.59706]],[[4.96461,60.59806],[4.96574,60.59791],[4.96902,60.59616],[4.97682,60.59368],[4.97801,60.59355],[4.97973,60.59406],[4.98242,60.59349],[4.98268,60.59307],[4.98178,60.5925],[4.98439,60.59114],[4.98654,60.59125],[4.98966,60.59064],[4.99039,60.59132],[4.99035,60.59262],[4.99266,60.59354],[4.99318,60.5942],[4.99428,60.59438]],[[4.99924,60.60069],[4.99803,60.59959],[4.99681,60.6005]],[[4.77726,60.58372],[4.78035,60.58396]],[[4.82915,60.58772],[4.82728,60.58861],[4.82337,60.58817],[4.82193,60.58892],[4.82819,60.58915],[4.82915,60.59012],[4.82989,60.58778]],[[4.7806,60.58644],[4.78408,60.58641],[4.78352,60.58515],[4.78208,60.58427],[4.7773,60.58452],[4.7759,60.58543],[4.77649,60.5861],[4.7806,60.58644]],[[4.78489,60.58431],[4.78513,60.58666],[4.78575,60.58696],[4.79098,60.58669],[4.78942,60.58466]],[[4.99726,60.60343],[4.99672,60.60239]],[[4.99924,60.60069],[4.99918,60.6026],[5.00004,60.60446]],[[4.81621,60.58673],[4.81472,60.5882],[4.81683,60.58987],[4.81587,60.59248],[4.81772,60.59131],[4.81881,60.58891],[4.82072,60.58877],[4.81923,60.58814],[4.81884,60.58693]],[[4.77174,60.59329],[4.77151,60.59251],[4.76983,60.5931],[4.76978,60.59242],[4.76899,60.5928],[4.76807,60.59216],[4.76708,60.59315],[4.76809,60.59427],[4.77094,60.59479],[4.77155,60.59464],[4.77174,60.59329]],[[4.76346,60.59596],[4.76239,60.59517],[4.75982,60.5953],[4.75917,60.5957],[4.76124,60.59669],[4.76308,60.5966],[4.76346,60.59596]],[[4.77118,60.59866],[4.7707,60.59536],[4.76629,60.59559],[4.7647,60.59682],[4.76564,60.59817],[4.76755,60.59877],[4.76933,60.59844],[4.76985,60.59883],[4.76929,60.59968],[4.77069,60.60025],[4.77118,60.59866]],[[4.79451,60.60216],[4.79513,60.5999],[4.79391,60.59822],[4.79049,60.59753],[4.78859,60.59856],[4.78796,60.59792],[4.78938,60.59652],[4.79152,60.59706],[4.79316,60.59631],[4.79462,60.59458],[4.79432,60.59379],[4.79329,60.5934],[4.79342,60.59265],[4.79247,60.59229],[4.79178,60.59283],[4.7899,60.59301],[4.78317,60.59233],[4.77838,60.59231],[4.77712,60.59179],[4.77568,60.59254],[4.77413,60.59519],[4.77741,60.59589],[4.77537,60.59665],[4.77513,60.5994],[4.77915,60.5984],[4.78032,60.60082],[4.78511,60.60056],[4.78531,60.59983],[4.78676,60.59956],[4.78719,60.60111],[4.78919,60.60106],[4.79079,60.60208],[4.79451,60.60216]],[[4.95645,60.60301],[4.95531,60.60243],[4.95231,60.60311],[4.94929,60.60449],[4.95026,60.60553],[4.94548,60.61072],[4.94629,60.61152],[4.94737,60.6114],[4.94802,60.61177],[4.94795,60.61245],[4.94641,60.61241],[4.94557,60.61315],[4.946,60.61594],[4.95305,60.61458],[4.95359,60.61494],[4.95305,60.61549],[4.95412,60.616],[4.95564,60.61614],[4.95857,60.6156],[4.96078,60.61612],[4.96114,60.6155],[4.96204,60.61527],[4.9696,60.6145],[4.97081,60.61359],[4.97275,60.61368],[4.97839,60.6118],[4.981,60.61036],[4.98198,60.61057],[4.98408,60.60985],[4.98488,60.60876],[4.98646,60.60805],[4.98569,60.60706],[4.98682,60.60671],[4.99043,60.60633],[4.99371,60.60737],[4.9995,60.60713],[5.00015,60.60676]],[[5.0001,60.60594],[4.99874,60.60422],[4.99726,60.60343]],[[4.76527,60.60145],[4.7626,60.60116],[4.76279,60.6027],[4.76516,60.60191],[4.76527,60.60145]],[[4.7573,60.60093],[4.75635,60.60079],[4.75523,60.60161],[4.7558,60.6036],[4.75855,60.60348],[4.75992,60.60256],[4.75964,60.60201],[4.7573,60.60093]],[[4.86392,60.60878],[4.86314,60.60881],[4.86271,60.61123],[4.86403,60.61301],[4.86469,60.61118],[4.86377,60.61041],[4.86442,60.60951],[4.86392,60.60878]],[[4.85077,60.61415],[4.84954,60.60931],[4.84708,60.60903],[4.84405,60.61244]],[[4.76779,60.60581],[4.76712,60.60529],[4.76399,60.60558],[4.76317,60.60656],[4.7655,60.60766],[4.76784,60.60753],[4.76924,60.60693],[4.76779,60.60581]],[[4.83945,60.61373],[4.83856,60.61352],[4.83886,60.61151],[4.84057,60.60916],[4.84017,60.60837],[4.8423,60.6066],[4.84182,60.60595],[4.84553,60.6043],[4.84601,60.60377],[4.84532,60.60305],[4.84873,60.60082],[4.84968,60.59874],[4.85106,60.59925],[4.85292,60.59789],[4.85198,60.5967],[4.85084,60.59634],[4.85001,60.59487],[4.84937,60.5951],[4.84922,60.59616],[4.85028,60.5966],[4.84986,60.59834],[4.8489,60.59715],[4.84643,60.59618],[4.84692,60.59482],[4.84604,60.59414],[4.84254,60.59447],[4.84195,60.5942],[4.84425,60.59333],[4.84705,60.5936],[4.84554,60.59158],[4.84789,60.59107],[4.84939,60.59293],[4.84911,60.59381],[4.85135,60.59489],[4.85255,60.59363],[4.85249,60.59242],[4.8542,60.58965]],[[4.84405,60.61244],[4.84356,60.61501],[4.84188,60.61428],[4.84154,60.61271],[4.83945,60.61373]],[[4.79491,60.61279],[4.79425,60.61097],[4.7963,60.60968],[4.80227,60.60853],[4.79783,60.6083],[4.79573,60.60746],[4.79549,60.60683],[4.79824,60.60621],[4.79512,60.60459],[4.79613,60.60275],[4.79723,60.60238],[4.79869,60.60279],[4.79923,60.60201],[4.79752,60.60123],[4.7968,60.60033],[4.7977,60.59741],[4.79649,60.59621],[4.79684,60.59425],[4.80192,60.59372],[4.79947,60.59323],[4.79794,60.59371],[4.79711,60.59341],[4.79543,60.59364],[4.7946,60.59256],[4.79494,60.59127],[4.79421,60.58841],[4.79483,60.58805],[4.79733,60.58819],[4.80123,60.58741],[4.80162,60.5878],[4.80004,60.58839],[4.80063,60.58888],[4.80306,60.58849],[4.80453,60.58891],[4.80456,60.58813],[4.80357,60.58744],[4.80428,60.58693],[4.80549,60.58689],[4.80941,60.5881],[4.81043,60.58904],[4.81182,60.58943],[4.81129,60.59061],[4.81178,60.59078],[4.81315,60.58959],[4.81371,60.58723],[4.81288,60.58691],[4.81107,60.58755],[4.80818,60.58718],[4.80732,60.58604]],[[4.84474,60.62211],[4.84588,60.61957],[4.84259,60.62019]],[[4.85396,60.62518],[4.85644,60.62194],[4.85625,60.62116],[4.85498,60.62067],[4.85656,60.61898],[4.85713,60.61692],[4.85799,60.61603],[4.85896,60.61616],[4.85914,60.61661],[4.86037,60.61639],[4.86112,60.61408],[4.86079,60.61303],[4.85933,60.6126],[4.85804,60.61357],[4.85766,60.61288],[4.85794,60.61186],[4.8602,60.61129],[4.85833,60.61094],[4.85788,60.6104],[4.85677,60.61215],[4.85077,60.61415]],[[4.83831,60.62513],[4.84147,60.62171],[4.84136,60.62095],[4.84259,60.62019]],[[4.79075,60.61902],[4.79041,60.61786],[4.78849,60.61796],[4.78781,60.61728],[4.78961,60.61487],[4.7884,60.61461],[4.787,60.6151],[4.78623,60.61497],[4.78662,60.61442],[4.7895,60.61374],[4.79017,60.61207],[4.79147,60.61256],[4.79295,60.61219],[4.79233,60.60981],[4.79159,60.60957],[4.79014,60.61006],[4.78859,60.60989],[4.78746,60.61041],[4.78408,60.61044],[4.78268,60.61271],[4.78548,60.61301],[4.78612,60.61344],[4.78216,60.61465],[4.7817,60.61583],[4.78482,60.6166],[4.78377,60.61776],[4.78452,60.61867],[4.78605,60.61883],[4.78797,60.6185],[4.78755,60.62087],[4.78813,60.62133],[4.78953,60.62112],[4.79075,60.61902]],[[4.83831,60.62513],[4.83853,60.62663],[4.83935,60.62657],[4.83996,60.62506],[4.84118,60.62562],[4.84177,60.62543]],[[4.85002,60.62779],[4.8508,60.62745],[4.85214,60.62751],[4.85331,60.6269],[4.85396,60.62518]],[[4.82544,60.62836],[4.82726,60.62587],[4.8283,60.62539],[4.82779,60.62484],[4.82512,60.6257],[4.82622,60.62632],[4.8255,60.62713],[4.82155,60.62634],[4.82066,60.62686],[4.81569,60.62651]],[[4.81246,60.62702],[4.81438,60.62767],[4.82084,60.62753],[4.82509,60.62841]],[[4.80947,60.62592],[4.81046,60.62361],[4.80891,60.62217],[4.81003,60.62094],[4.8089,60.61999],[4.80699,60.62055],[4.80664,60.62113],[4.80765,60.62129],[4.80799,60.62181],[4.80569,60.62299],[4.80565,60.62399],[4.80687,60.62437],[4.8066,60.62529],[4.80421,60.62539],[4.80785,60.62738],[4.80992,60.62646],[4.80947,60.62592]],[[4.82877,60.62883],[4.82959,60.62846],[4.82921,60.62752],[4.83092,60.62615],[4.83221,60.62349],[4.83306,60.62385],[4.83399,60.62584],[4.8354,60.62563],[4.83495,60.62741],[4.83592,60.62878],[4.83866,60.62789],[4.8382,60.62993],[4.83867,60.63055]],[[4.78311,60.62672],[4.78238,60.6267],[4.78208,60.62726],[4.78242,60.62862],[4.78458,60.62817],[4.78516,60.62768],[4.78311,60.62672]],[[4.76712,60.62821],[4.76715,60.62774],[4.76468,60.62802]],[[4.78043,60.62924],[4.78035,60.62821],[4.77896,60.62685],[4.77719,60.62608],[4.77605,60.6263],[4.77554,60.62528],[4.77471,60.6251],[4.77444,60.62581],[4.77808,60.62906]],[[4.79404,60.63029],[4.79759,60.62904],[4.79945,60.62936],[4.80075,60.62881],[4.79827,60.62787],[4.79688,60.62781],[4.79714,60.62687],[4.79489,60.62633],[4.79452,60.62567],[4.79597,60.62536],[4.79586,60.6247],[4.79715,60.62433],[4.80267,60.62474],[4.80254,60.62408],[4.80342,60.62343],[4.80197,60.62314],[4.79935,60.62368],[4.7977,60.6234],[4.79624,60.62214],[4.79318,60.62264],[4.79086,60.62204],[4.79219,60.61877],[4.79529,60.61719],[4.7955,60.61531]],[[4.97168,60.53398],[4.97058,60.53328],[4.96785,60.53394],[4.96484,60.53583],[4.9649,60.53634],[4.96857,60.53539],[4.97168,60.53398]],[[4.9542,60.44729],[4.95414,60.44737]],[[4.96427,60.45454],[4.96566,60.45234],[4.96885,60.45018],[4.96742,60.44659]],[[4.98931,60.52297],[4.98697,60.52302],[4.98651,60.52389],[4.98841,60.524],[4.98935,60.52351],[4.98931,60.52297]],[[4.99493,60.52931],[4.99376,60.52897],[4.99225,60.52906],[4.99084,60.52824],[4.98957,60.52859],[4.99152,60.52953],[4.99432,60.53001],[4.99493,60.52931]],[[4.90714,60.44939],[4.90562,60.44925],[4.90419,60.45027],[4.90466,60.45098],[4.90823,60.45031],[4.90714,60.44939]],[[4.93049,60.45178],[4.92954,60.45159],[4.92872,60.45264],[4.92959,60.45346],[4.93049,60.45178]],[[4.96678,60.45412],[4.96622,60.45407],[4.96474,60.45572],[4.96035,60.4582],[4.95986,60.45895],[4.96091,60.45951],[4.96242,60.45869],[4.96403,60.45674],[4.96603,60.4558],[4.96678,60.45412]],[[4.93592,60.46355],[4.93423,60.46324],[4.93349,60.46572],[4.93493,60.46504],[4.93592,60.46355]],[[4.95983,60.46536],[4.96213,60.46739],[4.95908,60.46831],[4.95851,60.46874],[4.95885,60.46919],[4.96101,60.4699],[4.96319,60.46934],[4.96399,60.4702],[4.96594,60.47087],[4.96451,60.47219],[4.966,60.47364],[4.9628,60.47502],[4.96687,60.47732],[4.96304,60.47861],[4.96374,60.47913],[4.9621,60.48078],[4.96168,60.48207],[4.96223,60.4826],[4.96463,60.48329],[4.96605,60.4849]],[[4.9337,60.45995],[4.93087,60.46114],[4.92982,60.46227],[4.93048,60.46337],[4.92887,60.46424],[4.9293,60.46725],[4.9268,60.46658],[4.92379,60.46773],[4.92209,60.47107],[4.92406,60.47144],[4.92634,60.47121],[4.92789,60.47037],[4.92688,60.46975],[4.9274,60.46924],[4.9299,60.46797],[4.93142,60.46784],[4.93169,60.46932],[4.92821,60.47143],[4.92788,60.47483],[4.92855,60.4751],[4.93203,60.47441],[4.93282,60.4761],[4.93228,60.47677],[4.93279,60.47836],[4.93007,60.48],[4.93194,60.48211],[4.92993,60.48217],[4.92871,60.48276],[4.92933,60.48329],[4.93146,60.48354],[4.93617,60.4837],[4.93828,60.48344],[4.93969,60.48231],[4.93884,60.48088],[4.93938,60.47997],[4.94283,60.47767],[4.94387,60.47758],[4.94392,60.47987],[4.94113,60.48201]],[[4.94113,60.48201],[4.939,60.48476]],[[4.89429,60.48287],[4.89261,60.48323],[4.89209,60.48432],[4.8961,60.48498],[4.89529,60.48327],[4.89429,60.48287]],[[4.93869,60.48537],[4.93562,60.48735],[4.9346,60.48912],[4.93252,60.49085],[4.93328,60.49187],[4.93656,60.49181]],[[4.93656,60.49181],[4.93459,60.49379]],[[4.9028,60.4877],[4.9022,60.4865],[4.89973,60.48491],[4.89801,60.48597],[4.89827,60.48683],[4.89532,60.48709],[4.89222,60.4862],[4.89096,60.48618],[4.88912,60.48651],[4.88881,60.48704],[4.89004,60.48776],[4.89018,60.48977],[4.89153,60.4908],[4.89444,60.49015],[4.89445,60.48943],[4.89806,60.48901],[4.9028,60.4877]],[[4.90541,60.49248],[4.90395,60.49239],[4.90326,60.49271],[4.90201,60.49587],[4.90247,60.49636],[4.90564,60.49559],[4.90652,60.49487],[4.90628,60.49307],[4.90541,60.49248]],[[4.91794,60.50016],[4.91854,60.5002],[4.91882,60.49972]],[[4.9058,60.49923],[4.90806,60.49917],[4.90659,60.49823],[4.90276,60.49845],[4.9003,60.50177],[4.90252,60.50163],[4.90421,60.50077],[4.90638,60.50074],[4.90667,60.50027],[4.90568,60.49992],[4.9058,60.49923]],[[4.89705,60.5024],[4.89933,60.50154],[4.89889,60.50086],[4.90096,60.49939],[4.90092,60.4987],[4.89912,60.49846],[4.89855,60.49871],[4.89789,60.50038],[4.89875,60.50089],[4.89636,60.50104],[4.8951,60.50184],[4.89524,60.50227]],[[4.91794,60.50016],[4.91109,60.49995],[4.90973,60.50337]],[[4.89524,60.50227],[4.89705,60.5024]],[[4.98604,60.52709],[4.98263,60.52677],[4.98048,60.52796],[4.98107,60.52868],[4.98244,60.52908],[4.98205,60.52969],[4.98008,60.53033],[4.98126,60.53116],[4.98392,60.53026],[4.9832,60.5292],[4.98529,60.52881],[4.98664,60.52791],[4.98604,60.52709]],[[4.97311,60.53594],[4.97246,60.53566],[4.96861,60.53643],[4.96713,60.53768],[4.96672,60.53921],[4.9696,60.54019],[4.97097,60.53992],[4.97146,60.53922],[4.97346,60.53827],[4.97311,60.53594]],[[4.89435,60.53774],[4.89519,60.53682],[4.89563,60.53806],[4.89725,60.5387],[4.89957,60.53748]],[[4.96246,60.55],[4.96045,60.54976],[4.95852,60.5513],[4.95884,60.55202],[4.95998,60.55229],[4.96073,60.55198],[4.96281,60.5505],[4.96246,60.55]],[[4.96364,60.55274],[4.96399,60.55117],[4.96601,60.55151],[4.96717,60.55119],[4.96607,60.55088],[4.96542,60.54996],[4.96614,60.54855],[4.96987,60.54827],[4.97005,60.54748],[4.97151,60.54714],[4.97213,60.54753],[4.97146,60.54882],[4.97204,60.55067],[4.97098,60.55192],[4.97384,60.55329],[4.97523,60.5528],[4.97465,60.54997],[4.97288,60.54881],[4.97306,60.54775],[4.97775,60.54597],[4.97952,60.54463],[4.98193,60.54427],[4.98205,60.54336],[4.98353,60.54213],[4.98129,60.54188],[4.97967,60.53991],[4.98166,60.53795],[4.98169,60.5361],[4.98037,60.53346],[4.98093,60.53263],[4.98232,60.53165],[4.98529,60.53085],[4.98758,60.53129],[4.99013,60.53307],[4.99136,60.53208],[4.99076,60.53055],[4.9919,60.53077],[4.99405,60.53221],[4.99503,60.53222],[4.99744,60.53133],[5.0003,60.52892]],[[5.0003,60.52892],[4.99994,60.5259],[5.00171,60.5253]],[[4.96614,60.55292],[4.9682,60.55288],[4.96708,60.55181],[4.96526,60.55286]],[[4.97106,60.5533],[4.97074,60.5526],[4.96965,60.55319]],[[4.9839,60.55427],[4.98643,60.55183],[4.99395,60.54746],[5.00005,60.54562]],[[5.00215,60.55565],[4.99461,60.55765],[4.99147,60.55909],[4.99009,60.56033],[4.99003,60.56299],[4.98833,60.56333],[4.98861,60.56431],[4.9897,60.56449],[4.99394,60.56239],[4.99456,60.56175],[4.99326,60.56133],[4.99712,60.56001],[5.00051,60.55751]],[[5.00189,60.56422],[4.99914,60.5656],[4.99713,60.56597],[4.99381,60.56799],[4.99406,60.56827],[4.99586,60.56796],[4.99653,60.56946],[5.00053,60.57132]],[[4.98167,60.56716],[4.97692,60.56752],[4.97523,60.56834],[4.97458,60.57166],[4.97578,60.57175],[4.97721,60.57121],[4.97859,60.56952],[4.98233,60.56812],[4.98247,60.56747],[4.98167,60.56716]],[[4.95567,60.57196],[4.95582,60.57083],[4.95783,60.57027],[4.95823,60.56945],[4.95709,60.56861],[4.95542,60.56937],[4.95442,60.56911],[4.95444,60.5672],[4.9555,60.56712],[4.95693,60.56799],[4.95818,60.56747]],[[4.98464,60.57197],[4.98309,60.57174],[4.98173,60.57202],[4.97769,60.57541],[4.97871,60.57654],[4.9806,60.57655],[4.98496,60.57456],[4.98609,60.57301],[4.98464,60.57197]],[[4.96738,60.57659],[4.96859,60.57715],[4.97102,60.57693],[4.97223,60.57626],[4.97046,60.5756],[4.97302,60.57364],[4.9703,60.57143],[4.96789,60.57245],[4.96795,60.57331],[4.96542,60.57529],[4.96741,60.57573],[4.96581,60.57597],[4.96443,60.57699],[4.96448,60.57758],[4.96643,60.57748],[4.96738,60.57659]],[[4.99468,60.59418],[4.99433,60.59352],[4.99568,60.59244],[4.99541,60.59101],[4.99339,60.58999],[4.99361,60.58729],[4.99502,60.58604],[4.99866,60.58515],[5.00113,60.58365]],[[5.00113,60.58365],[4.99854,60.58381],[4.9931,60.58525],[4.99329,60.58452],[4.99636,60.58283],[5.00064,60.58231]],[[4.96395,60.59841],[4.96295,60.59909],[4.96309,60.60088],[4.96237,60.60102],[4.96184,60.60071],[4.95892,60.60181],[4.95713,60.604],[4.95628,60.60381],[4.95645,60.60301]],[[4.94254,60.59639],[4.94281,60.59766],[4.94195,60.59812],[4.94122,60.60046],[4.93645,60.60327],[4.93689,60.60455],[4.93571,60.6046],[4.93151,60.6064],[4.93115,60.60703],[4.93243,60.60825],[4.93506,60.60778],[4.93607,60.60711],[4.93571,60.6066],[4.93634,60.60611],[4.93787,60.60612],[4.93821,60.60694],[4.93912,60.60688],[4.94031,60.60478],[4.9417,60.60488],[4.944,60.60261],[4.94406,60.59958],[4.94599,60.59934],[4.94605,60.60027],[4.94665,60.60034],[4.94953,60.59692]],[[4.8853,60.34004],[4.88448,60.34008],[4.88299,60.34157],[4.88514,60.34168],[4.88547,60.34119],[4.8863,60.34112],[4.88646,60.3405],[4.8853,60.34004]],[[4.97664,60.34793],[4.97913,60.34786],[4.98193,60.34543],[4.98378,60.34215],[4.98182,60.34091],[4.984,60.34013],[4.98576,60.33795],[4.98493,60.33709],[4.98553,60.33574],[4.98423,60.33527],[4.98492,60.33228],[4.98382,60.33111],[4.98139,60.33066],[4.97807,60.33294],[4.97385,60.33848],[4.97511,60.33931],[4.97858,60.34018],[4.97735,60.34058],[4.97407,60.34003],[4.97052,60.34103],[4.96935,60.34202],[4.96997,60.34279],[4.96956,60.34299],[4.97187,60.34362],[4.97264,60.3448],[4.97229,60.34538],[4.97104,60.34573],[4.97094,60.34695],[4.97308,60.34753],[4.97556,60.349],[4.97664,60.34793]],[[4.98565,60.34738],[4.98436,60.34904],[4.98466,60.35061],[4.98367,60.35085]],[[4.99121,60.35202],[4.98744,60.3508],[4.98527,60.35073],[4.98799,60.35237],[4.99131,60.3527],[4.99186,60.35233],[4.99121,60.35202]],[[4.99686,60.3217],[4.99441,60.3213],[4.99334,60.32197],[4.99355,60.32277],[4.99613,60.3234],[4.99682,60.32323],[4.99797,60.3225],[4.99686,60.3217]],[[4.95491,60.32015],[4.95601,60.32046],[4.95478,60.32086],[4.95477,60.32124],[4.95652,60.32131],[4.95865,60.3199],[4.96036,60.31971],[4.96099,60.31898],[4.95847,60.31867],[4.95762,60.3191],[4.95579,60.31851],[4.95315,60.31836],[4.95262,60.31887],[4.95362,60.31983],[4.95211,60.32053],[4.95242,60.32118],[4.954,60.32118],[4.95403,60.32033],[4.95491,60.32015]],[[4.98326,60.31979],[4.9809,60.31941],[4.98398,60.31891],[4.98423,60.31844],[4.98323,60.318],[4.98059,60.31793],[4.97886,60.31867],[4.98035,60.31916],[4.978,60.32029],[4.97912,60.32367],[4.98224,60.32287],[4.98048,60.32074],[4.98327,60.3201],[4.98326,60.31979]],[[4.95113,60.31948],[4.9501,60.31919],[4.94885,60.31951],[4.94837,60.32117],[4.94916,60.32186],[4.95052,60.32158],[4.95113,60.31948]],[[4.93779,60.32063],[4.93549,60.32061],[4.93529,60.32161],[4.93709,60.32165],[4.93779,60.32063]],[[4.96519,60.32253],[4.96791,60.32177],[4.9678,60.32025],[4.96487,60.31874],[4.96393,60.31874],[4.96288,60.31904],[4.96308,60.32024],[4.95704,60.32163],[4.95644,60.3234]],[[4.95644,60.3234],[4.95765,60.32427],[4.95651,60.32592]],[[4.97946,60.32767],[4.98049,60.32572],[4.98235,60.32559],[4.98278,60.32503],[4.98087,60.32404],[4.97808,60.32415],[4.97682,60.32213],[4.97696,60.32064],[4.97237,60.31982],[4.97013,60.32004],[4.96938,60.32209],[4.97005,60.32422],[4.97263,60.32469],[4.9761,60.32471],[4.97253,60.32629],[4.9714,60.32605],[4.97158,60.32531],[4.97083,60.32519],[4.9702,60.32602],[4.96919,60.32633],[4.9666,60.32421],[4.96511,60.32376],[4.96519,60.32253]],[[4.99476,60.32884],[4.99466,60.32679],[4.99584,60.32463],[4.99343,60.32425],[4.98803,60.32565],[4.98682,60.3266],[4.98671,60.32822]],[[4.99586,60.32892],[4.99711,60.32794],[4.99971,60.3273],[4.99898,60.32641],[5.00268,60.32595]],[[4.93169,60.32623],[4.92934,60.32586],[4.92931,60.32697],[4.93154,60.32723],[4.93169,60.32623]],[[4.89691,60.3218],[4.89503,60.32247],[4.89487,60.32366],[4.89625,60.32504],[4.89723,60.32526],[4.89836,60.32356],[4.89691,60.3218]],[[4.98671,60.32822],[4.98592,60.33028],[4.98798,60.33084],[4.98873,60.33226],[4.99087,60.33313],[4.99226,60.33229],[4.99476,60.32884]],[[4.94171,60.32917],[4.93952,60.32783],[4.93717,60.32822],[4.94091,60.33004],[4.94189,60.32978],[4.94171,60.32917]],[[4.89896,60.32703],[4.89784,60.32675],[4.89967,60.32978],[4.90036,60.3279],[4.89896,60.32703]],[[4.99218,60.33687],[4.99163,60.33464],[4.99347,60.3318],[4.99577,60.33098],[4.99586,60.32892]],[[4.89035,60.32684],[4.88915,60.32632],[4.888,60.3269],[4.88774,60.32957],[4.88869,60.32949],[4.88986,60.32875],[4.89035,60.32684]],[[4.95651,60.32592],[4.95673,60.32648],[4.95851,60.32685],[4.95683,60.32855],[4.9557,60.32757],[4.95195,60.32683],[4.9432,60.32632],[4.94215,60.32692],[4.94306,60.32764],[4.94472,60.32786],[4.94594,60.32902],[4.94684,60.32887],[4.94635,60.32787],[4.94793,60.32759],[4.94834,60.32859],[4.94671,60.32961],[4.94638,60.33052],[4.9484,60.33224],[4.94871,60.33329],[4.95127,60.334],[4.95041,60.33449],[4.95052,60.33516],[4.95473,60.33639],[4.95941,60.33708],[4.96161,60.33704],[4.9614,60.33623],[4.96026,60.33563],[4.96068,60.33531],[4.96229,60.33578],[4.96427,60.33715],[4.96567,60.33734],[4.96929,60.33658],[4.9698,60.33616],[4.96884,60.33588],[4.96906,60.33555],[4.97425,60.33547],[4.97853,60.32983],[4.97946,60.32767]],[[4.99218,60.33687],[4.99392,60.33994]],[[4.90213,60.33438],[4.903,60.33384],[4.90269,60.33331],[4.90371,60.33331],[4.90537,60.33255],[4.90485,60.33123],[4.9062,60.32975],[4.90494,60.32907],[4.90483,60.32812],[4.90664,60.32611],[4.90597,60.32574],[4.90663,60.32512],[4.90263,60.32334],[4.8987,60.32418],[4.8976,60.32626],[4.89579,60.32609],[4.89499,60.32827],[4.89203,60.32767],[4.89018,60.32916],[4.89166,60.33019],[4.8953,60.33062],[4.89607,60.33154],[4.8937,60.33157],[4.88967,60.33071],[4.88897,60.3312],[4.88924,60.33162],[4.89229,60.33224],[4.89315,60.33359],[4.89559,60.33378],[4.89848,60.33466],[4.90213,60.33438]],[[4.98565,60.34738],[4.98465,60.34547],[4.98472,60.34336],[4.98604,60.34252],[4.98751,60.34268],[4.98839,60.34174],[4.98825,60.34132],[4.98697,60.34114],[4.98645,60.3404],[4.98974,60.33968],[4.99351,60.34017],[4.99392,60.33994]],[[4.95565,60.36043],[4.95597,60.35921],[4.95822,60.35773],[4.961,60.35775],[4.96511,60.35874],[4.96928,60.35798],[4.97275,60.358],[4.97334,60.35754],[4.97255,60.35547],[4.97574,60.35232],[4.97565,60.35092],[4.97432,60.34985],[4.97107,60.34898],[4.96984,60.34828],[4.96984,60.34736],[4.9624,60.3438],[4.96507,60.34347],[4.96781,60.34198],[4.96811,60.34148],[4.96682,60.34008],[4.96498,60.34045],[4.9619,60.33802],[4.95685,60.33754],[4.95715,60.33908],[4.95953,60.34182],[4.95908,60.34204],[4.94858,60.33661],[4.94663,60.33664],[4.94587,60.33771],[4.94318,60.33579],[4.9391,60.33538],[4.93712,60.33611],[4.93692,60.3379],[4.93547,60.33797],[4.93359,60.33694],[4.93483,60.33652],[4.93388,60.33498],[4.93251,60.33519],[4.93264,60.33619],[4.92975,60.33487],[4.92691,60.33505],[4.9249,60.3346],[4.92496,60.33579],[4.92688,60.33649],[4.92713,60.33746],[4.926,60.34098],[4.92291,60.34083],[4.923,60.34198],[4.92364,60.34254],[4.92551,60.34275],[4.92812,60.34446],[4.93029,60.34446],[4.9329,60.34368],[4.93295,60.34443],[4.93446,60.34536],[4.93645,60.34528],[4.93705,60.34428],[4.93426,60.34301],[4.93428,60.34248],[4.93742,60.34132],[4.93876,60.34199],[4.94087,60.34185],[4.94341,60.34308],[4.94563,60.34328],[4.94789,60.34285],[4.94928,60.34348],[4.94695,60.34575],[4.94618,60.34445],[4.94426,60.34427],[4.94379,60.34469],[4.9444,60.34539],[4.94324,60.34649],[4.94019,60.347],[4.93987,60.34831],[4.93839,60.34787],[4.93751,60.34678],[4.934,60.34627],[4.92343,60.34732],[4.92046,60.34725],[4.92022,60.34768],[4.92146,60.34812],[4.92051,60.34841],[4.92061,60.34908],[4.92257,60.34975],[4.92506,60.34975],[4.92619,60.34895],[4.92586,60.34845],[4.9278,60.34853],[4.92622,60.3497],[4.92856,60.35051],[4.93672,60.35124],[4.93817,60.35109],[4.93934,60.35048],[4.94024,60.35175],[4.94284,60.35216],[4.94278,60.3532],[4.94034,60.35283],[4.93882,60.353],[4.93652,60.35213],[4.92936,60.3516],[4.92378,60.35165],[4.92379,60.3531],[4.92523,60.35415],[4.92462,60.35479],[4.92498,60.35571],[4.9266,60.35675],[4.92875,60.35696],[4.92924,60.35753],[4.93096,60.35749],[4.93329,60.35819],[4.94126,60.35779],[4.94687,60.35857],[4.9469,60.3589],[4.94517,60.35904],[4.94336,60.3597],[4.94868,60.3597],[4.94849,60.36114],[4.94923,60.36153],[4.95428,60.36156],[4.95565,60.36043]],[[4.93,60.36166],[4.93511,60.36155],[4.93781,60.36192],[4.93829,60.36116],[4.94183,60.35997],[4.94025,60.35934],[4.93746,60.3595],[4.93722,60.36007],[4.92984,60.35995],[4.9282,60.36103],[4.92872,60.36169],[4.93,60.36166]],[[4.96151,60.36322],[4.95815,60.3629],[4.95721,60.36335],[4.95872,60.36441],[4.9616,60.36379],[4.96151,60.36322]],[[4.92625,60.36227],[4.92685,60.36195],[4.92576,60.36105],[4.92486,60.361],[4.9243,60.36165],[4.92364,60.36139],[4.92361,60.36057],[4.92628,60.36051],[4.9247,60.35869],[4.9233,60.3586],[4.92244,60.35896],[4.91776,60.35875],[4.9185,60.35956],[4.92055,60.36035],[4.91922,60.36078],[4.91923,60.36112],[4.92424,60.36224],[4.92625,60.36227]],[[4.95343,60.36397],[4.94547,60.36463],[4.94599,60.36794],[4.94748,60.36786],[4.94786,60.36689],[4.95044,60.36612],[4.94928,60.36539],[4.95275,60.36449],[4.95343,60.36397]],[[4.94468,60.36786],[4.94223,60.36749],[4.94041,60.36615],[4.94199,60.36552],[4.94164,60.36496],[4.93996,60.36474],[4.93559,60.36516],[4.93643,60.36672],[4.93814,60.36619],[4.93912,60.36903],[4.94441,60.36819],[4.94468,60.36786]],[[4.95157,60.3708],[4.95255,60.3698],[4.95187,60.36912],[4.94957,60.36961],[4.9483,60.36851],[4.9472,60.36824],[4.9413,60.3693],[4.94089,60.36998]],[[4.96726,60.37199],[4.96645,60.36921],[4.96523,60.36928],[4.96346,60.37171]],[[4.97033,60.37223],[4.97215,60.37079],[4.97184,60.37013],[4.96868,60.3721]],[[4.98029,60.37299],[4.97867,60.37011],[4.97715,60.36932],[4.97559,60.37154],[4.97239,60.37239]],[[4.9835,60.37323],[4.98315,60.36943],[4.98169,60.36771],[4.98208,60.36194],[4.98126,60.36023],[4.98222,60.35814],[4.9814,60.35732],[4.98163,60.35576],[4.98103,60.35492],[4.98367,60.35085]],[[4.96868,60.3721],[4.96901,60.37241],[4.97033,60.37223]],[[4.96346,60.37171],[4.96272,60.37487],[4.9666,60.37321],[4.96726,60.37199]],[[4.93218,60.37386],[4.93032,60.37384],[4.92934,60.37599],[4.93098,60.37797],[4.93184,60.37829],[4.93392,60.37689],[4.93273,60.37399],[4.93218,60.37386]],[[4.93195,60.37862],[4.93173,60.37841],[4.92997,60.37891],[4.93014,60.38004],[4.93128,60.37976],[4.93195,60.37862]],[[4.94089,60.36998],[4.94095,60.37182],[4.93851,60.37135],[4.9373,60.37213],[4.93741,60.37387],[4.93887,60.3756],[4.93889,60.37648],[4.93744,60.3763],[4.93685,60.37658],[4.93755,60.37808],[4.93928,60.37735],[4.94043,60.37764],[4.94109,60.37899],[4.93924,60.37963],[4.94093,60.38102],[4.94326,60.38047],[4.94438,60.37958],[4.94695,60.3746],[4.947,60.3728],[4.94821,60.37127],[4.94912,60.37107],[4.94883,60.37185],[4.94953,60.37217],[4.95104,60.3716],[4.95157,60.3708]],[[4.96404,60.38389],[4.96527,60.38143],[4.96766,60.38006],[4.9688,60.37849],[4.96959,60.37672],[4.9686,60.375],[4.96983,60.37367],[4.97239,60.37239]],[[4.93637,60.38182],[4.9358,60.38028],[4.93629,60.3787],[4.93533,60.37797],[4.93411,60.3799],[4.93265,60.38068],[4.93206,60.38002],[4.93083,60.38122],[4.93276,60.38143],[4.93517,60.38246],[4.93595,60.38239],[4.93637,60.38182]],[[4.95243,60.38362],[4.95572,60.38272],[4.95668,60.3832],[4.95901,60.38307],[4.96071,60.38095],[4.95999,60.38009],[4.95904,60.38078],[4.9557,60.38091],[4.95458,60.38047],[4.95418,60.37821],[4.95856,60.37781],[4.95766,60.37595],[4.95916,60.37499],[4.95864,60.37364],[4.95596,60.37338],[4.9548,60.37372],[4.9538,60.37717],[4.95162,60.3769],[4.95007,60.37737],[4.94966,60.37855],[4.94788,60.3801],[4.94542,60.38124],[4.94589,60.38162],[4.94752,60.38135],[4.94673,60.38251],[4.94748,60.38362],[4.94871,60.38333],[4.94977,60.38406],[4.95243,60.38362]],[[4.96404,60.38389],[4.96366,60.3868],[4.96543,60.38813]],[[4.95621,60.3857],[4.95513,60.3856],[4.95355,60.38602],[4.94993,60.38708],[4.94972,60.38754],[4.95269,60.38736],[4.95596,60.38637],[4.95621,60.3857]],[[4.94664,60.3874],[4.94495,60.3883],[4.94527,60.38881],[4.9463,60.389],[4.94915,60.38789],[4.94664,60.3874]],[[4.94391,60.39203],[4.94268,60.39191],[4.94365,60.39125],[4.94349,60.39041],[4.94008,60.39016],[4.93925,60.39219],[4.94059,60.3932],[4.94308,60.39291],[4.94391,60.39203]],[[4.91938,60.38839],[4.91827,60.38815],[4.91722,60.38871],[4.91535,60.3914],[4.91527,60.39278],[4.91659,60.3934],[4.91791,60.39339],[4.91914,60.39286],[4.92026,60.3913],[4.92174,60.39042],[4.91938,60.38839]],[[4.96892,60.39685],[4.96801,60.39672],[4.96548,60.39795],[4.96523,60.39946],[4.96591,60.40018],[4.96946,60.39942],[4.96952,60.39717],[4.96892,60.39685]],[[4.92853,60.39769],[4.92723,60.39792],[4.92554,60.39969],[4.92917,60.3995],[4.92853,60.39769]],[[4.98925,60.40448],[4.98989,60.39746],[4.98762,60.3959],[4.98726,60.39723],[4.98334,60.39834],[4.98659,60.39804],[4.98772,60.39829],[4.9876,60.39974],[4.98549,60.40061],[4.98535,60.40096],[4.98646,60.40144],[4.98446,60.40331],[4.98725,60.40377],[4.98831,60.40531],[4.98925,60.40448]],[[4.91182,60.40134],[4.91241,60.40072],[4.91161,60.40036],[4.90967,60.40049],[4.90696,60.39988],[4.9051,60.40028],[4.90612,60.40097],[4.91182,60.40134]],[[4.95199,60.4002],[4.95138,60.40003],[4.948,60.40131],[4.94654,60.40263],[4.94628,60.40372],[4.94714,60.40456],[4.94917,60.40428],[4.94996,60.40377],[4.9514,60.40248],[4.95199,60.4002]],[[4.936,60.40057],[4.93402,60.40003],[4.9348,60.39911],[4.93441,60.39882],[4.9323,60.39932],[4.932,60.40018],[4.93151,60.39957],[4.9307,60.39962],[4.93075,60.40499],[4.93367,60.40591],[4.93466,60.40496],[4.93449,60.40326],[4.93525,60.4027],[4.93522,60.40173],[4.9365,60.40099],[4.936,60.40057]],[[4.96249,60.40788],[4.96291,60.40699],[4.96453,60.40626],[4.96352,60.40566],[4.96264,60.40642],[4.96181,60.40533],[4.95977,60.40519],[4.95822,60.40371],[4.95854,60.40282],[4.95791,60.4021],[4.95958,60.40146],[4.96058,60.39972],[4.95803,60.39922],[4.95631,60.39963],[4.95625,60.40047],[4.95383,60.4013],[4.95163,60.40536],[4.9556,60.40731],[4.95901,60.40683],[4.95922,60.40911],[4.96031,60.41013],[4.9616,60.40966],[4.96249,60.40788]],[[4.94699,60.40655],[4.94539,60.40623],[4.94444,60.40902],[4.94546,60.4087],[4.94699,60.40655]],[[4.94245,60.40744],[4.9412,60.40716],[4.94067,60.40755],[4.94135,60.40873],[4.94234,60.40907],[4.94314,60.40854],[4.94245,60.40744]],[[4.91259,60.40766],[4.91171,60.40679],[4.90982,60.4074],[4.90904,60.40624],[4.90723,60.40581],[4.90695,60.40462],[4.90408,60.40516],[4.9031,60.40572],[4.90368,60.40651],[4.90568,60.4075],[4.90804,60.40685],[4.90902,60.40694],[4.90774,60.40846],[4.90947,60.40905],[4.90881,60.41001],[4.91225,60.40878],[4.91259,60.40766]],[[4.93236,60.40948],[4.93049,60.40971],[4.93022,60.41123],[4.93089,60.41184],[4.93415,60.41144],[4.93411,60.41046],[4.93236,60.40948]],[[4.9038,60.4095],[4.90515,60.40956],[4.90609,60.40905],[4.90593,60.40862],[4.90472,60.40853],[4.90192,60.40621],[4.90009,60.40607],[4.89896,60.40892],[4.90145,60.40916],[4.90188,60.41004],[4.9038,60.4095]],[[4.90706,60.41265],[4.90798,60.41048],[4.90718,60.40949],[4.90095,60.41056],[4.90013,60.41115],[4.8982,60.41088],[4.89739,60.4115]],[[4.92392,60.41394],[4.92488,60.41331],[4.92442,60.41227],[4.92734,60.41222],[4.92849,60.41047],[4.92958,60.40995],[4.92898,60.40884],[4.9299,60.40818],[4.93016,60.40683],[4.92704,60.40503],[4.92631,60.40502],[4.92523,60.40692],[4.926,60.40848],[4.92548,60.40869],[4.92311,60.40745],[4.92314,60.40538],[4.92051,60.40349],[4.91964,60.4042],[4.91852,60.40401],[4.91805,60.40452],[4.91738,60.40585],[4.91763,60.40799],[4.92025,60.40844],[4.92278,60.4102],[4.92285,60.41106],[4.92226,60.41113],[4.91913,60.40927],[4.91765,60.40919],[4.91783,60.40976],[4.91726,60.40988],[4.91632,60.40912],[4.91634,60.40801],[4.91543,60.40769],[4.91281,60.41112],[4.91277,60.41309]],[[4.93852,60.41506],[4.93713,60.41405],[4.93564,60.41421],[4.93527,60.41481]],[[4.95825,60.41656],[4.96004,60.41444],[4.96131,60.4142],[4.96154,60.41247],[4.96585,60.40671],[4.96778,60.40602],[4.97063,60.40377],[4.97163,60.40138],[4.97143,60.39912],[4.97001,60.39676],[4.97051,60.39484],[4.97432,60.39379],[4.97679,60.39355],[4.97995,60.39196],[4.98455,60.39156],[4.98564,60.39218],[4.98632,60.39445],[4.98505,60.39566],[4.98746,60.39563],[4.98749,60.39306],[4.98886,60.39177],[4.98912,60.3905],[4.98849,60.39016],[4.98714,60.39025],[4.98768,60.38957],[4.98911,60.3894],[4.98967,60.3885],[4.9884,60.38845],[4.98732,60.3892],[4.98626,60.38897],[4.98556,60.38765],[4.98695,60.38629],[4.98607,60.38458],[4.98547,60.38451],[4.98455,60.38553],[4.98454,60.38776],[4.98332,60.38902],[4.97741,60.39044],[4.98378,60.38989],[4.98386,60.39069],[4.97383,60.39169],[4.97546,60.39085],[4.97507,60.39057],[4.96976,60.39224],[4.96791,60.39248],[4.96703,60.39207],[4.96696,60.39107],[4.96992,60.3891],[4.96845,60.38913],[4.96714,60.38982],[4.96574,60.38975],[4.96543,60.38813]],[[4.99977,60.42011],[5.00208,60.41989]],[[4.91277,60.41309],[4.91388,60.41463],[4.91494,60.41422],[4.91537,60.41329]],[[4.91627,60.41336],[4.91583,60.41423],[4.91765,60.4154],[4.91871,60.41523],[4.91897,60.41441],[4.92038,60.41429],[4.92048,60.41583],[4.92274,60.4152],[4.92392,60.41394]],[[4.98614,60.42279],[4.98542,60.42268]],[[4.89692,60.413],[4.90051,60.41567],[4.90083,60.41647],[4.9032,60.41604],[4.90313,60.41505],[4.90464,60.41476],[4.90706,60.41265]],[[4.90332,60.41677],[4.90142,60.41669],[4.90091,60.41728],[4.90225,60.41815],[4.90322,60.41792],[4.90332,60.41677]],[[4.98542,60.42268],[4.98366,60.4228],[4.98334,60.42319],[4.98371,60.42444],[4.98469,60.42504]],[[4.98614,60.42279],[4.98609,60.42384],[4.98799,60.42433],[4.98959,60.42334],[4.991,60.4234],[4.99134,60.42486],[4.99431,60.42626],[4.99319,60.42683],[4.99378,60.42827],[4.99632,60.4277],[4.99721,60.42657],[4.9962,60.42589],[4.99742,60.42523]],[[4.96212,60.35833],[4.95795,60.35889],[4.95744,60.35934],[4.96128,60.35945],[4.96212,60.35833]],[[4.92651,60.36467],[4.92476,60.3647],[4.92494,60.36555],[4.92416,60.36605],[4.92563,60.36666],[4.92656,60.36627],[4.92595,60.36582],[4.92651,60.36467]],[[4.98029,60.37299],[4.98315,60.37561],[4.9835,60.37323]],[[4.95359,60.40697],[4.95126,60.40607],[4.95214,60.40771],[4.95307,60.408],[4.95413,60.40766],[4.95359,60.40697]],[[4.91627,60.41336],[4.91588,60.41298],[4.91537,60.41329]],[[4.89696,60.41188],[4.89739,60.4115]],[[4.89696,60.41188],[4.89692,60.413]],[[4.90716,60.41905],[4.90527,60.41898],[4.90476,60.41966],[4.90563,60.42002],[4.90605,60.42103],[4.9077,60.42114],[4.90866,60.42058],[4.90716,60.41905]],[[4.99049,60.42554],[4.9895,60.42586],[4.98952,60.42765],[4.99155,60.4267],[4.99049,60.42554]],[[4.88923,60.43753],[4.88956,60.4365]],[[4.89817,60.41622],[4.89749,60.41584],[4.89645,60.41618],[4.89669,60.41751],[4.89758,60.41802],[4.8993,60.41737],[4.89817,60.41622]],[[4.92894,60.42042],[4.93372,60.41891],[4.93357,60.41825],[4.93173,60.41883],[4.93077,60.41854],[4.92843,60.42019],[4.92894,60.42042]],[[4.89508,60.41889],[4.89406,60.41824],[4.89303,60.4186],[4.89416,60.41942],[4.89367,60.42003],[4.89447,60.42084]],[[4.89447,60.42084],[4.89539,60.4207],[4.89582,60.42016],[4.89508,60.41889]],[[4.93527,60.41481],[4.93348,60.41633],[4.93093,60.41626],[4.92869,60.41568],[4.92794,60.41591],[4.92311,60.41981],[4.92285,60.4189],[4.92023,60.41893],[4.91784,60.41989],[4.91428,60.42035],[4.91767,60.41801],[4.91625,60.41685],[4.91425,60.41661],[4.91357,60.41702],[4.9133,60.41861],[4.91127,60.41863],[4.91212,60.42068],[4.90964,60.42197],[4.91005,60.42303],[4.91168,60.42373],[4.91486,60.42289],[4.91599,60.42222],[4.91584,60.42122],[4.91683,60.42057],[4.91733,60.42203],[4.91612,60.42327],[4.9172,60.42359],[4.9193,60.42257],[4.91872,60.42384],[4.92094,60.42428],[4.92666,60.42163],[4.92721,60.42176],[4.92699,60.4225],[4.92793,60.42238],[4.93045,60.42049],[4.93114,60.42192],[4.93372,60.42157],[4.93506,60.42097],[4.93492,60.41958],[4.93692,60.41781],[4.93611,60.41712],[4.9385,60.41555],[4.93852,60.41506]],[[4.90343,60.42172],[4.89991,60.4216],[4.89988,60.42274],[4.90061,60.42289],[4.90208,60.42218],[4.90338,60.42212],[4.90343,60.42172]],[[4.98241,60.43236],[4.98594,60.43183],[4.98698,60.43012],[4.98526,60.4302],[4.98332,60.42943]],[[4.98332,60.42943],[4.98181,60.42984],[4.98093,60.43059],[4.98007,60.4323],[4.98241,60.43236]],[[4.93313,60.42853],[4.93277,60.42781],[4.93126,60.42805],[4.93117,60.42766],[4.93559,60.42678],[4.93515,60.42593],[4.93006,60.42704],[4.92829,60.42925],[4.93231,60.42925],[4.93313,60.42853]],[[4.95643,60.43014],[4.9545,60.4298],[4.95356,60.43203],[4.95547,60.43212],[4.95624,60.43178],[4.95679,60.43106],[4.95643,60.43014]],[[4.95825,60.41656],[4.95653,60.41918],[4.95881,60.42051],[4.95844,60.42253],[4.95904,60.423],[4.96084,60.42329],[4.96021,60.42468],[4.95883,60.42376],[4.95716,60.42362],[4.95666,60.42598],[4.958,60.42734],[4.95979,60.42671],[4.96027,60.4277],[4.96227,60.42687],[4.96201,60.42608],[4.96256,60.42574],[4.96324,60.42582],[4.96315,60.42662],[4.96438,60.42685],[4.9648,60.42793],[4.96237,60.43065],[4.96175,60.43292],[4.96413,60.4342]],[[4.94601,60.43335],[4.94409,60.43354],[4.9432,60.43586],[4.94632,60.43529],[4.94454,60.43452],[4.94601,60.43335]],[[4.96413,60.4342],[4.96453,60.4367],[4.96696,60.43778],[4.96796,60.43784]],[[4.92428,60.43291],[4.92222,60.43313],[4.92123,60.43364],[4.92154,60.43462],[4.92286,60.43544],[4.92369,60.43537],[4.92542,60.434],[4.92428,60.43291]],[[4.98469,60.42504],[4.98892,60.42797],[4.98749,60.42939],[4.99034,60.42888],[4.9926,60.43207],[4.99228,60.43339],[4.99095,60.43434],[4.98841,60.43818],[4.98454,60.44065],[4.98568,60.44213],[4.9886,60.44],[4.98921,60.44002],[4.99008,60.44356],[4.99338,60.43939],[4.99276,60.43927],[4.99057,60.44065],[4.98981,60.43977],[4.99001,60.43862],[4.99296,60.43745],[4.99276,60.43851],[4.9935,60.43884],[4.99395,60.43866],[4.9956,60.43532],[4.99782,60.43269],[4.99825,60.42974],[5.0004,60.42684]],[[5.0004,60.42684],[4.99996,60.42449],[4.99911,60.42443],[4.99742,60.42523]],[[4.95274,60.43892],[4.95154,60.43871],[4.95032,60.44014],[4.94951,60.44273],[4.95339,60.44046],[4.95274,60.43892]],[[4.94223,60.44256],[4.94467,60.44168],[4.94496,60.4423],[4.94586,60.44231],[4.94683,60.44164],[4.94653,60.44032],[4.9451,60.43994],[4.94638,60.43819],[4.94556,60.43776],[4.94208,60.43799],[4.93975,60.4425],[4.94134,60.44322],[4.94223,60.44256]],[[4.97729,60.44884],[4.98115,60.44665],[4.98492,60.44318],[4.98201,60.45],[4.98163,60.45363],[4.98187,60.45443],[4.9845,60.45639],[4.98533,60.45798],[4.9866,60.45886],[4.99004,60.45738],[4.99071,60.45664],[4.99163,60.45035],[4.99598,60.44399],[5.00334,60.44056]],[[5.00032,60.42157],[4.99977,60.42011]],[[4.91742,60.45612],[4.92018,60.45431],[4.92162,60.45463],[4.92412,60.45385],[4.92305,60.45319],[4.92117,60.45375],[4.92102,60.45302],[4.92478,60.45124],[4.92511,60.45002],[4.92408,60.44974],[4.92517,60.44804],[4.9249,60.44611],[4.92719,60.44376],[4.92572,60.44333],[4.92457,60.44444],[4.92321,60.44426],[4.92425,60.44101],[4.92175,60.44135],[4.91972,60.44237],[4.91898,60.44217],[4.92131,60.43999],[4.92093,60.43916],[4.92155,60.43764],[4.92044,60.43636],[4.92044,60.43512],[4.91898,60.43456],[4.91882,60.43549],[4.91749,60.43566],[4.91382,60.43804],[4.91288,60.43986],[4.91319,60.44101],[4.91212,60.44252],[4.91135,60.44261],[4.91067,60.44213],[4.90912,60.44244],[4.90938,60.44161],[4.90879,60.44122],[4.91334,60.43683],[4.91157,60.43539],[4.90973,60.43561],[4.91201,60.43418],[4.90946,60.43337],[4.90916,60.43398],[4.90784,60.43377],[4.90515,60.43426],[4.90236,60.43585],[4.90142,60.43706],[4.90185,60.43815],[4.90496,60.4378],[4.90539,60.43805],[4.90223,60.44048],[4.90062,60.43883],[4.89913,60.43853],[4.89844,60.43956],[4.89889,60.44132],[4.90044,60.44265],[4.90175,60.44221],[4.90295,60.4437],[4.90387,60.44414],[4.90518,60.44406],[4.90552,60.44456],[4.90372,60.44575],[4.90393,60.44639],[4.90504,60.4468],[4.90688,60.44656],[4.90721,60.44606],[4.90658,60.44545],[4.90765,60.44525],[4.90848,60.44715],[4.90693,60.44788],[4.90729,60.44867],[4.90978,60.45006],[4.90935,60.45133],[4.90663,60.45188],[4.90684,60.45275],[4.90497,60.45445],[4.90624,60.45592],[4.90752,60.456],[4.9091,60.45504],[4.91145,60.45704],[4.91742,60.45612]]]}}]}