{"type":"FeatureCollection","features":[{"type":"Feature","properties":{},"geometry":{"type":"MultiLineString","coordinates":[[[4.95492,61.08754],[4.95379,61.08978],[4.95452,61.09064],[4.95559,61.09035],[4.95631,61.08954],[4.95612,61.08781],[4.95905,61.08554]],[[4.89208,61.09046],[4.88826,61.08908]],[[5.00035,61.09436],[4.98709,61.09091],[4.98449,61.08983],[4.97999,61.08985],[4.97695,61.08842],[4.9744,61.088],[4.97044,61.08588],[4.96587,61.08514],[4.96336,61.08385],[4.96233,61.08272]],[[4.91212,61.09654],[4.91169,61.09606],[4.91007,61.09629],[4.9106,61.09496],[4.90962,61.0947],[4.90899,61.09534],[4.90964,61.09668],[4.91137,61.09749],[4.91212,61.09654]],[[4.83088,61.08771],[4.83258,61.08834],[4.83196,61.08982],[4.82993,61.0908],[4.83021,61.09202],[4.83085,61.09237],[4.83269,61.09221],[4.83342,61.09083],[4.83414,61.09064],[4.83488,61.09079],[4.83619,61.09237]],[[4.91428,61.09725],[4.91313,61.09697],[4.91239,61.09731],[4.9129,61.09861],[4.91368,61.09889],[4.91444,61.09818],[4.91428,61.09725]],[[4.91499,61.09989],[4.91585,61.09733],[4.91558,61.09568],[4.9175,61.09238]],[[4.91499,61.09989],[4.91337,61.10077],[4.912,61.09966],[4.91203,61.09865],[4.91027,61.09797],[4.90874,61.0983],[4.90744,61.09787]],[[4.79778,61.09307],[4.79533,61.09167],[4.79515,61.09338],[4.79628,61.09518],[4.7956,61.09575],[4.79646,61.09711],[4.79959,61.09448],[4.79925,61.09378],[4.79778,61.09307]],[[4.73108,61.07819],[4.72896,61.07874],[4.72792,61.08019],[4.72778,61.08154],[4.72936,61.08443],[4.73198,61.08556],[4.73355,61.08558],[4.73402,61.08685],[4.73706,61.08988],[4.74062,61.0911],[4.74187,61.09023],[4.7427,61.09022],[4.74285,61.09072],[4.74137,61.09205],[4.74171,61.09287],[4.74278,61.09313],[4.74525,61.09261],[4.74553,61.09189],[4.74431,61.09132],[4.74462,61.09029],[4.74597,61.08967],[4.74573,61.08795],[4.74866,61.08586],[4.74918,61.07958]],[[4.80365,61.09132],[4.80302,61.09107],[4.80226,61.09134],[4.80253,61.09449],[4.80196,61.09535],[4.80249,61.09721],[4.80367,61.09809],[4.80439,61.098],[4.80547,61.09668],[4.80451,61.09558],[4.80601,61.09515],[4.8072,61.09414],[4.80365,61.09132]],[[4.69358,61.08748],[4.69237,61.08736],[4.69186,61.0904],[4.69296,61.09041],[4.69445,61.08947],[4.69358,61.08748]],[[4.89208,61.09046],[4.89482,61.09222],[4.89546,61.09343],[4.89679,61.09291],[4.89839,61.09345],[4.89804,61.09542],[4.89894,61.0964],[4.89907,61.09826],[4.89657,61.10706],[4.89715,61.10821],[4.89951,61.10968],[4.90089,61.10951],[4.90253,61.1074],[4.90337,61.10497],[4.90249,61.1033],[4.90291,61.10197],[4.90472,61.10216],[4.90562,61.09963],[4.90744,61.09787]],[[4.8035,61.10103],[4.80373,61.10015],[4.80148,61.09809],[4.8007,61.09796],[4.79974,61.09834],[4.79972,61.09758],[4.79876,61.09748],[4.79828,61.09809],[4.7994,61.09971],[4.80022,61.10032],[4.80193,61.10049],[4.80143,61.10242],[4.80207,61.10241],[4.8035,61.10103]],[[4.80154,61.08358],[4.8038,61.08689],[4.80615,61.08711],[4.80716,61.08685],[4.80814,61.08642],[4.80871,61.08528],[4.81059,61.08565],[4.8129,61.09097],[4.81234,61.09136],[4.81089,61.09128],[4.81042,61.08985],[4.80906,61.08883],[4.80764,61.08843],[4.80614,61.08853],[4.80657,61.08933],[4.80525,61.09001],[4.80553,61.09191],[4.80685,61.09262],[4.80828,61.09277],[4.80902,61.09349],[4.80793,61.09634],[4.8054,61.09812],[4.80546,61.09892],[4.80642,61.09904],[4.80662,61.09947],[4.80526,61.10029],[4.80497,61.10121],[4.80591,61.10267],[4.80812,61.10341],[4.80942,61.10314],[4.81135,61.10156],[4.81324,61.10148],[4.81486,61.09886],[4.81412,61.09734],[4.81266,61.09801],[4.8126,61.09737],[4.81161,61.09687],[4.81418,61.09287],[4.81571,61.09313],[4.8164,61.09221],[4.81628,61.09171],[4.81475,61.09109],[4.81674,61.08851],[4.81481,61.08459]],[[4.68256,61.08065],[4.68503,61.08052],[4.68589,61.08083],[4.68736,61.08016],[4.68965,61.08009],[4.69008,61.08133],[4.69185,61.08134],[4.69305,61.0803],[4.69504,61.07982],[4.69574,61.08237],[4.69996,61.08255],[4.69778,61.08329],[4.69659,61.08437],[4.69812,61.08753],[4.69776,61.08857],[4.69968,61.08835],[4.70218,61.08942],[4.70185,61.09104],[4.70315,61.09235],[4.70224,61.0964],[4.70316,61.09675],[4.70531,61.09637],[4.70775,61.09399],[4.70713,61.0928],[4.70596,61.09293],[4.70492,61.0924],[4.70604,61.09139],[4.70482,61.09042],[4.70549,61.08876],[4.70504,61.08826],[4.70358,61.08814],[4.70232,61.08743],[4.70175,61.08601],[4.70475,61.08323],[4.70627,61.08292],[4.70491,61.07959],[4.70584,61.07881],[4.70608,61.07669],[4.70665,61.07663],[4.70758,61.07742],[4.7082,61.07643]],[[4.75383,61.07994],[4.75171,61.08203],[4.75269,61.08287],[4.75065,61.08498],[4.75336,61.08702],[4.75314,61.08829],[4.7502,61.08946],[4.75137,61.09136],[4.75503,61.09256],[4.75457,61.09375],[4.75685,61.09539],[4.75606,61.09592],[4.75718,61.09747],[4.75622,61.0983],[4.75313,61.09838],[4.75197,61.09917],[4.75226,61.10006],[4.75423,61.10075],[4.75912,61.10021],[4.76109,61.10178],[4.76271,61.10113],[4.76161,61.09876],[4.76433,61.09856],[4.76511,61.09954],[4.76746,61.10057],[4.76953,61.10065]],[[4.76953,61.10065],[4.77293,61.10116],[4.77471,61.10114],[4.77729,61.10033],[4.78,61.10065],[4.78259,61.09913],[4.78258,61.09822],[4.78381,61.09768],[4.78397,61.09843],[4.7851,61.09882],[4.7841,61.09936],[4.78499,61.10003],[4.78521,61.10256],[4.78672,61.10313],[4.78674,61.10418],[4.78839,61.10603],[4.78998,61.10652],[4.78863,61.104],[4.78866,61.10301],[4.79031,61.1014],[4.78942,61.10039],[4.78982,61.10017],[4.7905,61.10068],[4.79168,61.10065],[4.78996,61.10234],[4.79136,61.10446],[4.79366,61.10584],[4.79512,61.10577],[4.79545,61.10429],[4.79285,61.10242],[4.794,61.10042],[4.7921,61.0997],[4.79256,61.09837],[4.7947,61.0989],[4.79576,61.09776],[4.79516,61.09725],[4.79352,61.09743],[4.7929,61.09674],[4.79166,61.09669],[4.78995,61.09812],[4.78939,61.09641],[4.7931,61.09416],[4.79426,61.09403],[4.79351,61.0912],[4.79199,61.09146],[4.79156,61.09083],[4.79331,61.08943],[4.79334,61.08826],[4.79223,61.08759],[4.79177,61.08645],[4.79272,61.08469],[4.79354,61.08436],[4.79321,61.08362],[4.79379,61.08299]],[[4.80315,61.10637],[4.80122,61.10616],[4.80025,61.10565],[4.79993,61.10514],[4.8011,61.10362],[4.79928,61.10297],[4.79903,61.10223],[4.7976,61.10171],[4.79607,61.1033],[4.79793,61.1057],[4.80159,61.10753],[4.80315,61.10715],[4.80315,61.10637]],[[4.84091,61.10972],[4.83959,61.10938],[4.83725,61.11058],[4.83567,61.1119],[4.83536,61.11307],[4.84024,61.11112],[4.84091,61.10972]],[[4.82618,61.11035],[4.8248,61.11022],[4.82379,61.11117],[4.8229,61.11298],[4.82349,61.11346],[4.82606,61.11112],[4.82618,61.11035]],[[4.78275,61.10865],[4.78188,61.10868],[4.78092,61.10979],[4.78125,61.11048],[4.78329,61.11003],[4.78275,61.10865]],[[4.72701,61.10669],[4.72858,61.10747],[4.72956,61.10578],[4.73023,61.10657],[4.73167,61.10602],[4.73184,61.10695],[4.7328,61.10703],[4.73334,61.10664],[4.73297,61.10572],[4.7345,61.10456],[4.73433,61.10414],[4.73565,61.10425],[4.73606,61.10391],[4.73549,61.10233],[4.73407,61.10285],[4.73081,61.10286],[4.72767,61.10078],[4.72885,61.09855],[4.728,61.09812],[4.72681,61.09606],[4.72574,61.09596],[4.72407,61.09655],[4.7243,61.09782],[4.72178,61.098],[4.72165,61.09929],[4.7234,61.1016],[4.72294,61.10654],[4.72491,61.10755],[4.7264,61.10744],[4.72701,61.10669]],[[4.83508,61.11352],[4.83059,61.11273],[4.83241,61.11559],[4.83363,61.11596],[4.83424,61.1158],[4.83508,61.11352]],[[4.80718,61.11284],[4.80612,61.11227],[4.8051,61.11253],[4.80505,61.11391],[4.80566,61.11434],[4.80794,61.11389],[4.80718,61.11284]],[[4.7913,61.11228],[4.79098,61.11109],[4.79187,61.11098],[4.79226,61.11148],[4.79346,61.11161],[4.79446,61.10966],[4.79406,61.10897],[4.79208,61.10935],[4.79247,61.10864],[4.79074,61.10713],[4.79139,61.10691],[4.79096,61.10668],[4.78855,61.10805],[4.78748,61.11004],[4.78611,61.11108],[4.78633,61.1117],[4.78819,61.11215],[4.78679,61.11312],[4.78736,61.11367],[4.79006,61.11321],[4.7913,61.11228]],[[4.67451,61.10511],[4.67662,61.10464],[4.67514,61.10321]],[[4.67514,61.10321],[4.67317,61.10358],[4.6736,61.10506],[4.67451,61.10511]],[[4.69825,61.10524],[4.70192,61.10476],[4.70005,61.10328],[4.70068,61.10269],[4.70233,61.10348],[4.70569,61.10302],[4.70559,61.10242],[4.70156,61.10228],[4.70384,61.10073],[4.70537,61.10086],[4.70526,61.09986],[4.69894,61.0955],[4.69304,61.09343],[4.69131,61.09151],[4.68696,61.09034],[4.68471,61.09147],[4.68469,61.09263],[4.68337,61.09355],[4.68412,61.09505],[4.68685,61.09664],[4.69099,61.09635],[4.69143,61.09667],[4.68828,61.09813],[4.68699,61.09825],[4.68703,61.09924],[4.68806,61.09957],[4.68754,61.10036],[4.68845,61.10159],[4.68698,61.10176],[4.68763,61.10296],[4.69176,61.10471],[4.69492,61.10766],[4.69579,61.10755],[4.69825,61.10524]],[[4.67429,61.10579],[4.67402,61.10661]],[[4.6857,61.10335],[4.68486,61.10342],[4.68674,61.10582],[4.69116,61.10876],[4.69183,61.1088],[4.69251,61.10802],[4.6857,61.10335]],[[4.67402,61.10661],[4.67697,61.10845],[4.67975,61.10843],[4.68052,61.10808],[4.67869,61.10656],[4.67429,61.10579]],[[4.81774,61.11087],[4.81856,61.10964],[4.82009,61.10894],[4.82326,61.10588],[4.82569,61.10144],[4.82548,61.09938],[4.82322,61.09965],[4.82261,61.10106],[4.82165,61.10109],[4.82048,61.10038],[4.81842,61.10064],[4.81205,61.10647],[4.81307,61.10867],[4.81222,61.10944],[4.81253,61.11073],[4.80976,61.11303],[4.80922,61.11397],[4.80996,61.11481],[4.80858,61.11606],[4.81103,61.11887],[4.81221,61.11864],[4.81295,61.1172],[4.81784,61.11619],[4.81988,61.11408],[4.81774,61.11087]],[[4.94825,61.12882],[4.94907,61.12675],[4.95139,61.12535],[4.95534,61.12468],[4.95742,61.12542],[4.95679,61.12711],[4.9531,61.12762],[4.95292,61.13013],[4.95127,61.13049]],[[4.6945,61.10995],[4.69302,61.11006],[4.69255,61.11066],[4.69046,61.11121],[4.69118,61.11217],[4.69293,61.1122],[4.69534,61.11113],[4.6959,61.11039],[4.6945,61.10995]],[[4.94688,61.13091],[4.94487,61.13285],[4.94536,61.13566]],[[4.75164,61.11251],[4.74889,61.11214],[4.7487,61.11331],[4.75094,61.11563],[4.75239,61.11589],[4.75164,61.11251]],[[4.82256,61.11504],[4.82189,61.11478],[4.82011,61.11535],[4.81809,61.11931],[4.81856,61.12146],[4.82022,61.12197],[4.82167,61.12109],[4.82256,61.11504]],[[4.77397,61.1191],[4.77233,61.11925],[4.77158,61.12034],[4.773,61.12042],[4.77397,61.1191]],[[4.76389,61.11793],[4.76014,61.11718],[4.75904,61.11818],[4.75897,61.11973],[4.76308,61.12038]],[[4.76308,61.12038],[4.76564,61.12062],[4.76745,61.1185],[4.76389,61.11793]],[[4.73282,61.11592],[4.73234,61.11574],[4.73149,61.11613],[4.73215,61.11795],[4.73474,61.12015],[4.73603,61.12043],[4.73586,61.11863],[4.73282,61.11592]],[[4.70019,61.11512],[4.69822,61.11374],[4.69646,61.11326],[4.69511,61.11462],[4.69569,61.11497],[4.69693,61.11492],[4.69607,61.11647],[4.69697,61.11744],[4.69947,61.11718],[4.70083,61.1164],[4.70019,61.11512]],[[4.69993,61.11913],[4.6991,61.11908],[4.69818,61.11975],[4.69959,61.12044],[4.70125,61.1201],[4.69993,61.11913]],[[4.79226,61.12553],[4.79457,61.12503],[4.79608,61.12535],[4.79828,61.12513],[4.79952,61.12424],[4.80033,61.12239],[4.79936,61.11829],[4.80101,61.11741],[4.80161,61.11435],[4.80312,61.11304],[4.80317,61.11088],[4.79992,61.11224],[4.79854,61.11388],[4.79687,61.11296],[4.79553,61.11296],[4.79487,61.11332],[4.79541,61.11416],[4.79494,61.11438],[4.79276,61.11306],[4.79117,61.11322],[4.78676,61.1154],[4.78554,61.11653],[4.78669,61.1196],[4.78504,61.12085],[4.7855,61.12179],[4.78367,61.1232],[4.7844,61.12403],[4.79226,61.12553]],[[4.71765,61.11913],[4.72082,61.11731],[4.72377,61.11646],[4.72578,61.11423],[4.72546,61.11273],[4.72684,61.11303],[4.72749,61.11401],[4.73011,61.11418],[4.73123,61.11119],[4.73434,61.11155],[4.73554,61.11028],[4.73123,61.11003],[4.73086,61.10798],[4.72872,61.10851],[4.7271,61.10833],[4.72493,61.10888],[4.72505,61.11112],[4.72426,61.11195],[4.72067,61.10931],[4.71581,61.10677],[4.71209,61.1093],[4.71018,61.10884],[4.713,61.10748],[4.71364,61.10609],[4.71136,61.10565],[4.7099,61.10673],[4.70911,61.10578],[4.70437,61.1084],[4.70364,61.11022],[4.70552,61.11043],[4.70294,61.11195],[4.70292,61.11286],[4.70566,61.11404],[4.70704,61.11415],[4.70505,61.11537],[4.70916,61.11834],[4.7117,61.11892],[4.71488,61.11794],[4.71574,61.1183],[4.71512,61.11911],[4.71572,61.11985],[4.71765,61.11913]],[[4.70365,61.11823],[4.70246,61.11782],[4.70148,61.11839],[4.70167,61.11966],[4.7026,61.12007],[4.70438,61.11998],[4.70467,61.11945],[4.70365,61.11823]],[[4.73276,61.1236],[4.73401,61.12326],[4.73416,61.1224],[4.72909,61.11702],[4.72265,61.11899],[4.72036,61.11905],[4.71835,61.11981],[4.71879,61.12205],[4.71996,61.12262]],[[4.77981,61.1272],[4.77981,61.12644],[4.77725,61.12622],[4.77687,61.12531],[4.77468,61.12681]],[[4.78696,61.12775],[4.78771,61.12629],[4.78647,61.12602],[4.78464,61.1265],[4.78411,61.12751],[4.78325,61.12667],[4.78144,61.12628],[4.78144,61.12733]],[[4.81926,61.13021],[4.8173,61.12906],[4.81653,61.12782],[4.81708,61.1276],[4.81859,61.12823],[4.81934,61.12713],[4.81902,61.12522],[4.81735,61.12594],[4.8159,61.12392],[4.81751,61.12332],[4.81658,61.11943],[4.81522,61.11957],[4.81345,61.12054],[4.81545,61.12244],[4.8151,61.12322],[4.81305,61.12174],[4.80931,61.12027],[4.8089,61.11961],[4.80638,61.11851],[4.8055,61.12181],[4.80338,61.1246],[4.80394,61.12717],[4.80563,61.12821],[4.80587,61.12919]],[[4.83109,61.13111],[4.82992,61.13022],[4.82977,61.12921],[4.83141,61.12687],[4.83071,61.12421],[4.83228,61.12311],[4.83218,61.12183],[4.83101,61.12172],[4.83038,61.12351],[4.82836,61.12534],[4.82702,61.12587],[4.8264,61.12484],[4.82495,61.12447],[4.82461,61.12252],[4.82591,61.12084],[4.82559,61.11626],[4.8264,61.11538],[4.82888,61.11509],[4.82937,61.11451],[4.82842,61.11299],[4.82892,61.11191],[4.82986,61.11172],[4.83113,61.10975],[4.83282,61.10878],[4.83117,61.10717],[4.83273,61.10508],[4.83287,61.10379],[4.83102,61.1024],[4.83149,61.10103],[4.83411,61.09988],[4.83445,61.09933],[4.83402,61.09846],[4.83171,61.09738],[4.83076,61.0958],[4.83618,61.0928],[4.83619,61.09237]],[[4.90703,61.13685],[4.90643,61.13536],[4.90796,61.13422],[4.90703,61.13184],[4.90805,61.13072],[4.90884,61.13038],[4.9099,61.13055],[4.91072,61.12986],[4.91168,61.12876],[4.91133,61.12738],[4.91324,61.1255],[4.91312,61.12366],[4.91078,61.12273],[4.91033,61.12071],[4.91133,61.12015],[4.9136,61.12007],[4.91494,61.11945],[4.91195,61.11584],[4.91223,61.11454],[4.91585,61.11091],[4.91418,61.10973],[4.91246,61.11089],[4.90911,61.11707],[4.90727,61.11906],[4.9076,61.12115],[4.90694,61.12326],[4.90474,61.12405],[4.90545,61.12547],[4.90706,61.12498],[4.90655,61.1265],[4.90521,61.12754],[4.90447,61.12687],[4.90322,61.12706],[4.90008,61.12955],[4.90025,61.13152],[4.89849,61.13293],[4.89898,61.13489],[4.89817,61.13619]],[[4.91405,61.13738],[4.91319,61.1369],[4.91218,61.13724]],[[4.95111,61.14017],[4.9503,61.13977],[4.9523,61.13496],[4.9517,61.13469],[4.95067,61.13539],[4.94983,61.1353],[4.94952,61.13259],[4.95002,61.13112],[4.95127,61.13049]],[[4.95663,61.14058],[4.95571,61.14004],[4.95394,61.14038]],[[4.95111,61.14017],[4.95394,61.14038]],[[4.77981,61.1272],[4.781,61.12764],[4.78144,61.12733]],[[4.90703,61.13685],[4.90874,61.13737],[4.91106,61.13731],[4.90865,61.13823],[4.90883,61.13863],[4.91002,61.13851],[4.90962,61.13928],[4.912,61.13883],[4.91283,61.13812],[4.91218,61.13724]],[[4.90276,61.13731],[4.90162,61.13713],[4.90112,61.13763],[4.90098,61.13924],[4.90156,61.1395],[4.90338,61.13827],[4.90359,61.13764],[4.90276,61.13731]],[[4.70564,61.12342],[4.70435,61.1231],[4.70492,61.12522],[4.70658,61.1246],[4.70564,61.12342]],[[4.89565,61.14023],[4.89722,61.13884],[4.89817,61.13619]],[[4.71996,61.12262],[4.72715,61.12786],[4.7322,61.12515],[4.73276,61.1236]],[[4.73889,61.12602],[4.73817,61.1251],[4.73741,61.12558],[4.73376,61.12499],[4.73395,61.12549],[4.73629,61.1265],[4.73515,61.12796],[4.73551,61.12896],[4.73754,61.12912],[4.73976,61.12783],[4.73889,61.12602]],[[4.72247,61.12913],[4.72383,61.12951],[4.72563,61.1291],[4.72501,61.12747],[4.71445,61.12355],[4.71311,61.12358],[4.71395,61.12463],[4.71128,61.12434],[4.71079,61.12544],[4.71177,61.12674],[4.71463,61.12791],[4.71656,61.12994],[4.71951,61.13044],[4.72247,61.12913]],[[4.82274,61.13653],[4.82214,61.13641],[4.82096,61.13703],[4.82069,61.13818],[4.8213,61.13851],[4.82247,61.13766],[4.82274,61.13653]],[[4.8925,61.14312],[4.89125,61.14331],[4.89024,61.14402],[4.89131,61.14542],[4.89195,61.14405],[4.89287,61.14381],[4.8925,61.14312]],[[4.72768,61.13182],[4.72675,61.1316],[4.72584,61.13232],[4.72624,61.13311],[4.72508,61.13348],[4.72624,61.13393],[4.72757,61.13323],[4.72768,61.13182]],[[4.77347,61.13607],[4.77025,61.13568],[4.76908,61.13693],[4.76966,61.13731],[4.7723,61.13727],[4.77347,61.13607]],[[4.94049,61.15173],[4.94156,61.15086],[4.94276,61.14721],[4.94419,61.14518],[4.946,61.13978]],[[4.89655,61.1461],[4.89455,61.14612],[4.89345,61.14717],[4.8931,61.14873],[4.8936,61.14904],[4.896,61.14893],[4.89727,61.14835],[4.89655,61.1461]],[[4.88533,61.15035],[4.88488,61.14929],[4.88601,61.14659],[4.88669,61.14663],[4.88692,61.14816],[4.88781,61.14882],[4.89006,61.14799],[4.89149,61.14632],[4.89247,61.14635],[4.89367,61.14577],[4.89354,61.14449],[4.89522,61.14335],[4.89476,61.14047],[4.89565,61.14023]],[[4.80587,61.12919],[4.80459,61.13101],[4.80304,61.13126],[4.80212,61.13283],[4.79876,61.1354],[4.79644,61.13826],[4.79548,61.14047],[4.79759,61.14191],[4.79696,61.1425],[4.79506,61.14299],[4.79555,61.14363],[4.79404,61.14453],[4.7958,61.14537],[4.8042,61.14274],[4.80602,61.1413],[4.80912,61.14006],[4.81577,61.13909],[4.81714,61.13799],[4.818,61.13504],[4.82021,61.13324],[4.82019,61.13127],[4.81926,61.13021]],[[4.89572,61.15035],[4.89483,61.15018],[4.89278,61.15111],[4.89448,61.15285],[4.89552,61.15207],[4.89493,61.15151],[4.89572,61.15035]],[[4.82145,61.14675],[4.8226,61.14544],[4.8221,61.14357],[4.8192,61.14248],[4.81748,61.14342],[4.8144,61.14658],[4.81507,61.14692],[4.8163,61.14638],[4.81704,61.14651],[4.81743,61.14984],[4.8191,61.14997],[4.82014,61.14945],[4.82145,61.14675]],[[4.80671,61.14862],[4.80779,61.14842],[4.80876,61.14893],[4.81063,61.14836],[4.814,61.14573],[4.81596,61.14335],[4.81984,61.14082],[4.82064,61.13951],[4.81736,61.1413],[4.81643,61.14084],[4.81712,61.13975],[4.81593,61.13955],[4.81213,61.1413],[4.80931,61.14161],[4.80672,61.14255],[4.80292,61.1457],[4.80328,61.14614],[4.8041,61.14612],[4.80716,61.14427],[4.80937,61.14467],[4.81014,61.14525],[4.80843,61.14731],[4.80474,61.14852],[4.80432,61.14922],[4.80518,61.14951],[4.80671,61.14862]],[[4.79616,61.14955],[4.79764,61.14816],[4.79949,61.14757],[4.79999,61.14549],[4.79867,61.14564],[4.79784,61.14664],[4.79717,61.14635],[4.79559,61.14661],[4.79425,61.1487],[4.79268,61.14845],[4.79244,61.1492],[4.7933,61.14974],[4.79616,61.14955]],[[4.80752,61.14981],[4.80674,61.14964],[4.80481,61.15027],[4.80634,61.15122],[4.80776,61.15033],[4.80752,61.14981]],[[4.77468,61.12681],[4.77291,61.12804],[4.77117,61.12858],[4.76664,61.12874],[4.76565,61.12813],[4.76611,61.12737],[4.76482,61.12745],[4.76431,61.12814],[4.76346,61.12803],[4.76299,61.12734],[4.76444,61.12632],[4.7618,61.12617],[4.76129,61.12661],[4.76171,61.12785],[4.76266,61.12845],[4.76087,61.12913],[4.76218,61.12992],[4.76123,61.13113],[4.7613,61.1326],[4.76274,61.13269],[4.76405,61.13227],[4.76651,61.13043],[4.76598,61.13171],[4.76661,61.13257],[4.76842,61.13234],[4.76952,61.13133],[4.77104,61.13147],[4.77144,61.13217],[4.77023,61.13333],[4.77061,61.13434],[4.77587,61.13439],[4.78097,61.13509],[4.77874,61.13776],[4.77839,61.13875],[4.77891,61.13925],[4.78071,61.13904],[4.78186,61.13978],[4.78319,61.13998],[4.78516,61.13943],[4.78648,61.13856],[4.78709,61.13863],[4.78752,61.14106],[4.786,61.14237],[4.78517,61.14253],[4.78461,61.14173],[4.78216,61.14097],[4.78058,61.14109],[4.77905,61.14192],[4.77988,61.14288],[4.78282,61.14391],[4.78101,61.145],[4.78035,61.14449],[4.77787,61.14379],[4.77643,61.14382],[4.77503,61.14314],[4.76963,61.14333],[4.77001,61.14392],[4.77503,61.14453],[4.77362,61.14569],[4.7746,61.14661],[4.77271,61.14712],[4.77328,61.14864],[4.77429,61.14884],[4.77692,61.14775],[4.7782,61.1481],[4.78172,61.14737],[4.78473,61.1463],[4.78444,61.14591],[4.78795,61.14553],[4.79152,61.14063],[4.79199,61.138],[4.79038,61.13756],[4.79013,61.13706],[4.79166,61.13538],[4.79182,61.13395],[4.78965,61.13405],[4.78865,61.13486],[4.7872,61.13422],[4.78983,61.13242],[4.79075,61.13289],[4.79193,61.13264],[4.79344,61.13056],[4.79184,61.1298],[4.79062,61.13016],[4.78696,61.12775]],[[4.80371,61.14993],[4.80231,61.14968],[4.80064,61.15067],[4.80379,61.15106],[4.80458,61.15069],[4.80371,61.14993]],[[4.80258,61.15292],[4.80366,61.15222],[4.80029,61.15167],[4.79572,61.15217],[4.79477,61.15262],[4.79515,61.15288],[4.79804,61.15257],[4.79973,61.15354],[4.80258,61.15292]],[[4.93628,61.16388],[4.9404,61.158],[4.94081,61.15551],[4.93929,61.15454]],[[4.78078,61.15225],[4.78207,61.15207],[4.78224,61.1527],[4.78388,61.15286],[4.78645,61.15147],[4.78645,61.15073],[4.78519,61.15062],[4.7841,61.15123],[4.77986,61.15127],[4.77824,61.15241],[4.77887,61.15267],[4.78078,61.15225]],[[4.77416,61.15266],[4.77617,61.15266],[4.77716,61.15206],[4.7727,61.15192],[4.7693,61.15278],[4.77319,61.15306],[4.77416,61.15266]],[[4.8195,61.15871],[4.81894,61.15834],[4.81771,61.15837],[4.81611,61.15902],[4.81618,61.15956],[4.81853,61.15947],[4.8195,61.15871]],[[4.93628,61.16388],[4.93365,61.1652],[4.93457,61.16653],[4.93326,61.16926],[4.93416,61.17048]],[[4.71877,61.1547],[4.71662,61.15469],[4.71557,61.15543],[4.71586,61.15574],[4.71801,61.15577],[4.71902,61.15518],[4.71877,61.1547]],[[4.83109,61.13111],[4.83124,61.13151],[4.82935,61.13217],[4.82904,61.13304],[4.82633,61.13506],[4.82705,61.13596],[4.82853,61.13592],[4.82918,61.13832],[4.83241,61.14017],[4.83252,61.14114],[4.83128,61.14219],[4.83223,61.14481],[4.82967,61.14377],[4.82955,61.14],[4.82831,61.13847],[4.82627,61.13902],[4.82395,61.14194],[4.82415,61.14794],[4.82684,61.14758],[4.82729,61.14963],[4.82494,61.14977],[4.82365,61.14913],[4.82228,61.14938],[4.82032,61.15303],[4.81909,61.15262],[4.81984,61.15103],[4.81716,61.15053],[4.81546,61.15091],[4.81346,61.1521],[4.81273,61.15426],[4.81097,61.15348],[4.81054,61.15153],[4.80923,61.15124],[4.80845,61.15215],[4.80653,61.15279],[4.80604,61.15418],[4.80512,61.15478],[4.80974,61.15598],[4.8094,61.15621],[4.80657,61.15606],[4.80643,61.15636],[4.81013,61.15707],[4.8132,61.15612],[4.81618,61.15445],[4.81707,61.15485],[4.81912,61.15443],[4.81647,61.15726],[4.82064,61.15836],[4.82031,61.15916],[4.81883,61.15999],[4.8192,61.16035],[4.8228,61.16032],[4.82332,61.1611],[4.82451,61.16147],[4.82617,61.16105],[4.82828,61.16292],[4.8327,61.16161],[4.83331,61.16298],[4.83432,61.1634],[4.8358,61.16271],[4.8369,61.16129],[4.83989,61.16069],[4.8386,61.16189],[4.8406,61.16248],[4.84024,61.16318],[4.83768,61.1628],[4.83488,61.16441],[4.83614,61.16468],[4.83789,61.16388],[4.83774,61.16493],[4.83857,61.16531],[4.83962,61.16468],[4.84237,61.16451]],[[4.89159,61.1705],[4.89133,61.16729],[4.89367,61.1651],[4.89355,61.16413],[4.89739,61.16174],[4.89384,61.16052],[4.89462,61.15671],[4.89598,61.15556],[4.89902,61.15454],[4.90093,61.15323],[4.90137,61.15227],[4.90578,61.15285],[4.90625,61.15257],[4.90386,61.15167],[4.90332,61.15025],[4.89908,61.14974],[4.89851,61.14775],[4.90172,61.14583],[4.90843,61.14366],[4.9112,61.14413],[4.9121,61.1428],[4.9085,61.14283],[4.90692,61.14238],[4.90576,61.13976],[4.90767,61.13881],[4.90983,61.13954],[4.91039,61.14026],[4.91318,61.13986],[4.91455,61.13893],[4.91405,61.13738]],[[4.89159,61.1705],[4.89277,61.17196]],[[4.71571,61.15746],[4.71332,61.15696],[4.71279,61.15753],[4.71313,61.15875],[4.71408,61.15878],[4.71571,61.15746]],[[4.99615,61.18148],[4.99617,61.18087],[4.99964,61.17954],[5.00067,61.17872]],[[5.00067,61.17872],[4.99828,61.17652],[4.99477,61.17622],[4.99534,61.17373],[5.0002,61.17231]],[[4.66467,61.15481],[4.66374,61.15494],[4.66315,61.15603],[4.66313,61.15657],[4.66403,61.15682],[4.6656,61.1558],[4.66467,61.15481]],[[4.65827,61.1543],[4.65719,61.15362],[4.65614,61.15393],[4.65487,61.15653],[4.65654,61.1569],[4.65772,61.15594]],[[4.93135,61.1792],[4.93491,61.17846],[4.93632,61.17721],[4.93629,61.17662],[4.93497,61.17681],[4.93458,61.17634],[4.93517,61.17482],[4.93761,61.17271],[4.93789,61.17187],[4.93686,61.1711],[4.93493,61.17103],[4.93416,61.17048]],[[4.65737,61.15702],[4.65684,61.1586]],[[4.65684,61.1586],[4.65836,61.15821],[4.66056,61.15605],[4.66207,61.15543],[4.6626,61.15364],[4.66155,61.15377],[4.66053,61.15472],[4.66058,61.15596],[4.65926,61.156],[4.65737,61.15702]],[[4.98486,61.18309],[4.9847,61.18417],[4.98603,61.18395],[4.98661,61.18339],[4.98324,61.18067],[4.98544,61.17926],[4.98445,61.17865],[4.98247,61.17911]],[[4.99093,61.1861],[4.99257,61.18621],[4.99311,61.18541],[4.99016,61.18499]],[[4.84237,61.16451],[4.844,61.16481],[4.84544,61.16443],[4.84877,61.16246],[4.85044,61.16001],[4.85047,61.15735],[4.85199,61.15692],[4.8526,61.15627],[4.85147,61.15546],[4.8517,61.15507],[4.85286,61.15481],[4.85414,61.15365],[4.85545,61.15071],[4.85654,61.15061],[4.85869,61.14931],[4.86049,61.14672],[4.86137,61.14644],[4.86123,61.14859],[4.86354,61.14905],[4.86296,61.14976],[4.85846,61.15183],[4.85729,61.15367],[4.8578,61.15504],[4.85868,61.15551],[4.85737,61.15631],[4.85627,61.15853],[4.85449,61.15966],[4.85449,61.16152],[4.855,61.16194],[4.85634,61.16197],[4.85561,61.16364],[4.85869,61.16423],[4.85841,61.16528],[4.85952,61.16581],[4.86153,61.16475],[4.86222,61.16294],[4.8633,61.16174],[4.86444,61.16136],[4.86261,61.16561],[4.86321,61.16586],[4.86533,61.16534],[4.86582,61.16554],[4.86261,61.16726],[4.86111,61.17],[4.86206,61.17051],[4.85996,61.17208],[4.86016,61.17296],[4.85869,61.17408],[4.85946,61.17466],[4.85774,61.17512],[4.85871,61.17678],[4.85943,61.17693],[4.86291,61.17656],[4.8652,61.17581],[4.86827,61.17603],[4.8696,61.17571],[4.87081,61.17516],[4.87142,61.17388],[4.87543,61.1725],[4.88103,61.16887],[4.88212,61.16754],[4.88205,61.16641],[4.88356,61.16641],[4.88411,61.1672],[4.88502,61.16724],[4.88673,61.16603],[4.887,61.16519],[4.88629,61.16482],[4.88787,61.16341],[4.88869,61.16076],[4.8886,61.15958],[4.88702,61.15787],[4.88861,61.15395],[4.88747,61.15108],[4.88533,61.15035]],[[4.94536,61.18167],[4.9446,61.18132],[4.9432,61.18225],[4.94278,61.18356],[4.9433,61.18384],[4.94488,61.18299],[4.94536,61.18167]],[[4.71999,61.1679],[4.72106,61.16753],[4.72039,61.16715],[4.71578,61.16723],[4.71533,61.16754]],[[4.85755,61.17839],[4.8556,61.17606],[4.85422,61.17674],[4.85437,61.17748],[4.85333,61.17807]],[[4.88133,61.18018],[4.88018,61.17939],[4.88264,61.17639],[4.88423,61.17083],[4.88369,61.16987],[4.87949,61.17116],[4.87389,61.17495],[4.86982,61.17638],[4.86738,61.17847],[4.8662,61.17844],[4.86488,61.17894]],[[4.89881,61.1815],[4.90279,61.17786],[4.90095,61.17703],[4.8981,61.17688],[4.89558,61.17421],[4.8952,61.17279],[4.89359,61.17271],[4.89277,61.17196]],[[4.92612,61.18356],[4.92727,61.18235],[4.92628,61.17999],[4.92941,61.18032],[4.9302,61.17906],[4.93135,61.1792]],[[4.94427,61.18492],[4.94792,61.18293],[4.94734,61.18248],[4.94583,61.18277],[4.94646,61.18067],[4.94501,61.17954],[4.94517,61.17848],[4.94869,61.17689],[4.95089,61.17692],[4.95125,61.17543],[4.95486,61.17353],[4.95393,61.17338],[4.95204,61.17383],[4.95079,61.17469],[4.9498,61.17471],[4.95058,61.17352],[4.95298,61.17244],[4.9529,61.16959],[4.95195,61.16945],[4.94918,61.17176],[4.94792,61.17198],[4.94686,61.16942],[4.94799,61.16768],[4.94603,61.16585],[4.9477,61.16445],[4.94602,61.16233],[4.94616,61.1616],[4.95058,61.15793],[4.95092,61.15692],[4.95365,61.15424],[4.9516,61.15287],[4.95034,61.15272],[4.95065,61.15126],[4.94857,61.15098],[4.94902,61.1496],[4.94825,61.14863],[4.94838,61.14751],[4.95219,61.14624],[4.95292,61.14635],[4.95296,61.14725],[4.95397,61.14723],[4.95409,61.14613],[4.95246,61.1445],[4.95255,61.1435],[4.95625,61.14138],[4.95663,61.14058]],[[4.957,61.18587],[4.95817,61.18474],[4.9573,61.18386],[4.9576,61.18296],[4.95816,61.18235],[4.95943,61.18209],[4.95994,61.18105],[4.95878,61.17707],[4.96139,61.17719],[4.96307,61.17582],[4.96501,61.1764],[4.96711,61.17644],[4.97402,61.17262],[4.97495,61.17311],[4.97365,61.17521],[4.97738,61.17503],[4.97696,61.17564],[4.97464,61.17658],[4.9743,61.17871],[4.9721,61.18023],[4.97196,61.18095],[4.9728,61.18141],[4.97483,61.18159],[4.97889,61.18073],[4.98247,61.17911]],[[4.96439,61.18643],[4.97028,61.18404],[4.97454,61.18298],[4.97651,61.18315],[4.97926,61.18197],[4.9817,61.18143],[4.98274,61.18171],[4.98205,61.18319],[4.98486,61.18309]],[[4.99861,61.18898],[4.99719,61.18854],[4.99756,61.1874],[4.99439,61.18738],[4.99214,61.18696],[4.99222,61.18645],[4.99852,61.18505],[4.99615,61.18148]],[[5.00228,61.18885],[4.99876,61.189]],[[4.85333,61.17807],[4.8531,61.17991],[4.85524,61.18055],[4.85719,61.1794],[4.85755,61.17839]],[[4.71533,61.16754],[4.71628,61.16806],[4.71654,61.169],[4.71297,61.16805],[4.71182,61.16861],[4.71395,61.17014],[4.71369,61.1712],[4.71441,61.17154],[4.71922,61.16909],[4.71999,61.1679]],[[4.92612,61.18356],[4.92608,61.18402],[4.92774,61.1845],[4.92793,61.18581],[4.92543,61.18736],[4.92848,61.18812]],[[4.94427,61.18492],[4.94382,61.18548],[4.9443,61.18652],[4.94326,61.18777],[4.94343,61.18838],[4.94462,61.18893],[4.9444,61.19006],[4.94516,61.19108],[4.94695,61.18985],[4.94883,61.19055],[4.95283,61.18902],[4.957,61.18587]],[[4.70449,61.17396],[4.70311,61.17368],[4.70271,61.17418],[4.70446,61.17631],[4.70449,61.17396]],[[4.6896,61.17464],[4.68863,61.17466],[4.68805,61.1756],[4.68831,61.17621],[4.68974,61.1766],[4.69052,61.17644],[4.69126,61.17536],[4.6896,61.17464]],[[4.87238,61.18945],[4.87036,61.18953],[4.86735,61.19167],[4.87203,61.19011],[4.87238,61.18945]],[[4.65007,61.17296],[4.6476,61.17271],[4.647,61.17329],[4.64876,61.17518],[4.65076,61.17379],[4.65007,61.17296]],[[4.86488,61.17894],[4.86044,61.18025],[4.85625,61.18258],[4.85622,61.18308],[4.85745,61.18368],[4.85747,61.18603],[4.85844,61.18657],[4.85789,61.18767],[4.85887,61.18863],[4.85713,61.19052],[4.85799,61.19172],[4.86268,61.18969],[4.86511,61.18954],[4.87193,61.18696],[4.87727,61.18547],[4.88087,61.18197],[4.88133,61.18018]],[[4.70017,61.17902],[4.70136,61.17797],[4.701,61.17724],[4.70207,61.17536],[4.70067,61.17319],[4.69879,61.17302],[4.69851,61.17231],[4.69678,61.17134],[4.69502,61.17166],[4.69347,61.17297],[4.69281,61.17283],[4.69296,61.17196],[4.69021,61.17209],[4.69021,61.17345],[4.69118,61.17415],[4.69215,61.17421],[4.69543,61.17721],[4.69489,61.17832],[4.69233,61.17703],[4.6915,61.17756],[4.6919,61.17825],[4.69366,61.17851],[4.69328,61.18081],[4.69472,61.18112],[4.69578,61.18091],[4.70017,61.17902]],[[4.80656,61.18708],[4.80278,61.18663],[4.80079,61.18746],[4.80151,61.18852],[4.80316,61.18874],[4.80361,61.19032],[4.8045,61.19053],[4.80492,61.19155],[4.80728,61.18754],[4.80656,61.18708]],[[4.78601,61.19206],[4.78874,61.19145],[4.78919,61.19096],[4.78846,61.19028],[4.78383,61.18967],[4.77978,61.19028],[4.77997,61.19125],[4.78182,61.19174],[4.78601,61.19206]],[[4.96439,61.18643],[4.96271,61.18687],[4.95644,61.19029],[4.95614,61.19218],[4.95481,61.19269],[4.95418,61.1939],[4.95406,61.19472],[4.95503,61.19551],[4.95249,61.19613],[4.95028,61.19806],[4.95062,61.20244],[4.95402,61.20481],[4.95462,61.20577],[4.95775,61.20572],[4.95812,61.20617],[4.95983,61.2065],[4.97044,61.20537],[4.97539,61.20357],[4.98315,61.2018],[4.99156,61.20138],[4.99911,61.19986],[5.00091,61.19835]],[[4.81914,61.19359],[4.81807,61.19342],[4.81692,61.19417],[4.81814,61.19618],[4.81923,61.19587],[4.81974,61.19477],[4.81914,61.19359]],[[4.79292,61.19299],[4.79248,61.19264],[4.79064,61.19278],[4.79148,61.19426],[4.79269,61.19367],[4.79292,61.19299]],[[4.80953,61.19522],[4.80811,61.19556],[4.80769,61.19663],[4.8098,61.19661],[4.80953,61.19522]],[[4.87044,61.19949],[4.87286,61.19805],[4.87643,61.19402],[4.87622,61.19366],[4.87454,61.19347],[4.87541,61.19164],[4.87355,61.19058],[4.87141,61.19164],[4.87107,61.19308],[4.86832,61.19482],[4.86663,61.19694],[4.86386,61.19773],[4.86202,61.19942],[4.86198,61.20021],[4.86237,61.20062],[4.86326,61.20052],[4.86782,61.19801],[4.86771,61.19877],[4.86402,61.20054],[4.86391,61.20117],[4.86572,61.20116],[4.87044,61.19949]],[[4.81932,61.19757],[4.81872,61.19733],[4.81639,61.19813],[4.81525,61.19904],[4.81726,61.19932],[4.81932,61.19757]],[[4.92223,61.20749],[4.924,61.20583],[4.92674,61.20575],[4.92943,61.20488],[4.93294,61.20095],[4.93345,61.19865],[4.93483,61.19779],[4.93615,61.19829],[4.93708,61.198],[4.93817,61.19656],[4.93727,61.19484],[4.93559,61.19454],[4.93457,61.19255],[4.93165,61.19145],[4.93177,61.18996],[4.92848,61.18812]],[[4.6929,61.19046],[4.69265,61.18927],[4.69113,61.1888],[4.69075,61.18753],[4.68971,61.18726],[4.68883,61.18793],[4.6894,61.1886],[4.69099,61.18894],[4.68979,61.18986],[4.69033,61.19025],[4.69183,61.19017],[4.69236,61.19069],[4.6929,61.19046]],[[4.83036,61.20141],[4.83092,61.20189],[4.83215,61.20138],[4.83203,61.19983],[4.83103,61.19935]],[[4.80384,61.19716],[4.80708,61.19538],[4.80741,61.19469],[4.80905,61.19428],[4.81249,61.19244],[4.81256,61.19042],[4.81149,61.19065],[4.81071,61.19035],[4.80971,61.19116],[4.80748,61.1913],[4.80689,61.19259],[4.80565,61.19278],[4.80418,61.19373],[4.80355,61.19505],[4.80204,61.19493],[4.80298,61.19387],[4.80185,61.19262],[4.80155,61.19077],[4.80012,61.19075],[4.79928,61.19128],[4.79901,61.19214],[4.8002,61.19222],[4.7999,61.19269],[4.79861,61.19221],[4.79775,61.19236],[4.79842,61.1945],[4.79799,61.19662],[4.79952,61.19686],[4.79964,61.19805],[4.80063,61.19841],[4.80384,61.19716]],[[4.83103,61.19935],[4.82983,61.2001],[4.83036,61.20141]],[[4.93131,61.20587],[4.92939,61.20567],[4.92857,61.20597],[4.92794,61.20722],[4.92589,61.20817],[4.92616,61.20877],[4.92888,61.20846],[4.93124,61.20707],[4.93131,61.20587]],[[4.8228,61.20049],[4.82132,61.20039],[4.82046,61.20175],[4.82193,61.20234],[4.82308,61.20224],[4.82351,61.20149],[4.8228,61.20049]],[[4.83256,61.20237],[4.83082,61.20336],[4.83057,61.20483]],[[4.82929,61.20468],[4.8292,61.20498]],[[4.74689,61.1966],[4.74823,61.19548],[4.74688,61.19528],[4.74508,61.19576],[4.7431,61.19483],[4.74171,61.19479],[4.74096,61.19513],[4.74265,61.19884],[4.74426,61.19876],[4.74473,61.1983],[4.74367,61.19688],[4.74689,61.1966]],[[4.79434,61.20003],[4.79221,61.19991],[4.79088,61.20041],[4.79003,61.20177],[4.79047,61.20268],[4.7926,61.20221],[4.79386,61.20143],[4.79434,61.20003]],[[4.76145,61.19709],[4.76213,61.19822],[4.76519,61.19727],[4.76406,61.19838],[4.76512,61.19929],[4.769,61.19883],[4.771,61.19696],[4.7704,61.19583],[4.77065,61.1941],[4.76888,61.19452],[4.76702,61.19384],[4.76414,61.19495],[4.76424,61.19638],[4.76032,61.19685],[4.75915,61.19826],[4.75726,61.19884],[4.7566,61.20011],[4.76006,61.19948],[4.76145,61.19709]],[[4.74046,61.19763],[4.73875,61.19766],[4.73926,61.19842],[4.7378,61.19889],[4.73814,61.19931],[4.73882,61.19933],[4.74099,61.19797],[4.74046,61.19763]],[[4.80399,61.20276],[4.80291,61.20253],[4.80093,61.20461],[4.80319,61.20393],[4.80399,61.20276]],[[4.74692,61.20025],[4.75318,61.19998],[4.75496,61.19959],[4.75922,61.19687],[4.75892,61.19626],[4.75719,61.19675],[4.75637,61.19658],[4.75932,61.19524],[4.7588,61.19411],[4.75678,61.19438],[4.75466,61.19355],[4.75261,61.1941],[4.75043,61.19647],[4.74884,61.19727],[4.74775,61.19683],[4.74624,61.19765],[4.74661,61.1982],[4.74947,61.19813],[4.74979,61.19858],[4.74833,61.19935],[4.74637,61.19903],[4.74232,61.19977],[4.74351,61.20027],[4.74692,61.20025]],[[4.89881,61.1815],[4.89919,61.18267],[4.89844,61.1839],[4.89526,61.18463],[4.89425,61.18527],[4.89328,61.18763],[4.88749,61.19152],[4.88598,61.1937],[4.88621,61.19545],[4.88564,61.1961],[4.88412,61.19643],[4.88349,61.19704],[4.88404,61.19729],[4.8853,61.19688],[4.88613,61.19715],[4.88435,61.19872],[4.88417,61.20486],[4.88286,61.20559],[4.88301,61.20667],[4.88436,61.20716],[4.88323,61.21003],[4.884,61.21169],[4.8855,61.21197],[4.89024,61.21127],[4.89309,61.21145],[4.89488,61.21114],[4.89678,61.21178],[4.89712,61.21218],[4.8964,61.21265],[4.89691,61.213],[4.89918,61.21354],[4.90234,61.21298],[4.9044,61.21187],[4.90657,61.21198],[4.90764,61.21303],[4.91125,61.21269],[4.91204,61.2122],[4.91112,61.21149],[4.91538,61.21095],[4.92223,61.20749]],[[4.74197,61.20238],[4.74251,61.20214],[4.74465,61.20234],[4.74906,61.2008],[4.74292,61.2008],[4.74198,61.20121],[4.74226,61.20177],[4.74121,61.20184],[4.74091,61.20226],[4.74197,61.20238]],[[4.86004,61.20975],[4.86071,61.20858],[4.8598,61.20762],[4.85898,61.20819],[4.85926,61.20945],[4.85838,61.20953],[4.85637,61.20715],[4.85426,61.20778],[4.85319,61.21014],[4.85549,61.21271],[4.85945,61.21164],[4.86004,61.20975]],[[4.81004,61.20887],[4.81001,61.20844],[4.80831,61.20863],[4.80827,61.20822],[4.80968,61.2079],[4.80788,61.20693],[4.80777,61.20896],[4.80986,61.20931],[4.81004,61.20887]],[[4.75099,61.20481],[4.7496,61.20432],[4.74851,61.20457],[4.74849,61.2035],[4.74656,61.20402],[4.75015,61.2057],[4.75099,61.20481]],[[4.9018,61.21621],[4.9038,61.21483],[4.90707,61.21484],[4.90954,61.21398],[4.90467,61.21403],[4.9019,61.21457],[4.89575,61.21337],[4.89505,61.21372],[4.89571,61.21466],[4.89521,61.21497],[4.8925,61.21402],[4.89075,61.21398],[4.89075,61.21459],[4.89235,61.21462],[4.89189,61.21499],[4.89055,61.21532],[4.88913,61.21477],[4.88793,61.21513],[4.88791,61.21624],[4.88895,61.21661],[4.89117,61.21668],[4.8917,61.21624],[4.89356,61.21606],[4.9018,61.21621]],[[4.74466,61.20463],[4.74352,61.20472],[4.74153,61.20585],[4.74316,61.20624],[4.74466,61.20463]],[[4.98678,61.2235],[4.98217,61.22362],[4.98095,61.22479],[4.98341,61.22528],[4.98635,61.22459],[4.98678,61.2235]],[[4.87395,61.21806],[4.8756,61.2177],[4.87767,61.21795],[4.87873,61.21751],[4.87824,61.21524],[4.87699,61.21538],[4.87432,61.21672],[4.87358,61.21754],[4.87395,61.21806]],[[4.89203,61.22012],[4.88925,61.21965],[4.88698,61.2204],[4.88779,61.22147],[4.88872,61.22152],[4.89032,61.22088],[4.89281,61.22089],[4.89203,61.22012]],[[4.80045,61.21235],[4.79824,61.2128],[4.79857,61.21345],[4.80105,61.21523],[4.8024,61.21553],[4.80309,61.21445],[4.80104,61.21326],[4.80045,61.21235]],[[4.86513,61.21409],[4.8684,61.21389],[4.87373,61.21036],[4.87589,61.20614],[4.87534,61.20491],[4.87704,61.20275],[4.87608,61.20242],[4.8764,61.19985],[4.87316,61.19921],[4.86774,61.202],[4.86764,61.20347],[4.86842,61.20434],[4.86693,61.20591],[4.86564,61.20549],[4.86384,61.20566],[4.86348,61.20478],[4.86407,61.20381],[4.8635,61.20338],[4.86156,61.20389],[4.86059,61.20464],[4.86069,61.20629],[4.86311,61.20703],[4.86171,61.20926],[4.86357,61.2106],[4.85929,61.21232],[4.8589,61.2135],[4.85786,61.2136],[4.85511,61.21564],[4.85766,61.2202],[4.85935,61.21998],[4.86296,61.21766],[4.86513,61.21409]],[[4.80712,61.2143],[4.80949,61.21434],[4.81038,61.21402],[4.81188,61.21189],[4.81111,61.20953],[4.81254,61.20694],[4.8109,61.20467],[4.80946,61.20384],[4.80833,61.2039],[4.80711,61.20541],[4.80532,61.20587],[4.80581,61.20657],[4.80744,61.2064],[4.80759,61.20668],[4.80611,61.20678],[4.80431,61.20751],[4.80362,61.20856],[4.80381,61.21021],[4.80114,61.21036],[4.80225,61.2113],[4.8007,61.2116],[4.80364,61.21346],[4.80416,61.21406],[4.80378,61.215],[4.80483,61.2159],[4.80685,61.21661],[4.80717,61.2158],[4.80502,61.21535],[4.80647,61.21497],[4.80712,61.2143]],[[4.73588,61.20894],[4.73448,61.20899],[4.73628,61.21239],[4.737,61.20998],[4.73588,61.20894]],[[4.78087,61.21388],[4.78014,61.21338],[4.77932,61.21357],[4.77877,61.21571],[4.78062,61.21487],[4.78087,61.21388]],[[4.77191,61.2156],[4.77471,61.21389],[4.77523,61.21265],[4.77305,61.21325],[4.77026,61.21489],[4.77026,61.21525],[4.77191,61.2156]],[[4.8293,61.20466],[4.82833,61.20421],[4.82646,61.20494],[4.82647,61.20659],[4.82411,61.20581],[4.8235,61.20734],[4.82143,61.20893],[4.8211,61.21051],[4.82289,61.21047],[4.82395,61.21102],[4.82116,61.2118],[4.82147,61.21255],[4.82032,61.21412],[4.8215,61.21591],[4.82133,61.21702],[4.82027,61.21762],[4.82048,61.21925],[4.82268,61.2192],[4.82489,61.21819]],[[4.75741,61.21605],[4.75702,61.21556],[4.75598,61.21594]],[[4.76195,61.2164],[4.7639,61.21479],[4.7624,61.21459],[4.76163,61.21393],[4.76373,61.21277],[4.76466,61.21105],[4.76524,61.2111],[4.76587,61.21298],[4.76553,61.21462],[4.76729,61.21452],[4.77403,61.21226],[4.77439,61.21095],[4.77737,61.20969],[4.77993,61.20733],[4.77963,61.20496],[4.78359,61.20352],[4.78514,61.20255],[4.78548,61.20173],[4.78797,61.20035],[4.78862,61.19728],[4.79163,61.1952],[4.79089,61.19459],[4.78906,61.19478],[4.7876,61.1959],[4.78516,61.1949],[4.7836,61.19565],[4.78254,61.19559],[4.78248,61.19765],[4.78145,61.19727],[4.78127,61.19577],[4.78044,61.19523],[4.77855,61.19508],[4.77712,61.19545],[4.77602,61.19486],[4.77474,61.1953],[4.77351,61.19494],[4.77184,61.19589],[4.77217,61.19744],[4.77145,61.1979],[4.77284,61.19892],[4.7729,61.1998],[4.7698,61.19978],[4.76853,61.20084],[4.77054,61.20087],[4.77164,61.20217],[4.76514,61.20148],[4.76441,61.20194],[4.76473,61.2032],[4.7629,61.20518],[4.76129,61.2032],[4.75609,61.20314],[4.75589,61.20287],[4.75708,61.20238],[4.75576,61.20187],[4.75097,61.20315],[4.75016,61.20262],[4.74261,61.20344],[4.74133,61.2028],[4.73837,61.20286],[4.73936,61.20134],[4.73763,61.20161],[4.73702,61.20325],[4.73984,61.20374],[4.73799,61.20594],[4.74013,61.20623],[4.73888,61.20694],[4.73933,61.20985],[4.7382,61.21028],[4.73752,61.2119],[4.7383,61.212],[4.73974,61.21073],[4.74129,61.2107],[4.74088,61.21187],[4.74158,61.21253],[4.74049,61.21476]],[[4.77292,61.21723],[4.77265,61.21687],[4.77138,61.21712]],[[4.82857,61.22146],[4.82884,61.2209],[4.82779,61.22049],[4.82705,61.22051],[4.82612,61.22128]],[[4.83647,61.22206],[4.83999,61.22089],[4.84201,61.21928],[4.84314,61.21904],[4.84363,61.21925],[4.84211,61.22146],[4.84357,61.22114],[4.84521,61.21959],[4.84578,61.21861],[4.84525,61.2159],[4.84689,61.21454],[4.84781,61.21492],[4.84845,61.21445],[4.84767,61.2139],[4.84619,61.2091],[4.84778,61.2081],[4.84896,61.20628],[4.84793,61.20474],[4.84644,61.20408],[4.84393,61.20404],[4.84237,61.2046],[4.84249,61.20301],[4.84358,61.20219],[4.84386,61.20086],[4.84301,61.20031],[4.84125,61.20023],[4.84259,61.19885],[4.84127,61.19775],[4.83943,61.19735],[4.83718,61.1981],[4.83668,61.19865],[4.83795,61.19897],[4.83742,61.19993],[4.83256,61.20237]],[[4.82453,61.22116],[4.82371,61.22189],[4.82418,61.22225],[4.82497,61.22221],[4.82612,61.22128]],[[4.77138,61.21712],[4.76989,61.21788],[4.76989,61.21879],[4.77079,61.21866],[4.77292,61.21723]],[[4.82857,61.22146],[4.82987,61.22331],[4.83071,61.22331],[4.83142,61.22264],[4.83221,61.22271],[4.83142,61.22336],[4.83179,61.22362],[4.83496,61.22302],[4.83647,61.22206]],[[4.72958,61.21501],[4.72888,61.21474],[4.72747,61.21495],[4.72795,61.21602],[4.72998,61.21547],[4.72958,61.21501]],[[4.75598,61.21594],[4.75272,61.21774],[4.75146,61.21964],[4.75414,61.21867],[4.75741,61.21605]],[[4.73175,61.21589],[4.73275,61.21709],[4.73241,61.21895],[4.73422,61.21664],[4.73736,61.2147],[4.7402,61.21724],[4.74189,61.21704],[4.74214,61.2162],[4.74042,61.21526],[4.74049,61.21476]],[[4.72041,61.21977],[4.72276,61.2178],[4.72256,61.2173],[4.72054,61.21762],[4.72035,61.21852],[4.71929,61.21896],[4.71834,61.2188],[4.71716,61.2193],[4.7174,61.21963],[4.72041,61.21977]],[[4.76127,61.22003],[4.76009,61.2199],[4.75844,61.221],[4.75678,61.22255],[4.75719,61.22304],[4.75997,61.22255],[4.7617,61.22092],[4.76127,61.22003]],[[4.73175,61.21589],[4.72631,61.21693],[4.7253,61.21791],[4.72615,61.21874],[4.72794,61.21846],[4.72758,61.22],[4.72641,61.21986],[4.72584,61.22027],[4.72769,61.22093],[4.72843,61.22228],[4.72963,61.22232]],[[4.71798,61.22228],[4.7167,61.22232],[4.719,61.22415],[4.71921,61.22356],[4.71798,61.22228]],[[4.75083,61.22322],[4.74948,61.22293],[4.74899,61.22226],[4.74786,61.22234],[4.74575,61.22336],[4.74312,61.22662],[4.74327,61.22717],[4.74465,61.2267],[4.74614,61.22669],[4.74778,61.22599],[4.74881,61.22517],[4.74765,61.22473],[4.75114,61.22355],[4.75083,61.22322]],[[4.7283,61.22637],[4.73028,61.225],[4.73335,61.22513],[4.73296,61.22471],[4.73085,61.22456],[4.72963,61.22232]],[[4.72814,61.22684],[4.73381,61.22647],[4.73458,61.22593],[4.73421,61.22542],[4.73631,61.22536],[4.73737,61.2258],[4.73977,61.22402],[4.74175,61.2236],[4.7441,61.22227],[4.74631,61.22182],[4.75034,61.21988],[4.75084,61.22004],[4.74991,61.22112],[4.75039,61.22167],[4.75614,61.2196],[4.75651,61.21983],[4.75539,61.22096],[4.75631,61.2211],[4.76002,61.21886],[4.76044,61.2182],[4.75933,61.21791],[4.76195,61.2164]],[[4.8291,61.08568],[4.82909,61.08658],[4.83088,61.08771]],[[4.68171,61.08324],[4.68087,61.08362],[4.67829,61.08357],[4.67776,61.08429],[4.6776,61.08592],[4.67955,61.08693],[4.67894,61.08795],[4.67995,61.08858]],[[4.90708,61.08773],[4.90966,61.08851],[4.91064,61.08809],[4.91087,61.08696],[4.90841,61.08532],[4.90626,61.08672],[4.90545,61.08839],[4.90615,61.08898],[4.90738,61.08873],[4.90708,61.08773]],[[4.88826,61.08908],[4.88305,61.08635]],[[4.79506,61.08754],[4.79419,61.08682],[4.79346,61.087],[4.79457,61.0893],[4.79506,61.08754]],[[4.8,61.08816],[4.79743,61.08834],[4.79812,61.08944],[4.79944,61.08919],[4.8,61.08816]],[[4.67995,61.08858],[4.68116,61.09005],[4.68395,61.08894],[4.68418,61.08778],[4.68495,61.08768],[4.68632,61.08851],[4.68763,61.08799],[4.68714,61.0876],[4.68769,61.08639],[4.68664,61.08491],[4.68171,61.08324]],[[4.88731,61.0901],[4.88723,61.08876],[4.88483,61.08921],[4.88503,61.08992]],[[4.70873,61.07647],[4.70829,61.07758],[4.70949,61.07797],[4.71091,61.07716],[4.7104,61.07698],[4.70923,61.07749],[4.70972,61.07655]],[[4.68731,61.10727],[4.68614,61.10705],[4.68831,61.10913],[4.68915,61.10935],[4.68963,61.10865],[4.68731,61.10727]],[[4.946,61.13978],[4.94628,61.13862],[4.94536,61.13566]],[[4.69462,61.12777],[4.69252,61.12757],[4.69209,61.12807],[4.69295,61.12867],[4.69415,61.12869],[4.69501,61.12842],[4.69462,61.12777]],[[4.93937,61.15342],[4.93929,61.15454]],[[4.87147,61.16167],[4.87069,61.16156],[4.8688,61.16243],[4.86817,61.16375],[4.87147,61.16167]],[[4.73006,61.15719],[4.72778,61.15811],[4.72797,61.15882],[4.72935,61.15874],[4.72928,61.15814],[4.73038,61.15804],[4.73006,61.15719]],[[4.72016,61.15805],[4.71934,61.15795],[4.71847,61.15853],[4.71887,61.16009],[4.72066,61.1589],[4.72016,61.15805]],[[4.65772,61.15594],[4.65827,61.1543]],[[4.82929,61.20468],[4.8293,61.20466]],[[4.83057,61.20483],[4.82993,61.20536],[4.8292,61.20498]],[[4.85228,61.21739],[4.85243,61.2164],[4.85045,61.21649],[4.85,61.21723],[4.85152,61.21778],[4.85228,61.21739]],[[4.82453,61.22116],[4.82613,61.22042],[4.82489,61.21819]],[[4.72183,61.22224],[4.72315,61.22234],[4.72308,61.22149],[4.72077,61.22136],[4.72015,61.22229],[4.72132,61.22255],[4.72183,61.22224]],[[4.7283,61.22637],[4.72769,61.22651],[4.72814,61.22684]],[[4.97092,61.23218],[4.98025,61.23138],[4.98601,61.23007],[4.9875,61.22956],[4.98681,61.22822],[4.99239,61.22715],[4.9928,61.22558],[4.98947,61.22552],[4.9874,61.22663],[4.98064,61.2259],[4.97681,61.22636],[4.97521,61.22571],[4.97267,61.22567],[4.97203,61.22616],[4.97392,61.22695],[4.9708,61.22951],[4.97325,61.23066],[4.97134,61.23135],[4.96799,61.23124],[4.96667,61.23024],[4.96437,61.23005],[4.9642,61.23102],[4.96588,61.23143],[4.9655,61.23177]],[[4.9655,61.23177],[4.96534,61.23221],[4.96604,61.23235],[4.97092,61.23218]],[[4.96055,61.2314],[4.95735,61.23179],[4.95548,61.23162],[4.95438,61.23227],[4.95856,61.23241],[4.96083,61.23185],[4.96075,61.23142]],[[5.00007,61.25341],[4.99918,61.25298],[4.99677,61.25251],[4.99463,61.25319],[4.99316,61.25269],[4.99086,61.25326],[4.99123,61.25456],[4.99214,61.25507]],[[4.98135,61.25692],[4.98289,61.25557],[4.98571,61.25484],[4.98786,61.25377],[4.98862,61.25444],[4.99021,61.25432],[4.99016,61.25162],[4.98784,61.25066],[4.98822,61.25018],[4.99047,61.24992],[4.99207,61.24761],[4.99128,61.247],[4.98933,61.24702]],[[4.99214,61.25507],[4.9908,61.25578],[4.99098,61.25662],[4.9895,61.25694],[4.98797,61.25639],[4.98678,61.25642],[4.98601,61.25663],[4.98566,61.25744]],[[4.98687,61.26062],[4.99223,61.25975],[4.98831,61.25911],[4.98907,61.25867],[4.9888,61.25804],[4.98765,61.25853],[4.98635,61.25842]],[[4.98635,61.25842],[4.98587,61.25862],[4.98627,61.26047],[4.98687,61.26062]],[[4.85488,61.24999],[4.85303,61.24954],[4.85219,61.25065],[4.85284,61.2509],[4.85466,61.25054],[4.85488,61.24999]],[[4.98566,61.25744],[4.985,61.25749],[4.98433,61.25688],[4.98286,61.25691],[4.9802,61.25831],[4.97983,61.26005],[4.98118,61.2604],[4.98112,61.26072]],[[4.98933,61.24702],[4.9891,61.24644],[4.98584,61.24622],[4.98718,61.24513],[4.98046,61.24603],[4.97878,61.24567],[4.97802,61.24492],[4.97652,61.24444],[4.97535,61.24449],[4.974,61.2458],[4.97232,61.24629],[4.96964,61.2454],[4.96853,61.24449],[4.96724,61.2443],[4.96225,61.24443],[4.95837,61.24505],[4.95311,61.24507],[4.94799,61.24572],[4.94935,61.24799],[4.94769,61.24909],[4.94799,61.24955],[4.95095,61.24955],[4.95226,61.24932],[4.95307,61.24864],[4.95692,61.24848],[4.95708,61.24875],[4.95495,61.24961],[4.95615,61.25001],[4.95526,61.25191],[4.95706,61.25224],[4.95968,61.2518],[4.96019,61.252],[4.959,61.2527],[4.95965,61.25331],[4.95745,61.25356],[4.9568,61.25402],[4.9527,61.25157],[4.95026,61.25192],[4.94906,61.25286],[4.94924,61.25335],[4.95305,61.25299],[4.95274,61.25374],[4.9551,61.25502],[4.9548,61.25538],[4.95145,61.25601],[4.95196,61.25679],[4.94729,61.2581],[4.94682,61.25901],[4.94853,61.26],[4.95084,61.26045],[4.95195,61.25964],[4.95325,61.25968],[4.95433,61.26088],[4.95299,61.26061],[4.95218,61.26112],[4.95515,61.2617],[4.96183,61.26175],[4.96427,61.26081],[4.96669,61.26097],[4.96882,61.26158],[4.97129,61.26148],[4.97394,61.2607],[4.97569,61.25933],[4.97784,61.25935],[4.98135,61.25692]],[[4.97725,61.27001],[4.97933,61.26902],[4.97986,61.26709],[4.98164,61.26663],[4.98163,61.26763],[4.98068,61.26859],[4.98125,61.26892]],[[4.98112,61.26072],[4.97929,61.26138],[4.98083,61.26193],[4.9798,61.26242],[4.98015,61.26328],[4.9793,61.26374],[4.97829,61.26363],[4.97722,61.26429],[4.97847,61.2652],[4.97816,61.2661],[4.97514,61.26635],[4.97543,61.26831],[4.97461,61.26935],[4.976,61.27038]],[[4.97725,61.27001],[4.97714,61.27134],[4.97811,61.27243],[4.97956,61.27283],[4.98116,61.27189],[4.98093,61.27134],[4.97989,61.27117],[4.98125,61.26892]],[[4.83102,61.26222],[4.82858,61.26229],[4.82869,61.26318],[4.83131,61.26296],[4.83102,61.26222]],[[4.97837,61.27443],[4.97688,61.27488],[4.97562,61.27415],[4.976,61.27038]],[[4.83629,61.26383],[4.83413,61.26333],[4.83234,61.2645],[4.83283,61.26532],[4.83474,61.26538],[4.83728,61.26453],[4.83774,61.26407],[4.83629,61.26383]],[[4.97786,61.27653],[4.97848,61.27551],[4.97732,61.27527],[4.97683,61.27641],[4.97461,61.27618],[4.97348,61.27688],[4.97587,61.27755],[4.97811,61.27771],[4.97786,61.27653]],[[4.93806,61.27499],[4.94033,61.27429],[4.94328,61.27421],[4.94443,61.27302],[4.93972,61.27311],[4.93836,61.27289],[4.9377,61.27214],[4.93671,61.27209],[4.93445,61.27377],[4.93764,61.27496]],[[4.97088,61.27744],[4.9721,61.27641],[4.97069,61.27475],[4.97268,61.27304],[4.97388,61.26842],[4.97357,61.26622],[4.97486,61.26486],[4.97466,61.26404],[4.97286,61.26343],[4.96848,61.26387],[4.96532,61.26473],[4.96451,61.26597],[4.96229,61.26624],[4.96199,61.26596],[4.96314,61.26571],[4.96348,61.26505],[4.95878,61.26588],[4.95583,61.26499],[4.95164,61.26552],[4.95137,61.2649],[4.94963,61.26465],[4.94898,61.26379],[4.94625,61.26339],[4.94734,61.26526],[4.95048,61.26608],[4.94884,61.26738],[4.94721,61.26724],[4.94705,61.26786],[4.94557,61.26805],[4.94438,61.26762],[4.94359,61.26867],[4.94775,61.2689],[4.95257,61.26827],[4.95339,61.2685],[4.94798,61.26962],[4.94697,61.27006],[4.94757,61.27071],[4.94532,61.27003],[4.94233,61.27098],[4.94075,61.27096],[4.94081,61.27198],[4.94611,61.27232],[4.94855,61.27374],[4.9486,61.27473],[4.95801,61.2752],[4.96239,61.27595],[4.96651,61.27613],[4.9682,61.27648],[4.96889,61.27729]],[[4.98046,61.27816],[4.97974,61.27766],[4.97975,61.27449],[4.97837,61.27443]],[[4.80803,61.26976],[4.80767,61.27088]],[[4.99116,61.28512],[4.99593,61.2847],[4.99846,61.2858],[5.00001,61.28562]],[[4.98046,61.27816],[4.98265,61.27899],[4.98315,61.27963],[4.98217,61.28015],[4.98045,61.2803],[4.98152,61.28131],[4.98001,61.28306],[4.98051,61.28375],[4.9845,61.28417],[4.98805,61.28522],[4.99116,61.28512]],[[4.80767,61.27088],[4.80789,61.27161],[4.80923,61.27211],[4.81297,61.27112],[4.81546,61.26898],[4.81546,61.26758],[4.81331,61.26762],[4.81174,61.26701],[4.81076,61.26711],[4.80888,61.26831],[4.80803,61.26976]],[[4.8035,61.27065],[4.80161,61.2704],[4.8008,61.27112],[4.79642,61.27083],[4.79337,61.27133],[4.79294,61.27211],[4.79409,61.2736],[4.79337,61.27494],[4.7938,61.27635],[4.7947,61.27639],[4.79567,61.27551],[4.80342,61.27239],[4.8041,61.2715],[4.8035,61.27065]],[[4.7883,61.27491],[4.78506,61.27452],[4.7833,61.27538],[4.78258,61.2766],[4.7845,61.27733],[4.78677,61.27735],[4.7884,61.27628],[4.7883,61.27491]],[[4.87615,61.28317],[4.87991,61.28326],[4.88068,61.28303],[4.88143,61.28169],[4.87864,61.27917],[4.8789,61.27744],[4.87783,61.27586],[4.87687,61.27534],[4.87352,61.27493],[4.87514,61.27455],[4.87536,61.27396],[4.86901,61.27379],[4.86835,61.27403],[4.86726,61.27295],[4.86427,61.27296],[4.8623,61.27396],[4.86438,61.27482],[4.86764,61.27423],[4.86799,61.27489],[4.8645,61.27551],[4.86295,61.27612],[4.86306,61.2766],[4.87362,61.27881],[4.87261,61.27941],[4.86928,61.27959],[4.86564,61.28053],[4.86597,61.28132],[4.8724,61.28224],[4.87314,61.28274],[4.86922,61.2842],[4.86911,61.28463],[4.87365,61.28472],[4.87614,61.28403],[4.87615,61.28317]],[[4.71898,61.27201],[4.71782,61.27215],[4.71681,61.27292],[4.71722,61.2735],[4.71939,61.2739],[4.71898,61.27201]],[[4.73308,61.27323],[4.73183,61.2724],[4.73034,61.27234],[4.72985,61.27438],[4.73143,61.27514],[4.73392,61.27558],[4.73336,61.27481],[4.73399,61.27387],[4.73308,61.27323]],[[4.7317,61.27679],[4.73031,61.27639],[4.72934,61.27659],[4.72901,61.27745],[4.73185,61.27785],[4.7317,61.27679]],[[4.73758,61.27787],[4.73877,61.27699],[4.73905,61.27807],[4.74033,61.27855],[4.74184,61.27841],[4.74193,61.27784],[4.74077,61.27711],[4.73718,61.2765],[4.73517,61.27825],[4.73772,61.27958],[4.73818,61.27936],[4.73758,61.27787]],[[4.85734,61.28949],[4.85967,61.28905],[4.86012,61.28857],[4.85856,61.28812],[4.85565,61.28812],[4.85399,61.28716],[4.85183,61.28676],[4.84993,61.2868],[4.85001,61.28755],[4.852,61.28874],[4.85734,61.28949]],[[4.8795,61.29057],[4.87797,61.29047],[4.87597,61.29121],[4.87836,61.29186],[4.8795,61.29057]],[[4.71071,61.27965],[4.71202,61.27911],[4.7111,61.27847]],[[4.7111,61.27847],[4.71115,61.27797],[4.7103,61.27774],[4.70899,61.27944],[4.70979,61.27986],[4.71071,61.27965]],[[4.84415,61.29004],[4.84426,61.289],[4.84298,61.28933],[4.84163,61.28885],[4.84017,61.28916],[4.83989,61.29032],[4.84074,61.2911],[4.84252,61.29083],[4.84415,61.29004]],[[4.72519,61.28194],[4.72294,61.28171],[4.7228,61.28242],[4.7253,61.28322],[4.72593,61.28285],[4.72519,61.28194]],[[4.85264,61.28924],[4.85091,61.28895],[4.8496,61.28957],[4.85027,61.28984],[4.84817,61.29237],[4.84883,61.29322],[4.85142,61.29278],[4.85005,61.29202],[4.85196,61.29179],[4.85308,61.28974],[4.85264,61.28924]],[[4.87165,61.29501],[4.8689,61.295],[4.86854,61.29541],[4.87156,61.29598],[4.87232,61.29573],[4.87165,61.29501]],[[4.73998,61.28424],[4.73872,61.28403],[4.7389,61.28499],[4.73746,61.28568],[4.73892,61.28619],[4.73949,61.28544],[4.74126,61.28484],[4.73998,61.28424]],[[4.73499,61.28425],[4.73312,61.28405],[4.73364,61.2859],[4.73439,61.28612],[4.73532,61.28539],[4.73499,61.28425]],[[4.6379,61.27917],[4.63559,61.27899],[4.63722,61.28085],[4.6379,61.27917]],[[4.81759,61.2936],[4.81311,61.29214],[4.81149,61.29234],[4.81239,61.29305],[4.8154,61.2936],[4.81655,61.29473],[4.81828,61.29485],[4.81845,61.29428],[4.81759,61.2936]],[[4.92634,61.30194],[4.92271,61.30267],[4.92139,61.30343],[4.92117,61.30415],[4.92222,61.30448],[4.92291,61.30423],[4.92477,61.30303],[4.92641,61.30262],[4.92634,61.30194]],[[4.95025,61.30668],[4.9516,61.30468],[4.94946,61.30458],[4.94335,61.30559],[4.94415,61.30618],[4.94864,61.30642],[4.94877,61.307],[4.95025,61.30668]],[[4.61545,61.28057],[4.61678,61.2785],[4.61556,61.27821],[4.61478,61.27924],[4.6145,61.27805],[4.61391,61.27791],[4.61333,61.27886],[4.61416,61.28008],[4.61298,61.28013],[4.61248,61.28093],[4.61379,61.28165],[4.61545,61.28057]],[[4.63977,61.28118],[4.63825,61.28134],[4.63784,61.28211],[4.63844,61.28361],[4.64063,61.28196],[4.63977,61.28118]],[[4.68976,61.28646],[4.68974,61.28563],[4.68902,61.2853],[4.68763,61.28538],[4.68742,61.28619],[4.68574,61.28613],[4.68464,61.28799],[4.68507,61.28928],[4.68683,61.28926],[4.68923,61.28861],[4.6901,61.28779],[4.68976,61.28646]],[[4.61579,61.2821],[4.61515,61.28259],[4.61552,61.28291]],[[4.61552,61.28291],[4.61761,61.28317],[4.61839,61.28267],[4.61783,61.28227],[4.61579,61.2821]],[[4.6068,61.28112],[4.60418,61.2805],[4.60379,61.28201],[4.60434,61.28241],[4.60593,61.28231],[4.6068,61.28112]],[[4.62528,61.28421],[4.62722,61.28342],[4.62848,61.2836],[4.62958,61.28278],[4.63009,61.28024],[4.62814,61.27944],[4.62603,61.28056],[4.62656,61.27788],[4.6243,61.27797],[4.62353,61.27928],[4.62271,61.27897],[4.62362,61.27717],[4.6219,61.277],[4.62009,61.2801],[4.62276,61.28289],[4.62347,61.2829],[4.6244,61.28196],[4.62559,61.28169],[4.62577,61.2823],[4.62424,61.28307],[4.62466,61.28417],[4.62528,61.28421]],[[4.9068,61.30697],[4.91318,61.30669],[4.91349,61.30603],[4.91547,61.30534],[4.91644,61.30457],[4.91459,61.30352],[4.91542,61.3017],[4.91436,61.30121],[4.90841,61.30093],[4.90305,61.29997],[4.90253,61.30043],[4.90426,61.30121],[4.90578,61.3029],[4.90092,61.3053],[4.90086,61.30681],[4.90434,61.30668],[4.90463,61.3079],[4.9068,61.30697]],[[4.61539,61.2833],[4.61415,61.28319],[4.61423,61.28372],[4.61308,61.28438],[4.61332,61.28564],[4.61442,61.28622]],[[4.58774,61.2836],[4.58531,61.28346],[4.58745,61.28495],[4.58657,61.28548],[4.58709,61.28738],[4.58856,61.28796],[4.58962,61.28641],[4.58774,61.2836]],[[4.66183,61.29314],[4.66338,61.29306],[4.66378,61.29202],[4.66514,61.29239],[4.66743,61.29129],[4.6675,61.29053],[4.66656,61.29068],[4.6663,61.29116],[4.66469,61.28944],[4.66386,61.29107],[4.66273,61.28966],[4.66173,61.29083],[4.66072,61.28988],[4.65995,61.29018],[4.65962,61.29161],[4.66097,61.29353],[4.66183,61.29314]],[[4.7393,61.3013],[4.74001,61.30096],[4.73866,61.29981],[4.73904,61.29947],[4.7404,61.2996],[4.74132,61.30132],[4.74256,61.30175],[4.74964,61.2985],[4.75067,61.29762],[4.74952,61.2969],[4.75,61.29621],[4.75157,61.2969],[4.75547,61.29731],[4.7582,61.29584],[4.76591,61.29602],[4.76803,61.29703],[4.77167,61.29584],[4.77807,61.29474],[4.77936,61.2942],[4.78068,61.29314],[4.78016,61.2907],[4.78067,61.28941],[4.77996,61.28859],[4.778,61.28815],[4.77852,61.28698],[4.77735,61.28578],[4.77552,61.28565],[4.77399,61.28601],[4.77385,61.28523],[4.77604,61.28515],[4.77481,61.28393],[4.77376,61.28407],[4.77254,61.28348],[4.77093,61.28473],[4.76916,61.28312],[4.7676,61.28324],[4.76726,61.28421],[4.76505,61.28459],[4.76532,61.2863],[4.76336,61.28561],[4.76377,61.28429],[4.76179,61.28383],[4.76061,61.28469],[4.76124,61.28523],[4.76083,61.2872],[4.76284,61.28661],[4.76395,61.28713],[4.76266,61.28727],[4.76087,61.28842],[4.75994,61.28794],[4.75942,61.2843],[4.75743,61.28391],[4.75716,61.28554],[4.75559,61.28627],[4.7556,61.28481],[4.75435,61.28435],[4.75442,61.28338],[4.75543,61.28322],[4.75575,61.28197],[4.75178,61.28134],[4.75144,61.28169],[4.75293,61.283],[4.75132,61.28381],[4.75251,61.28532],[4.7522,61.28707],[4.75315,61.28895],[4.75109,61.28857],[4.75012,61.28899],[4.74801,61.28732],[4.74715,61.28843],[4.74771,61.28908],[4.74515,61.28981],[4.74266,61.28776],[4.74117,61.28774],[4.73985,61.28845],[4.73807,61.28824],[4.73688,61.28755],[4.73396,61.28772],[4.73244,61.28698],[4.73138,61.28692],[4.73061,61.28836],[4.7318,61.28888],[4.72958,61.29063],[4.7301,61.2928],[4.72877,61.29318],[4.72716,61.28935],[4.72129,61.28788],[4.71761,61.29235],[4.71442,61.29319],[4.71436,61.29206],[4.71597,61.29203],[4.71808,61.29063],[4.71918,61.28889],[4.71912,61.28728],[4.71495,61.28611],[4.7155,61.28898],[4.71505,61.2896],[4.7137,61.28997],[4.71221,61.28906],[4.71187,61.28767],[4.70844,61.28652]],[[4.59685,61.28719],[4.59619,61.28709],[4.59533,61.28762],[4.59513,61.28921],[4.59441,61.28958],[4.59571,61.29064],[4.59782,61.28892],[4.59685,61.28719]],[[4.65224,61.29286],[4.65071,61.29259],[4.65,61.29312],[4.64964,61.29457],[4.65018,61.29538],[4.65125,61.29505],[4.65224,61.29286]],[[4.64403,61.29316],[4.64621,61.29307],[4.64604,61.28758],[4.64481,61.28709],[4.64395,61.28773],[4.6421,61.28796],[4.64067,61.2886],[4.64016,61.28845],[4.64467,61.2832],[4.64364,61.28164],[4.64138,61.28322],[4.64026,61.28564],[4.63799,61.28667],[4.63755,61.28802],[4.63831,61.28915],[4.64053,61.28883],[4.6404,61.28969],[4.63931,61.29009],[4.6399,61.29255],[4.64305,61.29515],[4.64365,61.29496],[4.64339,61.2937],[4.64403,61.29316]],[[4.59996,61.29136],[4.59949,61.29019],[4.60177,61.29074],[4.60275,61.29022],[4.60344,61.28893],[4.60106,61.28879],[4.60327,61.28725],[4.60424,61.28562],[4.60246,61.28469],[4.60084,61.28513],[4.59924,61.28411],[4.59876,61.28477],[4.60036,61.28764],[4.59907,61.28923],[4.5996,61.29001],[4.59792,61.28985],[4.59665,61.29087],[4.5992,61.29221],[4.60001,61.29202],[4.59996,61.29136]],[[4.62805,61.29363],[4.62717,61.29335],[4.627,61.29265],[4.62536,61.29282],[4.62702,61.29438],[4.62805,61.29363]],[[4.99859,61.32015],[4.9995,61.31918],[4.99751,61.31869],[4.99541,61.3189],[4.99499,61.31929],[4.99177,61.31942],[4.99302,61.32006],[4.99151,61.32077],[4.98496,61.32046],[4.98243,61.32074],[4.981,61.32161],[4.97949,61.32135]],[[4.96988,61.31892],[4.9721,61.31896],[4.97429,61.32032],[4.97634,61.32058],[4.97618,61.3213],[4.97949,61.32135]],[[4.61006,61.29324],[4.60943,61.29075],[4.60838,61.29102],[4.60792,61.29244],[4.60913,61.29272],[4.60838,61.29425],[4.60915,61.29427],[4.61006,61.29324]],[[5.00333,61.32106],[4.99881,61.32031]],[[4.59677,61.29427],[4.59698,61.29353],[4.59601,61.29282],[4.59519,61.29354],[4.59462,61.29347],[4.59455,61.29164],[4.5928,61.29132],[4.59144,61.29184],[4.58964,61.29371]],[[4.61388,61.29559],[4.61219,61.2954],[4.61197,61.29506],[4.61472,61.29255],[4.6133,61.29233],[4.61378,61.29133],[4.61634,61.28996],[4.61886,61.29016],[4.61932,61.28942],[4.62071,61.28962],[4.6232,61.28639],[4.62277,61.28607],[4.62153,61.2864],[4.621,61.28621],[4.6224,61.28511],[4.62207,61.28486],[4.62028,61.28549],[4.61891,61.28751],[4.61774,61.28734],[4.61791,61.28645],[4.61597,61.28695],[4.61442,61.28622]],[[4.61966,61.29604],[4.61866,61.29516],[4.61828,61.29593]],[[4.62127,61.29616],[4.62044,61.29],[4.62354,61.29054],[4.62429,61.29105],[4.62381,61.29143],[4.62318,61.29092],[4.62222,61.29102],[4.62157,61.29291],[4.62283,61.29354],[4.62409,61.29312],[4.62367,61.29195],[4.62503,61.29191],[4.62667,61.2905],[4.6276,61.28828],[4.62856,61.28822],[4.62972,61.28747],[4.63068,61.28811],[4.63253,61.28782],[4.63199,61.287],[4.63274,61.28676],[4.63315,61.28541],[4.63263,61.28353],[4.63366,61.28343],[4.63453,61.28392],[4.63421,61.2858],[4.63538,61.28406],[4.63452,61.28284],[4.63388,61.28313],[4.63263,61.28262],[4.63144,61.28091],[4.6296,61.28403],[4.63048,61.28594],[4.62881,61.28559],[4.62763,61.28704],[4.62721,61.28567],[4.6263,61.28533],[4.62472,61.28745],[4.62496,61.28537],[4.62389,61.28522],[4.62376,61.28453],[4.62275,61.28441],[4.6231,61.28345],[4.62085,61.28324],[4.62095,61.28409],[4.61915,61.28374],[4.61782,61.28402],[4.61682,61.28479],[4.61539,61.2833]],[[4.63531,61.29725],[4.63621,61.29672],[4.63706,61.29688],[4.63828,61.29652],[4.63893,61.29589],[4.6378,61.29316],[4.63621,61.29457],[4.63611,61.29563],[4.63401,61.29474],[4.6368,61.29165],[4.63732,61.28959],[4.6352,61.28704],[4.63164,61.29238],[4.63228,61.29363],[4.63033,61.29274],[4.62897,61.29263],[4.62961,61.29119],[4.63197,61.28927],[4.63167,61.28891],[4.62748,61.29063],[4.62634,61.29214],[4.62435,61.29314],[4.62519,61.29392],[4.62501,61.29491],[4.62693,61.29507],[4.62674,61.29658]],[[4.65976,61.29913],[4.65879,61.29365],[4.657,61.29209],[4.65528,61.29164],[4.65229,61.29429],[4.65222,61.29526],[4.65335,61.29592],[4.6523,61.29685],[4.65369,61.29811],[4.65447,61.29759],[4.65438,61.29676],[4.65553,61.29646],[4.6552,61.29805],[4.65777,61.29815],[4.65798,61.29899]],[[4.68077,61.30075],[4.67879,61.29895],[4.68615,61.29611],[4.68995,61.29289],[4.69072,61.29102],[4.69238,61.28971],[4.69169,61.28874],[4.69038,61.28935],[4.68889,61.28921],[4.68817,61.29009],[4.68648,61.29012],[4.68642,61.2907],[4.68476,61.29122],[4.68253,61.28981],[4.68325,61.28615],[4.68236,61.28616],[4.68007,61.28715],[4.67914,61.28635],[4.67648,61.28744],[4.67647,61.28684],[4.67783,61.28592],[4.6765,61.28507],[4.6742,61.28792],[4.67441,61.2885],[4.67512,61.28894],[4.68058,61.28974],[4.67931,61.2902],[4.6779,61.28972],[4.67514,61.28957],[4.67434,61.29076],[4.67305,61.28993],[4.67123,61.28995],[4.66896,61.29381],[4.66837,61.29383],[4.66761,61.29295],[4.66663,61.29321],[4.66433,61.29786],[4.66555,61.29888],[4.66522,61.29944],[4.66415,61.29947]],[[4.94051,61.32044],[4.94345,61.3192],[4.94523,61.31921],[4.94659,61.32],[4.94932,61.31944],[4.95259,61.31967]],[[4.68766,61.30128],[4.68813,61.29854],[4.69175,61.29451],[4.69359,61.2932],[4.69458,61.29391],[4.69517,61.29382],[4.69573,61.29274],[4.69473,61.29244],[4.69479,61.29185],[4.69507,61.29111],[4.69665,61.29048],[4.69654,61.28904],[4.69718,61.28905],[4.69802,61.28998],[4.6986,61.2899],[4.69825,61.28832],[4.69908,61.28702],[4.7002,61.28696],[4.70188,61.28786],[4.70209,61.28704],[4.70337,61.28621],[4.70537,61.28656],[4.70592,61.28595],[4.70844,61.28652]],[[4.70727,61.30278],[4.70705,61.30226],[4.70603,61.30268]],[[4.7395,61.30186],[4.73984,61.30394],[4.74111,61.30537]],[[4.93007,61.31966],[4.92985,61.31911],[4.93146,61.31818],[4.93147,61.31765],[4.92847,61.31838],[4.92727,61.31945]],[[4.93639,61.32013],[4.93914,61.31745],[4.94212,61.31632],[4.9438,61.31629],[4.94443,61.31736],[4.94534,61.31731],[4.94666,61.31544],[4.94637,61.31389],[4.95083,61.31243],[4.95338,61.31222],[4.9565,61.3121],[4.95798,61.31271],[4.96056,61.31528],[4.96009,61.31641],[4.96067,61.31696],[4.9629,61.31755],[4.96614,61.31725],[4.96682,61.31673],[4.96843,61.31686],[4.96974,61.31792],[4.96891,61.31851]],[[4.93639,61.32013],[4.93645,61.32056],[4.93761,61.32051],[4.93923,61.321],[4.94051,61.32044]],[[4.70291,61.30321],[4.70564,61.30322],[4.70603,61.30268]],[[4.61966,61.29604],[4.62204,61.2979],[4.62303,61.29756],[4.62355,61.29634]],[[4.61388,61.29559],[4.61223,61.2968],[4.61209,61.29765],[4.6143,61.29839],[4.61703,61.29757],[4.61828,61.29593]],[[4.92727,61.31945],[4.92614,61.3212],[4.927,61.3224],[4.93101,61.32096],[4.93137,61.32008],[4.93007,61.31966]],[[4.65798,61.29899],[4.65596,61.29922],[4.65516,61.30051],[4.65527,61.3011],[4.65699,61.30204],[4.65839,61.3016],[4.65976,61.29913]],[[4.58964,61.29371],[4.59004,61.29479],[4.59196,61.29535],[4.5906,61.29641],[4.59209,61.29718],[4.59498,61.29619],[4.59677,61.29427]],[[4.92287,61.3204],[4.92092,61.32075],[4.92043,61.32119],[4.92057,61.32179],[4.9223,61.32247],[4.92374,61.32138],[4.92287,61.3204]],[[4.64007,61.29854],[4.63872,61.29751],[4.63663,61.29794],[4.63679,61.29828],[4.63817,61.2983],[4.63712,61.30018],[4.63791,61.30088],[4.63966,61.29993],[4.64007,61.29854]],[[4.68766,61.30128],[4.68714,61.30297],[4.68765,61.30372],[4.68923,61.3041],[4.69275,61.30412],[4.69619,61.30548],[4.69856,61.30554],[4.69852,61.30486],[4.70057,61.30375],[4.70291,61.30321]],[[4.62674,61.29658],[4.62761,61.29786],[4.6306,61.29762],[4.62939,61.29953],[4.6308,61.30095],[4.63278,61.30095],[4.63444,61.30002],[4.63528,61.29886],[4.63462,61.29774],[4.63531,61.29725]],[[4.65144,61.29971],[4.64955,61.29958],[4.64886,61.29992],[4.64861,61.30154],[4.6476,61.30198],[4.6477,61.3024],[4.6492,61.30231],[4.65221,61.30112],[4.65212,61.30004],[4.65144,61.29971]],[[4.71035,61.30676],[4.70947,61.30568],[4.70766,61.30476],[4.70709,61.30512],[4.70831,61.30671],[4.70946,61.30668],[4.71014,61.30726],[4.71035,61.30676]],[[4.77435,61.30947],[4.77285,61.30891],[4.77169,61.3092],[4.77395,61.31209],[4.7717,61.31261],[4.7731,61.31313],[4.77515,61.3128],[4.77649,61.31166],[4.77435,61.30947]],[[4.65114,61.30367],[4.65299,61.3041],[4.65402,61.30392],[4.65497,61.30288],[4.65383,61.30181],[4.65011,61.30265],[4.64924,61.3039],[4.64985,61.30406],[4.65114,61.30367]],[[4.58272,61.2968],[4.58158,61.29714],[4.58074,61.2988],[4.58229,61.29929],[4.58324,61.29896],[4.58369,61.29806],[4.58272,61.2968]],[[4.66084,61.3046],[4.65906,61.30388],[4.65802,61.30437],[4.65941,61.30529],[4.66026,61.30533],[4.66084,61.3046]],[[4.70114,61.30855],[4.70259,61.30859],[4.70358,61.30659],[4.70544,61.30522],[4.70537,61.30354],[4.70715,61.30404],[4.70727,61.30278]],[[4.70114,61.30855],[4.70107,61.30875]],[[4.57775,61.29916],[4.57814,61.29867],[4.57749,61.29784],[4.57483,61.29778],[4.57527,61.29863],[4.57775,61.29916]],[[4.73677,61.31217],[4.73902,61.31071],[4.7387,61.30919],[4.74122,61.30598],[4.74111,61.30537]],[[4.66415,61.29947],[4.66376,61.30157],[4.66689,61.30238],[4.66716,61.30312],[4.66833,61.30364],[4.6672,61.30443],[4.667,61.30552],[4.66825,61.30591],[4.6712,61.306],[4.67163,61.30668],[4.67542,61.30756],[4.67718,61.30724],[4.67833,61.30609],[4.67993,61.30559],[4.68086,61.30571],[4.68191,61.30517],[4.68206,61.3046],[4.68069,61.30313],[4.68138,61.30122],[4.68077,61.30075]],[[4.71081,61.30958],[4.71144,61.30836],[4.70939,61.30791],[4.70812,61.30902],[4.70673,61.30905],[4.70633,61.3096],[4.70859,61.31026],[4.71081,61.30958]],[[4.70064,61.31004],[4.70137,61.30999],[4.70107,61.30875]],[[4.70064,61.31004],[4.69865,61.30864],[4.69697,61.30883],[4.69493,61.31017],[4.69417,61.30928],[4.6915,61.30964],[4.6906,61.31012],[4.69325,61.31191],[4.69508,61.31149],[4.69614,61.31225],[4.69801,61.31232],[4.69966,61.313]],[[4.91564,61.32475],[4.91459,61.3237],[4.91375,61.32359],[4.91292,61.32407],[4.9124,61.32218],[4.9081,61.32398],[4.90781,61.32475],[4.90873,61.32541],[4.91152,61.32595],[4.9121,61.3264],[4.91268,61.32712],[4.91192,61.32822],[4.91313,61.3294],[4.9146,61.32896],[4.91619,61.32559],[4.91564,61.32475]],[[4.71079,61.31306],[4.71167,61.3127],[4.71136,61.31221],[4.71058,61.31298],[4.70805,61.31273],[4.70787,61.31333],[4.70956,61.31454],[4.71079,61.31306]],[[4.72766,61.31751],[4.72657,61.31732],[4.7258,61.31783],[4.7268,61.31948],[4.72815,61.31886],[4.72766,61.31751]],[[4.85004,61.32681],[4.8492,61.32694],[4.84879,61.32908],[4.85037,61.32794],[4.85004,61.32681]],[[4.78995,61.32488],[4.79064,61.32498],[4.79142,61.32457],[4.7936,61.32137],[4.79333,61.31964],[4.79204,61.31851]],[[4.69966,61.313],[4.7026,61.31355],[4.70334,61.31294],[4.70372,61.31009],[4.70536,61.31006],[4.70572,61.31101],[4.70773,61.31056],[4.70511,61.31217],[4.70548,61.3133],[4.70642,61.31359],[4.70546,61.31394],[4.70532,61.31478],[4.70381,61.31485],[4.70382,61.31575],[4.70762,61.3172],[4.70974,61.31721],[4.7099,61.31552],[4.71096,61.31543],[4.71228,61.31435],[4.71127,61.31698],[4.71265,61.31707],[4.71358,61.31771],[4.71369,61.31862],[4.71232,61.31921],[4.71474,61.32018],[4.71571,61.31994],[4.71569,61.31887],[4.71784,61.317],[4.71845,61.31719],[4.71911,61.32004],[4.72326,61.31913],[4.72538,61.31711],[4.72714,61.31649],[4.72886,61.31652],[4.72913,61.31752],[4.73031,61.31756],[4.73181,61.31554],[4.733,61.31571],[4.73437,61.31533],[4.73432,61.31453],[4.73677,61.31217]],[[4.91538,61.337],[4.91841,61.33598],[4.91902,61.33451],[4.92192,61.33307],[4.92667,61.33238],[4.92973,61.33284],[4.93114,61.33345],[4.93303,61.33333],[4.9344,61.33002],[4.93888,61.32922],[4.94065,61.32848],[4.94084,61.32723],[4.94278,61.32607],[4.94688,61.32516],[4.94844,61.32418],[4.94906,61.32287],[4.94834,61.3218],[4.95116,61.32123]],[[4.91538,61.337],[4.91254,61.33741],[4.91188,61.33711],[4.91228,61.33614],[4.91159,61.33596],[4.90537,61.33661]],[[4.7055,61.32168],[4.70643,61.32101],[4.7042,61.32068],[4.70317,61.31971],[4.70066,61.31965],[4.70288,61.32087],[4.70233,61.32126],[4.70059,61.32011],[4.69968,61.32004],[4.69934,61.32111],[4.70138,61.32211],[4.7055,61.32168]],[[4.79204,61.31851],[4.78944,61.31755],[4.78913,61.3167],[4.78601,61.31674],[4.78488,61.31593],[4.78226,61.31664],[4.78042,61.31649],[4.77918,61.31556],[4.77895,61.31379],[4.77756,61.31303],[4.77653,61.31348],[4.7772,61.31615],[4.7764,61.31687],[4.7755,61.31598],[4.77307,61.31628],[4.77159,61.31523],[4.77116,61.31459],[4.77231,61.31458],[4.77255,61.3142],[4.77173,61.31331],[4.7701,61.31305],[4.76877,61.31326],[4.76589,61.31432],[4.76357,61.31463],[4.763,61.31422],[4.76356,61.31277],[4.7623,61.31193],[4.7603,61.3119],[4.75915,61.31288],[4.75728,61.31306],[4.75951,61.31414],[4.75499,61.31527],[4.7569,61.31734],[4.75171,61.31973],[4.75158,61.32076],[4.74971,61.32265],[4.74999,61.32341],[4.74854,61.32483],[4.75,61.32732],[4.74913,61.32979],[4.75148,61.33043],[4.75482,61.33019],[4.75864,61.33206],[4.75984,61.33064],[4.76206,61.32971],[4.7666,61.33034],[4.76683,61.33125],[4.76338,61.33153],[4.76041,61.33251],[4.76105,61.33374],[4.76433,61.33584],[4.76634,61.33479],[4.76756,61.33255],[4.76912,61.33356],[4.76965,61.33348],[4.77027,61.33139],[4.7688,61.32998],[4.77127,61.33008],[4.77145,61.32904],[4.77322,61.32861],[4.77645,61.32826],[4.77779,61.32881],[4.78046,61.32871],[4.78156,61.32743],[4.78588,61.32754],[4.7893,61.3249],[4.78995,61.32488]],[[4.87406,61.35586],[4.87252,61.35597],[4.87378,61.35669]],[[4.87378,61.35669],[4.87358,61.3576],[4.87479,61.35811],[4.87559,61.35793],[4.87595,61.35882],[4.8768,61.35908],[4.87765,61.35809],[4.87406,61.35586]],[[4.8712,61.35691],[4.87049,61.35653],[4.86942,61.35674],[4.86902,61.35754],[4.86971,61.35895],[4.8709,61.3587],[4.87177,61.3575],[4.8712,61.35691]],[[4.85186,61.35905],[4.85323,61.35737],[4.85347,61.35584],[4.84912,61.35884]],[[4.8548,61.35927],[4.85618,61.35855],[4.8558,61.35787],[4.86007,61.35889],[4.86158,61.35745],[4.86126,61.35552],[4.8634,61.35352],[4.86157,61.34959],[4.86214,61.34776],[4.86157,61.34644],[4.86014,61.34533],[4.85685,61.34495],[4.85387,61.34077],[4.85243,61.33982],[4.84974,61.339],[4.8479,61.3388],[4.84666,61.33911],[4.84225,61.33844],[4.83965,61.33697],[4.83645,61.33727],[4.83566,61.33696],[4.83397,61.33707],[4.83301,61.33583],[4.82903,61.33526],[4.82888,61.33573],[4.82997,61.33624],[4.83105,61.3379],[4.83329,61.33809],[4.83356,61.33853],[4.83279,61.34041],[4.82946,61.34157],[4.83096,61.34187],[4.82898,61.343],[4.82994,61.34595],[4.82753,61.34507],[4.82756,61.34359],[4.82669,61.3427],[4.82494,61.34304],[4.82367,61.34438],[4.8246,61.34495],[4.82399,61.34587],[4.82446,61.3466],[4.82723,61.34662],[4.82631,61.34725],[4.82472,61.34724],[4.82439,61.34788],[4.82647,61.34801],[4.82734,61.34841],[4.82691,61.34879],[4.82593,61.34852],[4.82509,61.34929],[4.8272,61.35331],[4.82985,61.35454],[4.8336,61.35406],[4.83297,61.35491],[4.83583,61.35475],[4.83593,61.35598],[4.83769,61.35613],[4.84116,61.35754],[4.84634,61.35555],[4.84414,61.35847]],[[4.90489,61.36304],[4.90201,61.35906],[4.89925,61.35762],[4.89906,61.35688],[4.89725,61.3569],[4.8957,61.35565],[4.89726,61.35493],[4.89693,61.35442],[4.89769,61.3536],[4.89346,61.35411],[4.89087,61.35364],[4.88678,61.3551],[4.8864,61.35598],[4.88346,61.35583],[4.88263,61.35508],[4.88037,61.35444],[4.88026,61.35351],[4.88138,61.35275],[4.87938,61.35129],[4.87878,61.34817],[4.87941,61.34669],[4.8857,61.33919],[4.89344,61.33741],[4.89403,61.33691],[4.89815,61.33634],[4.90537,61.33661]],[[4.97066,61.36796],[4.96651,61.36765]],[[4.85186,61.35905],[4.85179,61.35945],[4.85256,61.35961],[4.8548,61.35927]],[[4.97066,61.36796],[4.97488,61.36895],[4.97659,61.36869],[4.97833,61.36896]],[[4.84414,61.35847],[4.84414,61.35902],[4.84716,61.35962],[4.84912,61.35884]],[[4.97833,61.36896],[4.98115,61.36986],[4.98387,61.3698],[4.98494,61.37024],[4.98693,61.37025]],[[4.67244,61.34816],[4.67092,61.34732],[4.66999,61.34831],[4.67038,61.34882],[4.67176,61.34902],[4.67244,61.34816]],[[4.8705,61.36676],[4.8689,61.36679],[4.86533,61.36769],[4.87009,61.36798]],[[4.67432,61.35188],[4.67659,61.35296],[4.67912,61.35266],[4.67663,61.35167],[4.67896,61.35071],[4.67675,61.3494],[4.67733,61.34826],[4.67467,61.34682],[4.67358,61.34704],[4.67366,61.34762],[4.67551,61.34849],[4.67369,61.34892],[4.67488,61.34925],[4.67453,61.34983],[4.67601,61.35148],[4.67478,61.35155],[4.6692,61.35057],[4.66825,61.35207],[4.67122,61.3535],[4.67432,61.35188]],[[4.87009,61.36798],[4.87195,61.36761],[4.87329,61.36817],[4.87544,61.36825],[4.87685,61.36929],[4.88345,61.36836],[4.88649,61.3687],[4.88763,61.36844],[4.88669,61.36576],[4.88587,61.36514],[4.87915,61.36507],[4.8747,61.3659],[4.87176,61.36716],[4.8705,61.36676]],[[4.89523,61.37079],[4.89312,61.3699],[4.89013,61.36999],[4.89245,61.37114],[4.89474,61.37116],[4.89523,61.37079]],[[4.68054,61.3536],[4.67973,61.35312],[4.67827,61.35367],[4.6797,61.35488],[4.68163,61.35542],[4.68054,61.3536]],[[4.69628,61.35626],[4.69557,61.35594],[4.69359,61.35625],[4.69701,61.35765],[4.69628,61.35626]],[[4.86955,61.36966],[4.86716,61.37012],[4.86914,61.37091]],[[4.89101,61.37229],[4.89183,61.37139],[4.8879,61.37136],[4.88547,61.37019],[4.88378,61.37027],[4.88238,61.37103],[4.88282,61.37208],[4.88902,61.37268],[4.89101,61.37229]],[[4.86914,61.37091],[4.87101,61.37146],[4.87405,61.37168],[4.88087,61.37179],[4.88161,61.37126],[4.87995,61.3706],[4.87557,61.36989],[4.86955,61.36966]],[[4.98693,61.37025],[4.98775,61.37081],[4.98696,61.3732],[4.98982,61.37603],[4.992,61.38041],[4.99566,61.38221],[5.00379,61.38001]],[[4.88731,61.37348],[4.8864,61.37305],[4.88425,61.37294],[4.88291,61.37345],[4.88768,61.37436],[4.88731,61.37348]],[[4.69207,61.35789],[4.68948,61.35785],[4.68912,61.35897],[4.6902,61.35989],[4.69249,61.35894],[4.69207,61.35789]],[[4.90944,61.37854],[4.90687,61.37843],[4.90754,61.3795],[4.90937,61.37993],[4.90944,61.37854]],[[4.90489,61.36304],[4.91064,61.36473],[4.91204,61.3659],[4.91531,61.36742],[4.91885,61.371],[4.91739,61.37236],[4.91597,61.37277],[4.9123,61.37255],[4.91131,61.37293],[4.9102,61.37227],[4.9044,61.37287],[4.90436,61.37316],[4.90865,61.37426],[4.90716,61.37477],[4.90703,61.37572],[4.90559,61.37611],[4.90541,61.37655],[4.90837,61.37778],[4.91084,61.37782],[4.91304,61.3788],[4.91267,61.37942],[4.91943,61.38136],[4.92209,61.381],[4.92544,61.37846],[4.92882,61.37949],[4.92898,61.38206],[4.92986,61.38236],[4.93204,61.38219],[4.93269,61.38129],[4.9339,61.38085],[4.93933,61.38009],[4.94068,61.37945],[4.93991,61.37741],[4.94074,61.3758],[4.94294,61.37508],[4.94444,61.37376],[4.94771,61.37233],[4.95019,61.37249],[4.95582,61.3744],[4.95658,61.37562],[4.95863,61.375],[4.95944,61.37415],[4.9603,61.37074],[4.96253,61.36833],[4.96442,61.36798]],[[4.90124,61.38109],[4.90633,61.38103],[4.90046,61.37951],[4.89814,61.3792],[4.89647,61.37947],[4.89708,61.37997],[4.89925,61.38028],[4.90124,61.38109]],[[4.96814,61.38922],[4.97596,61.38933],[4.97587,61.38816],[4.9782,61.3861],[4.9801,61.38559],[4.98307,61.38564],[4.98504,61.38433],[4.98344,61.3815],[4.97944,61.37955],[4.97801,61.38039],[4.9772,61.38209],[4.97368,61.38239],[4.97249,61.38335],[4.96802,61.38396],[4.9658,61.38584],[4.96455,61.38577],[4.96255,61.38415],[4.9607,61.38451],[4.96128,61.38559],[4.96036,61.38753],[4.96156,61.38807],[4.96267,61.38796],[4.96535,61.3892],[4.96814,61.38922]],[[4.93584,61.38895],[4.93769,61.38904],[4.93793,61.38833],[4.93436,61.38821],[4.93236,61.38873],[4.93644,61.39147],[4.93983,61.39275],[4.94055,61.39198],[4.93868,61.38986],[4.93584,61.38895]],[[4.96923,61.39628],[4.96756,61.39647],[4.96858,61.39778],[4.9705,61.39726],[4.97039,61.3967],[4.96923,61.39628]],[[4.89637,61.39342],[4.89394,61.39221],[4.89286,61.39238],[4.89282,61.39294],[4.89518,61.39377],[4.89637,61.39342]],[[4.93113,61.39602],[4.93429,61.39658],[4.93347,61.39466],[4.93384,61.39373],[4.93128,61.39281],[4.93066,61.39142],[4.92934,61.39071],[4.93103,61.39012],[4.9294,61.38895],[4.92783,61.38899],[4.92735,61.38767],[4.92534,61.38664],[4.92383,61.38669],[4.92326,61.38742],[4.91992,61.38705],[4.92084,61.38848],[4.91747,61.38811],[4.91517,61.38897],[4.91147,61.38918],[4.91024,61.38985],[4.91045,61.39064],[4.90603,61.38978],[4.90534,61.39068],[4.9092,61.39217],[4.90895,61.39282],[4.91241,61.39321],[4.91529,61.39219],[4.91576,61.39165],[4.92051,61.39097],[4.92074,61.3904],[4.92252,61.39002],[4.92415,61.39013],[4.92463,61.39078],[4.92774,61.39021],[4.9271,61.39101],[4.92237,61.39297],[4.92198,61.39444],[4.92376,61.39523],[4.92601,61.3952],[4.92714,61.39475],[4.92814,61.39288],[4.93038,61.39492],[4.92881,61.39575],[4.92883,61.39645],[4.92997,61.39673],[4.93113,61.39602]],[[4.9211,61.39257],[4.91962,61.39245],[4.91762,61.39288],[4.91743,61.39324],[4.91857,61.39366],[4.91557,61.39472],[4.91503,61.3959],[4.91655,61.39613],[4.91829,61.39571],[4.91912,61.39446],[4.92107,61.39382],[4.9211,61.39257]],[[4.76974,61.3862],[4.76905,61.38635],[4.76939,61.38726]],[[4.95299,61.40325],[4.95201,61.40292],[4.95067,61.40362],[4.95266,61.40429]],[[4.95266,61.40429],[4.95353,61.40421],[4.95299,61.40325]],[[4.76939,61.38726],[4.77215,61.38817],[4.77314,61.38815],[4.77497,61.38929],[4.77653,61.38959],[4.77837,61.39138],[4.78042,61.39238],[4.78214,61.39254],[4.78372,61.39214],[4.7782,61.38946],[4.77594,61.38784],[4.77277,61.38675],[4.76974,61.3862]],[[4.98795,61.40934],[4.98543,61.40928],[4.98398,61.40979],[4.98565,61.41016],[4.98795,61.40934]],[[4.78777,61.39454],[4.78658,61.39386],[4.78548,61.39405],[4.78566,61.39486],[4.78451,61.39629],[4.7858,61.39702],[4.78703,61.3965],[4.78706,61.39553],[4.78811,61.39503],[4.78777,61.39454]],[[4.79095,61.39598],[4.79026,61.39584],[4.78816,61.39654],[4.78788,61.39758],[4.79061,61.39769],[4.79095,61.39598]],[[4.89489,61.40756],[4.89367,61.40659],[4.88735,61.40578],[4.89132,61.40729]],[[4.90138,61.40805],[4.89934,61.40651],[4.89523,61.40493],[4.89312,61.40508],[4.889,61.40418],[4.88808,61.4044],[4.88944,61.40509],[4.89429,61.40617],[4.898,61.40779]],[[4.98361,61.41274],[4.98335,61.41102],[4.98222,61.41049],[4.98077,61.41091],[4.98075,61.41149],[4.97942,61.41149],[4.97822,61.41091],[4.97584,61.41145],[4.97612,61.4127],[4.98217,61.41379],[4.98361,61.41274]],[[4.98358,61.41418],[4.98562,61.41328],[4.98556,61.41144],[4.99916,61.40521],[5.00121,61.40481]],[[4.89132,61.40729],[4.89489,61.40756]],[[4.898,61.40779],[4.9017,61.40896],[4.90138,61.40805]],[[4.97573,61.41562],[4.97952,61.41581],[4.98041,61.41469],[4.97674,61.41411],[4.97524,61.41504],[4.97573,61.41562]],[[4.90272,61.41139],[4.8962,61.41175],[4.8985,61.4124],[4.90091,61.41256],[4.90298,61.41174],[4.90272,61.41139]],[[4.88909,61.41244],[4.89385,61.41251],[4.8928,61.41144],[4.88874,61.41104],[4.88976,61.41033],[4.89245,61.41085],[4.89419,61.41062],[4.8944,61.41021],[4.89144,61.40941],[4.88881,61.40924],[4.88717,61.40956],[4.88031,61.40941],[4.87904,61.40965],[4.88276,61.41085],[4.88741,61.41141],[4.88909,61.41244]],[[4.68893,61.3968],[4.68811,61.39627],[4.68943,61.39525],[4.68719,61.39488],[4.68595,61.39634],[4.68811,61.39722],[4.68884,61.39719],[4.68893,61.3968]],[[4.90652,61.41033],[4.90469,61.41001],[4.90407,61.41054],[4.90641,61.41194],[4.90893,61.41258],[4.91212,61.41417],[4.91503,61.41492],[4.9158,61.41476],[4.91553,61.41386],[4.90652,61.41033]],[[4.70409,61.40144],[4.70659,61.40092],[4.70391,61.39957],[4.70158,61.39934],[4.70089,61.40028],[4.69896,61.39948],[4.69768,61.39953],[4.69625,61.39851],[4.69286,61.39814],[4.69429,61.39957],[4.69617,61.40009],[4.69688,61.40082],[4.70409,61.40144]],[[4.90078,61.41608],[4.90148,61.41562],[4.90383,61.41595],[4.90413,61.41573],[4.9025,61.41472],[4.90107,61.41551],[4.89992,61.41516],[4.89872,61.41556],[4.89654,61.41557],[4.8963,61.41502],[4.89934,61.41358],[4.89731,61.41329],[4.8958,61.41237],[4.89413,61.41257],[4.89426,61.41299],[4.89107,61.41396],[4.89298,61.41524],[4.89433,61.4153],[4.89882,61.41701],[4.9004,61.41713],[4.90078,61.41608]],[[4.89975,61.42063],[4.89937,61.41973],[4.89648,61.41872],[4.89484,61.4187],[4.89681,61.42003],[4.89482,61.41996],[4.89471,61.42028],[4.89975,61.42063]],[[4.98358,61.41418],[4.98315,61.41542],[4.97796,61.41684],[4.97619,61.41676],[4.97816,61.41787],[4.97713,61.41879],[4.97865,61.42078],[4.98592,61.4228],[4.98897,61.42274],[4.99269,61.4219],[4.99563,61.42219],[4.99093,61.42413],[4.99266,61.42494],[4.99599,61.42466],[4.99718,61.42508],[5.00041,61.42692]],[[5.00041,61.42692],[4.99977,61.42834],[5.00103,61.43004]],[[4.86345,61.25396],[4.86131,61.25304],[4.85965,61.25322],[4.85857,61.25405],[4.85953,61.25419],[4.86054,61.25373],[4.86279,61.25529],[4.86345,61.25396]],[[4.93764,61.27496],[4.93806,61.27499]],[[4.96889,61.27729],[4.96927,61.27771],[4.97088,61.27744]],[[4.74437,61.27699],[4.74286,61.27674],[4.74267,61.27833],[4.74633,61.27918],[4.74646,61.27866],[4.744,61.27805],[4.74365,61.27763],[4.74437,61.27699]],[[4.8384,61.28986],[4.83688,61.28948],[4.83558,61.28969],[4.83762,61.29103],[4.83864,61.29109],[4.83956,61.29073],[4.8384,61.28986]],[[4.99859,61.32015],[4.99881,61.32031]],[[4.96891,61.31851],[4.9676,61.31919],[4.96988,61.31892]],[[4.58973,61.28971],[4.58781,61.28893],[4.58645,61.28952],[4.58919,61.29014],[4.58973,61.28971]],[[4.7395,61.30186],[4.73885,61.3017],[4.7393,61.3013]],[[4.95259,61.31967],[4.95307,61.31997]],[[4.95185,61.32085],[4.95307,61.31997]],[[4.62355,61.29634],[4.62318,61.29597],[4.62232,61.29624]],[[4.95116,61.32123],[4.95185,61.32085]],[[4.62127,61.29616],[4.62158,61.29642],[4.62232,61.29624]],[[4.69442,61.31521],[4.69364,61.31466],[4.69199,61.3152],[4.69308,61.31613],[4.69507,61.31597],[4.69442,61.31521]],[[4.69845,61.31665],[4.69917,61.3162],[4.69868,61.31595]],[[4.69868,61.31595],[4.69818,61.31536],[4.69644,61.31553],[4.69743,61.31676],[4.69845,61.31665]],[[4.72056,61.32152],[4.72281,61.32184],[4.72548,61.32062],[4.72466,61.32037],[4.72162,61.32109],[4.72169,61.32051],[4.72071,61.32049],[4.71752,61.3215],[4.71851,61.32206],[4.72056,61.32152]],[[4.70739,61.32294],[4.70505,61.32243],[4.70677,61.32462],[4.70797,61.3244],[4.70739,61.32294]],[[4.96442,61.36798],[4.96651,61.36765]],[[4.66644,61.35035],[4.66463,61.34954],[4.66413,61.35085],[4.66591,61.35144],[4.66644,61.35035]],[[4.68736,61.4059],[4.68649,61.40514],[4.6859,61.40575],[4.68359,61.40491],[4.68268,61.4052],[4.68501,61.4061],[4.68736,61.4059]],[[4.9227,61.08017],[4.92257,61.08073]],[[4.9175,61.09238],[4.91831,61.08656],[4.92078,61.0834],[4.92086,61.08177],[4.92257,61.08073]],[[4.88503,61.08992],[4.88731,61.0901]],[[4.94688,61.13091],[4.94825,61.12882]],[[4.93995,61.15249],[4.93937,61.15342]],[[4.88819,61.1431],[4.8871,61.14331],[4.88662,61.14527]],[[4.88662,61.14527],[4.88726,61.14537],[4.88884,61.14419],[4.88819,61.1431]],[[4.93995,61.15249],[4.94049,61.15173]],[[4.99016,61.18499],[4.98646,61.18564],[4.98625,61.18692],[4.98722,61.18726],[4.99093,61.1861]],[[4.99861,61.18898],[4.99876,61.189]],[[4.96075,61.23142],[4.96055,61.2314]],[[4.98839,61.25554],[4.98502,61.25547],[4.98442,61.25604],[4.98793,61.25605],[4.98839,61.25554]],[[4.97263,61.01057],[4.96995,61.01052],[4.96862,61.011],[4.9687,61.01136],[4.97153,61.01137],[4.97263,61.01057]],[[4.97476,61.00615],[4.97643,61.00557],[4.97444,61.00332],[4.97328,61.00061],[4.97228,60.99995]],[[4.96905,60.99957],[4.96766,61.00007],[4.96545,61.00228],[4.96607,61.00368],[4.96541,61.00545]],[[4.97654,61.00629],[4.97763,61.00498],[4.97534,61.00242],[4.97504,61.00128],[4.97562,61.00001],[4.97683,60.99917]],[[4.97654,61.00629],[4.97538,61.00665],[4.97564,61.00742],[4.97749,61.00777],[4.97909,61.00738],[4.9798,61.00812],[4.97653,61.00919],[4.9824,61.01038],[4.97989,61.01123],[4.97919,61.01111],[4.97964,61.01062],[4.97904,61.01041],[4.9759,61.01053],[4.9766,61.01143],[4.97623,61.01238],[4.97751,61.0126],[4.98106,61.01208],[4.98297,61.01259],[4.98339,61.01334],[4.98438,61.0136]],[[4.98438,61.0136],[4.9873,61.01387],[4.9878,61.01336],[4.98978,61.01319],[4.99058,61.01379],[4.99348,61.01457],[4.99738,61.01297],[5.00014,61.01246]],[[4.96432,61.01147],[4.96201,61.01113],[4.96093,61.01221],[4.9621,61.0125],[4.96461,61.01193],[4.96432,61.01147]],[[4.92791,61.00263],[4.92832,61.00415],[4.92644,61.00466],[4.92575,61.00558],[4.92811,61.00669],[4.92757,61.00861],[4.92979,61.01089],[4.93424,61.01056],[4.93478,61.01144],[4.93859,61.01171],[4.93984,61.01086],[4.94238,61.01038],[4.94528,61.01073],[4.9447,61.01185],[4.94585,61.01204],[4.94943,61.011],[4.95037,61.01149],[4.95334,61.01173],[4.95408,61.01227],[4.95327,61.01271],[4.95546,61.01318],[4.95617,61.01388],[4.95936,61.01418],[4.96073,61.01396],[4.96259,61.01446],[4.96439,61.01371],[4.9643,61.01331],[4.96239,61.01282],[4.96054,61.01304],[4.95902,61.01092],[4.95934,61.00973],[4.9616,61.00964],[4.96126,61.00862],[4.96199,61.00775],[4.96518,61.00685],[4.96759,61.00717],[4.96788,61.00843],[4.96609,61.01001],[4.97054,61.0098],[4.97231,61.00947],[4.97255,61.00906],[4.97187,61.0083],[4.97022,61.00791],[4.97042,61.00719],[4.97476,61.00615]],[[4.99788,61.01556],[4.99614,61.01536],[4.99194,61.01627],[4.99095,61.0172],[4.99652,61.01713],[4.99788,61.01556]],[[4.99649,61.01981],[5.00051,61.02006]],[[5.00051,61.02006],[4.99819,61.01932],[4.99522,61.01936],[4.99557,61.01982],[4.99649,61.01981]],[[4.99963,61.03004],[4.99971,61.02947],[4.99681,61.02861],[4.99468,61.02965],[4.99866,61.03024],[4.99963,61.03004]],[[4.99205,61.0361],[4.99056,61.03547],[4.98638,61.03537],[4.98484,61.03578],[4.98637,61.03736],[4.99067,61.03787],[4.991,61.03668],[4.99205,61.0361]],[[4.50918,61.03988],[4.51022,61.03865],[4.50978,61.03809]],[[4.65339,61.0192],[4.65174,61.01936],[4.64843,61.02185],[4.64727,61.02453],[4.64863,61.02408],[4.65339,61.0192]],[[4.59479,61.01909],[4.59383,61.01903],[4.59254,61.02024],[4.59336,61.02203],[4.59454,61.02225],[4.59538,61.0216],[4.59479,61.01909]],[[4.64815,61.02651],[4.65179,61.02456],[4.65169,61.02328],[4.65279,61.02226],[4.6525,61.02156],[4.65338,61.02017],[4.65974,61.01811],[4.65916,61.01679],[4.65978,61.01639]],[[4.6597,61.0274],[4.66037,61.02665],[4.65868,61.02612],[4.65601,61.02712]],[[4.70246,61.03071],[4.70448,61.02739],[4.70683,61.02581],[4.70666,61.02522],[4.70524,61.0253],[4.70675,61.02401],[4.70748,61.02211],[4.70648,61.02106],[4.70655,61.02]],[[4.70378,61.03081],[4.70648,61.02813],[4.71175,61.02479],[4.71465,61.02505],[4.7133,61.0219],[4.71356,61.02115],[4.71108,61.02035]],[[4.73815,61.03345],[4.74174,61.03233],[4.74247,61.03152],[4.74225,61.03105],[4.74048,61.03084],[4.74175,61.02492],[4.74119,61.02361],[4.73947,61.02253]],[[4.86896,61.04344],[4.87098,61.04278],[4.87189,61.04322],[4.87506,61.04196],[4.87523,61.0416],[4.87427,61.0412],[4.87449,61.04033],[4.87531,61.04007],[4.87517,61.03922],[4.8763,61.03854],[4.87912,61.03819],[4.8802,61.03838],[4.88163,61.03959],[4.88187,61.04239]],[[4.90163,61.04591],[4.89504,61.04364],[4.89288,61.04233],[4.89091,61.04181],[4.88917,61.04013],[4.8871,61.03957],[4.88579,61.04037],[4.88422,61.04459]],[[4.90432,61.04611],[4.90317,61.0458],[4.90267,61.04599]],[[4.88131,61.04437],[4.88142,61.04528],[4.88254,61.04605],[4.88422,61.04459]],[[4.59505,61.02377],[4.59419,61.02369],[4.59387,61.02523],[4.59538,61.02597],[4.59587,61.02568],[4.59505,61.02377]],[[4.86056,61.046],[4.85778,61.04605],[4.85698,61.04675],[4.85737,61.04744],[4.85967,61.04764],[4.86056,61.046]],[[4.86269,61.04653],[4.86153,61.04634],[4.8608,61.04712],[4.86141,61.04836],[4.86209,61.04847],[4.86314,61.04704],[4.86269,61.04653]],[[4.8186,61.0444],[4.81784,61.04423],[4.817,61.04512],[4.8178,61.04566],[4.81771,61.04637],[4.81664,61.04679],[4.81665,61.04728],[4.81762,61.0478],[4.81835,61.04761],[4.81953,61.04543],[4.8186,61.0444]],[[4.73658,61.03889],[4.73536,61.03896],[4.73482,61.04157],[4.73585,61.04143],[4.73685,61.0403],[4.73658,61.03889]],[[4.91122,61.05097],[4.91094,61.05063],[4.90958,61.05064],[4.90794,61.05161],[4.90776,61.05263],[4.90902,61.0537],[4.90839,61.05457],[4.90894,61.0549],[4.9104,61.05375],[4.91157,61.05167],[4.91122,61.05097]],[[4.64815,61.02651],[4.64386,61.03192],[4.64523,61.03194],[4.64641,61.03069],[4.64776,61.03064],[4.64645,61.0321],[4.64384,61.03366],[4.64499,61.03568],[4.64613,61.03588],[4.64717,61.03578],[4.64747,61.03507],[4.64876,61.03536],[4.64935,61.03506],[4.65408,61.0297],[4.65582,61.02887],[4.65601,61.02712]],[[4.50864,61.0205],[4.50617,61.02128],[4.50346,61.02396],[4.5038,61.02478],[4.50688,61.02303],[4.50864,61.0205]],[[4.73247,61.04092],[4.73231,61.04051],[4.7307,61.04033],[4.72961,61.04066],[4.72948,61.04233],[4.73079,61.04209],[4.73247,61.04092]],[[4.81671,61.04835],[4.81604,61.04812],[4.8155,61.0489],[4.81533,61.05226],[4.81724,61.05063],[4.81671,61.04835]],[[4.87612,61.05515],[4.87546,61.05412],[4.87338,61.05463],[4.87334,61.05527],[4.87487,61.05513],[4.87348,61.05684],[4.87445,61.05671],[4.87612,61.05515]],[[4.82659,61.05073],[4.82712,61.04721],[4.82607,61.04628],[4.82455,61.04609],[4.82336,61.04774],[4.82395,61.05017],[4.82263,61.05038],[4.82413,61.05379],[4.825,61.05371],[4.82659,61.05073]],[[4.91197,61.05467],[4.91139,61.05453],[4.90943,61.05537],[4.90778,61.05747],[4.90637,61.0581],[4.90738,61.05907],[4.90752,61.06052],[4.91029,61.05858],[4.91186,61.0566],[4.91197,61.05467]],[[4.85687,61.05461],[4.85627,61.05451],[4.85535,61.0552],[4.85511,61.05665],[4.85713,61.05548],[4.85687,61.05461]],[[4.50293,61.02796],[4.5022,61.02762],[4.50081,61.02792],[4.50121,61.02955],[4.50222,61.02934],[4.50293,61.02796]],[[4.78167,61.04984],[4.78075,61.04976],[4.7798,61.05036],[4.77936,61.05153],[4.78104,61.05123],[4.78167,61.04984]],[[4.54381,61.03164],[4.54218,61.03197],[4.5411,61.03332],[4.5424,61.03372],[4.54449,61.03264],[4.54381,61.03164]],[[4.58898,61.03542],[4.58841,61.03528],[4.58691,61.03606],[4.58764,61.0377],[4.58866,61.0375],[4.58898,61.03542]],[[4.78558,61.05139],[4.78627,61.052],[4.78533,61.05313],[4.78689,61.0537],[4.78861,61.05358],[4.79034,61.05228],[4.79027,61.05088],[4.78842,61.04947],[4.78618,61.04954]],[[4.5177,61.03163],[4.5177,61.03014],[4.51712,61.02991],[4.51419,61.03129],[4.51542,61.02937],[4.5141,61.02934],[4.51263,61.03126],[4.51408,61.03261],[4.5177,61.03163]],[[4.54292,61.03073],[4.54332,61.03023],[4.54234,61.02838],[4.54078,61.02924],[4.54069,61.03029],[4.53932,61.02931],[4.53819,61.03027],[4.53634,61.0308],[4.53576,61.03168],[4.53741,61.03364],[4.53737,61.03483],[4.53935,61.03504],[4.54047,61.03459],[4.54059,61.03219],[4.54292,61.03073]],[[4.91444,61.062],[4.91425,61.0608],[4.91341,61.06057],[4.9126,61.06064],[4.91226,61.06163],[4.91097,61.06166],[4.91163,61.06298],[4.91062,61.06453],[4.9115,61.0652],[4.91318,61.06484],[4.91444,61.062]],[[4.80131,61.0554],[4.80288,61.05523],[4.80218,61.05429],[4.8007,61.05454],[4.7987,61.05654],[4.79881,61.0573],[4.80182,61.05667],[4.80131,61.0554]],[[4.72334,61.04766],[4.72302,61.04727],[4.7209,61.04694],[4.72023,61.04529],[4.71694,61.04713],[4.71702,61.04831],[4.7179,61.04887],[4.7178,61.05072],[4.71903,61.05097],[4.71931,61.0518],[4.72024,61.05149],[4.72334,61.04766]],[[4.86896,61.04344],[4.86996,61.04432],[4.8697,61.0462],[4.87141,61.04693],[4.87202,61.04885],[4.87317,61.04965],[4.87228,61.05238],[4.87386,61.0531],[4.87366,61.05381],[4.86982,61.05506],[4.86823,61.05694],[4.86798,61.05887],[4.86926,61.05926],[4.87014,61.05808],[4.87317,61.05712],[4.87183,61.05885],[4.87281,61.05915],[4.87258,61.05996],[4.87085,61.06114],[4.87495,61.06386]],[[4.50565,61.03214],[4.50337,61.03321],[4.50179,61.03514],[4.50393,61.03439],[4.50565,61.03214]],[[4.64284,61.04595],[4.64433,61.04463],[4.6419,61.04352],[4.64201,61.04286],[4.64303,61.04289],[4.64245,61.04244],[4.64287,61.04186],[4.64004,61.04185],[4.63846,61.04249],[4.63834,61.04452],[4.6395,61.04544],[4.64123,61.04569],[4.64113,61.04655],[4.6424,61.04657],[4.64284,61.04595]],[[4.90588,61.06589],[4.90724,61.06442],[4.90664,61.06432],[4.90565,61.06522],[4.90463,61.06535],[4.9046,61.06386],[4.90595,61.06213],[4.90409,61.0617],[4.90126,61.06498],[4.90133,61.06596],[4.90377,61.06669],[4.90588,61.06589]],[[4.90901,61.06477],[4.90835,61.06475],[4.90729,61.0655],[4.9062,61.06678],[4.90764,61.06728],[4.90901,61.06477]],[[4.5085,61.03394],[4.50777,61.03389],[4.5066,61.03499],[4.50689,61.03657],[4.50829,61.03534],[4.5085,61.03394]],[[4.78509,61.03705],[4.78607,61.03745],[4.78665,61.04043],[4.78539,61.04489],[4.78639,61.04638],[4.78267,61.04989],[4.7808,61.04936],[4.77822,61.0501],[4.77641,61.0487],[4.77576,61.04881],[4.77601,61.05129],[4.77798,61.05332],[4.77877,61.05519],[4.77822,61.05652],[4.77895,61.0582],[4.77986,61.05833],[4.78107,61.05767],[4.78239,61.05572],[4.78337,61.05642],[4.78294,61.05793],[4.78341,61.05807]],[[4.511,61.03442],[4.50926,61.03685],[4.50978,61.03809]],[[4.72641,61.04875],[4.72581,61.04852],[4.72495,61.04877],[4.72319,61.05138],[4.71932,61.05375],[4.71942,61.05454],[4.72368,61.0524],[4.72641,61.04875]],[[4.87403,61.06671],[4.87502,61.067],[4.87638,61.06659],[4.87759,61.06711],[4.8785,61.06703],[4.87886,61.06457],[4.87556,61.06425],[4.87495,61.06386]],[[4.50476,61.03594],[4.50227,61.03584],[4.5009,61.03638],[4.50213,61.03823],[4.50312,61.03825],[4.50498,61.03639],[4.50476,61.03594]],[[4.50748,61.03716],[4.50481,61.03804],[4.50433,61.03866],[4.50602,61.03935],[4.50712,61.04041],[4.50802,61.04007],[4.5091,61.03862],[4.50748,61.03716]],[[4.50918,61.03988],[4.50886,61.04086]],[[4.50886,61.04086],[4.50967,61.04114],[4.51103,61.04048],[4.5118,61.0376],[4.51269,61.0367],[4.51365,61.03786],[4.51225,61.03891],[4.51166,61.04137],[4.51253,61.04141],[4.51478,61.03767],[4.51726,61.03571],[4.51564,61.03366],[4.51445,61.03376],[4.51245,61.03626],[4.51147,61.03608],[4.51235,61.03456],[4.51159,61.03422],[4.511,61.03442]],[[4.66058,61.05146],[4.65486,61.05167],[4.65594,61.05239],[4.65763,61.05269],[4.6572,61.05383],[4.65996,61.05301],[4.66058,61.05146]],[[4.90695,61.07163],[4.90711,61.07089],[4.9118,61.0676],[4.9123,61.06592],[4.91046,61.06634],[4.90901,61.06896],[4.90689,61.06871],[4.90596,61.06943],[4.90317,61.07007],[4.9032,61.07114],[4.90482,61.0711],[4.90429,61.07275],[4.90706,61.0735],[4.90796,61.0728],[4.90695,61.07163]],[[4.87403,61.06671],[4.86983,61.06495],[4.86739,61.06586],[4.86833,61.06806],[4.86826,61.07025],[4.87241,61.07172]],[[4.91193,61.07183],[4.91073,61.07181],[4.90876,61.07281],[4.9078,61.07389],[4.90853,61.07455],[4.91048,61.07398],[4.91193,61.07183]],[[4.81682,61.06744],[4.81567,61.06852],[4.81474,61.06821],[4.81419,61.06696]],[[4.87207,61.07276],[4.87467,61.07389],[4.88196,61.0739],[4.88499,61.07334],[4.88547,61.07289],[4.88507,61.0722],[4.88223,61.07227],[4.8806,61.07192],[4.8782,61.0729],[4.87521,61.07325],[4.87241,61.07172]],[[4.72224,61.06152],[4.71957,61.06179],[4.71963,61.06272],[4.72035,61.06309],[4.72217,61.06224],[4.72224,61.06152]],[[4.71501,61.06091],[4.71386,61.0608],[4.71191,61.06297],[4.71369,61.06227],[4.71501,61.06091]],[[4.83869,61.06931],[4.83899,61.06879],[4.83722,61.06899],[4.83617,61.06826],[4.83437,61.06897],[4.83421,61.06806],[4.83266,61.06817],[4.82928,61.0694],[4.82801,61.06702],[4.8265,61.06667],[4.82424,61.06524],[4.82312,61.06525],[4.82355,61.06319],[4.82093,61.06269],[4.81967,61.06077],[4.82035,61.05944],[4.82359,61.05743],[4.82458,61.05627],[4.82628,61.05595],[4.82653,61.0546],[4.83184,61.04967],[4.83397,61.04859],[4.83563,61.04877],[4.83687,61.04841],[4.8375,61.04712],[4.83926,61.04621],[4.84172,61.04667],[4.84277,61.04594],[4.84397,61.04608],[4.84443,61.04515],[4.84575,61.04441],[4.85037,61.04546],[4.85225,61.04665],[4.85336,61.05],[4.85217,61.05281],[4.85355,61.05234],[4.85496,61.05252],[4.85573,61.05199],[4.85809,61.05185],[4.85747,61.05126],[4.85837,61.04976],[4.86256,61.051],[4.86216,61.05355],[4.86082,61.05409],[4.8595,61.05768],[4.85819,61.05846],[4.85872,61.0598],[4.85814,61.06148],[4.85725,61.06192],[4.85553,61.061],[4.85495,61.06151],[4.85594,61.06365],[4.85886,61.06442],[4.85911,61.06591],[4.86066,61.06683],[4.86026,61.06938],[4.86192,61.0691],[4.86319,61.0701],[4.86124,61.07262],[4.86324,61.07467]],[[4.87207,61.07276],[4.87096,61.07215],[4.86956,61.07205],[4.86885,61.07248],[4.8689,61.07345],[4.87062,61.07405],[4.87126,61.07529]],[[4.70463,61.06005],[4.70342,61.05976],[4.7025,61.06124],[4.70504,61.06298],[4.70625,61.06204],[4.70467,61.06147],[4.70463,61.06005]],[[4.83869,61.06931],[4.83434,61.07049],[4.83336,61.07213],[4.83398,61.07236],[4.83643,61.07133],[4.83812,61.07111],[4.83857,61.0724],[4.83719,61.07332]],[[4.53551,61.04824],[4.53391,61.04772],[4.53215,61.04807],[4.53278,61.04873],[4.53203,61.04984],[4.53322,61.05068],[4.53576,61.04987],[4.53551,61.04824]],[[4.86568,61.07831],[4.86324,61.07726],[4.8609,61.07694],[4.86213,61.07529],[4.86365,61.07527],[4.86324,61.07467]],[[4.87126,61.07529],[4.87273,61.07662],[4.87595,61.07802],[4.87902,61.07769],[4.88046,61.07953],[4.88127,61.07962],[4.884,61.07927],[4.88419,61.07869],[4.88631,61.07853],[4.88806,61.0779],[4.88952,61.07613],[4.89147,61.0754],[4.89351,61.07376],[4.89568,61.07322],[4.89592,61.0726],[4.89395,61.07265],[4.89278,61.07201],[4.89299,61.07139],[4.89634,61.07004],[4.89818,61.07022],[4.89958,61.06938],[4.89869,61.06775],[4.90176,61.06268],[4.90306,61.05782],[4.90522,61.05612],[4.90591,61.05476],[4.9062,61.04835],[4.90525,61.04641],[4.90432,61.04611]],[[4.7219,61.0646],[4.721,61.06447],[4.72014,61.06516],[4.72001,61.06608],[4.71855,61.06694],[4.71897,61.0678],[4.72173,61.06574],[4.7219,61.0646]],[[4.81419,61.06696],[4.8132,61.06608],[4.81333,61.06503],[4.81637,61.06095],[4.81471,61.05893],[4.81344,61.0533],[4.81405,61.05175],[4.81316,61.04999],[4.81417,61.04639],[4.81327,61.04612],[4.81033,61.0477],[4.81043,61.04497],[4.80889,61.04497],[4.80724,61.04656],[4.80723,61.04746],[4.80894,61.04755],[4.80876,61.04877],[4.80759,61.04881],[4.80711,61.04927],[4.80601,61.04911],[4.80495,61.05051],[4.80537,61.05156],[4.80768,61.05124],[4.80589,61.05252],[4.80525,61.05397],[4.8023,61.05376],[4.8034,61.05127],[4.80216,61.05077],[4.80097,61.05216],[4.80056,61.05405],[4.79925,61.05397],[4.79656,61.05685],[4.79592,61.05981],[4.79763,61.0601],[4.796,61.06223],[4.79682,61.06336],[4.79526,61.06517],[4.79474,61.06989],[4.79779,61.07046],[4.79548,61.07135],[4.79661,61.073],[4.79911,61.07317],[4.80092,61.0724],[4.80162,61.07275],[4.80104,61.07412],[4.79999,61.07424],[4.79905,61.07526],[4.79659,61.07458],[4.79659,61.07355],[4.79472,61.07346],[4.79283,61.07255],[4.79264,61.07334],[4.79382,61.07398],[4.79277,61.07462],[4.78947,61.07236],[4.78986,61.06797],[4.79151,61.06589],[4.79143,61.06048],[4.78896,61.05721],[4.7871,61.0582],[4.78631,61.05744],[4.78836,61.0558],[4.78844,61.05449],[4.78765,61.05465],[4.78664,61.05592],[4.7849,61.05646],[4.78514,61.05793],[4.78341,61.05807]],[[4.9227,61.08017],[4.92163,61.08008],[4.92179,61.07814],[4.92094,61.07787],[4.91981,61.07805],[4.91841,61.07726],[4.91776,61.07181],[4.92194,61.06877],[4.92176,61.06724],[4.9246,61.06561],[4.9246,61.06499],[4.92583,61.06408],[4.92859,61.06264],[4.92877,61.06192],[4.9269,61.0618],[4.9281,61.05956],[4.92752,61.05953],[4.92672,61.06028],[4.9247,61.05959],[4.92492,61.05723],[4.92148,61.05422],[4.92241,61.05322],[4.92729,61.05406],[4.92811,61.05606],[4.92954,61.05656],[4.92968,61.05729],[4.93284,61.05529],[4.93463,61.05592],[4.93646,61.0556],[4.93844,61.05675],[4.93894,61.05758],[4.93824,61.06096],[4.94063,61.06258],[4.94098,61.06395],[4.94005,61.06622],[4.93844,61.06751],[4.94117,61.07017],[4.94157,61.0724],[4.94359,61.07365],[4.94502,61.07395],[4.94551,61.075],[4.95058,61.07808],[4.94996,61.07987],[4.9518,61.08071],[4.95199,61.0815],[4.95478,61.08092],[4.95647,61.0817],[4.95522,61.08399],[4.95608,61.08446],[4.95597,61.08508],[4.95429,61.08671],[4.95492,61.08754]],[[4.83719,61.07332],[4.83745,61.07443],[4.83573,61.07499],[4.83393,61.07451],[4.83336,61.07348],[4.83234,61.07333],[4.83184,61.07389],[4.83375,61.07672],[4.83253,61.0777],[4.83134,61.078],[4.83081,61.07876],[4.83342,61.07911]],[[4.66545,61.06917],[4.66368,61.06889],[4.66257,61.06953],[4.66507,61.07017],[4.66545,61.06917]],[[4.52697,61.05799],[4.52397,61.05747],[4.52259,61.05835],[4.52234,61.05942],[4.52668,61.05886],[4.52697,61.05799]],[[4.67624,61.07397],[4.67508,61.0733],[4.67256,61.0736],[4.67164,61.07319],[4.67228,61.0727],[4.67485,61.0723],[4.67264,61.07077],[4.67466,61.06806],[4.67319,61.06798],[4.67303,61.06746],[4.67204,61.06715],[4.67109,61.06892],[4.66909,61.0702],[4.66791,61.07045],[4.66647,61.06953],[4.66728,61.06768],[4.66506,61.06835],[4.66336,61.06726],[4.66414,61.06622],[4.6656,61.06613],[4.66617,61.06567],[4.66439,61.06456],[4.66154,61.06587],[4.65968,61.06568],[4.65876,61.06471],[4.6559,61.06536],[4.65554,61.06437],[4.6566,61.06348],[4.65645,61.06212],[4.65324,61.06321],[4.65211,61.06217],[4.64972,61.063],[4.64867,61.06272],[4.64687,61.06128],[4.64686,61.06072],[4.64974,61.05925],[4.65343,61.05632],[4.65306,61.05609],[4.65185,61.05647],[4.65113,61.05629],[4.65287,61.054],[4.65107,61.05471],[4.64946,61.05703],[4.64707,61.05821],[4.64745,61.05938],[4.64542,61.06097],[4.64332,61.06118],[4.6429,61.06014],[4.64191,61.06009],[4.64212,61.05842],[4.64307,61.0581],[4.64367,61.05849],[4.64495,61.05773],[4.64328,61.05726],[4.64513,61.05388],[4.64695,61.05325],[4.64777,61.0534],[4.64821,61.05409],[4.64966,61.05258],[4.64658,61.05247],[4.64644,61.05122],[4.64473,61.05137],[4.64307,61.04967],[4.64316,61.04908],[4.64621,61.04752],[4.64566,61.04698],[4.64651,61.04633],[4.65014,61.04487],[4.64971,61.04464],[4.64728,61.04511],[4.64759,61.04406],[4.65186,61.04259],[4.65366,61.04285],[4.65381,61.04342],[4.65547,61.04321],[4.65717,61.04277],[4.65953,61.04128],[4.66028,61.04205],[4.66061,61.04469],[4.66285,61.0441],[4.66439,61.04481],[4.66505,61.04422],[4.66412,61.04261],[4.6622,61.04244],[4.66122,61.04162],[4.65922,61.03924],[4.65993,61.03858],[4.65779,61.03803],[4.65484,61.04033],[4.65259,61.04106],[4.65141,61.04073],[4.65078,61.04228],[4.64811,61.04262],[4.64666,61.04189],[4.64746,61.04053],[4.64854,61.04037],[4.6495,61.04085],[4.65143,61.04016],[4.65113,61.0391],[4.64924,61.03973],[4.64842,61.03952],[4.64998,61.03668],[4.64982,61.03558],[4.65212,61.03422],[4.65493,61.03014],[4.6597,61.0274]],[[4.7082,61.07643],[4.70971,61.07545],[4.7098,61.07353],[4.70758,61.07203],[4.70658,61.06964],[4.70463,61.06888],[4.70501,61.06341],[4.70691,61.06356],[4.70731,61.06417],[4.71099,61.06348],[4.71135,61.06459],[4.71525,61.06297],[4.71673,61.06064],[4.716,61.06013],[4.71875,61.05697],[4.71811,61.05682],[4.71638,61.05805],[4.71467,61.05797],[4.71716,61.0553],[4.71448,61.05185],[4.7101,61.05453],[4.70923,61.05616],[4.70802,61.05682],[4.70739,61.05673],[4.70751,61.05568],[4.70596,61.05566],[4.70746,61.05388],[4.70684,61.05339],[4.70797,61.0524],[4.70667,61.05183],[4.70769,61.04936],[4.70923,61.04936],[4.7075,61.05107],[4.70785,61.05134],[4.71066,61.04904],[4.70982,61.04798],[4.70821,61.04798],[4.70809,61.04649],[4.70881,61.04624],[4.7117,61.04641],[4.71147,61.04788],[4.71217,61.048],[4.71332,61.04661],[4.71466,61.04667],[4.7158,61.04613],[4.72004,61.04044],[4.71961,61.03811],[4.71821,61.03793],[4.71697,61.03836],[4.71492,61.03467],[4.71547,61.03457],[4.71944,61.03623],[4.72024,61.03797],[4.72112,61.0382],[4.72907,61.03732],[4.731,61.03632],[4.73153,61.03536],[4.73815,61.03345]],[[4.75383,61.07994],[4.75619,61.07591],[4.7577,61.07468],[4.75944,61.07484],[4.76001,61.07422],[4.75904,61.07272],[4.7603,61.07119],[4.75996,61.07024],[4.75864,61.06939],[4.75931,61.06828],[4.75764,61.06724],[4.75747,61.06258],[4.75924,61.0612],[4.75863,61.06107],[4.75747,61.06174],[4.75658,61.06109],[4.75761,61.05766],[4.75997,61.05652],[4.76199,61.05707],[4.76278,61.05632],[4.76107,61.05508],[4.76317,61.05107],[4.76256,61.05091],[4.75919,61.05295],[4.75667,61.05239],[4.75768,61.04943],[4.75714,61.04604],[4.75843,61.0438],[4.75758,61.0431],[4.7581,61.04209],[4.76233,61.03824],[4.76221,61.03719],[4.76339,61.03539]],[[4.81481,61.08459],[4.8132,61.0822],[4.8121,61.08223],[4.81105,61.0831],[4.81048,61.08298],[4.81034,61.08189],[4.81226,61.08012],[4.81289,61.07841],[4.81428,61.07726],[4.8158,61.07694],[4.81675,61.07855],[4.81991,61.07979],[4.82076,61.07958],[4.82192,61.07832],[4.82199,61.07382],[4.82303,61.07356],[4.82331,61.07179],[4.82536,61.07064],[4.82672,61.071],[4.82716,61.07066],[4.82629,61.06902],[4.82531,61.06874],[4.82336,61.06924],[4.82168,61.06707],[4.82366,61.0663],[4.82025,61.06507],[4.81723,61.06669],[4.81682,61.06744]],[[4.67624,61.07397],[4.67824,61.07542],[4.67656,61.07545],[4.67621,61.07482],[4.67307,61.07424],[4.67173,61.07486],[4.67377,61.07566],[4.6764,61.07558],[4.67622,61.0762],[4.67839,61.0784],[4.67812,61.07862],[4.67576,61.07738],[4.67462,61.07761],[4.67407,61.08075],[4.67535,61.08083],[4.676,61.08177],[4.67765,61.08138],[4.6775,61.08191],[4.67806,61.08203],[4.67974,61.08002],[4.67919,61.0792],[4.68012,61.07906],[4.68173,61.07944],[4.68256,61.08065]],[[4.96233,61.08272],[4.96128,61.08242],[4.95999,61.08271],[4.95978,61.08483],[4.95905,61.08554]],[[4.86568,61.07831],[4.86748,61.07845],[4.86967,61.07955],[4.86891,61.08023],[4.86956,61.08055]],[[4.89196,61.07805],[4.89155,61.07766],[4.89061,61.07775],[4.88873,61.07839],[4.88681,61.0805],[4.88776,61.08168],[4.89286,61.08268],[4.89385,61.08077],[4.89196,61.07805]],[[4.91392,61.0844],[4.91353,61.08388],[4.91259,61.08392],[4.91165,61.0834],[4.91064,61.08126],[4.9082,61.08045],[4.90784,61.08073],[4.91046,61.08419],[4.91319,61.08516],[4.91384,61.08508],[4.91392,61.0844]],[[4.88305,61.08635],[4.87815,61.08447],[4.87689,61.08474],[4.87515,61.08388],[4.87333,61.08136],[4.87183,61.08068],[4.86956,61.08055]],[[4.80154,61.08358],[4.79867,61.08187],[4.79556,61.08186],[4.79379,61.08299]],[[4.8291,61.08568],[4.83116,61.08396],[4.83198,61.08386],[4.83343,61.08493],[4.83467,61.08396],[4.83429,61.08302],[4.83222,61.08211],[4.83076,61.08232],[4.83007,61.08333],[4.82783,61.08267],[4.82891,61.08112],[4.83199,61.08048],[4.83393,61.0794],[4.83342,61.07911]],[[4.68198,61.08243],[4.68234,61.08135]],[[4.68234,61.08135],[4.68146,61.08062],[4.68013,61.08041],[4.67974,61.08146],[4.68198,61.08243]],[[4.69454,61.08262],[4.6935,61.08279],[4.69285,61.08426],[4.69332,61.08473],[4.69521,61.08458],[4.69454,61.08262]],[[4.88131,61.04437],[4.88187,61.04239]],[[4.90163,61.04591],[4.90267,61.04599]],[[4.70246,61.03071],[4.70245,61.03158],[4.70378,61.03081]],[[4.72985,61.03914],[4.72891,61.03878],[4.72645,61.03965],[4.72832,61.04014],[4.72938,61.03984],[4.72985,61.03914]],[[4.78618,61.04954],[4.78509,61.05102],[4.78558,61.05139]],[[4.70972,61.07655],[4.70942,61.07592],[4.70873,61.07647]],[[4.77065,61.02493],[4.76875,61.02875],[4.76679,61.03031],[4.76501,61.03377],[4.76315,61.03435],[4.76339,61.03539]],[[4.59955,61.01171],[4.59897,61.01403],[4.60016,61.01434],[4.60142,61.01326],[4.60141,61.01431],[4.60278,61.01431]],[[4.60278,61.01431],[4.60462,61.01285],[4.60437,61.01208]],[[4.66828,61.01704],[4.667,61.01899],[4.66656,61.02129],[4.6686,61.02171],[4.67069,61.02024]],[[4.67069,61.02024],[4.66862,61.01975],[4.6697,61.01715]],[[4.78509,61.03705],[4.78401,61.03644],[4.78461,61.03459],[4.78276,61.03328],[4.78128,61.03424],[4.77875,61.03477],[4.77749,61.03608],[4.77663,61.03573],[4.77879,61.03365],[4.77841,61.0333],[4.77983,61.02975],[4.78118,61.02946],[4.78178,61.0282],[4.77661,61.02915],[4.77643,61.03015],[4.77815,61.02974],[4.77853,61.02993],[4.77629,61.03319],[4.77621,61.03055],[4.77504,61.02949],[4.77683,61.02847],[4.7784,61.02659],[4.77799,61.02602],[4.77901,61.02566],[4.77973,61.0262],[4.78075,61.02617],[4.78151,61.02576]],[[4.7788,61.01522],[4.77802,61.01507],[4.7765,61.01601],[4.77514,61.01874],[4.77768,61.0176],[4.77869,61.01652],[4.7788,61.01522]],[[4.54039,61.0023],[4.54001,61.00198],[4.5385,61.00211],[4.53816,61.00297],[4.5396,61.00334],[4.54039,61.0023]],[[4.65487,61.01063],[4.65358,61.01059],[4.65354,61.01264],[4.65513,61.01214],[4.65487,61.01063]],[[4.6125,61.00988],[4.61264,61.00944]],[[4.74663,61.0171],[4.74769,61.0153],[4.74619,61.01302],[4.74605,61.01058],[4.74411,61.01075],[4.74357,61.00977],[4.74097,61.01235],[4.74106,61.01355],[4.74326,61.01407],[4.74343,61.01484],[4.74245,61.01554],[4.74025,61.01579],[4.74225,61.01625],[4.74131,61.01842],[4.74192,61.02049],[4.74296,61.02105],[4.74453,61.0199],[4.744,61.01908],[4.74561,61.01864],[4.74663,61.0171]],[[4.65152,61.01477],[4.65126,61.01355],[4.65055,61.01342],[4.64932,61.01388],[4.6487,61.0131],[4.65199,61.01181],[4.65213,61.01101],[4.65072,61.00992],[4.64861,61.00963],[4.64872,61.01195],[4.64725,61.01275],[4.64728,61.01425],[4.64975,61.01484],[4.65025,61.01537],[4.65152,61.01477]],[[4.61171,61.01226],[4.61285,61.01164],[4.61254,61.01012],[4.614,61.01012],[4.61387,61.01118],[4.61439,61.01131],[4.61672,61.00886],[4.615,61.00731],[4.61441,61.00924],[4.61382,61.00919],[4.61381,61.00592]],[[4.6125,61.00988],[4.61145,61.00917],[4.61034,61.00909],[4.61031,61.00809],[4.61099,61.00858],[4.61155,61.00845],[4.61078,61.00701],[4.61006,61.00719],[4.60876,61.00685],[4.60663,61.00544],[4.60585,61.00553],[4.60475,61.00609],[4.60454,61.00825],[4.60756,61.0091],[4.60983,61.01234],[4.61171,61.01226]],[[4.60437,61.01208],[4.60295,61.01118],[4.6047,61.01178],[4.60533,61.01161],[4.60452,61.00944],[4.6031,61.00963],[4.60283,61.01101],[4.60068,61.01077],[4.60063,61.0114],[4.59955,61.01171]],[[4.6697,61.01715],[4.67313,61.01507],[4.67072,61.01554],[4.66972,61.0151],[4.66828,61.01704]],[[4.70655,61.02],[4.70903,61.01576],[4.70583,61.01338],[4.7047,61.01321]],[[4.71108,61.02035],[4.71006,61.01824],[4.7133,61.014],[4.70829,61.0118],[4.70773,61.01005],[4.70592,61.00949]],[[4.78151,61.02576],[4.78342,61.02298],[4.78302,61.02223],[4.78156,61.02178],[4.77946,61.02188],[4.77883,61.02318],[4.7733,61.02289],[4.77065,61.02493]],[[4.74918,61.07958],[4.74964,61.07818],[4.75077,61.07755],[4.74974,61.07566],[4.74991,61.07293],[4.7515,61.07303],[4.75159,61.07224],[4.75104,61.07187],[4.74958,61.07207],[4.74831,61.0705],[4.74994,61.07054],[4.75128,61.07161],[4.75349,61.07172],[4.75418,61.07109],[4.7534,61.06973],[4.75146,61.06874],[4.75119,61.0678],[4.74991,61.06724],[4.74897,61.06759],[4.74853,61.06737],[4.75019,61.06646],[4.75252,61.06704],[4.75455,61.06509],[4.75604,61.06538],[4.75658,61.06465],[4.75636,61.06358],[4.75436,61.06203],[4.75451,61.05995],[4.75341,61.05815],[4.75363,61.05174],[4.75142,61.05037],[4.75048,61.04765],[4.75037,61.04306],[4.74917,61.04278],[4.74539,61.04486],[4.7462,61.04249],[4.74415,61.04266],[4.74477,61.04096],[4.7435,61.03899],[4.74237,61.03971],[4.74135,61.04153],[4.74231,61.04441],[4.74055,61.0444],[4.73944,61.04525],[4.73985,61.04848],[4.74126,61.04877],[4.73942,61.04997],[4.73853,61.05222],[4.73663,61.05304],[4.73588,61.05407],[4.73689,61.05547],[4.73469,61.05881],[4.73515,61.05921],[4.73611,61.05875],[4.73669,61.05896],[4.73476,61.06021],[4.73525,61.06182],[4.73303,61.06475],[4.73595,61.06793],[4.73437,61.07075],[4.73235,61.07146],[4.73137,61.07291],[4.73194,61.07446],[4.73321,61.07471],[4.73108,61.07819]],[[4.96438,61.00538],[4.96466,61.00586]],[[4.96466,61.00586],[4.96541,61.00545]],[[4.92791,61.00263],[4.92773,61.00219],[4.92598,61.00172],[4.92488,61.00059],[4.9259,60.99873]],[[4.96438,61.00538],[4.96444,61.00289],[4.9623,61.00064],[4.9619,60.9988]],[[4.65373,60.99965],[4.65208,61.0004],[4.65327,61.00129],[4.65413,61.00115],[4.65485,60.99972]],[[4.65677,60.99926],[4.6553,61.00099],[4.65628,61.00336],[4.65692,61.00293],[4.65702,61.00056],[4.65781,60.99924]],[[4.61526,61.00153],[4.616,61.00124],[4.6156,61.00047]],[[4.58976,60.99992],[4.59189,61.00039],[4.59226,60.99963]],[[4.6156,61.00047],[4.61448,61.00005],[4.61288,61.0007],[4.61327,61.00215],[4.61526,61.00153]],[[4.70072,60.99838],[4.69912,61.0004],[4.69938,61.00201],[4.7027,61.00487],[4.70429,61.00843],[4.70592,61.00949]],[[4.59509,60.9997],[4.59473,61.00026],[4.59603,61.00142],[4.59775,60.99969]],[[4.65541,61.00644],[4.65612,61.00444],[4.65527,61.00415],[4.654,61.00519],[4.65275,61.00515],[4.6543,61.00332],[4.65209,61.00291],[4.65093,61.00447],[4.65163,61.00592],[4.65273,61.00603],[4.65474,61.00732],[4.65541,61.00644]],[[4.67423,61.0088],[4.6753,61.00716],[4.67414,61.00628],[4.67288,61.00691],[4.67227,61.00815],[4.67366,61.00894],[4.67423,61.0088]],[[4.67471,61.00935],[4.67369,61.00925],[4.67392,61.01127],[4.67532,61.01075],[4.67471,61.00935]],[[4.65759,61.01048],[4.6585,61.00827],[4.65974,61.00857],[4.66071,61.00781],[4.65884,61.00736],[4.65842,61.00578],[4.65604,61.00765],[4.65741,61.0086],[4.65628,61.00899],[4.65452,61.00885],[4.65257,61.00944],[4.65557,61.01062],[4.65759,61.01048]],[[4.60331,61.00592],[4.60268,61.00582],[4.60166,61.00648],[4.60149,61.00764],[4.60338,61.00867],[4.60331,61.00592]],[[4.61381,61.00592],[4.61273,61.00461],[4.61128,61.00452],[4.61089,61.00492],[4.61264,61.00944]],[[4.65978,61.01639],[4.66453,61.01357],[4.66432,61.01237],[4.66666,61.01236],[4.66754,61.01159],[4.66907,61.01147],[4.67,61.01507],[4.67223,61.0136],[4.67274,61.01251],[4.67139,61.01245],[4.67041,61.01184],[4.67213,61.01117],[4.67102,61.00949],[4.67197,61.00837],[4.66917,61.00889],[4.66822,61.01001],[4.66625,61.00973],[4.66476,61.01032],[4.66063,61.01015],[4.66227,61.00859],[4.66589,61.00934],[4.66634,61.00853],[4.66949,61.00745],[4.66719,61.00695],[4.66733,61.00637],[4.66644,61.0061],[4.66588,61.00705],[4.66392,61.00716],[4.66371,61.00577],[4.66116,61.00527],[4.66103,61.00445],[4.66429,61.00265],[4.66289,61.00234],[4.66081,61.00383],[4.65982,61.00393],[4.65899,61.00254],[4.66066,61.00002],[4.66412,60.99962]],[[4.66412,60.99962],[4.66662,61.00348],[4.66462,61.00574],[4.6658,61.00596],[4.66619,61.00535],[4.6674,61.00498],[4.66838,61.00609],[4.66897,61.00539],[4.66843,61.00205],[4.67114,61.00034],[4.67408,61.00051],[4.67132,61.00311],[4.67193,61.00455],[4.67275,61.00476],[4.6724,61.00313],[4.67595,61.00126],[4.67648,61.00031],[4.67562,60.99872]],[[4.69148,60.99714],[4.68902,61.00489],[4.6897,61.00489],[4.69274,61.0016],[4.69404,61.00121],[4.69414,61.00209],[4.69295,61.00348],[4.69352,61.00359],[4.69466,61.003],[4.69556,61.00331],[4.69495,61.00568],[4.69529,61.00625],[4.6964,61.00594],[4.69691,61.00639],[4.69623,61.00802],[4.69732,61.00799],[4.69811,61.00712],[4.69896,61.00759],[4.69843,61.00865],[4.697,61.00877],[4.69659,61.00967],[4.69848,61.01032],[4.69874,61.01085],[4.70272,61.01293],[4.7047,61.01321]],[[4.73947,61.02253],[4.74021,61.01986],[4.73911,61.01926],[4.74,61.01554],[4.73945,61.01125],[4.73882,61.01128],[4.7377,61.01281],[4.73479,61.01301],[4.7353,61.01197],[4.73796,61.01141],[4.73844,61.00789],[4.73796,61.00663],[4.73647,61.00606],[4.73711,61.0042],[4.73631,61.00311],[4.73558,61.00298],[4.73513,61.00342],[4.73512,61.00502],[4.73428,61.00468],[4.73383,61.0036],[4.73448,61.00239],[4.73373,61.00047],[4.73547,60.99947]],[[4.72566,60.99844],[4.72265,61.00199],[4.72192,61.00215],[4.72196,60.99899]],[[4.96757,61.48748],[4.96543,61.48734],[4.96476,61.48907],[4.96679,61.4891],[4.96801,61.4886],[4.96757,61.48748]],[[4.93486,61.48745],[4.93384,61.48697],[4.9322,61.48718],[4.9308,61.48784],[4.93082,61.48928],[4.93174,61.48919],[4.93486,61.48745]],[[4.95847,61.49231],[4.95415,61.49369]],[[4.94633,61.49225],[4.94437,61.49263],[4.94507,61.49348],[4.94759,61.49395],[4.94787,61.49358],[4.94633,61.49225]],[[5.00234,61.49596],[4.99974,61.49525],[4.99744,61.49539],[4.99584,61.49604],[5.00106,61.49798]],[[4.89652,61.49106],[4.89533,61.49088],[4.89498,61.48943],[4.89304,61.48957],[4.89272,61.493],[4.89402,61.49307],[4.89637,61.49167],[4.89652,61.49106]],[[4.95415,61.49369],[4.95159,61.49352],[4.95099,61.49393],[4.95377,61.49593],[4.95484,61.49606],[4.9558,61.4956],[4.95693,61.49561],[4.96043,61.49822],[4.96231,61.49912],[4.96426,61.49933]],[[4.96426,61.49933],[4.96722,61.49906],[4.96926,61.4979],[4.96579,61.49199],[4.96474,61.49164],[4.96362,61.49252],[4.96069,61.49133],[4.95847,61.49231]],[[4.93128,61.49426],[4.92857,61.49379],[4.92515,61.49454],[4.9247,61.49498],[4.92729,61.49659],[4.92892,61.49626],[4.92925,61.49566],[4.93173,61.49457],[4.93128,61.49426]],[[4.94934,61.49898],[4.95162,61.49945],[4.95249,61.49868],[4.95144,61.49832],[4.95003,61.49685],[4.95024,61.49461],[4.94815,61.49391],[4.94781,61.49436],[4.94912,61.49467],[4.94916,61.49507],[4.94464,61.49606],[4.94516,61.49747],[4.94117,61.4972],[4.94,61.49739],[4.93954,61.49802],[4.94043,61.49922],[4.94433,61.50011],[4.94502,61.50112],[4.94611,61.5009],[4.94934,61.49898]],[[4.91333,61.49949],[4.91137,61.49828],[4.91195,61.4968],[4.9142,61.49664],[4.91324,61.49788],[4.91649,61.4981],[4.91916,61.4974],[4.91986,61.49666],[4.91947,61.49642],[4.91541,61.49695],[4.91541,61.49606],[4.91662,61.49607],[4.91718,61.49557],[4.91672,61.4946],[4.91948,61.49422],[4.92017,61.49371],[4.92134,61.49384],[4.92295,61.49553]],[[4.92559,61.5004],[4.92749,61.49961],[4.92295,61.49553]],[[4.94153,61.50159],[4.94211,61.50065],[4.94113,61.49979],[4.93934,61.49932],[4.93884,61.49845],[4.93777,61.49852],[4.93635,61.49926],[4.93582,61.50015],[4.93265,61.50093]],[[4.96365,61.50185],[4.963,61.50275],[4.96195,61.50311]],[[4.97666,61.5042],[4.97022,61.50146],[4.9679,61.5],[4.96509,61.50076],[4.96365,61.50185]],[[4.91897,61.49991],[4.92019,61.50052],[4.9213,61.50056]],[[4.91333,61.49949],[4.91455,61.49992],[4.91588,61.49968]],[[4.9213,61.50056],[4.92559,61.5004]],[[4.93265,61.50093],[4.93336,61.50178],[4.93759,61.50276],[4.93922,61.50262],[4.94153,61.50159]],[[4.96195,61.50311],[4.95751,61.50436]],[[4.94443,61.50552],[4.94198,61.50539],[4.94073,61.50612],[4.94069,61.50678],[4.94288,61.50681],[4.94443,61.50552]],[[4.9916,61.51422],[4.99187,61.51391],[4.99472,61.51384],[4.99522,61.51352],[4.99331,61.51085],[4.99462,61.51005],[4.99427,61.50943],[4.99147,61.50919],[4.98871,61.50656],[4.98647,61.50561],[4.98383,61.50534],[4.98052,61.50638],[4.97826,61.50505]],[[4.93142,61.51154],[4.93826,61.50996],[4.93263,61.50938],[4.93126,61.51085],[4.9291,61.51126],[4.92799,61.51206],[4.93079,61.51253],[4.93166,61.51196],[4.93142,61.51154]],[[4.92356,61.51462],[4.92424,61.51395],[4.92342,61.51348],[4.92251,61.51431],[4.91998,61.51433],[4.92088,61.51551],[4.92356,61.51462]],[[4.98761,61.51578],[4.98407,61.51838],[4.98637,61.51885],[4.9882,61.52077],[4.98949,61.5211],[4.99121,61.52041],[4.99276,61.518],[4.9916,61.51422]],[[4.95751,61.50436],[4.95507,61.50559],[4.94927,61.50487],[4.9488,61.50584],[4.94759,61.50606],[4.94727,61.50678],[4.94535,61.50759],[4.94515,61.50875],[4.94074,61.51007],[4.93898,61.51167],[4.93508,61.5115],[4.92976,61.51395],[4.92749,61.51319],[4.92503,61.51424],[4.92703,61.51514],[4.92536,61.51638],[4.92558,61.51714],[4.92743,61.51716],[4.93161,61.5185],[4.93232,61.51913],[4.93222,61.51999],[4.93021,61.51977],[4.93,61.52071],[4.93135,61.52161],[4.93095,61.52199]],[[4.88192,61.51821],[4.88173,61.51776],[4.87628,61.51632],[4.87464,61.51651],[4.87537,61.51734],[4.87977,61.51819],[4.8811,61.51939],[4.88193,61.51917],[4.88192,61.51821]],[[4.94887,61.52764],[4.95201,61.52601],[4.95492,61.52541],[4.95604,61.52396],[4.95701,61.52399],[4.958,61.5247],[4.96159,61.52479],[4.96312,61.52302],[4.96269,61.52076],[4.96409,61.51899],[4.9655,61.51889],[4.96956,61.52044],[4.97135,61.52026],[4.97132,61.51899],[4.96896,61.51651],[4.9708,61.51553],[4.97121,61.51459],[4.97274,61.51359],[4.97724,61.51256],[4.97828,61.5129],[4.97721,61.51363],[4.97898,61.51347],[4.97928,61.51389],[4.9774,61.51503],[4.97693,61.516],[4.97807,61.51809],[4.9797,61.51777],[4.98048,61.51663],[4.98356,61.51481],[4.98766,61.51562]],[[4.93021,61.52215],[4.92845,61.52158],[4.92657,61.52012],[4.92278,61.51902],[4.91687,61.51889],[4.91599,61.51932],[4.9191,61.52365],[4.92103,61.52332],[4.92229,61.52131],[4.92413,61.5207],[4.92558,61.521],[4.92614,61.52158],[4.92515,61.52436],[4.9238,61.52567],[4.92472,61.52633]],[[4.86372,61.52121],[4.86427,61.51996],[4.86339,61.51944],[4.86176,61.51964],[4.86237,61.52078],[4.86095,61.5209],[4.86061,61.52153],[4.86156,61.52173],[4.86372,61.52121]],[[4.92472,61.52633],[4.92499,61.52682],[4.92336,61.52749]],[[4.84169,61.53189],[4.84707,61.53021],[4.84561,61.52927],[4.84225,61.52848],[4.84133,61.5286],[4.84082,61.52934],[4.84226,61.5304],[4.84177,61.53104],[4.84067,61.53155],[4.83944,61.53151],[4.83975,61.53202],[4.84169,61.53189]],[[4.92336,61.52749],[4.92038,61.52806],[4.91721,61.52931],[4.91827,61.53029],[4.9196,61.53069],[4.91903,61.53364],[4.92246,61.53275],[4.92392,61.53413],[4.92723,61.53581],[4.92641,61.53688],[4.92384,61.53821],[4.92565,61.53892],[4.92266,61.54025],[4.92287,61.54106],[4.92394,61.54142],[4.92613,61.54133],[4.92845,61.54048],[4.93118,61.53639],[4.9332,61.53556],[4.93457,61.53569],[4.93564,61.53538],[4.93795,61.5341],[4.94048,61.53351],[4.94668,61.53023],[4.9478,61.52807]],[[4.92613,61.54571],[4.92668,61.54318],[4.92473,61.54385],[4.92362,61.54553]],[[4.97529,61.54937],[4.97817,61.54836],[4.9794,61.54743],[4.97837,61.54681],[4.97115,61.54801],[4.96926,61.54892]],[[4.92362,61.54553],[4.92401,61.54673],[4.92479,61.54691],[4.92574,61.54667],[4.92613,61.54571]],[[4.96926,61.54892],[4.96611,61.54961],[4.96594,61.55017],[4.96707,61.55123],[4.97207,61.55076],[4.97215,61.55148],[4.97431,61.55227],[4.97554,61.55216],[4.97691,61.55138],[4.97641,61.55033],[4.97447,61.54998],[4.97529,61.54937]],[[4.97722,61.55311],[4.98423,61.55344],[4.98585,61.55272],[4.98096,61.55244],[4.97718,61.55276],[4.97722,61.55311]],[[4.87257,61.54771],[4.87211,61.54707],[4.87097,61.54743],[4.86767,61.5469],[4.86675,61.54749],[4.86391,61.54771],[4.86707,61.54862],[4.87257,61.54771]],[[4.97667,61.55672],[4.98042,61.55643],[4.9824,61.55526],[4.98068,61.55522],[4.97949,61.55572],[4.97799,61.55559],[4.97834,61.55448],[4.97651,61.5543],[4.97245,61.55552],[4.97004,61.55489],[4.97121,61.55621],[4.97272,61.55629],[4.97304,61.55676],[4.97667,61.55672]],[[4.93082,61.55494],[4.92598,61.55398],[4.92337,61.5543],[4.92304,61.55369],[4.91744,61.55327],[4.9154,61.5516],[4.91396,61.55216],[4.91156,61.55161],[4.90874,61.55161],[4.91428,61.55397],[4.91969,61.55383],[4.91657,61.55511],[4.92021,61.55629],[4.92398,61.55625],[4.92749,61.55544],[4.93029,61.5555],[4.93119,61.55524],[4.93082,61.55494]],[[4.76401,61.55013],[4.76187,61.54988],[4.76439,61.55205],[4.7669,61.55287],[4.76636,61.55132],[4.76698,61.55083],[4.76401,61.55013]],[[4.84852,61.56316],[4.84773,61.56321]],[[4.84773,61.56321],[4.84635,61.56268],[4.84317,61.56274],[4.84068,61.56206],[4.83821,61.56215],[4.83837,61.56128],[4.83729,61.5611],[4.83463,61.56127],[4.83142,61.56079],[4.8276,61.56106],[4.828,61.56294],[4.82652,61.56259],[4.82561,61.56171],[4.82264,61.56167],[4.82225,61.56086],[4.81587,61.56042],[4.81489,61.56083],[4.81047,61.55907],[4.80742,61.55842]],[[4.9826,61.57812],[4.98244,61.57713],[4.98148,61.57646],[4.98188,61.57592],[4.97861,61.57606],[4.97831,61.57646],[4.97542,61.57687],[4.98129,61.57743],[4.98107,61.57833],[4.98191,61.57868],[4.9826,61.57812]],[[4.9901,61.58039],[4.99254,61.58022],[4.9945,61.57889],[4.99188,61.57742]],[[5.00163,61.57877],[4.9961,61.57832],[4.99529,61.57959],[4.99681,61.58108],[5.00049,61.58098]],[[4.90649,61.57181],[4.9058,61.57187],[4.90481,61.57322],[4.90562,61.57472],[4.90737,61.57503],[4.90824,61.57487],[4.90865,61.5741],[4.90739,61.57214],[4.90649,61.57181]],[[4.99116,61.57715],[4.98942,61.57657],[4.98571,61.57609],[4.98526,61.57664],[4.9831,61.57707],[4.98216,61.57951],[4.97975,61.57959],[4.97835,61.58043],[4.98079,61.58065],[4.98247,61.57989],[4.98573,61.58043]],[[4.78003,61.56486],[4.77744,61.56427],[4.77557,61.56496],[4.77951,61.5658],[4.78036,61.56537],[4.78003,61.56486]],[[4.93294,61.57799],[4.93565,61.57813],[4.94139,61.57636],[4.94227,61.57568],[4.9355,61.57413],[4.93368,61.57325],[4.93289,61.57394],[4.93206,61.57401],[4.92975,61.57329],[4.92745,61.57313],[4.92739,61.57453],[4.92883,61.57651],[4.92803,61.57721],[4.92841,61.57762],[4.93074,61.57889],[4.93294,61.57799]],[[4.80742,61.55842],[4.80274,61.55836],[4.80355,61.55762],[4.80266,61.55723],[4.7977,61.5571],[4.79757,61.55856],[4.79853,61.5592],[4.79988,61.55908],[4.80036,61.55985],[4.7949,61.56065],[4.78645,61.55922],[4.7848,61.5597],[4.78857,61.56221],[4.78383,61.56161],[4.7829,61.56056],[4.78067,61.56157],[4.78428,61.56431],[4.78595,61.56315],[4.78842,61.56359],[4.79013,61.56325],[4.79003,61.56483],[4.79198,61.56472],[4.79208,61.5656],[4.79324,61.56626],[4.79167,61.56846],[4.79786,61.56817],[4.80164,61.56882],[4.80307,61.56854],[4.80393,61.56897]],[[4.80393,61.56897],[4.80523,61.56933],[4.80685,61.56919],[4.80607,61.56993],[4.80649,61.57033],[4.80976,61.57001],[4.8115,61.57058],[4.81429,61.56994],[4.81567,61.57052],[4.81737,61.5696],[4.81776,61.56982],[4.81698,61.57049],[4.81803,61.57069],[4.82002,61.56966],[4.82025,61.56863],[4.82125,61.56839],[4.8216,61.56908],[4.81969,61.57123],[4.82283,61.57084],[4.82227,61.57168],[4.821,61.5721],[4.82503,61.57327],[4.82687,61.5731],[4.82797,61.57252],[4.82962,61.57331],[4.83395,61.57392],[4.83726,61.57392],[4.83847,61.57438],[4.83956,61.5736],[4.8443,61.57354],[4.84728,61.57299],[4.84954,61.57372],[4.85094,61.57285],[4.8525,61.57289],[4.86129,61.57592],[4.86321,61.57584],[4.86581,61.57507],[4.8668,61.57533],[4.86922,61.57467],[4.87031,61.5747],[4.87098,61.57516],[4.87252,61.57485],[4.87487,61.575],[4.87815,61.57427],[4.87986,61.57314],[4.87965,61.57176],[4.87791,61.57165],[4.87767,61.57289],[4.87468,61.5729],[4.87423,61.57255],[4.87426,61.57209],[4.87602,61.57162],[4.87697,61.56999],[4.87857,61.57005],[4.88328,61.57171],[4.89113,61.56986],[4.89335,61.56867],[4.89267,61.56833],[4.8909,61.56849],[4.88875,61.56743],[4.88486,61.56685],[4.88203,61.56719],[4.87777,61.5656],[4.87634,61.56544],[4.87555,61.56555],[4.87494,61.56629],[4.87627,61.5682],[4.87578,61.5685],[4.87384,61.56741],[4.8718,61.56733],[4.87086,61.56693],[4.87058,61.56498],[4.86635,61.56479],[4.86219,61.5656],[4.86014,61.56517],[4.86136,61.56437],[4.86088,61.56394],[4.85803,61.5635],[4.85541,61.56386],[4.85204,61.56377],[4.85159,61.56351],[4.85221,61.56306],[4.8514,61.5624],[4.84879,61.56243],[4.84852,61.56316]],[[4.98842,61.58556],[4.99124,61.58487],[4.99097,61.58443],[4.98877,61.5845]],[[4.92634,61.57982],[4.92396,61.57917],[4.9227,61.57928],[4.92266,61.58078],[4.92722,61.58099],[4.92634,61.57982]],[[4.98877,61.5845],[4.98362,61.58561],[4.98842,61.58556]],[[5.00124,61.58421],[4.99813,61.58587],[4.99352,61.58615],[4.99292,61.58778],[4.99412,61.588],[5.00045,61.58648]],[[4.96279,61.58412],[4.96556,61.58487],[4.96871,61.58296],[4.97148,61.58262],[4.9736,61.58126],[4.97272,61.58043],[4.97395,61.57994],[4.97402,61.57937],[4.9681,61.57911],[4.97012,61.57817],[4.97016,61.57731],[4.96921,61.57702],[4.96433,61.57718],[4.95885,61.57916],[4.96075,61.58062],[4.95919,61.58176],[4.95898,61.58261],[4.96052,61.58282],[4.96004,61.58366],[4.9615,61.58419],[4.9612,61.58488],[4.96227,61.58485],[4.96279,61.58412]],[[4.98779,61.58751],[4.98959,61.58692],[4.98805,61.58669]],[[4.76958,61.56658],[4.76933,61.56587],[4.77204,61.56456],[4.77236,61.56355],[4.77097,61.56138],[4.77403,61.56092],[4.77422,61.55968],[4.773,61.55917],[4.77547,61.55817],[4.77448,61.55693],[4.7726,61.55638],[4.76987,61.55397],[4.76754,61.55367],[4.77005,61.55572],[4.76969,61.55598],[4.76087,61.55271],[4.76035,61.55329],[4.7588,61.55321],[4.75498,61.55184],[4.75255,61.55184],[4.75212,61.55213],[4.75337,61.55289],[4.75742,61.55355],[4.75778,61.55399],[4.75207,61.55427],[4.74286,61.55223],[4.74084,61.55266],[4.74137,61.55342],[4.74065,61.55376],[4.73898,61.55298],[4.73345,61.55336],[4.73281,61.55407],[4.73344,61.55451],[4.73529,61.55476],[4.73522,61.5559],[4.74003,61.55701],[4.73693,61.55744],[4.73629,61.55854],[4.73431,61.55842],[4.73417,61.55885],[4.73746,61.56051],[4.74121,61.56132],[4.7437,61.5614],[4.74285,61.56264],[4.74445,61.56229],[4.74557,61.56146],[4.74994,61.56255],[4.75357,61.56511],[4.75152,61.56512],[4.75065,61.56573],[4.75226,61.56667],[4.75608,61.56722],[4.75937,61.56837],[4.759,61.57071],[4.76257,61.5708],[4.76345,61.5701],[4.76265,61.56892],[4.76314,61.56831],[4.76496,61.56792],[4.76663,61.56701],[4.76958,61.56658]],[[4.98805,61.58669],[4.98624,61.58688],[4.98428,61.58772],[4.98595,61.58857],[4.98604,61.58809],[4.98779,61.58751]],[[5.00091,61.58665],[4.99892,61.58811],[4.99994,61.58871],[4.99831,61.58918],[5.00011,61.58966]],[[4.96007,61.5854],[4.95658,61.58584],[4.95606,61.58626],[4.95643,61.58729],[4.96297,61.58668],[4.96007,61.5854]],[[4.85356,61.5798],[4.85599,61.5787],[4.85591,61.57777],[4.85176,61.57686],[4.84714,61.5775],[4.84681,61.57877],[4.85356,61.5798]],[[4.93893,61.58524],[4.94091,61.58462],[4.94229,61.58499],[4.94247,61.58446],[4.94078,61.58436],[4.94193,61.58325],[4.94358,61.58291],[4.94387,61.58192],[4.9452,61.58112],[4.94256,61.57916],[4.94396,61.57857],[4.94217,61.57804],[4.94119,61.5783],[4.94074,61.57921],[4.93687,61.57965],[4.93493,61.58089],[4.9361,61.58451],[4.93516,61.58455],[4.93087,61.58312],[4.93063,61.58351],[4.93175,61.58423],[4.9292,61.58533],[4.92875,61.58624],[4.9315,61.58701],[4.93625,61.5872],[4.93794,61.58664],[4.93893,61.58524]],[[4.73902,61.57692],[4.73969,61.57658],[4.73685,61.57646],[4.73749,61.57562],[4.73483,61.57515],[4.73155,61.5755],[4.72517,61.57473],[4.72314,61.57537],[4.72351,61.57574]],[[5.00227,61.59501],[4.99918,61.59472],[4.99871,61.59382],[5.00106,61.59257]],[[5.00106,61.59257],[4.99851,61.59248],[4.9949,61.59135],[4.99757,61.59034],[5.00027,61.59015]],[[4.92786,61.59229],[4.93223,61.59248],[4.93337,61.59218],[4.93196,61.59152],[4.92845,61.59133],[4.92732,61.59171],[4.92786,61.59229]],[[4.8223,61.5845],[4.82394,61.5855],[4.82695,61.58537],[4.83106,61.58608]],[[4.72351,61.57574],[4.72567,61.57688],[4.73204,61.57749],[4.73204,61.57819],[4.73037,61.57839],[4.73099,61.57892],[4.74047,61.57953],[4.74077,61.57925],[4.73976,61.57889],[4.7404,61.57839],[4.7381,61.57807],[4.73902,61.57692]],[[5.00235,61.59695],[4.99939,61.59691],[4.99678,61.59762],[4.99846,61.59822],[5.00208,61.59841]],[[4.79843,61.58552],[4.80176,61.586],[4.80728,61.58573],[4.8059,61.58435],[4.80625,61.58412],[4.81088,61.58483],[4.81388,61.58486],[4.8154,61.58575],[4.81648,61.58549],[4.8157,61.58392],[4.81812,61.58382],[4.8223,61.5845]],[[4.79492,61.58504],[4.79134,61.5847],[4.7886,61.58348],[4.78675,61.58318],[4.7851,61.58379],[4.79202,61.5857],[4.79522,61.58575],[4.79492,61.58504]],[[4.83106,61.58608],[4.83394,61.58639],[4.83619,61.58713],[4.83819,61.58704],[4.83847,61.5876],[4.84008,61.58814],[4.84565,61.58821],[4.84956,61.58889],[4.85667,61.5882],[4.86054,61.58859],[4.86792,61.59013],[4.86728,61.59115],[4.86794,61.59163],[4.87261,61.59107],[4.87429,61.59187],[4.87664,61.59209],[4.88284,61.59114],[4.8856,61.59185],[4.89,61.59184],[4.89122,61.59226]],[[4.73346,61.58078],[4.73145,61.58062],[4.73091,61.58159],[4.73355,61.58203],[4.73588,61.58182],[4.73346,61.58078]],[[4.88989,61.59631],[4.89203,61.59591],[4.89351,61.59627],[4.89461,61.59608],[4.89393,61.59513],[4.89192,61.59506],[4.89122,61.59226]],[[4.93787,61.59961],[4.94081,61.59889],[4.94335,61.59989],[4.94462,61.59953],[4.94505,61.59876],[4.94405,61.59794],[4.94225,61.59811],[4.9399,61.59719],[4.93539,61.59658],[4.93264,61.59796],[4.93203,61.59874],[4.93415,61.59921],[4.93444,61.59998],[4.93787,61.59961]],[[4.79843,61.58552],[4.79736,61.58613],[4.79281,61.58638],[4.78972,61.58593],[4.78756,61.5866],[4.78657,61.58622],[4.78603,61.58665],[4.78724,61.58775],[4.79395,61.58864],[4.79454,61.58949],[4.79684,61.59032]],[[4.92471,61.60005],[4.927,61.59855],[4.93068,61.59858],[4.93271,61.59725],[4.93116,61.59703],[4.9294,61.59593],[4.91697,61.59466],[4.91553,61.59591],[4.91674,61.59823],[4.91892,61.59832],[4.92147,61.59767],[4.92333,61.59847],[4.92314,61.59924],[4.9216,61.59919],[4.92046,61.60096],[4.92471,61.60005]],[[5.00037,61.60546],[4.99885,61.60618],[5.00315,61.60719]],[[4.9188,61.59963],[4.91586,61.59978],[4.91373,61.60066],[4.91341,61.60153],[4.91508,61.60147],[4.9188,61.59963]],[[4.79654,61.59121],[4.79424,61.59014],[4.79219,61.59009],[4.7923,61.59063],[4.79429,61.59096],[4.79422,61.5915],[4.79582,61.59187],[4.7952,61.59252],[4.79599,61.59287]],[[4.79599,61.59287],[4.79702,61.59295],[4.79755,61.59258],[4.79729,61.59141],[4.79654,61.59121]],[[4.88989,61.59631],[4.88902,61.59654],[4.88946,61.59708],[4.88839,61.59804],[4.88155,61.59859],[4.88053,61.59958],[4.88195,61.59979],[4.88526,61.59873],[4.88913,61.59861]],[[4.92357,61.60268],[4.92664,61.60272],[4.92891,61.60127],[4.9276,61.60051],[4.9257,61.60051],[4.92153,61.60287],[4.92357,61.60268]],[[4.79684,61.59032],[4.8016,61.59193],[4.80121,61.59219],[4.80009,61.5918],[4.79821,61.59191],[4.79956,61.59337],[4.80325,61.59392],[4.80442,61.59489],[4.80739,61.596],[4.81416,61.59376],[4.815,61.5952],[4.81707,61.5956],[4.82185,61.5931],[4.82202,61.59124],[4.82282,61.59081]],[[4.88758,61.60332],[4.88996,61.60256],[4.89042,61.60183],[4.8895,61.60126],[4.89198,61.60099],[4.89397,61.59864],[4.89268,61.59834],[4.88913,61.59861]],[[4.89962,61.60597],[4.89933,61.60515],[4.89732,61.60531],[4.89743,61.60438],[4.8967,61.6043],[4.89575,61.60677],[4.89876,61.60641],[4.89962,61.60597]],[[4.82528,61.60374],[4.82201,61.60214],[4.82081,61.60204],[4.81856,61.60254],[4.82198,61.60346],[4.82323,61.60438],[4.82471,61.60424],[4.82528,61.60374]],[[4.73608,61.59991],[4.73298,61.59905],[4.7317,61.59924],[4.73188,61.59975],[4.73356,61.60003],[4.73435,61.60065],[4.73554,61.60052],[4.73608,61.59991]],[[4.8218,61.6077],[4.82336,61.607],[4.82478,61.60691],[4.82482,61.6066],[4.8236,61.60634],[4.82164,61.60689],[4.81821,61.60669],[4.81609,61.60762],[4.81801,61.60801],[4.8218,61.6077]],[[4.83706,61.60716],[4.83507,61.60712],[4.83122,61.60879],[4.82457,61.61059],[4.82269,61.61164],[4.82462,61.6115],[4.82829,61.61027],[4.83033,61.61],[4.83706,61.60716]],[[4.8193,61.60918],[4.81894,61.60877],[4.81699,61.60876],[4.81352,61.60965],[4.81094,61.60951],[4.80956,61.60997],[4.80911,61.61071],[4.8112,61.61088],[4.81533,61.61033],[4.8193,61.60918]],[[4.82299,61.59078],[4.82369,61.5912],[4.82262,61.59216],[4.82479,61.59259],[4.82058,61.59498],[4.81857,61.59558],[4.81919,61.59608],[4.82112,61.59639],[4.8203,61.59692],[4.81821,61.59729],[4.81869,61.59792],[4.82308,61.59857],[4.82335,61.60141],[4.82494,61.60237],[4.82782,61.6026],[4.82748,61.60309],[4.8262,61.60331],[4.82706,61.60417],[4.82585,61.60504],[4.82651,61.60601],[4.83075,61.60578],[4.83373,61.60502],[4.84191,61.60398],[4.84212,61.60511],[4.83959,61.60582],[4.83894,61.60659],[4.84103,61.60667],[4.8446,61.60604],[4.84878,61.60452],[4.84783,61.60621],[4.84804,61.60734],[4.84845,61.60774],[4.85014,61.60759],[4.85119,61.60657],[4.84935,61.60562],[4.85117,61.60463],[4.85199,61.60313],[4.854,61.60256],[4.85322,61.60428],[4.85483,61.6046],[4.85277,61.60606],[4.85345,61.6063],[4.85507,61.60564],[4.85628,61.60599],[4.8537,61.60714],[4.85004,61.60808],[4.84692,61.60975],[4.84488,61.6129],[4.84518,61.61358],[4.85074,61.61236],[4.85286,61.6125],[4.85396,61.61298],[4.85506,61.61284],[4.85449,61.61178],[4.85508,61.61107],[4.85647,61.61277],[4.85871,61.6114],[4.85861,61.61253],[4.85932,61.61306],[4.86225,61.61264],[4.86363,61.61173],[4.86595,61.61139],[4.86559,61.61276],[4.86617,61.61291],[4.86957,61.61107],[4.87068,61.6111],[4.87171,61.61065],[4.87066,61.60973],[4.87079,61.60893],[4.87323,61.60679],[4.87501,61.60648],[4.87716,61.60472],[4.87695,61.60609],[4.87787,61.60646],[4.87657,61.60822],[4.87487,61.60822],[4.87482,61.60952],[4.87548,61.6097],[4.87466,61.61093],[4.87601,61.61124],[4.87629,61.61196],[4.87798,61.61089],[4.8792,61.61163],[4.88063,61.61138],[4.8851,61.60722],[4.88434,61.60659],[4.88437,61.60492],[4.88195,61.60567],[4.88059,61.60545],[4.88758,61.60332]],[[4.84181,61.60838],[4.84298,61.60847],[4.84354,61.60757],[4.84149,61.60781],[4.83575,61.60959],[4.83298,61.6114],[4.83158,61.61206],[4.83045,61.61207],[4.82703,61.61373],[4.82672,61.61434],[4.83119,61.61431],[4.83737,61.61123],[4.84074,61.6101],[4.84169,61.6094],[4.84181,61.60838]],[[4.83701,61.61458],[4.83548,61.61465],[4.83322,61.61544],[4.8329,61.61632],[4.83411,61.61672],[4.83436,61.61752],[4.83539,61.61758],[4.83619,61.61713],[4.83701,61.61458]],[[4.84843,61.61812],[4.85019,61.61615],[4.85091,61.61669],[4.85185,61.61639],[4.85291,61.6166],[4.85284,61.61767],[4.8536,61.61781],[4.85457,61.61743],[4.85436,61.61636],[4.85595,61.61478],[4.8555,61.6137],[4.8527,61.61339],[4.8497,61.61553],[4.84825,61.61505],[4.84694,61.61544],[4.84709,61.61735],[4.84588,61.61744],[4.84467,61.6186],[4.84698,61.61859],[4.84843,61.61812]],[[4.97644,61.62582],[4.97609,61.62553],[4.97542,61.62586],[4.97548,61.62727],[4.97663,61.62883],[4.97712,61.62797],[4.97644,61.62582]],[[4.82886,61.61533],[4.82606,61.61521],[4.82463,61.61581],[4.82391,61.61645],[4.82387,61.61789],[4.82886,61.61533]],[[4.95867,61.62357],[4.95949,61.62209],[4.95888,61.62163],[4.95785,61.62202],[4.95654,61.62167],[4.95389,61.62164],[4.95282,61.62296],[4.95175,61.62235],[4.95096,61.62272],[4.95068,61.6274],[4.95525,61.62892],[4.95725,61.62882],[4.95772,61.62848],[4.95867,61.62357]],[[4.85362,61.61939],[4.85121,61.61923],[4.85094,61.61953],[4.85453,61.62184],[4.85362,61.61939]],[[4.97362,61.63092],[4.97582,61.63095],[4.97637,61.63044],[4.97512,61.62905],[4.97475,61.62745]],[[4.97475,61.62745],[4.97228,61.62414],[4.97035,61.62406],[4.96873,61.62443],[4.96926,61.62328],[4.96871,61.62275],[4.96602,61.62197],[4.96164,61.6215],[4.96148,61.62371],[4.96025,61.62502],[4.96177,61.6279],[4.96355,61.62822],[4.9645,61.62935],[4.96942,61.62973],[4.97113,61.62966],[4.97269,61.62872],[4.9727,61.63073],[4.97362,61.63092]],[[4.7905,61.60939],[4.78841,61.61048],[4.78548,61.61129],[4.78238,61.6144],[4.78376,61.61498],[4.78257,61.61579],[4.78575,61.6172],[4.78701,61.61689],[4.78835,61.61586]],[[4.87703,61.6219],[4.87584,61.6217],[4.87389,61.62297],[4.87452,61.62443],[4.87507,61.62367],[4.87797,61.62274],[4.87703,61.6219]],[[4.85181,61.62325],[4.85011,61.61912],[4.84718,61.61922],[4.84512,61.61999]],[[4.78835,61.61586],[4.79068,61.61461],[4.79158,61.61492],[4.79289,61.61455],[4.79441,61.61474],[4.79355,61.61697],[4.79194,61.61701],[4.79061,61.61809],[4.79214,61.61875],[4.79339,61.61825],[4.79423,61.61926],[4.79619,61.6186],[4.79675,61.61608],[4.79995,61.61224],[4.79961,61.61067],[4.79686,61.6089],[4.7951,61.60957],[4.79338,61.609],[4.7905,61.60939]],[[4.8702,61.62065],[4.87233,61.62086],[4.87399,61.61827],[4.87277,61.61743],[4.87093,61.61744],[4.87058,61.61599],[4.86907,61.61534],[4.86712,61.61642],[4.8672,61.61768],[4.86539,61.61847],[4.86566,61.61985],[4.86417,61.61965],[4.86379,61.62177],[4.86557,61.6254],[4.86637,61.62579],[4.86756,61.62471],[4.86723,61.62345],[4.86889,61.62293],[4.8702,61.62065]],[[4.95555,61.63208],[4.95715,61.63195],[4.95761,61.63039],[4.95439,61.62936],[4.95101,61.62933],[4.95091,61.63108],[4.95228,61.63142],[4.95258,61.63217],[4.95375,61.63237],[4.95555,61.63208]],[[4.8359,61.62197],[4.83545,61.62069],[4.83457,61.62029],[4.83464,61.61928],[4.83234,61.62003],[4.83082,61.61999],[4.83062,61.6216],[4.83192,61.62195],[4.83356,61.62134],[4.83355,61.62273],[4.83563,61.62364],[4.8359,61.62197]],[[4.96466,61.63409],[4.96602,61.63305],[4.96824,61.63231],[4.96824,61.63175],[4.96321,61.63098],[4.96148,61.63118],[4.9611,61.63353],[4.96466,61.63409]],[[4.87403,61.62532],[4.87293,61.62477],[4.8705,61.6264],[4.87307,61.62879],[4.87393,61.62756],[4.87403,61.62532]],[[4.83012,61.6236],[4.82943,61.62333],[4.83009,61.62271],[4.82861,61.62241],[4.82763,61.62302],[4.82798,61.62496],[4.82614,61.62553],[4.82672,61.62671],[4.82746,61.62665],[4.82892,61.62549],[4.83012,61.6236]],[[5.00312,61.627],[4.99955,61.62737],[4.99917,61.62644],[4.99661,61.62612],[4.99439,61.62631],[4.99402,61.62682],[4.99545,61.62753],[4.99766,61.62747],[4.99739,61.62791],[4.99494,61.62814],[4.99156,61.62732],[4.99091,61.62781],[4.99085,61.6286],[4.9921,61.62883],[4.99333,61.63151],[4.99502,61.63205],[4.99677,61.63184],[4.99705,61.6326],[4.99527,61.63318],[4.99503,61.63404],[4.99785,61.6351],[4.99968,61.63492],[5.00069,61.6357]],[[5.00069,61.6357],[4.99776,61.63731],[4.99787,61.63785],[4.99915,61.63796],[5.00023,61.64105]],[[4.80325,61.62706],[4.80408,61.62636],[4.80316,61.62511],[4.80226,61.62523],[4.80133,61.62691]],[[4.81397,61.62787],[4.81479,61.62523],[4.81562,61.62531],[4.81535,61.62632],[4.81595,61.62665],[4.81722,61.62625],[4.81607,61.62526],[4.8166,61.6236],[4.81722,61.62366],[4.81759,61.62471],[4.81985,61.62428],[4.82086,61.62587],[4.82278,61.62442],[4.82244,61.6228],[4.82157,61.62217],[4.81942,61.62166],[4.82206,61.61979],[4.81879,61.62035],[4.81816,61.62132],[4.81669,61.6212],[4.82052,61.61822],[4.81981,61.61778],[4.81767,61.6188],[4.81689,61.61986],[4.81381,61.62033],[4.81358,61.62126],[4.81436,61.62222],[4.81343,61.62312],[4.81165,61.62246],[4.81228,61.62147],[4.8106,61.62077],[4.81035,61.61932],[4.80598,61.6212],[4.80504,61.62095],[4.80485,61.61992],[4.80272,61.62106],[4.80021,61.62129],[4.79815,61.62256],[4.79901,61.62503],[4.79857,61.62671]],[[4.83389,61.62936],[4.83359,61.62809],[4.83561,61.62501],[4.835,61.62429],[4.83274,61.6233],[4.83179,61.62388],[4.83267,61.62488],[4.83253,61.62586],[4.8306,61.62709],[4.83167,61.62851],[4.83035,61.62863],[4.83002,61.62907]],[[4.84512,61.61999],[4.84275,61.6202],[4.84065,61.62098],[4.83968,61.62261],[4.83655,61.62516],[4.83704,61.62626],[4.83929,61.62622],[4.8389,61.62748],[4.84022,61.628],[4.84191,61.62669],[4.84259,61.62673],[4.84432,61.62903],[4.84427,61.63014]],[[4.85692,61.63109],[4.85617,61.62977],[4.85689,61.62793],[4.85608,61.6254],[4.85562,61.6252],[4.85496,61.62546],[4.85525,61.62984],[4.85472,61.63017],[4.85372,61.62602],[4.85201,61.62517],[4.85276,61.62389],[4.85181,61.62325]],[[4.96121,61.63886],[4.9638,61.63594],[4.96802,61.63495],[4.96686,61.63447],[4.96686,61.63392],[4.96937,61.63214],[4.97036,61.63243],[4.97008,61.63329],[4.97073,61.63371],[4.97201,61.63238],[4.97309,61.63253]],[[4.9757,61.63994],[4.97651,61.63803],[4.97576,61.63495],[4.97515,61.63362],[4.97309,61.63253]],[[4.99595,61.64143],[4.99701,61.64018],[4.99798,61.64012],[4.99745,61.63968],[4.99631,61.6399],[4.9957,61.63918],[4.9943,61.64131]],[[4.83002,61.62907],[4.83174,61.62971],[4.83332,61.62977],[4.83389,61.62936]],[[4.80325,61.62706],[4.80136,61.62778],[4.80308,61.63009],[4.80593,61.63006],[4.80817,61.63089],[4.81346,61.6288],[4.81397,61.62787]],[[4.92844,61.63881],[4.92529,61.63898],[4.92526,61.6398],[4.92846,61.63962],[4.92844,61.63881]],[[4.81837,61.63009],[4.81767,61.62953],[4.81676,61.6297],[4.81542,61.63211],[4.81631,61.63222],[4.81733,61.63185],[4.81837,61.63009]],[[4.95252,61.63822],[4.95103,61.63997],[4.95238,61.64134],[4.95443,61.64184],[4.95268,61.64359],[4.95318,61.64436],[4.95466,61.6436],[4.95505,61.64138],[4.95381,61.64049],[4.95532,61.63843]],[[4.81902,61.63234],[4.81745,61.63283],[4.81567,61.63563],[4.8178,61.6353],[4.81914,61.63377],[4.81902,61.63234]],[[4.96121,61.63886],[4.96312,61.64453],[4.9631,61.64755],[4.96374,61.64736],[4.96409,61.64494],[4.96352,61.64179],[4.96563,61.64009],[4.96666,61.63986],[4.97042,61.64071]],[[4.99881,61.64479],[4.9967,61.64278],[4.99602,61.6445],[4.9975,61.64496],[4.99567,61.64628],[4.99508,61.64835],[4.99619,61.65032],[4.99928,61.64969],[5.00028,61.64899]],[[5.00028,61.64899],[4.99881,61.64479]],[[4.84427,61.63014],[4.84329,61.63232],[4.84215,61.63153],[4.84143,61.63225],[4.84043,61.63235],[4.83923,61.63142],[4.83789,61.63358],[4.83676,61.63223],[4.83616,61.63224],[4.83426,61.63679],[4.83518,61.63724],[4.83773,61.6359],[4.83874,61.63459],[4.84053,61.63658],[4.83912,61.63705],[4.83934,61.63861],[4.84083,61.63885],[4.84091,61.63726],[4.84207,61.63705],[4.84192,61.63859],[4.84267,61.63981],[4.84343,61.63989],[4.84573,61.63856],[4.84783,61.63878],[4.84623,61.64072],[4.84932,61.64152],[4.85172,61.64164],[4.85197,61.64117],[4.8542,61.64056],[4.85424,61.63895],[4.84958,61.63844],[4.8525,61.63816],[4.85173,61.63671],[4.85376,61.63586],[4.85519,61.63286],[4.85576,61.63295],[4.85607,61.63434],[4.85681,61.63426],[4.85692,61.63109]],[[4.84902,61.64272],[4.85024,61.64216],[4.84971,61.64185],[4.84497,61.64183],[4.84435,61.64216],[4.84747,61.643],[4.84902,61.64272]],[[4.77563,61.63715],[4.77437,61.63711],[4.77208,61.63813],[4.7723,61.63888],[4.77576,61.63821],[4.77616,61.63739],[4.77563,61.63715]],[[4.81659,61.64315],[4.81709,61.64258],[4.81818,61.6427],[4.81953,61.64192],[4.8192,61.64159],[4.81767,61.64192],[4.81905,61.63969],[4.81787,61.63754],[4.81584,61.63986],[4.81689,61.64082],[4.81585,61.64309],[4.81659,61.64315]],[[4.83688,61.64666],[4.83738,61.64617],[4.8383,61.64649],[4.84059,61.64462],[4.84134,61.64494],[4.84409,61.64325],[4.84294,61.64314],[4.84069,61.64439],[4.83957,61.64314],[4.83805,61.64297],[4.838,61.64246],[4.83724,61.64262],[4.83617,61.64659],[4.83688,61.64666]],[[4.90223,61.65118],[4.90157,61.65103],[4.90019,61.65175],[4.90017,61.65504],[4.90091,61.65473],[4.90223,61.65118]],[[4.78031,61.63997],[4.77892,61.63986],[4.77833,61.63869],[4.77751,61.63886],[4.77711,61.63955],[4.77796,61.64166],[4.77699,61.64321],[4.77499,61.64389],[4.77631,61.6452],[4.77634,61.64712],[4.77762,61.64804]],[[4.90207,61.65628],[4.90378,61.65582],[4.9029,61.65506],[4.90394,61.65412],[4.9038,61.652],[4.90213,61.65473],[4.90004,61.65626],[4.90005,61.65809],[4.90207,61.65628]],[[4.90536,61.65769],[4.90507,61.65717],[4.90305,61.65683],[4.90303,61.6598],[4.90536,61.65769]],[[4.78333,61.65201],[4.7821,61.6515],[4.78212,61.65359],[4.78354,61.65383],[4.78415,61.65278],[4.78333,61.65201]],[[4.90519,61.66343],[4.9054,61.66138],[4.90418,61.66075],[4.90271,61.66099],[4.90243,61.66043],[4.9003,61.66179],[4.90027,61.66269],[4.90113,61.66289],[4.90188,61.66207],[4.90289,61.66225],[4.90342,61.66455],[4.90519,61.66343]],[[4.87462,61.65843],[4.87554,61.65843],[4.87615,61.65912],[4.87688,61.6582],[4.87585,61.65689],[4.87648,61.6555],[4.87591,61.65448],[4.87465,61.65498],[4.87346,61.65464],[4.87368,61.65323],[4.87312,61.65302],[4.87215,61.65365],[4.87188,61.65491],[4.87313,61.66262],[4.87517,61.6603],[4.87452,61.65994],[4.87462,61.65843]],[[4.77762,61.64804],[4.78235,61.65003],[4.78364,61.65103],[4.78668,61.65092],[4.79054,61.65147],[4.79418,61.65301],[4.79466,61.65423],[4.79345,61.65588],[4.79528,61.65658],[4.79644,61.65782],[4.79478,61.65808],[4.79272,61.65779],[4.79199,61.65814],[4.79397,61.65966],[4.79478,61.65987],[4.79582,61.65964],[4.79764,61.66011],[4.79769,61.65891],[4.7988,61.65887],[4.79911,61.65852],[4.79861,61.6544],[4.80054,61.65407],[4.80294,61.65496],[4.8057,61.65498],[4.80905,61.65268],[4.81044,61.65236],[4.80883,61.65003],[4.80744,61.64964],[4.80721,61.64696],[4.80924,61.64723],[4.81014,61.6469],[4.8114,61.64514],[4.81201,61.64109],[4.81282,61.64081],[4.81331,61.64147],[4.81394,61.64145],[4.81371,61.63805],[4.8121,61.6379],[4.81359,61.63634],[4.81258,61.6356],[4.80936,61.63541],[4.80976,61.63492],[4.81119,61.63471],[4.80866,61.63414],[4.80665,61.63489],[4.80813,61.63569],[4.80689,61.63596],[4.8053,61.63575],[4.80446,61.63675],[4.80346,61.637],[4.8014,61.6362],[4.79836,61.63727],[4.79582,61.63711],[4.7952,61.63545],[4.79333,61.63491],[4.7915,61.63532],[4.79081,61.63638],[4.78847,61.63599],[4.78831,61.63536],[4.78725,61.63498],[4.78805,61.63692],[4.78545,61.63691],[4.78397,61.63844],[4.78084,61.63903],[4.78031,61.63997]],[[4.93694,61.66968],[4.93792,61.66911],[4.93945,61.66961],[4.93885,61.66825],[4.94246,61.66531],[4.94265,61.66368],[4.94206,61.66307],[4.94071,61.66378],[4.94038,61.663],[4.93894,61.66331],[4.93604,61.66547],[4.93509,61.66692],[4.93554,61.66934],[4.93453,61.66995],[4.9347,61.67113],[4.93694,61.66968]],[[4.88602,61.66641],[4.88514,61.66621],[4.88439,61.66663],[4.88419,61.66873],[4.88627,61.66726],[4.88602,61.66641]],[[4.84557,61.67396],[4.84489,61.67074],[4.84205,61.67119],[4.84068,61.66995],[4.83983,61.67001],[4.83939,61.67083],[4.83666,61.67039],[4.83659,61.6696],[4.83776,61.66944],[4.83806,61.66797],[4.8397,61.66824],[4.83972,61.66673],[4.84316,61.66656],[4.84428,61.66609],[4.84417,61.66472],[4.8476,61.66295],[4.8484,61.66466],[4.84902,61.6647],[4.84899,61.66262],[4.85018,61.66126],[4.85156,61.66204],[4.85247,61.66101],[4.85349,61.66111],[4.85279,61.66242],[4.85359,61.66559],[4.85667,61.66363],[4.85827,61.6632],[4.86059,61.66314],[4.8604,61.65858],[4.86299,61.65711],[4.86447,61.65718],[4.86397,61.65637],[4.8647,61.65479],[4.86564,61.65497],[4.86598,61.65678],[4.86883,61.65647],[4.86973,61.6574]],[[4.84557,61.67396],[4.84517,61.67447]],[[4.90146,61.67813],[4.90154,61.67737],[4.90225,61.67742],[4.90306,61.6765],[4.90283,61.67417],[4.90215,61.6743],[4.90003,61.67856],[4.90146,61.67813]],[[4.83605,61.67481],[4.83471,61.6721],[4.83416,61.6727],[4.83439,61.67468]],[[4.83841,61.67498],[4.83837,61.67351],[4.83671,61.67278],[4.83702,61.67116],[4.83967,61.67155],[4.84037,61.67509],[4.84117,61.67464],[4.84112,61.67197],[4.84192,61.67166],[4.84286,61.6722],[4.84321,61.67477],[4.84517,61.67447]],[[4.88805,61.6787],[4.88725,61.67864]],[[4.89826,61.67946],[4.89866,61.67557],[4.89984,61.67539],[4.90083,61.67394],[4.89929,61.67425],[4.89898,61.67382],[4.90043,61.67227],[4.90193,61.67236],[4.90225,61.67112],[4.90138,61.66778],[4.9022,61.66558],[4.90192,61.66409],[4.90127,61.66397],[4.90073,61.66539],[4.90016,61.66544],[4.89956,61.66486],[4.89993,61.66296],[4.89924,61.66268],[4.89869,61.66094],[4.89893,61.65905],[4.89832,61.65901],[4.89662,61.66016],[4.89617,61.65905],[4.89541,61.65896],[4.89359,61.66097],[4.89088,61.66127],[4.88974,61.66518],[4.88768,61.66614],[4.88727,61.66826],[4.88609,61.66895],[4.88401,61.66939],[4.88255,61.66867],[4.88189,61.66673],[4.87942,61.66667],[4.88087,61.66456],[4.88061,61.66401],[4.8791,61.6641],[4.8777,61.66612],[4.87673,61.66549],[4.87751,61.66349],[4.87622,61.66379],[4.87438,61.66545],[4.87319,61.66517],[4.87234,61.66262],[4.87077,61.66182],[4.87072,61.65952],[4.86973,61.6574]],[[4.97236,61.68496],[4.97058,61.68286],[4.97095,61.67959],[4.96919,61.67753],[4.97084,61.67436],[4.97256,61.67352],[4.97364,61.66987],[4.9732,61.66919],[4.9743,61.66836],[4.97704,61.66813],[4.97854,61.66609],[4.98078,61.66489],[4.98198,61.66508],[4.98497,61.66217],[4.98741,61.66167],[4.98802,61.66284],[4.98883,61.66294],[4.9884,61.66213],[4.98986,61.65951],[4.99355,61.6573],[4.99492,61.65737],[4.99581,61.65821],[4.99681,61.65835],[4.99872,61.65601],[5.00022,61.65556]],[[5.00046,61.64591],[4.99976,61.64406],[5.00014,61.64174]],[[4.83605,61.67481],[4.83649,61.67593],[4.83791,61.6764],[4.83841,61.67498]],[[4.88805,61.6787],[4.8896,61.67903],[4.89038,61.67984],[4.88983,61.68057],[4.89036,61.68162],[4.89489,61.68421],[4.89734,61.68277],[4.89838,61.68148],[4.89826,61.67946]],[[4.90091,61.68197],[4.90016,61.68193],[4.89946,61.68286],[4.89727,61.68375],[4.89706,61.686],[4.90091,61.68197]],[[4.77447,61.67629],[4.77126,61.67557],[4.76974,61.67611],[4.7705,61.67698],[4.77351,61.67732],[4.77447,61.67629]],[[4.88267,61.698],[4.88342,61.6981],[4.88279,61.69868],[4.8835,61.69885],[4.88557,61.69813],[4.88806,61.69306],[4.88749,61.69155],[4.88692,61.69134],[4.88539,61.6917],[4.88461,61.6907],[4.88526,61.68967],[4.88681,61.68925],[4.88774,61.68764],[4.88749,61.68113],[4.88668,61.6796],[4.88725,61.67864]],[[4.86526,61.69752],[4.86682,61.69745],[4.86675,61.69808]],[[4.87723,61.70013],[4.87863,61.69948],[4.87916,61.69786],[4.88267,61.698]],[[4.97236,61.68496],[4.97348,61.68618],[4.97206,61.68797],[4.97372,61.68788],[4.97322,61.69052],[4.97462,61.69121],[4.97527,61.69403],[4.97892,61.69619],[4.97993,61.69618],[4.98212,61.69511],[4.98402,61.69566],[4.98511,61.6953],[4.98599,61.69555],[4.98472,61.69992],[4.98395,61.69953],[4.98468,61.69718],[4.98224,61.69905],[4.98277,61.70048],[4.98181,61.70434],[4.97654,61.70828]],[[4.85527,61.70106],[4.85653,61.70069],[4.85931,61.70076],[4.86526,61.69752]],[[4.83439,61.67468],[4.83554,61.67583],[4.83509,61.67877],[4.83351,61.67888],[4.83245,61.67804],[4.83172,61.67801],[4.83121,61.67926],[4.82985,61.67935],[4.8309,61.68038],[4.83024,61.6831],[4.82951,61.6831],[4.82886,61.68196],[4.82675,61.68243],[4.82603,61.68346],[4.82643,61.68552],[4.82854,61.6855],[4.82881,61.6885],[4.83062,61.68874],[4.83133,61.69099],[4.83547,61.69452],[4.83524,61.69522],[4.83333,61.69535],[4.8323,61.69513],[4.83063,61.69371],[4.8299,61.69381],[4.83048,61.69446],[4.83045,61.69745],[4.83183,61.69833],[4.83454,61.69862],[4.83621,61.69755],[4.83853,61.69775],[4.84455,61.70294],[4.84523,61.70275],[4.84516,61.70199],[4.8462,61.70164],[4.84876,61.70278],[4.85122,61.70175],[4.85331,61.70194],[4.85527,61.70106]],[[4.85365,61.70593],[4.85336,61.7068]],[[4.85365,61.70593],[4.85714,61.70732],[4.85843,61.70673],[4.8619,61.70655],[4.86302,61.70586],[4.86227,61.7055],[4.86238,61.70494],[4.86389,61.70359],[4.86316,61.70214],[4.86322,61.69978],[4.86406,61.69928],[4.86607,61.6994],[4.86675,61.69808]],[[4.99111,61.72258],[4.99472,61.71982],[4.99682,61.72013],[4.99639,61.72121],[4.99836,61.72211],[4.99956,61.72221],[5.00017,61.72138]],[[5.00017,61.72138],[4.99945,61.7197],[5.0021,61.71859]],[[4.99712,61.7252],[5.00427,61.72389]],[[4.97654,61.70828],[4.97225,61.71232],[4.96968,61.71796],[4.96924,61.72023],[4.97046,61.72349],[4.97512,61.72417],[4.97716,61.72396],[4.98053,61.72293],[4.98086,61.72342],[4.9796,61.72512],[4.98044,61.7255],[4.98303,61.72434],[4.98516,61.72458],[4.98621,61.72371],[4.99111,61.72258]],[[4.85336,61.7068],[4.85726,61.71098],[4.859,61.71175],[4.86026,61.71072],[4.86147,61.71123],[4.86156,61.71221],[4.86286,61.71323],[4.86848,61.71407],[4.86996,61.71637],[4.87323,61.71754],[4.87427,61.71742],[4.87723,61.71623],[4.87838,61.7148],[4.8774,61.71389],[4.87813,61.71275],[4.87895,61.71265],[4.88105,61.71351],[4.88115,61.71153],[4.88484,61.71229],[4.88731,61.71078],[4.88686,61.7099],[4.88533,61.71104],[4.8846,61.71081],[4.88537,61.70903],[4.88411,61.70765],[4.8843,61.70625],[4.88326,61.70526],[4.88219,61.70609],[4.87736,61.70388],[4.87627,61.70457],[4.87398,61.70444],[4.87048,61.70595],[4.8651,61.7057],[4.86401,61.70519],[4.86447,61.70436],[4.86544,61.70459],[4.86623,61.70433],[4.86778,61.7024],[4.87723,61.70013]],[[4.98666,61.72671],[4.99274,61.72523],[4.99712,61.7252]],[[4.89001,61.7165],[4.88825,61.71552],[4.88711,61.71571],[4.88709,61.71633],[4.89001,61.71881],[4.89021,61.71976],[4.89208,61.72055],[4.8928,61.71888],[4.89001,61.7165]],[[4.95527,61.73268],[4.9541,61.73299],[4.95405,61.73367],[4.95669,61.73594],[4.95714,61.73492],[4.95527,61.73268]],[[4.94962,61.73568],[4.94854,61.73558],[4.94777,61.73601],[4.94852,61.73723],[4.95031,61.73697],[4.94962,61.73568]],[[4.98395,61.73108],[4.98507,61.73231],[4.98404,61.73399],[4.98833,61.73645],[4.98981,61.73806],[4.99273,61.73981],[5.00001,61.74214]],[[4.82401,61.72927],[4.82252,61.72903],[4.82382,61.72998],[4.82085,61.73053],[4.81974,61.73213],[4.82045,61.73339],[4.82281,61.7344],[4.82577,61.73205],[4.82596,61.73126],[4.82574,61.73008],[4.82401,61.72927]],[[4.82924,61.74233],[4.82847,61.74166],[4.82928,61.74132],[4.82917,61.74081],[4.82536,61.74089],[4.82582,61.74191],[4.82692,61.74185],[4.82596,61.74283],[4.82667,61.74321],[4.82925,61.74321],[4.82924,61.74233]],[[4.83691,61.74593],[4.83382,61.74633],[4.83437,61.74736],[4.83569,61.74708],[4.83691,61.74593]],[[4.84403,61.75023],[4.84327,61.74956],[4.84195,61.7499],[4.84151,61.74937],[4.83948,61.74948],[4.84009,61.75029],[4.84098,61.75048],[4.84243,61.75061],[4.84403,61.75023]],[[4.86991,61.75576],[4.86794,61.75511]],[[4.82205,61.74998],[4.81854,61.74997],[4.81652,61.75131],[4.82178,61.75276],[4.8234,61.7541],[4.82529,61.75442],[4.82782,61.75374],[4.82788,61.75304],[4.82426,61.75047],[4.82205,61.74998]],[[4.93918,61.76703],[4.93964,61.76563],[4.93542,61.76428],[4.93265,61.76405],[4.93323,61.7627],[4.9311,61.76277],[4.93063,61.76175]],[[4.92997,61.76377],[4.93141,61.76411],[4.93064,61.76486],[4.93357,61.76751]],[[4.87872,61.76344],[4.87739,61.7621],[4.8796,61.76087],[4.87816,61.76066],[4.87518,61.75902],[4.8713,61.75798],[4.87181,61.75676],[4.86991,61.75576]],[[4.88384,61.7657],[4.88507,61.76477],[4.8827,61.76345],[4.87793,61.76481],[4.88384,61.7657]],[[4.93357,61.76751],[4.93453,61.76796],[4.93415,61.76865],[4.93732,61.77001],[4.93967,61.77048],[4.94306,61.77053],[4.9427,61.76995],[4.939,61.7684],[4.93918,61.76703]],[[4.81592,61.75863],[4.8167,61.75904],[4.81865,61.75853],[4.81833,61.7562],[4.81989,61.75516],[4.81624,61.75427],[4.81555,61.75452],[4.81508,61.75585],[4.81237,61.75595],[4.81042,61.75658],[4.80994,61.7575],[4.81179,61.76125],[4.81592,61.75863]],[[4.83461,61.76316],[4.83583,61.76328],[4.83734,61.76282],[4.83555,61.76035]],[[4.9329,61.76996],[4.93233,61.76976],[4.93296,61.76903],[4.92987,61.76865],[4.92906,61.769],[4.92917,61.77036],[4.92792,61.76998]],[[4.93966,61.77138],[4.93789,61.7709],[4.93671,61.7716],[4.93494,61.77046],[4.9329,61.76996]],[[4.88086,61.76789],[4.87987,61.76756],[4.88005,61.76662],[4.87758,61.76652],[4.87665,61.76579],[4.87259,61.76468],[4.87394,61.7643],[4.87805,61.76433],[4.87872,61.76344]],[[4.82996,61.76491],[4.82923,61.76423],[4.82997,61.76187],[4.83134,61.76037],[4.83079,61.76022],[4.83088,61.75895],[4.83457,61.75978],[4.83555,61.76035]],[[4.83293,61.76514],[4.83362,61.76331],[4.83461,61.76316]],[[4.86794,61.75511],[4.86614,61.7546],[4.86741,61.75406],[4.86763,61.75338],[4.86547,61.75297],[4.86472,61.75206],[4.86406,61.75223],[4.86402,61.7541],[4.86082,61.75208],[4.85869,61.75287],[4.85469,61.7535],[4.85311,61.75241],[4.85231,61.75067],[4.85072,61.74975],[4.84903,61.74973],[4.85039,61.74817],[4.84769,61.74703],[4.84502,61.74691],[4.84202,61.74782],[4.84147,61.7487],[4.84487,61.74971],[4.84544,61.75038],[4.84763,61.75086],[4.84929,61.75216],[4.84874,61.75323],[4.84709,61.75417],[4.8489,61.75818],[4.84674,61.761],[4.84789,61.76219],[4.84728,61.7627],[4.84546,61.76279],[4.84502,61.76313],[4.84858,61.76402],[4.8454,61.76501],[4.8473,61.76597],[4.84926,61.76547],[4.85119,61.76566],[4.8515,61.76652]],[[4.91351,61.77114],[4.91261,61.76978],[4.91161,61.76935],[4.9098,61.76949],[4.90928,61.77083]],[[4.9229,61.77184],[4.92487,61.77107],[4.92514,61.77013],[4.92792,61.76998]],[[4.94682,61.77361],[4.94414,61.7722],[4.93966,61.77138]],[[4.95415,61.77415],[4.95329,61.77217],[4.95131,61.77263],[4.95133,61.77395]],[[4.95133,61.77395],[4.95279,61.77463],[4.95393,61.77453],[4.95415,61.77415]],[[4.82996,61.76491],[4.83204,61.76587],[4.83307,61.76572],[4.83293,61.76514]],[[4.9229,61.77184],[4.92636,61.77469]],[[4.90928,61.77083],[4.91122,61.77165],[4.91333,61.77372],[4.91414,61.77382],[4.91552,61.7731],[4.91723,61.77444],[4.91575,61.77171],[4.91351,61.77114]],[[4.92523,61.77813],[4.92537,61.77769]],[[4.92572,61.77664],[4.92498,61.77715],[4.92537,61.77769]],[[4.82395,61.76554],[4.82097,61.76429],[4.82002,61.76438],[4.81708,61.76716],[4.81306,61.7679],[4.81374,61.76908],[4.81582,61.77001],[4.81872,61.77013],[4.819,61.76894],[4.81999,61.76827],[4.82294,61.76721],[4.82547,61.76687],[4.82493,61.76586],[4.82395,61.76554]],[[4.90149,61.77764],[4.89879,61.77448],[4.89416,61.77201],[4.88554,61.76906]],[[4.91331,61.77446],[4.91234,61.77429],[4.91089,61.7746],[4.90953,61.77533],[4.90889,61.77657],[4.90934,61.77829],[4.911,61.77822],[4.91292,61.77703],[4.91365,61.77599],[4.91331,61.77446]],[[4.92523,61.77813],[4.92383,61.77849],[4.92239,61.77806],[4.92141,61.77863],[4.9227,61.78039],[4.92443,61.78052]],[[4.95771,61.78076],[4.95621,61.78064],[4.95512,61.78206],[4.95912,61.78343],[4.96122,61.78336],[4.96061,61.78188],[4.95771,61.78076]],[[4.92443,61.78052],[4.92588,61.78021],[4.9261,61.77829],[4.92724,61.7778],[4.92832,61.77865],[4.92873,61.78031],[4.93092,61.78133],[4.9321,61.78302]],[[4.90874,61.78049],[4.90755,61.78036],[4.90788,61.78122],[4.91034,61.78238],[4.91106,61.78193],[4.91075,61.78108],[4.9102,61.78061],[4.90874,61.78049]],[[4.82918,61.77943],[4.83326,61.77916],[4.83866,61.77757],[4.83973,61.77627],[4.8397,61.77403],[4.84059,61.77353],[4.84016,61.77284],[4.83787,61.77223],[4.8382,61.77158],[4.84164,61.77042],[4.84257,61.76962],[4.8456,61.77022],[4.84779,61.77003],[4.84831,61.7698],[4.84783,61.76912],[4.85127,61.76807],[4.8542,61.76846],[4.85428,61.7676],[4.8515,61.76652]],[[4.9321,61.78302],[4.93236,61.78447],[4.92989,61.78386],[4.92823,61.78427],[4.92914,61.7856],[4.9325,61.7864],[4.93506,61.78598],[4.93594,61.78522],[4.94372,61.78829]],[[4.94372,61.78829],[4.94574,61.78799],[4.94709,61.78724],[4.94863,61.7854],[4.94918,61.78342],[4.95063,61.78209],[4.94716,61.77939],[4.94644,61.77651],[4.94862,61.77519],[4.95014,61.77683],[4.95241,61.77717],[4.95284,61.7766],[4.95163,61.77552],[4.95037,61.77576],[4.9495,61.77426],[4.94682,61.77361]],[[4.92234,61.78685],[4.9221,61.78757]],[[4.89755,61.78401],[4.89585,61.78391],[4.89499,61.78565],[4.89702,61.78745],[4.89841,61.78638],[4.89755,61.78401]],[[4.91571,61.78792],[4.91379,61.78764],[4.91443,61.7891],[4.9097,61.79101],[4.91224,61.79221],[4.91301,61.79206],[4.91382,61.79044],[4.91664,61.78917],[4.91647,61.78821],[4.91571,61.78792]],[[4.90738,61.79044],[4.90821,61.78882],[4.90795,61.78682],[4.90916,61.78519],[4.90873,61.78488],[4.90407,61.78528],[4.90302,61.78685],[4.90196,61.78722],[4.90252,61.7894],[4.90091,61.78975],[4.90103,61.79052],[4.90315,61.79138],[4.90571,61.7932],[4.90649,61.79302],[4.90738,61.79044]],[[4.89657,61.78806],[4.89366,61.78752],[4.89243,61.79176],[4.89308,61.79242],[4.89527,61.79247],[4.89634,61.79166],[4.89703,61.79009],[4.89657,61.78806]],[[4.92234,61.78685],[4.92327,61.78609],[4.92631,61.78546],[4.93298,61.78796],[4.93491,61.78754],[4.93597,61.78782],[4.9368,61.78726],[4.93777,61.78795],[4.93988,61.78816],[4.94007,61.78876],[4.939,61.78973],[4.94017,61.79094],[4.94292,61.79074],[4.94185,61.79],[4.94031,61.79021],[4.94067,61.78878],[4.94215,61.78954],[4.94352,61.7895],[4.94439,61.79008],[4.9432,61.79096],[4.94349,61.79151],[4.94233,61.79181],[4.94151,61.79331],[4.93838,61.79554],[4.9387,61.79723],[4.94619,61.799],[4.94853,61.79878],[4.94913,61.79632],[4.95131,61.79521],[4.95453,61.79545],[4.95556,61.79482],[4.95572,61.79392],[4.95405,61.79288],[4.95253,61.79065],[4.95442,61.78972],[4.95577,61.78602],[4.95842,61.78452],[4.96105,61.78415],[4.96685,61.78475],[4.96925,61.78413],[4.96678,61.78216],[4.96355,61.78152],[4.9589,61.77934],[4.95613,61.77657],[4.95611,61.77558],[4.95704,61.77516],[4.95938,61.77506],[4.96598,61.77659],[4.9704,61.77836],[4.97417,61.77865],[4.98021,61.77999],[4.98437,61.78039],[4.99606,61.78349],[4.9964,61.78259],[4.99753,61.78228],[5.00077,61.78353]],[[4.91872,61.79818],[4.92085,61.79674],[4.92202,61.79477],[4.9232,61.79449],[4.92274,61.79226],[4.92356,61.79029],[4.92586,61.79013],[4.92854,61.79128],[4.92991,61.79086],[4.92988,61.79018],[4.92742,61.78778],[4.92345,61.78796],[4.9221,61.78757]],[[4.91857,61.79825],[4.91454,61.80012],[4.91367,61.80193]],[[4.94607,61.81481],[4.94949,61.81439],[4.95028,61.81327],[4.95283,61.81232]],[[4.82918,61.77943],[4.82776,61.77972],[4.82853,61.78087],[4.82686,61.78147],[4.82406,61.78123],[4.82323,61.78237],[4.82124,61.78296],[4.81602,61.78366],[4.8134,61.78282],[4.81371,61.78362],[4.81273,61.78426],[4.81321,61.78534],[4.81132,61.78663],[4.8085,61.78718],[4.80559,61.78723],[4.80339,61.78647],[4.80242,61.78823],[4.79873,61.7883],[4.79719,61.78938],[4.79422,61.78929],[4.79027,61.79102],[4.79038,61.79173],[4.79144,61.79234],[4.79995,61.79318],[4.80338,61.79534],[4.81074,61.79775],[4.81278,61.79928],[4.81254,61.79984],[4.81718,61.80035],[4.81808,61.79987],[4.82046,61.79958],[4.82226,61.80017]],[[4.95585,61.80952],[4.95397,61.81186],[4.95283,61.81232]],[[4.9624,61.82004],[4.96262,61.81944],[4.96086,61.81869],[4.96417,61.81817],[4.9645,61.81684],[4.96228,61.81416],[4.9636,61.81324],[4.96165,61.81031],[4.95999,61.80947]],[[4.82226,61.80017],[4.82369,61.80044],[4.82339,61.80192],[4.82574,61.8014],[4.82729,61.80225],[4.82792,61.80298],[4.82693,61.80435],[4.82776,61.8049],[4.82955,61.80474],[4.83343,61.8068],[4.83951,61.8081],[4.83975,61.80924],[4.84122,61.80961],[4.84339,61.81099],[4.84798,61.81098],[4.84955,61.80946],[4.84902,61.80855],[4.84965,61.8076],[4.85339,61.80564],[4.85484,61.80576],[4.85713,61.80533],[4.86016,61.80603],[4.86486,61.80613],[4.86635,61.80551],[4.86654,61.79991],[4.86954,61.79681],[4.87734,61.79559],[4.87971,61.79602],[4.8797,61.79675],[4.88128,61.79732],[4.88373,61.79753],[4.88524,61.79689],[4.88603,61.79378],[4.887,61.79332],[4.88829,61.79355],[4.88888,61.7928],[4.88979,61.78712],[4.89129,61.78336],[4.89905,61.77987],[4.90192,61.77957],[4.90238,61.77908],[4.90149,61.77764]],[[4.90614,61.81587],[4.90381,61.81488],[4.90441,61.81322],[4.90389,61.81248],[4.9066,61.81108],[4.90664,61.80873],[4.90742,61.80851],[4.90872,61.80912],[4.91025,61.80847],[4.91098,61.80753],[4.90988,61.80654],[4.9105,61.80493],[4.90968,61.80418],[4.91367,61.80193]],[[4.94607,61.81481],[4.94219,61.81497],[4.93858,61.81458],[4.9374,61.81485],[4.93757,61.8182]],[[4.90614,61.81587],[4.90506,61.81725],[4.90913,61.81759],[4.91193,61.81829]],[[4.9624,61.82004],[4.96193,61.82056],[4.96056,61.82064],[4.95688,61.82206]],[[4.91193,61.81829],[4.91543,61.81935],[4.91816,61.81915],[4.91802,61.82017],[4.92048,61.82082],[4.92148,61.82169],[4.92292,61.82088],[4.92488,61.82061],[4.92635,61.82072],[4.92763,61.82151],[4.92971,61.82173],[4.93345,61.82145],[4.93725,61.8193],[4.93757,61.8182]],[[4.95688,61.82206],[4.95121,61.8225],[4.94718,61.82426],[4.94822,61.82467],[4.9546,61.82546],[4.95612,61.82525],[4.95824,61.82561],[4.9597,61.82619],[4.96108,61.82777]],[[4.96108,61.82777],[4.96627,61.82814],[4.96628,61.8288],[4.9673,61.82922],[4.97543,61.8312],[4.97859,61.83118],[4.9843,61.8318]],[[4.9843,61.8318],[4.99479,61.8328]],[[4.99479,61.8328],[4.9956,61.83381],[4.99949,61.83416],[5.00186,61.8359]],[[4.98955,61.83899],[4.99051,61.83894],[4.99188,61.83813],[4.99678,61.83773],[5.00163,61.83661]],[[4.90989,61.83629],[4.90967,61.83582],[4.91194,61.83575],[4.91375,61.83673],[4.91733,61.83715],[4.92126,61.83657],[4.92271,61.83569],[4.92425,61.8367],[4.92623,61.8366],[4.92723,61.83574],[4.92998,61.83521],[4.93073,61.8358],[4.93497,61.83565],[4.9355,61.83607],[4.93737,61.83625],[4.93761,61.83688],[4.936,61.83748],[4.93694,61.83781],[4.93881,61.83741],[4.93973,61.83834]],[[4.90664,61.83654],[4.90598,61.83621]],[[4.90664,61.83654],[4.90808,61.83687],[4.90989,61.83629]],[[4.93973,61.83834],[4.94175,61.8385],[4.94473,61.83813],[4.94522,61.83663],[4.94842,61.83717],[4.95222,61.83716],[4.95491,61.83771],[4.95436,61.83912],[4.95527,61.83956],[4.95869,61.84032],[4.96085,61.83959],[4.96104,61.84068],[4.96323,61.84048],[4.96584,61.84114],[4.96919,61.84058],[4.97078,61.83933],[4.97099,61.83818],[4.9736,61.83816],[4.97689,61.83754],[4.97866,61.83748],[4.9804,61.83807],[4.98147,61.83737],[4.98307,61.83753],[4.98538,61.83704],[4.98703,61.8372],[4.9898,61.83681],[4.9898,61.83818],[4.98861,61.83865],[4.98955,61.83899]],[[4.81807,61.85459],[4.82029,61.85134],[4.82242,61.85133],[4.82381,61.85022],[4.82793,61.84983],[4.82984,61.84908],[4.82945,61.84812],[4.83281,61.84817],[4.83422,61.84718],[4.83595,61.84779],[4.83939,61.84826],[4.84086,61.84801],[4.84142,61.84744],[4.84347,61.84738],[4.84636,61.84668],[4.85224,61.84618],[4.86158,61.84598],[4.87216,61.84808],[4.88185,61.84862],[4.88712,61.84778],[4.88851,61.84723],[4.89473,61.84641],[4.89724,61.84552],[4.90025,61.84328],[4.89808,61.84182],[4.89718,61.84241],[4.89509,61.84251],[4.89481,61.84226],[4.89929,61.84062],[4.90133,61.83702],[4.90343,61.83671],[4.90443,61.83618],[4.90598,61.83621]],[[4.81807,61.85459],[4.82033,61.85667],[4.82553,61.85925],[4.82699,61.86215],[4.82853,61.86183],[4.83199,61.86239],[4.8335,61.86443],[4.83837,61.86431],[4.83982,61.86511],[4.84215,61.86566],[4.8439,61.86691],[4.84569,61.8672],[4.84585,61.86791],[4.84883,61.86965],[4.85028,61.86984],[4.85309,61.86942],[4.8549,61.87156],[4.85991,61.87288],[4.86184,61.87434],[4.86588,61.87629],[4.86704,61.87636],[4.86756,61.87583],[4.86952,61.87596],[4.87045,61.87444],[4.87177,61.87385],[4.87832,61.87367],[4.87934,61.87574],[4.88339,61.87673],[4.88694,61.87626],[4.88944,61.87961],[4.89153,61.87967]],[[4.89153,61.87967],[4.89317,61.87943],[4.8957,61.8801],[4.90249,61.87943],[4.904,61.87965],[4.90453,61.88031],[4.90583,61.88067],[4.90857,61.87941],[4.91559,61.87924],[4.91722,61.88011],[4.91729,61.88117],[4.91824,61.88195],[4.92166,61.88243],[4.92319,61.8815],[4.92492,61.88145],[4.93007,61.88334],[4.92821,61.8866],[4.92518,61.88695],[4.92179,61.8886],[4.91061,61.89011],[4.9065,61.89159],[4.90113,61.89251],[4.90094,61.89342],[4.90163,61.89386],[4.9004,61.89455],[4.90028,61.89527],[4.90107,61.89569],[4.90255,61.8956],[4.90454,61.89465],[4.91276,61.8959],[4.91389,61.89769],[4.91556,61.89777],[4.9146,61.89847],[4.91542,61.90041],[4.91697,61.90124],[4.9183,61.90126],[4.91838,61.9027],[4.92129,61.90338],[4.9234,61.90332],[4.92443,61.90403],[4.92685,61.90369],[4.92741,61.90545],[4.92901,61.90504],[4.93013,61.9054],[4.93139,61.90697],[4.93107,61.90775],[4.93202,61.90827],[4.93591,61.90853],[4.93924,61.90756],[4.94221,61.90805],[4.94339,61.9089],[4.94553,61.90786],[4.95068,61.90953],[4.95376,61.90941],[4.95525,61.90825],[4.95757,61.9077],[4.95929,61.90677],[4.96598,61.90488],[4.96904,61.90468],[4.97293,61.90377],[4.97919,61.90108],[4.98043,61.90091]],[[4.8629,61.90322],[4.86286,61.90258],[4.86024,61.90184],[4.85911,61.9026],[4.85566,61.90198],[4.85555,61.90267]],[[4.85555,61.90267],[4.85874,61.90503],[4.86071,61.90565],[4.86148,61.90554],[4.8629,61.90322]],[[4.95487,61.93251],[4.95243,61.93148],[4.95388,61.93113],[4.95399,61.93025],[4.95176,61.92975],[4.9511,61.92906],[4.95004,61.92949],[4.94917,61.93083],[4.9451,61.9305],[4.94553,61.93113],[4.94425,61.9325],[4.94703,61.93265],[4.94859,61.93202],[4.94942,61.93228],[4.94865,61.93458],[4.95076,61.93538],[4.95281,61.93489],[4.95293,61.93382],[4.95477,61.93316],[4.95487,61.93251]],[[4.91897,61.49991],[4.91902,61.49905],[4.91767,61.4985],[4.91632,61.49897],[4.91653,61.49955],[4.91588,61.49968]],[[4.97826,61.50505],[4.97666,61.5042]],[[4.98766,61.51562],[4.98761,61.51578]],[[4.91228,61.51725],[4.91082,61.5174],[4.91026,61.51783],[4.91324,61.51838],[4.9136,61.51783],[4.91228,61.51725]],[[4.93095,61.52199],[4.93021,61.52215]],[[4.9478,61.52807],[4.94887,61.52764]],[[4.99188,61.57742],[4.99116,61.57715]],[[4.98573,61.58043],[4.9901,61.58039]],[[4.86723,61.58138],[4.86588,61.58084],[4.86377,61.58109],[4.863,61.58173],[4.86611,61.58173],[4.86723,61.58138]],[[4.98621,61.59234],[4.99065,61.59167],[4.98641,61.59173]],[[4.98641,61.59173],[4.98436,61.59187],[4.98621,61.59234]],[[4.82282,61.59081],[4.82299,61.59078]],[[4.85469,61.6011],[4.85304,61.60052],[4.85215,61.60111],[4.85401,61.60222],[4.85469,61.6011]],[[5.00019,61.61181],[4.99349,61.61304],[5.00246,61.61183]],[[4.95532,61.63843],[4.9554,61.63762],[4.95252,61.63822]],[[4.79857,61.62671],[4.80039,61.62768],[4.80133,61.62691]],[[4.9943,61.64131],[4.99436,61.64208],[4.99513,61.64243],[4.99595,61.64143]],[[4.97042,61.64071],[4.9719,61.64114],[4.97491,61.6405],[4.9757,61.63994]],[[4.96724,61.6504],[4.96648,61.65018],[4.96574,61.65064],[4.9659,61.65131],[4.96686,61.65159]],[[4.96686,61.65159],[4.96803,61.65159],[4.9682,61.65087],[4.96724,61.6504]],[[4.98395,61.73108],[4.98269,61.73],[4.98243,61.72869],[4.985,61.72713],[4.98666,61.72671]],[[4.93063,61.76175],[4.92962,61.76167],[4.92865,61.76232],[4.93014,61.76324]],[[4.92999,61.7637],[4.93014,61.76324]],[[4.92999,61.7637],[4.92997,61.76377]],[[4.80082,61.75362],[4.79969,61.7532],[4.79884,61.75337],[4.80065,61.755],[4.80146,61.75468],[4.80082,61.75362]],[[4.88301,61.76842],[4.88086,61.76789]],[[4.88301,61.76842],[4.88554,61.76906]],[[4.90936,61.7725],[4.90734,61.77219],[4.90682,61.77251],[4.90853,61.77375],[4.90986,61.77333],[4.90936,61.7725]],[[4.92572,61.77664],[4.92698,61.77571],[4.92636,61.77469]],[[4.91857,61.79825],[4.91872,61.79818]],[[4.95585,61.80952],[4.95757,61.80886],[4.95999,61.80947]],[[4.86141,61.84313],[4.85937,61.8432],[4.85932,61.84399],[4.86203,61.84399],[4.86141,61.84313]],[[4.98043,61.90091],[4.98522,61.901],[4.98715,61.90041],[4.99042,61.89905],[4.98966,61.89777],[4.99609,61.8952],[5.01012,61.89129]],[[4.99478,62.00035],[4.99488,61.99857],[4.98984,61.99571],[4.98674,61.99519],[4.98648,61.99424],[4.98875,61.99416],[4.99071,61.99305],[4.9914,61.99249],[4.99034,61.9915],[4.99261,61.99017],[4.99626,61.99053],[4.99969,61.99],[5.00079,61.98862]]]}}]}