{"type":"FeatureCollection","features":[{"type":"Feature","properties":{},"geometry":{"type":"MultiLineString","coordinates":[[[5.01335,61.09956],[5.00915,61.09693],[5.00503,61.09606],[5.00035,61.09436],[4.98709,61.09091]],[[5.01884,61.14523],[5.01957,61.14199],[5.01811,61.13918],[5.01815,61.1375],[5.019,61.13629],[5.01819,61.13523],[5.01712,61.13495],[5.01886,61.1343],[5.01911,61.13378],[5.01797,61.13074],[5.01836,61.12972],[5.02184,61.12697],[5.02223,61.12562],[5.02351,61.12449],[5.02321,61.12352],[5.02514,61.12121],[5.02472,61.12041],[5.02329,61.12032],[5.02254,61.11981],[5.02332,61.11065],[5.02237,61.10842],[5.01597,61.10542],[5.01564,61.10483],[5.01631,61.10402],[5.01554,61.10135],[5.01335,61.09956]],[[5.02603,61.14577],[5.02393,61.14811],[5.02519,61.14989],[5.02426,61.15131],[5.02428,61.15304],[5.02543,61.15425],[5.02883,61.15464],[5.03025,61.15611],[5.02561,61.16211],[5.02258,61.16479],[5.02334,61.16744],[5.02272,61.16976],[5.02312,61.17228],[5.02507,61.17242],[5.02758,61.1714]],[[5.00509,61.17151],[5.00729,61.171],[5.00776,61.17241],[5.00895,61.17259],[5.0118,61.16892],[5.01153,61.16742],[5.00998,61.1658],[5.0083,61.16571],[5.00641,61.16632],[5.00534,61.1657],[5.01058,61.16242],[5.01073,61.15991],[5.01478,61.15713],[5.01588,61.15337],[5.01708,61.15195],[5.01715,61.14922],[5.01884,61.14523]],[[4.99964,61.17954],[5.00067,61.17872],[4.99828,61.17652]],[[4.99534,61.17373],[5.0002,61.17231],[5.00185,61.17245],[5.00268,61.17187],[5.00509,61.17151]],[[5.00321,61.18933],[5.00228,61.18885],[4.99876,61.189]],[[5.02131,61.19068],[5.02151,61.19044]],[[5.02112,61.19164],[5.02146,61.19284],[5.02362,61.19373],[5.02267,61.19452],[5.02219,61.19627],[5.02304,61.19845],[5.01992,61.19986],[5.03242,61.19938]],[[4.99911,61.19986],[5.00091,61.19835],[5.00419,61.19326],[5.00439,61.19236],[5.0033,61.19177],[5.00272,61.19033],[5.0034,61.18995],[5.00321,61.18933]],[[5.01768,61.22144],[5.0193,61.22013],[5.03334,61.22038]],[[5.01191,61.22047],[5.01688,61.22028],[5.01722,61.22072],[5.0164,61.22197],[5.01768,61.22144]],[[5.01191,61.22047],[5.00789,61.22263],[5.00627,61.22414],[5.00622,61.22504],[5.00765,61.22556],[5.00856,61.22715],[5.0097,61.22737]],[[5.02714,61.23637],[5.03087,61.23629],[5.02819,61.23523],[5.02798,61.23454],[5.02927,61.2341],[5.03283,61.23395],[5.02957,61.23368],[5.02651,61.23398],[5.02549,61.23339],[5.02678,61.23251],[5.03076,61.23242],[5.02655,61.23168],[5.0271,61.23109],[5.02937,61.23086],[5.02896,61.23011],[5.02012,61.23051],[5.01971,61.22993],[5.02036,61.22957],[5.02432,61.22926],[5.02445,61.22891],[5.01448,61.22908],[5.02366,61.22751],[5.02379,61.22722],[5.01655,61.22766],[5.01475,61.22744],[5.01399,61.22692],[5.01082,61.22756],[5.0097,61.22737]],[[5.00982,61.25099],[5.00791,61.25099],[5.00797,61.25169],[5.01067,61.2522],[5.00982,61.25099]],[[5.01127,61.25308],[5.01008,61.25291],[5.00891,61.25321],[5.0093,61.25443],[5.01037,61.25496],[5.01345,61.25513],[5.01426,61.25434],[5.01127,61.25308]],[[5.01754,61.25427],[5.01597,61.25434],[5.01556,61.25526],[5.01606,61.25563],[5.01849,61.25596],[5.01879,61.25488],[5.01754,61.25427]],[[5.00035,61.25454],[5.00007,61.25341],[4.99918,61.25298]],[[5.02569,61.24013],[5.01781,61.24126],[5.01786,61.24156],[5.0192,61.24162],[5.01928,61.24255],[5.01271,61.24292],[5.0122,61.24334],[5.01339,61.24389],[5.00943,61.24441],[5.00942,61.24578],[5.00682,61.24695],[5.00804,61.24873],[5.01072,61.24921],[5.01179,61.25013],[5.0164,61.25015],[5.01714,61.25049],[5.01778,61.25241],[5.01948,61.25373],[5.02435,61.25377],[5.02474,61.25538],[5.02739,61.25545],[5.02878,61.25591],[5.02933,61.25656],[5.0288,61.25706],[5.03142,61.25864],[5.02904,61.25899],[5.0282,61.25969]],[[5.00622,61.25963],[5.00655,61.25859],[5.00434,61.256],[5.00337,61.25528],[5.00093,61.25471]],[[5.02785,61.25986],[5.02575,61.25985],[5.02375,61.26079],[5.01963,61.26159],[5.02063,61.26231],[5.02071,61.26502],[5.02391,61.26533]],[[5.01575,61.26774],[5.01397,61.26811],[5.01395,61.26709],[5.01278,61.26703],[5.01125,61.26752],[5.00889,61.26685],[5.00914,61.26568],[5.00774,61.26456],[5.00876,61.26248],[5.00856,61.26144],[5.0057,61.26018],[5.00622,61.25963]],[[5.01575,61.26774],[5.01737,61.26689],[5.02068,61.26798],[5.01882,61.26884],[5.01906,61.26996],[5.02223,61.27149],[5.02293,61.27246],[5.02635,61.27327]],[[4.99846,61.2858],[5.00001,61.28562],[5.00244,61.28431],[5.00416,61.28508],[5.01284,61.28428],[5.01591,61.2857],[5.01897,61.28604],[5.01939,61.28711]],[[5.01939,61.28711],[5.02307,61.28873],[5.02365,61.28949],[5.02419,61.28836],[5.02812,61.2872],[5.03221,61.28715],[5.03542,61.28621],[5.03975,61.28731],[5.03939,61.28794],[5.04075,61.28809],[5.04149,61.28787],[5.04064,61.28741],[5.04135,61.28675]],[[5.02176,61.28985],[5.0191,61.28971],[5.0187,61.29012],[5.02042,61.29111],[5.02187,61.29117],[5.02309,61.29052],[5.02176,61.28985]],[[5.00503,61.32524],[5.00575,61.3231],[5.00793,61.32308],[5.01169,61.32224],[5.01205,61.32163],[5.0139,61.321],[5.01361,61.32023],[5.01037,61.32026],[5.00808,61.31989],[5.00333,61.32106],[4.99881,61.32031]],[[5.03238,61.32728],[5.03255,61.32669],[5.02989,61.32585],[5.02731,61.32568],[5.02527,61.32407],[5.02433,61.3239],[5.02042,61.32429],[5.02102,61.32504],[5.02029,61.32539],[5.01531,61.32601]],[[5.00504,61.32525],[5.00524,61.32584],[5.00617,61.32592]],[[5.01384,61.34867],[5.01418,61.34832],[5.01663,61.34816],[5.02046,61.34488],[5.01938,61.34098]],[[5.01615,61.37134],[5.01602,61.36853],[5.01456,61.36618],[5.01573,61.36503],[5.01776,61.36506],[5.01872,61.3654],[5.01928,61.36671],[5.02056,61.36715],[5.02133,61.36701],[5.02213,61.36595],[5.02177,61.36369],[5.02564,61.35789],[5.02536,61.35474],[5.02706,61.35225],[5.02658,61.35172],[5.02445,61.35134],[5.02265,61.34995],[5.02023,61.34983],[5.01624,61.35083]],[[5.01384,61.37401],[5.01455,61.37229],[5.01561,61.37213],[5.01615,61.37134]],[[5.01046,61.37751],[5.01213,61.37649],[5.01347,61.37625],[5.0142,61.3755],[5.01384,61.37401]],[[4.99566,61.38221],[5.00379,61.38001],[5.00736,61.38004],[5.00945,61.37882],[5.00932,61.3783],[5.01046,61.37751]],[[4.99916,61.40521],[5.00121,61.40481],[5.0073,61.40501],[5.01257,61.40572]],[[4.99718,61.42508],[5.00041,61.42692],[4.99977,61.42834]],[[4.99977,61.42834],[5.00103,61.43004],[5.00623,61.43118],[5.0083,61.43245],[5.01244,61.43316],[5.01759,61.43319],[5.02274,61.43494],[5.02565,61.43488],[5.02933,61.43558],[5.03176,61.43527],[5.03665,61.43671]],[[5.01837,61.24076],[5.02071,61.24034],[5.01916,61.24012],[5.01526,61.24081],[5.01602,61.24102],[5.01837,61.24076]],[[5.00093,61.25471],[5.00035,61.25454]],[[5.03479,61.29417],[5.03252,61.2946]],[[5.00503,61.32524],[5.00504,61.32525]],[[5.00617,61.32592],[5.01175,61.32674]],[[5.01175,61.32674],[5.01247,61.32683]],[[5.01247,61.32683],[5.01377,61.32694],[5.01444,61.3261],[5.01531,61.32601]],[[5.01938,61.34098],[5.01937,61.34015],[5.02111,61.33916],[5.02114,61.33853]],[[5.01624,61.35083],[5.01485,61.3508],[5.01381,61.35022],[5.01384,61.34867]],[[5.02888,61.40871],[5.02311,61.40725],[5.02239,61.40738],[5.01257,61.40572]],[[5.04359,61.60981],[5.04133,61.61016],[5.0366,61.61019],[5.03496,61.61066],[5.03619,61.61196],[5.04123,61.61219],[5.04319,61.61135],[5.04281,61.61029],[5.04359,61.60981]],[[5.07533,61.6067],[5.07441,61.60691],[5.07152,61.60665],[5.06538,61.60569],[5.06307,61.60587],[5.06021,61.60677],[5.06146,61.60825],[5.07264,61.61051],[5.07267,61.61136],[5.07045,61.61143],[5.07033,61.612],[5.07119,61.61278],[5.0746,61.61279]],[[5.05844,61.6107],[5.05674,61.60889],[5.05249,61.60959],[5.05075,61.60932],[5.04885,61.60811],[5.0479,61.60852],[5.0483,61.60948],[5.04704,61.60975],[5.048,61.61016],[5.05477,61.6103],[5.0556,61.61111],[5.05844,61.6107]],[[5.05717,61.61515],[5.05892,61.61509],[5.06047,61.61443],[5.05906,61.61349],[5.05725,61.61314],[5.05223,61.61317],[5.05165,61.61403],[5.05293,61.6147],[5.05717,61.61515]],[[5.83183,61.45833],[5.83305,61.46049],[5.83773,61.46067],[5.84019,61.46046],[5.8448,61.45846],[5.84669,61.45822],[5.84846,61.45845]],[[5.8189,61.45967],[5.82186,61.45993],[5.82684,61.45922],[5.82845,61.4586]],[[5.50744,61.44197],[5.51446,61.44138],[5.52016,61.44146],[5.53395,61.4403],[5.53962,61.4408],[5.54538,61.44061],[5.55472,61.4412],[5.55886,61.44206],[5.57291,61.44199],[5.58641,61.44246],[5.59033,61.44327],[5.58416,61.44415],[5.56983,61.44408],[5.56545,61.4445],[5.55993,61.44521],[5.55762,61.44606],[5.55836,61.44674]],[[5.55836,61.44674],[5.55905,61.44973]],[[5.84783,61.45926],[5.84282,61.46006],[5.8433,61.46175],[5.84112,61.46301],[5.83565,61.46376],[5.83299,61.46339],[5.82605,61.46529],[5.82429,61.46647],[5.82397,61.46793],[5.82149,61.46858]],[[5.47249,61.44452],[5.47707,61.44415],[5.47996,61.4433],[5.48623,61.44359],[5.49776,61.44243],[5.50744,61.44197]],[[5.52127,61.44962],[5.53049,61.44901],[5.5321,61.44815],[5.53222,61.44757],[5.52968,61.44701],[5.5178,61.44799],[5.51568,61.44856],[5.51162,61.44823],[5.50851,61.44857],[5.51164,61.44892],[5.5136,61.44982],[5.51936,61.45069],[5.52043,61.45066],[5.52127,61.44962]],[[5.45895,61.44669],[5.46272,61.44577],[5.46747,61.44561],[5.47249,61.44452]],[[5.55905,61.44973],[5.55876,61.45164],[5.56164,61.45273],[5.5641,61.45258],[5.57219,61.45097],[5.5804,61.45035],[5.58384,61.45066],[5.58678,61.45309],[5.59058,61.45259],[5.59378,61.45324],[5.59587,61.45316],[5.59631,61.45374],[5.59533,61.45515],[5.59166,61.45669],[5.59363,61.45727],[5.5972,61.45743]],[[5.80897,61.47206],[5.81333,61.47184],[5.81236,61.47028],[5.81582,61.46894],[5.81641,61.46812],[5.81953,61.46878],[5.82149,61.46858]],[[5.64173,61.46143],[5.64109,61.46113],[5.64137,61.4594],[5.64056,61.45764],[5.63549,61.45467],[5.63326,61.45411],[5.62843,61.45416],[5.62607,61.45462],[5.6225,61.45601],[5.61362,61.45779],[5.60484,61.45819],[5.5972,61.45743]],[[5.45162,61.44813],[5.45895,61.44669]],[[5.79873,61.47222],[5.79729,61.46912],[5.79855,61.46705],[5.80035,61.46615],[5.80451,61.4659],[5.80641,61.46541],[5.81444,61.46038],[5.81706,61.45949],[5.8189,61.45967]],[[5.80595,61.47271],[5.80677,61.47226],[5.80897,61.47206]],[[5.4514,61.44887],[5.45146,61.44844]],[[5.50315,61.45597],[5.50577,61.45564],[5.51267,61.45613],[5.51873,61.45748],[5.52201,61.45639],[5.52273,61.45528],[5.52807,61.45453],[5.53049,61.45487],[5.53353,61.45626]],[[5.53353,61.45626],[5.53599,61.45688],[5.53705,61.45802],[5.53723,61.45869],[5.53561,61.4591],[5.53571,61.45959],[5.54002,61.46078],[5.54027,61.4615]],[[5.55467,61.46413],[5.56138,61.46196],[5.56412,61.46185],[5.57772,61.4644],[5.58374,61.4663],[5.58741,61.46635],[5.59125,61.46553],[5.59466,61.46578]],[[5.43519,61.45787],[5.44165,61.4578],[5.44502,61.45874],[5.44937,61.459],[5.45358,61.45871],[5.45652,61.45802],[5.45963,61.45639],[5.46602,61.4551],[5.46795,61.45419],[5.46863,61.45335],[5.46807,61.45273],[5.46202,61.44955],[5.4514,61.44887]],[[5.81427,61.48473],[5.81299,61.48334],[5.81332,61.48114],[5.81225,61.48046],[5.80889,61.48008],[5.80687,61.47847],[5.80626,61.47744],[5.80869,61.47492],[5.80734,61.47382],[5.80568,61.47326],[5.80595,61.47271]],[[5.43062,61.46063],[5.43301,61.45955],[5.43431,61.45802],[5.43519,61.45787]],[[5.77797,61.48492],[5.78297,61.484],[5.78513,61.48439],[5.79181,61.48157],[5.79649,61.48127],[5.79723,61.47543],[5.79896,61.47304],[5.79873,61.47222]],[[5.64173,61.46143],[5.64819,61.46296],[5.64962,61.46276],[5.65201,61.46315],[5.65657,61.46496],[5.65771,61.46636],[5.66258,61.46894],[5.66323,61.47046],[5.66158,61.47178],[5.66088,61.47328],[5.66138,61.4775],[5.67054,61.47796],[5.68032,61.4773],[5.6856,61.47766]],[[5.36937,61.46175],[5.37953,61.46066]],[[5.59466,61.46578],[5.59865,61.46609],[5.60338,61.46728],[5.6116,61.46829],[5.61906,61.47122],[5.62156,61.47048],[5.62729,61.47203],[5.63286,61.47476],[5.63299,61.47537],[5.63198,61.47608],[5.63319,61.47879],[5.63054,61.48061]],[[5.63015,61.48188],[5.63054,61.48061]],[[5.35239,61.46029],[5.35337,61.46111],[5.36052,61.463],[5.36298,61.46297],[5.36937,61.46175]],[[5.20872,61.45565],[5.21201,61.45599],[5.21114,61.45655],[5.21175,61.45685],[5.21618,61.45646],[5.21618,61.456],[5.21791,61.45551],[5.21958,61.45592]],[[5.31141,61.46458],[5.3133,61.46433],[5.31473,61.46478],[5.3268,61.46225],[5.33275,61.4618],[5.33551,61.462],[5.33877,61.46099],[5.34261,61.46041],[5.34882,61.46005],[5.35239,61.46029]],[[5.18409,61.45674],[5.18584,61.45697],[5.19108,61.45623],[5.19755,61.45593],[5.20188,61.45617],[5.20872,61.45565]],[[5.21829,61.46],[5.22088,61.45909],[5.2232,61.45947],[5.22371,61.45924],[5.22268,61.45819],[5.21889,61.45812]],[[5.6856,61.47766],[5.69118,61.47968],[5.69625,61.483],[5.69546,61.4844],[5.69378,61.4848],[5.68988,61.48766],[5.69096,61.48939],[5.69276,61.49068],[5.69523,61.49064],[5.6956,61.4897],[5.69681,61.48921],[5.70369,61.48898],[5.70535,61.48965],[5.70404,61.49051],[5.70464,61.49122],[5.70887,61.49347],[5.71426,61.49448],[5.71553,61.49396],[5.71433,61.49339],[5.71426,61.49266],[5.71779,61.49037],[5.72183,61.49105],[5.72532,61.49231],[5.72882,61.49291],[5.73452,61.49229],[5.73842,61.49274],[5.74508,61.49131],[5.74795,61.49172],[5.74959,61.49263],[5.75189,61.49277],[5.76101,61.48935],[5.76314,61.48634],[5.76661,61.48459],[5.76935,61.48413],[5.7712,61.48496],[5.77797,61.48492]],[[5.21889,61.45812],[5.21452,61.45759],[5.21161,61.45786],[5.21374,61.45905],[5.21829,61.46]],[[5.77373,61.4991],[5.77762,61.4982],[5.78119,61.49871],[5.78462,61.49861],[5.78913,61.49508],[5.79417,61.49565],[5.79858,61.49522],[5.8022,61.49343],[5.80323,61.49136],[5.80563,61.49098],[5.80724,61.49126],[5.80975,61.49099],[5.81478,61.48932],[5.81531,61.48865]],[[5.11565,61.454],[5.12343,61.45501],[5.12533,61.45496]],[[5.4166,61.47581],[5.41936,61.47543],[5.4219,61.47372],[5.42218,61.47239],[5.42006,61.47018],[5.42296,61.4673],[5.42225,61.46496],[5.42423,61.4634],[5.42519,61.46329],[5.42789,61.46386],[5.43062,61.46063]],[[5.12533,61.45496],[5.13172,61.45393],[5.14347,61.45466],[5.14775,61.45442],[5.14856,61.45474],[5.15145,61.45433],[5.16283,61.45436],[5.16859,61.45619],[5.17422,61.45681],[5.18409,61.45674]],[[5.03665,61.43671],[5.03827,61.43666],[5.04004,61.43716],[5.0412,61.43823],[5.04221,61.43814],[5.044,61.43869],[5.04618,61.43843],[5.04787,61.43929],[5.04922,61.43911],[5.05,61.43968],[5.04838,61.44029],[5.04865,61.44159],[5.04975,61.44184],[5.05098,61.4406],[5.05205,61.44053],[5.05266,61.44113],[5.05168,61.44229],[5.05221,61.4431],[5.05547,61.44437],[5.05994,61.4448],[5.06539,61.4443],[5.06664,61.44552],[5.07005,61.44563],[5.07058,61.44611],[5.07008,61.447],[5.0713,61.44854],[5.07655,61.45014],[5.09209,61.45174],[5.09527,61.45231],[5.09623,61.45289],[5.10124,61.45287],[5.10299,61.45317],[5.10603,61.45269],[5.10758,61.45379],[5.11565,61.454]],[[5.41382,61.47618],[5.4166,61.47581]],[[5.38232,61.46357],[5.37357,61.4658],[5.3679,61.46673],[5.36516,61.46783],[5.35883,61.46878],[5.35508,61.46999],[5.34325,61.4715],[5.34407,61.47244]],[[5.63015,61.48188],[5.63188,61.48262],[5.63383,61.48433],[5.64186,61.48652],[5.64645,61.48723],[5.64996,61.48737],[5.65288,61.48844],[5.65367,61.48827],[5.65439,61.48719],[5.65665,61.48745],[5.66233,61.49126],[5.67076,61.49342],[5.67131,61.49476],[5.67359,61.4956],[5.67477,61.49678],[5.67708,61.49766],[5.67956,61.49768]],[[5.50315,61.45597],[5.50158,61.45648],[5.49434,61.45696],[5.48945,61.45642],[5.48602,61.4548],[5.48137,61.45469],[5.47231,61.45802],[5.47102,61.45903],[5.46952,61.45935],[5.46813,61.45902],[5.46777,61.45958],[5.46957,61.46114],[5.4694,61.46167],[5.46573,61.4636],[5.46145,61.46377],[5.4608,61.46484],[5.45756,61.46463],[5.45143,61.46158],[5.45018,61.46214],[5.44856,61.46164],[5.44665,61.46188],[5.44439,61.46276],[5.44279,61.46409],[5.443,61.46471],[5.44726,61.46435],[5.44882,61.46508],[5.44694,61.46766],[5.44337,61.47076],[5.44409,61.47187],[5.44969,61.47275],[5.45644,61.47298],[5.46154,61.47275],[5.4628,61.47224],[5.46524,61.47039],[5.46774,61.46662],[5.47175,61.46652],[5.47802,61.46497],[5.47959,61.46511],[5.47992,61.46557],[5.47636,61.46728],[5.47783,61.46824],[5.47749,61.46963],[5.47963,61.4716],[5.47907,61.47466],[5.47732,61.47586],[5.47579,61.47836],[5.47006,61.48098],[5.47076,61.48331],[5.47012,61.48414],[5.47291,61.485],[5.47924,61.48399],[5.48653,61.48383],[5.49427,61.48484]],[[5.49696,61.48748],[5.49625,61.48583],[5.49427,61.48484]],[[5.72116,61.50476],[5.72293,61.50342],[5.72469,61.50306],[5.74479,61.50414],[5.75181,61.50415],[5.7588,61.50348],[5.76388,61.50196],[5.76974,61.50116],[5.77373,61.4991]],[[5.49286,61.48942],[5.49122,61.48961],[5.48449,61.48876],[5.4814,61.48906],[5.48427,61.49018],[5.49228,61.49132]],[[5.34155,61.47346],[5.33925,61.47391],[5.33529,61.47391],[5.33455,61.47436],[5.33648,61.47441],[5.33668,61.47478],[5.33447,61.47524],[5.33333,61.47632],[5.32932,61.47629],[5.32591,61.47744],[5.32706,61.47797],[5.3358,61.47815],[5.34922,61.47768],[5.35445,61.47824],[5.3615,61.47834],[5.3666,61.47916],[5.36898,61.47917],[5.37102,61.47885],[5.37335,61.47769],[5.37486,61.47742],[5.38991,61.47721],[5.39529,61.47656],[5.39773,61.47585],[5.40023,61.47589],[5.40231,61.47634]],[[5.26408,61.47379],[5.26868,61.4727],[5.27288,61.47366],[5.27816,61.47233],[5.28007,61.47137],[5.28541,61.47022],[5.29487,61.46875],[5.29658,61.46815],[5.29837,61.46843],[5.30067,61.46819],[5.30688,61.46642],[5.31141,61.46458]],[[5.21958,61.45592],[5.22798,61.4571],[5.22941,61.45671],[5.22847,61.45606],[5.22693,61.45557],[5.22559,61.45583],[5.22367,61.45564],[5.22358,61.45536],[5.22805,61.45523],[5.23044,61.45595],[5.23259,61.4561],[5.23299,61.45583],[5.23165,61.45522],[5.23284,61.45491],[5.23393,61.45562],[5.23502,61.45534],[5.23653,61.45557],[5.23548,61.45685],[5.23836,61.45815],[5.23812,61.45934],[5.23626,61.46067],[5.23385,61.46082],[5.23169,61.46049],[5.23021,61.46079],[5.23091,61.46197],[5.22885,61.46291],[5.23024,61.4634],[5.23542,61.46271],[5.24053,61.46422],[5.24162,61.4648],[5.24097,61.46563],[5.2395,61.46604],[5.24014,61.46759],[5.23964,61.4682],[5.2403,61.46859],[5.23934,61.46917],[5.24267,61.46955],[5.24483,61.47046],[5.24747,61.47092],[5.24922,61.47096],[5.2512,61.47037],[5.25169,61.47192],[5.25356,61.47121],[5.25504,61.47111],[5.25571,61.4717],[5.25545,61.47329]],[[5.26312,61.47538],[5.26019,61.47519],[5.25966,61.47486],[5.26155,61.47409],[5.26408,61.47379]],[[5.67956,61.49768],[5.68382,61.49882],[5.68562,61.50029],[5.69007,61.50203],[5.6981,61.5043],[5.7102,61.50618],[5.71314,61.50785]],[[5.71314,61.50785],[5.71641,61.50754],[5.71874,61.50622]],[[5.49228,61.49132],[5.50164,61.49146],[5.50339,61.49412]],[[5.4689,61.4931],[5.46516,61.49118],[5.46504,61.48957],[5.46204,61.48813],[5.46083,61.48805],[5.45819,61.4892],[5.45564,61.48884]],[[5.4689,61.4931],[5.4697,61.49356],[5.4771,61.49431],[5.4786,61.4942],[5.48007,61.49336],[5.4817,61.49333],[5.49125,61.49466]],[[5.23129,61.4776],[5.23135,61.47691],[5.2283,61.47644],[5.22833,61.47585],[5.23056,61.4756],[5.23259,61.4768],[5.23433,61.47722],[5.23578,61.47712],[5.23688,61.47671],[5.23723,61.476],[5.24091,61.47492],[5.24147,61.473],[5.24278,61.473],[5.24585,61.47443],[5.24801,61.47439],[5.25029,61.47379],[5.25452,61.47366]],[[5.23874,61.47814],[5.23732,61.47774],[5.23623,61.47796]],[[5.2681,61.48026],[5.27165,61.47782],[5.27038,61.47698],[5.27159,61.47545],[5.2676,61.47506],[5.26312,61.47538]],[[5.40761,61.49024],[5.41041,61.48978],[5.41366,61.48977],[5.41952,61.49067],[5.42789,61.49],[5.44251,61.48789],[5.44613,61.48907],[5.45181,61.48854],[5.45564,61.48884]],[[5.23129,61.4776],[5.23154,61.47792],[5.23456,61.47839],[5.23623,61.47796]],[[5.39348,61.48924],[5.39513,61.49002],[5.39813,61.48978]],[[5.39813,61.48978],[5.40239,61.49066],[5.40695,61.49034]],[[5.39274,61.48918],[5.39099,61.49002],[5.38842,61.49015],[5.38341,61.48932]],[[5.23874,61.47814],[5.2389,61.4785],[5.23713,61.47934],[5.23772,61.47987],[5.23633,61.48043],[5.23903,61.48054],[5.23894,61.48094],[5.2371,61.48142],[5.23733,61.48173],[5.24141,61.48116],[5.24135,61.48149],[5.23923,61.48202],[5.24095,61.48232],[5.24451,61.48215],[5.24826,61.48251],[5.2539,61.48203],[5.25714,61.48222],[5.26375,61.4814],[5.2681,61.48026]],[[5.07038,61.47383],[5.06687,61.4737],[5.06603,61.47398],[5.06892,61.47437],[5.07046,61.47422],[5.07038,61.47383]],[[5.09356,61.47422],[5.09282,61.47361],[5.08953,61.47343],[5.08875,61.47258],[5.08717,61.47279],[5.08487,61.47413],[5.08511,61.47553],[5.08872,61.47579],[5.09356,61.47422]],[[5.31771,61.49286],[5.32697,61.49147],[5.33084,61.49048],[5.35307,61.48838],[5.36653,61.48808],[5.37588,61.48894],[5.38026,61.48856],[5.38341,61.48932]],[[5.09047,61.47669],[5.08747,61.47671],[5.08671,61.47711],[5.08733,61.47755],[5.08983,61.47787],[5.09146,61.47703],[5.09047,61.47669]],[[5.30884,61.49426],[5.31771,61.49286]],[[5.30044,61.49679],[5.29716,61.49767],[5.2937,61.49735],[5.28595,61.49849],[5.28195,61.49783],[5.27805,61.49654],[5.27431,61.49652]],[[5.12402,61.49027],[5.12309,61.48914],[5.12303,61.48696],[5.12484,61.48555],[5.12411,61.4838],[5.12533,61.48212],[5.12427,61.48151],[5.12232,61.48167],[5.12181,61.47982],[5.11982,61.47865],[5.11789,61.47824]],[[5.23717,61.50017],[5.23657,61.49958],[5.23167,61.49974],[5.23028,61.50026],[5.23208,61.50087],[5.23226,61.50142],[5.23717,61.50017]],[[5.22905,61.50145],[5.22726,61.50134],[5.22459,61.50238],[5.22596,61.50267],[5.23003,61.50181],[5.22905,61.50145]],[[5.13401,61.49491],[5.13482,61.49528],[5.13306,61.496]],[[5.01998,61.48834],[5.02044,61.48692]],[[5.11174,61.49744],[5.11422,61.4969],[5.11752,61.49733],[5.12394,61.49628],[5.12449,61.49541],[5.12601,61.49465],[5.12813,61.49505],[5.12962,61.49459],[5.13393,61.4949]],[[5.12721,61.49709],[5.12596,61.49859],[5.12849,61.49928],[5.13454,61.49844],[5.137,61.49892],[5.13825,61.49847],[5.14144,61.49818],[5.14649,61.49709],[5.14671,61.49607],[5.14986,61.49519],[5.14904,61.49471],[5.14906,61.49392],[5.1453,61.49285],[5.14533,61.49253],[5.14991,61.49212],[5.1505,61.49268],[5.15834,61.49211],[5.16033,61.49173],[5.16192,61.49087],[5.1607,61.49036],[5.1677,61.4887],[5.15759,61.4878],[5.15386,61.48852],[5.14787,61.48901],[5.13464,61.49126],[5.12611,61.4914],[5.12448,61.49099]],[[5.02044,61.48692],[5.02005,61.48609],[5.01925,61.48589],[5.01736,61.4863],[5.01477,61.48629],[5.01334,61.48703],[5.01557,61.4879],[5.01581,61.48847],[5.01493,61.48855],[5.01334,61.4875],[5.0118,61.48741],[5.00886,61.489],[5.00935,61.49063],[5.01293,61.4904],[5.01849,61.48904],[5.01998,61.48834]],[[5.01496,61.4909],[5.01126,61.49115],[5.01055,61.4926],[5.01235,61.49301],[5.01516,61.49244],[5.01617,61.49158],[5.01496,61.4909]],[[5.11174,61.49744],[5.10898,61.49927],[5.10935,61.5001],[5.10763,61.50058],[5.11057,61.50107]],[[5.22295,61.51065],[5.22038,61.50946],[5.21721,61.50873],[5.21906,61.508],[5.21919,61.50696],[5.22185,61.5065],[5.22496,61.50667],[5.22759,61.5056],[5.23286,61.50485],[5.23527,61.50394],[5.24139,61.50316],[5.24153,61.50224],[5.24065,61.50191],[5.23771,61.50186],[5.23716,61.50145],[5.24147,61.50058],[5.24569,61.49863],[5.25373,61.4983],[5.26022,61.49741],[5.26291,61.49748],[5.2646,61.49691],[5.2703,61.49714],[5.27431,61.49652]],[[5.11009,61.50258],[5.11196,61.50189],[5.11196,61.5015],[5.11057,61.50107]],[[5.11009,61.50258],[5.10655,61.50169],[5.10973,61.5037]],[[5.22326,61.51212],[5.22513,61.51159],[5.22705,61.51152],[5.22295,61.51065]],[[5.20186,61.51182],[5.21386,61.51144],[5.21946,61.51224],[5.22326,61.51212]],[[5.03522,61.49421],[5.03186,61.49296],[5.03135,61.4931],[5.0351,61.49736],[5.03569,61.49938],[5.03669,61.49981],[5.03694,61.49702],[5.03505,61.4951],[5.03522,61.49421]],[[5.05074,61.501],[5.05051,61.50071],[5.04901,61.50084],[5.04743,61.49992],[5.04595,61.50021],[5.0448,61.50113],[5.04517,61.50184],[5.0459,61.50191],[5.05074,61.501]],[[5.10817,61.50856],[5.11207,61.50798],[5.10973,61.5037]],[[5.03863,61.50084],[5.03757,61.50099],[5.03948,61.50393],[5.04024,61.50414],[5.04085,61.50358],[5.03863,61.50084]],[[5.0103,61.50215],[5.00927,61.50191],[5.00901,61.50247],[5.00955,61.50358],[5.01035,61.50383],[5.01128,61.50325],[5.0103,61.50215]],[[5.11789,61.47824],[5.11564,61.47776],[5.11528,61.47649],[5.11429,61.47614],[5.10425,61.47493],[5.10334,61.47419],[5.09969,61.47506],[5.10179,61.47789],[5.09931,61.47886],[5.09614,61.4778],[5.09442,61.47769],[5.09049,61.47818],[5.08977,61.47859],[5.08603,61.47792],[5.08369,61.47853],[5.08147,61.47859],[5.08094,61.47782],[5.08228,61.47701],[5.08166,61.47647],[5.07865,61.47631],[5.07602,61.47706],[5.07502,61.47639],[5.07338,61.47612],[5.06252,61.47593],[5.05981,61.47514],[5.05633,61.47479],[5.05387,61.47518],[5.05427,61.47647],[5.05559,61.47675],[5.05266,61.4779],[5.05411,61.47934],[5.05621,61.47938],[5.0583,61.48022],[5.05878,61.48151],[5.05826,61.48231],[5.05911,61.48323],[5.05751,61.48689],[5.05891,61.48869],[5.05549,61.48944],[5.05427,61.4935],[5.05314,61.49395],[5.05424,61.49526],[5.05434,61.49649],[5.05829,61.49689],[5.05409,61.49754],[5.05169,61.49851],[5.05136,61.49947],[5.0568,61.49925],[5.05688,61.49954],[5.0558,61.49974],[5.06045,61.50179],[5.06192,61.50144],[5.06237,61.50073],[5.06621,61.50071],[5.06904,61.50285],[5.07092,61.50311],[5.07299,61.50629],[5.0738,61.50582],[5.0738,61.50333],[5.07446,61.50239],[5.07628,61.50188],[5.07653,61.50019],[5.07925,61.5],[5.08028,61.50146],[5.08131,61.50193],[5.08549,61.50191],[5.08545,61.49982],[5.08335,61.49814],[5.08284,61.4969],[5.08694,61.49586],[5.09348,61.49587],[5.09631,61.49692],[5.09642,61.49774],[5.0974,61.49829],[5.10391,61.49762],[5.10505,61.49999],[5.1041,61.50019],[5.10344,61.49879],[5.10247,61.49857],[5.10116,61.5004],[5.10199,61.50195],[5.09855,61.50228],[5.10083,61.50458],[5.09305,61.50633],[5.08993,61.50652],[5.08846,61.50776],[5.09002,61.50822],[5.0928,61.50779],[5.0929,61.50807],[5.09051,61.50887],[5.09507,61.50962],[5.09709,61.50945],[5.0972,61.50893],[5.09845,61.50875],[5.10369,61.50912],[5.10817,61.50856]],[[5.1751,61.51878],[5.17378,61.51835],[5.17349,61.51727],[5.17963,61.51546],[5.17664,61.51555],[5.17599,61.51522],[5.179,61.51399],[5.18055,61.51438],[5.18255,61.51378],[5.18616,61.51392],[5.18812,61.51284],[5.18567,61.51253],[5.18667,61.51192],[5.19162,61.5116],[5.18956,61.51238],[5.18999,61.51274],[5.20186,61.51182]],[[5.2983,61.53984],[5.28714,61.54176]],[[5.2983,61.53984],[5.29903,61.54033],[5.29712,61.54112],[5.29618,61.54226],[5.29729,61.54281],[5.29756,61.54387],[5.29998,61.54346]],[[5.31888,61.54616],[5.32143,61.54644],[5.32395,61.54605],[5.32643,61.54691]],[[5.40691,61.54877],[5.40254,61.55031],[5.39915,61.55091],[5.39873,61.54922],[5.39392,61.54811],[5.37854,61.55265]],[[5.37794,61.55456],[5.38191,61.55483],[5.38708,61.55407],[5.39361,61.55398],[5.39802,61.55213],[5.40248,61.5511],[5.4075,61.54904]],[[5.28484,61.54906],[5.28891,61.54857],[5.2915,61.54771],[5.2926,61.54683],[5.29723,61.54674],[5.3012,61.54414],[5.30124,61.5436],[5.29998,61.54346]],[[5.17135,61.54048],[5.17277,61.53925],[5.17159,61.53906],[5.17176,61.53856],[5.17074,61.5383],[5.16841,61.53854],[5.16644,61.53963],[5.16938,61.54016],[5.16994,61.54089],[5.17135,61.54048]],[[5.28386,61.55215],[5.31888,61.54616]],[[5.32643,61.54691],[5.32857,61.54857],[5.33518,61.55097],[5.33725,61.55084],[5.3383,61.55125],[5.33782,61.55294],[5.34136,61.55424],[5.34026,61.5564],[5.34167,61.55683],[5.34834,61.55723],[5.35388,61.55656],[5.3568,61.55461],[5.35958,61.55358],[5.37432,61.55137],[5.37543,61.55145],[5.3773,61.55273],[5.37854,61.55265]],[[5.28484,61.54906],[5.2816,61.5512],[5.27784,61.55181],[5.27676,61.55314],[5.2776,61.55357],[5.27904,61.55347],[5.28386,61.55215]],[[5.45344,61.57496],[5.45604,61.57332],[5.45921,61.5723]],[[5.31204,61.5606],[5.30826,61.55991],[5.29884,61.56048],[5.29715,61.56136],[5.29538,61.56331],[5.29636,61.56362],[5.30218,61.56309],[5.31177,61.56127],[5.31243,61.56101],[5.31204,61.5606]],[[5.1878,61.556],[5.19565,61.55577],[5.21176,61.55422],[5.21728,61.55313],[5.22558,61.55018],[5.22216,61.54963],[5.22554,61.54811],[5.22623,61.54729],[5.22499,61.54715],[5.22499,61.54686],[5.22993,61.54617],[5.23299,61.54494],[5.2385,61.54349],[5.24327,61.54157],[5.25742,61.54051],[5.26063,61.54098],[5.27024,61.54007],[5.27121,61.54075],[5.27387,61.54135],[5.27357,61.54163],[5.27017,61.54167],[5.26968,61.54209],[5.27047,61.54226],[5.27411,61.54232],[5.27739,61.54164],[5.2821,61.54213],[5.28714,61.54176]],[[5.1751,61.51878],[5.17512,61.51924],[5.17171,61.52183],[5.1687,61.52191],[5.16778,61.52245],[5.17043,61.52301],[5.17546,61.52249],[5.17589,61.52412],[5.18443,61.52315],[5.18599,61.52333],[5.18678,61.52379],[5.18654,61.52438],[5.18382,61.52542],[5.18283,61.52651],[5.18287,61.52705],[5.18397,61.52755],[5.18171,61.52876],[5.18036,61.52887],[5.1774,61.52772],[5.16871,61.53157],[5.16586,61.53136],[5.16185,61.53256],[5.16015,61.5335],[5.16484,61.53397],[5.16935,61.53272],[5.17179,61.53294],[5.172,61.53331],[5.16963,61.53408],[5.17105,61.53438],[5.16976,61.535],[5.17116,61.53562],[5.17343,61.53538],[5.17334,61.53484],[5.17664,61.53472],[5.17869,61.53384],[5.17854,61.53322],[5.17983,61.53315],[5.18,61.53368],[5.18144,61.5338],[5.1808,61.53548],[5.18218,61.5359],[5.1803,61.53899],[5.18259,61.53937],[5.18768,61.53851],[5.18914,61.53863],[5.18672,61.53955],[5.18354,61.54004],[5.18176,61.53972],[5.17988,61.54026],[5.17999,61.54078],[5.18123,61.54088],[5.18279,61.54161],[5.18158,61.54186],[5.18437,61.54368],[5.18408,61.54422],[5.18331,61.54467],[5.1813,61.54489],[5.17799,61.54746],[5.17589,61.54747],[5.17415,61.54867],[5.17445,61.54947],[5.17634,61.55063],[5.17476,61.55125],[5.17473,61.55184],[5.17804,61.55267],[5.17903,61.5533],[5.17499,61.55456],[5.17504,61.55527],[5.17754,61.55567],[5.17736,61.55599],[5.1809,61.55646],[5.18106,61.55616],[5.1878,61.556]],[[5.45344,61.57496],[5.45272,61.57556],[5.45043,61.57522],[5.44852,61.57572]],[[5.09257,61.55099],[5.09125,61.55096],[5.08274,61.55272],[5.08007,61.55384],[5.09055,61.552],[5.09257,61.55099]],[[5.2782,61.57009],[5.2807,61.56935],[5.28532,61.56998],[5.29049,61.56968],[5.29319,61.56993],[5.29658,61.57082],[5.29921,61.57073],[5.29982,61.57004],[5.29554,61.5688],[5.29593,61.5681],[5.3013,61.56652],[5.30331,61.56726],[5.30492,61.56611],[5.30624,61.5659],[5.30958,61.56627],[5.31226,61.56615],[5.31477,61.56494],[5.32415,61.56211],[5.32853,61.55959],[5.33226,61.55908],[5.33378,61.55933],[5.3381,61.56223],[5.33852,61.56201],[5.33728,61.56059],[5.33925,61.55967],[5.34094,61.55971],[5.34268,61.56051],[5.3449,61.56028],[5.34767,61.5612],[5.34755,61.56239],[5.34849,61.56272],[5.34961,61.56062],[5.35034,61.5606],[5.35121,61.56125],[5.35423,61.56074],[5.35541,61.55866],[5.35379,61.55815],[5.35372,61.55757],[5.36167,61.5575],[5.36363,61.55668],[5.36249,61.55603],[5.36279,61.55573],[5.36494,61.55564],[5.36831,61.55434],[5.37269,61.55393],[5.37794,61.55456]],[[5.06838,61.55624],[5.0754,61.55497],[5.07641,61.55527],[5.07789,61.55499],[5.07836,61.5545],[5.07716,61.55422],[5.07143,61.55455],[5.06884,61.55516],[5.0676,61.55618]],[[5.07603,61.5568],[5.0818,61.55563],[5.08822,61.55489],[5.08962,61.55383],[5.09082,61.55394],[5.09377,61.55337]],[[5.14303,61.5617],[5.14835,61.55995],[5.15247,61.55907],[5.15803,61.55698],[5.15965,61.55614],[5.16228,61.55253],[5.16388,61.55163],[5.16786,61.55099],[5.16933,61.55035],[5.16971,61.5493],[5.17148,61.54858],[5.17372,61.5467],[5.17336,61.54606],[5.16822,61.54393],[5.16298,61.54241],[5.16171,61.54224],[5.15274,61.54384],[5.14662,61.54397],[5.14035,61.54476],[5.13951,61.54515],[5.13941,61.54624],[5.13842,61.54661],[5.13654,61.54671],[5.13211,61.54779],[5.13551,61.54911],[5.13531,61.55028],[5.13152,61.54978],[5.12782,61.5484],[5.12449,61.54823],[5.11657,61.54918],[5.10824,61.5511],[5.10609,61.55106],[5.10577,61.55056],[5.10404,61.55039],[5.10218,61.55056],[5.10002,61.55117],[5.10002,61.55148],[5.10493,61.55112],[5.10532,61.55165],[5.10876,61.55176],[5.12003,61.5506],[5.12041,61.55158],[5.11427,61.55255],[5.11233,61.55248],[5.10656,61.55324],[5.1035,61.55412],[5.10061,61.55604],[5.09985,61.55592],[5.10015,61.55533],[5.10313,61.55348],[5.10108,61.55298],[5.10461,61.55241],[5.10431,61.55198],[5.10043,61.55222],[5.09968,61.55322],[5.09377,61.55337]],[[5.21645,61.56703],[5.22095,61.56548],[5.21247,61.56674]],[[5.24297,61.56894],[5.25241,61.56861],[5.25629,61.56797],[5.25699,61.56731],[5.25998,61.56668],[5.25273,61.56572],[5.24595,61.56533],[5.24292,61.56604],[5.24095,61.56588],[5.23445,61.56671],[5.23301,61.56672],[5.23264,61.56616],[5.23062,61.56619],[5.22536,61.56767]],[[5.27211,61.57104],[5.27352,61.57038],[5.2782,61.57009]],[[5.35047,61.57665],[5.35465,61.57514],[5.35678,61.5753],[5.35627,61.57616],[5.35711,61.57645],[5.36171,61.57543],[5.3608,61.57464],[5.36103,61.57373],[5.36181,61.57355],[5.36794,61.57339],[5.37071,61.57423],[5.37191,61.57293],[5.36717,61.57177],[5.34826,61.57467],[5.34573,61.57631]],[[5.37111,61.57812],[5.37626,61.57777],[5.37861,61.5771],[5.38783,61.57715],[5.38863,61.57675],[5.39351,61.57643],[5.39859,61.57538],[5.42162,61.57368],[5.42545,61.57306],[5.43061,61.57292],[5.43912,61.57168],[5.44209,61.57171],[5.44926,61.57072],[5.45406,61.5711],[5.45606,61.57191],[5.4579,61.57166]],[[5.45419,61.584],[5.45112,61.5826],[5.45112,61.57935],[5.44488,61.57863],[5.44424,61.57796],[5.44617,61.57738],[5.4468,61.57646],[5.44852,61.57572]],[[5.37055,61.57818],[5.37111,61.57812]],[[5.35047,61.57665],[5.34946,61.57732],[5.3474,61.57753],[5.34758,61.57806],[5.34931,61.57847],[5.35187,61.57847],[5.35757,61.5772],[5.36746,61.57834],[5.36903,61.57888],[5.37055,61.57818]],[[5.45419,61.584],[5.45417,61.58456],[5.45567,61.5847],[5.45625,61.5855],[5.45843,61.58564],[5.46108,61.58648]],[[5.27656,61.57528],[5.27943,61.57487],[5.27677,61.57462]],[[5.27211,61.57104],[5.2644,61.57316],[5.26488,61.57395],[5.26339,61.57436],[5.26906,61.57464],[5.27497,61.57439]],[[5.46108,61.58648],[5.4598,61.5881],[5.45995,61.58886],[5.46134,61.5892],[5.46105,61.58976]],[[5.22536,61.56767],[5.22282,61.56819],[5.21642,61.57064],[5.21456,61.57177],[5.21509,61.57228],[5.21358,61.57338],[5.21659,61.57294],[5.22079,61.5716],[5.2368,61.56937],[5.24297,61.56894]],[[5.27656,61.57528],[5.26679,61.57646],[5.2727,61.57716],[5.27266,61.5776],[5.27106,61.57776]],[[5.18273,61.57188],[5.18659,61.57126],[5.19527,61.56858],[5.19688,61.56776],[5.20251,61.56695],[5.21247,61.56674]],[[5.18273,61.57188],[5.18209,61.57215],[5.1826,61.5723]],[[5.39101,61.58631],[5.38914,61.58618],[5.38578,61.58691],[5.38617,61.58718],[5.38932,61.5871],[5.39101,61.58631]],[[5.1826,61.5723],[5.18493,61.57242],[5.18561,61.57339],[5.18875,61.57326],[5.20445,61.5693],[5.2046,61.57021],[5.20916,61.56964],[5.21645,61.56703]],[[5.0383,61.56251],[5.03921,61.56259],[5.03947,61.56307],[5.04217,61.56275],[5.04088,61.56309],[5.04101,61.56337],[5.04289,61.5632],[5.04972,61.5608],[5.04828,61.56037],[5.04375,61.56047],[5.03758,61.56142],[5.03495,61.56207],[5.03296,61.56426],[5.03494,61.56425],[5.0383,61.56251]],[[5.05683,61.56545],[5.05707,61.56481],[5.05569,61.56329],[5.05438,61.56281],[5.05319,61.56289],[5.05264,61.56488],[5.05412,61.56541],[5.05162,61.56605],[5.05112,61.56658],[5.05309,61.56691],[5.05563,61.56672],[5.05683,61.56545]],[[5.04878,61.56335],[5.04671,61.56342],[5.04447,61.5642],[5.04273,61.56613],[5.04351,61.56635],[5.04511,61.56588],[5.04818,61.56418],[5.04878,61.56335]],[[5.34573,61.57631],[5.33983,61.5778],[5.33845,61.57875],[5.34094,61.57834],[5.34124,61.57893],[5.33387,61.58132],[5.33415,61.5821],[5.3366,61.58269],[5.33613,61.58359],[5.33846,61.58473],[5.3352,61.58569],[5.33414,61.58681],[5.33461,61.58753],[5.34164,61.58728],[5.34745,61.58608],[5.35484,61.5834],[5.35648,61.58332],[5.36143,61.5836],[5.36466,61.58433],[5.36783,61.58686]],[[5.10344,61.57317],[5.1046,61.57231],[5.11084,61.5714],[5.11921,61.56779],[5.12935,61.56649],[5.13289,61.56559],[5.13547,61.56443],[5.14297,61.56341],[5.14219,61.56214],[5.14303,61.5617]],[[5.07603,61.5568],[5.07056,61.55837],[5.06204,61.56013],[5.06176,61.56082],[5.05861,61.56145],[5.05865,61.56313],[5.05724,61.56394],[5.05935,61.56634],[5.05736,61.56653],[5.05574,61.56869],[5.05641,61.56951],[5.06013,61.56974],[5.07508,61.5681],[5.07545,61.56883],[5.07205,61.56901],[5.07181,61.56954],[5.06628,61.57062],[5.06838,61.57126],[5.07896,61.57092],[5.07932,61.57163]],[[5.04982,61.566],[5.03823,61.56729],[5.03759,61.56753],[5.03755,61.5687],[5.04582,61.57],[5.05236,61.57009],[5.05443,61.56975],[5.05494,61.56865],[5.05186,61.5676],[5.04946,61.56725],[5.04982,61.566]],[[5.07932,61.57163],[5.0739,61.57217],[5.07348,61.57286],[5.07415,61.57402],[5.0756,61.57436],[5.08352,61.57441]],[[5.08687,61.57479],[5.09022,61.57615],[5.0924,61.57604],[5.09537,61.57491],[5.09852,61.57507],[5.09797,61.57575],[5.09947,61.57578],[5.10223,61.57545],[5.10363,61.57472],[5.10344,61.57317]],[[5.13621,61.57559],[5.11711,61.57582],[5.11046,61.57665],[5.10661,61.57581],[5.10354,61.57678],[5.1031,61.57878],[5.10684,61.57978],[5.11222,61.58059]],[[5.36378,61.59979],[5.39859,61.59366],[5.39825,61.592],[5.38903,61.59007],[5.38469,61.58999],[5.38312,61.59046],[5.37944,61.59057],[5.37436,61.58933],[5.3712,61.58942],[5.36783,61.58686]],[[5.11222,61.58059],[5.11776,61.58086],[5.11609,61.58181],[5.11996,61.58284],[5.1346,61.58208],[5.14299,61.58337],[5.14711,61.58212],[5.15204,61.58162],[5.14973,61.58075],[5.1471,61.58082],[5.14658,61.5804],[5.14785,61.57891],[5.152,61.57818],[5.15181,61.57751],[5.1625,61.57663],[5.16578,61.57565],[5.16381,61.57454],[5.15289,61.57521],[5.14902,61.57433],[5.14515,61.57415],[5.13621,61.57559]],[[5.1774,61.58856],[5.17899,61.58892],[5.1819,61.58853],[5.17943,61.58802],[5.1775,61.58824]],[[5.24307,61.59714],[5.24438,61.59803]],[[5.03279,61.58433],[5.02504,61.58275]],[[5.36054,61.61012],[5.37044,61.60945],[5.37926,61.60783],[5.38091,61.60809],[5.38518,61.60791],[5.3889,61.60716],[5.39061,61.60717],[5.395,61.60619],[5.3998,61.60436],[5.40498,61.60375],[5.4129,61.6017],[5.41586,61.59968],[5.42836,61.59739],[5.42886,61.59684],[5.428,61.59626],[5.42885,61.59574],[5.42821,61.59542],[5.41666,61.59569],[5.41754,61.59518],[5.4202,61.595],[5.42117,61.59461],[5.42111,61.59409],[5.41886,61.59391],[5.4213,61.59174],[5.43204,61.59056],[5.43877,61.58922],[5.44128,61.58908],[5.44579,61.5889],[5.4507,61.59067],[5.45566,61.59075],[5.46105,61.58976]],[[5.00963,61.58322],[5.01262,61.58395],[5.01604,61.58389],[5.01548,61.5848],[5.0132,61.58505],[5.01284,61.58569],[5.01732,61.58562],[5.01926,61.58522]],[[5.27106,61.57776],[5.26644,61.57768],[5.24878,61.57952],[5.24865,61.58011],[5.25049,61.58051],[5.24968,61.58121],[5.24556,61.58111],[5.24427,61.58189],[5.23873,61.58289],[5.23732,61.58392],[5.23393,61.58404],[5.23078,61.58484],[5.22936,61.58568],[5.22793,61.58551],[5.22547,61.58436],[5.22379,61.58453],[5.22054,61.58387],[5.21612,61.58424],[5.21273,61.58412],[5.21061,61.58258],[5.20887,61.58286],[5.20669,61.58229],[5.20389,61.58232],[5.19887,61.5842],[5.19244,61.58521],[5.19041,61.5862],[5.18398,61.58677],[5.18403,61.58705],[5.18656,61.58753],[5.19088,61.58683],[5.19132,61.58739],[5.18987,61.58905],[5.1906,61.58956],[5.18759,61.59084],[5.18542,61.59074],[5.18213,61.59195],[5.18166,61.59289],[5.17856,61.59325],[5.17724,61.59394],[5.17729,61.59452],[5.17957,61.59505],[5.18122,61.59617],[5.18922,61.59664],[5.19423,61.5978],[5.20213,61.59785],[5.20639,61.59828],[5.20671,61.59862],[5.2051,61.59948],[5.20759,61.59963],[5.20817,61.60011],[5.23663,61.59682],[5.24039,61.59666],[5.24307,61.59714]],[[5.24438,61.59803],[5.24464,61.59863],[5.23944,61.59952],[5.23861,61.6001],[5.23613,61.60071],[5.23608,61.60249]],[[5.01205,61.58671],[5.0086,61.58623],[5.00915,61.58567],[5.00851,61.58469]],[[5.01205,61.58671],[5.01497,61.58696],[5.0208,61.58618],[5.01926,61.58522]],[[5.20221,61.6002],[5.20504,61.60024],[5.20362,61.59934],[5.2041,61.59858],[5.1965,61.5998],[5.19679,61.60022],[5.19809,61.6004],[5.20221,61.6002]],[[5.04138,61.58984],[5.04279,61.58966],[5.04445,61.59033],[5.04591,61.58998],[5.051,61.58986],[5.05136,61.58918],[5.04741,61.58889],[5.04363,61.58933],[5.03992,61.58815],[5.03779,61.5867],[5.03835,61.58631],[5.04375,61.58627],[5.04337,61.58577],[5.04016,61.58462],[5.03279,61.58433]],[[5.26661,61.60672],[5.29547,61.60679],[5.29632,61.60697],[5.2965,61.60752],[5.29789,61.60757],[5.30246,61.60718],[5.30386,61.60655],[5.31189,61.60556],[5.32581,61.60452],[5.32904,61.60376],[5.33345,61.60332],[5.34667,61.60242],[5.35743,61.6011],[5.36378,61.59979]],[[5.24388,61.6064],[5.24857,61.60646],[5.25195,61.60709],[5.26661,61.60672]],[[5.23608,61.60249],[5.23455,61.60331],[5.23322,61.60336],[5.23454,61.60491],[5.24008,61.60621],[5.24388,61.6064]],[[5.04138,61.58984],[5.03942,61.59013],[5.04476,61.5912],[5.04592,61.5908],[5.05324,61.59114],[5.05234,61.59229],[5.05317,61.59283],[5.05695,61.5921],[5.06588,61.59248],[5.0702,61.59351],[5.07043,61.59321],[5.06894,61.59256],[5.0719,61.59244],[5.07347,61.59268],[5.07293,61.59353],[5.08072,61.59385]],[[5.12656,61.59984],[5.13479,61.59987],[5.14007,61.60056],[5.14041,61.60088]],[[5.08182,61.59382],[5.08499,61.59404],[5.08522,61.59467],[5.08706,61.59429],[5.0894,61.59444],[5.09635,61.59611],[5.09909,61.59634],[5.09978,61.59659],[5.09981,61.59799],[5.10373,61.59873],[5.11511,61.59929],[5.12067,61.59895],[5.12643,61.59983]],[[5.14041,61.60088],[5.14075,61.60218],[5.14141,61.60244],[5.142,61.60121]],[[5.142,61.60121],[5.14863,61.60121],[5.15347,61.60165],[5.15496,61.60272],[5.15427,61.60316],[5.15458,61.60391],[5.15638,61.60343],[5.16067,61.60375],[5.16491,61.60323],[5.17244,61.60408]],[[5.26491,61.61208],[5.27424,61.6115],[5.27782,61.61178],[5.28074,61.6115],[5.28867,61.61163],[5.2923,61.61202],[5.29543,61.61088],[5.31001,61.6087],[5.31175,61.60883],[5.31458,61.61027],[5.31467,61.61109],[5.3126,61.61153],[5.31263,61.61187],[5.3153,61.61215],[5.31838,61.61134],[5.32727,61.61082],[5.32911,61.6112],[5.32862,61.61219],[5.32977,61.61315],[5.33158,61.61332],[5.33577,61.61295],[5.34016,61.61325],[5.34816,61.61234],[5.35034,61.61164],[5.35216,61.61152],[5.35291,61.61093],[5.35625,61.61131],[5.35776,61.61029],[5.36054,61.61012]],[[5.25034,61.61151],[5.26076,61.61131],[5.26491,61.61208]],[[5.25034,61.61151],[5.25031,61.61116],[5.25562,61.61061],[5.25625,61.60987],[5.24711,61.6091],[5.24312,61.60823],[5.23625,61.60919],[5.23508,61.60908],[5.23108,61.60999],[5.23487,61.61023],[5.23815,61.60978],[5.23798,61.61077],[5.24065,61.61115]],[[5.13561,61.60415],[5.13747,61.60335],[5.14233,61.60279],[5.14257,61.60316],[5.14033,61.6041]],[[5.17244,61.60408],[5.17789,61.60462],[5.19776,61.60851],[5.20931,61.60911],[5.21208,61.60972],[5.21212,61.60893],[5.21882,61.60874],[5.21966,61.60904],[5.21953,61.6097],[5.22343,61.60956],[5.23068,61.61149],[5.2321,61.61101],[5.24044,61.61149],[5.24065,61.61115]],[[5.13787,61.60497],[5.13561,61.60415]],[[5.0534,61.59913],[5.05435,61.60047]],[[5.05679,61.60065],[5.05803,61.599],[5.05626,61.59836],[5.05473,61.59843],[5.05557,61.59754],[5.0543,61.59648],[5.0542,61.59427],[5.05264,61.59467],[5.05197,61.59564],[5.05425,61.59748],[5.0534,61.59913]],[[5.13507,61.60637],[5.13711,61.60602],[5.13787,61.60497]],[[5.14411,61.60703],[5.14032,61.60544],[5.14033,61.6041]],[[5.16703,61.6087],[5.16213,61.60791],[5.16118,61.60708],[5.15959,61.6069],[5.15135,61.60675],[5.14734,61.60727]],[[5.02151,61.6007],[5.02269,61.60091],[5.0231,61.60152],[5.02678,61.60213],[5.02963,61.60166],[5.02942,61.60139],[5.02746,61.60129],[5.0276,61.60084],[5.02945,61.60036],[5.03615,61.60084]],[[5.03615,61.60084],[5.036,61.60165],[5.03785,61.60299],[5.04343,61.60293],[5.04744,61.60356],[5.05101,61.6033],[5.05411,61.6036],[5.05532,61.60328],[5.05551,61.60237],[5.05435,61.60047]],[[5.05679,61.60065],[5.05651,61.60102],[5.06011,61.60341],[5.05986,61.60393],[5.06982,61.60541],[5.07694,61.60558]],[[5.07674,61.60617],[5.0799,61.606],[5.08406,61.6065],[5.08465,61.60631],[5.08207,61.60565],[5.07749,61.60559]],[[5.07674,61.60617],[5.07533,61.6067]],[[5.11105,61.61188],[5.11529,61.61109],[5.12092,61.61134],[5.12393,61.61097]],[[5.12393,61.61097],[5.13102,61.61108],[5.1347,61.61064],[5.13462,61.60926],[5.13118,61.60889],[5.13507,61.60637]],[[5.17078,61.60927],[5.17377,61.60941],[5.18086,61.61068],[5.18486,61.61086],[5.18916,61.61238],[5.18888,61.61401],[5.19489,61.61438],[5.19615,61.61572],[5.19814,61.61676],[5.20262,61.61727],[5.20329,61.61774],[5.20906,61.61653],[5.21533,61.61412],[5.21713,61.61431],[5.22074,61.61597],[5.22799,61.61783],[5.23557,61.61753],[5.24062,61.61813],[5.24566,61.61801],[5.24879,61.61675],[5.24861,61.61604],[5.25095,61.61557],[5.25659,61.61801],[5.26084,61.61817],[5.26184,61.61907],[5.26268,61.61913]],[[5.18322,61.61388],[5.17879,61.61358],[5.17778,61.61397],[5.17788,61.61452],[5.1812,61.61604],[5.18452,61.61658],[5.18554,61.61612],[5.1856,61.61501],[5.18322,61.61388]],[[5.04847,61.60579],[5.04513,61.60558],[5.0481,61.60679],[5.05101,61.60623],[5.04847,61.60579]],[[5.04231,61.60714],[5.04128,61.60649],[5.03892,61.60732],[5.04083,61.60799],[5.04096,61.60842],[5.04245,61.60825],[5.04231,61.60714]],[[5.19131,61.61803],[5.18736,61.6168],[5.18449,61.61703],[5.18502,61.61785],[5.17999,61.61775],[5.17883,61.61843],[5.19136,61.61846],[5.19131,61.61803]],[[5.1678,61.61856],[5.17244,61.61843],[5.17546,61.61786],[5.17716,61.61709],[5.17984,61.61686],[5.17913,61.61595],[5.17763,61.6156],[5.17664,61.61442],[5.1694,61.61357]],[[5.0746,61.61279],[5.08097,61.61261],[5.08554,61.61056],[5.08704,61.61031],[5.09207,61.61153],[5.09575,61.61183],[5.09659,61.61241],[5.09911,61.61243],[5.10227,61.6119],[5.11105,61.61188]],[[5.01002,61.60695],[5.00885,61.60708],[5.00889,61.60884],[5.01057,61.60807],[5.01002,61.60695]],[[5.02405,61.61096],[5.02758,61.61053],[5.03038,61.61113],[5.03339,61.60963],[5.03188,61.6089],[5.03359,61.60783],[5.03415,61.60668],[5.03352,61.60625],[5.03203,61.60635],[5.03134,61.60712],[5.02989,61.60749],[5.02842,61.60748],[5.02601,61.60677]],[[5.1694,61.61357],[5.16717,61.61387],[5.16168,61.61347],[5.15813,61.61278],[5.15645,61.61365],[5.15516,61.6137],[5.14836,61.61201],[5.14399,61.61119],[5.14207,61.61117],[5.1323,61.61311],[5.13997,61.61527],[5.14062,61.6159],[5.13152,61.61467],[5.12749,61.61523],[5.12517,61.61607],[5.12498,61.61715],[5.12279,61.61759],[5.12591,61.61837],[5.12814,61.61794],[5.13097,61.61925],[5.13591,61.61774],[5.14076,61.61695],[5.14295,61.61687],[5.14567,61.6174],[5.14868,61.61654],[5.15341,61.61678],[5.16,61.61648],[5.16252,61.61689],[5.16267,61.61767],[5.16469,61.61839],[5.1678,61.61856]],[[5.02601,61.60677],[5.01964,61.60528],[5.01964,61.60661],[5.02327,61.60742],[5.02595,61.60755],[5.02643,61.60814],[5.02493,61.6083],[5.0219,61.60774],[5.01529,61.60747],[5.01241,61.60772],[5.01153,61.60843],[5.0123,61.60924],[5.01475,61.6103],[5.0147,61.6108],[5.01876,61.61093],[5.01987,61.61157],[5.02405,61.61096]],[[5.58432,61.45444],[5.58343,61.45405],[5.58235,61.45535],[5.58276,61.45589],[5.5844,61.45628],[5.58533,61.45599],[5.58407,61.45526],[5.58432,61.45444]],[[5.45146,61.44844],[5.45162,61.44813]],[[5.54027,61.4615],[5.54442,61.46376],[5.54941,61.46388],[5.55109,61.4643]],[[5.55109,61.4643],[5.5531,61.46464],[5.55467,61.46413]],[[5.81427,61.48473],[5.81448,61.48587],[5.81376,61.48653],[5.81531,61.48865]],[[5.37953,61.46066],[5.38232,61.46357]],[[5.66031,61.48636],[5.65858,61.48605],[5.65908,61.4869],[5.66082,61.48747],[5.66129,61.48673],[5.66031,61.48636]],[[5.40231,61.47634],[5.40915,61.47685],[5.41353,61.47658],[5.41382,61.47618]],[[5.34407,61.47244],[5.34369,61.47294],[5.34155,61.47346]],[[5.49286,61.48942],[5.49696,61.48748]],[[5.25545,61.47329],[5.25452,61.47366]],[[5.49125,61.49466],[5.49771,61.49519],[5.50025,61.4948],[5.50243,61.49493],[5.50339,61.49412]],[[5.39274,61.48918],[5.39348,61.48924]],[[5.40761,61.49024],[5.40695,61.49034]],[[5.13393,61.4949],[5.13401,61.49491]],[[5.05049,61.47537],[5.05083,61.47507],[5.04966,61.4747],[5.04859,61.47515],[5.04735,61.47424],[5.0462,61.47428],[5.04612,61.47494],[5.04703,61.47544],[5.05049,61.47537]],[[5.05204,61.47653],[5.04959,61.47674],[5.04802,61.47753],[5.04973,61.4776],[5.05204,61.47653]],[[5.3014,61.49648],[5.30884,61.49426]],[[5.3014,61.49648],[5.30044,61.49679]],[[5.24116,61.49836],[5.23863,61.49783],[5.23678,61.49835],[5.23861,61.49886],[5.24116,61.49836]],[[5.12448,61.49099],[5.12402,61.49027]],[[5.16251,61.49246],[5.15897,61.49272],[5.15812,61.49391],[5.15913,61.49387],[5.16251,61.49246]],[[5.02454,61.49847],[5.02217,61.49798],[5.02115,61.49817],[5.0234,61.49958],[5.02454,61.49847]],[[5.16631,61.53593],[5.16355,61.53571],[5.16227,61.53599],[5.16214,61.53652],[5.16631,61.53593]],[[5.4579,61.57166],[5.45921,61.5723]],[[5.0676,61.55618],[5.06838,61.55624]],[[5.27497,61.57439],[5.27677,61.57462]],[[5.08352,61.57441],[5.08685,61.57479]],[[5.08685,61.57479],[5.08687,61.57479]],[[5.1775,61.58824],[5.1774,61.58856]],[[5.08072,61.59385],[5.08182,61.59382]],[[5.12656,61.59984],[5.12643,61.59983]],[[5.14411,61.60703],[5.14734,61.60727]],[[5.16703,61.6087],[5.17078,61.60927]],[[5.07694,61.60558],[5.07749,61.60559]],[[5.1336,61.28949],[5.13283,61.28943]],[[5.1336,61.28949],[5.1346,61.29003],[5.134,61.29113],[5.1399,61.29118],[5.14144,61.29186]],[[5.04605,61.28668],[5.05012,61.28621],[5.05187,61.28556],[5.05304,61.28565],[5.04931,61.28744]],[[5.13311,61.29426],[5.13339,61.29401],[5.13605,61.294],[5.13746,61.29432],[5.13605,61.29468]],[[5.14144,61.29186],[5.13948,61.29203],[5.13743,61.29301],[5.13258,61.29304],[5.12763,61.29355],[5.12932,61.2942]],[[5.13283,61.28943],[5.13167,61.28991],[5.1331,61.29045],[5.12941,61.29074],[5.13075,61.29157],[5.12626,61.29269],[5.1277,61.29443],[5.12932,61.2942]],[[5.13605,61.29468],[5.13447,61.29505],[5.13415,61.29566],[5.13497,61.29604],[5.13975,61.29579],[5.13947,61.29459],[5.14168,61.2948],[5.1417,61.29576],[5.14408,61.29535],[5.14366,61.29387]],[[5.14272,61.29785],[5.14095,61.29734],[5.13951,61.29761],[5.13624,61.29671],[5.13268,61.29741],[5.13685,61.29848],[5.14272,61.29785]],[[5.04931,61.28744],[5.04798,61.28797],[5.0489,61.28852],[5.04856,61.28919],[5.04679,61.28936],[5.0475,61.29032],[5.0495,61.29005],[5.0503,61.28919],[5.05234,61.28924],[5.05244,61.2889],[5.05137,61.28863],[5.05319,61.28807],[5.05432,61.28838],[5.05462,61.28965],[5.05551,61.29026],[5.05857,61.29134],[5.05777,61.29191],[5.05852,61.29227],[5.06373,61.29254],[5.06651,61.29326],[5.07146,61.29301],[5.07499,61.29325],[5.07626,61.29408]],[[5.06673,61.29422],[5.06336,61.29353],[5.0581,61.29384]],[[5.36056,61.31675],[5.36011,61.31621],[5.35765,61.31627]],[[5.07626,61.29408],[5.07565,61.29527],[5.07364,61.29537],[5.07203,61.29599],[5.06673,61.29422]],[[5.0581,61.29384],[5.05352,61.29324],[5.04446,61.29029],[5.04133,61.29028],[5.03855,61.28972],[5.03761,61.29021],[5.03884,61.2914],[5.03856,61.29187],[5.03666,61.29241],[5.0357,61.29159],[5.03398,61.29152],[5.03125,61.29249],[5.03134,61.29301],[5.0336,61.29339],[5.03479,61.29417]],[[5.08161,61.29713],[5.08402,61.29779],[5.0868,61.29753],[5.08945,61.29788],[5.09031,61.2968],[5.09189,61.2968],[5.09336,61.29705],[5.09369,61.2975],[5.09177,61.29842],[5.09399,61.29863],[5.0976,61.29766],[5.1024,61.2955],[5.10294,61.29503],[5.10251,61.29426],[5.10596,61.2938],[5.10763,61.29412],[5.11071,61.2955],[5.10576,61.29571],[5.10591,61.29609],[5.10862,61.2967],[5.10667,61.29771],[5.10981,61.29798],[5.1134,61.29699],[5.11452,61.29809],[5.11976,61.29873],[5.1215,61.29833],[5.12141,61.29786],[5.12322,61.2969],[5.12287,61.29635],[5.12564,61.29572],[5.12347,61.29493],[5.12366,61.29466],[5.13025,61.29546],[5.1331,61.29464],[5.13311,61.29426]],[[5.34595,61.31194],[5.34717,61.31248],[5.35201,61.3124],[5.35298,61.31276],[5.3516,61.31418],[5.35243,61.3153],[5.35351,61.31567],[5.35366,61.31641],[5.35216,61.31806],[5.35379,61.31825],[5.35661,61.31715],[5.35715,61.31642]],[[5.08138,61.29716],[5.08007,61.29713],[5.08086,61.29879]],[[5.08067,61.29937],[5.08157,61.29896],[5.08086,61.29879]],[[5.35659,61.31967],[5.35747,61.31891],[5.3605,61.31774],[5.36056,61.31675]],[[5.03252,61.2946],[5.03164,61.2947],[5.03143,61.29544],[5.04011,61.29697],[5.04472,61.29824],[5.05788,61.29923],[5.06214,61.29913]],[[5.11217,61.30113],[5.10781,61.30048],[5.1049,61.30215],[5.10821,61.30306],[5.11523,61.30404],[5.11891,61.30322],[5.12211,61.30341],[5.12201,61.30262],[5.12392,61.30228],[5.12608,61.30246],[5.12683,61.30314],[5.12905,61.30187],[5.12764,61.30143],[5.12642,61.30141],[5.12575,61.30188],[5.12254,61.30153],[5.11444,61.29945],[5.11378,61.30109],[5.11217,61.30113]],[[5.0694,61.30235],[5.07211,61.30113],[5.07046,61.29997],[5.07143,61.29913],[5.08067,61.29937]],[[5.12056,61.30644],[5.12598,61.30658],[5.12607,61.30623],[5.12454,61.3058],[5.1254,61.30527],[5.12789,61.305],[5.12752,61.30376],[5.12603,61.30368],[5.12365,61.30435],[5.12134,61.30433],[5.12056,61.30644]],[[5.35247,61.32369],[5.34962,61.32319],[5.34952,61.32119],[5.34862,61.32093],[5.347,61.32142],[5.34598,61.32227],[5.34485,61.32205],[5.3438,61.32237],[5.34376,61.32343],[5.34599,61.32362],[5.34572,61.32421],[5.34458,61.3243]],[[5.06584,61.30154],[5.0648,61.30201],[5.06209,61.30205],[5.06008,61.30259],[5.05906,61.30348],[5.05576,61.30456],[5.05975,61.30518],[5.06303,61.30493],[5.06545,61.3044],[5.0694,61.30235]],[[5.14426,61.29397],[5.14571,61.29613],[5.14378,61.29596],[5.14191,61.29645],[5.14561,61.29727],[5.14894,61.29638],[5.15041,61.29658],[5.15133,61.29763],[5.15103,61.30055],[5.14796,61.30106],[5.14566,61.30022],[5.14022,61.30114],[5.14019,61.30145],[5.14147,61.30171],[5.14035,61.30208],[5.13912,61.302],[5.13813,61.30097],[5.13616,61.30036],[5.13254,61.29983],[5.13031,61.30029],[5.13213,61.3025],[5.13088,61.3036],[5.13135,61.30449],[5.13207,61.30523],[5.1337,61.30571],[5.12887,61.30674],[5.12938,61.30777],[5.12868,61.30829],[5.13089,61.30884],[5.13079,61.30964],[5.12922,61.31008],[5.13146,61.31129],[5.13202,61.31083],[5.13325,61.31107],[5.13373,61.31148],[5.13276,61.312],[5.13763,61.31276],[5.1385,61.31346],[5.13552,61.31642],[5.13659,61.3174],[5.13992,61.31798],[5.14719,61.31825],[5.15017,61.31805],[5.15256,61.31706],[5.1519,61.31535],[5.15497,61.31463],[5.1548,61.31391],[5.15184,61.31234],[5.15205,61.3116],[5.15398,61.31139],[5.15569,61.31283],[5.15696,61.31237],[5.1552,61.31075],[5.15682,61.30956],[5.15634,61.30825],[5.15778,61.30656],[5.15775,61.30572],[5.15591,61.30526],[5.15645,61.30452],[5.16312,61.30388],[5.16704,61.30269],[5.17032,61.30219],[5.17309,61.30312],[5.1732,61.30429]],[[5.33352,61.334],[5.3325,61.33476],[5.33124,61.33468],[5.32407,61.33672]],[[5.21054,61.33261],[5.21371,61.33194],[5.2168,61.33181],[5.21889,61.33093],[5.21925,61.32977],[5.2181,61.32769],[5.21446,61.32592],[5.2138,61.32206],[5.20731,61.3197],[5.20413,61.31906],[5.20121,61.31759],[5.20102,61.31707],[5.20256,61.31658],[5.20413,61.31394],[5.21318,61.31407],[5.2147,61.31386],[5.21693,61.3128],[5.2209,61.31277],[5.22403,61.31116],[5.2201,61.30951],[5.22032,61.30896],[5.22279,61.30908],[5.22422,61.3075],[5.22513,61.30829],[5.22417,61.30842],[5.22416,61.3088],[5.22549,61.30907],[5.22925,61.30734],[5.22609,61.30641],[5.22397,61.30528],[5.21677,61.30515],[5.21269,61.30472],[5.21053,61.30412],[5.20847,61.30413],[5.20682,61.30346],[5.20792,61.30279],[5.2048,61.30212],[5.20405,61.30321],[5.20253,61.30374],[5.20144,61.30371],[5.19764,61.30527],[5.1933,61.30607],[5.19124,61.30572],[5.18792,61.30649],[5.18585,61.30631],[5.18145,61.30482],[5.17898,61.30455],[5.17525,61.30641],[5.1732,61.30429]],[[5.67692,61.36296],[5.67592,61.36328],[5.67516,61.36283],[5.67419,61.36299],[5.67318,61.36694],[5.67483,61.36704],[5.68011,61.36615],[5.68121,61.36631]],[[5.10224,61.32628],[5.10052,61.3246],[5.09512,61.3218],[5.09369,61.32143],[5.09158,61.32162]],[[5.02315,61.32074],[5.02071,61.32057],[5.01987,61.3223],[5.02206,61.32227],[5.02338,61.32179],[5.02315,61.32074]],[[5.05588,61.3214],[5.05339,61.3214],[5.05149,61.32234],[5.0529,61.32304],[5.05048,61.32362],[5.05091,61.32511],[5.05266,61.32483],[5.05293,61.32383],[5.05519,61.32351],[5.05588,61.3214]],[[5.10837,61.32818],[5.11004,61.32794],[5.1132,61.32876],[5.11603,61.32897],[5.11793,61.32893],[5.12079,61.32813],[5.12873,61.32873],[5.14098,61.3309],[5.14851,61.33316]],[[5.21054,61.33261],[5.2071,61.33175],[5.2034,61.33254],[5.19875,61.33252],[5.19857,61.33478],[5.19954,61.33578],[5.19947,61.33701]],[[5.14851,61.33316],[5.1498,61.33351],[5.15357,61.33337],[5.15952,61.334],[5.16297,61.33328]],[[5.09158,61.32162],[5.08573,61.32192],[5.08108,61.32132],[5.07773,61.3221],[5.07754,61.32332],[5.07835,61.32456],[5.0778,61.32603],[5.07607,61.3265],[5.07282,61.32572],[5.07186,61.32704],[5.07365,61.32792],[5.07659,61.32855]],[[5.56014,61.36397],[5.56123,61.36233],[5.5632,61.3619],[5.56579,61.36199]],[[5.60472,61.3668],[5.60925,61.36759],[5.61224,61.36768]],[[5.59202,61.36678],[5.59288,61.36655],[5.59513,61.36694],[5.60472,61.3668]],[[5.58856,61.36641],[5.58898,61.36685],[5.59202,61.36678]],[[5.56579,61.36199],[5.56899,61.36257],[5.57171,61.36448],[5.57613,61.36631],[5.58017,61.36616],[5.57851,61.36522],[5.57965,61.36462],[5.58554,61.36407],[5.58725,61.36448],[5.58881,61.36591],[5.58856,61.36641]],[[5.03881,61.32775],[5.0414,61.32698],[5.04302,61.32553],[5.04121,61.32447],[5.03824,61.32454],[5.03616,61.32408],[5.03491,61.32444],[5.03343,61.32736]],[[5.07211,61.33022],[5.07277,61.32984],[5.0749,61.33021],[5.0753,61.32983],[5.07457,61.32897],[5.07656,61.32857]],[[5.16992,61.3374],[5.17152,61.33436],[5.1676,61.3335],[5.16618,61.33277],[5.16417,61.33284]],[[5.28608,61.34583],[5.29064,61.34349],[5.29422,61.3439],[5.29557,61.34346],[5.29667,61.34252],[5.29175,61.34241],[5.29387,61.3402],[5.2964,61.33972],[5.30046,61.34023],[5.30236,61.33998],[5.30324,61.33898],[5.30193,61.3371],[5.30444,61.33644],[5.30483,61.3351],[5.31044,61.3324],[5.31836,61.33035],[5.31975,61.32925],[5.3209,61.32927],[5.32007,61.32998],[5.32001,61.33172],[5.32103,61.33336],[5.32497,61.33367],[5.32729,61.33314],[5.32821,61.33052],[5.32728,61.32899],[5.32848,61.3273],[5.32974,61.3265],[5.33444,61.32614],[5.33513,61.32438],[5.33457,61.32332],[5.33784,61.3226],[5.33728,61.32218],[5.33533,61.32233],[5.33481,61.32086],[5.33789,61.32169],[5.3405,61.32165],[5.34218,61.32109],[5.34234,61.31995],[5.3433,61.31916],[5.3483,61.31829],[5.34891,61.3178],[5.35011,61.31636],[5.34993,61.31565],[5.34602,61.31468],[5.34497,61.31213]],[[5.30123,61.34692],[5.30249,61.34597],[5.30068,61.34563],[5.30033,61.34522],[5.3017,61.34484],[5.30508,61.34481],[5.30612,61.34342],[5.30574,61.34188],[5.30421,61.34113],[5.30614,61.33884],[5.31324,61.33831],[5.3133,61.33799],[5.31133,61.3378],[5.31108,61.33748],[5.31362,61.33659],[5.31864,61.33639],[5.32407,61.33672]],[[5.35777,61.35098],[5.35258,61.35061]],[[5.63879,61.3708],[5.6367,61.37009],[5.63399,61.37046]],[[5.64906,61.37151],[5.6538,61.36547],[5.65707,61.36316],[5.66104,61.36224],[5.66152,61.36091],[5.66277,61.3603],[5.6686,61.36052],[5.67149,61.35975],[5.67348,61.35993],[5.67724,61.36152],[5.67692,61.36296]],[[5.65925,61.37222],[5.66002,61.37072],[5.66177,61.36949],[5.66449,61.36928],[5.66733,61.37002],[5.66915,61.36978],[5.67119,61.36864],[5.67277,61.36833]],[[5.62625,61.36993],[5.62805,61.37087],[5.63399,61.37046]],[[5.03119,61.32841],[5.03238,61.32728]],[[5.34659,61.35188],[5.35258,61.35061]],[[5.63879,61.3708],[5.64011,61.3726],[5.64731,61.37227],[5.64906,61.37151]],[[5.17358,61.34125],[5.17437,61.33896],[5.17134,61.33874],[5.16992,61.3374]],[[5.64331,61.37331],[5.64505,61.3733],[5.6476,61.37459],[5.65257,61.3738],[5.65417,61.37598],[5.65566,61.37625],[5.65733,61.37602],[5.66007,61.37477],[5.66038,61.37408],[5.65925,61.37222]],[[5.64079,61.37561],[5.63893,61.37403],[5.64331,61.37331]],[[5.03343,61.32736],[5.03382,61.32794],[5.03679,61.32881],[5.03658,61.32917],[5.03514,61.3291],[5.03409,61.32966],[5.03489,61.33199],[5.03636,61.33227],[5.0385,61.33209],[5.03897,61.33141],[5.04536,61.33078],[5.04037,61.32969],[5.04112,61.32888],[5.0387,61.32848],[5.03881,61.32775]],[[5.25347,61.34838],[5.26278,61.34742],[5.26674,61.34748],[5.26836,61.34701],[5.26921,61.3484],[5.27504,61.34877],[5.28086,61.348],[5.28096,61.34686],[5.28496,61.34703],[5.28608,61.34583]],[[5.07211,61.33022],[5.0698,61.33357],[5.06999,61.33551]],[[5.19953,61.33956],[5.19851,61.34067],[5.19875,61.34326],[5.20037,61.34538],[5.20206,61.34585],[5.21122,61.34511]],[[5.52826,61.37394],[5.53098,61.37306],[5.52863,61.37271]],[[5.63812,61.37705],[5.64127,61.37607]],[[5.62453,61.37414],[5.6295,61.37479],[5.63091,61.37529],[5.63168,61.37742],[5.63812,61.37705]],[[5.2206,61.34479],[5.22564,61.34434],[5.22799,61.34484],[5.22904,61.34539],[5.22989,61.34835],[5.23547,61.34967],[5.23711,61.34971],[5.24265,61.34849],[5.25347,61.34838]],[[5.0652,61.33238],[5.05575,61.33143],[5.05453,61.33242],[5.05462,61.33574],[5.05647,61.33663],[5.0616,61.33667],[5.0654,61.33624],[5.06687,61.33497],[5.06653,61.33281],[5.0652,61.33238]],[[5.06999,61.33551],[5.0715,61.33597],[5.07123,61.33845],[5.07215,61.33892],[5.07952,61.3391],[5.08043,61.33945],[5.08026,61.34009],[5.08463,61.34028],[5.08425,61.34098],[5.0862,61.34112],[5.09042,61.33928],[5.09125,61.33931],[5.09316,61.34038],[5.09712,61.34012]],[[5.35641,61.36062],[5.35306,61.36042],[5.35279,61.36073],[5.3548,61.36133],[5.35675,61.3614],[5.35641,61.36062]],[[5.38159,61.36369],[5.39314,61.36469],[5.39419,61.36427]],[[5.35777,61.35098],[5.36231,61.35185],[5.36361,61.35403],[5.37002,61.35478],[5.37136,61.35572],[5.37152,61.35699],[5.37295,61.35856],[5.36889,61.36064],[5.36806,61.36175],[5.37227,61.36255],[5.37593,61.36273],[5.37928,61.36385],[5.38159,61.36369]],[[5.52826,61.37394],[5.52806,61.37458]],[[5.52806,61.37458],[5.53446,61.37488],[5.53644,61.37462],[5.53699,61.37426],[5.53507,61.37242],[5.53615,61.37109],[5.54145,61.37028],[5.5461,61.3682],[5.55062,61.36771],[5.55164,61.36711],[5.5539,61.36681],[5.55632,61.36714],[5.5566,61.36771],[5.55448,61.36814],[5.5553,61.36897],[5.55951,61.36853],[5.56084,61.36802],[5.56226,61.36653],[5.56197,61.36599],[5.56018,61.36532]],[[5.39614,61.36443],[5.39841,61.36504],[5.40115,61.36511],[5.40145,61.36571]],[[5.30123,61.34692],[5.29508,61.34941],[5.28988,61.35059],[5.29018,61.35126],[5.29383,61.35127],[5.29476,61.35157],[5.2872,61.35442],[5.28823,61.3551],[5.2926,61.35549],[5.29303,61.35598],[5.29214,61.35721],[5.29515,61.35805],[5.30344,61.35879],[5.30694,61.35822],[5.31155,61.35333],[5.31322,61.35279],[5.31403,61.35307],[5.31968,61.35231],[5.32316,61.35138],[5.32518,61.35136],[5.33232,61.35248],[5.34295,61.35177],[5.34659,61.35188]],[[5.02114,61.33853],[5.02295,61.33624],[5.02484,61.33541],[5.02365,61.33371],[5.02467,61.33296],[5.03016,61.33109],[5.03091,61.32989],[5.02985,61.32916],[5.03119,61.32841]],[[5.54178,61.37716],[5.54244,61.37527],[5.54813,61.37602],[5.54949,61.37568],[5.54942,61.37349],[5.55124,61.37262],[5.55503,61.37228],[5.55858,61.37139],[5.56633,61.37166],[5.56728,61.37103],[5.56671,61.37064],[5.56709,61.37001],[5.56971,61.36931],[5.57684,61.36967],[5.5957,61.37191],[5.59836,61.37184],[5.59996,61.37128],[5.60472,61.37146],[5.60825,61.37189],[5.61135,61.37277],[5.61745,61.37198],[5.62255,61.37195],[5.62134,61.37332],[5.62253,61.37383]],[[5.48394,61.37317],[5.49075,61.37218],[5.50105,61.37219],[5.50244,61.37173],[5.50263,61.37097],[5.51043,61.36974],[5.51242,61.37016],[5.51395,61.37106],[5.52381,61.37156],[5.5243,61.37196],[5.52863,61.37271]],[[5.3429,61.36375],[5.34806,61.36416],[5.35283,61.3636],[5.34947,61.36135],[5.34899,61.35907],[5.34638,61.35802],[5.34473,61.35786]],[[5.17358,61.34125],[5.17744,61.34497],[5.17483,61.35116],[5.1769,61.3524],[5.18033,61.35327]],[[5.47376,61.3735],[5.47422,61.37431],[5.47545,61.37448],[5.4809,61.37404],[5.48394,61.37317]],[[5.34473,61.35786],[5.33976,61.35793],[5.33279,61.35746],[5.32334,61.35829],[5.32123,61.35699],[5.31795,61.35603],[5.31492,61.3557],[5.31243,61.356],[5.31228,61.3595],[5.32256,61.35882],[5.32466,61.36022],[5.32842,61.36167],[5.32872,61.36247],[5.32656,61.36373],[5.32848,61.36488],[5.32948,61.36513],[5.33646,61.36492],[5.33836,61.36468],[5.33977,61.36384],[5.3429,61.36375]],[[5.52957,61.37938],[5.53062,61.37879],[5.52827,61.37846],[5.52809,61.37795],[5.53288,61.37696],[5.53433,61.37679],[5.54075,61.37756],[5.54178,61.37716]],[[5.08574,61.34505],[5.0869,61.34473],[5.09398,61.34443],[5.09476,61.34374],[5.09675,61.3432],[5.10073,61.34339],[5.10458,61.34309],[5.10533,61.34406],[5.10339,61.34661],[5.10337,61.3497],[5.10403,61.34977],[5.10583,61.34874],[5.10517,61.34626],[5.10606,61.34448],[5.10808,61.34307],[5.11144,61.34254],[5.10971,61.33934],[5.1086,61.33901],[5.10651,61.33922],[5.10472,61.34031],[5.10245,61.34022],[5.10062,61.33965],[5.09787,61.33973],[5.09712,61.34012]],[[5.51164,61.37941],[5.5265,61.37968]],[[5.06557,61.34664],[5.06698,61.34732],[5.0692,61.3477],[5.07401,61.34705],[5.07443,61.3465],[5.07794,61.34575],[5.08574,61.34505]],[[5.25181,61.36056],[5.25898,61.36121],[5.26414,61.36265]],[[5.06557,61.34664],[5.06402,61.34645],[5.06503,61.34544],[5.06421,61.34488],[5.06296,61.34479],[5.06207,61.34534],[5.05472,61.34649],[5.05286,61.3477]],[[5.19566,61.35747],[5.19726,61.3567],[5.20947,61.35601],[5.21127,61.35621],[5.21348,61.35841],[5.2167,61.36003],[5.21581,61.35993],[5.21687,61.36054],[5.22049,61.36134]],[[5.18033,61.35327],[5.18272,61.35422],[5.18281,61.35622],[5.18501,61.35678],[5.18635,61.35631],[5.18745,61.35712],[5.18726,61.35812],[5.19054,61.35928]],[[5.43306,61.377],[5.43592,61.37529],[5.43974,61.37517],[5.43973,61.37435],[5.44081,61.37357],[5.46188,61.37097],[5.4711,61.37161],[5.4729,61.37225],[5.47376,61.3735]],[[5.40145,61.36571],[5.40598,61.36736],[5.40295,61.36912],[5.40219,61.37165],[5.40067,61.3727],[5.40219,61.37439],[5.40731,61.37527],[5.41866,61.37402],[5.42376,61.37595],[5.42383,61.37678],[5.42555,61.37736],[5.43126,61.37747],[5.43306,61.377]],[[5.51164,61.37941],[5.50556,61.37865],[5.50173,61.37889],[5.49961,61.37915],[5.499,61.37956],[5.49727,61.37947],[5.49383,61.38001],[5.49356,61.38032],[5.49048,61.38032],[5.49034,61.38121],[5.48959,61.38143],[5.48489,61.38052],[5.4829,61.37934],[5.47591,61.37907],[5.47651,61.38051],[5.47525,61.3816]],[[5.26526,61.36224],[5.26722,61.36109],[5.27121,61.36043],[5.27326,61.36236],[5.27606,61.36383],[5.28899,61.36537],[5.28964,61.36623],[5.28913,61.36693],[5.28765,61.36722],[5.28813,61.36765],[5.29426,61.36838],[5.30161,61.37048],[5.30656,61.37141],[5.3211,61.37256],[5.3257,61.37185],[5.34045,61.37162]],[[5.10567,61.35263],[5.1092,61.35353],[5.11044,61.35511],[5.10952,61.35695],[5.10613,61.35865],[5.10593,61.36013]],[[5.10593,61.36013],[5.10644,61.36099]],[[5.43069,61.38467],[5.43775,61.38402],[5.44235,61.3842],[5.44376,61.38372],[5.44476,61.38257],[5.4489,61.38098],[5.45072,61.37938],[5.45313,61.3787],[5.45802,61.37835],[5.4632,61.37819],[5.46671,61.37851],[5.46736,61.37909],[5.46624,61.37947],[5.46725,61.38025],[5.47369,61.38175],[5.47525,61.3816]],[[5.10481,61.36123],[5.10302,61.35904],[5.10315,61.35751],[5.10724,61.35468],[5.10322,61.35392],[5.10287,61.35179],[5.10344,61.35011],[5.10567,61.35263]],[[5.42622,61.38491],[5.43069,61.38467]],[[5.34045,61.37162],[5.34999,61.37131],[5.35861,61.37147],[5.36312,61.37189],[5.36641,61.37285],[5.37629,61.37327],[5.37849,61.37366],[5.38095,61.37363],[5.38466,61.37287],[5.38882,61.37321],[5.39131,61.37392],[5.3923,61.37469],[5.39268,61.37671],[5.39369,61.37791],[5.39523,61.37859],[5.39507,61.37954],[5.39602,61.38092],[5.40042,61.38309],[5.4038,61.3841],[5.41237,61.38484],[5.41908,61.38524],[5.42472,61.38498]],[[5.05286,61.3477],[5.04998,61.34887],[5.04964,61.35101],[5.05019,61.35177],[5.04641,61.35331],[5.04468,61.35579],[5.04164,61.3579],[5.0397,61.35835]],[[5.10644,61.36099],[5.10726,61.36221],[5.11073,61.36425],[5.11434,61.36539],[5.11435,61.36618]],[[5.10883,61.36843],[5.11435,61.36618]],[[5.10481,61.36123],[5.10303,61.36282],[5.10189,61.36608],[5.10191,61.36872],[5.10117,61.36991],[5.10175,61.3714],[5.10285,61.37136],[5.10358,61.37001],[5.10495,61.36975],[5.10509,61.37139],[5.10664,61.37156],[5.10851,61.3703],[5.10785,61.36929],[5.10883,61.36843]],[[5.03026,61.37238],[5.03094,61.37035],[5.03307,61.36937],[5.03419,61.36816],[5.03352,61.36382],[5.03594,61.36172],[5.03694,61.36007],[5.03646,61.35952],[5.0397,61.35835]],[[5.1074,61.37807],[5.1054,61.37612],[5.10389,61.37682],[5.10341,61.37778]],[[5.03026,61.37238],[5.03043,61.37397],[5.02781,61.37487],[5.02637,61.37626],[5.02788,61.37804],[5.02757,61.3787]],[[5.09603,61.38546],[5.09735,61.38399],[5.09712,61.38285],[5.1002,61.38133],[5.10142,61.37928],[5.10365,61.37904],[5.10349,61.37786]],[[5.09439,61.38918],[5.0951,61.38803],[5.09681,61.38711],[5.09603,61.38546]],[[5.02757,61.3787],[5.02663,61.37997],[5.02724,61.38106],[5.0282,61.38121],[5.02908,61.38248],[5.03467,61.3846],[5.03506,61.3854]],[[5.04246,61.39463],[5.045,61.39434],[5.05003,61.3951]],[[5.05157,61.39575],[5.05003,61.3951]],[[5.03506,61.3854],[5.03546,61.38634],[5.03487,61.3868],[5.03585,61.38745],[5.03367,61.38899],[5.03433,61.39027],[5.03392,61.39283],[5.03672,61.39346],[5.03757,61.39463],[5.03997,61.395],[5.04246,61.39463]],[[5.04938,61.39712],[5.05163,61.39618],[5.05157,61.39575]],[[5.07931,61.40257],[5.08903,61.40051],[5.09089,61.40044],[5.09258,61.40096],[5.09478,61.40059],[5.09578,61.39955],[5.09439,61.38918]],[[5.06941,61.40099],[5.07085,61.40088],[5.0742,61.40294]],[[5.0616,61.40132],[5.06262,61.40225],[5.06476,61.40168],[5.06739,61.40169],[5.06941,61.40099]],[[5.0742,61.40294],[5.07619,61.40321],[5.07931,61.40257]],[[5.04912,61.39795],[5.05323,61.39923],[5.0535,61.39994],[5.05232,61.40054],[5.05312,61.40149],[5.05446,61.40162],[5.05453,61.40214],[5.05587,61.40228],[5.05795,61.40167],[5.0616,61.40132]],[[5.10761,61.38355],[5.10571,61.38497],[5.10754,61.38701],[5.10681,61.39057],[5.10918,61.39435],[5.10847,61.39793],[5.10634,61.40182],[5.10698,61.40442],[5.1045,61.40777],[5.10482,61.40804],[5.10671,61.40795],[5.10786,61.4088],[5.10502,61.41159],[5.10628,61.41185],[5.10835,61.41166],[5.1103,61.41223]],[[5.1103,61.41223],[5.11564,61.41506],[5.12364,61.41568],[5.12903,61.41673]],[[5.02888,61.40871],[5.03484,61.41125]],[[5.04459,61.41203],[5.03848,61.41187],[5.03484,61.41125]],[[5.12903,61.41673],[5.13129,61.41725],[5.13263,61.41805],[5.13415,61.42115],[5.13477,61.42175],[5.13588,61.42191]],[[5.13588,61.42191],[5.14315,61.42213],[5.14805,61.42271]],[[5.06215,61.41744],[5.05465,61.41441],[5.04459,61.41203]],[[5.16575,61.42759],[5.16405,61.42677],[5.1558,61.42625],[5.15053,61.42551],[5.14958,61.42491],[5.14881,61.42294],[5.14805,61.42271]],[[5.06907,61.42051],[5.07048,61.4212],[5.07271,61.4212],[5.07686,61.42211],[5.08396,61.42462],[5.08585,61.4249]],[[5.08585,61.4249],[5.10245,61.42633],[5.10656,61.42632],[5.10816,61.42596],[5.11098,61.42616],[5.11542,61.4255],[5.123,61.42513],[5.12956,61.42581],[5.13101,61.42631]],[[5.1362,61.42783],[5.15092,61.43098],[5.15622,61.43152],[5.16523,61.43054],[5.16706,61.42902],[5.16575,61.42759]],[[5.04135,61.28675],[5.04605,61.28668]],[[5.35715,61.31642],[5.35765,61.31627]],[[5.08138,61.29716],[5.08161,61.29713]],[[5.56018,61.36532],[5.56014,61.36397]],[[5.06214,61.29913],[5.06424,61.29955]],[[5.06424,61.29955],[5.06611,61.30099],[5.06584,61.30154]],[[5.35659,61.31967],[5.35405,61.32075],[5.35379,61.32347],[5.35247,61.32369]],[[5.12341,61.30844],[5.12662,61.3084],[5.12851,61.30789],[5.12698,61.30756],[5.12185,61.30845],[5.12245,61.3087],[5.12341,61.30844]],[[5.68121,61.36631],[5.68145,61.36643]],[[5.67984,61.36759],[5.6779,61.36735],[5.67277,61.36833]],[[5.10224,61.32628],[5.10432,61.32727],[5.10837,61.32818]],[[5.16417,61.33284],[5.16297,61.33328]],[[5.07656,61.32857],[5.07659,61.32855]],[[5.61224,61.36768],[5.61679,61.36798],[5.61999,61.36904],[5.62397,61.36909]],[[5.19953,61.33956],[5.19947,61.33701]],[[5.29754,61.34665],[5.29682,61.34628],[5.29444,61.34643]],[[5.62625,61.36993],[5.62397,61.36909]],[[5.29444,61.34643],[5.29388,61.34689],[5.29501,61.34722],[5.29748,61.34721],[5.29754,61.34665]],[[5.62253,61.37383],[5.62453,61.37414]],[[5.21122,61.34511],[5.21447,61.34484],[5.21724,61.34515],[5.2206,61.34479]],[[5.5265,61.37968],[5.52957,61.37938]],[[5.25181,61.36056],[5.2522,61.36042],[5.24971,61.36035]],[[5.22049,61.36134],[5.22456,61.36174],[5.22665,61.36155],[5.22906,61.36092],[5.23039,61.35965],[5.23585,61.3596],[5.23723,61.35989],[5.24086,61.35947],[5.24318,61.35999],[5.24971,61.36035]],[[5.19054,61.35928],[5.19314,61.35964],[5.19545,61.35921],[5.19566,61.35747]],[[5.10349,61.37786],[5.10341,61.37778]],[[5.1074,61.37807],[5.10795,61.37856],[5.10725,61.38091],[5.10761,61.38355]],[[5.04938,61.39712],[5.04912,61.39795]],[[5.06215,61.41744],[5.06907,61.42051]],[[5.13417,61.42729],[5.1362,61.42783]],[[5.13101,61.42631],[5.13417,61.42729]],[[5.33352,61.334],[5.33525,61.3325],[5.33465,61.33168],[5.33116,61.33145],[5.3321,61.32931],[5.33455,61.32863],[5.33707,61.32663],[5.34162,61.32634],[5.3428,61.3244],[5.34458,61.3243]],[[5.97621,61.12906],[5.98305,61.12897],[5.98963,61.12825],[5.99094,61.12581],[5.998,61.12411]],[[5.46448,61.08721],[5.45723,61.08607],[5.45072,61.08394],[5.44908,61.08105],[5.44285,61.07865],[5.43892,61.0775],[5.43675,61.07732],[5.4351,61.07626],[5.43169,61.07534]],[[5.64525,61.09996],[5.63832,61.09783],[5.6366,61.09379],[5.62676,61.09049],[5.62106,61.08726]],[[5.77614,61.10903],[5.77423,61.10825],[5.76857,61.10809],[5.76513,61.10703],[5.76061,61.10725],[5.75766,61.10582],[5.75251,61.10517],[5.75073,61.10412],[5.74687,61.10311],[5.7384,61.10179],[5.73643,61.10108],[5.73632,61.09966],[5.73368,61.09831],[5.72907,61.09747],[5.72624,61.09738],[5.72309,61.0981],[5.72112,61.09909],[5.71864,61.09856],[5.71772,61.09768],[5.71542,61.09681],[5.71085,61.09649],[5.70581,61.09532]],[[5.82286,61.11224],[5.82003,61.11111],[5.81962,61.10955],[5.82064,61.10861],[5.81959,61.107],[5.82168,61.10524],[5.82167,61.10411],[5.82342,61.10308],[5.82378,61.1013]],[[5.86029,61.11479],[5.85512,61.11147],[5.85415,61.10942],[5.85481,61.10844],[5.85733,61.10718],[5.86851,61.10435]],[[5.998,61.12411],[5.99918,61.12304],[5.99896,61.12159],[6.0013,61.12005]],[[5.86029,61.11479],[5.86672,61.11684],[5.87196,61.11727],[5.87662,61.11826],[5.88289,61.11766],[5.88598,61.11796]],[[5.64525,61.09996],[5.6493,61.10182],[5.6538,61.10317],[5.65703,61.10363],[5.66068,61.10321],[5.6629,61.10437],[5.66621,61.10497],[5.66717,61.10446],[5.66889,61.10435],[5.67152,61.10179]],[[5.52125,61.10152],[5.51995,61.10123],[5.51718,61.10141]],[[5.88598,61.11796],[5.88805,61.11846],[5.88978,61.11969],[5.88892,61.12458],[5.892,61.1286],[5.89345,61.12923],[5.90203,61.13052],[5.90773,61.13031],[5.92437,61.13059],[5.9311,61.1298],[5.93526,61.12872],[5.94403,61.12885],[5.94873,61.1286],[5.95113,61.12805],[5.9572,61.12856],[5.9665,61.12856],[5.97621,61.12906]],[[5.77614,61.10903],[5.77807,61.11055],[5.77817,61.11233],[5.77597,61.11397],[5.77172,61.11547],[5.77193,61.1172],[5.78155,61.12097],[5.78504,61.12102],[5.78771,61.12335],[5.79055,61.12478]],[[5.46448,61.08721],[5.46726,61.08842],[5.4689,61.08979],[5.47329,61.09109],[5.47515,61.09236],[5.47727,61.09508],[5.47853,61.09559],[5.48214,61.09683],[5.49225,61.09924],[5.49391,61.09841],[5.4965,61.09873],[5.49783,61.09973],[5.49684,61.10008],[5.49712,61.10084],[5.50035,61.10194],[5.50407,61.10497],[5.50566,61.10533]],[[5.50566,61.10533],[5.50658,61.10525],[5.50967,61.10348],[5.51391,61.10187],[5.51718,61.10141]],[[5.79055,61.12478],[5.7949,61.126],[5.80184,61.12554],[5.80444,61.12608],[5.80652,61.12525],[5.80769,61.12409],[5.80923,61.12401],[5.81122,61.12221],[5.81183,61.12029],[5.81307,61.11958],[5.81503,61.11917],[5.8172,61.11959],[5.81805,61.12074],[5.8226,61.11999],[5.82393,61.11939],[5.82468,61.11788],[5.82224,61.11495],[5.82254,61.1135],[5.8235,61.11273],[5.82286,61.11224]],[[5.52125,61.10152],[5.53279,61.10413],[5.53702,61.10624],[5.53817,61.10735],[5.54026,61.10773],[5.54214,61.10946],[5.54301,61.10917],[5.5432,61.10782],[5.546,61.10765],[5.55099,61.10919],[5.55365,61.11143],[5.55343,61.11233],[5.55213,61.11322],[5.55781,61.11381],[5.55887,61.11355],[5.5606,61.11399],[5.56074,61.11467],[5.55808,61.11433],[5.55721,61.11482],[5.55754,61.1151],[5.56076,61.11555],[5.56174,61.11486],[5.56419,61.11462],[5.56643,61.11527],[5.57064,61.11795],[5.57185,61.12073],[5.57719,61.12324],[5.57836,61.12423],[5.58034,61.12471],[5.5799,61.12534],[5.58051,61.12624],[5.58173,61.12635],[5.58313,61.12529],[5.58449,61.12698],[5.58929,61.12838],[5.59212,61.13184],[5.5954,61.13229],[5.59624,61.13447],[5.59765,61.135],[5.59661,61.13569],[5.60004,61.13668]],[[5.93833,61.16246],[5.94219,61.16374],[5.94758,61.16451],[5.94868,61.165],[5.9519,61.16482],[5.9543,61.16525],[5.95485,61.16577],[5.95676,61.16565]],[[5.93833,61.16246],[5.93548,61.16146],[5.93167,61.16085],[5.92814,61.16108],[5.92454,61.16237],[5.92453,61.16299],[5.92349,61.16345],[5.91966,61.16382],[5.91803,61.16343],[5.91804,61.16291],[5.9161,61.16272],[5.91477,61.16343],[5.9099,61.16305]],[[5.61279,61.1429],[5.60752,61.14161],[5.60219,61.13748],[5.60004,61.13668]],[[5.64304,61.14502],[5.64154,61.14403],[5.6431,61.14328],[5.64259,61.14263],[5.64303,61.14163],[5.63956,61.14025],[5.63333,61.14118],[5.62775,61.14395]],[[5.64746,61.14533],[5.64484,61.14387],[5.64351,61.14505]],[[5.67384,61.14716],[5.68228,61.14418],[5.68484,61.14216],[5.68694,61.14179],[5.68921,61.14253],[5.69059,61.14244],[5.69012,61.14166],[5.6923,61.14089]],[[5.72084,61.15042],[5.7196,61.14964],[5.71968,61.14918],[5.72112,61.149],[5.72085,61.14815],[5.72591,61.14573],[5.72311,61.14453],[5.71983,61.14432],[5.7185,61.14221],[5.71465,61.14069],[5.71198,61.1407],[5.71098,61.13998],[5.71145,61.13927],[5.71028,61.13878],[5.70418,61.13783],[5.70149,61.13833],[5.69655,61.14011],[5.6923,61.14089]],[[5.72288,61.15056],[5.72211,61.15051]],[[5.86638,61.16041],[5.86701,61.15985],[5.87381,61.15982]],[[5.89078,61.16206],[5.88392,61.15993],[5.87899,61.15962],[5.87381,61.15982]],[[5.89729,61.16239],[5.89491,61.16234]],[[5.96444,61.16704],[5.9617,61.1641],[5.96058,61.16413],[5.95676,61.16565]],[[5.64304,61.14502],[5.64351,61.14505]],[[5.72084,61.15042],[5.72211,61.15051]],[[5.89078,61.16206],[5.89287,61.16261],[5.89491,61.16234]],[[5.64746,61.14533],[5.651,61.14773],[5.65408,61.14859],[5.65701,61.14862],[5.66307,61.14748],[5.66946,61.14798],[5.67384,61.14716]],[[5.72288,61.15056],[5.72417,61.15099],[5.7242,61.1528],[5.7272,61.15445],[5.72483,61.15438],[5.72576,61.1568],[5.72511,61.15728],[5.723,61.15734]],[[5.73956,61.15795],[5.73838,61.15797],[5.73742,61.15973],[5.74047,61.16083],[5.74121,61.16017],[5.74007,61.15926],[5.74112,61.15839],[5.73956,61.15795]],[[5.61279,61.1429],[5.61341,61.14689],[5.61572,61.15168],[5.61776,61.15317],[5.62023,61.15296],[5.62172,61.15177],[5.62422,61.15072],[5.62475,61.14773],[5.62775,61.14395]],[[5.72224,61.15748],[5.72018,61.15877],[5.72023,61.1596],[5.71917,61.16019],[5.71944,61.16099]],[[5.72312,61.16523],[5.72279,61.16359],[5.71944,61.16099]],[[5.97213,61.1684],[5.97859,61.1706],[5.98023,61.17061],[5.9811,61.16975],[5.98293,61.17032],[5.98454,61.17225],[5.99143,61.17653],[5.99289,61.17849],[5.99702,61.18075],[6.00621,61.1842]],[[5.81106,61.20183],[5.80736,61.19878],[5.8,61.19588],[5.79766,61.19441],[5.79593,61.19146],[5.7961,61.18935],[5.7983,61.18695],[5.79792,61.18551],[5.79989,61.18153],[5.80017,61.17713],[5.80318,61.17362],[5.80272,61.16422],[5.80393,61.16282],[5.80322,61.16062],[5.80223,61.15991],[5.79944,61.15974],[5.79247,61.16108],[5.79085,61.16199],[5.78954,61.1622],[5.7798,61.16135]],[[5.83201,61.20326],[5.82646,61.19723],[5.82139,61.19275],[5.81964,61.19162],[5.8162,61.19032],[5.81405,61.18846],[5.81408,61.18792],[5.81549,61.1871],[5.81688,61.18299],[5.81783,61.18282],[5.81856,61.18331],[5.81979,61.18288],[5.82232,61.17856],[5.82278,61.17658],[5.82184,61.17032],[5.82226,61.16915],[5.82046,61.16579],[5.82144,61.16436],[5.8252,61.16447],[5.82592,61.16388],[5.82374,61.16292],[5.82324,61.16184],[5.82639,61.1626],[5.8273,61.16238],[5.82781,61.16058],[5.82961,61.16039],[5.8317,61.16093],[5.8359,61.16073],[5.84214,61.16308],[5.84107,61.16432],[5.84211,61.16489],[5.84701,61.16394],[5.85055,61.16621],[5.85181,61.16632],[5.85328,61.1658],[5.85514,61.1664],[5.85756,61.16655],[5.86487,61.16513],[5.86645,61.16436],[5.8658,61.16195],[5.86658,61.16123],[5.86638,61.16041]],[[5.83362,61.20662],[5.83482,61.20618],[5.83201,61.20326]],[[5.83362,61.20662],[5.83125,61.20654],[5.82453,61.20784]],[[5.82028,61.20866],[5.82358,61.20805]],[[5.81106,61.20183],[5.81231,61.20553],[5.81805,61.20891]],[[5.89729,61.16239],[5.90161,61.16195],[5.90627,61.16214],[5.90752,61.1623],[5.90805,61.16284],[5.9099,61.16305]],[[5.96936,61.16737],[5.96914,61.16736]],[[5.96515,61.16748],[5.96914,61.16736]],[[5.96444,61.16704],[5.96515,61.16748]],[[5.97213,61.1684],[5.96936,61.16737]],[[5.72224,61.15748],[5.723,61.15734]],[[5.67152,61.10179],[5.6719,61.10088],[5.6681,61.09819],[5.66947,61.09505],[5.67306,61.09458],[5.67513,61.09495],[5.67523,61.09561],[5.67781,61.09603],[5.68368,61.09605],[5.69189,61.09819],[5.6922,61.09509],[5.69052,61.09278],[5.69088,61.09213]],[[5.70163,61.09288],[5.70528,61.09441],[5.70581,61.09532]],[[5.42073,61.07308],[5.42299,61.07389],[5.42671,61.0739],[5.42949,61.07508],[5.43169,61.07534]],[[5.4587,61.02361],[5.4584,61.02292]],[[5.4584,61.02292],[5.45959,61.02155]],[[5.80021,61.05164],[5.80277,61.05138],[5.80659,61.04973]],[[5.89765,61.07773],[5.90333,61.07603],[5.90474,61.07516],[5.90503,61.07264]],[[5.80506,61.07525],[5.80499,61.07528]],[[5.80499,61.07528],[5.80504,61.07533]],[[5.89543,61.08539],[5.91156,61.08059],[5.91375,61.07918],[5.91724,61.07563],[5.91649,61.07342]],[[5.55029,61.06413],[5.55306,61.06479],[5.55921,61.06473],[5.56113,61.06429]],[[5.88394,61.09288],[5.88419,61.0909],[5.8857,61.08937],[5.89147,61.08762],[5.89543,61.08539]],[[5.89765,61.07773],[5.89219,61.07825],[5.88994,61.07891],[5.88776,61.08087],[5.88333,61.08309],[5.88072,61.08501],[5.87775,61.0878],[5.8772,61.08902],[5.87699,61.09193],[5.87812,61.0933]],[[5.86851,61.10435],[5.87389,61.10286],[5.87818,61.10058],[5.87918,61.09914]],[[5.46384,61.01246],[5.46634,61.01213],[5.46685,61.01135],[5.46958,61.0105],[5.4706,61.00948],[5.47169,61.007],[5.47131,61.00568],[5.47223,61.00382],[5.4723,61.00029],[5.4742,60.99746]],[[5.45959,61.02155],[5.4621,61.02033],[5.46137,61.01845],[5.45955,61.01753],[5.46042,61.01628],[5.46491,61.01339],[5.46478,61.01263],[5.46384,61.01246]],[[5.40816,61.02287],[5.41491,61.0258],[5.4284,61.02701],[5.43077,61.02664],[5.43371,61.02484],[5.43666,61.0244],[5.44276,61.02484],[5.44564,61.02562],[5.44654,61.02649]],[[5.39637,61.02534],[5.40379,61.02316],[5.40816,61.02287]],[[5.44654,61.02649],[5.44824,61.02728],[5.45329,61.02805],[5.45614,61.02917],[5.46168,61.03026],[5.46337,61.03132],[5.46603,61.0319],[5.46684,61.02982],[5.46632,61.028],[5.46128,61.02633],[5.46048,61.02486],[5.4587,61.02361]],[[5.48268,61.04328],[5.48334,61.04225],[5.48594,61.04103],[5.48785,61.03914],[5.4881,61.03375],[5.48665,61.03006],[5.49169,61.02669],[5.49292,61.02427],[5.49246,61.0183],[5.49093,61.01669],[5.48668,61.01437],[5.48329,61.00958],[5.48499,61.00708],[5.48545,60.99826]],[[5.80021,61.05164],[5.79811,61.05191],[5.79595,61.05677],[5.79695,61.06294],[5.79954,61.06544]],[[5.80374,61.06572],[5.80403,61.0624],[5.8085,61.05649],[5.80925,61.05354],[5.80842,61.05039],[5.8079,61.04981],[5.80659,61.04973]],[[5.91649,61.07342],[5.9162,61.07257],[5.91304,61.07078],[5.91322,61.06833],[5.91143,61.06635],[5.91002,61.06573],[5.90515,61.06596],[5.90358,61.06701],[5.90323,61.06846],[5.90523,61.071],[5.90503,61.07264]],[[5.66563,61.05874],[5.67461,61.05863],[5.68068,61.05923],[5.68206,61.05956],[5.68283,61.06029]],[[5.79954,61.06544],[5.80126,61.0683],[5.80045,61.06915]],[[5.80374,61.06572],[5.8048,61.0689],[5.80671,61.06962]],[[5.65554,61.06153],[5.65943,61.05818],[5.66289,61.05887],[5.66563,61.05874]],[[5.68283,61.06029],[5.68254,61.06102],[5.67998,61.06196],[5.67845,61.06348]],[[5.80045,61.06915],[5.80023,61.07117],[5.80523,61.07469]],[[5.80671,61.06962],[5.81459,61.07154],[5.82275,61.07545],[5.82553,61.0763],[5.82797,61.07655]],[[5.80506,61.07525],[5.80523,61.07469]],[[5.82797,61.07655],[5.83076,61.07647],[5.83363,61.07762]],[[5.48268,61.04328],[5.48241,61.04502],[5.4811,61.04682],[5.48147,61.04791],[5.48438,61.05059],[5.48914,61.05271],[5.49002,61.0541],[5.49518,61.05597],[5.50534,61.05469]],[[5.50534,61.05469],[5.50737,61.05478],[5.50954,61.05567],[5.51021,61.05735],[5.51213,61.05799],[5.51305,61.0588],[5.5121,61.06091]],[[5.52829,61.06457],[5.5325,61.06447],[5.53965,61.06549],[5.54251,61.06431],[5.54767,61.06374],[5.55029,61.06413]],[[5.5121,61.06091],[5.51263,61.06279],[5.5146,61.0637],[5.52081,61.06539],[5.52263,61.06554],[5.52322,61.06513],[5.52829,61.06457]],[[5.87812,61.0933],[5.87962,61.09362],[5.88394,61.09288]],[[5.61801,61.07661],[5.62306,61.07561],[5.62937,61.06956],[5.63869,61.06798],[5.64865,61.06335],[5.6514,61.06293],[5.65479,61.0631],[5.6555,61.06267],[5.65554,61.06153]],[[5.87588,61.09382],[5.87859,61.09519],[5.87924,61.09634],[5.87918,61.09914]],[[5.83363,61.07762],[5.83295,61.07765],[5.83887,61.08285],[5.84099,61.08829],[5.84043,61.08952],[5.84072,61.09201],[5.84243,61.09661],[5.84437,61.09858],[5.84946,61.0994],[5.8538,61.09925],[5.85726,61.09859],[5.86656,61.09544],[5.87203,61.09417],[5.87588,61.09382]],[[5.56247,61.06421],[5.56521,61.06406],[5.56774,61.06447],[5.57362,61.06627],[5.57778,61.06874],[5.58083,61.06913],[5.58147,61.07255],[5.58891,61.07515],[5.59344,61.07585],[5.59567,61.07659],[5.59773,61.07866],[5.59954,61.07965],[5.60176,61.08216],[5.60477,61.08357],[5.61023,61.08364],[5.6115,61.07974],[5.61316,61.07855],[5.61801,61.07661]],[[5.39024,61.0709],[5.39563,61.06972],[5.40124,61.06965],[5.40626,61.07064],[5.414,61.07146],[5.41809,61.07246],[5.41974,61.07248],[5.42073,61.07308]],[[5.62106,61.08726],[5.61868,61.08624],[5.61775,61.08482],[5.62096,61.08376],[5.62325,61.08366],[5.63332,61.08037],[5.63454,61.07876],[5.64499,61.07659],[5.6484,61.07455],[5.65609,61.07201],[5.65857,61.06865],[5.661,61.06765],[5.66689,61.0681],[5.67828,61.06592],[5.67845,61.06348]],[[5.69088,61.09213],[5.69158,61.0911],[5.69439,61.09046],[5.70163,61.09288]],[[5.82378,61.1013],[5.82269,61.1007],[5.82161,61.09811],[5.82203,61.09521],[5.82088,61.09383],[5.82085,61.09053],[5.81809,61.08348],[5.8091,61.08055],[5.80778,61.07932],[5.80647,61.07559],[5.80573,61.07605],[5.80504,61.07533]],[[5.72312,61.16523],[5.72753,61.16703],[5.72963,61.16743],[5.73744,61.16663],[5.73712,61.16499],[5.73813,61.16454],[5.7402,61.16487],[5.74473,61.16685],[5.75352,61.16714],[5.75808,61.16623],[5.76086,61.16628],[5.76369,61.16442],[5.76554,61.16403],[5.77093,61.16428],[5.77373,61.16311],[5.77303,61.16199],[5.77647,61.16222],[5.7798,61.16135]],[[5.04508,61.04893],[5.04828,61.04993],[5.04718,61.05107]],[[5.03593,61.04497],[5.03636,61.04628],[5.04119,61.04679],[5.03963,61.04762],[5.04508,61.04893]],[[5.25555,61.06446],[5.25745,61.06448],[5.25827,61.06488],[5.25783,61.06502],[5.27269,61.06628],[5.27878,61.06629],[5.2817,61.0667],[5.28728,61.06599]],[[5.24757,61.06685],[5.25205,61.06599],[5.25338,61.06518],[5.25536,61.06489],[5.25555,61.06446]],[[5.04242,61.05647],[5.0411,61.05506],[5.04148,61.05314],[5.04377,61.05184],[5.04718,61.05107]],[[5.22484,61.06993],[5.23437,61.06596],[5.24093,61.06641]],[[5.05356,61.06205],[5.05666,61.06302],[5.06182,61.06364]],[[5.17507,61.0715],[5.17535,61.07094],[5.17727,61.07048],[5.17753,61.06993],[5.18196,61.07057],[5.18275,61.06999],[5.18586,61.06974],[5.18837,61.07134],[5.18742,61.07232],[5.18799,61.07319],[5.18914,61.07418],[5.19051,61.0746],[5.19223,61.07642],[5.19683,61.07768],[5.20709,61.07807],[5.20899,61.07776],[5.21228,61.07607],[5.21644,61.07319],[5.22018,61.07243],[5.22484,61.06993]],[[5.17388,61.07121],[5.17242,61.07224],[5.17308,61.07312],[5.17151,61.07329],[5.17089,61.07421],[5.17501,61.07573],[5.17506,61.07664],[5.17725,61.0764],[5.17814,61.07528],[5.17361,61.0742],[5.17395,61.07349],[5.17775,61.07444],[5.17988,61.07539],[5.18129,61.07466],[5.17867,61.07182],[5.17575,61.07185],[5.17507,61.0715]],[[5.17201,61.07677],[5.17044,61.07668],[5.171,61.07776],[5.17291,61.078],[5.17201,61.07677]],[[5.06182,61.06364],[5.0662,61.0647],[5.07183,61.06441],[5.07686,61.06691],[5.0774,61.06838],[5.08082,61.06928],[5.08267,61.07043],[5.08455,61.07045],[5.09067,61.07171],[5.10334,61.07264],[5.1086,61.07217],[5.1115,61.07119],[5.11603,61.07198],[5.1194,61.07209],[5.12363,61.07163],[5.13252,61.07186],[5.14172,61.0704],[5.14274,61.07112],[5.14372,61.07116],[5.1448,61.07285],[5.14497,61.07464],[5.14735,61.07641],[5.14875,61.07633],[5.15014,61.07585],[5.15065,61.07497],[5.15166,61.07493]],[[5.15166,61.07493],[5.15556,61.07555],[5.15769,61.07747],[5.15684,61.07765],[5.15564,61.07678],[5.15473,61.07705]],[[5.16374,61.07926],[5.16578,61.07801],[5.1646,61.0768],[5.16199,61.07634],[5.16423,61.07616],[5.16357,61.0752],[5.16425,61.07448],[5.16545,61.07431],[5.16625,61.07314],[5.1658,61.07248],[5.16923,61.07193],[5.16935,61.07116],[5.17021,61.07081],[5.17304,61.07055],[5.17388,61.07121]],[[5.15058,61.07835],[5.15489,61.07793],[5.15425,61.07732],[5.15473,61.07705]],[[5.18441,61.08134],[5.18449,61.08021],[5.18238,61.07996],[5.18157,61.07929],[5.17951,61.07877],[5.17932,61.07999],[5.1802,61.08093],[5.18441,61.08134]],[[5.15058,61.07835],[5.14821,61.07891],[5.14952,61.08004],[5.14811,61.08001],[5.14634,61.08054],[5.14939,61.08217]],[[5.17463,61.08538],[5.17659,61.08523],[5.17844,61.08558],[5.17973,61.08361],[5.17763,61.08248],[5.17448,61.08209],[5.17754,61.08187],[5.17642,61.08057],[5.17697,61.08],[5.17802,61.07997],[5.17725,61.07974],[5.17586,61.08],[5.17568,61.08038],[5.17495,61.08024],[5.17483,61.0789],[5.17791,61.07804],[5.17669,61.07787],[5.17492,61.07689],[5.17439,61.07719],[5.17474,61.0783],[5.17216,61.07838],[5.1715,61.0798],[5.17055,61.0798],[5.16924,61.07865],[5.16848,61.07867],[5.16797,61.07904],[5.16869,61.08046],[5.16663,61.08123],[5.16745,61.0821],[5.17065,61.08265],[5.17078,61.08188],[5.17261,61.08189],[5.17204,61.08258],[5.17494,61.08393],[5.17262,61.08438],[5.17354,61.08492],[5.17351,61.08558],[5.17463,61.08538]],[[5.18359,61.08605],[5.18441,61.08419],[5.1835,61.08375],[5.18181,61.0838],[5.18024,61.08474],[5.18001,61.08568],[5.182,61.08585],[5.18336,61.08645],[5.18359,61.08605]],[[5.14939,61.08217],[5.15112,61.08334],[5.15268,61.08346],[5.15112,61.08475],[5.15143,61.08507],[5.15329,61.08524],[5.15287,61.08439],[5.15381,61.08355],[5.157,61.08417],[5.15908,61.08403],[5.15931,61.08368],[5.15819,61.08291],[5.16068,61.08227],[5.16175,61.08144],[5.16124,61.07964],[5.16182,61.07929],[5.16374,61.07926]],[[5.17294,61.09012],[5.17258,61.0893],[5.17102,61.08901],[5.16819,61.08767],[5.16866,61.08681],[5.16685,61.08628],[5.16569,61.08533],[5.16564,61.08502],[5.16734,61.08454],[5.16734,61.08409],[5.16587,61.08429],[5.16369,61.08548],[5.16254,61.08491],[5.16004,61.08543],[5.15973,61.08693],[5.1633,61.08888],[5.16742,61.08973],[5.17002,61.08987],[5.17035,61.09026],[5.1723,61.09044],[5.17294,61.09012]],[[5.23639,61.1028],[5.23292,61.10159],[5.22997,61.10243],[5.2331,61.10376],[5.23594,61.10424]],[[5.23594,61.10424],[5.23752,61.10371],[5.23639,61.1028]],[[5.22807,61.10644],[5.23195,61.10528],[5.23551,61.10564]],[[5.2686,61.10954],[5.26665,61.10947],[5.26592,61.10984],[5.26893,61.11123],[5.2707,61.11043],[5.2686,61.10954]],[[5.22261,61.11501],[5.22221,61.11379],[5.22298,61.11294],[5.22198,61.11229],[5.22337,61.11095],[5.22291,61.10873],[5.22402,61.1082],[5.22555,61.10834],[5.22631,61.10693],[5.22807,61.10644]],[[5.27328,61.1187],[5.27347,61.11766],[5.27063,61.1138],[5.26821,61.11347],[5.26467,61.11235],[5.26093,61.11237],[5.25878,61.11055],[5.25638,61.11017],[5.25612,61.10871],[5.25053,61.10747],[5.25174,61.10682],[5.25306,61.10733],[5.25511,61.10723],[5.25668,61.10814],[5.26088,61.10857],[5.26104,61.10793],[5.25961,61.10679],[5.25682,61.10605],[5.25575,61.10535],[5.24653,61.10398],[5.24065,61.10396],[5.23924,61.10432],[5.23801,61.10525],[5.23551,61.10564]],[[5.27946,61.11915],[5.27999,61.11763],[5.28178,61.11625],[5.28148,61.11549],[5.28362,61.11498],[5.28399,61.11438],[5.28167,61.1129],[5.2824,61.11269],[5.28423,61.113],[5.28521,61.11141],[5.2845,61.11006],[5.28579,61.10941],[5.2873,61.11036],[5.29214,61.11188],[5.29917,61.11354],[5.30731,61.11492],[5.30811,61.11568],[5.31484,61.11722],[5.31829,61.11867],[5.32396,61.11983],[5.32443,61.12041]],[[5.32519,61.12246],[5.32443,61.12041]],[[5.33115,61.12289],[5.32893,61.12188],[5.32632,61.12254]],[[5.34111,61.12361],[5.33948,61.12299],[5.33916,61.12051],[5.34142,61.1197],[5.34431,61.11971],[5.34578,61.11903],[5.34493,61.11624],[5.34526,61.11515],[5.34654,61.1143],[5.34623,61.11252],[5.34907,61.11079],[5.3471,61.10224],[5.35212,61.09892],[5.35486,61.09834],[5.35662,61.09718],[5.35831,61.09685],[5.36066,61.09519],[5.36454,61.09392],[5.37389,61.09252],[5.3789,61.09102],[5.38319,61.08798],[5.38327,61.08723],[5.38252,61.08669],[5.38578,61.08524],[5.38591,61.08454],[5.38436,61.08398],[5.38673,61.08326],[5.38876,61.0818]],[[5.32519,61.12246],[5.32632,61.12254]],[[5.22261,61.11501],[5.22221,61.11647],[5.22279,61.11733]],[[5.34907,61.12939],[5.35237,61.12856],[5.35287,61.12735],[5.34597,61.12457],[5.34111,61.12361]],[[5.07707,61.10754],[5.07571,61.10777],[5.07473,61.10949],[5.07736,61.109],[5.07781,61.10823],[5.07707,61.10754]],[[5.27328,61.1187],[5.27019,61.12414],[5.2707,61.12467],[5.27233,61.12404],[5.27391,61.12266],[5.27518,61.12018],[5.27668,61.11975],[5.2789,61.1199],[5.27946,61.11915]],[[5.34907,61.12939],[5.34533,61.12961],[5.34474,61.1311]],[[5.22279,61.11733],[5.22772,61.12097],[5.22744,61.1232],[5.22867,61.12369],[5.22949,61.12494]],[[5.22929,61.1256],[5.23033,61.12544],[5.22949,61.12494]],[[5.09283,61.11877],[5.09198,61.11847],[5.09267,61.11601],[5.09002,61.11617],[5.08895,61.11525],[5.07981,61.11529],[5.07814,61.11663],[5.07301,61.11637]],[[5.07301,61.11637],[5.06553,61.11622],[5.06512,61.11556],[5.06401,61.1152],[5.0606,61.11578],[5.05664,61.11539],[5.05639,61.11571],[5.05887,61.11685],[5.05858,61.11722]],[[5.05858,61.11722],[5.05471,61.11723]],[[5.34548,61.13894],[5.34699,61.13706],[5.34308,61.13542],[5.34321,61.13232],[5.34474,61.1311]],[[5.22929,61.1256],[5.22727,61.12712],[5.22567,61.12717],[5.22391,61.12799],[5.21803,61.12875],[5.21863,61.12942],[5.21807,61.12979]],[[5.33115,61.12289],[5.32878,61.12525],[5.32514,61.12598],[5.32521,61.12797],[5.32387,61.1291],[5.3307,61.13076],[5.33533,61.13024],[5.33782,61.1306],[5.33762,61.13094],[5.33585,61.131],[5.33578,61.13137],[5.33852,61.13261],[5.3397,61.13612],[5.34137,61.1383],[5.3443,61.13948]],[[5.21785,61.12984],[5.21679,61.12961],[5.21394,61.13074]],[[5.09533,61.12318],[5.09572,61.12166],[5.09445,61.12036],[5.09618,61.11945],[5.09561,61.11893],[5.09283,61.11877]],[[5.05471,61.11723],[5.05128,61.11842],[5.04986,61.12055],[5.04776,61.12052],[5.04406,61.11965]],[[5.10433,61.12922],[5.10214,61.12906],[5.09923,61.12941],[5.0979,61.12976],[5.09703,61.13054],[5.10015,61.13053],[5.10313,61.13],[5.10433,61.12922]],[[5.19382,61.14185],[5.19534,61.13587],[5.19385,61.13507],[5.18954,61.13582],[5.18993,61.13663],[5.18048,61.13816],[5.17888,61.13906],[5.17752,61.1408],[5.17688,61.14072],[5.1766,61.13986],[5.1778,61.13908],[5.17737,61.13869],[5.17626,61.13861],[5.17419,61.13954],[5.17142,61.13973],[5.17103,61.14151]],[[5.21394,61.13074],[5.2091,61.13203],[5.20602,61.13233],[5.20451,61.13306],[5.19862,61.13375],[5.19775,61.13493],[5.19829,61.13664],[5.20077,61.13686],[5.20284,61.13848],[5.20045,61.13973],[5.19719,61.14403]],[[5.22266,61.14684],[5.23083,61.1464],[5.23721,61.14523],[5.24355,61.14324],[5.24398,61.14142]],[[5.19934,61.14671],[5.20186,61.14605],[5.20381,61.14659],[5.20517,61.14649],[5.20521,61.14615],[5.20404,61.14589],[5.20744,61.14371],[5.21034,61.14382],[5.21285,61.14332],[5.21416,61.14338],[5.2146,61.14389],[5.21285,61.14597],[5.22266,61.14684]],[[5.19719,61.14403],[5.19667,61.14701],[5.19934,61.14671]],[[5.08504,61.13984],[5.08799,61.13847],[5.09007,61.13368],[5.09292,61.13204],[5.09443,61.13053],[5.09358,61.12936],[5.09501,61.12738],[5.09606,61.1267],[5.10036,61.1263],[5.10068,61.12596],[5.10018,61.12534],[5.09883,61.12558],[5.09613,61.12537],[5.09533,61.12318]],[[5.17103,61.14151],[5.16771,61.14194],[5.16624,61.14253],[5.16581,61.14517],[5.16648,61.14674],[5.16872,61.14682],[5.17252,61.14627],[5.17597,61.14469],[5.17668,61.14513],[5.175,61.14551],[5.17468,61.1465],[5.1798,61.14587],[5.18381,61.14638],[5.18687,61.14559],[5.18807,61.1462],[5.19035,61.14598],[5.19197,61.14538],[5.19254,61.14654],[5.19356,61.14661],[5.19447,61.14634],[5.19608,61.14443],[5.1943,61.14316],[5.19382,61.14185]],[[5.21921,61.15787],[5.22277,61.15698],[5.2251,61.15566],[5.23594,61.15322],[5.24146,61.15281],[5.24482,61.15212],[5.24458,61.15343],[5.24857,61.15291],[5.25122,61.15333],[5.25145,61.15199],[5.2532,61.15159],[5.25474,61.15026],[5.25814,61.14888],[5.26076,61.14697],[5.26944,61.14437],[5.27273,61.14256],[5.27535,61.14217],[5.27635,61.14157],[5.27857,61.14155],[5.28789,61.13899],[5.28971,61.13808],[5.28966,61.13735],[5.28819,61.1361],[5.28395,61.13475],[5.28117,61.13263],[5.28056,61.13267],[5.27979,61.13378],[5.27797,61.13369],[5.2746,61.13236],[5.26925,61.13174],[5.26784,61.13056],[5.26578,61.13005],[5.26333,61.13209],[5.2578,61.13524],[5.2519,61.13591],[5.25008,61.138],[5.24786,61.13859],[5.24398,61.14142]],[[5.02603,61.14577],[5.02971,61.1426],[5.02903,61.14144],[5.03149,61.14057],[5.0311,61.13984],[5.02946,61.13976],[5.02888,61.13828],[5.02764,61.13768],[5.03195,61.13235],[5.03139,61.13214],[5.03039,61.13262],[5.02996,61.13213],[5.03053,61.13143],[5.03003,61.12886],[5.03204,61.12661],[5.03071,61.12524],[5.03138,61.12333],[5.03067,61.12176],[5.03568,61.11983],[5.04052,61.11926],[5.04406,61.11965]],[[5.06929,61.14898],[5.07358,61.14738],[5.07895,61.14324],[5.0827,61.14165],[5.08504,61.13984]],[[5.18508,61.15751],[5.18002,61.15097],[5.1803,61.15037],[5.18405,61.1499],[5.18483,61.1491],[5.18341,61.14876],[5.18203,61.14733],[5.17384,61.14694],[5.16987,61.14742],[5.16573,61.14832],[5.16455,61.14922],[5.16127,61.15027],[5.15642,61.15069],[5.1475,61.15279],[5.1445,61.15453]],[[5.21188,61.15947],[5.21272,61.15892],[5.21921,61.15787]],[[5.22506,61.16041],[5.22577,61.16014],[5.22539,61.1597],[5.22282,61.16027]],[[5.21846,61.16027],[5.21967,61.16061],[5.22282,61.16027]],[[5.18508,61.15751],[5.18722,61.15871]],[[5.21188,61.15947],[5.21293,61.16061],[5.21548,61.16062],[5.21752,61.16009],[5.21846,61.16027]],[[5.21799,61.16178],[5.22179,61.16135],[5.225,61.16043]],[[5.06455,61.15105],[5.06532,61.15123],[5.06626,61.15086],[5.06929,61.14898]],[[5.21494,61.16267],[5.21799,61.16178]],[[5.21099,61.16307],[5.21304,61.1632],[5.21494,61.16267]],[[5.1445,61.15453],[5.1425,61.15552],[5.13917,61.15634],[5.13718,61.15791]],[[5.18722,61.15871],[5.19414,61.1614],[5.20064,61.16328],[5.20327,61.16335],[5.20626,61.16264],[5.2095,61.16322],[5.21099,61.16307]],[[5.06339,61.15637],[5.0642,61.15404],[5.06399,61.15118],[5.06455,61.15105]],[[5.12442,61.1615],[5.12635,61.16112],[5.12714,61.15906],[5.13625,61.15834],[5.13718,61.15791]],[[5.12442,61.1615],[5.11978,61.16192],[5.11776,61.16326],[5.11375,61.16478]],[[5.29366,61.17771],[5.28856,61.17761],[5.28842,61.17883],[5.28489,61.17879],[5.28441,61.17951]],[[5.11375,61.16478],[5.10998,61.16533],[5.10524,61.16677],[5.09119,61.16657]],[[5.30294,61.18984],[5.30888,61.18881],[5.31205,61.18904],[5.31327,61.18855],[5.31328,61.18748],[5.312,61.18564],[5.31283,61.18485],[5.30921,61.18308],[5.30675,61.18231],[5.30528,61.18232]],[[5.09119,61.16657],[5.08724,61.16643],[5.08041,61.16746],[5.07541,61.16881],[5.07459,61.1725],[5.07498,61.17412],[5.07554,61.17474],[5.07622,61.17472]],[[5.02758,61.1714],[5.03034,61.16987],[5.03757,61.16904],[5.04626,61.16671],[5.05339,61.1629],[5.05672,61.16257],[5.05786,61.16329],[5.05947,61.16351],[5.06036,61.16326],[5.06339,61.15637]],[[5.29556,61.18799],[5.29311,61.18836],[5.29021,61.18993],[5.28986,61.19051],[5.29071,61.1909],[5.29346,61.19011],[5.29574,61.18882],[5.29556,61.18799]],[[5.20916,61.19],[5.21582,61.18901],[5.2173,61.18831],[5.21783,61.18742],[5.22126,61.1857],[5.22493,61.18511],[5.22568,61.18418],[5.23065,61.18152],[5.23226,61.17996],[5.23549,61.17864],[5.23837,61.17606],[5.23993,61.17546],[5.24017,61.17452],[5.2461,61.17432],[5.25007,61.17377],[5.25101,61.17339],[5.25217,61.17173],[5.25954,61.17074],[5.26052,61.16938],[5.26125,61.16921],[5.2666,61.16903],[5.27598,61.16975],[5.27767,61.17133],[5.28081,61.17201],[5.28901,61.17034],[5.29053,61.17109],[5.29131,61.17271],[5.29342,61.17199],[5.29598,61.17328],[5.29897,61.17398],[5.29693,61.17523],[5.29755,61.17724],[5.29366,61.17771]],[[5.28441,61.17951],[5.28321,61.17979],[5.2787,61.17857],[5.27667,61.17934],[5.27246,61.17969],[5.27016,61.18047],[5.26545,61.18091],[5.26169,61.18176],[5.26027,61.18365],[5.25795,61.18476],[5.26025,61.18573],[5.26045,61.18641],[5.25431,61.19125],[5.25373,61.19351],[5.26088,61.1937],[5.26819,61.19243],[5.27004,61.19154],[5.27382,61.19057],[5.28317,61.18912],[5.29173,61.18648],[5.29526,61.18467],[5.29689,61.1844],[5.29774,61.18316],[5.30062,61.18167],[5.30528,61.18232]],[[5.07984,61.18203],[5.07712,61.18135],[5.07593,61.17949],[5.07535,61.17696],[5.07738,61.17519],[5.07622,61.17472]],[[5.07984,61.18203],[5.07958,61.18308],[5.08044,61.18405],[5.08324,61.18548],[5.08493,61.18589],[5.08701,61.18531]],[[5.18301,61.19739],[5.18716,61.19656],[5.19836,61.19101],[5.20916,61.19]],[[5.16597,61.20038],[5.16969,61.19952],[5.17324,61.1992],[5.17801,61.19792],[5.18301,61.19739]],[[5.06929,61.19424],[5.06996,61.19307],[5.06846,61.19262],[5.06849,61.18954],[5.06793,61.1891],[5.06647,61.18921],[5.06643,61.18744],[5.06368,61.18594],[5.0643,61.1848],[5.06388,61.18402],[5.06512,61.18257],[5.0638,61.18169],[5.06631,61.17995],[5.06893,61.1769],[5.0681,61.17274],[5.06583,61.17072],[5.06004,61.17219],[5.05865,61.17367],[5.05805,61.17352],[5.05782,61.17208],[5.05628,61.17197],[5.05374,61.17254],[5.0496,61.17282],[5.04519,61.174],[5.04243,61.17385],[5.04095,61.1743],[5.03987,61.17545],[5.03774,61.17545],[5.03605,61.17602],[5.03153,61.17903],[5.0321,61.18006],[5.02956,61.18113],[5.02628,61.1835],[5.02943,61.18563],[5.02772,61.18651],[5.02639,61.18823],[5.02507,61.18818],[5.02151,61.19044]],[[5.09153,61.19588],[5.08981,61.19458],[5.09094,61.19338],[5.08998,61.19308],[5.08907,61.19339],[5.08777,61.19326],[5.08729,61.19263],[5.08795,61.19183],[5.08678,61.19065],[5.08769,61.18947],[5.09223,61.18875],[5.09187,61.18818],[5.08942,61.18711],[5.08995,61.18388],[5.08701,61.18531]],[[5.16425,61.20123],[5.16597,61.20038]],[[5.25177,61.20762],[5.25956,61.20548],[5.26425,61.20482],[5.2657,61.20419],[5.2656,61.20339],[5.26973,61.20271],[5.27075,61.202],[5.27739,61.20032],[5.27901,61.19926],[5.2824,61.19872],[5.28324,61.19744],[5.29279,61.19447],[5.2941,61.1928],[5.29556,61.19204],[5.30294,61.18984]],[[5.176,61.20462],[5.17462,61.20371],[5.17296,61.20382],[5.17135,61.20442],[5.17149,61.2052],[5.17463,61.20559],[5.176,61.20462]],[[5.17903,61.20662],[5.18057,61.20674],[5.18162,61.20629],[5.18263,61.20564],[5.18234,61.20509],[5.17726,61.20517],[5.17672,61.20628],[5.17789,61.20673],[5.17903,61.20662]],[[5.09153,61.19588],[5.09499,61.1988],[5.09584,61.20094],[5.09744,61.20186],[5.10342,61.20298],[5.11112,61.20357]],[[5.11112,61.20357],[5.12002,61.20403],[5.12704,61.2037],[5.13132,61.20391],[5.1345,61.20458],[5.14274,61.20457],[5.14778,61.20403],[5.15771,61.20194],[5.15935,61.20229],[5.16136,61.20216],[5.16425,61.20123]],[[5.04526,61.19919],[5.04788,61.19938],[5.05694,61.19812],[5.06329,61.1967],[5.06589,61.19525],[5.06781,61.19514],[5.06929,61.19424]],[[5.03242,61.19938],[5.04093,61.19935],[5.04377,61.19896],[5.04526,61.19919]],[[5.22128,61.21546],[5.22248,61.21488],[5.21865,61.21515],[5.21839,61.21423],[5.22149,61.21374],[5.22136,61.21339],[5.22337,61.21294],[5.24414,61.2099],[5.25177,61.20762]],[[5.19927,61.22155],[5.20717,61.22058],[5.20656,61.21977],[5.21041,61.21972],[5.21144,61.21916],[5.21927,61.21811],[5.22128,61.21546]],[[5.16749,61.22523],[5.17522,61.22515],[5.17687,61.22551],[5.1742,61.22652],[5.17563,61.22722],[5.18051,61.22705],[5.18206,61.22757],[5.18341,61.22749],[5.18825,61.22394],[5.19063,61.2236],[5.19594,61.22191],[5.19927,61.22155]],[[5.1046,61.22414],[5.10632,61.22359],[5.10966,61.22346],[5.11176,61.22276],[5.11427,61.22267],[5.12319,61.2235],[5.12583,61.2232],[5.13471,61.22333],[5.1458,61.22455],[5.15136,61.22425],[5.16749,61.22523]],[[5.03334,61.22038],[5.04153,61.21956],[5.04558,61.21955],[5.04814,61.22017],[5.0508,61.21957],[5.05928,61.21963],[5.06424,61.21906],[5.06999,61.21988],[5.08514,61.22093],[5.09132,61.22189],[5.093,61.22248],[5.09701,61.22245],[5.09622,61.2236],[5.10268,61.22374],[5.10354,61.22424],[5.1046,61.22414]],[[5.10193,61.23255],[5.10726,61.23269],[5.10597,61.23223],[5.10216,61.23183]],[[5.10193,61.23255],[5.09828,61.23196],[5.09588,61.23201],[5.09493,61.23253],[5.09694,61.23307],[5.10165,61.23343]],[[5.10827,61.23413],[5.10444,61.23406],[5.10632,61.23462],[5.11064,61.23499],[5.11096,61.23444],[5.10827,61.23413]],[[5.10091,61.23575],[5.10267,61.23553],[5.10171,61.23478],[5.10316,61.2338],[5.10165,61.23343]],[[5.10091,61.23575],[5.09787,61.23555],[5.09645,61.23486],[5.09587,61.23529],[5.09835,61.23688],[5.09685,61.23738],[5.0972,61.23911],[5.09962,61.23984]],[[5.0426,61.23752],[5.04332,61.23694],[5.04677,61.23726],[5.05552,61.2372],[5.06577,61.23785],[5.06713,61.23761],[5.06801,61.23576],[5.06934,61.23566],[5.06985,61.23851],[5.09206,61.23922],[5.09414,61.23792],[5.09224,61.23634],[5.09261,61.23327],[5.09041,61.2314],[5.09302,61.23091],[5.10216,61.23183]],[[5.08803,61.24088],[5.08422,61.24002],[5.07936,61.23972],[5.07847,61.24017]],[[5.10278,61.24197],[5.10304,61.2407],[5.09962,61.23984]],[[5.08843,61.24255],[5.08604,61.24208],[5.08823,61.24126],[5.08803,61.24088]],[[5.02714,61.23637],[5.02561,61.23693],[5.02616,61.23775],[5.02979,61.23815],[5.03026,61.23855],[5.0426,61.23752]],[[5.07847,61.24017],[5.07337,61.24053],[5.07274,61.24143],[5.06956,61.24125],[5.06969,61.24184],[5.06882,61.24216]],[[5.02569,61.24013],[5.02942,61.23984],[5.03727,61.24011],[5.03824,61.23962],[5.04322,61.23917],[5.05559,61.23937],[5.0569,61.23979],[5.06171,61.23922],[5.06308,61.2397],[5.06187,61.24037],[5.06882,61.24216]],[[5.08843,61.24255],[5.09114,61.24225],[5.09407,61.24243],[5.09358,61.2453],[5.09511,61.24737],[5.09684,61.24857]],[[5.10654,61.25038],[5.10857,61.24862],[5.10941,61.24552],[5.10825,61.24482],[5.10358,61.244],[5.10362,61.2435],[5.10466,61.24307],[5.10278,61.24197]],[[5.09638,61.25004],[5.09762,61.24917],[5.09684,61.24857]],[[5.09638,61.25004],[5.09567,61.25066],[5.0951,61.25405]],[[5.0951,61.25405],[5.09759,61.25686],[5.09977,61.25765]],[[5.09977,61.25765],[5.10123,61.25778],[5.10536,61.25707],[5.1016,61.25597],[5.10147,61.25421],[5.10283,61.25232],[5.10654,61.25038]],[[5.0282,61.25969],[5.02785,61.25986]],[[5.02659,61.273],[5.0269,61.27204],[5.02886,61.27057]],[[5.28728,61.06599],[5.28817,61.06594]],[[5.28817,61.06594],[5.29079,61.06576],[5.29501,61.06403]],[[5.24093,61.06641],[5.24576,61.06697],[5.24757,61.06685]],[[5.04242,61.05647],[5.04213,61.05838],[5.04577,61.06044],[5.05356,61.06205]],[[5.06983,61.10377],[5.06855,61.10367]],[[5.06855,61.10367],[5.06874,61.10486],[5.06788,61.10567],[5.06835,61.10595],[5.0697,61.10526],[5.06983,61.10377]],[[5.21807,61.12979],[5.21785,61.12984]],[[5.225,61.16043],[5.22506,61.16041]],[[5.22549,61.18939],[5.2232,61.18922],[5.22295,61.1903],[5.22577,61.18981],[5.22549,61.18939]],[[5.02131,61.19068],[5.02112,61.19164]],[[5.02886,61.27057],[5.02898,61.26708],[5.02391,61.26533]],[[5.38876,61.0818],[5.38834,61.07956],[5.3911,61.07793],[5.39277,61.07769],[5.39374,61.07699],[5.3937,61.07579],[5.38854,61.07403],[5.38825,61.07344],[5.39024,61.0709]],[[5.03839,61.0427],[5.03593,61.04497]],[[5.17966,60.99975],[5.18445,61.00033],[5.18739,60.99969]],[[5.17389,60.99881],[5.17478,61.00102]],[[5.18898,61.00542],[5.18824,61.00481],[5.17936,61.00176],[5.17679,61.00161],[5.17478,61.00102]],[[5.18873,61.00762],[5.18946,61.00743],[5.18912,61.00615],[5.19095,61.0055],[5.19048,61.00525],[5.18898,61.00542]],[[5.17393,61.00375],[5.17612,61.00548],[5.17775,61.00534],[5.18087,61.00601],[5.18208,61.00586],[5.18873,61.00762]],[[5.39044,61.02635],[5.39239,61.02648],[5.39637,61.02534]],[[5.00014,61.00044],[4.99861,60.99634]],[[5.00456,60.99997],[5.00486,61.00038],[5.00399,61.00115],[5.00219,61.00059],[5.00064,61.00104],[5.00014,61.00044]],[[5.0128,60.99998],[5.01224,61.00156],[5.01371,61.00267],[5.01495,61.00258],[5.01541,61.00216],[5.01626,61.00102],[5.01607,60.9997]],[[5.00759,61.00222],[5.01096,60.99989]],[[5.38105,61.02987],[5.38255,61.02941],[5.38275,61.02851],[5.38514,61.02723],[5.3873,61.02647],[5.39044,61.02635]],[[5.00548,61.00197],[5.00392,61.00132],[5.00174,61.00175],[5.00365,61.00298],[5.00621,61.00243],[5.00548,61.00197]],[[5.35135,61.0329],[5.35468,61.03202],[5.35982,61.03339],[5.36305,61.0333],[5.36569,61.03295],[5.36542,61.03237],[5.36615,61.03212],[5.3704,61.03179],[5.37398,61.03211],[5.37676,61.0317],[5.38105,61.02987]],[[5.01157,61.00891],[5.0122,61.00782],[5.01187,61.00458],[5.01113,61.00413],[5.00835,61.00373],[5.00759,61.00222]],[[5.02613,61.01],[5.02878,61.0076],[5.03043,61.00751],[5.03186,61.00827],[5.03293,61.00784],[5.03319,61.00694],[5.0318,61.00522],[5.03185,61.00351],[5.0328,61.0033],[5.03279,61.00203],[5.02739,61.00061],[5.03498,61.00012],[5.03675,60.99897]],[[5.32176,61.03174],[5.32736,61.0308],[5.33131,61.03142],[5.33228,61.03196],[5.34707,61.03245],[5.34915,61.03317],[5.35135,61.0329]],[[5.02613,61.01],[5.02822,61.01213],[5.0333,61.01289],[5.03593,61.01293],[5.03669,61.01322],[5.03619,61.01385]],[[4.99738,61.01297],[5.00014,61.01246],[5.00103,61.01155],[5.00094,61.01034],[5.00232,61.00972],[5.01042,61.00973],[5.01157,61.00891]],[[4.99649,61.01981],[5.00051,61.02006],[4.99819,61.01932]],[[5.04676,61.02506],[5.05028,61.02491]],[[5.03619,61.01385],[5.03535,61.01512],[5.03801,61.01606],[5.03806,61.01811],[5.04187,61.01796],[5.0424,61.01831],[5.03959,61.01918],[5.03694,61.01894],[5.03467,61.01946],[5.03515,61.0198],[5.03793,61.01969],[5.03947,61.02051],[5.03893,61.02081],[5.03756,61.02068],[5.03333,61.02218],[5.03025,61.02277],[5.0289,61.02348],[5.02862,61.02424],[5.02703,61.02474],[5.02888,61.02521],[5.02991,61.0266],[5.03204,61.02681],[5.04676,61.02506]],[[5.05028,61.02491],[5.05166,61.02618],[5.05185,61.02741],[5.04975,61.02921]],[[5.04975,61.02921],[5.04722,61.02942],[5.04352,61.02892],[5.03972,61.02994]],[[5.03972,61.02994],[5.03709,61.02922],[5.03363,61.02898],[5.02992,61.03031],[5.02978,61.03083],[5.03063,61.03135],[5.03012,61.03215],[5.02732,61.03301],[5.02259,61.03364],[5.02069,61.0345],[5.03128,61.03565]],[[5.03128,61.03565],[5.03398,61.03765],[5.03326,61.03831],[5.03376,61.03888],[5.03702,61.03938],[5.03297,61.04022],[5.03422,61.04161],[5.03616,61.0417],[5.03747,61.04103],[5.03996,61.04057],[5.04186,61.04076],[5.03839,61.0427]],[[5.29501,61.06403],[5.29664,61.06241],[5.30039,61.06075],[5.30102,61.06002],[5.3008,61.05754],[5.29751,61.05554],[5.29682,61.05277],[5.29719,61.05128],[5.29813,61.05093],[5.29832,61.0503],[5.2961,61.049],[5.29655,61.04849],[5.29779,61.0483],[5.29832,61.04633],[5.30063,61.04566],[5.30534,61.04735],[5.30626,61.04729],[5.30741,61.04642],[5.30945,61.04646],[5.31047,61.047],[5.31194,61.04689],[5.31583,61.04543],[5.32567,61.04309],[5.32702,61.03928],[5.32683,61.038],[5.32278,61.0374],[5.31698,61.03524],[5.3183,61.03272],[5.32176,61.03174]],[[5.17063,60.99933],[5.17341,61.0003],[5.17305,61.00268],[5.17393,61.00375]],[[5.00507,61.49829],[5.00412,61.4975],[5.00186,61.4972],[5.00234,61.49596],[4.99974,61.49525]],[[4.99584,61.49604],[5.00106,61.49798],[5.00262,61.49791],[5.00521,61.50097],[5.00752,61.50047],[5.0064,61.49897],[5.00507,61.49829]],[[5.00163,61.57877],[4.9961,61.57832]],[[4.99681,61.58108],[5.00049,61.58098],[5.00163,61.57877]],[[5.02504,61.58275],[5.02464,61.58242],[5.02542,61.58192],[5.02179,61.58025],[5.01989,61.58014],[5.01925,61.58084],[5.01834,61.58091],[5.01804,61.58014],[5.01094,61.57829],[5.00764,61.57876],[5.0073,61.57933],[5.00611,61.57943],[5.00506,61.5792],[5.00535,61.57813],[5.00372,61.57811],[5.00296,61.57923],[5.00444,61.57965],[5.00216,61.58142],[5.00284,61.58231],[5.00531,61.58174],[5.00698,61.58174],[5.01018,61.58243],[5.00877,61.58279],[5.00963,61.58322]],[[5.00851,61.58469],[5.00542,61.58408],[5.00124,61.58421],[4.99813,61.58587]],[[4.99412,61.588],[5.00045,61.58648],[5.00091,61.58665]],[[5.00091,61.58665],[4.99892,61.58811]],[[4.99831,61.58918],[5.00011,61.58966]],[[5.00281,61.59667],[5.00685,61.59518],[5.00558,61.59477],[5.00227,61.59501],[4.99918,61.59472]],[[4.99871,61.59382],[5.00106,61.59257],[4.99851,61.59248]],[[4.99757,61.59034],[5.00027,61.59015],[5.00011,61.58966]],[[5.00281,61.59667],[5.00235,61.59695],[4.99939,61.59691]],[[4.99846,61.59822],[5.00208,61.59841],[5.00474,61.59998],[5.0087,61.60037],[5.01011,61.60087],[5.01262,61.59947],[5.01444,61.59974],[5.01437,61.60029],[5.01534,61.60052],[5.02151,61.6007]],[[5.00469,61.60563],[5.00037,61.60546],[4.99885,61.60618]],[[4.99885,61.60618],[5.00315,61.60719],[5.00658,61.60692],[5.00688,61.60647],[5.00469,61.60563]],[[5.00285,61.63473],[5.00455,61.63525],[5.00529,61.63507],[5.00569,61.63168],[5.00644,61.6318],[5.00704,61.63337],[5.00787,61.63352],[5.00855,61.63276],[5.01088,61.63251],[5.01199,61.63097],[5.01385,61.63114],[5.01503,61.63056],[5.01493,61.63004],[5.01163,61.62819],[5.01035,61.62807],[5.00764,61.62857],[5.0069,61.63054],[5.00579,61.62881]],[[5.00292,61.63791],[5.00174,61.63626],[5.00285,61.63473]],[[5.00579,61.62881],[5.00442,61.62726],[5.00312,61.627],[4.99955,61.62737]],[[4.99968,61.63492],[5.00069,61.6357],[4.99776,61.63731]],[[4.99915,61.63796],[5.00023,61.64105]],[[5.00014,61.64174],[5.00023,61.64105]],[[4.99928,61.64969],[5.00028,61.64899],[4.99881,61.64479]],[[4.99872,61.65601],[5.00022,61.65556],[5.0011,61.65612],[5.00272,61.65585],[5.00481,61.6541],[5.00456,61.65332],[5.00123,61.65378],[5.00094,61.65247],[5.00183,61.65196],[5.00336,61.65223],[5.00613,61.64999],[5.00839,61.65078],[5.00952,61.64971],[5.00912,61.64791],[5.00741,61.64659],[5.00655,61.64473],[5.00512,61.64503],[5.00375,61.64485],[5.00046,61.64591],[4.99976,61.64406]],[[4.99976,61.64406],[5.00014,61.64174]],[[4.99956,61.72221],[5.00017,61.72138],[4.99945,61.7197]],[[4.99945,61.7197],[5.0021,61.71859],[5.00462,61.7189],[5.00583,61.71805],[5.00729,61.71843],[5.00757,61.71956],[5.00964,61.72068]],[[4.99712,61.7252],[5.00427,61.72389],[5.00772,61.72241],[5.00964,61.72068]],[[4.99273,61.73981],[5.00001,61.74214]],[[4.99753,61.78228],[5.00077,61.78353],[5.00401,61.78397],[5.01211,61.78716],[5.01491,61.78877],[5.01632,61.78805],[5.01738,61.78861]],[[4.99949,61.83416],[5.00186,61.8359]],[[4.99678,61.83773],[5.00163,61.83661]],[[5.00246,61.61183],[5.00019,61.61181],[4.99349,61.61304]],[[4.99349,61.61304],[5.00246,61.61183]],[[5.65453,61.91451],[5.65261,61.91399],[5.64788,61.91393]],[[5.91628,61.73153],[5.91479,61.73189],[5.91357,61.73116],[5.91259,61.73136],[5.91161,61.73364],[5.91336,61.73443]],[[5.91681,61.74062],[5.91951,61.73966],[5.92003,61.73721],[5.91801,61.73552],[5.91336,61.73443]],[[5.93981,61.7488],[5.93738,61.7488],[5.93597,61.75019],[5.93884,61.75136],[5.94194,61.75149],[5.94291,61.75122],[5.94311,61.75023],[5.94231,61.74943],[5.93981,61.7488]],[[5.92083,61.75167],[5.9204,61.74967],[5.91653,61.74867],[5.91073,61.74469],[5.91322,61.74238],[5.91681,61.74062]],[[5.95334,61.75383],[5.95101,61.75218],[5.94684,61.75101],[5.94406,61.748],[5.93365,61.74528],[5.92877,61.74355],[5.92411,61.74113],[5.92467,61.7381],[5.92233,61.73688],[5.92201,61.73625],[5.92287,61.7348],[5.92092,61.73287],[5.918,61.73263],[5.91735,61.73181]],[[5.95334,61.75383],[5.9579,61.75621],[5.96223,61.76165],[5.96477,61.76342],[5.96746,61.76627],[5.96869,61.76871],[5.97151,61.77157],[5.97205,61.77475],[5.97425,61.77584],[5.97604,61.77755]],[[5.96511,61.79981],[5.96322,61.79624],[5.96404,61.79495],[5.96267,61.78926],[5.95574,61.78389],[5.95361,61.78294],[5.95133,61.78068],[5.95026,61.77896],[5.95067,61.77759],[5.94844,61.7756],[5.94768,61.77179],[5.94441,61.7678],[5.93713,61.7615],[5.93305,61.75918],[5.92998,61.7587],[5.9284,61.75793],[5.92712,61.7569],[5.92707,61.75571],[5.92536,61.75463],[5.92238,61.75396],[5.92083,61.75167]],[[5.98381,61.80105],[5.98032,61.79903],[5.98158,61.79469],[5.98004,61.793],[5.98069,61.78695],[5.97951,61.78586],[5.97653,61.78507],[5.97475,61.7841],[5.97735,61.78158],[5.97714,61.77884],[5.97604,61.77755]],[[5.96511,61.79981],[5.96843,61.80328]],[[5.98381,61.80105],[5.98498,61.80282],[5.98785,61.80466],[5.98689,61.80674],[5.98308,61.80946],[5.98284,61.81038],[5.98744,61.81184],[5.99085,61.81476],[5.99072,61.81629],[5.99199,61.81843],[5.99086,61.82016],[5.99573,61.82567],[5.99562,61.82761],[5.99423,61.82902],[5.99779,61.8313],[5.99808,61.8322]],[[5.97913,61.83256],[5.9778,61.83144],[5.97856,61.82841],[5.97693,61.82555],[5.97224,61.82301],[5.96892,61.82022],[5.96825,61.81287],[5.96858,61.81183],[5.97097,61.80997],[5.96843,61.80328]],[[5.99808,61.8322],[5.99774,61.83302],[5.99658,61.83361],[5.99392,61.83355],[5.99468,61.83405],[5.9974,61.83436],[5.99805,61.83484],[5.99519,61.83675],[5.99555,61.8372],[5.9991,61.83849],[6.00278,61.83905]],[[5.66621,61.82487],[5.65932,61.82426],[5.65086,61.82189],[5.64556,61.81951],[5.63959,61.81584],[5.64052,61.81522],[5.64027,61.81378],[5.64097,61.81301],[5.64299,61.81255],[5.64525,61.81282],[5.64961,61.81202],[5.65775,61.81279],[5.66198,61.81254],[5.66777,61.81373],[5.66953,61.81452],[5.67219,61.82126],[5.67591,61.82263]],[[5.68174,61.82593],[5.68093,61.82495],[5.67591,61.82263]],[[5.98426,61.84628],[5.98523,61.84488],[5.98432,61.84394],[5.98461,61.8423],[5.98122,61.84023],[5.97952,61.83833],[5.98134,61.83706],[5.98218,61.8356],[5.98195,61.83446],[5.97979,61.83284]],[[5.66621,61.82487],[5.67193,61.82684],[5.67413,61.82845]],[[5.67378,61.82962],[5.67115,61.82887],[5.67051,61.82903]],[[5.67378,61.82962],[5.67522,61.83016],[5.67613,61.83],[5.67413,61.82845]],[[5.95425,61.85112],[5.96098,61.85166],[5.96497,61.85037],[5.97061,61.85046],[5.97879,61.84956],[5.98307,61.84822],[5.98426,61.84628]],[[5.80285,61.84206],[5.80972,61.84181]],[[5.68174,61.82593],[5.68122,61.82667],[5.68284,61.8279],[5.6921,61.83266],[5.69497,61.8336],[5.72575,61.83913],[5.74148,61.84004],[5.75227,61.84138],[5.76554,61.84236]],[[5.76554,61.84236],[5.77993,61.84324],[5.78312,61.8436],[5.78514,61.84429],[5.78983,61.84451],[5.80285,61.84206]],[[5.68506,61.84055],[5.68053,61.83938],[5.67187,61.83583]],[[5.68506,61.84055],[5.69465,61.84283],[5.71235,61.84432]],[[5.72638,61.84522],[5.72416,61.84466],[5.72146,61.84574],[5.71804,61.84494],[5.71235,61.84432]],[[5.80972,61.84181],[5.82156,61.8433],[5.83155,61.84631],[5.83466,61.84663],[5.83922,61.84835],[5.84467,61.84917],[5.84785,61.85025],[5.8505,61.85286],[5.85216,61.8537],[5.85737,61.85512]],[[5.85737,61.85512],[5.86681,61.85628],[5.87293,61.85519],[5.87583,61.85515],[5.88174,61.85662],[5.89457,61.8585],[5.9096,61.85916],[5.92484,61.8562],[5.93131,61.85553],[5.93817,61.85225],[5.94448,61.85149],[5.95168,61.85157],[5.95425,61.85112]],[[5.72638,61.84522],[5.72839,61.84568],[5.738,61.84604],[5.74224,61.84546],[5.74474,61.84649],[5.74384,61.84865],[5.74561,61.84979],[5.75403,61.85088],[5.75836,61.8509],[5.76114,61.85132],[5.76294,61.85094]],[[5.76188,61.85443],[5.76689,61.85356],[5.76997,61.85393],[5.7786,61.85384],[5.78116,61.85257],[5.7795,61.85185],[5.77,61.85101],[5.76994,61.85069],[5.76709,61.85048],[5.76697,61.85081],[5.76294,61.85094]],[[5.94654,61.87703],[5.94766,61.87581],[5.95087,61.87481],[5.95991,61.87338],[5.96853,61.87341],[5.97841,61.87509],[5.98356,61.87533],[5.98754,61.87594],[5.99886,61.87557],[6.00254,61.87635]],[[5.73009,61.8665],[5.73189,61.86392],[5.73866,61.85918],[5.7462,61.85746],[5.75052,61.85769],[5.75947,61.85454],[5.76188,61.85443]],[[5.85185,61.87349],[5.85847,61.87558],[5.86204,61.8756],[5.86411,61.87545],[5.8656,61.87486],[5.86773,61.87495],[5.87227,61.87599],[5.87895,61.87678],[5.88009,61.87588],[5.8813,61.87565],[5.88721,61.87758],[5.89006,61.87727],[5.89603,61.87768],[5.9074,61.88205],[5.91133,61.8829],[5.91516,61.88254],[5.91741,61.88186],[5.91847,61.8813],[5.91856,61.88053],[5.92082,61.88008],[5.92211,61.87931],[5.92144,61.87864],[5.92281,61.87819],[5.93946,61.87761],[5.94654,61.87703]],[[5.73009,61.8665],[5.72894,61.86937],[5.72535,61.87123],[5.72211,61.8739]],[[5.77035,61.87717],[5.77007,61.87414],[5.77098,61.87336],[5.77448,61.8722],[5.77732,61.87159],[5.78382,61.87122],[5.79124,61.87175],[5.79907,61.87066],[5.8014,61.86999],[5.80804,61.86643],[5.80999,61.86445],[5.81,61.86302],[5.80913,61.86187],[5.80808,61.8612],[5.80627,61.86086],[5.80714,61.85755],[5.80791,61.85725],[5.81592,61.85848],[5.82002,61.86041],[5.82686,61.86183],[5.83492,61.86409],[5.83936,61.86626],[5.84575,61.87064],[5.85185,61.87349]],[[5.71396,61.88178],[5.71548,61.88106],[5.71607,61.87952],[5.71881,61.87714],[5.71901,61.87624],[5.72211,61.8739]],[[5.75188,61.88733],[5.758,61.88542],[5.76371,61.88247],[5.77035,61.87717]],[[5.98665,61.90202],[5.9872,61.90427],[5.98802,61.90465]],[[5.85854,61.89719],[5.86695,61.89862]],[[5.84465,61.89739],[5.84737,61.8971],[5.85854,61.89719]],[[5.86695,61.89862],[5.86988,61.89866],[5.87414,61.90014],[5.87705,61.90069],[5.88569,61.901],[5.90042,61.90221],[5.90654,61.90229],[5.9207,61.90091],[5.92797,61.90137],[5.93265,61.90072],[5.93956,61.90047]],[[5.66223,61.88838],[5.66425,61.88863],[5.67329,61.88751],[5.69661,61.88592],[5.70184,61.88481],[5.70776,61.88472],[5.71396,61.88178]],[[5.75188,61.88733],[5.74089,61.88947],[5.73915,61.89064],[5.73461,61.89209],[5.73231,61.89355],[5.73354,61.89464],[5.73518,61.89498],[5.73943,61.89492],[5.74484,61.89569],[5.74928,61.89587]],[[5.74928,61.89587],[5.75314,61.89635],[5.75718,61.89621],[5.76881,61.8969],[5.77566,61.89803],[5.77998,61.89825]],[[5.77998,61.89825],[5.79384,61.89946]],[[5.79384,61.89946],[5.81182,61.9007],[5.81951,61.89969],[5.82759,61.89962],[5.84465,61.89739]],[[5.64526,61.89053],[5.65026,61.88867],[5.6557,61.88853]],[[5.97129,61.91389],[5.9779,61.913],[5.97768,61.91228],[5.98166,61.91124],[5.98195,61.91058],[5.98102,61.90963],[5.98539,61.90742],[5.98763,61.90718],[5.98802,61.90465]],[[5.9545,61.91452],[5.95519,61.91404],[5.95965,61.9138],[5.96481,61.91301],[5.96739,61.91368],[5.97129,61.91389]],[[5.93501,61.91572],[5.94876,61.91429],[5.95249,61.91414],[5.9545,61.91452]],[[5.54943,61.88853],[5.551,61.88972],[5.5594,61.89001]],[[5.5594,61.89001],[5.56281,61.89159]],[[5.8532,61.91302],[5.85723,61.91198],[5.8587,61.91231],[5.86004,61.91215],[5.89548,61.91863]],[[5.89843,61.91899],[5.90845,61.91928],[5.92355,61.91783],[5.93501,61.91572]],[[5.84622,61.91627],[5.84826,61.91438],[5.85244,61.91321]],[[5.56281,61.89159],[5.56562,61.89305],[5.56793,61.89515],[5.56983,61.89578],[5.58604,61.89871],[5.60076,61.8992],[5.61369,61.8984],[5.62378,61.89702],[5.62683,61.89614],[5.62983,61.89388],[5.63425,61.89346],[5.64052,61.89143],[5.64526,61.89053]],[[5.83879,61.91683],[5.8448,61.91697],[5.84622,61.91627]],[[5.71324,61.91086],[5.70926,61.91034],[5.70808,61.9114],[5.705,61.91237]],[[5.71324,61.91086],[5.72012,61.91236],[5.72717,61.91461]],[[5.72717,61.91461],[5.73036,61.91504],[5.73653,61.91514],[5.74041,61.91598]],[[5.77146,61.91722],[5.78311,61.91865],[5.78883,61.91981]],[[5.78883,61.91981],[5.79373,61.92018],[5.79774,61.91913],[5.80082,61.9192],[5.80478,61.91692],[5.81177,61.91588],[5.82804,61.91673],[5.83387,61.91655],[5.83879,61.91683]],[[5.67506,61.91252],[5.6784,61.91084],[5.68451,61.91054],[5.69044,61.91087],[5.70207,61.91257],[5.705,61.91237]],[[5.74301,61.91645],[5.74562,61.91694],[5.75315,61.91688],[5.7562,61.91723],[5.75949,61.91837],[5.76289,61.91857],[5.77146,61.91722]],[[5.66187,61.91442],[5.66628,61.91463],[5.67506,61.91252]],[[5.65486,61.91453],[5.66024,61.91402],[5.66187,61.91442]],[[5.64709,61.914],[5.63281,61.9158]],[[5.61468,61.91957],[5.61577,61.91894],[5.62142,61.91796],[5.62657,61.91644],[5.63281,61.9158]],[[5.60698,61.92285],[5.61468,61.91957]],[[5.59981,61.92348],[5.60698,61.92285]],[[5.5854,61.92167],[5.59273,61.92185],[5.59682,61.92334],[5.59981,61.92348]],[[5.57595,61.92307],[5.57747,61.92237],[5.5854,61.92167]],[[5.54905,61.92327],[5.55019,61.9222],[5.55118,61.92196],[5.55854,61.9228],[5.56016,61.92252],[5.56689,61.92282],[5.57288,61.92211],[5.57469,61.92224],[5.57595,61.92307]],[[5.66953,61.83206],[5.66824,61.8301],[5.67051,61.82903]],[[5.66942,61.83306],[5.66985,61.83483],[5.67187,61.83583]],[[5.96686,61.89887],[5.97854,61.8994],[5.98401,61.9017]],[[5.94398,61.9004],[5.94857,61.90071],[5.95158,61.90002],[5.96019,61.89912],[5.96686,61.89887]],[[5.93956,61.90047],[5.94398,61.9004]],[[5.6557,61.88853],[5.66223,61.88838]],[[5.89548,61.91863],[5.89843,61.91899]],[[5.74301,61.91645],[5.74041,61.91598]],[[5.64709,61.914],[5.64788,61.91393]],[[5.65453,61.91451],[5.65486,61.91453]],[[5.26268,61.61913],[5.26503,61.61926],[5.27138,61.61798],[5.27523,61.61774],[5.27629,61.61844],[5.27646,61.61937],[5.27774,61.61995],[5.28649,61.62064],[5.29359,61.62238],[5.29546,61.62327],[5.29429,61.62442],[5.29622,61.62598],[5.29952,61.62597],[5.30163,61.62715],[5.30525,61.62834],[5.31162,61.629],[5.31486,61.62998],[5.31949,61.62999],[5.32279,61.63133],[5.32936,61.62974],[5.33069,61.62998],[5.33142,61.63098],[5.33377,61.63158],[5.33802,61.63162],[5.34539,61.63006],[5.3498,61.6316],[5.35172,61.62998],[5.35472,61.62867]],[[5.21763,61.6262],[5.22073,61.62657],[5.22181,61.62617],[5.2168,61.62461],[5.21458,61.62528],[5.21645,61.62658],[5.21767,61.62655],[5.21763,61.6262]],[[5.39109,61.6383],[5.39058,61.63783],[5.38595,61.63759],[5.3843,61.63788],[5.38563,61.63881],[5.38886,61.63939],[5.39109,61.6383]],[[5.19977,61.62355],[5.19157,61.62157],[5.17693,61.62055],[5.17748,61.62011],[5.18051,61.61995],[5.17757,61.61915],[5.1751,61.61887],[5.17191,61.6191],[5.17441,61.62028],[5.17313,61.62097],[5.18213,61.62228],[5.18483,61.62372],[5.18457,61.62422],[5.18594,61.62501],[5.18876,61.62516],[5.19786,61.62462],[5.19932,61.62424],[5.19977,61.62355]],[[5.35225,61.63653],[5.3534,61.63713],[5.35886,61.63677],[5.35957,61.637],[5.35948,61.63792],[5.36121,61.63814],[5.36297,61.63786],[5.36204,61.63692],[5.36272,61.63627],[5.36002,61.6337],[5.35828,61.63382],[5.35687,61.63472],[5.35552,61.63467],[5.35256,61.63552]],[[5.35256,61.63552],[5.35161,61.63565],[5.35097,61.63519],[5.34915,61.63493],[5.34756,61.63528],[5.34462,61.637],[5.34778,61.63726],[5.35225,61.63653]],[[5.26733,61.63128],[5.26627,61.63106],[5.26606,61.63144],[5.2679,61.63203],[5.27136,61.63193],[5.26733,61.63128]],[[5.38164,61.63858],[5.37981,61.63895],[5.37603,61.63826],[5.37335,61.6387],[5.37139,61.64001],[5.37247,61.64065]],[[5.35144,61.63911],[5.35279,61.63865],[5.35617,61.63853],[5.35788,61.63926],[5.35823,61.64021],[5.36408,61.64171],[5.36463,61.64104],[5.36622,61.64101],[5.36823,61.64144],[5.36975,61.6423],[5.37237,61.64127]],[[5.23699,61.63414],[5.23783,61.63458],[5.23602,61.63524]],[[5.25935,61.62961],[5.2621,61.63092],[5.26456,61.63122],[5.26556,61.63053],[5.26409,61.62851],[5.2662,61.62768],[5.27583,61.62595],[5.27994,61.62616],[5.28547,61.62529],[5.28854,61.6261],[5.29518,61.6295],[5.29844,61.63034],[5.29868,61.63083],[5.29762,61.63112],[5.29813,61.6317],[5.30562,61.63443],[5.30454,61.6354],[5.30627,61.63584],[5.30706,61.63739],[5.30853,61.63746],[5.30966,61.6369],[5.31352,61.6373],[5.32019,61.63574],[5.32339,61.63641],[5.32406,61.63591],[5.32325,61.63504],[5.32387,61.63446],[5.32749,61.63362],[5.33248,61.63441],[5.33527,61.63394],[5.33692,61.63425],[5.33424,61.63564],[5.33143,61.6384],[5.32736,61.63905],[5.32957,61.64004],[5.33515,61.63994],[5.33815,61.64081],[5.33958,61.64083],[5.35144,61.63911]],[[5.11861,61.62103],[5.11418,61.62058],[5.10962,61.62081],[5.10922,61.6213],[5.11009,61.62262],[5.10867,61.62367],[5.10906,61.62426],[5.11279,61.62502],[5.11348,61.62402],[5.11959,61.62264],[5.12127,61.62167],[5.11861,61.62103]],[[5.23699,61.63414],[5.23557,61.63277],[5.22937,61.63153],[5.22575,61.62977],[5.22445,61.62852],[5.22068,61.62754],[5.22094,61.62715],[5.22295,61.62653],[5.22572,61.62652],[5.23966,61.62749],[5.25007,61.62771],[5.25347,61.62895],[5.25935,61.62961]],[[5.35472,61.62867],[5.35883,61.6277],[5.36422,61.62861],[5.36578,61.62784],[5.36784,61.62769],[5.3702,61.62888],[5.38102,61.63101],[5.38222,61.6317],[5.38039,61.63241],[5.38007,61.6335],[5.38155,61.63349],[5.38298,61.63433],[5.3854,61.63479],[5.39021,61.63517],[5.39306,61.63468],[5.39416,61.63486],[5.39847,61.63712],[5.39925,61.63939],[5.40256,61.6408],[5.41159,61.64143],[5.41291,61.64194],[5.41281,61.64235],[5.41125,61.64261],[5.41028,61.64396],[5.41118,61.64522],[5.41548,61.64637],[5.41917,61.6467],[5.41992,61.64638],[5.42173,61.64654],[5.42499,61.64764]],[[5.38164,61.63858],[5.38464,61.63901],[5.38644,61.64014],[5.38716,61.64169],[5.38867,61.64212],[5.38843,61.64254],[5.38753,61.64264],[5.38523,61.6421],[5.38445,61.6431],[5.38843,61.64368],[5.39144,61.64543],[5.39333,61.64555],[5.39406,61.64397],[5.39342,61.643],[5.3911,61.64222],[5.39028,61.64102],[5.39349,61.64006],[5.39441,61.64039],[5.39505,61.64158],[5.39564,61.6402],[5.40091,61.64188],[5.40393,61.64514],[5.4098,61.64555],[5.41782,61.6476],[5.42081,61.6476],[5.42366,61.64826],[5.42497,61.64816]],[[5.16388,61.63082],[5.17404,61.63069],[5.1766,61.63033],[5.1871,61.63334],[5.1959,61.63332],[5.20132,61.6342],[5.20907,61.63472],[5.21269,61.63473],[5.21458,61.634],[5.23029,61.63548],[5.23378,61.63563],[5.23602,61.63524]],[[5.02472,61.62065],[5.02154,61.6202],[5.01882,61.62048],[5.0148,61.62149],[5.0132,61.62265],[5.01489,61.62293],[5.02151,61.62208],[5.02258,61.6218],[5.02228,61.62115],[5.02472,61.62065]],[[5.12645,61.63265],[5.1388,61.63239],[5.14133,61.63126],[5.14314,61.63154],[5.15489,61.62913],[5.16029,61.63039],[5.16388,61.63082]],[[5.06895,61.63026],[5.07173,61.62961],[5.0732,61.62828],[5.07228,61.62568],[5.07077,61.62589],[5.06979,61.62767]],[[5.06979,61.62767],[5.06854,61.62759],[5.06786,61.62866],[5.06651,61.62853],[5.06532,61.62993],[5.06895,61.63026]],[[5.05893,61.62883],[5.06222,61.62865],[5.06424,61.62809],[5.06746,61.62544],[5.06719,61.62458],[5.06509,61.62474],[5.06343,61.62552],[5.06127,61.62563],[5.05998,61.62663],[5.05988,61.62777],[5.05627,61.62817],[5.05548,61.62936],[5.05681,61.62939],[5.05893,61.62883]],[[5.12645,61.63265],[5.12095,61.63293],[5.1173,61.63431]],[[5.07806,61.63023],[5.077,61.63161],[5.07712,61.63253],[5.07979,61.63252],[5.08165,61.63212],[5.08276,61.6323],[5.08269,61.63347],[5.08743,61.63313]],[[5.08743,61.63313],[5.08914,61.63305],[5.09072,61.63347],[5.09191,61.63465],[5.09506,61.63433],[5.09648,61.63374],[5.09765,61.63062],[5.09844,61.63015],[5.10232,61.62974],[5.10487,61.63038],[5.10787,61.62982],[5.11639,61.62711],[5.11713,61.62596],[5.11383,61.62624],[5.11077,61.62715],[5.10481,61.62696],[5.10504,61.62564],[5.10071,61.62493],[5.09987,61.62386],[5.10014,61.62298],[5.09911,61.62254],[5.09593,61.62262],[5.09458,61.6229],[5.09403,61.62371],[5.09282,61.62381],[5.09144,61.62332],[5.08611,61.62302],[5.08068,61.62429],[5.0809,61.62483],[5.07989,61.62587],[5.07681,61.62721],[5.07691,61.62803],[5.07862,61.62803],[5.07932,61.62856],[5.07806,61.63023]],[[5.06757,61.63453],[5.0699,61.63491],[5.07241,61.63618],[5.07571,61.63698],[5.08088,61.63653],[5.08347,61.63716],[5.08575,61.63669],[5.08966,61.63738],[5.09468,61.63898],[5.09871,61.63951],[5.10383,61.63905],[5.10766,61.63818],[5.11161,61.63615],[5.1142,61.63599],[5.1173,61.63431]],[[5.00292,61.63791],[5.00398,61.64055],[5.00331,61.64142],[5.00449,61.64175],[5.0061,61.64113],[5.00642,61.63619],[5.00771,61.63506],[5.01423,61.63315],[5.01561,61.6321],[5.01731,61.63254],[5.02079,61.63141],[5.02201,61.63165],[5.02483,61.63061],[5.02686,61.63099],[5.02946,61.63233],[5.03106,61.63074],[5.03252,61.63055],[5.03809,61.63226],[5.03987,61.63238],[5.04132,61.63352],[5.04323,61.63239],[5.04874,61.63177],[5.05015,61.63208],[5.05093,61.63282],[5.06183,61.6349],[5.06371,61.63454],[5.06662,61.63484],[5.06757,61.63453]],[[5.17301,61.71941],[5.17642,61.7226],[5.17904,61.72229],[5.18445,61.72298],[5.18594,61.7227]],[[5.21834,61.72891],[5.22033,61.72868],[5.22204,61.72793],[5.22546,61.72547],[5.22568,61.72455],[5.22478,61.72424],[5.22415,61.72528],[5.22306,61.72508],[5.22235,61.72556],[5.22015,61.72521],[5.21895,61.72464],[5.2175,61.72259],[5.21535,61.72248],[5.21346,61.72124],[5.21145,61.72143],[5.20611,61.72406],[5.20486,61.72378],[5.20451,61.72257],[5.20333,61.72166],[5.20097,61.72169],[5.19771,61.72073],[5.19435,61.72122],[5.19012,61.7232],[5.18706,61.72244],[5.18594,61.7227]],[[5.21834,61.72891],[5.2138,61.72934],[5.20938,61.73156],[5.20472,61.73215]],[[5.17301,61.71941],[5.17403,61.71361],[5.17174,61.70696],[5.17025,61.70657],[5.16959,61.70371],[5.16729,61.7021],[5.16283,61.70212],[5.1611,61.70256],[5.16051,61.70404],[5.16627,61.71335],[5.16702,61.71537],[5.1668,61.71733],[5.16233,61.72184],[5.1612,61.72195],[5.15858,61.72397],[5.15318,61.72359],[5.15046,61.7239],[5.14928,61.72615],[5.14947,61.7276],[5.1487,61.72842],[5.14683,61.72892],[5.14781,61.73122],[5.14787,61.7341],[5.14552,61.73474],[5.14293,61.734],[5.14151,61.73402],[5.13942,61.73499],[5.13819,61.73643],[5.13503,61.7363],[5.13223,61.73779],[5.13181,61.73959],[5.13041,61.74075],[5.12855,61.74056]],[[5.11693,61.74083],[5.11703,61.73632],[5.11787,61.73551],[5.1168,61.73136],[5.11757,61.73057],[5.12194,61.71289],[5.12193,61.70908],[5.12159,61.70768],[5.12007,61.70624],[5.11776,61.70776],[5.11584,61.7099],[5.11387,61.70785],[5.11288,61.70555],[5.11148,61.70486],[5.10819,61.70662],[5.108,61.70964],[5.1065,61.71407],[5.10706,61.72012],[5.10557,61.72152],[5.10352,61.72146],[5.10303,61.72184],[5.10491,61.72567],[5.10435,61.72816],[5.10328,61.72921],[5.10349,61.73033],[5.10643,61.73439],[5.10863,61.73597],[5.10577,61.73858],[5.10587,61.74002]],[[5.12227,61.74122],[5.12745,61.74041],[5.12855,61.74056]],[[5.15281,61.74343],[5.15119,61.74253],[5.14768,61.74148],[5.14745,61.74226],[5.14949,61.74319]],[[5.15547,61.74363],[5.15505,61.74189],[5.15035,61.73859],[5.15138,61.73822],[5.15421,61.73828],[5.15829,61.74026],[5.15994,61.73937],[5.16234,61.73987],[5.16271,61.73886],[5.16059,61.73685],[5.16168,61.73471],[5.16368,61.73556],[5.16465,61.73728],[5.16997,61.73702],[5.17246,61.73805],[5.17374,61.73808],[5.17627,61.73785],[5.17976,61.73668],[5.18305,61.73765],[5.18518,61.73677],[5.18837,61.73624],[5.19461,61.73599],[5.1956,61.73527],[5.19891,61.73444],[5.20472,61.73215]],[[5.15281,61.74343],[5.15494,61.74479],[5.15547,61.74363]],[[5.11693,61.74083],[5.11731,61.74173],[5.11925,61.74307],[5.11976,61.7429],[5.11922,61.74153],[5.12213,61.74219],[5.12227,61.74122]],[[5.09437,61.74875],[5.09699,61.74899],[5.09795,61.74871],[5.09773,61.74564],[5.09933,61.7429],[5.10246,61.74188],[5.10427,61.74031],[5.10587,61.74002]],[[5.14585,61.75167],[5.14003,61.74755],[5.139,61.74765],[5.13978,61.74947],[5.13859,61.74972],[5.13675,61.74724],[5.13514,61.7465],[5.13434,61.74653],[5.13412,61.74705],[5.1362,61.7487],[5.1368,61.75016],[5.1389,61.75083],[5.13955,61.752],[5.14227,61.75257],[5.14168,61.75126],[5.14224,61.75108],[5.14673,61.7533],[5.14688,61.75266],[5.14585,61.75167]],[[5.28219,61.7683],[5.27753,61.76411],[5.27519,61.763],[5.27344,61.76295],[5.27259,61.76357],[5.26878,61.76313],[5.26594,61.76365]],[[5.25903,61.76713],[5.26191,61.76653],[5.26402,61.76429],[5.26594,61.76365]],[[5.28219,61.7683],[5.28392,61.76933],[5.28595,61.7687],[5.29134,61.76975],[5.2924,61.76922]],[[5.07266,61.7544],[5.08528,61.75359],[5.09023,61.75159],[5.09183,61.74936],[5.09437,61.74875]],[[5.29303,61.76936],[5.29306,61.76968],[5.29631,61.77076]],[[5.25903,61.76713],[5.25796,61.76797],[5.25746,61.76968],[5.25666,61.76994],[5.25423,61.76972],[5.25379,61.76915],[5.25436,61.76844],[5.25282,61.7664],[5.25012,61.76524],[5.24871,61.76296],[5.24684,61.76274],[5.24284,61.76136],[5.24199,61.76172],[5.24285,61.76438],[5.239,61.76282],[5.23756,61.76272],[5.23433,61.76338],[5.22763,61.76283],[5.2249,61.76294],[5.22057,61.76149],[5.21829,61.76164],[5.21735,61.76128]],[[5.14949,61.74319],[5.14934,61.74404],[5.14718,61.74396],[5.14691,61.74438],[5.1485,61.74796],[5.15044,61.74979],[5.15017,61.75246],[5.15094,61.75505],[5.15615,61.75551],[5.16215,61.75753],[5.16277,61.75843],[5.16445,61.75917],[5.1646,61.76112],[5.16674,61.76242],[5.16746,61.76384],[5.16931,61.76374],[5.16884,61.76263],[5.16954,61.762],[5.17135,61.76274],[5.17199,61.76255],[5.17021,61.75843],[5.17106,61.75806],[5.17308,61.75802],[5.17651,61.75861],[5.17857,61.7601],[5.18009,61.76042],[5.1813,61.76007],[5.18371,61.76079],[5.1842,61.75967],[5.18555,61.75932],[5.18897,61.76039],[5.18989,61.75966],[5.19167,61.75955],[5.19713,61.75782],[5.20091,61.75735],[5.20604,61.7583],[5.21041,61.76018],[5.21182,61.76013],[5.21232,61.75959],[5.21344,61.75947],[5.21613,61.76033],[5.21735,61.76128]],[[5.00001,61.74214],[5.00395,61.7438],[5.02089,61.74897],[5.02246,61.74967],[5.02436,61.75164],[5.02868,61.75408]],[[5.16268,61.76081],[5.16071,61.76112],[5.16049,61.76194],[5.16252,61.76403],[5.16505,61.76483],[5.16499,61.76344],[5.16268,61.76081]],[[5.28221,61.77345],[5.2862,61.77204],[5.29168,61.77432],[5.29604,61.77239],[5.29631,61.77076]],[[5.02868,61.75408],[5.03409,61.75737],[5.04355,61.75876],[5.05182,61.75864],[5.0551,61.75784],[5.05984,61.75769],[5.06266,61.75608],[5.07266,61.7544]],[[5.09703,61.76198],[5.09779,61.76208],[5.09865,61.76142],[5.10054,61.76129],[5.10175,61.76181],[5.1025,61.76106],[5.10333,61.76101],[5.10686,61.76271],[5.11083,61.76345],[5.11136,61.76309],[5.11071,61.76201],[5.11137,61.76151],[5.11248,61.76142],[5.11607,61.76333],[5.12076,61.76463]],[[5.28221,61.77345],[5.28066,61.77488],[5.27914,61.77545],[5.27727,61.77558],[5.27452,61.77476],[5.27334,61.77581],[5.27108,61.7763]],[[5.21342,61.77353],[5.21459,61.77366],[5.21599,61.77324],[5.21801,61.77355],[5.22033,61.77468],[5.22443,61.77488],[5.22752,61.77592],[5.23221,61.77629],[5.23753,61.77604],[5.23957,61.77526],[5.24247,61.77708],[5.24457,61.77736],[5.24825,61.77713],[5.25241,61.77806],[5.25993,61.77765],[5.26195,61.77788],[5.26514,61.77724],[5.26736,61.77749],[5.26879,61.77666],[5.27108,61.7763]],[[5.12076,61.76463],[5.12308,61.76503],[5.1257,61.76415],[5.12668,61.76053],[5.12915,61.75981],[5.13029,61.76063],[5.13097,61.76059],[5.1299,61.75805],[5.13072,61.75771],[5.13621,61.75935],[5.1414,61.76516],[5.14464,61.76637],[5.14984,61.77033],[5.15347,61.77096],[5.15742,61.7727],[5.16083,61.77269],[5.16296,61.77225],[5.1661,61.77309],[5.16968,61.77237],[5.17469,61.77306],[5.17947,61.77114],[5.18179,61.77213],[5.18389,61.77251],[5.18683,61.77169],[5.19029,61.76816],[5.19338,61.76998],[5.19589,61.769],[5.19795,61.77093],[5.20046,61.77232],[5.20281,61.77122],[5.20621,61.77282],[5.20774,61.77126],[5.2098,61.77176],[5.21075,61.77256],[5.21342,61.77353]],[[5.09703,61.76198],[5.09546,61.76105],[5.0929,61.76218],[5.09213,61.76382],[5.09657,61.76759],[5.095,61.77067],[5.09498,61.77319],[5.09603,61.77592],[5.10171,61.77978],[5.10753,61.78232]],[[5.11284,61.78571],[5.10753,61.78232]],[[5.20177,61.80981],[5.20719,61.80957],[5.21332,61.81016],[5.2154,61.81097]],[[5.19397,61.81022],[5.19817,61.80946],[5.20177,61.80981]],[[5.11366,61.78653],[5.12453,61.79379],[5.12989,61.79589],[5.14076,61.80135],[5.15744,61.80755],[5.16277,61.80779]],[[5.20081,61.81279],[5.19374,61.81269],[5.19167,61.81366],[5.19271,61.81446],[5.19637,61.81522],[5.19724,61.81611],[5.19949,61.8169]],[[5.21598,61.81329],[5.2074,61.81287]],[[5.2074,61.81287],[5.20081,61.81279]],[[5.16277,61.80779],[5.1739,61.80961],[5.1771,61.81085],[5.18224,61.81197],[5.18732,61.8104],[5.19397,61.81022]],[[5.2154,61.81097],[5.22126,61.81151],[5.22777,61.81457],[5.23168,61.81548],[5.23163,61.81601],[5.23264,61.81646],[5.23632,61.8166],[5.24291,61.81797],[5.24549,61.81708],[5.24819,61.81714],[5.24983,61.8176],[5.25273,61.81775],[5.25568,61.81924],[5.25778,61.81972],[5.26279,61.82005],[5.26629,61.82089],[5.27463,61.82192],[5.27838,61.8216],[5.28066,61.8218],[5.28781,61.82329],[5.29296,61.82378]],[[5.19949,61.8169],[5.20287,61.81777],[5.20746,61.81823],[5.21388,61.81792],[5.22047,61.81866],[5.22378,61.81836],[5.22431,61.81798],[5.22385,61.81713],[5.22051,61.81445],[5.21764,61.81332],[5.21598,61.81329]],[[5.01738,61.78861],[5.01907,61.79001],[5.02247,61.79109],[5.02316,61.79184],[5.02186,61.79221],[5.02254,61.79333],[5.02865,61.79414],[5.03226,61.79503],[5.03457,61.79505],[5.0437,61.80036],[5.04672,61.80144],[5.04941,61.80185],[5.05121,61.80092],[5.05348,61.80244],[5.05681,61.80223],[5.05605,61.80414],[5.05761,61.80558],[5.06702,61.80731],[5.07154,61.80947]],[[5.08368,61.8136],[5.09019,61.81511],[5.09434,61.81516],[5.09687,61.81443],[5.09957,61.81793],[5.103,61.81937]],[[5.11358,61.82371],[5.11026,61.82119],[5.10676,61.82063],[5.103,61.81937]],[[5.16383,61.82997],[5.16523,61.82939],[5.16554,61.82877],[5.16669,61.82853],[5.17355,61.83014],[5.17675,61.83007],[5.18099,61.83085],[5.18687,61.83118],[5.19423,61.8332]],[[5.229,61.83403],[5.22165,61.8324],[5.21712,61.83303],[5.21465,61.83252],[5.21151,61.83252],[5.2108,61.83282],[5.21089,61.83345],[5.20967,61.83393],[5.20538,61.83297],[5.20327,61.83291],[5.20094,61.83386],[5.19423,61.8332]],[[5.12348,61.82867],[5.12399,61.82752],[5.12333,61.82615],[5.12391,61.82577],[5.12496,61.82539],[5.13003,61.8254],[5.13262,61.8248],[5.13357,61.82369],[5.13631,61.82365],[5.13764,61.82386],[5.13994,61.82618],[5.14291,61.82749],[5.15073,61.82885],[5.15671,61.83056]],[[5.38098,61.84801],[5.38277,61.84751],[5.38355,61.84648],[5.38315,61.84598],[5.38163,61.84594]],[[5.29186,61.84349],[5.29046,61.84236],[5.28999,61.83885],[5.28853,61.83766]],[[5.33996,61.84687],[5.34377,61.84735],[5.35215,61.84729],[5.36447,61.84634],[5.38163,61.84594]],[[5.11358,61.82371],[5.11664,61.82535],[5.12115,61.82959],[5.12196,61.83082],[5.12149,61.83168]],[[5.13041,61.83233],[5.12464,61.82998],[5.12348,61.82867]],[[5.14567,61.83343],[5.14192,61.83316]],[[5.2541,61.84124],[5.25653,61.83921],[5.25768,61.83677],[5.25677,61.83602],[5.25439,61.83538],[5.25085,61.83366],[5.24659,61.83339],[5.24549,61.83475],[5.24337,61.83464],[5.242,61.83383],[5.23801,61.83377],[5.23503,61.83326],[5.23068,61.8334],[5.229,61.83403]],[[5.2729,61.84258],[5.27212,61.84131],[5.27499,61.84051],[5.27698,61.83916],[5.27684,61.83648],[5.28383,61.83718],[5.28681,61.83672],[5.28853,61.83766]],[[5.32564,61.84634],[5.3244,61.84525],[5.31572,61.84386],[5.30859,61.84205],[5.30651,61.8405],[5.30288,61.83956],[5.29961,61.83781],[5.2986,61.83658],[5.29564,61.83549],[5.29607,61.83172],[5.29774,61.83073],[5.30527,61.83116],[5.30852,61.83092],[5.31787,61.83217],[5.32308,61.83177],[5.32152,61.83127],[5.32169,61.83004],[5.32082,61.82916],[5.31719,61.82852],[5.31009,61.82572],[5.30504,61.82493]],[[5.33489,61.84699],[5.33996,61.84687]],[[5.13899,61.83335],[5.14192,61.83316]],[[5.13041,61.83233],[5.13769,61.8335],[5.13899,61.83335]],[[5.32564,61.84634],[5.32582,61.84694],[5.32782,61.84726],[5.33489,61.84699]],[[5.2729,61.84258],[5.27353,61.84315],[5.27646,61.84384]],[[5.27646,61.84384],[5.27782,61.84413],[5.28085,61.84591],[5.28113,61.84676],[5.28496,61.84884]],[[5.28496,61.84884],[5.28706,61.84906],[5.28826,61.84821],[5.28896,61.84878],[5.28991,61.84876],[5.28937,61.84787],[5.29036,61.84734],[5.29202,61.84733],[5.2924,61.84669],[5.29048,61.84626],[5.29032,61.84528],[5.29148,61.84469],[5.29256,61.84466],[5.29264,61.84399]],[[5.12129,61.83318],[5.12435,61.83592],[5.12836,61.83801]],[[5.13861,61.84184],[5.13652,61.84097],[5.13382,61.83897],[5.12836,61.83801]],[[5.14474,61.84057],[5.14371,61.8414],[5.14166,61.84204],[5.14018,61.84224],[5.13861,61.84184]],[[5.36463,61.8491],[5.35899,61.8488],[5.35646,61.84919],[5.34751,61.84934],[5.34508,61.84982],[5.34168,61.85176],[5.32699,61.85423],[5.32408,61.85576],[5.31382,61.85683],[5.3107,61.85779]],[[5.00163,61.83661],[5.00186,61.8359]],[[5.3141,61.86183],[5.3109,61.86113],[5.31059,61.86035],[5.30845,61.8601],[5.30642,61.8606],[5.30262,61.85986],[5.30137,61.85888],[5.30108,61.85763],[5.30341,61.85679],[5.30598,61.85784],[5.3107,61.85779]],[[5.2599,61.85857],[5.25909,61.85528],[5.25654,61.85425],[5.2542,61.8516],[5.25182,61.85089],[5.25247,61.84921],[5.2511,61.84667],[5.25272,61.84272],[5.2541,61.84124]],[[5.31385,61.86235],[5.30505,61.86272],[5.30398,61.86353],[5.30479,61.86434]],[[5.25018,61.86437],[5.25773,61.86218],[5.2599,61.85857]],[[5.16587,61.84734],[5.16581,61.84947],[5.16441,61.85208],[5.16214,61.85345],[5.15984,61.85579],[5.15498,61.85875]],[[5.14474,61.84057],[5.14722,61.84027],[5.15,61.84137],[5.15085,61.84273],[5.15025,61.8453],[5.15159,61.84609],[5.15511,61.84699],[5.15645,61.84887],[5.15099,61.85305],[5.14519,61.85987],[5.14156,61.8623],[5.14067,61.86406],[5.14091,61.8658],[5.14252,61.86595],[5.1465,61.86286],[5.15123,61.86209],[5.15498,61.85875]],[[5.37754,61.63439],[5.37494,61.63377],[5.37683,61.6353],[5.378,61.63508],[5.37754,61.63439]],[[5.05414,61.62166],[5.05523,61.62175],[5.05586,61.62128],[5.05068,61.62183],[5.04976,61.623],[5.05163,61.62283],[5.05414,61.62166]],[[5.11295,61.7858],[5.11284,61.78571]],[[5.11295,61.7858],[5.11366,61.78653]],[[5.29296,61.82378],[5.30504,61.82493]],[[5.08368,61.8136],[5.07154,61.80947]],[[5.16265,61.83016],[5.16383,61.82997]],[[5.15671,61.83056],[5.16265,61.83016]],[[5.36724,61.84872],[5.37041,61.84816],[5.38098,61.84801]],[[5.29264,61.84399],[5.29186,61.84349]],[[5.36463,61.8491],[5.36724,61.84872]],[[5.14567,61.83343],[5.14883,61.83411]],[[5.12129,61.83318],[5.12078,61.83245],[5.12149,61.83168]],[[5.14883,61.83411],[5.15205,61.83513],[5.15772,61.83823]],[[5.16587,61.84734],[5.16509,61.84541],[5.15772,61.83823]],[[5.45714,61.91039],[5.46335,61.90737],[5.47027,61.9059],[5.47333,61.90576],[5.48306,61.90636],[5.48691,61.90538],[5.49205,61.90503],[5.50382,61.90697],[5.50775,61.90628],[5.5157,61.90664],[5.51744,61.90609],[5.52572,61.90563]],[[5.30258,61.86829],[5.29992,61.86797],[5.29922,61.86822],[5.30137,61.86948],[5.30388,61.86954],[5.30258,61.86829]],[[5.29702,61.86877],[5.28749,61.86847],[5.27858,61.86879]],[[5.27858,61.86879],[5.27239,61.86841],[5.2703,61.8699]],[[5.32337,61.87565],[5.31865,61.87496],[5.31735,61.87559],[5.31919,61.87597],[5.32322,61.87599],[5.32337,61.87565]],[[5.24562,61.87416],[5.2513,61.87437],[5.25447,61.87356],[5.25545,61.8727],[5.25665,61.87259],[5.25703,61.87345],[5.25804,61.87304],[5.26106,61.87278],[5.26405,61.87336],[5.26732,61.87315],[5.26924,61.87243],[5.2703,61.8699]],[[5.5319,61.89506],[5.53531,61.89228],[5.5466,61.88844]],[[5.24562,61.87416],[5.24411,61.87323],[5.24445,61.87265],[5.24204,61.87226],[5.22947,61.87391]],[[5.23208,61.87272],[5.23137,61.87237],[5.22807,61.8724],[5.22381,61.87346],[5.22633,61.87373],[5.23208,61.87272]],[[5.33403,61.88256],[5.33434,61.88203],[5.33621,61.88169],[5.33596,61.88067],[5.33533,61.87981],[5.33149,61.8775],[5.33107,61.87633],[5.32444,61.87479],[5.31697,61.87435],[5.31139,61.8721],[5.31105,61.87166],[5.31202,61.8706],[5.31015,61.87033],[5.30825,61.86646],[5.30479,61.86434]],[[5.1835,61.87278],[5.19556,61.87259],[5.20756,61.87146],[5.21076,61.87159],[5.21169,61.8711],[5.21424,61.87087],[5.21845,61.87079],[5.21965,61.87051],[5.21985,61.86963],[5.22243,61.86957],[5.2309,61.86719]],[[5.33403,61.88256],[5.33434,61.88515],[5.33982,61.88509],[5.34606,61.88606],[5.34285,61.8867]],[[5.20134,61.8779],[5.20437,61.87734],[5.20659,61.87785],[5.21586,61.87632],[5.21647,61.87654],[5.21591,61.87714],[5.2194,61.87713],[5.22167,61.87652],[5.22206,61.87515],[5.2248,61.87508],[5.22947,61.87391]],[[5.14154,61.87546],[5.1484,61.87534],[5.16566,61.87406]],[[5.12554,61.87723],[5.13518,61.87617]],[[5.17445,61.88077],[5.17408,61.87975],[5.17515,61.87949],[5.17899,61.88042]],[[5.1801,61.88118],[5.17899,61.88042]],[[5.19956,61.88258],[5.20023,61.88224],[5.19894,61.88189],[5.19238,61.88152],[5.18791,61.88039],[5.19038,61.87983],[5.19607,61.87944],[5.20134,61.8779]],[[5.20488,61.88296],[5.20563,61.88256],[5.20472,61.88225],[5.20318,61.88219],[5.20217,61.88276]],[[5.28758,61.88888],[5.28708,61.88827],[5.28514,61.88808],[5.27724,61.88814]],[[5.35405,61.8936],[5.35491,61.89208],[5.35418,61.89149],[5.35068,61.89051],[5.34655,61.89014],[5.34192,61.88881],[5.34107,61.88751],[5.34285,61.8867]],[[5.52572,61.90563],[5.54002,61.90431],[5.54336,61.90297],[5.54295,61.90155],[5.54112,61.90094],[5.53619,61.89718],[5.53332,61.89615],[5.5319,61.89506]],[[5.19956,61.88258],[5.1982,61.88301],[5.20079,61.88311],[5.20217,61.88276]],[[5.27223,61.88861],[5.27724,61.88814]],[[5.20488,61.88296],[5.20337,61.88354],[5.20634,61.88368],[5.20785,61.88328],[5.20925,61.88338],[5.2097,61.88364],[5.20897,61.88422],[5.21001,61.88449],[5.21516,61.88402]],[[5.17445,61.88077],[5.17357,61.88234],[5.17562,61.88233],[5.17656,61.88199],[5.17838,61.88229]],[[5.28758,61.88888],[5.28685,61.88972],[5.29143,61.89016],[5.29439,61.89133],[5.29989,61.89182],[5.30302,61.89139],[5.30634,61.89228],[5.30938,61.89243],[5.31255,61.89205],[5.31406,61.89136],[5.3125,61.89077],[5.30946,61.89091],[5.30781,61.89032]],[[5.17838,61.88229],[5.17944,61.88253],[5.18008,61.88323],[5.18315,61.88353],[5.18376,61.88292],[5.1801,61.88118]],[[5.21516,61.88402],[5.21643,61.88397],[5.21926,61.88485],[5.22645,61.88464],[5.22644,61.88515],[5.22175,61.88608],[5.22154,61.88656],[5.22263,61.88697],[5.23375,61.8861],[5.24772,61.88631],[5.25411,61.88702],[5.25588,61.88804],[5.26004,61.88824],[5.26229,61.88893],[5.26662,61.88927],[5.2709,61.88901],[5.27223,61.88861]],[[5.10793,61.87906],[5.1168,61.87838],[5.12192,61.87732],[5.12554,61.87723]],[[5.35405,61.8936],[5.35357,61.89419],[5.3548,61.89496],[5.35911,61.896],[5.36266,61.89618],[5.36406,61.89742],[5.36523,61.8977]],[[5.08402,61.87761],[5.08726,61.87719],[5.094,61.8771],[5.09735,61.87787],[5.10068,61.87764],[5.10195,61.87804],[5.10197,61.87869],[5.10274,61.87898],[5.10793,61.87906]],[[5.13021,61.8816],[5.12839,61.88137],[5.11492,61.88255],[5.11179,61.88317],[5.11127,61.88388],[5.11969,61.88381],[5.12481,61.88321],[5.13021,61.8816]],[[5.16241,61.88641],[5.1652,61.88613],[5.16554,61.88552],[5.16447,61.88288],[5.16372,61.88251],[5.16446,61.88161],[5.16342,61.88137],[5.1562,61.88201],[5.15099,61.88545],[5.14339,61.88555],[5.14064,61.88613],[5.13851,61.88607]],[[5.15574,61.88912],[5.15893,61.88864],[5.15841,61.88793],[5.16115,61.88751],[5.16241,61.88641]],[[5.13566,61.89052],[5.14695,61.8912],[5.1486,61.89056],[5.15574,61.88912]],[[5.13851,61.88607],[5.13617,61.88577],[5.133,61.88627],[5.13481,61.88718],[5.13381,61.88794],[5.12962,61.88766],[5.12621,61.88676],[5.11647,61.88746],[5.11679,61.88778],[5.11933,61.88803],[5.12032,61.88921],[5.12165,61.88966],[5.12402,61.88979],[5.1255,61.89064],[5.13566,61.89052]],[[5.36523,61.8977],[5.36612,61.89884],[5.37003,61.901],[5.37801,61.90407],[5.38137,61.90698],[5.38432,61.90827],[5.38745,61.90884],[5.39143,61.90898],[5.39731,61.91044],[5.40015,61.91162],[5.40881,61.91366],[5.41741,61.91531],[5.42614,61.91637],[5.43042,61.91741],[5.43441,61.91768],[5.4382,61.917],[5.45714,61.91039]],[[5.13624,61.89436],[5.13826,61.89408],[5.13852,61.89362],[5.13118,61.89306],[5.12777,61.89355],[5.12279,61.89287],[5.1227,61.89256],[5.12576,61.89193],[5.12507,61.89139],[5.12328,61.89177],[5.12364,61.89097],[5.12303,61.89077],[5.11604,61.89227],[5.11647,61.89267],[5.11987,61.89289],[5.1187,61.89353],[5.11677,61.8937],[5.11676,61.89419],[5.12268,61.89573],[5.1265,61.89575],[5.12849,61.89515],[5.13228,61.895],[5.13247,61.89434],[5.13624,61.89436]],[[5.17379,61.8965],[5.17792,61.89541],[5.17978,61.89544],[5.18861,61.89819],[5.19351,61.89912],[5.19693,61.89899],[5.19566,61.9003],[5.19578,61.90134],[5.19779,61.90156],[5.19937,61.90058],[5.20284,61.90101],[5.20343,61.90154],[5.20284,61.90255],[5.20546,61.90542],[5.20647,61.90567]],[[5.24847,61.91018],[5.25396,61.90989],[5.26526,61.91037]],[[5.26526,61.91037],[5.27086,61.91019],[5.27984,61.91052],[5.28452,61.91132],[5.289,61.91266],[5.30016,61.91359],[5.30631,61.91319],[5.31371,61.91078],[5.31493,61.90999],[5.31976,61.90988],[5.3216,61.90914],[5.33618,61.91206],[5.3381,61.91409],[5.3486,61.91695],[5.35209,61.91758],[5.35368,61.9175],[5.35452,61.91643],[5.34827,61.91568],[5.34707,61.915],[5.34767,61.91432],[5.35418,61.91542],[5.35903,61.91722]],[[5.05921,61.8976],[5.0649,61.89756],[5.06749,61.89675],[5.06899,61.89578],[5.0716,61.89582],[5.07365,61.89631],[5.07809,61.89575]],[[5.05921,61.8976],[5.05707,61.89752],[5.05476,61.898],[5.0529,61.89741]],[[5.17379,61.8965],[5.17223,61.89794],[5.17058,61.89866],[5.17116,61.90019],[5.17029,61.90054],[5.16918,61.90058],[5.16415,61.89902],[5.16419,61.89825],[5.16294,61.89828],[5.16171,61.89904],[5.16264,61.90009],[5.16561,61.90047],[5.16614,61.9009],[5.16503,61.90139],[5.16224,61.90143],[5.16179,61.90179],[5.15659,61.90272],[5.15637,61.9034],[5.15815,61.90385],[5.15723,61.90451],[5.15819,61.90529],[5.15693,61.90579],[5.15692,61.9076]],[[5.50207,61.93295],[5.5066,61.93122],[5.51001,61.92826],[5.51276,61.92672],[5.51705,61.92558],[5.52189,61.92611],[5.52809,61.9274],[5.53201,61.92764],[5.53424,61.92715],[5.53859,61.92695],[5.54221,61.92533],[5.54905,61.92327]],[[5.49884,61.93287],[5.50207,61.93295]],[[5.21281,61.90989],[5.21736,61.91127],[5.21705,61.9122],[5.21783,61.91271],[5.22304,61.91415],[5.22996,61.91296],[5.23158,61.91301],[5.2318,61.91209],[5.23993,61.91071]],[[5.45065,61.931],[5.45415,61.9315],[5.45689,61.93096],[5.45689,61.92831],[5.4595,61.92651],[5.47261,61.92774],[5.47708,61.92735],[5.48137,61.92808],[5.48337,61.92755],[5.48767,61.92786],[5.48963,61.92849],[5.49503,61.93179],[5.49884,61.93287]],[[5.35903,61.91722],[5.35963,61.91763],[5.35908,61.9182],[5.36189,61.91874],[5.36241,61.91935],[5.36208,61.92029],[5.36043,61.92055],[5.36035,61.92093],[5.36529,61.92188],[5.36746,61.92318],[5.37153,61.92391],[5.37512,61.92519],[5.37767,61.92536],[5.38082,61.92647]],[[5.16459,61.91086],[5.16803,61.91149],[5.16911,61.91094]],[[5.38681,61.92602],[5.38377,61.92577],[5.38341,61.92614],[5.38509,61.92687],[5.38928,61.92776],[5.38921,61.92709],[5.38681,61.92602]],[[5.09516,61.90675],[5.09648,61.9059],[5.09483,61.90565],[5.09454,61.90457],[5.09699,61.90325],[5.0957,61.90298],[5.09234,61.90371],[5.09177,61.90606],[5.09228,61.90643],[5.09516,61.90675]],[[5.45065,61.931],[5.44886,61.93035],[5.44502,61.93114],[5.44824,61.9328],[5.45006,61.93287]],[[5.16843,61.91302],[5.16852,61.91276]],[[5.15692,61.9076],[5.15104,61.90839],[5.1503,61.90968],[5.14682,61.91065],[5.14669,61.9117],[5.151,61.91136],[5.15466,61.91218],[5.16035,61.91108],[5.16459,61.91086]],[[5.16831,61.9134],[5.17014,61.9134],[5.17183,61.91271],[5.17024,61.9116],[5.16889,61.91161]],[[4.99609,61.8952],[5.01012,61.89129],[5.0152,61.8911],[5.0193,61.89037],[5.02598,61.88992],[5.0337,61.88897],[5.03943,61.88776],[5.06085,61.88559],[5.06646,61.8843],[5.07265,61.88339],[5.07556,61.88215],[5.07502,61.88123],[5.07681,61.87944],[5.08402,61.87761]],[[5.40152,61.92869],[5.39734,61.92835],[5.39629,61.92932],[5.40087,61.93145],[5.40325,61.93191],[5.40557,61.93205],[5.40889,61.9314],[5.40818,61.9306],[5.40152,61.92869]],[[5.19109,61.9147],[5.18992,61.91493],[5.18842,61.91722],[5.1928,61.9171],[5.19362,61.91655],[5.19364,61.91615],[5.19109,61.9147]],[[5.38082,61.92647],[5.38311,61.92786],[5.3842,61.9273],[5.38678,61.92778],[5.39062,61.9295],[5.38891,61.93001],[5.38601,61.92959],[5.38577,61.92908],[5.38445,61.92851],[5.38394,61.92871],[5.38341,61.92814],[5.38092,61.92965],[5.38124,61.93006],[5.38588,61.93114],[5.38892,61.93103],[5.39241,61.93214]],[[5.39241,61.93214],[5.4075,61.93332],[5.41255,61.93425]],[[5.144,61.91137],[5.14322,61.9108],[5.1419,61.91098],[5.14134,61.91229],[5.13479,61.91339],[5.13621,61.91461],[5.13823,61.9146],[5.14311,61.91346],[5.144,61.91137]],[[5.43026,61.93553],[5.42869,61.93464],[5.42665,61.93461],[5.42257,61.93276],[5.42111,61.93266],[5.42238,61.9341],[5.42406,61.93478],[5.42869,61.93577],[5.43026,61.93553]],[[5.16726,61.91662],[5.16552,61.91644],[5.16257,61.91682],[5.16063,61.91637],[5.15918,61.91705]],[[5.15918,61.91705],[5.15772,61.91731],[5.15692,61.917]],[[5.41255,61.93425],[5.41582,61.93487],[5.41798,61.9363],[5.41967,61.93634]],[[5.17625,61.91929],[5.17453,61.91899],[5.17569,61.91736],[5.17665,61.91728],[5.17681,61.91782],[5.17777,61.9179],[5.17967,61.91758],[5.17967,61.91717],[5.17115,61.9154],[5.16726,61.91662]],[[5.17625,61.91929],[5.18193,61.91886],[5.18487,61.91772],[5.18781,61.91717],[5.1876,61.9169],[5.18318,61.91649],[5.1823,61.91573],[5.18317,61.91469],[5.18522,61.91469],[5.18609,61.9132],[5.18418,61.91219],[5.18062,61.91179],[5.18029,61.91004],[5.17928,61.90948],[5.17722,61.9102],[5.17691,61.91101],[5.17483,61.91239],[5.17375,61.91237],[5.17104,61.91108],[5.16911,61.91094]],[[5.44909,61.94008],[5.45028,61.93918],[5.45859,61.93937],[5.45916,61.939],[5.45839,61.93817],[5.461,61.93682],[5.45861,61.93501],[5.4567,61.9343],[5.45328,61.93321],[5.45006,61.93287]],[[5.41967,61.93634],[5.42346,61.93605],[5.42695,61.93722],[5.43397,61.93874],[5.43634,61.93833],[5.44782,61.94]],[[5.07216,61.91387],[5.07821,61.91343],[5.08141,61.91228],[5.08292,61.91094],[5.08676,61.91021],[5.08976,61.90872],[5.0929,61.90966],[5.09534,61.90906],[5.09565,61.90776],[5.09823,61.90784],[5.10448,61.9059],[5.10464,61.90526],[5.11108,61.90408],[5.11361,61.90403],[5.1147,61.90331],[5.11272,61.90254],[5.11267,61.90148],[5.12156,61.90154],[5.12211,61.90121],[5.12158,61.90071],[5.12506,61.89998],[5.12176,61.89886],[5.12263,61.89802],[5.12078,61.89676],[5.11697,61.89625],[5.10883,61.8944],[5.10553,61.89434],[5.10483,61.89336],[5.10336,61.8934],[5.10211,61.89393],[5.09889,61.89394],[5.09682,61.8945],[5.09743,61.89522],[5.09462,61.89571],[5.09804,61.89715],[5.09823,61.89768],[5.09653,61.89844],[5.09166,61.89926],[5.09054,61.89901],[5.09318,61.89832],[5.09158,61.89768],[5.08559,61.89699],[5.08366,61.89753],[5.07982,61.89582],[5.07809,61.89575]],[[5.05028,61.91702],[5.0554,61.91654],[5.06774,61.9122],[5.06969,61.91259],[5.07115,61.91245],[5.07141,61.91288],[5.07063,61.91329],[5.07216,61.91387]],[[5.01098,61.91415],[5.01271,61.91387],[5.01341,61.91326],[5.01283,61.91239],[5.01137,61.91183],[5.01309,61.91059],[5.01608,61.90993],[5.02307,61.90945],[5.0254,61.90873],[5.02399,61.90726],[5.02025,61.90611],[5.02094,61.90545],[5.02411,61.905],[5.02511,61.90446],[5.0285,61.90431],[5.0318,61.90371],[5.03455,61.90117],[5.03635,61.90122],[5.04093,61.89991],[5.04323,61.89705],[5.04643,61.89659],[5.04797,61.89703],[5.0529,61.89741]],[[5.04341,61.91652],[5.03981,61.91626]],[[5.12685,61.92259],[5.12629,61.92101],[5.12409,61.9196],[5.12276,61.9193],[5.12499,61.91878],[5.13027,61.91841],[5.13506,61.91614],[5.13864,61.91579],[5.139,61.91638],[5.14349,61.91615],[5.14885,61.91717],[5.15183,61.91633],[5.15391,61.91618],[5.15678,61.91661],[5.15692,61.917]],[[5.04341,61.91652],[5.04442,61.91823],[5.04619,61.91774],[5.04526,61.91728],[5.04558,61.91698],[5.05028,61.91702]],[[5.00228,61.91452],[5.00141,61.91423],[5.00019,61.91437],[5.00051,61.91555],[5.00217,61.91584],[5.00268,61.91557],[5.00228,61.91452]],[[5.14286,61.9273],[5.14399,61.92707],[5.1462,61.92751],[5.14608,61.92818],[5.1433,61.92967],[5.14125,61.92946]],[[5.1328,61.92952],[5.13297,61.9291],[5.13502,61.92903],[5.13631,61.92826],[5.14286,61.9273]],[[5.12685,61.92259],[5.12569,61.92505],[5.12742,61.92728],[5.1269,61.92861],[5.12545,61.92914],[5.12701,61.93227],[5.13158,61.93098],[5.1328,61.92952]],[[5.10655,61.92693],[5.09869,61.92596],[5.09308,61.92403],[5.09126,61.92236],[5.08581,61.92412],[5.08489,61.92394],[5.08378,61.92433],[5.08048,61.92755],[5.07557,61.92933],[5.07085,61.92874],[5.06762,61.92773]],[[5.01098,61.91415],[5.00955,61.91476],[5.00954,61.91525],[5.01308,61.91857],[5.01415,61.92161],[5.01407,61.92261],[5.01171,61.92276],[5.01247,61.92407],[5.01467,61.9235],[5.01745,61.92356],[5.01933,61.92212],[5.02083,61.9225],[5.02335,61.92248],[5.02418,61.92329],[5.02278,61.92401],[5.02237,61.92484],[5.02334,61.92665],[5.02903,61.92501],[5.02937,61.92382],[5.02857,61.92235],[5.03148,61.91976],[5.0326,61.91918],[5.03563,61.91901],[5.03981,61.91626]],[[5.06762,61.92773],[5.06597,61.92711],[5.062,61.92768],[5.06027,61.92929],[5.06023,61.93108],[5.05913,61.93173]],[[5.12522,61.94124],[5.12276,61.94039],[5.12286,61.93971],[5.12189,61.93892],[5.12078,61.93903],[5.11705,61.93724],[5.11496,61.93479],[5.1155,61.93433],[5.11389,61.93377],[5.11267,61.93223],[5.11413,61.93073],[5.11372,61.92983],[5.11434,61.92895],[5.11663,61.92903],[5.11629,61.92979],[5.12043,61.93054],[5.12077,61.92918],[5.1201,61.92823],[5.11764,61.9272],[5.11415,61.92878],[5.1111,61.92744],[5.10655,61.92693]],[[5.04293,61.9356],[5.04175,61.93544],[5.04003,61.93437],[5.03907,61.93361],[5.03918,61.9329],[5.03533,61.93218],[5.03399,61.9327]],[[5.05913,61.93173],[5.05539,61.93119],[5.04968,61.93097],[5.04918,61.93205],[5.04613,61.93352],[5.04759,61.93447],[5.04915,61.93387],[5.05078,61.93454],[5.05183,61.93583],[5.05118,61.93711],[5.04722,61.93686],[5.04293,61.9356]],[[5.20641,61.94877],[5.20947,61.94761],[5.20967,61.94649],[5.2114,61.94584],[5.21251,61.94471],[5.21324,61.94132],[5.2157,61.93971],[5.21629,61.93846],[5.21753,61.93388],[5.2206,61.93305],[5.2226,61.93308],[5.22538,61.93405],[5.2271,61.93528]],[[5.2271,61.93528],[5.22677,61.93621],[5.22365,61.93885],[5.22575,61.94279],[5.22374,61.94681],[5.22213,61.94855],[5.21962,61.94984],[5.21706,61.95042],[5.21268,61.9503],[5.2095,61.95097],[5.20774,61.95075],[5.20273,61.95184],[5.20283,61.95309],[5.20787,61.95307],[5.20877,61.95422]],[[5.20877,61.95422],[5.20845,61.95509]],[[5.14125,61.92946],[5.13923,61.92986],[5.13774,61.93096],[5.13689,61.93283],[5.13464,61.9345],[5.13439,61.9375],[5.13495,61.93785],[5.13767,61.93794],[5.13942,61.93867],[5.14446,61.93975],[5.14555,61.94101],[5.14467,61.94286],[5.14581,61.9438],[5.14749,61.9474],[5.15075,61.95014],[5.15083,61.95173],[5.15177,61.95304],[5.15116,61.95428],[5.15466,61.95541]],[[5.20612,61.9609],[5.2078,61.95907],[5.20806,61.95812],[5.20675,61.95744],[5.20845,61.95509]],[[5.20612,61.9609],[5.20575,61.96267],[5.20741,61.96317],[5.20764,61.96395],[5.207,61.96555]],[[5.15466,61.95541],[5.15656,61.95597],[5.15871,61.95815],[5.15825,61.96364]],[[5.19341,61.96645],[5.19626,61.96471],[5.19675,61.96126],[5.19603,61.96002],[5.19828,61.95112],[5.20111,61.95023],[5.20519,61.9499],[5.20617,61.94952],[5.20641,61.94877]],[[5.15804,61.96862],[5.1581,61.96739],[5.15702,61.9658],[5.15825,61.96364]],[[5.0654,61.96339],[5.0632,61.96238],[5.05921,61.96194],[5.05728,61.95922]],[[5.05301,61.9493],[5.05442,61.9502],[5.05381,61.9535],[5.05597,61.95537],[5.05728,61.95922]],[[5.14012,61.96631],[5.13979,61.96567],[5.13863,61.96553],[5.13871,61.96413],[5.14193,61.9612],[5.14224,61.9575],[5.1429,61.95681],[5.13901,61.95404],[5.13936,61.9523],[5.13535,61.95015],[5.13399,61.94836],[5.13072,61.94661],[5.12801,61.94244],[5.12522,61.94124]],[[5.19508,61.97075],[5.19308,61.97103],[5.19388,61.972],[5.19751,61.97136],[5.19738,61.97107],[5.19508,61.97075]],[[5.02756,61.96063],[5.02375,61.95834],[5.01866,61.95648],[5.01796,61.9552],[5.01776,61.95131],[5.0155,61.95057],[5.01404,61.9507],[5.01258,61.95027],[5.01256,61.94681],[5.01189,61.94628],[5.01408,61.94474],[5.01426,61.94383],[5.01195,61.94335],[5.01437,61.94195],[5.01394,61.94133],[5.01574,61.94006],[5.01785,61.93964],[5.01912,61.9405],[5.02303,61.94057],[5.02544,61.93962],[5.02553,61.93793],[5.03036,61.93872],[5.0318,61.93826],[5.0325,61.93717],[5.03661,61.9362],[5.03745,61.93559],[5.03703,61.93516],[5.03598,61.93478],[5.03333,61.93468],[5.03399,61.9327]],[[5.0425,61.96172],[5.04463,61.9586],[5.04309,61.95413],[5.04359,61.95253],[5.04507,61.95114],[5.05081,61.94904]],[[5.19251,61.97258],[5.19176,61.97103],[5.19274,61.96992],[5.19341,61.96645]],[[5.20331,61.97336],[5.2058,61.97083],[5.20536,61.97032],[5.20386,61.97023],[5.20275,61.96945],[5.20447,61.96836],[5.20558,61.96618],[5.207,61.96555]],[[5.27472,61.97846],[5.2746,61.97802],[5.27683,61.97691],[5.28083,61.97379],[5.286,61.97186],[5.28875,61.96997],[5.29346,61.96898],[5.29416,61.96823],[5.29341,61.96757],[5.29206,61.96728],[5.29224,61.96679],[5.29396,61.96676],[5.29516,61.96607],[5.29952,61.96556],[5.30018,61.96494],[5.29895,61.96336],[5.29958,61.96063],[5.30029,61.96016],[5.3025,61.95995],[5.30376,61.95898],[5.3031,61.95764],[5.29545,61.95335],[5.29482,61.95181],[5.29102,61.94989],[5.28811,61.94969],[5.28705,61.9503],[5.28514,61.95252],[5.28471,61.95452],[5.28114,61.95581],[5.28058,61.95804],[5.27651,61.9585],[5.27163,61.95854],[5.2699,61.95895],[5.26468,61.96334],[5.26353,61.96749],[5.26115,61.96998],[5.25789,61.97221],[5.25656,61.97449]],[[5.31792,61.98153],[5.31712,61.98053],[5.31532,61.97964],[5.31516,61.97866],[5.31616,61.97769],[5.31581,61.97673],[5.31383,61.97588],[5.31159,61.9764]],[[5.22917,61.97639],[5.22948,61.97601],[5.23206,61.97596],[5.23387,61.97748],[5.23704,61.97613],[5.23818,61.97699]],[[5.25204,61.97903],[5.25245,61.97758],[5.25375,61.97698]],[[5.23818,61.97699],[5.23891,61.97801],[5.23857,61.97895],[5.24048,61.97882],[5.24112,61.97985]],[[5.02756,61.96063],[5.03225,61.9636],[5.03346,61.96514],[5.03555,61.96537],[5.04048,61.96398],[5.0425,61.96172]],[[5.30395,61.98436],[5.30597,61.98494],[5.30754,61.98454],[5.30791,61.98378],[5.3065,61.9818],[5.30739,61.98078]],[[5.14126,61.96889],[5.14131,61.96939],[5.14031,61.96972],[5.14222,61.97044],[5.14098,61.97158],[5.14305,61.97183],[5.14405,61.97284],[5.13764,61.97261],[5.13577,61.97319]],[[5.20331,61.97336],[5.20063,61.97456],[5.19996,61.97647],[5.20027,61.9777],[5.20203,61.97893],[5.20927,61.97782],[5.21025,61.97733],[5.21025,61.97658],[5.21403,61.97507],[5.22123,61.97566],[5.22432,61.97676],[5.22837,61.97759],[5.22951,61.97716],[5.22917,61.97639]],[[5.24112,61.97985],[5.24,61.98117],[5.24194,61.98282]],[[5.24194,61.98282],[5.2438,61.98318],[5.24752,61.98106],[5.24973,61.98105],[5.25211,61.9804],[5.25204,61.97903]],[[5.18936,61.97996],[5.18988,61.97618],[5.19124,61.97528],[5.19274,61.97518],[5.19336,61.97467],[5.19267,61.9733]],[[5.27472,61.97846],[5.27636,61.97949],[5.27973,61.98052],[5.28318,61.98253],[5.28397,61.98239],[5.28487,61.98132],[5.28588,61.9813],[5.2888,61.98487],[5.29686,61.98784],[5.29961,61.98775],[5.30034,61.98714],[5.29975,61.98563],[5.30214,61.98459],[5.30395,61.98436]],[[5.18944,61.9808],[5.18936,61.97996]],[[5.26037,61.98599],[5.26353,61.98503],[5.2664,61.98549],[5.26888,61.98459],[5.26905,61.98416],[5.2706,61.98437],[5.27171,61.98376],[5.27521,61.98466],[5.27336,61.98066],[5.27434,61.98045],[5.27556,61.9814],[5.27675,61.98089],[5.27427,61.97965],[5.27364,61.97841],[5.2715,61.97927],[5.26786,61.97928],[5.26663,61.97962],[5.26114,61.98187],[5.25634,61.98446]],[[5.28452,61.98574],[5.28206,61.98593],[5.28355,61.98645],[5.28341,61.98684],[5.28184,61.98717],[5.28205,61.98769],[5.2847,61.98742],[5.28581,61.98644],[5.28452,61.98574]],[[5.13577,61.97319],[5.13564,61.97546],[5.13491,61.97618],[5.13539,61.97963]],[[5.19181,61.98369],[5.19248,61.98252],[5.19054,61.98181],[5.18944,61.9808]],[[5.31792,61.98153],[5.31939,61.98501],[5.31887,61.98727],[5.31929,61.9899],[5.32745,61.99347],[5.33315,61.9939],[5.3344,61.99448]],[[5.25634,61.98446],[5.25489,61.98571],[5.25671,61.98706],[5.25604,61.98823],[5.25472,61.98883],[5.25135,61.98863],[5.24978,61.98897],[5.25196,61.9897],[5.25384,61.98931],[5.25506,61.98991]],[[5.24359,61.98915],[5.24415,61.98868],[5.24769,61.98913],[5.24928,61.98889],[5.24977,61.98786],[5.25144,61.98801],[5.25194,61.98668],[5.25071,61.98645],[5.24512,61.98712],[5.24274,61.98889],[5.24359,61.98915]],[[5.25541,61.99046],[5.25637,61.99129],[5.26146,61.99177],[5.26583,61.9915],[5.26771,61.99064],[5.26757,61.98965],[5.26535,61.98777],[5.26259,61.98734],[5.26037,61.98599]],[[5.13539,61.97963],[5.13683,61.98302]],[[5.33348,61.99735],[5.33559,61.99566],[5.3344,61.99448]],[[5.19345,61.98779],[5.19575,61.98711],[5.19577,61.98572],[5.19181,61.98369]],[[5.15779,61.97009],[5.15772,61.97347],[5.15629,61.97728],[5.15784,61.97911],[5.16491,61.98355],[5.17285,61.98685],[5.17438,61.98693],[5.17638,61.98626],[5.18058,61.98611],[5.1812,61.98556],[5.18528,61.98488],[5.18596,61.9828],[5.18828,61.98273],[5.18831,61.98359],[5.185,61.98643],[5.18648,61.9867],[5.18724,61.98777],[5.1894,61.98788],[5.1921,61.98896],[5.19348,61.98838],[5.19345,61.98779]],[[5.13683,61.98302],[5.13669,61.98409],[5.1373,61.98435],[5.14477,61.98579]],[[5.30674,62.00078],[5.30535,61.99782],[5.30439,61.99751],[5.30044,61.99724],[5.29008,61.99812],[5.28261,61.99649],[5.27392,61.99615]],[[5.23518,61.99428],[5.23173,61.99502],[5.23085,61.99581],[5.23482,61.99544],[5.23518,61.99428]],[[5.33348,61.99735],[5.33044,61.99985],[5.33093,62.00042]],[[5.15643,61.99193],[5.15647,61.99094],[5.15429,61.9882],[5.14477,61.98579]],[[5.0489,61.9847],[5.05305,61.98381],[5.05663,61.98108],[5.05671,61.97874],[5.05564,61.97693],[5.05665,61.97605],[5.05584,61.97539],[5.05568,61.97404],[5.05727,61.97329],[5.0678,61.97047],[5.06718,61.96833],[5.06758,61.9658],[5.0654,61.96339]],[[5.27392,61.99615],[5.26601,61.99729],[5.26288,61.99924],[5.26064,62.00165]],[[5.15126,62.0014],[5.15187,61.99907],[5.15451,61.99602],[5.15643,61.99193]],[[4.99969,61.99],[5.00079,61.98862],[5.00029,61.98775],[5.0018,61.98747],[5.00503,61.98763],[5.00713,61.98719],[5.00868,61.9858],[5.02384,61.98748],[5.02878,61.98675],[5.03979,61.98638],[5.04316,61.98552],[5.0489,61.9847]],[[5.2309,61.86719],[5.23648,61.86615],[5.24347,61.86611],[5.24677,61.86494],[5.25018,61.86437]],[[5.5466,61.88844],[5.54943,61.88853]],[[5.18144,61.87282],[5.1835,61.87278]],[[5.16566,61.87406],[5.18144,61.87282]],[[5.13518,61.87617],[5.14154,61.87546]],[[5.23993,61.91071],[5.24091,61.91008],[5.24221,61.91039],[5.24847,61.91018]],[[5.20647,61.90567],[5.20943,61.90693],[5.21029,61.90759],[5.21002,61.90864],[5.21281,61.90989]],[[5.16889,61.91161],[5.16806,61.9121],[5.16852,61.91276]],[[5.16843,61.91302],[5.16831,61.9134]],[[5.44846,61.9401],[5.44782,61.94]],[[5.44846,61.9401],[5.44909,61.94008]],[[5.00495,61.91371],[5.00382,61.91257],[5.00324,61.91275],[5.00332,61.91359]],[[5.00332,61.91359],[5.00288,61.91413],[5.00388,61.91482],[5.00495,61.91371]],[[5.05081,61.94904],[5.05301,61.9493]],[[5.30739,61.98078],[5.30928,61.98015],[5.30902,61.97906],[5.31159,61.9764]],[[5.14126,61.96889],[5.14012,61.96631]],[[5.15779,61.97009],[5.15804,61.96862]],[[5.25381,61.97697],[5.25593,61.97589],[5.25656,61.97449]],[[5.25375,61.97698],[5.25381,61.97697]],[[5.19267,61.9733],[5.19251,61.97258]],[[5.25506,61.98991],[5.25541,61.99046]],[[5.30781,61.89032],[5.31298,61.889],[5.32,61.88861],[5.32104,61.88891],[5.3222,61.89056],[5.32538,61.89065],[5.33179,61.89202],[5.33453,61.89141],[5.33282,61.88977],[5.33254,61.88888],[5.33332,61.8876],[5.33216,61.88709],[5.32893,61.88679],[5.32696,61.88553],[5.32935,61.88544],[5.33041,61.88462],[5.33016,61.88422],[5.33288,61.88303],[5.33111,61.8803],[5.32744,61.87729],[5.32551,61.87657],[5.32178,61.87651],[5.32049,61.8768],[5.31955,61.87852],[5.32205,61.88133],[5.32534,61.88264],[5.32608,61.884],[5.32459,61.88466],[5.32307,61.88377],[5.31894,61.88324],[5.31794,61.88249],[5.3186,61.88095],[5.31626,61.87965],[5.31371,61.87908],[5.3112,61.87677],[5.30782,61.87518],[5.30774,61.87409],[5.30849,61.87363],[5.30738,61.87279],[5.29899,61.86921],[5.29702,61.86877]]]}}]}