{"type":"FeatureCollection","features":[{"type":"Feature","properties":{},"geometry":{"type":"MultiLineString","coordinates":[[[5.99933,62.2716],[6.00218,62.27284],[6.00686,62.27387],[6.00993,62.27558],[6.01939,62.27808]],[[6.01939,62.27808],[6.02196,62.27871],[6.02398,62.28086],[6.03365,62.28406],[6.04043,62.28722],[6.04665,62.2889],[6.05672,62.29339],[6.06286,62.29529],[6.0654,62.29541],[6.07338,62.29743],[6.07479,62.29747]],[[6.07479,62.29747],[6.07729,62.29883],[6.07928,62.30108],[6.08057,62.30164]],[[6.09209,62.30527],[6.08956,62.30367],[6.08438,62.30166],[6.08101,62.30164]],[[6.09209,62.30527],[6.0926,62.30608],[6.09565,62.30714],[6.09787,62.30968],[6.10096,62.31151],[6.10142,62.31336],[6.1055,62.31474]],[[5.9948,62.30203],[6.00086,62.30356],[6.0024,62.30427],[6.00287,62.30529],[6.00465,62.30641],[6.01021,62.30861]],[[6.1055,62.31474],[6.10977,62.31514],[6.11224,62.31608],[6.12135,62.31731],[6.12917,62.31941]],[[6.12917,62.31941],[6.13301,62.32093],[6.13319,62.32245],[6.13608,62.32214],[6.13812,62.32259],[6.14053,62.32369],[6.14026,62.32476],[6.14102,62.32535],[6.14361,62.32597],[6.14512,62.32596]],[[6.06049,62.32937],[6.05184,62.32598],[6.04913,62.32447],[6.0424,62.3231],[6.0388,62.32025],[6.03245,62.31638],[6.02568,62.31405],[6.02004,62.3126],[6.01668,62.3106],[6.01021,62.30861]],[[6.14512,62.32596],[6.14962,62.32572],[6.15224,62.32633],[6.16021,62.33054],[6.17412,62.3363],[6.18064,62.33804],[6.18501,62.3387],[6.19125,62.33856],[6.19524,62.33978]],[[6.0797,62.33982],[6.07917,62.33891],[6.07566,62.33786],[6.07374,62.33625],[6.07043,62.3347],[6.06653,62.33167],[6.06049,62.32937]],[[6.0797,62.33982],[6.08295,62.34089],[6.08623,62.34145],[6.09386,62.3427],[6.09714,62.34278]],[[6.09989,62.34394],[6.09714,62.34278]],[[6.10785,62.34734],[6.10661,62.34572],[6.10339,62.34525],[6.09989,62.34394]],[[6.2561,62.35985],[6.24849,62.35993],[6.24225,62.35868],[6.23468,62.35786],[6.22242,62.35433],[6.21854,62.35249],[6.21358,62.34731],[6.20989,62.34444],[6.20514,62.34192],[6.20281,62.34131]],[[6.07382,62.34929],[6.07207,62.3485],[6.07315,62.34743],[6.07001,62.34699],[6.06764,62.3461],[6.06611,62.34598],[6.06464,62.34644],[6.06419,62.34692],[6.06534,62.34775]],[[6.11381,62.35187],[6.11311,62.35149],[6.11401,62.35062],[6.11327,62.34976],[6.10785,62.34734]],[[6.27067,62.36187],[6.26121,62.35985],[6.2561,62.35985]],[[6.35095,62.36692],[6.34989,62.36295],[6.35032,62.35821],[6.35318,62.35249],[6.35532,62.34974],[6.36417,62.34336],[6.36788,62.34121],[6.37093,62.34058],[6.37615,62.3366],[6.37853,62.33582],[6.38103,62.33559],[6.38349,62.33436],[6.38474,62.33094],[6.38965,62.32681],[6.39047,62.32532],[6.39268,62.32435]],[[6.27067,62.36187],[6.27341,62.3623]],[[6.09458,62.35137],[6.1003,62.35134],[6.10469,62.35237],[6.10588,62.35228]],[[6.27429,62.36237],[6.2805,62.36289],[6.28518,62.36458]],[[6.09125,62.35231],[6.09072,62.35127],[6.09458,62.35137]],[[6.10588,62.35228],[6.10771,62.3526],[6.10876,62.35343],[6.11213,62.35403],[6.11317,62.35363],[6.11185,62.3526],[6.11412,62.35262],[6.11381,62.35187]],[[6.07744,62.35259],[6.06715,62.34886]],[[6.07382,62.34929],[6.08739,62.35305],[6.09354,62.35367],[6.09125,62.35231]],[[6.28518,62.36458],[6.28924,62.36605],[6.29639,62.36791],[6.30617,62.36948],[6.30912,62.3703],[6.31325,62.37175],[6.31331,62.37328],[6.31507,62.37425],[6.31866,62.37486],[6.32051,62.37463],[6.3264,62.37573],[6.33102,62.37519],[6.33264,62.37406],[6.33485,62.37362],[6.3394,62.37413],[6.34646,62.37305],[6.34955,62.37122],[6.35095,62.36692]],[[6.03203,62.3692],[6.03573,62.36792],[6.03895,62.36836],[6.0424,62.36737],[6.0431,62.36676],[6.04721,62.36653],[6.04917,62.365],[6.05284,62.36493],[6.05989,62.36363]],[[6.03514,62.37936],[6.03479,62.37725],[6.03276,62.3756],[6.03419,62.37449],[6.03265,62.37383],[6.03138,62.37404],[6.03043,62.37246],[6.03082,62.37015],[6.03203,62.3692]],[[6.39268,62.32435],[6.39419,62.32388]],[[6.20024,62.34091],[6.19524,62.33978]],[[6.20024,62.34091],[6.20281,62.34131]],[[6.06534,62.34775],[6.06715,62.34886]],[[6.05989,62.36363],[6.06783,62.36208],[6.07546,62.36128],[6.07604,62.36096],[6.07504,62.36079],[6.07534,62.35985],[6.07634,62.35916],[6.08138,62.35819],[6.08026,62.35733],[6.08045,62.35667],[6.0815,62.35584],[6.0852,62.35469],[6.0783,62.35317],[6.07744,62.35259]],[[6.29558,62.06371],[6.29792,62.06315],[6.30049,62.06017],[6.30242,62.05906],[6.3101,62.05891],[6.31272,62.05837],[6.31531,62.0587],[6.31378,62.06044],[6.31381,62.06149],[6.31522,62.0622],[6.31739,62.06282],[6.31962,62.06249],[6.3207,62.0613],[6.32253,62.06041],[6.32491,62.06093],[6.32448,62.06281]],[[6.29853,62.06808],[6.29295,62.06608],[6.29189,62.06495],[6.29222,62.06398],[6.29558,62.06371]],[[6.07289,62.05976],[6.07321,62.05913],[6.08049,62.05636],[6.08229,62.05635],[6.08372,62.0568],[6.08414,62.05746],[6.08354,62.0583],[6.08468,62.05886]],[[6.25791,62.07505],[6.25621,62.07514],[6.25568,62.07552],[6.25569,62.07687],[6.25955,62.07609],[6.2592,62.07547],[6.25791,62.07505]],[[6.27172,62.07801],[6.27514,62.07702],[6.27404,62.06998]],[[6.30198,62.08028],[6.30739,62.08045],[6.31407,62.07891],[6.31364,62.07708],[6.31447,62.07533],[6.31564,62.07447],[6.31814,62.07371],[6.31935,62.07272],[6.31983,62.07005],[6.31924,62.06953],[6.31609,62.06898],[6.31558,62.06692],[6.31396,62.06598],[6.31278,62.06425],[6.31509,62.06347],[6.31863,62.06385],[6.32023,62.06287],[6.32305,62.06322]],[[6.20825,62.07462],[6.21237,62.07501],[6.21631,62.07433]],[[6.06666,62.06584],[6.06408,62.06506],[6.06295,62.06418],[6.06178,62.06128],[6.0583,62.0572],[6.05893,62.05361],[6.0572,62.05151],[6.05507,62.05076],[6.05162,62.05102],[6.04486,62.04745]],[[6.06475,62.06631],[6.06718,62.06633],[6.06749,62.06602],[6.06666,62.06584]],[[6.04071,62.04596],[6.03549,62.04534],[6.03471,62.0458],[6.03513,62.0475],[6.03751,62.0493],[6.03753,62.05029],[6.04057,62.05164],[6.04309,62.05356],[6.04782,62.05536],[6.05028,62.05741],[6.05343,62.06174],[6.05636,62.06312],[6.05961,62.06548],[6.06224,62.06665],[6.06475,62.06631]],[[6.27099,62.08053],[6.27237,62.08049],[6.27563,62.07912],[6.27981,62.07902],[6.28813,62.07683],[6.29038,62.07539],[6.29069,62.07362],[6.30064,62.07019],[6.3006,62.06908],[6.29853,62.06808]],[[6.27172,62.07801],[6.27014,62.07836],[6.26928,62.07959],[6.26952,62.0802],[6.27099,62.08053]],[[6.30198,62.08028],[6.29869,62.08009],[6.29573,62.08111],[6.28715,62.0822]],[[6.07018,62.06885],[6.06917,62.06723],[6.06749,62.06641],[6.07003,62.06592],[6.07121,62.06582],[6.07112,62.06606],[6.07226,62.06533],[6.07241,62.06426],[6.07138,62.06291],[6.07289,62.05976]],[[6.21631,62.07433],[6.22011,62.07455],[6.22119,62.07567],[6.22469,62.07589],[6.2252,62.0772],[6.22275,62.07884],[6.23061,62.0797],[6.23154,62.07951],[6.23151,62.0774],[6.23334,62.07644],[6.23449,62.07631],[6.24041,62.07195],[6.2441,62.07012],[6.24979,62.06822],[6.25799,62.06718],[6.26279,62.06745],[6.26715,62.0672],[6.27233,62.06861],[6.27404,62.06998]],[[6.26971,62.08495],[6.27475,62.08535],[6.28148,62.08532],[6.28318,62.08498],[6.28715,62.0822]],[[6.08468,62.05886],[6.08629,62.05925],[6.08675,62.05996],[6.08551,62.06443],[6.08702,62.0672],[6.08852,62.06769],[6.08923,62.07071],[6.09126,62.07197],[6.09918,62.074],[6.10284,62.07555]],[[6.10442,62.07614],[6.1209,62.07903],[6.12892,62.0784],[6.14134,62.07656],[6.14567,62.07658],[6.15135,62.07786],[6.15839,62.07767],[6.16307,62.07856],[6.16741,62.0799],[6.17205,62.08018],[6.17272,62.08071],[6.17216,62.08167],[6.17387,62.08314]],[[6.17387,62.08314],[6.17617,62.08363],[6.18115,62.0835],[6.18663,62.08386],[6.18799,62.08341],[6.18924,62.08042],[6.19764,62.07726],[6.20825,62.07462]],[[6.07515,62.07821],[6.07232,62.07675],[6.07149,62.07554],[6.07242,62.07449],[6.07491,62.07394],[6.07473,62.07182],[6.07018,62.06885]],[[6.21586,62.08729],[6.21865,62.08647],[6.22716,62.08712],[6.23122,62.08701],[6.23772,62.08862],[6.25046,62.08824],[6.25162,62.08282],[6.25098,62.08228],[6.24918,62.08192],[6.24563,62.08224],[6.24449,62.0818],[6.24563,62.08051],[6.2487,62.07945],[6.25489,62.08012],[6.26048,62.08122],[6.26299,62.0821],[6.26415,62.08318],[6.26971,62.08495]],[[6.20501,62.09417],[6.21071,62.09142],[6.21586,62.08729]],[[6.20501,62.09417],[6.20113,62.0952],[6.19086,62.09639]],[[6.17573,62.09799],[6.17449,62.09644],[6.17027,62.09546]],[[6.17573,62.09799],[6.17684,62.09858],[6.17955,62.09885],[6.18279,62.0983],[6.18289,62.09767],[6.18497,62.09661],[6.18832,62.09677],[6.19086,62.09639]],[[6.07112,62.10468],[6.07926,62.10114],[6.08701,62.09605],[6.08717,62.09456],[6.09009,62.0907],[6.0845,62.0845],[6.07849,62.07979]],[[6.03362,62.1164],[6.03623,62.11463],[6.04579,62.10976],[6.05929,62.10708],[6.06505,62.10738],[6.07112,62.10468]],[[6.03362,62.1164],[6.03375,62.11775],[6.03213,62.11984]],[[6.03137,62.12055],[6.03213,62.11984]],[[6.0918,62.12448],[6.09329,62.12317],[6.09445,62.11861],[6.0957,62.11759],[6.09764,62.11775],[6.10766,62.11702],[6.11134,62.11624],[6.11661,62.11422],[6.12057,62.1121],[6.1221,62.10956],[6.12456,62.10769],[6.12617,62.10736],[6.12863,62.10763],[6.13347,62.10579],[6.13676,62.104],[6.14202,62.09908],[6.14229,62.0984],[6.14039,62.09703],[6.14157,62.09425],[6.15039,62.09237],[6.15192,62.09232],[6.15816,62.09415],[6.17027,62.09546]],[[6.0918,62.12448],[6.07895,62.13074],[6.07475,62.13123],[6.07457,62.13181],[6.07637,62.133],[6.07611,62.13652]],[[6.07154,62.1438],[6.07069,62.14251],[6.07423,62.14119],[6.07612,62.1393],[6.07611,62.13652]],[[6.07154,62.1438],[6.06864,62.1444]],[[5.99185,62.1412],[6.00184,62.14101],[6.00951,62.13977],[6.01131,62.13892],[6.01262,62.13738],[6.01907,62.13253],[6.01971,62.13122],[6.02301,62.12814],[6.0286,62.12495],[6.03059,62.12275],[6.03074,62.12091],[6.03137,62.12055]],[[6.05797,62.14897],[6.0601,62.14755],[6.06137,62.14486],[6.06227,62.14445],[6.06473,62.14468],[6.06864,62.1444]],[[6.05797,62.14897],[6.05527,62.14977],[6.05344,62.15136],[6.05239,62.15156]],[[6.03484,62.16015],[6.04153,62.15853],[6.04339,62.15651],[6.04551,62.15542],[6.04784,62.15265],[6.05239,62.15156]],[[6.01974,62.16499],[6.02091,62.16327],[6.02547,62.16291],[6.02456,62.16225],[6.03054,62.16176],[6.0307,62.16121],[6.03257,62.16023],[6.03484,62.16015]],[[6.01974,62.16499],[6.01628,62.16588]],[[6.11523,62.18895],[6.11664,62.18876],[6.11793,62.18921]],[[6.08192,62.19006],[6.08674,62.18925],[6.08753,62.18961],[6.09172,62.18935],[6.09595,62.18974],[6.09786,62.18904],[6.1006,62.18866],[6.10609,62.18946],[6.11523,62.18895]],[[6.11793,62.18921],[6.12089,62.19192],[6.12253,62.19557],[6.12384,62.19552],[6.12466,62.19505]],[[6.12615,62.19538],[6.12544,62.19733],[6.12441,62.19781],[6.12231,62.19774],[6.12104,62.19811],[6.12274,62.20036],[6.11784,62.2019],[6.11279,62.20293]],[[6.11279,62.20293],[6.10509,62.20385]],[[6.04209,62.20227],[6.04494,62.2012],[6.04798,62.19896],[6.05283,62.19708],[6.05842,62.19582],[6.06217,62.19541],[6.08192,62.19006]],[[5.99849,62.20575],[6.01023,62.20025],[6.01577,62.19876],[6.02142,62.19785],[6.025,62.19798],[6.03015,62.19936],[6.03396,62.19874],[6.03753,62.20051],[6.0387,62.20258],[6.04209,62.20227]],[[5.99621,62.17933],[6.00027,62.17624],[6.00331,62.17154],[6.00679,62.16881],[6.00851,62.16774],[6.01287,62.16616],[6.01628,62.16588]],[[6.05516,62.21203],[6.06296,62.21147],[6.06913,62.21037],[6.08293,62.2064],[6.10048,62.2047],[6.10509,62.20385]],[[6.03921,62.21346],[6.05173,62.21227]],[[6.03873,62.21351],[6.0346,62.21416],[6.02565,62.21405],[6.0185,62.21448]],[[6.00533,62.23684],[6.00818,62.23358],[6.00816,62.23288],[6.00667,62.23174],[6.00784,62.23061],[6.00659,62.22849],[6.01073,62.22589],[6.01198,62.22335],[6.01461,62.22119],[6.01368,62.21966],[6.01383,62.21719],[6.0121,62.21533],[6.0185,62.21448]],[[6.00533,62.23684],[6.00303,62.23837],[5.99846,62.23908]],[[6.32448,62.06281],[6.32305,62.06322]],[[6.10284,62.07555],[6.10442,62.07614]],[[6.07515,62.07821],[6.07849,62.07979]],[[6.05173,62.21227],[6.05516,62.21203]],[[6.03873,62.21351],[6.03921,62.21346]],[[6.94113,62.85395],[6.94314,62.85306],[6.94629,62.85314],[6.9453,62.85207]],[[6.91477,62.85335],[6.91029,62.85312],[6.90984,62.85341],[6.91434,62.85434],[6.91503,62.85411],[6.91477,62.85335]],[[6.8937,62.8538],[6.89166,62.85344],[6.89085,62.85367],[6.89096,62.8544],[6.89472,62.85477],[6.8937,62.8538]],[[6.91147,62.8547],[6.91053,62.85464],[6.91042,62.85492],[6.91099,62.85616],[6.91556,62.85657],[6.91147,62.8547]],[[6.9301,62.85443],[6.93528,62.85492],[6.93666,62.85434],[6.93815,62.85503],[6.9352,62.85521],[6.93389,62.85608],[6.9415,62.85707],[6.94409,62.85827],[6.94549,62.8583],[6.94578,62.85783],[6.9442,62.85561],[6.94113,62.85395]],[[6.9064,62.85194],[6.90895,62.85237],[6.91258,62.85233],[6.91563,62.85306],[6.91518,62.85393],[6.9219,62.85716],[6.92278,62.85715],[6.92385,62.85649],[6.92115,62.85553],[6.92122,62.85522],[6.92556,62.85555],[6.92621,62.85452],[6.92897,62.85417],[6.9301,62.85443]],[[6.90457,62.85621],[6.90451,62.85548],[6.90725,62.85575],[6.90706,62.85527],[6.90161,62.85424],[6.89913,62.85522],[6.9028,62.85561],[6.90179,62.85612],[6.90262,62.8564],[6.90457,62.85621]],[[6.92414,62.85746],[6.92129,62.85772],[6.92128,62.85839],[6.923,62.85885],[6.92323,62.85814],[6.92434,62.85799],[6.92414,62.85746]],[[6.93687,62.8592],[6.93568,62.85911],[6.93516,62.8596],[6.93645,62.86039],[6.9384,62.85965],[6.93687,62.8592]],[[6.88309,62.85805],[6.88182,62.85802],[6.88063,62.85856],[6.88161,62.85921],[6.88392,62.85916],[6.88432,62.85884],[6.88309,62.85805]],[[6.814,62.8536],[6.81174,62.85375],[6.81075,62.85506],[6.81189,62.85541],[6.81329,62.85529],[6.81422,62.85482],[6.814,62.8536]],[[6.92353,62.8605],[6.92172,62.85987],[6.92168,62.86059],[6.92321,62.86162],[6.92559,62.86215],[6.92581,62.86183],[6.92353,62.8605]],[[6.91619,62.8609],[6.91385,62.86029],[6.91262,62.86068],[6.91528,62.86162],[6.91648,62.86137],[6.91619,62.8609]],[[6.90491,62.86143],[6.90146,62.86101],[6.89953,62.86133],[6.90146,62.86217],[6.90464,62.8618],[6.90491,62.86143]],[[6.83915,62.85959],[6.84026,62.85884],[6.8382,62.85847],[6.8366,62.85936],[6.83481,62.85938],[6.83443,62.85978],[6.83637,62.85997],[6.83915,62.85959]],[[6.84782,62.86021],[6.84645,62.86003],[6.84415,62.86148],[6.84683,62.86181],[6.84782,62.86021]],[[6.84331,62.85968],[6.83932,62.8599],[6.83876,62.86027],[6.84003,62.86094],[6.83735,62.86104],[6.83701,62.86143],[6.83911,62.86165],[6.84269,62.86138],[6.84405,62.86026],[6.84331,62.85968]],[[6.92669,62.86676],[6.9259,62.86701],[6.92653,62.86735]],[[6.92653,62.86735],[6.9292,62.8682],[6.93062,62.86779],[6.92981,62.86701],[6.92669,62.86676]],[[7.00032,62.85868],[6.99892,62.85976],[6.99725,62.86004],[6.99481,62.85955],[6.99309,62.86001],[6.99232,62.86086],[6.98954,62.86107],[6.98881,62.8617],[6.99048,62.86291],[6.99078,62.86398],[6.99449,62.86612],[6.99393,62.86768],[6.99206,62.86844],[6.99192,62.86919],[6.99246,62.87045],[6.99657,62.87228],[6.99623,62.87288]],[[6.8534,62.86483],[6.85204,62.86476],[6.84797,62.86577],[6.85016,62.86678],[6.85145,62.8667],[6.85361,62.86589],[6.8534,62.86483]],[[6.99623,62.87288],[6.99488,62.87359],[6.99227,62.87384],[6.98884,62.87477],[6.9833,62.87436],[6.98025,62.87456],[6.97454,62.87362],[6.97216,62.87394],[6.97168,62.87483],[6.97088,62.87493]],[[6.85607,62.8704],[6.85815,62.87021],[6.85435,62.86957],[6.8541,62.87039],[6.85607,62.8704]],[[6.72888,62.8632],[6.72533,62.86256],[6.72337,62.86287],[6.72516,62.8638],[6.72786,62.86414],[6.72911,62.86351],[6.72888,62.8632]],[[6.72122,62.8627],[6.71997,62.86265],[6.72014,62.86359],[6.72278,62.86454],[6.72339,62.86416],[6.72303,62.86314],[6.72122,62.8627]],[[6.75765,62.86753],[6.75598,62.86728],[6.75428,62.86798],[6.75617,62.86852],[6.75765,62.86753]],[[6.76601,62.87202],[6.76364,62.87173],[6.76241,62.87206],[6.76376,62.87304],[6.7673,62.87354],[6.76786,62.87309],[6.76601,62.87202]],[[6.89278,62.88126],[6.89157,62.88056],[6.88897,62.88012],[6.88375,62.87956],[6.88169,62.87983],[6.88206,62.88058],[6.88757,62.88092],[6.89255,62.88186],[6.89278,62.88126]],[[6.943,62.88412],[6.94039,62.88328],[6.93577,62.88302],[6.93652,62.8838],[6.93806,62.88386],[6.93957,62.88442],[6.93968,62.88501],[6.94314,62.88502],[6.943,62.88412]],[[6.95324,62.88528],[6.95443,62.88534],[6.95446,62.88576],[6.95593,62.88563],[6.95626,62.88445],[6.95844,62.88301],[6.9582,62.88041],[6.95305,62.87884],[6.95019,62.87867],[6.94661,62.87777],[6.94013,62.87772],[6.93793,62.87826],[6.93732,62.87879],[6.94271,62.8813],[6.94638,62.88186],[6.94684,62.88299],[6.94999,62.88478],[6.95061,62.88568],[6.95324,62.88528]],[[6.97088,62.87493],[6.96881,62.87494],[6.96769,62.87405],[6.9664,62.87392],[6.96514,62.87458],[6.9687,62.87843],[6.9676,62.87889],[6.96919,62.88153],[6.96776,62.88229],[6.96845,62.88316],[6.96607,62.88318],[6.96299,62.88198],[6.9609,62.88359],[6.96101,62.88412],[6.9654,62.88439],[6.96568,62.88495],[6.96754,62.8856],[6.96869,62.88495],[6.97006,62.88497],[6.9735,62.88611],[6.97535,62.88752],[6.97735,62.88787]],[[6.97735,62.88787],[6.97869,62.88806]],[[6.80096,62.87732],[6.79939,62.87719],[6.79909,62.87801],[6.80246,62.87857],[6.80301,62.87819],[6.80096,62.87732]],[[6.94575,62.88636],[6.94223,62.88609],[6.94176,62.88638],[6.9463,62.88748],[6.9467,62.88714],[6.94575,62.88636]],[[6.97234,62.88876],[6.97052,62.88794],[6.96956,62.88825],[6.97061,62.88955],[6.97148,62.88965],[6.9733,62.88913],[6.97234,62.88876]],[[6.96294,62.8887],[6.96067,62.88864],[6.9622,62.88977],[6.96363,62.88967],[6.96294,62.8887]],[[6.9393,62.8892],[6.93726,62.889],[6.93685,62.88955],[6.93857,62.89016],[6.94007,62.89018],[6.94051,62.88947],[6.9393,62.8892]],[[6.94439,62.89324],[6.95412,62.89388],[6.95666,62.89355],[6.95713,62.89263],[6.95248,62.88928],[6.94408,62.88817],[6.94165,62.88856],[6.94141,62.88894],[6.9439,62.88936],[6.94249,62.89058],[6.94477,62.89118],[6.94351,62.89166],[6.94146,62.89125],[6.94025,62.89179],[6.94157,62.89308],[6.94439,62.89324]],[[6.97788,62.88867],[6.97388,62.88988],[6.97283,62.89128],[6.97466,62.89319],[6.97724,62.89403],[6.97782,62.89486],[6.97971,62.89507],[6.98123,62.89601]],[[6.8626,62.88907],[6.86062,62.8889],[6.85762,62.88972],[6.85958,62.88988],[6.8626,62.88907]],[[6.95294,62.89541],[6.9498,62.89514],[6.94849,62.89544],[6.94908,62.89602],[6.95138,62.89609],[6.95294,62.89541]],[[6.87246,62.89148],[6.8726,62.89105],[6.87077,62.8905],[6.86982,62.88951],[6.86714,62.88911],[6.86406,62.88899],[6.86298,62.88986],[6.86107,62.89012],[6.86186,62.89062],[6.86483,62.89116],[6.87246,62.89148]],[[6.83732,62.88854],[6.83389,62.8882],[6.83326,62.88852],[6.83568,62.88996],[6.83931,62.8905],[6.83938,62.88961],[6.83732,62.88854]],[[6.81571,62.88883],[6.81703,62.88761],[6.81483,62.88751],[6.81543,62.88673],[6.81112,62.88546],[6.80658,62.88511],[6.80599,62.88588],[6.80665,62.88612],[6.80542,62.88647],[6.80561,62.88693],[6.80654,62.88739],[6.81051,62.88767],[6.80718,62.88807],[6.80707,62.88837],[6.81082,62.88889],[6.81251,62.88853],[6.81397,62.88938],[6.81571,62.88883]],[[6.82167,62.88881],[6.81654,62.88942],[6.81773,62.89],[6.82118,62.89054]],[[6.82118,62.89054],[6.82336,62.89168],[6.82486,62.89016],[6.8235,62.88886],[6.82167,62.88881]],[[6.98123,62.89601],[6.98081,62.89644],[6.97715,62.896],[6.97499,62.89639],[6.97362,62.89591],[6.96967,62.89581],[6.96856,62.8937],[6.96411,62.89235],[6.96307,62.89268],[6.96519,62.89404],[6.96554,62.89572],[6.96317,62.89564],[6.95979,62.89423],[6.95425,62.89444],[6.95382,62.8949],[6.95459,62.89538],[6.95818,62.89638],[6.95635,62.89674],[6.95604,62.89732],[6.95864,62.89767],[6.96427,62.89705],[6.9634,62.89831],[6.96431,62.89886],[6.96999,62.89978],[6.96769,62.90046]],[[6.83199,62.89277],[6.83072,62.89203],[6.83143,62.89107],[6.83471,62.89156],[6.83558,62.89116],[6.83221,62.89003],[6.82931,62.89025],[6.8263,62.89098],[6.82546,62.89239]],[[6.92779,62.89832],[6.92332,62.89806]],[[6.95229,62.89952],[6.94911,62.89955]],[[6.95229,62.89952],[6.95176,62.89902],[6.95509,62.89886],[6.955,62.89862],[6.9602,62.89932],[6.96172,62.90027]],[[6.96685,62.90056],[6.96769,62.90046]],[[6.92779,62.89832],[6.931,62.89916],[6.93833,62.89963]],[[6.93833,62.89963],[6.94754,62.90017],[6.94793,62.89968],[6.94911,62.89955]],[[6.82546,62.89239],[6.8257,62.89331],[6.83117,62.89391],[6.83179,62.8942],[6.83127,62.89459],[6.83269,62.89476],[6.83451,62.89431],[6.83199,62.89277]],[[6.92332,62.89806],[6.92267,62.89867],[6.92383,62.9],[6.93081,62.90097]],[[6.83078,62.89459],[6.82717,62.89503],[6.83091,62.89563],[6.83078,62.89459]],[[6.81656,62.89484],[6.81216,62.89436],[6.80801,62.89451],[6.80665,62.89492],[6.80791,62.8958],[6.81583,62.89666],[6.81801,62.89586],[6.81656,62.89484]],[[6.92158,62.90404],[6.9233,62.90392],[6.92589,62.90265],[6.9309,62.90238],[6.93125,62.90194]],[[6.90819,62.90239],[6.90451,62.90202],[6.90327,62.90225],[6.90721,62.9036],[6.90887,62.90339],[6.90819,62.90239]],[[6.91663,62.9031],[6.9177,62.90318],[6.91948,62.90447],[6.92123,62.90441],[6.92158,62.90404]],[[6.91663,62.9031],[6.90918,62.90368],[6.90869,62.90425],[6.91194,62.90516],[6.90866,62.90527],[6.90876,62.90592],[6.91099,62.90608],[6.91224,62.90639],[6.91184,62.9066],[6.91018,62.90688],[6.9073,62.90633],[6.90421,62.90686],[6.90313,62.90667]],[[6.87861,62.90547],[6.87589,62.90517],[6.87527,62.90548],[6.88106,62.90754],[6.88265,62.9076],[6.88293,62.90704],[6.87861,62.90547]],[[6.88877,62.90707],[6.88421,62.9066],[6.88975,62.90865],[6.89031,62.90782],[6.88877,62.90707]],[[6.90313,62.90667],[6.90185,62.90662],[6.90073,62.90727],[6.9006,62.90878],[6.89868,62.90981],[6.89877,62.91019],[6.90052,62.91058],[6.90306,62.91039],[6.90509,62.9113],[6.90202,62.91103],[6.90217,62.9115],[6.90734,62.91226],[6.91043,62.91228],[6.91043,62.91313],[6.91378,62.91338]],[[6.91378,62.91338],[6.91741,62.91341],[6.92262,62.91455],[6.9241,62.91581],[6.92621,62.91631],[6.92821,62.91628],[6.93867,62.9192],[6.93884,62.92004],[6.94257,62.92106],[6.94369,62.92096],[6.94414,62.92144],[6.94271,62.92178],[6.93909,62.92045],[6.93602,62.92049],[6.9362,62.92144],[6.9405,62.92256],[6.94426,62.923]],[[6.94426,62.923],[6.9445,62.92307]],[[6.93418,62.92236],[6.93243,62.9222],[6.93113,62.9225],[6.93819,62.92408],[6.94011,62.92409],[6.93961,62.92364],[6.93548,62.92309],[6.93418,62.92236]],[[6.91608,62.92252],[6.91431,62.92251],[6.91378,62.92344],[6.91674,62.9235],[6.91608,62.92252]],[[6.92579,62.92516],[6.92371,62.92473],[6.9231,62.925],[6.92839,62.92628],[6.93051,62.92613],[6.92888,62.92547],[6.92579,62.92516]],[[6.95345,62.92667],[6.9467,62.92525],[6.94271,62.92495],[6.94574,62.92579],[6.94657,62.92656],[6.94842,62.92695],[6.94764,62.9264],[6.9484,62.92624],[6.9506,62.9268],[6.95037,62.92735],[6.95285,62.92783],[6.95363,62.92765],[6.95281,62.92727],[6.95383,62.927],[6.95345,62.92667]],[[6.9632,62.92997],[6.96001,62.92967],[6.96053,62.93014],[6.96386,62.93077],[6.96617,62.93078],[6.9632,62.92997]],[[6.93604,62.93029],[6.93373,62.93029],[6.93288,62.93074],[6.93662,62.93134],[6.93696,62.93095],[6.93604,62.93029]],[[6.96979,62.93543],[6.96774,62.93508],[6.96672,62.93621],[6.97008,62.93624],[6.96979,62.93543]],[[6.9747,62.93687],[6.97745,62.93447],[6.97598,62.9339],[6.97594,62.9331],[6.97411,62.93273],[6.97266,62.93333],[6.955,62.92984],[6.95095,62.92987],[6.9506,62.92924],[6.94779,62.92871],[6.94628,62.92998],[6.94677,62.93067],[6.94324,62.93115],[6.94593,62.93299],[6.95153,62.93383],[6.95471,62.93371],[6.9544,62.9344],[6.95194,62.93459],[6.95169,62.93499],[6.96495,62.9367],[6.96687,62.93641],[6.9685,62.93699],[6.97359,62.93773],[6.97466,62.93739],[6.9747,62.93687]],[[6.96652,62.93781],[6.96531,62.93712],[6.95317,62.93667],[6.95573,62.93744],[6.9648,62.93868],[6.96631,62.93851],[6.96652,62.93781]],[[6.9738,62.939],[6.96934,62.93781],[6.96815,62.93771],[6.96743,62.9381],[6.96734,62.93875],[6.96896,62.93872],[6.97049,62.93955],[6.97254,62.93975],[6.9738,62.939]],[[6.9445,62.92307],[6.94636,62.92439],[6.95377,62.92591],[6.96047,62.92836],[6.9688,62.93055],[6.97116,62.93161],[6.97311,62.93184],[6.97336,62.9311],[6.97407,62.93097],[6.97863,62.93139],[6.97907,62.93255],[6.9815,62.93317],[6.98219,62.93384],[6.98407,62.93398],[6.9851,62.9349],[6.97966,62.93432],[6.97752,62.93565],[6.97836,62.93689],[6.97951,62.93702],[6.98109,62.93807],[6.98494,62.93907],[6.98466,62.93932],[6.98082,62.9393],[6.98007,62.93991],[6.98095,62.9406],[6.98704,62.94137],[6.9869,62.94207],[6.98924,62.94239],[6.99044,62.942],[6.99067,62.94],[6.99298,62.94016],[6.99296,62.9418],[6.99634,62.94245],[6.9961,62.9433],[7.00424,62.9445]],[[6.98002,62.94215],[6.97799,62.94198],[6.9776,62.94269],[6.97891,62.94312],[6.98133,62.94322],[6.98128,62.94259],[6.98002,62.94215]],[[6.99892,62.94753],[6.99978,62.94685],[6.99762,62.94624],[6.99467,62.94687],[6.99494,62.94731]],[[7.00026,62.94561],[6.99901,62.94594],[6.99272,62.94551],[6.99238,62.94527],[6.99333,62.94483],[6.992,62.9446],[6.99136,62.94396],[6.99396,62.94394],[6.99938,62.94474],[7.0041,62.94499]],[[6.99494,62.94731],[6.99822,62.94774],[6.99892,62.94753]],[[6.90491,62.94533],[6.90508,62.94469]],[[6.999,62.95091],[7.00123,62.95032]],[[7.00118,62.94982],[6.99933,62.94951],[6.99563,62.94965],[6.99561,62.95012],[6.99761,62.95032],[6.99618,62.95039],[6.99612,62.95069],[6.999,62.95091]],[[6.90508,62.94469],[6.90013,62.94454],[6.89904,62.94504],[6.90108,62.94648],[6.90491,62.94533]],[[6.89637,62.94432],[6.8926,62.94428],[6.89173,62.94466],[6.89183,62.94533],[6.89886,62.94629],[6.89923,62.94565],[6.89679,62.94515],[6.89637,62.94432]],[[7.00004,62.95198],[6.99955,62.95238],[7.0018,62.95337]],[[6.96738,62.95803],[6.96762,62.95709],[6.96604,62.95669],[6.96331,62.95723],[6.96101,62.957],[6.95979,62.95786],[6.96014,62.95827],[6.9651,62.9593],[6.96738,62.95803]],[[6.925,62.95933],[6.9249,62.95905],[6.92141,62.95847],[6.91828,62.95846],[6.91787,62.9588],[6.92202,62.95967],[6.925,62.95933]],[[6.92959,62.96106],[6.92686,62.96049],[6.92502,62.96063],[6.92675,62.96129],[6.92949,62.96139],[6.92959,62.96106]],[[7.00203,62.97775],[6.99975,62.97757],[7.00009,62.97698]],[[7.00009,62.97698],[6.99711,62.977],[6.99913,62.97805],[7.00136,62.97819]],[[6.96861,62.97685],[6.96652,62.97724],[6.96771,62.97822],[6.96951,62.97848],[6.97213,62.9782],[6.97234,62.97749],[6.9687,62.97715],[6.96861,62.97685]],[[6.90905,62.86208],[6.91119,62.8621],[6.91046,62.86109],[6.90809,62.8615],[6.90905,62.86208]],[[6.90574,62.86261],[6.90735,62.86249],[6.90691,62.86196],[6.90303,62.86262],[6.90482,62.86321],[6.90574,62.86261]],[[6.96313,62.87855],[6.96183,62.87815],[6.961,62.87883],[6.96456,62.88015],[6.96313,62.87855]],[[6.97869,62.88806],[6.97878,62.88807]],[[6.97878,62.88807],[6.97788,62.88867]],[[6.94821,62.89798],[6.94433,62.89761],[6.94302,62.89791],[6.94607,62.89854],[6.94842,62.89843],[6.94821,62.89798]],[[6.96172,62.90027],[6.96402,62.90088],[6.96685,62.90056]],[[6.93081,62.90097],[6.93125,62.90194]],[[6.91322,62.90202],[6.91041,62.9021],[6.91011,62.90242],[6.91312,62.903],[6.91393,62.90267],[6.91322,62.90202]],[[6.90295,62.69974],[6.89569,62.6978],[6.8933,62.69658],[6.88603,62.69558],[6.8795,62.69386],[6.87748,62.69434],[6.87581,62.69419]],[[6.91403,62.70314],[6.91184,62.70278],[6.90813,62.70114],[6.90516,62.70076],[6.90295,62.69974]],[[6.9357,62.71822],[6.93351,62.71587],[6.93341,62.71428],[6.93436,62.71339],[6.93663,62.71278],[6.93731,62.71217],[6.93741,62.71122],[6.93922,62.70978],[6.93892,62.70913],[6.93348,62.70756],[6.93008,62.7059],[6.92752,62.70569],[6.92407,62.7046],[6.9213,62.70464],[6.91773,62.70326],[6.91403,62.70314]],[[6.84405,62.7385],[6.8478,62.73814],[6.8505,62.73851]],[[6.91177,62.74816],[6.90971,62.74788],[6.90779,62.74865],[6.90842,62.74912],[6.91023,62.74906],[6.9124,62.74866],[6.91177,62.74816]],[[6.86297,62.74064],[6.87108,62.74336],[6.87924,62.74349],[6.88827,62.74485],[6.9034,62.74625],[6.90989,62.7462],[6.91309,62.74717],[6.91794,62.74971],[6.92155,62.74976],[6.92136,62.74884],[6.92249,62.74849],[6.92499,62.74896],[6.92618,62.74817],[6.92252,62.74559],[6.92253,62.74301],[6.92519,62.74176],[6.93091,62.74265],[6.93033,62.74178],[6.92845,62.74173],[6.92714,62.74126],[6.92986,62.73813],[6.92963,62.73533],[6.9315,62.73429],[6.93602,62.73377],[6.9352,62.7329],[6.93881,62.7316],[6.9336,62.72998],[6.93259,62.7285],[6.9327,62.7257],[6.9341,62.72449],[6.93428,62.72272],[6.93647,62.72018],[6.9382,62.71955],[6.9357,62.71822]],[[6.99488,62.75762],[6.99406,62.75679],[6.98951,62.75563],[6.98976,62.75479],[6.99121,62.75441],[6.99068,62.75365],[6.98703,62.75372],[6.98625,62.75331],[6.98805,62.75145],[6.99053,62.75116],[6.99187,62.74895],[6.99393,62.74776],[6.99373,62.7467],[6.99192,62.74474],[6.9889,62.74274],[6.98883,62.74158],[6.98711,62.73964],[6.98189,62.73856],[6.97875,62.73871],[6.97789,62.73763],[6.97094,62.7364],[6.96831,62.73528],[6.96859,62.73477],[6.9702,62.7354],[6.97327,62.73441],[6.97945,62.73439],[6.97959,62.73344],[6.98204,62.73261],[6.98251,62.73163],[6.9823,62.731],[6.97944,62.73037],[6.97979,62.73002],[6.98987,62.73067],[6.99208,62.73033],[6.99074,62.72953],[6.98085,62.72784],[6.98064,62.72729],[6.98389,62.72593],[6.98364,62.72539],[6.981,62.72441],[6.98785,62.7244],[6.9934,62.72517],[6.99644,62.72611],[7.0111,62.72641]],[[6.9219,62.75219],[6.92037,62.752],[6.91962,62.75257],[6.91718,62.7528],[6.91652,62.75344],[6.91697,62.75393],[6.91792,62.7543],[6.92047,62.75425],[6.92269,62.75308],[6.92266,62.75244],[6.9219,62.75219]],[[6.89395,62.75237],[6.89057,62.75217],[6.8892,62.75168],[6.8881,62.75205],[6.8925,62.75342],[6.89411,62.75301],[6.89395,62.75237]],[[6.8554,62.75008],[6.85298,62.75006],[6.85243,62.75067],[6.85488,62.75102],[6.85525,62.75154],[6.85777,62.75119],[6.8554,62.75008]],[[6.99488,62.75762],[6.99515,62.75972]],[[6.86918,62.7564],[6.86611,62.75631],[6.86681,62.75699],[6.86844,62.75747],[6.87138,62.75765],[6.87138,62.7572],[6.86918,62.7564]],[[6.92375,62.75976],[6.92616,62.75984],[6.92571,62.75895],[6.91853,62.7585],[6.91337,62.7575],[6.91112,62.75748],[6.90973,62.75829],[6.91135,62.76007],[6.91514,62.76146],[6.91967,62.76178],[6.92248,62.76087],[6.92375,62.75976]],[[6.99149,62.76619],[6.99137,62.76506],[6.98949,62.76313],[6.99006,62.7627],[6.99237,62.7624],[6.99446,62.76126],[6.99515,62.75972]],[[6.87967,62.76011],[6.87808,62.75965],[6.87758,62.75999]],[[6.88338,62.76032],[6.8813,62.75915],[6.8767,62.75844],[6.87424,62.75894],[6.87545,62.75963],[6.87478,62.75982]],[[6.87967,62.76011],[6.88236,62.76074],[6.88338,62.76032]],[[6.87478,62.75982],[6.87694,62.76044],[6.87758,62.75999]],[[6.92936,62.76366],[6.92933,62.76322],[6.92361,62.76312],[6.9218,62.76343],[6.92194,62.76399],[6.92039,62.76476],[6.9229,62.76564],[6.92499,62.76441],[6.92914,62.76399],[6.92936,62.76366]],[[6.99017,62.7675],[6.98856,62.76787],[6.98252,62.7674],[6.98179,62.7676],[6.9822,62.76868],[6.98418,62.76987],[6.98392,62.77038]],[[6.92069,62.76595],[6.91694,62.76537],[6.91525,62.766],[6.91674,62.76701],[6.9203,62.76835],[6.92218,62.76837],[6.9235,62.7678],[6.92354,62.76725],[6.92069,62.76595]],[[6.98392,62.77038],[6.983,62.77084],[6.98018,62.77101],[6.97617,62.77042],[6.97476,62.77088],[6.97764,62.77309],[6.98171,62.77414],[6.98132,62.77478]],[[6.90116,62.77325],[6.89957,62.77287],[6.89813,62.7733],[6.89909,62.77395],[6.90079,62.77403],[6.90152,62.77376],[6.90116,62.77325]],[[6.83995,62.77626],[6.83882,62.77592],[6.83696,62.77598],[6.83556,62.77663],[6.83695,62.77716],[6.84126,62.77731],[6.83995,62.77626]],[[6.85239,62.77874],[6.85127,62.77905],[6.85221,62.7794]],[[6.85221,62.7794],[6.85855,62.78],[6.85999,62.77991],[6.86061,62.77926],[6.85905,62.77822],[6.85239,62.77874]],[[6.91697,62.7787],[6.91659,62.77444],[6.91369,62.77399],[6.90648,62.77434],[6.90536,62.77413],[6.89687,62.77583],[6.89486,62.77559],[6.89399,62.7762],[6.89069,62.77661],[6.88946,62.77711],[6.88589,62.77703],[6.88665,62.77787],[6.88634,62.77887],[6.88074,62.78216]],[[6.98718,62.78852],[6.98661,62.78746],[6.9898,62.78657],[6.97992,62.78257],[6.97033,62.78006],[6.96879,62.77909],[6.9691,62.77856],[6.97371,62.7779],[6.97407,62.77736],[6.973,62.77707],[6.97155,62.77757],[6.96929,62.77694],[6.96987,62.7765],[6.9725,62.77677],[6.97552,62.77536],[6.98132,62.77478]],[[6.98718,62.78852],[6.98615,62.78928]],[[6.86018,62.78343],[6.85621,62.78315],[6.85526,62.78361],[6.85911,62.78483],[6.86252,62.78463],[6.86179,62.78375],[6.86018,62.78343]],[[6.88054,62.78222],[6.87721,62.78247],[6.87351,62.78081],[6.87149,62.78094],[6.87075,62.78154],[6.86938,62.78176],[6.86445,62.78205],[6.86208,62.78313],[6.86603,62.78453],[6.86756,62.78611]],[[6.86756,62.78611],[6.86652,62.78771]],[[6.86652,62.78771],[6.86426,62.78977],[6.8627,62.79023],[6.85655,62.79079],[6.85429,62.79026],[6.84929,62.78989]],[[6.84432,62.78973],[6.84112,62.7894],[6.83964,62.78998],[6.84343,62.79045],[6.84456,62.79028],[6.84432,62.78973]],[[6.91923,62.79429],[6.92432,62.79637],[6.92729,62.79438],[6.92357,62.79306],[6.92199,62.79175],[6.92171,62.79091],[6.92312,62.79033],[6.92279,62.78926],[6.9195,62.78753],[6.91923,62.78602],[6.91599,62.78409],[6.91734,62.7819],[6.91697,62.7787]],[[6.90567,62.79503],[6.91099,62.79428],[6.9116,62.79475],[6.9102,62.7957],[6.91164,62.7961],[6.91866,62.79424]],[[6.93071,62.79598],[6.92831,62.79592],[6.92755,62.79623],[6.92799,62.7969],[6.93542,62.79957],[6.93662,62.79957],[6.93548,62.79762],[6.9337,62.79671],[6.93071,62.79598]],[[6.90127,62.79901],[6.90209,62.79777],[6.90383,62.79684],[6.90348,62.7962],[6.90567,62.79503]],[[6.93989,62.79971],[6.93807,62.79961],[6.9377,62.79999],[6.9392,62.80119],[6.94155,62.80158],[6.94215,62.8011],[6.93989,62.79971]],[[7.00002,62.80571],[6.99768,62.80579],[6.99416,62.80483],[6.99435,62.80416],[6.99582,62.80343],[6.99534,62.80236],[6.99192,62.80143],[6.98919,62.79927],[6.98288,62.7977],[6.98169,62.79605],[6.97957,62.79524],[6.97965,62.79324],[6.97733,62.79284],[6.97576,62.7921],[6.97812,62.79225],[6.98082,62.79127],[6.98205,62.78994],[6.98438,62.78981],[6.98615,62.78928]],[[7.00411,62.80853],[6.99972,62.80867],[7.00105,62.8094]],[[6.90127,62.79901],[6.90135,62.80275],[6.90266,62.8056],[6.90374,62.80619],[6.9058,62.80611],[6.90716,62.80685]],[[7.0015,62.81161],[6.99697,62.81149],[6.99432,62.81102],[6.99184,62.81172]],[[6.90716,62.80685],[6.90775,62.80747],[6.90674,62.80825],[6.9088,62.80898]],[[6.99184,62.81172],[6.99409,62.81268],[6.99998,62.81331],[7.00342,62.81284]],[[6.90938,62.81039],[6.90966,62.80993],[6.91096,62.80975],[6.91722,62.81175],[6.91982,62.81104],[6.91824,62.80981],[6.91493,62.80941],[6.9109,62.8095],[6.9088,62.80898]],[[6.8945,62.81136],[6.89655,62.81147],[6.9066,62.81366],[6.9107,62.81352],[6.91075,62.81307],[6.9087,62.81298],[6.90809,62.81191]],[[6.94052,62.81663],[6.93955,62.8159],[6.93173,62.81448],[6.92958,62.81449]],[[6.94184,62.81796],[6.94052,62.81663]],[[6.91195,62.81716],[6.91036,62.81675],[6.91034,62.81637],[6.91357,62.81548],[6.91979,62.81537],[6.92464,62.81428],[6.92958,62.81449]],[[6.91066,62.81781],[6.91236,62.8178],[6.91195,62.81716]],[[6.8945,62.81136],[6.88798,62.81228],[6.8886,62.81466],[6.89065,62.81599],[6.89458,62.8162],[6.89723,62.81718]],[[6.89723,62.81718],[6.90042,62.8177],[6.90161,62.81721],[6.90745,62.81715],[6.91066,62.81781]],[[6.95907,62.8258],[6.9611,62.82603],[6.96175,62.82503],[6.95936,62.8236],[6.95229,62.82163],[6.95016,62.82059],[6.94485,62.81928],[6.94184,62.81796]],[[6.81233,62.81829],[6.81396,62.81854],[6.81367,62.81956],[6.81464,62.82023],[6.81742,62.82091],[6.81502,62.8213],[6.81698,62.82178]],[[6.95059,62.83373],[6.95635,62.83385],[6.95825,62.83342],[6.95859,62.83293],[6.95752,62.83165],[6.95798,62.82976],[6.95636,62.8262],[6.95731,62.82563],[6.95907,62.8258]],[[6.99987,62.83579],[7.00249,62.83634]],[[6.95296,62.83697],[6.95197,62.83655],[6.95215,62.83536],[6.95059,62.83373]],[[6.79742,62.82767],[6.79568,62.82678],[6.79004,62.82739],[6.79133,62.82804],[6.79559,62.82881],[6.79749,62.82824],[6.79742,62.82767]],[[6.95574,62.84039],[6.95618,62.83985],[6.95808,62.83952],[6.95586,62.83774],[6.95296,62.83697]],[[6.81698,62.82178],[6.81901,62.82251],[6.82015,62.82448],[6.81738,62.82775],[6.81541,62.82871],[6.81356,62.82824],[6.80644,62.82992],[6.80271,62.82896],[6.80133,62.82913],[6.79951,62.82976],[6.79915,62.83079],[6.79984,62.83151]],[[6.79984,62.83151],[6.8009,62.83191],[6.80065,62.83284],[6.79873,62.83325]],[[6.87401,62.83559],[6.87462,62.83509],[6.88009,62.83642],[6.88136,62.83799],[6.88012,62.83938]],[[6.87435,62.83871],[6.87661,62.83856],[6.87817,62.83885],[6.87912,62.83846],[6.87773,62.83642],[6.87512,62.8368],[6.87453,62.83763],[6.87529,62.83805],[6.87266,62.83822],[6.87148,62.83908],[6.87328,62.83973],[6.87435,62.83871]],[[6.78798,62.834],[6.78588,62.83386],[6.78427,62.83454],[6.78575,62.83489],[6.78782,62.83466],[6.78798,62.834]],[[6.85393,62.84159],[6.85365,62.83901],[6.85646,62.83732],[6.85513,62.83632],[6.85588,62.83551],[6.8608,62.83552],[6.86204,62.83443],[6.86537,62.83417],[6.86933,62.83502],[6.87183,62.83603],[6.87362,62.83603],[6.87401,62.83559]],[[6.78085,62.83647],[6.77926,62.8366],[6.77879,62.83743],[6.78242,62.83756],[6.78373,62.83697],[6.78085,62.83647]],[[6.77669,62.83644],[6.77269,62.83571],[6.77318,62.83442],[6.77138,62.83444],[6.77062,62.83532],[6.77219,62.83588],[6.77289,62.83733],[6.77243,62.83786],[6.77669,62.83644]],[[6.76997,62.83549],[6.76836,62.83496],[6.76776,62.8351],[6.76852,62.83567],[6.76757,62.83655],[6.76825,62.83769],[6.77053,62.83697],[6.77062,62.83571],[6.76997,62.83549]],[[6.86225,62.8434],[6.86089,62.84259],[6.8584,62.84269],[6.85839,62.84314],[6.86006,62.84401],[6.86173,62.84395],[6.86225,62.8434]],[[6.99987,62.83579],[7.00046,62.83517]],[[7.00046,62.83517],[6.9999,62.8346],[6.99707,62.83418],[6.99519,62.83471],[6.99461,62.83533],[6.9954,62.83774],[6.99218,62.83997],[6.99045,62.84039],[6.99053,62.84094],[6.99176,62.8416],[6.99673,62.84186],[6.99497,62.84427],[6.99562,62.84474],[6.99626,62.84465],[6.99684,62.8429],[6.99777,62.84266],[7.00232,62.8445]],[[6.95956,62.85028],[6.96494,62.85072],[6.96664,62.85003],[6.96853,62.8499],[6.96909,62.84945],[6.96214,62.84561],[6.96146,62.84369],[6.95921,62.84286],[6.95574,62.84039]],[[6.88475,62.84601],[6.88387,62.84595],[6.88347,62.84668],[6.88743,62.84747],[6.88772,62.84691],[6.88467,62.84634],[6.88475,62.84601]],[[6.7771,62.84186],[6.77954,62.84124],[6.77938,62.84081],[6.77511,62.84105],[6.77469,62.84033],[6.77319,62.8403],[6.77331,62.84154],[6.7771,62.84186]],[[6.86851,62.84522],[6.86652,62.84484],[6.86496,62.84502],[6.8694,62.84745],[6.87038,62.84677],[6.86851,62.84522]],[[6.7605,62.83993],[6.75879,62.83985],[6.75852,62.84036],[6.76349,62.84134],[6.76301,62.84035],[6.7605,62.83993]],[[6.88012,62.83938],[6.88009,62.84175],[6.88153,62.84232],[6.88446,62.84252],[6.88356,62.84325],[6.88674,62.84502],[6.89083,62.84642],[6.89229,62.84611],[6.89511,62.8481],[6.89881,62.84934]],[[6.9453,62.85207],[6.94346,62.85136],[6.94444,62.85096],[6.94386,62.84951],[6.94444,62.8492],[6.94775,62.85068],[6.94848,62.85144],[6.95102,62.85231],[6.95257,62.85213],[6.9531,62.85147],[6.95175,62.85032],[6.95385,62.84982],[6.95701,62.8505],[6.95995,62.85229],[6.95839,62.85073],[6.95956,62.85028]],[[6.77606,62.84435],[6.77404,62.84403],[6.77252,62.84326],[6.77118,62.84387],[6.76855,62.8433],[6.76823,62.84358],[6.76913,62.84394]],[[6.78248,62.84472],[6.78064,62.84376],[6.78212,62.84209],[6.78013,62.84118],[6.78049,62.84039],[6.78184,62.8396],[6.78455,62.83931],[6.78726,62.83722],[6.79873,62.83325]],[[6.8298,62.84749],[6.82812,62.84692],[6.82335,62.84712]],[[6.84487,62.84837],[6.84524,62.84618],[6.8466,62.84408],[6.84904,62.84321],[6.85188,62.84307],[6.85381,62.84231],[6.85393,62.84159]],[[6.9064,62.85194],[6.90226,62.85068],[6.90133,62.85004]],[[6.78248,62.84472],[6.78581,62.84572],[6.78807,62.84505]],[[6.8298,62.84749],[6.83279,62.84908]],[[6.83279,62.84908],[6.83817,62.84811],[6.8393,62.84842]],[[6.8393,62.84842],[6.84097,62.85005],[6.84227,62.85013],[6.84418,62.8497],[6.84487,62.84837]],[[6.76913,62.84394],[6.76711,62.84414],[6.7646,62.84385],[6.7641,62.84429],[6.77004,62.84586],[6.77108,62.84657],[6.77088,62.84701],[6.77352,62.84794],[6.77423,62.84769],[6.77307,62.84748],[6.77276,62.84699],[6.77469,62.84664],[6.77422,62.84594],[6.77656,62.84615],[6.77708,62.84591],[6.77606,62.84435]],[[6.78979,62.84515],[6.7926,62.84675],[6.7932,62.84762],[6.8016,62.84812],[6.80532,62.84924],[6.80625,62.85043],[6.81075,62.85066],[6.81283,62.85221],[6.81692,62.85155],[6.81833,62.85191],[6.81901,62.853],[6.82136,62.85258],[6.81938,62.85069],[6.81978,62.84929],[6.82218,62.84736],[6.82335,62.84712]],[[6.99128,62.76655],[6.99149,62.76619]],[[6.99128,62.76655],[6.99017,62.7675]],[[6.88074,62.78216],[6.88054,62.78222]],[[6.91866,62.79424],[6.91923,62.79429]],[[6.90938,62.81039],[6.9092,62.81138],[6.90809,62.81191]],[[6.89881,62.84934],[6.90133,62.85004]],[[6.87972,62.083],[6.87968,62.08154],[6.877,62.08128]],[[6.99675,62.08987],[7.00489,62.08703]],[[6.86925,62.0881],[6.87228,62.08595]],[[6.97832,62.09738],[6.98513,62.09581],[6.99247,62.09144],[6.99675,62.08987]],[[6.87972,62.083],[6.87898,62.08459],[6.8807,62.0876],[6.88173,62.08782],[6.8928,62.08705],[6.89602,62.08855],[6.90435,62.09488],[6.90548,62.09528],[6.90999,62.09563]],[[6.96964,62.09955],[6.97832,62.09738]],[[7.00181,62.10509],[6.99113,62.10882]],[[6.91482,62.09679],[6.92278,62.1012],[6.92897,62.104],[6.93471,62.10563],[6.93827,62.10603]],[[6.93827,62.10603],[6.94312,62.10616],[6.94858,62.1052],[6.95419,62.10364],[6.96004,62.10266],[6.96964,62.09955]],[[6.86925,62.0881],[6.86826,62.08888],[6.87226,62.09071],[6.87286,62.09167],[6.87545,62.09338],[6.87964,62.09545],[6.88826,62.09815],[6.88875,62.10057],[6.89546,62.10317],[6.90493,62.10534],[6.90778,62.1065],[6.9113,62.10881],[6.91444,62.11196],[6.92171,62.11502],[6.92747,62.1184],[6.93,62.12044],[6.92982,62.12105],[6.93311,62.12534]],[[6.93445,62.13136],[6.93418,62.13021],[6.93525,62.12896],[6.93449,62.12655],[6.93311,62.12534]],[[6.98048,62.13405],[6.97749,62.13049],[6.96635,62.12217],[6.9649,62.11847],[6.96372,62.11721],[6.96214,62.1165],[6.96149,62.11539],[6.96284,62.11442],[6.96506,62.1138],[6.98311,62.11135],[6.99113,62.10882]],[[6.93445,62.13136],[6.93497,62.13419],[6.93693,62.13662],[6.94148,62.13974],[6.94491,62.14098],[6.95239,62.14609],[6.95749,62.14878],[6.95948,62.15058],[6.96352,62.1523],[6.96876,62.15804],[6.97981,62.16424],[6.98207,62.16519],[6.98648,62.16599],[6.98845,62.1668],[6.99181,62.1694],[7.00204,62.17239]],[[6.99901,62.27053],[7.00125,62.26782]],[[6.98682,62.28581],[6.98774,62.28561]],[[6.98774,62.28561],[6.99352,62.28673],[6.99987,62.28732],[7.00575,62.28709]],[[7.00228,62.27515],[6.99876,62.27328],[6.99821,62.27183],[6.99901,62.27053]],[[6.97175,62.2895],[6.97635,62.28696],[6.97684,62.28625],[6.97858,62.28576],[6.98168,62.28553],[6.98537,62.28617],[6.98682,62.28581]],[[6.94942,62.30665],[6.95426,62.3071],[6.95728,62.30503],[6.95787,62.30397],[6.95739,62.30158],[6.95852,62.30106],[6.95975,62.30142],[6.9603,62.30092],[6.95888,62.29962],[6.9589,62.29858],[6.96226,62.29686],[6.96391,62.29514],[6.96432,62.29193],[6.96587,62.29101],[6.97175,62.2895]],[[6.94929,62.3069],[6.94968,62.30783],[6.94784,62.30865],[6.94809,62.30996]],[[6.94654,62.31261],[6.94918,62.30961],[6.94809,62.30996]],[[6.98584,62.3149],[6.98868,62.31268],[6.99289,62.31157],[6.99626,62.31167],[7.00015,62.31122]],[[6.9771,62.3221],[6.97929,62.32179],[6.98221,62.31997],[6.98584,62.3149]],[[6.89604,62.3548],[6.90497,62.34881],[6.90891,62.34758],[6.91414,62.34685],[6.91765,62.34373],[6.91741,62.34146],[6.91875,62.34118],[6.91882,62.34072],[6.91642,62.33809],[6.91793,62.33651],[6.91638,62.33416],[6.91889,62.33075],[6.91773,62.32883],[6.91929,62.3269],[6.92381,62.32411],[6.92738,62.32039],[6.93485,62.31819],[6.94424,62.31424],[6.94654,62.31261]],[[6.94711,62.35778],[6.94867,62.35545],[6.95428,62.34991],[6.95468,62.34614],[6.95678,62.34235],[6.95984,62.34128],[6.96031,62.34072],[6.96107,62.33776],[6.96063,62.33347],[6.95968,62.33248],[6.9601,62.33124],[6.9648,62.32886],[6.96673,62.32679],[6.97298,62.32289],[6.9771,62.3221]],[[6.94711,62.35778],[6.94507,62.36028],[6.94283,62.36096],[6.94168,62.36245],[6.9388,62.36379],[6.93852,62.36525],[6.94046,62.36657],[6.94118,62.36877],[6.9385,62.37285],[6.93548,62.37354],[6.93423,62.3744],[6.93902,62.37445],[6.94484,62.37335],[6.95117,62.37312],[6.96319,62.37381]],[[6.9836,62.37791],[6.98379,62.37841],[6.98237,62.3792],[6.98463,62.3814],[6.98515,62.3836]],[[6.95986,62.38618],[6.96325,62.38494],[6.9699,62.38348],[6.97373,62.38334],[6.98474,62.38425],[6.98515,62.3836]],[[6.90208,62.40029],[6.89874,62.39782],[6.89599,62.39406],[6.88861,62.38882],[6.88817,62.38819],[6.88879,62.3867],[6.88474,62.38217],[6.88418,62.3799],[6.88278,62.37835],[6.88469,62.37766],[6.88976,62.37275],[6.89354,62.37162],[6.89499,62.37068],[6.89345,62.36954],[6.89323,62.36677],[6.89153,62.3658],[6.88934,62.36559],[6.88803,62.36334],[6.89368,62.35938],[6.89604,62.3548]],[[6.9444,62.40276],[6.94421,62.40151],[6.94559,62.39998],[6.94945,62.39842],[6.95125,62.39712],[6.95405,62.39198],[6.95764,62.38737],[6.95986,62.38618]],[[6.8497,62.4334],[6.85476,62.43333],[6.86014,62.43175],[6.86642,62.43093],[6.87604,62.42706],[6.88413,62.42513],[6.89067,62.42184],[6.89094,62.42046],[6.88831,62.41974],[6.88719,62.4189],[6.8875,62.41849],[6.89233,62.41821],[6.89928,62.41645],[6.90204,62.41534],[6.90716,62.41438],[6.91395,62.41207],[6.9147,62.41082],[6.91144,62.40634],[6.90887,62.40474],[6.90377,62.403],[6.90208,62.40029]],[[6.89529,62.44503],[6.89998,62.44255],[6.90558,62.44122],[6.91072,62.43873],[6.91179,62.43801],[6.91254,62.43636],[6.91845,62.43523],[6.92561,62.43076],[6.93017,62.43015],[6.93729,62.42813],[6.94107,62.42665],[6.9419,62.42576],[6.94185,62.42383],[6.94464,62.42265],[6.94438,62.4213],[6.94755,62.41996],[6.945,62.41676],[6.94688,62.41517],[6.94723,62.41165],[6.94811,62.41009],[6.94692,62.40674],[6.9444,62.40276]],[[6.89529,62.44503],[6.89302,62.44589],[6.88866,62.44626],[6.8855,62.44759],[6.88551,62.4492],[6.88902,62.44954],[6.89055,62.45053]],[[6.89055,62.45053],[6.8914,62.45085],[6.88949,62.4517]],[[6.8727,62.45968],[6.87475,62.45671],[6.87929,62.45537],[6.87939,62.45386],[6.88126,62.4521],[6.88609,62.4523],[6.88949,62.4517]],[[6.84227,62.4605],[6.84632,62.46165],[6.8509,62.46174],[6.85821,62.46113],[6.86205,62.46164],[6.86982,62.46038]],[[6.92762,62.5813],[6.91634,62.57491],[6.91204,62.57398],[6.90984,62.57492],[6.91128,62.57704],[6.91368,62.57804]],[[6.91479,62.58159],[6.91362,62.58],[6.91573,62.5782],[6.91368,62.57804]],[[6.92948,62.58244],[6.92762,62.5813]],[[6.92948,62.58244],[6.9301,62.58441],[6.92944,62.58481],[6.93002,62.58555],[6.93139,62.58556],[6.93241,62.58651],[6.93274,62.5889],[6.93154,62.59049],[6.9275,62.59336]],[[6.90351,62.59349],[6.90741,62.58896],[6.90938,62.58768],[6.91097,62.58739],[6.91699,62.58767],[6.91829,62.58711],[6.91644,62.58228],[6.91479,62.58159]],[[6.90351,62.59349],[6.90236,62.59525],[6.90269,62.59648]],[[6.9275,62.59336],[6.92592,62.59517],[6.92364,62.59636],[6.92362,62.5977],[6.91952,62.59889],[6.91615,62.59925],[6.91826,62.60106],[6.92231,62.60293],[6.92137,62.60366],[6.92258,62.60491],[6.92509,62.6067],[6.92982,62.60879],[6.92954,62.60926]],[[6.92954,62.60926],[6.92561,62.60998],[6.92399,62.60992],[6.92356,62.6108],[6.9246,62.61179],[6.92618,62.61229],[6.92973,62.61278],[6.93048,62.61248],[6.93725,62.61366],[6.93884,62.61438]],[[6.8717,62.61412],[6.87852,62.61151],[6.88223,62.61056],[6.88519,62.60734],[6.89137,62.60444],[6.89313,62.6022],[6.89747,62.60128],[6.89803,62.5994],[6.90097,62.59851],[6.90247,62.59729]],[[6.8717,62.61412],[6.86846,62.61612],[6.86739,62.61769],[6.86177,62.61911]],[[6.8537,62.62316],[6.86177,62.61911]],[[6.93368,62.62782],[6.93427,62.6268],[6.93654,62.62619],[6.93702,62.62562],[6.9354,62.62426],[6.93295,62.62412],[6.93225,62.62338],[6.93507,62.62178],[6.93456,62.61988],[6.93882,62.61541],[6.93884,62.61438]],[[6.93072,62.63008],[6.92778,62.63121],[6.91782,62.63351]],[[6.91782,62.63351],[6.91063,62.63445],[6.908,62.63748],[6.90827,62.63855],[6.91025,62.6405]],[[6.91025,62.6405],[6.91012,62.64247],[6.90778,62.64421],[6.90819,62.64577],[6.91314,62.64698],[6.9191,62.64768]],[[6.98485,62.65461],[6.99625,62.65552],[6.99959,62.65521],[6.99867,62.65425],[6.99494,62.65341],[6.9928,62.65221],[6.98967,62.65168],[6.98967,62.65126],[6.99099,62.65106],[6.99702,62.65168],[7.00237,62.65164]],[[6.92044,62.64788],[6.92178,62.64811],[6.92016,62.64819],[6.92089,62.64833],[6.93513,62.6502],[6.93859,62.65142],[6.94129,62.65183],[6.94889,62.6522],[6.96676,62.65414],[6.97736,62.65392],[6.98485,62.65461]],[[6.84547,62.66438],[6.84453,62.66428],[6.84321,62.66481],[6.84327,62.66566],[6.84488,62.66612],[6.84653,62.66531],[6.84525,62.66477],[6.84547,62.66438]],[[6.86472,62.6657],[6.86376,62.66569],[6.86373,62.66607],[6.86573,62.66771],[6.87018,62.66805],[6.87114,62.6673],[6.87017,62.66653],[6.86472,62.6657]],[[6.87353,62.66947],[6.87445,62.66804],[6.87589,62.66791],[6.87969,62.66828],[6.88063,62.66889],[6.88271,62.6692]],[[6.88727,62.67027],[6.88466,62.6694],[6.88271,62.6692]],[[6.89956,62.67251],[6.88727,62.67027]],[[6.87353,62.66947],[6.87173,62.66997],[6.86904,62.66968],[6.86858,62.67009],[6.88129,62.67282]],[[6.88129,62.67282],[6.88168,62.67293]],[[6.88168,62.67293],[6.89102,62.67614],[6.90355,62.67842],[6.90849,62.68],[6.91133,62.67939],[6.91536,62.67931],[6.91913,62.68052],[6.92373,62.68078],[6.92576,62.68062],[6.92626,62.67987],[6.92821,62.67951],[6.92761,62.67874],[6.92418,62.67864],[6.92273,62.67691],[6.91784,62.67538],[6.91023,62.67517],[6.90735,62.67412],[6.90459,62.67404],[6.90215,62.67293],[6.89956,62.67251]],[[6.87354,62.08264],[6.87489,62.08178]],[[6.87228,62.08595],[6.87461,62.08489],[6.87472,62.08333],[6.87354,62.08264]],[[6.90999,62.09563],[6.91482,62.09679]],[[6.98048,62.13405],[6.98219,62.13542],[6.98605,62.1422],[6.98789,62.14401],[7.01094,62.15301]],[[6.9819,62.37721],[6.9836,62.37791]],[[6.96319,62.37381],[6.97987,62.3764]],[[6.8727,62.45968],[6.87192,62.46021],[6.86982,62.46038]],[[6.90247,62.59729],[6.90269,62.59648]],[[6.93368,62.62782],[6.93072,62.63008]],[[6.9191,62.64768],[6.92044,62.64788]],[[6.60991,62.55783],[6.61117,62.55702],[6.61207,62.55719]],[[6.61207,62.55719],[6.61493,62.55807],[6.61498,62.55929]],[[6.46597,62.55474],[6.46872,62.54721],[6.46835,62.54647],[6.46663,62.54612],[6.46348,62.54736],[6.46112,62.54945],[6.46019,62.55124],[6.45811,62.55276],[6.45938,62.55434]],[[6.60044,62.56294],[6.60331,62.5619],[6.60505,62.56041],[6.60959,62.5594],[6.60991,62.55783]],[[6.61258,62.56368],[6.61569,62.56104],[6.61398,62.55974],[6.61498,62.55929]],[[6.61258,62.56368],[6.61395,62.56529]],[[6.61395,62.56529],[6.61559,62.56656],[6.61235,62.56843],[6.6129,62.56896],[6.61643,62.56966]],[[6.45938,62.55434],[6.45798,62.55599],[6.45945,62.56098],[6.45839,62.56234],[6.45904,62.56291],[6.46184,62.56003],[6.46306,62.55741],[6.46597,62.55474]],[[6.62123,62.58255],[6.62069,62.57966],[6.62482,62.57727],[6.62463,62.57158],[6.62375,62.57086],[6.61997,62.56983],[6.61643,62.56966]],[[6.58653,62.5885],[6.5892,62.5903],[6.59233,62.59124],[6.5974,62.59138],[6.601,62.59103],[6.60353,62.59145],[6.60582,62.5905],[6.60534,62.58846],[6.60621,62.58671],[6.61128,62.58671],[6.61095,62.58294],[6.60723,62.58117],[6.60652,62.57702],[6.6034,62.57541],[6.60197,62.57364],[6.60129,62.57104],[6.60193,62.56701],[6.60052,62.56458],[6.60044,62.56294]],[[6.58709,62.59163],[6.58375,62.58759],[6.58553,62.58778],[6.58653,62.5885]],[[6.46785,62.58498],[6.469,62.58184],[6.46796,62.58075],[6.46777,62.57819],[6.46686,62.57689],[6.46545,62.57671],[6.46594,62.57496],[6.4628,62.57516],[6.46091,62.57306],[6.45937,62.56752],[6.46117,62.56638],[6.45992,62.56569],[6.45904,62.56398],[6.45718,62.56545],[6.45291,62.5658],[6.45225,62.56619],[6.45163,62.57172],[6.4525,62.57272],[6.45238,62.57398],[6.45381,62.57508],[6.45625,62.5788],[6.45598,62.5804],[6.4543,62.58169],[6.45555,62.58416],[6.45351,62.5843]],[[6.58297,62.59496],[6.58775,62.59429],[6.58832,62.59353],[6.58709,62.59163]],[[6.56969,62.59636],[6.57158,62.59496],[6.57353,62.595],[6.57552,62.59438],[6.57972,62.59515],[6.58297,62.59496]],[[6.62722,62.60287],[6.62583,62.60205],[6.6196,62.60215],[6.61863,62.60256],[6.61919,62.60359],[6.62018,62.60377],[6.62655,62.6037],[6.62722,62.60287]],[[6.46785,62.58498],[6.46299,62.593],[6.46385,62.59413],[6.46567,62.59381],[6.46672,62.59399],[6.46649,62.59484]],[[6.66962,62.60177],[6.66729,62.60317],[6.66434,62.6042],[6.6615,62.6071]],[[6.63005,62.60562],[6.63117,62.6052],[6.63157,62.60441],[6.63118,62.59843],[6.63275,62.59772],[6.63325,62.59672],[6.63186,62.59066],[6.62343,62.58539],[6.62152,62.58301]],[[6.66567,62.61196],[6.66518,62.60883],[6.66769,62.60811],[6.66867,62.60654],[6.67328,62.60344],[6.67126,62.60192],[6.66962,62.60177]],[[6.45351,62.5843],[6.45258,62.58468],[6.45462,62.58772],[6.45322,62.58918],[6.45518,62.59144],[6.45574,62.59351],[6.45453,62.59438],[6.45411,62.59597],[6.45313,62.59604],[6.45108,62.59528],[6.45213,62.59381],[6.44937,62.59235],[6.44771,62.59078],[6.44686,62.59075],[6.44758,62.59579],[6.44697,62.59875]],[[6.45548,62.59927],[6.45509,62.59726],[6.45254,62.59691],[6.45209,62.59712],[6.4531,62.59803],[6.45162,62.59813],[6.4504,62.59896]],[[6.46702,62.59998],[6.46597,62.59871],[6.46551,62.59554],[6.46649,62.59484]],[[6.56967,62.60624],[6.56922,62.60359],[6.57026,62.60187],[6.56969,62.59636]],[[6.62174,62.60939],[6.6213,62.60859],[6.62011,62.60829],[6.62105,62.60712],[6.62402,62.60693],[6.63005,62.60562]],[[6.65815,62.61158],[6.65982,62.60977],[6.6609,62.60942],[6.6615,62.6071]],[[6.4504,62.59896],[6.45408,62.60014],[6.45491,62.60003],[6.45548,62.59927]],[[6.62174,62.60939],[6.61677,62.61058],[6.61325,62.61095],[6.61861,62.61169],[6.6244,62.61329]],[[6.4474,62.60306],[6.44741,62.60138],[6.44633,62.60017],[6.44697,62.59875]],[[6.66566,62.61203],[6.66531,62.6172]],[[6.60353,62.61506],[6.60474,62.61464],[6.60401,62.61338]],[[6.60401,62.61338],[6.59841,62.61022],[6.59533,62.60955],[6.58913,62.60977],[6.58676,62.61048],[6.58702,62.61129],[6.59001,62.6125],[6.5907,62.61422],[6.59482,62.61585],[6.59829,62.61588],[6.5981,62.61448],[6.59914,62.61387],[6.6014,62.61418],[6.60353,62.61506]],[[6.66531,62.6172],[6.66512,62.61882],[6.66359,62.62065]],[[6.65668,62.62224],[6.65695,62.62046],[6.65578,62.61717],[6.65762,62.6144],[6.65726,62.61317],[6.65815,62.61158]],[[6.56942,62.61901],[6.56847,62.6151],[6.57061,62.61335],[6.56923,62.60869],[6.56967,62.60624]],[[6.50933,62.61501],[6.51952,62.61572],[6.52301,62.61632],[6.52528,62.61621]],[[6.62431,62.61866],[6.62259,62.62001],[6.62261,62.62074],[6.62812,62.62458]],[[6.6536,62.6262],[6.65668,62.62224]],[[6.60223,62.61964],[6.5971,62.61803],[6.59329,62.619],[6.59232,62.61968],[6.59677,62.62235],[6.60117,62.62338]],[[6.60117,62.62338],[6.60648,62.62322],[6.6071,62.62264],[6.6064,62.62147],[6.60223,62.61964]],[[6.40938,62.60834],[6.418,62.6094],[6.41809,62.60991],[6.4154,62.61032],[6.41529,62.6106],[6.42104,62.61148],[6.42598,62.61298],[6.42773,62.61297],[6.42892,62.6123],[6.43348,62.61378],[6.44077,62.61408],[6.44122,62.60981],[6.44031,62.60842],[6.441,62.60691],[6.44436,62.60783],[6.44707,62.60775],[6.44802,62.60878],[6.44872,62.60849],[6.44823,62.60753],[6.44899,62.60619],[6.4474,62.60306]],[[6.46702,62.59998],[6.46477,62.60062],[6.46422,62.60146],[6.46811,62.60361],[6.47106,62.60434],[6.47219,62.6052],[6.4722,62.60597],[6.47089,62.60668],[6.46849,62.60688],[6.4612,62.60914],[6.45965,62.60978],[6.45919,62.61058],[6.45778,62.61044],[6.45695,62.61159],[6.45738,62.6125],[6.45899,62.61236],[6.45825,62.61417],[6.46001,62.61501],[6.46299,62.61567],[6.46512,62.6155],[6.46815,62.61457],[6.4737,62.61584],[6.47816,62.61591],[6.48101,62.61632],[6.48651,62.61619]],[[6.82224,62.63729],[6.82513,62.63531],[6.84042,62.6299],[6.8537,62.62316]],[[6.52528,62.61621],[6.52864,62.61645],[6.53148,62.6173],[6.533,62.61865],[6.53281,62.61909],[6.5316,62.61917],[6.5317,62.61951],[6.54377,62.62131]],[[6.66359,62.62065],[6.66129,62.62109],[6.66119,62.62203],[6.66399,62.62809],[6.66404,62.62993]],[[6.54377,62.62131],[6.54729,62.62232],[6.55174,62.62266],[6.55884,62.62407],[6.56197,62.62418],[6.56514,62.62384],[6.56938,62.62424],[6.57053,62.62357],[6.56942,62.61901]],[[6.61361,62.62743],[6.61132,62.62665],[6.60491,62.62621],[6.60261,62.62562],[6.60034,62.62628]],[[6.62833,62.62568],[6.62784,62.6271],[6.62439,62.62865],[6.62887,62.62846],[6.63142,62.62989],[6.63466,62.63089],[6.64255,62.63186],[6.6459,62.63177],[6.6476,62.63134],[6.65135,62.62919],[6.6536,62.6262]],[[6.59815,62.6266],[6.59315,62.62651],[6.59066,62.62671],[6.59067,62.62722],[6.5898,62.62753],[6.58459,62.62766],[6.5895,62.62974],[6.599,62.63099]],[[6.81824,62.64405],[6.82106,62.64053],[6.82112,62.63846],[6.82224,62.63729]],[[6.599,62.63099],[6.60351,62.63127],[6.60847,62.63056],[6.61357,62.63111],[6.61523,62.63093],[6.61578,62.6304],[6.61469,62.62983],[6.61454,62.62905],[6.61632,62.62879],[6.61667,62.62816],[6.61361,62.62743]],[[6.66404,62.62993],[6.66028,62.63187],[6.66099,62.63283],[6.66304,62.63387],[6.67213,62.63474],[6.6802,62.63481],[6.69537,62.63708]],[[6.69537,62.63708],[6.69954,62.63831],[6.70144,62.63847],[6.70197,62.63896],[6.70116,62.63966],[6.70145,62.64042],[6.71054,62.64349]],[[6.78887,62.6536],[6.79855,62.65262],[6.7995,62.65189],[6.80338,62.65088],[6.80704,62.64931],[6.80887,62.64787],[6.81951,62.64617],[6.81824,62.64405]],[[6.51979,62.63725],[6.51811,62.63713],[6.51728,62.63777],[6.51512,62.63799],[6.51497,62.63832],[6.51732,62.63875],[6.51797,62.63795],[6.52044,62.63771],[6.51979,62.63725]],[[6.71054,62.64349],[6.71807,62.64506],[6.73365,62.64655],[6.73741,62.6485],[6.74001,62.64813],[6.74131,62.64851],[6.74457,62.65156],[6.75571,62.65369],[6.76793,62.65486],[6.78505,62.6542]],[[6.40539,62.6372],[6.40493,62.63667],[6.4026,62.63699],[6.40192,62.63778],[6.40623,62.63806],[6.40539,62.6372]],[[6.59837,62.65281],[6.59313,62.65157]],[[6.54747,62.64528],[6.55972,62.64918],[6.56058,62.65055]],[[6.56058,62.65055],[6.56306,62.64978],[6.56509,62.64961],[6.56951,62.6503],[6.57032,62.651],[6.5718,62.65059],[6.57652,62.65109],[6.57887,62.64999],[6.57987,62.64895],[6.58169,62.64877],[6.58648,62.64945],[6.59313,62.65157]],[[6.53044,62.64902],[6.52851,62.64745],[6.52254,62.64586],[6.51998,62.64376],[6.51557,62.6424],[6.51501,62.64115],[6.51674,62.64083],[6.52002,62.63924],[6.52988,62.6409],[6.54747,62.64528]],[[6.55908,62.65076],[6.55769,62.65068]],[[6.63577,62.65539],[6.63254,62.65496],[6.63175,62.65515]],[[6.62967,62.65574],[6.63175,62.65515]],[[6.56804,62.65223],[6.57307,62.65288]],[[6.65061,62.65786],[6.63577,62.65539]],[[6.5998,62.65323],[6.6053,62.65564],[6.60673,62.65553],[6.61181,62.65628],[6.61741,62.65542],[6.62576,62.65524],[6.62967,62.65574]],[[6.55908,62.65076],[6.5585,62.6516],[6.55931,62.65249],[6.56106,62.65318],[6.56368,62.65348],[6.56487,62.65411],[6.56619,62.65271],[6.56804,62.65223]],[[6.54862,62.65411],[6.55125,62.65432],[6.5528,62.65403],[6.55349,62.6533],[6.55276,62.65262],[6.55324,62.65209],[6.55769,62.65068]],[[6.57307,62.65288],[6.57122,62.65419],[6.56848,62.65461],[6.56774,62.65546]],[[6.53044,62.64902],[6.53381,62.65114],[6.53738,62.65264],[6.53917,62.65278],[6.54473,62.65431],[6.54862,62.65411]],[[6.66562,62.66265],[6.66428,62.66153],[6.65931,62.65942],[6.65061,62.65786]],[[6.71744,62.66917],[6.71405,62.6681],[6.70188,62.66559],[6.70139,62.66645],[6.70038,62.66672],[6.69576,62.66617],[6.69087,62.66331],[6.68821,62.66247]],[[6.68821,62.66247],[6.67606,62.66084],[6.67619,62.66187],[6.67931,62.66231],[6.67976,62.66279],[6.67573,62.66288],[6.67545,62.66322],[6.68179,62.66484],[6.68272,62.66598],[6.68161,62.66724]],[[6.56774,62.65546],[6.56673,62.65526],[6.56694,62.65714],[6.57285,62.65781],[6.57804,62.65977],[6.5844,62.66152]],[[6.71744,62.66917],[6.72319,62.66971],[6.72631,62.6707]],[[6.5844,62.66152],[6.58299,62.66294],[6.57339,62.66217]],[[6.66238,62.66792],[6.66318,62.66577],[6.66562,62.66265]],[[6.73346,62.67228],[6.72631,62.6707]],[[6.68161,62.66724],[6.67811,62.66858],[6.67318,62.66921],[6.67154,62.67069]],[[6.65294,62.67194],[6.6568,62.67238],[6.65981,62.67226],[6.66281,62.66873],[6.66238,62.66792]],[[6.58818,62.66891],[6.58872,62.66892]],[[6.76599,62.68045],[6.77176,62.68086],[6.77876,62.68266]],[[6.57339,62.66217],[6.57081,62.66214],[6.57063,62.66273],[6.57535,62.664],[6.57706,62.66499],[6.58137,62.66544],[6.58238,62.66683],[6.58215,62.66787],[6.58351,62.66894],[6.58582,62.66951],[6.58818,62.66891]],[[6.64107,62.67158],[6.64477,62.6712],[6.64838,62.6728],[6.65303,62.6737],[6.65327,62.67317],[6.65187,62.67281],[6.65294,62.67194]],[[6.73346,62.67228],[6.74551,62.67608],[6.74839,62.67748],[6.75259,62.67788],[6.75613,62.67875],[6.76303,62.67883],[6.76477,62.67926],[6.76599,62.68045]],[[6.66427,62.67245],[6.66392,62.6722],[6.66238,62.67244],[6.66229,62.67308],[6.66108,62.67374],[6.66147,62.67427],[6.66333,62.67479],[6.66432,62.6744],[6.66427,62.67245]],[[6.67154,62.67069],[6.66778,62.67158],[6.66722,62.67218],[6.67193,62.67398],[6.67554,62.67452],[6.67587,62.67505],[6.67241,62.67791],[6.66521,62.67827],[6.66434,62.67867],[6.66449,62.67987]],[[6.78101,62.68177],[6.78794,62.68327],[6.79121,62.68299],[6.79181,62.6848],[6.79301,62.68467],[6.79746,62.6855],[6.79938,62.68516],[6.79989,62.68419],[6.8037,62.68429],[6.80855,62.68607],[6.81719,62.68657],[6.82055,62.68436],[6.82608,62.68552],[6.82857,62.68471],[6.83618,62.6872],[6.83903,62.68746],[6.84125,62.68713],[6.85584,62.68923],[6.86153,62.69211],[6.86503,62.6931],[6.87581,62.69419]],[[6.58872,62.66892],[6.58976,62.66944],[6.58996,62.67072],[6.59152,62.67162],[6.59303,62.67162],[6.5946,62.67212],[6.59613,62.67379],[6.59578,62.67519],[6.5936,62.67671],[6.59539,62.67727],[6.59507,62.67805],[6.59368,62.67846],[6.59164,62.67841],[6.59079,62.67902],[6.59996,62.6811]],[[6.66449,62.67987],[6.6625,62.68045],[6.65801,62.68028],[6.65658,62.6822],[6.65991,62.68253],[6.66452,62.68358],[6.66442,62.6847],[6.66329,62.68498]],[[6.59996,62.6811],[6.60142,62.68145],[6.60223,62.68246],[6.60462,62.68247],[6.60817,62.68361],[6.60789,62.68498],[6.60874,62.68591],[6.60712,62.68637],[6.6044,62.68618],[6.59957,62.68507],[6.59775,62.68601],[6.59818,62.6869],[6.60016,62.68655],[6.60614,62.68777],[6.61012,62.68767]],[[6.66329,62.68498],[6.65819,62.68625],[6.65816,62.68694],[6.66169,62.68743],[6.66398,62.68832],[6.66321,62.68929],[6.66694,62.69079],[6.66706,62.69158],[6.67019,62.69161],[6.67262,62.69397],[6.67596,62.69477],[6.67905,62.6949]],[[6.64179,62.69495],[6.64387,62.69422],[6.63994,62.69207],[6.64229,62.68835],[6.64139,62.68663],[6.63925,62.6847],[6.64096,62.68275],[6.63819,62.67901],[6.63929,62.67685],[6.63853,62.67385],[6.64107,62.67158]],[[6.67905,62.6949],[6.68074,62.69554],[6.68004,62.69659],[6.68074,62.69706],[6.68469,62.69732],[6.6876,62.69814],[6.69022,62.69806]],[[6.69022,62.69806],[6.69453,62.69846],[6.69499,62.69898],[6.6995,62.69919]],[[6.69716,62.70012],[6.69428,62.70013],[6.69577,62.70147],[6.69761,62.70042],[6.69716,62.70012]],[[6.61012,62.68767],[6.61166,62.68816],[6.61207,62.68899],[6.61076,62.68975],[6.61154,62.69072],[6.61465,62.6916],[6.61425,62.69203],[6.61246,62.69225],[6.61186,62.69321],[6.61264,62.6936],[6.61986,62.69548],[6.62339,62.6973],[6.62876,62.69784],[6.63954,62.7]],[[6.63954,62.7],[6.64218,62.70019],[6.64478,62.69811],[6.64298,62.69763],[6.64207,62.6969],[6.64129,62.69565],[6.64176,62.69498]],[[6.64058,62.70084],[6.6377,62.70067]],[[6.69775,62.70425],[6.69705,62.70242],[6.69751,62.70151],[6.69904,62.70045],[6.70182,62.70018],[6.7027,62.69976],[6.6995,62.69919]],[[6.73539,62.70649],[6.73172,62.70556],[6.72377,62.7053],[6.72182,62.70461],[6.72148,62.70511],[6.72316,62.70577]],[[6.42448,62.69129],[6.42129,62.69071],[6.41224,62.69018],[6.41074,62.68967],[6.41068,62.68832],[6.40772,62.68809]],[[6.6377,62.70067],[6.63626,62.70072],[6.63549,62.70125],[6.63767,62.70239],[6.63888,62.70243],[6.64169,62.70363],[6.64489,62.70395],[6.64714,62.7052],[6.65011,62.70455],[6.64836,62.70341],[6.64058,62.70084]],[[6.69775,62.70425],[6.69719,62.70559],[6.6931,62.70644],[6.69106,62.70798],[6.68939,62.70802],[6.68751,62.70738],[6.68418,62.70737],[6.68338,62.70771],[6.68365,62.70813],[6.6854,62.70788],[6.68779,62.7082]],[[6.72853,62.71146],[6.73626,62.71022],[6.73761,62.70901],[6.7373,62.70757],[6.73605,62.70681]],[[6.72316,62.70577],[6.72484,62.70676],[6.71999,62.70851],[6.72093,62.70986],[6.72216,62.71012],[6.7218,62.71106],[6.72281,62.71137],[6.72853,62.71146]],[[6.66744,62.70882],[6.66619,62.70818],[6.66281,62.70794],[6.65856,62.70661],[6.65616,62.70643],[6.65317,62.7084],[6.65471,62.70896],[6.65585,62.70848],[6.6608,62.70839],[6.66169,62.70927],[6.66509,62.71006],[6.66757,62.70971],[6.66808,62.70926],[6.66744,62.70882]],[[6.72898,62.71219],[6.73135,62.71348],[6.73143,62.71479],[6.73301,62.71513],[6.73552,62.71508]],[[6.72749,62.71561],[6.72726,62.71359],[6.72831,62.71225],[6.72898,62.71219]],[[6.73552,62.71508],[6.73701,62.71634],[6.73567,62.71782],[6.73841,62.71875]],[[6.66898,62.7206],[6.66986,62.71928],[6.66274,62.71739],[6.66318,62.71646],[6.66145,62.7151],[6.65831,62.71543],[6.65688,62.71614],[6.6548,62.71582],[6.65417,62.71494],[6.65538,62.71317],[6.65328,62.71214],[6.65077,62.7117],[6.64955,62.71183],[6.64272,62.71414],[6.64012,62.71406],[6.63952,62.71567],[6.6409,62.71746],[6.64749,62.71766],[6.66035,62.71919],[6.66515,62.72045],[6.66898,62.7206]],[[6.68779,62.7082],[6.68689,62.70861],[6.68615,62.71021],[6.68945,62.71102],[6.69165,62.71213],[6.69041,62.71237],[6.68829,62.71182],[6.6848,62.71203],[6.68299,62.71313],[6.68573,62.71459],[6.68364,62.71444],[6.67976,62.71532],[6.67764,62.7153],[6.67777,62.71662],[6.67669,62.71726],[6.67776,62.71798],[6.67499,62.71862],[6.6752,62.71926],[6.67767,62.72033],[6.68645,62.72211],[6.69726,62.72323],[6.69837,62.72264],[6.70022,62.72238],[6.70474,62.72262],[6.70279,62.72314]],[[6.70279,62.72314],[6.70132,62.72365],[6.70143,62.7244],[6.70043,62.72509],[6.69834,62.72584]],[[6.73841,62.71875],[6.73839,62.72008],[6.7407,62.72097],[6.7406,62.72181],[6.73974,62.72221],[6.74213,62.72329],[6.74176,62.72378],[6.74333,62.72517],[6.74641,62.72599],[6.7509,62.72812],[6.76137,62.73059],[6.76365,62.73202],[6.76682,62.73248]],[[6.73809,62.73132],[6.7366,62.72994],[6.72559,62.72788],[6.72356,62.7265],[6.72353,62.72544],[6.7267,62.72219],[6.72585,62.72045],[6.72748,62.71978],[6.72963,62.71977],[6.73001,62.71941],[6.72992,62.71786],[6.72733,62.71698],[6.72749,62.71561]],[[6.76745,62.73258],[6.76899,62.7337],[6.77166,62.73408],[6.78919,62.73319],[6.79954,62.73366],[6.80504,62.73325],[6.81776,62.73412]],[[6.41037,62.71289],[6.41548,62.71201],[6.4173,62.70995],[6.41677,62.70972],[6.41355,62.71057],[6.41171,62.70968],[6.41282,62.70901],[6.41903,62.70812],[6.4226,62.70938],[6.42477,62.7086],[6.42513,62.70815],[6.42436,62.70744],[6.4224,62.70727],[6.42259,62.70603],[6.43049,62.70123],[6.43176,62.69972],[6.42878,62.69779],[6.42919,62.69631],[6.42656,62.69211],[6.42448,62.69129]],[[6.72379,62.73297],[6.72563,62.7331],[6.72976,62.73479],[6.73745,62.73603],[6.74178,62.73503],[6.74076,62.73273],[6.73809,62.73132]],[[6.81776,62.73412],[6.83023,62.73667],[6.83584,62.73876],[6.84173,62.74222],[6.84613,62.74242],[6.84705,62.74169],[6.84611,62.74055],[6.84491,62.73991],[6.84232,62.73991],[6.84115,62.73885],[6.8414,62.73848],[6.84405,62.7385]],[[6.69834,62.72584],[6.69611,62.72757],[6.68732,62.72815],[6.68462,62.72977],[6.6828,62.72946],[6.68179,62.72792],[6.67912,62.72874],[6.67644,62.7289],[6.67624,62.72934],[6.67965,62.73071],[6.68199,62.73062],[6.684,62.73157],[6.68607,62.7319],[6.68855,62.73289],[6.68912,62.73399],[6.69099,62.73477],[6.69532,62.73511],[6.69874,62.73639]],[[6.69874,62.73639],[6.712,62.73879],[6.71173,62.73909],[6.70744,62.73889],[6.70921,62.73965],[6.71935,62.7408],[6.71984,62.74042],[6.71841,62.73985],[6.71942,62.73913],[6.72473,62.73957],[6.7252,62.73919],[6.7231,62.73848],[6.72676,62.73806],[6.72136,62.73719],[6.72546,62.73575],[6.72346,62.73472],[6.72379,62.73297]],[[6.46869,62.73155],[6.4688,62.73383],[6.47077,62.73508]],[[6.43344,62.73343],[6.43621,62.73171],[6.43995,62.73115],[6.44124,62.73018],[6.44288,62.73024],[6.44377,62.72981],[6.44388,62.72941],[6.44186,62.72865],[6.44233,62.72819],[6.44445,62.7279],[6.44301,62.72719],[6.44299,62.72653],[6.45291,62.72544],[6.45278,62.7262],[6.4539,62.72661],[6.45478,62.72624],[6.45712,62.72651],[6.45883,62.72597],[6.46067,62.72726],[6.46238,62.72729],[6.46249,62.728],[6.4663,62.7289],[6.46869,62.73155]],[[6.83018,62.76236],[6.82744,62.76206],[6.8258,62.76264],[6.82667,62.763],[6.82869,62.76294],[6.83036,62.76274],[6.83018,62.76236]],[[6.48087,62.74294],[6.47523,62.73814],[6.47309,62.73734],[6.47222,62.73581]],[[6.4855,62.74764],[6.48302,62.74567],[6.48087,62.74294]],[[6.42863,62.74514],[6.43009,62.74495],[6.43253,62.74572],[6.43483,62.74712],[6.43433,62.74768]],[[6.43344,62.73343],[6.43229,62.73449],[6.42902,62.73458],[6.42625,62.73604],[6.42614,62.73658],[6.42767,62.73735],[6.43167,62.73826],[6.43222,62.73881],[6.43177,62.74026],[6.42915,62.74058],[6.42964,62.74177],[6.42605,62.74195],[6.4236,62.7425],[6.42216,62.74383],[6.41974,62.74373],[6.41646,62.74415],[6.41672,62.74475],[6.42174,62.74437],[6.42252,62.74557],[6.42515,62.74613],[6.42649,62.74609],[6.42648,62.74535],[6.4272,62.74516],[6.42856,62.74574],[6.42863,62.74514]],[[6.44731,62.75155],[6.44927,62.75219]],[[6.43433,62.74768],[6.43085,62.74832],[6.43052,62.74946],[6.43134,62.74998],[6.43542,62.74988],[6.43795,62.751],[6.44515,62.75085],[6.44745,62.75251],[6.44811,62.75228],[6.44731,62.75155]],[[6.48139,62.75493],[6.48279,62.7541],[6.48496,62.75421],[6.48832,62.75233],[6.48526,62.7503],[6.48615,62.74869],[6.4855,62.74764]],[[6.35606,62.74787],[6.3541,62.74744],[6.35299,62.74765],[6.35276,62.74839],[6.3552,62.74864],[6.35629,62.74825],[6.35606,62.74787]],[[6.36876,62.74713],[6.36623,62.74752],[6.36456,62.74606],[6.3616,62.74568],[6.35991,62.74627],[6.35739,62.74639],[6.35709,62.74672],[6.35792,62.74792],[6.36538,62.7489],[6.36517,62.74921],[6.36265,62.74915],[6.36282,62.75007],[6.36422,62.75028],[6.36793,62.74992]],[[6.36793,62.74992],[6.37745,62.75053],[6.37851,62.75025],[6.38151,62.75139],[6.3832,62.75072],[6.38554,62.75058],[6.38673,62.74985],[6.3845,62.74963],[6.38344,62.75044],[6.38431,62.74843],[6.38246,62.74805],[6.38074,62.74831],[6.37986,62.74888],[6.37698,62.74918],[6.37469,62.74882],[6.37356,62.74914],[6.37215,62.74896],[6.37204,62.74786],[6.36876,62.74713]],[[6.39596,62.75315],[6.39179,62.75241],[6.3911,62.75319],[6.39306,62.7537],[6.39731,62.75402],[6.39596,62.75315]],[[6.40405,62.75444],[6.40855,62.75475],[6.40926,62.75447],[6.40937,62.75344],[6.4077,62.75263],[6.40577,62.75249],[6.40357,62.75291],[6.40374,62.75374],[6.4001,62.75288],[6.39878,62.75306],[6.40053,62.75426],[6.40405,62.75444]],[[6.36701,62.75304],[6.36801,62.75292],[6.36981,62.75143],[6.36767,62.75082]],[[6.36767,62.75082],[6.36227,62.75059],[6.36028,62.75149],[6.36479,62.75319],[6.36701,62.75304]],[[6.41206,62.75748],[6.41082,62.7566],[6.41009,62.75676],[6.40899,62.75638],[6.40818,62.75688],[6.41139,62.75786],[6.41212,62.75783],[6.41206,62.75748]],[[6.44927,62.75219],[6.4475,62.75732],[6.44329,62.75915],[6.43948,62.75972]],[[6.47267,62.76206],[6.47376,62.76185],[6.47756,62.75936],[6.47976,62.75893],[6.47955,62.75813],[6.48243,62.75718],[6.48282,62.75654],[6.48127,62.75543]],[[6.39241,62.75845],[6.403,62.75832],[6.40428,62.75921],[6.40998,62.75971],[6.41135,62.75924],[6.41062,62.75882],[6.40824,62.75855],[6.40672,62.75907],[6.40625,62.75842],[6.40281,62.75801],[6.40234,62.757],[6.39741,62.75692],[6.39504,62.75784],[6.39095,62.75708],[6.38973,62.75644],[6.38876,62.75648],[6.38845,62.75544],[6.38716,62.7548],[6.38426,62.75432],[6.38259,62.75455],[6.3777,62.75424],[6.37647,62.75327],[6.37972,62.75357],[6.38024,62.75333],[6.37714,62.75245],[6.37823,62.75182],[6.37796,62.75147],[6.37504,62.75153],[6.37413,62.75234],[6.37464,62.7532],[6.37122,62.7527],[6.37015,62.75292],[6.36936,62.75378],[6.37034,62.75579],[6.36937,62.7565],[6.37,62.7568],[6.37216,62.75626],[6.37336,62.75707],[6.37545,62.75565],[6.37872,62.75674],[6.38026,62.75644],[6.38113,62.75763],[6.38542,62.7586],[6.38762,62.75786],[6.38946,62.7588],[6.38974,62.75976],[6.39125,62.75958],[6.39241,62.75845]],[[6.39943,62.75982],[6.3978,62.75921],[6.39392,62.75947],[6.39433,62.76],[6.39717,62.76035],[6.39943,62.75982]],[[6.47267,62.76206],[6.47477,62.76342],[6.47134,62.7649],[6.46965,62.76829]],[[6.76274,62.78566],[6.75608,62.78498],[6.75459,62.78569],[6.75667,62.78655],[6.76206,62.78711],[6.7643,62.78615],[6.76274,62.78566]],[[6.39016,62.76497],[6.38771,62.76416],[6.38632,62.76449],[6.38928,62.7657],[6.39038,62.76537],[6.39016,62.76497]],[[6.65178,62.78188],[6.65071,62.78238],[6.64845,62.78146]],[[6.78216,62.78806],[6.77709,62.78721],[6.77758,62.78788],[6.77703,62.78828],[6.77512,62.78864],[6.78449,62.79054],[6.78458,62.78884],[6.78216,62.78806]],[[6.40814,62.7675],[6.40716,62.76721],[6.40746,62.76637],[6.41033,62.76481],[6.40851,62.76389],[6.40635,62.76364],[6.40516,62.76445],[6.40646,62.76578],[6.40598,62.76746],[6.40678,62.76814],[6.40814,62.7675]],[[6.79118,62.79167],[6.78816,62.7913],[6.78599,62.79158],[6.78713,62.79266],[6.79175,62.79402],[6.79392,62.79328],[6.79427,62.79273],[6.79118,62.79167]],[[6.65349,62.78494],[6.65495,62.78517],[6.65545,62.78586],[6.6591,62.78648],[6.65997,62.78617],[6.65883,62.78536],[6.65867,62.78262],[6.6571,62.78095],[6.65479,62.78039]],[[6.64845,62.78146],[6.64787,62.78079],[6.65037,62.77907],[6.6504,62.77837],[6.63806,62.77755],[6.63537,62.77789],[6.63175,62.78001],[6.63124,62.78191],[6.62849,62.78428],[6.63025,62.78507],[6.63253,62.78449],[6.63359,62.78546],[6.6351,62.78508],[6.63742,62.78607],[6.63964,62.78634],[6.64156,62.78621],[6.64129,62.78547],[6.64459,62.78514],[6.64632,62.78371],[6.64851,62.78399],[6.64902,62.78489],[6.65167,62.78558],[6.65349,62.78494]],[[6.47249,62.77687],[6.47097,62.7756],[6.47078,62.77415],[6.46849,62.77438],[6.46759,62.77377],[6.47045,62.77124],[6.46965,62.76829]],[[6.80648,62.79672],[6.80525,62.79577],[6.80224,62.79513],[6.79951,62.79484],[6.79857,62.79516],[6.79954,62.79593],[6.80158,62.79646],[6.80582,62.79706],[6.80648,62.79672]],[[6.78579,62.79434],[6.78825,62.79413],[6.78839,62.79385],[6.78498,62.79337],[6.78178,62.79354],[6.78243,62.79436],[6.77886,62.79469],[6.78727,62.79619],[6.79055,62.79614],[6.78579,62.79434]],[[6.76396,62.79446],[6.76036,62.79384],[6.75829,62.79398],[6.76074,62.79476],[6.76438,62.79515],[6.76489,62.79478],[6.76396,62.79446]],[[6.77068,62.79342],[6.76937,62.79297],[6.76788,62.79318],[6.76772,62.7937],[6.77104,62.79473],[6.77025,62.79577],[6.77285,62.7961],[6.77322,62.79583],[6.77068,62.79342]],[[6.43889,62.75973],[6.43367,62.75953],[6.43058,62.7601],[6.43013,62.76075],[6.41875,62.76315],[6.41423,62.76313],[6.41116,62.76244],[6.40968,62.76322],[6.41356,62.76447],[6.41654,62.76656],[6.41724,62.76849],[6.41926,62.76911],[6.42173,62.77082],[6.42281,62.77092],[6.42419,62.77031],[6.42729,62.77157],[6.42724,62.77216],[6.42964,62.77263],[6.43183,62.77248],[6.43278,62.77405],[6.43447,62.77461],[6.4379,62.77467],[6.44446,62.77653],[6.44565,62.77623]],[[6.81334,62.798],[6.81016,62.79707],[6.80917,62.79714],[6.81064,62.79788],[6.8144,62.79878],[6.81334,62.798]],[[6.74959,62.79381],[6.74706,62.79334],[6.7467,62.7941],[6.74314,62.79334],[6.74088,62.79328],[6.74306,62.79458],[6.74888,62.7946],[6.74927,62.79494]],[[6.84929,62.78989],[6.8486,62.79016],[6.84873,62.79085],[6.84384,62.79087],[6.84315,62.79164],[6.84422,62.79226],[6.84291,62.7929],[6.84062,62.79293],[6.84349,62.79346],[6.84201,62.79422],[6.84392,62.796],[6.84578,62.79684],[6.84256,62.79886],[6.8373,62.79995],[6.83325,62.79868],[6.82759,62.79862],[6.82542,62.79915],[6.82667,62.79957]],[[6.74927,62.79494],[6.75343,62.79513],[6.75397,62.79554],[6.75477,62.79537],[6.75398,62.79464],[6.75148,62.79451],[6.75092,62.79367],[6.74959,62.79381]],[[6.47249,62.77687],[6.47462,62.7791]],[[6.82566,62.80069],[6.82763,62.80094],[6.82855,62.8006],[6.82667,62.79957]],[[6.43783,62.77762],[6.43924,62.77776],[6.4404,62.7774],[6.43652,62.77692],[6.43549,62.77737],[6.43703,62.77777],[6.43783,62.77762]],[[6.44259,62.77916],[6.4454,62.77908],[6.44513,62.77842],[6.44656,62.77789],[6.44497,62.77706],[6.44606,62.77653]],[[6.47462,62.7791],[6.4747,62.78057],[6.47319,62.78104]],[[6.81077,62.80123],[6.8103,62.80071],[6.81369,62.80087],[6.81618,62.80003],[6.82166,62.80096],[6.82278,62.8004],[6.82566,62.80069]],[[6.69422,62.79435],[6.69271,62.79486],[6.69337,62.7953],[6.69847,62.79504],[6.69774,62.79465],[6.69507,62.79441]],[[6.74727,62.80203],[6.74878,62.80189],[6.74748,62.8013]],[[6.74748,62.8013],[6.74218,62.80131],[6.74101,62.80171],[6.74204,62.80205],[6.74727,62.80203]],[[6.65539,62.79471],[6.6543,62.79469],[6.65251,62.79636],[6.65367,62.79695],[6.65572,62.79693],[6.65529,62.79632],[6.65611,62.79596],[6.65497,62.7954],[6.65539,62.79471]],[[6.81077,62.80123],[6.81336,62.80187],[6.81609,62.80189],[6.81603,62.80221],[6.81204,62.80267],[6.8119,62.80294],[6.81318,62.80346],[6.81829,62.80398],[6.82024,62.80463],[6.82039,62.80511],[6.81062,62.8049],[6.8091,62.80459],[6.80885,62.80401],[6.80739,62.8038],[6.80638,62.80435],[6.80405,62.80434],[6.80353,62.80462],[6.81131,62.80563],[6.81145,62.80604],[6.81028,62.80623],[6.80335,62.80515],[6.79996,62.80551],[6.80024,62.80596]],[[6.44259,62.77916],[6.44169,62.78012],[6.44346,62.78011],[6.44399,62.78043],[6.44245,62.78095],[6.4428,62.78208],[6.44426,62.78214],[6.44654,62.7832],[6.45004,62.78551],[6.45083,62.78543],[6.45121,62.78452],[6.45231,62.7843],[6.45364,62.78518],[6.45487,62.78536],[6.45525,62.78408],[6.4565,62.78408]],[[6.80024,62.80596],[6.80445,62.80689],[6.79957,62.80656]],[[6.46764,62.78624],[6.46549,62.7854],[6.46583,62.78493],[6.46885,62.78539],[6.47113,62.78734],[6.47251,62.78736],[6.47334,62.78673],[6.47584,62.78289],[6.47225,62.78233],[6.47319,62.78104]],[[6.76701,62.80402],[6.76336,62.80389],[6.76178,62.80423],[6.76443,62.80492],[6.76498,62.80557],[6.76684,62.80557],[6.76829,62.80502],[6.76701,62.80402]],[[6.4565,62.78408],[6.45921,62.78515],[6.46224,62.78757],[6.4635,62.78752],[6.46494,62.78667],[6.46714,62.78739],[6.46813,62.7873],[6.46764,62.78624]],[[6.39594,62.78578],[6.39358,62.78579],[6.39497,62.78654],[6.39715,62.78682],[6.39695,62.78611],[6.39594,62.78578]],[[6.74423,62.81281],[6.74738,62.8132],[6.74812,62.81272],[6.74704,62.81152],[6.74473,62.81104]],[[6.75796,62.81269],[6.76008,62.8127],[6.75949,62.81207],[6.76104,62.81146],[6.76119,62.81211],[6.76216,62.81246],[6.76573,62.81317],[6.76778,62.81291],[6.76754,62.81256],[6.75998,62.81072],[6.75585,62.81018],[6.75327,62.81041],[6.75281,62.81115],[6.75568,62.81135],[6.75528,62.81208],[6.75796,62.81269]],[[6.71259,62.80917],[6.7104,62.80893],[6.70945,62.8092],[6.71202,62.81022],[6.71259,62.80917]],[[6.74473,62.81104],[6.74333,62.81129],[6.74209,62.81211],[6.74423,62.81281]],[[6.53535,62.7974],[6.53373,62.797],[6.52673,62.79886],[6.52653,62.80009],[6.52774,62.80136],[6.52947,62.80201],[6.5356,62.80178],[6.53775,62.79875],[6.53535,62.7974]],[[6.50567,62.80123],[6.50986,62.80125],[6.50895,62.80071],[6.51028,62.8001],[6.50804,62.79894],[6.50802,62.7981]],[[6.71527,62.81332],[6.71095,62.81264],[6.7103,62.81286],[6.71238,62.81435],[6.71619,62.81462],[6.71527,62.81332]],[[6.70883,62.81288],[6.70656,62.8127],[6.70483,62.81303],[6.70599,62.81426],[6.70979,62.81383],[6.70883,62.81288]],[[6.5278,62.80251],[6.52635,62.80237],[6.525,62.80304],[6.52655,62.8035],[6.5282,62.803],[6.5278,62.80251]],[[6.79957,62.80656],[6.79349,62.80553],[6.7878,62.80502],[6.7866,62.80523],[6.78652,62.80566],[6.79144,62.80681],[6.78677,62.80644],[6.78419,62.80581],[6.78163,62.80581],[6.781,62.80635],[6.78444,62.80798],[6.78346,62.80819],[6.78093,62.80715],[6.77839,62.80523],[6.77618,62.80471],[6.77431,62.80471],[6.77028,62.80541],[6.77339,62.8062],[6.77338,62.80649],[6.76732,62.80652],[6.76541,62.80719],[6.76551,62.80758],[6.77516,62.80963],[6.7767,62.8102],[6.77683,62.81087],[6.78083,62.81148],[6.78257,62.8136],[6.78051,62.81474],[6.77793,62.81511],[6.78011,62.81595],[6.78298,62.81575],[6.78462,62.81602],[6.7811,62.81639],[6.77039,62.816],[6.77104,62.81713],[6.77055,62.8177],[6.77452,62.81865],[6.77983,62.81879],[6.78415,62.81981],[6.79103,62.8197],[6.79123,62.82038],[6.79233,62.82045],[6.79441,62.8202],[6.7968,62.81855],[6.79905,62.81823],[6.79125,62.81668],[6.79191,62.8162],[6.79619,62.81695],[6.80194,62.81644],[6.80325,62.8167],[6.80312,62.81741],[6.80512,62.81787],[6.81233,62.81829]],[[6.43786,62.79735],[6.43704,62.79742],[6.43757,62.79868],[6.43948,62.79964],[6.44101,62.79958],[6.43786,62.79735]],[[6.50802,62.7981],[6.50803,62.79754],[6.50622,62.79639],[6.49716,62.79524],[6.49555,62.79401],[6.49409,62.79421],[6.48982,62.79388],[6.48728,62.7944],[6.48741,62.79515],[6.49096,62.79608],[6.48943,62.797],[6.48975,62.79775],[6.48827,62.79833],[6.48829,62.79891],[6.48566,62.79989],[6.48364,62.79998],[6.48156,62.79926],[6.48024,62.7996],[6.48233,62.80089],[6.48378,62.80075],[6.48552,62.80124],[6.48466,62.80183],[6.4897,62.80253],[6.49015,62.80213],[6.48847,62.80145],[6.48798,62.80044],[6.48969,62.79885],[6.49343,62.79903],[6.49467,62.79958],[6.49793,62.79946],[6.49823,62.79995],[6.49594,62.80047],[6.49529,62.8011],[6.49272,62.80079],[6.49261,62.80221],[6.49353,62.80279],[6.49577,62.80271],[6.49449,62.802],[6.49513,62.80153],[6.49623,62.80238],[6.4988,62.80174],[6.50071,62.80245],[6.50542,62.80218],[6.50742,62.80281],[6.50902,62.8042],[6.51023,62.80342],[6.50957,62.80205],[6.50821,62.80164],[6.50656,62.80203],[6.50571,62.80178],[6.50567,62.80123]],[[6.69523,62.81518],[6.6949,62.81465],[6.69027,62.81381],[6.69379,62.81345],[6.69719,62.81386],[6.6976,62.81337],[6.70048,62.81287],[6.69956,62.81181],[6.7016,62.81194],[6.70324,62.81249],[6.70457,62.81242],[6.70123,62.81146],[6.70126,62.81117],[6.70572,62.81185],[6.7069,62.81149],[6.70711,62.81061],[6.70286,62.80903],[6.70096,62.80874],[6.69865,62.80897],[6.69572,62.80856],[6.69423,62.80886],[6.69479,62.8094],[6.70195,62.80974],[6.70353,62.81057],[6.69982,62.81077],[6.69893,62.81127],[6.69705,62.81112],[6.6918,62.81161],[6.69139,62.8122],[6.69284,62.81235],[6.69406,62.81333],[6.6901,62.81231],[6.68854,62.81353],[6.68996,62.81402],[6.68882,62.81417],[6.68815,62.81348],[6.68711,62.81396],[6.69139,62.81596],[6.69523,62.81518]],[[6.73271,62.81947],[6.72924,62.8196],[6.73001,62.82028],[6.73214,62.82039],[6.73329,62.82012],[6.73271,62.81947]],[[6.51455,62.80784],[6.51173,62.80765],[6.51091,62.80859],[6.51372,62.80879],[6.51455,62.80784]],[[6.57271,62.81323],[6.57139,62.81339],[6.56986,62.81419],[6.57117,62.8161],[6.57241,62.81576],[6.5733,62.81451],[6.57271,62.81323]],[[6.60761,62.81507],[6.60662,62.81517],[6.60408,62.81662],[6.6076,62.81849],[6.60888,62.81834],[6.61028,62.81736],[6.60811,62.81618],[6.60761,62.81507]],[[6.50034,62.81089],[6.49994,62.81027],[6.49881,62.81077],[6.4961,62.81002],[6.49498,62.81051],[6.49723,62.81237],[6.49843,62.81216],[6.50034,62.81089]],[[6.51142,62.81371],[6.51401,62.81283],[6.51216,62.81173],[6.50743,62.81228],[6.50682,62.81337],[6.50505,62.81268],[6.50442,62.8129],[6.50465,62.81351],[6.50845,62.81442],[6.50999,62.81446],[6.51142,62.81371]],[[6.40667,62.80701],[6.40499,62.80672],[6.40434,62.80693],[6.40469,62.80816],[6.40652,62.8087],[6.40752,62.80809],[6.40667,62.80701]],[[6.59122,62.82072],[6.59233,62.81981],[6.59498,62.81953],[6.59718,62.81827],[6.59621,62.8154],[6.59438,62.81461],[6.59454,62.81379]],[[6.56421,62.8181],[6.56332,62.81791],[6.56065,62.81831],[6.56263,62.81908],[6.56433,62.81873],[6.56421,62.8181]],[[6.51183,62.8152],[6.51118,62.81489],[6.5098,62.81551],[6.50942,62.8162],[6.51018,62.81661],[6.5116,62.81654],[6.51183,62.8152]],[[6.52441,62.81757],[6.52829,62.81769],[6.52691,62.81683],[6.52837,62.81646],[6.53321,62.81704],[6.53334,62.81606],[6.5359,62.81576],[6.53645,62.81538],[6.53742,62.81608],[6.54079,62.81578],[6.54045,62.81482],[6.53658,62.81504],[6.53467,62.81463],[6.53739,62.81254],[6.53732,62.81186],[6.53368,62.81106],[6.52991,62.81192],[6.5291,62.81255],[6.52706,62.81232],[6.52712,62.81293],[6.52842,62.81355],[6.52498,62.81421],[6.52425,62.81473],[6.52463,62.81526],[6.52615,62.81558],[6.52492,62.81615],[6.52325,62.81622],[6.52186,62.81708],[6.52198,62.81776],[6.52401,62.81806],[6.52441,62.81757]],[[6.55177,62.82254],[6.55259,62.82221],[6.55258,62.82158],[6.55558,62.82041],[6.55681,62.81932],[6.5567,62.8187],[6.55527,62.81845],[6.55399,62.81877],[6.55231,62.8199],[6.55202,62.82088],[6.55093,62.82094],[6.54968,62.82006],[6.54804,62.82016],[6.54881,62.82305],[6.55104,62.82363],[6.55177,62.82254]],[[6.56202,62.82151],[6.56163,62.82116],[6.55959,62.82104],[6.56077,62.82031],[6.56055,62.81927],[6.55792,62.81904],[6.55702,62.821],[6.55787,62.82145],[6.55945,62.82128],[6.55786,62.82307],[6.55898,62.82477],[6.55999,62.82516],[6.56087,62.82499],[6.56186,62.82379],[6.56202,62.82151]],[[6.59454,62.81379],[6.59659,62.81326],[6.596,62.81255],[6.59438,62.81211],[6.5914,62.81205],[6.58857,62.81275],[6.58909,62.81377],[6.58345,62.81466],[6.58325,62.81551],[6.58464,62.81611],[6.5788,62.81905],[6.57711,62.81923],[6.57586,62.82105],[6.57627,62.82177],[6.57818,62.82125],[6.57906,62.82152],[6.57906,62.82195],[6.57804,62.82228],[6.57834,62.82406],[6.57765,62.82412],[6.57641,62.82325],[6.57466,62.82446],[6.57763,62.82514],[6.57734,62.8262],[6.57878,62.82675],[6.5804,62.82617],[6.58292,62.82735],[6.58621,62.82712],[6.58663,62.82597],[6.58937,62.82427],[6.59245,62.82479],[6.5963,62.82379],[6.59815,62.82413],[6.59911,62.82342],[6.59875,62.82286],[6.59676,62.82318],[6.59359,62.82255],[6.59122,62.82072]],[[6.53396,62.8573],[6.53191,62.85633],[6.52728,62.85639],[6.52739,62.85684],[6.52843,62.8571],[6.52807,62.85777],[6.53128,62.85899],[6.5322,62.85885],[6.53265,62.85827],[6.53367,62.85829]],[[6.56314,62.86134],[6.56177,62.86101],[6.56015,62.86124],[6.55985,62.86209],[6.56117,62.8633],[6.56331,62.86411],[6.56481,62.8633],[6.56314,62.86134]],[[6.544,62.86397],[6.54662,62.86408],[6.54777,62.8636],[6.54713,62.8628],[6.54813,62.8615],[6.547,62.86014],[6.54734,62.85957],[6.54845,62.85947],[6.55212,62.86042],[6.55306,62.85967],[6.55209,62.8592],[6.55179,62.85674],[6.55,62.85529],[6.54566,62.85392],[6.54455,62.85451],[6.546,62.85486],[6.54606,62.85546],[6.54278,62.85606],[6.5428,62.85772],[6.54177,62.85807],[6.5373,62.85775],[6.53592,62.8582],[6.5351,62.85969],[6.53624,62.8604],[6.53891,62.86081],[6.54189,62.85994],[6.54163,62.86167],[6.54377,62.8621],[6.54401,62.86267],[6.53986,62.86332],[6.53969,62.86407],[6.54188,62.86481],[6.544,62.86397]],[[6.53741,62.86429],[6.53676,62.86351],[6.53469,62.86345],[6.53443,62.86379],[6.53579,62.86417],[6.53404,62.86487],[6.53655,62.86495],[6.53741,62.86429]],[[6.59215,62.86785],[6.59064,62.86603],[6.58481,62.86709],[6.58496,62.86785],[6.58922,62.86925],[6.59186,62.86873],[6.59215,62.86785]],[[6.54899,62.86623],[6.54722,62.8659],[6.54574,62.86625],[6.54585,62.86659],[6.54772,62.86694],[6.54901,62.86671],[6.54899,62.86623]],[[6.66624,62.87675],[6.66494,62.87649],[6.6635,62.87749],[6.66548,62.879],[6.66659,62.8787],[6.66626,62.87809],[6.66706,62.87744],[6.66624,62.87675]],[[6.58115,62.88002],[6.57449,62.88028],[6.57534,62.88066],[6.58001,62.88102],[6.58126,62.8808],[6.58115,62.88002]],[[6.62123,62.58255],[6.62152,62.58301]],[[6.66566,62.61203],[6.66567,62.61196]],[[6.48651,62.61619],[6.49587,62.61625]],[[6.6244,62.61329],[6.6249,62.61392],[6.62406,62.61549],[6.62431,62.61866]],[[6.50539,62.6154],[6.50933,62.61501]],[[6.49587,62.61625],[6.50057,62.61609],[6.50539,62.6154]],[[6.62812,62.62458],[6.62833,62.62568]],[[6.60034,62.62628],[6.59815,62.6266]],[[6.78505,62.6542],[6.78887,62.6536]],[[6.5998,62.65323],[6.59837,62.65281]],[[6.77876,62.68266],[6.78101,62.68177]],[[6.64176,62.69498],[6.64179,62.69495]],[[6.73539,62.70649],[6.73605,62.70681]],[[6.76682,62.73248],[6.76745,62.73258]],[[6.43948,62.75972],[6.43889,62.75973]],[[6.8505,62.73851],[6.85471,62.73959],[6.85887,62.7395],[6.86297,62.74064]],[[6.47077,62.73508],[6.47222,62.73581]],[[6.48127,62.75543],[6.48139,62.75493]],[[6.65479,62.78039],[6.65222,62.78131],[6.65178,62.78188]],[[6.44565,62.77623],[6.44606,62.77653]],[[6.69507,62.79441],[6.69422,62.79435]],[[6.66442,62.79713],[6.66321,62.79663],[6.66093,62.79668],[6.66025,62.79702],[6.6633,62.79761],[6.66442,62.79713]],[[6.78979,62.84515],[6.78807,62.84505]],[[6.53367,62.85829],[6.53462,62.85861],[6.53383,62.85774]],[[6.53386,62.85764],[6.53396,62.8573]],[[6.53386,62.85764],[6.53383,62.85774]],[[6.37353,62.49634],[6.36503,62.49693]],[[6.35121,62.49309],[6.34751,62.49275],[6.34637,62.4934],[6.34673,62.49508],[6.34817,62.49525],[6.35192,62.4948],[6.35306,62.49407],[6.35121,62.49309]],[[6.38663,62.49838],[6.38517,62.49779],[6.3857,62.49772],[6.37937,62.49685],[6.38266,62.49542],[6.38179,62.49421],[6.37931,62.49319],[6.37892,62.49259],[6.37464,62.49267],[6.37275,62.49406],[6.36986,62.49216],[6.36783,62.49185],[6.36709,62.49294],[6.37031,62.49454],[6.3741,62.49574],[6.37353,62.49634]],[[6.34431,62.49585],[6.34508,62.49597]],[[6.36503,62.49693],[6.35692,62.49623],[6.35402,62.49643],[6.3534,62.49582],[6.34508,62.49597]],[[6.38911,62.49942],[6.38663,62.49838]],[[6.39686,62.50144],[6.39351,62.50094],[6.38911,62.49942]],[[6.24937,62.49504],[6.25097,62.4937],[6.25098,62.49273],[6.25323,62.49195],[6.25759,62.49184],[6.26449,62.49235],[6.26486,62.49307],[6.26662,62.49323],[6.26897,62.4924],[6.27089,62.49243],[6.26991,62.49125],[6.2709,62.49061],[6.27665,62.49042],[6.28283,62.48955],[6.29257,62.49045],[6.30215,62.49055],[6.30288,62.48996],[6.30443,62.49008],[6.30772,62.49099],[6.30907,62.49319],[6.3133,62.4941],[6.31426,62.49361],[6.31777,62.49431],[6.32242,62.49274],[6.32804,62.49212],[6.3322,62.49246],[6.33568,62.49295],[6.33661,62.49387],[6.34431,62.49585]],[[6.24672,62.4955],[6.24937,62.49504]],[[6.1996,62.49292],[6.19989,62.49197],[6.19402,62.49065],[6.18468,62.49025],[6.17481,62.49134]],[[6.23833,62.49538],[6.2398,62.49496],[6.24213,62.49549],[6.24672,62.4955]],[[6.1996,62.49292],[6.20532,62.49547]],[[6.20532,62.49547],[6.20799,62.49577],[6.2075,62.49439],[6.20927,62.49447],[6.21382,62.49567],[6.21776,62.49777],[6.22173,62.49785],[6.22402,62.50109],[6.2259,62.50151],[6.23212,62.50088],[6.23549,62.49996],[6.23581,62.49932],[6.23439,62.49901],[6.22966,62.49912],[6.22534,62.49723],[6.22768,62.49653],[6.23833,62.49538]],[[6.18404,62.50014],[6.18889,62.50006]],[[6.18889,62.50006],[6.19483,62.50081],[6.19897,62.50026]],[[6.17481,62.49134],[6.16518,62.49136],[6.16472,62.49212],[6.1716,62.49378],[6.17385,62.49623],[6.17818,62.49766],[6.18049,62.4998],[6.18404,62.50014]],[[6.34109,62.50686],[6.34749,62.50615],[6.3542,62.50637],[6.35547,62.50704],[6.35595,62.51016],[6.35915,62.51171],[6.36119,62.51203],[6.36587,62.51012],[6.36984,62.51011],[6.37406,62.5095],[6.37916,62.50959],[6.38413,62.51041],[6.38658,62.51181],[6.3873,62.51325],[6.3895,62.51343],[6.39124,62.51309],[6.39096,62.51086],[6.39272,62.51016],[6.39449,62.51093],[6.40065,62.51225],[6.40343,62.51251],[6.40829,62.51208],[6.41013,62.51365],[6.41323,62.51377],[6.41212,62.51471],[6.41267,62.51502],[6.41431,62.51528],[6.41543,62.515],[6.41479,62.51349],[6.4178,62.51412],[6.42027,62.51391],[6.42867,62.51554],[6.43567,62.51771]],[[6.19897,62.50026],[6.20221,62.50117],[6.2102,62.50206],[6.2178,62.50178],[6.22502,62.50266],[6.23157,62.504],[6.23345,62.50465],[6.23436,62.50561]],[[6.15238,62.50515],[6.1507,62.50469],[6.14957,62.50495],[6.14881,62.50575],[6.1516,62.50595],[6.15259,62.50574],[6.15238,62.50515]],[[6.05048,62.49819],[6.04853,62.49743],[6.04222,62.49723],[6.03951,62.49804],[6.0381,62.49941]],[[6.23436,62.50561],[6.23421,62.50741],[6.23309,62.50839],[6.23378,62.50922],[6.23669,62.51082],[6.23753,62.51271],[6.23996,62.51258],[6.24157,62.51291]],[[6.24157,62.51291],[6.24649,62.51352],[6.2479,62.51326],[6.24988,62.51199],[6.25349,62.51218],[6.25445,62.51143]],[[6.25445,62.51143],[6.25875,62.51129],[6.26029,62.5106],[6.26437,62.51139],[6.27104,62.51167],[6.27108,62.51228],[6.26979,62.51274],[6.27388,62.51279],[6.27313,62.51406],[6.27072,62.51459],[6.27213,62.51561],[6.27394,62.51592],[6.27757,62.51534],[6.28101,62.51585],[6.28101,62.51498],[6.28433,62.51518],[6.28822,62.51475],[6.29213,62.51515],[6.29229,62.51615],[6.29424,62.51676],[6.29925,62.51673],[6.30419,62.51601],[6.30886,62.5168],[6.3137,62.51466],[6.31345,62.51229],[6.31527,62.51141],[6.31777,62.51102],[6.32195,62.50818],[6.32677,62.50639],[6.32942,62.50586],[6.33539,62.50722],[6.34109,62.50686]],[[6.09225,62.50394],[6.08972,62.50337],[6.0879,62.50351],[6.08895,62.50415],[6.09202,62.5043],[6.09225,62.50394]],[[6.0642,62.50291],[6.06434,62.50188],[6.06018,62.50008],[6.05602,62.4996],[6.05303,62.49801],[6.05206,62.49841],[6.05048,62.49819]],[[6.08538,62.50605],[6.08139,62.50598],[6.08167,62.50739],[6.08837,62.50737],[6.08762,62.50653],[6.08538,62.50605]],[[6.10119,62.50279],[6.09712,62.50347],[6.09405,62.50356],[6.09309,62.50437],[6.09638,62.50596],[6.09889,62.5066],[6.09921,62.50732],[6.10187,62.50782],[6.10239,62.50853],[6.10122,62.50921]],[[6.17429,62.5154],[6.1711,62.5141],[6.17191,62.51366],[6.17157,62.51329],[6.16978,62.51313],[6.16654,62.5135],[6.16459,62.51303],[6.16335,62.51134],[6.16233,62.51203],[6.16133,62.51209],[6.1599,62.51185],[6.15613,62.51019],[6.15072,62.5096],[6.14988,62.51001],[6.15236,62.51114],[6.15981,62.51326],[6.16232,62.51469],[6.16582,62.51534],[6.16994,62.51486],[6.17207,62.51594],[6.17551,62.51644],[6.17429,62.5154]],[[6.13485,62.51448],[6.13316,62.51029],[6.13336,62.5087],[6.13568,62.50366],[6.1392,62.5013],[6.13875,62.50065],[6.13443,62.4985],[6.12682,62.49566],[6.12551,62.49558],[6.12548,62.49498],[6.12406,62.49471],[6.11974,62.49491],[6.11381,62.49633],[6.10943,62.49788],[6.104,62.49886],[6.0997,62.49909],[6.09901,62.49969],[6.0996,62.50065],[6.10132,62.50154],[6.10119,62.50279]],[[6.04512,62.50949],[6.04567,62.50934]],[[6.1733,62.5193],[6.17107,62.51905],[6.17072,62.51927],[6.17483,62.52033],[6.17676,62.52022],[6.17583,62.51961],[6.1733,62.5193]],[[6.0381,62.49941],[6.03461,62.50011],[6.03124,62.49973],[6.03023,62.50015],[6.03023,62.50157],[6.03255,62.50171],[6.03054,62.50316],[6.03385,62.50303],[6.03144,62.50389],[6.03152,62.50607],[6.02848,62.50763],[6.02368,62.50884],[6.02011,62.51092],[6.02109,62.51122],[6.02414,62.51012],[6.02721,62.50992],[6.03657,62.51143],[6.04231,62.51159],[6.04512,62.50949]],[[6.35744,62.5333],[6.34882,62.53177],[6.33574,62.53067],[6.33402,62.53103]],[[6.37033,62.53443],[6.37289,62.53406],[6.37698,62.53422],[6.38158,62.53519],[6.39774,62.534],[6.40533,62.53265],[6.41574,62.53355],[6.42001,62.53246],[6.42332,62.53228],[6.43126,62.53295]],[[6.04715,62.5092],[6.04937,62.50995],[6.04879,62.51105],[6.05227,62.51119],[6.06234,62.5151],[6.06513,62.51485],[6.06511,62.51345],[6.06279,62.51211],[6.06386,62.51031],[6.06567,62.50967],[6.06426,62.50951],[6.06329,62.50847],[6.06523,62.50655],[6.06766,62.50561],[6.0642,62.50291]],[[6.35744,62.5333],[6.35864,62.53371],[6.36265,62.53364],[6.36479,62.53459],[6.36524,62.53382],[6.36729,62.53458],[6.37033,62.53443]],[[6.251,62.52799],[6.24516,62.52791],[6.24782,62.52874],[6.25108,62.52834],[6.251,62.52799]],[[6.17767,62.52343],[6.17618,62.52353],[6.17614,62.52398],[6.17877,62.52487],[6.17951,62.52446],[6.17767,62.52343]],[[6.23708,62.5281],[6.23041,62.52567],[6.22641,62.5251],[6.22437,62.52551],[6.22474,62.52613],[6.22679,62.52679],[6.23692,62.52864]],[[6.25491,62.52855],[6.25231,62.52841],[6.25218,62.52973],[6.25455,62.52998],[6.25408,62.52957],[6.25607,62.52894],[6.25491,62.52855]],[[6.2178,62.5282],[6.2188,62.52827],[6.21912,62.52797],[6.20857,62.52508],[6.20983,62.52672],[6.2115,62.52749],[6.21605,62.52828],[6.2178,62.5282]],[[6.12999,62.52383],[6.13195,62.52347],[6.13353,62.52407],[6.13574,62.52424],[6.14023,62.52339],[6.13928,62.52004],[6.1371,62.51916],[6.13567,62.51769],[6.13607,62.51651],[6.13485,62.51448]],[[6.24353,62.52989],[6.23893,62.52929],[6.24486,62.53167],[6.24803,62.53209],[6.24774,62.53154],[6.24353,62.52989]],[[6.20962,62.5307],[6.2082,62.52899],[6.20417,62.52792],[6.20353,62.5274]],[[6.12583,62.52634],[6.12999,62.52383]],[[6.20353,62.5274],[6.20299,62.52645],[6.19775,62.52434],[6.19713,62.52441],[6.19692,62.52521],[6.19613,62.52523],[6.19153,62.52231],[6.18676,62.52227],[6.18471,62.52281],[6.18735,62.5247],[6.18683,62.52535],[6.18763,62.52635],[6.19197,62.52887],[6.19602,62.53009],[6.19902,62.53169]],[[6.23498,62.53519],[6.23318,62.53369],[6.23175,62.53335],[6.23171,62.53273],[6.23253,62.53243],[6.23177,62.53196],[6.22398,62.53026],[6.22665,62.53213],[6.22996,62.53269],[6.23088,62.53408],[6.23311,62.53464],[6.23278,62.53515],[6.23487,62.53557]],[[6.20042,62.53309],[6.19725,62.53284],[6.19659,62.53318],[6.20029,62.53509],[6.20279,62.53535],[6.20149,62.53354],[6.20042,62.53309]],[[6.10122,62.50921],[6.09896,62.51088],[6.09587,62.51164],[6.09392,62.51279],[6.09546,62.51345],[6.09587,62.51423],[6.09337,62.51372],[6.09253,62.51423],[6.09397,62.51509],[6.09614,62.51469],[6.09717,62.51378],[6.09883,62.51376],[6.09843,62.5179],[6.09926,62.52173],[6.09839,62.52243],[6.09825,62.5237],[6.10015,62.52641],[6.1026,62.52729],[6.1057,62.5271],[6.10677,62.52809],[6.11047,62.5287],[6.11524,62.53066],[6.11565,62.52974],[6.11768,62.53028],[6.12006,62.52902],[6.12172,62.52954],[6.12595,62.52715],[6.12583,62.52634]],[[6.28631,62.54176],[6.2863,62.54132],[6.28243,62.53924],[6.27742,62.53771],[6.27501,62.53617],[6.26977,62.53437],[6.26338,62.53476],[6.25946,62.5338],[6.25796,62.53302],[6.25722,62.53151],[6.25555,62.53129],[6.25545,62.52993],[6.2594,62.52977],[6.26079,62.53039],[6.26031,62.5315],[6.26091,62.53172],[6.26265,62.53127],[6.26299,62.53046],[6.26689,62.53035],[6.26608,62.52901],[6.2693,62.52891],[6.28489,62.53017],[6.28999,62.52975],[6.29656,62.53059],[6.30103,62.53026],[6.30244,62.52936],[6.30843,62.52958],[6.3182,62.53051],[6.32176,62.53144],[6.32696,62.53132],[6.32945,62.53173],[6.33154,62.53076],[6.33402,62.53103]],[[6.20659,62.5338],[6.2077,62.53447],[6.20877,62.53766],[6.21038,62.53797],[6.21189,62.53689],[6.21159,62.536],[6.20973,62.53473],[6.21097,62.53231],[6.20962,62.5307]],[[6.13059,62.53371],[6.13151,62.53249],[6.13412,62.53275],[6.13571,62.53177],[6.13783,62.52964],[6.13622,62.52926],[6.13812,62.52727],[6.13223,62.52803],[6.12943,62.52913],[6.1292,62.53011],[6.12637,62.53037],[6.1217,62.53193],[6.12103,62.5331]],[[6.28574,62.54355],[6.28631,62.54176]],[[6.28574,62.54355],[6.28445,62.54426]],[[6.13059,62.53371],[6.13118,62.53479]],[[6.1311,62.54015],[6.13418,62.53505],[6.13347,62.53472],[6.13118,62.53479]],[[6.19323,62.54469],[6.19229,62.54291],[6.19096,62.54223],[6.19165,62.54123],[6.18945,62.54036],[6.18989,62.53883],[6.18348,62.53869],[6.18229,62.53962],[6.18359,62.54059],[6.18548,62.54082],[6.18572,62.54202],[6.18378,62.54253],[6.1819,62.54243],[6.18196,62.54289],[6.1835,62.5434],[6.18617,62.54348],[6.18662,62.54307],[6.18604,62.54257],[6.18741,62.54246],[6.18861,62.54453],[6.19063,62.5445],[6.19159,62.5453],[6.19323,62.54469]],[[6.20049,62.54567],[6.19984,62.54512],[6.19891,62.54582],[6.20074,62.54686],[6.20125,62.54606],[6.20049,62.54567]],[[6.12903,62.5427],[6.1311,62.54015]],[[6.26419,62.55253],[6.26264,62.55191],[6.2586,62.55132],[6.25975,62.55041],[6.25788,62.54962],[6.25682,62.548],[6.25283,62.54841],[6.25196,62.54886],[6.25472,62.54941],[6.25469,62.55056],[6.2511,62.55057]],[[6.06003,62.54053],[6.05845,62.53985],[6.05494,62.53925],[6.0515,62.53928],[6.04972,62.53971],[6.03829,62.53849]],[[6.03829,62.53849],[6.03135,62.53826],[6.02433,62.53533],[6.01827,62.53537],[6.01436,62.53582],[6.01665,62.5377],[6.02003,62.53876],[6.01996,62.53939],[6.02542,62.5404],[6.02549,62.54138],[6.02866,62.54159],[6.03099,62.54129]],[[6.23084,62.54917],[6.2288,62.54965],[6.22648,62.5496],[6.22534,62.55064],[6.21947,62.55202],[6.2211,62.55298],[6.22481,62.55335],[6.22887,62.55581]],[[6.10304,62.54766],[6.10154,62.54816],[6.10064,62.54786],[6.10138,62.5458],[6.10693,62.5425],[6.11243,62.53792],[6.12103,62.5331]],[[6.10298,62.54829],[6.10383,62.54778],[6.10304,62.54766]],[[6.03657,62.54416],[6.04066,62.54275],[6.03975,62.54182],[6.03725,62.54192]],[[6.24036,62.55751],[6.23959,62.55396],[6.23595,62.55115],[6.23774,62.55023],[6.23643,62.54935],[6.23438,62.54884],[6.23084,62.54917]],[[6.12903,62.5427],[6.12214,62.54942],[6.12292,62.5514]],[[6.27749,62.56188],[6.27438,62.56054],[6.2745,62.55996],[6.27224,62.55755]],[[6.06003,62.54053],[6.06157,62.54092],[6.06465,62.54073],[6.06716,62.54204],[6.06214,62.54694],[6.06207,62.5482]],[[6.01375,62.54505],[6.01505,62.5443],[6.01402,62.54349],[6.01439,62.54319],[6.01296,62.54275],[6.01204,62.5429],[6.01247,62.54347],[6.0093,62.54457],[6.00724,62.54423],[6.0052,62.54454],[6.00696,62.5452],[6.00969,62.54551],[6.01223,62.54546],[6.01375,62.54505]],[[6.07982,62.54929],[6.07158,62.54932],[6.06638,62.54999],[6.06207,62.5482]],[[6.07982,62.54929],[6.08206,62.55046],[6.08242,62.55216]],[[6.2511,62.55057],[6.24547,62.55],[6.24377,62.55016],[6.24353,62.55051],[6.24528,62.55231],[6.24602,62.55494],[6.25105,62.55766],[6.25247,62.5593],[6.25461,62.56021],[6.25554,62.56305],[6.25751,62.56372],[6.25988,62.56318],[6.25915,62.56186],[6.26051,62.56115],[6.2623,62.56109],[6.26566,62.55856],[6.26442,62.55362],[6.26509,62.55309],[6.26419,62.55253]],[[6.08242,62.55216],[6.08486,62.55383],[6.09255,62.55337],[6.09981,62.55039],[6.10298,62.54829]],[[6.24367,62.56425],[6.24261,62.5629],[6.24235,62.55939],[6.24036,62.55751]],[[6.27749,62.56188],[6.27221,62.56654]],[[6.03657,62.54416],[6.03499,62.54547],[6.0339,62.54533],[6.03227,62.54596],[6.02133,62.54678],[6.01868,62.54626],[6.0157,62.54697],[6.01279,62.5494],[6.01357,62.55013],[6.0124,62.55065],[6.00956,62.55055],[6.00803,62.55204],[6.01129,62.55289],[6.01662,62.55305],[6.01545,62.55418],[6.01581,62.55502],[6.01905,62.55457],[6.02558,62.55466],[6.02994,62.55566],[6.02958,62.55644],[6.03178,62.55653],[6.03268,62.55697]],[[6.13077,62.56343],[6.13454,62.55956],[6.13042,62.55761]],[[6.27003,62.57399],[6.27027,62.57086],[6.27113,62.56951],[6.2707,62.56852],[6.27221,62.56654]],[[6.12881,62.5662],[6.12949,62.5657],[6.13352,62.56603],[6.13375,62.56476],[6.13079,62.56384],[6.13077,62.56343]],[[6.22887,62.55581],[6.23281,62.55945],[6.23274,62.56042],[6.23037,62.56171],[6.23005,62.56404],[6.23489,62.56735],[6.23554,62.56862],[6.23852,62.57035],[6.23819,62.57088],[6.23635,62.57136],[6.23942,62.57276],[6.24171,62.57306],[6.24329,62.57281],[6.24485,62.57201],[6.24462,62.56844],[6.24573,62.56845],[6.24777,62.57121],[6.24752,62.5727],[6.24913,62.57486],[6.25179,62.57515],[6.25254,62.57582],[6.25449,62.57569],[6.257,62.5738],[6.25877,62.57336],[6.25857,62.5723],[6.252,62.5704],[6.25135,62.56992],[6.25151,62.56873],[6.24779,62.56709],[6.24725,62.56515],[6.24626,62.56464],[6.24428,62.56475],[6.24367,62.56425]],[[6.12742,62.56759],[6.12233,62.57039]],[[6.09744,62.56994],[6.09416,62.57035],[6.09166,62.56952],[6.08168,62.5696],[6.07766,62.56907]],[[6.07282,62.56995],[6.07766,62.56907]],[[6.2692,62.57454],[6.2651,62.57497],[6.26668,62.5761],[6.26485,62.57703],[6.26197,62.5773],[6.26082,62.57871],[6.25745,62.57988],[6.25629,62.58138],[6.2569,62.58341],[6.25776,62.58374]],[[6.03268,62.55697],[6.03366,62.55763],[6.0326,62.55951],[6.03289,62.56035],[6.03541,62.56152],[6.03524,62.56407],[6.0378,62.5643],[6.04126,62.56347],[6.04643,62.56357],[6.04989,62.56508],[6.05109,62.56614],[6.05036,62.56703],[6.05328,62.56863],[6.05857,62.56914],[6.06312,62.56889],[6.06465,62.56919],[6.06597,62.57052],[6.0631,62.57168],[6.06483,62.57229],[6.06779,62.57188],[6.06981,62.57093],[6.07186,62.57081],[6.07282,62.56995]],[[6.05773,62.57044],[6.05709,62.57027],[6.05547,62.57068],[6.05382,62.5722],[6.05787,62.57154],[6.05829,62.57075],[6.05773,62.57044]],[[6.09647,62.57672],[6.09804,62.57368],[6.09917,62.57336],[6.10146,62.57111],[6.09744,62.56994]],[[6.12021,62.57824],[6.11839,62.57459],[6.12001,62.57221],[6.12233,62.57039]],[[6.26519,62.58744],[6.25959,62.58506],[6.25776,62.58374]],[[6.26843,62.58764],[6.26777,62.58736],[6.26605,62.58749]],[[6.27501,62.58805],[6.27283,62.58694],[6.27046,62.5867],[6.26947,62.58771]],[[6.12021,62.57824],[6.12175,62.57974],[6.12364,62.58016]],[[6.02489,62.58261],[6.02583,62.5827],[6.02781,62.58208],[6.0254,62.58093]],[[6.12097,62.58905],[6.12363,62.58894],[6.12496,62.58846],[6.12558,62.58666],[6.12745,62.58535],[6.12694,62.58449],[6.12856,62.58354],[6.12751,62.58235],[6.1244,62.58112],[6.12364,62.58016]],[[6.09624,62.57708],[6.08967,62.58026],[6.08441,62.58134],[6.08103,62.58256],[6.0717,62.58237],[6.07056,62.58268],[6.07138,62.58322],[6.07346,62.58354],[6.07272,62.58502],[6.07327,62.58555],[6.07781,62.58661]],[[6.27501,62.58805],[6.27651,62.5897],[6.28516,62.59371],[6.28759,62.59467],[6.29053,62.59492],[6.29673,62.59688],[6.30047,62.59974],[6.30182,62.59967],[6.30542,62.60061],[6.30693,62.60042],[6.30739,62.59985],[6.30976,62.59987],[6.3133,62.60163]],[[6.38588,62.60496],[6.40259,62.6077],[6.40938,62.60834]],[[6.07781,62.58661],[6.07864,62.58743],[6.0805,62.58799],[6.08699,62.58806],[6.08839,62.5888],[6.0924,62.58823],[6.09447,62.58834],[6.09999,62.5895],[6.10261,62.58924],[6.10286,62.58991],[6.10778,62.59081],[6.10983,62.59046],[6.11254,62.59066],[6.11436,62.58999],[6.11545,62.59052],[6.11574,62.59162],[6.1166,62.59143],[6.11782,62.58904],[6.11895,62.5888],[6.12097,62.58905]],[[6.21746,62.59421],[6.21522,62.5936],[6.21438,62.59373],[6.21302,62.59598],[6.2132,62.59687],[6.21606,62.59891]],[[6.3133,62.60163],[6.31499,62.60251],[6.31612,62.60458],[6.32116,62.60703],[6.3218,62.60695]],[[6.21606,62.59891],[6.22121,62.60126],[6.22195,62.60077],[6.22152,62.60014],[6.22392,62.59843],[6.22202,62.5959],[6.21746,62.59421]],[[6.24272,62.60142],[6.23866,62.60079],[6.2378,62.601],[6.23668,62.60233],[6.23995,62.60331],[6.24163,62.60342],[6.24341,62.60303],[6.24435,62.60234],[6.24272,62.60142]],[[6.3218,62.60695],[6.3233,62.60765],[6.32627,62.60789],[6.32693,62.60985],[6.3305,62.61057]],[[6.3305,62.61057],[6.33228,62.61102],[6.3322,62.61236],[6.33353,62.6132],[6.33611,62.6133],[6.35223,62.60841],[6.35907,62.60829],[6.36331,62.60861],[6.36316,62.60747],[6.36395,62.60728],[6.37299,62.60627],[6.3801,62.60594],[6.38588,62.60496]],[[6.25138,62.60521],[6.2466,62.60514],[6.24497,62.60608],[6.24547,62.60859],[6.24745,62.60916],[6.24876,62.61027],[6.25033,62.61047],[6.25353,62.60993],[6.25556,62.60803],[6.25409,62.60589],[6.25138,62.60521]],[[6.05847,62.60241],[6.05452,62.60223],[6.05418,62.60259],[6.05693,62.60299],[6.05847,62.60241]],[[6.2125,62.62346],[6.21662,62.62065],[6.21869,62.61893],[6.2194,62.61737],[6.2209,62.61656],[6.2199,62.61633],[6.22057,62.61409],[6.22022,62.61144],[6.21723,62.60858],[6.21985,62.60496],[6.21978,62.60292],[6.21676,62.60176],[6.21612,62.60184]],[[6.20821,62.62525],[6.21212,62.62401],[6.2125,62.62346]],[[6.20096,62.62727],[6.20261,62.62648],[6.20821,62.62525]],[[6.13648,62.62447],[6.1403,62.62245],[6.14297,62.61962],[6.14641,62.61797],[6.14677,62.61739],[6.14553,62.61497],[6.14689,62.61393],[6.15001,62.61332],[6.15512,62.61308],[6.16546,62.6118],[6.1668,62.61105],[6.16745,62.60983],[6.16946,62.6095],[6.17051,62.60834],[6.17665,62.60618],[6.19246,62.6036],[6.19965,62.6029],[6.20074,62.60231],[6.2007,62.60057],[6.20141,62.60017],[6.20526,62.60014],[6.2084,62.59968],[6.20964,62.60071],[6.21194,62.60086],[6.21521,62.60175]],[[6.19976,62.62849],[6.20096,62.62727]],[[6.24975,62.63165],[6.2554,62.6292],[6.25877,62.6294],[6.26608,62.62871],[6.26996,62.62894],[6.27456,62.63104]],[[6.27456,62.63104],[6.27557,62.63327]],[[6.11987,62.62608],[6.11739,62.62604],[6.11567,62.6278],[6.11617,62.62822],[6.11883,62.62831],[6.11975,62.62764],[6.11987,62.62608]],[[6.35628,62.64088],[6.35338,62.64081],[6.35326,62.64127],[6.35142,62.64182],[6.3511,62.64273],[6.35333,62.64456],[6.35281,62.64503],[6.3543,62.64518],[6.3547,62.64572],[6.3557,62.64527],[6.35704,62.64274],[6.35727,62.64188],[6.35628,62.64088]],[[6.16367,62.63444],[6.16446,62.63445]],[[6.27027,62.64137],[6.27369,62.63834],[6.27515,62.63814],[6.27573,62.63767],[6.27516,62.63613],[6.27557,62.63327]],[[6.16446,62.63445],[6.16665,62.63501],[6.16731,62.63568]],[[6.16731,62.63568],[6.16667,62.63682],[6.16957,62.63676],[6.17053,62.63716],[6.17048,62.63769],[6.17137,62.63781],[6.1731,62.63771],[6.17626,62.63678],[6.18056,62.63702],[6.18607,62.63595],[6.19333,62.63378],[6.19976,62.62849]],[[6.15015,62.63726],[6.15323,62.63731],[6.16045,62.63497],[6.16367,62.63444]],[[6.13648,62.62447],[6.13465,62.62614],[6.13203,62.62734],[6.12983,62.63016],[6.1277,62.63136],[6.12737,62.63421],[6.13141,62.63486],[6.13501,62.6348],[6.13766,62.63578],[6.1401,62.63596],[6.14092,62.63635],[6.14105,62.63771],[6.14534,62.63801],[6.14785,62.63789],[6.15015,62.63726]],[[6.20013,62.65231],[6.20326,62.65196],[6.21153,62.65016],[6.21951,62.64774],[6.22211,62.64593],[6.23292,62.6417],[6.24975,62.63165]],[[6.20013,62.65231],[6.18923,62.6549]],[[6.33593,62.67376],[6.33944,62.67237],[6.34291,62.67233],[6.34294,62.67107],[6.34641,62.6692],[6.34904,62.66617],[6.34864,62.66112],[6.34744,62.66095],[6.34105,62.65613],[6.33895,62.65509],[6.33551,62.65429],[6.33484,62.65326],[6.33599,62.6517],[6.32935,62.65095],[6.32774,62.65128],[6.32686,62.65066],[6.31723,62.65245],[6.31344,62.65243],[6.29722,62.65614]],[[6.21841,62.67261],[6.21521,62.67331],[6.2161,62.67417],[6.21779,62.67362],[6.21841,62.67261]],[[6.16766,62.67165],[6.16558,62.66878],[6.16255,62.66853],[6.16148,62.66779],[6.15996,62.66774],[6.15972,62.66665],[6.16126,62.66624],[6.16208,62.66511],[6.1636,62.66488],[6.16843,62.66256],[6.17176,62.66216],[6.17361,62.66084],[6.17796,62.65914],[6.17895,62.6582],[6.17823,62.65757],[6.17269,62.6566],[6.17014,62.65521],[6.17243,62.65471],[6.17772,62.65506],[6.18923,62.6549]],[[6.20745,62.67417],[6.21048,62.67213],[6.21296,62.66948],[6.2163,62.66795],[6.21897,62.66787],[6.21898,62.6672],[6.22124,62.66543],[6.22361,62.66435],[6.22692,62.66367],[6.22805,62.6629],[6.23169,62.66255],[6.23849,62.66449],[6.24095,62.66412],[6.24261,62.66062],[6.24666,62.65533],[6.24884,62.65354],[6.25049,62.65233],[6.25626,62.64986],[6.26405,62.64574],[6.26617,62.64407],[6.26911,62.64271],[6.27027,62.64137]],[[6.25567,62.67721],[6.25994,62.67631],[6.25881,62.67532],[6.26199,62.67519],[6.26293,62.67462],[6.26094,62.67332],[6.2613,62.67119],[6.26288,62.66937],[6.26544,62.66809],[6.26934,62.66496],[6.2714,62.6647],[6.27183,62.66398],[6.28033,62.66097],[6.29453,62.6569]],[[6.31293,62.68079],[6.3215,62.67984],[6.32536,62.67867],[6.33068,62.67827],[6.33593,62.67376]],[[6.25567,62.67721],[6.24869,62.67968]],[[6.20153,62.67713],[6.20745,62.67417]],[[6.40772,62.68809],[6.40425,62.68751],[6.39998,62.68766],[6.39213,62.68836],[6.38566,62.68956]],[[6.28798,62.68736],[6.29181,62.68786],[6.29193,62.68595],[6.29577,62.68476],[6.29997,62.68422],[6.30344,62.68455],[6.30516,62.68437],[6.30764,62.68268],[6.31293,62.68079]],[[6.19098,62.68288],[6.19225,62.68265],[6.19186,62.68138],[6.19245,62.68048],[6.19647,62.67966],[6.20016,62.67972],[6.20173,62.67941],[6.20144,62.67721]],[[6.26217,62.6874],[6.26471,62.68673],[6.26658,62.6867]],[[6.38566,62.68956],[6.3793,62.69059],[6.37762,62.69167],[6.3743,62.6925],[6.37371,62.69341],[6.37078,62.69386],[6.36913,62.69452]],[[6.26658,62.6867],[6.26888,62.68686],[6.2695,62.68781],[6.27297,62.68968],[6.27583,62.69021],[6.27817,62.689],[6.28501,62.68835],[6.28503,62.68738],[6.28798,62.68736]],[[6.16766,62.67165],[6.16857,62.67192],[6.16905,62.67293],[6.16941,62.67569],[6.16873,62.67618],[6.16848,62.67823],[6.16952,62.68138],[6.17033,62.68178],[6.16998,62.68354],[6.17248,62.68394],[6.17585,62.68382],[6.17678,62.68122],[6.17945,62.68068],[6.18551,62.68167],[6.18806,62.68132],[6.18866,62.68227],[6.19098,62.68288]],[[6.24869,62.67968],[6.24667,62.68029],[6.24412,62.6803],[6.24402,62.68116],[6.24097,62.68169],[6.2407,62.68263],[6.23868,62.68311],[6.23566,62.68329],[6.23444,62.68263],[6.23333,62.68318],[6.23068,62.68339],[6.23077,62.68385],[6.23305,62.68449],[6.23415,62.68601],[6.23325,62.68643],[6.23287,62.68776],[6.23384,62.68831],[6.23367,62.68924],[6.23248,62.68963]],[[6.36913,62.69452],[6.36162,62.69779],[6.35586,62.69794]],[[6.16902,62.68392],[6.16709,62.68359],[6.16432,62.68463],[6.16615,62.68698],[6.16934,62.6863],[6.16845,62.6845],[6.16902,62.68392]],[[6.35586,62.69794],[6.3496,62.69965],[6.34785,62.69936],[6.34502,62.69988]],[[6.2525,62.69343],[6.24901,62.69259],[6.24773,62.693],[6.24959,62.6944],[6.25163,62.69404],[6.2525,62.69343]],[[6.23248,62.68963],[6.23183,62.69059],[6.22834,62.69162],[6.22983,62.69211],[6.22951,62.69302],[6.23287,62.69373],[6.23524,62.69292],[6.24277,62.69272],[6.24805,62.69139],[6.24965,62.69052],[6.25069,62.69049],[6.25071,62.69107],[6.25167,62.69126],[6.25282,62.69085],[6.25172,62.69007],[6.25335,62.68937],[6.26182,62.6892],[6.26239,62.68882],[6.26165,62.68786],[6.26217,62.6874]],[[6.34502,62.69988],[6.34253,62.69927],[6.33747,62.70044],[6.33535,62.70055]],[[6.18831,62.6918],[6.1896,62.69243],[6.19654,62.69329],[6.2035,62.69202],[6.20374,62.69171],[6.2018,62.69114],[6.20245,62.69071],[6.20577,62.69148],[6.20673,62.69064],[6.20422,62.69002],[6.20268,62.68819],[6.20432,62.68706],[6.20647,62.68725],[6.20609,62.68654],[6.20364,62.68653],[6.2026,62.68496],[6.19846,62.68643],[6.19529,62.6861],[6.19234,62.68663],[6.19082,62.68712],[6.19109,62.68778],[6.18936,62.68897],[6.19012,62.68958],[6.19255,62.6897],[6.19392,62.69036],[6.18845,62.69134]],[[6.37736,62.70786],[6.38022,62.70812]],[[6.38019,62.70821],[6.38073,62.70819]],[[6.34588,62.70632],[6.34792,62.70661],[6.35348,62.70621],[6.35693,62.70719],[6.36116,62.70702],[6.36564,62.70859],[6.36993,62.70913],[6.37058,62.70832],[6.37217,62.7078],[6.37736,62.70786]],[[6.38019,62.70821],[6.37902,62.70852],[6.37821,62.70966],[6.37955,62.71041]],[[6.33535,62.70055],[6.32648,62.70113],[6.32602,62.70152],[6.32688,62.70211],[6.32508,62.70276],[6.32132,62.70314],[6.31906,62.70424],[6.31598,62.70413],[6.31552,62.70471],[6.31602,62.70558],[6.32264,62.70585],[6.32725,62.70716],[6.32827,62.70654],[6.32992,62.70631],[6.33263,62.707]],[[6.33263,62.707],[6.33495,62.70792],[6.33648,62.70804],[6.33902,62.70764],[6.33987,62.70807],[6.34125,62.70687],[6.34289,62.70699],[6.34333,62.70649],[6.34588,62.70632]],[[6.37955,62.71041],[6.387,62.71058],[6.38696,62.71028],[6.38921,62.70985],[6.39163,62.71044],[6.38907,62.71184],[6.39087,62.71246],[6.40635,62.71307],[6.41037,62.71289]],[[6.33594,62.71283],[6.33228,62.71292],[6.33468,62.71374],[6.33611,62.7138],[6.33594,62.71283]],[[6.24284,62.71789],[6.23985,62.7175],[6.23864,62.71868],[6.24027,62.71884],[6.24295,62.71823],[6.24284,62.71789]],[[6.04567,62.50934],[6.04715,62.5092]],[[6.43126,62.53295],[6.43443,62.53271]],[[6.23692,62.52864],[6.2375,62.52848],[6.23708,62.5281]],[[6.23487,62.53557],[6.23498,62.53519]],[[6.19902,62.53169],[6.20366,62.53253],[6.20659,62.5338]],[[6.03099,62.54129],[6.03348,62.54115],[6.03513,62.54147]],[[6.03513,62.54147],[6.03725,62.54192]],[[6.12292,62.5514],[6.12644,62.55241],[6.12976,62.55473],[6.12944,62.55553],[6.13042,62.55761]],[[6.2692,62.57454],[6.27003,62.57399]],[[6.12881,62.5662],[6.12742,62.56759]],[[6.26519,62.58744],[6.26605,62.58749]],[[6.09647,62.57672],[6.09624,62.57708]],[[6.26843,62.58764],[6.26869,62.58805],[6.26947,62.58771]],[[6.0254,62.58093],[6.02336,62.58122],[6.02489,62.58261]],[[6.21612,62.60184],[6.21521,62.60175]],[[6.29722,62.65614],[6.29453,62.6569]],[[6.20144,62.67721],[6.20153,62.67713]],[[6.18845,62.69134],[6.18831,62.6918]],[[6.38073,62.70819],[6.38022,62.70812]],[[6.28445,62.54426],[6.27822,62.54467],[6.27392,62.54624],[6.27304,62.54586],[6.27139,62.54591],[6.27101,62.54674],[6.2662,62.54713],[6.26539,62.5479],[6.26515,62.54861],[6.26621,62.54941],[6.26881,62.54952],[6.27394,62.54874],[6.27631,62.54956],[6.2754,62.55301],[6.27272,62.55573],[6.27224,62.55755]],[[6.24591,62.40252],[6.24718,62.40226],[6.25172,62.40294],[6.25466,62.40228],[6.26015,62.40197],[6.27383,62.40335]],[[6.17892,62.39498],[6.18764,62.39586],[6.19167,62.39594],[6.19654,62.39553],[6.21168,62.39754],[6.21854,62.39788],[6.23056,62.40073],[6.23591,62.40109],[6.24106,62.40246],[6.24406,62.40272]],[[6.0209,62.39105],[6.02554,62.38814],[6.02732,62.38768],[6.03,62.38767],[6.03083,62.38727],[6.03175,62.38636],[6.03181,62.38493],[6.03566,62.38207],[6.03463,62.3815],[6.03589,62.37973],[6.03514,62.37936]],[[6.13278,62.39828],[6.13832,62.39743],[6.14826,62.39721],[6.1602,62.39616],[6.16303,62.39569],[6.16494,62.39479],[6.1694,62.39521],[6.17892,62.39498]],[[6.32128,62.41024],[6.32101,62.40883],[6.31549,62.40779],[6.31438,62.40723],[6.31473,62.40666],[6.31326,62.40611],[6.29816,62.40523],[6.29744,62.40496],[6.29715,62.40385],[6.29593,62.40348],[6.29409,62.40338],[6.29108,62.40398],[6.28837,62.40384],[6.28578,62.40504],[6.28342,62.40512],[6.27863,62.40477],[6.27383,62.40335]],[[6.32128,62.41024],[6.31998,62.41182],[6.31976,62.41331],[6.32107,62.4139],[6.32193,62.41334],[6.32351,62.41372],[6.32254,62.41493]],[[6.37519,62.41688],[6.3741,62.41688],[6.37344,62.41842],[6.3755,62.41956],[6.37795,62.41896],[6.37832,62.41834],[6.37775,62.41758],[6.37519,62.41688]],[[6.32748,62.41731],[6.32792,62.41665],[6.32676,62.41387],[6.32747,62.4137],[6.32945,62.4143],[6.33354,62.41361],[6.33672,62.41466],[6.34053,62.41474],[6.35649,62.41762],[6.36629,62.42034]],[[6.32748,62.41731],[6.32507,62.41944]],[[6.36569,62.42241],[6.36657,62.42173],[6.36629,62.42034]],[[6.00887,62.40062],[6.01278,62.39929],[6.01357,62.39852],[6.01303,62.39749],[6.01368,62.39669],[6.02002,62.39258],[6.0209,62.39105]],[[6.31876,62.42173],[6.32103,62.41992],[6.3244,62.4193],[6.32609,62.41733],[6.32618,62.41681],[6.32254,62.41493]],[[6.40609,62.42328],[6.40586,62.42248],[6.39905,62.42084],[6.39877,62.41994],[6.39706,62.41894],[6.39348,62.41842],[6.38706,62.41834],[6.38623,62.41882],[6.3862,62.42155],[6.38742,62.42395],[6.39561,62.42544],[6.39595,62.42662],[6.39737,62.4273]],[[6.39073,62.42816],[6.38801,62.42818],[6.38833,62.42913],[6.39236,62.42933],[6.39073,62.42816]],[[6.31876,62.42173],[6.31,62.42359],[6.30873,62.42464],[6.30982,62.42537],[6.31332,62.42596],[6.32071,62.42457],[6.32286,62.42257],[6.32094,62.42116],[6.32343,62.42119],[6.32507,62.41944]],[[6.35703,62.42949],[6.35975,62.42925],[6.36126,62.42866],[6.36569,62.42241]],[[6.29459,62.42474],[6.29913,62.42526],[6.29742,62.4262]],[[6.35596,62.43],[6.35596,62.42962],[6.35703,62.42949]],[[6.36264,62.43291],[6.36925,62.43328],[6.37984,62.43265],[6.3799,62.43231],[6.37705,62.43194],[6.37738,62.431],[6.37857,62.43068],[6.38286,62.43103],[6.38275,62.43025],[6.38486,62.42984],[6.38944,62.43017],[6.39286,62.42959],[6.39271,62.43099],[6.39518,62.43106],[6.39528,62.4305],[6.39727,62.42933],[6.39737,62.4273]],[[6.29742,62.4262],[6.29518,62.42749],[6.29662,62.42904],[6.29872,62.42981],[6.3047,62.43031],[6.31147,62.43013],[6.31361,62.42893],[6.31793,62.42883],[6.31909,62.42811],[6.32089,62.42786],[6.32282,62.42807],[6.32939,62.43036],[6.33525,62.42986],[6.33964,62.43018],[6.3408,62.42982],[6.3452,62.43152],[6.34941,62.43126],[6.35581,62.4318],[6.35702,62.43124],[6.35596,62.43]],[[6.07507,62.4165],[6.07923,62.41395],[6.08939,62.41122],[6.09544,62.40784],[6.10157,62.40542],[6.10772,62.40409],[6.11565,62.40066],[6.12112,62.39958],[6.13278,62.39828]],[[6.27577,62.42954],[6.27805,62.42876],[6.27579,62.42622],[6.27693,62.42335],[6.28305,62.42454],[6.2854,62.42319],[6.28925,62.42264],[6.29107,62.42292],[6.29284,62.42442],[6.29459,62.42474]],[[6.27872,62.4299],[6.27686,62.43017],[6.27577,62.42954]],[[6.32355,62.43177],[6.32051,62.43312],[6.3166,62.43418],[6.30731,62.43329],[6.30566,62.43376],[6.30198,62.43371],[6.29947,62.43451],[6.30245,62.43556],[6.30519,62.43468],[6.30631,62.43495]],[[6.00252,62.41824],[6.00231,62.41691],[6.00678,62.41264],[6.00596,62.40733],[6.00647,62.40593]],[[6.36019,62.44132],[6.35655,62.4408],[6.35689,62.44013],[6.34644,62.43918],[6.34348,62.43853],[6.34409,62.43724],[6.35011,62.43628],[6.35033,62.43589],[6.34912,62.43565],[6.34715,62.43389],[6.34392,62.43375],[6.34241,62.43302],[6.34503,62.43239],[6.35605,62.43246],[6.36264,62.43291]],[[6.35993,62.44223],[6.36111,62.44173],[6.36019,62.44132]],[[6.2857,62.4383],[6.28901,62.43873],[6.29144,62.43853],[6.29392,62.43732],[6.28821,62.43559],[6.28797,62.43517],[6.28972,62.43437],[6.28907,62.43351],[6.28946,62.43199],[6.28853,62.4312],[6.28518,62.43044],[6.28458,62.42981],[6.28214,62.429],[6.28,62.42904],[6.27872,62.4299]],[[6.23728,62.43903],[6.23689,62.43658],[6.238,62.43598],[6.24156,62.43579]],[[6.30631,62.43495],[6.30786,62.43561],[6.30703,62.43664],[6.30828,62.4375],[6.31481,62.43666],[6.31838,62.43713],[6.32092,62.43808],[6.31803,62.4395],[6.31339,62.44025],[6.30962,62.44038],[6.30922,62.44136],[6.31093,62.44224],[6.31162,62.44324],[6.31455,62.44329],[6.31804,62.44217],[6.31818,62.44342],[6.32548,62.44371],[6.32983,62.44263],[6.33003,62.44158],[6.33484,62.44058],[6.3338,62.43866],[6.33686,62.43816],[6.34173,62.4383],[6.34216,62.43796],[6.33827,62.4372],[6.33676,62.43556],[6.33689,62.43348],[6.33602,62.433],[6.32355,62.43177]],[[6.27108,62.44319],[6.27474,62.44267],[6.28018,62.44047],[6.2809,62.43951],[6.28068,62.4376],[6.27844,62.43669],[6.2817,62.43678],[6.2857,62.4383]],[[5.99796,62.42187],[6.00179,62.42216],[6.0035,62.41983],[6.00252,62.41824]],[[6.23728,62.43903],[6.24045,62.43996],[6.24021,62.44103],[6.2376,62.44205]],[[6.24156,62.43579],[6.24161,62.43622],[6.24321,62.43653],[6.24557,62.43818],[6.24547,62.43915],[6.2468,62.43992],[6.25058,62.44022],[6.25012,62.44071],[6.25077,62.44119],[6.25367,62.44199],[6.2558,62.44188],[6.2603,62.44268],[6.26051,62.44379],[6.26185,62.44417]],[[6.26185,62.44417],[6.27108,62.44319]],[[6.13342,62.43825],[6.13841,62.43794]],[[6.16022,62.44002],[6.16188,62.43989],[6.16596,62.43861]],[[6.13841,62.43794],[6.14455,62.43877],[6.15034,62.43847],[6.15707,62.44027],[6.16022,62.44002]],[[6.28589,62.44786],[6.28998,62.4467],[6.29301,62.44795],[6.30114,62.44878],[6.30272,62.44826],[6.30386,62.44585],[6.30486,62.44565],[6.30866,62.44694],[6.30879,62.44775],[6.30981,62.44806],[6.30995,62.4439],[6.30809,62.44325],[6.30346,62.44285],[6.29965,62.44176],[6.29655,62.44141],[6.29548,62.44184],[6.29519,62.44271],[6.2924,62.44342],[6.28929,62.44364],[6.28808,62.44328],[6.28425,62.44408],[6.2835,62.44465],[6.27854,62.44471],[6.27323,62.44574],[6.27329,62.44658],[6.27513,62.44676],[6.27729,62.44765],[6.27728,62.44835],[6.28514,62.44818],[6.28589,62.44786]],[[6.07507,62.4165],[6.07249,62.41781],[6.07258,62.41912],[6.07021,62.42294],[6.0669,62.42491],[6.06598,62.42611],[6.06238,62.42733],[6.06211,62.4285],[6.06044,62.42937],[6.06127,62.43032],[6.06115,62.43175],[6.05967,62.4335],[6.0594,62.43489]],[[6.35671,62.45733],[6.35575,62.45661]],[[6.35436,62.44171],[6.35069,62.44131],[6.34998,62.44166],[6.35047,62.44264],[6.3535,62.44314],[6.35504,62.44412],[6.3551,62.44486],[6.35285,62.44492],[6.35474,62.44599],[6.35135,62.4475],[6.35049,62.44874],[6.34286,62.45118],[6.34186,62.45251],[6.34345,62.45279],[6.34937,62.4527],[6.35191,62.45322],[6.35116,62.45437],[6.34921,62.45491],[6.34746,62.45449],[6.34578,62.45473],[6.34524,62.456],[6.34837,62.45626],[6.34956,62.45602],[6.35083,62.45698],[6.35545,62.45662]],[[6.06517,62.43912],[6.05596,62.43722],[6.05899,62.43576],[6.0594,62.43489]],[[6.06857,62.43934],[6.07495,62.43911],[6.08265,62.43829],[6.08816,62.43836],[6.09335,62.4378],[6.10828,62.4372],[6.11401,62.43741],[6.12018,62.4385],[6.13108,62.43869],[6.13342,62.43825]],[[6.19236,62.44727],[6.1913,62.44689],[6.18945,62.44709]],[[6.20297,62.44795],[6.20298,62.44671],[6.20637,62.44628],[6.20811,62.44651],[6.20851,62.44614],[6.20681,62.44544],[6.20404,62.44604],[6.19716,62.4458],[6.19266,62.44452],[6.18847,62.44429],[6.1844,62.44466],[6.1837,62.4444],[6.18381,62.44256],[6.18691,62.44215],[6.18854,62.44144],[6.18863,62.44077],[6.18669,62.44081],[6.18089,62.4387],[6.17588,62.43946],[6.17384,62.44023],[6.16941,62.43997],[6.16883,62.43892]],[[6.22749,62.4495],[6.22679,62.44926],[6.22697,62.44877],[6.22916,62.44924],[6.23103,62.44845],[6.23577,62.44887],[6.23651,62.44867],[6.23643,62.44821],[6.23518,62.4483],[6.23435,62.44793],[6.23377,62.44678],[6.23136,62.44672],[6.23074,62.44603],[6.23136,62.44515],[6.23264,62.44506],[6.23176,62.44421],[6.23728,62.44418],[6.2376,62.44205]],[[6.06517,62.43912],[6.06821,62.43935]],[[6.35526,62.45827],[6.35667,62.45763]],[[6.18945,62.44709],[6.19092,62.44803],[6.19248,62.44829],[6.19317,62.44797],[6.19236,62.44727]],[[6.20297,62.44795],[6.20329,62.4485],[6.20504,62.44908],[6.20864,62.44878],[6.21174,62.44966],[6.21209,62.4504],[6.21515,62.45113]],[[6.21515,62.45113],[6.21617,62.45161],[6.2186,62.45173],[6.21884,62.45145],[6.21704,62.45074],[6.21757,62.45017],[6.22007,62.45019],[6.22327,62.44966],[6.2255,62.45025],[6.22766,62.44984],[6.22749,62.4495]],[[6.19801,62.45014],[6.19605,62.44938],[6.19516,62.44957],[6.19518,62.45013],[6.19974,62.45089],[6.19801,62.45014]],[[6.18681,62.45015],[6.18548,62.4494],[6.18132,62.44905],[6.17826,62.44819],[6.17722,62.44812],[6.17617,62.44855],[6.17624,62.44902],[6.17839,62.4496],[6.18419,62.44999],[6.18503,62.45091],[6.18956,62.45104],[6.18921,62.45057],[6.18681,62.45015]],[[6.20531,62.45059],[6.20317,62.45042],[6.20146,62.45092],[6.20183,62.45169],[6.20118,62.45221],[6.20276,62.453],[6.20481,62.45297],[6.20346,62.45124],[6.20534,62.45096],[6.20531,62.45059]],[[6.25808,62.45697],[6.26196,62.4568],[6.27383,62.45806],[6.27806,62.45794],[6.28498,62.45898],[6.28545,62.4597],[6.2894,62.46043],[6.29466,62.46019],[6.29638,62.4606],[6.30075,62.46061],[6.30533,62.46162],[6.3103,62.46191],[6.31333,62.4614],[6.32566,62.46138],[6.32821,62.46062],[6.33354,62.45996],[6.33955,62.46063],[6.34207,62.45975],[6.34717,62.45953]],[[6.25472,62.46836],[6.25727,62.46779]],[[6.15703,62.46254],[6.15882,62.46262]],[[6.16736,62.46347],[6.15882,62.46262]],[[6.16736,62.46347],[6.17047,62.4636],[6.17096,62.46265],[6.16779,62.46165],[6.16415,62.45907],[6.16016,62.4581]],[[6.13375,62.4615],[6.13472,62.46122],[6.13937,62.46167],[6.14859,62.46059],[6.15703,62.46254]],[[6.21135,62.46493],[6.20739,62.46437],[6.20325,62.46442],[6.19832,62.46334],[6.19649,62.46345],[6.20197,62.46456],[6.20116,62.46493],[6.2036,62.46609],[6.20648,62.46667],[6.21025,62.46637],[6.21135,62.46493]],[[6.32526,62.4737],[6.3294,62.47409],[6.33278,62.47492]],[[6.25727,62.46779],[6.25989,62.47006],[6.26614,62.46924],[6.26941,62.46996],[6.28059,62.4709],[6.28493,62.4721],[6.28969,62.47164],[6.29109,62.47224],[6.29538,62.47289],[6.30003,62.47244],[6.3067,62.47237],[6.31217,62.47324],[6.31927,62.4721],[6.3229,62.47344],[6.32526,62.4737]],[[6.22945,62.46942],[6.22776,62.46814],[6.23277,62.46937],[6.23686,62.46917],[6.23835,62.46817],[6.23744,62.46784],[6.23613,62.46804],[6.23594,62.46701],[6.23947,62.46603],[6.23927,62.46506],[6.23605,62.46472],[6.23225,62.46481],[6.2295,62.46388],[6.22607,62.4641],[6.22332,62.46369],[6.2207,62.46397],[6.22084,62.46592],[6.22616,62.46783],[6.22404,62.46864],[6.22449,62.46902]],[[6.22945,62.46942],[6.23151,62.4701],[6.23786,62.47034],[6.24098,62.47003],[6.23859,62.4688],[6.24113,62.46704],[6.2399,62.4659],[6.24251,62.46622],[6.24386,62.46592],[6.2413,62.46402],[6.24558,62.46351],[6.24867,62.46363],[6.24972,62.46386],[6.24932,62.46441],[6.2504,62.46447],[6.25367,62.46383],[6.25202,62.4626],[6.25234,62.4619],[6.25345,62.4618],[6.25387,62.46129],[6.24878,62.45865],[6.24923,62.45757],[6.25166,62.45752],[6.25208,62.45714],[6.24977,62.45612],[6.24986,62.45544],[6.25155,62.45545],[6.25214,62.45598],[6.25586,62.45697],[6.25808,62.45697]],[[6.365,62.47594],[6.36967,62.47635],[6.37191,62.47609],[6.37355,62.47668],[6.3737,62.47779],[6.37131,62.47856],[6.37059,62.47934]],[[6.29011,62.47467],[6.29437,62.47467],[6.29091,62.47391],[6.28441,62.47357],[6.28666,62.47488],[6.28857,62.47502],[6.29011,62.47467]],[[6.34571,62.4831],[6.34189,62.4821],[6.34112,62.48222],[6.34112,62.48263],[6.34463,62.48398],[6.34587,62.48369],[6.34571,62.4831]],[[6.25472,62.46836],[6.25134,62.46897],[6.24977,62.46988],[6.24252,62.47017],[6.24305,62.47082],[6.24844,62.47123],[6.25033,62.47275],[6.24941,62.47271],[6.24905,62.47308],[6.25318,62.47361]],[[6.1564,62.47073],[6.15365,62.46999]],[[6.1564,62.47073],[6.16067,62.47093],[6.16292,62.47017],[6.16833,62.47042],[6.17814,62.47019],[6.18296,62.47054],[6.1833,62.4696],[6.18219,62.46959],[6.18376,62.46829],[6.18796,62.46778],[6.20218,62.46823],[6.20332,62.46855],[6.20389,62.46976],[6.21216,62.46956],[6.21298,62.46928],[6.21922,62.47087],[6.22203,62.47114],[6.22248,62.47089],[6.22171,62.47046],[6.22382,62.47015],[6.22449,62.46902]],[[6.15365,62.46999],[6.15309,62.46943],[6.14946,62.4693],[6.14002,62.46983],[6.14013,62.46827],[6.1394,62.46808],[6.13388,62.46874],[6.12942,62.46873]],[[6.37059,62.47934],[6.36993,62.48026],[6.37146,62.48084],[6.37211,62.48401],[6.37683,62.48542],[6.38186,62.48549]],[[6.25194,62.47813],[6.25862,62.47834],[6.25912,62.4771],[6.25705,62.47683],[6.25689,62.4765],[6.25948,62.47597],[6.26322,62.47432],[6.26259,62.47339],[6.26063,62.47244],[6.25847,62.47206],[6.25474,62.47232],[6.25519,62.47329],[6.25318,62.47361]],[[6.29442,62.48166],[6.29279,62.48069],[6.29314,62.48003],[6.29112,62.47935],[6.29042,62.47949],[6.28939,62.48023],[6.28965,62.48091],[6.2928,62.48152],[6.29319,62.48226],[6.29526,62.48227],[6.29442,62.48166]],[[6.14291,62.47294],[6.15346,62.47352],[6.15415,62.47304],[6.15189,62.47182],[6.15185,62.47104],[6.15405,62.4723]],[[6.12942,62.46873],[6.12849,62.46858],[6.12816,62.46651],[6.12755,62.46634],[6.12099,62.46794],[6.12072,62.46835],[6.12145,62.46944],[6.12375,62.47079],[6.13029,62.47239],[6.13593,62.47277],[6.13823,62.47331],[6.14291,62.47294]],[[6.15485,62.47595],[6.16257,62.47727]],[[6.11124,62.47103],[6.11176,62.4705],[6.11436,62.47037],[6.12629,62.47263],[6.12649,62.47223],[6.11966,62.46996],[6.11471,62.46905],[6.11516,62.46832],[6.11682,62.46814],[6.11775,62.46753],[6.11519,62.46699],[6.11528,62.46596],[6.11583,62.46566],[6.12096,62.46561],[6.12042,62.46471],[6.11803,62.46512],[6.11676,62.46474],[6.1176,62.46418],[6.12222,62.46387],[6.12218,62.46313],[6.12456,62.46243],[6.13375,62.4615]],[[6.15524,62.47463],[6.15591,62.47418],[6.15554,62.47362]],[[6.31156,62.48422],[6.31399,62.48215],[6.3119,62.48122],[6.3071,62.4812],[6.30417,62.48064],[6.30182,62.48108],[6.29687,62.48051],[6.29541,62.48137],[6.29604,62.48193],[6.29997,62.48322],[6.31009,62.48456],[6.31156,62.48422]],[[6.34729,62.48564],[6.34071,62.48342],[6.33408,62.48355],[6.33353,62.48501],[6.33464,62.48611],[6.33583,62.48677],[6.33827,62.48663],[6.34107,62.48707],[6.34164,62.4874],[6.34115,62.48871],[6.34673,62.48756]],[[6.16016,62.4581],[6.15808,62.45766],[6.14546,62.45681],[6.13995,62.45679],[6.13509,62.45723],[6.12724,62.45695],[6.11361,62.45509],[6.10929,62.45405],[6.10632,62.45408],[6.10412,62.45354],[6.09651,62.45388],[6.09042,62.45635],[6.08606,62.45682],[6.08755,62.45984],[6.09183,62.46221],[6.09408,62.4627],[6.09602,62.46386],[6.09606,62.46434],[6.09412,62.465],[6.09379,62.4657],[6.09749,62.46647],[6.09678,62.46719],[6.09418,62.46731],[6.09062,62.46681],[6.08933,62.46716],[6.08896,62.46886],[6.09003,62.46975],[6.09576,62.47046],[6.1,62.47141],[6.10901,62.47142],[6.11071,62.47183],[6.11183,62.47147],[6.11124,62.47103]],[[6.28006,62.48259],[6.2811,62.48156],[6.28444,62.48015],[6.28242,62.47942],[6.27974,62.47925],[6.2758,62.47739],[6.27268,62.47765],[6.26937,62.47961],[6.26941,62.48061],[6.27437,62.48233],[6.27699,62.48233],[6.27887,62.48289],[6.28006,62.48259]],[[6.32898,62.48706],[6.32211,62.48509],[6.31867,62.48495],[6.3199,62.48622],[6.32279,62.48656],[6.32721,62.48773],[6.33044,62.48785],[6.32898,62.48706]],[[6.19956,62.47837],[6.20487,62.47769],[6.20729,62.47786],[6.21236,62.47839],[6.21698,62.47987],[6.21942,62.47991],[6.2224,62.47813],[6.22425,62.47771],[6.23047,62.47889],[6.2365,62.47797],[6.24328,62.47839],[6.25184,62.47813]],[[6.15524,62.47463],[6.1517,62.47512],[6.15208,62.47549],[6.15485,62.47595]],[[6.33592,62.48794],[6.3336,62.48779],[6.33416,62.48852],[6.33702,62.48881],[6.33592,62.48794]],[[6.01835,62.46852],[6.01653,62.46826],[6.01696,62.4677],[6.0159,62.46646],[6.01299,62.46701],[6.01251,62.4677],[6.01103,62.46805],[6.00536,62.46849],[6.00407,62.46798],[6.00102,62.46802],[5.99506,62.46615]],[[6.34673,62.48756],[6.34787,62.48774],[6.34685,62.4881],[6.34682,62.48873],[6.35083,62.48927],[6.35114,62.49133],[6.35956,62.49244],[6.36463,62.49243],[6.36246,62.49013],[6.35831,62.48882],[6.35317,62.48855],[6.35341,62.48742],[6.34927,62.48678],[6.34729,62.48564]],[[6.21781,62.48282],[6.2151,62.48272],[6.21465,62.48324],[6.21781,62.48429]],[[6.21781,62.48429],[6.2189,62.48424],[6.2193,62.48359],[6.21781,62.48282]],[[6.16257,62.47727],[6.164,62.47772],[6.16405,62.47853],[6.16514,62.47896],[6.16771,62.47887],[6.16899,62.47771],[6.17245,62.4776],[6.17913,62.47988],[6.18275,62.48214],[6.18606,62.48253],[6.18711,62.48209]],[[6.04452,62.48058],[6.04307,62.47881],[6.04416,62.47679],[6.04161,62.47427],[6.04038,62.47052],[6.03736,62.46836],[6.03455,62.46776],[6.03172,62.46416],[6.02895,62.46526],[6.02827,62.46608],[6.02881,62.4668],[6.02709,62.46758],[6.02386,62.46832],[6.02297,62.46818],[6.02262,62.46716],[6.01856,62.46723],[6.01856,62.46762],[6.02093,62.46768],[6.02114,62.46833],[6.01835,62.46852]],[[6.04327,62.4829],[6.04568,62.48175],[6.04452,62.48058]],[[6.04642,62.48419],[6.04395,62.48409],[6.0433,62.48438],[6.04335,62.4854],[6.04493,62.48623],[6.04767,62.48584],[6.04642,62.48419]],[[6.06306,62.48643],[6.06044,62.48621],[6.05937,62.4873],[6.05948,62.48797],[6.06174,62.48896],[6.06203,62.48987],[6.06341,62.49013],[6.06517,62.4894],[6.06576,62.48847],[6.06551,62.48764],[6.06306,62.48643]],[[5.99676,62.48375],[6.00728,62.48262],[6.01533,62.48252],[6.01771,62.48282],[6.01964,62.4837],[6.03183,62.48404],[6.03646,62.48322],[6.04176,62.48393],[6.04327,62.4829]],[[6.24406,62.40272],[6.24591,62.40252]],[[6.00647,62.40593],[6.00727,62.40355],[6.009,62.40203],[6.00887,62.40062]],[[6.35436,62.44171],[6.35993,62.44223]],[[6.16596,62.43861],[6.16705,62.43843],[6.16883,62.43892]],[[6.35575,62.45661],[6.35545,62.45662]],[[6.35667,62.45763],[6.35671,62.45733]],[[6.06821,62.43935],[6.06857,62.43934]],[[6.34717,62.45953],[6.35336,62.45815],[6.35526,62.45827]],[[6.35082,62.47352],[6.365,62.47594]],[[6.33278,62.47492],[6.3334,62.47546],[6.33467,62.47556],[6.34015,62.4755],[6.34191,62.47452],[6.3473,62.47355],[6.35082,62.47352]],[[6.38186,62.48549],[6.38552,62.4857],[6.38833,62.48493],[6.39852,62.48593],[6.39916,62.48552]],[[6.25184,62.47813],[6.25194,62.47813]],[[6.15405,62.4723],[6.15554,62.47362]],[[6.18711,62.48209],[6.19292,62.48217],[6.19194,62.481],[6.18923,62.48087],[6.18919,62.48011],[6.19564,62.47873],[6.19956,62.47837]],[[6.5439,62.10789],[6.5445,62.10533],[6.54724,62.1038],[6.55319,62.10474]],[[6.55899,62.10882],[6.55818,62.10809],[6.55586,62.10765],[6.55319,62.10474]],[[6.5439,62.10789],[6.54253,62.10961],[6.54247,62.11123],[6.54326,62.11267],[6.54507,62.11343],[6.54642,62.11506],[6.54588,62.1167],[6.54469,62.11706],[6.54427,62.11771],[6.54926,62.11878]],[[6.54903,62.11959],[6.54976,62.11928],[6.54926,62.11878]],[[6.5827,62.1228],[6.57786,62.12327],[6.57263,62.12264],[6.56646,62.12115],[6.56082,62.1183],[6.5568,62.11851],[6.55725,62.11785],[6.559,62.11743],[6.55943,62.11687],[6.55591,62.11346],[6.55584,62.1122],[6.55899,62.10882]],[[6.5827,62.1228],[6.59279,62.1226],[6.59599,62.12475]],[[6.54903,62.11959],[6.54668,62.12008],[6.54774,62.12123],[6.54778,62.12232],[6.5465,62.12393],[6.54751,62.12502]],[[6.61053,62.13584],[6.6081,62.13272],[6.60537,62.13096],[6.60292,62.12842],[6.59599,62.12475]],[[6.61053,62.13584],[6.60835,62.13864],[6.60914,62.14088],[6.61119,62.14252]],[[6.56669,62.15445],[6.56712,62.15368],[6.57078,62.15131],[6.57575,62.14935],[6.57765,62.14792],[6.58095,62.14687],[6.57983,62.14582],[6.57889,62.14335],[6.58009,62.14095],[6.57709,62.13821],[6.57672,62.13494],[6.57525,62.13379],[6.56558,62.13255],[6.55696,62.13031],[6.55534,62.12901],[6.5504,62.12739],[6.54751,62.12502]],[[6.59983,62.15648],[6.60058,62.15397],[6.60638,62.15012],[6.60548,62.14803],[6.6094,62.14525],[6.61119,62.14252]],[[6.5319,62.18053],[6.53424,62.17874],[6.54061,62.17587],[6.54514,62.17321],[6.55182,62.16492],[6.55887,62.1597],[6.56653,62.15562],[6.56669,62.15445]],[[6.65256,62.19002],[6.65328,62.19215],[6.65219,62.19211],[6.65173,62.19247],[6.65337,62.19234],[6.65422,62.19388],[6.65165,62.19593],[6.65146,62.19691]],[[6.65256,62.19002],[6.6498,62.19044],[6.64713,62.19144],[6.64275,62.19417],[6.639,62.19435],[6.63563,62.19577],[6.62844,62.19779]],[[6.62117,62.19946],[6.6233,62.19927]],[[6.50535,62.19584],[6.52253,62.1838],[6.52633,62.18216],[6.53005,62.18136],[6.5319,62.18053]],[[6.58193,62.20054],[6.57478,62.19888],[6.56424,62.19537],[6.5553,62.19391],[6.55462,62.19304],[6.56145,62.18868],[6.57117,62.18348],[6.58139,62.17301],[6.58465,62.17069],[6.58403,62.16925],[6.59006,62.16671],[6.59082,62.16488],[6.59036,62.16334],[6.59204,62.16028],[6.59375,62.1596],[6.59757,62.15904],[6.59968,62.15765],[6.59983,62.15648]],[[6.60319,62.20184],[6.60766,62.20128],[6.61126,62.20022],[6.62117,62.19946]],[[6.63681,62.20389],[6.6401,62.20309],[6.64543,62.20048],[6.6465,62.19883],[6.65146,62.19691]],[[6.58193,62.20054],[6.58598,62.20192],[6.59197,62.20171],[6.59449,62.20205],[6.59921,62.20377],[6.60077,62.20361],[6.60147,62.20239],[6.60319,62.20184]],[[6.62139,62.20614],[6.63027,62.20539],[6.63681,62.20389]],[[6.58073,62.21186],[6.57899,62.21161],[6.57164,62.2083],[6.56541,62.20859],[6.56091,62.20978]],[[6.58073,62.21186],[6.5913,62.21174],[6.59838,62.21048],[6.599,62.20949],[6.60203,62.20875],[6.60801,62.20854],[6.61076,62.20697],[6.6161,62.2068],[6.62139,62.20614]],[[6.47798,62.20555],[6.47949,62.20494],[6.47851,62.20417],[6.48355,62.20396],[6.49831,62.20678],[6.50133,62.20327],[6.50269,62.19786],[6.50535,62.19584]],[[6.54302,62.20656],[6.53341,62.20575],[6.52857,62.20608],[6.52993,62.20739],[6.53164,62.20748],[6.53303,62.20803],[6.53693,62.21078]],[[6.47592,62.21127],[6.47574,62.21044],[6.47857,62.20692],[6.47855,62.20625],[6.47773,62.20597]],[[6.51541,62.23893],[6.51886,62.23785],[6.52306,62.23586],[6.5265,62.23351],[6.52696,62.22621],[6.53044,62.2242],[6.5314,62.22239],[6.5309,62.22053],[6.53712,62.21413],[6.53791,62.21255],[6.53693,62.21078]],[[6.47634,62.23921],[6.47845,62.23652],[6.48218,62.23453],[6.48283,62.23191],[6.48447,62.23009],[6.48712,62.22844],[6.48723,62.22665],[6.49193,62.22191],[6.49256,62.2199],[6.49216,62.2178],[6.48397,62.21572],[6.47694,62.21262],[6.47592,62.21127]],[[6.5138,62.24152],[6.51396,62.24003],[6.51541,62.23893]],[[6.46223,62.25258],[6.46579,62.25204],[6.46741,62.25094],[6.46774,62.24929],[6.47261,62.24686],[6.47634,62.23921]],[[6.45615,62.25377],[6.45942,62.2528],[6.46223,62.25258]],[[6.42784,62.26198],[6.43122,62.26026],[6.44152,62.25863],[6.44756,62.25713],[6.45615,62.25377]],[[6.4248,62.26531],[6.42784,62.26198]],[[6.42005,62.28089],[6.42112,62.27835],[6.41959,62.27668],[6.41981,62.27574],[6.42205,62.27331],[6.42121,62.27211],[6.42283,62.26917],[6.42284,62.26657],[6.4248,62.26531]],[[6.46628,62.28375],[6.46649,62.28207],[6.46994,62.28043],[6.47142,62.27879],[6.47141,62.2771],[6.4697,62.27625],[6.47048,62.27518],[6.47463,62.27321],[6.47732,62.27259],[6.48017,62.27133],[6.48246,62.26954],[6.49563,62.26518],[6.49984,62.26231],[6.50293,62.25768],[6.50171,62.2542],[6.50336,62.25294],[6.50289,62.25065],[6.50697,62.24744],[6.51326,62.24438],[6.51409,62.24324],[6.51344,62.24254],[6.5138,62.24152]],[[6.41148,62.29775],[6.41456,62.29555],[6.41999,62.29445],[6.42036,62.29194],[6.42333,62.29161],[6.42414,62.29086],[6.42284,62.28912],[6.42366,62.28792],[6.42315,62.28486],[6.42066,62.28245],[6.42005,62.28089]],[[6.59269,62.3351],[6.5927,62.33439],[6.59155,62.33423],[6.58933,62.33486]],[[6.39419,62.32388],[6.39893,62.32303],[6.40084,62.32216],[6.39927,62.32089],[6.39918,62.31959],[6.40075,62.31273],[6.40242,62.31011],[6.40618,62.3076],[6.40589,62.30545],[6.40662,62.30379],[6.41097,62.29832]],[[6.4406,62.32733],[6.44155,62.32555],[6.44127,62.32463],[6.44447,62.32203],[6.44657,62.31864],[6.44543,62.31563],[6.44604,62.31346],[6.44531,62.31253],[6.44308,62.31175],[6.44656,62.30891],[6.45256,62.30648],[6.45366,62.30496],[6.45365,62.30297],[6.45577,62.30046],[6.46174,62.29669],[6.46264,62.29282],[6.46797,62.28613],[6.4679,62.28488],[6.46628,62.28375]],[[6.58972,62.33649],[6.58876,62.33614],[6.58944,62.33563],[6.59081,62.33521],[6.59202,62.33547],[6.59269,62.3351]],[[6.58972,62.33649],[6.59126,62.33713],[6.59145,62.33776],[6.58965,62.34004],[6.58687,62.34185]],[[6.58664,62.34601],[6.58512,62.344],[6.5854,62.34301],[6.58687,62.34185]],[[6.57536,62.34706],[6.57973,62.33841],[6.58176,62.33664],[6.58414,62.33615]],[[6.57801,62.3503],[6.5775,62.34923],[6.57538,62.34773],[6.57536,62.34706]],[[6.58664,62.34601],[6.58227,62.35134],[6.58725,62.35406],[6.58728,62.35458]],[[6.4406,62.32733],[6.4401,62.33098],[6.43834,62.33425],[6.4277,62.34417],[6.41744,62.34997]],[[6.56471,62.36218],[6.56766,62.3614],[6.56856,62.36034],[6.5728,62.35898],[6.57616,62.35692],[6.57691,62.35396],[6.57829,62.35232],[6.57801,62.3503]],[[6.5771,62.36392],[6.58137,62.36128],[6.58619,62.35654],[6.58728,62.35458]],[[6.5771,62.36392],[6.57492,62.36494]],[[6.41744,62.34997],[6.41259,62.35346],[6.40668,62.35569]],[[6.5537,62.37085],[6.55469,62.36999],[6.5547,62.36796],[6.55795,62.36383],[6.55942,62.36305],[6.56471,62.36218]],[[6.57492,62.36494],[6.57276,62.36561],[6.56949,62.36805],[6.56787,62.36858],[6.56787,62.36915],[6.5717,62.37093],[6.57282,62.37275],[6.57078,62.37654]],[[6.5537,62.37085],[6.55254,62.374],[6.55372,62.37562]],[[6.5686,62.37916],[6.56855,62.37835],[6.57078,62.37654]],[[6.42443,62.3715],[6.42324,62.36939],[6.42027,62.36865],[6.41624,62.36578],[6.41196,62.36475],[6.41089,62.36487],[6.40229,62.35977],[6.40201,62.35824],[6.40268,62.35744],[6.40668,62.35569]],[[6.55372,62.37562],[6.55632,62.37962]],[[6.57037,62.38047],[6.5686,62.37916]],[[6.57037,62.38047],[6.57216,62.38138]],[[6.55671,62.38079],[6.55632,62.37962]],[[6.42443,62.3715],[6.42398,62.37287]],[[6.57216,62.38138],[6.57409,62.38242],[6.57447,62.38319],[6.57366,62.3837],[6.57534,62.3838],[6.57598,62.38586]],[[6.55134,62.39204],[6.55318,62.3914],[6.55404,62.39049],[6.55421,62.38875],[6.55569,62.38854],[6.55892,62.38563],[6.55826,62.38382],[6.55566,62.38315],[6.55671,62.38079]],[[6.54622,62.39295],[6.54702,62.3923],[6.55134,62.39204]],[[6.58155,62.39537],[6.58064,62.39415],[6.57628,62.39117],[6.57506,62.3908],[6.57296,62.39145],[6.57018,62.39079],[6.57217,62.38919],[6.574,62.38865],[6.57361,62.38753],[6.57598,62.38586]],[[6.52115,62.3967],[6.52519,62.39577],[6.52828,62.39433],[6.53234,62.39457],[6.53691,62.39425],[6.54622,62.39295]],[[6.5108,62.39932],[6.51461,62.39845],[6.51711,62.39835],[6.52115,62.3967]],[[6.5654,62.40526],[6.56991,62.40349],[6.57273,62.40311],[6.5797,62.40066],[6.5807,62.39945],[6.58038,62.39619],[6.58135,62.39573]],[[6.4695,62.40018],[6.47166,62.39863],[6.47471,62.39809],[6.48057,62.39977],[6.48223,62.39964],[6.48281,62.39891],[6.48662,62.39808],[6.48876,62.39814],[6.49153,62.39902],[6.49836,62.39911],[6.49949,62.39951],[6.49884,62.40097],[6.49983,62.40117],[6.50912,62.40012],[6.5108,62.39932]],[[6.46429,62.40097],[6.46779,62.40082],[6.4695,62.40018]],[[6.42355,62.37318],[6.41948,62.37659],[6.40935,62.38223],[6.40774,62.38503],[6.40981,62.38755],[6.42299,62.39345],[6.43404,62.39415],[6.43592,62.39515],[6.44271,62.39614],[6.44396,62.3971],[6.44699,62.39804],[6.44755,62.39875],[6.44676,62.39962],[6.44925,62.39951],[6.45065,62.40007],[6.45089,62.40089],[6.45697,62.40039],[6.4601,62.40123],[6.4642,62.40097]],[[6.56458,62.40546],[6.55912,62.40678],[6.55469,62.40708],[6.55342,62.40769],[6.55022,62.40736],[6.54627,62.40788],[6.54801,62.40908],[6.54777,62.40979],[6.54866,62.41071],[6.54795,62.41071],[6.55525,62.41191]],[[6.55525,62.41191],[6.56303,62.41362]],[[6.75214,62.43396],[6.76608,62.43342],[6.7822,62.43075],[6.78851,62.43047],[6.80316,62.4346],[6.8041,62.4359],[6.8125,62.43652],[6.817,62.43629],[6.82264,62.43457],[6.82717,62.43378],[6.83738,62.43389],[6.8497,62.4334]],[[6.59553,62.42717],[6.59413,62.42555],[6.58864,62.42307],[6.5796,62.42083],[6.57525,62.42019],[6.5713,62.41895],[6.56992,62.41834],[6.57145,62.41792],[6.57015,62.41693],[6.56536,62.414],[6.56303,62.41362]],[[6.74635,62.43624],[6.74773,62.43462],[6.75214,62.43396]],[[6.59553,62.42717],[6.60429,62.42902],[6.60593,62.43014],[6.61073,62.43148],[6.62253,62.433],[6.62927,62.4333],[6.63698,62.43412],[6.63879,62.43488],[6.64112,62.43701],[6.64699,62.43769],[6.65321,62.43931]],[[6.74635,62.43624],[6.74292,62.44163],[6.74347,62.44273],[6.74854,62.44693]],[[6.40609,62.42328],[6.41069,62.42494],[6.41058,62.42564],[6.41244,62.42671],[6.41787,62.4274]],[[6.74814,62.44836],[6.74882,62.4477],[6.74854,62.44693]],[[6.41787,62.4274],[6.42096,62.42796],[6.42716,62.43104],[6.43016,62.43179],[6.43052,62.43154],[6.4292,62.43071],[6.43031,62.43015],[6.43613,62.42979],[6.43579,62.43023],[6.43652,62.43056],[6.44097,62.43048],[6.44144,62.43024],[6.44055,62.42913],[6.44516,62.42839],[6.44969,62.42873],[6.45138,62.43016],[6.45398,62.43086],[6.45513,62.43034],[6.4593,62.43114],[6.46087,62.43024]],[[6.46087,62.43024],[6.4629,62.42986],[6.46783,62.43054],[6.47038,62.42992],[6.47338,62.43004],[6.47818,62.42919],[6.48301,62.42909],[6.48845,62.43005],[6.49077,62.43007],[6.49638,62.43215],[6.50093,62.43248],[6.50427,62.43173],[6.51396,62.43401],[6.51786,62.43368],[6.5253,62.43466],[6.52705,62.43421],[6.53144,62.43499],[6.53531,62.43487],[6.54338,62.43727],[6.54997,62.44013],[6.55526,62.44101]],[[6.65321,62.43931],[6.66364,62.44026],[6.66745,62.44158],[6.67906,62.44224],[6.68673,62.44462],[6.69033,62.44648],[6.69505,62.44735],[6.69577,62.4481],[6.69872,62.44905],[6.70729,62.45093],[6.71379,62.45095],[6.71902,62.45176],[6.72376,62.45191],[6.73141,62.44984],[6.74541,62.44938],[6.74814,62.44836]],[[6.55526,62.44101],[6.55786,62.44188],[6.56434,62.44554],[6.57195,62.44715],[6.57631,62.44866],[6.57893,62.44825],[6.58282,62.44919],[6.58615,62.45121],[6.58833,62.45188],[6.59145,62.45212],[6.59401,62.45389],[6.59519,62.4539],[6.59648,62.45304],[6.59756,62.45324],[6.59858,62.4543],[6.59812,62.45499],[6.60205,62.45674],[6.6033,62.45906],[6.60598,62.45913],[6.60652,62.45827],[6.60862,62.45885],[6.61237,62.45877],[6.61508,62.45949],[6.62166,62.46],[6.62443,62.46135],[6.62358,62.46251],[6.62269,62.4625],[6.62127,62.46178],[6.61871,62.46155],[6.61429,62.46334]],[[6.61479,62.46434],[6.61552,62.46472],[6.62202,62.46534],[6.62334,62.46448],[6.62666,62.46505],[6.6292,62.46487],[6.63035,62.46397],[6.62983,62.46311],[6.63291,62.46267],[6.63375,62.46213],[6.63303,62.46098],[6.6351,62.46134],[6.63884,62.46279],[6.64535,62.46278],[6.64653,62.46307]],[[6.84227,62.4605],[6.83741,62.45876],[6.83384,62.45877],[6.83022,62.45829],[6.82758,62.45869],[6.82026,62.46085],[6.81485,62.46182],[6.80745,62.46148],[6.7955,62.45866],[6.79172,62.45889],[6.78806,62.45867],[6.78461,62.45932],[6.77969,62.45963],[6.77504,62.45911],[6.773,62.45927],[6.77301,62.46092],[6.77386,62.46209],[6.77277,62.46445],[6.77336,62.4668],[6.77754,62.46778],[6.78425,62.46808],[6.79352,62.46965],[6.80513,62.47107],[6.81024,62.47352],[6.81315,62.47556],[6.81111,62.47856],[6.80838,62.47861],[6.80982,62.47926]],[[6.67005,62.47228],[6.67009,62.47041],[6.66374,62.46821],[6.66094,62.46665],[6.65203,62.46411],[6.64826,62.46432],[6.64653,62.46307]],[[6.74028,62.47663],[6.74493,62.4761],[6.7481,62.4766],[6.75802,62.47615],[6.76281,62.47635],[6.76523,62.47699],[6.76826,62.47885],[6.77339,62.48032],[6.78002,62.4807],[6.78654,62.48],[6.79062,62.48072],[6.79254,62.48058]],[[6.69825,62.47798],[6.69875,62.4769],[6.70118,62.47656],[6.70087,62.47594],[6.69923,62.47525],[6.69657,62.47531],[6.6964,62.47565],[6.69196,62.47655],[6.69079,62.47719],[6.69105,62.47753],[6.69776,62.47823],[6.69825,62.47798]],[[6.67005,62.47228],[6.67136,62.47301],[6.67041,62.47387],[6.67155,62.47486],[6.67917,62.47585],[6.68094,62.47748]],[[6.70404,62.47886],[6.70291,62.47809],[6.70304,62.47755],[6.70538,62.47612],[6.70603,62.47428],[6.70842,62.4736],[6.70973,62.47465],[6.71221,62.47557],[6.71946,62.47609],[6.7219,62.47583],[6.73203,62.47674],[6.74028,62.47663]],[[6.68021,62.4787],[6.68094,62.47748]],[[6.68413,62.48059],[6.68021,62.4787]],[[6.68413,62.48059],[6.6873,62.48234],[6.68657,62.48364],[6.69147,62.48441]],[[6.72627,62.48731],[6.72579,62.48694],[6.72435,62.48689],[6.72299,62.48741],[6.72029,62.48742],[6.71949,62.48704],[6.71983,62.48648],[6.71887,62.48494],[6.71789,62.48438],[6.71185,62.48325],[6.7094,62.48245],[6.70617,62.48272],[6.7041,62.48244],[6.70347,62.48142],[6.69991,62.48048],[6.70343,62.47958],[6.70404,62.47886]],[[6.69147,62.48441],[6.69401,62.48432],[6.69556,62.48465],[6.69531,62.48587],[6.69651,62.48628],[6.70109,62.48589],[6.70206,62.48612],[6.70155,62.48694],[6.6985,62.48718],[6.69848,62.48755],[6.69953,62.4876]],[[6.69953,62.4876],[6.70546,62.4873],[6.71119,62.48751],[6.72224,62.48984],[6.72548,62.48802]],[[6.63858,62.49132],[6.64052,62.49076],[6.63895,62.48999]],[[6.63895,62.48999],[6.63696,62.48978],[6.6351,62.49042],[6.63757,62.49137],[6.63858,62.49132]],[[6.70481,62.49735],[6.69707,62.49749],[6.69505,62.49714],[6.6929,62.49486],[6.69534,62.49433],[6.70148,62.49405],[6.70659,62.49447],[6.7096,62.49424],[6.71285,62.49491],[6.71747,62.49484],[6.71711,62.49324],[6.71763,62.49285],[6.71878,62.49243],[6.72318,62.49197],[6.72647,62.4905],[6.72378,62.48996],[6.72301,62.49036],[6.71999,62.49046],[6.72025,62.49111],[6.72289,62.49123],[6.72279,62.49164],[6.71595,62.49193],[6.71267,62.49123],[6.6933,62.49281],[6.68854,62.49275],[6.68888,62.49228],[6.69071,62.49199],[6.69069,62.49155],[6.68987,62.49139],[6.68775,62.49141],[6.68627,62.49206],[6.68206,62.4911],[6.67999,62.49207],[6.67914,62.49134],[6.67639,62.49095],[6.67606,62.49009],[6.66946,62.48993],[6.66766,62.48968],[6.6666,62.48876],[6.66457,62.48871],[6.66466,62.48797],[6.66943,62.48767],[6.67096,62.48697],[6.67416,62.48671],[6.67559,62.48617],[6.67576,62.48554],[6.67161,62.48435],[6.66612,62.484],[6.66199,62.48326],[6.66147,62.48233],[6.66435,62.48145],[6.66347,62.48101],[6.66065,62.48141],[6.65872,62.48111],[6.65717,62.48131],[6.65576,62.48189],[6.6556,62.48242],[6.65429,62.48264],[6.64797,62.48256],[6.64014,62.48577]],[[6.67153,62.49715],[6.66875,62.49708],[6.66875,62.49797],[6.67153,62.49778],[6.67153,62.49715]],[[6.70481,62.49735],[6.71323,62.49741],[6.70002,62.49996]],[[6.60408,62.4945],[6.60706,62.49599],[6.61006,62.49619],[6.61156,62.49673]],[[6.68325,62.5011],[6.69454,62.49991],[6.70002,62.49996]],[[6.61156,62.49673],[6.61165,62.49728],[6.61352,62.49798],[6.62075,62.49961],[6.62052,62.49998],[6.61909,62.49996],[6.61913,62.50038],[6.62224,62.50196],[6.62328,62.50221],[6.62494,62.50202],[6.6251,62.50108],[6.62373,62.49968],[6.62747,62.4989],[6.63087,62.49873],[6.62301,62.49722],[6.62461,62.49597],[6.62844,62.49528],[6.62506,62.4939],[6.62453,62.49297],[6.63185,62.49171],[6.6327,62.49055],[6.63505,62.48959],[6.63707,62.48739],[6.64014,62.48577]],[[6.62003,62.50154],[6.6161,62.50128],[6.61379,62.50175],[6.62007,62.5023],[6.62082,62.50196],[6.62003,62.50154]],[[6.63496,62.50414],[6.64029,62.50351],[6.64404,62.50373],[6.66013,62.50285],[6.65999,62.50228],[6.66102,62.50187],[6.66721,62.50144],[6.66754,62.50086],[6.66642,62.50026],[6.66716,62.49958],[6.66974,62.49851],[6.67118,62.49837],[6.67638,62.49917],[6.67706,62.49989],[6.67564,62.50053],[6.67645,62.50094],[6.67983,62.50127],[6.68325,62.5011]],[[6.53899,62.49817],[6.544,62.49772],[6.54957,62.49641],[6.55784,62.49775],[6.56334,62.49789],[6.56885,62.49901],[6.57039,62.4986],[6.56909,62.49645],[6.57069,62.49625],[6.58019,62.49818],[6.58218,62.49818],[6.58295,62.49905],[6.58386,62.49922],[6.58487,62.49922],[6.58535,62.49877],[6.58384,62.49803],[6.58514,62.49793],[6.58663,62.49943],[6.5855,62.49998],[6.58573,62.50051],[6.59017,62.50207],[6.59373,62.50269],[6.5962,62.50202],[6.59656,62.50112],[6.59567,62.4995],[6.59702,62.4984],[6.60476,62.49722],[6.6045,62.49675],[6.60124,62.49611],[6.60022,62.49556],[6.60219,62.49424],[6.60408,62.4945]],[[6.39916,62.48552],[6.40118,62.48575],[6.40191,62.48638],[6.40159,62.48847],[6.40516,62.48957],[6.41375,62.48939],[6.41979,62.49096],[6.42114,62.4922],[6.42482,62.49286],[6.44281,62.49298]],[[6.55869,62.49962],[6.55644,62.50101],[6.56198,62.50158],[6.56131,62.50045],[6.55953,62.49962]],[[6.61458,62.5068],[6.6126,62.50653],[6.61184,62.50766],[6.61301,62.5082],[6.61566,62.50843],[6.61458,62.5068]],[[6.4123,62.49962],[6.41386,62.49782],[6.4093,62.49593],[6.40733,62.49758],[6.40867,62.49962]],[[6.49004,62.50338],[6.48913,62.50332],[6.48901,62.50425],[6.49369,62.50583],[6.49387,62.50524],[6.49004,62.50338]],[[6.42341,62.4999],[6.42064,62.4999],[6.42242,62.50071],[6.42461,62.5009],[6.42484,62.50061],[6.42341,62.4999]],[[6.50475,62.50641],[6.49839,62.50522],[6.49573,62.50523],[6.49644,62.50586],[6.50335,62.50711],[6.50473,62.50705],[6.50475,62.50641]],[[6.44281,62.49298],[6.45162,62.49325],[6.45704,62.49647],[6.46077,62.4977],[6.46645,62.49877],[6.46811,62.49953],[6.46989,62.50149],[6.47143,62.50211],[6.47123,62.50262],[6.46978,62.5027],[6.4697,62.50306],[6.47475,62.50342],[6.47799,62.50421],[6.481,62.50358],[6.48161,62.50246],[6.48126,62.501],[6.48214,62.50068],[6.49031,62.50016],[6.4952,62.4993],[6.4996,62.49931],[6.50085,62.49814],[6.50371,62.49809],[6.5044,62.49896],[6.50966,62.50046],[6.50706,62.50154],[6.50703,62.50328],[6.50409,62.50322],[6.50303,62.50371],[6.51008,62.50541],[6.51636,62.50603],[6.52087,62.5079],[6.52361,62.50838],[6.52624,62.5074],[6.51828,62.50449],[6.51792,62.50344],[6.51917,62.50312],[6.52388,62.50364],[6.52864,62.50328],[6.52982,62.50166],[6.53502,62.50109],[6.53624,62.49993],[6.53635,62.4985],[6.53899,62.49817]],[[6.47279,62.50419],[6.47117,62.50398],[6.46758,62.50439],[6.47061,62.50557],[6.47243,62.50515],[6.47279,62.50419]],[[6.43965,62.50395],[6.4395,62.50447]],[[6.4395,62.50447],[6.44122,62.50518],[6.44416,62.50416],[6.44611,62.50446],[6.44795,62.50531],[6.45427,62.50571],[6.46117,62.50465],[6.46224,62.5034],[6.46165,62.50281],[6.45973,62.50232],[6.45563,62.50274],[6.44558,62.50239],[6.43965,62.50395]],[[6.39686,62.50144],[6.39879,62.50162],[6.40093,62.50109],[6.40295,62.50235],[6.40665,62.50314],[6.40734,62.50369],[6.41018,62.50386]],[[6.42444,62.5059],[6.41385,62.50407],[6.41018,62.50386]],[[6.62309,62.5182],[6.61597,62.51555],[6.61133,62.51457],[6.60887,62.51515],[6.60594,62.5139],[6.60007,62.51302],[6.60071,62.51103],[6.60218,62.51068],[6.60581,62.51081],[6.60664,62.51046],[6.61178,62.51001],[6.6157,62.51025],[6.61638,62.50991],[6.61637,62.50742],[6.61545,62.50694],[6.61613,62.50645],[6.61344,62.50527],[6.60791,62.50387],[6.60784,62.50263],[6.60886,62.50219],[6.61551,62.50259],[6.62561,62.50411],[6.63496,62.50414]],[[6.553,62.51368],[6.55415,62.51353],[6.56001,62.51434],[6.56379,62.51388],[6.56797,62.5142],[6.57714,62.51404],[6.57963,62.51375],[6.58089,62.51271],[6.58304,62.51283],[6.58477,62.51355],[6.58652,62.51336],[6.58986,62.51193],[6.58611,62.51049],[6.58435,62.51023],[6.58249,62.51079],[6.58033,62.51028],[6.57439,62.51056],[6.57283,62.50922],[6.56864,62.50924],[6.56937,62.5087],[6.57146,62.50878],[6.56967,62.50787],[6.56582,62.50766],[6.56442,62.50879],[6.55957,62.50854],[6.55275,62.50959],[6.55315,62.51201],[6.55097,62.51313],[6.55179,62.51393],[6.553,62.51368]],[[6.42444,62.5059],[6.43273,62.50689],[6.43562,62.5077]],[[6.43562,62.5077],[6.43801,62.50797]],[[6.48074,62.51313],[6.48575,62.51393],[6.48711,62.51383],[6.48589,62.51284],[6.48217,62.51279],[6.47916,62.5118],[6.47664,62.51243],[6.47465,62.512],[6.47397,62.51143],[6.47054,62.51125],[6.46823,62.51174],[6.46943,62.51214],[6.47764,62.51301],[6.47682,62.51375],[6.48074,62.51313]],[[6.51682,62.51697],[6.52014,62.51687],[6.51852,62.51616],[6.51478,62.51633],[6.51682,62.51697]],[[6.60267,62.52328],[6.60685,62.52313],[6.61109,62.52235],[6.61583,62.52203],[6.62198,62.52085]],[[6.53385,62.51617],[6.5376,62.51661],[6.54214,62.51608],[6.56042,62.5192],[6.56616,62.51933],[6.57358,62.52054],[6.57704,62.52059],[6.5818,62.52149],[6.59591,62.52235],[6.60267,62.52328]],[[6.43567,62.51771],[6.44169,62.51893],[6.44643,62.51936],[6.45219,62.51854],[6.45783,62.51719],[6.45839,62.51666],[6.45889,62.51583],[6.45728,62.51406],[6.45546,62.51323],[6.45008,62.51193],[6.44259,62.50813]],[[6.53069,62.52722],[6.54269,62.52608],[6.54794,62.52646],[6.55129,62.5261],[6.55544,62.52693],[6.55924,62.52673],[6.56793,62.52847],[6.57198,62.52849],[6.57569,62.52914],[6.57692,62.52999],[6.5817,62.53052],[6.58307,62.53036]],[[6.53385,62.51617],[6.5264,62.51589],[6.52431,62.5165],[6.52705,62.51753],[6.52303,62.51724],[6.5226,62.51805],[6.50711,62.51702],[6.5047,62.51715],[6.50332,62.5182],[6.5013,62.51786],[6.50183,62.51738],[6.50131,62.517],[6.49969,62.51719],[6.49403,62.51649],[6.49321,62.51602],[6.4822,62.51402],[6.48139,62.51447],[6.472,62.5141],[6.47017,62.5132],[6.46842,62.51383],[6.46275,62.51363],[6.46118,62.51432],[6.47394,62.51834],[6.48094,62.5195],[6.48408,62.5208],[6.48827,62.52145],[6.49019,62.52268],[6.49893,62.52393],[6.50225,62.52497],[6.51076,62.52539],[6.51792,62.52723],[6.52403,62.52739],[6.52618,62.52695],[6.53069,62.52722]],[[6.58307,62.53036],[6.58405,62.53074],[6.58477,62.53225],[6.58433,62.53358],[6.58136,62.53445]],[[6.58136,62.53445],[6.57599,62.5351],[6.5764,62.53498],[6.5727,62.53605],[6.57203,62.53741],[6.57381,62.53905]],[[6.44404,62.53239],[6.43995,62.53208],[6.43886,62.53143],[6.43443,62.53271]],[[6.5719,62.54245],[6.57395,62.54201],[6.57503,62.54067],[6.57514,62.53968],[6.57381,62.53905]],[[6.44404,62.53239],[6.44701,62.53182],[6.44998,62.5321],[6.45398,62.53308],[6.46386,62.53381],[6.47928,62.5366],[6.48667,62.5368],[6.48892,62.53602],[6.49379,62.53609],[6.4951,62.53636],[6.49547,62.53725],[6.50059,62.53831],[6.50675,62.53883],[6.51233,62.53994],[6.51471,62.53968],[6.5186,62.53992]],[[6.5186,62.53992],[6.52669,62.54119]],[[6.52669,62.54119],[6.52856,62.54102],[6.53017,62.54186],[6.5319,62.54217]],[[6.5319,62.54217],[6.54641,62.54298],[6.5719,62.54245]],[[6.6233,62.19927],[6.62844,62.19779]],[[6.54302,62.20656],[6.55223,62.20777],[6.56091,62.20978]],[[6.58496,62.33604],[6.58414,62.33615]],[[6.58933,62.33486],[6.58496,62.33604]],[[6.42398,62.37287],[6.42355,62.37318]],[[6.5654,62.40526],[6.5647,62.40544]],[[6.5647,62.40544],[6.56458,62.40546]],[[6.4642,62.40097],[6.46429,62.40097]],[[6.61429,62.46334],[6.61479,62.46434]],[[6.79254,62.48058],[6.7968,62.48065],[6.80392,62.48151],[6.80633,62.48223],[6.8113,62.48249],[6.81175,62.48075],[6.81086,62.48]],[[6.44259,62.50813],[6.43902,62.50791]],[[6.55953,62.49962],[6.55905,62.49928],[6.55869,62.49962]],[[6.62377,62.51919],[6.62309,62.5182]],[[6.40867,62.49962],[6.40871,62.50006],[6.41137,62.5004],[6.4123,62.49962]],[[6.43849,62.50794],[6.43902,62.50791]],[[6.43801,62.50797],[6.43849,62.50794]],[[6.62198,62.52085],[6.6233,62.5204],[6.62377,62.51919]]]}}]}