{"type":"FeatureCollection","features":[{"type":"Feature","properties":{},"geometry":{"type":"MultiLineString","coordinates":[[[7.99991,63.00096],[7.99766,63.0001],[8.00003,62.99896]],[[7.98002,63.00458],[7.97426,63.00325],[7.97274,63.00334],[7.97268,63.0039],[7.97557,63.00474],[7.97682,63.0058],[7.97554,63.00629],[7.97566,63.00673],[7.97651,63.00713],[7.97804,63.0068],[7.97939,63.0072]],[[7.97939,63.0072],[7.9821,63.00847],[7.98409,63.00836],[7.98435,63.00745],[7.98002,63.00458]],[[7.95285,62.99929],[7.95452,63.00222],[7.95583,63.00291],[7.95901,63.00362],[7.96003,63.00472],[7.96365,63.00628],[7.96606,63.00933],[7.97037,63.01024]],[[7.97037,63.01024],[7.97404,63.00974],[7.97847,63.01101]],[[7.82683,63.00225],[7.82453,63.00162],[7.823,63.00241],[7.82689,63.00364],[7.82698,63.0032],[7.82619,63.00304],[7.82683,63.00225]],[[7.99537,63.01643],[7.99526,63.01585],[7.99319,63.01471],[7.99024,63.0152],[7.9924,63.01622],[7.99537,63.01643]],[[7.98704,63.01762],[7.98832,63.01773],[7.99052,63.01715],[7.98835,63.01642],[7.98646,63.01659],[7.98425,63.01487],[7.98569,63.01482],[7.98584,63.01409],[7.98333,63.01374],[7.98338,63.01235],[7.97847,63.01101]],[[8.00313,63.01699],[7.9984,63.01563],[7.99717,63.01464],[7.99142,63.0132],[7.98873,63.01149],[7.98986,63.01018],[7.99191,63.01017],[7.99283,63.00967],[7.99147,63.00758],[7.99351,63.00689],[7.99512,63.00709],[7.99531,63.0053],[8,63.00565]],[[8.00277,63.00462],[7.99991,63.00096]],[[7.9852,63.01859],[7.98704,63.01762]],[[7.893,63.01704],[7.89126,63.0161],[7.89114,63.01529],[7.89758,63.01501],[7.89928,63.01333],[7.89571,63.01056],[7.89256,63.01103],[7.88957,63.01068],[7.88729,63.00985],[7.88998,63.00903],[7.89146,63.008],[7.89135,63.00559],[7.89468,63.00392],[7.89368,63.00318],[7.88802,63.00299],[7.88793,63.00189],[7.89184,63.0006],[7.89074,62.99548]],[[7.96897,63.0213],[7.96781,63.01998],[7.96774,63.01857],[7.96608,63.01775],[7.96509,63.01801],[7.96431,63.01995],[7.96145,63.02013],[7.96058,63.02053],[7.95953,63.02049],[7.95684,63.01924],[7.95383,63.01915]],[[7.87461,63.01422],[7.87259,63.01408],[7.87065,63.01514],[7.87115,63.01657],[7.87256,63.01701],[7.87411,63.01707],[7.8759,63.01627],[7.87637,63.01507],[7.87461,63.01422]],[[7.94818,63.021],[7.948,63.02035],[7.94975,63.0202],[7.95215,63.02085],[7.95327,63.02074],[7.95264,63.01956],[7.95383,63.01915]],[[7.96897,63.0213],[7.972,63.02281],[7.97298,63.02284]],[[7.893,63.01704],[7.89262,63.01935]],[[7.97298,63.02284],[7.9745,63.0231],[7.97508,63.02502]],[[7.78702,63.01492],[7.78523,63.01468],[7.78374,63.01536],[7.78589,63.01669],[7.78687,63.0164],[7.78543,63.0155],[7.78701,63.01528],[7.78702,63.01492]],[[7.97508,63.02502],[7.98042,63.02795],[7.98505,63.02729],[7.98547,63.02602],[7.98435,63.02459],[7.98603,63.0239],[7.99068,63.02334],[7.99223,63.02169],[7.99102,63.0203],[7.98951,63.01998],[7.98724,63.02018],[7.9852,63.01859]],[[7.97386,63.0301],[7.97361,63.03114]],[[7.77788,63.01982],[7.77661,63.01969],[7.77639,63.01875],[7.77504,63.01836],[7.774,63.01851],[7.77382,63.01936],[7.77119,63.01878],[7.7677,63.01958],[7.76471,63.01925],[7.76009,63.0166],[7.75804,63.01719],[7.75937,63.01796],[7.75903,63.01842],[7.75464,63.01837],[7.75704,63.02014],[7.75675,63.02056]],[[7.97386,63.0301],[7.97641,63.03048],[7.98107,63.03225],[7.98199,63.03217],[7.98338,63.02992],[7.98924,63.02832],[7.98976,63.02768],[7.98902,63.02653],[7.99066,63.02621],[7.99378,63.02833],[7.99336,63.03004],[7.98927,63.03118],[7.99164,63.03205],[7.99408,63.03196],[7.99742,63.0305],[7.99432,63.02662],[7.99594,63.02596],[7.99824,63.0235],[8.00714,63.02161]],[[7.77714,63.02279],[7.77847,63.02258],[7.78119,63.02311],[7.78351,63.02287],[7.78397,63.0224],[7.78212,63.02188],[7.78213,63.02155],[7.78546,63.02155],[7.78673,63.02093],[7.78624,63.02039],[7.78476,63.02013],[7.78299,63.02031],[7.77788,63.01982]],[[7.7655,63.02476],[7.76816,63.02356],[7.77073,63.0235],[7.77398,63.02395],[7.77577,63.0236],[7.77714,63.02279]],[[7.81312,63.02412],[7.81371,63.02347],[7.81241,63.02287],[7.80889,63.02224],[7.80588,63.02237],[7.79987,63.02347],[7.79351,63.02534],[7.78648,63.02626]],[[7.78525,63.02608],[7.78464,63.02549],[7.78354,63.02545],[7.77624,63.02639]],[[7.98219,63.03738],[7.98183,63.03585],[7.97663,63.03451],[7.97483,63.03318],[7.97361,63.03114]],[[7.75675,63.02056],[7.7487,63.01915],[7.74717,63.01929],[7.74921,63.02177],[7.75239,63.02319],[7.75103,63.02366],[7.75217,63.02434],[7.75411,63.02455],[7.75772,63.02579],[7.76065,63.02592],[7.76479,63.02694],[7.76669,63.02663],[7.7655,63.02476]],[[7.97387,63.03939],[7.97534,63.03939],[7.97744,63.03858],[7.98047,63.0382],[7.98219,63.03738]],[[7.94818,63.021],[7.95414,63.02338],[7.95332,63.02486],[7.95341,63.02714],[7.95483,63.0289],[7.95662,63.02961],[7.9591,63.02997],[7.96187,63.03137],[7.96047,63.03223],[7.96022,63.03322],[7.96276,63.03382],[7.96558,63.03677],[7.96562,63.03756],[7.9638,63.0397],[7.96945,63.03821],[7.97171,63.03895]],[[7.73238,63.03248],[7.73355,63.03044],[7.73291,63.02798],[7.73726,63.0281],[7.73684,63.02725],[7.73534,63.02646],[7.73705,63.02635],[7.73952,63.02491],[7.74467,63.02526],[7.74594,63.02636],[7.74834,63.02684],[7.74931,63.02769],[7.75383,63.0285],[7.75447,63.02757],[7.75725,63.02751],[7.7602,63.02803],[7.76406,63.02739],[7.76732,63.02751],[7.77372,63.02644],[7.77624,63.02639]],[[7.81312,63.02412],[7.812,63.02578],[7.81304,63.0269],[7.81488,63.02724],[7.82049,63.02696],[7.82266,63.02791],[7.82292,63.02868],[7.81928,63.03013],[7.81891,63.03067],[7.82409,63.03254],[7.82271,63.03308],[7.82293,63.03339],[7.83214,63.03618],[7.83757,63.03702],[7.83956,63.03797]],[[7.93463,63.04277],[7.93173,63.04203],[7.92671,63.04196],[7.9173,63.03923],[7.91346,63.03916],[7.91249,63.04001],[7.91116,63.03967],[7.91223,63.03894],[7.9115,63.03834],[7.90832,63.03766],[7.90661,63.0366],[7.90696,63.03492],[7.90501,63.03389],[7.9062,63.03187],[7.90429,63.03115],[7.89777,63.03003],[7.8976,63.0283],[7.89392,63.02728],[7.89014,63.02684],[7.88812,63.02602],[7.88876,63.0253],[7.88713,63.02361],[7.8876,63.0218],[7.88892,63.02101],[7.892,63.02017],[7.89262,63.01935]],[[7.96226,63.04416],[7.96192,63.04352],[7.96406,63.04155],[7.96219,63.04042],[7.95795,63.04115],[7.95419,63.04094],[7.95305,63.04203],[7.94824,63.04101],[7.94471,63.0422],[7.93999,63.04196],[7.93822,63.04295]],[[7.96863,63.04447],[7.96825,63.04369],[7.96594,63.04325],[7.96457,63.04345],[7.96367,63.04423]],[[7.96226,63.04416],[7.96367,63.04423]],[[7.93463,63.04277],[7.93628,63.04319],[7.93822,63.04295]],[[7.94661,63.05063],[7.94479,63.0504],[7.94411,63.05071],[7.94414,63.05125],[7.94636,63.05222],[7.9478,63.05186],[7.94661,63.05063]],[[7.84046,63.03934],[7.84724,63.04265],[7.85611,63.0444],[7.85881,63.04582],[7.86226,63.04593],[7.86573,63.0475],[7.86773,63.04996]],[[7.94696,63.05451],[7.94386,63.05394],[7.94228,63.0555],[7.94264,63.0562],[7.9457,63.05727],[7.94693,63.05595],[7.94696,63.05451]],[[7.98006,63.06262],[7.9783,63.06048],[7.9712,63.0567],[7.97073,63.05603],[7.97262,63.05375],[7.97606,63.05247],[7.97613,63.05139],[7.97365,63.05039],[7.97806,63.04967],[7.97833,63.0489],[7.97018,63.04529]],[[7.88229,63.06146],[7.88155,63.0609],[7.88288,63.0603],[7.87964,63.05844],[7.88058,63.05793],[7.88225,63.05791],[7.88262,63.05749],[7.88163,63.05701],[7.88064,63.05721],[7.8803,63.05539],[7.87506,63.05236],[7.87233,63.05177]],[[7.97201,63.08676],[7.96933,63.087],[7.96933,63.08745],[7.97136,63.08812],[7.97317,63.088],[7.97339,63.08747],[7.97201,63.08676]],[[7.95806,63.08902],[7.95307,63.08818],[7.95219,63.0883],[7.95216,63.08873]],[[7.89496,63.08586],[7.89252,63.08528],[7.89164,63.08439],[7.89176,63.08348],[7.89381,63.08295],[7.89236,63.08094],[7.8902,63.07981],[7.88348,63.07859],[7.88281,63.07781],[7.8849,63.07738],[7.88995,63.07795],[7.88921,63.07733],[7.88641,63.07659],[7.88562,63.07476],[7.88467,63.07434],[7.88639,63.0738],[7.88985,63.07361],[7.89358,63.07492],[7.8948,63.07387],[7.89572,63.07389],[7.89637,63.07463],[7.89713,63.07453],[7.89652,63.07328],[7.89403,63.07192],[7.8881,63.07124],[7.88776,63.07071],[7.88953,63.0707],[7.89066,63.07021],[7.8858,63.06845],[7.8896,63.06762],[7.89135,63.06675],[7.8928,63.06679],[7.89331,63.06636],[7.88846,63.06458],[7.88582,63.06244],[7.88229,63.06146]],[[7.98845,63.09054],[7.97888,63.08856],[7.97917,63.08763],[7.97709,63.08544],[7.97566,63.08464],[7.97311,63.08409],[7.97395,63.08289],[7.96826,63.08065],[7.97143,63.07909],[7.97022,63.07818],[7.96755,63.07728],[7.96799,63.07492],[7.97168,63.07406],[7.97303,63.07294],[7.97062,63.06986],[7.97509,63.06851],[7.97634,63.06717],[7.9756,63.06574],[7.97258,63.06454],[7.97142,63.06327],[7.97599,63.06346],[7.97732,63.06395],[7.97908,63.06352]],[[7.95216,63.08873],[7.95216,63.09115],[7.95863,63.09288]],[[7.95847,63.09356],[7.95906,63.09325],[7.95863,63.09288]],[[7.95847,63.09356],[7.95786,63.09367],[7.95836,63.09402]],[[7.77149,63.08634],[7.7702,63.08552],[7.77196,63.08465],[7.77568,63.08469]],[[7.95794,63.09574],[7.96031,63.09638],[7.96084,63.09712],[7.96262,63.09639],[7.96237,63.09585],[7.95836,63.09402]],[[7.76092,63.08787],[7.76298,63.08739],[7.76329,63.08605],[7.76469,63.08531],[7.76885,63.08544],[7.76882,63.08606],[7.7664,63.08634],[7.7647,63.08747]],[[7.77568,63.08469],[7.77742,63.08592],[7.77863,63.08584],[7.77836,63.08509],[7.77958,63.08468],[7.78535,63.08436],[7.79301,63.08598],[7.79266,63.08705],[7.79418,63.08747],[7.79424,63.088],[7.79216,63.08892],[7.79605,63.08991],[7.79652,63.09092],[7.79563,63.09135]],[[7.75658,63.09027],[7.75828,63.08882]],[[7.95769,63.09675],[7.9592,63.09706],[7.9594,63.09806],[7.96141,63.09788],[7.96343,63.09837],[7.96222,63.0991],[7.97461,63.10212],[7.97829,63.10217],[7.97736,63.10086],[7.97871,63.1004],[7.97816,63.09957],[7.97549,63.09831],[7.9724,63.09569],[7.97434,63.09462],[7.97651,63.09494],[7.97845,63.0947],[7.98036,63.09413],[7.98027,63.09348],[7.96836,63.09029],[7.9595,63.08931]],[[7.98845,63.09054],[7.99139,63.09202],[8.00012,63.09363]],[[8.00528,63.09837],[7.99503,63.0979],[7.98683,63.09584],[7.98464,63.0957],[7.98481,63.09708],[7.98774,63.09768],[7.98884,63.09865],[7.99082,63.09911],[7.99712,63.09951],[7.9975,63.09999],[7.99661,63.10095],[8.0002,63.10107]],[[7.7647,63.08747],[7.76254,63.08998],[7.7656,63.09253],[7.76817,63.09266],[7.77056,63.09218],[7.77,63.09089],[7.7705,63.09057],[7.77573,63.09043],[7.78318,63.09285],[7.78506,63.09272],[7.78518,63.09233],[7.78294,63.09102],[7.77895,63.08925],[7.7747,63.08844],[7.77149,63.08634]],[[7.76801,63.09497],[7.77155,63.09512],[7.77205,63.09485],[7.76939,63.09401],[7.76628,63.09442],[7.76684,63.09593],[7.76863,63.09616],[7.76942,63.09582],[7.76809,63.09542],[7.76801,63.09497]],[[7.88521,63.10214],[7.88601,63.10166],[7.88527,63.09835],[7.88575,63.09797],[7.88962,63.10015],[7.89461,63.10093],[7.89777,63.10087],[7.8979,63.10019],[7.90002,63.09947],[7.89973,63.09863],[7.89773,63.09764],[7.89751,63.09597],[7.89563,63.09434],[7.89654,63.09347],[7.89535,63.09255],[7.89622,63.09195],[7.90029,63.09196],[7.90125,63.09145],[7.90019,63.09042],[7.89585,63.0882],[7.89779,63.08699],[7.89496,63.08586]],[[7.85625,63.10464],[7.85936,63.1021],[7.86231,63.10267],[7.86281,63.10304],[7.86225,63.10335]],[[7.81764,63.1022],[7.81495,63.10201],[7.81322,63.10241],[7.81625,63.10296],[7.81764,63.1022]],[[7.79563,63.09135],[7.79338,63.09171],[7.78805,63.09047],[7.78626,63.09155],[7.79246,63.09429],[7.7963,63.09852],[7.79924,63.09908],[7.80713,63.09966],[7.80929,63.10092],[7.80324,63.10082],[7.79874,63.10177],[7.79798,63.10231],[7.80322,63.10291],[7.80599,63.10206],[7.80811,63.10314],[7.81067,63.10325],[7.81171,63.10275],[7.81115,63.10126],[7.81247,63.10116]],[[7.86225,63.10335],[7.86208,63.1037],[7.863,63.10405],[7.86913,63.10544],[7.86981,63.10623],[7.87347,63.10683],[7.87469,63.10626],[7.87111,63.10521],[7.87087,63.10462],[7.87289,63.10477],[7.875,63.10551],[7.87647,63.10549],[7.88185,63.10369],[7.88452,63.10397],[7.88462,63.10351],[7.88226,63.10267],[7.88355,63.10192],[7.88521,63.10214]],[[7.81247,63.10116],[7.8228,63.10214],[7.82385,63.10132],[7.82563,63.1012],[7.82861,63.10248],[7.83192,63.10248],[7.83549,63.10315],[7.83866,63.10442],[7.84312,63.10497],[7.84548,63.10481],[7.84757,63.10613],[7.84882,63.10595],[7.84852,63.10483],[7.84918,63.1045],[7.85427,63.10539],[7.85625,63.10464]],[[7.8196,63.10516],[7.82516,63.10538],[7.82607,63.10501],[7.82559,63.10411],[7.82672,63.10356],[7.82036,63.10255],[7.81841,63.1032],[7.82086,63.10361],[7.82094,63.10415],[7.81699,63.10481],[7.8196,63.10516]],[[7.80597,63.10578],[7.81214,63.10662],[7.82374,63.10628],[7.83972,63.10774],[7.84547,63.10757],[7.85039,63.10798],[7.85519,63.10897]],[[7.76514,63.10728],[7.76384,63.10616],[7.76475,63.1045],[7.7668,63.10342],[7.768,63.10375],[7.76886,63.10466],[7.76863,63.10603],[7.77468,63.10605],[7.77476,63.10556],[7.77364,63.10516],[7.7736,63.1041],[7.77668,63.10362],[7.78299,63.10385],[7.78648,63.10457],[7.79069,63.10445],[7.79931,63.10557],[7.80597,63.10578]],[[7.75643,63.1058],[7.76431,63.1074],[7.76514,63.10728]],[[7.74398,63.1067],[7.74593,63.10353],[7.74206,63.10231],[7.74043,63.10213],[7.73912,63.10262],[7.73766,63.10231]],[[7.75412,63.11505],[7.74971,63.11433],[7.74406,63.1118],[7.74501,63.10937],[7.74815,63.10649],[7.75136,63.10657],[7.75331,63.10635],[7.75468,63.10561],[7.75643,63.1058]],[[7.86656,63.12549],[7.86726,63.12334],[7.86835,63.1232],[7.86945,63.12363],[7.87063,63.1234],[7.8693,63.12046],[7.87071,63.11896],[7.87388,63.11836],[7.87339,63.11613],[7.87095,63.11499],[7.87037,63.11205],[7.86704,63.11043],[7.86561,63.11],[7.85519,63.10897]],[[7.78042,63.12158],[7.77996,63.12114],[7.77785,63.12131],[7.77346,63.12071],[7.77178,63.12],[7.7715,63.11881],[7.76642,63.11729],[7.76588,63.1166],[7.76373,63.11625],[7.76248,63.11549],[7.76055,63.11509],[7.75872,63.11561],[7.75629,63.11505],[7.75412,63.11505]],[[7.83566,63.12601],[7.83521,63.12699]],[[7.75883,63.12402],[7.75867,63.12369],[7.75523,63.12321],[7.75367,63.12376]],[[7.76222,63.1242],[7.76096,63.12382],[7.76197,63.1233],[7.76188,63.12138],[7.76067,63.12028],[7.75788,63.11956],[7.75829,63.11773],[7.75724,63.11724]],[[7.78606,63.12542],[7.78807,63.1246],[7.78079,63.12304],[7.78042,63.12158]],[[7.83142,63.12773],[7.83255,63.12662],[7.83482,63.12598]],[[7.83533,63.12793],[7.83477,63.1277],[7.83521,63.12699]],[[7.86257,63.12931],[7.86489,63.12854],[7.86662,63.12737],[7.86722,63.12656],[7.86656,63.12549]],[[7.96969,63.13468],[7.97053,63.13387],[7.97004,63.13345],[7.96748,63.13305],[7.95789,63.13352],[7.95692,63.13404]],[[7.79458,63.12714],[7.79688,63.1273]],[[7.78606,63.12542],[7.78459,63.12622],[7.7912,63.12722],[7.79458,63.12714]],[[7.95692,63.13404],[7.95691,63.13486],[7.96345,63.13681],[7.9694,63.13609],[7.96889,63.13511],[7.96969,63.13468]],[[7.99198,63.14026],[7.98981,63.14035],[7.99247,63.14139],[7.99175,63.14238],[7.99672,63.14303],[7.99597,63.14205],[7.99662,63.14136],[7.99198,63.14026]],[[7.75883,63.12402],[7.75796,63.12506],[7.75873,63.12596],[7.7602,63.12586],[7.76237,63.12494],[7.76314,63.1251],[7.76012,63.12716],[7.76502,63.12924],[7.77038,63.12967],[7.77125,63.13007],[7.77107,63.13056],[7.77256,63.13107],[7.77841,63.13203],[7.78082,63.13225],[7.78167,63.13183],[7.78296,63.13191],[7.78848,63.13295],[7.79064,63.1319],[7.78655,63.13027],[7.78277,63.12805],[7.77644,63.12626],[7.77242,63.12545],[7.76352,63.12468],[7.76222,63.1242]],[[7.94772,63.13772],[7.94601,63.13727],[7.94438,63.13744],[7.94212,63.13848],[7.94107,63.1379],[7.93951,63.13798],[7.93715,63.13942],[7.93896,63.1397],[7.93954,63.13916],[7.94227,63.13973],[7.94283,63.14018],[7.94175,63.14065],[7.94268,63.14118],[7.94396,63.14123],[7.94651,63.14023],[7.94704,63.14048]],[[7.79688,63.1273],[7.81041,63.13152],[7.80989,63.13219],[7.80456,63.13154],[7.80395,63.1322],[7.80994,63.13364],[7.81021,63.13422],[7.81364,63.13504],[7.81453,63.13447],[7.8166,63.13485],[7.81837,63.13419],[7.81604,63.13296],[7.81692,63.13258],[7.81953,63.13226],[7.82056,63.13246],[7.82262,63.13391],[7.82416,63.13306],[7.82651,63.13296],[7.83139,63.12839]],[[8.0039,63.14363],[7.99573,63.14409],[7.99246,63.14393],[7.98921,63.14478]],[[7.94704,63.14048],[7.9494,63.14084],[7.94864,63.14221],[7.95041,63.14262],[7.95054,63.14231],[7.95144,63.14235],[7.95329,63.14312],[7.95593,63.14353],[7.95869,63.14279],[7.96094,63.14119],[7.96048,63.1406],[7.95794,63.13977],[7.95019,63.13904],[7.94874,63.13939],[7.9491,63.13907],[7.94772,63.13772]],[[7.83533,63.12793],[7.83662,63.12822],[7.83674,63.12862],[7.83258,63.12871],[7.83373,63.12972],[7.83353,63.13048],[7.83119,63.13163],[7.83072,63.13281],[7.82915,63.13328],[7.82721,63.13476],[7.82548,63.13519],[7.82575,63.13614],[7.8382,63.13857],[7.84223,63.13769],[7.84086,63.13628],[7.84163,63.13467],[7.84255,63.13453],[7.84865,63.13542]],[[7.97431,63.14636],[7.98125,63.1473],[7.98357,63.14728]],[[7.98639,63.14509],[7.98271,63.14511],[7.98165,63.14479],[7.98183,63.14411],[7.98048,63.14378],[7.97737,63.14409],[7.97705,63.14343],[7.97545,63.14288],[7.97239,63.14361],[7.97369,63.14427],[7.9762,63.14427],[7.9754,63.14507],[7.97647,63.14546],[7.97908,63.14571],[7.9816,63.14527],[7.98339,63.14654],[7.98629,63.14685],[7.98752,63.14747],[7.98582,63.14784],[7.98498,63.14721],[7.98357,63.14728]],[[7.9386,63.14628],[7.93401,63.1462],[7.93198,63.14754],[7.93275,63.1488],[7.93401,63.14916],[7.93639,63.14913],[7.93838,63.14838],[7.93992,63.1468],[7.9386,63.14628]],[[7.9632,63.15097],[7.9641,63.15062],[7.96615,63.15139],[7.96802,63.15108],[7.97162,63.15132],[7.97177,63.15161]],[[7.97431,63.14636],[7.96876,63.14553],[7.96556,63.1457],[7.96083,63.14458],[7.95386,63.14435],[7.95353,63.14471],[7.95606,63.14591],[7.95518,63.14678],[7.95794,63.1475],[7.95615,63.14765],[7.95123,63.14675],[7.94791,63.14831],[7.94785,63.14956],[7.95322,63.15097],[7.95645,63.15105],[7.95785,63.15179],[7.96206,63.15173],[7.9632,63.15097]],[[7.96098,63.15509],[7.96109,63.15443],[7.96257,63.15418],[7.97278,63.15468],[7.9708,63.15277],[7.97096,63.15189],[7.97177,63.15161]],[[7.95981,63.15504],[7.96052,63.1553],[7.96098,63.15509]],[[7.95981,63.15504],[7.95791,63.15368],[7.94948,63.15266],[7.94849,63.15403],[7.95071,63.15527]],[[7.94978,63.15603],[7.95209,63.15581],[7.95071,63.15527]],[[7.94357,63.15471],[7.94471,63.15621],[7.94978,63.15603]],[[7.94243,63.15938],[7.94391,63.15713],[7.94305,63.15683]],[[7.87034,63.16],[7.86805,63.15969],[7.86873,63.16058],[7.86668,63.16092],[7.86998,63.16172],[7.86899,63.16231],[7.87012,63.16247],[7.872,63.16175],[7.87238,63.16082],[7.87034,63.16]],[[7.94357,63.15471],[7.94246,63.15387],[7.94233,63.15293],[7.94136,63.15272],[7.93638,63.15309],[7.93402,63.15233],[7.93175,63.1521],[7.92824,63.1525],[7.92184,63.15172],[7.91526,63.15208],[7.91155,63.15146],[7.90782,63.15137],[7.90606,63.15161],[7.90499,63.15258],[7.90614,63.15344],[7.91024,63.15442],[7.91009,63.15471],[7.901,63.15402],[7.90047,63.15526],[7.89926,63.15583],[7.89907,63.15365],[7.89266,63.1532],[7.89115,63.15369],[7.8959,63.15461],[7.89543,63.15536],[7.89669,63.15587],[7.89611,63.15616],[7.88662,63.15522],[7.88468,63.15577],[7.88669,63.15616],[7.88809,63.15728],[7.88218,63.15769],[7.88136,63.15814],[7.8781,63.15868],[7.87679,63.15775],[7.8723,63.1576],[7.8706,63.1587],[7.87203,63.15909],[7.87369,63.15854],[7.87533,63.1592],[7.87662,63.15917],[7.87627,63.16097],[7.8802,63.16205],[7.88619,63.16517],[7.88879,63.16577],[7.89013,63.16667],[7.89354,63.16631],[7.89382,63.16464],[7.89576,63.16441],[7.8973,63.1623],[7.89808,63.16276],[7.89862,63.16461],[7.90521,63.16422],[7.90725,63.16331],[7.90662,63.16582],[7.91529,63.16812],[7.91608,63.16788],[7.91618,63.16719],[7.9173,63.16701],[7.9197,63.16741],[7.92065,63.16632],[7.92227,63.16561],[7.92569,63.16195],[7.9259,63.1609],[7.93063,63.15992],[7.93153,63.1588],[7.9315,63.15746],[7.93405,63.1569],[7.93507,63.15534],[7.94015,63.15752],[7.94249,63.15732],[7.94305,63.15683]],[[7.85721,63.16157],[7.85629,63.16056],[7.85388,63.15967],[7.8497,63.1597],[7.84724,63.16043],[7.84857,63.1615],[7.85073,63.16112],[7.85409,63.1616],[7.85369,63.16198],[7.85074,63.16202],[7.8508,63.1626],[7.85856,63.16558],[7.86272,63.16583],[7.86368,63.1654],[7.86348,63.16482],[7.86048,63.16276],[7.85721,63.16157]],[[7.87876,63.16302],[7.8773,63.16256],[7.87588,63.16271],[7.87319,63.16439],[7.87433,63.16595],[7.87624,63.16716],[7.87793,63.16751],[7.88081,63.16707],[7.88262,63.16604],[7.8827,63.16487],[7.87876,63.16302]],[[7.87172,63.16462],[7.87152,63.1639],[7.86901,63.16369],[7.86847,63.16323],[7.86326,63.16337],[7.86424,63.16404],[7.86857,63.16446],[7.86739,63.16585],[7.86984,63.16712],[7.87052,63.16703],[7.87172,63.16462]],[[7.94243,63.15938],[7.93927,63.16136],[7.94035,63.16224],[7.93576,63.16405],[7.93501,63.16372],[7.93563,63.16281],[7.93474,63.16273],[7.93202,63.1641],[7.93416,63.16426],[7.93438,63.16458],[7.92545,63.16798],[7.92503,63.16859],[7.92922,63.17011]],[[7.92922,63.17011],[7.92946,63.17046],[7.92887,63.17054]],[[7.89448,63.16999],[7.89199,63.16824],[7.88998,63.16784],[7.88949,63.16805],[7.89056,63.16887],[7.88758,63.16915],[7.88688,63.16809],[7.8851,63.1676],[7.88734,63.16724],[7.88732,63.16665],[7.88659,63.1665],[7.88194,63.1675],[7.88159,63.16808],[7.88256,63.16919],[7.88012,63.17044],[7.88079,63.17087],[7.88261,63.17088],[7.88472,63.16977],[7.88679,63.16947],[7.88579,63.17055],[7.88797,63.17155],[7.8908,63.17196],[7.89578,63.17068],[7.89448,63.16999]],[[7.91005,63.16935],[7.91248,63.16933],[7.91258,63.16877],[7.90837,63.16771],[7.90172,63.16693],[7.89795,63.16717],[7.89809,63.16856],[7.90358,63.16938],[7.90157,63.17129],[7.90233,63.17209],[7.90516,63.17279],[7.90785,63.17264],[7.90996,63.17158],[7.91075,63.17085],[7.90977,63.17002],[7.91005,63.16935]],[[7.82977,63.16981],[7.82717,63.16876],[7.82496,63.16851],[7.82307,63.16921],[7.82584,63.17048],[7.82654,63.17041],[7.82637,63.16969],[7.82718,63.16952],[7.82852,63.17074],[7.82977,63.16981]],[[7.92887,63.17054],[7.92356,63.17009],[7.91832,63.17083],[7.91609,63.17145],[7.91463,63.17243],[7.91061,63.17295],[7.90848,63.17435],[7.91117,63.17506],[7.9121,63.17443],[7.91418,63.17407],[7.91569,63.1762],[7.91721,63.17652],[7.92458,63.17723],[7.93063,63.17717]],[[7.93063,63.17717],[7.93589,63.17739],[7.93787,63.17801]],[[7.86306,63.17441],[7.86393,63.17368],[7.86648,63.17452],[7.8697,63.17415],[7.86862,63.17318],[7.86947,63.17312],[7.86945,63.17275],[7.86522,63.17185],[7.86394,63.17197],[7.86281,63.17063],[7.86007,63.16995],[7.85437,63.16898],[7.8495,63.16871],[7.8468,63.16902],[7.84538,63.17019],[7.84196,63.16984],[7.8402,63.17326]],[[7.88215,63.17538],[7.8814,63.1749],[7.88005,63.17527]],[[7.93779,63.17837],[7.93811,63.17818]],[[7.93779,63.17837],[7.93033,63.1784]],[[7.8402,63.17326],[7.84009,63.17365],[7.84124,63.174],[7.85145,63.17397],[7.85881,63.17511],[7.86163,63.17509],[7.86306,63.17441]],[[7.87241,63.17489],[7.86937,63.17625],[7.86932,63.17695],[7.87099,63.17783],[7.87294,63.17702],[7.87456,63.17811],[7.87531,63.17767],[7.87543,63.17643],[7.8735,63.17536],[7.87369,63.17495]],[[7.88005,63.17527],[7.88101,63.17659],[7.87793,63.17649],[7.87699,63.17754],[7.87868,63.17762],[7.87942,63.17864],[7.88081,63.17899],[7.88341,63.17835],[7.882,63.17675],[7.88215,63.17538]],[[7.83827,63.17732],[7.84405,63.17793],[7.83843,63.17667]],[[7.83827,63.17732],[7.83809,63.17806]],[[7.83843,63.17667],[7.83429,63.17631],[7.83383,63.17577],[7.82791,63.17457],[7.82705,63.1755],[7.82918,63.17613],[7.82964,63.17669],[7.82683,63.17663],[7.82626,63.17721],[7.82943,63.17802],[7.83005,63.17789],[7.82984,63.17734],[7.83081,63.17719],[7.83373,63.17827],[7.83793,63.17869]],[[7.83793,63.17869],[7.84472,63.17941],[7.84336,63.17854],[7.83961,63.17848],[7.83809,63.17806]],[[7.91926,63.18297],[7.91556,63.1812],[7.91295,63.18177],[7.91257,63.18218],[7.91308,63.18273],[7.91447,63.18297],[7.91557,63.18304],[7.91645,63.18262],[7.91803,63.18284],[7.91922,63.1842],[7.92151,63.1846],[7.92123,63.18379],[7.91926,63.18297]],[[7.93033,63.1784],[7.917,63.1776],[7.91505,63.17804],[7.91444,63.17879],[7.92361,63.18256],[7.92964,63.18557],[7.93371,63.18618],[7.93571,63.18687]],[[7.90449,63.18655],[7.90089,63.18576],[7.90008,63.18616],[7.90056,63.18688],[7.90279,63.1873],[7.90493,63.18723],[7.90449,63.18655]],[[7.86138,63.18575],[7.86682,63.18593],[7.85841,63.18438],[7.85728,63.18459],[7.85502,63.1843],[7.85384,63.18458],[7.85437,63.18533],[7.85593,63.18519],[7.85828,63.18575],[7.86138,63.18575]],[[7.78648,63.02626],[7.78525,63.02608]],[[7.97171,63.03895],[7.97387,63.03939]],[[7.96863,63.04447],[7.97018,63.04529]],[[7.84046,63.03934],[7.83956,63.03797]],[[7.93863,63.05136],[7.93616,63.05153],[7.93577,63.05211],[7.93777,63.05381],[7.93841,63.0527],[7.93988,63.05223],[7.93863,63.05136]],[[7.86773,63.04996],[7.86869,63.05071]],[[7.86869,63.05071],[7.86945,63.05108]],[[7.87233,63.05177],[7.86945,63.05108]],[[7.98006,63.06262],[7.97908,63.06352]],[[7.95806,63.08902],[7.9595,63.08931]],[[7.95794,63.09574],[7.95516,63.09531],[7.95457,63.09554],[7.95769,63.09675]],[[7.75828,63.08882],[7.76092,63.08787]],[[7.7539,63.11591],[7.75724,63.11724]],[[7.83139,63.12839],[7.83142,63.12773]],[[7.75107,63.12723],[7.75101,63.12744]],[[7.75081,63.12824],[7.75101,63.12744]],[[7.98639,63.14509],[7.98921,63.14478]],[[7.95016,63.14501],[7.94872,63.1449],[7.94725,63.1455],[7.9506,63.14597],[7.95016,63.14501]],[[7.914,63.14821],[7.91121,63.14761],[7.90999,63.14823],[7.91306,63.14917],[7.91489,63.14874],[7.914,63.14821]],[[7.93811,63.17818],[7.93787,63.17801]],[[7.93918,63.15986],[7.93689,63.1598],[7.93617,63.16127],[7.93789,63.16131],[7.93958,63.16012],[7.93918,63.15986]],[[7.83484,63.16929],[7.83406,63.16907],[7.83328,63.16957],[7.83293,63.17076],[7.83385,63.17109],[7.83498,63.17023],[7.83484,63.16929]],[[7.83799,63.17031],[7.83743,63.17021],[7.83694,63.17085],[7.83751,63.17251],[7.83907,63.17164],[7.83816,63.17133],[7.83799,63.17031]],[[7.87369,63.17495],[7.87241,63.17489]],[[7.89601,63.17767],[7.89504,63.17739],[7.89422,63.17857],[7.8967,63.17963],[7.89727,63.17871],[7.89601,63.17767]],[[7.87962,63.18578],[7.8774,63.18591],[7.87751,63.18683],[7.8795,63.18681],[7.87962,63.18578]],[[7.84865,63.13542],[7.85378,63.13447],[7.85514,63.13374],[7.85515,63.13201],[7.85007,63.13048],[7.85092,63.12951],[7.85165,63.1294],[7.85464,63.13033],[7.85842,63.13061],[7.86257,63.12931]],[[7.92438,63.18768],[7.92147,63.18748],[7.91991,63.18652],[7.91692,63.18664],[7.91521,63.18635],[7.91328,63.18682],[7.91473,63.18796],[7.92133,63.18969],[7.9236,63.1893],[7.92438,63.18768]],[[7.86798,63.18899],[7.86681,63.18794],[7.86284,63.1877],[7.86223,63.18826],[7.85644,63.18773],[7.85755,63.18819],[7.86224,63.18881],[7.86798,63.18899]],[[7.93474,63.1908],[7.93142,63.19148],[7.93175,63.1919],[7.93431,63.19257]],[[7.93431,63.19257],[7.93638,63.19238],[7.93474,63.1908]],[[7.95376,63.19467],[7.95557,63.19443],[7.95533,63.1932],[7.94995,63.19165],[7.94851,63.19077],[7.94722,63.19067],[7.94631,63.19117],[7.94483,63.1906],[7.93955,63.18978],[7.93643,63.18969],[7.93707,63.19062],[7.94332,63.19205],[7.94597,63.19315],[7.94689,63.19288],[7.94632,63.19218],[7.94756,63.19213],[7.95072,63.19537],[7.95237,63.19541],[7.95376,63.19467]],[[7.94262,63.18812],[7.94494,63.18847],[7.94799,63.18967],[7.95646,63.19127],[7.95626,63.19217],[7.95715,63.1926],[7.96687,63.19344],[7.96263,63.19159],[7.96229,63.19034],[7.96285,63.19006],[7.96737,63.19169],[7.97326,63.19302],[7.98873,63.19571],[7.989,63.1962],[7.98622,63.19647],[7.98637,63.19701],[7.98931,63.19746],[7.9895,63.19781],[7.98549,63.19749]],[[7.96037,63.19603],[7.95948,63.19455],[7.95752,63.19415],[7.95679,63.1945],[7.95691,63.19581],[7.95785,63.19583],[7.95917,63.19681],[7.96092,63.19698],[7.96132,63.19664],[7.96037,63.19603]],[[7.98549,63.19749],[7.98407,63.19741],[7.98139,63.19802],[7.97989,63.19786],[7.97187,63.19596],[7.96823,63.19693],[7.96767,63.19753],[7.96799,63.19786],[7.97221,63.19863],[7.97985,63.19975],[7.98429,63.19998]],[[7.93313,63.19739],[7.93684,63.19771],[7.93589,63.197],[7.9334,63.19629]],[[7.9334,63.19629],[7.9296,63.19541],[7.92666,63.19595],[7.9157,63.19385],[7.91435,63.19434],[7.91533,63.19485],[7.91867,63.19491],[7.92337,63.19663],[7.92721,63.19721],[7.92425,63.19785],[7.92286,63.19778],[7.92416,63.19829],[7.92648,63.19856],[7.92906,63.19743],[7.92937,63.19669],[7.93313,63.19739]],[[7.98429,63.19998],[7.98755,63.20057],[7.992,63.20082],[7.99299,63.20133],[7.99596,63.20176],[8.0011,63.20074]],[[7.94893,63.19892],[7.94351,63.19796],[7.9418,63.19838],[7.94553,63.19986],[7.95145,63.20044],[7.95197,63.19997],[7.94893,63.19892]],[[7.93187,63.20224],[7.93119,63.20167],[7.92553,63.20054],[7.92307,63.20105],[7.92394,63.20157],[7.93141,63.20247],[7.93187,63.20224]],[[7.95916,63.20553],[7.95267,63.20456],[7.95125,63.20489],[7.95727,63.20603],[7.95932,63.20605],[7.95916,63.20553]],[[7.99901,63.20789],[8.00824,63.20804]],[[8.00504,63.20498],[7.98163,63.2018],[7.97628,63.20052],[7.9726,63.2002],[7.96844,63.19891],[7.96529,63.19911],[7.96229,63.19829],[7.9559,63.19825],[7.95415,63.19923],[7.95473,63.20027],[7.9609,63.20175],[7.98651,63.20542],[7.98815,63.20608],[7.98831,63.2071],[7.99096,63.20778],[7.99525,63.20848],[8.00074,63.20884]],[[8.00074,63.20884],[7.99901,63.20789]],[[7.98215,63.20706],[7.97748,63.20675],[7.97663,63.20701],[7.97666,63.20779],[7.97449,63.20808],[7.97509,63.2085],[7.98342,63.21017],[7.98631,63.21003],[7.9845,63.20875],[7.98534,63.20824],[7.98288,63.20779],[7.98215,63.20706]],[[7.82222,63.24185],[7.82106,63.24194],[7.82204,63.24256]],[[7.82204,63.24256],[7.8257,63.2433],[7.82551,63.24285],[7.82222,63.24185]],[[7.83727,63.25096],[7.83754,63.25014],[7.83415,63.24967],[7.83293,63.24901],[7.83349,63.24787],[7.83204,63.24732],[7.82906,63.24704],[7.8257,63.2472],[7.82431,63.24805],[7.82539,63.24847],[7.82485,63.24899],[7.82822,63.25029],[7.83338,63.25042],[7.83727,63.25096]],[[7.8533,63.25087],[7.85192,63.25104],[7.85235,63.25175],[7.85355,63.25228],[7.85576,63.25225],[7.85569,63.25174],[7.8533,63.25087]],[[7.84882,63.25257],[7.84946,63.25131],[7.84825,63.25081],[7.84689,63.2506],[7.84255,63.25146],[7.84417,63.25233],[7.84882,63.25257]],[[7.82559,63.25214],[7.82179,63.25198],[7.82078,63.25251],[7.82829,63.25377],[7.82878,63.25312],[7.82559,63.25214]],[[7.85897,63.26006],[7.85822,63.25982],[7.85468,63.26072],[7.85633,63.26255],[7.85741,63.26296],[7.85888,63.26238],[7.85963,63.26148],[7.85897,63.26006]],[[7.86239,63.26295],[7.85925,63.26281],[7.85882,63.2631],[7.86083,63.26412],[7.86313,63.2637],[7.86239,63.26295]],[[7.87484,63.26586],[7.87347,63.26603],[7.87475,63.26711],[7.87629,63.26731],[7.87649,63.26666],[7.87484,63.26586]],[[7.97553,63.27128],[7.97059,63.2719],[7.97122,63.27284],[7.97443,63.27296],[7.97553,63.27128]],[[7.84384,63.26537],[7.84332,63.26439],[7.84207,63.26429],[7.84222,63.26482],[7.83925,63.26431],[7.84228,63.26661],[7.8434,63.26659],[7.84235,63.26569],[7.84384,63.26537]],[[7.93288,63.27007],[7.92682,63.26966],[7.92883,63.27091],[7.9337,63.27132],[7.93407,63.27084],[7.93288,63.27007]],[[7.84747,63.26631],[7.84526,63.26631],[7.84468,63.26716],[7.84579,63.26897],[7.84764,63.26862],[7.8461,63.2679],[7.84747,63.26631]],[[8.00154,63.27605],[7.99955,63.27573],[7.99871,63.27676],[8.00335,63.27696]],[[7.94633,63.27403],[7.94643,63.27345],[7.94531,63.2732],[7.94258,63.2735],[7.94217,63.27208],[7.93977,63.27137],[7.93599,63.27152],[7.9341,63.27243],[7.94551,63.27512],[7.94633,63.27403]],[[7.98817,63.27352],[7.98144,63.27259],[7.97916,63.27306],[7.97577,63.27577],[7.97615,63.2769],[7.97789,63.27732],[7.98041,63.27711],[7.98302,63.27601],[7.98708,63.27588],[7.98848,63.27472],[7.98817,63.27352]],[[7.9639,63.27853],[7.96876,63.2785],[7.97235,63.27764],[7.97402,63.27518],[7.97385,63.27401],[7.96597,63.27284],[7.96511,63.274],[7.96301,63.27497],[7.96374,63.27596],[7.96103,63.27612],[7.95573,63.2755],[7.95568,63.27587],[7.95419,63.27597],[7.95349,63.27649],[7.9539,63.27702],[7.95747,63.27802],[7.9639,63.27853]],[[7.76649,63.26746],[7.76432,63.26719],[7.7629,63.26866],[7.76487,63.26925],[7.767,63.2693],[7.76799,63.26871],[7.76649,63.26746]],[[7.77394,63.26885],[7.76919,63.26875],[7.76823,63.26983],[7.77155,63.27024],[7.77524,63.27014],[7.77546,63.26968],[7.77394,63.26885]],[[7.7553,63.26867],[7.75501,63.26827],[7.75115,63.26761],[7.75063,63.26787],[7.75149,63.2684],[7.75011,63.26826],[7.74922,63.26869],[7.75108,63.26926],[7.7529,63.26932],[7.7553,63.26867]],[[7.76201,63.26962],[7.76068,63.26831],[7.75919,63.26919],[7.75893,63.26794],[7.75699,63.26807],[7.75688,63.26917],[7.75919,63.27009],[7.76119,63.27028],[7.76201,63.26962]],[[7.79377,63.27355],[7.79286,63.27299],[7.78839,63.27292],[7.78865,63.27351],[7.78983,63.2733],[7.7913,63.27356],[7.79104,63.27433],[7.79296,63.27441],[7.79278,63.27388],[7.79377,63.27355]],[[7.8397,63.27761],[7.83931,63.27723],[7.84048,63.27729],[7.84113,63.27606],[7.83817,63.27552],[7.83663,63.27732],[7.83932,63.27791],[7.8397,63.27761]],[[7.76356,63.27419],[7.76467,63.27274],[7.76377,63.27209],[7.76169,63.27242],[7.76356,63.27329],[7.76291,63.27357],[7.75902,63.27278],[7.75738,63.27349],[7.76046,63.27446],[7.7621,63.2746],[7.76356,63.27419]],[[7.75957,63.27513],[7.75706,63.27442],[7.75636,63.27456],[7.75648,63.27519],[7.75848,63.27578],[7.75923,63.27577],[7.75957,63.27513]],[[7.80117,63.27769],[7.798,63.27774],[7.7976,63.27805],[7.80255,63.27825],[7.8026,63.27783],[7.80117,63.27769]],[[7.79731,63.27681],[7.79602,63.27673],[7.79459,63.27783],[7.79594,63.27817],[7.79705,63.27788],[7.79731,63.27681]],[[7.84374,63.28087],[7.84324,63.28023],[7.84007,63.28031],[7.83845,63.27961],[7.84077,63.2796],[7.84045,63.27888],[7.83575,63.27923],[7.83709,63.27995],[7.83676,63.28054],[7.84274,63.28117],[7.84374,63.28087]],[[7.85755,63.28066],[7.8565,63.28069],[7.85669,63.28121],[7.86052,63.28245],[7.86155,63.28245],[7.85902,63.28094],[7.85755,63.28066]],[[7.85106,63.2811],[7.84911,63.28064],[7.85063,63.282],[7.85322,63.282],[7.854,63.28169],[7.85106,63.2811]],[[7.94534,63.28587],[7.94347,63.28569],[7.94339,63.28659],[7.94504,63.28725],[7.94775,63.28717],[7.94534,63.28587]],[[7.84806,63.28147],[7.84705,63.2818],[7.8483,63.28298],[7.85016,63.28288],[7.84806,63.28147]],[[7.88266,63.28373],[7.8804,63.28316],[7.87923,63.28352],[7.88024,63.28431],[7.88328,63.28511],[7.88392,63.28457],[7.88266,63.28373]],[[7.87074,63.28412],[7.87195,63.28288],[7.87503,63.28176],[7.87419,63.28134],[7.87033,63.2826],[7.869,63.28246],[7.86934,63.28189],[7.87166,63.2811],[7.87113,63.28043],[7.87208,63.27968],[7.87178,63.27895],[7.86708,63.27825],[7.86252,63.27864],[7.86262,63.27902],[7.86602,63.28025],[7.85999,63.27987],[7.86046,63.28081],[7.86195,63.28151],[7.86528,63.282],[7.86552,63.2824],[7.86855,63.28306],[7.86886,63.28349],[7.86791,63.28378],[7.86686,63.28305],[7.86548,63.28305],[7.86579,63.28394],[7.87028,63.28498],[7.87074,63.28412]],[[7.86403,63.28379],[7.8625,63.28348],[7.86291,63.28452],[7.86627,63.28509],[7.86403,63.28379]],[[7.94107,63.28773],[7.93827,63.28785],[7.93679,63.28853],[7.93778,63.28901],[7.94065,63.28931],[7.94201,63.28873],[7.94107,63.28773]],[[7.84316,63.28349],[7.84422,63.28308],[7.84377,63.28163],[7.84173,63.28184],[7.83768,63.28094],[7.83647,63.28107],[7.83711,63.2818],[7.83948,63.28203],[7.83886,63.28235],[7.83946,63.28272],[7.83849,63.28312],[7.83649,63.28255],[7.83624,63.28313],[7.84165,63.28451],[7.84364,63.28467],[7.8438,63.28429],[7.84234,63.28404],[7.84316,63.28349]],[[7.95636,63.28939],[7.95511,63.28902],[7.95306,63.28903],[7.94992,63.29002],[7.95375,63.29035],[7.95582,63.2899],[7.95636,63.28939]],[[7.79422,63.28166],[7.79224,63.28215],[7.79263,63.28266],[7.79432,63.28304],[7.79582,63.28217],[7.79422,63.28166]],[[7.89836,63.2872],[7.89156,63.28675],[7.89017,63.28744],[7.89386,63.28838],[7.8972,63.28804],[7.89836,63.2872]],[[7.80238,63.28355],[7.80035,63.28349],[7.79684,63.2845],[7.79848,63.28479],[7.80257,63.28442],[7.80238,63.28355]],[[7.95668,63.29248],[7.95447,63.29153],[7.95067,63.29171],[7.95138,63.29293],[7.95624,63.29414],[7.95698,63.29396],[7.95668,63.29248]],[[7.84515,63.2873],[7.8477,63.28812],[7.84562,63.28683],[7.84252,63.28761],[7.84186,63.28842],[7.84558,63.28844],[7.84515,63.2873]],[[7.94794,63.29102],[7.94636,63.29088],[7.94271,63.29179],[7.94762,63.29399],[7.94943,63.29418],[7.95036,63.29297],[7.94901,63.29258],[7.94947,63.29157],[7.94794,63.29102]],[[7.80767,63.28678],[7.8049,63.28601],[7.80448,63.28545],[7.80136,63.2854],[7.79951,63.28603],[7.80042,63.28672],[7.80417,63.28712],[7.80521,63.28699],[7.80499,63.28661],[7.80739,63.28729],[7.80767,63.28678]],[[8.00139,63.28616],[7.99751,63.28656],[7.99733,63.28823],[7.99295,63.28784],[7.99195,63.28846],[7.99173,63.28889],[7.99423,63.28904],[7.99634,63.29048],[7.99581,63.29239],[7.99124,63.29043],[7.98882,63.29007],[7.98674,63.29083],[7.99017,63.29182],[7.99027,63.29241],[7.98307,63.29252],[7.98047,63.29212],[7.97709,63.29318],[7.98239,63.29486],[7.98226,63.29554],[7.98605,63.29597],[7.98776,63.29667],[7.99803,63.29673],[8.00219,63.29562]],[[8.00219,63.29562],[7.99815,63.29345],[8.00129,63.29351]],[[7.89378,63.29252],[7.89043,63.29205],[7.88941,63.29227],[7.88952,63.29314],[7.89227,63.29371],[7.89389,63.29353],[7.89444,63.29304],[7.89378,63.29252]],[[7.94592,63.29382],[7.94366,63.29348],[7.9418,63.29404],[7.94365,63.29534],[7.94332,63.29583],[7.94529,63.29647],[7.94774,63.29629],[7.94838,63.29586],[7.94656,63.29535],[7.947,63.29484],[7.94592,63.29382]],[[7.97749,63.29727],[7.97844,63.29665],[7.97692,63.29617],[7.97553,63.29612],[7.97562,63.29695],[7.97182,63.29601],[7.97,63.29736],[7.9709,63.29803],[7.97468,63.2982],[7.97749,63.29727]],[[7.93916,63.29532],[7.93756,63.29539],[7.9374,63.29606],[7.94088,63.2965],[7.93916,63.29532]],[[7.78955,63.28827],[7.79163,63.2878],[7.79193,63.28723],[7.79041,63.28669],[7.78785,63.28653],[7.78667,63.28684],[7.78741,63.28764],[7.78584,63.28808],[7.78454,63.28786],[7.78303,63.28839],[7.78422,63.28929],[7.78927,63.28965],[7.79042,63.28929],[7.78955,63.28827]],[[7.8102,63.28993],[7.8095,63.29004],[7.81,63.29073]],[[7.79665,63.28868],[7.79553,63.28864],[7.79513,63.28989],[7.79611,63.29021],[7.7979,63.28978],[7.79665,63.28868]],[[7.81,63.29073],[7.81192,63.29128],[7.81458,63.29097],[7.81314,63.29059],[7.81191,63.28891],[7.81102,63.28911],[7.81189,63.28995],[7.81106,63.2904],[7.8102,63.28993]],[[7.8003,63.28926],[7.79903,63.28926],[7.799,63.29017],[7.80006,63.29084],[7.80152,63.29093],[7.8003,63.28926]],[[7.84783,63.29302],[7.84489,63.29284],[7.84456,63.29324],[7.84604,63.29402],[7.84974,63.2942],[7.84991,63.29372],[7.84783,63.29302]],[[7.8551,63.29652],[7.85235,63.29572],[7.85045,63.29578],[7.85427,63.29713],[7.85567,63.29702],[7.8551,63.29652]],[[7.79712,63.2934],[7.7955,63.29292],[7.79446,63.29361],[7.79596,63.2945],[7.79747,63.29468],[7.79712,63.2934]],[[7.94982,63.30282],[7.95002,63.30166],[7.94788,63.30008],[7.94574,63.29927],[7.94424,63.29925],[7.9449,63.29987],[7.94094,63.30001],[7.9412,63.30111],[7.94043,63.30115],[7.9375,63.30041],[7.93694,63.29955],[7.93527,63.2997],[7.93734,63.30148],[7.9391,63.30201],[7.94415,63.30167],[7.94555,63.30223],[7.94323,63.30196],[7.94259,63.30257],[7.94666,63.30315],[7.94982,63.30282]],[[7.80861,63.29627],[7.80919,63.29603],[7.80872,63.29583]],[[7.80872,63.29583],[7.80678,63.29445],[7.80274,63.29369],[7.80294,63.29521],[7.80575,63.29466],[7.80644,63.2948],[7.80585,63.29638],[7.80861,63.29627]],[[7.7796,63.29741],[7.77897,63.29709],[7.77803,63.29737],[7.77891,63.29857],[7.78245,63.2999],[7.78407,63.29972],[7.78487,63.29915],[7.78415,63.29843],[7.78276,63.29784],[7.7796,63.29741]],[[7.80775,63.29973],[7.80737,63.30123]],[[7.80737,63.30123],[7.80895,63.30247],[7.81017,63.30258],[7.81138,63.30227],[7.8128,63.30032],[7.81033,63.29947],[7.80775,63.29973]],[[7.74273,63.30204],[7.74106,63.30178],[7.74121,63.30135],[7.7402,63.30108],[7.73649,63.30151],[7.73752,63.30223],[7.7408,63.30263],[7.74273,63.30204]],[[7.93571,63.18687],[7.94262,63.18812]],[[7.86299,63.18951],[7.85752,63.18929],[7.86326,63.1901],[7.86299,63.18951]],[[7.78964,63.2409],[7.78564,63.2396],[7.78433,63.23978],[7.78442,63.24048],[7.78672,63.24107],[7.78921,63.24128],[7.78964,63.2409]],[[7.82141,63.24508],[7.82327,63.24504],[7.82371,63.24461],[7.82165,63.24413]],[[7.82165,63.24413],[7.82022,63.24481],[7.82141,63.24508]],[[7.93209,63.29458],[7.93164,63.29423],[7.92736,63.29422],[7.92869,63.29517],[7.93175,63.29492],[7.93209,63.29458]],[[7.90373,63.29968],[7.90052,63.29939],[7.90017,63.29967],[7.90439,63.30048],[7.90373,63.29968]],[[7.39772,62.9997],[7.39927,63.00053],[7.39885,63.00086],[7.39216,63.00049],[7.3897,63.00125],[7.39393,63.00161],[7.39463,63.0022],[7.39733,63.00292],[7.40238,63.00269],[7.40366,63.00301],[7.40396,63.00351],[7.40793,63.00437],[7.41013,63.00527]],[[7.29992,62.99962],[7.30274,63.00094],[7.30603,63.0012],[7.30845,62.99856]],[[7.29486,63.00327],[7.29432,63.00045],[7.28857,62.99931]],[[7.29499,63.00368],[7.29486,63.00327]],[[7.32227,63.00709],[7.32438,63.00581],[7.32185,63.00645],[7.31949,63.00549],[7.31753,63.00584],[7.32065,63.00716],[7.32227,63.00709]],[[7.40904,63.01459],[7.41039,63.01394],[7.41054,63.01322],[7.40466,63.0122],[7.40017,63.01212],[7.40056,63.01403],[7.40649,63.01476],[7.40904,63.01459]],[[7.41013,63.00527],[7.41138,63.00591],[7.40868,63.0066],[7.41133,63.00764],[7.4137,63.00766],[7.41305,63.0071],[7.41369,63.00692],[7.41961,63.00784],[7.41833,63.00894],[7.41505,63.00923],[7.40877,63.0077],[7.40612,63.00761],[7.40774,63.00922],[7.40718,63.0099],[7.40792,63.01035],[7.4099,63.01083],[7.4138,63.01086],[7.4167,63.01129],[7.41957,63.01216],[7.41894,63.01257],[7.41682,63.01255],[7.41791,63.0131],[7.42392,63.01203],[7.42869,63.01239]],[[7.22111,63.00126],[7.21782,63.00144],[7.21782,63.00236],[7.22218,63.00255],[7.22236,63.00157],[7.22111,63.00126]],[[7.41542,63.01352],[7.41211,63.0137],[7.41165,63.01488],[7.41424,63.01454],[7.41373,63.014],[7.41542,63.01352]],[[7.22866,62.99946],[7.23619,63.00094],[7.2349,63.0018],[7.23535,63.00212],[7.23785,63.00227],[7.24032,63.00184],[7.24101,63.00223],[7.23973,63.00284],[7.24203,63.00312],[7.24155,63.00375],[7.24245,63.00408],[7.24322,63.00386],[7.24222,63.00229],[7.24276,63.0018],[7.25365,63.00352],[7.25573,63.00424],[7.25887,63.00433],[7.25944,63.00346],[7.26225,63.0034],[7.26448,63.00494],[7.26589,63.00516],[7.26766,63.00477],[7.27225,63.0048],[7.27891,63.00629],[7.28459,63.00814]],[[7.24457,63.00505],[7.24059,63.00423],[7.23884,63.0042],[7.23841,63.00466],[7.23754,63.00466],[7.23459,63.00361],[7.23291,63.0041],[7.23353,63.0045],[7.24226,63.00595],[7.24329,63.00594],[7.24357,63.00531],[7.24457,63.00505]],[[7.25568,63.00705],[7.25188,63.00622],[7.25048,63.00677]],[[7.27397,63.00806],[7.26834,63.00685],[7.26495,63.00699],[7.26638,63.00754],[7.2695,63.00781]],[[7.29525,63.00923],[7.29255,63.00847],[7.28976,63.00831],[7.29117,63.009]],[[7.30174,63.00958],[7.30226,63.00858],[7.30392,63.00847],[7.3061,63.0089],[7.30683,63.00859],[7.30416,63.00744],[7.30638,63.0072],[7.30679,63.00667],[7.30593,63.00568],[7.29499,63.00368]],[[7.31598,63.01036],[7.31516,63.00968],[7.31106,63.00969],[7.3089,63.00886],[7.30687,63.00928],[7.30827,63.00994]],[[7.38191,63.01395],[7.38242,63.01362]],[[7.3987,63.01485],[7.39729,63.01407],[7.39241,63.0137],[7.38967,63.01266],[7.38492,63.01266],[7.38242,63.01362]],[[7.28788,63.00882],[7.29117,63.009]],[[7.2695,63.00781],[7.27354,63.00859],[7.27397,63.00806]],[[7.29525,63.00923],[7.30007,63.0101],[7.30134,63.01005],[7.30174,63.00958]],[[7.38191,63.01395],[7.38195,63.01542]],[[7.30827,63.00994],[7.31299,63.01171],[7.31396,63.01147],[7.31342,63.01094],[7.31615,63.01071],[7.31598,63.01036]],[[7.19156,63.00489],[7.19291,63.00379],[7.18972,63.00392],[7.19174,63.00443],[7.18945,63.0049],[7.19156,63.00489]],[[7.32693,63.01407],[7.32876,63.01398],[7.32789,63.01294],[7.33218,63.01401],[7.3337,63.01387],[7.33422,63.01341],[7.33178,63.01285],[7.32921,63.01145],[7.32706,63.01151],[7.32473,63.01253],[7.32309,63.01156],[7.31686,63.01075],[7.31797,63.0119],[7.32352,63.01313],[7.32483,63.01258],[7.32536,63.01362],[7.32693,63.01407]],[[7.38195,63.01542],[7.38295,63.01613],[7.3882,63.01727],[7.39126,63.01769],[7.39759,63.01762],[7.39914,63.01668],[7.3987,63.01485]],[[7.20843,63.00787],[7.20715,63.00716],[7.20587,63.00717],[7.20764,63.00782],[7.20545,63.00761],[7.20843,63.00787]],[[7.3408,63.01526],[7.34522,63.01447],[7.34346,63.01334],[7.34123,63.01407],[7.34014,63.015],[7.33406,63.01459],[7.33501,63.01547],[7.3408,63.01526]],[[7.41752,63.01795],[7.41734,63.01701],[7.41405,63.01665],[7.41263,63.01756],[7.40837,63.01714],[7.40756,63.01747],[7.41015,63.01859],[7.41035,63.01914],[7.41284,63.01986],[7.41377,63.01956],[7.41354,63.0187],[7.41752,63.01795]],[[7.23065,63.00908],[7.22901,63.0085],[7.22717,63.00888],[7.22616,63.00857],[7.22552,63.00912],[7.22724,63.00993],[7.22868,63.01001],[7.23045,63.00951],[7.23065,63.00908]],[[7.28386,63.0109],[7.28287,63.01063],[7.28313,63.0098],[7.28016,63.00893],[7.2761,63.00846],[7.27818,63.00994],[7.27572,63.00958],[7.27304,63.00973],[7.27062,63.01063],[7.27155,63.01105],[7.27485,63.01142],[7.27743,63.01061],[7.27821,63.01071],[7.27829,63.01133],[7.27655,63.01138],[7.27639,63.01178],[7.28005,63.01257],[7.2831,63.01374]],[[7.35737,63.01693],[7.35595,63.01692],[7.35591,63.0174],[7.35969,63.01803],[7.36127,63.01791],[7.35737,63.01693]],[[7.2831,63.01374],[7.28668,63.01455],[7.28841,63.01462],[7.29055,63.01414],[7.29039,63.01267],[7.28613,63.01146],[7.2918,63.01201],[7.29262,63.01156],[7.28798,63.01071],[7.28386,63.0109]],[[7.34978,63.01767],[7.34849,63.01758],[7.34861,63.01697],[7.35247,63.01679],[7.35293,63.01639],[7.35112,63.01614],[7.34707,63.01661],[7.34604,63.01732],[7.34873,63.01807],[7.34978,63.01767]],[[7.37937,63.02216],[7.38015,63.02178],[7.37699,63.02164],[7.37414,63.02022],[7.37219,63.02025],[7.37044,63.01983],[7.36553,63.01764],[7.36236,63.01793],[7.36052,63.01886],[7.36311,63.02013],[7.36661,63.0196],[7.36977,63.02011],[7.37026,63.02078],[7.36642,63.02059],[7.36627,63.021],[7.36773,63.02155],[7.3709,63.02162],[7.37305,63.02245],[7.37937,63.02216]],[[7.38047,63.02107],[7.38066,63.02166],[7.38212,63.02224],[7.38084,63.02275],[7.38005,63.02378],[7.38254,63.0241],[7.3857,63.02348],[7.38557,63.02291],[7.38392,63.02257],[7.38278,63.02166],[7.38347,63.02041],[7.38062,63.02048]],[[7.39062,63.02689],[7.3892,63.02671],[7.38658,63.02776],[7.3862,63.02831],[7.38829,63.02865],[7.39168,63.02831],[7.39062,63.02689]],[[7.39341,63.02982],[7.39653,63.02978],[7.3971,63.02913],[7.39608,63.02857],[7.3938,63.02845],[7.39214,63.02894],[7.38784,63.02924],[7.38955,63.03009],[7.39341,63.02982]],[[7.40324,63.03152],[7.40926,63.03172],[7.40952,63.03095],[7.40891,63.03059],[7.40453,63.02988],[7.40353,63.03006],[7.40096,63.02938],[7.40023,63.03042],[7.40158,63.0312],[7.40324,63.03152]],[[7.23979,63.02119],[7.23496,63.02085],[7.23147,63.02128],[7.23056,63.02275],[7.23572,63.02393],[7.23863,63.02386],[7.24038,63.02324],[7.23979,63.02119]],[[7.38747,63.0439],[7.38773,63.04333],[7.38701,63.04307],[7.3856,63.04349],[7.3834,63.04321],[7.38253,63.04353],[7.38302,63.04411],[7.3859,63.04421],[7.38747,63.0439]],[[7.42021,63.04944],[7.42125,63.0495],[7.42112,63.05046],[7.42347,63.05081],[7.42391,63.04957],[7.42208,63.04821],[7.4238,63.04714],[7.42308,63.04655],[7.42424,63.04442],[7.42287,63.0437],[7.42094,63.0442],[7.42153,63.04307],[7.41964,63.04207],[7.42349,63.04013],[7.4139,63.04021],[7.41291,63.03772],[7.41623,63.03631],[7.41617,63.03549],[7.41134,63.03556],[7.40759,63.03637],[7.40485,63.03632],[7.40301,63.03652],[7.40234,63.03696],[7.39942,63.03695],[7.40017,63.03876],[7.40471,63.03855],[7.40512,63.03948],[7.4065,63.03899],[7.40591,63.03842],[7.40773,63.03787],[7.4114,63.03797],[7.41221,63.04111],[7.4114,63.04116],[7.40904,63.03997],[7.40711,63.04091],[7.40441,63.04149],[7.40327,63.04237],[7.40368,63.04334],[7.40228,63.04354],[7.3999,63.0423],[7.397,63.04241],[7.39477,63.04341],[7.39283,63.04342],[7.39172,63.0441],[7.39351,63.04509],[7.3945,63.04517],[7.39446,63.04598],[7.39708,63.04673],[7.39677,63.04724],[7.39744,63.04745],[7.40778,63.04784],[7.40956,63.0486],[7.41192,63.0489],[7.41282,63.0487],[7.4122,63.04773],[7.4131,63.04753],[7.41586,63.04894],[7.41574,63.05016],[7.41786,63.05081],[7.42021,63.04944]],[[7.39418,63.05081],[7.39687,63.04998],[7.39917,63.05036],[7.40176,63.04993],[7.40324,63.04917],[7.40292,63.04827],[7.39889,63.0485],[7.39683,63.04801],[7.39727,63.04852],[7.39639,63.04883],[7.39389,63.04853],[7.39262,63.04876],[7.3888,63.04816],[7.38742,63.04836],[7.38702,63.04944],[7.38919,63.04952],[7.39306,63.05093],[7.39418,63.05081]],[[7.23237,63.00222],[7.23218,63.0019],[7.23417,63.00193],[7.23432,63.0016],[7.23001,63.00126],[7.22902,63.00159],[7.22976,63.00242],[7.2321,63.00261],[7.23237,63.00222]],[[7.28788,63.00882],[7.28459,63.00814]],[[7.25048,63.00677],[7.25366,63.00766],[7.25568,63.00705]],[[7.18621,63.00483],[7.18842,63.00424],[7.18736,63.00361],[7.18653,63.00363]],[[7.24214,63.00692],[7.24107,63.00656],[7.23814,63.00697],[7.24256,63.00794],[7.243,63.00761],[7.24214,63.00692]],[[7.18653,63.00363],[7.18497,63.00377],[7.18593,63.00434],[7.18441,63.00496],[7.18621,63.00483]],[[7.18571,63.00666],[7.18727,63.00644],[7.18578,63.00642]],[[7.25098,63.00789],[7.24898,63.00756],[7.24807,63.00841],[7.25001,63.00889],[7.25098,63.00789]],[[7.18578,63.00642],[7.18082,63.00663],[7.18571,63.00666]],[[7.26025,63.01128],[7.25692,63.01061],[7.2562,63.01079],[7.25661,63.0114],[7.26045,63.01179],[7.26087,63.01152],[7.26025,63.01128]],[[7.38062,63.02048],[7.37994,63.02063],[7.38047,63.02107]],[[7.25081,63.01316],[7.24731,63.01269],[7.24665,63.01315],[7.24867,63.01391],[7.25102,63.01407],[7.25187,63.01353],[7.25081,63.01316]],[[7.16096,63.01274],[7.15947,63.01284],[7.15975,63.01355],[7.16113,63.01359],[7.16096,63.01274]],[[7.31977,63.03778],[7.31692,63.03675],[7.31521,63.0371],[7.31883,63.03827],[7.31977,63.03778]],[[7.41163,63.03496],[7.41434,63.03489],[7.41585,63.03435],[7.41382,63.03375],[7.41251,63.03383],[7.40976,63.03479],[7.41163,63.03496]],[[7.3473,63.03253],[7.34761,63.03156],[7.34316,63.03206],[7.34471,63.03271],[7.3473,63.03253]],[[7.39276,63.03947],[7.38867,63.0403],[7.38813,63.04072],[7.39303,63.04021],[7.39276,63.03947]],[[7.75677,63.3852],[7.75439,63.38472],[7.7531,63.384],[7.75128,63.38384],[7.75043,63.38427],[7.75095,63.38477],[7.75587,63.38618],[7.75677,63.3852]],[[7.7936,63.3893],[7.79454,63.3885],[7.79303,63.3876],[7.79133,63.38728],[7.79271,63.38898],[7.78973,63.38889],[7.78919,63.38919],[7.79155,63.38992],[7.7936,63.3893]],[[7.78529,63.38903],[7.78426,63.38882],[7.7825,63.38943],[7.78507,63.38991]],[[7.83031,63.39308],[7.82927,63.39253],[7.82433,63.39221],[7.82489,63.39263],[7.83031,63.39308]],[[7.78507,63.38991],[7.78846,63.39158],[7.78953,63.39146],[7.78799,63.39002],[7.78606,63.38902],[7.78529,63.38903]],[[7.74714,63.38881],[7.74484,63.38854],[7.74387,63.38886],[7.74383,63.38981],[7.74684,63.38992],[7.74714,63.38881]],[[7.8416,63.39422],[7.84164,63.39349],[7.84022,63.39217],[7.84148,63.38958],[7.84006,63.3891],[7.83803,63.39377],[7.83315,63.39312],[7.83125,63.39322],[7.83879,63.39447],[7.83972,63.39482],[7.83991,63.39574],[7.8416,63.39422]],[[7.76394,63.39123],[7.76223,63.39094],[7.76108,63.39225],[7.76244,63.39257],[7.7649,63.39219],[7.76394,63.39123]],[[7.78418,63.39345],[7.78231,63.3931],[7.78219,63.3941],[7.78397,63.39425]],[[7.80791,63.39353],[7.80713,63.39364],[7.80745,63.39428],[7.8061,63.39582],[7.79931,63.39427],[7.79956,63.39341],[7.79638,63.39334],[7.79646,63.39151],[7.798,63.391],[7.80265,63.39142],[7.80489,63.39293],[7.80534,63.39229],[7.80694,63.39261],[7.8075,63.3922],[7.80701,63.39074],[7.8048,63.39037],[7.80327,63.39117],[7.80318,63.38973],[7.79843,63.38857],[7.79774,63.38811],[7.79829,63.38755],[7.80046,63.38763],[7.80445,63.38848],[7.8055,63.38921],[7.8079,63.38894],[7.80762,63.38959],[7.80941,63.38947],[7.81079,63.3902],[7.81062,63.39104],[7.81314,63.39038],[7.8167,63.39147],[7.81672,63.39209],[7.82171,63.39148],[7.81973,63.39054],[7.8175,63.39032],[7.81467,63.3878],[7.81352,63.38809],[7.81348,63.38879],[7.81258,63.38899],[7.80891,63.38749],[7.80863,63.38674],[7.80637,63.38748],[7.79596,63.38552]],[[7.78397,63.39425],[7.78637,63.39495],[7.78581,63.39409],[7.78738,63.3936],[7.78418,63.39345]],[[7.78405,63.39584],[7.78433,63.39545],[7.7837,63.39533]],[[7.77511,63.39392],[7.77565,63.39244],[7.77501,63.39185],[7.76677,63.39082],[7.76896,63.39214],[7.77069,63.39226],[7.77209,63.39174],[7.77368,63.3924],[7.77086,63.39291],[7.77271,63.39375],[7.76997,63.39358],[7.7718,63.39465],[7.7736,63.39458],[7.77511,63.39392]],[[7.78474,63.39123],[7.78235,63.39135],[7.78196,63.39267],[7.78121,63.39304],[7.7796,63.39254],[7.77813,63.39394],[7.77871,63.3943],[7.78117,63.39421],[7.78068,63.3951],[7.7837,63.39533]],[[7.78806,63.39605],[7.78978,63.39463],[7.78862,63.39351],[7.78767,63.39332],[7.78835,63.39231],[7.78474,63.39123]],[[7.79372,63.39634],[7.79311,63.39573],[7.79219,63.39612],[7.79099,63.39575],[7.79022,63.39616]],[[7.79948,63.39663],[7.79919,63.39452],[7.7968,63.3945],[7.79627,63.39375],[7.79276,63.39416],[7.79255,63.39519],[7.79438,63.3958],[7.79532,63.39587],[7.79697,63.39491],[7.79751,63.39505],[7.79777,63.39629],[7.79714,63.39651]],[[7.80541,63.39693],[7.8051,63.39627],[7.80291,63.39561],[7.80135,63.39613],[7.80152,63.39673]],[[7.79948,63.39663],[7.80125,63.39748],[7.80278,63.39735],[7.80301,63.39697],[7.80152,63.39673]],[[7.76711,63.39545],[7.76595,63.39511],[7.7625,63.39518],[7.76475,63.39605],[7.76701,63.39574],[7.76711,63.39545]],[[7.78405,63.39584],[7.78549,63.39724],[7.7872,63.39691],[7.78806,63.39605]],[[7.79022,63.39616],[7.78861,63.39749],[7.79041,63.39815],[7.79149,63.39795],[7.79189,63.39719],[7.79372,63.39634]],[[7.77707,63.3979],[7.77656,63.39722],[7.77255,63.39686],[7.77034,63.39589],[7.7678,63.39597],[7.77104,63.39703],[7.77209,63.39793],[7.7734,63.39758],[7.7758,63.39819],[7.77707,63.3979]],[[7.76572,63.39715],[7.76452,63.39722],[7.76509,63.39785],[7.76808,63.39846],[7.76913,63.39831],[7.76572,63.39715]],[[7.79714,63.39651],[7.79405,63.3974],[7.79914,63.39776],[7.79973,63.39893],[7.79967,63.39927],[7.79821,63.39944],[7.79868,63.40032],[7.80055,63.39973],[7.80541,63.39693]],[[7.76088,63.39905],[7.75912,63.39853],[7.75666,63.39903],[7.76154,63.40071],[7.76228,63.39986],[7.76088,63.39905]],[[7.78125,63.40502],[7.77925,63.40564],[7.78102,63.40593]],[[7.84244,63.40345],[7.8423,63.40316],[7.83698,63.40268],[7.83625,63.4019],[7.83424,63.40216],[7.82834,63.40089],[7.82623,63.40102],[7.82956,63.40196],[7.82868,63.40287],[7.82926,63.40316],[7.83453,63.40305],[7.83852,63.40363],[7.83867,63.40442],[7.83765,63.40512],[7.83815,63.40543],[7.83886,63.40536],[7.8404,63.40392],[7.84244,63.40345]],[[7.80755,63.40332],[7.80551,63.40296],[7.81027,63.40151],[7.81222,63.40147],[7.81029,63.40065],[7.81122,63.40029],[7.80962,63.39959],[7.80611,63.39928],[7.80485,63.40016],[7.8037,63.40013],[7.80233,63.40086],[7.80133,63.40332],[7.80197,63.40347],[7.80362,63.40291],[7.80435,63.4033],[7.80315,63.40414],[7.80502,63.40432],[7.80661,63.40421],[7.80755,63.40332]],[[7.79986,63.40377],[7.79968,63.40292],[7.79826,63.40297],[7.79569,63.40206],[7.79303,63.40208],[7.79344,63.40267],[7.79538,63.40299],[7.79508,63.40372],[7.79773,63.40352],[7.79788,63.40449],[7.79903,63.40453],[7.79986,63.40377]],[[7.78165,63.40346],[7.78079,63.40424],[7.78137,63.40456]],[[7.78137,63.40456],[7.78371,63.40478],[7.7848,63.40436],[7.78298,63.40311],[7.78165,63.40346]],[[7.77976,63.40399],[7.78099,63.40244],[7.77851,63.401],[7.77387,63.40028],[7.77154,63.40198],[7.76893,63.4017],[7.77057,63.4032],[7.7721,63.40377],[7.77636,63.4036],[7.77813,63.4047],[7.77976,63.40399]],[[7.78102,63.40593],[7.78238,63.40607],[7.78308,63.40568],[7.78294,63.40513],[7.78125,63.40502]],[[7.78577,63.40511],[7.78488,63.4051],[7.78323,63.40638],[7.78378,63.40666],[7.78269,63.40743],[7.78414,63.40812],[7.78638,63.40586],[7.78577,63.40511]],[[7.77357,63.40658],[7.77223,63.40641],[7.76956,63.40676],[7.77408,63.40791],[7.77492,63.40748],[7.77474,63.40687],[7.77357,63.40658]],[[7.79808,63.41024],[7.79658,63.4099],[7.79621,63.40874],[7.79412,63.40917],[7.79215,63.40743],[7.79086,63.40789],[7.78955,63.40693],[7.7882,63.40735],[7.78727,63.40849],[7.7879,63.40918],[7.79594,63.41059],[7.79749,63.41065],[7.79808,63.41024]],[[7.77991,63.41035],[7.77921,63.40983],[7.7784,63.40987],[7.7797,63.41116]],[[7.7797,63.41116],[7.78097,63.41194],[7.78196,63.41186],[7.78209,63.41115],[7.77991,63.41035]],[[7.75026,63.40989],[7.74617,63.40882],[7.74345,63.40969],[7.74447,63.41],[7.74612,63.40964],[7.74766,63.41041],[7.74642,63.41067],[7.74643,63.41105],[7.74936,63.41129],[7.75079,63.41101],[7.75026,63.40989]],[[7.78928,63.41215],[7.786,63.41238],[7.7925,63.4141],[7.79277,63.41464],[7.79401,63.41444],[7.79288,63.41279],[7.78928,63.41215]],[[7.8024,63.41561],[7.79692,63.41566],[7.79737,63.41611],[7.80097,63.41651],[7.8024,63.41561]],[[7.8131,63.41791],[7.81303,63.41682],[7.81153,63.41661],[7.8114,63.4174],[7.80981,63.41748],[7.80923,63.41669],[7.80625,63.41571],[7.80484,63.41571],[7.80517,63.41717],[7.80796,63.41839],[7.81137,63.41875],[7.8131,63.41791]],[[7.82698,63.42392],[7.82243,63.42339],[7.82106,63.42395],[7.82218,63.42448],[7.82469,63.42475],[7.82758,63.42455],[7.82698,63.42392]],[[7.84314,63.42623],[7.83974,63.42575],[7.83814,63.42611],[7.84083,63.42709],[7.84314,63.42623]],[[7.94694,63.43266],[7.94692,63.432],[7.94524,63.43134],[7.94508,63.43075],[7.94837,63.42805],[7.94653,63.42799],[7.94597,63.4286]],[[7.92141,63.43354],[7.92082,63.43375]],[[7.80155,63.42585],[7.79964,63.42608],[7.8002,63.42703],[7.80297,63.42744],[7.80359,63.42785],[7.80748,63.42799],[7.80484,63.42664],[7.80155,63.42585]],[[7.89961,63.43175],[7.89873,63.43115],[7.89753,63.43113],[7.89604,63.43186],[7.89538,63.433],[7.89843,63.43247],[7.89961,63.43175]],[[7.91103,63.43408],[7.91059,63.4338]],[[7.90268,63.43493],[7.90237,63.43391],[7.90013,63.43349],[7.89788,63.43396],[7.89878,63.43455],[7.89979,63.4344],[7.90268,63.43493]],[[7.79829,63.43009],[7.80148,63.42953],[7.79815,63.42814],[7.79671,63.42784],[7.79424,63.42796],[7.79422,63.42889],[7.79689,63.42942],[7.79692,63.43035],[7.79779,63.43046],[7.79829,63.43009]],[[7.8288,63.43201],[7.8274,63.43209],[7.82778,63.43284],[7.82929,63.43344],[7.83073,63.43257],[7.8288,63.43201]],[[7.92141,63.43354],[7.92827,63.43681],[7.92918,63.4379],[7.93366,63.43952],[7.93485,63.43879],[7.93508,63.43647],[7.93653,63.43481],[7.93895,63.43425],[7.941,63.43322],[7.94597,63.4286]],[[7.81356,63.39734],[7.81509,63.39823],[7.82579,63.40081],[7.82543,63.40106],[7.82142,63.40052],[7.81905,63.40075],[7.81661,63.40152],[7.81698,63.40207],[7.82476,63.40237],[7.82686,63.40307],[7.8207,63.40323],[7.81712,63.40373],[7.81748,63.40297],[7.81668,63.40273],[7.81538,63.40276],[7.81468,63.40317],[7.81249,63.40301],[7.8106,63.4044],[7.80162,63.40529],[7.80154,63.4063],[7.80401,63.40659],[7.80414,63.4072],[7.80172,63.40682],[7.80045,63.40717],[7.7987,63.40699],[7.79833,63.40636],[7.79666,63.40587],[7.79249,63.40532],[7.7932,63.40703],[7.79467,63.40725],[7.79631,63.40867],[7.79914,63.4092],[7.8006,63.41059],[7.8056,63.41199],[7.80445,63.41249],[7.80048,63.41104],[7.79643,63.41123],[7.79517,63.41098],[7.79603,63.41231],[7.80069,63.41369],[7.80468,63.41371],[7.80472,63.41305],[7.80727,63.41396],[7.81461,63.41449],[7.81712,63.41305],[7.81986,63.41322],[7.8254,63.41242],[7.82545,63.41306],[7.81934,63.41421],[7.81875,63.41456],[7.81924,63.4152],[7.81777,63.41536],[7.81323,63.41482],[7.80844,63.41498],[7.81013,63.41597],[7.81738,63.41714],[7.81758,63.41783],[7.81388,63.41769],[7.81283,63.41919],[7.8158,63.42093],[7.81887,63.42166],[7.82039,63.42071],[7.82192,63.4204],[7.82222,63.42114],[7.82126,63.42132],[7.82103,63.42209],[7.82332,63.42261],[7.82424,63.42214],[7.82423,63.42065],[7.82584,63.42055],[7.83097,63.4231],[7.83636,63.42402],[7.83762,63.42276],[7.83575,63.42202],[7.83587,63.42146],[7.84056,63.4228],[7.84185,63.42171],[7.84277,63.42167],[7.8433,63.42249],[7.84196,63.42327],[7.84178,63.42439],[7.84526,63.42608],[7.84863,63.4257],[7.84558,63.42699],[7.8457,63.42745],[7.84903,63.42799],[7.85142,63.42884],[7.85101,63.42927],[7.84946,63.42857],[7.84884,63.42869],[7.85037,63.43013],[7.85606,63.43206],[7.85531,63.43274],[7.85811,63.43382],[7.85858,63.4352],[7.86325,63.43491],[7.86083,63.43355],[7.86247,63.4329],[7.86171,63.43032],[7.86401,63.43086],[7.86499,63.42991],[7.86302,63.42672],[7.86418,63.42667],[7.86542,63.42759],[7.86889,63.42757],[7.87228,63.42938],[7.87304,63.43098],[7.87444,63.43157],[7.87398,63.43215],[7.87114,63.43167],[7.86923,63.43229],[7.8683,63.43511],[7.87376,63.43739]],[[7.84844,63.43454],[7.85013,63.43446],[7.84991,63.4339],[7.85265,63.43322],[7.85368,63.43436],[7.85473,63.43449],[7.85501,63.43405],[7.85235,63.43184],[7.84508,63.42872],[7.84305,63.42842],[7.84372,63.42911],[7.84346,63.43068],[7.84773,63.43296],[7.84618,63.43365],[7.84179,63.43268],[7.84342,63.43376],[7.84456,63.43596],[7.84552,63.43592],[7.84844,63.43454]],[[7.8588,63.43679],[7.85768,63.43569],[7.85685,63.43582],[7.85527,63.43508],[7.85338,63.43493],[7.85418,63.43675],[7.85548,63.43689],[7.85693,63.4365],[7.85703,63.4379],[7.85868,63.4377],[7.8588,63.43679]],[[7.81738,63.43506],[7.81521,63.43471],[7.81626,63.43388],[7.81534,63.43265],[7.81275,63.43075],[7.81145,63.43077],[7.80968,63.42883],[7.80863,63.42851],[7.80425,63.42897],[7.80428,63.42982],[7.80251,63.43126],[7.80238,63.43254],[7.80476,63.43294],[7.80565,63.43274],[7.80432,63.43229],[7.80571,63.43006],[7.80819,63.43005],[7.8085,63.43092],[7.80624,63.43112],[7.80562,63.43162],[7.80536,63.43226],[7.80647,63.43298],[7.80514,63.4331],[7.80519,63.43344],[7.80647,63.4336],[7.80885,63.43306],[7.80931,63.43372],[7.81392,63.4349],[7.81509,63.43582],[7.81738,63.43506]],[[7.87376,63.43739],[7.87563,63.43723],[7.87675,63.43556],[7.87891,63.43698],[7.87741,63.43672],[7.87691,63.43755],[7.87591,63.43738],[7.87559,63.43766],[7.87833,63.43761],[7.87897,63.43852],[7.87691,63.43846],[7.87664,63.43891],[7.88151,63.4387],[7.8792,63.43701],[7.88001,63.43674],[7.88126,63.43762],[7.88259,63.43771],[7.88529,63.43662],[7.88632,63.43713],[7.88927,63.43688],[7.89042,63.4375],[7.89172,63.4375],[7.88965,63.4401],[7.89197,63.43998],[7.89467,63.43907],[7.89473,63.43842],[7.89357,63.43736],[7.89228,63.43704],[7.89175,63.43621],[7.89171,63.43362],[7.88567,63.43098],[7.88682,63.42992],[7.88663,63.42912],[7.88791,63.42918],[7.88816,63.43009],[7.89023,63.43119],[7.89137,63.43123],[7.89276,63.4307],[7.8932,63.43009],[7.89241,63.42833],[7.8948,63.42963],[7.89813,63.4296],[7.89843,63.43042],[7.89929,63.43058],[7.90042,63.42987],[7.90159,63.42766],[7.90525,63.42635],[7.90905,63.42654],[7.90618,63.42769],[7.90494,63.42874],[7.90561,63.42935],[7.90496,63.43012],[7.903,63.43071],[7.90244,63.43055],[7.90123,63.43148],[7.90179,63.43164],[7.90142,63.43279],[7.90611,63.43496],[7.90735,63.43498],[7.91059,63.4338]],[[7.83071,63.43713],[7.82745,63.43679],[7.82869,63.43775],[7.83089,63.4377],[7.83071,63.43713]],[[7.91103,63.43408],[7.90864,63.43527],[7.90873,63.43659],[7.90997,63.43724],[7.9101,63.43813],[7.9085,63.43862],[7.90728,63.44165],[7.91037,63.44142],[7.91338,63.44167],[7.91458,63.44129],[7.91571,63.43931],[7.91501,63.43854],[7.91391,63.43874],[7.91315,63.43839],[7.91496,63.43665],[7.91585,63.43654],[7.91663,63.43682],[7.91511,63.43741],[7.91553,63.43797],[7.91726,63.43894],[7.92132,63.43998],[7.92114,63.44098],[7.92443,63.441],[7.92616,63.44163],[7.92679,63.44247],[7.92793,63.44251],[7.93082,63.44159],[7.93005,63.43964],[7.92746,63.43864],[7.92702,63.4378],[7.92357,63.4393],[7.92253,63.43933],[7.92424,63.43804],[7.92359,63.43694],[7.92544,63.43762],[7.92611,63.43731],[7.9246,63.43595],[7.9237,63.43657],[7.92302,63.43648],[7.92199,63.43528],[7.92111,63.43604],[7.92017,63.43595],[7.92082,63.43375]],[[7.92075,63.44097],[7.91925,63.44105],[7.91866,63.44202],[7.91976,63.44317],[7.92196,63.44249],[7.92241,63.44173],[7.92075,63.44097]],[[7.93391,63.44148],[7.93217,63.44139],[7.93026,63.44274],[7.93108,63.44418],[7.93389,63.44297],[7.93391,63.44148]],[[7.99011,63.44744],[7.98928,63.44733],[7.98877,63.44804],[7.98705,63.44855],[7.98768,63.44974],[7.98979,63.44832],[7.99011,63.44744]],[[7.79311,63.43865],[7.78847,63.43937],[7.79049,63.44071],[7.79223,63.43995],[7.79311,63.43865]],[[7.9287,63.44654],[7.92734,63.445],[7.9251,63.44472],[7.92482,63.44385],[7.92563,63.4434],[7.92445,63.44268],[7.92244,63.44281],[7.91947,63.44435],[7.91718,63.44265],[7.91513,63.44263],[7.91488,63.44381],[7.91563,63.44476],[7.91672,63.44507],[7.91682,63.44656],[7.91924,63.44682],[7.92004,63.44549],[7.92161,63.44605],[7.92493,63.44574],[7.92416,63.44706],[7.92556,63.44774],[7.9287,63.44654]],[[7.89398,63.44646],[7.89176,63.44524],[7.89087,63.44561],[7.89175,63.44635]],[[7.89879,63.4467],[7.89776,63.44597],[7.896,63.44657]],[[7.95139,63.44932],[7.953,63.44926],[7.95292,63.44876],[7.95418,63.44832],[7.9552,63.44708],[7.95297,63.44673],[7.953,63.44537],[7.95153,63.44521],[7.94954,63.44551],[7.94841,63.44524],[7.94956,63.44254],[7.94876,63.44273],[7.94823,63.44402],[7.94537,63.44538],[7.94299,63.44468],[7.94579,63.44276],[7.94874,63.44168],[7.94746,63.44105],[7.94773,63.4404],[7.94528,63.43996],[7.94679,63.43932],[7.94853,63.43914],[7.94847,63.43848],[7.94704,63.43792],[7.94259,63.43896],[7.94226,63.43843],[7.9393,63.43723],[7.93964,63.43682],[7.94131,63.43666],[7.94438,63.43707],[7.9444,63.43648],[7.94236,63.43489],[7.94321,63.4339],[7.94694,63.43266]],[[7.98214,63.45084],[7.98005,63.45005],[7.9798,63.45072]],[[7.98645,63.45105],[7.98749,63.45005],[7.98609,63.44971],[7.98481,63.45014],[7.98499,63.45098]],[[7.89175,63.44635],[7.89302,63.44695],[7.89398,63.44646]],[[7.98214,63.45084],[7.98368,63.45162],[7.98453,63.45157],[7.98499,63.45098]],[[7.896,63.44657],[7.89676,63.44807],[7.89771,63.44842],[7.89911,63.44748],[7.89879,63.4467]],[[7.85487,63.44598],[7.85391,63.44588],[7.85247,63.44734],[7.85291,63.44769],[7.85488,63.4479],[7.85772,63.44725],[7.85712,63.44623],[7.85487,63.44598]],[[7.94555,63.45128],[7.94441,63.45128],[7.94327,63.45229],[7.94642,63.45282],[7.94683,63.45247],[7.94555,63.45128]],[[7.89967,63.45087],[7.90158,63.45018],[7.90164,63.44962],[7.89916,63.44837],[7.89629,63.44903],[7.89484,63.45045],[7.8953,63.45082],[7.89665,63.45055],[7.89685,63.45146],[7.89967,63.45087]],[[7.98645,63.45105],[7.98598,63.45168],[7.98889,63.45381],[7.98891,63.4547],[7.9882,63.45483],[7.98488,63.45286],[7.98417,63.45294],[7.98156,63.45563],[7.98208,63.45645],[7.98401,63.45665]],[[7.89363,63.45115],[7.89277,63.45023],[7.8965,63.44828],[7.89492,63.44719],[7.89148,63.44918],[7.89071,63.44881],[7.89231,63.44707],[7.89014,63.4466],[7.88936,63.44682],[7.88925,63.44758],[7.88712,63.44762],[7.88687,63.44823],[7.88584,63.4483],[7.88372,63.44756],[7.88143,63.4485],[7.88159,63.44904],[7.88451,63.45006],[7.88934,63.45034],[7.89417,63.4526],[7.89486,63.45212],[7.89363,63.45115]],[[7.97008,63.45508],[7.97088,63.45499],[7.97081,63.45585],[7.97165,63.45622],[7.97277,63.45603],[7.97299,63.45658],[7.97712,63.45733],[7.97856,63.45701],[7.98027,63.45469],[7.97914,63.45353],[7.98037,63.45252],[7.98275,63.45207],[7.9798,63.45072]],[[7.98401,63.45665],[7.98476,63.45679],[7.98574,63.45829],[7.98993,63.45765],[7.99464,63.45784]],[[7.81424,63.44875],[7.81309,63.44859],[7.81109,63.44904],[7.81344,63.44981],[7.81557,63.45003],[7.81424,63.44875]],[[7.80748,63.44816],[7.8058,63.44773],[7.80431,63.44827],[7.80586,63.44959],[7.80789,63.44888],[7.80748,63.44816]],[[7.9053,63.45285],[7.90378,63.45274],[7.89998,63.45449],[7.89925,63.45564],[7.90009,63.45583],[7.90301,63.45505],[7.9053,63.45285]],[[7.89077,63.45434],[7.88939,63.45121],[7.88881,63.45091],[7.88729,63.45106],[7.88744,63.45206],[7.88567,63.45177],[7.88503,63.45252],[7.88662,63.45326],[7.8888,63.4535],[7.88973,63.4542],[7.88958,63.45508],[7.89065,63.45554],[7.89077,63.45434]],[[7.8011,63.45034],[7.80178,63.44989],[7.8031,63.44992],[7.80373,63.45041],[7.80474,63.44996],[7.80388,63.44924],[7.80243,63.44901],[7.80242,63.44827],[7.79734,63.44748],[7.79666,63.448],[7.7982,63.44901],[7.79779,63.44926],[7.7915,63.4476],[7.78959,63.44791],[7.78976,63.4488],[7.79232,63.4498],[7.79477,63.44955],[7.79881,63.45144],[7.80036,63.45107],[7.80021,63.45049],[7.8011,63.45034]],[[7.97331,63.45771],[7.97249,63.45762],[7.97192,63.45814],[7.97036,63.45822],[7.96923,63.45874],[7.96906,63.45978],[7.97344,63.45993],[7.97508,63.45944],[7.97289,63.45841],[7.97331,63.45771]],[[7.95139,63.44932],[7.95122,63.45063],[7.95,63.45094],[7.94674,63.45053],[7.94706,63.45201],[7.94831,63.45246],[7.94963,63.45232],[7.95473,63.451],[7.95389,63.45143],[7.95522,63.45235],[7.95291,63.45206],[7.94896,63.4534],[7.94867,63.454],[7.95716,63.45447],[7.95981,63.45528],[7.958,63.45542],[7.95524,63.45734],[7.95054,63.45794],[7.94751,63.45985],[7.95143,63.45962],[7.95181,63.46038],[7.95635,63.45908],[7.95831,63.45937],[7.95987,63.45908],[7.96109,63.46038],[7.96243,63.46078],[7.96356,63.46056],[7.96409,63.45998],[7.96266,63.45952],[7.96335,63.45914],[7.96165,63.45851],[7.9629,63.45792],[7.96592,63.45817],[7.96716,63.45728],[7.96452,63.45674],[7.96184,63.45678],[7.96314,63.45618],[7.96201,63.45552],[7.96229,63.45494],[7.9564,63.45293],[7.95847,63.45266],[7.95754,63.45158],[7.95932,63.45199],[7.9627,63.45206],[7.96253,63.4524],[7.96625,63.4539],[7.96587,63.45451],[7.96673,63.45556],[7.97008,63.45508]],[[7.79861,63.45239],[7.79533,63.45171],[7.79443,63.45194],[7.79673,63.45347],[7.79816,63.45315],[7.79861,63.45239]],[[7.7872,63.45174],[7.786,63.45168],[7.78524,63.45212],[7.78769,63.45339],[7.78845,63.4527],[7.7872,63.45174]],[[7.79315,63.4527],[7.79159,63.45248],[7.79108,63.45298],[7.79286,63.45418],[7.79411,63.45379],[7.79315,63.4527]],[[7.96849,63.46149],[7.96724,63.46272],[7.96813,63.46298]],[[7.96849,63.46149],[7.97216,63.46044],[7.97669,63.46041],[7.97834,63.46111],[7.97977,63.46335],[7.98122,63.46369],[7.98146,63.46242],[7.97944,63.46025],[7.98193,63.45984],[7.98413,63.46078],[7.98551,63.4609],[7.98815,63.4601],[7.98991,63.4607],[7.99032,63.46026],[7.9955,63.46103],[7.99494,63.46036],[7.99149,63.45914],[7.99107,63.45821],[7.9921,63.45802],[7.997,63.45866],[7.99824,63.45848],[7.99464,63.45784]],[[7.81012,63.4552],[7.81225,63.455],[7.81302,63.45545],[7.81671,63.45475],[7.81237,63.45416],[7.81639,63.45109],[7.81345,63.45011],[7.81143,63.45013],[7.81083,63.45048],[7.81158,63.45243],[7.80972,63.45131],[7.80867,63.45128],[7.80656,63.45356],[7.80754,63.45399],[7.80399,63.45411],[7.80579,63.45519],[7.81012,63.4552]],[[7.96797,63.46361],[7.96968,63.46335],[7.96813,63.46298]],[[7.87698,63.45859],[7.8742,63.45912],[7.87379,63.45964],[7.87553,63.46003],[7.87659,63.45985],[7.87753,63.4592],[7.87698,63.45859]],[[7.82197,63.45679],[7.82406,63.45663],[7.82038,63.45573],[7.8195,63.45598],[7.82008,63.45701],[7.82171,63.4578],[7.82251,63.4576],[7.82197,63.45679]],[[7.9945,63.46241],[7.99591,63.46229],[7.99683,63.4617],[8.00005,63.46291]],[[8.00005,63.46291],[7.99986,63.4632],[7.99623,63.46361],[8.00109,63.46488]],[[7.9844,63.46432],[7.98559,63.4654],[7.98525,63.46638],[7.98846,63.46655],[7.99001,63.46571],[7.99082,63.46414],[7.9932,63.46525],[7.99446,63.46503],[7.99431,63.46437],[7.99623,63.46397],[7.9945,63.46241]],[[7.81794,63.45681],[7.81732,63.45676],[7.81533,63.45791],[7.81541,63.45831],[7.81682,63.45872],[7.81874,63.45768],[7.81794,63.45681]],[[7.81181,63.45717],[7.80946,63.45701],[7.81104,63.45878],[7.81306,63.45815],[7.81181,63.45717]],[[7.96797,63.46361],[7.96554,63.46331],[7.96585,63.464],[7.9612,63.46519],[7.96162,63.46568],[7.96311,63.46593],[7.96171,63.46667],[7.96256,63.46723],[7.96685,63.46814]],[[7.80943,63.45983],[7.80637,63.45959],[7.80561,63.46014],[7.80745,63.46073],[7.80908,63.4604],[7.80943,63.45983]],[[7.83366,63.46196],[7.83128,63.46179],[7.82976,63.4623],[7.83254,63.46284],[7.83366,63.46196]],[[7.96685,63.46814],[7.9694,63.46851],[7.97112,63.46815],[7.97311,63.46887],[7.98016,63.46909],[7.98048,63.46944],[7.97909,63.47053],[7.98257,63.47033],[7.98476,63.4696],[7.98173,63.46899],[7.98244,63.46777],[7.98147,63.46642],[7.9821,63.4661],[7.98179,63.46499],[7.98251,63.46426],[7.9844,63.46432]],[[7.98972,63.47101],[7.98854,63.47055],[7.9859,63.47102],[7.98633,63.47153],[7.98824,63.47173],[7.98972,63.47101]],[[7.95255,63.46921],[7.95177,63.46902],[7.94967,63.46944],[7.95276,63.47031],[7.95255,63.46921]],[[7.89509,63.4657],[7.88762,63.46647],[7.88606,63.46724],[7.88775,63.46745],[7.8925,63.46687],[7.8952,63.46615],[7.89509,63.4657]],[[7.80979,63.4624],[7.80825,63.46165],[7.80687,63.46185],[7.80849,63.46333],[7.81074,63.46369],[7.81055,63.46257],[7.80979,63.4624]],[[7.83088,63.46369],[7.83127,63.46336],[7.83049,63.46287],[7.82904,63.46357],[7.82737,63.46352],[7.83096,63.4651],[7.83171,63.46471],[7.82992,63.46421],[7.83088,63.46369]],[[7.997,63.47036],[7.99552,63.47024],[7.99388,63.47067],[7.99329,63.47143],[7.99762,63.47332],[7.99932,63.4736],[8.00042,63.4723]],[[8.00042,63.4723],[7.997,63.47036]],[[7.99256,63.4733],[7.99042,63.47251],[7.98992,63.47374],[7.99155,63.47413],[7.99256,63.4733]],[[7.80762,63.46377],[7.80632,63.46357],[7.80574,63.46406],[7.80776,63.46507],[7.80844,63.46419],[7.80762,63.46377]],[[7.81802,63.46505],[7.81427,63.46313],[7.81521,63.46469],[7.81403,63.4648],[7.81418,63.46521],[7.81742,63.4656],[7.81802,63.46505]],[[7.96968,63.47277],[7.96769,63.47233],[7.967,63.47392],[7.9705,63.47306],[7.96968,63.47277]],[[7.80358,63.46621],[7.79842,63.46556],[7.79924,63.46672],[7.80275,63.46673],[7.80358,63.46621]],[[7.98835,63.47694],[7.99031,63.47659],[7.99053,63.47613],[7.98841,63.47419],[7.98582,63.47307],[7.98701,63.4725],[7.9865,63.47209],[7.98518,63.47205],[7.98444,63.4725],[7.98275,63.47225],[7.98117,63.47282],[7.97805,63.47299],[7.97778,63.47332],[7.9789,63.47406],[7.97989,63.47392],[7.98334,63.47474],[7.98465,63.47407],[7.98715,63.47562],[7.98471,63.4764],[7.98569,63.47684],[7.98835,63.47694]],[[7.97847,63.47564],[7.9735,63.47302],[7.97281,63.47318],[7.97308,63.47385],[7.97097,63.47464],[7.96933,63.47444],[7.96892,63.47487],[7.9696,63.47559],[7.97296,63.47581],[7.97535,63.47505],[7.97521,63.47569],[7.977,63.47643],[7.97847,63.47564]],[[7.81252,63.46694],[7.81196,63.46605],[7.80704,63.46624],[7.80878,63.46679],[7.80848,63.46756],[7.81103,63.46862],[7.81198,63.46822],[7.81252,63.46694]],[[7.83545,63.46953],[7.84133,63.47038],[7.84353,63.47032],[7.84424,63.46993],[7.83891,63.46466],[7.83469,63.46396],[7.83401,63.46467],[7.83458,63.4652],[7.83256,63.46699],[7.83397,63.46803],[7.83497,63.46743],[7.83614,63.46751],[7.83681,63.46878],[7.8336,63.46946],[7.83605,63.47026],[7.83545,63.46953]],[[7.87239,63.47259],[7.87303,63.47197],[7.87182,63.47179],[7.8683,63.47231],[7.87041,63.47244],[7.87069,63.47301],[7.87239,63.47259]],[[7.9044,63.47427],[7.90046,63.47374],[7.90075,63.47438],[7.90383,63.47473],[7.9044,63.47427]],[[7.80219,63.46882],[7.79856,63.46837],[7.79894,63.46904],[7.80342,63.46979],[7.80381,63.46922],[7.80219,63.46882]],[[7.87531,63.47413],[7.88007,63.4743],[7.88069,63.47367],[7.88007,63.47329],[7.87855,63.47362],[7.87553,63.47316],[7.87369,63.47404],[7.87062,63.47469],[7.87294,63.47519],[7.87478,63.47477],[7.87531,63.47413]],[[7.82386,63.47125],[7.82302,63.47107],[7.82153,63.47148],[7.82332,63.47215],[7.82395,63.47317],[7.82497,63.47318],[7.82552,63.47273],[7.82386,63.47125]],[[7.83991,63.47427],[7.84135,63.47396],[7.84013,63.47295],[7.8376,63.47329],[7.83865,63.4738],[7.83783,63.47439],[7.83991,63.47427]],[[7.99787,63.48295],[7.99698,63.4817],[7.9986,63.47965],[7.99782,63.47913],[7.99439,63.47883],[7.99305,63.48063],[7.99113,63.48077],[7.99053,63.48137],[7.98923,63.4813],[7.98976,63.48032],[7.9875,63.48064],[7.98814,63.48234],[7.9918,63.48336],[7.99389,63.48275],[7.99474,63.48435],[7.99732,63.4839],[7.99787,63.48295]],[[7.84151,63.47635],[7.84317,63.47641],[7.84553,63.47581],[7.84389,63.47419],[7.84152,63.47399],[7.84138,63.47438],[7.83879,63.47522],[7.8396,63.47581],[7.83861,63.47709],[7.84074,63.47733],[7.84163,63.47691],[7.8407,63.47654],[7.84151,63.47635]],[[7.75517,63.47095],[7.75376,63.4709],[7.75382,63.47179],[7.75701,63.4732],[7.75944,63.47329],[7.75832,63.47222],[7.75517,63.47095]],[[7.98111,63.48586],[7.97893,63.48559],[7.97889,63.48503],[7.9767,63.48522],[7.97746,63.48599],[7.98015,63.48678],[7.98074,63.48756],[7.98159,63.48665],[7.98111,63.48586]],[[7.98925,63.48621],[7.99008,63.48684],[7.98748,63.48766],[7.987,63.48871],[7.98895,63.48921],[7.99049,63.48881],[7.99308,63.48919]],[[7.99308,63.48919],[7.99444,63.48957],[7.99846,63.48985],[7.99927,63.48961],[8.00031,63.48863]],[[8.00031,63.48863],[7.99864,63.48686],[7.98708,63.48376],[7.98474,63.4837],[7.98371,63.48539],[7.98925,63.48621]],[[7.96756,63.48998],[7.96844,63.48962],[7.96983,63.49046],[7.9706,63.49046],[7.97162,63.48898],[7.9692,63.48714],[7.96829,63.48704],[7.96671,63.48736],[7.96857,63.48793],[7.96799,63.48892],[7.96482,63.48975],[7.96666,63.49041],[7.96756,63.48998]],[[7.97958,63.49071],[7.98096,63.49075],[7.98106,63.49009],[7.97735,63.49028],[7.9776,63.49149],[7.97958,63.49071]],[[7.99767,63.49281],[8.00143,63.49229]],[[8.0012,63.4914],[7.99895,63.49149],[7.99715,63.49208],[7.99767,63.49281]],[[7.97349,63.49208],[7.97264,63.49136],[7.97064,63.49102],[7.96832,63.49079],[7.96735,63.49123],[7.9686,63.49209],[7.97088,63.492],[7.96951,63.4933],[7.97072,63.49405],[7.97347,63.49414],[7.97426,63.49371],[7.9742,63.49241],[7.97349,63.49208]],[[7.98701,63.49411],[7.98439,63.49266],[7.98781,63.49219],[7.98495,63.48957],[7.98562,63.48906],[7.98518,63.4884],[7.98418,63.4882],[7.98261,63.4892],[7.98066,63.48948],[7.97908,63.488],[7.97672,63.48703],[7.97442,63.48677],[7.97477,63.48781],[7.97299,63.48789],[7.97276,63.48862],[7.97575,63.49199],[7.97775,63.49192],[7.97724,63.49341],[7.97843,63.49457],[7.98033,63.49416],[7.98079,63.4933],[7.98202,63.49343],[7.98259,63.49257],[7.98508,63.49512],[7.98583,63.49515],[7.98701,63.49411]],[[7.98567,63.49901],[7.98979,63.49751],[7.98773,63.49747],[7.98462,63.49836],[7.98274,63.49821],[7.98217,63.49897],[7.98343,63.49969],[7.98567,63.49901]],[[7.95626,63.511],[7.95432,63.51172],[7.95275,63.51128],[7.95374,63.5111],[7.95315,63.51062],[7.95162,63.51047],[7.95063,63.51134],[7.9514,63.51167],[7.95009,63.51182],[7.949,63.51264],[7.95067,63.51335],[7.95,63.51352],[7.95092,63.51416],[7.95526,63.51504]],[[7.95526,63.51504],[7.95636,63.51563],[7.95625,63.51529],[7.95715,63.51528],[7.95754,63.51366],[7.95958,63.51393],[7.96087,63.51311],[7.96697,63.51138],[7.96726,63.51171],[7.96893,63.51153],[7.96844,63.51127],[7.96898,63.51123],[7.97179,63.51195],[7.97354,63.5112],[7.97263,63.511],[7.97233,63.51139],[7.97119,63.51112],[7.9703,63.51136],[7.97241,63.51048],[7.96998,63.50988],[7.97017,63.50838],[7.97123,63.50831],[7.97035,63.50824],[7.9711,63.50784],[7.97012,63.50737],[7.96954,63.50753],[7.96999,63.50733],[7.96908,63.50691],[7.96661,63.50649],[7.96668,63.50589],[7.96428,63.50556],[7.96413,63.506],[7.96716,63.50682],[7.96538,63.50734],[7.96572,63.50768],[7.96337,63.50676],[7.96135,63.50662],[7.96523,63.50825],[7.96399,63.50873],[7.96443,63.50899],[7.96283,63.50931],[7.96291,63.50996],[7.96104,63.51004],[7.96098,63.51059],[7.95887,63.51014],[7.9569,63.51045],[7.95626,63.511]],[[7.78119,63.3957],[7.77987,63.39563]],[[7.81356,63.39734],[7.81127,63.39604],[7.81136,63.395],[7.81268,63.39401],[7.8113,63.39401]],[[7.78119,63.3957],[7.78338,63.39661]],[[7.77987,63.39563],[7.77977,63.39624],[7.78321,63.39727]],[[7.78321,63.39727],[7.78434,63.39692],[7.78338,63.39661]],[[7.97945,63.30532],[7.97605,63.30535],[7.97481,63.30644],[7.9784,63.30655],[7.98029,63.30571],[7.97945,63.30532]],[[7.9063,63.3064],[7.90907,63.30714],[7.91003,63.30679],[7.90861,63.30598],[7.90635,63.30621]],[[8.0012,63.31029],[7.99901,63.31038],[7.99784,63.31112],[8.00043,63.31177]],[[7.90009,63.30604],[7.8956,63.30519],[7.89482,63.30538],[7.89982,63.30732],[7.90119,63.30739],[7.90176,63.30705],[7.90009,63.30604]],[[8.00104,63.30491],[7.99672,63.30429],[7.9947,63.30477],[7.9966,63.3055],[7.99635,63.30575],[7.99142,63.30472],[7.98951,63.305],[7.99027,63.30614],[7.99227,63.30714],[8.0013,63.30856]],[[8.00093,63.3095],[7.99437,63.30805],[7.9933,63.30853],[7.99075,63.3088],[7.98716,63.30751],[7.98606,63.308],[7.98648,63.30843],[7.98903,63.30883],[7.98907,63.30909],[7.98255,63.3101],[7.98614,63.31085],[7.98796,63.31188],[7.98755,63.31238],[7.98408,63.31237],[7.98352,63.31282],[7.9873,63.31287],[7.98526,63.3135],[7.98746,63.31467],[7.99027,63.31479],[7.99331,63.31439],[7.99438,63.3135],[7.99659,63.31323],[7.99578,63.31228],[8.00259,63.3123]],[[8.00096,63.31608],[7.99953,63.31612],[7.99958,63.31647]],[[7.97516,63.31333],[7.97388,63.31318],[7.97196,63.31363],[7.97189,63.31478],[7.9773,63.3143],[7.97516,63.31333]],[[7.89777,63.31141],[7.89602,63.31096],[7.89447,63.30994],[7.89196,63.31016],[7.89138,63.31064],[7.88733,63.30992],[7.88703,63.31087]],[[7.99438,63.31621],[7.99543,63.31541],[8.00455,63.31445]],[[7.88703,63.31087],[7.88865,63.31142],[7.89491,63.31227],[7.8982,63.31197],[7.89777,63.31141]],[[7.77833,63.30538],[7.77711,63.30617],[7.77823,63.3065],[7.78013,63.30634],[7.77974,63.30545]],[[7.85198,63.3096],[7.84968,63.30957],[7.84945,63.31],[7.85353,63.31207],[7.85437,63.31082],[7.85198,63.3096]],[[8.00002,63.31837],[7.99775,63.31927],[8.00324,63.31984]],[[7.86211,63.31227],[7.85918,63.31123],[7.85807,63.30977],[7.85499,63.30943],[7.85497,63.3103],[7.85606,63.31121],[7.85456,63.31261],[7.85901,63.31361],[7.86063,63.31361],[7.86211,63.31227]],[[7.99438,63.31621],[7.98793,63.31638],[7.98686,63.31679],[7.98868,63.31848],[7.99137,63.3194],[7.99277,63.31898],[7.99657,63.31939],[7.99608,63.32021],[7.99901,63.32191],[8.00136,63.32134]],[[7.98269,63.32107],[7.9868,63.32028],[7.98402,63.3197],[7.98096,63.32075],[7.9779,63.3206],[7.97939,63.32127],[7.98269,63.32107]],[[7.98997,63.32232],[7.98621,63.32283],[7.98603,63.32348],[7.98926,63.32338],[7.98997,63.32232]],[[7.98179,63.32346],[7.98522,63.32291],[7.98589,63.32251],[7.98555,63.32189],[7.98409,63.32166],[7.98371,63.322],[7.97724,63.3221],[7.97333,63.32145],[7.9713,63.32153],[7.97334,63.32279],[7.97674,63.32281],[7.98179,63.32346]],[[7.78577,63.31292],[7.7825,63.31266],[7.78199,63.3135],[7.78343,63.31387],[7.78606,63.3135],[7.78577,63.31292]],[[7.76416,63.31328],[7.76467,63.31278],[7.76398,63.31252],[7.76275,63.31289],[7.76035,63.31259],[7.75967,63.31285],[7.76288,63.31352],[7.76416,63.31328]],[[7.99225,63.32391],[7.9905,63.32351],[7.98972,63.32385],[7.98994,63.32472],[7.99296,63.32509],[7.99225,63.32391]],[[7.80419,63.31393],[7.8038,63.31358],[7.80284,63.31379],[7.80194,63.31571],[7.8037,63.31585]],[[7.81818,63.31733],[7.81873,63.31608],[7.8171,63.31577],[7.81687,63.31487],[7.81055,63.3148],[7.80775,63.31541],[7.80804,63.3161],[7.80929,63.31635],[7.809,63.3168],[7.81818,63.31733]],[[7.82234,63.31667],[7.82109,63.31635],[7.82023,63.31653],[7.81932,63.31788],[7.82138,63.31787],[7.82263,63.31707],[7.82234,63.31667]],[[7.85501,63.32002],[7.85753,63.31969],[7.85764,63.31895],[7.85601,63.3188],[7.85344,63.31923],[7.85378,63.31993],[7.85501,63.32002]],[[7.79411,63.31526],[7.79066,63.31451],[7.7905,63.31518],[7.78934,63.31562],[7.78935,63.31667],[7.79055,63.31693],[7.79419,63.31658],[7.79411,63.31526]],[[7.94545,63.32367],[7.94172,63.32347],[7.94018,63.32364],[7.93958,63.32412],[7.94497,63.32485],[7.94664,63.32455],[7.94545,63.32367]],[[7.95366,63.32481],[7.95588,63.3249],[7.95677,63.32454],[7.95495,63.32399],[7.95141,63.3251],[7.95243,63.32527],[7.95366,63.32481]],[[7.86388,63.32061],[7.86208,63.32042],[7.86071,63.32071],[7.86398,63.32168],[7.86468,63.321],[7.86388,63.32061]],[[7.81566,63.31811],[7.81519,63.31776],[7.81071,63.31737],[7.80939,63.31763],[7.80917,63.31816],[7.81371,63.31937],[7.8168,63.31901],[7.81566,63.31811]],[[7.84415,63.3208],[7.84199,63.32094],[7.84148,63.32119],[7.84194,63.32186],[7.84511,63.32208],[7.84519,63.32139],[7.84415,63.3208]],[[7.79634,63.31982],[7.79047,63.31985],[7.79216,63.32046],[7.7966,63.321],[7.79634,63.31982]],[[7.90133,63.32649],[7.90454,63.3268],[7.90773,63.32609],[7.90692,63.32564],[7.90632,63.32599],[7.90142,63.32611]],[[7.85178,63.32427],[7.8533,63.3238],[7.84818,63.32377],[7.8488,63.32415],[7.85178,63.32427]],[[7.93063,63.3288],[7.9228,63.32716],[7.9216,63.32763],[7.92207,63.32827],[7.92058,63.32838],[7.92004,63.32718],[7.91828,63.32667],[7.91386,63.32737],[7.91473,63.32843],[7.91629,63.32872],[7.92132,63.32909],[7.92684,63.32855],[7.9263,63.32926],[7.92743,63.32973],[7.92985,63.32944],[7.93063,63.3288]],[[7.95303,63.33035],[7.95144,63.32967],[7.94784,63.33006],[7.94692,63.32952],[7.94604,63.32996],[7.94767,63.33129],[7.95303,63.33035]],[[7.9797,63.33204],[7.97814,63.33181],[7.97278,63.33249],[7.97496,63.33283],[7.97867,63.33257],[7.9797,63.33204]],[[7.80149,63.32466],[7.8019,63.32305]],[[7.8019,63.32305],[7.80169,63.32245],[7.80039,63.32242],[7.8002,63.32375],[7.79842,63.32402],[7.79878,63.32454],[7.80149,63.32466]],[[7.92295,63.33088],[7.92519,63.33],[7.92299,63.32966],[7.91916,63.33022],[7.91648,63.3302],[7.9179,63.33081],[7.92295,63.33088]],[[7.86297,63.3267],[7.86032,63.32686],[7.85974,63.32735],[7.86031,63.32811],[7.86167,63.32822],[7.8634,63.32749],[7.86297,63.3267]],[[7.97231,63.33238],[7.96992,63.33193],[7.96678,63.33253],[7.96758,63.33357],[7.96877,63.33379],[7.97231,63.33238]],[[7.91391,63.32961],[7.9122,63.32947],[7.91187,63.32981],[7.91358,63.33117],[7.91446,63.33126],[7.91528,63.33034],[7.9142,63.33013],[7.91391,63.32961]],[[7.78052,63.32475],[7.78051,63.32427],[7.78169,63.32441],[7.78241,63.32395],[7.7804,63.32126],[7.77873,63.32089],[7.77813,63.32162],[7.7759,63.32201],[7.77398,63.32289],[7.77743,63.32382],[7.77853,63.32474],[7.78052,63.32475]],[[7.81491,63.32641],[7.81663,63.32591],[7.81585,63.32506],[7.81691,63.32459],[7.81577,63.32408],[7.8183,63.32368],[7.81896,63.32143],[7.81425,63.32077],[7.80811,63.32041],[7.8066,63.32067],[7.80637,63.32106],[7.80877,63.3219],[7.80855,63.32244],[7.80984,63.32285],[7.80772,63.32342],[7.80588,63.32298],[7.8057,63.32255],[7.80478,63.32274],[7.80528,63.32347],[7.80848,63.32472],[7.80834,63.3251],[7.80663,63.32518],[7.80632,63.32606],[7.81218,63.32627],[7.81343,63.3268],[7.81491,63.32641]],[[7.95381,63.33439],[7.95812,63.33458],[7.95915,63.33406],[7.95757,63.33373],[7.95775,63.33343],[7.95903,63.33326],[7.96043,63.33357],[7.96171,63.33329],[7.961,63.33284],[7.95741,63.33237],[7.95962,63.33111],[7.95538,63.33065],[7.95466,63.3326],[7.94729,63.3329],[7.94941,63.33378],[7.95381,63.33439]],[[7.79832,63.32509],[7.79718,63.32471],[7.79763,63.32432],[7.79672,63.32263],[7.79392,63.32118],[7.78875,63.32072],[7.78856,63.32101],[7.78996,63.32127],[7.78933,63.32188],[7.78842,63.32196],[7.78738,63.32038],[7.78548,63.3204],[7.7864,63.32102],[7.78671,63.32238],[7.78594,63.32313],[7.78492,63.32255],[7.78564,63.32167],[7.78371,63.32101],[7.78144,63.32099],[7.78123,63.32156],[7.78351,63.3241],[7.78535,63.32458],[7.78611,63.32394],[7.78845,63.32508],[7.7886,63.32563],[7.79085,63.32562],[7.79137,63.32461],[7.79227,63.32545],[7.79572,63.3264],[7.79823,63.32662],[7.79897,63.32627],[7.79832,63.32509]],[[7.84457,63.32857],[7.84269,63.32877],[7.84308,63.32943],[7.84486,63.33021],[7.84652,63.32957],[7.84486,63.32911],[7.84457,63.32857]],[[7.87976,63.3323],[7.87777,63.33204],[7.87694,63.33296],[7.88009,63.33291],[7.87976,63.3323]],[[7.93818,63.33556],[7.93637,63.33493],[7.9329,63.3353],[7.93556,63.33617],[7.93817,63.33581],[7.93818,63.33556]],[[7.81781,63.32963],[7.81544,63.32953],[7.81139,63.33021],[7.81249,63.33083],[7.81791,63.33119],[7.81852,63.33089],[7.81781,63.32963]],[[7.84889,63.33143],[7.84809,63.3313],[7.84732,63.33163],[7.84748,63.33267],[7.8489,63.33313],[7.84889,63.33143]],[[7.94889,63.33852],[7.95194,63.33722],[7.95314,63.3375],[7.95479,63.33725],[7.95617,63.33636],[7.95639,63.33548],[7.9544,63.33464],[7.95186,63.33475],[7.94727,63.33426],[7.94847,63.33573],[7.9453,63.33527],[7.94036,63.33586],[7.94186,63.33672],[7.94128,63.33765],[7.93945,63.33796],[7.94118,63.33856],[7.94645,63.33887],[7.94889,63.33852]],[[7.92993,63.33785],[7.928,63.33773],[7.92712,63.33701],[7.92564,63.33705],[7.92583,63.33837],[7.92993,63.33785]],[[7.88424,63.33548],[7.88216,63.33538],[7.88141,63.33354],[7.87717,63.33386],[7.87988,63.33632],[7.88419,63.3358],[7.88424,63.33548]],[[7.85665,63.33485],[7.85535,63.33438],[7.85559,63.33374],[7.85354,63.33354],[7.853,63.33423],[7.85358,63.33473],[7.85566,63.33517],[7.85665,63.33485]],[[7.80889,63.33319],[7.81064,63.33283],[7.80847,63.33293],[7.80881,63.33238],[7.80749,63.33176],[7.80553,63.33164],[7.80589,63.33296],[7.80889,63.33319]],[[7.91936,63.33769],[7.92178,63.33769],[7.92238,63.33815],[7.92345,63.33821],[7.92491,63.33752],[7.92462,63.33649],[7.92175,63.33652],[7.91801,63.33735],[7.91566,63.3372],[7.91625,63.33659],[7.91541,63.3358],[7.91261,63.33565],[7.90986,63.3364],[7.91311,63.33724],[7.91383,63.33819],[7.91644,63.33828],[7.91746,63.33773],[7.91936,63.33769]],[[7.92213,63.33855],[7.918,63.3381],[7.91956,63.33906],[7.92205,63.33905],[7.92213,63.33855]],[[7.84891,63.33421],[7.84729,63.33416],[7.84646,63.33533],[7.84965,63.33553],[7.84891,63.33421]],[[7.92872,63.34058],[7.93263,63.34041],[7.93276,63.34003],[7.93076,63.34018],[7.92974,63.34001],[7.92977,63.33968],[7.93128,63.33899],[7.93824,63.33806],[7.9384,63.33776],[7.93652,63.33759],[7.93029,63.33805],[7.92646,63.33885],[7.92609,63.33929],[7.92179,63.33996],[7.92256,63.34029],[7.92495,63.34011],[7.9247,63.34048],[7.92605,63.34092],[7.92836,63.34086],[7.92872,63.34058]],[[7.8313,63.33599],[7.83521,63.33544],[7.83821,63.33549],[7.83837,63.33604],[7.84165,63.33665],[7.845,63.33657],[7.84334,63.33557],[7.84213,63.33379],[7.84007,63.33315],[7.8328,63.33257],[7.83219,63.33286],[7.83296,63.3335],[7.83268,63.33478],[7.83135,63.33514],[7.82975,63.33377],[7.82693,63.33381],[7.82243,63.33248],[7.82,63.33247],[7.8199,63.33425],[7.82066,63.33512],[7.82456,63.3355],[7.82707,63.33624],[7.8313,63.33599]],[[7.99707,63.34511],[8.00225,63.34446]],[[7.92182,63.34066],[7.91894,63.34014],[7.91842,63.34144],[7.92019,63.3414],[7.92182,63.34066]],[[7.81421,63.33564],[7.81627,63.33543],[7.81694,63.33639],[7.81796,63.3365],[7.82098,63.33583],[7.82019,63.33526],[7.81445,63.33354],[7.81009,63.33347],[7.80857,63.33408],[7.81265,63.33511],[7.81233,63.33535],[7.80996,63.33508],[7.80988,63.33546],[7.81298,63.33647],[7.815,63.3366],[7.81539,63.33614],[7.81421,63.33564]],[[7.77525,63.33363],[7.77357,63.33342],[7.7731,63.33368],[7.77468,63.33481],[7.77625,63.33456],[7.77525,63.33363]],[[7.8432,63.33791],[7.84451,63.33802],[7.84493,63.33766],[7.84354,63.33721],[7.84236,63.33744],[7.84097,63.33714],[7.83838,63.3362],[7.83317,63.33628],[7.83188,63.33676],[7.83229,63.3374],[7.83855,63.3369],[7.841,63.33818],[7.8432,63.33791]],[[7.99676,63.34634],[7.99846,63.34692],[8.00215,63.34668]],[[7.92675,63.34247],[7.92395,63.34173],[7.91989,63.34197],[7.92295,63.34224],[7.92259,63.34335],[7.92419,63.34409],[7.92538,63.34389],[7.92675,63.34247]],[[7.79895,63.33481],[7.79409,63.33555],[7.79519,63.33663],[7.79729,63.33724],[7.79726,63.33778],[7.79815,63.33797]],[[7.8984,63.3383],[7.89675,63.33801],[7.89531,63.33834],[7.89643,63.33952],[7.89534,63.34015],[7.89599,63.34068],[7.89538,63.3414],[7.89664,63.34177],[7.89714,63.34339]],[[7.93693,63.34354],[7.93542,63.34376],[7.93296,63.34483],[7.93349,63.34531],[7.93746,63.34571],[7.93609,63.34438],[7.93693,63.34354]],[[7.79815,63.33797],[7.80348,63.33925],[7.80788,63.33905],[7.80928,63.33858],[7.80898,63.33746],[7.80774,63.33731],[7.80531,63.3379],[7.80264,63.33731],[7.80743,63.33672],[7.80689,63.33608],[7.802,63.33587],[7.80145,63.33562],[7.80202,63.33508],[7.79895,63.33481]],[[7.89714,63.34339],[7.91106,63.34481],[7.91505,63.34453],[7.92066,63.34489],[7.92198,63.34448],[7.92043,63.3425],[7.91769,63.34151],[7.91302,63.34126],[7.90891,63.34163],[7.90635,63.34123],[7.90661,63.34069],[7.9083,63.34112],[7.90758,63.3402],[7.90973,63.34064],[7.911,63.33999],[7.91415,63.34043],[7.91769,63.34008],[7.91772,63.33977],[7.9131,63.33904],[7.91054,63.33799],[7.90896,63.33819],[7.90931,63.33864],[7.90858,63.33907],[7.90646,63.33899],[7.90601,63.3379],[7.90316,63.33811],[7.90061,63.33674],[7.89965,63.33685],[7.8998,63.33817],[7.90236,63.33846],[7.90384,63.33975],[7.90121,63.33965],[7.90214,63.33899],[7.89867,63.33891],[7.8984,63.3383]],[[7.78711,63.33838],[7.78505,63.33809],[7.78303,63.33846],[7.78545,63.33935],[7.78805,63.33926],[7.78711,63.33838]],[[7.81394,63.34094],[7.81421,63.34],[7.81585,63.34018],[7.8184,63.34124],[7.82069,63.34056],[7.81769,63.33954],[7.81332,63.33913],[7.8115,63.33833],[7.81216,63.33797],[7.81167,63.3374],[7.81079,63.33734],[7.81065,63.33856],[7.8086,63.33993],[7.80882,63.34068],[7.81301,63.34136],[7.81407,63.34131],[7.81394,63.34094]],[[7.80648,63.34111],[7.80675,63.34047],[7.80584,63.34014],[7.80453,63.34056],[7.80307,63.34022],[7.80168,63.34065],[7.80145,63.34121],[7.80237,63.34176],[7.80543,63.34224],[7.80648,63.34111]],[[7.77908,63.34048],[7.77705,63.33855],[7.77609,63.33854],[7.77503,63.33925],[7.7723,63.33903],[7.77268,63.33984],[7.77418,63.33999],[7.7749,63.34052],[7.77621,63.34004],[7.77741,63.34087],[7.77882,63.34102],[7.77908,63.34048]],[[7.78483,63.34124],[7.78548,63.34066],[7.78481,63.33995],[7.78287,63.33936],[7.78411,63.3407],[7.78192,63.3407],[7.78159,63.34103],[7.78407,63.34159],[7.78483,63.34124]],[[7.77837,63.34242],[7.77702,63.3423],[7.77779,63.34192],[7.77729,63.34163],[7.7742,63.34188],[7.77545,63.3421],[7.7761,63.34285],[7.77796,63.34278],[7.77837,63.34242]],[[7.80331,63.34277],[7.80199,63.34243],[7.80087,63.34262],[7.80037,63.34357],[7.80431,63.3443],[7.80473,63.34395],[7.80331,63.34277]],[[7.85803,63.34654],[7.8551,63.34542],[7.85288,63.34527],[7.85064,63.34607],[7.85499,63.34638],[7.8573,63.34705],[7.85803,63.34654]],[[7.79496,63.34355],[7.79123,63.34267],[7.78964,63.34377],[7.79079,63.34423],[7.79451,63.34432],[7.79543,63.34385],[7.79496,63.34355]],[[7.84293,63.34618],[7.83919,63.34616],[7.83903,63.34669],[7.84122,63.34727],[7.84293,63.34618]],[[7.89544,63.35028],[7.89791,63.3498],[7.90333,63.34998],[7.90621,63.34867],[7.91099,63.34847],[7.90939,63.34725],[7.91051,63.34637],[7.90646,63.34607],[7.89689,63.34441]],[[7.82577,63.34704],[7.82498,63.34637],[7.82117,63.3457],[7.8211,63.34529],[7.82334,63.34503],[7.81954,63.34331],[7.81677,63.34339],[7.8169,63.34407],[7.81563,63.34482],[7.8172,63.34532],[7.81665,63.34558],[7.81752,63.34609],[7.8152,63.34647],[7.81595,63.34704],[7.81774,63.34655],[7.82428,63.34775],[7.82577,63.34704]],[[7.77489,63.34479],[7.77209,63.34418],[7.77142,63.34445],[7.77582,63.34567],[7.7761,63.3454],[7.77489,63.34479]],[[7.93518,63.3543],[7.93492,63.35385],[7.93615,63.35355],[7.93437,63.35301],[7.92996,63.3531],[7.93191,63.35395],[7.93467,63.35452],[7.93518,63.3543]],[[7.89976,63.35276],[7.89918,63.35226],[7.89706,63.35194],[7.89534,63.35264],[7.89803,63.35267],[7.89885,63.35314],[7.89976,63.35276]],[[7.99707,63.34511],[7.99298,63.34399],[7.98892,63.34388],[7.9835,63.34281],[7.98248,63.34339],[7.98377,63.34388],[7.98472,63.34497],[7.98097,63.345],[7.97709,63.34639],[7.96663,63.34697],[7.96533,63.34742],[7.96494,63.34825],[7.96104,63.34869],[7.96124,63.34897],[7.96406,63.34924],[7.96153,63.34971],[7.96037,63.3504],[7.95931,63.35049],[7.95686,63.34978],[7.9571,63.34906],[7.95333,63.34945],[7.95132,63.35098],[7.95252,63.35163],[7.9493,63.35203],[7.94926,63.35267],[7.94571,63.35278],[7.94469,63.35344],[7.939,63.35376],[7.93747,63.35265],[7.93831,63.35225],[7.93795,63.352],[7.93025,63.35222],[7.92895,63.35358],[7.92569,63.35382],[7.92197,63.35349],[7.91364,63.35418],[7.91784,63.35486],[7.92434,63.35416],[7.92452,63.35445],[7.92341,63.35481],[7.92463,63.3557],[7.92932,63.35458],[7.93285,63.35569],[7.93207,63.35659],[7.93995,63.35632],[7.94226,63.35547],[7.94759,63.35475],[7.95798,63.35198],[7.96361,63.35089],[7.97053,63.35047],[7.97429,63.34946],[7.9798,63.349],[7.98989,63.34695],[7.99676,63.34634]],[[7.89689,63.34441],[7.89156,63.34328],[7.88828,63.34326],[7.8851,63.34267],[7.88682,63.34223],[7.88821,63.34283],[7.8907,63.34276],[7.89434,63.34181],[7.89475,63.34102],[7.89248,63.3387],[7.8879,63.33776],[7.88374,63.33862],[7.88544,63.33706],[7.88284,63.33676],[7.88075,63.33684],[7.87879,63.33738],[7.87399,63.33758],[7.87167,63.33731],[7.87226,63.33669],[7.8784,63.33682],[7.87724,63.33485],[7.87011,63.33375],[7.8703,63.33347],[7.87322,63.33326],[7.8738,63.33284],[7.87205,63.33149],[7.86911,63.33104],[7.86998,63.33019],[7.86775,63.32894],[7.86553,63.32825],[7.8645,63.32852],[7.86338,63.32817],[7.8603,63.32904],[7.85838,63.3275],[7.85459,63.32831],[7.85453,63.32932],[7.85211,63.33004],[7.85084,63.3295],[7.84812,63.3297],[7.85042,63.33146],[7.85171,63.33151],[7.85234,63.33103],[7.85401,63.33151],[7.84973,63.33173],[7.85037,63.33259],[7.84985,63.33312],[7.85124,63.33397],[7.85208,63.33772],[7.84731,63.33727],[7.84579,63.3383],[7.8467,63.33871],[7.84646,63.34065],[7.84761,63.34075],[7.84784,63.33902],[7.84995,63.33948],[7.85359,63.33961],[7.85225,63.33777],[7.855,63.33742],[7.85417,63.33691],[7.85843,63.33726],[7.85712,63.33864],[7.8548,63.33776],[7.85393,63.33803],[7.85525,63.34013],[7.85457,63.34052],[7.85479,63.34126],[7.85354,63.34137],[7.85292,63.34029],[7.85097,63.3402],[7.84507,63.34114],[7.83702,63.34134],[7.8376,63.34108],[7.83662,63.34034],[7.83799,63.34049],[7.84603,63.33975],[7.84603,63.33931],[7.8435,63.33859],[7.83888,63.33805],[7.8366,63.33811],[7.8358,63.33851],[7.83243,63.33823],[7.83321,63.33976],[7.828,63.33847],[7.82388,63.33828],[7.82241,63.33865],[7.8197,63.33864],[7.82191,63.33992],[7.82796,63.34163],[7.82946,63.34143],[7.83096,63.34031],[7.83343,63.34042],[7.83279,63.34147],[7.83417,63.34164],[7.83328,63.3424],[7.83442,63.34277],[7.83788,63.34259],[7.83915,63.3418],[7.84067,63.34165],[7.84619,63.34259],[7.84575,63.34306],[7.84713,63.3438],[7.84679,63.34416],[7.84389,63.3438],[7.84216,63.34411],[7.84089,63.34315],[7.83932,63.34369],[7.83602,63.34321],[7.83329,63.34365],[7.8343,63.34406],[7.84151,63.34438],[7.84262,63.3449],[7.84463,63.3451],[7.84609,63.34477],[7.84722,63.34508],[7.84666,63.3457],[7.84869,63.34624],[7.84673,63.34678],[7.84633,63.34739],[7.8445,63.34738],[7.84371,63.34813],[7.8483,63.349],[7.84679,63.34964],[7.84521,63.34952],[7.84524,63.35032],[7.84881,63.35016],[7.85136,63.35069],[7.85233,63.35013],[7.8522,63.34873],[7.85579,63.34907],[7.85591,63.34964],[7.85329,63.34992],[7.85577,63.35105],[7.86796,63.35188],[7.8669,63.35261],[7.86792,63.35364],[7.87184,63.35344],[7.87162,63.35277],[7.86959,63.35236],[7.86989,63.35208],[7.87721,63.35259],[7.88225,63.35243],[7.88239,63.35188],[7.88054,63.35103],[7.88086,63.35073],[7.88702,63.35058],[7.89127,63.351],[7.89209,63.3505],[7.89544,63.35028]],[[7.89413,63.35555],[7.9052,63.35624],[7.90337,63.35519],[7.90417,63.35477],[7.90668,63.35489],[7.90854,63.35441],[7.90884,63.35385],[7.90799,63.35357],[7.90533,63.35402],[7.90318,63.35386],[7.9032,63.35303],[7.90497,63.35283],[7.90508,63.35251],[7.90209,63.35236],[7.90106,63.35107],[7.90271,63.35096],[7.90358,63.35041],[7.90891,63.35012],[7.91338,63.34882],[7.91651,63.3491],[7.91986,63.34862],[7.92002,63.34838],[7.91817,63.34824],[7.91748,63.34782],[7.91939,63.34711],[7.92143,63.34769],[7.92411,63.34774],[7.92498,63.34766],[7.92461,63.34727],[7.92603,63.34681],[7.93055,63.34696],[7.93053,63.34819],[7.93241,63.34898],[7.93173,63.34936],[7.92842,63.34916],[7.92619,63.3488],[7.92549,63.34804],[7.92446,63.34815],[7.92257,63.34954],[7.91664,63.34967],[7.91719,63.35063],[7.91468,63.35136],[7.91478,63.35164],[7.92416,63.35005],[7.92885,63.34974],[7.94272,63.3505],[7.94378,63.35093],[7.94307,63.35156],[7.94484,63.35146],[7.94829,63.35203],[7.94541,63.35062],[7.94784,63.34993],[7.94769,63.34962],[7.93878,63.34959],[7.93651,63.34885],[7.93527,63.34917],[7.93427,63.3488],[7.93499,63.34786],[7.94152,63.34685],[7.93845,63.34634],[7.93876,63.34565],[7.93754,63.34455],[7.93828,63.34423],[7.94134,63.34414],[7.94129,63.34524],[7.94229,63.34537],[7.94339,63.34317],[7.94215,63.34285],[7.93951,63.34304],[7.94044,63.34186],[7.94727,63.34063],[7.94721,63.34032],[7.94548,63.34007],[7.94684,63.33968],[7.95167,63.34085],[7.94977,63.33916],[7.9505,63.33855],[7.95125,63.33841],[7.95264,63.33914],[7.95496,63.33838],[7.95881,63.33833],[7.96022,63.33741],[7.96421,63.33695],[7.96345,63.33606],[7.96875,63.33574],[7.97019,63.33526],[7.97004,63.33497],[7.96793,63.33484],[7.96741,63.33437],[7.96624,63.3345],[7.96372,63.33394],[7.96399,63.33327],[7.96617,63.33269],[7.96419,63.33246],[7.9634,63.3318],[7.96638,63.33157],[7.96639,63.33094],[7.96299,63.33124],[7.96206,63.33092],[7.96439,63.33045],[7.96543,63.32862],[7.96885,63.32859],[7.96981,63.327],[7.97807,63.32551],[7.98544,63.32511],[7.98896,63.32582],[7.99259,63.32595],[7.99544,63.32698],[7.9967,63.32655],[7.99478,63.32448],[7.99713,63.32499],[7.9994,63.3247],[7.99937,63.32434],[7.99715,63.32426],[7.99726,63.32388],[7.99998,63.32287],[8.00249,63.32292]],[[7.86158,63.35468],[7.85951,63.35355],[7.85738,63.35381],[7.85563,63.35357],[7.8537,63.35428]],[[7.86379,63.35479],[7.86343,63.35423],[7.86272,63.35473]],[[7.87057,63.35513],[7.86877,63.35473],[7.86758,63.35498]],[[7.87435,63.35532],[7.87586,63.35484],[7.87532,63.35448],[7.87268,63.35444],[7.87237,63.35522]],[[7.87956,63.35558],[7.87911,63.35488],[7.87761,63.35438],[7.87668,63.35451],[7.87658,63.35543]],[[7.88094,63.35565],[7.88115,63.3551],[7.88294,63.35461],[7.89131,63.35571],[7.89413,63.35555]],[[7.87057,63.35513],[7.87158,63.35541],[7.87237,63.35522]],[[7.86158,63.35468],[7.86183,63.35505],[7.86272,63.35473]],[[7.87435,63.35532],[7.8758,63.35588],[7.87658,63.35543]],[[7.87956,63.35558],[7.8815,63.357],[7.88192,63.35643],[7.88094,63.35565]],[[7.8537,63.35428],[7.85441,63.35535],[7.85318,63.35535],[7.85254,63.3546],[7.85025,63.35447],[7.84819,63.35526],[7.84813,63.35602],[7.85171,63.3573],[7.85315,63.35671],[7.85621,63.35844],[7.85744,63.35826],[7.861,63.35905],[7.86152,63.35883],[7.86111,63.35607],[7.86379,63.35479]],[[7.7885,63.35485],[7.787,63.35458],[7.78713,63.35553],[7.78989,63.35612],[7.79136,63.356],[7.79128,63.35554],[7.7885,63.35485]],[[7.77524,63.35596],[7.77682,63.35555],[7.77776,63.35588],[7.77881,63.3557],[7.77514,63.35323],[7.76978,63.35316],[7.7657,63.35365],[7.7678,63.35452],[7.76912,63.35402],[7.77122,63.35465],[7.77128,63.35519],[7.77015,63.35526],[7.77088,63.35581],[7.77291,63.35611],[7.77524,63.35596]],[[7.81559,63.357],[7.81782,63.35564],[7.81748,63.35513],[7.81498,63.35465],[7.81278,63.35518],[7.80803,63.35483],[7.80691,63.35552],[7.80728,63.35602],[7.80578,63.35667],[7.80637,63.3579],[7.80826,63.35763],[7.80912,63.35692],[7.81196,63.35655],[7.81339,63.35779],[7.81312,63.35841],[7.81547,63.35798],[7.81559,63.357]],[[7.74379,63.35392],[7.74246,63.3543],[7.74278,63.35465],[7.74655,63.35527],[7.74534,63.35423],[7.74379,63.35392]],[[7.75619,63.3573],[7.75869,63.35625],[7.75974,63.35472],[7.75793,63.35478],[7.75664,63.35618],[7.75392,63.35578],[7.75289,63.35606],[7.75317,63.35656],[7.75619,63.3573]],[[7.8044,63.35827],[7.80103,63.35794],[7.79846,63.35886],[7.80058,63.36009],[7.80464,63.36054],[7.80538,63.36],[7.80427,63.35912],[7.8044,63.35827]],[[7.77058,63.35925],[7.77346,63.35923],[7.77523,63.35826],[7.77524,63.35764],[7.77345,63.35718],[7.77155,63.35754],[7.76796,63.35604],[7.7671,63.35698],[7.76719,63.35826],[7.76524,63.35924],[7.767,63.35984],[7.77058,63.35925]],[[7.76417,63.35889],[7.7665,63.3556],[7.76458,63.35481],[7.76462,63.35341],[7.76263,63.35221],[7.76114,63.35251],[7.76106,63.35297],[7.76273,63.35338],[7.76019,63.35588],[7.76162,63.35854],[7.75853,63.35829],[7.75806,63.35905],[7.76099,63.35957],[7.76417,63.35889]],[[7.86758,63.35498],[7.86662,63.3556],[7.86309,63.35592],[7.86201,63.35659],[7.86423,63.35692],[7.86641,63.35916],[7.8698,63.36086],[7.87639,63.36211],[7.87751,63.36299],[7.88266,63.36433],[7.88389,63.36496],[7.88365,63.36563],[7.88628,63.36674],[7.88746,63.36681]],[[7.82607,63.36405],[7.82769,63.36416],[7.82797,63.36268],[7.82641,63.36271],[7.82542,63.36135],[7.82465,63.36205],[7.82247,63.36231],[7.8249,63.36343],[7.8248,63.36424],[7.82607,63.36405]],[[7.79896,63.36208],[7.796,63.36171],[7.79603,63.36291],[7.79834,63.36273],[7.79929,63.36233],[7.79896,63.36208]],[[7.88779,63.36694],[7.89107,63.36785]],[[7.79239,63.36087],[7.7893,63.3596],[7.78789,63.36],[7.78986,63.36095],[7.78794,63.36108],[7.78547,63.36048],[7.78356,63.36067],[7.78241,63.36018],[7.78447,63.35904],[7.78293,63.35871],[7.78051,63.35986],[7.78116,63.36053],[7.77955,63.36125],[7.78037,63.36194],[7.77831,63.36208],[7.77742,63.36325],[7.77855,63.36392],[7.7845,63.36431],[7.78639,63.36394],[7.78692,63.36346],[7.78608,63.36294],[7.7879,63.36249],[7.79014,63.36342],[7.79057,63.36431],[7.79149,63.36444]],[[7.7913,63.36521],[7.79353,63.3651],[7.79149,63.36444]],[[7.76566,63.36303],[7.76445,63.36288],[7.76386,63.36331],[7.76618,63.36408],[7.76785,63.36407],[7.76566,63.36303]],[[7.80354,63.36601],[7.80346,63.36573],[7.80489,63.3657],[7.80536,63.36529],[7.8034,63.36402],[7.80133,63.3643],[7.80132,63.36562],[7.7995,63.36569],[7.79835,63.36532],[7.79764,63.36568],[7.80334,63.36673],[7.80488,63.36661],[7.80354,63.36601]],[[7.82908,63.3677],[7.82662,63.36603],[7.82575,63.36668],[7.82776,63.3682],[7.82884,63.36834],[7.82908,63.3677]],[[7.79679,63.36707],[7.79411,63.3658],[7.79304,63.3677],[7.79541,63.36797],[7.79679,63.36707]],[[7.88996,63.37235],[7.89432,63.37413],[7.89667,63.37459],[7.8986,63.37439],[7.90067,63.37479],[7.90108,63.37449],[7.89945,63.37404],[7.89969,63.3734],[7.89011,63.37173]],[[7.7913,63.36521],[7.78919,63.36516],[7.78738,63.3643],[7.78293,63.36474],[7.78038,63.36567],[7.78111,63.36657],[7.77917,63.3668],[7.78026,63.3673],[7.78189,63.36724],[7.78528,63.36784],[7.78722,63.36759],[7.78886,63.3689],[7.79026,63.36932]],[[7.76297,63.36717],[7.76065,63.36697],[7.75985,63.36795],[7.76171,63.36835],[7.76309,63.36762],[7.76297,63.36717]],[[7.93666,63.37744],[7.93618,63.37687],[7.93688,63.37656],[7.93881,63.37621],[7.94178,63.37644],[7.94206,63.37616],[7.9383,63.37537],[7.93266,63.37536],[7.92332,63.37408],[7.92051,63.374],[7.91744,63.37325],[7.91386,63.37306],[7.91257,63.3724],[7.90464,63.37037],[7.89533,63.36836],[7.89107,63.36785]],[[7.89036,63.37074],[7.89489,63.3719],[7.89515,63.37121],[7.89789,63.37126],[7.8952,63.37014],[7.89771,63.3703],[7.91012,63.37323],[7.911,63.37286],[7.91205,63.37298],[7.91305,63.37327],[7.91335,63.37392],[7.9159,63.37463],[7.92205,63.37506],[7.92697,63.37583],[7.92911,63.37674],[7.93649,63.37765]],[[7.78969,63.37161],[7.79101,63.37129],[7.79162,63.3716],[7.79629,63.37192],[7.79217,63.36974],[7.79403,63.36858],[7.79235,63.3684],[7.79123,63.36922],[7.79026,63.36932]],[[7.79239,63.36087],[7.79232,63.36421],[7.79872,63.36324],[7.7981,63.36476],[7.79859,63.36491],[7.80174,63.36283],[7.80295,63.36277],[7.80385,63.36343],[7.80605,63.36232],[7.80847,63.36241],[7.80882,63.36295],[7.81116,63.36293],[7.81091,63.36232],[7.81232,63.36197],[7.81331,63.36267],[7.81312,63.36325],[7.8144,63.36375],[7.81477,63.365],[7.81605,63.36449],[7.81809,63.36487],[7.8208,63.36678],[7.82064,63.36858],[7.81979,63.36878],[7.81591,63.36822],[7.81385,63.36726],[7.81357,63.36636],[7.81183,63.36703],[7.80651,63.36638],[7.80647,63.36704],[7.80927,63.36717],[7.81394,63.36853],[7.80681,63.36961],[7.80692,63.37001],[7.80875,63.37001],[7.80893,63.37039],[7.80695,63.3713],[7.80571,63.37113],[7.80357,63.37161],[7.80339,63.373],[7.80805,63.37133],[7.80994,63.37148],[7.81238,63.37088],[7.81328,63.36961],[7.81606,63.36897],[7.8192,63.3692],[7.82172,63.37028],[7.82152,63.37086],[7.82218,63.37103],[7.8264,63.37022],[7.82685,63.36916],[7.82808,63.3688],[7.82872,63.36909],[7.82801,63.37081],[7.83204,63.37167],[7.83355,63.37167],[7.83158,63.37071],[7.83195,63.36974],[7.83119,63.36913],[7.83361,63.36836],[7.83427,63.3672],[7.83296,63.36687],[7.83174,63.36797],[7.82999,63.36789],[7.82744,63.36495],[7.82589,63.36629],[7.82478,63.36632],[7.82345,63.36702],[7.82093,63.36581],[7.82229,63.36495],[7.82206,63.36431],[7.81977,63.36482],[7.81779,63.36396],[7.81841,63.36301],[7.82013,63.36265],[7.8196,63.3617],[7.81679,63.36135],[7.81683,63.3617],[7.81863,63.36208],[7.81618,63.36341],[7.8153,63.36332],[7.81367,63.36197],[7.81445,63.36075],[7.81569,63.36107],[7.81421,63.36036],[7.81518,63.35943],[7.81792,63.35977],[7.81803,63.35928],[7.81662,63.35901],[7.81743,63.35822],[7.81667,63.35803],[7.81676,63.35755],[7.81938,63.35667],[7.82039,63.35696],[7.81923,63.35811],[7.82258,63.35823],[7.82225,63.35945],[7.8235,63.35953],[7.82495,63.36077],[7.82662,63.35896],[7.82905,63.35885],[7.83159,63.35789],[7.83468,63.35818],[7.83671,63.3579],[7.83731,63.35709],[7.84103,63.3568],[7.84435,63.35772],[7.84378,63.35843],[7.84559,63.35849],[7.84732,63.3592],[7.84867,63.35888],[7.85082,63.35954],[7.85148,63.3608],[7.85321,63.36051],[7.85343,63.3599],[7.85725,63.36044],[7.85685,63.36106],[7.85456,63.36126],[7.85251,63.36224],[7.85124,63.36135],[7.85066,63.36242],[7.84824,63.36378],[7.8445,63.36825],[7.84495,63.36855],[7.84745,63.36827],[7.84651,63.36916],[7.84687,63.36949],[7.84801,63.36959],[7.84977,63.3689],[7.85379,63.36889],[7.85476,63.36826],[7.85485,63.36639],[7.85284,63.3664],[7.85054,63.36577],[7.84907,63.3663],[7.84864,63.36592],[7.84948,63.36441],[7.8528,63.36255],[7.85432,63.36231],[7.85597,63.36261],[7.85538,63.36576],[7.85771,63.36515],[7.8608,63.36532],[7.8608,63.36496],[7.85972,63.36505],[7.85724,63.36421],[7.858,63.36331],[7.85922,63.36343],[7.86143,63.36232],[7.86111,63.36207],[7.85936,63.36222],[7.8588,63.36132],[7.85771,63.3612],[7.85828,63.36088],[7.86022,63.36086],[7.86457,63.36212],[7.86524,63.36506],[7.86985,63.36523],[7.86981,63.36456],[7.87172,63.3648],[7.87969,63.36793],[7.88064,63.36921],[7.8825,63.36893],[7.88815,63.36969],[7.88882,63.37026],[7.88591,63.37001],[7.88496,63.37029],[7.88846,63.37151],[7.89036,63.37074]],[[7.7766,63.37023],[7.77642,63.3687],[7.775,63.36816],[7.77342,63.36841],[7.77223,63.36803],[7.76818,63.3687],[7.76997,63.36982],[7.77265,63.37025],[7.77323,63.37178],[7.77412,63.3722],[7.77532,63.3718],[7.7766,63.37023]],[[7.78007,63.37307],[7.78255,63.3728],[7.78446,63.37323],[7.78824,63.37159],[7.78545,63.36949],[7.78073,63.36822],[7.77856,63.36859],[7.77851,63.36965],[7.77695,63.37015],[7.7781,63.37239],[7.78007,63.37307]],[[7.77886,63.37328],[7.77689,63.37311],[7.77672,63.37409],[7.77949,63.37395],[7.77886,63.37328]],[[7.78132,63.37816],[7.77893,63.37744],[7.77796,63.37768],[7.77871,63.37891],[7.78158,63.37855],[7.78132,63.37816]],[[7.76979,63.37694],[7.7683,63.37673],[7.76793,63.37743],[7.76911,63.37843],[7.77124,63.37909],[7.77189,63.37872],[7.76979,63.37694]],[[7.78722,63.38139],[7.78857,63.38044],[7.79046,63.38034],[7.78995,63.37954],[7.78779,63.37911]],[[7.78969,63.37161],[7.78756,63.37276],[7.7885,63.37507],[7.7853,63.37533],[7.78432,63.377],[7.78514,63.37833],[7.78359,63.37845],[7.78401,63.37922],[7.78237,63.37928],[7.78186,63.37979],[7.78292,63.38045],[7.78722,63.38139]],[[7.79252,63.38359],[7.7905,63.38247],[7.79418,63.37814],[7.78788,63.37878]],[[7.78696,63.38241],[7.78411,63.38285],[7.7866,63.38385]],[[7.7866,63.38385],[7.78855,63.38421],[7.78956,63.38394],[7.7888,63.38312],[7.78696,63.38241]],[[7.77974,63.30545],[7.77833,63.30538]],[[7.90635,63.30621],[7.9063,63.3064]],[[7.99958,63.31647],[8.0038,63.31754]],[[7.80417,63.314],[7.80419,63.31393]],[[7.80417,63.314],[7.8041,63.31429]],[[7.8037,63.31585],[7.80461,63.31553],[7.8041,63.31429]],[[7.90142,63.32611],[7.90133,63.32649]],[[7.80243,63.32092],[7.80082,63.31977],[7.8004,63.32138],[7.80224,63.32169]],[[7.80224,63.32169],[7.80307,63.32143],[7.80243,63.32092]],[[7.91557,63.33431],[7.91398,63.33387],[7.91169,63.33452],[7.91339,63.33498],[7.91557,63.33431]],[[7.88746,63.36681],[7.88779,63.36694]],[[7.89011,63.37173],[7.88894,63.37181],[7.88996,63.37235]],[[7.78788,63.37878],[7.78779,63.37911]],[[7.56938,63.00997],[7.5691,63.00937]],[[7.56938,63.00997],[7.57465,63.01185],[7.57865,63.0123],[7.58108,63.01311]],[[7.57935,63.0158],[7.57964,63.01492],[7.57848,63.01472],[7.57472,63.01453],[7.57344,63.01479],[7.5733,63.01553],[7.57564,63.01557],[7.57967,63.01637],[7.57935,63.0158]],[[7.59396,63.02304],[7.59438,63.02174],[7.58805,63.02002],[7.5864,63.01861],[7.58546,63.01858],[7.58434,63.01925],[7.58228,63.01855],[7.58219,63.0177],[7.58512,63.0177],[7.58641,63.01662],[7.58849,63.01655],[7.58908,63.01614],[7.58631,63.01529],[7.58446,63.01573],[7.58327,63.01521],[7.58277,63.01429],[7.58324,63.01293],[7.58108,63.01311]],[[7.41889,63.01457],[7.41814,63.01431],[7.415,63.01447],[7.41624,63.01516],[7.41772,63.01531],[7.41889,63.01457]],[[7.43711,63.01692],[7.43407,63.01597],[7.42876,63.01531],[7.4261,63.01549],[7.42668,63.01619],[7.42998,63.01654]],[[7.45547,63.01791],[7.45112,63.01622],[7.44536,63.01594],[7.43827,63.01461],[7.43541,63.01465],[7.43042,63.01403],[7.42926,63.01351],[7.43098,63.01287],[7.42869,63.01239]],[[7.56745,63.00966],[7.56783,63.01015],[7.56654,63.01206],[7.5666,63.01328],[7.56761,63.01421],[7.57145,63.01581],[7.5696,63.01665],[7.56858,63.01661],[7.56808,63.01728],[7.57168,63.01959],[7.57334,63.02191],[7.57259,63.02226],[7.5686,63.02172],[7.5672,63.02203],[7.56643,63.0225],[7.56626,63.02381]],[[7.58542,63.02482],[7.58467,63.02418],[7.58621,63.02297],[7.59396,63.02304]],[[7.42998,63.01654],[7.43262,63.01739],[7.43632,63.01794],[7.43821,63.01778],[7.43711,63.01692]],[[7.45547,63.01791],[7.45831,63.01844],[7.45952,63.0195]],[[7.58542,63.02482],[7.58678,63.02514],[7.58602,63.02557],[7.58463,63.02586],[7.58281,63.0257],[7.58079,63.02628],[7.58079,63.02807],[7.58362,63.02968],[7.58693,63.02958],[7.59084,63.03006],[7.59115,63.03054]],[[7.45952,63.0195],[7.4635,63.02112],[7.4665,63.02291],[7.46394,63.02312],[7.46208,63.0222],[7.45846,63.02125],[7.45775,63.02138],[7.45771,63.0219],[7.45983,63.02231],[7.45999,63.02277],[7.45538,63.02257],[7.45303,63.02175],[7.4548,63.02103],[7.45463,63.02004],[7.44603,63.01873],[7.44257,63.02065],[7.44722,63.0213],[7.45649,63.02344],[7.45678,63.02422],[7.45301,63.02454],[7.44745,63.02305]],[[7.55337,63.03776],[7.55093,63.03824]],[[7.56896,63.02974],[7.56462,63.02768],[7.56282,63.02804],[7.56156,63.02926],[7.5626,63.03031],[7.56551,63.03094],[7.57032,63.03294],[7.57308,63.03201],[7.57335,63.03151],[7.57266,63.03074],[7.56896,63.02974]],[[7.57614,63.03243],[7.57415,63.03295],[7.57293,63.03424],[7.57559,63.03457]],[[7.56024,63.04881],[7.5589,63.04863],[7.55603,63.04926],[7.55632,63.04963],[7.56308,63.05074],[7.56343,63.04995],[7.56024,63.04881]],[[7.57614,63.03243],[7.57967,63.03259],[7.5805,63.0338],[7.57986,63.03429],[7.58178,63.03514],[7.58631,63.03483],[7.58614,63.03408],[7.58404,63.03318],[7.5836,63.03217],[7.58166,63.03149],[7.57926,63.0314],[7.57825,63.03027],[7.57964,63.03014],[7.58132,63.03068],[7.58343,63.03017],[7.58479,63.0303],[7.58498,63.03101],[7.58614,63.03151],[7.59115,63.03054]],[[7.58877,63.03932],[7.58953,63.03897],[7.58762,63.03765],[7.57934,63.03555],[7.57842,63.03457],[7.57559,63.03457]],[[7.4227,63.03046],[7.41995,63.03016],[7.41814,63.03034],[7.42327,63.0311],[7.4227,63.03046]],[[7.55093,63.03824],[7.54979,63.0353],[7.5504,63.03356],[7.55201,63.03251],[7.55456,63.03213],[7.55513,63.0299],[7.55978,63.0287],[7.56136,63.02748],[7.56316,63.02693],[7.56914,63.02782],[7.57121,63.02738],[7.57031,63.02563],[7.56626,63.02381]],[[7.44935,63.02936],[7.44721,63.02986],[7.4437,63.02989],[7.44104,63.02873],[7.43569,63.02825],[7.43255,63.02889],[7.43362,63.02987],[7.43202,63.03068],[7.42666,63.03158],[7.43124,63.03147],[7.43664,63.03032],[7.44471,63.0305],[7.44671,63.0309],[7.45103,63.03016],[7.45461,63.03089],[7.4574,63.03065],[7.45564,63.02956],[7.45239,63.02904],[7.44972,63.02923]],[[7.54978,63.03949],[7.54928,63.03995],[7.55056,63.0406],[7.55719,63.04074],[7.55843,63.03985],[7.55734,63.0388],[7.55594,63.03812],[7.55337,63.03776]],[[7.57362,63.04227],[7.57639,63.04187],[7.57994,63.04245],[7.5837,63.04217],[7.58656,63.03973],[7.58877,63.03932]],[[7.42139,63.03361],[7.42108,63.0329],[7.41851,63.03339],[7.41936,63.03269],[7.41795,63.03259],[7.41715,63.0329],[7.417,63.03377],[7.41818,63.03441],[7.42139,63.03361]],[[7.53881,63.04239],[7.54333,63.04264],[7.54496,63.04207],[7.54787,63.03888],[7.5495,63.03902],[7.54978,63.03949]],[[7.57563,63.04574],[7.57316,63.04407]],[[7.57269,63.04592],[7.57493,63.04614]],[[7.57493,63.04614],[7.57633,63.0463],[7.57563,63.04574]],[[7.56047,63.04289],[7.56436,63.04304],[7.56545,63.04239],[7.56562,63.04018],[7.56305,63.04001],[7.55986,63.04084],[7.55776,63.04081],[7.55749,63.04119],[7.56005,63.04176],[7.5601,63.04263],[7.55437,63.04196],[7.55309,63.04236],[7.55229,63.04352],[7.55838,63.04602],[7.5611,63.04618],[7.56149,63.04575],[7.56379,63.04542],[7.56404,63.04451],[7.56349,63.04385],[7.5609,63.04344],[7.56047,63.04289]],[[7.53084,63.04507],[7.53228,63.04472],[7.53591,63.04521],[7.54196,63.04541],[7.54278,63.04495],[7.54179,63.04403],[7.5375,63.04306],[7.53881,63.04239]],[[7.49734,63.04874],[7.49672,63.04824],[7.49383,63.0477],[7.49743,63.04698],[7.49719,63.04637],[7.49057,63.04527],[7.48654,63.04536],[7.48288,63.04468],[7.48236,63.04708],[7.4734,63.0456]],[[7.47386,63.04382],[7.48189,63.04361],[7.49351,63.04489],[7.49491,63.04412],[7.49342,63.04313],[7.48988,63.04261],[7.48841,63.04294],[7.48677,63.04264],[7.48655,63.04165],[7.48317,63.0402],[7.48337,63.03974],[7.48676,63.03972],[7.49413,63.04078],[7.49977,63.04226],[7.50327,63.04389],[7.50918,63.04497],[7.51966,63.04512],[7.52758,63.04595],[7.53084,63.04507]],[[7.57269,63.04592],[7.56766,63.0459],[7.56599,63.04621],[7.56514,63.04772],[7.5655,63.04919],[7.56936,63.04948],[7.57156,63.05032]],[[7.47386,63.04382],[7.47197,63.04507],[7.4734,63.0456]],[[7.51055,63.04649],[7.50824,63.04662],[7.50856,63.04741],[7.51071,63.04786],[7.51418,63.04789],[7.51055,63.04649]],[[7.4542,63.04411],[7.45935,63.0432],[7.4638,63.04347],[7.46659,63.04422],[7.46797,63.04426],[7.4689,63.04388],[7.46675,63.04263],[7.4582,63.04163],[7.45341,63.04231],[7.44854,63.04165],[7.43177,63.04138],[7.42838,63.04234],[7.43035,63.04281],[7.42991,63.04345],[7.42853,63.0435],[7.43249,63.04452],[7.43381,63.04358],[7.4374,63.04416],[7.43975,63.04366],[7.44226,63.04419],[7.44668,63.0436],[7.44688,63.0439],[7.44341,63.04524],[7.44572,63.04623],[7.44853,63.04456],[7.4542,63.04411]],[[7.50655,63.04861],[7.50537,63.04819],[7.50486,63.04683],[7.5016,63.04765],[7.50178,63.04881],[7.49928,63.04926],[7.49734,63.04874]],[[7.55366,63.05689],[7.55194,63.05684],[7.5518,63.05719],[7.55346,63.05788],[7.55612,63.05816],[7.55593,63.05741],[7.55366,63.05689]],[[7.5661,63.05907],[7.56017,63.05905],[7.5617,63.05961],[7.56573,63.0601],[7.5667,63.05933],[7.5661,63.05907]],[[7.4708,63.05562],[7.47067,63.05613]],[[7.47049,63.05684],[7.47172,63.05671],[7.47067,63.05613]],[[7.5997,63.0601],[7.59717,63.05931],[7.59595,63.05807],[7.59699,63.05695],[7.59523,63.05604],[7.59203,63.05573],[7.5902,63.055],[7.58562,63.05461],[7.58662,63.05375],[7.58901,63.05315],[7.58878,63.05268],[7.57863,63.0522],[7.57156,63.05032]],[[7.44506,63.02212],[7.44242,63.02099],[7.44136,63.02111],[7.43996,63.02207],[7.43224,63.02089],[7.43259,63.0205],[7.43933,63.02127],[7.43827,63.0204],[7.43399,63.01971],[7.4258,63.02113],[7.42444,63.02265],[7.42206,63.02289],[7.42348,63.02373],[7.42739,63.02388],[7.42694,63.02479],[7.42191,63.02386],[7.42001,63.02304],[7.41702,63.02423],[7.41662,63.02312],[7.41582,63.02303],[7.4142,63.02327],[7.41477,63.0238],[7.41413,63.02412],[7.41022,63.0236],[7.40767,63.02397],[7.40709,63.02433],[7.40837,63.02506],[7.42502,63.02736],[7.42448,63.02841],[7.42596,63.02885],[7.42215,63.02979],[7.42044,63.0286],[7.41787,63.0296],[7.41504,63.0294],[7.41206,63.02967],[7.41294,63.03038],[7.41116,63.03083],[7.4104,63.03173],[7.41217,63.03198],[7.41923,63.03138],[7.42395,63.0316],[7.42365,63.03335],[7.42544,63.03413],[7.4274,63.0338],[7.42746,63.03289],[7.43027,63.03325],[7.43337,63.03304],[7.43665,63.03369],[7.43837,63.03355],[7.43916,63.03283],[7.43861,63.0321],[7.44071,63.03162],[7.44332,63.0327],[7.44569,63.03218],[7.44744,63.03248],[7.44982,63.03371],[7.44991,63.03492],[7.4488,63.03505],[7.44815,63.03424],[7.44547,63.03457],[7.44264,63.03645],[7.44426,63.0371],[7.44349,63.03806],[7.4411,63.03751],[7.44154,63.03631],[7.43676,63.0356],[7.42986,63.03539],[7.42632,63.03596],[7.4263,63.03667],[7.42491,63.03654],[7.4242,63.03701],[7.42398,63.03851],[7.4252,63.03918],[7.42464,63.041],[7.42538,63.04214],[7.42673,63.04252],[7.42556,63.04268],[7.42544,63.04361],[7.4263,63.04761],[7.42774,63.04827],[7.42781,63.04887],[7.43136,63.0501],[7.43087,63.05029],[7.42667,63.04929],[7.4257,63.04995],[7.42659,63.0515],[7.42918,63.05205],[7.43053,63.05151],[7.43208,63.05184],[7.4335,63.05133],[7.4404,63.05189],[7.4406,63.05118],[7.44417,63.05069],[7.44369,63.04993],[7.44425,63.04977],[7.44622,63.05047],[7.44537,63.0512],[7.44716,63.05164],[7.45129,63.05093],[7.45386,63.05104],[7.45339,63.0517],[7.45452,63.05226],[7.45154,63.05299],[7.45169,63.05355],[7.45016,63.05401],[7.45168,63.05527],[7.45438,63.05538],[7.45508,63.05486],[7.46274,63.0569],[7.46599,63.057],[7.46709,63.05637],[7.47049,63.05684]],[[7.58672,63.06382],[7.58748,63.06329]],[[7.58672,63.06382],[7.58134,63.0632],[7.57392,63.06412],[7.56814,63.06368]],[[7.4708,63.05562],[7.4777,63.05681],[7.48186,63.05692],[7.48168,63.05762],[7.4803,63.05793],[7.48081,63.05834],[7.49286,63.0597],[7.49342,63.05946],[7.49295,63.05806],[7.49008,63.05667],[7.4905,63.0564],[7.4919,63.05649],[7.49553,63.05851],[7.49614,63.05972],[7.49895,63.06052],[7.51135,63.06033],[7.51322,63.05967],[7.51417,63.05791],[7.51031,63.05685],[7.5064,63.05418],[7.5126,63.05438],[7.51813,63.0551],[7.51917,63.05502],[7.52012,63.05432],[7.52011,63.05333],[7.51658,63.05199],[7.51339,63.05138],[7.50655,63.04861]],[[7.42535,63.05673],[7.42497,63.05621],[7.42319,63.05626],[7.4225,63.05595],[7.42032,63.05629],[7.41997,63.05676],[7.42067,63.0573],[7.4245,63.05721],[7.42535,63.05673]],[[7.54272,63.0641],[7.54509,63.06441],[7.54693,63.06386],[7.54465,63.06308],[7.54157,63.06302],[7.54003,63.06239],[7.53679,63.06279],[7.53669,63.06323],[7.53781,63.06354],[7.54164,63.06393],[7.5421,63.06434],[7.54272,63.0641]],[[7.42692,63.05896],[7.42601,63.05745],[7.42451,63.05755],[7.42246,63.05862],[7.42123,63.05863],[7.42041,63.05821],[7.41952,63.05855],[7.42261,63.05973],[7.4254,63.05961],[7.42692,63.05896]],[[7.46907,63.06231],[7.47048,63.06148],[7.46935,63.06122]],[[7.53106,63.06351],[7.52931,63.06325],[7.52478,63.06415],[7.52586,63.06521],[7.52835,63.06618],[7.53067,63.06632],[7.53258,63.06545],[7.53216,63.06403],[7.53106,63.06351]],[[7.54648,63.06703],[7.54541,63.06581],[7.54261,63.06484],[7.53968,63.06497],[7.53813,63.06612],[7.53694,63.06612],[7.53744,63.0665],[7.54322,63.06765],[7.54587,63.06755],[7.54648,63.06703]],[[7.43711,63.06203],[7.43524,63.06193]],[[7.43969,63.06217],[7.44038,63.06135],[7.43952,63.06061],[7.44079,63.06021],[7.44141,63.05935],[7.43922,63.05893],[7.44287,63.05711],[7.44357,63.05736],[7.44248,63.05797],[7.44232,63.05937],[7.44579,63.06121],[7.44691,63.06084],[7.45074,63.06093],[7.45244,63.0606],[7.45252,63.06014],[7.45061,63.05976],[7.45003,63.05891],[7.45129,63.05833],[7.45348,63.05954],[7.45412,63.058],[7.45137,63.0571],[7.45031,63.0572],[7.44861,63.0564],[7.44392,63.05569],[7.4421,63.0538],[7.43685,63.0533],[7.42565,63.0536],[7.42517,63.05409],[7.42626,63.05655],[7.42998,63.05728],[7.43178,63.05806],[7.4313,63.05908],[7.43261,63.05982],[7.43665,63.05975],[7.4376,63.06029],[7.43744,63.06056],[7.43404,63.06071],[7.43401,63.06187]],[[7.44697,63.06256],[7.44575,63.06129],[7.44301,63.06089],[7.44128,63.06134],[7.44139,63.06226]],[[7.45436,63.06296],[7.45653,63.06198],[7.4559,63.06125],[7.45426,63.06118],[7.4538,63.06031],[7.45667,63.06037],[7.45713,63.06009],[7.45459,63.05934],[7.45545,63.05785],[7.46472,63.05901],[7.46961,63.06022]],[[7.46113,63.06332],[7.46119,63.06279],[7.46454,63.06116],[7.46112,63.05996],[7.45898,63.05984],[7.45789,63.06202],[7.46035,63.06328]],[[7.46362,63.06345],[7.46624,63.06308],[7.46661,63.0611],[7.46935,63.06122]],[[7.5034,63.06558],[7.50169,63.06393],[7.49688,63.06192],[7.47591,63.05956],[7.46961,63.06022]],[[7.55883,63.06852],[7.55962,63.06785],[7.56169,63.06772],[7.55834,63.06631],[7.55629,63.06427],[7.55674,63.06389],[7.56007,63.06338],[7.5653,63.06381],[7.56814,63.06368]],[[7.59352,63.06381],[7.59819,63.06599]],[[7.46035,63.06328],[7.46113,63.06332]],[[7.43401,63.06187],[7.43469,63.06216],[7.43524,63.06193]],[[7.43711,63.06203],[7.43857,63.06266],[7.43969,63.06217]],[[7.44139,63.06226],[7.44328,63.06417],[7.44584,63.0641],[7.44697,63.06256]],[[7.46821,63.06559],[7.47234,63.06588],[7.47636,63.06516],[7.47632,63.06446],[7.479,63.06433],[7.48939,63.06522],[7.48966,63.06575],[7.4921,63.06592],[7.49323,63.06626],[7.49329,63.06675],[7.49457,63.06689],[7.50207,63.06615],[7.5034,63.06558]],[[7.55883,63.06852],[7.56063,63.07001],[7.5659,63.07239]],[[7.45436,63.06296],[7.45408,63.06342],[7.45557,63.06356],[7.45288,63.06401],[7.45292,63.06471],[7.45424,63.06454],[7.45534,63.06521],[7.4575,63.064],[7.45861,63.06468],[7.45888,63.06581],[7.4605,63.06598],[7.46066,63.06647],[7.46332,63.06731],[7.46461,63.06661],[7.46426,63.06605],[7.46605,63.06506],[7.46481,63.06383],[7.46236,63.06423],[7.46132,63.06378],[7.46362,63.06345]],[[7.4877,63.06916],[7.49108,63.06885],[7.49167,63.06844],[7.4906,63.06812],[7.48925,63.06844],[7.47767,63.06675],[7.47085,63.0661],[7.46975,63.06634],[7.46942,63.06713],[7.47178,63.06778],[7.47613,63.06789],[7.47839,63.06862],[7.48028,63.06853],[7.48616,63.06933],[7.4877,63.06916]],[[7.5657,63.07319],[7.56179,63.07305],[7.56076,63.07356],[7.5617,63.0749],[7.56504,63.07575]],[[7.51398,63.07077],[7.51254,63.07006],[7.51218,63.06927],[7.50817,63.06847],[7.50823,63.06701],[7.50651,63.0676],[7.50704,63.06786],[7.50657,63.06816],[7.50265,63.06788],[7.49907,63.06838],[7.49887,63.06874],[7.50048,63.06907],[7.49958,63.06945],[7.4967,63.06905],[7.49414,63.06951],[7.49599,63.06998],[7.49578,63.07062],[7.49681,63.07101],[7.50117,63.07093],[7.49846,63.07013],[7.49946,63.06963],[7.50193,63.07027],[7.50791,63.07047],[7.50535,63.0716],[7.5059,63.07335],[7.50892,63.07433],[7.51418,63.07395],[7.51262,63.07272],[7.51324,63.0721],[7.51555,63.07161],[7.51398,63.07077]],[[7.56461,63.07743],[7.56777,63.07764],[7.56843,63.07692],[7.56504,63.07575]],[[7.49782,63.07405],[7.49933,63.07339],[7.49046,63.07193],[7.4881,63.07072],[7.48684,63.07061],[7.48305,63.07135],[7.48832,63.07363],[7.49573,63.07424],[7.49782,63.07405]],[[7.56461,63.07743],[7.55977,63.07725],[7.55527,63.07761],[7.55408,63.07808],[7.55516,63.07868],[7.56314,63.07984],[7.56389,63.08026]],[[7.53732,63.07808],[7.53286,63.07772],[7.53168,63.07841],[7.53168,63.07928],[7.53348,63.07967],[7.5364,63.07958],[7.54035,63.07892],[7.53732,63.07808]],[[7.5094,63.07611],[7.50838,63.07592],[7.50642,63.07625],[7.50602,63.07769],[7.50893,63.07855],[7.51288,63.07863],[7.51404,63.07835],[7.51192,63.07751],[7.51192,63.077],[7.5094,63.07611]],[[7.52434,63.07982],[7.52735,63.08028],[7.5298,63.07874],[7.52986,63.07804],[7.52462,63.07531],[7.51879,63.07508],[7.51912,63.07623],[7.51743,63.07706],[7.51323,63.07688],[7.51783,63.07888],[7.52363,63.07877],[7.52594,63.07929],[7.52463,63.07966],[7.51609,63.07975],[7.51593,63.08014],[7.52113,63.08078],[7.52358,63.08035],[7.52434,63.07982]],[[7.56314,63.08315],[7.56886,63.08337],[7.56885,63.08257],[7.56699,63.08234],[7.56635,63.0816],[7.56461,63.08124],[7.56389,63.08026]],[[7.56314,63.08315],[7.55903,63.08314],[7.55607,63.08365],[7.55652,63.08403],[7.55873,63.08435],[7.56133,63.08431],[7.56184,63.0834],[7.56302,63.08364]],[[7.56302,63.08364],[7.56514,63.08417],[7.56351,63.08483],[7.56463,63.08521],[7.572,63.0849],[7.57359,63.08444],[7.5706,63.08319],[7.57117,63.0824],[7.57352,63.08239],[7.574,63.08123],[7.57565,63.08108],[7.57566,63.08258],[7.57881,63.08286],[7.57945,63.08339],[7.58298,63.0841],[7.58318,63.08454],[7.58735,63.08449],[7.59102,63.08366],[7.58992,63.08155],[7.5942,63.08163]],[[7.53167,63.08321],[7.53184,63.08247],[7.5304,63.08155],[7.52928,63.08258],[7.52846,63.08247],[7.52877,63.08147],[7.52755,63.08131],[7.5246,63.08165],[7.52277,63.0824],[7.52384,63.08285],[7.52585,63.08275],[7.52926,63.084],[7.53101,63.08392],[7.53167,63.08321]],[[7.54714,63.08244],[7.54847,63.08108],[7.54597,63.08038],[7.54013,63.08042],[7.53843,63.08175],[7.53451,63.0818],[7.53475,63.08281],[7.53703,63.08333],[7.53946,63.08554],[7.54109,63.08566],[7.54298,63.08696],[7.54728,63.08775],[7.54841,63.08713],[7.54823,63.08536],[7.54462,63.08438],[7.54486,63.08366],[7.54352,63.0832],[7.54421,63.08237],[7.54714,63.08244]],[[7.49415,63.08413],[7.48914,63.08415],[7.49268,63.08487],[7.49415,63.08413]],[[7.58615,63.08939],[7.58564,63.0886],[7.58646,63.08619],[7.58551,63.08566],[7.58311,63.08536],[7.5822,63.08449],[7.5798,63.08408],[7.5784,63.08424],[7.57791,63.08467],[7.57313,63.08504],[7.57074,63.0856],[7.57043,63.08755],[7.57328,63.08875],[7.57685,63.08887],[7.58281,63.08974],[7.58615,63.08939]],[[7.52481,63.08858],[7.52053,63.0881],[7.51932,63.08966],[7.52431,63.09008],[7.52572,63.08928],[7.52481,63.08858]],[[7.5904,63.09647],[7.58843,63.09624],[7.58699,63.09689],[7.5901,63.09764]],[[7.56724,63.10554],[7.57062,63.10606],[7.57058,63.10387],[7.56942,63.10308],[7.57026,63.10229],[7.56734,63.10142],[7.56353,63.10094],[7.56419,63.10189],[7.56608,63.10249],[7.56122,63.1022],[7.5594,63.10315],[7.55911,63.1039],[7.56567,63.10601],[7.56694,63.10607],[7.56724,63.10554]],[[7.58657,63.11145],[7.58398,63.11106],[7.58332,63.11135],[7.5861,63.11209],[7.58614,63.1131]],[[7.54294,63.21872],[7.54043,63.21922],[7.54331,63.21992],[7.54433,63.219],[7.54294,63.21872]],[[7.72314,63.00737],[7.72625,63.00707],[7.72718,63.00626],[7.72543,63.00434],[7.72481,63.00234],[7.71803,62.9988]],[[7.7098,63.01336],[7.71298,63.00934],[7.71533,63.00866],[7.72027,63.00846],[7.72314,63.00737]],[[7.6775,63.02428],[7.68201,63.02204],[7.6822,63.02029],[7.68607,63.01884],[7.69129,63.01804],[7.6944,63.018],[7.6967,63.01713],[7.70564,63.01574],[7.70889,63.0148],[7.7098,63.01336]],[[7.6775,63.02428],[7.67239,63.02619]],[[7.67239,63.02619],[7.67177,63.02699],[7.67375,63.02769]],[[7.67375,63.02769],[7.67651,63.02823]],[[7.67812,63.02967],[7.67829,63.02861],[7.67651,63.02823]],[[7.67577,63.03116],[7.67812,63.02967]],[[7.67577,63.03116],[7.67308,63.032],[7.67231,63.03276],[7.67293,63.03476],[7.6721,63.0361],[7.67368,63.03792],[7.6735,63.03961],[7.67102,63.0415],[7.6728,63.04292]],[[7.67178,63.04697],[7.6719,63.04647]],[[7.67213,63.04556],[7.67423,63.04382],[7.6728,63.04292]],[[7.67178,63.04697],[7.66837,63.04739],[7.66784,63.04787],[7.67038,63.04971],[7.66884,63.05077],[7.66924,63.05147]],[[7.65769,63.05712],[7.65811,63.05531],[7.6611,63.05444],[7.66519,63.05465],[7.66519,63.05587],[7.66589,63.05629],[7.66741,63.05655],[7.66947,63.0561]],[[7.70187,63.05745],[7.69888,63.05739],[7.69634,63.05812],[7.69646,63.05858],[7.70017,63.05945],[7.70122,63.05899],[7.70187,63.05745]],[[7.69874,63.0601],[7.698,63.05959],[7.69685,63.05987],[7.69366,63.05969],[7.69156,63.06062],[7.69315,63.06166],[7.69755,63.06214],[7.69992,63.06149],[7.69963,63.06048],[7.69874,63.0601]],[[7.65769,63.05712],[7.66001,63.05953],[7.66674,63.06008],[7.66828,63.06081]],[[7.7053,63.06238],[7.70785,63.06258],[7.70906,63.06218],[7.70903,63.06084],[7.71172,63.05987],[7.71264,63.05882],[7.70941,63.05802],[7.70577,63.05852],[7.70181,63.06176],[7.70196,63.064],[7.70512,63.06369],[7.7053,63.06238]],[[7.61219,63.05943],[7.60938,63.05881],[7.6078,63.05899],[7.60927,63.06018],[7.61311,63.06148],[7.61506,63.06023],[7.61466,63.05981],[7.61219,63.05943]],[[7.63274,63.06586],[7.63199,63.06711]],[[7.63274,63.06586],[7.63236,63.06511],[7.62703,63.06439],[7.62741,63.0634],[7.62055,63.06124],[7.61877,63.06118],[7.61693,63.06248],[7.61532,63.06258],[7.5997,63.0601]],[[7.59873,63.06388],[7.60135,63.06277],[7.59916,63.06219]],[[7.66593,63.07009],[7.66864,63.07074],[7.67314,63.07025],[7.6749,63.07062],[7.67661,63.07021],[7.6782,63.06912],[7.67785,63.06765],[7.67138,63.06372],[7.66828,63.06081]],[[7.66186,63.07039],[7.66326,63.06995],[7.66593,63.07009]],[[7.59819,63.06599],[7.59914,63.07064]],[[7.62336,63.07191],[7.62425,63.07105],[7.62204,63.07027],[7.62392,63.06969],[7.62967,63.07033],[7.63797,63.07206],[7.63954,63.07275]],[[7.64351,63.07296],[7.64192,63.07121],[7.64019,63.0703],[7.63331,63.06839],[7.63089,63.06874],[7.62749,63.06816],[7.63199,63.06711]],[[7.66248,63.07395],[7.66022,63.07259],[7.66022,63.0714]],[[7.71132,63.07648],[7.71058,63.076],[7.71132,63.07479],[7.7133,63.07413],[7.71329,63.07378],[7.7096,63.07258],[7.70614,63.07214],[7.7058,63.0715],[7.71023,63.06969],[7.71193,63.06812],[7.71465,63.06744],[7.71457,63.066],[7.71213,63.06571],[7.71192,63.06521],[7.71593,63.06395],[7.71673,63.06269],[7.7183,63.0621],[7.71981,63.06078],[7.72028,63.05969],[7.7231,63.05899],[7.72703,63.05693],[7.72686,63.0557],[7.7252,63.05524],[7.72501,63.05477],[7.72547,63.05388],[7.72675,63.05328],[7.72579,63.0527],[7.72236,63.05223],[7.72295,63.05175],[7.72445,63.05165],[7.7242,63.05007],[7.72324,63.05004],[7.72216,63.05066],[7.72068,63.05047],[7.72068,63.05003],[7.72334,63.049],[7.72403,63.04807],[7.72306,63.04748],[7.72193,63.04501],[7.71989,63.04607],[7.72034,63.04768],[7.71874,63.04851],[7.71737,63.05354],[7.71483,63.05697],[7.71344,63.05644],[7.7122,63.05682],[7.70972,63.0567],[7.70625,63.05569],[7.70891,63.05242],[7.70872,63.05128],[7.70666,63.05169],[7.70559,63.05274],[7.70593,63.0541],[7.70358,63.05552],[7.70126,63.05546],[7.69962,63.05334],[7.70135,63.05289],[7.70073,63.05154],[7.70459,63.04777],[7.70022,63.04513],[7.70108,63.04395],[7.70553,63.04381],[7.706,63.04335],[7.70398,63.04163],[7.70111,63.04183],[7.69892,63.04148],[7.69983,63.03946],[7.69691,63.03869],[7.69623,63.03771],[7.69663,63.03672],[7.6977,63.03521],[7.69969,63.03436],[7.70633,63.03465],[7.71157,63.03338],[7.71917,63.0331],[7.7215,63.03361],[7.72446,63.03233],[7.7302,63.03273],[7.73238,63.03248]],[[7.62336,63.07191],[7.62262,63.07225]],[[7.64283,63.07349],[7.64365,63.07331],[7.64351,63.07296]],[[7.63954,63.07275],[7.64031,63.07353],[7.64283,63.07349]],[[7.66416,63.07708],[7.66946,63.07712],[7.67036,63.07656],[7.66466,63.0751]],[[7.71132,63.07648],[7.71344,63.07766],[7.70918,63.07792],[7.70771,63.07852],[7.70837,63.07887],[7.71088,63.07883],[7.71194,63.08029],[7.71257,63.08006],[7.71487,63.08058],[7.71431,63.08148]],[[7.59806,63.07563],[7.59979,63.07275],[7.59914,63.07064]],[[7.66416,63.07708],[7.66235,63.0775],[7.66159,63.07838],[7.66362,63.07922]],[[7.71239,63.08082],[7.71166,63.08041],[7.71003,63.08032],[7.70977,63.08063],[7.70332,63.08035],[7.70782,63.08171],[7.71239,63.08082]],[[7.71431,63.08148],[7.71306,63.0826],[7.71492,63.08314],[7.71618,63.08415],[7.71977,63.08475],[7.72055,63.08539],[7.7245,63.08485],[7.72617,63.08607],[7.72988,63.08649],[7.73003,63.08705],[7.73438,63.08765],[7.73652,63.08834],[7.73902,63.08985],[7.74822,63.09061],[7.75115,63.08994],[7.75502,63.09099],[7.75658,63.09027]],[[7.66587,63.08689],[7.6646,63.08424],[7.6656,63.08043],[7.66362,63.07922]],[[7.5942,63.08163],[7.59613,63.08138],[7.59608,63.0805],[7.59778,63.07821],[7.59935,63.07779],[7.59963,63.07715],[7.59806,63.07563]],[[7.65893,63.09774],[7.66255,63.0978],[7.66498,63.09842],[7.66788,63.09815],[7.66946,63.09704],[7.66784,63.09668],[7.6686,63.09565],[7.67336,63.09604],[7.67464,63.09572],[7.67464,63.09537],[7.67244,63.09479],[7.67292,63.09371],[7.67061,63.09198],[7.6709,63.08969],[7.66664,63.0883],[7.66587,63.08689]],[[7.65893,63.09774],[7.65708,63.09757],[7.65576,63.09797],[7.65409,63.09952],[7.6573,63.10149],[7.65621,63.10184],[7.65615,63.1026],[7.65755,63.10317]],[[7.73766,63.10231],[7.73401,63.10079],[7.73064,63.10175],[7.72857,63.10128],[7.72279,63.1011],[7.71954,63.10139],[7.71624,63.10081],[7.71418,63.10153],[7.72699,63.10565],[7.73041,63.10654],[7.73408,63.10685],[7.73543,63.10758],[7.73947,63.10854],[7.74257,63.10855],[7.74398,63.1067]],[[7.65273,63.10446],[7.6527,63.10394],[7.65365,63.10394]],[[7.65714,63.10478],[7.65938,63.10445],[7.65913,63.1037],[7.65755,63.10317]],[[7.71654,63.11084],[7.71703,63.11029],[7.7152,63.1098],[7.71382,63.10838],[7.71514,63.10752],[7.71468,63.10663],[7.7171,63.10638],[7.72269,63.10712],[7.72379,63.10659],[7.72503,63.10681],[7.72502,63.10734],[7.72633,63.10783]],[[7.71654,63.11084],[7.71501,63.11164]],[[7.73276,63.11374],[7.73274,63.1096],[7.73127,63.10883],[7.72633,63.10783]],[[7.5869,63.11015],[7.58969,63.11039],[7.59324,63.10983],[7.59292,63.10861],[7.59473,63.10862],[7.59615,63.10794],[7.59695,63.10522],[7.59535,63.10372],[7.59615,63.10205],[7.59543,63.10057],[7.59585,63.09999],[7.58975,63.09901]],[[7.65491,63.11356],[7.66362,63.1149],[7.6665,63.11473],[7.66677,63.11438],[7.66415,63.11397],[7.66389,63.11331],[7.66674,63.11221],[7.66922,63.11179],[7.6684,63.11092],[7.66904,63.11049],[7.66789,63.10948],[7.66371,63.10902],[7.65689,63.10578]],[[7.73276,63.11374],[7.73724,63.11431],[7.7353,63.11616],[7.73099,63.1177],[7.72915,63.12071],[7.72908,63.12127],[7.72986,63.12158],[7.73139,63.12139],[7.73465,63.11912],[7.73758,63.1181],[7.73859,63.11559],[7.74074,63.11461],[7.7539,63.11591]],[[7.62262,63.07225],[7.61992,63.0731],[7.61226,63.07456],[7.60787,63.07448],[7.6056,63.07514],[7.60399,63.07471],[7.60353,63.07413],[7.60241,63.07403],[7.60236,63.07532],[7.60596,63.07631],[7.61041,63.07651],[7.6109,63.07689],[7.60397,63.07819],[7.60291,63.0788],[7.60312,63.08068],[7.60388,63.08142],[7.60811,63.08233],[7.60965,63.08309],[7.61993,63.08419],[7.62073,63.08369],[7.62459,63.08384],[7.62917,63.08292],[7.63154,63.08299],[7.63113,63.08399],[7.63312,63.08662],[7.63227,63.08694],[7.62379,63.08683],[7.62164,63.08735],[7.62108,63.08789],[7.62277,63.08878],[7.62215,63.08925],[7.62305,63.08981],[7.61838,63.08975],[7.61745,63.09002],[7.61791,63.09057],[7.62809,63.09354],[7.63162,63.09372],[7.63183,63.09426],[7.62818,63.09423],[7.62731,63.09519],[7.62335,63.09495],[7.62186,63.09622],[7.61924,63.09595],[7.6207,63.09737],[7.61759,63.09791],[7.61623,63.09907],[7.61369,63.09923],[7.60981,63.09825],[7.60607,63.09852],[7.60742,63.09911],[7.60631,63.09976],[7.60138,63.09908],[7.59847,63.09904],[7.59735,63.10351],[7.59952,63.10389],[7.60075,63.10346],[7.60268,63.1038],[7.60129,63.10428],[7.59775,63.1043],[7.5982,63.10721],[7.59683,63.10836],[7.6005,63.10929],[7.61157,63.11022],[7.6098,63.111],[7.60031,63.11122],[7.60039,63.11205],[7.62572,63.11618],[7.63453,63.11678],[7.63667,63.1173],[7.63743,63.11683],[7.63632,63.11637],[7.63346,63.11613],[7.63188,63.11548],[7.62142,63.11382],[7.61776,63.11247],[7.62203,63.11266],[7.62242,63.11324],[7.62658,63.11382],[7.62771,63.11369],[7.62742,63.11301],[7.63007,63.11323],[7.63389,63.11399],[7.63545,63.11519],[7.63785,63.11551],[7.63947,63.11515],[7.64567,63.11499],[7.64618,63.11256],[7.65007,63.11218],[7.65491,63.11356]],[[7.71501,63.11164],[7.7108,63.11319],[7.70672,63.11397],[7.70332,63.11416],[7.6956,63.11322],[7.69153,63.11387],[7.68971,63.11463],[7.69016,63.11655],[7.6947,63.11783],[7.69448,63.1181],[7.69282,63.11812],[7.69271,63.11844],[7.69682,63.11946],[7.69803,63.12025],[7.70398,63.12117]],[[7.75107,63.12723],[7.75218,63.1263],[7.75422,63.12575],[7.75295,63.12503],[7.75367,63.12376]],[[7.70411,63.1212],[7.70789,63.12229],[7.70875,63.12298],[7.70456,63.12275],[7.70134,63.12304],[7.69641,63.12252],[7.69674,63.12346],[7.69832,63.12454],[7.69984,63.1247],[7.70069,63.12402],[7.70133,63.12485]],[[7.70133,63.12485],[7.69976,63.12531],[7.69482,63.12519],[7.69442,63.12439],[7.69569,63.12386],[7.69608,63.12289],[7.69198,63.12331],[7.6929,63.12465],[7.6919,63.12584],[7.69498,63.1267],[7.69561,63.12848],[7.69485,63.12915],[7.69655,63.12986],[7.69779,63.13013],[7.69974,63.12976],[7.70034,63.13029],[7.70296,63.13037],[7.7087,63.13185],[7.71081,63.13194],[7.71164,63.13016],[7.71683,63.13118],[7.71911,63.13116],[7.72132,63.13044],[7.72283,63.13059],[7.72539,63.12768],[7.7289,63.12768],[7.73103,63.12708],[7.73211,63.12763],[7.73358,63.12769],[7.73441,63.12839],[7.73216,63.12974],[7.73124,63.1323],[7.73463,63.13347],[7.74001,63.13358],[7.74075,63.13449],[7.74243,63.13449],[7.74309,63.13396],[7.74309,63.13263],[7.74428,63.13108],[7.74319,63.12997],[7.74705,63.1304],[7.74734,63.12954],[7.75081,63.12824]],[[7.63622,63.18697],[7.63385,63.18713],[7.6324,63.1867],[7.63185,63.18692],[7.63384,63.18823],[7.63581,63.1886]],[[7.63581,63.1886],[7.6369,63.18836],[7.63736,63.18727],[7.63712,63.18685],[7.63622,63.18697]],[[7.64668,63.18904],[7.64534,63.1892],[7.64311,63.1907],[7.64273,63.19168],[7.64455,63.19237],[7.6477,63.19136],[7.64668,63.18904]],[[7.58143,63.20501],[7.58107,63.20432],[7.57608,63.20311],[7.57461,63.20388],[7.57513,63.20468]],[[7.57513,63.20468],[7.57742,63.20579],[7.57957,63.20566],[7.58143,63.20501]],[[7.60118,63.21319],[7.59766,63.21238],[7.59612,63.21343],[7.59969,63.21486],[7.60117,63.21489],[7.60254,63.21432],[7.60118,63.21319]],[[7.57641,63.21669],[7.57536,63.21541],[7.5739,63.21506],[7.57261,63.21587],[7.57257,63.21663],[7.57515,63.21639],[7.5745,63.21717],[7.57517,63.21756],[7.57641,63.21669]],[[7.59494,63.22075],[7.59585,63.21994],[7.59503,63.21894],[7.59339,63.21833],[7.59312,63.21776],[7.59189,63.21768],[7.59042,63.21834],[7.59194,63.22015],[7.59027,63.22002],[7.58957,63.21917],[7.58905,63.21989],[7.5904,63.22086],[7.59177,63.22113],[7.59494,63.22075]],[[7.60539,63.22694],[7.60303,63.22627],[7.60334,63.22722],[7.60466,63.22784],[7.60734,63.22743],[7.60539,63.22694]],[[7.60796,63.22781],[7.60702,63.228],[7.60726,63.22923],[7.60913,63.22996],[7.60942,63.22948],[7.60796,63.22781]],[[7.44745,63.02305],[7.44506,63.02212]],[[7.44935,63.02936],[7.44972,63.02923]],[[7.57362,63.04227],[7.57246,63.0429],[7.57316,63.04407]],[[7.42049,63.03915],[7.42164,63.03778],[7.41578,63.03781],[7.4143,63.03824],[7.41925,63.0386],[7.41741,63.03903],[7.4184,63.03942],[7.42049,63.03915]],[[7.42167,63.05377],[7.42059,63.05369],[7.42096,63.05456],[7.4238,63.05541],[7.42447,63.05489],[7.42167,63.05377]],[[7.46844,63.06371],[7.46907,63.06231]],[[7.46844,63.06371],[7.46867,63.06384]],[[7.46845,63.06469],[7.46867,63.06384]],[[7.46845,63.06469],[7.46821,63.06559]],[[7.5657,63.07319],[7.56695,63.07321],[7.56742,63.07278],[7.5659,63.07239]],[[7.52349,63.08416],[7.52169,63.08396],[7.52058,63.08543],[7.52211,63.0855],[7.52349,63.08416]],[[7.5179,63.08814],[7.51519,63.08795],[7.51432,63.08873],[7.51703,63.08914],[7.5179,63.08814]],[[7.55068,63.09106],[7.54857,63.09094],[7.54729,63.09165],[7.54749,63.09201],[7.55037,63.09223],[7.55068,63.09106]],[[7.71382,63.01525],[7.71319,63.01509],[7.70979,63.01596],[7.7095,63.01658],[7.71235,63.01637],[7.71382,63.01525]],[[7.67213,63.04556],[7.6719,63.04647]],[[7.66924,63.05147],[7.67036,63.05256]],[[7.69834,63.04983],[7.69726,63.04967],[7.69559,63.05055],[7.69583,63.05203],[7.69846,63.05176],[7.69922,63.05056],[7.69834,63.04983]],[[7.66947,63.0561],[7.67233,63.05778],[7.67502,63.05675],[7.6744,63.05574],[7.67273,63.05548],[7.67251,63.05334],[7.67036,63.05256]],[[7.70082,63.06557],[7.69886,63.06548],[7.69896,63.06677],[7.70074,63.06694],[7.7028,63.06644],[7.70082,63.06557]],[[7.66022,63.0714],[7.66186,63.07039]],[[7.66248,63.07395],[7.66466,63.0751]],[[7.65714,63.10478],[7.65365,63.10394]],[[7.65273,63.10446],[7.65689,63.10578]],[[7.70411,63.1212],[7.70398,63.12117]],[[7.69156,63.12095],[7.69,63.12115],[7.69003,63.12189],[7.69311,63.1225],[7.69347,63.1219],[7.69156,63.12095]],[[7.64384,63.18934],[7.64347,63.18912],[7.64212,63.18962],[7.63944,63.18957],[7.6403,63.19095],[7.64338,63.18999],[7.64384,63.18934]],[[7.59151,63.21539],[7.5902,63.21485],[7.58883,63.21523],[7.58856,63.21466],[7.58751,63.21476],[7.58967,63.216],[7.59192,63.21615],[7.59151,63.21539]],[[7.58975,63.09901],[7.58165,63.09755],[7.57578,63.09738],[7.57497,63.09751],[7.5759,63.09865],[7.57548,63.09886],[7.5695,63.09765],[7.56822,63.0977],[7.56691,63.09871],[7.56695,63.09904],[7.57395,63.10064],[7.57354,63.10157],[7.57514,63.10198],[7.57554,63.10273],[7.57877,63.10375],[7.57838,63.10399],[7.57404,63.10321],[7.57333,63.10342],[7.57549,63.10438],[7.5761,63.10549],[7.5774,63.10611],[7.57613,63.10686],[7.58127,63.10689],[7.58623,63.10816],[7.58597,63.10842],[7.57873,63.10862],[7.57872,63.10972],[7.58353,63.11004]],[[7.59916,63.06219],[7.59059,63.06041],[7.58952,63.05955],[7.59072,63.05901],[7.59028,63.0582],[7.58223,63.05695],[7.57309,63.05678],[7.57223,63.05706],[7.57231,63.05749],[7.57384,63.05714],[7.57471,63.05761],[7.57403,63.0582],[7.57527,63.05993],[7.58748,63.06329]],[[7.59352,63.06381],[7.59671,63.0634],[7.59873,63.06388]],[[7.58753,63.11326],[7.59086,63.11334],[7.59466,63.11274],[7.5948,63.11224],[7.59356,63.11124],[7.59172,63.11091],[7.59008,63.11079],[7.58657,63.11145]],[[7.58614,63.1131],[7.58753,63.11326]],[[7.5901,63.09764],[7.59059,63.09714],[7.59206,63.09714],[7.59225,63.09686]],[[7.58353,63.11004],[7.5869,63.11015]],[[7.59225,63.09686],[7.5904,63.09647]]]}}]}