{"type":"FeatureCollection","features":[{"type":"Feature","properties":{},"geometry":{"type":"MultiLineString","coordinates":[[[11.30288,64.88034],[11.30376,64.88097]],[[11.09816,64.84093],[11.09817,64.84093]],[[11.05192,64.87231],[11.05173,64.87177]],[[11.05891,64.81992],[11.05809,64.81999],[11.05814,64.82126],[11.05965,64.82169],[11.06058,64.82052],[11.05891,64.81992]],[[11.03848,64.82094],[11.03719,64.82053],[11.03639,64.82076],[11.03733,64.82225],[11.03859,64.82188],[11.03848,64.82094]],[[11.26232,64.82857],[11.26355,64.8283]],[[11.30903,64.84259],[11.30798,64.84232]],[[11.07739,64.82752],[11.07724,64.82752]],[[11.19484,64.83058],[11.19449,64.83049]],[[11.0754,64.82747],[11.07686,64.82818],[11.07724,64.82752]],[[11.06973,64.82926],[11.06753,64.82858],[11.06644,64.82883],[11.07013,64.83018],[11.06973,64.82926]],[[11.04906,64.82895],[11.04784,64.82851],[11.04684,64.82877],[11.04856,64.83056],[11.05004,64.83103],[11.05026,64.83003],[11.04906,64.82895]],[[11.00259,64.82895],[10.99959,64.82921]],[[10.99959,64.82921],[11.00073,64.83037],[11.00259,64.82895]],[[11.07791,64.83503],[11.07687,64.83491],[11.07621,64.83538],[11.07769,64.83669],[11.07958,64.8363],[11.07851,64.83604],[11.07881,64.83552],[11.07791,64.83503]],[[11.3098,64.84055],[11.30936,64.84021]],[[11.30903,64.84259],[11.30997,64.8427],[11.31087,64.84211],[11.30917,64.84157]],[[11.30921,64.84131],[11.3098,64.84055]],[[11.30921,64.84131],[11.30917,64.84157]],[[11.22554,64.84023],[11.22336,64.84031]],[[11.7876,64.85624],[11.7856,64.85597],[11.78523,64.85633],[11.78841,64.85757],[11.78854,64.85688],[11.7876,64.85624]],[[10.99834,64.85228],[11.00089,64.85243],[11.00153,64.85185],[10.999,64.85143]],[[11.09091,64.84235],[11.0874,64.84127],[11.08758,64.84195],[11.08994,64.84305],[11.09394,64.84404],[11.09091,64.84235]],[[11.01359,64.84118],[11.0113,64.84163],[11.01324,64.8428],[11.0146,64.84264],[11.01359,64.84118]],[[11.06974,64.84419],[11.06947,64.84344],[11.06516,64.84233],[11.0663,64.84386],[11.0682,64.84428],[11.06974,64.84419]],[[11.09752,64.84532],[11.09744,64.84587]],[[11.00118,64.84347],[11.0006,64.84299],[10.99867,64.84336]],[[10.99856,64.84415],[11.00076,64.84395],[11.00118,64.84347]],[[11.08725,64.85097],[11.08632,64.85075],[11.0852,64.85098],[11.08902,64.85235],[11.08725,64.85097]],[[11.0785,64.84551],[11.07657,64.84577],[11.07688,64.84648],[11.07963,64.84745],[11.08039,64.84663],[11.0785,64.84551]],[[11.10233,64.84902],[11.10435,64.84958],[11.10293,64.8484]],[[11.08017,64.84891],[11.07852,64.84848],[11.07735,64.84919],[11.07811,64.84964],[11.07979,64.84975],[11.08017,64.84891]],[[11.00617,64.85426],[11.00286,64.85356],[11.00072,64.85352],[11.0008,64.85394],[11.00239,64.85406],[11.00471,64.85507],[11.00593,64.85489],[11.00617,64.85426]],[[11.44032,64.87175],[11.44198,64.87194]],[[11.01563,64.86108],[11.01289,64.861],[11.01235,64.86134],[11.01514,64.86219],[11.01666,64.86145],[11.01563,64.86108]],[[11.02812,64.86706],[11.02479,64.8667],[11.02408,64.86619],[11.02312,64.86631],[11.02344,64.86765],[11.02547,64.86805],[11.02709,64.86806],[11.02694,64.86757],[11.02812,64.86706]],[[11.08153,64.86973],[11.08254,64.86978]],[[11.05268,64.86786],[11.05154,64.86771],[11.05017,64.86818],[11.05148,64.86948],[11.05268,64.86786]],[[11.01639,64.86669],[11.01517,64.86672],[11.01531,64.86885],[11.01699,64.86853],[11.01732,64.86804],[11.01639,64.86669]],[[11.06864,64.87051],[11.06872,64.86947],[11.06737,64.86905],[11.06719,64.86811],[11.06567,64.86815],[11.06471,64.86929],[11.06341,64.86842],[11.06218,64.86835],[11.06363,64.86987],[11.06438,64.87004],[11.0653,64.86972],[11.06776,64.87061],[11.06864,64.87051]],[[11.30043,64.87817],[11.29965,64.87694]],[[11.08431,64.88471],[11.08324,64.88468],[11.08251,64.88511],[11.08379,64.88627],[11.08499,64.88603],[11.08431,64.88471]],[[11.00043,64.88448],[10.99852,64.88143]],[[11.07785,64.8896],[11.07542,64.88953],[11.07515,64.88981],[11.0787,64.89138],[11.07953,64.89098],[11.07962,64.89007],[11.07785,64.8896]],[[11.02261,64.89196],[11.02156,64.89177],[11.02104,64.89223],[11.02185,64.89321],[11.02307,64.8936],[11.02372,64.89301],[11.02261,64.89196]],[[11.10746,64.8977],[11.10756,64.89617]],[[11.30037,64.90409],[11.30057,64.90409]],[[11.07325,64.91727],[11.07298,64.91668]],[[11.13352,64.91885],[11.127,64.916]],[[11.13669,64.91894],[11.12822,64.91572]],[[11.25702,64.92201],[11.25567,64.92113],[11.25444,64.92194]],[[11.32217,64.92363],[11.32184,64.92336]],[[11.9332,64.93747],[11.93143,64.93698]],[[11.11876,64.9185],[11.11893,64.91847]],[[11.27869,64.92255],[11.27866,64.92354],[11.27931,64.92369],[11.28016,64.92259]],[[11.35141,64.93458],[11.35134,64.93413]],[[11.47819,64.94063],[11.47676,64.94016],[11.47569,64.94038],[11.47704,64.94165],[11.47881,64.94131],[11.47819,64.94063]],[[11.57677,64.94482],[11.57677,64.94503]],[[11.50641,64.9481],[11.50649,64.94813]],[[11.18924,64.94306],[11.18816,64.94268],[11.18542,64.94264],[11.18655,64.94392],[11.1892,64.94331]],[[11.28214,64.94309],[11.28095,64.94305],[11.28076,64.94361],[11.28289,64.94474],[11.28331,64.94387],[11.28214,64.94309]],[[11.1892,64.94331],[11.18924,64.94306]],[[11.33861,64.9488],[11.33736,64.94848],[11.33788,64.94947],[11.34158,64.94981],[11.3415,64.9494],[11.33861,64.9488]],[[11.10557,64.94802],[11.10358,64.94727],[11.09812,64.94676],[11.09659,64.94707],[11.09714,64.94759],[11.09931,64.94786],[11.10557,64.94802]],[[11.3994,64.95595],[11.39647,64.95526]],[[11.21143,64.9502],[11.20961,64.95033],[11.21219,64.95123],[11.21396,64.95136],[11.21312,64.95057],[11.21143,64.9502]],[[11.08246,64.94865],[11.0825,64.94838]],[[11.08246,64.94865],[11.08242,64.94895]],[[11.39918,64.95755],[11.40286,64.95776],[11.40385,64.95715],[11.3994,64.95595]],[[11.51169,64.96854],[11.51003,64.9679],[11.50651,64.96866],[11.51143,64.96892],[11.51169,64.96854]],[[11.17471,64.96134],[11.17131,64.96067],[11.17053,64.96094],[11.17061,64.96142],[11.1761,64.96241],[11.17471,64.96134]],[[11.00138,64.9603],[11.00139,64.95933],[10.99999,64.95921]],[[11.13401,64.9638],[11.13139,64.96338],[11.13047,64.9637]],[[11.51823,64.97326],[11.51734,64.97291],[11.51763,64.97205],[11.51421,64.97141],[11.51309,64.97164],[11.5165,64.97236],[11.51618,64.97286],[11.50919,64.97305]],[[11.06634,64.96202],[11.06797,64.96207]],[[11.13047,64.9637],[11.13526,64.96482],[11.13401,64.9638]],[[11.14331,64.96507],[11.14165,64.96501],[11.14085,64.96551],[11.14202,64.96641],[11.14447,64.96694],[11.14331,64.96507]],[[11.15566,64.9698],[11.15412,64.96871],[11.15163,64.969],[11.1494,64.9684],[11.14976,64.96891],[11.15342,64.9699],[11.15514,64.9701],[11.15566,64.9698]],[[11.61687,64.98267],[11.61931,64.98138]],[[11.77183,64.99662],[11.77172,64.99512]],[[11.11439,64.98289],[11.11274,64.98288],[11.11255,64.98341],[11.11384,64.98414],[11.11588,64.98425],[11.11658,64.98362],[11.11439,64.98289]],[[11.0073,64.98423],[11.00292,64.98424],[11.0025,64.98458],[11.00623,64.98509],[11.00721,64.98489],[11.0073,64.98423]],[[11.00734,64.99441],[11.00868,64.99398],[11.00837,64.99327],[11.00554,64.99359],[11.00513,64.99311],[11.00387,64.99308],[11.00357,64.99389],[11.00734,64.99441]],[[11.01475,64.98654],[11.0137,64.98664],[11.01425,64.98783],[11.01847,64.98841],[11.01809,64.98753],[11.01475,64.98654]],[[11.29154,64.03534],[11.29052,64.03527]],[[11.2139,64.01561],[11.21852,64.01959],[11.21945,64.02249]],[[11.35499,64.6549],[11.35477,64.65316],[11.35299,64.65126],[11.3539,64.64847],[11.35077,64.64547],[11.3493,64.64173],[11.34784,64.64064]],[[11.38612,64.65567],[11.3871,64.65471],[11.38597,64.65304],[11.38644,64.65211],[11.38898,64.65226],[11.39264,64.65089],[11.39779,64.65096],[11.39931,64.6504],[11.39874,64.64907],[11.40984,64.64879],[11.41093,64.64724],[11.41254,64.64664],[11.41143,64.64614],[11.40988,64.64635],[11.40889,64.64603],[11.40974,64.64492],[11.41151,64.64448],[11.41161,64.6411],[11.41596,64.63522],[11.41811,64.63499],[11.42639,64.63595],[11.42823,64.63581],[11.42544,64.63412],[11.4199,64.63366],[11.41788,64.63301],[11.41685,64.63197],[11.41141,64.63324]],[[11.33165,64.67657],[11.33616,64.67784],[11.33686,64.67845],[11.34148,64.68008],[11.34448,64.68005],[11.34463,64.6797],[11.34597,64.67957],[11.34836,64.68056],[11.35651,64.67921],[11.35801,64.67711],[11.35856,64.67467],[11.35688,64.66692],[11.35856,64.66246],[11.36027,64.6621],[11.3594,64.66053],[11.35632,64.65944],[11.3571,64.65722],[11.3551,64.65564]],[[11.29692,64.6786],[11.30263,64.68028],[11.30525,64.68051],[11.30885,64.68058],[11.31282,64.67987],[11.32226,64.67984],[11.32507,64.68045],[11.32708,64.68009],[11.3287,64.67746],[11.33165,64.67657]],[[11.29357,64.68031],[11.29027,64.6797],[11.29019,64.67903],[11.29356,64.67933],[11.29454,64.67866],[11.29692,64.6786]],[[11.40839,64.70113],[11.40592,64.70006],[11.40504,64.70028],[11.40615,64.70108]],[[11.19036,64.00055],[11.18851,64.00017],[11.18703,64.0005],[11.18633,64.00133],[11.18809,64.00236],[11.19138,64.003],[11.19307,64.00221],[11.19036,64.00055]],[[11.17572,63.99836],[11.18147,64.00262],[11.18977,64.00535]],[[11.18977,64.00535],[11.19559,64.00663],[11.19928,64.00621],[11.2014,64.00666],[11.20546,64.00682],[11.20982,64.01008],[11.21164,64.01329],[11.2139,64.01561]],[[11.22772,64.02894],[11.22578,64.02777],[11.22453,64.02782],[11.22226,64.029],[11.22444,64.03032],[11.22663,64.03022],[11.22772,64.02894]],[[11.28905,64.02953],[11.28506,64.02925],[11.28434,64.03049],[11.28571,64.03125],[11.28876,64.032],[11.29052,64.03138],[11.28905,64.02953]],[[11.29052,64.03527],[11.2874,64.03632],[11.28352,64.03688],[11.27944,64.03565],[11.27402,64.03269],[11.26873,64.03187],[11.26719,64.03125],[11.26491,64.02994],[11.26585,64.02958],[11.26325,64.02696],[11.26024,64.02628],[11.2537,64.02646],[11.24998,64.02581],[11.24463,64.02618],[11.24115,64.0277],[11.23809,64.02827],[11.23544,64.03352],[11.23524,64.03498],[11.23618,64.03665],[11.23522,64.0372]],[[11.21392,64.04545],[11.21456,64.04408],[11.21755,64.0421],[11.21835,64.04093],[11.21788,64.03862],[11.22043,64.02812],[11.21976,64.02692]],[[11.20958,64.04744],[11.21322,64.04629],[11.21392,64.04545]],[[11.20958,64.04744],[11.20891,64.04789],[11.20941,64.04871]],[[11.41065,64.68111],[11.41435,64.68204],[11.41512,64.68038],[11.41767,64.68055],[11.42025,64.68494],[11.42391,64.68359]],[[11.42391,64.68359],[11.42638,64.68382],[11.42896,64.68517]],[[11.21556,64.05665],[11.21644,64.05517],[11.21595,64.05425],[11.2109,64.05159],[11.20941,64.04871]],[[11.21894,64.31372],[11.21988,64.31326],[11.22116,64.31368],[11.223,64.31353]],[[11.23342,64.06687],[11.23354,64.06466],[11.23463,64.06329],[11.23244,64.062],[11.23207,64.06097],[11.2342,64.05808],[11.23373,64.05674],[11.23214,64.05586],[11.23227,64.05204],[11.23061,64.05105],[11.23186,64.04848],[11.23073,64.04647],[11.23309,64.04494],[11.23294,64.04294],[11.2338,64.0421],[11.23243,64.03776],[11.23522,64.0372]],[[11.21556,64.05665],[11.21474,64.05852],[11.21473,64.06222],[11.22241,64.06515],[11.22331,64.06626],[11.22186,64.06698]],[[11.23374,64.06779],[11.23469,64.06978],[11.2385,64.07129],[11.24684,64.0719],[11.25541,64.07319],[11.25813,64.07319]],[[11.2631,64.07373],[11.26752,64.07418],[11.26948,64.07354],[11.26743,64.0694],[11.27041,64.06878],[11.2724,64.07023]],[[11.22575,64.07415],[11.22185,64.07302],[11.22069,64.07104],[11.22117,64.06757]],[[11.23454,64.07461],[11.22575,64.07415]],[[11.26267,64.07781],[11.2622,64.07673],[11.23799,64.07397],[11.23454,64.07461]],[[11.26267,64.07781],[11.26471,64.07861],[11.27018,64.07971],[11.27467,64.08155],[11.27981,64.08288]],[[11.27351,64.07162],[11.27642,64.07591],[11.27959,64.0776],[11.28464,64.07941]],[[11.07627,64.51526],[11.07621,64.51622],[11.07991,64.51648],[11.08135,64.51636],[11.08178,64.51517],[11.08298,64.51508]],[[11.20236,64.68107],[11.19704,64.67951],[11.19787,64.68031],[11.20228,64.68169]],[[11.21638,64.31776],[11.21745,64.31713],[11.21684,64.31606],[11.21465,64.31596],[11.21215,64.31482],[11.21358,64.31474],[11.21453,64.31409],[11.21894,64.31372]],[[11.23455,64.33738],[11.23179,64.33567],[11.22653,64.33342],[11.22461,64.33181],[11.2178,64.32407],[11.2182,64.32166],[11.21576,64.31831],[11.21638,64.31776]],[[11.25022,64.33471],[11.25009,64.32973],[11.24805,64.32645],[11.24473,64.32524],[11.24181,64.32285],[11.23798,64.32083],[11.23704,64.31746],[11.23507,64.31513],[11.22899,64.31326]],[[11.23455,64.33738],[11.2381,64.33978],[11.24097,64.34299],[11.2441,64.34389],[11.24527,64.34465],[11.24639,64.3466],[11.24842,64.3479]],[[11.18847,64.43114],[11.18908,64.43014],[11.19343,64.42851],[11.19549,64.42653]],[[11.19644,64.42641],[11.19732,64.42708],[11.19624,64.42951],[11.19703,64.42958],[11.1976,64.43073],[11.19457,64.4333],[11.19458,64.43463],[11.19169,64.43801],[11.19198,64.43981],[11.19312,64.44023],[11.19117,64.44156],[11.19244,64.44411],[11.194,64.44487],[11.19705,64.44474],[11.20146,64.44579],[11.20245,64.44563],[11.20333,64.44443],[11.20478,64.44429],[11.20521,64.44532],[11.20373,64.44626],[11.20492,64.44759],[11.21117,64.44771],[11.21355,64.44891],[11.21806,64.44956],[11.2189,64.4505],[11.218,64.45115],[11.21631,64.45144],[11.21738,64.45181],[11.21963,64.45124],[11.22176,64.44865],[11.22168,64.44734],[11.22703,64.44725],[11.22442,64.44889],[11.2243,64.44971],[11.22675,64.45119],[11.22895,64.45128],[11.23212,64.45354],[11.23394,64.4536]],[[11.20812,64.45373],[11.20621,64.45367],[11.20306,64.45484],[11.2058,64.45765],[11.20803,64.45773],[11.21119,64.45578],[11.2103,64.45457],[11.20812,64.45373]],[[11.18448,64.47088],[11.18436,64.46929],[11.18581,64.46798],[11.18756,64.46807],[11.18903,64.46984],[11.19199,64.47017],[11.19406,64.46974],[11.19361,64.46817],[11.19436,64.46757],[11.19144,64.46496],[11.19177,64.46274],[11.19021,64.46144],[11.19076,64.46021],[11.18103,64.45229],[11.18131,64.4516],[11.18304,64.45124],[11.18268,64.45069],[11.18142,64.44998],[11.17886,64.45053],[11.17758,64.45037],[11.17397,64.44851],[11.17157,64.44787],[11.16653,64.44464],[11.16005,64.44315],[11.16008,64.44202],[11.15906,64.44142],[11.1613,64.44108],[11.16302,64.43996],[11.16535,64.43972],[11.16826,64.43997],[11.17708,64.4418],[11.18101,64.44058],[11.18246,64.43892],[11.18235,64.43811],[11.18392,64.43744],[11.18511,64.43771],[11.18764,64.43973],[11.19175,64.43659],[11.19068,64.43392]],[[11.21569,64.47168],[11.20951,64.4697],[11.20806,64.4703],[11.20962,64.47153]],[[11.21683,64.47171],[11.22001,64.46871],[11.21992,64.46812],[11.21699,64.46633],[11.2179,64.46511],[11.21665,64.46413],[11.21494,64.4642],[11.21367,64.46576],[11.21128,64.46469],[11.20858,64.4648],[11.21031,64.46718],[11.20828,64.46861],[11.20411,64.46819],[11.20247,64.46696],[11.19804,64.46591],[11.19673,64.46401],[11.1979,64.46212],[11.20015,64.46113],[11.20065,64.45801],[11.19911,64.4564],[11.19806,64.45627],[11.19604,64.45675],[11.19035,64.45508],[11.1925,64.45276],[11.19355,64.45234],[11.19694,64.45261],[11.20011,64.45448],[11.20409,64.46193],[11.20693,64.46339],[11.20751,64.46218],[11.20678,64.46119],[11.20818,64.45853],[11.21048,64.45743],[11.212,64.45582],[11.2133,64.45562],[11.21651,64.45611],[11.21878,64.45843],[11.22047,64.4592],[11.22119,64.4584],[11.22202,64.45849],[11.22276,64.46026],[11.22511,64.46122],[11.22655,64.45982],[11.22616,64.45874],[11.22458,64.45829],[11.2259,64.45716],[11.2277,64.45828],[11.23325,64.4586]],[[11.21569,64.47168],[11.21683,64.47171]],[[11.20962,64.47153],[11.21026,64.47358],[11.20829,64.47434],[11.20739,64.47637],[11.20508,64.47826],[11.20493,64.48394],[11.2065,64.48524],[11.21055,64.48642],[11.21249,64.48836],[11.21668,64.48996]],[[11.21668,64.48996],[11.22317,64.49109],[11.22531,64.49184],[11.22874,64.49139]],[[11.14703,64.4992],[11.15063,64.49951],[11.14977,64.49831],[11.14977,64.49603],[11.15446,64.49584],[11.15619,64.49503],[11.15648,64.49433],[11.15904,64.49338],[11.16056,64.49333],[11.16219,64.49483],[11.16191,64.49532],[11.16332,64.49559],[11.16604,64.49519],[11.17354,64.49031],[11.18023,64.48792],[11.18133,64.48686],[11.1807,64.48531],[11.18176,64.48412],[11.18443,64.48294],[11.18695,64.48306],[11.18804,64.48229],[11.18873,64.48118],[11.18456,64.48008],[11.17779,64.47402],[11.17868,64.47295],[11.18337,64.47247],[11.18448,64.47088]],[[11.09055,64.51334],[11.0885,64.5125],[11.08716,64.51325]],[[11.12275,64.51419],[11.1267,64.51264],[11.12799,64.51119],[11.12779,64.50979],[11.13127,64.50875],[11.13446,64.50561],[11.13933,64.5038],[11.14052,64.50218],[11.14319,64.50126],[11.14533,64.49931],[11.14703,64.4992]],[[11.176,64.51559],[11.17879,64.5138],[11.17943,64.5114],[11.18322,64.51088],[11.18799,64.51091],[11.18915,64.50785],[11.19103,64.50635],[11.19637,64.50549],[11.20314,64.50707],[11.20539,64.50871],[11.20551,64.51005],[11.20695,64.5109],[11.20919,64.51141],[11.21173,64.51106],[11.21289,64.51136],[11.2164,64.51039],[11.21794,64.51101],[11.21889,64.51236],[11.22187,64.51202],[11.22295,64.51238],[11.2233,64.51346],[11.22551,64.51476]],[[11.11851,64.51467],[11.12275,64.51419]],[[11.11612,64.5148],[11.11695,64.51421],[11.11851,64.51467]],[[11.08298,64.51508],[11.08443,64.51517],[11.08645,64.51446],[11.08716,64.51325]],[[11.63578,64.76153],[11.63642,64.761],[11.63591,64.76047]],[[11.12856,64.51754],[11.12584,64.51757],[11.12297,64.51814],[11.11874,64.52005],[11.11847,64.52094],[11.12644,64.52062],[11.1288,64.51945],[11.12856,64.51754]],[[11.09055,64.51334],[11.0906,64.51436],[11.09268,64.51561],[11.09742,64.51597],[11.10004,64.51716],[11.09953,64.51819],[11.09444,64.51826],[11.0937,64.51862],[11.09433,64.52036],[11.09823,64.52175],[11.09985,64.52279],[11.09994,64.52352],[11.09753,64.52509],[11.09819,64.526],[11.09989,64.52625],[11.10201,64.52609],[11.10404,64.52477],[11.10743,64.52393],[11.11007,64.52394],[11.11533,64.52158],[11.1133,64.51954],[11.11443,64.51793],[11.11322,64.5173],[11.11612,64.5148]],[[11.12495,64.52434],[11.12249,64.52457],[11.12019,64.526],[11.11477,64.52771],[11.11411,64.52858],[11.11633,64.52875],[11.11974,64.52792],[11.12495,64.52434]],[[11.14104,64.54157],[11.14864,64.53888],[11.14937,64.53695],[11.15526,64.53303],[11.16069,64.52617],[11.16084,64.52505],[11.16355,64.52257],[11.16627,64.52118],[11.16665,64.52056],[11.16574,64.52003],[11.16651,64.51908],[11.17001,64.51716],[11.17364,64.51668],[11.176,64.51559]],[[11.14104,64.54157],[11.13783,64.54237],[11.13542,64.54408],[11.13756,64.54725],[11.14018,64.54767]],[[11.13983,64.55011],[11.14082,64.54934],[11.14018,64.54767]],[[11.1925,64.63693],[11.19072,64.63746],[11.18923,64.63723],[11.18916,64.6367],[11.1871,64.63663],[11.18523,64.63731],[11.18384,64.63652]],[[11.07831,64.5616],[11.07624,64.56155],[11.07257,64.56006],[11.0745,64.55931],[11.07453,64.55785]],[[11.07453,64.55785],[11.0747,64.55733],[11.07197,64.55466],[11.07246,64.55406],[11.07186,64.55327],[11.06938,64.55211],[11.06863,64.55094],[11.07003,64.54941],[11.06893,64.54737],[11.06935,64.5448],[11.07174,64.54206],[11.07105,64.54062],[11.07199,64.53951],[11.07143,64.53777],[11.0773,64.53743],[11.07832,64.53469],[11.08067,64.53494],[11.08121,64.53427],[11.07833,64.52882],[11.07448,64.5262],[11.07216,64.5222],[11.07285,64.52187],[11.07372,64.52251],[11.07448,64.52237],[11.07421,64.51921],[11.07251,64.51591],[11.07421,64.51447],[11.07627,64.51526]],[[11.13524,64.55945],[11.13794,64.55495],[11.13661,64.55132],[11.13983,64.55011]],[[11.13524,64.55945],[11.13402,64.5616]],[[11.06088,64.63485],[11.0622,64.6349]],[[11.13402,64.5616],[11.13295,64.56367],[11.13319,64.56475],[11.1376,64.56588]],[[11.1376,64.56588],[11.14099,64.56625]],[[11.06593,64.56655],[11.06792,64.5662],[11.07037,64.56648]],[[11.14099,64.56625],[11.14311,64.56675],[11.14866,64.56954],[11.15185,64.56994]],[[11.07037,64.56648],[11.0733,64.5684],[11.07641,64.56864],[11.07871,64.568],[11.08591,64.56968],[11.08859,64.56878],[11.0904,64.56664],[11.08836,64.56516],[11.08865,64.56366],[11.08089,64.56158],[11.07831,64.5616]],[[11.16647,64.57242],[11.16839,64.57083],[11.17175,64.57124],[11.174,64.57251]],[[11.05605,64.57006],[11.05958,64.56888],[11.06444,64.56944],[11.06574,64.56849],[11.06593,64.56655]],[[11.15185,64.56994],[11.15235,64.57361],[11.15555,64.5735],[11.1562,64.57411],[11.15528,64.57608],[11.15943,64.57601],[11.16319,64.57529]],[[11.16319,64.57529],[11.16446,64.57516],[11.16473,64.57564],[11.16266,64.57627],[11.16286,64.57785],[11.16358,64.57855],[11.1651,64.57866],[11.16609,64.57823],[11.16673,64.57699],[11.16547,64.57574],[11.16686,64.57343],[11.16647,64.57242]],[[11.13,64.57686],[11.12571,64.57374],[11.12467,64.57366],[11.12281,64.57458],[11.11935,64.57524],[11.11909,64.57618],[11.12335,64.57671],[11.12579,64.57877],[11.1259,64.57971],[11.12811,64.58033],[11.13204,64.58014],[11.13309,64.57874],[11.13275,64.57775],[11.13,64.57686]],[[11.174,64.57251],[11.1727,64.57351],[11.17355,64.5759],[11.17438,64.57668],[11.17943,64.57836],[11.17984,64.58007],[11.18664,64.58],[11.18811,64.58071],[11.18247,64.58367],[11.18265,64.58406],[11.18483,64.58483],[11.1885,64.58463]],[[11.15911,64.58354],[11.15775,64.58382],[11.15938,64.58513],[11.1606,64.58519],[11.16055,64.58398],[11.15911,64.58354]],[[11.1885,64.58463],[11.18973,64.58546],[11.1889,64.58697],[11.18947,64.58737],[11.19158,64.58755],[11.1935,64.58657],[11.19387,64.58515],[11.19526,64.58508],[11.19651,64.58574],[11.19783,64.58555],[11.2006,64.58359],[11.20073,64.58198],[11.20363,64.58219],[11.2059,64.58014],[11.20747,64.58003],[11.21231,64.57377],[11.2138,64.57393],[11.21391,64.57555],[11.21531,64.57501],[11.21578,64.5706],[11.2142,64.56917],[11.21435,64.56859],[11.21478,64.56805],[11.21821,64.56743]],[[11.03049,64.5838],[11.03478,64.58066],[11.03734,64.58004],[11.03906,64.57872],[11.04038,64.57836],[11.04187,64.57853],[11.05047,64.57762],[11.05439,64.57599],[11.05673,64.57318],[11.0548,64.57101],[11.05605,64.57006]],[[11.10787,64.65015],[11.10759,64.6497],[11.10979,64.64865]],[[11.08977,64.58822],[11.09138,64.58793],[11.09266,64.58675],[11.09517,64.5859],[11.10684,64.5847],[11.11094,64.58524],[11.11308,64.58508],[11.1196,64.58637],[11.12455,64.58662],[11.12457,64.58732],[11.13077,64.58907],[11.13437,64.58867]],[[11.01979,64.58677],[11.02248,64.58658],[11.03049,64.5838]],[[11.13437,64.58867],[11.14422,64.58885],[11.14585,64.58822],[11.14734,64.58823],[11.15271,64.58927],[11.15502,64.58923],[11.1565,64.5888],[11.16091,64.58964],[11.16509,64.5888],[11.16882,64.58912],[11.17061,64.58975],[11.17563,64.58951],[11.18162,64.59027],[11.18891,64.59054],[11.19131,64.59121],[11.19689,64.59182],[11.1989,64.59166],[11.19949,64.59127],[11.20149,64.59151],[11.20281,64.59111],[11.20232,64.58992],[11.20304,64.58918],[11.21057,64.58875],[11.21534,64.5881]],[[11.00875,64.5851],[11.01783,64.58713],[11.01979,64.58677]],[[10.99865,64.59737],[11.00206,64.5939],[10.99842,64.59091]],[[10.99897,64.58973],[11.00182,64.58769],[10.99992,64.58779]],[[10.9982,64.58648],[11.00065,64.58489],[11.00342,64.58533],[11.00727,64.58399],[11.00838,64.58428],[11.00875,64.5851]],[[11.0326,64.60166],[11.03263,64.59947],[11.03512,64.59767],[11.04432,64.5962],[11.04662,64.5955],[11.05754,64.5941],[11.06437,64.59396],[11.07571,64.593],[11.07723,64.59251],[11.07789,64.59156],[11.08263,64.59067],[11.08425,64.58958],[11.08763,64.58904],[11.08977,64.58822]],[[11.02689,64.60846],[11.02605,64.60855],[11.02577,64.60921],[11.02649,64.61033],[11.0254,64.61042],[11.025,64.61091],[11.02554,64.61222],[11.02631,64.61243]],[[11.02631,64.61243],[11.02774,64.61239],[11.02851,64.61197],[11.02699,64.61115],[11.02855,64.61062],[11.02865,64.61006],[11.02689,64.60846]],[[11.1584,64.61668],[11.17056,64.61677],[11.18567,64.61501],[11.19841,64.61281],[11.20208,64.61283],[11.20364,64.61368],[11.2051,64.6138],[11.21182,64.61341]],[[11.21143,64.61619],[11.20803,64.61746],[11.20731,64.61867],[11.20977,64.61869],[11.20949,64.61768],[11.21128,64.61729]],[[11.20162,64.62027],[11.20432,64.6188],[11.20602,64.61712],[11.20547,64.61687],[11.19448,64.6175],[11.1922,64.61842],[11.19431,64.61915],[11.19859,64.61804],[11.1985,64.61912],[11.19575,64.62014],[11.1992,64.62019],[11.20043,64.62056],[11.20162,64.62027]],[[11.20627,64.63562],[11.2023,64.63661],[11.20052,64.63673],[11.19553,64.63622],[11.1925,64.63693]],[[11.18649,64.61868],[11.18718,64.61827],[11.18554,64.61802],[11.1804,64.61839],[11.17263,64.61834],[11.1682,64.61897],[11.16557,64.62012],[11.17891,64.62025],[11.18415,64.6195],[11.18649,64.61868]],[[11.14481,64.62331],[11.14297,64.62279],[11.14439,64.62188],[11.14927,64.62233],[11.15346,64.6222],[11.15612,64.62058],[11.15567,64.62014],[11.15665,64.61921],[11.16347,64.61818],[11.16259,64.61751],[11.15751,64.61706]],[[11.0457,64.62549],[11.04783,64.62405],[11.04358,64.62469]],[[11.0326,64.60166],[11.0323,64.60375],[11.03452,64.60478],[11.03126,64.60732],[11.03083,64.60906],[11.03729,64.61448],[11.03588,64.61577],[11.03605,64.6166],[11.03476,64.6169],[11.03374,64.61647],[11.03202,64.61661],[11.02875,64.6184],[11.02955,64.62058],[11.02867,64.622],[11.03139,64.62403],[11.03329,64.62408],[11.03156,64.62478],[11.03132,64.62557],[11.03498,64.6256],[11.03789,64.62482],[11.03923,64.62526],[11.04084,64.62523],[11.04358,64.62469]],[[11.06088,64.63485],[11.06051,64.63554],[11.05872,64.63617],[11.05578,64.63589],[11.05165,64.63646],[11.05079,64.636],[11.04353,64.63693],[11.04072,64.63681],[11.04081,64.63601],[11.04184,64.63556],[11.05122,64.63486],[11.04183,64.6338],[11.04111,64.6333],[11.0379,64.63406],[11.03607,64.63367],[11.03685,64.63303],[11.0408,64.63237],[11.03736,64.6319],[11.0364,64.63085],[11.03641,64.62951],[11.04038,64.6279],[11.04454,64.62817],[11.04448,64.62759],[11.04273,64.62702],[11.0457,64.62549]],[[11.12674,64.64226],[11.12944,64.64163],[11.1306,64.64094],[11.12828,64.64079],[11.12808,64.6392],[11.1339,64.63877],[11.13406,64.63728],[11.13801,64.63566],[11.1393,64.63398],[11.14196,64.63245],[11.1413,64.63215],[11.13558,64.63223],[11.13528,64.63175],[11.13818,64.63122],[11.1436,64.63117],[11.14871,64.6278],[11.15606,64.62538],[11.15543,64.62439],[11.15276,64.62459],[11.1509,64.62428],[11.14991,64.6236],[11.14481,64.62331]],[[11.05653,64.64455],[11.05552,64.64402],[11.0499,64.6442],[11.04922,64.64491],[11.04995,64.64521],[11.04975,64.64589],[11.05464,64.64562],[11.05611,64.6452],[11.05653,64.64455]],[[11.07067,64.64761],[11.07164,64.6471],[11.07117,64.64637],[11.06527,64.64583],[11.06353,64.64286],[11.06481,64.64243],[11.07121,64.64203],[11.0739,64.64146],[11.06882,64.64125],[11.06889,64.6409],[11.07239,64.6407],[11.07239,64.64028],[11.07019,64.64018],[11.07248,64.6394],[11.06704,64.63978],[11.06502,64.63942],[11.06403,64.63865],[11.06398,64.63708],[11.06561,64.63662],[11.06909,64.63646],[11.06977,64.63595],[11.07477,64.63479],[11.07415,64.63458],[11.06681,64.63542],[11.06369,64.63543],[11.0622,64.6349]],[[11.10979,64.64865],[11.109,64.64786],[11.10636,64.64755],[11.106,64.64636],[11.10722,64.64554],[11.10861,64.64511],[11.11884,64.64549],[11.12078,64.64478],[11.11949,64.64429],[11.11976,64.64361],[11.12674,64.64226]],[[11.1751,64.65035],[11.17288,64.64971],[11.17341,64.64917],[11.17285,64.64855],[11.16945,64.64911],[11.16603,64.64887],[11.16537,64.64826],[11.16671,64.64739],[11.16545,64.6463],[11.17353,64.64365],[11.18386,64.64142],[11.18028,64.64039],[11.17187,64.64117],[11.17116,64.64049],[11.17237,64.63962],[11.16569,64.6399],[11.16702,64.63908],[11.16588,64.63839],[11.16743,64.63756],[11.16995,64.63794],[11.17201,64.63571],[11.17693,64.63435],[11.17931,64.63424],[11.17975,64.63489],[11.18192,64.63543],[11.18629,64.63513],[11.18667,64.63605],[11.18499,64.63584],[11.18384,64.63652]],[[11.18269,64.65055],[11.17885,64.64988],[11.17624,64.65038]],[[11.18269,64.65055],[11.18251,64.65151],[11.17931,64.65145],[11.17902,64.65172],[11.18528,64.65265]],[[11.18528,64.65265],[11.18736,64.65271],[11.18786,64.6522],[11.19067,64.65153],[11.19669,64.65106],[11.19876,64.65229]],[[11.07067,64.64761],[11.07008,64.64915],[11.08162,64.64917],[11.08025,64.6498],[11.07409,64.65102],[11.07429,64.65126],[11.07946,64.65128],[11.07613,64.65178],[11.07626,64.65213],[11.0856,64.65172],[11.08814,64.65124],[11.08933,64.65165],[11.0897,64.65253],[11.09117,64.65284],[11.09837,64.653],[11.11181,64.65068],[11.10787,64.65015]],[[11.185,64.66269],[11.1908,64.6622],[11.19275,64.6632]],[[11.19876,64.65229],[11.19978,64.65381],[11.19912,64.65507],[11.20205,64.65578],[11.20165,64.65644],[11.19652,64.65619],[11.19161,64.65686],[11.18648,64.65692],[11.18271,64.6576],[11.18203,64.65724],[11.18333,64.65674],[11.18227,64.65631],[11.17766,64.65658],[11.17384,64.65575],[11.17275,64.65606],[11.1746,64.65808],[11.17388,64.65859],[11.17186,64.6581],[11.17041,64.65843],[11.16622,64.65769],[11.16501,64.65804],[11.16121,64.65815],[11.15947,64.65781],[11.15793,64.65815],[11.15858,64.65846],[11.15983,64.65829],[11.15992,64.6586],[11.15561,64.65923],[11.15536,64.66011],[11.15632,64.66052],[11.16063,64.66054],[11.16233,64.6614],[11.1665,64.66141],[11.17106,64.66249],[11.17525,64.66215],[11.17598,64.66237],[11.17577,64.66307],[11.17764,64.66363],[11.18074,64.66366],[11.185,64.66269]],[[11.19275,64.6632],[11.19481,64.66632],[11.19746,64.6673],[11.19979,64.66763]],[[11.19126,64.67189],[11.18988,64.67151],[11.18671,64.67199],[11.19073,64.67336],[11.19126,64.67189]],[[11.05845,64.67034],[11.05726,64.66996],[11.05636,64.67085],[11.05705,64.67185],[11.05839,64.67215],[11.05845,64.67034]],[[11.16843,64.67406],[11.16517,64.67393],[11.16444,64.67428],[11.171,64.67534],[11.17233,64.67504],[11.17222,64.67467],[11.16843,64.67406]],[[11.17829,64.67554],[11.17513,64.67528],[11.17397,64.67582],[11.1788,64.67711],[11.17829,64.67554]],[[11.19562,64.66878],[11.18547,64.66682],[11.18432,64.66696],[11.18477,64.66781],[11.18354,64.66844],[11.18084,64.66743],[11.18092,64.66659],[11.17957,64.66663],[11.17981,64.66717],[11.1787,64.66722],[11.17731,64.66659],[11.17581,64.66671],[11.17292,64.66564],[11.16996,64.66516],[11.16799,64.66582],[11.16766,64.66669],[11.1649,64.6672],[11.16378,64.66816],[11.16765,64.66909],[11.16825,64.66977],[11.1701,64.67022],[11.17139,64.67008],[11.17292,64.66909],[11.17611,64.66864],[11.18769,64.67125],[11.1889,64.67012],[11.19081,64.66966],[11.19299,64.67041],[11.1937,64.67162],[11.19949,64.67301],[11.19745,64.67385],[11.1985,64.67542],[11.20288,64.67735]],[[11.06922,64.68696],[11.07055,64.68686],[11.06893,64.68606],[11.06791,64.68672],[11.06394,64.68617],[11.06325,64.68723],[11.06432,64.68783],[11.06848,64.68812],[11.07022,64.68778],[11.06922,64.68696]],[[11.08315,64.6909],[11.08438,64.69042],[11.08354,64.68985],[11.08015,64.68976],[11.07964,64.68931],[11.08099,64.68861],[11.07946,64.68824],[11.07467,64.68829],[11.07299,64.68786],[11.07157,64.68807],[11.0714,64.68886],[11.07338,64.68939],[11.07413,64.69046],[11.08315,64.6909]],[[11.20288,64.67735],[11.2066,64.67729],[11.20962,64.67851],[11.211,64.6796],[11.22599,64.68202]],[[11.38708,64.67896],[11.38802,64.68383],[11.3894,64.6848],[11.39446,64.68635],[11.3979,64.68556],[11.39753,64.68443],[11.39624,64.68375],[11.39639,64.68202],[11.39401,64.67999],[11.39581,64.6783],[11.40015,64.67785],[11.40419,64.67849],[11.40816,64.67939],[11.40867,64.68024],[11.41065,64.68111]],[[11.22599,64.68202],[11.23357,64.68255]],[[11.3551,64.65564],[11.35504,64.65535]],[[11.47413,63.99989],[11.48017,64.00144]],[[11.48017,64.00144],[11.4935,64.00451],[11.49697,64.00592],[11.49879,64.0059]],[[11.49903,64.00623],[11.49569,64.00654]],[[11.49569,64.00654],[11.49344,64.00621],[11.49136,64.00634],[11.49009,64.00704],[11.48698,64.00674],[11.48639,64.00702],[11.48788,64.00755],[11.48464,64.01109]],[[11.44906,64.01381],[11.4501,64.01222],[11.45212,64.01279],[11.45373,64.01281],[11.45809,64.01203],[11.46194,64.01066],[11.46492,64.01062],[11.46746,64.0114],[11.46349,64.01383],[11.4632,64.01468],[11.46344,64.0151],[11.46588,64.01575]],[[11.48037,64.01232],[11.47432,64.01432],[11.47222,64.01429],[11.46676,64.01587],[11.46588,64.01575]],[[11.44906,64.01381],[11.44786,64.01506],[11.44519,64.01543],[11.43788,64.01426],[11.43225,64.01418],[11.43443,64.01547],[11.43744,64.01603],[11.43907,64.017],[11.44565,64.0192]],[[11.44508,64.02129],[11.44565,64.0192]],[[11.36331,64.01969],[11.36135,64.01785],[11.35871,64.01797],[11.35682,64.01858],[11.3521,64.01723],[11.34554,64.01688],[11.34153,64.01583],[11.33994,64.01639],[11.3431,64.01797],[11.35153,64.01995],[11.35339,64.0201],[11.35635,64.01948],[11.35959,64.01978],[11.36175,64.02041],[11.36349,64.02012],[11.36331,64.01969]],[[11.41665,64.02553],[11.41745,64.02558]],[[11.35203,64.02588],[11.34927,64.02511],[11.34662,64.02532],[11.34603,64.02573]],[[11.35772,64.02602],[11.35457,64.02559],[11.35371,64.02592]],[[11.34372,64.03885],[11.34462,64.03836],[11.34366,64.03714],[11.34094,64.036],[11.34188,64.03553],[11.34511,64.03591],[11.35908,64.03969],[11.36225,64.0398],[11.36329,64.03916]],[[11.31691,64.03902],[11.31782,64.03845]],[[11.37399,64.02643],[11.37416,64.02586],[11.37685,64.02599],[11.37769,64.0256],[11.37622,64.02358],[11.36528,64.02047],[11.36554,64.02012],[11.36784,64.01981],[11.36994,64.02047],[11.37097,64.02036],[11.37317,64.01799],[11.37435,64.0177],[11.38349,64.01888],[11.39704,64.02131],[11.40285,64.02556],[11.40675,64.02557],[11.41209,64.02466],[11.41665,64.02553]],[[11.41745,64.02558],[11.42149,64.02543],[11.43004,64.02782]],[[11.43365,64.02791],[11.43526,64.02665],[11.43878,64.02601],[11.44092,64.02501],[11.44508,64.02129]],[[11.35203,64.02588],[11.35371,64.02592]],[[11.43004,64.02782],[11.43234,64.0283],[11.43365,64.02791]],[[11.34603,64.02573],[11.34759,64.0265],[11.35442,64.02833],[11.36147,64.02932],[11.36417,64.02919],[11.36221,64.02722],[11.35772,64.02602]],[[11.31322,64.03908],[11.3072,64.03689],[11.30435,64.0375]],[[11.37399,64.02643],[11.37488,64.02733],[11.37257,64.02741],[11.37071,64.02829],[11.37372,64.02961],[11.37123,64.03092]],[[11.36889,64.03182],[11.36618,64.03166],[11.36577,64.03296],[11.37195,64.03494]],[[11.30167,64.03325],[11.3,64.03231],[11.29511,64.03109],[11.29359,64.0311],[11.29214,64.03229],[11.29338,64.03318],[11.29642,64.0331],[11.30025,64.03389],[11.30167,64.03325]],[[11.314,64.03317],[11.31272,64.03426],[11.31366,64.03571]],[[11.37195,64.03494],[11.37352,64.03586],[11.3732,64.03646],[11.36866,64.03685],[11.36698,64.03755],[11.36514,64.03731],[11.3614,64.03577],[11.35801,64.03526],[11.35829,64.03597],[11.36489,64.03777],[11.36418,64.03842],[11.3615,64.03831],[11.36329,64.03916]],[[11.30435,64.0375],[11.3033,64.0375],[11.30291,64.03677],[11.30085,64.03608],[11.29711,64.03609],[11.29154,64.03534]],[[11.314,64.03317],[11.31984,64.03227],[11.3239,64.03255],[11.32928,64.0354],[11.33305,64.03557],[11.33417,64.0363],[11.33517,64.03561],[11.33741,64.03576],[11.33806,64.03636],[11.3359,64.03664],[11.33663,64.03736],[11.33885,64.03824],[11.34279,64.03905]],[[11.31782,64.03845],[11.31366,64.03571]],[[11.38612,64.65567],[11.38316,64.65845],[11.38048,64.66601],[11.38099,64.66785],[11.3798,64.66955],[11.38146,64.67102],[11.38159,64.67231]],[[11.28464,64.07941],[11.29806,64.0829],[11.30701,64.08592]],[[11.30701,64.08592],[11.31516,64.08839],[11.32479,64.08942]],[[11.28402,64.08401],[11.28662,64.08498],[11.30304,64.08799],[11.30658,64.08919]],[[11.30879,64.08995],[11.30658,64.08919]],[[11.32833,64.09063],[11.32734,64.08987],[11.32514,64.08992],[11.32479,64.08942]],[[11.33046,64.09711],[11.33015,64.09642],[11.32636,64.09455],[11.32072,64.0928]],[[11.3052,64.09957],[11.3038,64.09962],[11.30334,64.10035]],[[11.3052,64.09957],[11.32604,64.10211],[11.32757,64.10171],[11.32865,64.10033],[11.33118,64.09985],[11.33145,64.09888],[11.33046,64.09711]],[[11.38602,64.10469],[11.38429,64.10455]],[[11.32833,64.09063],[11.33877,64.09531],[11.34863,64.09911],[11.35112,64.09943],[11.356,64.09932],[11.35908,64.09829],[11.36149,64.09857],[11.36316,64.09757],[11.36686,64.09887],[11.37134,64.09982],[11.37149,64.10022],[11.3702,64.10052],[11.37053,64.10116],[11.37316,64.10254],[11.38075,64.10459],[11.38429,64.10455]],[[11.30876,64.10409],[11.30492,64.10169]],[[11.38602,64.10469],[11.38774,64.10573],[11.38767,64.10649]],[[11.38767,64.10649],[11.38337,64.10811],[11.38262,64.10932],[11.38464,64.10966]],[[11.38584,64.11019],[11.38521,64.11105],[11.38379,64.11109]],[[11.3618,64.1124],[11.36236,64.10989],[11.36469,64.1086],[11.36848,64.10978],[11.3717,64.10985],[11.37755,64.11127],[11.38379,64.11109]],[[11.32562,64.1121],[11.32795,64.11218],[11.33315,64.11108],[11.34011,64.11114],[11.34217,64.11025],[11.3432,64.11131],[11.34512,64.11201],[11.35077,64.11313],[11.35954,64.11335],[11.3618,64.1124]],[[11.30603,64.11258],[11.3054,64.11143],[11.31373,64.10848],[11.32025,64.10812],[11.31632,64.10647],[11.31213,64.10597],[11.30876,64.10409]],[[11.30603,64.11258],[11.30857,64.11408],[11.3101,64.11275],[11.31245,64.11319],[11.31387,64.11392],[11.31271,64.11474]],[[11.32026,64.11493],[11.32002,64.1143],[11.318,64.11337],[11.318,64.11224],[11.32045,64.11182],[11.32562,64.1121]],[[11.31271,64.11474],[11.31415,64.1155],[11.31499,64.11713],[11.31738,64.11787],[11.3189,64.11903],[11.31892,64.11741],[11.31644,64.11633],[11.32026,64.11493]],[[11.20424,64.66766],[11.20902,64.66753],[11.21077,64.66805],[11.21138,64.66913],[11.206,64.66957],[11.20598,64.67033],[11.2038,64.67078]],[[11.25976,64.33803],[11.25022,64.33471]],[[11.3995,64.3778],[11.39812,64.3785],[11.39709,64.38149],[11.39846,64.3811],[11.39977,64.37939],[11.3995,64.3778]],[[11.25976,64.33803],[11.26336,64.33941],[11.26186,64.34071],[11.26207,64.34244],[11.26053,64.34337],[11.2568,64.34439],[11.25687,64.34576],[11.26084,64.3475],[11.26405,64.3479],[11.26373,64.3497],[11.2647,64.35051],[11.27114,64.35339]],[[11.27092,64.35504],[11.27016,64.3556],[11.27075,64.35626]],[[11.37328,64.36503],[11.37251,64.36495]],[[11.24842,64.3479],[11.25059,64.34966],[11.25017,64.3511],[11.25378,64.35147],[11.25609,64.35377],[11.2599,64.35521],[11.25911,64.35636],[11.25359,64.35669],[11.2478,64.35951],[11.24737,64.36193],[11.25164,64.36131],[11.25249,64.36156]],[[11.37328,64.36503],[11.37893,64.36651],[11.38396,64.36547],[11.38702,64.36584]],[[11.25456,64.36175],[11.25784,64.36045],[11.26163,64.35996],[11.26384,64.36055],[11.26677,64.36335],[11.26959,64.36482]],[[11.40123,64.36883],[11.39702,64.36792],[11.39506,64.36649],[11.38899,64.3658]],[[11.40123,64.36883],[11.40587,64.36829],[11.40711,64.36907]],[[11.36702,64.37093],[11.36599,64.36917],[11.36382,64.3672],[11.36265,64.36723],[11.36271,64.36663],[11.37251,64.36495]],[[11.31835,64.36769],[11.31561,64.36843],[11.31572,64.37004],[11.31385,64.36986],[11.30849,64.36802],[11.30328,64.36482],[11.29514,64.36432],[11.28377,64.35739],[11.27548,64.35653],[11.2732,64.35713],[11.27075,64.35626]],[[11.39369,64.37452],[11.39677,64.37437],[11.39735,64.3735],[11.39794,64.37172],[11.39584,64.37041],[11.39447,64.37127],[11.39554,64.37374],[11.3928,64.3729],[11.38971,64.37316],[11.38859,64.37416],[11.39097,64.37496],[11.39369,64.37452]],[[11.36702,64.37093],[11.36812,64.37254],[11.37199,64.37474]],[[11.40389,64.38402],[11.40533,64.38319],[11.4032,64.38304],[11.40373,64.3821],[11.40571,64.38005],[11.40682,64.37989],[11.40794,64.38028],[11.40875,64.37805],[11.40763,64.37704],[11.4026,64.37523],[11.40212,64.37381],[11.40322,64.37264],[11.40496,64.37313],[11.40761,64.3728],[11.40819,64.37169],[11.40711,64.36907]],[[11.30116,64.38401],[11.2947,64.38032],[11.28886,64.37848],[11.28241,64.37721],[11.28013,64.37591],[11.27595,64.37145],[11.27325,64.36723],[11.26959,64.36482]],[[11.38913,64.3862],[11.39735,64.38352],[11.39862,64.38231],[11.39676,64.38175],[11.39459,64.38189],[11.39306,64.38002],[11.38838,64.38054],[11.38777,64.37785],[11.38597,64.37789],[11.38523,64.37904],[11.37855,64.37954],[11.37744,64.37903],[11.37784,64.37815],[11.37702,64.37718],[11.37199,64.37474]],[[11.39278,64.38629],[11.39932,64.38386],[11.40389,64.38402]],[[11.39879,64.38755],[11.39905,64.38717]],[[11.39278,64.38629],[11.39208,64.38709],[11.39387,64.38761],[11.39737,64.38692]],[[11.34474,64.4114],[11.34418,64.41134],[11.34217,64.4127],[11.3424,64.41335],[11.34535,64.41405],[11.34673,64.41292],[11.34474,64.4114]],[[11.36896,64.39773],[11.37464,64.39842],[11.37599,64.39933],[11.3768,64.39915],[11.37725,64.39821],[11.38122,64.39549],[11.37972,64.39419],[11.37348,64.39098],[11.3729,64.3898],[11.37507,64.38882],[11.37719,64.38931],[11.38135,64.38879],[11.38426,64.38929],[11.38599,64.38825],[11.38566,64.38739],[11.38913,64.3862]],[[11.33587,64.38488],[11.33443,64.38705],[11.33686,64.38895],[11.33924,64.38989],[11.33915,64.3908],[11.33734,64.39175],[11.33299,64.39116],[11.33086,64.39213],[11.34718,64.39402],[11.35522,64.3935],[11.35754,64.39682],[11.35703,64.398],[11.35503,64.39881],[11.35753,64.39964],[11.35958,64.39944],[11.36148,64.39783],[11.36481,64.39744],[11.36896,64.39773]],[[11.39879,64.38755],[11.39047,64.38951],[11.38952,64.3905],[11.39088,64.39262],[11.38837,64.39385],[11.38776,64.39626],[11.38614,64.3965],[11.3843,64.3974],[11.3807,64.40071],[11.38083,64.4012],[11.38571,64.40026],[11.39034,64.3982],[11.39022,64.39885]],[[11.36096,64.40715],[11.36205,64.40534],[11.36472,64.40399],[11.36773,64.40322],[11.36754,64.40229],[11.36565,64.4024],[11.36475,64.40198],[11.3646,64.40154],[11.36617,64.4007],[11.36284,64.40138],[11.36186,64.40279],[11.36047,64.40322],[11.35148,64.40225],[11.35037,64.40156],[11.34997,64.40009],[11.35037,64.39966],[11.35244,64.39957],[11.35284,64.39902],[11.35092,64.39758],[11.34695,64.39661],[11.3442,64.39746],[11.34413,64.3986],[11.34516,64.39975],[11.34438,64.40036],[11.33709,64.39915],[11.33727,64.3995],[11.34611,64.40173],[11.34712,64.4025],[11.34833,64.40545],[11.35001,64.40575],[11.35204,64.40521],[11.35362,64.40556],[11.35339,64.40791],[11.35499,64.40793],[11.35555,64.40667],[11.35666,64.4064],[11.3589,64.4067],[11.35832,64.40761],[11.35914,64.40833],[11.36006,64.40823],[11.36096,64.40715]],[[11.36733,64.41],[11.36764,64.40898],[11.36928,64.40807],[11.3759,64.40532],[11.37872,64.40507],[11.38005,64.40629],[11.38367,64.40594],[11.38518,64.40533],[11.38657,64.40435],[11.3859,64.4029],[11.39022,64.39885]],[[11.36733,64.41],[11.36728,64.41043]],[[11.36724,64.4107],[11.36728,64.41043]],[[11.36308,64.41105],[11.361,64.41042],[11.35898,64.41051],[11.35767,64.41131],[11.36069,64.41203],[11.36308,64.41105]],[[11.3568,64.41219],[11.35606,64.41217],[11.35299,64.41383],[11.35469,64.41397],[11.35566,64.41363],[11.3568,64.41219]],[[11.3519,64.41453],[11.35065,64.41429],[11.34738,64.41552],[11.3466,64.41664],[11.35075,64.41572],[11.3519,64.41453]],[[11.36724,64.4107],[11.36615,64.41215],[11.36228,64.41398],[11.35795,64.41518],[11.3525,64.4185],[11.35433,64.41931],[11.35972,64.41917],[11.3631,64.41997],[11.36559,64.42317]],[[11.33694,64.42983],[11.33671,64.42785],[11.33597,64.42731],[11.33175,64.42755],[11.33212,64.42697],[11.33441,64.42638],[11.33676,64.42349],[11.33486,64.4211],[11.33083,64.41968],[11.33102,64.41914],[11.32794,64.41679],[11.32688,64.41415],[11.32853,64.41082],[11.32179,64.40524],[11.32115,64.40272],[11.31751,64.40043],[11.31825,64.39709],[11.31542,64.39131],[11.31089,64.38772],[11.30708,64.38703],[11.30116,64.38401]],[[11.38334,64.43098],[11.38365,64.4301],[11.38605,64.42952],[11.38443,64.4282],[11.38491,64.42682],[11.3811,64.42863],[11.37938,64.42744],[11.38008,64.4262],[11.37558,64.42555],[11.37336,64.42425],[11.37074,64.42355],[11.36975,64.42354],[11.36837,64.42445],[11.36708,64.42432],[11.36559,64.42317]],[[11.37396,64.43075],[11.37557,64.43213],[11.37632,64.43187],[11.37657,64.43082]],[[11.41272,64.43474],[11.41344,64.43484]],[[11.41344,64.43484],[11.41603,64.43612],[11.41802,64.4361],[11.41949,64.43319],[11.42224,64.43513],[11.42637,64.43497],[11.42665,64.43567],[11.42438,64.43748],[11.4247,64.43867],[11.4303,64.44007],[11.4322,64.44135],[11.43601,64.43922],[11.43741,64.43732],[11.44026,64.43638],[11.44071,64.43366],[11.44201,64.43317],[11.44748,64.43297],[11.44872,64.4341],[11.45341,64.43502],[11.45465,64.43606],[11.45745,64.43542],[11.46029,64.43578],[11.46164,64.43487],[11.46278,64.435],[11.4642,64.43595],[11.46266,64.4384],[11.46437,64.43945],[11.46564,64.43956],[11.46747,64.43904]],[[11.45719,64.43884],[11.45574,64.43891],[11.45519,64.43988],[11.45734,64.4423],[11.459,64.4427],[11.4603,64.44234],[11.46161,64.44051],[11.46065,64.43974],[11.45719,64.43884]],[[11.38334,64.43098],[11.3835,64.43192],[11.3806,64.43221],[11.37856,64.43317],[11.37825,64.43447],[11.37986,64.43517],[11.38165,64.43495],[11.38234,64.43644],[11.38442,64.43779],[11.38637,64.43838],[11.38592,64.4379],[11.38732,64.43722],[11.39114,64.43707],[11.39484,64.43621],[11.39429,64.43711],[11.3913,64.4386],[11.39171,64.43976],[11.39401,64.44008],[11.39628,64.44108],[11.3961,64.44173],[11.39702,64.44215],[11.40284,64.44315],[11.40404,64.44479],[11.40257,64.44578],[11.40275,64.44666],[11.40448,64.44731],[11.40602,64.44717],[11.41192,64.4437],[11.41037,64.43608],[11.41087,64.43535],[11.41272,64.43474]],[[11.46747,64.43904],[11.47119,64.43889],[11.47604,64.43923],[11.48375,64.43637],[11.48628,64.43605],[11.48651,64.43666],[11.48119,64.43851],[11.48187,64.43888],[11.48424,64.43826],[11.48568,64.43892],[11.48295,64.44066],[11.48247,64.4422],[11.48117,64.44274],[11.48164,64.44337],[11.483,64.44365],[11.486,64.44336],[11.48741,64.44516],[11.49019,64.44461],[11.49025,64.44385],[11.49122,64.44338],[11.49575,64.4422],[11.49704,64.44229],[11.49762,64.44267],[11.49676,64.44378],[11.4976,64.44612],[11.49668,64.44728],[11.49777,64.44839],[11.50039,64.44792],[11.50624,64.44491],[11.50793,64.4466],[11.50828,64.44811],[11.51081,64.44953],[11.51607,64.44828],[11.51848,64.44936],[11.51969,64.44895],[11.51866,64.44766],[11.52059,64.44745],[11.52302,64.44887],[11.52102,64.45244],[11.52304,64.45357]],[[11.39989,64.44757],[11.39749,64.44697],[11.39522,64.44765],[11.39332,64.44981],[11.39468,64.45079],[11.39659,64.45022],[11.40015,64.44818],[11.39989,64.44757]],[[11.52304,64.45357],[11.52239,64.45375],[11.51469,64.45262],[11.51362,64.45386],[11.51147,64.45426],[11.51262,64.45463],[11.51101,64.45621]],[[11.23394,64.4536],[11.23544,64.4531],[11.23829,64.45299],[11.24169,64.452],[11.2459,64.45009],[11.24862,64.44958],[11.24921,64.45048],[11.25154,64.45075],[11.25371,64.45052],[11.25776,64.45175]],[[11.38969,64.46028],[11.39122,64.4607],[11.39318,64.4594],[11.39271,64.45759],[11.39044,64.45691],[11.38573,64.45877],[11.38596,64.46029],[11.38695,64.46072],[11.38969,64.46028]],[[11.46524,64.45631],[11.46797,64.45789],[11.47534,64.46051],[11.47859,64.46305]],[[11.50447,64.4596],[11.50338,64.4595],[11.504,64.45996],[11.50105,64.46051],[11.5002,64.4623],[11.5009,64.46334],[11.49729,64.46361]],[[11.32333,64.44513],[11.31796,64.44541],[11.31283,64.4443],[11.31073,64.44464],[11.30581,64.4467],[11.30546,64.44836],[11.30311,64.44947],[11.3028,64.45015],[11.30008,64.4517],[11.30006,64.45231],[11.3041,64.45429],[11.30869,64.45543],[11.31228,64.45564],[11.31494,64.45695],[11.31703,64.45656],[11.31778,64.45488],[11.31992,64.45386],[11.32317,64.45534],[11.32388,64.45687],[11.32504,64.45727],[11.32586,64.45836],[11.32907,64.45782],[11.33021,64.45795],[11.33035,64.45913],[11.32748,64.45984],[11.32742,64.46046],[11.33164,64.46083],[11.33201,64.46192],[11.3369,64.46232],[11.34289,64.46041],[11.34317,64.45974],[11.34062,64.45821],[11.33704,64.45835],[11.33609,64.45778],[11.33638,64.45728],[11.34097,64.45588],[11.34014,64.45489],[11.33729,64.45339],[11.33724,64.45147],[11.3451,64.45049],[11.34658,64.44983],[11.34552,64.44721],[11.34396,64.44565],[11.34394,64.44371],[11.34201,64.44066],[11.3408,64.44018],[11.33703,64.4403],[11.32673,64.44197],[11.32206,64.44357],[11.32247,64.44391],[11.32394,64.44398],[11.32402,64.44436]],[[11.49729,64.46361],[11.49372,64.46351],[11.49169,64.46437],[11.49066,64.46541],[11.49119,64.4664]],[[11.42896,64.68517],[11.43154,64.68716],[11.43077,64.68776],[11.43493,64.68886]],[[11.47859,64.46305],[11.48255,64.46533],[11.4824,64.46836],[11.48495,64.46838],[11.48556,64.46795],[11.4888,64.46776],[11.49119,64.4664]],[[11.36906,64.46152],[11.36623,64.46134],[11.36435,64.46183],[11.3634,64.46261],[11.36421,64.46413],[11.36707,64.46525],[11.36809,64.46629],[11.37506,64.46356],[11.37064,64.46261],[11.36906,64.46152]],[[11.43336,64.46795],[11.43127,64.46759],[11.43104,64.46864],[11.43205,64.46932],[11.43324,64.46906],[11.4339,64.4683],[11.43336,64.46795]],[[11.35931,64.47042],[11.36177,64.46902],[11.35962,64.46815]],[[11.23357,64.68255],[11.24878,64.68447],[11.25271,64.68462],[11.25848,64.68421]],[[11.35962,64.46815],[11.35805,64.46736],[11.3564,64.46704],[11.35384,64.46718],[11.34976,64.46599],[11.34618,64.46652],[11.3448,64.46727],[11.34523,64.46816],[11.34716,64.4687],[11.34989,64.47037],[11.35195,64.47039],[11.35464,64.47126],[11.35931,64.47042]],[[11.23325,64.4586],[11.24195,64.45907],[11.25631,64.46232]],[[11.2844,64.47344],[11.28523,64.47279],[11.28458,64.47246],[11.28196,64.47245],[11.27605,64.47108],[11.26967,64.47106],[11.26879,64.47078],[11.26733,64.4692],[11.26808,64.46893],[11.27195,64.46898],[11.27317,64.46859],[11.27218,64.46788],[11.27005,64.46773],[11.26991,64.46712],[11.27112,64.46636],[11.26732,64.46577],[11.26492,64.46701],[11.26317,64.467],[11.25919,64.46326],[11.25631,64.46232]],[[11.41626,64.47671],[11.41561,64.47441],[11.41272,64.47304],[11.41006,64.47246],[11.40505,64.47278],[11.40191,64.47211],[11.39678,64.47337],[11.3948,64.47424],[11.39503,64.47517],[11.39667,64.47537],[11.39755,64.47625]],[[11.43086,64.47707],[11.42737,64.47573],[11.4275,64.47491],[11.43242,64.47452],[11.43552,64.47238],[11.43833,64.4717],[11.4399,64.47016],[11.44275,64.47059],[11.44519,64.47027],[11.4464,64.46919],[11.44207,64.46648],[11.44113,64.46503],[11.43982,64.46436],[11.43942,64.46279],[11.43783,64.46172],[11.43816,64.46079],[11.44008,64.45957],[11.44019,64.45862],[11.43927,64.45779],[11.43767,64.45752],[11.44057,64.45485],[11.44536,64.45317],[11.44633,64.45347],[11.44449,64.45464],[11.44608,64.45517],[11.44868,64.45448],[11.45057,64.45303],[11.45331,64.45289],[11.45798,64.45338],[11.46057,64.45452],[11.4627,64.45477],[11.46524,64.45631]],[[11.38505,64.47712],[11.38274,64.47784],[11.38242,64.47872],[11.38561,64.48145],[11.38814,64.4819],[11.39017,64.48121],[11.38987,64.47932],[11.38798,64.47782],[11.38505,64.47712]],[[11.46009,64.48538],[11.46145,64.48565]],[[11.43086,64.47707],[11.42926,64.47869],[11.42951,64.47922],[11.43244,64.47986],[11.43674,64.47925],[11.4378,64.47997],[11.43784,64.48078],[11.43701,64.4812],[11.4379,64.48166],[11.44302,64.48206],[11.44187,64.4827],[11.43852,64.48316],[11.44094,64.4852],[11.44427,64.48646],[11.44847,64.48637],[11.45451,64.48384],[11.46009,64.48538]],[[11.46136,64.48629],[11.46121,64.48748]],[[11.46112,64.48817],[11.46121,64.48748]],[[11.46112,64.48817],[11.45902,64.48874]],[[11.47857,64.52314],[11.47507,64.52508],[11.47522,64.5256],[11.47886,64.52522],[11.4829,64.52324]],[[11.35751,64.48398],[11.36481,64.48376],[11.36791,64.48334],[11.37054,64.48424],[11.37062,64.48472],[11.37498,64.48549],[11.37691,64.4849],[11.37816,64.48499],[11.38174,64.48693],[11.39136,64.48774],[11.39507,64.48562],[11.39653,64.48575],[11.39724,64.4849],[11.39496,64.48182],[11.39464,64.4802],[11.39577,64.47884],[11.39535,64.47808],[11.39755,64.47625]],[[11.25273,64.48846],[11.26754,64.48893],[11.27205,64.4864],[11.27386,64.48609],[11.27635,64.48367],[11.27668,64.48261],[11.27355,64.48015],[11.27221,64.47933],[11.26483,64.47751],[11.2608,64.47452],[11.26164,64.47394],[11.26504,64.47426],[11.26688,64.47559],[11.26908,64.47629],[11.27045,64.47602],[11.27167,64.47625],[11.27464,64.47743],[11.27655,64.47724],[11.2769,64.47665],[11.27438,64.47586],[11.27199,64.47581],[11.27117,64.4743],[11.27489,64.47452],[11.27541,64.47405],[11.27809,64.47494],[11.27949,64.47491],[11.28272,64.47447],[11.2844,64.47344]],[[11.23088,64.49048],[11.23285,64.49027],[11.23665,64.49138],[11.23826,64.49156],[11.23902,64.49131],[11.23818,64.489],[11.23516,64.48599],[11.23587,64.48336],[11.23949,64.48392],[11.2398,64.48477],[11.23816,64.48625],[11.23827,64.48715],[11.2406,64.48822],[11.2413,64.48978],[11.24293,64.49085],[11.2459,64.4912],[11.25011,64.49048],[11.2511,64.4899],[11.25117,64.48901],[11.25273,64.48846]],[[11.22874,64.49139],[11.23088,64.49048]],[[11.45902,64.48874],[11.45372,64.48901],[11.44904,64.48847],[11.44493,64.49027],[11.43994,64.4907],[11.44022,64.49196],[11.4439,64.49275],[11.44571,64.49491],[11.44112,64.49557],[11.43729,64.49736],[11.43923,64.49806],[11.44158,64.49819],[11.44342,64.49902],[11.44248,64.50043],[11.44616,64.50255],[11.44384,64.50316],[11.4437,64.50428],[11.44599,64.50586],[11.44574,64.50714],[11.44681,64.50811],[11.45263,64.51115],[11.45788,64.51321]],[[11.47089,64.51668],[11.47147,64.51573],[11.47294,64.51525],[11.47387,64.51634]],[[11.53835,64.52456],[11.53879,64.52304],[11.53523,64.52119],[11.53806,64.51888],[11.53762,64.51805],[11.53197,64.51714],[11.52316,64.51764],[11.51909,64.51592],[11.51817,64.51489],[11.5146,64.51393],[11.50984,64.51392],[11.50581,64.51477],[11.50409,64.51614],[11.5011,64.51737],[11.49875,64.5175],[11.49568,64.51686],[11.49242,64.51675],[11.49016,64.5181],[11.48714,64.51864],[11.48515,64.51822],[11.48296,64.51616],[11.48182,64.5163],[11.48034,64.51724],[11.47815,64.5175],[11.47423,64.51679],[11.47387,64.51634]],[[11.49526,64.52354],[11.49632,64.52356]],[[11.29001,64.51252],[11.29596,64.51281],[11.29642,64.51191],[11.2958,64.51111],[11.29,64.51061],[11.28823,64.51001],[11.28911,64.50832],[11.28778,64.50623],[11.28509,64.50635],[11.28232,64.50559],[11.28369,64.50403],[11.28566,64.50328],[11.28673,64.50174],[11.28639,64.50064],[11.2843,64.50034],[11.28425,64.49977],[11.28631,64.49739],[11.29677,64.49211],[11.2985,64.49207],[11.30125,64.49353],[11.30395,64.49371],[11.3001,64.49094],[11.30022,64.48913],[11.30355,64.48494],[11.3089,64.48132],[11.31076,64.48074],[11.3133,64.48104],[11.31527,64.48063],[11.32168,64.48122],[11.32412,64.48208],[11.32762,64.48228],[11.32657,64.48353],[11.32854,64.4843],[11.33075,64.48392],[11.33338,64.48271],[11.33478,64.48113],[11.33737,64.48092],[11.33926,64.48171],[11.34699,64.48284],[11.34877,64.48384],[11.35052,64.48418],[11.35751,64.48398]],[[11.27879,64.51305],[11.28465,64.51232],[11.29001,64.51252]],[[11.47089,64.51668],[11.4705,64.51746],[11.46807,64.51837],[11.46367,64.51804],[11.46616,64.51557],[11.46203,64.51622],[11.46298,64.51426],[11.45788,64.51321]],[[11.23098,64.5149],[11.23122,64.51363],[11.23216,64.51342],[11.23528,64.51392],[11.23862,64.51515],[11.24002,64.51494],[11.24083,64.51425],[11.24341,64.51396],[11.24896,64.51596]],[[11.25478,64.51664],[11.26558,64.51455],[11.26988,64.51309],[11.2738,64.51295],[11.27652,64.51329],[11.27879,64.51305]],[[11.24896,64.51596],[11.25478,64.51664]],[[11.22551,64.51476],[11.22841,64.51577],[11.2294,64.51578],[11.23098,64.5149]],[[11.45268,64.52252],[11.45246,64.51957],[11.44974,64.51535],[11.4429,64.5107],[11.4398,64.5064],[11.4351,64.50449],[11.43407,64.50249],[11.4307,64.50124],[11.42732,64.49594],[11.42482,64.49448],[11.42327,64.49274],[11.42377,64.49167],[11.4221,64.48875],[11.42001,64.48671],[11.42304,64.48608],[11.42333,64.4853],[11.41973,64.48293],[11.41987,64.48174],[11.41815,64.48077],[11.41889,64.47945],[11.41656,64.4779],[11.41626,64.47671]],[[11.4829,64.52324],[11.48248,64.52281],[11.47857,64.52314]],[[11.48872,64.52338],[11.48764,64.52297],[11.48502,64.52329]],[[11.49632,64.52356],[11.49887,64.52308],[11.50077,64.52195],[11.50406,64.52102],[11.50177,64.52103],[11.49481,64.52215],[11.49434,64.52258],[11.49526,64.52354]],[[11.48502,64.52329],[11.48453,64.52452],[11.48655,64.52357],[11.48742,64.52358],[11.48783,64.52405],[11.48931,64.52405],[11.48872,64.52338]],[[11.47391,64.52426],[11.47202,64.52405],[11.47079,64.52434],[11.47142,64.52579],[11.47252,64.52573],[11.47391,64.52426]],[[11.5467,64.53225],[11.54739,64.53124],[11.54942,64.53184]],[[11.51778,64.53321],[11.51582,64.53066],[11.51007,64.52949],[11.50718,64.5295],[11.50657,64.52855]],[[11.53835,64.52456],[11.5377,64.52536],[11.53883,64.52868],[11.53549,64.52747],[11.53546,64.52691],[11.53421,64.52637],[11.52731,64.52606],[11.52562,64.52538],[11.52226,64.52579],[11.52149,64.52686],[11.52195,64.52735],[11.52377,64.52842],[11.52752,64.52879],[11.52807,64.53038],[11.52626,64.53287],[11.52104,64.5351],[11.51911,64.53506],[11.51778,64.53321]],[[11.47981,64.53333],[11.47568,64.53427],[11.48061,64.5347],[11.47981,64.53333]],[[11.55914,64.53697],[11.55608,64.53667],[11.55226,64.53444],[11.55238,64.53386],[11.54942,64.53184]],[[11.44527,64.53791],[11.44883,64.53769],[11.45204,64.53667],[11.45369,64.53428],[11.45342,64.5325],[11.45239,64.53251],[11.44829,64.5339],[11.4471,64.5354],[11.44364,64.53709],[11.44443,64.53799],[11.44527,64.53791]],[[11.48539,64.5388],[11.4878,64.53864],[11.49056,64.53712],[11.49097,64.53589],[11.48924,64.53499],[11.48543,64.53514],[11.48393,64.537],[11.47701,64.54032],[11.47837,64.54058],[11.48539,64.5388]],[[11.55479,64.54326],[11.5561,64.54357],[11.55624,64.5427],[11.5585,64.54211]],[[11.56368,64.54494],[11.56021,64.542],[11.5585,64.54211]],[[11.3202,64.53931],[11.32153,64.53908],[11.32226,64.53948]],[[11.5467,64.53225],[11.54733,64.53296],[11.54713,64.53594],[11.54871,64.53721],[11.54775,64.53786],[11.54612,64.53725],[11.54474,64.53771],[11.54478,64.53832],[11.54679,64.53928],[11.54529,64.54019],[11.54392,64.5403],[11.5406,64.54223],[11.53897,64.54378],[11.53923,64.54431],[11.54075,64.5452],[11.54469,64.54496],[11.54365,64.54414],[11.54672,64.54135],[11.55061,64.54274],[11.55479,64.54326]],[[11.31316,64.53916],[11.31759,64.54086],[11.3202,64.53931]],[[11.48617,64.54187],[11.485,64.54181],[11.48008,64.54301],[11.48044,64.54365],[11.47756,64.54471],[11.47946,64.54497],[11.48331,64.54456],[11.48617,64.54187]],[[11.28339,64.54215],[11.28077,64.54218],[11.28009,64.54372],[11.2844,64.54624],[11.28491,64.54564],[11.28339,64.54215]],[[11.42291,64.55181],[11.42246,64.55159]],[[11.53698,64.55705],[11.53606,64.55697],[11.53349,64.55774],[11.53376,64.55871],[11.53607,64.55835],[11.53698,64.55705]],[[11.42291,64.55181],[11.42982,64.55026],[11.43397,64.54974],[11.44108,64.5479],[11.44857,64.54683],[11.4515,64.5478],[11.45034,64.54831],[11.45026,64.55014],[11.45306,64.55029]],[[11.5851,64.55639],[11.58701,64.55613],[11.58614,64.5545],[11.58489,64.55401],[11.58297,64.55514],[11.58417,64.55634],[11.5851,64.55639]],[[11.34883,64.54898],[11.35025,64.55046],[11.35222,64.55087],[11.35756,64.54965],[11.3587,64.54968],[11.36426,64.54689],[11.36219,64.54569],[11.36002,64.54543],[11.35706,64.54408],[11.35564,64.54217],[11.354,64.54132],[11.35557,64.54044],[11.35918,64.5411],[11.35992,64.54259],[11.36194,64.54353],[11.36474,64.54408],[11.36654,64.54537],[11.36705,64.54605],[11.36585,64.54922],[11.36854,64.55068],[11.37033,64.55086],[11.37362,64.55024],[11.37556,64.55045],[11.38119,64.5494],[11.39363,64.54509],[11.40577,64.54199],[11.41209,64.53873],[11.41347,64.53874],[11.41434,64.53938],[11.41577,64.53921],[11.41671,64.53881],[11.41675,64.53723],[11.4204,64.53872],[11.42391,64.5373],[11.42464,64.53654],[11.42436,64.53521],[11.4324,64.53522],[11.43282,64.53384],[11.43418,64.53331],[11.43562,64.53373],[11.43692,64.53345],[11.4388,64.53264],[11.44046,64.53058],[11.44197,64.53094],[11.44333,64.53065],[11.44598,64.5293],[11.44705,64.52798],[11.44643,64.52707],[11.4477,64.52671],[11.44932,64.52704],[11.45189,64.52602],[11.45346,64.52425],[11.45268,64.52252]],[[11.32226,64.53948],[11.32356,64.53979],[11.3256,64.5396],[11.3264,64.53864],[11.32751,64.53849],[11.32935,64.53898],[11.32938,64.54016],[11.33169,64.54087],[11.33418,64.54102],[11.33805,64.54057],[11.33886,64.54022],[11.33885,64.53948],[11.34113,64.54015],[11.34573,64.54382],[11.34509,64.54455],[11.34193,64.54544],[11.34079,64.54621],[11.34072,64.5459],[11.33761,64.55004],[11.34381,64.55176],[11.34766,64.55135],[11.34693,64.54884],[11.34536,64.54748],[11.34551,64.54639],[11.34883,64.54898]],[[11.5565,64.5579],[11.56332,64.55636],[11.56862,64.55754],[11.57069,64.55685],[11.57341,64.55664],[11.57613,64.55546],[11.57562,64.5535],[11.57747,64.55296],[11.5786,64.55152],[11.57843,64.55101],[11.57618,64.55075],[11.57356,64.54985],[11.57368,64.54918],[11.5718,64.54754],[11.56649,64.5455],[11.56368,64.54494]],[[11.52021,64.5548],[11.51945,64.55422],[11.51762,64.55436],[11.51414,64.5555],[11.51308,64.55652],[11.51504,64.55703],[11.51784,64.5566],[11.52021,64.5548]],[[11.5565,64.5579],[11.55641,64.55861]],[[11.55638,64.55885],[11.55641,64.55861]],[[11.50689,64.55091],[11.50615,64.55026],[11.50103,64.54929],[11.50002,64.5499],[11.50072,64.5504],[11.50007,64.55071],[11.49499,64.55],[11.49296,64.55044],[11.49321,64.55185],[11.49481,64.55323],[11.49504,64.55499],[11.49773,64.55559],[11.49703,64.55721],[11.49891,64.55822],[11.50056,64.55821],[11.50505,64.55613],[11.50646,64.55379],[11.50379,64.5522],[11.50689,64.55091]],[[11.50657,64.52855],[11.50939,64.52753],[11.50955,64.52683],[11.50212,64.52671],[11.49479,64.52803],[11.49504,64.52858],[11.50095,64.53128],[11.50246,64.53255],[11.50392,64.53302],[11.50836,64.53278],[11.50948,64.5341],[11.50674,64.53622],[11.50176,64.53735],[11.49854,64.53958],[11.49624,64.53987],[11.49352,64.53973],[11.49137,64.54017],[11.48863,64.54313],[11.4927,64.5439],[11.49464,64.54491],[11.49611,64.54502],[11.49866,64.54464],[11.50013,64.54335],[11.50159,64.54308],[11.50327,64.5441],[11.50258,64.54461],[11.50323,64.54527],[11.50488,64.54611],[11.50631,64.54615],[11.50803,64.54527],[11.50967,64.54528],[11.51043,64.54706],[11.51464,64.54832],[11.51792,64.54816],[11.51943,64.54766],[11.51881,64.54577],[11.52042,64.54628],[11.52226,64.54788],[11.52476,64.54765],[11.52679,64.54666],[11.52889,64.54684],[11.52747,64.54893],[11.52864,64.5499],[11.52588,64.55197],[11.52531,64.55321],[11.52286,64.55386],[11.52168,64.55622],[11.52139,64.5578],[11.5227,64.55953],[11.5249,64.5594],[11.52712,64.55846],[11.52742,64.55766],[11.53014,64.55761],[11.53293,64.55617],[11.5362,64.55649],[11.54036,64.55485],[11.5452,64.55415],[11.54828,64.55612],[11.54788,64.55775],[11.54854,64.55828],[11.55638,64.55885]],[[11.5832,64.56085],[11.58158,64.56067],[11.57938,64.56102],[11.57992,64.56155],[11.58165,64.56194],[11.58319,64.56161],[11.5832,64.56085]],[[11.56321,64.56223],[11.56505,64.56229],[11.56883,64.56153],[11.56946,64.5607],[11.56713,64.56014],[11.56277,64.56073],[11.5599,64.56218],[11.55995,64.56363],[11.56166,64.56339],[11.56321,64.56223]],[[11.51369,64.56078],[11.51568,64.56002],[11.5171,64.56073],[11.51824,64.56074],[11.52023,64.5574],[11.51921,64.55688],[11.51588,64.55789],[11.51522,64.55948],[11.51188,64.56039],[11.5105,64.56021],[11.51172,64.55838],[11.51015,64.55747],[11.50534,64.55972],[11.50466,64.56082],[11.50543,64.56138],[11.50735,64.56152],[11.50746,64.56253],[11.50967,64.56428],[11.51322,64.56276],[11.51369,64.56078]],[[11.34726,64.56071],[11.35108,64.56156],[11.35736,64.56147],[11.36361,64.56199]],[[11.36361,64.56199],[11.36926,64.56167],[11.37171,64.56121],[11.36105,64.55939],[11.36112,64.55807],[11.35918,64.55738],[11.36222,64.55662],[11.36254,64.55523],[11.36373,64.55485],[11.37103,64.55444],[11.37743,64.55458],[11.38107,64.55401],[11.38394,64.55344],[11.40829,64.54496],[11.41516,64.54364],[11.42151,64.543],[11.43407,64.54061],[11.43967,64.54036],[11.44083,64.54163],[11.44015,64.54311],[11.44075,64.54391],[11.44252,64.5444],[11.44197,64.54503],[11.43895,64.54466],[11.43437,64.54596],[11.42246,64.55159]],[[11.27701,64.56106],[11.2766,64.55958],[11.27728,64.55878],[11.27614,64.55837],[11.27561,64.55752],[11.27649,64.55612],[11.27596,64.55497],[11.27167,64.54831],[11.26803,64.54442],[11.27084,64.54233],[11.27027,64.54092],[11.27596,64.53951],[11.28228,64.54009],[11.28442,64.54094],[11.28886,64.53934],[11.29106,64.54036],[11.29415,64.54093],[11.29691,64.54003],[11.29803,64.53806],[11.30337,64.53643],[11.30832,64.53833],[11.31164,64.53752],[11.31316,64.53916]],[[11.34726,64.56071],[11.3455,64.56064],[11.34417,64.56114],[11.34279,64.56187],[11.34302,64.56274]],[[11.52257,64.56298],[11.51943,64.56379],[11.5235,64.56711],[11.52443,64.56682],[11.52487,64.56577],[11.52364,64.56497],[11.52257,64.56298]],[[11.58693,64.5675],[11.58425,64.56733],[11.58082,64.56793],[11.58219,64.56858],[11.58484,64.56875],[11.58693,64.5675]],[[11.5551,64.56903],[11.55522,64.56802]],[[11.55914,64.53697],[11.56114,64.53721],[11.56242,64.53827],[11.56694,64.53748],[11.56646,64.53935],[11.56474,64.54045],[11.56776,64.54066],[11.56892,64.54292],[11.57311,64.54491],[11.57798,64.54595],[11.5828,64.54842],[11.58614,64.54916],[11.58951,64.5493],[11.59643,64.55454],[11.60522,64.55827],[11.60673,64.56004],[11.60836,64.56053],[11.60837,64.56134],[11.61148,64.56277],[11.61146,64.564],[11.61671,64.56543],[11.62295,64.56814],[11.63017,64.56926],[11.63463,64.56944],[11.63884,64.56865],[11.64084,64.56868],[11.647,64.57081],[11.65217,64.5717],[11.65929,64.57121]],[[11.27928,64.56316],[11.27701,64.56106]],[[11.32656,64.56435],[11.33013,64.5626],[11.32275,64.56269],[11.32106,64.56362],[11.32119,64.56421]],[[11.34509,64.56481],[11.34302,64.56274]],[[11.23287,64.63247],[11.23189,64.63316],[11.23092,64.6359],[11.23222,64.63661],[11.23069,64.63731],[11.23214,64.63779]],[[11.46999,64.56785],[11.47074,64.56674],[11.47247,64.56779],[11.47538,64.56688],[11.47654,64.56321],[11.47792,64.56258],[11.47896,64.56291],[11.48035,64.56258],[11.48216,64.56171],[11.48312,64.56066],[11.48292,64.55942],[11.48406,64.55885],[11.48592,64.55947],[11.48857,64.56204],[11.4908,64.56271],[11.49214,64.56277],[11.49532,64.56179],[11.4943,64.56327],[11.49744,64.56278],[11.49893,64.56185],[11.49947,64.56059],[11.49391,64.55855],[11.49246,64.55642],[11.48838,64.5541],[11.48485,64.55346],[11.4824,64.5517],[11.4804,64.5514],[11.47764,64.55023],[11.46891,64.54879],[11.46677,64.5475],[11.46562,64.5477],[11.46479,64.54887],[11.4613,64.54989],[11.45853,64.5515],[11.45468,64.55012],[11.45306,64.55029]],[[11.50599,64.56871],[11.50691,64.5675],[11.50665,64.56569],[11.5054,64.56401],[11.50367,64.56359],[11.50485,64.56205],[11.50341,64.5615],[11.4997,64.56296],[11.49272,64.56754],[11.49051,64.56834]],[[11.52124,64.56907],[11.5227,64.56864],[11.52343,64.56778],[11.51727,64.56664],[11.51456,64.56724],[11.51238,64.56886]],[[11.53139,64.56931],[11.53218,64.56828],[11.52973,64.56591],[11.5343,64.56457],[11.54234,64.56682],[11.55007,64.56536],[11.55151,64.56677],[11.54962,64.56719],[11.54982,64.56786],[11.55138,64.56814],[11.55335,64.5678],[11.55522,64.56802]],[[11.55348,64.56983],[11.5551,64.56903]],[[11.59389,64.57077],[11.59107,64.56874],[11.58686,64.56958],[11.5864,64.5706]],[[11.62076,64.57139],[11.61852,64.57033],[11.613,64.56976],[11.60983,64.57114]],[[11.66098,64.5723],[11.65929,64.57121]],[[11.32119,64.56421],[11.32192,64.56485],[11.32387,64.56521],[11.32523,64.56514],[11.32656,64.56435]],[[11.5864,64.5706],[11.58635,64.57193],[11.587,64.57248],[11.58822,64.57257],[11.59141,64.57238],[11.59389,64.57077]],[[11.52124,64.56907],[11.51931,64.57089],[11.51991,64.57204],[11.52547,64.57124],[11.52935,64.57141],[11.53042,64.57102],[11.53139,64.56931]],[[11.49051,64.56834],[11.48824,64.56935],[11.48496,64.57237],[11.48697,64.57257],[11.48991,64.57352],[11.49057,64.57474],[11.49134,64.57493],[11.49611,64.57392],[11.49831,64.57258],[11.49902,64.57125],[11.50162,64.57144],[11.50599,64.56871]],[[11.22207,64.56746],[11.22369,64.56943]],[[11.22369,64.56943],[11.22498,64.57056],[11.22814,64.57174],[11.22805,64.57248]],[[11.34509,64.56481],[11.3453,64.56553],[11.34381,64.56741],[11.34434,64.56914],[11.34321,64.57432],[11.34387,64.57546],[11.34521,64.57595]],[[11.66098,64.5723],[11.66542,64.57496],[11.6685,64.57512],[11.66873,64.57384],[11.67605,64.57625],[11.67817,64.57648],[11.67998,64.57628],[11.68045,64.57523],[11.68317,64.57518],[11.68543,64.57605],[11.69099,64.5761],[11.6965,64.57708],[11.70382,64.57768],[11.70514,64.57818],[11.70538,64.58007],[11.70629,64.58042],[11.71001,64.5804],[11.71525,64.58164],[11.72409,64.58145],[11.72627,64.58234],[11.72627,64.5828],[11.72165,64.58326],[11.72606,64.58489],[11.7326,64.5849],[11.73993,64.58381],[11.75519,64.58459],[11.75768,64.58513],[11.75583,64.5859],[11.76201,64.586]],[[11.62076,64.57139],[11.6247,64.57455],[11.62335,64.5759],[11.6236,64.57715],[11.63113,64.57888],[11.63381,64.58127],[11.63607,64.58091],[11.63996,64.58136],[11.64117,64.58189],[11.64256,64.58174],[11.64513,64.58315],[11.64751,64.58349],[11.6503,64.58016],[11.65307,64.57979],[11.65457,64.58027],[11.65539,64.58136],[11.65793,64.58233]],[[11.32425,64.57858],[11.32064,64.57889],[11.32058,64.58004],[11.32302,64.57988],[11.32451,64.57936],[11.32425,64.57858]],[[11.76135,64.59151],[11.77206,64.59035],[11.77727,64.59115],[11.77907,64.59102],[11.78175,64.59017],[11.79104,64.59055],[11.79446,64.58908],[11.79192,64.5879],[11.78706,64.58798],[11.78617,64.58769],[11.78598,64.58683],[11.77885,64.58593],[11.77418,64.58575],[11.77234,64.58534],[11.76201,64.586]],[[11.65793,64.58233],[11.66437,64.58583],[11.6682,64.58681],[11.67127,64.58842],[11.67583,64.58927],[11.67663,64.58974]],[[11.22805,64.57248],[11.2274,64.57301],[11.22778,64.57365],[11.2301,64.57498],[11.23057,64.57602],[11.23444,64.57633],[11.22976,64.5793]],[[11.67663,64.58974],[11.6797,64.59041],[11.6854,64.59296],[11.6865,64.59229],[11.69054,64.59332]],[[11.69054,64.59332],[11.69678,64.59414],[11.70245,64.59397],[11.70461,64.59319],[11.70663,64.59148],[11.71241,64.59094],[11.71317,64.59029],[11.7149,64.59003],[11.72164,64.59073],[11.72353,64.59132],[11.7245,64.5905],[11.72172,64.58963],[11.72118,64.58899],[11.72363,64.58788],[11.72713,64.58774],[11.74113,64.58889],[11.74297,64.58949],[11.74798,64.58966],[11.75083,64.59022],[11.75587,64.59205],[11.75762,64.59211],[11.76135,64.59151]],[[11.23214,64.63779],[11.23614,64.63898],[11.24004,64.63929]],[[11.44753,64.59277],[11.44962,64.59377],[11.45501,64.5937],[11.46536,64.58949],[11.46686,64.58793],[11.4669,64.58696],[11.46949,64.58673],[11.47225,64.58431],[11.47344,64.58496],[11.47538,64.58387],[11.4781,64.5834],[11.47864,64.58194],[11.481,64.58134],[11.47855,64.57747],[11.47766,64.57738],[11.47452,64.57834],[11.47264,64.57686],[11.47304,64.57369],[11.47235,64.57284],[11.47254,64.57227],[11.47399,64.57167],[11.4734,64.57093],[11.46887,64.56901],[11.46999,64.56785]],[[11.21821,64.56743],[11.22115,64.567],[11.22207,64.56746]],[[11.44718,64.59544],[11.44951,64.59574],[11.4502,64.59535],[11.44982,64.5946],[11.44726,64.59479]],[[11.21534,64.5881],[11.21874,64.58809],[11.21919,64.58728],[11.22386,64.58767],[11.2211,64.58652],[11.22266,64.58645],[11.22397,64.5856],[11.22673,64.58481],[11.22435,64.58276],[11.22488,64.58066],[11.22619,64.57986],[11.22976,64.5793]],[[11.55107,64.6008],[11.54625,64.60014],[11.54162,64.60025],[11.53879,64.6008],[11.54221,64.60152],[11.54465,64.60258],[11.54863,64.60185],[11.5509,64.60214]],[[11.4465,64.6006],[11.45207,64.59995],[11.45492,64.5977],[11.45866,64.59604],[11.45894,64.59399],[11.46065,64.59301],[11.46631,64.59124],[11.46927,64.59102],[11.47124,64.59016],[11.47205,64.5887],[11.47431,64.58755],[11.48571,64.58366],[11.48795,64.5833],[11.48909,64.5822],[11.49134,64.58188],[11.4914,64.58131],[11.48958,64.57991],[11.4943,64.57665],[11.50136,64.57373],[11.50582,64.57268],[11.50844,64.57097],[11.51153,64.57087],[11.51238,64.56886]],[[11.60602,64.6034],[11.60216,64.6038],[11.60423,64.60468],[11.60609,64.60481],[11.60789,64.60391],[11.60602,64.6034]],[[11.55107,64.6008],[11.55565,64.60053],[11.55567,64.59955],[11.55863,64.59956],[11.56518,64.60065],[11.57119,64.60282],[11.57804,64.60264],[11.58272,64.60529],[11.58187,64.6061],[11.58258,64.6066],[11.58477,64.6071],[11.58801,64.60722],[11.59442,64.60617],[11.59565,64.60528],[11.59524,64.60055],[11.60258,64.59963],[11.60389,64.59794],[11.6032,64.59535],[11.60565,64.59536],[11.60603,64.595],[11.60523,64.59341],[11.60362,64.59306],[11.60423,64.59149],[11.60135,64.58645],[11.59866,64.58455],[11.59051,64.58105],[11.58286,64.5792],[11.57553,64.5755],[11.57301,64.57471],[11.57185,64.57357],[11.5703,64.57329],[11.56704,64.57362],[11.55926,64.57332],[11.55788,64.57193],[11.55482,64.57117]],[[11.61001,64.60704],[11.60859,64.60615],[11.6057,64.60576],[11.60368,64.60638],[11.60101,64.60574],[11.59757,64.60552],[11.59805,64.6067],[11.59976,64.60718],[11.60223,64.60649],[11.60552,64.60785],[11.6081,64.60797],[11.60964,64.60765],[11.61001,64.60704]],[[11.36042,64.60105],[11.35851,64.60069],[11.35964,64.59788],[11.35617,64.59465],[11.35359,64.59415],[11.35273,64.59452],[11.35332,64.59614],[11.3512,64.60007],[11.35498,64.60203],[11.36042,64.60105]],[[11.58841,64.60813],[11.58364,64.60754],[11.58244,64.60801],[11.58294,64.60928],[11.58738,64.60977],[11.58968,64.60864],[11.58841,64.60813]],[[11.30298,64.60408],[11.3056,64.60369],[11.30724,64.60151]],[[11.30298,64.60408],[11.30186,64.604],[11.30048,64.60274],[11.29886,64.60273],[11.29683,64.6036],[11.2971,64.60518],[11.29276,64.60506],[11.29138,64.60651]],[[11.43481,64.61193],[11.43316,64.6109],[11.43243,64.60939],[11.43692,64.60601],[11.43829,64.60586],[11.4406,64.60654],[11.44208,64.60614],[11.4424,64.60442],[11.44107,64.60329],[11.44387,64.60127],[11.4465,64.6006]],[[11.2483,64.6073],[11.24785,64.60604],[11.24881,64.60515],[11.2502,64.60489],[11.25349,64.60512],[11.25392,64.60425],[11.25637,64.60373],[11.25698,64.60323],[11.25713,64.60153],[11.25335,64.59971],[11.25327,64.59819],[11.25525,64.59826],[11.257,64.59777],[11.25868,64.59512],[11.265,64.59537],[11.27008,64.59343],[11.27128,64.59268],[11.26963,64.59155],[11.26988,64.59065],[11.2736,64.58938],[11.27751,64.58929],[11.27971,64.58833],[11.28496,64.58253],[11.28559,64.57987],[11.28517,64.57872],[11.28344,64.57797],[11.28222,64.57555],[11.28224,64.57311],[11.28145,64.57218],[11.27921,64.57194],[11.27693,64.56742],[11.27763,64.56626],[11.28015,64.566],[11.2806,64.56549],[11.27928,64.56316]],[[11.29138,64.60651],[11.29007,64.60836]],[[11.32932,64.60934],[11.33102,64.60502],[11.33015,64.60436],[11.32884,64.60465],[11.32755,64.60433],[11.32615,64.60284],[11.32462,64.60334],[11.32289,64.60309],[11.32387,64.59964],[11.32334,64.59857],[11.31758,64.59477],[11.31443,64.59472],[11.31389,64.59502],[11.3072,64.60016],[11.30724,64.60151]],[[11.40983,64.62545],[11.41551,64.62416],[11.41644,64.62467],[11.41753,64.62467],[11.42277,64.62275],[11.42248,64.62152],[11.41954,64.62082],[11.41827,64.62106],[11.41773,64.62034],[11.42621,64.61557],[11.42692,64.61477],[11.42585,64.61327],[11.42767,64.61234],[11.42759,64.61175]],[[11.37347,64.61043],[11.37387,64.60962],[11.37304,64.60819],[11.37047,64.60754],[11.36981,64.60648],[11.36957,64.60532],[11.37085,64.60425],[11.37089,64.60336],[11.36804,64.60161],[11.3768,64.59733],[11.38025,64.59772],[11.38433,64.59481],[11.38204,64.59354],[11.37988,64.59323],[11.3783,64.59393],[11.37703,64.59386],[11.37554,64.59057],[11.37587,64.58908],[11.37256,64.58705],[11.37094,64.58481],[11.36901,64.58467],[11.36705,64.5857],[11.36739,64.5897],[11.36667,64.5901],[11.36549,64.59008],[11.36095,64.58793],[11.35694,64.58741],[11.35457,64.58596],[11.35473,64.58413],[11.35214,64.58109],[11.34927,64.57937],[11.3495,64.57825],[11.34521,64.57595]],[[11.40067,64.6111],[11.39796,64.61045],[11.396,64.61055],[11.39524,64.61017],[11.39505,64.60882],[11.39725,64.60786],[11.3965,64.60692],[11.39506,64.60711],[11.39386,64.60783],[11.39303,64.61091]],[[11.40098,64.61111],[11.40279,64.61008],[11.39922,64.60828],[11.39853,64.60745],[11.39997,64.60461],[11.39837,64.60539],[11.39708,64.60542],[11.39618,64.60475],[11.3952,64.60501],[11.39125,64.60856],[11.38877,64.60968],[11.38803,64.61079]],[[11.42127,64.6116],[11.4238,64.60968],[11.42727,64.60844],[11.42792,64.60697],[11.42985,64.6059],[11.43126,64.6039],[11.43458,64.60263],[11.43658,64.60131],[11.43717,64.59837],[11.4394,64.59731],[11.43762,64.59525],[11.43576,64.59493],[11.43436,64.59414],[11.43662,64.59422],[11.43865,64.59495],[11.44094,64.59522],[11.44404,64.59309],[11.44536,64.59272],[11.44753,64.59277]],[[11.42981,64.61181],[11.42882,64.61097],[11.42759,64.61175]],[[11.5864,64.61551],[11.58157,64.61188],[11.57961,64.60925],[11.57393,64.60783],[11.5704,64.60824],[11.5683,64.6081],[11.56408,64.60618],[11.56053,64.60518],[11.55786,64.60374],[11.5509,64.60214]],[[11.34409,64.62472],[11.34619,64.62093],[11.3458,64.61925],[11.34284,64.61881],[11.34177,64.61806],[11.34218,64.61471],[11.34154,64.61377],[11.34016,64.61349]],[[11.2356,64.6128],[11.22706,64.61434],[11.22728,64.61579],[11.22861,64.61616],[11.22854,64.61655],[11.21649,64.61913],[11.21604,64.61956],[11.21732,64.62136],[11.21859,64.62164],[11.22477,64.62137],[11.22688,64.62099],[11.22737,64.62039],[11.23026,64.61954],[11.2326,64.6191],[11.2347,64.61931]],[[11.24446,64.63958],[11.24601,64.63948],[11.24905,64.63842],[11.24998,64.63674],[11.24932,64.63614],[11.25,64.63574],[11.25311,64.63652],[11.25514,64.63881],[11.25649,64.63931],[11.26026,64.63932],[11.26023,64.63801],[11.26211,64.63667]],[[11.60755,64.616],[11.60812,64.61482],[11.60964,64.61444],[11.61594,64.61502],[11.61909,64.61626],[11.62183,64.61579],[11.62695,64.61563],[11.62871,64.61502],[11.62976,64.61346],[11.62729,64.61148],[11.6259,64.60934],[11.62225,64.60714],[11.61885,64.6058],[11.61575,64.60305],[11.61584,64.59961],[11.61722,64.59812],[11.6168,64.59727],[11.61347,64.59575],[11.6123,64.59437],[11.61543,64.59253],[11.61469,64.59204],[11.61236,64.59195],[11.60996,64.59122],[11.60912,64.58983],[11.60665,64.5889],[11.6038,64.5868],[11.60399,64.58527],[11.60729,64.58501],[11.60942,64.58536],[11.6126,64.58663],[11.61505,64.58654],[11.62232,64.5873],[11.62349,64.58668],[11.62191,64.58526],[11.61868,64.58413],[11.61694,64.58247],[11.61425,64.58143],[11.61153,64.58108],[11.60839,64.57807],[11.60853,64.57691],[11.61093,64.57695],[11.61202,64.57463],[11.60983,64.57114]],[[11.29007,64.60836],[11.28922,64.60889],[11.28876,64.6109],[11.28549,64.61152]],[[11.2359,64.61065],[11.24328,64.60899],[11.2483,64.6073]],[[11.23581,64.61128],[11.23434,64.61174],[11.23572,64.61194]],[[11.32885,64.61234],[11.32877,64.61434],[11.33233,64.61452]],[[11.33233,64.61452],[11.33242,64.61429],[11.33445,64.61495],[11.33676,64.61494],[11.33823,64.61392],[11.34016,64.61349]],[[11.42981,64.61181],[11.42928,64.61388],[11.42781,64.61505],[11.43,64.61749],[11.43643,64.61568],[11.43807,64.61463],[11.4374,64.61402],[11.43448,64.61381],[11.43481,64.61193]],[[11.5864,64.61551],[11.58844,64.61656],[11.59291,64.61763],[11.59973,64.61997],[11.60671,64.62151],[11.612,64.62178],[11.61265,64.62155],[11.61216,64.62121],[11.60666,64.62073],[11.60315,64.61859],[11.60755,64.616]],[[11.2356,64.6128],[11.23843,64.61203],[11.23781,64.61154],[11.23572,64.61194]],[[11.21182,64.61341],[11.21688,64.61304],[11.21782,64.61335],[11.21668,64.61375],[11.2174,64.61411],[11.219,64.61368],[11.2188,64.61304],[11.21961,64.61275],[11.2359,64.61065]],[[11.2347,64.61931],[11.23777,64.61927],[11.24203,64.61809],[11.24506,64.61773],[11.24543,64.6171],[11.24428,64.61602],[11.24107,64.61501],[11.24557,64.61422],[11.24944,64.61268],[11.24862,64.61101],[11.24624,64.61093],[11.24089,64.61156],[11.23878,64.61092],[11.23581,64.61128]],[[11.28549,64.61152],[11.27766,64.61329],[11.27624,64.6133],[11.27345,64.61446],[11.26638,64.61982],[11.26811,64.62157]],[[11.39303,64.61091],[11.39239,64.61202],[11.38944,64.61283],[11.38749,64.61554],[11.38813,64.61589],[11.38948,64.61569],[11.39061,64.6162],[11.39073,64.61749],[11.39245,64.61914],[11.39531,64.61901],[11.3958,64.61931],[11.39504,64.62044],[11.39283,64.62179],[11.39262,64.62259],[11.38885,64.62386],[11.38853,64.62555],[11.39182,64.62904],[11.39877,64.62517],[11.39941,64.62307],[11.40358,64.62181],[11.40568,64.62043],[11.40718,64.61807],[11.41053,64.6165],[11.41248,64.61671],[11.41415,64.61628],[11.41768,64.61447],[11.42127,64.6116]],[[11.34858,64.627],[11.34759,64.62716],[11.34672,64.62823],[11.34827,64.62886],[11.34904,64.62845],[11.34858,64.627]],[[11.40983,64.62545],[11.40677,64.62626],[11.39843,64.63091]],[[11.23299,64.63161],[11.2341,64.63142],[11.23449,64.63167],[11.23287,64.63247]],[[11.26811,64.62157],[11.26545,64.62296],[11.26499,64.62382],[11.26722,64.62367],[11.26801,64.62412],[11.26774,64.62483],[11.26358,64.6279],[11.25878,64.6297],[11.25407,64.63327],[11.25595,64.63478],[11.26142,64.63442],[11.26249,64.63407]],[[11.26211,64.63667],[11.26471,64.63575],[11.26427,64.63536],[11.26679,64.6343],[11.26912,64.63484],[11.2701,64.63453],[11.26761,64.63378],[11.26731,64.63301],[11.26493,64.63306],[11.26249,64.63407]],[[11.34784,64.64064],[11.34473,64.63805],[11.34565,64.63726],[11.34464,64.63562],[11.34462,64.63276],[11.34355,64.63279],[11.34287,64.63422],[11.34164,64.63489],[11.33904,64.63477],[11.33993,64.63167],[11.34409,64.62472]],[[11.37347,64.61043],[11.37263,64.61121],[11.36958,64.61193],[11.3677,64.61436],[11.36595,64.61508],[11.36495,64.61866],[11.36222,64.62129],[11.36356,64.62281],[11.36188,64.6249],[11.3627,64.62794],[11.36209,64.63131],[11.36299,64.63416],[11.36173,64.63592],[11.35925,64.6368],[11.35867,64.63863],[11.36002,64.6398],[11.36445,64.64106],[11.37201,64.64063],[11.37435,64.63981],[11.37149,64.63763],[11.37211,64.63639],[11.37566,64.63589],[11.37757,64.63477],[11.37559,64.63075],[11.37555,64.62847],[11.377,64.62838],[11.38102,64.6291],[11.38231,64.6288],[11.38197,64.62766],[11.38052,64.62662],[11.37758,64.62676],[11.37542,64.6277],[11.37399,64.6278],[11.37594,64.62343],[11.37573,64.61984],[11.37455,64.6182],[11.37516,64.61772],[11.37768,64.61763],[11.37947,64.61691],[11.38527,64.61352],[11.38803,64.61079]],[[11.42755,64.69996],[11.43071,64.69892],[11.43391,64.69663]],[[11.39843,64.63091],[11.39805,64.63242],[11.40004,64.63385],[11.397,64.63475],[11.39646,64.63689],[11.39451,64.63899],[11.396,64.642],[11.39803,64.64364],[11.40127,64.64523],[11.40598,64.64308],[11.40808,64.64143],[11.40781,64.63986],[11.40994,64.63911],[11.41127,64.63777],[11.41263,64.63441],[11.41123,64.63343]],[[11.25848,64.68421],[11.25968,64.6842],[11.26653,64.68585],[11.27152,64.68622],[11.27468,64.68592]],[[11.22553,64.6853],[11.22056,64.68381],[11.21609,64.68298],[11.21515,64.68311],[11.21634,64.68413],[11.21964,64.68544],[11.2226,64.68547],[11.22541,64.68617]],[[11.22536,64.68655],[11.22541,64.68617]],[[11.22536,64.68655],[11.22413,64.68635],[11.22275,64.68672],[11.22525,64.6873]],[[11.22525,64.6873],[11.22977,64.68759],[11.23046,64.68733],[11.22982,64.68674],[11.22553,64.6853]],[[11.24664,64.68874],[11.26427,64.68933],[11.2626,64.68848],[11.25087,64.68784],[11.23925,64.68599],[11.23227,64.68561],[11.23037,64.6864],[11.2338,64.68833],[11.24528,64.6893],[11.24664,64.68874]],[[11.27468,64.68592],[11.27668,64.68502],[11.28069,64.68459],[11.28422,64.68546],[11.28555,64.68693],[11.28941,64.68761],[11.29081,64.68764],[11.2931,64.68644],[11.29587,64.68697],[11.29892,64.6868],[11.30677,64.68855],[11.31019,64.69077],[11.31249,64.69152],[11.30984,64.69197],[11.31159,64.69245],[11.31458,64.69252],[11.31489,64.69174],[11.31631,64.6916],[11.32408,64.69204],[11.32411,64.6908],[11.32534,64.69061],[11.32603,64.69098],[11.3283,64.6907],[11.32982,64.68934],[11.32709,64.68679],[11.32394,64.68646],[11.32015,64.68531],[11.31872,64.68444],[11.31894,64.68374],[11.31126,64.683],[11.30323,64.68323],[11.29949,64.6816],[11.29357,64.68031]],[[11.43391,64.69663],[11.43686,64.69342],[11.43778,64.69125]],[[11.26576,64.6931],[11.26789,64.69265],[11.26825,64.69194],[11.26146,64.69057],[11.2569,64.69092],[11.25333,64.69005],[11.2512,64.69015],[11.25001,64.6907],[11.25181,64.69134],[11.25549,64.69186],[11.25624,64.69237],[11.25896,64.69211],[11.26193,64.69365],[11.26647,64.69399],[11.26663,64.6934],[11.26576,64.6931]],[[11.42026,64.70142],[11.4204,64.69982],[11.42173,64.69912],[11.42414,64.70041],[11.42755,64.69996]],[[11.41779,64.7025],[11.42026,64.70142]],[[11.40839,64.70113],[11.41454,64.70301],[11.41779,64.7025]],[[11.31322,64.03908],[11.31554,64.03935],[11.31691,64.03902]],[[11.21976,64.02692],[11.21905,64.02448],[11.21945,64.02249]],[[11.23374,64.06779],[11.23342,64.06687]],[[11.27351,64.07162],[11.2724,64.07023]],[[11.2631,64.07373],[11.25813,64.07319]],[[11.27981,64.08288],[11.28402,64.08401]],[[11.1922,64.43069],[11.19312,64.43063],[11.19371,64.43192],[11.19416,64.43061],[11.19308,64.43],[11.19148,64.43046],[11.19121,64.43175],[11.19215,64.43184],[11.1922,64.43069]],[[11.19068,64.43392],[11.18847,64.43114]],[[11.15881,64.57657],[11.1562,64.57665],[11.15601,64.57722],[11.15903,64.57737],[11.1594,64.5768],[11.15881,64.57657]],[[11.02557,64.60795],[11.02352,64.60728],[11.02337,64.60781],[11.02222,64.60796],[11.02246,64.60855],[11.02424,64.60892],[11.02557,64.60795]],[[11.0388,64.63548],[11.03681,64.63556],[11.03661,64.63656],[11.03755,64.63678],[11.03926,64.63646],[11.03967,64.63587],[11.0388,64.63548]],[[11.1751,64.65035],[11.17624,64.65038]],[[11.17603,64.76156],[11.17319,64.76151],[11.17471,64.76229],[11.17685,64.76257],[11.17696,64.76191],[11.17603,64.76156]],[[11.12395,64.79002],[11.11996,64.78927],[11.11922,64.78942],[11.11978,64.79028],[11.12385,64.79035],[11.12395,64.79002]],[[11.14701,64.80431],[11.14564,64.80388],[11.14363,64.80416],[11.14096,64.8035],[11.13973,64.80415],[11.14055,64.80454],[11.14557,64.80486],[11.14701,64.80431]],[[11.1457,64.80659],[11.14413,64.80607],[11.14314,64.80628],[11.14474,64.80777],[11.14769,64.80844],[11.14797,64.80802],[11.14604,64.80733],[11.14673,64.80673],[11.1457,64.80659]],[[11.36889,64.03182],[11.37123,64.03092]],[[11.34279,64.03905],[11.34372,64.03885]],[[11.32072,64.0928],[11.31269,64.09131],[11.30879,64.08995]],[[11.30334,64.10035],[11.30492,64.10169]],[[11.1937,64.74069],[11.19398,64.74074]],[[11.20343,64.78894],[11.20067,64.78902],[11.20081,64.7901],[11.20488,64.78961],[11.20482,64.78919],[11.20343,64.78894]],[[11.21099,64.78921],[11.2094,64.79012],[11.21084,64.79031]],[[11.27092,64.35504],[11.27114,64.35339]],[[11.37657,64.43082],[11.3766,64.42944],[11.37579,64.42903],[11.37442,64.42947],[11.37396,64.43075]],[[11.32402,64.44436],[11.32333,64.44513]],[[11.52469,64.45443],[11.52442,64.45477]],[[11.52547,64.4546],[11.52469,64.45443]],[[11.52442,64.45477],[11.52847,64.4562],[11.52963,64.45595],[11.52879,64.45536],[11.53026,64.45522],[11.53085,64.45462],[11.52547,64.4546]],[[11.46136,64.48629],[11.46145,64.48565]],[[11.55348,64.56983],[11.5533,64.57049],[11.55482,64.57117]],[[11.44726,64.59479],[11.44718,64.59544]],[[11.40067,64.6111],[11.40098,64.61111]],[[11.32885,64.61234],[11.32841,64.61061],[11.32932,64.60934]],[[11.41123,64.63343],[11.41141,64.63324]],[[11.23299,64.63161],[11.23014,64.63186]],[[11.24004,64.63929],[11.24134,64.63905],[11.24446,64.63958]],[[11.35504,64.65535],[11.35499,64.6549]],[[11.38159,64.67231],[11.38341,64.67574],[11.38708,64.67896]],[[11.43493,64.68886],[11.43857,64.69094]],[[11.24371,64.78689],[11.24489,64.78763]],[[11.52676,64.73671],[11.53353,64.73838]],[[11.31934,64.74317],[11.32154,64.74328],[11.32252,64.74383]],[[11.32252,64.74383],[11.32269,64.74395]],[[11.26983,64.74263],[11.27912,64.74473]],[[11.21743,64.74329],[11.2184,64.74344]],[[11.19023,64.76731],[11.19092,64.76711],[11.1903,64.76682]],[[11.41868,64.78791],[11.4219,64.78749]],[[11.41071,64.78778],[11.41868,64.78791]],[[11.73679,64.79618],[11.73779,64.79672]],[[11.84192,64.79793],[11.83966,64.79892]],[[11.21165,64.78608],[11.21145,64.78595]],[[11.42234,64.79131],[11.42147,64.79073]],[[11.29443,64.78817],[11.29463,64.78818]],[[11.86089,64.80124],[11.86193,64.80126]],[[11.43462,64.79192],[11.43763,64.79168]],[[11.41476,64.79199],[11.41644,64.79195]],[[11.20345,64.78688],[11.19996,64.7866],[11.20139,64.78765],[11.20468,64.78749],[11.20345,64.78688]],[[11.24998,64.80374],[11.24906,64.80358],[11.24814,64.80406],[11.25121,64.80508],[11.25135,64.80441],[11.24998,64.80374]],[[11.21674,64.80713],[11.21593,64.80677],[11.21099,64.80689],[11.21063,64.80716],[11.21355,64.80772],[11.21674,64.80713]],[[11.3122,64.81944],[11.31227,64.81949]],[[11.1938,64.74204],[11.18997,64.74209],[11.182,64.7406],[11.1827,64.74143],[11.18724,64.74271],[11.19075,64.74303],[11.1917,64.74385],[11.19348,64.7443]],[[11.19015,64.81641],[11.18971,64.81566],[11.19098,64.81433],[11.18948,64.81334],[11.18667,64.81338],[11.1836,64.81426]],[[11.20627,64.63562],[11.20878,64.63517]],[[11.21128,64.61729],[11.21166,64.61721]],[[11.19979,64.66763],[11.20424,64.66766]],[[11.1929,64.76479],[11.19066,64.76428]],[[11.2102,64.68475],[11.21292,64.68484],[11.21408,64.68325],[11.20836,64.68186],[11.20236,64.68107]],[[11.18976,64.76675],[11.18469,64.76486],[11.18243,64.76497],[11.18313,64.76579],[11.18209,64.76605],[11.17851,64.76491],[11.1755,64.76453],[11.1783,64.76559],[11.1779,64.7662],[11.1786,64.76648],[11.18008,64.7664],[11.186,64.76734],[11.19023,64.76731]],[[11.19504,64.81653],[11.19349,64.8158],[11.19215,64.81646]],[[11.20886,64.63461],[11.20746,64.63425],[11.20898,64.63375]],[[11.2038,64.67078],[11.19562,64.66878]],[[11.19348,64.7443],[11.20107,64.74491],[11.2036,64.74441],[11.21042,64.74471],[11.21351,64.74668],[11.21687,64.74733]],[[11.19215,64.81646],[11.19084,64.81715],[11.19015,64.81641]],[[11.19398,64.74074],[11.19549,64.74184],[11.20005,64.74309],[11.20177,64.7441],[11.1938,64.74204]],[[11.19555,64.81748],[11.19504,64.81653]],[[11.19051,64.76535],[11.19356,64.76571],[11.1929,64.76479]],[[11.19586,64.73697],[11.19453,64.73686]],[[11.1903,64.76682],[11.18976,64.76675]],[[11.21166,64.61721],[11.21381,64.61699],[11.2152,64.61742],[11.21852,64.61546],[11.21143,64.61619]],[[11.20228,64.68169],[11.20657,64.68366],[11.2076,64.68471],[11.20928,64.68503],[11.2102,64.68475]],[[11.20878,64.63517],[11.20959,64.63476],[11.20886,64.63461]],[[11.19427,64.73867],[11.19915,64.73946],[11.19976,64.73909],[11.19863,64.73778],[11.19586,64.73697]],[[11.20898,64.63375],[11.21058,64.63362],[11.21343,64.63408],[11.21711,64.63323],[11.21928,64.63144],[11.22004,64.62979],[11.22584,64.62957],[11.2298,64.62994],[11.23025,64.63095],[11.22857,64.63132],[11.2283,64.63181],[11.23014,64.63186]],[[11.20707,64.74103],[11.21743,64.74329]],[[11.31946,64.76634],[11.32281,64.76663],[11.31954,64.76576]],[[11.26253,64.81946],[11.25959,64.81962],[11.25719,64.81838],[11.25489,64.81806]],[[11.612,64.82834],[11.61027,64.82706],[11.6009,64.82638]],[[11.31227,64.81949],[11.31304,64.82011],[11.3191,64.82174],[11.32575,64.82201]],[[11.32575,64.82201],[11.32825,64.82208],[11.32689,64.82063],[11.32705,64.81986]],[[11.20673,64.81955],[11.19912,64.81771],[11.19643,64.81799],[11.19555,64.81748]],[[11.69982,64.82861],[11.70287,64.82992],[11.71119,64.83098],[11.71455,64.83177],[11.72746,64.83257],[11.73253,64.8314]],[[11.2595,64.82255],[11.25414,64.82128],[11.2531,64.82117],[11.25205,64.82154],[11.25364,64.82232],[11.25759,64.82302],[11.25845,64.82307],[11.2595,64.82255]],[[11.612,64.82834],[11.61462,64.82887],[11.61378,64.82838],[11.61487,64.82863],[11.62694,64.83224]],[[11.67681,64.83179],[11.67254,64.83177],[11.6676,64.83295],[11.67101,64.83337],[11.67055,64.83391],[11.67134,64.8342],[11.67779,64.83407],[11.6803,64.83262],[11.67681,64.83179]],[[11.03454,64.81707],[11.03328,64.8175],[11.03504,64.81979],[11.03583,64.81951],[11.03629,64.81813],[11.03454,64.81707]],[[11.05664,64.81853],[11.05339,64.81866],[11.05442,64.81955],[11.05695,64.8204],[11.05771,64.81903],[11.05664,64.81853]],[[11.01249,64.81864],[11.0111,64.81639],[11.01042,64.81653],[11.01037,64.81808],[11.00926,64.81769],[11.00767,64.81549],[11.00656,64.8155],[11.00628,64.81613],[11.00559,64.81612],[11.00511,64.81532],[11.00669,64.81457],[11.00622,64.81409],[11.00228,64.81376],[11.00087,64.81271],[10.99932,64.81277]],[[10.99897,64.81316],[11.00088,64.81386],[11.0023,64.81623],[11.00976,64.82039],[11.01303,64.8204],[11.01249,64.81864]],[[11.68962,64.8374],[11.67828,64.83557],[11.67496,64.83545]],[[11.12389,64.82251],[11.12144,64.822],[11.12083,64.8228],[11.12225,64.82384],[11.12391,64.82405],[11.12485,64.82362],[11.12389,64.82251]],[[11.24423,64.82567],[11.24266,64.82541],[11.2429,64.82643],[11.24455,64.82729],[11.24662,64.82768],[11.24423,64.82567]],[[11.26253,64.81946],[11.26428,64.81929],[11.27043,64.82013],[11.26942,64.8204],[11.26514,64.82003],[11.26423,64.82031],[11.26514,64.82086],[11.26201,64.82095],[11.26484,64.8227],[11.26843,64.82334],[11.26998,64.82402],[11.27027,64.82477],[11.26968,64.82498],[11.26641,64.82393],[11.26171,64.82329],[11.26106,64.82534],[11.26355,64.8283]],[[11.13319,64.82329],[11.13217,64.82387],[11.13407,64.82484],[11.14174,64.82601],[11.14095,64.82527],[11.13319,64.82329]],[[11.12675,64.82445],[11.12501,64.82427],[11.12458,64.82466],[11.12574,64.82573],[11.12822,64.82676],[11.12828,64.82543],[11.12675,64.82445]],[[11.68962,64.8374],[11.6971,64.83909],[11.69975,64.83917],[11.70146,64.83842],[11.70255,64.83847],[11.70647,64.84033],[11.70895,64.84088],[11.71068,64.84065],[11.70942,64.83968],[11.71056,64.83893],[11.7004,64.83724],[11.69843,64.83654],[11.69806,64.83575],[11.71108,64.83852],[11.71201,64.83857],[11.71325,64.83804],[11.71731,64.83866],[11.71962,64.83835],[11.73148,64.83998]],[[11.26232,64.82857],[11.2556,64.82515],[11.25154,64.82433],[11.25538,64.82706],[11.25463,64.82754],[11.25289,64.82758],[11.25,64.82666],[11.24961,64.82757],[11.25479,64.82907],[11.25807,64.82898],[11.26061,64.8306]],[[11.05954,64.82285],[11.05779,64.82196],[11.0565,64.82271],[11.05435,64.8225],[11.05663,64.82107],[11.05172,64.81919],[11.04955,64.81948],[11.04861,64.82024],[11.04883,64.82089],[11.05442,64.82367],[11.055,64.82509],[11.0575,64.8257],[11.05926,64.82432],[11.05954,64.82285]],[[11.04277,64.82305],[11.04067,64.82289],[11.03941,64.82382],[11.04184,64.82529],[11.04355,64.82565],[11.04462,64.82445],[11.04277,64.82305]],[[11.06981,64.82424],[11.06883,64.82428],[11.06835,64.82493],[11.0696,64.82632],[11.07083,64.82658],[11.07207,64.82554],[11.06981,64.82424]],[[11.15864,64.8156],[11.16222,64.81709],[11.16279,64.81847],[11.16491,64.81864],[11.16797,64.82125],[11.17829,64.82376],[11.18031,64.82493],[11.18841,64.82706],[11.19149,64.82842],[11.1914,64.82908],[11.19265,64.82996],[11.19449,64.83049]],[[11.01042,64.82573],[11.01115,64.82432],[11.00928,64.82315],[11.00713,64.82377],[11.00789,64.82567]],[[11.03016,64.82626],[11.02555,64.82339],[11.02064,64.8216],[11.01822,64.82164],[11.01642,64.82275],[11.01557,64.82421],[11.01577,64.82588]],[[11.0436,64.82662],[11.041,64.82597],[11.03934,64.82651]],[[11.0754,64.82747],[11.07516,64.82608],[11.07668,64.82556],[11.07805,64.82711],[11.07997,64.82711],[11.07975,64.82533],[11.07868,64.82466],[11.07694,64.82502],[11.0764,64.82348],[11.07351,64.82292],[11.0728,64.82328],[11.07311,64.82437],[11.07511,64.82591],[11.07294,64.82589],[11.07233,64.82739]],[[11.09285,64.82793],[11.08591,64.82618],[11.08415,64.82679],[11.08387,64.82769]],[[11.15567,64.82957],[11.15454,64.82867],[11.152,64.82859],[11.15049,64.82803],[11.15001,64.82716],[11.15061,64.82616],[11.14815,64.82531],[11.14672,64.8255],[11.14378,64.82421],[11.14281,64.82461],[11.14424,64.8265],[11.1474,64.8282],[11.14515,64.82807],[11.14082,64.82643],[11.1385,64.8262],[11.13769,64.82668],[11.13992,64.82806],[11.13937,64.82829],[11.13372,64.82639],[11.1328,64.82688],[11.13461,64.82902]],[[11.03934,64.82651],[11.04278,64.8289],[11.04381,64.82898],[11.04438,64.82813],[11.0436,64.82662]],[[11.2367,64.83164],[11.23149,64.83056],[11.2291,64.82944],[11.22901,64.82831],[11.2232,64.82566],[11.21813,64.82437],[11.21545,64.8242],[11.21072,64.82154],[11.21009,64.82063],[11.20673,64.81955]],[[11.25981,64.83223],[11.25844,64.83142],[11.2592,64.83113],[11.26195,64.83134],[11.26177,64.83082],[11.26061,64.8306]],[[11.64282,64.84138],[11.64246,64.83945],[11.63984,64.83735],[11.63638,64.83648],[11.62694,64.83224]],[[11.65559,64.84167],[11.65564,64.83839],[11.65429,64.83703],[11.65525,64.83579],[11.65807,64.8353],[11.66471,64.83593],[11.67009,64.83592],[11.67496,64.83545]],[[11.74492,64.84365],[11.74341,64.84345],[11.74203,64.84192],[11.73879,64.8405],[11.73148,64.83998]],[[11.76122,64.84401],[11.74882,64.84162],[11.74716,64.84185],[11.74757,64.84339],[11.74654,64.84369]],[[11.77655,64.84434],[11.77145,64.8428],[11.7702,64.8402],[11.76743,64.84016],[11.75809,64.83819],[11.75315,64.83573],[11.75903,64.83607],[11.7611,64.83551],[11.76315,64.83561],[11.76434,64.83662],[11.76648,64.83646],[11.7678,64.83717],[11.76785,64.83798],[11.77025,64.83883],[11.77153,64.83819],[11.76951,64.83756],[11.76926,64.83692],[11.77489,64.83807],[11.77751,64.8392],[11.77996,64.83949],[11.78686,64.84134],[11.79094,64.84181],[11.79184,64.84148],[11.78679,64.8398],[11.787,64.83918],[11.7912,64.83939],[11.79817,64.84048],[11.80216,64.84081],[11.80255,64.84057],[11.79639,64.839],[11.7964,64.83704],[11.7913,64.83543],[11.79083,64.83569],[11.79458,64.83758],[11.79458,64.8382],[11.78533,64.83768],[11.7782,64.83656],[11.77837,64.83594],[11.77704,64.83567],[11.777,64.83521],[11.7798,64.83509],[11.78253,64.83555],[11.78304,64.83507],[11.78156,64.83443],[11.7786,64.83464],[11.77706,64.83406],[11.7756,64.8341],[11.7724,64.83534],[11.7666,64.83449],[11.75829,64.83495],[11.74685,64.83358],[11.74323,64.83372],[11.74233,64.83407],[11.74066,64.83378],[11.73937,64.83282],[11.73514,64.83237],[11.73352,64.83138],[11.73253,64.8314]],[[11.74492,64.84365],[11.74654,64.84369]],[[11.00789,64.82567],[11.00894,64.8261],[11.01042,64.82573]],[[11.25981,64.83223],[11.26119,64.83267],[11.26186,64.83242],[11.26379,64.83264],[11.26519,64.83315]],[[11.09285,64.82793],[11.09647,64.82996],[11.09973,64.83007]],[[11.19484,64.83058],[11.20484,64.83296]],[[11.07233,64.82739],[11.07329,64.82905],[11.07512,64.82883],[11.07596,64.8295],[11.07527,64.8302],[11.07604,64.83071],[11.07809,64.82958],[11.07766,64.82875],[11.0788,64.82826],[11.07739,64.82752]],[[11.30974,64.83739],[11.30008,64.83577],[11.29844,64.83425],[11.29777,64.83551],[11.29516,64.83607],[11.30282,64.83751],[11.30966,64.838]],[[11.20473,64.83373],[11.19077,64.83067],[11.18852,64.83062],[11.18935,64.83149],[11.19199,64.83189],[11.19737,64.834],[11.20449,64.83542]],[[11.20484,64.83296],[11.21455,64.83481],[11.21715,64.83479],[11.22352,64.83572],[11.23737,64.83637],[11.2404,64.83601],[11.24821,64.8366],[11.2452,64.83482],[11.24253,64.83437],[11.24262,64.83336],[11.24069,64.83236],[11.2367,64.83164]],[[11.06427,64.83],[11.0645,64.82901],[11.06286,64.82904],[11.06227,64.82984],[11.06087,64.82858],[11.05968,64.82848],[11.05852,64.82887],[11.05913,64.83048],[11.06332,64.83231],[11.06386,64.832],[11.06326,64.83113],[11.06431,64.83091],[11.06427,64.83]],[[11.14385,64.8346],[11.13908,64.83267],[11.13755,64.83042],[11.13461,64.82902]],[[11.20449,64.83542],[11.21068,64.8364],[11.21463,64.83622],[11.21583,64.83677],[11.21774,64.83665],[11.21667,64.83603],[11.20473,64.83373]],[[11.00749,64.83037],[11.0085,64.83032],[11.00853,64.83129],[11.01007,64.83018],[11.01276,64.83084],[11.01267,64.83011],[11.01445,64.82984],[11.01502,64.8293],[11.01072,64.82648],[11.00882,64.82738],[11.00709,64.82641],[11.00538,64.82671],[11.00638,64.82848],[11.00736,64.82875],[11.00909,64.82835],[11.00946,64.82982],[11.00873,64.82995],[11.00578,64.82904],[11.00253,64.83019],[11.00385,64.83124],[11.0057,64.83171],[11.00749,64.83037]],[[11.27297,64.8393],[11.27181,64.83904],[11.26948,64.83962],[11.2695,64.84018],[11.27275,64.84191]],[[11.20431,64.83671],[11.20056,64.83637],[11.19659,64.83711],[11.19917,64.83792],[11.19863,64.83854],[11.19981,64.83972],[11.20368,64.84117]],[[11.14279,64.83535],[11.14482,64.83518],[11.14385,64.8346]],[[11.26519,64.83315],[11.2666,64.83411],[11.27346,64.83489],[11.27954,64.83477],[11.29149,64.83569],[11.29118,64.83595],[11.28702,64.83577],[11.28498,64.83613],[11.27963,64.836],[11.27789,64.83671],[11.28116,64.83768],[11.28773,64.83774],[11.28989,64.83734],[11.29248,64.83798],[11.29939,64.83872],[11.3047,64.83987],[11.30936,64.84021]],[[11.23461,64.83713],[11.22996,64.83693],[11.23377,64.8379],[11.24061,64.83851],[11.239,64.83781],[11.23461,64.83713]],[[11.08387,64.82769],[11.08377,64.82813],[11.08549,64.82904],[11.08462,64.83084],[11.08599,64.83319],[11.08771,64.83402],[11.09254,64.83511]],[[11.05561,64.83333],[11.05593,64.83141],[11.05145,64.82874],[11.05067,64.82911],[11.05157,64.83122],[11.05359,64.83306],[11.05108,64.83268],[11.05031,64.83378],[11.05323,64.83445],[11.05561,64.83333]],[[11.30966,64.838],[11.32025,64.83943],[11.3223,64.8401],[11.31782,64.84066],[11.31825,64.84105],[11.3264,64.84149],[11.32706,64.84115],[11.32624,64.84064],[11.32952,64.84024],[11.3218,64.83822],[11.31897,64.83843],[11.30974,64.83739]],[[11.09254,64.83511],[11.09318,64.83548],[11.09217,64.83567]],[[11.27275,64.84191],[11.27441,64.84259]],[[11.30798,64.84232],[11.30019,64.84041],[11.2981,64.84054],[11.295,64.84015],[11.2926,64.8393],[11.2879,64.83933],[11.28532,64.84002],[11.28048,64.84011],[11.27992,64.84051]],[[11.27992,64.84051],[11.27743,64.84087],[11.27694,64.83999],[11.27297,64.8393]],[[11.22336,64.84031],[11.22368,64.83897],[11.21931,64.83798],[11.20646,64.83728],[11.20431,64.83671]],[[11.09973,64.83007],[11.10411,64.8318],[11.10501,64.83323],[11.10819,64.83527],[11.11771,64.83777],[11.11979,64.83928]],[[11.14279,64.83535],[11.13922,64.83435],[11.13547,64.83258],[11.13333,64.83308],[11.12784,64.8306],[11.12392,64.82996],[11.11951,64.83017],[11.11915,64.83048],[11.12061,64.8315],[11.12385,64.83181],[11.12605,64.83234],[11.12834,64.83352],[11.13254,64.83423],[11.13585,64.8367],[11.13507,64.83689],[11.13129,64.83551],[11.12566,64.83431],[11.12374,64.83443],[11.11907,64.83254],[11.11627,64.83255],[11.11647,64.83347],[11.12478,64.83584],[11.12703,64.83704],[11.12711,64.83806],[11.12474,64.83868],[11.12535,64.83945]],[[11.15567,64.82957],[11.15732,64.83053],[11.1577,64.83137],[11.15686,64.83211],[11.16142,64.8382],[11.16214,64.83812],[11.16236,64.83634],[11.16061,64.83269],[11.16166,64.83228],[11.16509,64.83297],[11.16748,64.83425],[11.17239,64.83574],[11.17309,64.83632],[11.17292,64.83787],[11.17634,64.83945],[11.17863,64.84125]],[[11.07524,64.83676],[11.07237,64.83502],[11.07368,64.83419],[11.07285,64.8335],[11.07115,64.83314],[11.06887,64.83129],[11.06596,64.83057],[11.06808,64.83494],[11.07274,64.83635],[11.07259,64.83663],[11.07115,64.83662],[11.07113,64.83732],[11.07409,64.83862],[11.0758,64.83882],[11.07524,64.83676]],[[11.25156,64.84359],[11.2467,64.84159],[11.24175,64.84062],[11.23572,64.84075],[11.23499,64.84024],[11.23107,64.83963],[11.22554,64.84023]],[[11.0603,64.83671],[11.05974,64.83521],[11.05837,64.83435],[11.05771,64.83449],[11.05738,64.83585],[11.05539,64.83452],[11.05355,64.83482],[11.05544,64.83632],[11.05704,64.83632],[11.05759,64.83594],[11.0583,64.83615],[11.0582,64.8366],[11.05722,64.8365],[11.05686,64.83697],[11.06093,64.83882],[11.06196,64.83799],[11.0603,64.83671]],[[11.09217,64.83567],[11.08836,64.83513],[11.08707,64.83553],[11.09175,64.83825],[11.09342,64.83871],[11.09442,64.84003],[11.09816,64.84093]],[[11.17863,64.84125],[11.1806,64.84179],[11.18025,64.8398],[11.18213,64.83858],[11.18597,64.83969],[11.18572,64.83999],[11.18402,64.84001],[11.18394,64.84052],[11.18715,64.84144],[11.1874,64.84061],[11.18834,64.8407],[11.19486,64.84275],[11.19538,64.84355]],[[11.79015,64.85723],[11.7892,64.85767],[11.79076,64.86013],[11.79544,64.86122],[11.79602,64.86085],[11.79556,64.8593],[11.79301,64.85892],[11.79015,64.85723]],[[11.26613,64.84481],[11.2638,64.84456],[11.26304,64.84511],[11.26651,64.8455],[11.26697,64.84514],[11.26613,64.84481]],[[11.01584,64.83693],[11.01374,64.83644],[11.01152,64.83731],[11.01435,64.83901],[11.01585,64.83929],[11.01802,64.83778],[11.01584,64.83693]],[[11.09817,64.84093],[11.09956,64.84115],[11.0996,64.84152]],[[11.01577,64.82588],[11.01762,64.82847],[11.01951,64.82905],[11.02614,64.82987],[11.02397,64.83059],[11.0217,64.83031],[11.02003,64.82953],[11.01766,64.82983],[11.01832,64.83062],[11.02063,64.83111],[11.02015,64.8324],[11.02178,64.83365],[11.02296,64.83719],[11.02443,64.83802],[11.02887,64.83927],[11.03289,64.8392],[11.03516,64.84003],[11.03615,64.8398],[11.03737,64.83837],[11.03521,64.83754],[11.03344,64.83597],[11.03351,64.83534],[11.0355,64.83427],[11.03372,64.83239],[11.03451,64.83185],[11.03418,64.83135],[11.03202,64.83043],[11.03129,64.82752],[11.03016,64.82626]],[[11.05234,64.83787],[11.05186,64.8376],[11.04932,64.83806],[11.04915,64.83941],[11.05127,64.84029],[11.05331,64.84054],[11.05436,64.84032],[11.05234,64.83787]],[[11.2629,64.84643],[11.25708,64.84545],[11.25812,64.84454],[11.26026,64.84426],[11.25982,64.84352],[11.2583,64.84303],[11.25478,64.84259],[11.25428,64.84336],[11.25156,64.84359]],[[11.27553,64.84673],[11.27192,64.8456],[11.27042,64.84556],[11.27197,64.84649],[11.27553,64.84673]],[[11.09794,64.84242],[11.0996,64.84152]],[[11.09794,64.84242],[11.09676,64.84252],[11.0978,64.84339]],[[11.11979,64.83928],[11.12489,64.84154],[11.13354,64.84364]],[[11.13479,64.84382],[11.12961,64.84157],[11.12798,64.84019],[11.12535,64.83945]],[[11.13354,64.84364],[11.13479,64.84382]],[[11.06179,64.84194],[11.06443,64.84181],[11.06505,64.84102],[11.06123,64.84006],[11.05659,64.8381],[11.05531,64.8381],[11.05554,64.83913],[11.06044,64.84122],[11.06083,64.84199],[11.06179,64.84194]],[[11.07338,64.84194],[11.07265,64.84163],[11.07058,64.8417],[11.07011,64.84136],[11.07131,64.84089],[11.07012,64.84026],[11.06712,64.84048],[11.07059,64.84243],[11.07338,64.84194]],[[11.00662,64.83853],[11.00379,64.83938],[11.00384,64.84045],[11.00803,64.84086],[11.00947,64.84021],[11.00662,64.83853]],[[11.27441,64.84259],[11.2772,64.84584],[11.28209,64.84696],[11.28584,64.84833],[11.28675,64.84835],[11.2893,64.84739],[11.29709,64.84701],[11.29928,64.84722],[11.29973,64.84821],[11.30316,64.84909]],[[11.2734,64.84708],[11.27206,64.84714],[11.27248,64.848],[11.27481,64.8485],[11.27613,64.8484],[11.27611,64.84804],[11.2734,64.84708]],[[11.19538,64.84355],[11.20286,64.84696]],[[11.30316,64.84909],[11.30287,64.84952],[11.30206,64.84948]],[[11.09594,64.85617],[11.10283,64.85752],[11.10836,64.8593]],[[11.29291,64.84936],[11.28854,64.84948],[11.29136,64.85005],[11.29414,64.85014],[11.29427,64.8497],[11.29291,64.84936]],[[11.26303,64.8502],[11.26508,64.8501],[11.26438,64.84938],[11.26726,64.8496],[11.26819,64.84931],[11.26725,64.84654],[11.26628,64.84641],[11.26644,64.84716],[11.26506,64.84748],[11.2629,64.84643]],[[11.05461,64.84182],[11.05152,64.8417],[11.05077,64.84213],[11.05636,64.84502],[11.05958,64.84537],[11.06029,64.845],[11.05972,64.84438],[11.05461,64.84182]],[[11.30206,64.84948],[11.29462,64.84824],[11.29347,64.84854],[11.29459,64.84947],[11.2982,64.85042],[11.30553,64.85174],[11.3078,64.85154]],[[11.09752,64.84532],[11.10285,64.84675],[11.10508,64.84619],[11.10142,64.84524],[11.0978,64.84339]],[[11.07383,64.84562],[11.07138,64.84501],[11.07039,64.84596],[11.07447,64.84736],[11.07519,64.84649],[11.07383,64.84562]],[[11.09744,64.84587],[11.10293,64.8484]],[[11.6233,64.86125],[11.62702,64.8607],[11.62975,64.86099],[11.63068,64.85993]],[[11.04137,64.8452],[11.03986,64.84511],[11.0387,64.84605],[11.039,64.84664],[11.04037,64.84697],[11.04289,64.84665],[11.04137,64.8452]],[[11.30765,64.85263],[11.30584,64.85288],[11.29967,64.85215],[11.29845,64.85153],[11.29674,64.85156],[11.29574,64.85079],[11.29409,64.85085],[11.29397,64.85204],[11.29316,64.85217],[11.28983,64.85105],[11.28776,64.85098],[11.28727,64.85168],[11.29128,64.85255],[11.29936,64.85265],[11.30745,64.85408]],[[11.05871,64.84762],[11.05982,64.84673],[11.0592,64.84621],[11.05429,64.84557],[11.05198,64.84602],[11.05109,64.84502],[11.0494,64.84488],[11.04837,64.84519],[11.04915,64.84638],[11.05104,64.84667],[11.05197,64.84635],[11.05407,64.84713],[11.05871,64.84762]],[[11.30745,64.85408],[11.31035,64.85418],[11.30938,64.85355],[11.31021,64.85304],[11.3088,64.85257],[11.30765,64.85263]],[[11.76122,64.84401],[11.76768,64.84736],[11.76718,64.84904],[11.76822,64.85004],[11.77046,64.85028],[11.77337,64.85147],[11.77694,64.85528],[11.78032,64.85712],[11.78302,64.85798],[11.78427,64.85973],[11.78704,64.86092],[11.78927,64.86104],[11.79239,64.86184],[11.7991,64.86426],[11.8047,64.86572],[11.80591,64.86469],[11.79746,64.86143],[11.79757,64.85919],[11.79972,64.85931],[11.8011,64.86111],[11.80209,64.86135],[11.80349,64.86101],[11.80621,64.86144],[11.80945,64.86093],[11.81224,64.86157],[11.81524,64.86168],[11.81744,64.86052],[11.81449,64.85812],[11.80645,64.85673],[11.80106,64.85624],[11.7991,64.85449],[11.79958,64.8532],[11.79856,64.85242],[11.80132,64.85234],[11.80165,64.85188],[11.79672,64.85054],[11.79576,64.84993],[11.79598,64.84907],[11.79251,64.84801],[11.78478,64.84816],[11.78182,64.84643],[11.77655,64.84434]],[[11.09732,64.84669],[11.10233,64.84902]],[[11.01722,64.84419],[11.01631,64.84412],[11.01555,64.8449],[11.01569,64.84589],[11.01692,64.84683],[11.02058,64.84673],[11.02204,64.84633],[11.02193,64.84572],[11.01894,64.84544],[11.01722,64.84419]],[[11.20368,64.84117],[11.20592,64.84182],[11.21093,64.84238],[11.2109,64.843],[11.20936,64.84332],[11.21025,64.84392],[11.21208,64.84392],[11.21216,64.84535],[11.21754,64.84721],[11.22588,64.85163],[11.22787,64.85182],[11.2311,64.85289],[11.23266,64.85278]],[[11.63068,64.85993],[11.63693,64.86034],[11.64548,64.8592],[11.64866,64.86058],[11.65073,64.86088],[11.65687,64.86352],[11.65824,64.86356],[11.65889,64.863],[11.6543,64.85642],[11.64911,64.8526],[11.64557,64.84845],[11.64516,64.84567],[11.6427,64.84225],[11.64282,64.84138]],[[11.33758,64.85503],[11.33429,64.85457],[11.33333,64.85483],[11.33733,64.856],[11.3408,64.85596],[11.33758,64.85503]],[[11.31985,64.85381],[11.31745,64.85392],[11.32222,64.85583],[11.32514,64.8559],[11.32276,64.85405],[11.31985,64.85381]],[[11.23266,64.85278],[11.23517,64.85188],[11.23607,64.85286],[11.24768,64.85451],[11.25007,64.8542],[11.25095,64.85327],[11.24534,64.85245],[11.24518,64.852],[11.25481,64.85131],[11.25489,64.85185],[11.25635,64.85232],[11.25417,64.85296],[11.25323,64.85375],[11.25686,64.85403],[11.25745,64.85456],[11.25923,64.8538],[11.25983,64.85223],[11.26128,64.85212],[11.26175,64.85169],[11.25349,64.85065],[11.24976,64.84997],[11.24858,64.84941],[11.25189,64.84919],[11.26303,64.8502]],[[11.05575,64.84778],[11.05019,64.84736],[11.04898,64.8477],[11.05191,64.84973],[11.05503,64.85006],[11.0575,64.84916],[11.05812,64.84837],[11.05575,64.84778]],[[11.3078,64.85154],[11.30943,64.85076],[11.32591,64.85319],[11.32626,64.85253],[11.32403,64.8513],[11.32461,64.85106],[11.33325,64.85335],[11.34635,64.85498],[11.34678,64.8554],[11.34594,64.85624],[11.35236,64.85785],[11.35775,64.85787]],[[11.04232,64.84978],[11.03442,64.84696],[11.03266,64.84675],[11.03471,64.84901],[11.04127,64.85025],[11.04233,64.85018],[11.04232,64.84978]],[[11.30721,64.85586],[11.30571,64.85671],[11.30321,64.85659],[11.30135,64.85587],[11.29815,64.85548],[11.30129,64.85478],[11.2987,64.85366],[11.29383,64.85301],[11.29253,64.85332],[11.29068,64.85319],[11.28756,64.85267],[11.28568,64.85355],[11.28521,64.85439],[11.28772,64.85557],[11.28701,64.85575],[11.284,64.85526],[11.28249,64.8555],[11.28163,64.85598],[11.28239,64.85672]],[[11.22225,64.85583],[11.21976,64.85457],[11.21735,64.85243],[11.21261,64.85013],[11.20286,64.84696]],[[11.35775,64.85787],[11.36069,64.85819],[11.36157,64.85928],[11.36366,64.85961],[11.36614,64.85815],[11.36762,64.85784],[11.37013,64.85762],[11.37156,64.85815]],[[11.09732,64.84669],[11.09101,64.845],[11.08997,64.84594],[11.08903,64.84595],[11.087,64.84388],[11.08596,64.84433],[11.08471,64.84428],[11.08514,64.84307],[11.0832,64.8428],[11.08284,64.84189],[11.08395,64.84156],[11.08492,64.84223],[11.08598,64.84193],[11.08206,64.84009],[11.08299,64.83945],[11.08114,64.83813],[11.07792,64.83719],[11.07757,64.83675],[11.07692,64.83684],[11.0779,64.83861],[11.07998,64.83898],[11.07745,64.83934],[11.07739,64.83994],[11.08086,64.84106],[11.07982,64.84131],[11.07752,64.84066],[11.07678,64.84108],[11.07913,64.84312],[11.0798,64.84468],[11.08254,64.84483],[11.08423,64.84545],[11.08267,64.84675],[11.0862,64.85022],[11.08737,64.85051],[11.08909,64.85018],[11.08988,64.85148],[11.09232,64.85276],[11.0933,64.85279]],[[11.30721,64.85586],[11.31358,64.85619],[11.3159,64.85673],[11.31246,64.85787],[11.3126,64.85818],[11.32691,64.85882]],[[11.32691,64.85882],[11.33448,64.85908]],[[11.61308,64.8666],[11.6124,64.86591],[11.61273,64.86489],[11.61765,64.86294],[11.61947,64.86122],[11.6233,64.86125]],[[11.28239,64.85672],[11.28099,64.85719],[11.27852,64.85722],[11.27856,64.85797],[11.28056,64.85868],[11.2884,64.85869]],[[11.26889,64.85599],[11.265,64.85574],[11.26211,64.85613],[11.26392,64.85755],[11.26704,64.85785],[11.26792,64.85773],[11.26889,64.85599]],[[11.0933,64.85279],[11.0963,64.85374]],[[11.30074,64.85838],[11.29188,64.85881],[11.29868,64.85923],[11.30158,64.85895],[11.30074,64.85838]],[[11.03721,64.8499],[11.03496,64.84966],[11.03265,64.85026],[11.03263,64.85158],[11.03939,64.85279],[11.04046,64.85228],[11.0405,64.85108],[11.03721,64.8499]],[[11.08718,64.85285],[11.08557,64.85268],[11.0856,64.85388],[11.08718,64.85439],[11.08909,64.85441],[11.08897,64.8537],[11.08718,64.85285]],[[11.61308,64.8666],[11.61405,64.86731],[11.61646,64.86785],[11.62264,64.86651]],[[11.00772,64.85221],[11.00441,64.85166],[11.00309,64.85166],[11.00259,64.85204],[11.00657,64.85309],[11.00913,64.85296],[11.00772,64.85221]],[[11.07372,64.85425],[11.07322,64.85468],[11.06857,64.85508]],[[11.08789,64.85607],[11.08387,64.85498],[11.08266,64.85546],[11.08166,64.85493],[11.08004,64.85517],[11.07393,64.85058],[11.06958,64.84922],[11.06641,64.84903],[11.06545,64.85077],[11.06797,64.85257],[11.06552,64.85277],[11.06637,64.85367],[11.0672,64.85392],[11.07348,64.85388],[11.07372,64.85425]],[[11.41568,64.86502],[11.41736,64.86498],[11.42112,64.86335],[11.42319,64.86324],[11.42704,64.86439],[11.4284,64.86434],[11.43196,64.8651],[11.43387,64.865]],[[11.37156,64.85815],[11.37325,64.85859],[11.37725,64.85877],[11.38485,64.86022],[11.38609,64.86058],[11.38552,64.86113],[11.38719,64.86154],[11.39582,64.86299],[11.40671,64.86408],[11.41158,64.86506]],[[11.41158,64.86506],[11.41568,64.86502]],[[11.43387,64.865],[11.44663,64.86597],[11.45139,64.86541],[11.45431,64.86594],[11.47095,64.86618],[11.48932,64.86699],[11.49561,64.8661],[11.49662,64.86658],[11.50697,64.86753],[11.51195,64.86444],[11.51294,64.86441],[11.51509,64.86561],[11.51714,64.86556]],[[11.08789,64.85607],[11.08963,64.85678],[11.09005,64.85778]],[[11.0128,64.85496],[11.00856,64.85433],[11.00788,64.85463],[11.00893,64.85538],[11.0108,64.85572],[11.0133,64.8557],[11.01385,64.85522],[11.0128,64.85496]],[[11.09005,64.85778],[11.09067,64.85852],[11.09186,64.85882],[11.09183,64.85618],[11.09479,64.8559],[11.09594,64.85617]],[[11.10836,64.8593],[11.11193,64.8596],[11.11013,64.85844],[11.10696,64.85773],[11.10555,64.85668],[11.10143,64.85621],[11.0963,64.85374]],[[11.04724,64.8574],[11.04953,64.85749],[11.05012,64.85722],[11.04923,64.85512],[11.04959,64.85391],[11.04772,64.85158],[11.04396,64.85067],[11.0429,64.85108],[11.04228,64.85307],[11.04334,64.85489],[11.04443,64.8556],[11.04644,64.85605],[11.04482,64.85669],[11.04597,64.85732],[11.04571,64.85775],[11.04791,64.8586],[11.04922,64.85809],[11.04724,64.8574]],[[11.33448,64.85908],[11.34248,64.86042],[11.35431,64.86315],[11.37489,64.86461],[11.38023,64.86602],[11.38453,64.8664],[11.39058,64.86636],[11.39567,64.86771],[11.4033,64.86883],[11.4072,64.86889],[11.41099,64.86944]],[[11.45994,64.87215],[11.45691,64.87168],[11.45235,64.87156]],[[11.65559,64.84167],[11.6556,64.84245],[11.65746,64.84302],[11.65946,64.84457],[11.66365,64.8461],[11.66825,64.85012],[11.66521,64.85379],[11.66284,64.85477],[11.66371,64.85524],[11.66599,64.85552],[11.6699,64.85758],[11.67006,64.85941],[11.67205,64.86051],[11.67769,64.8612],[11.68045,64.86337],[11.6938,64.86485],[11.69982,64.86478],[11.70176,64.86418],[11.7068,64.86475],[11.71358,64.86458],[11.71599,64.86537],[11.71595,64.86706],[11.71745,64.86856],[11.71317,64.86861],[11.71332,64.86976],[11.71072,64.87044],[11.70712,64.86973],[11.70266,64.86756],[11.69053,64.86784],[11.69137,64.86909],[11.69054,64.86964],[11.69449,64.87091],[11.69511,64.87214],[11.69386,64.87284],[11.69751,64.87354],[11.70958,64.87465],[11.7268,64.87846]],[[11.44198,64.87194],[11.44505,64.87086],[11.45235,64.87156]],[[11.45994,64.87215],[11.47081,64.87252],[11.47421,64.87309]],[[11.00615,64.86043],[11.01033,64.85995],[11.00937,64.85922],[11.00323,64.85799],[11.0027,64.85908],[11.00582,64.86019],[11.00406,64.8605],[11.00431,64.8613],[11.00632,64.86199],[11.00763,64.86147],[11.00615,64.86043]],[[11.26621,64.86459],[11.2675,64.864],[11.26706,64.86279],[11.26601,64.8621],[11.26179,64.86152],[11.25972,64.86238],[11.26223,64.86391],[11.26203,64.86429],[11.25457,64.86323],[11.25286,64.86374],[11.25468,64.86552],[11.26003,64.86782],[11.26721,64.86878],[11.27073,64.86838],[11.27271,64.86768],[11.27242,64.86676],[11.26886,64.86558],[11.26413,64.86502],[11.26621,64.86459]],[[11.47421,64.87309],[11.4824,64.87348],[11.48831,64.87431]],[[11.41099,64.86944],[11.41626,64.87028],[11.42387,64.87282]],[[11.44032,64.87175],[11.43653,64.87055],[11.43206,64.87092],[11.4277,64.87013],[11.4246,64.87015],[11.42426,64.87052],[11.42637,64.87191],[11.42675,64.87292]],[[11.06567,64.8623],[11.06352,64.86208],[11.06235,64.86355],[11.06286,64.86408],[11.06595,64.86551],[11.07133,64.86623],[11.07127,64.86549],[11.06567,64.8623]],[[11.42387,64.87282],[11.4259,64.87388],[11.42675,64.87292]],[[11.2563,64.87009],[11.25668,64.86959],[11.25497,64.86755],[11.25253,64.86569],[11.24102,64.86145],[11.23747,64.85952],[11.23523,64.85917],[11.23332,64.85981],[11.23278,64.85927],[11.23009,64.85919],[11.23007,64.86021],[11.23174,64.86199],[11.23051,64.8623],[11.22934,64.86206],[11.2285,64.86063],[11.22585,64.8587],[11.22474,64.85664],[11.22225,64.85583]],[[11.2884,64.85869],[11.29048,64.8589],[11.2843,64.86001],[11.28277,64.85943],[11.28103,64.85952],[11.27946,64.86008],[11.27989,64.86036],[11.28116,64.86021],[11.28237,64.86106],[11.2812,64.86282],[11.28184,64.86431],[11.28042,64.86516],[11.28011,64.86617],[11.28597,64.87062],[11.28993,64.87129]],[[11.48831,64.87431],[11.49478,64.87479],[11.4991,64.87597],[11.50245,64.8753],[11.50308,64.8764],[11.50688,64.87633],[11.50938,64.87713],[11.5104,64.8771],[11.51343,64.87586],[11.51579,64.87601]],[[11.2563,64.87009],[11.25756,64.87034],[11.25984,64.87195],[11.26087,64.87169],[11.26069,64.87079]],[[11.62264,64.86651],[11.62742,64.86705],[11.6284,64.86778],[11.63046,64.86829],[11.63713,64.86678],[11.64159,64.86794],[11.6431,64.86902],[11.64511,64.86913],[11.6462,64.86864],[11.64947,64.8687],[11.65355,64.87113],[11.65459,64.87116],[11.65577,64.87048],[11.65834,64.87099],[11.65853,64.87283],[11.66059,64.87368],[11.66249,64.87379],[11.66398,64.87259],[11.66607,64.87258],[11.67267,64.8758],[11.67501,64.87599],[11.67573,64.87547],[11.67713,64.87541],[11.67991,64.87651],[11.68217,64.87613],[11.68285,64.87509],[11.6887,64.87557],[11.70056,64.87831],[11.70442,64.88019],[11.70707,64.88066],[11.70876,64.88025],[11.71693,64.88192],[11.72064,64.88228],[11.72612,64.88405]],[[11.74989,64.88242],[11.7471,64.88197],[11.75025,64.88329],[11.75768,64.88516],[11.75699,64.8846],[11.74989,64.88242]],[[11.06857,64.85508],[11.06241,64.85379],[11.06048,64.85372],[11.05915,64.85441],[11.06497,64.8587],[11.0668,64.86072],[11.07147,64.86217],[11.07173,64.86351],[11.07297,64.86403],[11.07533,64.86656],[11.08254,64.86978]],[[11.26818,64.87292],[11.26702,64.87301],[11.26772,64.8742],[11.27139,64.87548],[11.27154,64.87468],[11.26818,64.87292]],[[11.05173,64.87177],[11.04858,64.86781],[11.04628,64.86637],[11.04627,64.86409],[11.04692,64.86361],[11.04343,64.86157],[11.04222,64.86113],[11.03992,64.86138],[11.04,64.86327],[11.03761,64.86342],[11.03684,64.86254],[11.03441,64.86167],[11.03147,64.8614],[11.03096,64.86034],[11.02921,64.8593],[11.02732,64.85868],[11.02575,64.85871],[11.02676,64.86077],[11.02825,64.86189],[11.03058,64.86223],[11.03182,64.8619],[11.03385,64.86375],[11.03591,64.86464],[11.03609,64.8656],[11.03418,64.86612],[11.0359,64.8694],[11.03814,64.87088],[11.04014,64.87096],[11.04207,64.87152]],[[11.51714,64.86556],[11.52065,64.86497],[11.52511,64.86323],[11.52576,64.86353],[11.52563,64.86551],[11.52911,64.86691],[11.52869,64.86851],[11.53164,64.869],[11.53246,64.8697],[11.54489,64.87044],[11.55188,64.87155],[11.55562,64.87172],[11.56083,64.87126],[11.56789,64.87235],[11.56853,64.87184],[11.56678,64.86881],[11.56211,64.86459],[11.56467,64.86422],[11.56773,64.8674],[11.56924,64.86811],[11.57302,64.86824],[11.57593,64.87061],[11.58174,64.87262],[11.58921,64.87328],[11.59162,64.87597],[11.59711,64.87739],[11.59966,64.87897],[11.60325,64.87987],[11.60366,64.88219],[11.60591,64.8817],[11.6086,64.88176],[11.62039,64.88446]],[[11.28993,64.87129],[11.29117,64.87182],[11.29011,64.87391],[11.29109,64.87505],[11.29965,64.87694]],[[11.01074,64.86962],[11.01057,64.86785],[11.00847,64.86805],[11.00158,64.86634],[10.99972,64.86658]],[[10.99987,64.86703],[11.00146,64.86753],[10.99926,64.86839]],[[11.26853,64.8766],[11.26313,64.87361],[11.26518,64.87304],[11.2634,64.87106],[11.25994,64.86846],[11.2578,64.86807],[11.25766,64.86849],[11.26069,64.87079]],[[11.07672,64.87243],[11.07287,64.87045],[11.07162,64.86645],[11.07341,64.8674],[11.08153,64.86973]],[[11.26853,64.8766],[11.26985,64.87676],[11.27092,64.87743]],[[11.57625,64.88478],[11.57602,64.88444],[11.57094,64.88361],[11.56979,64.88463]],[[11.58434,64.88496],[11.58088,64.88362],[11.57755,64.88361],[11.57583,64.88252],[11.57622,64.88185],[11.57478,64.88133],[11.57356,64.88134],[11.57339,64.88247],[11.57046,64.88315],[11.56906,64.88217],[11.56905,64.88096],[11.56678,64.87976],[11.56365,64.8798],[11.55962,64.87821],[11.55668,64.87773],[11.55063,64.87783],[11.54725,64.87653],[11.54306,64.87606],[11.53811,64.87486],[11.53677,64.87481],[11.53669,64.87541],[11.53501,64.8758],[11.53292,64.8754],[11.52355,64.87553],[11.5208,64.87674],[11.5184,64.87578],[11.51579,64.87601]],[[11.63617,64.88614],[11.6265,64.88464],[11.62039,64.88446]],[[11.64787,64.88641],[11.64619,64.88587],[11.64282,64.88617],[11.63868,64.88592],[11.63788,64.88618]],[[11.01117,64.87069],[11.01074,64.86962]],[[11.02306,64.87101],[11.02083,64.86996],[11.0175,64.86952],[11.01714,64.87017],[11.01791,64.87087]],[[11.03098,64.87122],[11.02733,64.87083],[11.02477,64.86994],[11.02397,64.87023],[11.02389,64.87103]],[[11.74499,64.88857],[11.73465,64.88562],[11.7324,64.88582],[11.72968,64.88462],[11.72612,64.88405]],[[11.76426,64.88899],[11.75814,64.88717],[11.75649,64.88608],[11.75706,64.88578],[11.75985,64.88587],[11.76436,64.88541],[11.7652,64.88469],[11.7648,64.88335],[11.76386,64.88289],[11.75342,64.88179],[11.7451,64.87971],[11.74348,64.87966],[11.74239,64.8804],[11.74648,64.88158],[11.74615,64.8819],[11.74138,64.88111],[11.73998,64.88017],[11.74156,64.87976],[11.74017,64.87904],[11.73376,64.8789],[11.73237,64.87963],[11.7268,64.87846]],[[11.63617,64.88614],[11.63788,64.88618]],[[11.30043,64.87817],[11.30288,64.88034]],[[11.01791,64.87087],[11.02009,64.87234],[11.02309,64.87343],[11.02389,64.87319],[11.02306,64.87101]],[[11.08638,64.8755],[11.0884,64.87492],[11.08873,64.87592]],[[11.03098,64.87122],[11.03944,64.87216],[11.04066,64.87299],[11.04095,64.87431],[11.04248,64.87521],[11.04337,64.87502],[11.0433,64.87424],[11.04463,64.87428],[11.04588,64.87487],[11.04686,64.87471],[11.04636,64.87397],[11.04368,64.87342],[11.04419,64.87245],[11.04207,64.87152]],[[11.07672,64.87243],[11.07879,64.87369],[11.08073,64.87586],[11.08281,64.87637],[11.08638,64.8755]],[[11.5392,64.88855],[11.5409,64.88702]],[[11.64787,64.88641],[11.65142,64.88789],[11.65613,64.89133],[11.65864,64.89136],[11.65624,64.88793],[11.6571,64.88724],[11.66113,64.88778],[11.66436,64.88744],[11.6656,64.88782],[11.66601,64.88882]],[[11.08873,64.87592],[11.09021,64.87775],[11.09172,64.87798],[11.09265,64.87881]],[[11.28684,64.88239],[11.28558,64.88204],[11.28536,64.88281],[11.28778,64.88403],[11.28804,64.88324],[11.28684,64.88239]],[[11.58434,64.88496],[11.58477,64.88621],[11.58642,64.88678],[11.59165,64.88776],[11.59411,64.88765],[11.59698,64.88696],[11.59878,64.88722],[11.59911,64.88822],[11.6096,64.89114],[11.61594,64.89239],[11.61938,64.89248]],[[11.05515,64.87867],[11.05507,64.87789],[11.0589,64.8775],[11.05764,64.87653],[11.05658,64.87672],[11.05651,64.87737],[11.05486,64.87678],[11.05192,64.87231]],[[10.99978,64.87283],[11.00092,64.87291],[11.0022,64.87376],[11.00361,64.87388],[11.00585,64.87491],[11.01035,64.87585],[11.00996,64.87617],[11.00852,64.87605],[11.00856,64.87652],[11.01292,64.87789],[11.01629,64.87825],[11.0169,64.87773],[11.01293,64.87635],[11.01722,64.87657],[11.01801,64.87579],[11.01563,64.87422],[11.01408,64.87219],[11.01117,64.87069]],[[11.65402,64.89309],[11.65228,64.89256],[11.65052,64.89253],[11.64423,64.89044],[11.64262,64.89032],[11.64259,64.89067],[11.64704,64.89237],[11.65132,64.89318],[11.65298,64.894],[11.65557,64.89427],[11.65402,64.89309]],[[11.09265,64.87881],[11.09638,64.88105]],[[11.30297,64.88666],[11.29568,64.88342]],[[11.09638,64.88105],[11.10059,64.88298]],[[11.30376,64.88097],[11.30602,64.88222],[11.3173,64.88538],[11.31843,64.88601],[11.31894,64.88768],[11.32474,64.88876]],[[11.07392,64.94167],[11.07162,64.94142],[11.07034,64.94197],[11.07265,64.94283],[11.07371,64.94277],[11.07505,64.9423],[11.07392,64.94167]],[[11.27092,64.87743],[11.27094,64.87899],[11.26992,64.87928],[11.26843,64.87891],[11.26767,64.87988],[11.26992,64.88044],[11.26881,64.88127],[11.27147,64.88253],[11.2739,64.88485],[11.27553,64.88478],[11.27511,64.88361],[11.27672,64.88183],[11.27776,64.88225],[11.27709,64.88358],[11.27798,64.88464],[11.28069,64.88573],[11.28381,64.88635],[11.28704,64.88804]],[[11.5409,64.88702],[11.54431,64.88706],[11.54916,64.88812],[11.54684,64.88951],[11.54765,64.89007],[11.55162,64.89109],[11.55218,64.8922],[11.54755,64.89446],[11.54858,64.89469],[11.55165,64.8934],[11.55507,64.89476],[11.554,64.89233],[11.55756,64.89115],[11.55927,64.88914],[11.56767,64.88922],[11.56878,64.88892],[11.56886,64.8882],[11.57138,64.8876],[11.57127,64.88604],[11.56979,64.88463]],[[11.02389,64.87103],[11.02509,64.8727],[11.0241,64.87507],[11.02479,64.87569],[11.02609,64.87536],[11.03158,64.87754],[11.0435,64.88052],[11.0472,64.88074],[11.05482,64.88247],[11.05731,64.88214],[11.05901,64.88257],[11.06109,64.88244],[11.0605,64.87997],[11.05515,64.87867]],[[11.10059,64.88298],[11.10722,64.88517],[11.11577,64.88592],[11.11856,64.88674],[11.12075,64.88681],[11.12354,64.88799]],[[11.76426,64.88899],[11.7679,64.88972],[11.76935,64.8913],[11.77197,64.8921],[11.80571,64.89846],[11.81062,64.89901],[11.81667,64.90057],[11.8244,64.90146],[11.82526,64.90231],[11.82948,64.90371]],[[11.08081,64.88523],[11.07961,64.88243],[11.07504,64.8791],[11.07059,64.87851],[11.06762,64.87768],[11.06396,64.87779],[11.06363,64.88022],[11.06443,64.88182],[11.06708,64.8838],[11.06991,64.88369],[11.07568,64.88625],[11.07841,64.8861],[11.08081,64.88523]],[[11.30718,64.89112],[11.3119,64.89244],[11.31344,64.89242],[11.31404,64.89173],[11.31271,64.89054],[11.31328,64.88965],[11.31185,64.88871],[11.30594,64.88707],[11.30297,64.88666]],[[11.32474,64.88876],[11.32788,64.88949],[11.3311,64.88933],[11.33105,64.88992],[11.33243,64.89046],[11.339,64.89154],[11.33961,64.89197],[11.33863,64.89256],[11.33873,64.89322],[11.34077,64.89308],[11.34523,64.89376],[11.3493,64.89352],[11.35083,64.89377]],[[11.04991,64.88681],[11.05108,64.88668],[11.05104,64.88636],[11.0488,64.88573],[11.04733,64.88566],[11.04782,64.8864],[11.0438,64.88573],[11.04304,64.88601],[11.0437,64.88689],[11.04734,64.88757],[11.04995,64.88746],[11.04991,64.88681]],[[11.35083,64.89377],[11.35652,64.89579],[11.35722,64.89659]],[[11.29568,64.88342],[11.29419,64.88312],[11.29348,64.88223],[11.29129,64.88203],[11.29029,64.88232],[11.29166,64.88512],[11.29362,64.88599],[11.29328,64.88804],[11.29612,64.88921],[11.29658,64.8901],[11.29588,64.89052],[11.29687,64.89187],[11.29918,64.89421],[11.30176,64.89551]],[[11.12262,64.88959],[11.12051,64.88931],[11.12128,64.89081],[11.12445,64.89116],[11.1252,64.89052],[11.12262,64.88959]],[[11.6654,64.88907],[11.66459,64.88893],[11.66406,64.88925],[11.67013,64.89043],[11.67329,64.89192],[11.67695,64.89459],[11.67973,64.89547],[11.68104,64.89686],[11.68396,64.89743],[11.68377,64.89831],[11.68177,64.89865],[11.68178,64.89894],[11.68904,64.89994],[11.69367,64.90009],[11.70071,64.90204],[11.7039,64.90254],[11.70674,64.90357],[11.71364,64.90457],[11.71457,64.90414],[11.71921,64.90484],[11.72099,64.90546],[11.72065,64.90605],[11.72338,64.90658]],[[11.02395,64.88819],[11.02278,64.88793],[11.022,64.88885],[11.02349,64.89048],[11.02771,64.89062],[11.02732,64.88986],[11.02395,64.88819]],[[11.61938,64.89248],[11.63742,64.89463],[11.6446,64.89695],[11.64748,64.89744],[11.65009,64.89932],[11.65283,64.89997],[11.65398,64.89968],[11.65557,64.90046],[11.65968,64.90122],[11.66223,64.90083],[11.6666,64.90286],[11.66782,64.9024],[11.67158,64.90379],[11.68468,64.90703],[11.68633,64.90653],[11.68878,64.90655],[11.68537,64.90563],[11.68374,64.90461],[11.68443,64.90401],[11.68954,64.90358],[11.6936,64.90425],[11.69747,64.90438],[11.70293,64.90592],[11.70755,64.90619],[11.71291,64.90756],[11.71537,64.90732],[11.71123,64.90647],[11.71079,64.9061],[11.71149,64.90582],[11.71997,64.90682],[11.72323,64.90774]],[[11.12354,64.88799],[11.12924,64.89164],[11.13324,64.893],[11.1394,64.89419]],[[11.30176,64.89551],[11.30303,64.89574],[11.30776,64.89825],[11.30943,64.89843],[11.30985,64.89634],[11.30819,64.89296],[11.30719,64.89242],[11.30488,64.8921],[11.30358,64.89131],[11.30407,64.89104],[11.30718,64.89112]],[[11.28704,64.88804],[11.30135,64.89843]],[[11.32094,64.89722],[11.31765,64.89596],[11.31519,64.89652],[11.31158,64.89529],[11.31292,64.897],[11.31528,64.89656],[11.31877,64.89873],[11.32005,64.89898],[11.32216,64.89789],[11.32094,64.89722]],[[11.72323,64.90774],[11.72912,64.90871],[11.72979,64.90797],[11.72338,64.90658]],[[11.27927,64.90484],[11.27965,64.90376],[11.28043,64.90324],[11.28152,64.90325],[11.28475,64.90544],[11.28736,64.90535],[11.29081,64.90667],[11.29458,64.90748],[11.30003,64.90801]],[[11.74499,64.88857],[11.75556,64.89215],[11.75729,64.89329],[11.7623,64.89392],[11.76607,64.89549],[11.77525,64.89764],[11.78067,64.89848],[11.79512,64.90308],[11.80274,64.9053],[11.80561,64.90576],[11.80752,64.90711],[11.8152,64.90847],[11.81863,64.90858],[11.82862,64.911]],[[11.31491,64.89739],[11.31345,64.89743],[11.31399,64.89863],[11.31607,64.8994],[11.31491,64.89739]],[[11.01602,64.89255],[11.01499,64.89103],[11.01547,64.89052],[11.01683,64.89058],[11.0146,64.8892],[11.0151,64.88826],[11.01437,64.88695],[11.00584,64.88428],[11.00423,64.88441],[11.00512,64.88599],[11.00681,64.88667],[11.00937,64.88683],[11.01013,64.88732],[11.00952,64.88808],[11.01052,64.89049],[11.00988,64.89075],[11.00742,64.88999],[11.00428,64.88977],[11.0031,64.88779],[11.0049,64.88777],[11.00766,64.88854],[11.00848,64.88802],[11.00673,64.88734],[11.00458,64.88719],[11.00059,64.88507],[11.00043,64.88448]],[[11.10756,64.89617],[11.10795,64.89552]],[[11.25926,64.9003],[11.26215,64.90245],[11.27419,64.90453],[11.27779,64.905],[11.27927,64.90484]],[[11.28839,64.90975],[11.28911,64.90778],[11.28738,64.90723],[11.28509,64.90707],[11.28366,64.90779],[11.28584,64.90868],[11.28526,64.90965],[11.28839,64.90975]],[[11.1394,64.89419],[11.14727,64.89532],[11.15029,64.89763],[11.14875,64.89755],[11.13862,64.89452],[11.12407,64.89222],[11.11882,64.89068],[11.11739,64.88898],[11.11567,64.88806],[11.10794,64.88639],[11.10604,64.88745],[11.1059,64.88822],[11.10691,64.88898],[11.10493,64.88888],[11.10549,64.88972],[11.10409,64.89],[11.101,64.88958],[11.09908,64.89058],[11.10019,64.8924],[11.09915,64.89261]],[[11.3284,64.9011],[11.32755,64.90105],[11.32666,64.90162],[11.32825,64.90249],[11.32985,64.90261],[11.33012,64.90223],[11.3284,64.9011]],[[11.53775,64.90238],[11.535,64.90306],[11.53092,64.90484],[11.5284,64.905],[11.5287,64.90768],[11.52558,64.9082]],[[11.08991,64.89766],[11.0891,64.89773],[11.08479,64.8953],[11.08053,64.89466],[11.08026,64.89369],[11.07749,64.89197],[11.07382,64.89133],[11.07187,64.89051],[11.06756,64.88994],[11.0663,64.89051],[11.06476,64.89042],[11.06011,64.88906],[11.05898,64.88973],[11.05164,64.8884],[11.04606,64.88792],[11.04604,64.88849],[11.04814,64.88895],[11.04946,64.89077],[11.05611,64.89297],[11.05336,64.89318],[11.04831,64.89169],[11.04648,64.89171],[11.04898,64.89295],[11.04855,64.89323],[11.04433,64.89217]],[[11.09915,64.89261],[11.096,64.89067],[11.09433,64.89019],[11.09372,64.89131],[11.09111,64.89284],[11.09346,64.89363],[11.09432,64.89488],[11.09941,64.89652],[11.09825,64.89714],[11.09833,64.89793],[11.10038,64.89837],[11.10621,64.89862],[11.10715,64.89844],[11.10746,64.8977]],[[11.51164,64.90791],[11.51546,64.90874],[11.51923,64.90747],[11.52109,64.90653],[11.52142,64.90434],[11.52455,64.90275],[11.52771,64.89939],[11.53294,64.89925],[11.53354,64.89833],[11.53005,64.89682],[11.52901,64.8956],[11.53005,64.89464],[11.53208,64.894],[11.53498,64.89403],[11.53821,64.89303],[11.5397,64.89434],[11.54286,64.89424],[11.54325,64.89353],[11.54229,64.89233],[11.54075,64.89299],[11.53958,64.89264],[11.5392,64.88855]],[[11.30057,64.90409],[11.3016,64.9037],[11.30129,64.90198],[11.30312,64.90075],[11.30135,64.89843]],[[11.10795,64.89552],[11.1094,64.89615],[11.11084,64.89844],[11.11294,64.8993],[11.112,64.8996]],[[11.02749,64.89758],[11.02707,64.89641],[11.02324,64.89434],[11.01863,64.89377],[11.01602,64.89255]],[[11.08969,64.89919],[11.09182,64.89923],[11.09063,64.89775],[11.08991,64.89766]],[[11.08792,64.89934],[11.08969,64.89919]],[[11.35722,64.89659],[11.35659,64.89698],[11.35415,64.89699],[11.35395,64.89735],[11.35528,64.89795],[11.35318,64.8989],[11.35448,64.89997],[11.35523,64.90215],[11.35648,64.90278],[11.36538,64.9046],[11.3671,64.9058],[11.37056,64.90654],[11.37224,64.90628]],[[11.0361,64.89699],[11.03734,64.89678],[11.03826,64.89784],[11.03949,64.89808],[11.03836,64.89668],[11.03531,64.89574],[11.03535,64.89513],[11.03281,64.89339],[11.02897,64.89186],[11.02623,64.89229],[11.02584,64.89324],[11.02696,64.89449],[11.03179,64.89603],[11.03514,64.898],[11.03616,64.89789],[11.0361,64.89699]],[[11.57625,64.88478],[11.57495,64.88585],[11.572,64.88605],[11.57472,64.88906],[11.57914,64.88905],[11.57876,64.88944],[11.57549,64.88966],[11.57572,64.89041],[11.58067,64.89158],[11.58232,64.89233],[11.58203,64.89267],[11.5806,64.89311],[11.5795,64.89259],[11.57669,64.89224],[11.56836,64.89208],[11.56294,64.8912],[11.56352,64.89258],[11.56676,64.89287],[11.56846,64.89437],[11.56805,64.8955],[11.56624,64.89631],[11.56246,64.89644],[11.55963,64.89755],[11.55933,64.89824],[11.56068,64.90035],[11.56326,64.90205],[11.56312,64.90367],[11.56939,64.90626],[11.56617,64.90865],[11.56629,64.90927],[11.57361,64.91148],[11.57994,64.90913],[11.58096,64.90731],[11.58501,64.90429],[11.57794,64.89869],[11.5782,64.89763],[11.58265,64.89624],[11.58694,64.89645],[11.58782,64.89688],[11.58674,64.89889],[11.5877,64.89943],[11.59037,64.89789],[11.59331,64.89768],[11.59441,64.89826],[11.59397,64.89946],[11.5919,64.90026],[11.59307,64.90309],[11.59264,64.90391],[11.58903,64.90755],[11.58756,64.90793],[11.58671,64.90763],[11.58473,64.90776]],[[11.25545,64.90392],[11.25655,64.90251],[11.2546,64.90223],[11.25266,64.90125],[11.25212,64.90079],[11.25289,64.89997],[11.25365,64.8998],[11.25522,64.90082],[11.25772,64.90157],[11.25859,64.90081],[11.25788,64.89961],[11.25926,64.9003]],[[11.08792,64.89934],[11.08761,64.89969],[11.08958,64.89992]],[[11.30037,64.90409],[11.29952,64.90458],[11.30036,64.90561]],[[11.04015,64.89973],[11.03827,64.89965],[11.03815,64.90061],[11.04101,64.9015],[11.04252,64.90079],[11.04251,64.9003],[11.04015,64.89973]],[[11.30003,64.90801],[11.30733,64.9084],[11.30857,64.9081],[11.30667,64.90719],[11.30036,64.90561]],[[11.82948,64.90371],[11.83545,64.90527],[11.84342,64.90631],[11.86288,64.90989],[11.86303,64.9092],[11.86636,64.90888],[11.86336,64.90705],[11.8581,64.90503],[11.85733,64.90356],[11.85809,64.9033],[11.86329,64.9045],[11.86661,64.90369],[11.86786,64.90372],[11.86975,64.90425],[11.87122,64.90538],[11.87082,64.90653],[11.87148,64.90776],[11.87789,64.90974],[11.87746,64.90996],[11.87228,64.9094],[11.86989,64.90981],[11.87058,64.91039],[11.88042,64.91333],[11.88612,64.9146],[11.8939,64.91576],[11.89543,64.91649],[11.90529,64.91865],[11.91255,64.91925],[11.91731,64.92177],[11.92279,64.92239],[11.92241,64.92306]],[[11.29976,64.90995],[11.29613,64.9093]],[[11.2766,64.90805],[11.27813,64.90805],[11.2796,64.90912],[11.28079,64.90905],[11.2804,64.90776],[11.27663,64.90602],[11.266,64.90473],[11.26473,64.90486],[11.26467,64.90651],[11.2656,64.90733],[11.27219,64.90927],[11.27527,64.90913],[11.2766,64.90805]],[[11.89451,64.9258],[11.89266,64.92585],[11.89147,64.92507],[11.8918,64.92463]],[[11.32178,64.90995],[11.3209,64.91036],[11.32155,64.9111],[11.32411,64.91163],[11.32178,64.90995]],[[11.07133,64.9052],[11.07193,64.90496],[11.07136,64.90354],[11.06833,64.90253],[11.06352,64.90157],[11.05675,64.90122],[11.05642,64.90149],[11.05837,64.90226],[11.05865,64.90306],[11.05756,64.9033],[11.05129,64.90207],[11.04487,64.89953],[11.04455,64.8982],[11.03971,64.89561],[11.03597,64.89262],[11.03567,64.88989],[11.03715,64.88979],[11.03964,64.89025],[11.04433,64.89217]],[[11.82862,64.911],[11.82896,64.91198],[11.83576,64.91297],[11.83769,64.91449],[11.83995,64.91523],[11.84774,64.91593],[11.85599,64.91829],[11.85951,64.91829],[11.8648,64.91943],[11.86836,64.91967],[11.87037,64.91883],[11.87199,64.91928],[11.87216,64.91992],[11.87402,64.92084],[11.87573,64.92087],[11.87698,64.92047],[11.87937,64.92157],[11.88365,64.92188],[11.88709,64.92335],[11.8918,64.92418],[11.8918,64.92463]],[[11.92241,64.92306],[11.92395,64.92397],[11.92931,64.92532],[11.93274,64.92555]],[[11.2678,64.91103],[11.26824,64.91071],[11.26685,64.90897],[11.26358,64.90825],[11.26211,64.91048],[11.26607,64.91123],[11.2678,64.91103]],[[11.53775,64.90238],[11.53915,64.90156],[11.53736,64.9006],[11.53805,64.9],[11.54068,64.90093],[11.5427,64.90353],[11.54463,64.90386],[11.54573,64.90344],[11.54779,64.90396],[11.55156,64.90652],[11.55361,64.90735],[11.55695,64.90774],[11.56079,64.9097],[11.56219,64.91169],[11.56931,64.91663],[11.56882,64.9173],[11.56676,64.91777],[11.56552,64.91909]],[[11.25245,64.91127],[11.25563,64.91175],[11.25872,64.91056],[11.25696,64.90778],[11.25927,64.90595],[11.25915,64.90543],[11.25775,64.90412],[11.2564,64.90433],[11.25545,64.90392]],[[11.29931,64.91322],[11.30253,64.91367],[11.3022,64.91221],[11.30634,64.91183],[11.30819,64.91077],[11.29976,64.90995]],[[11.58473,64.90776],[11.58194,64.90932],[11.58504,64.91072],[11.58608,64.91348],[11.58501,64.91517],[11.58849,64.91513],[11.58915,64.91204],[11.5914,64.91125],[11.59669,64.91241],[11.59907,64.91392],[11.59827,64.9146],[11.59873,64.91616],[11.59812,64.91768],[11.59648,64.91867],[11.59451,64.91884],[11.5903,64.916],[11.58931,64.91573],[11.5884,64.91605],[11.58824,64.91662],[11.59073,64.91846],[11.58975,64.91932],[11.58747,64.91988],[11.58735,64.92038],[11.58799,64.92055],[11.59169,64.91983],[11.59457,64.9206],[11.59672,64.92067]],[[11.56812,64.92013],[11.56552,64.91909]],[[11.26905,64.91397],[11.26699,64.91394],[11.26566,64.91471],[11.26574,64.91574],[11.26979,64.91461],[11.26905,64.91397]],[[11.89451,64.9258],[11.89596,64.92534],[11.89736,64.92553],[11.90686,64.92899],[11.90819,64.93049],[11.91402,64.93378],[11.91468,64.93363],[11.91414,64.93215],[11.91713,64.93183],[11.91905,64.9324],[11.92175,64.93415],[11.92343,64.93413],[11.9256,64.93555],[11.93143,64.93698]],[[11.29931,64.91322],[11.29812,64.91375],[11.29913,64.91456]],[[11.27357,64.91146],[11.27181,64.91158],[11.27161,64.91194],[11.27346,64.9141],[11.27447,64.91417],[11.27559,64.91363],[11.27357,64.91146]],[[11.29198,64.91466],[11.29223,64.91436],[11.28865,64.91193],[11.28868,64.91052],[11.29063,64.91041],[11.29285,64.90844],[11.29613,64.9093]],[[11.06569,64.91089],[11.06393,64.91011],[11.06433,64.90872],[11.06069,64.90481],[11.05772,64.90382],[11.05209,64.90318],[11.04482,64.90091],[11.04278,64.9015],[11.04229,64.90208],[11.04072,64.90217],[11.03824,64.90169],[11.03551,64.90068],[11.03654,64.90015],[11.0359,64.89922],[11.03003,64.89745],[11.02847,64.89809],[11.02801,64.899],[11.0299,64.8999],[11.02605,64.9001],[11.02419,64.90211],[11.02295,64.90177],[11.02184,64.89976],[11.01985,64.89998],[11.02067,64.90257],[11.01969,64.90542],[11.02256,64.90774],[11.02281,64.90891],[11.02207,64.90965],[11.02118,64.90961],[11.02128,64.90912],[11.02018,64.90866],[11.01867,64.90908],[11.01709,64.90436],[11.01953,64.89997],[11.01879,64.89839],[11.01682,64.89743],[11.01799,64.89723],[11.02122,64.89808],[11.02446,64.89781],[11.02668,64.89844],[11.02749,64.89758]],[[11.56812,64.92013],[11.57157,64.91867],[11.58026,64.92101],[11.59061,64.92232],[11.59923,64.9256],[11.6146,64.93038]],[[11.37224,64.90628],[11.37439,64.90635],[11.38043,64.90842],[11.38196,64.91029],[11.38457,64.91133],[11.38841,64.91214],[11.39098,64.91368],[11.38976,64.91416],[11.39038,64.91485],[11.39464,64.91679],[11.39996,64.91788],[11.40283,64.91793],[11.40444,64.91844]],[[11.3032,64.91553],[11.29975,64.91599],[11.29913,64.91456]],[[11.1185,64.9114],[11.11474,64.91044],[11.11294,64.9091],[11.11594,64.90891],[11.11425,64.90832],[11.1137,64.90723],[11.11611,64.90671],[11.11728,64.90523],[11.1154,64.90542],[11.11194,64.90503],[11.10489,64.90193],[11.10277,64.89945],[11.1031,64.89915],[11.10572,64.89905],[11.10684,64.90064],[11.1084,64.90054],[11.10743,64.89961],[11.10812,64.89928],[11.112,64.8996]],[[11.39266,64.91859],[11.3899,64.91741],[11.38381,64.91728],[11.38301,64.91618],[11.38031,64.91554],[11.37826,64.91638],[11.37427,64.91452],[11.37123,64.91416],[11.3695,64.91272],[11.36676,64.91226],[11.36953,64.91478],[11.37293,64.91566],[11.37348,64.91665],[11.37495,64.91731],[11.37983,64.91747],[11.38504,64.91958],[11.38618,64.9185],[11.38709,64.91839],[11.38858,64.91936],[11.39245,64.92019],[11.39323,64.91977],[11.39266,64.91859]],[[11.34188,64.91758],[11.34117,64.91718],[11.3385,64.91707],[11.33723,64.91614],[11.33554,64.91594],[11.33507,64.91742],[11.33717,64.91893],[11.33902,64.91922],[11.34188,64.91883],[11.34188,64.91758]],[[11.07133,64.9052],[11.06923,64.90469],[11.06769,64.90478],[11.06772,64.9052],[11.06988,64.90596],[11.06737,64.90617],[11.06637,64.90723],[11.07095,64.91184],[11.07245,64.91252]],[[11.50974,64.92255],[11.51261,64.92371],[11.5148,64.91867],[11.52036,64.9162],[11.51973,64.91439],[11.51703,64.91299],[11.51744,64.91132],[11.52048,64.90985],[11.52205,64.90786],[11.52372,64.90754],[11.52558,64.9082]],[[11.93274,64.92555],[11.93592,64.92623],[11.93532,64.92684],[11.93587,64.92747],[11.94313,64.93035],[11.94575,64.93071],[11.94999,64.93218],[11.95709,64.93368],[11.95946,64.93359],[11.97077,64.93172]],[[11.49776,64.92421],[11.49956,64.92287],[11.50298,64.92226],[11.50824,64.92168],[11.50974,64.92255]],[[11.59672,64.92067],[11.59841,64.92142],[11.60281,64.9222],[11.60481,64.92428],[11.60795,64.92577],[11.61502,64.92702]],[[11.34753,64.91938],[11.34638,64.91929],[11.34564,64.92011],[11.3477,64.92071],[11.34923,64.92064],[11.34753,64.91938]],[[11.49615,64.92503],[11.49726,64.92482],[11.49776,64.92421]],[[11.1185,64.9114],[11.12091,64.91183],[11.11982,64.91306],[11.11728,64.91358],[11.11666,64.91424],[11.11908,64.91536],[11.1193,64.91783]],[[11.07298,64.91668],[11.07217,64.91484],[11.06952,64.91213],[11.06569,64.91089]],[[11.127,64.916],[11.12217,64.91409],[11.12497,64.91439],[11.12822,64.91572]],[[11.32853,64.91721],[11.327,64.917],[11.32574,64.91748],[11.32249,64.92119],[11.32751,64.92073],[11.33035,64.91943],[11.32853,64.91721]],[[11.97077,64.93172],[11.97997,64.93074],[11.98936,64.93111],[11.99116,64.93171],[11.99143,64.933],[11.99359,64.93341],[11.99891,64.93342],[12.00243,64.93281]],[[11.26301,64.91973],[11.2638,64.91859],[11.26248,64.91807],[11.25546,64.91937],[11.25576,64.91981],[11.25872,64.92062],[11.26199,64.92033],[11.26301,64.91973]],[[11.6146,64.93038],[11.61674,64.93017],[11.61572,64.92883],[11.61823,64.92741],[11.61502,64.92702]],[[11.00171,64.91537],[11.00198,64.91421],[10.99993,64.91293]],[[11.07502,64.91732],[11.074,64.9163],[11.07675,64.91502],[11.07436,64.91451],[11.07245,64.91252]],[[11.11846,64.91846],[11.11562,64.91497],[11.11392,64.91145],[11.10709,64.9091],[11.10681,64.90837],[11.10373,64.9078],[11.10586,64.90751],[11.10691,64.90655],[11.10647,64.90593],[11.10305,64.90467],[11.1047,64.90375],[11.10079,64.90215],[11.09914,64.90201],[11.09773,64.90264],[11.09658,64.90039],[11.09481,64.90035],[11.0934,64.90093],[11.08958,64.89992]],[[11.11893,64.91847],[11.1193,64.91783]],[[11.23404,64.92143],[11.23423,64.92089],[11.24221,64.9201],[11.24342,64.91962],[11.24209,64.91904],[11.24226,64.91861],[11.24788,64.91776],[11.2457,64.91585],[11.24691,64.9145],[11.24663,64.9136],[11.25119,64.91377],[11.25151,64.91321],[11.25033,64.9126],[11.25101,64.91141],[11.25245,64.91127]],[[11.28016,64.92259],[11.28062,64.92143],[11.27772,64.9195],[11.27834,64.91827],[11.27581,64.91784],[11.27444,64.91611],[11.2703,64.91526],[11.27026,64.91583],[11.27271,64.91652],[11.27025,64.9176],[11.27103,64.91852],[11.27264,64.91855],[11.27306,64.91908],[11.2718,64.92122],[11.27495,64.92237],[11.27636,64.92202],[11.27612,64.92139],[11.27706,64.9213],[11.27869,64.92255]],[[11.2849,64.92271],[11.28268,64.92122],[11.28272,64.9195],[11.28139,64.91824],[11.27948,64.91788],[11.2797,64.91746],[11.2811,64.91722],[11.28227,64.91747],[11.28392,64.91694],[11.28375,64.91634],[11.28152,64.91575],[11.28204,64.9147],[11.28424,64.91414],[11.29198,64.91466]],[[11.28872,64.9228],[11.28903,64.92194],[11.28546,64.92272]],[[11.3032,64.91553],[11.31148,64.91087],[11.31462,64.91177],[11.31263,64.913],[11.31752,64.9125],[11.31883,64.91397],[11.32224,64.91413],[11.32147,64.91514],[11.31869,64.91611],[11.31659,64.91632],[11.31561,64.917],[11.31601,64.9176],[11.31772,64.91805],[11.32041,64.91805],[11.32098,64.91858],[11.32042,64.91928],[11.31901,64.91962],[11.31857,64.92046],[11.31387,64.92015],[11.31392,64.92164],[11.31671,64.92205],[11.31559,64.92347]],[[11.33234,64.92388],[11.33218,64.9226],[11.32889,64.92174],[11.32204,64.92196],[11.32071,64.92298],[11.32184,64.92336]],[[11.35007,64.92432],[11.35386,64.92304],[11.3474,64.9218],[11.34648,64.92186],[11.34547,64.92274],[11.34572,64.92421]],[[11.42849,64.92622],[11.4124,64.9225],[11.40806,64.92083],[11.40444,64.91844]],[[11.47869,64.92742],[11.48511,64.92559],[11.48904,64.92338],[11.49103,64.92464],[11.49373,64.923],[11.49789,64.92197],[11.49875,64.92137],[11.49824,64.92088],[11.49606,64.92085],[11.49076,64.92268],[11.4901,64.92257],[11.49018,64.9203],[11.49132,64.91849],[11.4927,64.91773],[11.49431,64.91767],[11.49705,64.91889],[11.49802,64.91878],[11.49729,64.91518],[11.49501,64.91342],[11.49753,64.91134],[11.50029,64.91173],[11.50176,64.91148],[11.50165,64.90993],[11.50353,64.90869],[11.50696,64.90838],[11.50987,64.9076],[11.51164,64.90791]],[[11.4917,64.92772],[11.49216,64.92623],[11.49384,64.92535],[11.49615,64.92503]],[[11.21606,64.92925],[11.21727,64.92875],[11.21831,64.92945],[11.22371,64.92966],[11.22603,64.93048],[11.22794,64.9306],[11.22859,64.93005],[11.22766,64.92919],[11.22458,64.92858],[11.22395,64.92801],[11.22431,64.92694],[11.22194,64.92623]],[[11.2849,64.92271],[11.28546,64.92272]],[[11.11846,64.91846],[11.11876,64.9185]],[[11.31559,64.92347],[11.31782,64.9244],[11.32092,64.92422],[11.32217,64.92363]],[[11.34572,64.92421],[11.34619,64.92513],[11.3479,64.92567],[11.34947,64.92545],[11.35007,64.92432]],[[11.25444,64.92194],[11.25345,64.92273],[11.25609,64.92339],[11.2574,64.92292],[11.25702,64.92201]],[[11.22409,64.92491],[11.22767,64.92429],[11.23146,64.92449],[11.23347,64.92416],[11.23487,64.92272],[11.23404,64.92143]],[[11.27138,64.92421],[11.26781,64.92381],[11.26642,64.92402],[11.2655,64.92467],[11.26552,64.92537],[11.26934,64.92715],[11.27671,64.92598],[11.27568,64.92523],[11.27138,64.92421]],[[11.35061,64.9267],[11.34889,64.926],[11.3471,64.92604],[11.35032,64.92741],[11.34964,64.92822],[11.35178,64.92938],[11.35448,64.92945],[11.35621,64.92868],[11.35582,64.92817],[11.35061,64.9267]],[[11.97409,64.94152],[11.97274,64.94161],[11.97248,64.94197],[11.97711,64.9433],[11.978,64.94418],[11.97881,64.94416],[11.97842,64.94321],[11.97409,64.94152]],[[11.28346,64.92719],[11.28061,64.92744],[11.28234,64.92862],[11.28436,64.92811],[11.28457,64.92757],[11.28346,64.92719]],[[11.13669,64.91894],[11.14285,64.92156],[11.14743,64.92571],[11.14947,64.92582]],[[11.17535,64.92484],[11.17409,64.92435],[11.17403,64.92583],[11.17681,64.92721],[11.17535,64.92484]],[[11.07502,64.91732],[11.08085,64.9228],[11.08594,64.9249]],[[11.22194,64.92623],[11.22196,64.92553],[11.22498,64.92634],[11.22942,64.92871],[11.23479,64.92718],[11.23427,64.92673],[11.22583,64.92602],[11.22409,64.92491]],[[11.28872,64.9228],[11.28842,64.92421],[11.28584,64.92509],[11.28618,64.92574],[11.2882,64.92655],[11.28759,64.928],[11.29292,64.93037],[11.2953,64.92999],[11.29694,64.9304]],[[11.14796,64.92687],[11.13913,64.92615],[11.13934,64.92587],[11.1426,64.92563],[11.14446,64.92414],[11.13772,64.92125],[11.13352,64.91885]],[[11.27097,64.92958],[11.26792,64.92728],[11.26284,64.92718],[11.25863,64.9263],[11.25769,64.9266],[11.2648,64.92963],[11.26652,64.92946],[11.26977,64.93032],[11.27097,64.92958]],[[11.20483,64.93222],[11.19851,64.93141]],[[11.01181,64.9245],[11.00696,64.92289],[10.99637,64.92109]],[[11.0857,64.92649],[11.08774,64.92585],[11.08594,64.9249]],[[11.07325,64.91727],[11.07439,64.91977],[11.074,64.92054],[11.07753,64.9214],[11.07863,64.92223],[11.07831,64.92261],[11.07591,64.92288],[11.07148,64.9228],[11.07049,64.92247],[11.06895,64.92288],[11.0604,64.92152],[11.05956,64.92178],[11.06049,64.92231],[11.05917,64.92249],[11.058,64.92115],[11.05571,64.92209],[11.05032,64.92062],[11.04664,64.92046],[11.04622,64.9207],[11.04812,64.9216],[11.05768,64.92312],[11.05899,64.92385],[11.06676,64.92416],[11.06877,64.92369],[11.07125,64.92438],[11.08021,64.92481],[11.08212,64.92531],[11.08274,64.92643],[11.0857,64.92649]],[[11.23555,64.92883],[11.23251,64.92893],[11.23166,64.92976],[11.23205,64.93031],[11.23456,64.93007],[11.23555,64.92883]],[[11.20469,64.92952],[11.21027,64.92964],[11.2152,64.93032],[11.21666,64.92986],[11.21606,64.92925]],[[11.14947,64.92582],[11.16098,64.92631],[11.16548,64.92584],[11.16688,64.92669],[11.17037,64.92536],[11.17048,64.92611],[11.16821,64.92705],[11.16933,64.92798],[11.17098,64.92764],[11.17571,64.92803],[11.17737,64.92775],[11.18141,64.92961],[11.19111,64.92991]],[[11.19111,64.92991],[11.19856,64.92961],[11.20042,64.92989],[11.20469,64.92952]],[[11.35134,64.93413],[11.3521,64.93387],[11.35187,64.9331],[11.34538,64.92852],[11.33967,64.92581],[11.3353,64.92552],[11.33387,64.92654],[11.33234,64.92388]],[[11.14796,64.92687],[11.15216,64.92719],[11.15172,64.92806],[11.15571,64.92856],[11.15762,64.92926],[11.15818,64.9282],[11.15612,64.92703],[11.1577,64.92673],[11.1615,64.92731],[11.165,64.92886]],[[11.26657,64.93154],[11.26699,64.93109],[11.26545,64.92988],[11.2638,64.93079],[11.26423,64.93139],[11.26114,64.93133],[11.26267,64.93197],[11.26657,64.93154]],[[11.28156,64.93123],[11.27841,64.93107],[11.28071,64.9323],[11.28385,64.93254],[11.28491,64.93228],[11.28156,64.93123]],[[11.9678,64.94612],[11.96626,64.94709],[11.97671,64.94634],[11.98807,64.9468],[11.99239,64.94643],[11.99506,64.947],[11.99606,64.94779],[11.99826,64.94786],[12.00058,64.94878]],[[11.19851,64.93141],[11.19096,64.93098]],[[11.42849,64.92622],[11.43149,64.92685],[11.43669,64.92691],[11.43942,64.92838],[11.43926,64.92896],[11.43692,64.92947],[11.43845,64.92986],[11.43923,64.93062],[11.44419,64.93165],[11.45383,64.9355],[11.45558,64.93543],[11.45552,64.93451],[11.46022,64.93432],[11.46032,64.93471],[11.45773,64.93551],[11.45718,64.93617],[11.45872,64.93682],[11.46076,64.93669],[11.46383,64.93723],[11.46619,64.93524],[11.46428,64.93379],[11.4641,64.93286],[11.462,64.93284],[11.4607,64.93237],[11.45845,64.93248],[11.45969,64.93001],[11.46142,64.92976],[11.46417,64.93011],[11.46568,64.93111],[11.46645,64.9311],[11.46749,64.93059],[11.46564,64.92983],[11.46572,64.92884],[11.46698,64.92833],[11.47059,64.92773],[11.47422,64.92792],[11.47869,64.92742]],[[11.165,64.92886],[11.16796,64.92923],[11.17027,64.92911],[11.17097,64.92852],[11.17429,64.92867],[11.18016,64.93042],[11.19096,64.93098]],[[11.06431,64.94898],[11.06535,64.94875],[11.06574,64.94928],[11.0692,64.95023],[11.07265,64.95053],[11.07389,64.95031],[11.07356,64.94963],[11.06706,64.94649],[11.06294,64.94554],[11.06132,64.94562]],[[11.25292,64.93076],[11.25059,64.93011],[11.24951,64.93028],[11.24827,64.93328],[11.25386,64.93301],[11.25508,64.93248],[11.25461,64.93102],[11.25292,64.93076]],[[11.9678,64.94612],[11.96922,64.94547],[11.96929,64.94492],[11.96707,64.94494],[11.96176,64.94308],[11.95753,64.943],[11.95626,64.94408],[11.95646,64.94646],[11.95933,64.94799],[11.95434,64.94958],[11.9542,64.95013]],[[11.9332,64.93747],[11.93374,64.93856],[11.93321,64.94089],[11.93505,64.94168],[11.94036,64.94193],[11.94174,64.94243],[11.9425,64.94408],[11.94595,64.94476],[11.94734,64.94688],[11.95203,64.94885],[11.95346,64.9502]],[[11.57138,64.94408],[11.56995,64.94267],[11.57085,64.94189],[11.57253,64.94205],[11.5739,64.94387],[11.57677,64.94482]],[[11.19724,64.9367],[11.19431,64.93572],[11.19796,64.93595]],[[11.40176,64.93842],[11.40026,64.93852],[11.39918,64.93911],[11.40132,64.94032],[11.4013,64.94179]],[[11.4917,64.92772],[11.4936,64.93015],[11.49166,64.93257],[11.49053,64.933],[11.48501,64.93301],[11.47781,64.934],[11.47591,64.93516],[11.47817,64.93578],[11.47883,64.93701],[11.47781,64.93768],[11.47607,64.93768],[11.47539,64.93805],[11.47771,64.93876],[11.47868,64.93975],[11.48311,64.9405],[11.48891,64.94239],[11.49274,64.94236],[11.49587,64.94366],[11.49752,64.94369],[11.49825,64.94497]],[[11.00171,64.91537],[11.00546,64.91761],[11.00586,64.91886],[11.00783,64.91881],[11.00809,64.91806],[11.00693,64.91733],[11.00886,64.91719],[11.01,64.91664],[11.01184,64.91667],[11.01354,64.9183],[11.00915,64.91874],[11.01343,64.91977],[11.015,64.91939],[11.01676,64.91973],[11.01788,64.92042],[11.01873,64.92336],[11.02472,64.92363],[11.02916,64.92436],[11.02986,64.92565],[11.03929,64.92859],[11.04271,64.92871],[11.0559,64.93057],[11.05848,64.93066],[11.05959,64.93025],[11.06108,64.93072],[11.0668,64.93068],[11.07099,64.93194],[11.08133,64.93161],[11.08048,64.9333],[11.07319,64.93327],[11.07749,64.93527]],[[11.39732,64.94336],[11.39843,64.94165],[11.39441,64.94064],[11.39333,64.94122],[11.39462,64.94184],[11.39223,64.9417],[11.3921,64.94211],[11.3945,64.94319],[11.39732,64.94336]],[[11.4496,64.9448],[11.45006,64.94447],[11.44906,64.94363],[11.44107,64.94074],[11.42087,64.93832],[11.41899,64.93828],[11.41666,64.93895],[11.41018,64.93883],[11.40818,64.93911],[11.40176,64.93842]],[[11.0823,64.94976],[11.08022,64.94962],[11.0797,64.95019],[11.08213,64.95096]],[[11.28757,64.94144],[11.28825,64.94095],[11.29134,64.94096],[11.28813,64.94039],[11.2888,64.93995],[11.29007,64.94025],[11.29168,64.93999],[11.29027,64.93848],[11.28675,64.93792],[11.28312,64.93836],[11.28188,64.94018],[11.28003,64.93985],[11.28067,64.9408],[11.28525,64.94163],[11.28757,64.94144]],[[11.25137,64.93859],[11.24793,64.93797],[11.2498,64.93721],[11.24866,64.93612],[11.24181,64.93574],[11.241,64.93617],[11.24065,64.9375],[11.2445,64.9376],[11.24463,64.93892],[11.24661,64.93909],[11.24702,64.93996],[11.2499,64.94084],[11.25108,64.94078],[11.25069,64.93996],[11.25186,64.93897],[11.25137,64.93859]],[[11.19796,64.93595],[11.19998,64.93636],[11.20343,64.9383],[11.21135,64.93946],[11.22407,64.94037],[11.22551,64.94029],[11.22459,64.93965],[11.22633,64.93941],[11.23109,64.93956],[11.23099,64.93905],[11.22972,64.9387],[11.22472,64.93849],[11.22308,64.93924],[11.21831,64.93801],[11.21577,64.93528],[11.21639,64.93515],[11.21926,64.93593],[11.21837,64.9347],[11.21945,64.93453],[11.22383,64.93624],[11.22435,64.93392],[11.2258,64.93472],[11.22581,64.93533],[11.23301,64.93682],[11.23421,64.93554],[11.23335,64.93474],[11.23123,64.93406],[11.21738,64.93244],[11.2163,64.93277],[11.21797,64.93326],[11.21879,64.93407],[11.21566,64.93387],[11.21401,64.93467],[11.21006,64.9324],[11.20834,64.93213],[11.2076,64.9329],[11.20483,64.93222]],[[11.45113,64.94609],[11.44866,64.94555],[11.4496,64.9448]],[[11.27425,64.94113],[11.2722,64.94116],[11.27172,64.94169],[11.27488,64.94233],[11.27425,64.94113]],[[11.49825,64.94497],[11.50028,64.94502],[11.50172,64.94557],[11.50272,64.94624],[11.50207,64.94687],[11.50259,64.94746],[11.50641,64.9481]],[[11.40084,64.94526],[11.40475,64.94543],[11.406,64.9458],[11.40704,64.94514],[11.40557,64.94416],[11.40276,64.94329],[11.4013,64.94179]],[[11.57677,64.94503],[11.5756,64.94551],[11.57847,64.94902],[11.58478,64.95086],[11.58419,64.95453]],[[11.07749,64.93527],[11.07899,64.93687],[11.08391,64.93874]],[[11.06548,64.93543],[11.06291,64.93532],[11.06277,64.93438],[11.06197,64.93414],[11.05741,64.93496],[11.05773,64.93586],[11.05943,64.93649],[11.06015,64.93824],[11.06291,64.93831],[11.06452,64.93773],[11.06468,64.93727],[11.06306,64.93651],[11.06545,64.93577],[11.06548,64.93543]],[[11.50618,64.94988],[11.50763,64.94899],[11.50649,64.94813]],[[11.50618,64.94988],[11.50612,64.9503]],[[11.17596,64.94454],[11.17976,64.94476],[11.18404,64.94425],[11.18517,64.94292],[11.18305,64.94189],[11.18938,64.94208]],[[11.58419,64.95453],[11.58483,64.95675]],[[11.03725,64.95715],[11.03616,64.95591],[11.03699,64.95546]],[[11.05376,64.94008],[11.05304,64.94019],[11.05087,64.93905],[11.05254,64.93778],[11.05076,64.93694],[11.05113,64.93389],[11.05034,64.93337],[11.04404,64.93174],[11.04256,64.93192],[11.04142,64.93166],[11.03902,64.9303],[11.03104,64.92826],[11.02811,64.92803],[11.02433,64.92692],[11.01914,64.92631],[11.01514,64.92514],[11.01296,64.92511],[11.01181,64.9245]],[[11.34156,64.9459],[11.33977,64.94612],[11.33957,64.94676],[11.34354,64.94766],[11.34509,64.94734],[11.34156,64.9459]],[[11.18938,64.94208],[11.19172,64.9422],[11.19237,64.94137],[11.19495,64.94243],[11.19756,64.94196],[11.20189,64.94335],[11.20396,64.94361],[11.20776,64.94294],[11.20724,64.94138],[11.20786,64.94101],[11.21067,64.94201],[11.21147,64.94345],[11.21805,64.94397],[11.22276,64.94373],[11.22367,64.94286],[11.22345,64.94207],[11.22023,64.94078],[11.21197,64.94029],[11.21021,64.93988],[11.20635,64.94017],[11.20116,64.93983],[11.20018,64.94017],[11.19719,64.93962],[11.19572,64.93978],[11.19447,64.93859],[11.19923,64.93783],[11.19724,64.9367]],[[11.29694,64.9304],[11.30136,64.93324],[11.30314,64.93313],[11.3024,64.93267],[11.30311,64.93228],[11.30653,64.9324],[11.30585,64.9332],[11.30717,64.93321],[11.30802,64.93266],[11.30918,64.93285],[11.31046,64.93398],[11.30725,64.93433],[11.30501,64.9352],[11.3107,64.93765],[11.31442,64.93761],[11.31372,64.93656],[11.31437,64.93641],[11.316,64.93736],[11.32184,64.93823],[11.32068,64.93877],[11.31829,64.93827],[11.31647,64.93911],[11.3201,64.93991],[11.31958,64.94056],[11.32352,64.94104],[11.32849,64.94267],[11.33348,64.94336],[11.33493,64.94314],[11.33512,64.9421],[11.34083,64.94201],[11.34284,64.9434],[11.34269,64.94381],[11.34112,64.94413],[11.34243,64.94468],[11.34345,64.94438],[11.34352,64.94389],[11.34542,64.94389],[11.34623,64.94487],[11.35001,64.94564],[11.35283,64.94467],[11.35537,64.94556],[11.35922,64.94626],[11.35837,64.94672],[11.35607,64.94677],[11.35612,64.94716],[11.36316,64.94805],[11.36705,64.94786],[11.36834,64.94716],[11.36634,64.94631],[11.36833,64.94248],[11.36722,64.94113],[11.36411,64.94028],[11.36189,64.93851],[11.35347,64.93493],[11.35141,64.93458]],[[11.08391,64.93874],[11.0895,64.93954],[11.09146,64.9406],[11.09106,64.94139]],[[11.67403,64.95683],[11.67116,64.95514],[11.66541,64.95343],[11.66296,64.95325],[11.66221,64.95277],[11.66164,64.95137],[11.66684,64.95224],[11.66897,64.95196],[11.66809,64.95058],[11.66595,64.9499],[11.66654,64.94947],[11.66845,64.94953],[11.67023,64.95087],[11.67765,64.95228],[11.67878,64.95452],[11.68624,64.95636],[11.68826,64.9563],[11.69229,64.95509],[11.69447,64.95506],[11.69631,64.95546],[11.70474,64.95415],[11.70694,64.95468],[11.70742,64.95571],[11.7108,64.95807],[11.71314,64.95846],[11.7154,64.95694],[11.7141,64.95501],[11.71632,64.95427],[11.71754,64.95429]],[[11.12524,64.9443],[11.12497,64.94362],[11.11637,64.94357],[11.11046,64.94402],[11.11274,64.9445],[11.11567,64.94406],[11.12141,64.94427],[11.12411,64.94512],[11.12524,64.9443]],[[11.15338,64.94642],[11.15781,64.94649],[11.15779,64.94538],[11.15408,64.94529],[11.14978,64.94459],[11.14605,64.94462],[11.14617,64.94355],[11.14484,64.94331],[11.14361,64.94344],[11.14402,64.94414],[11.13499,64.94316],[11.1264,64.94366],[11.13459,64.94404],[11.13552,64.94534],[11.13766,64.94562],[11.14359,64.94599],[11.14933,64.94571],[11.15338,64.94642]],[[11.09106,64.94139],[11.09219,64.94308],[11.09418,64.94411],[11.09654,64.94467],[11.11483,64.94611]],[[11.50612,64.9503],[11.51271,64.95171],[11.51934,64.95184],[11.52456,64.95348],[11.53115,64.95356],[11.53788,64.95427],[11.54773,64.9566],[11.55555,64.9564],[11.56254,64.95752],[11.56885,64.95789],[11.57278,64.9552],[11.57369,64.95506],[11.57573,64.9555],[11.57684,64.95512],[11.57368,64.95225],[11.57056,64.95077],[11.57066,64.94775],[11.56848,64.94562],[11.5721,64.94508],[11.57138,64.94408]],[[11.01949,64.97475],[11.01741,64.97456],[11.01728,64.97538],[11.02111,64.97625],[11.0213,64.97515],[11.01949,64.97475]],[[11.40084,64.94526],[11.39797,64.94556],[11.39876,64.94622],[11.39697,64.94759],[11.39341,64.94799],[11.39638,64.94999],[11.39921,64.95069],[11.39791,64.95184],[11.39978,64.95313]],[[11.07865,64.94327],[11.07601,64.94326],[11.07561,64.94381],[11.07808,64.94541],[11.08099,64.94571],[11.07865,64.94327]],[[11.06132,64.94562],[11.05915,64.9447],[11.05962,64.94293],[11.05672,64.94227],[11.05414,64.94074],[11.05472,64.94053],[11.05697,64.94125],[11.05819,64.9408],[11.05796,64.94034],[11.05446,64.93951],[11.05376,64.94008]],[[11.28529,64.94998],[11.28408,64.94984],[11.28399,64.95055],[11.28724,64.95157],[11.28689,64.95042],[11.28529,64.94998]],[[11.33782,64.95262],[11.33856,64.95123],[11.33773,64.9504],[11.33339,64.95205],[11.33394,64.95295],[11.33653,64.95316],[11.33782,64.95262]],[[11.66344,64.96156],[11.66323,64.96066],[11.66502,64.9597],[11.66927,64.96167],[11.67072,64.96315],[11.67244,64.96339],[11.67563,64.96295],[11.67401,64.96178],[11.6747,64.9609],[11.67352,64.95921],[11.67443,64.95769],[11.67403,64.95683]],[[11.39647,64.95526],[11.39587,64.9544],[11.39417,64.9539],[11.39309,64.95409],[11.39364,64.95516],[11.39647,64.95526]],[[11.11483,64.94611],[11.10446,64.94616],[11.09854,64.94535],[11.09551,64.94538],[11.09764,64.94603],[11.10724,64.94733],[11.10685,64.94803]],[[11.34635,64.95343],[11.34216,64.95323],[11.34046,64.95369],[11.34438,64.95468],[11.34661,64.95463],[11.3474,64.95391],[11.34635,64.95343]],[[11.08259,64.94777],[11.08103,64.94801],[11.0825,64.94838]],[[11.58483,64.95675],[11.58989,64.9587],[11.58983,64.96078],[11.59238,64.96194],[11.59693,64.96176],[11.60351,64.96234]],[[11.39647,64.95526],[11.3957,64.95665],[11.39723,64.95734],[11.39918,64.95755]],[[11.0823,64.94976],[11.08242,64.94895]],[[11.60351,64.96234],[11.60706,64.96257],[11.60968,64.96058],[11.60976,64.959],[11.61111,64.95793]],[[11.16319,64.95201],[11.1627,64.95171],[11.16376,64.95128],[11.16354,64.9503],[11.16068,64.94823],[11.15868,64.94771],[11.16314,64.94711],[11.16403,64.94629],[11.16319,64.94591],[11.16457,64.9454],[11.16413,64.94505],[11.16043,64.94449],[11.16083,64.94374],[11.16355,64.94371],[11.16636,64.9447],[11.17141,64.94543],[11.17229,64.94452],[11.17596,64.94454]],[[11.08203,64.95159],[11.08309,64.95169],[11.08344,64.95124],[11.08213,64.95096]],[[11.52387,64.96137],[11.52018,64.96039],[11.5193,64.96053],[11.5207,64.96166],[11.52898,64.96276],[11.5276,64.96209],[11.52387,64.96137]],[[11.39978,64.95313],[11.40319,64.95455],[11.4054,64.9548],[11.40797,64.95411],[11.40671,64.95314],[11.40745,64.95272],[11.41169,64.95342],[11.41169,64.95395],[11.41267,64.95427],[11.41474,64.95381],[11.41979,64.95365],[11.4203,64.9532],[11.41867,64.95107],[11.41908,64.95009],[11.4203,64.94981],[11.42246,64.95054],[11.42263,64.95241],[11.42628,64.95261],[11.42811,64.95317],[11.42802,64.9549],[11.43224,64.95574],[11.43256,64.95744],[11.4355,64.95814],[11.43801,64.9581],[11.44102,64.95868],[11.44092,64.95905],[11.43773,64.95964],[11.4385,64.96096],[11.44495,64.96122],[11.44616,64.962],[11.45113,64.96152],[11.45481,64.96163],[11.45682,64.96106],[11.45874,64.95955],[11.45787,64.95912],[11.45526,64.95885],[11.45499,64.95813],[11.45977,64.95756],[11.46147,64.95683],[11.46325,64.9569],[11.46413,64.95583],[11.46255,64.95438],[11.46029,64.95338],[11.46237,64.95159],[11.46213,64.9502],[11.45848,64.94823],[11.45113,64.94609]],[[11.15189,64.95589],[11.15463,64.95622],[11.16074,64.95615],[11.16289,64.95451],[11.1661,64.9541],[11.16455,64.95253],[11.16319,64.95201]],[[11.51918,64.9635],[11.51836,64.96364],[11.5198,64.96483],[11.52119,64.96533],[11.52368,64.9653],[11.51918,64.9635]],[[11.08203,64.95159],[11.08018,64.95132],[11.07774,64.95157],[11.07675,64.9522],[11.07742,64.95344],[11.08141,64.95387],[11.0816,64.95457]],[[11.61111,64.95793],[11.61449,64.95765],[11.61884,64.95597],[11.62042,64.95467],[11.62292,64.95404],[11.62428,64.95292],[11.62606,64.9495],[11.63031,64.94705],[11.62989,64.94592],[11.6323,64.94179],[11.63189,64.94076],[11.62943,64.93949],[11.62682,64.93671],[11.62415,64.93608],[11.62237,64.93513],[11.62208,64.93381],[11.62688,64.93462],[11.62849,64.93382],[11.63032,64.93355],[11.63199,64.93511],[11.63053,64.93621],[11.63084,64.93664],[11.63619,64.93695],[11.64358,64.9356],[11.64338,64.93247],[11.64674,64.93339],[11.65121,64.9328],[11.65466,64.93425],[11.65647,64.93653],[11.65362,64.93754],[11.64834,64.93669],[11.6472,64.93723],[11.64997,64.94016],[11.64928,64.94344],[11.6501,64.94477],[11.65168,64.94571],[11.65131,64.94658],[11.65056,64.94689],[11.64842,64.94678],[11.64303,64.94501],[11.64039,64.94587],[11.63868,64.94699],[11.63642,64.94996],[11.63746,64.95074],[11.63932,64.95114],[11.63939,64.95205],[11.63433,64.95419],[11.63265,64.95434],[11.63142,64.9539],[11.62888,64.95469],[11.62499,64.95688],[11.6237,64.95994],[11.61533,64.96239],[11.61177,64.96652],[11.61484,64.96747],[11.62177,64.96732],[11.62743,64.96676],[11.63337,64.96493],[11.63555,64.96532],[11.6374,64.96819],[11.63902,64.96866],[11.64413,64.96952],[11.6543,64.96943],[11.65603,64.969],[11.65985,64.96532],[11.66407,64.96406],[11.66455,64.96322],[11.66344,64.96156]],[[11.0816,64.95457],[11.0868,64.95558],[11.08586,64.95418],[11.08802,64.95397],[11.08781,64.95494],[11.09015,64.9559],[11.09277,64.95633],[11.09626,64.95568],[11.09961,64.95594],[11.10124,64.95549],[11.09574,64.95473],[11.09313,64.95361],[11.09473,64.95277],[11.09224,64.95205],[11.09277,64.9513],[11.092,64.95053],[11.08587,64.94982],[11.08483,64.94875],[11.08738,64.94878],[11.08732,64.9483],[11.08259,64.94777]],[[11.03699,64.95546],[11.03782,64.95528]],[[11.50441,64.96339],[11.50214,64.96317],[11.50178,64.96387],[11.48899,64.96344],[11.49136,64.96517],[11.50391,64.96725]],[[11.10737,64.9568],[11.10223,64.95571],[11.10412,64.95724],[11.10691,64.95735],[11.10737,64.9568]],[[11.15733,64.9644],[11.15731,64.96311],[11.15608,64.9621],[11.15157,64.96182]],[[11.50391,64.96725],[11.50933,64.96735],[11.51131,64.9665],[11.51079,64.96555],[11.50571,64.96422],[11.50441,64.96339]],[[11.17943,64.96048],[11.17943,64.95974],[11.17653,64.95958],[11.17775,64.95878],[11.1761,64.95861],[11.17298,64.95911],[11.16938,64.95685],[11.16361,64.95677],[11.16288,64.95708],[11.16329,64.9586],[11.16694,64.95996],[11.1696,64.95999],[11.17239,64.95925],[11.1718,64.96042],[11.17503,64.95987],[11.17523,64.96085],[11.17943,64.96048]],[[11.03782,64.95528],[11.04005,64.95386],[11.04192,64.95356],[11.04694,64.95391],[11.04982,64.95362],[11.05143,64.95416],[11.04972,64.95499],[11.04783,64.95469],[11.04232,64.95519],[11.04331,64.9565],[11.04634,64.95663],[11.04877,64.95778],[11.05708,64.95892],[11.0581,64.95843],[11.055,64.95775],[11.05089,64.95539],[11.05315,64.95537],[11.05563,64.95626],[11.0604,64.95585],[11.06303,64.9575],[11.0675,64.95888]],[[11.04497,64.97444],[11.05001,64.9744],[11.04556,64.97362],[11.04377,64.97406],[11.04344,64.97457],[11.04497,64.97444]],[[11.06431,64.94898],[11.06655,64.95151],[11.07325,64.95436],[11.07257,64.9552],[11.07589,64.95591],[11.07204,64.95653],[11.0671,64.95585],[11.06412,64.95567],[11.06381,64.95595],[11.06721,64.95665],[11.07626,64.95736],[11.07686,64.95769],[11.07613,64.95912],[11.08082,64.95985]],[[11.15157,64.96182],[11.14761,64.96115],[11.14708,64.9607],[11.1496,64.9588],[11.14923,64.95768],[11.15156,64.95797],[11.15313,64.95757],[11.15304,64.95701],[11.15105,64.9563],[11.15189,64.95589]],[[11.10685,64.94803],[11.10888,64.94902],[11.10779,64.94996],[11.10684,64.9501],[11.10891,64.95177],[11.10785,64.95251],[11.11006,64.95341],[11.10846,64.95372],[11.10552,64.95357],[11.10487,64.95389],[11.10593,64.95415],[11.10561,64.95454],[11.10753,64.95489],[11.10743,64.95556],[11.10998,64.95675],[11.11449,64.95731],[11.11307,64.95864],[11.12315,64.96233],[11.12939,64.96291],[11.13122,64.96233]],[[11.10517,64.96304],[11.09339,64.96143],[11.08241,64.96073],[11.08082,64.95985]],[[11.14907,64.96419],[11.13122,64.96233]],[[11.15397,64.96431],[11.15174,64.96425]],[[11.06071,64.96188],[11.04588,64.95932],[11.04471,64.95993],[11.04339,64.95994],[11.03725,64.95715]],[[11.06634,64.96202],[11.06405,64.96196]],[[11.06797,64.96207],[11.06744,64.96153],[11.06828,64.96107],[11.06659,64.96007],[11.06761,64.95982],[11.06622,64.95955],[11.0675,64.95888]],[[11.53998,64.97377],[11.53053,64.97105],[11.52887,64.971],[11.52742,64.97238],[11.52776,64.97305],[11.52915,64.97352]],[[11.70432,64.97749],[11.70437,64.9759],[11.70693,64.97554],[11.71258,64.97382],[11.71514,64.97386]],[[11.71883,64.97781],[11.71872,64.97706],[11.71992,64.97647],[11.71959,64.97502],[11.71673,64.974],[11.71514,64.97386]],[[11.77046,64.97894],[11.76698,64.97649],[11.75894,64.97456],[11.75861,64.97408],[11.76035,64.97298],[11.75914,64.97238],[11.75124,64.97149],[11.7462,64.97255],[11.74353,64.97239],[11.74147,64.97127],[11.74201,64.97026],[11.74111,64.96931],[11.73244,64.96803],[11.73132,64.96657],[11.73207,64.9637],[11.72501,64.96102],[11.72814,64.95992],[11.73155,64.95994],[11.73109,64.95704],[11.72853,64.95542],[11.72817,64.95446],[11.72649,64.95395],[11.72128,64.95349],[11.71754,64.95429]],[[11.14907,64.96419],[11.15174,64.96425]],[[11.15397,64.96431],[11.15602,64.9646],[11.15733,64.9644]],[[11.06071,64.96188],[11.06314,64.96232],[11.06405,64.96196]],[[11.00138,64.9603],[11.00097,64.9607],[10.99907,64.9605]],[[10.99763,64.96151],[11.00242,64.96217],[11.00282,64.96154],[11.00486,64.9611],[11.00834,64.96214],[11.01475,64.9623],[11.01758,64.96358]],[[11.6145,64.98222],[11.61687,64.98267]],[[11.50919,64.97305],[11.50651,64.97343],[11.50584,64.9749],[11.50758,64.97578],[11.50642,64.97654],[11.50756,64.97707],[11.50871,64.97668],[11.50952,64.97558],[11.5151,64.97612],[11.51993,64.97554],[11.5207,64.97381],[11.51823,64.97326]],[[11.6145,64.98222],[11.6082,64.98094]],[[11.56837,64.97801],[11.56771,64.97701],[11.56663,64.97674],[11.56424,64.97682],[11.56313,64.97725],[11.56376,64.97786],[11.56614,64.97798],[11.56794,64.97876],[11.56892,64.97851],[11.56837,64.97801]],[[11.49253,64.97544],[11.49096,64.9744],[11.49055,64.9731],[11.48952,64.97304],[11.48999,64.97424],[11.48901,64.97472],[11.48035,64.97508],[11.47792,64.97623],[11.47772,64.97708],[11.48069,64.97792],[11.48548,64.9781],[11.49281,64.9767],[11.49253,64.97544]],[[11.52915,64.97352],[11.53125,64.97387],[11.53369,64.97498],[11.53845,64.97543],[11.53827,64.97572],[11.5361,64.97594],[11.53884,64.97641],[11.53883,64.97697],[11.53552,64.97716],[11.53848,64.97862],[11.54669,64.97958],[11.54862,64.97928],[11.54895,64.97887],[11.54633,64.97754],[11.5467,64.97659],[11.54005,64.97587],[11.54312,64.97539],[11.53998,64.97377]],[[11.77662,64.98049],[11.77339,64.98009],[11.77086,64.98037],[11.7697,64.98203],[11.76685,64.9826],[11.76769,64.9835],[11.76984,64.98424],[11.7798,64.98519],[11.78926,64.98495],[11.78342,64.98301],[11.78092,64.98138],[11.77662,64.98049]],[[11.53421,64.979],[11.53114,64.97896],[11.53013,64.97961],[11.53165,64.98007],[11.53461,64.97997],[11.53421,64.979]],[[11.52826,64.97917],[11.52322,64.97853],[11.52179,64.97868],[11.52256,64.97928],[11.52194,64.97962],[11.52308,64.98003],[11.52804,64.97992],[11.52826,64.97917]],[[11.03482,64.96797],[11.0377,64.96757],[11.03832,64.96779]],[[11.61931,64.98138],[11.6185,64.98044],[11.61577,64.9793],[11.61164,64.97841],[11.61142,64.97801],[11.62347,64.97757],[11.62812,64.97832],[11.64083,64.98142],[11.64523,64.98137],[11.65626,64.98205],[11.66196,64.98126],[11.67382,64.9833],[11.68234,64.98376],[11.68558,64.98439],[11.68784,64.98377],[11.69554,64.98275],[11.70053,64.98249],[11.70507,64.97937],[11.70432,64.97749]],[[11.01758,64.96358],[11.01797,64.96486],[11.01955,64.96579],[11.02934,64.96818],[11.03183,64.96843],[11.03482,64.96797]],[[11.50244,64.97848],[11.501,64.97858],[11.5007,64.97936],[11.50215,64.9807]],[[11.50215,64.9807],[11.50555,64.98107],[11.50712,64.98029],[11.50411,64.97872],[11.50244,64.97848]],[[11.00146,64.96807],[11.00696,64.96789],[11.00554,64.96697],[11.00295,64.96692],[11.00206,64.96623],[10.99918,64.96613]],[[10.99727,64.96799],[11.00066,64.96846],[11.00146,64.96807]],[[11.6082,64.98094],[11.59889,64.97958],[11.59443,64.97768],[11.59384,64.97792],[11.5959,64.97897],[11.59222,64.97894],[11.5928,64.97991],[11.59985,64.98073],[11.60066,64.98205],[11.60468,64.98401],[11.60725,64.98471],[11.60765,64.98524]],[[11.71883,64.97781],[11.71939,64.98],[11.71816,64.98357],[11.7193,64.98517],[11.72238,64.98515],[11.72319,64.98644],[11.72452,64.98677],[11.72578,64.98676],[11.72757,64.98612],[11.72868,64.98662],[11.73273,64.9872],[11.74022,64.9863],[11.74685,64.98615],[11.74708,64.98559],[11.74373,64.98442],[11.74533,64.98361],[11.74655,64.98421],[11.75106,64.98419],[11.75515,64.98552],[11.75677,64.98551],[11.75777,64.98392],[11.76035,64.98368],[11.76549,64.98242],[11.76546,64.98193],[11.77046,64.97894]],[[11.55412,64.98231],[11.55206,64.98054],[11.54837,64.98023],[11.54567,64.98086],[11.54597,64.98118],[11.55061,64.98175],[11.55031,64.9822],[11.54683,64.98222],[11.55009,64.98337],[11.55358,64.98318],[11.55451,64.98275],[11.55412,64.98231]],[[11.60765,64.98524],[11.6108,64.98599]],[[11.53969,64.98383],[11.53975,64.98245],[11.53727,64.98178],[11.53394,64.9818],[11.53094,64.98252],[11.52917,64.98189],[11.5255,64.98197],[11.52234,64.98282],[11.523,64.98332],[11.52453,64.98353],[11.52526,64.98296],[11.52907,64.98297],[11.53091,64.9836],[11.53353,64.98367],[11.53716,64.98462],[11.53969,64.98383]],[[11.6108,64.98599],[11.6118,64.98634],[11.61144,64.98666]],[[11.17556,64.97652],[11.17418,64.97512],[11.17019,64.97474],[11.16949,64.97502],[11.16942,64.97599],[11.17029,64.97658],[11.17291,64.97645],[11.17492,64.97685],[11.17556,64.97652]],[[11.48571,64.98482],[11.48525,64.983],[11.48902,64.98476],[11.49011,64.98428],[11.48888,64.9837],[11.49149,64.98317],[11.49184,64.98234],[11.49062,64.98175],[11.48977,64.9804],[11.48874,64.98011],[11.48466,64.98168],[11.48315,64.98066],[11.47628,64.97923],[11.4759,64.97971],[11.47772,64.98017],[11.47759,64.98168],[11.47943,64.9826],[11.47894,64.98429],[11.48011,64.9847],[11.48187,64.98451],[11.48254,64.98515],[11.4841,64.98545],[11.48571,64.98482]],[[11.03326,64.97366],[11.02871,64.97258],[11.02907,64.97211],[11.03083,64.97265],[11.03136,64.9724],[11.02794,64.97121],[11.02597,64.97123],[11.02569,64.97207],[11.02331,64.97163],[11.02645,64.96998],[11.02682,64.96913],[11.02598,64.96889],[11.0228,64.9688],[11.02301,64.96945],[11.02196,64.96965],[11.01683,64.96888],[11.01727,64.9696],[11.02075,64.9704],[11.02166,64.97076],[11.02133,64.97106],[11.01434,64.96951],[11.01043,64.96955],[11.00991,64.97025],[11.00698,64.97005],[11.00785,64.97122],[11.01277,64.97256],[11.02031,64.97326],[11.02468,64.97451],[11.03077,64.97476],[11.03326,64.97366]],[[11.03832,64.96779],[11.03878,64.96865],[11.04715,64.9713],[11.05281,64.97254],[11.05474,64.9724],[11.05455,64.97296],[11.05557,64.97345],[11.06286,64.97421],[11.06654,64.97496],[11.06839,64.97478],[11.06855,64.97541],[11.07833,64.97687]],[[11.08533,64.97744],[11.08622,64.97744]],[[11.07822,64.97759],[11.07977,64.97794],[11.08132,64.97745],[11.07833,64.97687]],[[11.0062,64.97542],[11.00461,64.97492],[11.00279,64.97527],[11.00176,64.97502],[11.00173,64.97447],[10.99954,64.97431]],[[10.99954,64.97431],[11.00035,64.97529],[11.00267,64.97577],[11.00427,64.97677],[11.00573,64.97626],[11.0062,64.97542]],[[11.0773,64.98385],[11.07404,64.98313],[11.07062,64.98347],[11.07297,64.98478],[11.07367,64.987],[11.07667,64.98815]],[[11.07822,64.97759],[11.06898,64.97599],[11.06401,64.97548],[11.06157,64.97569],[11.06058,64.97462],[11.05596,64.97396],[11.05324,64.97423],[11.05075,64.97315],[11.04751,64.9728],[11.04022,64.97097],[11.03722,64.97064],[11.03487,64.97101],[11.0345,64.97193],[11.03706,64.97348],[11.03502,64.97378],[11.03486,64.97421],[11.0333,64.97456],[11.03335,64.97498],[11.03574,64.97517],[11.03683,64.97457],[11.04106,64.97523],[11.04324,64.97483],[11.04451,64.97613],[11.05081,64.97695],[11.05565,64.97708],[11.05827,64.97613],[11.0595,64.9761],[11.05839,64.9777],[11.06381,64.97858],[11.06537,64.97976],[11.06863,64.98051],[11.07201,64.98056],[11.07441,64.97909],[11.07781,64.98039]],[[11.07773,64.98096],[11.07845,64.98071],[11.07781,64.98039]],[[11.03874,64.97895],[11.03637,64.97885],[11.03437,64.97969],[11.03952,64.98028],[11.04004,64.97932],[11.03874,64.97895]],[[11.08622,64.97744],[11.08991,64.97728],[11.10629,64.97985],[11.10865,64.97938],[11.10972,64.97985],[11.11521,64.98057],[11.11499,64.98087],[11.11175,64.98088],[11.11133,64.98128],[11.11475,64.98262],[11.11632,64.98287],[11.12042,64.98262],[11.12306,64.98313],[11.12428,64.98276],[11.12022,64.98144],[11.12177,64.98023],[11.12035,64.97953],[11.10965,64.97765],[11.10272,64.97532],[11.1028,64.9745],[11.10821,64.9746],[11.11414,64.97581],[11.1223,64.97871],[11.12351,64.97869],[11.12436,64.97815],[11.12751,64.9789],[11.13138,64.97885],[11.13736,64.97941],[11.13828,64.97922],[11.13874,64.97827],[11.14212,64.97829],[11.1424,64.97677],[11.14324,64.97637],[11.14529,64.97826],[11.15255,64.97976],[11.16042,64.97916],[11.15841,64.97768],[11.1567,64.97801],[11.15519,64.97776],[11.15633,64.97657],[11.16024,64.97673],[11.16129,64.97724],[11.16086,64.97807],[11.16253,64.97914],[11.16561,64.97905],[11.16265,64.97616],[11.1583,64.97413],[11.1562,64.97366],[11.15352,64.97211],[11.14598,64.97046],[11.14222,64.96874],[11.13489,64.96706],[11.1241,64.96523],[11.10517,64.96304]],[[11.07773,64.98096],[11.07601,64.98086],[11.07503,64.98133],[11.07527,64.98176],[11.07751,64.98243]],[[11.01751,64.97652],[11.01621,64.97696],[11.01853,64.97871],[11.01795,64.97947],[11.02204,64.98032],[11.02203,64.98138],[11.02329,64.98145],[11.02482,64.98067],[11.02485,64.98001],[11.02675,64.97959],[11.02679,64.97847],[11.0245,64.97771],[11.01751,64.97652]],[[11.0773,64.98385],[11.08146,64.98414],[11.08214,64.98457],[11.08429,64.98418],[11.08341,64.98381],[11.07861,64.98338],[11.07751,64.98243]],[[11.61144,64.98666],[11.60836,64.98685],[11.61081,64.98738],[11.61181,64.98897],[11.60839,64.99022],[11.60894,64.99068],[11.61117,64.99073],[11.61256,64.99138],[11.61313,64.99282],[11.61234,64.99444],[11.61677,64.99814],[11.62112,64.99955],[11.62467,64.99997]],[[11.07667,64.98815],[11.0816,64.988],[11.08207,64.98752],[11.08049,64.98696],[11.08057,64.98655],[11.08181,64.98644],[11.08279,64.98687],[11.08533,64.98636],[11.08428,64.98539],[11.08783,64.98535],[11.08812,64.98436],[11.0918,64.98457],[11.09743,64.9857],[11.0998,64.98577],[11.10066,64.98499],[11.10268,64.98495],[11.10228,64.98583],[11.1042,64.98608],[11.11118,64.98616],[11.11313,64.98553],[11.11135,64.98485],[11.11074,64.98332],[11.10858,64.98261],[11.10862,64.98215],[11.10368,64.98165],[11.10178,64.98012],[11.08871,64.97888],[11.08399,64.97771],[11.08533,64.97744]],[[11.09524,64.98656],[11.09248,64.98647],[11.08873,64.98508],[11.08864,64.98594],[11.09222,64.98707],[11.08821,64.98803],[11.08808,64.98907],[11.0932,64.98813],[11.09524,64.98656]],[[11.02006,64.98764],[11.02251,64.98746],[11.02268,64.98659],[11.02208,64.98605],[11.02069,64.98624],[11.01892,64.98535],[11.01788,64.98566],[11.01768,64.98652],[11.02006,64.98764]],[[11.05866,64.99034],[11.06063,64.98955],[11.06193,64.98748],[11.06407,64.98804],[11.06496,64.98947],[11.0661,64.98977],[11.06832,64.98962],[11.06688,64.98895],[11.06795,64.98857],[11.07396,64.98944],[11.07631,64.9891],[11.07355,64.988],[11.07094,64.98753],[11.07046,64.98646],[11.06766,64.98608],[11.06427,64.98487],[11.06445,64.98458],[11.06831,64.98401],[11.06908,64.98293],[11.06352,64.98146],[11.05851,64.98085],[11.05473,64.98135],[11.05296,64.98017],[11.05036,64.97977],[11.04819,64.98057],[11.04907,64.98111],[11.04845,64.9817],[11.04545,64.98197],[11.0427,64.98127],[11.04585,64.9808],[11.04795,64.9796],[11.04291,64.97868],[11.03524,64.97793],[11.03274,64.97846],[11.03374,64.9796],[11.02985,64.97993],[11.02891,64.98046],[11.02952,64.98098],[11.03225,64.9808],[11.03187,64.98128],[11.02741,64.98159],[11.02755,64.98213],[11.02609,64.98261],[11.02133,64.98215],[11.02348,64.98401],[11.02564,64.98455],[11.02729,64.98419],[11.0297,64.98434],[11.0322,64.98506],[11.03296,64.98422],[11.03527,64.98373],[11.03515,64.983],[11.03869,64.98263],[11.03739,64.98383],[11.0381,64.98464],[11.03507,64.98479],[11.03466,64.98559],[11.03737,64.98613],[11.03718,64.98686],[11.04037,64.98879],[11.0406,64.9895],[11.04234,64.99001],[11.05182,64.99052],[11.05866,64.99034]],[[11.00224,64.99508],[11.0008,64.9944],[11.00257,64.99358],[11.00257,64.99304],[10.99626,64.99228]],[[10.99395,64.99451],[11.00145,64.99535],[11.00224,64.99508]],[[11.01221,64.9905],[11.0089,64.98993],[11.00521,64.98996],[11.00464,64.9903],[11.00979,64.99102],[11.01168,64.99104],[11.01221,64.9905]],[[11.02135,64.99399],[11.01988,64.99302],[11.01589,64.99257],[11.0161,64.99417],[11.01969,64.99439],[11.02135,64.99399]],[[11.0398,64.99299],[11.03624,64.99266],[11.03435,64.993],[11.03414,64.99351],[11.03521,64.99404],[11.03763,64.99425],[11.03766,64.99495],[11.04042,64.99529],[11.04007,64.99465],[11.04207,64.99401],[11.0398,64.99299]],[[11.04669,64.99286],[11.04495,64.99256],[11.04321,64.99277],[11.04355,64.99373],[11.04463,64.99418],[11.04467,64.99523],[11.04587,64.99572],[11.04583,64.99486],[11.04873,64.99439],[11.04669,64.99286]],[[11.74384,65.00065],[11.74565,64.99987],[11.74696,64.99825],[11.75393,64.99879],[11.75677,64.99979],[11.7559,65.00085]],[[11.77703,65.00025],[11.77232,64.99795],[11.77183,64.99662]],[[11.62467,64.99997],[11.6345,65.00355]],[[11.66812,65.0023],[11.66815,64.99983],[11.66976,64.99978],[11.67246,65.00039]],[[11.77172,64.99512],[11.77163,64.9945],[11.7733,64.99394],[11.77842,64.99461],[11.78114,64.99421],[11.78529,64.99196],[11.78897,64.99222],[11.79072,64.99325],[11.79347,64.9937],[11.79611,64.99557],[11.79789,64.99919],[11.79556,65.00121]],[[11.14756,65.00115],[11.14956,64.99884],[11.14751,64.99798],[11.14527,64.99827],[11.14668,64.99899],[11.14374,65.00069]],[[11.14374,65.00069],[11.14229,64.99975],[11.14018,65]],[[11.14018,65],[11.13798,64.99968],[11.13688,64.99987],[11.13739,65.00078]],[[11.12265,65.00026],[11.11586,64.99862],[11.11407,64.99878],[11.11496,64.99955],[11.11424,64.99986],[11.11137,64.99909],[11.10987,64.99978],[11.10461,65.00025]],[[11.09947,65.00076],[11.10684,64.99958],[11.10752,64.99902],[11.09951,64.99844],[11.08912,64.99889],[11.08776,64.99931],[11.08892,65.00073]],[[11.6299,64.80857],[11.62722,64.80976],[11.62782,64.81016],[11.62975,64.80983]],[[11.37817,64.8035],[11.37818,64.80318],[11.3742,64.80313],[11.37056,64.80341],[11.3685,64.80418],[11.36642,64.804]],[[11.34938,64.7459],[11.3357,64.74561],[11.33097,64.74416]],[[11.52995,64.74895],[11.52978,64.75017],[11.53197,64.75055]],[[11.17058,64.75625],[11.16814,64.75637],[11.17282,64.75839],[11.17249,64.7573],[11.17058,64.75625]],[[11.61801,64.75099],[11.61379,64.75036],[11.61348,64.75088]],[[10.99497,64.69852],[11.00025,64.69875],[10.9997,64.69816]],[[11.14122,64.71993],[11.1398,64.71978],[11.13928,64.72034],[11.14104,64.72158],[11.14222,64.72088],[11.14122,64.71993]],[[11.15321,64.7227],[11.1503,64.72271],[11.15125,64.72354],[11.14915,64.72389],[11.15205,64.72417],[11.15321,64.7227]],[[11.15666,64.72264],[11.15511,64.72262],[11.15465,64.72309],[11.15488,64.72502],[11.15702,64.72346],[11.15666,64.72264]],[[11.15204,64.72638],[11.14975,64.72647],[11.15157,64.72758],[11.1537,64.72777],[11.15363,64.72665],[11.15204,64.72638]],[[11.16488,64.72641],[11.15646,64.7256],[11.15565,64.72668],[11.15844,64.72782],[11.15478,64.72786],[11.15437,64.72837],[11.1583,64.73016],[11.16352,64.7307],[11.16438,64.72972],[11.16663,64.7292],[11.16733,64.72826],[11.16488,64.72641]],[[11.14342,64.72799],[11.14184,64.72797],[11.14159,64.72843],[11.14454,64.7298],[11.14765,64.73045],[11.15539,64.73119],[11.14713,64.72843],[11.14342,64.72799]],[[11.11254,64.74132],[11.11026,64.74303],[11.11045,64.74553],[11.11173,64.74696]],[[11.18617,64.73081],[11.18734,64.72834],[11.18211,64.72768],[11.18121,64.72798],[11.18167,64.7287],[11.18052,64.72887],[11.17957,64.72753],[11.17645,64.72655],[11.17682,64.72411],[11.17586,64.7236],[11.16955,64.72317],[11.16835,64.72377],[11.16544,64.72249],[11.16397,64.72241],[11.16508,64.7243],[11.17029,64.72787],[11.17527,64.72992],[11.17809,64.73059],[11.18089,64.73214],[11.18498,64.73293]],[[11.18498,64.73293],[11.18738,64.73326],[11.18776,64.73305],[11.18617,64.73081]],[[11.17072,64.7315],[11.16974,64.73046],[11.16722,64.73053],[11.16478,64.73078],[11.16532,64.73141],[11.16372,64.7317],[11.16328,64.73219],[11.16511,64.73295],[11.17186,64.73397],[11.17403,64.73519],[11.17664,64.7355],[11.17667,64.73471],[11.17294,64.73326],[11.17072,64.7315]],[[11.14905,64.7314],[11.14487,64.73084],[11.14168,64.73083],[11.14109,64.73001],[11.13841,64.72925],[11.13639,64.7305],[11.13733,64.73131],[11.14301,64.73301],[11.15445,64.73556],[11.15298,64.73232],[11.14905,64.7314]],[[11.18252,64.73432],[11.18134,64.73385],[11.17971,64.7339],[11.17889,64.73514],[11.18116,64.7363],[11.18675,64.737],[11.18252,64.73432]],[[11.14688,64.73469],[11.14386,64.73414],[11.14304,64.73432],[11.14638,64.7357],[11.15174,64.7366],[11.15105,64.73594],[11.14688,64.73469]],[[11.19453,64.73686],[11.19232,64.73755],[11.19427,64.73867]],[[11.13134,64.73907],[11.12173,64.73643],[11.11951,64.73622],[11.11887,64.73689],[11.11963,64.73877]],[[11.1798,64.74033],[11.17823,64.73801],[11.17596,64.73765],[11.17126,64.73557],[11.16171,64.7335],[11.15872,64.73195],[11.15566,64.73163],[11.15605,64.73342],[11.15849,64.73433],[11.15563,64.73443],[11.15611,64.73571],[11.1585,64.73664],[11.17219,64.74014]],[[11.19404,64.74034],[11.18992,64.73902],[11.18883,64.73909],[11.18992,64.73993],[11.1937,64.74069]],[[11.17219,64.74014],[11.17778,64.74107],[11.17915,64.74094],[11.1798,64.74033]],[[11.10375,64.74304],[11.10684,64.74281],[11.107,64.74169],[11.10604,64.74132],[11.10248,64.74115],[11.09932,64.74182],[11.101,64.7439],[11.10259,64.74401],[11.10375,64.74304]],[[11.11173,64.74696],[11.11731,64.74906],[11.12047,64.74933],[11.12253,64.74875],[11.12452,64.74938],[11.12714,64.74906],[11.129,64.74944],[11.13218,64.74904],[11.12709,64.74638],[11.1168,64.74291],[11.11393,64.74144],[11.11254,64.74132]],[[11.16155,64.74916],[11.15786,64.74931],[11.15727,64.74982],[11.1578,64.75036],[11.16199,64.75076],[11.16246,64.74962],[11.16155,64.74916]],[[11.11963,64.73877],[11.11924,64.7402],[11.12065,64.74206],[11.12918,64.74513],[11.13119,64.7473],[11.13449,64.74901],[11.13779,64.74922],[11.14225,64.74846],[11.14346,64.74767],[11.14568,64.74857],[11.14803,64.74865],[11.15246,64.74958],[11.16293,64.74837],[11.16579,64.75015],[11.16384,64.75029],[11.16383,64.75144],[11.16478,64.75191],[11.16666,64.75191],[11.16792,64.75067],[11.17029,64.75092],[11.16855,64.74977],[11.16624,64.7461],[11.16214,64.74526],[11.16161,64.74614],[11.16227,64.74686],[11.16042,64.74693],[11.15883,64.7461],[11.15869,64.74495],[11.15755,64.74397],[11.14938,64.74139],[11.14682,64.7411],[11.14631,64.74129],[11.14765,64.74246],[11.14735,64.74286],[11.14249,64.74139],[11.14167,64.74247],[11.14254,64.74331],[11.14113,64.74354],[11.13932,64.74113],[11.13134,64.73907]],[[11.61348,64.75088],[11.61422,64.75153],[11.61598,64.75106],[11.61836,64.75161],[11.6187,64.75122],[11.61801,64.75099]],[[11.16895,64.76277],[11.16396,64.76223],[11.16455,64.76274],[11.16944,64.76385],[11.16895,64.76277]],[[11.19066,64.76428],[11.18686,64.7637],[11.18723,64.76437],[11.19051,64.76535]],[[11.11187,64.78801],[11.1108,64.78791],[11.10994,64.78834],[11.11415,64.79001],[11.11468,64.78961],[11.11187,64.78801]],[[11.32269,64.74395],[11.3264,64.74473],[11.32834,64.74409]],[[11.11387,64.79071],[11.1119,64.79029],[11.1114,64.79136],[11.11199,64.79163],[11.11593,64.79145],[11.11387,64.79071]],[[11.04737,64.7899],[11.04556,64.78994],[11.04609,64.79108],[11.04944,64.7916],[11.04967,64.79129],[11.04737,64.7899]],[[11.12793,64.79771],[11.12672,64.79678],[11.12011,64.79499],[11.11962,64.79542],[11.12055,64.79686],[11.12207,64.79745],[11.12641,64.79801],[11.12793,64.79771]],[[11.02142,64.79485],[11.01977,64.79539],[11.02252,64.79702],[11.02422,64.7966],[11.02433,64.79613],[11.02142,64.79485]],[[11.15838,64.80936],[11.15823,64.80821],[11.15732,64.8078],[11.14924,64.8059],[11.14766,64.80593],[11.14715,64.80686],[11.14906,64.80729],[11.15045,64.80813],[11.14912,64.80876],[11.15499,64.8089],[11.15781,64.80956],[11.15838,64.80936]],[[11.08777,64.80732],[11.08657,64.80667],[11.08532,64.80706],[11.08759,64.80848],[11.09029,64.80854],[11.08777,64.80732]],[[11.09645,64.8087],[11.09561,64.80883],[11.09822,64.81061],[11.10058,64.81105],[11.10167,64.8109],[11.09645,64.8087]],[[11.15941,64.8122],[11.15771,64.81066],[11.15417,64.81095],[11.15352,64.81134],[11.15042,64.81038],[11.14925,64.81038],[11.14846,64.81084],[11.15004,64.81142],[11.15368,64.81149],[11.15792,64.81263],[11.15941,64.8122]],[[11.16998,64.81126],[11.17136,64.81163],[11.168,64.81177],[11.16684,64.81226],[11.16816,64.81327],[11.16786,64.8138]],[[11.1836,64.81426],[11.18212,64.81444],[11.18084,64.81394],[11.18069,64.8133],[11.18208,64.81252],[11.18154,64.81163],[11.17969,64.81126],[11.17723,64.80998],[11.17397,64.81007],[11.17307,64.81085],[11.17168,64.80982],[11.16739,64.81009],[11.16745,64.81093],[11.16998,64.81126]],[[11.16786,64.8138],[11.16651,64.81393],[11.16194,64.8131],[11.15912,64.8137],[11.15815,64.81345],[11.15805,64.81293],[11.15544,64.81259],[11.15602,64.81458],[11.15864,64.8156]],[[11.40615,64.70108],[11.40696,64.70226],[11.40678,64.70381],[11.40514,64.7052],[11.40647,64.70607],[11.40477,64.70755],[11.40564,64.70806],[11.40517,64.70886],[11.40612,64.71055],[11.40465,64.71109],[11.40573,64.71196],[11.40842,64.71237],[11.41434,64.71139],[11.41847,64.7092],[11.4254,64.7087],[11.42935,64.70885],[11.43005,64.70807],[11.43233,64.70865]],[[11.58973,64.75034],[11.59159,64.75126],[11.59463,64.7515],[11.59678,64.7505]],[[11.43233,64.70865],[11.43368,64.71033],[11.43837,64.7116],[11.44638,64.71277],[11.45118,64.71448],[11.45641,64.71526],[11.45969,64.71621],[11.46424,64.71704],[11.46831,64.71723],[11.47422,64.72046],[11.48105,64.72179],[11.4937,64.72292],[11.50313,64.72516],[11.50767,64.72697],[11.51787,64.72849],[11.52061,64.72959]],[[11.65257,64.73704],[11.64741,64.73575],[11.63908,64.735]],[[11.52061,64.72959],[11.52225,64.73157],[11.52199,64.73211],[11.51965,64.73297],[11.51978,64.73372],[11.52676,64.73671]],[[11.23606,64.72728],[11.23089,64.72622],[11.2276,64.72604],[11.23457,64.72778],[11.23606,64.72728]],[[11.63875,64.73763],[11.64449,64.73729],[11.64576,64.73684],[11.65054,64.73765],[11.65364,64.73757]],[[11.21967,64.72727],[11.21952,64.72838]],[[11.21952,64.72838],[11.22248,64.72939],[11.22237,64.72984],[11.22114,64.73001],[11.22122,64.73044],[11.22483,64.73139],[11.23042,64.73145],[11.24214,64.73381]],[[11.28679,64.73631],[11.2796,64.73499],[11.27544,64.73495],[11.27313,64.73329],[11.26487,64.73085],[11.25839,64.72959],[11.25712,64.72981],[11.25805,64.73067],[11.25739,64.73099],[11.25279,64.73038],[11.25213,64.72981],[11.25307,64.72947],[11.25303,64.72889],[11.25028,64.72823],[11.24788,64.72834],[11.25124,64.72988],[11.24989,64.73057],[11.24591,64.73004],[11.24408,64.72943],[11.23908,64.72927],[11.23409,64.72963],[11.22538,64.72725],[11.22188,64.72699],[11.21967,64.72727]],[[11.22412,64.73674],[11.22194,64.73398],[11.22023,64.73289],[11.21892,64.73265]],[[11.23874,64.73536],[11.23264,64.73378],[11.22852,64.73367],[11.22645,64.73417],[11.22714,64.73723],[11.2263,64.73749]],[[11.2263,64.73749],[11.22412,64.73674]],[[11.20196,64.73512],[11.20091,64.73481],[11.19878,64.73496],[11.19902,64.73606],[11.20199,64.73752],[11.20362,64.7377],[11.20295,64.7357],[11.20196,64.73512]],[[11.26054,64.74239],[11.25046,64.73811],[11.24299,64.73667],[11.23874,64.73536]],[[11.32755,64.73962],[11.32479,64.73993],[11.33187,64.74123],[11.33178,64.7407],[11.32886,64.74031],[11.32755,64.73962]],[[11.57402,64.74998],[11.57221,64.74946],[11.56971,64.74988]],[[11.58424,64.74658],[11.58258,64.74646],[11.58086,64.74681],[11.57948,64.74752],[11.57977,64.74802],[11.58148,64.7481],[11.58424,64.74658]],[[11.33715,64.74134],[11.33502,64.7412],[11.33466,64.74161],[11.33794,64.74234],[11.34183,64.74248],[11.33715,64.74134]],[[11.53244,64.7469],[11.53423,64.74757],[11.53395,64.74635],[11.53581,64.7459],[11.53806,64.74601],[11.54059,64.74488],[11.5395,64.74374],[11.54039,64.74292],[11.54023,64.74185],[11.53353,64.73838]],[[11.35585,64.74244],[11.3537,64.74248],[11.35399,64.74339],[11.35865,64.74376],[11.358,64.74306],[11.35585,64.74244]],[[11.34968,64.74281],[11.34296,64.74274],[11.34848,64.74376],[11.34991,64.74318],[11.34968,64.74281]],[[11.60983,64.74771],[11.60843,64.74743],[11.60703,64.74764],[11.60442,64.74846],[11.60307,64.74939],[11.60581,64.7499],[11.60791,64.74978],[11.61004,64.74861],[11.60983,64.74771]],[[11.28679,64.73631],[11.2883,64.73617],[11.28842,64.73548],[11.28995,64.73558],[11.29593,64.73729],[11.29678,64.73828],[11.30777,64.74079],[11.3129,64.74092],[11.31934,64.74317]],[[11.19938,64.74084],[11.19674,64.74024],[11.19467,64.74054],[11.19404,64.74034]],[[11.20707,64.74103],[11.20358,64.74007],[11.20527,64.73944],[11.20445,64.73875],[11.20694,64.73769],[11.20487,64.73644],[11.20432,64.73437],[11.2117,64.73478],[11.21274,64.73358],[11.21213,64.73301],[11.20796,64.73269],[11.20794,64.7314],[11.2087,64.73121],[11.2131,64.73173],[11.21337,64.73142],[11.21091,64.73069],[11.21298,64.73065],[11.21892,64.73265]],[[11.26983,64.74263],[11.25813,64.73944],[11.25663,64.73878],[11.25666,64.73798],[11.25507,64.73731],[11.25035,64.73671],[11.24484,64.73444],[11.24214,64.73381]],[[11.32834,64.74409],[11.32854,64.74367],[11.33097,64.74416]],[[11.52484,64.74883],[11.52311,64.74815],[11.5171,64.74719],[11.51715,64.74758],[11.51991,64.74872]],[[11.52995,64.74895],[11.52987,64.74606],[11.53109,64.74612],[11.53244,64.7469]],[[11.56162,64.74969],[11.56336,64.74923],[11.56696,64.749],[11.56744,64.7485],[11.56944,64.74831],[11.57143,64.74665],[11.57569,64.74635],[11.57886,64.74559],[11.58535,64.74242],[11.58813,64.74213],[11.59091,64.7435],[11.59463,64.74354],[11.60163,64.74183],[11.60791,64.73969],[11.61027,64.73982],[11.61247,64.73931],[11.619,64.73596],[11.6257,64.73389],[11.62753,64.73171],[11.6284,64.73192],[11.62828,64.73273],[11.63037,64.73303],[11.63258,64.7324],[11.63156,64.73156],[11.63429,64.73134],[11.63508,64.73166],[11.63507,64.73255],[11.63341,64.73338],[11.63452,64.73423],[11.63007,64.73522],[11.63059,64.73589],[11.63577,64.73546],[11.63765,64.73449],[11.63908,64.735]],[[11.59678,64.7505],[11.59924,64.74891],[11.60318,64.74819],[11.60457,64.74658],[11.60296,64.74614],[11.598,64.74599],[11.59229,64.74727],[11.58746,64.74777],[11.58649,64.74806],[11.58551,64.74954],[11.58678,64.7501],[11.58973,64.75034]],[[11.62189,64.75108],[11.61701,64.74949],[11.61477,64.74818],[11.61053,64.74723],[11.61,64.74673],[11.62382,64.74579],[11.62661,64.74515],[11.62682,64.74478],[11.614,64.74551],[11.61248,64.74529],[11.61394,64.74443],[11.61088,64.74397],[11.60944,64.74401],[11.60704,64.74488],[11.60412,64.7447],[11.61066,64.74165],[11.61641,64.74011],[11.61841,64.74021],[11.62125,64.74121],[11.62397,64.74087],[11.62488,64.73996],[11.62463,64.7392],[11.62263,64.73842],[11.61972,64.73896],[11.61892,64.73866],[11.61912,64.73789],[11.62161,64.73712],[11.62743,64.73642],[11.6338,64.73767],[11.63875,64.73763]],[[11.51991,64.74872],[11.52097,64.74974],[11.52356,64.75073],[11.52725,64.75098],[11.5291,64.75022],[11.52484,64.74883]],[[11.56971,64.74988],[11.56778,64.75038],[11.56672,64.75118],[11.5678,64.75195],[11.57056,64.75214],[11.57394,64.75067],[11.57402,64.74998]],[[11.21918,64.74437],[11.21999,64.74384],[11.2184,64.74344]],[[11.19938,64.74084],[11.20273,64.74168],[11.20687,64.74214],[11.2099,64.7435],[11.2141,64.74428],[11.21529,64.74389],[11.21729,64.74431]],[[11.21729,64.74431],[11.21918,64.74437]],[[11.60161,64.75291],[11.60379,64.75254],[11.60227,64.7516],[11.59699,64.75213],[11.59563,64.7528],[11.59665,64.75369],[11.59994,64.75399],[11.60161,64.75291]],[[11.58156,64.75434],[11.58084,64.75415],[11.57922,64.75457],[11.58004,64.75549],[11.5824,64.75537],[11.5827,64.75504],[11.58156,64.75434]],[[11.53197,64.75055],[11.53404,64.75127],[11.54007,64.75163],[11.55224,64.75547],[11.55461,64.75515],[11.55597,64.75447],[11.556,64.75169],[11.55757,64.75128],[11.55928,64.75137],[11.56162,64.74969]],[[11.29463,64.78818],[11.29757,64.78825]],[[11.27912,64.74473],[11.28137,64.74527],[11.28118,64.74586],[11.28386,64.74628],[11.28574,64.74718],[11.28544,64.74776],[11.28215,64.7491],[11.2825,64.7497]],[[11.21687,64.74733],[11.22751,64.74894]],[[11.26851,64.75394],[11.26601,64.75417],[11.26862,64.75509],[11.27092,64.75494],[11.26851,64.75394]],[[11.62189,64.75108],[11.62536,64.75233],[11.63013,64.75284],[11.63003,64.75382],[11.6338,64.75462],[11.63593,64.7569],[11.63367,64.7584],[11.62426,64.75719],[11.62318,64.75765],[11.62934,64.76004],[11.63068,64.7602],[11.6326,64.75979],[11.63591,64.76047]],[[11.23263,64.75059],[11.22445,64.74957],[11.22252,64.74964],[11.22357,64.75032],[11.2277,64.75041],[11.23394,64.75123],[11.23425,64.75087],[11.23263,64.75059]],[[11.2416,64.75212],[11.23706,64.75124],[11.2353,64.75156],[11.23879,64.75257],[11.24127,64.75285],[11.2416,64.75212]],[[11.2825,64.7497],[11.2859,64.75098],[11.29027,64.75114],[11.29189,64.75202],[11.29541,64.75187],[11.29888,64.75437],[11.3001,64.75398]],[[11.42598,64.75672],[11.42581,64.75798]],[[11.32016,64.76119],[11.32158,64.76076],[11.32162,64.75946],[11.32393,64.75932],[11.32548,64.75985],[11.32491,64.76066],[11.32655,64.76153],[11.32997,64.76136],[11.33207,64.76079],[11.34275,64.76367],[11.34749,64.76348],[11.35135,64.76508],[11.35237,64.76635],[11.35481,64.76776]],[[11.77454,64.78651],[11.77064,64.78649],[11.7682,64.78731],[11.77176,64.78824],[11.77452,64.78829],[11.77574,64.78743],[11.77454,64.78651]],[[11.22751,64.74894],[11.22886,64.74876],[11.24005,64.75077],[11.24753,64.751],[11.24998,64.75175],[11.25071,64.75296],[11.25342,64.75327],[11.25523,64.75254],[11.25663,64.75263],[11.25722,64.75313],[11.26179,64.75427],[11.26264,64.75379],[11.26446,64.75375],[11.2653,64.75313],[11.27196,64.75334],[11.27251,64.75181],[11.27648,64.75019],[11.27734,64.75041],[11.2773,64.75148],[11.2783,64.75224],[11.28439,64.75469],[11.28582,64.75468],[11.28558,64.7537],[11.28849,64.75397],[11.28748,64.75278],[11.28305,64.7512],[11.28082,64.74979],[11.27709,64.74934],[11.2749,64.74866],[11.27445,64.74778],[11.26818,64.74482],[11.26054,64.74239]],[[11.42581,64.75798],[11.4301,64.75997],[11.43168,64.75999],[11.43335,64.75936],[11.43028,64.75759],[11.42598,64.75672]],[[11.3001,64.75398],[11.30118,64.7553],[11.29955,64.75561],[11.29926,64.75602],[11.30187,64.7573],[11.30445,64.75783],[11.30349,64.75852],[11.30391,64.75893],[11.30662,64.75894],[11.30942,64.75842]],[[11.30942,64.75842],[11.31178,64.75964],[11.31742,64.76111],[11.32016,64.76119]],[[11.63578,64.76153],[11.62965,64.7616],[11.62277,64.76113],[11.62176,64.7615],[11.62403,64.76229],[11.62391,64.76258],[11.61823,64.76262],[11.61386,64.76068],[11.61067,64.75964],[11.60813,64.75933],[11.60768,64.75853],[11.60523,64.75792],[11.60427,64.75799],[11.6035,64.75859],[11.60609,64.75916],[11.60549,64.75954],[11.6015,64.75968],[11.59705,64.75846],[11.59679,64.75927],[11.59552,64.75959],[11.58859,64.75791],[11.58545,64.75647],[11.58265,64.75638],[11.57993,64.75675],[11.57832,64.75524],[11.57483,64.7539],[11.56881,64.75503],[11.56887,64.75548],[11.57164,64.75581],[11.57118,64.75619],[11.57243,64.75763],[11.57393,64.75775],[11.57844,64.75681],[11.57897,64.75707],[11.57708,64.7588],[11.56688,64.76027],[11.56702,64.76135],[11.56904,64.76323],[11.56794,64.76376],[11.56841,64.76486],[11.56915,64.76524],[11.57233,64.76536],[11.57242,64.76615],[11.57051,64.76626],[11.57046,64.76657],[11.57465,64.76832],[11.5775,64.76869],[11.58144,64.76894],[11.5864,64.7683],[11.59083,64.76905],[11.59393,64.7689]],[[11.60575,64.76969],[11.60919,64.7714],[11.61039,64.77139],[11.61565,64.76916],[11.6176,64.76869],[11.6192,64.76879],[11.61796,64.76986],[11.61896,64.77001],[11.62388,64.768],[11.62915,64.76689],[11.63285,64.76758],[11.6337,64.76904],[11.63479,64.76945]],[[11.59393,64.7689],[11.59629,64.77068],[11.60068,64.77151],[11.60189,64.77148],[11.60268,64.77026],[11.60575,64.76969]],[[11.31954,64.76576],[11.31614,64.76505],[11.31495,64.76518],[11.31946,64.76634]],[[11.34938,64.7459],[11.35162,64.74589],[11.35521,64.74661],[11.36182,64.74691],[11.37719,64.74945],[11.38333,64.74966],[11.38678,64.75053],[11.38785,64.75138],[11.3912,64.7514],[11.39328,64.75183],[11.39618,64.75356],[11.39679,64.75574],[11.39868,64.75701],[11.40416,64.75863],[11.40994,64.76147],[11.41737,64.7641],[11.41534,64.76516],[11.41476,64.76624],[11.41267,64.76684],[11.40959,64.76712],[11.41019,64.76835],[11.42092,64.76839],[11.42287,64.76896],[11.42421,64.77011]],[[11.35259,64.76819],[11.34957,64.76797],[11.34858,64.76843],[11.35442,64.76948],[11.35259,64.76819]],[[11.22924,64.76607],[11.22578,64.7656],[11.22477,64.76601],[11.2278,64.76655],[11.22921,64.76641],[11.22924,64.76607]],[[11.4466,64.77148],[11.44593,64.77021],[11.44484,64.77068],[11.44196,64.7704],[11.44041,64.77098],[11.44474,64.77211],[11.44639,64.77202],[11.4466,64.77148]],[[11.20706,64.76489],[11.2034,64.7639],[11.20195,64.76401],[11.20308,64.76457],[11.20211,64.76473],[11.19971,64.76396],[11.19236,64.76312],[11.19637,64.76479],[11.20182,64.7653],[11.20438,64.76615],[11.2065,64.76596],[11.20706,64.76489]],[[11.29156,64.76849],[11.29638,64.76917],[11.29414,64.76833],[11.28898,64.76735],[11.28804,64.768],[11.28614,64.76778],[11.28288,64.76692],[11.282,64.76626],[11.27954,64.76633],[11.28014,64.76711],[11.27828,64.76701],[11.28018,64.7678],[11.28995,64.76961],[11.29126,64.76962],[11.29156,64.76849]],[[11.29424,64.76955],[11.29242,64.76993],[11.29479,64.77049],[11.29984,64.77091],[11.29839,64.77017],[11.29424,64.76955]],[[11.28312,64.76942],[11.28093,64.76923],[11.28067,64.76947],[11.28601,64.77054],[11.28925,64.77076],[11.28864,64.77023],[11.28312,64.76942]],[[11.35558,64.7712],[11.35445,64.77082],[11.35027,64.77148],[11.35167,64.77222],[11.35604,64.77279],[11.35558,64.7712]],[[11.24314,64.77049],[11.24374,64.76968],[11.24154,64.76917],[11.23858,64.76777],[11.23356,64.7672],[11.2306,64.76738],[11.23398,64.76932],[11.23624,64.76984]],[[11.23624,64.76984],[11.23672,64.7702],[11.23553,64.77048]],[[11.45058,64.77476],[11.44948,64.77448],[11.44658,64.77515],[11.44948,64.77616],[11.4511,64.77583],[11.45058,64.77476]],[[11.23553,64.77048],[11.23148,64.76954],[11.22697,64.76923],[11.22032,64.77022],[11.21949,64.77145],[11.22117,64.7722],[11.23325,64.77355],[11.24087,64.77348],[11.24575,64.77471],[11.25256,64.77381],[11.24971,64.77138],[11.24648,64.77145]],[[11.73986,64.77082],[11.74653,64.77151],[11.75119,64.77244],[11.75484,64.77483],[11.7596,64.7743],[11.762,64.77453],[11.76789,64.77428],[11.77299,64.77509],[11.78322,64.77501],[11.78866,64.77429],[11.78934,64.77466],[11.78802,64.77537],[11.78842,64.77559],[11.79231,64.77448],[11.79525,64.77412],[11.79528,64.77518],[11.79211,64.77606],[11.79094,64.77836],[11.79219,64.77897],[11.797,64.7787],[11.80105,64.77783],[11.8052,64.77857],[11.8105,64.77787],[11.81446,64.77776],[11.8144,64.77828],[11.8076,64.77916],[11.80631,64.77994],[11.80934,64.78204],[11.80924,64.78249],[11.8076,64.78282],[11.8078,64.78374],[11.8089,64.78439],[11.81742,64.78271]],[[11.24648,64.77145],[11.24556,64.77171],[11.24283,64.7712],[11.24314,64.77049]],[[11.30651,64.77269],[11.30429,64.7726],[11.30333,64.77319],[11.30684,64.7736],[11.3078,64.77324],[11.30651,64.77269]],[[11.79031,64.78507],[11.79023,64.78474],[11.7883,64.7847],[11.78783,64.78432],[11.79437,64.78431],[11.79568,64.78474],[11.79565,64.78581],[11.79885,64.78613],[11.80413,64.78516],[11.80516,64.78456],[11.80188,64.78169],[11.79705,64.78302],[11.79438,64.78263],[11.79065,64.78309],[11.78517,64.78267],[11.77935,64.78389],[11.77687,64.78401],[11.77589,64.78458],[11.77701,64.78505],[11.77949,64.78493],[11.78339,64.78641],[11.78878,64.78561],[11.79031,64.78507]],[[11.77577,64.78551],[11.77384,64.78574],[11.77629,64.78631],[11.77925,64.78602],[11.77577,64.78551]],[[11.63479,64.76945],[11.63883,64.76974],[11.63981,64.77118],[11.644,64.77115],[11.64758,64.77226],[11.64639,64.77518],[11.64702,64.77567],[11.65418,64.77514],[11.66041,64.77403],[11.66067,64.77345],[11.6594,64.7733],[11.65805,64.77218],[11.65658,64.77203],[11.658,64.77068],[11.66256,64.77031],[11.66537,64.76962],[11.67164,64.77024],[11.6727,64.76966],[11.67275,64.76889],[11.67523,64.76826],[11.67708,64.76825],[11.68385,64.76985],[11.68792,64.76944],[11.69659,64.77176],[11.70043,64.77213],[11.70463,64.77311],[11.70777,64.77318],[11.71151,64.77438],[11.71427,64.77434],[11.71463,64.77483],[11.71226,64.77539],[11.71448,64.77603],[11.71597,64.77737],[11.71502,64.77784],[11.71009,64.77757],[11.70384,64.77612],[11.70195,64.77796],[11.70567,64.77978],[11.70593,64.7809],[11.7092,64.78459],[11.71159,64.78517],[11.71671,64.7854],[11.72481,64.78464],[11.73182,64.78267],[11.73399,64.78091],[11.73431,64.77776],[11.73765,64.7756],[11.7363,64.77283],[11.73787,64.77132],[11.73271,64.76816],[11.7285,64.7668],[11.7277,64.7655],[11.73831,64.76816],[11.73986,64.77082]],[[11.45599,64.77717],[11.45376,64.77651],[11.4497,64.77692],[11.4503,64.77755],[11.45687,64.77943],[11.45784,64.78066],[11.46354,64.78172],[11.4614,64.77958],[11.46155,64.7786],[11.45599,64.77717]],[[11.74861,64.78956],[11.75098,64.78934],[11.75837,64.78965],[11.76316,64.78884],[11.76634,64.78694],[11.76278,64.78624],[11.76243,64.7854],[11.76079,64.78445],[11.76099,64.78394],[11.7631,64.78274],[11.77175,64.78152],[11.7757,64.78019],[11.77838,64.7798],[11.78293,64.78007],[11.78557,64.7812],[11.78992,64.78171],[11.79623,64.78121],[11.79732,64.7807],[11.79021,64.78023],[11.78733,64.77851],[11.78527,64.77852],[11.78305,64.77796],[11.77531,64.77826],[11.77135,64.77762],[11.75874,64.77764],[11.75694,64.78145],[11.74688,64.78251],[11.74585,64.78313],[11.74581,64.78412],[11.74204,64.78602],[11.7462,64.78604],[11.74683,64.78644],[11.74254,64.78834],[11.74267,64.78899],[11.74583,64.78953],[11.74861,64.78956]],[[11.81666,64.79843],[11.81488,64.79839]],[[11.35481,64.76776],[11.35858,64.77017],[11.36425,64.77234],[11.36896,64.77327],[11.36981,64.77385],[11.36573,64.77442],[11.36346,64.77526],[11.36142,64.77527],[11.36152,64.77625],[11.36528,64.77659],[11.36613,64.77732],[11.36207,64.77712],[11.36058,64.77734],[11.3607,64.7777],[11.36347,64.77864],[11.37013,64.77985],[11.37166,64.77975],[11.37096,64.77884],[11.37139,64.77812],[11.37561,64.77827],[11.38451,64.77974],[11.38627,64.77957],[11.38738,64.78077],[11.39045,64.78238],[11.38987,64.78265]],[[11.81759,64.78283],[11.81673,64.78352],[11.8181,64.78405],[11.82038,64.78423],[11.82252,64.78377],[11.82327,64.78402],[11.82058,64.78526],[11.82125,64.78592],[11.8245,64.78598],[11.82791,64.78538],[11.82674,64.7874],[11.82751,64.788],[11.83836,64.78673],[11.84059,64.78682],[11.84032,64.78919],[11.83604,64.79143],[11.83781,64.79212],[11.8425,64.79299]],[[11.7801,64.79221],[11.78016,64.79184],[11.77646,64.7906],[11.77002,64.79076],[11.76974,64.79196],[11.77044,64.79225],[11.77349,64.79202],[11.77838,64.79245],[11.7801,64.79221]],[[11.21258,64.77793],[11.20815,64.77713],[11.20711,64.77726],[11.20677,64.77773],[11.2069,64.77824],[11.21238,64.77932]],[[11.21238,64.77932],[11.21723,64.77982],[11.22135,64.77957],[11.228,64.78023],[11.23178,64.77927],[11.23121,64.77778],[11.22733,64.77683],[11.22606,64.77699],[11.22519,64.77815],[11.22197,64.77873],[11.2196,64.77741],[11.21886,64.77751],[11.21879,64.77801],[11.21685,64.77766],[11.21258,64.77793]],[[11.8425,64.79299],[11.8466,64.79279],[11.85016,64.79351],[11.85035,64.7939],[11.84945,64.79422],[11.84704,64.79422],[11.84709,64.79497],[11.84815,64.79528],[11.8524,64.79549],[11.86433,64.79468],[11.86613,64.7957]],[[11.316,64.7917],[11.31407,64.79089],[11.31277,64.79098],[11.31482,64.79286],[11.31581,64.79307]],[[11.28603,64.78116],[11.2848,64.7803],[11.28256,64.78001],[11.28241,64.78095],[11.28009,64.78046],[11.27652,64.78042],[11.2752,64.78161],[11.27805,64.78228],[11.28316,64.78228],[11.28579,64.78161],[11.28603,64.78116]],[[11.82249,64.79856],[11.82114,64.79818],[11.81973,64.7985]],[[11.27005,64.78138],[11.26919,64.78017],[11.26691,64.77953],[11.2624,64.77976],[11.25827,64.78051],[11.25153,64.77881],[11.24891,64.77881],[11.24309,64.77766],[11.23542,64.77715],[11.23336,64.77796],[11.23486,64.77915],[11.23972,64.77945],[11.24333,64.78052],[11.24962,64.78094],[11.25552,64.78086],[11.26345,64.78209],[11.26845,64.78181],[11.27005,64.78138]],[[11.83724,64.79498],[11.83724,64.7944],[11.83488,64.79429],[11.83302,64.79277],[11.82809,64.79265],[11.82618,64.79313],[11.82706,64.795],[11.82911,64.79481],[11.83511,64.79571],[11.83724,64.79498]],[[11.3087,64.78362],[11.31167,64.78291],[11.31176,64.78242],[11.30577,64.78105],[11.3035,64.78191],[11.30532,64.78238],[11.30503,64.78316],[11.30025,64.7828],[11.30033,64.78319],[11.30172,64.78342],[11.3087,64.78362]],[[11.38987,64.78265],[11.38615,64.78295],[11.384,64.78352],[11.38053,64.78345],[11.37928,64.78415],[11.38162,64.78502],[11.38873,64.78553],[11.39208,64.78666]],[[11.67606,64.79089],[11.67435,64.79092],[11.67606,64.79293],[11.67984,64.79383],[11.68004,64.79348],[11.67708,64.79213],[11.67606,64.79089]],[[11.27357,64.78635],[11.26895,64.78604],[11.26865,64.78566],[11.26973,64.78493],[11.26816,64.78464],[11.25723,64.78462],[11.24999,64.78478],[11.24754,64.78515],[11.24321,64.78617],[11.24371,64.78689]],[[11.35761,64.78619],[11.36076,64.78645],[11.36311,64.78627],[11.36383,64.7858],[11.36332,64.78528],[11.35893,64.78434],[11.35825,64.78348],[11.35564,64.78295],[11.34855,64.78285],[11.34912,64.78442],[11.34823,64.78461],[11.34527,64.78308],[11.34219,64.78286],[11.33741,64.78371],[11.33439,64.78324],[11.33127,64.78179],[11.32948,64.78231],[11.33061,64.78321],[11.33252,64.78337],[11.33317,64.78437],[11.33486,64.78484],[11.33793,64.78453],[11.34537,64.78532],[11.34949,64.78506],[11.35189,64.78616],[11.35761,64.78619]],[[11.84619,64.79764],[11.84769,64.79756]],[[11.4219,64.78749],[11.42495,64.78832],[11.4289,64.78855]],[[11.84619,64.79764],[11.84347,64.7975],[11.84192,64.79793]],[[11.83163,64.79875],[11.83057,64.79838],[11.83001,64.79872]],[[11.8592,64.79934],[11.85643,64.79855],[11.85619,64.79781],[11.85438,64.79696],[11.85276,64.79751],[11.84897,64.79724],[11.84769,64.79756]],[[11.86602,64.79651],[11.86435,64.79766],[11.86029,64.79868],[11.86109,64.79938]],[[11.23705,64.78222],[11.23041,64.78157],[11.22758,64.78177],[11.22842,64.78238],[11.23288,64.78333],[11.24002,64.78432],[11.24253,64.78425],[11.23938,64.78266],[11.23705,64.78222]],[[11.73709,64.79374],[11.73579,64.79395],[11.73491,64.79494],[11.73679,64.79618]],[[11.75084,64.79701],[11.74689,64.79633],[11.74958,64.79463],[11.74925,64.79362],[11.73709,64.79374]],[[11.78758,64.79781],[11.78454,64.79695],[11.78197,64.79531],[11.77805,64.79523],[11.77633,64.79609],[11.77309,64.79436],[11.77099,64.79413],[11.75985,64.79449],[11.75629,64.79563],[11.75652,64.79654],[11.75428,64.79708]],[[11.81666,64.79843],[11.81973,64.7985]],[[11.75428,64.79708],[11.75253,64.79744],[11.75084,64.79701]],[[11.4758,64.79091],[11.47211,64.79081],[11.47052,64.79143],[11.471,64.79171],[11.47481,64.79182],[11.4758,64.79091]],[[11.4289,64.78855],[11.43121,64.78842],[11.44249,64.78914],[11.45325,64.79138],[11.4661,64.79176],[11.46747,64.7914],[11.46376,64.79089],[11.46032,64.78979],[11.46045,64.7889],[11.46549,64.78814],[11.46015,64.78543],[11.45722,64.78488],[11.45634,64.78556],[11.4529,64.7852],[11.44896,64.78356],[11.44698,64.7813],[11.44291,64.78072],[11.43895,64.77824],[11.43081,64.77648],[11.42863,64.77556],[11.42421,64.77011]],[[11.4216,64.78978],[11.42059,64.78993],[11.42147,64.79073]],[[11.39201,64.79031],[11.39654,64.78945],[11.39274,64.78875],[11.39208,64.78666]],[[11.82249,64.79856],[11.82429,64.79932],[11.83035,64.80037],[11.83083,64.79998],[11.83001,64.79872]],[[11.83163,64.79875],[11.83475,64.80055],[11.83726,64.8001],[11.83966,64.79892]],[[11.21154,64.78529],[11.21145,64.78595]],[[11.21904,64.78627],[11.21427,64.785],[11.21154,64.78529]],[[11.23335,64.78663],[11.23321,64.78565],[11.23139,64.78567],[11.2272,64.7844],[11.22312,64.78417],[11.22158,64.78447],[11.21896,64.78369],[11.21756,64.78368],[11.21718,64.78412],[11.21881,64.78503],[11.22147,64.78535],[11.22413,64.7851],[11.22385,64.78639]],[[11.31105,64.79358],[11.31008,64.79267],[11.30695,64.79161],[11.30687,64.79109],[11.3039,64.79064],[11.30494,64.78984],[11.30208,64.78951],[11.30269,64.78871],[11.30134,64.78853],[11.29758,64.78926],[11.29757,64.78825]],[[11.4198,64.80333],[11.42609,64.80335],[11.42881,64.8041],[11.43491,64.80459],[11.4369,64.8051],[11.43734,64.80596]],[[11.27357,64.78635],[11.27684,64.78615],[11.27712,64.78557],[11.27627,64.78522],[11.27788,64.78456],[11.27976,64.78467],[11.28054,64.78555],[11.28453,64.78567],[11.28689,64.78627],[11.28714,64.78563],[11.28578,64.78467],[11.29077,64.78461],[11.29111,64.785],[11.28988,64.78538],[11.2912,64.78603],[11.28747,64.78618],[11.28725,64.78678],[11.29205,64.78762],[11.2935,64.78744],[11.29443,64.78817]],[[11.31335,64.78864],[11.31099,64.78835],[11.30848,64.78852]],[[11.39147,64.79056],[11.39201,64.79031]],[[11.41071,64.78778],[11.40851,64.7877],[11.40804,64.78813],[11.41558,64.78874],[11.41763,64.78936],[11.41393,64.79037],[11.4031,64.79017],[11.40781,64.79096]],[[11.43126,64.79153],[11.43216,64.79096],[11.4216,64.78978]],[[11.43763,64.79168],[11.44243,64.7918]],[[11.73987,64.79863],[11.73992,64.79831],[11.74175,64.79791],[11.74152,64.7975],[11.73779,64.79672]],[[11.79033,64.79973],[11.78858,64.79925],[11.78758,64.79781]],[[11.80825,64.80012],[11.81488,64.79839]],[[11.86089,64.80124],[11.86011,64.80072],[11.86061,64.79989],[11.8592,64.79934]],[[11.86193,64.80126],[11.86109,64.79938]],[[11.41005,64.7916],[11.41476,64.79199]],[[11.22385,64.78639],[11.22466,64.78683],[11.23038,64.78782],[11.23271,64.78732],[11.23335,64.78663]],[[11.42136,64.79158],[11.42234,64.79131]],[[11.43126,64.79153],[11.4315,64.79179],[11.43462,64.79192]],[[11.45132,64.79237],[11.44669,64.79237],[11.44243,64.7918]],[[11.30848,64.78852],[11.31175,64.78917],[11.31309,64.78908],[11.31335,64.78864]],[[11.40781,64.79096],[11.41005,64.7916]],[[11.42136,64.79158],[11.41644,64.79195]],[[11.21165,64.78608],[11.21548,64.78697],[11.21904,64.78627]],[[11.21114,64.78816],[11.213,64.78782],[11.2113,64.78702]],[[11.24232,64.78792],[11.2383,64.78796],[11.23724,64.78838],[11.23999,64.78906],[11.24243,64.78826],[11.24232,64.78792]],[[11.2113,64.78702],[11.2073,64.78659],[11.20611,64.78703],[11.20642,64.78789],[11.20827,64.78854],[11.21114,64.78816]],[[11.34707,64.79172],[11.34513,64.79142],[11.3431,64.79197],[11.34577,64.793],[11.34734,64.79301],[11.34707,64.79172]],[[11.23044,64.78893],[11.22789,64.78939],[11.22778,64.79026],[11.23079,64.78962],[11.23044,64.78893]],[[11.47954,64.79472],[11.47629,64.79514],[11.47588,64.79582],[11.48059,64.7965],[11.48186,64.79575],[11.47954,64.79472]],[[11.21084,64.79031],[11.21462,64.78976],[11.21754,64.78995],[11.21916,64.78914],[11.21621,64.78822],[11.21099,64.78921]],[[11.23213,64.78985],[11.23127,64.7898],[11.22995,64.79042],[11.23122,64.79185],[11.23489,64.79116],[11.23451,64.79037],[11.23213,64.78985]],[[11.31581,64.79307],[11.3202,64.79307],[11.3296,64.79382],[11.33202,64.79461],[11.33628,64.7941],[11.33797,64.79331],[11.33765,64.7925],[11.33665,64.79218],[11.32645,64.79128],[11.32541,64.79085],[11.32332,64.79087],[11.32259,64.79182],[11.32037,64.79101],[11.31898,64.79097],[11.31825,64.79205],[11.316,64.7917]],[[11.22854,64.79129],[11.22571,64.79082],[11.22343,64.7911],[11.22494,64.79197],[11.22647,64.79206],[11.22852,64.79192],[11.22854,64.79129]],[[11.79033,64.79973],[11.79303,64.80028],[11.79319,64.80072],[11.78101,64.80035],[11.78048,64.80062],[11.7836,64.80238],[11.78532,64.80184],[11.78792,64.80183],[11.79229,64.80381],[11.80135,64.80414],[11.80399,64.80573],[11.8081,64.80597],[11.80873,64.80516],[11.80598,64.80306],[11.80937,64.80223],[11.80705,64.80152],[11.80825,64.80012]],[[11.39147,64.79056],[11.38647,64.79094],[11.38771,64.79266],[11.39938,64.79463],[11.40397,64.79439],[11.40439,64.79606],[11.40572,64.79677],[11.40919,64.79749]],[[11.24489,64.78763],[11.24767,64.78852],[11.25109,64.78894],[11.25074,64.78945],[11.2517,64.79003],[11.25755,64.79214],[11.26303,64.79329],[11.26385,64.79228],[11.26522,64.7922],[11.27092,64.79253],[11.27113,64.7928],[11.26899,64.79346],[11.27006,64.79382],[11.27448,64.79393],[11.28231,64.7932],[11.29207,64.79482],[11.29342,64.79547],[11.28027,64.79429],[11.27743,64.79474],[11.26961,64.79458]],[[11.33199,64.79602],[11.33077,64.79543],[11.3292,64.7954],[11.32889,64.79463],[11.32697,64.79442],[11.318,64.79451],[11.31844,64.79495],[11.32737,64.79667],[11.33049,64.79671],[11.3316,64.79654],[11.33199,64.79602]],[[11.65282,64.80416],[11.65826,64.80392],[11.6608,64.80433],[11.67139,64.80373],[11.67464,64.80444],[11.6875,64.80499],[11.68915,64.80459],[11.68711,64.80352],[11.68992,64.80307],[11.68745,64.80178],[11.68459,64.80167],[11.67646,64.79979],[11.65771,64.79742],[11.65732,64.79768],[11.65835,64.79834],[11.65616,64.79892],[11.65411,64.79892],[11.65269,64.80156],[11.64849,64.80218],[11.64645,64.80424],[11.64805,64.80469],[11.65282,64.80416]],[[11.65187,64.80766],[11.64963,64.80763],[11.64915,64.80803],[11.65138,64.80851],[11.65413,64.80839],[11.65369,64.80786],[11.65187,64.80766]],[[11.52553,64.80065],[11.51453,64.7993],[11.51094,64.79846],[11.50464,64.79953],[11.50125,64.79852],[11.49223,64.79856],[11.49034,64.79889],[11.49097,64.80028],[11.49745,64.80054],[11.50169,64.80156]],[[11.5344,64.80275],[11.5398,64.80142],[11.53718,64.80083],[11.53472,64.80127],[11.52553,64.80065]],[[11.36894,64.7979],[11.36111,64.79548],[11.35982,64.79571],[11.35923,64.79683],[11.356,64.79639],[11.35552,64.7959],[11.35419,64.79574],[11.35264,64.79646],[11.35426,64.7973],[11.36348,64.79778],[11.36554,64.79829],[11.36589,64.79904],[11.36894,64.7979]],[[11.66657,64.80517],[11.661,64.80458],[11.65692,64.80483],[11.65586,64.80521],[11.65691,64.8058],[11.66507,64.8062],[11.66711,64.80584],[11.66657,64.80517]],[[11.65407,64.80528],[11.65123,64.80492],[11.6478,64.80541],[11.64906,64.80595],[11.65347,64.80639],[11.65552,64.80609],[11.65407,64.80528]],[[11.73534,64.80823],[11.74302,64.80924],[11.74373,64.80857],[11.746,64.8086],[11.74517,64.80717],[11.74684,64.80752],[11.74739,64.80688],[11.75185,64.80797],[11.75006,64.80695],[11.74302,64.80493],[11.74277,64.80415],[11.74822,64.80463],[11.75093,64.80544],[11.75224,64.80488],[11.75427,64.80471],[11.7514,64.80331],[11.74713,64.8028],[11.74328,64.80139],[11.73675,64.80015],[11.73645,64.79971],[11.73987,64.79863]],[[11.4606,64.80364],[11.47088,64.8025],[11.47843,64.80289],[11.47947,64.80204],[11.47732,64.80159],[11.47002,64.80152],[11.46705,64.80104],[11.4631,64.7997],[11.4538,64.79856],[11.45452,64.79783],[11.45686,64.79716],[11.46257,64.79809],[11.46837,64.79846],[11.46858,64.79803],[11.46572,64.79801],[11.46741,64.79698],[11.46541,64.79689],[11.46504,64.79654],[11.46566,64.79611],[11.46747,64.79592],[11.46866,64.79503],[11.46567,64.79341],[11.45132,64.79237]],[[11.25859,64.79727],[11.26189,64.79697],[11.2624,64.79541],[11.25777,64.79317],[11.25447,64.79255],[11.25025,64.79085],[11.24588,64.79025],[11.23922,64.79129],[11.23922,64.79159],[11.24172,64.79166],[11.24294,64.79214],[11.24232,64.79351],[11.24399,64.79458],[11.24707,64.79517],[11.25357,64.79527],[11.25595,64.79574],[11.25481,64.79602],[11.24984,64.79583],[11.2465,64.79718],[11.24702,64.79769],[11.25199,64.79861],[11.25599,64.79813],[11.25859,64.79727]],[[11.40919,64.79749],[11.40856,64.79877],[11.41349,64.79932],[11.41106,64.80037],[11.40987,64.80136],[11.41042,64.80177],[11.41376,64.80283],[11.4198,64.80333]],[[11.31498,64.79911],[11.31441,64.80001],[11.3129,64.8005],[11.31475,64.80083]],[[11.31475,64.80083],[11.31844,64.80062],[11.32547,64.79951],[11.31996,64.79755],[11.31597,64.79778],[11.31615,64.79807],[11.31828,64.79819],[11.31891,64.79878],[11.31498,64.79911]],[[11.50169,64.80156],[11.50367,64.80211],[11.50387,64.80295],[11.50641,64.80344],[11.50635,64.80443],[11.51083,64.80492],[11.5127,64.80556],[11.51632,64.80536],[11.51828,64.80449],[11.52485,64.8059]],[[11.6741,64.80918],[11.67117,64.80823],[11.66827,64.80841],[11.66284,64.80807],[11.65944,64.80842],[11.6613,64.80886],[11.67064,64.80945],[11.67383,64.80949],[11.6741,64.80918]],[[11.52485,64.8059],[11.53029,64.80626],[11.53814,64.80561],[11.53755,64.80392],[11.53483,64.80334],[11.5344,64.80275]],[[11.60024,64.80624],[11.59291,64.80558],[11.58544,64.80542],[11.58306,64.80583],[11.58595,64.80686],[11.59248,64.8078],[11.59899,64.80742],[11.60024,64.80624]],[[11.27125,64.80016],[11.26959,64.79935],[11.26564,64.79953],[11.26584,64.79987],[11.27125,64.80016]],[[11.34621,64.79899],[11.34169,64.79844],[11.33955,64.79951],[11.33529,64.7995],[11.33173,64.80051],[11.33414,64.80133],[11.33433,64.8018],[11.3398,64.80253],[11.3445,64.80132],[11.34646,64.79991],[11.34621,64.79899]],[[11.38218,64.80379],[11.38085,64.80344],[11.37817,64.8035]],[[11.28095,64.80133],[11.28105,64.80098],[11.28268,64.80066],[11.28406,64.80111]],[[11.65254,64.80925],[11.64845,64.80929],[11.6465,64.80975],[11.6487,64.81013],[11.65289,64.80966],[11.65254,64.80925]],[[11.26961,64.79458],[11.26629,64.79467],[11.26524,64.79582],[11.27161,64.79812],[11.27555,64.79812],[11.27915,64.7987],[11.28018,64.79947],[11.27657,64.80036],[11.27988,64.80148],[11.28095,64.80133]],[[11.28406,64.80111],[11.28622,64.80177],[11.28868,64.80096],[11.29275,64.80101],[11.29653,64.8006],[11.30338,64.79831],[11.30588,64.79867],[11.30964,64.79847],[11.31061,64.79886],[11.30953,64.79985],[11.3121,64.79955],[11.31243,64.79922],[11.31145,64.79861],[11.3126,64.79733],[11.31064,64.79648],[11.31223,64.79396],[11.31105,64.79358]],[[11.62975,64.80983],[11.63737,64.81019],[11.64009,64.80986],[11.64266,64.80877],[11.63828,64.8083],[11.6299,64.80857]],[[11.67621,64.81092],[11.67191,64.81011],[11.66499,64.81036],[11.66108,64.80949],[11.65604,64.80959],[11.65392,64.80985],[11.65374,64.81019],[11.66037,64.81141],[11.67149,64.81216],[11.67546,64.81159],[11.67621,64.81092]],[[11.34714,64.80438],[11.3423,64.80336],[11.33716,64.8037],[11.33658,64.80425],[11.3378,64.80462],[11.34714,64.80438]],[[11.34409,64.80673],[11.34676,64.80748],[11.34628,64.80659],[11.34891,64.80578]],[[11.38218,64.80379],[11.38704,64.8059],[11.3887,64.80616],[11.39586,64.80536],[11.40939,64.8051],[11.41255,64.80533],[11.41449,64.80702]],[[11.36642,64.804],[11.36389,64.80382],[11.35534,64.80437],[11.35273,64.80525],[11.34891,64.80578]],[[11.68433,64.81293],[11.67901,64.81271],[11.67688,64.81321],[11.68542,64.81356],[11.68433,64.81293]],[[11.48554,64.80813],[11.48265,64.80862],[11.47442,64.80894],[11.47208,64.80884],[11.47161,64.80821],[11.46927,64.80791],[11.45977,64.80774],[11.45882,64.80675],[11.46186,64.80565],[11.46208,64.80501],[11.45916,64.80451],[11.45891,64.80396],[11.4606,64.80364]],[[11.27566,64.80211],[11.27317,64.80327],[11.27704,64.80385],[11.27664,64.80454],[11.27928,64.80478],[11.2791,64.80278],[11.27566,64.80211]],[[11.41903,64.80916],[11.4164,64.80755],[11.41449,64.80702]],[[11.44653,64.8104],[11.44673,64.80942],[11.44477,64.80859],[11.4402,64.8082],[11.43738,64.80687],[11.43734,64.80596]],[[11.28034,64.80553],[11.28,64.80625],[11.27927,64.80631]],[[11.23344,64.80334],[11.23152,64.80323],[11.23136,64.80424],[11.23429,64.80554],[11.23567,64.80558],[11.237,64.80427],[11.23344,64.80334]],[[11.62913,64.81475],[11.6323,64.81476],[11.63932,64.81554]],[[11.64641,64.81593],[11.63932,64.81554]],[[11.41903,64.80916],[11.42189,64.81037],[11.42661,64.81009],[11.42868,64.81036],[11.43081,64.81116]],[[11.2885,64.80768],[11.2871,64.8059],[11.28236,64.80423],[11.28123,64.80433],[11.28034,64.80553]],[[11.61983,64.81557],[11.61931,64.81338],[11.62431,64.81223],[11.62035,64.81173],[11.62279,64.81038],[11.62154,64.81003],[11.61248,64.81106],[11.61002,64.8123],[11.60801,64.8141],[11.60376,64.81401],[11.60499,64.81475],[11.60785,64.81525],[11.61685,64.81575],[11.61983,64.81557]],[[11.31357,64.80947],[11.32723,64.80695],[11.3335,64.80649],[11.34409,64.80673]],[[11.48554,64.80813],[11.48599,64.80754],[11.48826,64.80731],[11.49159,64.8076],[11.49268,64.80821],[11.49663,64.8084],[11.5031,64.80787],[11.50575,64.80699],[11.51526,64.81099],[11.515,64.81245],[11.51211,64.8139],[11.51282,64.81455]],[[11.29429,64.80783],[11.29299,64.80782],[11.29245,64.80841],[11.2937,64.80933],[11.29565,64.80938],[11.29663,64.80895],[11.29429,64.80783]],[[11.31357,64.80947],[11.3135,64.80995]],[[11.62913,64.81475],[11.62506,64.81532],[11.62739,64.81712],[11.62878,64.81755]],[[11.44285,64.81327],[11.4441,64.81173],[11.44653,64.8104]],[[11.43081,64.81116],[11.43892,64.81329],[11.44218,64.81379],[11.44285,64.81327]],[[11.51282,64.81455],[11.5161,64.81565],[11.52349,64.81644]],[[11.5332,64.81381],[11.52999,64.81416],[11.53041,64.81493],[11.52841,64.81626],[11.52569,64.81661],[11.52349,64.81644]],[[11.64641,64.81593],[11.64758,64.81563],[11.6499,64.81577],[11.65638,64.81691],[11.65727,64.81649],[11.65527,64.8155],[11.65539,64.81499],[11.65996,64.8151],[11.66036,64.816],[11.66628,64.81768],[11.66945,64.81913],[11.67926,64.82022],[11.68046,64.81924],[11.67875,64.81829],[11.67848,64.81751],[11.67558,64.81611],[11.676,64.81568],[11.6872,64.81537],[11.6879,64.81504],[11.68609,64.81478],[11.68642,64.81398],[11.6925,64.81371],[11.69613,64.81243],[11.69338,64.81241],[11.69368,64.8118],[11.6978,64.81157],[11.69849,64.81101],[11.7004,64.81102],[11.69869,64.81034],[11.68092,64.80919],[11.67984,64.80796],[11.68153,64.80787],[11.68359,64.80853],[11.68602,64.80818],[11.68767,64.80701],[11.68929,64.80737],[11.69281,64.80719],[11.69507,64.80782],[11.69631,64.80893],[11.69726,64.80898],[11.69776,64.80839],[11.6968,64.80745],[11.69746,64.80673],[11.7024,64.80799],[11.70387,64.80789],[11.70309,64.80633],[11.70062,64.80482],[11.70575,64.80406],[11.70759,64.80445],[11.7103,64.80617],[11.71301,64.80546],[11.7191,64.80754],[11.72381,64.80737],[11.72652,64.80805],[11.72848,64.80767],[11.73534,64.80823]],[[11.22034,64.80765],[11.21819,64.80738],[11.21803,64.80827],[11.22148,64.80943],[11.22034,64.80765]],[[11.31326,64.81175],[11.31426,64.81021],[11.3135,64.80995]],[[11.29354,64.81142],[11.29193,64.80915],[11.28843,64.80877],[11.2885,64.80768]],[[11.31326,64.81175],[11.31281,64.81217],[11.31144,64.8122],[11.30973,64.81196],[11.30859,64.81106],[11.30767,64.81107],[11.30801,64.81266]],[[11.24079,64.80856],[11.23965,64.80853],[11.23985,64.80927],[11.24254,64.81012],[11.24251,64.81105],[11.24598,64.81018],[11.24498,64.80947],[11.24079,64.80856]],[[11.21353,64.80966],[11.21191,64.80973],[11.21158,64.81024],[11.2132,64.81058],[11.21579,64.81218],[11.21794,64.81137],[11.21353,64.80966]],[[11.26939,64.81379],[11.27088,64.81302],[11.26887,64.81265],[11.26627,64.8135],[11.26418,64.81338],[11.26356,64.81397],[11.26626,64.81433],[11.26939,64.81379]],[[11.28038,64.81548],[11.28211,64.81542],[11.28224,64.81448],[11.27841,64.8132],[11.27861,64.8129],[11.28364,64.8139],[11.28523,64.81362],[11.2857,64.81469],[11.29465,64.81452],[11.29621,64.81539],[11.29877,64.81556],[11.29933,64.81469],[11.29547,64.81299],[11.29354,64.81142]],[[11.28038,64.81548],[11.28023,64.8158]],[[11.30801,64.81266],[11.30675,64.81298],[11.30463,64.81264],[11.30138,64.81302],[11.30151,64.81334],[11.30488,64.81529],[11.30925,64.81675],[11.31211,64.81644],[11.30974,64.81365],[11.31078,64.81354],[11.31286,64.81462]],[[11.27927,64.80631],[11.27818,64.80562],[11.27553,64.80585],[11.27398,64.80666],[11.27365,64.80761],[11.27168,64.80751],[11.26908,64.8067],[11.26752,64.80676],[11.26846,64.80927],[11.26708,64.80947],[11.26153,64.80763],[11.26072,64.80786],[11.26172,64.80894],[11.26106,64.80917],[11.25669,64.80751],[11.25079,64.8071],[11.24681,64.80755],[11.24616,64.80683],[11.24412,64.80646],[11.24744,64.80921],[11.24941,64.8098],[11.26174,64.81152],[11.26478,64.81135],[11.265,64.81211],[11.2638,64.81228],[11.26369,64.81302],[11.26125,64.81221],[11.26026,64.81228],[11.26053,64.81345],[11.25279,64.81175],[11.24809,64.81244],[11.24833,64.81293],[11.25621,64.81563]],[[11.32173,64.81457],[11.31996,64.81451],[11.31986,64.81494],[11.32289,64.81626],[11.3229,64.81673],[11.32518,64.8173],[11.32914,64.81742],[11.32883,64.8165],[11.32173,64.81457]],[[11.5332,64.81381],[11.54143,64.8138],[11.54836,64.81288],[11.5517,64.81345],[11.55328,64.81415],[11.55843,64.81481],[11.56237,64.81618],[11.5682,64.81747],[11.56858,64.81795],[11.56632,64.81962],[11.56621,64.82078],[11.57108,64.82297],[11.57501,64.82372]],[[11.24802,64.81421],[11.25469,64.81602],[11.25574,64.81602],[11.25621,64.81563]],[[11.31286,64.81462],[11.32155,64.81648],[11.32118,64.81747],[11.32431,64.81794]],[[11.24802,64.81421],[11.24153,64.81336],[11.24001,64.81366],[11.24164,64.81454],[11.24129,64.81511],[11.24339,64.81574],[11.24744,64.81669],[11.25116,64.81657]],[[11.3122,64.81944],[11.30545,64.81812],[11.3017,64.81871],[11.29999,64.81777],[11.30095,64.81728],[11.30038,64.81672],[11.29556,64.81578],[11.29343,64.81575],[11.29115,64.8172],[11.28906,64.81548],[11.2862,64.81536],[11.28429,64.8161],[11.28178,64.81635],[11.28023,64.8158]],[[11.25489,64.81806],[11.25116,64.81657]],[[11.6009,64.82638],[11.58864,64.82477],[11.5829,64.82482],[11.57845,64.82354],[11.57759,64.82383],[11.57501,64.82372]],[[11.32705,64.81986],[11.32718,64.8192],[11.32446,64.81864],[11.32431,64.81794]],[[11.62878,64.81755],[11.63212,64.81873],[11.64004,64.8194],[11.64247,64.82046],[11.64754,64.82111],[11.65074,64.82215],[11.66537,64.82432],[11.68332,64.82592],[11.68523,64.82576],[11.68495,64.82523],[11.68608,64.82485],[11.69212,64.82656],[11.69452,64.82789],[11.69701,64.8283],[11.69806,64.82775],[11.69982,64.82861]],[[11.25776,64.45175],[11.26406,64.45126],[11.26949,64.45226],[11.27049,64.45308],[11.27541,64.45364],[11.28367,64.45379],[11.28691,64.45496],[11.28783,64.4539],[11.29137,64.45203],[11.29486,64.45121],[11.2959,64.44979],[11.29381,64.44697],[11.29391,64.4449],[11.29711,64.44355],[11.29705,64.44101],[11.29328,64.4392],[11.29492,64.43891],[11.29674,64.43928],[11.2991,64.44047],[11.30634,64.44109],[11.31399,64.43915],[11.31466,64.43848],[11.31426,64.43714],[11.31721,64.43643],[11.31973,64.43764],[11.3143,64.44054],[11.31465,64.44161],[11.31969,64.44012],[11.32125,64.44077],[11.32339,64.44083],[11.32466,64.44127],[11.33662,64.43907],[11.33907,64.43845],[11.34095,64.43619],[11.33905,64.43481],[11.3371,64.4342],[11.33471,64.43544],[11.33353,64.43541],[11.33216,64.43468],[11.33761,64.43157],[11.33671,64.43097],[11.33499,64.43152],[11.33325,64.4315],[11.33694,64.42983]],[[11.33587,64.38488],[11.33794,64.38264],[11.33691,64.38108],[11.33437,64.37872],[11.32911,64.37711],[11.33278,64.37434],[11.33279,64.37378],[11.33111,64.37248],[11.32819,64.37194],[11.32795,64.37226],[11.33001,64.37288],[11.33004,64.37382],[11.32894,64.37378],[11.32892,64.37317],[11.32778,64.37328],[11.32664,64.37365],[11.32659,64.37471],[11.32461,64.37532],[11.32351,64.37515],[11.32393,64.37312],[11.3268,64.37312],[11.32728,64.3726],[11.32331,64.372],[11.32191,64.37136],[11.31953,64.36955],[11.31911,64.36852]],[[11.30099,64.46252],[11.3022,64.46214],[11.30209,64.46153],[11.30559,64.4608],[11.30593,64.46041],[11.30447,64.45946],[11.30522,64.45811],[11.30474,64.45747],[11.30228,64.45748],[11.30077,64.45616],[11.29889,64.45543],[11.29527,64.45541],[11.29371,64.4562],[11.28901,64.45514],[11.28233,64.45591],[11.27754,64.45481],[11.26773,64.45353],[11.26303,64.45391],[11.26257,64.45494],[11.26318,64.45561],[11.26096,64.4569],[11.26771,64.4579],[11.27058,64.45738],[11.27231,64.45629],[11.27525,64.45751],[11.27354,64.45945],[11.27177,64.46018],[11.27295,64.46148],[11.27821,64.46012],[11.27988,64.46061],[11.27887,64.46183],[11.27958,64.46229],[11.28384,64.4622],[11.287,64.46116],[11.28841,64.46137],[11.28911,64.46264],[11.29449,64.46231],[11.29473,64.46293],[11.29573,64.46305],[11.30099,64.46252]]]}}]}