{"type":"FeatureCollection","features":[{"type":"Feature","properties":{},"geometry":{"type":"MultiLineString","coordinates":[[[10.73178,64.80918],[10.73009,64.80903],[10.72804,64.80973],[10.72796,64.81018],[10.7315,64.80987],[10.73213,64.80964],[10.73178,64.80918]],[[10.96119,64.81701],[10.95858,64.81651],[10.95743,64.81738],[10.96053,64.81778],[10.96119,64.81701]],[[10.72264,64.81167],[10.72084,64.81143],[10.72018,64.81168],[10.72017,64.8124],[10.72215,64.81297],[10.72324,64.81258],[10.72264,64.81167]],[[10.95246,64.81792],[10.95102,64.81786],[10.94981,64.81886],[10.95046,64.81963],[10.95277,64.81936],[10.9544,64.81868],[10.95424,64.8182],[10.95246,64.81792]],[[10.97901,64.82582],[10.98044,64.82587],[10.97946,64.82497],[10.97735,64.82498],[10.97488,64.82676],[10.97701,64.82708],[10.97751,64.82636],[10.97901,64.82582]],[[10.79325,64.82028],[10.79219,64.82032],[10.79227,64.82076],[10.79653,64.82208],[10.79662,64.82143],[10.79325,64.82028]],[[11.00259,64.82895],[10.99959,64.82921],[11.00073,64.83037]],[[10.9325,64.82925],[10.92934,64.82851],[10.9304,64.82977],[10.93194,64.82993],[10.9325,64.82925]],[[10.92863,64.83137],[10.92701,64.83137],[10.92607,64.83174],[10.92652,64.83316],[10.92851,64.832],[10.92863,64.83137]],[[10.8932,64.8326],[10.89192,64.8325],[10.8913,64.83305],[10.89399,64.83416],[10.89428,64.83342],[10.8932,64.8326]],[[10.94396,64.83495],[10.94223,64.83411],[10.941,64.83441],[10.94205,64.8358],[10.94338,64.83567],[10.94396,64.83495]],[[10.78136,64.84141],[10.77957,64.841],[10.77847,64.84137],[10.77866,64.84367],[10.78114,64.84285]],[[10.88015,64.83415],[10.87934,64.8334],[10.8774,64.83386],[10.87725,64.83454],[10.87891,64.83535],[10.8807,64.83448],[10.88015,64.83415]],[[10.999,64.85143],[10.99676,64.85162],[10.99834,64.85228],[11.00089,64.85243]],[[11.00153,64.85185],[10.999,64.85143]],[[10.99256,64.84117],[10.99249,64.84162]],[[10.89669,64.83729],[10.89436,64.83709],[10.8933,64.83756],[10.89584,64.83824],[10.89719,64.83785],[10.89669,64.83729]],[[10.72757,64.83179],[10.72542,64.83196],[10.72496,64.83313],[10.72617,64.83376],[10.72784,64.83219],[10.72757,64.83179]],[[10.88355,64.83731],[10.88001,64.83704],[10.87932,64.83771],[10.87999,64.83865],[10.88225,64.83898],[10.88201,64.83829],[10.88431,64.83767],[10.88355,64.83731]],[[10.87786,64.83837],[10.8748,64.8385],[10.87461,64.83926],[10.87747,64.83937],[10.8786,64.83892],[10.87786,64.83837]],[[10.76097,64.8353],[10.75984,64.835],[10.75847,64.83558],[10.75748,64.83662],[10.75787,64.83701],[10.75971,64.83703],[10.76097,64.8353]],[[10.886,64.8403],[10.88608,64.83933],[10.88467,64.83878],[10.88363,64.83901],[10.88431,64.83968],[10.88288,64.83973],[10.88185,64.84028],[10.88212,64.84075],[10.88375,64.841],[10.88537,64.84078],[10.886,64.8403]],[[11.0006,64.84299],[10.99867,64.84336],[10.9969,64.84289],[10.99469,64.84297],[10.99486,64.84333],[10.99856,64.84415],[11.00076,64.84395]],[[10.95292,64.84045],[10.95134,64.84042],[10.95071,64.84089],[10.95203,64.84315],[10.95407,64.84277],[10.95292,64.84045]],[[10.97893,64.84338],[10.97716,64.84332],[10.97486,64.84381],[10.97455,64.84445],[10.97878,64.84432],[10.97995,64.84402],[10.97893,64.84338]],[[10.90775,64.84169],[10.90662,64.84157],[10.90568,64.84225],[10.90853,64.84309],[10.90953,64.84262],[10.90775,64.84169]],[[10.87675,64.84408],[10.87572,64.84397],[10.87429,64.84451],[10.87564,64.84551],[10.87724,64.84498],[10.87675,64.84408]],[[10.78114,64.84285],[10.78192,64.84303],[10.78432,64.84235],[10.78333,64.8414],[10.78186,64.84183],[10.78136,64.84141]],[[10.99758,64.85748],[10.99617,64.85714],[10.99549,64.85733],[10.99563,64.85871],[10.99699,64.85921],[10.99768,64.8588],[10.99758,64.85748]],[[10.94753,64.85765],[10.94674,64.85771],[10.94601,64.85863],[10.9472,64.85922],[10.94853,64.85874],[10.94753,64.85765]],[[10.95451,64.85928],[10.95341,64.85926],[10.95249,64.85993],[10.95177,64.86171],[10.95243,64.86206],[10.95414,64.86134],[10.95451,64.85928]],[[10.93975,64.8657],[10.93851,64.86506],[10.93727,64.86534],[10.93595,64.86465],[10.93481,64.86518],[10.93554,64.86641],[10.93698,64.86665],[10.93779,64.86558],[10.93937,64.86698],[10.94016,64.86655],[10.93975,64.8657]],[[10.67447,64.86127],[10.67267,64.86067]],[[10.65681,64.86075],[10.65687,64.86075]],[[10.76889,64.86534],[10.76902,64.8654]],[[10.9637,64.8737],[10.96265,64.87212],[10.95376,64.86914]],[[10.89692,64.88059],[10.89043,64.87814]],[[11.00043,64.88448],[10.99852,64.88143],[10.99678,64.88096],[10.9957,64.88107],[10.99415,64.8803],[10.98697,64.87864]],[[10.80836,64.89141],[10.80979,64.89198]],[[10.75262,64.89259],[10.74986,64.89243],[10.74923,64.89289],[10.75041,64.89354],[10.75287,64.89285],[10.75262,64.89259]],[[10.77306,64.8942],[10.77366,64.89406],[10.77317,64.8935]],[[10.92585,64.90425],[10.92511,64.90404]],[[10.72252,64.90515],[10.72382,64.90414],[10.7234,64.90331],[10.72096,64.90348],[10.7223,64.90443],[10.71793,64.90499],[10.72102,64.90538],[10.72252,64.90515]],[[10.96787,64.91267],[10.96829,64.91293]],[[10.8219,64.91043],[10.82201,64.91047]],[[10.75255,64.91357],[10.75196,64.9134],[10.75103,64.91374],[10.75186,64.91424],[10.7514,64.9149],[10.75354,64.9154],[10.7537,64.91427],[10.75255,64.91357]],[[10.83864,64.9216],[10.82895,64.91762]],[[10.84436,64.92412],[10.83864,64.9216]],[[10.76829,64.92448],[10.76573,64.92419],[10.76813,64.92547]],[[10.7452,64.9282],[10.74443,64.9283],[10.74413,64.92975],[10.74549,64.93077],[10.74613,64.93022],[10.7452,64.9282]],[[10.77799,64.93189],[10.77685,64.93191],[10.77786,64.93333],[10.7796,64.93407],[10.77971,64.93295],[10.77799,64.93189]],[[10.76701,64.93259],[10.76295,64.93213],[10.76359,64.93275],[10.76487,64.93294],[10.76667,64.9347]],[[10.88562,64.93661],[10.88465,64.93646],[10.88431,64.93739],[10.88484,64.93789],[10.88666,64.93822],[10.88562,64.93661]],[[10.85678,64.93632],[10.85588,64.93605],[10.85388,64.93628],[10.85568,64.9376],[10.8569,64.93786],[10.85757,64.93727],[10.85678,64.93632]],[[10.76016,64.93451],[10.75913,64.9345],[10.75893,64.93492],[10.75962,64.93708],[10.76059,64.93761],[10.76126,64.93656],[10.76016,64.93451]],[[10.76302,64.93639],[10.76223,64.93646],[10.76246,64.93735],[10.76524,64.93858],[10.76302,64.93639]],[[10.74704,64.93742],[10.74289,64.93654],[10.747,64.93864],[10.75118,64.93945],[10.74704,64.93742]],[[10.76565,64.94114],[10.76393,64.94043],[10.76287,64.94051],[10.76334,64.94131],[10.7655,64.94214]],[[10.87068,64.95673],[10.86924,64.95668]],[[10.7655,64.94214],[10.76802,64.94283],[10.76824,64.94232],[10.76565,64.94114]],[[10.95979,64.94791],[10.95674,64.94784],[10.95861,64.94864],[10.95783,64.94914],[10.95969,64.9492],[10.9607,64.94824],[10.95979,64.94791]],[[10.91012,64.94658],[10.90785,64.94605],[10.90681,64.94745],[10.90892,64.948],[10.91012,64.94658]],[[10.91433,64.94733],[10.91281,64.94759],[10.91405,64.94841],[10.91609,64.94879],[10.91697,64.9486],[10.91692,64.948],[10.91433,64.94733]],[[10.77957,64.94855],[10.77795,64.94837],[10.77649,64.94902],[10.78004,64.9501],[10.77957,64.94855]],[[10.78813,64.94802],[10.78738,64.94806],[10.78749,64.94846],[10.78917,64.94946],[10.79305,64.95062],[10.78813,64.94802]],[[10.84666,64.95191],[10.8455,64.95184],[10.84354,64.95242],[10.84535,64.95309],[10.84722,64.9531],[10.84762,64.95276],[10.84666,64.95191]],[[10.81441,64.95147],[10.81273,64.95128],[10.81242,64.95046],[10.81129,64.95013],[10.81141,64.95098],[10.81363,64.95237],[10.81446,64.95224],[10.81441,64.95147]],[[10.79019,64.95448],[10.78469,64.95252],[10.78419,64.9529],[10.7851,64.9536],[10.78782,64.95441]],[[10.80877,64.955],[10.80695,64.95444],[10.80569,64.95491]],[[10.81344,64.95513],[10.81328,64.95513]],[[10.85966,64.95642],[10.85743,64.95582],[10.85606,64.95586],[10.85694,64.95635]],[[10.8675,64.95664],[10.8671,64.9562],[10.86935,64.95596]],[[10.86898,64.95668],[10.86924,64.95668]],[[10.87482,64.95684],[10.87177,64.95584],[10.86935,64.95596]],[[11.00139,64.95933],[10.99999,64.95921]],[[10.8675,64.95664],[10.86898,64.95668]],[[10.87068,64.95673],[10.87439,64.95734],[10.87482,64.95684]],[[10.85694,64.95635],[10.86096,64.95751],[10.86146,64.95711],[10.85966,64.95642]],[[10.74905,64.96284],[10.74799,64.96265],[10.74752,64.96289],[10.74946,64.96392],[10.75157,64.9644],[10.74905,64.96284]],[[10.78782,64.95441],[10.79217,64.95646],[10.79235,64.95589],[10.79019,64.95448]],[[10.80569,64.95491],[10.80766,64.95525],[10.80878,64.95593],[10.80671,64.9569],[10.80776,64.9576],[10.80933,64.95774],[10.80991,64.95646],[10.81095,64.95616],[10.80877,64.955]],[[10.81328,64.95513],[10.81351,64.95585],[10.81711,64.95737],[10.81723,64.95804],[10.81937,64.95798],[10.8193,64.95656],[10.81603,64.95625],[10.81344,64.95513]],[[10.86438,64.96022],[10.86437,64.9599],[10.86496,64.96027],[10.86608,64.96005],[10.86363,64.9586],[10.86291,64.95898],[10.8634,64.95935],[10.86231,64.9597],[10.86374,64.9605],[10.86438,64.96022]],[[10.9181,64.96273],[10.91621,64.96222],[10.9153,64.96248],[10.91808,64.96372],[10.91884,64.96326],[10.9181,64.96273]],[[10.95818,64.96553],[10.95605,64.96571],[10.95821,64.96697],[10.95955,64.96708],[10.96026,64.96634],[10.95818,64.96553]],[[10.75691,64.95954],[10.75639,64.9593],[10.75559,64.95955],[10.76053,64.96279],[10.76057,64.96136],[10.7614,64.96069],[10.75691,64.95954]],[[10.99408,64.96838],[10.99157,64.9681],[10.99102,64.96872],[10.99295,64.96945],[10.99588,64.96905],[10.99539,64.96853],[10.99408,64.96838]],[[10.86767,64.96684],[10.86767,64.96679]],[[10.74096,64.96173],[10.73841,64.96124],[10.7375,64.96166],[10.73926,64.9625],[10.74334,64.96334],[10.74333,64.96289],[10.74096,64.96173]],[[10.7672,64.96231],[10.76498,64.9625],[10.76683,64.96478],[10.77031,64.96522],[10.77046,64.96473],[10.76904,64.9639],[10.76776,64.9638],[10.7672,64.96231]],[[10.87673,64.9695],[10.87375,64.96898]],[[10.95499,64.97148],[10.95818,64.97228],[10.96009,64.97248],[10.96063,64.97224],[10.96045,64.97194],[10.95602,64.97113],[10.95499,64.97148]],[[10.87375,64.96898],[10.87027,64.96762],[10.86931,64.96764],[10.86884,64.96848],[10.8705,64.96949],[10.87701,64.97054],[10.87927,64.9703],[10.87673,64.9695]],[[10.78993,64.96665],[10.78796,64.96632],[10.78742,64.96659],[10.78917,64.96804],[10.79176,64.9684],[10.79215,64.96769],[10.78993,64.96665]],[[10.74371,64.96748],[10.74011,64.9668],[10.73865,64.96728],[10.74193,64.9679],[10.74381,64.96775],[10.74371,64.96748]],[[10.97254,64.97479],[10.97258,64.97455]],[[10.95916,64.97723],[10.95766,64.97724],[10.95734,64.9779],[10.95828,64.97861],[10.96038,64.97791],[10.95916,64.97723]],[[10.76017,64.97574],[10.76316,64.97531],[10.76317,64.97383],[10.76045,64.974]],[[10.8656,64.98019],[10.86421,64.98006]],[[10.86546,64.98113],[10.86734,64.98157]],[[10.88421,64.99752],[10.8835,64.99751],[10.88295,64.99845],[10.88617,64.99901],[10.88673,64.99815],[10.88421,64.99752]],[[10.9767,64.98573],[10.97541,64.98558],[10.97468,64.98699],[10.97799,64.98724],[10.9767,64.98573]],[[10.75903,64.98296],[10.75896,64.9834]],[[10.9703,64.98966],[10.9704,64.98896]],[[10.97652,64.99038],[10.97661,64.98885],[10.97522,64.98891],[10.97484,64.98972],[10.9736,64.98914],[10.97217,64.98962],[10.97344,64.99037],[10.97652,64.99038]],[[10.76708,64.98466],[10.76716,64.98412],[10.76554,64.98337],[10.76279,64.98318],[10.7638,64.98449],[10.76708,64.98466]],[[10.8129,64.9872],[10.81056,64.98693],[10.81082,64.98883],[10.81194,64.98888],[10.81309,64.98791],[10.8129,64.9872]],[[10.85053,64.99808],[10.85018,64.99727],[10.84454,64.99677],[10.84703,64.99807],[10.85053,64.99808]],[[10.76244,64.98701],[10.76038,64.98712],[10.76495,64.98867],[10.76566,64.98816],[10.76244,64.98701]],[[10.83999,64.99789],[10.83857,64.99798],[10.83812,64.99856],[10.8396,64.99939],[10.841,64.99867],[10.83999,64.99789]],[[10.82554,64.99919],[10.81999,64.99801],[10.82111,64.99925],[10.82483,64.99959],[10.82554,64.99919]],[[10.35832,64.25985],[10.3588,64.25916],[10.36031,64.25895],[10.35997,64.25767]],[[10.35352,64.26017],[10.35593,64.26022],[10.3573,64.25953],[10.35832,64.25985]],[[10.45667,64.40521],[10.45939,64.40609],[10.46333,64.40593],[10.46503,64.40546]],[[10.73714,64.41363],[10.73886,64.41455],[10.74314,64.41506]],[[10.74314,64.41506],[10.74976,64.41492],[10.75101,64.41467],[10.75116,64.41404]],[[10.58755,64.41138],[10.59119,64.40931]],[[10.72485,64.53225],[10.72627,64.53113],[10.72526,64.52965]],[[10.20946,63.99722],[10.22327,64.00157]],[[10.22327,64.00157],[10.2245,64.0015],[10.22647,64.00062],[10.22156,63.99828]],[[10.25089,64.25571],[10.25321,64.25614],[10.25493,64.25712],[10.25699,64.257],[10.25785,64.25641],[10.25771,64.2561],[10.2511,64.2545]],[[10.02339,64.00124],[10.02723,63.99895]],[[10.02488,64.0126],[10.02368,64.01427],[10.01588,64.01464],[10.01194,64.01578],[10.00995,64.01581],[10.00794,64.01755]],[[10.00794,64.01755],[10.00765,64.01765]],[[10.014,64.0098],[10.01681,64.00975],[10.01993,64.00918],[10.02196,64.00832],[10.02202,64.00757],[10.02418,64.0062],[10.02909,64.00515]],[[10.02339,64.00124],[10.01648,64.00243],[10.01291,64.00415],[10.00919,64.00482],[10.008,64.00545],[10.00779,64.00613],[10.00891,64.00696],[10.00753,64.00891],[10.00859,64.01107],[10.01052,64.01138],[10.01275,64.00997],[10.014,64.0098]],[[10.02488,64.0126],[10.02454,64.01108],[10.02613,64.00958],[10.02994,64.00874],[10.03266,64.00725],[10.03301,64.00564],[10.03065,64.00503],[10.02909,64.00515]],[[10.00621,64.01291],[10.00321,64.01273],[10.00047,64.01163],[9.99848,64.01203]],[[9.99896,64.01317],[10.00139,64.01354],[10.00625,64.01334],[10.00621,64.01291]],[[10.00765,64.01765],[10.00512,64.01673],[10.00368,64.01671],[10.00298,64.01693],[10.00248,64.01838],[10.00336,64.01898],[10.01034,64.02108],[10.01454,64.02143],[10.01734,64.02099],[10.01917,64.02119],[10.01914,64.02196],[10.01729,64.02293],[10.01718,64.02372],[10.02166,64.02575],[10.02348,64.02766],[10.02802,64.02785],[10.03164,64.02695],[10.03587,64.02419],[10.04474,64.02083]],[[10.26714,64.18925],[10.26711,64.18843],[10.26964,64.18722],[10.2704,64.18559],[10.26931,64.18499],[10.2647,64.18445],[10.26308,64.18467]],[[10.0524,64.03233],[10.05299,64.031],[10.05072,64.02865],[10.04609,64.02849],[10.04398,64.02799],[10.04354,64.02744],[10.04643,64.02521],[10.05007,64.02473],[10.05109,64.02281],[10.05311,64.02154],[10.05459,64.02157],[10.06067,64.02418],[10.06574,64.02324],[10.06717,64.02197],[10.06677,64.02124],[10.06427,64.02032],[10.06402,64.01949],[10.0664,64.01727],[10.0648,64.01312],[10.06356,64.01285],[10.05878,64.01333],[10.05609,64.01404],[10.05073,64.01813],[10.04474,64.02083]],[[10.26218,64.18992],[10.26593,64.19016],[10.26714,64.18925]],[[10.05241,64.03365],[10.0509,64.03433],[10.0468,64.03426],[10.04554,64.0347],[10.04554,64.03522],[10.04374,64.03553],[10.03515,64.03504],[10.03452,64.03563],[10.03891,64.03735],[10.04152,64.03783]],[[10.05034,64.03889],[10.04731,64.03889],[10.04794,64.0402],[10.05096,64.04062],[10.05136,64.03939],[10.05034,64.03889]],[[10.00917,64.03928],[10.01236,64.03905],[10.01349,64.03845],[10.00671,64.03727],[10.00397,64.03755],[10.00365,64.03918],[10.00465,64.03964],[10.0074,64.03969],[10.00917,64.03928]],[[10.0069,64.04179],[9.99944,64.04037]],[[10.03085,64.04008],[10.03148,64.03998],[10.03115,64.03965],[10.02917,64.03954],[10.02816,64.03988],[10.02376,64.03912],[10.02315,64.0394],[10.02579,64.04188],[10.02912,64.04288],[10.03116,64.04306],[10.03394,64.04265],[10.03295,64.04099],[10.03085,64.04008]],[[10.02249,64.04161],[10.02029,64.0415],[10.02,64.04273],[10.02344,64.04411],[10.02472,64.04415],[10.02463,64.04368],[10.02203,64.04265],[10.02249,64.04161]],[[10.02611,64.04815],[10.02201,64.04793],[10.01217,64.04656],[10.00889,64.04502],[10.0069,64.04179]],[[10.04188,64.04296],[10.04353,64.04268],[10.04694,64.0429],[10.0467,64.04134],[10.04482,64.04159],[10.03972,64.04119],[10.03915,64.04153],[10.03603,64.04158],[10.03454,64.04235],[10.03488,64.04301],[10.03734,64.04403],[10.0394,64.04628],[10.04052,64.04637],[10.04183,64.04589],[10.0403,64.04382],[10.04188,64.04296]],[[10.04152,64.03783],[10.04751,64.03845],[10.04876,64.03776],[10.05043,64.03782],[10.05518,64.03875],[10.05846,64.0381],[10.05827,64.03894],[10.05662,64.03954],[10.05889,64.04046],[10.0572,64.04119],[10.05879,64.04174],[10.06055,64.04144],[10.05926,64.04041],[10.05998,64.03931],[10.06243,64.03918],[10.06427,64.04032],[10.06255,64.04207],[10.06403,64.04241],[10.06712,64.04242],[10.06941,64.04179],[10.07043,64.04281],[10.0706,64.04526],[10.0719,64.04693],[10.07742,64.04945],[10.08079,64.04964]],[[10.05581,64.04468],[10.05223,64.0432],[10.04865,64.04334],[10.04919,64.04428],[10.05277,64.04461],[10.05531,64.04546],[10.05427,64.04735],[10.05875,64.04776],[10.06586,64.04916],[10.06604,64.04867],[10.06188,64.04737],[10.05581,64.04468]],[[10.70719,64.41516],[10.71052,64.41497],[10.71314,64.41354],[10.71769,64.41306]],[[10.04588,64.04974],[10.04547,64.04892],[10.04432,64.04852],[10.04227,64.04853],[10.03994,64.04942],[10.03778,64.04946],[10.03553,64.04912],[10.03292,64.04926],[10.02611,64.04815]],[[10.08049,64.05136],[10.08186,64.05084],[10.0817,64.04997],[10.08079,64.04964]],[[10.06216,64.0527],[10.06773,64.05254],[10.06583,64.05144],[10.06247,64.05053],[10.05973,64.05119],[10.06082,64.05192],[10.06039,64.05225],[10.05599,64.0519],[10.05644,64.0533],[10.05758,64.0537],[10.06074,64.05329],[10.06216,64.0527]],[[10.08049,64.05136],[10.079,64.05191],[10.07836,64.05323],[10.07456,64.05276],[10.0748,64.05365],[10.07361,64.05435],[10.06711,64.05581],[10.06454,64.056]],[[10.04447,64.05613],[10.0456,64.05352],[10.04869,64.05331],[10.0512,64.05237],[10.05219,64.05149],[10.05189,64.05103],[10.05079,64.05089],[10.04725,64.05114],[10.04588,64.04974]],[[10.0328,64.06138],[10.03717,64.05916],[10.04182,64.05769],[10.04447,64.05613]],[[10.01236,64.07062],[10.01932,64.06631]],[[10.17036,64.07665],[10.16796,64.07595]],[[10.24462,64.29211],[10.24172,64.29336],[10.24246,64.29426],[10.24414,64.29488]],[[10.15917,64.07834],[10.16027,64.07788],[10.16234,64.07788],[10.16478,64.07736],[10.1661,64.07601],[10.16796,64.07595]],[[10.13375,64.07621],[10.13249,64.07458],[10.1294,64.07253],[10.12862,64.0693],[10.13042,64.06845],[10.13466,64.06856],[10.13452,64.06739],[10.13633,64.06682],[10.14023,64.07048],[10.14576,64.07186],[10.14627,64.07441],[10.14537,64.0757],[10.14717,64.07839]],[[9.98725,64.08233],[10.00187,64.07557]],[[10.00187,64.07557],[10.00375,64.07434],[10.01236,64.07062]],[[10.02427,64.07634],[10.02966,64.07375],[10.03036,64.07173],[10.04095,64.06251],[10.05019,64.05908],[10.05437,64.05863],[10.05837,64.05596],[10.05806,64.05498],[10.06454,64.056]],[[10.13742,64.08017],[10.13777,64.07866],[10.13691,64.07775],[10.13375,64.07621]],[[10.15403,64.08073],[10.14717,64.07839]],[[10.15986,64.08092],[10.15995,64.07987],[10.15882,64.07896],[10.15917,64.07834]],[[10.17005,64.08126],[10.17129,64.07882],[10.1704,64.07772]],[[10.15403,64.08073],[10.15824,64.0821],[10.15998,64.08175],[10.15986,64.08092]],[[10.17005,64.08126],[10.17331,64.08368],[10.17511,64.08288],[10.17766,64.08293]],[[10.12316,64.08575],[10.12489,64.08536],[10.12814,64.08362],[10.1364,64.08205],[10.13742,64.08017]],[[10.17766,64.08293],[10.18511,64.08475],[10.18692,64.08837],[10.18939,64.08844],[10.1913,64.0878],[10.19438,64.08782]],[[10.0173,64.08551],[10.02005,64.08551],[10.02215,64.08602],[10.0233,64.08572],[10.02575,64.08405],[10.03016,64.0826],[10.02926,64.08081],[10.0279,64.08082],[10.02573,64.08271],[10.02092,64.08416],[10.01965,64.0834],[10.01781,64.0838],[10.01321,64.08626],[10.0138,64.08664],[10.01584,64.08656],[10.0173,64.08551]],[[10.02867,64.09075],[10.02754,64.09063],[10.02696,64.09265],[10.02941,64.09152],[10.02867,64.09075]],[[10.23369,64.10781],[10.23281,64.1078],[10.23267,64.1082],[10.23333,64.10928],[10.23545,64.10959],[10.23565,64.10878],[10.23369,64.10781]],[[10.06923,64.10532],[10.07065,64.10518],[10.07088,64.10565]],[[10.17409,64.10352],[10.17735,64.10343],[10.18328,64.10461],[10.18617,64.10356],[10.19096,64.1035],[10.19458,64.10172],[10.19602,64.10151],[10.20012,64.10305],[10.20429,64.10337],[10.20836,64.10281],[10.2124,64.10329],[10.21367,64.10379],[10.21296,64.10584],[10.2156,64.10637],[10.21985,64.10559],[10.2248,64.10575],[10.22578,64.10609],[10.2285,64.10957],[10.23451,64.11121]],[[10.07088,64.10565],[10.0715,64.10582],[10.07432,64.10524],[10.07724,64.10367],[10.0788,64.10422],[10.08081,64.10383],[10.09537,64.09695],[10.10139,64.09497],[10.11428,64.08927],[10.11891,64.08804],[10.12316,64.08575]],[[10.03329,64.12967],[10.03154,64.12959],[10.03122,64.12996],[10.03187,64.13079],[10.03386,64.13138],[10.03417,64.13044],[10.03329,64.12967]],[[10.13213,64.12909],[10.132,64.12963],[10.12908,64.13096],[10.12928,64.13343],[10.13019,64.13357],[10.13682,64.13803],[10.14347,64.13835],[10.14525,64.13987],[10.14979,64.1414]],[[10.02427,64.07634],[10.02273,64.07684],[10.02268,64.07726],[10.0243,64.07776],[10.02136,64.08069],[10.01961,64.08069],[10.01821,64.08173],[10.01941,64.08251],[10.02038,64.08244],[10.0242,64.08008],[10.02749,64.07913],[10.03005,64.07772],[10.03324,64.07736],[10.03413,64.07755],[10.03125,64.07927],[10.03139,64.08065],[10.03356,64.08018],[10.03312,64.07882],[10.034,64.07842],[10.03571,64.07927],[10.03526,64.08041],[10.0405,64.0806],[10.0399,64.0821],[10.03451,64.08542],[10.0332,64.08799],[10.03099,64.08875],[10.03082,64.08938],[10.03344,64.09062],[10.02993,64.09166],[10.02967,64.09398],[10.02861,64.09519],[10.02964,64.0966],[10.0281,64.09776],[10.02937,64.09883],[10.03145,64.09996],[10.03472,64.10009],[10.04143,64.10108],[10.04775,64.09867],[10.05231,64.09981],[10.05289,64.10226],[10.05602,64.10316],[10.0565,64.10269],[10.05886,64.10238],[10.05624,64.10411],[10.05898,64.1051],[10.06114,64.10501],[10.06735,64.10574],[10.06923,64.10532]],[[10.14635,64.10981],[10.1572,64.1085],[10.1597,64.10687],[10.16197,64.10609],[10.17137,64.10398]],[[10.23451,64.11121],[10.23976,64.11264],[10.24758,64.11392],[10.25339,64.11592],[10.25521,64.11563],[10.25839,64.11373],[10.25592,64.11099],[10.25602,64.10858],[10.25792,64.10852],[10.26057,64.1073],[10.25704,64.10453],[10.2568,64.10375],[10.25763,64.1029],[10.25706,64.10239],[10.25466,64.10162],[10.24971,64.10164],[10.2478,64.10233],[10.24788,64.10418],[10.24628,64.10443],[10.24384,64.10329],[10.23949,64.10284],[10.23395,64.10171],[10.23128,64.10064],[10.22973,64.09935],[10.21882,64.09682],[10.21188,64.09435],[10.21132,64.09344],[10.20877,64.09221],[10.20512,64.09182],[10.19928,64.09022],[10.19438,64.08782]],[[10.04166,64.13425],[10.03979,64.13435],[10.03788,64.13731],[10.04273,64.13979],[10.04581,64.13944],[10.047,64.13881],[10.04652,64.13693],[10.04272,64.13539],[10.04166,64.13425]],[[10.12098,64.12459],[10.12059,64.12407],[10.11779,64.12448]],[[10.12541,64.12474],[10.12733,64.12437],[10.12744,64.12325],[10.12129,64.12339],[10.11949,64.1215],[10.12118,64.12075],[10.12588,64.12043],[10.12564,64.1199],[10.12266,64.11979],[10.12218,64.11936],[10.12302,64.11859],[10.12432,64.11857],[10.12604,64.1191],[10.12583,64.11778],[10.13444,64.11167],[10.13907,64.11113],[10.14198,64.10983],[10.14635,64.10981]],[[10.11779,64.12448],[10.11901,64.12537],[10.12098,64.12459]],[[10.12541,64.12474],[10.12341,64.12478],[10.12169,64.12525],[10.12037,64.12636],[10.12097,64.1272],[10.12326,64.12769],[10.12526,64.12731],[10.12746,64.12789],[10.1307,64.12764],[10.13147,64.12797]],[[10.13147,64.12797],[10.13213,64.12909]],[[10.0289,64.12341],[10.02356,64.12325],[10.0248,64.12619],[10.02911,64.12443],[10.0289,64.12341]],[[10.1132,64.12861],[10.11459,64.1278],[10.11479,64.12681],[10.11279,64.12652],[10.11173,64.12699],[10.10861,64.12583],[10.10888,64.12663],[10.11117,64.1278],[10.10823,64.1279],[10.10825,64.1288],[10.1108,64.12921],[10.1132,64.12861]],[[10.19629,64.14516],[10.19982,64.14375],[10.20262,64.14316],[10.2066,64.14094],[10.20765,64.13919],[10.20599,64.13683]],[[10.1416,64.14209],[10.14071,64.14209],[10.14014,64.1431],[10.14196,64.14375],[10.14357,64.14321],[10.1416,64.14209]],[[10.20525,64.13673],[10.20096,64.13861],[10.1895,64.14221],[10.18351,64.1418],[10.18149,64.14113],[10.17928,64.14154],[10.17708,64.14274],[10.17477,64.14245],[10.17448,64.142],[10.1699,64.14449],[10.16686,64.14505]],[[10.14979,64.1414],[10.15488,64.14393],[10.1546,64.14529],[10.15635,64.14579],[10.15871,64.14593],[10.16686,64.14505]],[[10.05128,64.1401],[10.05025,64.14008],[10.04895,64.14086],[10.05003,64.14243],[10.05197,64.1421],[10.05274,64.14135],[10.05128,64.1401]],[[10.14945,64.1454],[10.14701,64.14535],[10.14638,64.14582],[10.14866,64.14657],[10.15063,64.14653],[10.15076,64.14587],[10.14945,64.1454]],[[10.19629,64.14516],[10.18224,64.14395],[10.17797,64.14431],[10.17379,64.14497],[10.17185,64.14631],[10.17472,64.14679],[10.17595,64.14791]],[[10.17581,64.14851],[10.17595,64.14791]],[[10.15796,64.14823],[10.15555,64.14728],[10.15293,64.14792],[10.15608,64.14911],[10.15796,64.14823]],[[10.06326,64.14848],[10.06416,64.14822],[10.06503,64.14842],[10.06639,64.14782],[10.06812,64.14643],[10.06859,64.14519],[10.06829,64.14452],[10.06623,64.14379],[10.06435,64.14237]],[[10.06435,64.14237],[10.06264,64.14141],[10.05999,64.14113],[10.05631,64.14014],[10.0544,64.14113],[10.05421,64.14293],[10.05517,64.14311],[10.05661,64.14482],[10.05997,64.14562],[10.06122,64.14424],[10.06235,64.14432],[10.06083,64.14616],[10.06232,64.14843],[10.06326,64.14848]],[[10.06896,64.14811],[10.06801,64.14802],[10.06739,64.14847],[10.06729,64.14985],[10.0691,64.14912],[10.06896,64.14811]],[[10.02079,64.14695],[10.01775,64.14687],[10.01705,64.1476],[10.0177,64.14811],[10.01974,64.14854],[10.02159,64.14737],[10.02079,64.14695]],[[10.22374,64.15594],[10.22467,64.15463],[10.22352,64.15276],[10.22436,64.15131],[10.22833,64.14987],[10.22949,64.1488],[10.22698,64.14735],[10.22306,64.14616],[10.22058,64.14787],[10.21856,64.14794],[10.21694,64.1471],[10.21366,64.14828],[10.20622,64.14925],[10.20363,64.14996],[10.19507,64.15311],[10.18916,64.15329],[10.18819,64.15501]],[[10.17581,64.14851],[10.17458,64.14959],[10.17098,64.15062],[10.17204,64.15201],[10.18216,64.15557],[10.18727,64.1557],[10.18819,64.15501]],[[10.21718,64.15544],[10.21535,64.15524],[10.21191,64.15595],[10.21114,64.15654],[10.21271,64.15672],[10.21607,64.15639],[10.21744,64.1559],[10.21718,64.15544]],[[10.24325,64.19195],[10.24495,64.18979],[10.25271,64.18537],[10.25527,64.18512],[10.25683,64.18619],[10.25905,64.18622],[10.26152,64.18586],[10.26308,64.18467]],[[10.0556,64.15062],[10.05445,64.14976],[10.05321,64.14972],[10.05163,64.14832],[10.04969,64.14824],[10.04663,64.14707],[10.04326,64.14664],[10.04259,64.14589],[10.04147,64.14614],[10.04286,64.14668],[10.04132,64.14787],[10.04588,64.14944],[10.05174,64.15048],[10.0536,64.15033],[10.05454,64.15183],[10.05543,64.15159],[10.0556,64.15062]],[[10.02768,64.14884],[10.02964,64.14784],[10.02868,64.14722],[10.02548,64.14842],[10.02347,64.14831],[10.02278,64.14892],[10.02308,64.14976],[10.02732,64.15095],[10.02777,64.15018],[10.02637,64.1496],[10.02768,64.14884]],[[10.0338,64.15058],[10.03093,64.15032],[10.03044,64.15119],[10.03117,64.15171],[10.03292,64.15155],[10.0338,64.15058]],[[10.04923,64.15112],[10.04614,64.15093],[10.0453,64.14949],[10.04144,64.1497],[10.04141,64.15023],[10.04331,64.15149],[10.04885,64.15264],[10.04923,64.15112]],[[10.15183,64.15619],[10.15522,64.1559],[10.15763,64.15332],[10.16013,64.15322],[10.16049,64.15157],[10.16212,64.15059],[10.15997,64.1496],[10.15874,64.14994],[10.15691,64.1495],[10.15058,64.14963],[10.14794,64.14813],[10.14633,64.14934],[10.1481,64.15073],[10.14739,64.15356],[10.14883,64.15549],[10.15183,64.15619]],[[10.04541,64.154],[10.0469,64.15375],[10.04609,64.15273],[10.04429,64.15323],[10.04416,64.15395],[10.04541,64.154]],[[10.05905,64.15366],[10.05745,64.15308],[10.05562,64.15347],[10.05461,64.1522],[10.05234,64.15181],[10.05151,64.15261],[10.05229,64.15398],[10.05401,64.15319],[10.05494,64.15456],[10.05823,64.15502],[10.05946,64.15424],[10.05905,64.15366]],[[10.07039,64.15619],[10.06964,64.15601],[10.06798,64.15655],[10.07182,64.15791],[10.07226,64.15727],[10.07039,64.15619]],[[10.19182,64.1645],[10.19254,64.1636],[10.19582,64.16314],[10.198,64.16337],[10.19879,64.16266],[10.19125,64.15877]],[[10.19125,64.15877],[10.19046,64.15813],[10.18471,64.15784],[10.18065,64.15872],[10.17952,64.15855],[10.17919,64.15783],[10.17535,64.15729],[10.16844,64.16042],[10.16656,64.16378],[10.16468,64.16345],[10.1649,64.16426],[10.16347,64.1645]],[[10.16347,64.1645],[10.16149,64.16477],[10.16105,64.16552],[10.16149,64.16675],[10.16299,64.16727]],[[10.36765,64.17595],[10.36951,64.17585],[10.37067,64.17504]],[[10.36844,64.17691],[10.37169,64.17522],[10.37067,64.17504]],[[10.16405,64.171],[10.16316,64.17015],[10.16331,64.16893],[10.16499,64.16878],[10.16833,64.16989],[10.16919,64.1694],[10.16848,64.16824],[10.16619,64.16808],[10.16299,64.16727]],[[10.17956,64.17151],[10.18181,64.17132],[10.18445,64.16884],[10.18596,64.16848],[10.1899,64.16836],[10.19182,64.1645]],[[10.22329,64.17295],[10.22175,64.1722],[10.22218,64.17134],[10.21788,64.17017],[10.21591,64.17006],[10.21638,64.16899],[10.21753,64.16846],[10.21954,64.16824],[10.22142,64.16852],[10.22194,64.16827],[10.22011,64.16701],[10.22028,64.16571],[10.21903,64.16426],[10.21651,64.16288],[10.20954,64.16117],[10.21008,64.16074],[10.21316,64.16061],[10.21516,64.15961],[10.22077,64.1585],[10.22374,64.15594]],[[10.35534,64.17723],[10.35391,64.17718]],[[10.3615,64.17742],[10.36034,64.17628],[10.36167,64.17525],[10.36765,64.17595]],[[10.36885,64.17766],[10.36844,64.17691]],[[10.22329,64.17295],[10.2242,64.17329]],[[10.20813,64.1759],[10.21009,64.17513],[10.21017,64.17398],[10.20768,64.17347],[10.20667,64.17385],[10.2068,64.17524],[10.20369,64.17554],[10.20386,64.17672],[10.20755,64.17635],[10.20813,64.1759]],[[10.35889,64.17734],[10.36049,64.17825],[10.36102,64.1798],[10.36302,64.18158],[10.36554,64.18291],[10.36536,64.18154],[10.3615,64.17742]],[[10.16405,64.171],[10.16559,64.17243],[10.16536,64.17414],[10.16697,64.17399],[10.16807,64.17435],[10.17225,64.17645],[10.17172,64.17723],[10.17372,64.17798],[10.17389,64.17613],[10.1778,64.17359],[10.17919,64.17344],[10.17956,64.17151]],[[10.35391,64.17718],[10.35874,64.18229],[10.36362,64.18621],[10.36576,64.18724]],[[10.2242,64.17329],[10.22572,64.17453],[10.22577,64.17592],[10.22458,64.17666],[10.21976,64.17669],[10.21708,64.17573],[10.21417,64.17544],[10.21283,64.17642],[10.21488,64.17802],[10.2153,64.17993],[10.21658,64.18115],[10.2145,64.18175],[10.21215,64.18143],[10.20541,64.1838],[10.20422,64.18381]],[[10.23876,64.19501],[10.2397,64.19463],[10.24241,64.19478],[10.24462,64.19302],[10.24325,64.19195]],[[10.0347,64.18608],[10.02879,64.18421],[10.02671,64.18271],[10.02582,64.18302],[10.02612,64.18475],[10.02283,64.18548],[10.02404,64.18624],[10.02671,64.1869],[10.02774,64.18646],[10.02723,64.18602],[10.02786,64.18561],[10.03031,64.18573],[10.03667,64.18882],[10.03792,64.18889],[10.03716,64.18736],[10.0347,64.18608]],[[10.36355,64.20044],[10.36755,64.199],[10.37054,64.19609],[10.36828,64.18958],[10.36576,64.18724]],[[10.23721,64.19656],[10.23744,64.19575],[10.23876,64.19501]],[[10.1309,64.19195],[10.12968,64.19184],[10.1283,64.19222],[10.12781,64.1927],[10.1286,64.19345],[10.13047,64.19343],[10.13145,64.1929],[10.1309,64.19195]],[[10.05894,64.19078],[10.05725,64.19056],[10.0558,64.19098],[10.05868,64.19255],[10.05894,64.19078]],[[10.12512,64.19091],[10.12652,64.19019],[10.12576,64.1891],[10.12365,64.1891],[10.12049,64.18779],[10.11882,64.18772],[10.11863,64.18833],[10.12363,64.19017],[10.12341,64.19053],[10.11704,64.18913],[10.11505,64.18953],[10.11543,64.19079],[10.12595,64.195],[10.12744,64.19443],[10.12681,64.19332],[10.12461,64.19233],[10.12512,64.19091]],[[10.20422,64.18381],[10.2008,64.1831],[10.19809,64.18095],[10.19595,64.1804],[10.19424,64.18138],[10.19246,64.18415],[10.19119,64.18445],[10.19152,64.18511],[10.19304,64.18544],[10.19465,64.18648],[10.19549,64.18813],[10.19718,64.18862],[10.19828,64.18846],[10.2018,64.18993],[10.20153,64.19044],[10.19913,64.19105],[10.19688,64.19066],[10.19413,64.19078],[10.19366,64.19176],[10.19401,64.19264],[10.19553,64.19266],[10.19685,64.1938],[10.1979,64.19573],[10.19678,64.19624],[10.19679,64.19705],[10.19958,64.19785]],[[10.26218,64.18992],[10.25836,64.18989],[10.25269,64.19211],[10.25007,64.19543],[10.2557,64.19636],[10.2539,64.19719],[10.25241,64.20028]],[[10.02627,64.19239],[10.02778,64.19247],[10.02785,64.19168],[10.02687,64.19106],[10.02863,64.1908],[10.03394,64.19109],[10.03499,64.1908],[10.03731,64.19169],[10.03908,64.19127],[10.0384,64.19021],[10.04003,64.18998],[10.03987,64.18925],[10.041,64.18905],[10.04178,64.18733],[10.04515,64.18619],[10.04693,64.18427],[10.04503,64.18251],[10.04312,64.18183],[10.03959,64.1813],[10.03793,64.18032],[10.03565,64.17994],[10.03407,64.18072],[10.03232,64.18011],[10.02964,64.17792],[10.0264,64.17676],[10.02601,64.17599],[10.02052,64.17353],[10.01547,64.1723],[10.01001,64.17228],[10.00669,64.17069],[10.00585,64.16966],[10.00629,64.16921],[10.00492,64.16819],[10.00349,64.16777],[10.00171,64.16796],[10.00094,64.16854],[10.00351,64.17089],[10.00286,64.17169],[10.00471,64.1735],[10.00435,64.17398],[10.00593,64.17559],[10.0085,64.17623],[10.00597,64.17713],[10.00925,64.17813],[10.01078,64.17784],[10.02044,64.18174],[10.01994,64.18196],[10.01322,64.1808],[10.01189,64.18111],[10.0114,64.18213],[10.02031,64.18375],[10.0226,64.18515],[10.01764,64.18513],[10.01669,64.18563],[10.01163,64.18415],[10.01034,64.18418],[10.0097,64.1848],[10.0102,64.18545],[10.01132,64.18584],[10.01317,64.18538],[10.01387,64.18556],[10.0145,64.18792],[10.0177,64.18949],[10.01696,64.19001],[10.01029,64.18858],[10.00881,64.18884],[10.0083,64.18965],[10.0174,64.19192],[10.01826,64.19195],[10.02,64.19109],[10.01938,64.19221],[10.02101,64.19254],[10.02108,64.19303],[10.02373,64.19359],[10.02522,64.19347],[10.02627,64.19239]],[[10.28847,64.20373],[10.29025,64.20156],[10.28485,64.19765],[10.28295,64.1947],[10.28682,64.19141],[10.2874,64.19002],[10.29174,64.18936],[10.29554,64.18698],[10.30149,64.18673],[10.30355,64.18715],[10.30427,64.18773],[10.30229,64.1892],[10.29719,64.19153],[10.29722,64.19202],[10.2988,64.19255],[10.2984,64.19318],[10.29196,64.19755],[10.29406,64.19872],[10.29645,64.19895],[10.29989,64.1977]],[[10.16169,64.19404],[10.16084,64.1938],[10.15941,64.19472],[10.15998,64.19927],[10.16062,64.19962],[10.1636,64.19936],[10.16482,64.19848],[10.16169,64.19404]],[[10.06845,64.18967],[10.06512,64.18965],[10.06437,64.19041],[10.06175,64.1913],[10.06037,64.19345],[10.06624,64.19556],[10.06557,64.19653],[10.06744,64.19718],[10.06795,64.19393],[10.07005,64.19153],[10.06845,64.18967]],[[10.05495,64.19509],[10.05313,64.195],[10.05255,64.19546],[10.05273,64.19613],[10.05457,64.19722]],[[10.05457,64.19722],[10.0554,64.19727],[10.05638,64.19657],[10.05626,64.19582],[10.05495,64.19509]],[[10.25974,64.20415],[10.2612,64.20419],[10.26316,64.20502],[10.26723,64.20505]],[[10.25241,64.20028],[10.2496,64.20219],[10.24799,64.20411],[10.25193,64.20486],[10.25399,64.20427],[10.25974,64.20415]],[[10.3279,64.2074],[10.33589,64.20675],[10.3436,64.2054],[10.34722,64.20533],[10.3554,64.20398],[10.36355,64.20044]],[[10.06741,64.19779],[10.06627,64.19756],[10.06367,64.19795],[10.06319,64.19858],[10.0666,64.19883],[10.06741,64.19779]],[[10.26723,64.20505],[10.2688,64.20513],[10.26967,64.20608],[10.2717,64.20632],[10.27484,64.20615],[10.27916,64.2052],[10.28218,64.20674],[10.28451,64.20702],[10.28726,64.2063],[10.28847,64.20373]],[[10.03739,64.19231],[10.03081,64.1925],[10.03011,64.19451],[10.02817,64.1946],[10.02826,64.19533],[10.0272,64.19553],[10.02756,64.19756],[10.02914,64.19827],[10.03297,64.19864],[10.03633,64.19709],[10.03689,64.19618],[10.03841,64.19579],[10.03987,64.19352],[10.03739,64.19231]],[[10.05413,64.19967],[10.05519,64.19864],[10.05437,64.19833]],[[10.05437,64.19833],[10.05057,64.1982],[10.0531,64.19971],[10.05413,64.19967]],[[10.07231,64.19862],[10.06991,64.19817],[10.06992,64.19888],[10.06826,64.19928],[10.06866,64.19981],[10.07162,64.20032],[10.07303,64.19934],[10.07231,64.19862]],[[10.24871,64.24376],[10.24455,64.24346],[10.24326,64.24472],[10.24588,64.24503],[10.24768,64.24568],[10.24921,64.24536],[10.25071,64.24439],[10.24871,64.24376]],[[10.32858,64.24859],[10.32957,64.24854]],[[10.20186,64.19868],[10.19728,64.19916],[10.19734,64.19976],[10.20188,64.20244],[10.20325,64.20206],[10.20292,64.20066],[10.20533,64.20051],[10.20359,64.20348],[10.20802,64.20475],[10.20988,64.20476],[10.20983,64.20569],[10.21266,64.20628],[10.21423,64.20591],[10.21357,64.20393],[10.21408,64.20354],[10.2174,64.20351],[10.2162,64.20217],[10.22163,64.20308],[10.22371,64.20194],[10.22432,64.20355],[10.2258,64.20372],[10.22792,64.2034],[10.22921,64.20253],[10.2294,64.20038],[10.23077,64.19995],[10.23509,64.20041],[10.23478,64.19925],[10.23644,64.19864],[10.23721,64.19656]],[[10.07952,64.19967],[10.07439,64.19812],[10.07816,64.20187],[10.07903,64.2019],[10.08037,64.20123],[10.07952,64.19967]],[[10.3615,64.21271],[10.36882,64.21022],[10.37366,64.20967],[10.37952,64.20817],[10.38605,64.20413],[10.38727,64.20454],[10.38959,64.20421],[10.39061,64.20384],[10.39138,64.20199],[10.39434,64.20158],[10.39517,64.20111],[10.39394,64.19967],[10.39162,64.19887],[10.39004,64.1969],[10.3901,64.19413],[10.38829,64.19386],[10.38736,64.19326],[10.38705,64.19129],[10.37952,64.18722],[10.3795,64.18531],[10.37803,64.1828],[10.37818,64.18079],[10.37488,64.17885],[10.37118,64.17885],[10.36885,64.17766]],[[10.29989,64.1977],[10.30103,64.19797],[10.30651,64.19688],[10.30659,64.19858],[10.30363,64.19986],[10.30565,64.20053],[10.3094,64.20352],[10.30789,64.20456],[10.30589,64.20496],[10.3026,64.2048],[10.29951,64.204],[10.29775,64.20466],[10.29735,64.20835],[10.29796,64.20911],[10.30034,64.20952],[10.30177,64.21038],[10.30118,64.21159],[10.30946,64.21026],[10.31234,64.20895],[10.31216,64.20804],[10.31374,64.20753],[10.31619,64.20743],[10.31977,64.2085],[10.32196,64.20855],[10.3244,64.20768],[10.3279,64.2074]],[[10.09092,64.20385],[10.09335,64.20448],[10.09546,64.20419],[10.09552,64.20389],[10.09337,64.20337],[10.09436,64.20244],[10.09672,64.20188],[10.09708,64.2024],[10.09951,64.20253],[10.09969,64.20331],[10.10437,64.2026],[10.10394,64.2021],[10.10233,64.20189],[10.10235,64.20087],[10.10624,64.20077],[10.10651,64.19991],[10.10249,64.19893],[10.10027,64.19771],[10.10186,64.1972],[10.10413,64.19775],[10.11002,64.19754],[10.11184,64.19643],[10.11171,64.19594],[10.1087,64.1946],[10.09684,64.19169],[10.09455,64.19207],[10.09455,64.19292],[10.09608,64.19474],[10.09983,64.1959],[10.09868,64.19667],[10.09434,64.19557],[10.09227,64.19438],[10.08278,64.19107],[10.08031,64.19168],[10.08036,64.19254],[10.08308,64.19506],[10.08242,64.19619],[10.08009,64.19437],[10.07501,64.1928],[10.07349,64.19257],[10.0718,64.193],[10.06968,64.19485],[10.06985,64.19643],[10.07361,64.19668],[10.07474,64.19644],[10.077,64.19713],[10.0813,64.19681],[10.08172,64.19845],[10.08463,64.20052],[10.08864,64.19821],[10.09009,64.20115],[10.08959,64.20152],[10.087,64.2014],[10.08622,64.20171],[10.08898,64.20345],[10.08897,64.20476],[10.08978,64.20472],[10.09092,64.20385]],[[10.06678,64.20094],[10.06832,64.20039],[10.06583,64.19969],[10.06177,64.1998],[10.05933,64.20053],[10.06344,64.20276],[10.06052,64.20314],[10.06142,64.20431],[10.06387,64.20357],[10.06678,64.20094]],[[10.07966,64.20785],[10.0827,64.2077],[10.08533,64.20412],[10.08478,64.20382],[10.08121,64.20371],[10.08186,64.20176],[10.08095,64.20138],[10.08003,64.20228],[10.0804,64.20351],[10.07859,64.20353],[10.07821,64.20398],[10.08091,64.20559],[10.08042,64.20649],[10.07708,64.20754],[10.07744,64.20787],[10.07966,64.20785]],[[10.07744,64.20448],[10.0761,64.20311],[10.07114,64.20362],[10.06687,64.20349],[10.07071,64.20542],[10.07143,64.20655],[10.06985,64.20725],[10.07164,64.20812],[10.07549,64.20703],[10.07744,64.20448]],[[10.25,64.21879],[10.24681,64.21809],[10.24605,64.21866]],[[10.46479,64.29358],[10.4709,64.2939],[10.47376,64.29355],[10.49048,64.28878],[10.49141,64.2888]],[[10.27079,64.21947],[10.27129,64.21814],[10.27261,64.21751],[10.27562,64.21751],[10.27581,64.21837],[10.2778,64.21812],[10.2812,64.21697],[10.28272,64.21521],[10.28152,64.21339],[10.28434,64.21233],[10.28352,64.21177],[10.27775,64.21189],[10.27598,64.21275],[10.26788,64.21315],[10.26182,64.21264],[10.26092,64.21307],[10.26295,64.21349],[10.26258,64.21426],[10.26038,64.21451],[10.25878,64.21559],[10.26003,64.21723],[10.25735,64.2181]],[[10.31928,64.22103],[10.32599,64.21949],[10.33191,64.21906],[10.3355,64.21817],[10.34856,64.21614],[10.35218,64.21537],[10.35303,64.21429],[10.35485,64.21366],[10.3615,64.21271]],[[10.25,64.21879],[10.25035,64.21971],[10.25207,64.21962],[10.2539,64.21892]],[[10.10594,64.21403],[10.1015,64.214],[10.10062,64.21482],[10.10542,64.21595],[10.10914,64.21589],[10.10978,64.21501],[10.10732,64.21407]],[[10.25678,64.22139],[10.26494,64.22047],[10.2673,64.21961],[10.2695,64.22025],[10.27079,64.21947]],[[10.11347,64.21546],[10.11223,64.21537],[10.11191,64.21572],[10.11577,64.21754],[10.11567,64.21634],[10.11347,64.21546]],[[10.31928,64.22103],[10.30818,64.22339],[10.30099,64.22433],[10.29807,64.22579]],[[10.24392,64.22319],[10.24109,64.22301],[10.23951,64.22177],[10.23626,64.2228],[10.23679,64.22345],[10.23993,64.2245],[10.24589,64.22423],[10.24392,64.22319]],[[10.24605,64.21866],[10.24603,64.21984],[10.2482,64.21975],[10.24873,64.22044],[10.24603,64.2206],[10.24621,64.22229],[10.24408,64.2226],[10.24554,64.22324],[10.24818,64.2228],[10.24817,64.22351],[10.24617,64.22489],[10.24898,64.2248],[10.25049,64.22333],[10.2542,64.2219],[10.25678,64.22139]],[[10.2107,64.23928],[10.21199,64.23909],[10.211,64.23758],[10.2093,64.23776],[10.20854,64.23844],[10.20869,64.23891],[10.2107,64.23928]],[[10.25045,64.24114],[10.2467,64.24121],[10.24626,64.24209],[10.25111,64.24383],[10.25295,64.24279],[10.25201,64.24167],[10.25045,64.24114]],[[10.23858,64.241],[10.23711,64.24094],[10.23632,64.24134],[10.23893,64.24348],[10.24048,64.24226],[10.23858,64.241]],[[10.22645,64.24312],[10.22447,64.24308],[10.22385,64.24355],[10.22636,64.24433],[10.22853,64.24435],[10.22862,64.24358],[10.22645,64.24312]],[[10.29807,64.22579],[10.29182,64.22649],[10.29091,64.22766],[10.28943,64.22781],[10.28809,64.22855],[10.2898,64.22876],[10.28981,64.22906],[10.28458,64.23022],[10.28428,64.23152],[10.28344,64.23184],[10.28039,64.23192],[10.277,64.23255],[10.27484,64.23389],[10.27482,64.23503],[10.27776,64.23514],[10.28043,64.23624],[10.2836,64.23653],[10.28482,64.23708],[10.28527,64.23758],[10.2826,64.23842],[10.28198,64.23926],[10.28412,64.24014],[10.28984,64.24112],[10.28757,64.24221],[10.29012,64.24344],[10.29226,64.24557],[10.2947,64.24657],[10.30184,64.24779],[10.30825,64.24836],[10.31692,64.24817],[10.32257,64.24708],[10.32342,64.24759],[10.32015,64.2496],[10.32042,64.24987],[10.32394,64.24966],[10.32858,64.24859]],[[10.22874,64.24722],[10.22921,64.24645],[10.2273,64.2464],[10.22186,64.24414],[10.2207,64.24287],[10.21392,64.24307],[10.21597,64.24536],[10.21858,64.24617],[10.22005,64.24655],[10.22314,64.24648],[10.224,64.24698],[10.22626,64.24671],[10.22509,64.24758],[10.22542,64.24827],[10.22874,64.24722]],[[10.24359,64.24705],[10.2423,64.247],[10.24107,64.24749],[10.24086,64.24884],[10.24279,64.24906],[10.24408,64.24869],[10.24463,64.24771],[10.24359,64.24705]],[[10.3171,64.25321],[10.31442,64.25283],[10.31291,64.2533],[10.31258,64.25405],[10.31604,64.25416],[10.31737,64.25372],[10.3171,64.25321]],[[10.32957,64.24854],[10.33226,64.24947],[10.33402,64.25198],[10.33695,64.25373],[10.3423,64.2559],[10.3446,64.25611],[10.34811,64.25579],[10.35285,64.25456],[10.35398,64.25471],[10.35429,64.25563]],[[10.35997,64.25767],[10.35429,64.25563]],[[10.25286,64.24425],[10.24976,64.24645],[10.25067,64.24746],[10.24711,64.24772],[10.24677,64.24938],[10.24919,64.24978],[10.24924,64.25026],[10.24704,64.25033],[10.24576,64.24994],[10.24399,64.25064],[10.24557,64.25166],[10.24524,64.25298],[10.24633,64.25387],[10.2511,64.2545]],[[10.33238,64.25862],[10.33445,64.25806],[10.33571,64.25822],[10.33668,64.25725],[10.33654,64.25634],[10.33393,64.25562],[10.33149,64.25582],[10.3304,64.25674],[10.33011,64.25835],[10.33238,64.25862]],[[10.25017,64.25989],[10.25592,64.26058],[10.25875,64.26015],[10.26106,64.25788],[10.26053,64.25599],[10.26322,64.25348],[10.26611,64.25228],[10.27025,64.25271],[10.27101,64.25239],[10.27063,64.25126],[10.26757,64.25082],[10.26405,64.24913],[10.26425,64.24815],[10.26665,64.24765],[10.26682,64.24708],[10.25642,64.24291],[10.25286,64.24425]],[[10.25089,64.25571],[10.23923,64.25484],[10.23679,64.25542],[10.23551,64.25434],[10.23349,64.25457],[10.23497,64.25651],[10.24057,64.25791],[10.24261,64.26009],[10.24689,64.26049],[10.25017,64.25989]],[[10.34211,64.26023],[10.34074,64.26013],[10.33969,64.26059],[10.33853,64.26231],[10.34026,64.26168],[10.34038,64.26119],[10.34178,64.2611],[10.34211,64.26023]],[[10.35352,64.26017],[10.34968,64.25951],[10.34765,64.26086],[10.34918,64.26225],[10.34849,64.26333],[10.34961,64.26392]],[[10.34961,64.26392],[10.34895,64.26507],[10.3526,64.26563]],[[10.31019,64.2657],[10.3107,64.26488],[10.31259,64.26413],[10.3123,64.26256],[10.31077,64.26172],[10.30847,64.26168],[10.30765,64.2613],[10.30583,64.26002],[10.3052,64.25853],[10.30714,64.25394],[10.30807,64.25345],[10.30771,64.2529],[10.29519,64.24925],[10.28617,64.24815],[10.28337,64.2474],[10.28055,64.24584],[10.27812,64.24543],[10.27731,64.24631],[10.2788,64.24718],[10.28101,64.24749],[10.28075,64.24835],[10.28823,64.25046],[10.29001,64.25059],[10.2854,64.25275],[10.28435,64.25395],[10.28613,64.25483],[10.29061,64.25601],[10.2898,64.2567],[10.2825,64.25628],[10.27907,64.2572],[10.27607,64.2587],[10.27473,64.26008],[10.27473,64.26116],[10.28011,64.2629],[10.27819,64.26467]],[[10.34621,64.26686],[10.3418,64.26577],[10.33898,64.26579],[10.3371,64.26657]],[[10.35297,64.26707],[10.35369,64.26632],[10.3526,64.26563]],[[10.3928,64.26833],[10.40611,64.26294],[10.40468,64.25903],[10.40677,64.25786],[10.41055,64.2574],[10.41108,64.2552],[10.41258,64.25455],[10.42379,64.25415],[10.42539,64.25454],[10.42672,64.25609]],[[10.40662,64.26877],[10.40858,64.26606],[10.4105,64.26506],[10.41669,64.26407],[10.4195,64.2643],[10.42257,64.2635],[10.42228,64.26204],[10.4201,64.26078],[10.42081,64.25977],[10.42221,64.25939]],[[10.40662,64.26877],[10.40496,64.26969],[10.4052,64.27023],[10.40968,64.27083],[10.41509,64.27229]],[[10.41509,64.27229],[10.41464,64.27366]],[[10.27819,64.26467],[10.27721,64.26611],[10.28163,64.26683],[10.28232,64.2663],[10.28476,64.26603],[10.28662,64.26768],[10.28575,64.26836],[10.28724,64.26869],[10.28984,64.26882],[10.29597,64.26776],[10.29377,64.26961],[10.29722,64.2703],[10.30272,64.27003],[10.30475,64.26869],[10.30502,64.2677],[10.30958,64.26774],[10.31072,64.26663],[10.31019,64.2657]],[[10.3371,64.26657],[10.33646,64.26759],[10.33885,64.26881],[10.34113,64.26922],[10.34113,64.27088],[10.3424,64.27225],[10.34479,64.27265],[10.34708,64.27157],[10.35167,64.27118]],[[10.41464,64.27366],[10.4106,64.27485],[10.40777,64.27429],[10.40594,64.27278],[10.40447,64.27261],[10.39705,64.27306],[10.39612,64.27398]],[[10.35167,64.27118],[10.35249,64.2714],[10.35235,64.27351],[10.35715,64.27422]],[[10.34359,64.27286],[10.34089,64.27267],[10.33966,64.27323],[10.34106,64.27384],[10.34299,64.274],[10.34359,64.27286]],[[10.45775,64.27998],[10.45383,64.27892]],[[10.35715,64.27422],[10.35813,64.27473],[10.35661,64.27578],[10.35804,64.27691]],[[10.45775,64.27998],[10.45807,64.28113],[10.46275,64.28176]],[[10.33084,64.27715],[10.32959,64.27715],[10.32892,64.27845],[10.33009,64.27912],[10.33137,64.27834],[10.33084,64.27715]],[[10.23844,64.27627],[10.23404,64.27494],[10.22515,64.27344],[10.22379,64.27367],[10.21571,64.27181],[10.21316,64.27187],[10.21185,64.27273],[10.21255,64.27349],[10.22311,64.27602],[10.22695,64.2758],[10.22737,64.27494],[10.22956,64.27558],[10.23869,64.27675],[10.23844,64.27627]],[[10.35804,64.27691],[10.35728,64.27816],[10.35333,64.27858],[10.35411,64.28013],[10.35845,64.28062],[10.36034,64.28046],[10.36108,64.28121],[10.36049,64.28286],[10.36148,64.28345],[10.36908,64.28443],[10.3733,64.28404],[10.37711,64.28276],[10.37893,64.28063],[10.37921,64.27859],[10.38793,64.27441],[10.39036,64.27256],[10.39333,64.27159],[10.39368,64.27052],[10.39288,64.26959]],[[10.27297,64.2803],[10.26918,64.28029],[10.27238,64.28143],[10.27374,64.28148],[10.27463,64.28106],[10.27297,64.2803]],[[10.39429,64.28415],[10.39216,64.28341],[10.38771,64.2844],[10.3896,64.28533],[10.39481,64.28543],[10.39518,64.28468],[10.39429,64.28415]],[[10.43666,64.28704],[10.43668,64.28516],[10.43877,64.28382],[10.44305,64.28224],[10.44903,64.28079],[10.45157,64.27877],[10.45383,64.27892]],[[10.4519,64.29056],[10.45528,64.29059],[10.45762,64.28881],[10.45638,64.28769],[10.45295,64.28639],[10.45326,64.28601],[10.4542,64.28579],[10.45833,64.28644],[10.45942,64.28571],[10.45824,64.28487],[10.4593,64.28382],[10.46203,64.28321],[10.46571,64.28312],[10.46275,64.28176]],[[10.49141,64.2888],[10.49549,64.29095],[10.49615,64.2924]],[[10.49615,64.2924],[10.49434,64.29338],[10.4982,64.29456],[10.50334,64.29544],[10.50281,64.29715],[10.50382,64.29759],[10.50532,64.29713]],[[10.50337,64.29903],[10.50545,64.29855],[10.50682,64.29753]],[[10.4519,64.29056],[10.45,64.29047],[10.44934,64.29172],[10.44585,64.29249],[10.44406,64.2954],[10.44411,64.29712],[10.44481,64.29748],[10.44738,64.29829],[10.45068,64.29801]],[[10.45068,64.29801],[10.45215,64.29796],[10.45458,64.29862],[10.45688,64.2985],[10.46461,64.29675],[10.46581,64.29589],[10.46376,64.29412],[10.46479,64.29358]],[[10.2552,64.29004],[10.25237,64.28953],[10.25029,64.29035],[10.25223,64.29169],[10.25507,64.29242],[10.25682,64.29241],[10.25718,64.29202],[10.2552,64.29004]],[[10.39612,64.27398],[10.39302,64.27592],[10.39196,64.27911],[10.39355,64.27918],[10.39849,64.27764],[10.4017,64.27759],[10.40239,64.27788],[10.40168,64.27859],[10.40581,64.28061],[10.40506,64.28291],[10.40826,64.28351],[10.40799,64.28409],[10.40487,64.28441],[10.4018,64.28596],[10.40491,64.28772],[10.40211,64.29097],[10.40046,64.29151],[10.40157,64.29173],[10.40516,64.29122],[10.40926,64.29153],[10.40952,64.292],[10.40626,64.29335],[10.40688,64.29367],[10.4087,64.2936],[10.40898,64.29398],[10.40604,64.29513],[10.4059,64.2957],[10.41154,64.29654],[10.41809,64.29647],[10.42115,64.29706],[10.42308,64.29801],[10.42803,64.29826],[10.43149,64.29885],[10.43328,64.29865],[10.43694,64.29732],[10.43873,64.29486],[10.4392,64.29164],[10.44064,64.28898],[10.43842,64.28833]],[[10.24339,64.29143],[10.24238,64.28954],[10.24027,64.28881],[10.2365,64.2886],[10.23636,64.28894],[10.23928,64.29071],[10.23709,64.29106],[10.23415,64.2902],[10.23745,64.29265],[10.23787,64.29231],[10.24009,64.29228],[10.24339,64.29143]],[[10.31101,64.2942],[10.30894,64.29381],[10.31013,64.29319],[10.31149,64.29075],[10.30721,64.28846],[10.30085,64.28717],[10.29944,64.28564],[10.28164,64.28122],[10.27918,64.2811],[10.27655,64.28186],[10.28046,64.28331],[10.29367,64.28607],[10.29475,64.28648],[10.29436,64.28683],[10.29337,64.28686],[10.28582,64.28481],[10.28109,64.28444],[10.27877,64.28483],[10.27547,64.28378],[10.27485,64.28411],[10.27575,64.28475],[10.27913,64.28536],[10.28027,64.28618],[10.27162,64.28451],[10.26972,64.28428],[10.26887,64.2845],[10.26808,64.28575],[10.26935,64.28641],[10.28044,64.28927],[10.28965,64.29084],[10.29124,64.29133],[10.29032,64.29185],[10.29261,64.2929],[10.30478,64.29532],[10.31101,64.2942]],[[10.50337,64.29903],[10.49756,64.29898],[10.49329,64.29728],[10.49076,64.2968],[10.48533,64.29686],[10.48576,64.29758],[10.48952,64.29923],[10.49684,64.29977],[10.49845,64.30068],[10.50241,64.30179]],[[10.24414,64.29488],[10.24624,64.29519],[10.24839,64.2967],[10.24998,64.29663],[10.2515,64.29601],[10.24657,64.29252],[10.24462,64.29211]],[[10.50174,64.30255],[10.49972,64.3028],[10.50047,64.30393],[10.50722,64.30604]],[[10.5067,64.30637],[10.50722,64.30604]],[[10.49072,64.30472],[10.49296,64.30521],[10.5067,64.30637]],[[10.44931,64.30626],[10.45309,64.30607],[10.45729,64.30664],[10.45814,64.30631],[10.45603,64.30476],[10.45657,64.30327],[10.45388,64.30073],[10.45364,64.2997],[10.45433,64.29932],[10.45539,64.29949],[10.45751,64.30094],[10.45848,64.30285],[10.45971,64.30368],[10.46503,64.30546],[10.46909,64.30534],[10.47222,64.30158],[10.4743,64.30069],[10.47723,64.30039],[10.48657,64.30267],[10.49072,64.30472]],[[10.45117,64.3079],[10.45034,64.30714],[10.44918,64.30705]],[[10.26691,64.30054],[10.26503,64.30021],[10.26436,64.30056],[10.26533,64.30161],[10.26675,64.30208],[10.26776,64.30171],[10.26691,64.30054]],[[10.29272,64.30287],[10.29583,64.30166],[10.30316,64.2999],[10.30392,64.29828],[10.30555,64.29828],[10.30791,64.299],[10.30905,64.29857],[10.3064,64.29734],[10.30226,64.29633],[10.29351,64.29457],[10.29153,64.29451],[10.28525,64.29286],[10.27663,64.29319],[10.2768,64.29251],[10.2724,64.29104],[10.27195,64.2918],[10.27422,64.29248],[10.27025,64.29278],[10.26971,64.29354],[10.26146,64.29104],[10.26193,64.29169],[10.27109,64.29488],[10.27195,64.29553],[10.27264,64.29545],[10.27254,64.29445],[10.2754,64.29558],[10.27628,64.2966],[10.27577,64.29692],[10.27362,64.296],[10.27008,64.29572],[10.26905,64.29602],[10.27078,64.29742],[10.27479,64.2982],[10.27413,64.29875],[10.27129,64.29808],[10.27038,64.29889],[10.27201,64.29968],[10.27409,64.30002],[10.27583,64.3024],[10.27963,64.30204],[10.28157,64.30266],[10.28743,64.3023],[10.2885,64.30346],[10.28939,64.3036],[10.29272,64.30287]],[[10.3164,64.30066],[10.31403,64.3006],[10.30917,64.30126],[10.30814,64.30186],[10.31171,64.30486],[10.31343,64.30487],[10.31865,64.30365],[10.31926,64.30243],[10.3183,64.30139],[10.3164,64.30066]],[[10.45117,64.3079],[10.45342,64.31173]],[[10.46115,64.31543],[10.45775,64.31462],[10.45342,64.31173]],[[10.68468,64.41231],[10.68972,64.41242],[10.69114,64.41313],[10.6933,64.41339],[10.69649,64.41564],[10.70107,64.41569],[10.70719,64.41516]],[[10.46131,64.31688],[10.4594,64.31888],[10.45678,64.31984]],[[10.44701,64.32016],[10.44937,64.31849],[10.4481,64.3181],[10.4473,64.31843]],[[10.4473,64.31843],[10.44663,64.3193],[10.44265,64.32039],[10.43916,64.32056],[10.43671,64.32152],[10.43722,64.32179],[10.43869,64.32161],[10.44179,64.32108],[10.44284,64.3205],[10.44594,64.32054],[10.44701,64.32016]],[[10.45678,64.31984],[10.45541,64.32012],[10.45347,64.31983],[10.45183,64.32116],[10.45152,64.32334],[10.44877,64.32426]],[[10.56124,64.32636],[10.56262,64.32618],[10.56536,64.32734],[10.56844,64.32787],[10.57156,64.32776],[10.57507,64.32707],[10.57576,64.32813],[10.57844,64.32822]],[[10.39683,64.31917],[10.39366,64.31972],[10.39457,64.32037],[10.39282,64.32245],[10.39434,64.32361],[10.39554,64.32375],[10.39851,64.32342],[10.40018,64.32264],[10.39766,64.32131],[10.39824,64.32078],[10.39683,64.31917]],[[10.44622,64.32496],[10.44478,64.32818],[10.44565,64.32842]],[[10.27396,64.32079],[10.26488,64.31814],[10.26272,64.31816],[10.26214,64.31885],[10.26289,64.31953],[10.26414,64.32031],[10.26554,64.32029],[10.26909,64.32352],[10.27423,64.32492],[10.27758,64.32412],[10.27993,64.32285],[10.27826,64.32154],[10.27396,64.32079]],[[10.54825,64.33484],[10.55404,64.33499],[10.56519,64.33072],[10.56471,64.3295],[10.56261,64.32822],[10.56124,64.32636]],[[10.33581,64.32678],[10.3347,64.32694],[10.33502,64.3275],[10.33751,64.32852],[10.33864,64.32847],[10.33934,64.32785],[10.33613,64.32716],[10.33581,64.32678]],[[10.56432,64.33711],[10.56793,64.33572],[10.5708,64.33365],[10.57287,64.33272],[10.57662,64.33192],[10.57964,64.33008],[10.58005,64.32874],[10.57844,64.32822]],[[10.35413,64.32871],[10.35363,64.32855],[10.35085,64.32927],[10.35243,64.33063],[10.35514,64.33005],[10.35413,64.32871]],[[10.28895,64.32498],[10.2846,64.32368],[10.28364,64.32401],[10.2836,64.32466],[10.28146,64.32422],[10.27965,64.32445],[10.27847,64.32565],[10.28574,64.32856],[10.28894,64.32763],[10.29052,64.32645],[10.28895,64.32498]],[[10.27761,64.32634],[10.2766,64.32612],[10.27559,64.32637],[10.2752,64.32702],[10.28042,64.32861],[10.28135,64.3281],[10.27761,64.32634]],[[10.29342,64.32942],[10.28895,64.3283],[10.28788,64.32845],[10.29238,64.33072],[10.2939,64.32979],[10.29342,64.32942]],[[10.40975,64.34057],[10.41143,64.34125],[10.41548,64.34119],[10.41666,64.33966],[10.42326,64.33741],[10.42551,64.33466],[10.43126,64.33293],[10.43374,64.33359]],[[10.30516,64.33127],[10.30209,64.3299],[10.30017,64.33051],[10.30016,64.33107],[10.29824,64.33056],[10.30078,64.32981],[10.3,64.32922],[10.29649,64.33014],[10.29562,64.33077],[10.29931,64.33195],[10.30312,64.33264],[10.30539,64.33255],[10.30516,64.33127]],[[10.53586,64.34038],[10.53622,64.33826],[10.54117,64.33579]],[[10.37706,64.32857],[10.38416,64.32578],[10.39056,64.32174],[10.38733,64.3201],[10.38195,64.31925],[10.37807,64.31925],[10.37833,64.31853],[10.37748,64.31818],[10.37649,64.31835],[10.37761,64.31899],[10.37708,64.31932],[10.37392,64.31959],[10.37267,64.31817],[10.37344,64.31751],[10.37219,64.31732],[10.37062,64.31732],[10.369,64.31789],[10.36792,64.31751],[10.36494,64.31779],[10.36338,64.31907],[10.36371,64.31939],[10.36509,64.31939],[10.36523,64.31998],[10.37103,64.32154],[10.36293,64.32069],[10.36099,64.32124],[10.36166,64.32236],[10.3602,64.3224],[10.35922,64.32179],[10.35807,64.32274],[10.35233,64.32335],[10.35197,64.32431],[10.35298,64.32536],[10.35092,64.32494],[10.34828,64.32582],[10.3491,64.32686],[10.3519,64.32748],[10.35348,64.32703],[10.35547,64.32838],[10.35681,64.33054],[10.3547,64.33162],[10.35406,64.33406],[10.35475,64.33484],[10.35612,64.33498],[10.36155,64.33518],[10.36294,64.33491],[10.36514,64.33284],[10.36493,64.33194],[10.37098,64.33165],[10.37429,64.32977],[10.37486,64.32885],[10.37706,64.32857]],[[10.30811,64.33023],[10.30612,64.32981],[10.30503,64.33009],[10.30647,64.3308],[10.30666,64.33318],[10.30793,64.33402],[10.30886,64.33408],[10.31215,64.33292],[10.31249,64.33165],[10.30811,64.33023]],[[10.60866,64.34378],[10.60735,64.34221],[10.6097,64.34126],[10.61102,64.34153],[10.61298,64.34136],[10.61342,64.34054],[10.61438,64.34071],[10.61528,64.34253]],[[10.34351,64.33423],[10.34224,64.3343],[10.34294,64.33528],[10.34532,64.33575],[10.34351,64.33423]],[[10.63343,64.34374],[10.63424,64.34417],[10.63397,64.34483]],[[10.54679,64.34386],[10.55391,64.34315],[10.55617,64.34155],[10.55632,64.3403],[10.56432,64.33711]],[[10.61528,64.34253],[10.62084,64.34622],[10.62277,64.34557],[10.62109,64.34457],[10.62147,64.34421],[10.6253,64.34457],[10.63343,64.34374]],[[10.54679,64.34386],[10.54476,64.34408]],[[10.36896,64.33917],[10.37391,64.33916],[10.37412,64.33848],[10.37262,64.33772],[10.37112,64.33756],[10.36947,64.33829],[10.36642,64.33842],[10.36698,64.3391],[10.36896,64.33917]],[[10.63397,64.34483],[10.63377,64.34571],[10.63615,64.34796],[10.63822,64.3483]],[[10.32308,64.33559],[10.32407,64.33491],[10.3237,64.33429],[10.31639,64.33263],[10.31508,64.33295],[10.3165,64.3337],[10.31693,64.33535],[10.31509,64.33491],[10.31276,64.33365],[10.31162,64.33362],[10.30968,64.33456],[10.31155,64.33559],[10.31398,64.3358],[10.31815,64.33679],[10.32147,64.33808],[10.32532,64.3388],[10.32574,64.33831],[10.32393,64.33708],[10.32308,64.33559]],[[10.43374,64.33359],[10.43207,64.33459],[10.43493,64.33562],[10.43801,64.3344],[10.44237,64.331],[10.4371,64.32829],[10.43494,64.3266],[10.4314,64.32592],[10.42886,64.32657],[10.42755,64.32622],[10.42758,64.32548],[10.42322,64.32609],[10.42126,64.32599],[10.41578,64.32711],[10.41539,64.32818],[10.41704,64.32906],[10.41487,64.33017],[10.40897,64.32934],[10.40713,64.32969],[10.4004,64.32982],[10.39761,64.33043],[10.39193,64.33359],[10.39134,64.33468],[10.3927,64.33624],[10.39034,64.33825],[10.39233,64.3395],[10.39657,64.34068],[10.39821,64.34077],[10.39915,64.34038],[10.40021,64.34064],[10.39916,64.34138],[10.3996,64.3421],[10.40548,64.34189],[10.40975,64.34057]],[[10.39008,64.34],[10.38727,64.33997],[10.38619,64.34087],[10.38633,64.34156],[10.38957,64.3417],[10.3911,64.34135],[10.39167,64.34061],[10.39008,64.34]],[[10.3772,64.33904],[10.37605,64.33891],[10.37269,64.34069],[10.37695,64.34179],[10.37812,64.34164],[10.37966,64.34043],[10.37971,64.33974],[10.3772,64.33904]],[[10.61004,64.34995],[10.61444,64.34933],[10.61606,64.34817],[10.61149,64.34491],[10.60866,64.34378]],[[10.3232,64.33954],[10.32239,64.33924],[10.31808,64.33984],[10.31933,64.34137],[10.32232,64.34032],[10.3232,64.33954]],[[10.40076,64.3431],[10.39874,64.34299],[10.39671,64.34361],[10.39633,64.34433],[10.39706,64.3452],[10.40138,64.34412],[10.40167,64.3436],[10.40076,64.3431]],[[10.63822,64.3483],[10.64227,64.34863],[10.64415,64.35011],[10.64219,64.35128],[10.6438,64.35326],[10.6453,64.35431],[10.64867,64.3553]],[[10.41245,64.34768],[10.41776,64.34788],[10.41925,64.3476],[10.4216,64.34655],[10.42203,64.34503],[10.42463,64.34519],[10.42727,64.34405],[10.42808,64.34302],[10.42764,64.34235],[10.42208,64.34175],[10.41972,64.34201],[10.41218,64.34404],[10.41176,64.34482],[10.40912,64.34552],[10.40567,64.34582],[10.40205,64.34715],[10.4094,64.3486],[10.41098,64.34845],[10.41245,64.34768]],[[10.59418,64.35676],[10.5972,64.35528],[10.59914,64.35352],[10.60177,64.3528],[10.60535,64.35244],[10.61004,64.34995]],[[10.50465,64.36173],[10.50555,64.36056],[10.50512,64.3598],[10.50401,64.35949],[10.49555,64.36085],[10.49487,64.36143]],[[10.67711,64.41595],[10.67777,64.41545],[10.67988,64.4152],[10.68463,64.41525],[10.68448,64.41479],[10.6805,64.41354],[10.68101,64.41224],[10.6838,64.41228]],[[10.44565,64.32842],[10.44667,64.32846],[10.44748,64.32791],[10.44897,64.3281],[10.44939,64.32868],[10.4482,64.33022],[10.44958,64.33109],[10.45539,64.3297],[10.46379,64.33153],[10.46668,64.33161],[10.4766,64.32919],[10.47857,64.32937],[10.47954,64.33074],[10.47414,64.33401],[10.47186,64.33487],[10.46879,64.33555],[10.45881,64.33664],[10.45678,64.33724],[10.45106,64.34018],[10.44962,64.34163],[10.44938,64.34367],[10.44987,64.34429],[10.45237,64.34514],[10.45268,64.34584],[10.44988,64.34699],[10.44898,64.34792],[10.44892,64.35026],[10.44439,64.35139],[10.44374,64.35249],[10.44508,64.35327],[10.44769,64.35321],[10.45352,64.35199],[10.4551,64.35201],[10.4605,64.34735],[10.4627,64.34762],[10.46152,64.34883],[10.46316,64.34925],[10.46479,64.3485],[10.46479,64.34717],[10.46578,64.34683],[10.4698,64.34709],[10.47683,64.34692],[10.48037,64.34625],[10.48491,64.34442],[10.48776,64.34285],[10.4894,64.34118],[10.49171,64.34027],[10.49614,64.33914],[10.49979,64.3393],[10.50064,64.34007],[10.50201,64.34012],[10.50854,64.338],[10.5106,64.33645]],[[10.43449,64.35109],[10.43561,64.35044],[10.43543,64.34942],[10.43353,64.34805],[10.43044,64.34782],[10.42506,64.34948],[10.4252,64.35008],[10.42673,64.35038],[10.42655,64.3508],[10.42227,64.35063],[10.41858,64.35153],[10.41912,64.35197],[10.42879,64.35336],[10.43109,64.35275],[10.43449,64.35109]],[[10.58995,64.35863],[10.59418,64.35676]],[[10.81853,64.36749],[10.82211,64.36782],[10.83136,64.36749],[10.8374,64.3686],[10.83967,64.3684]],[[10.51263,64.33633],[10.5146,64.33735],[10.50584,64.34244],[10.50025,64.34494],[10.49088,64.34623],[10.4848,64.34953],[10.48264,64.35024],[10.4723,64.35141],[10.47045,64.35115],[10.46855,64.35179],[10.46747,64.35298],[10.46921,64.3526],[10.4704,64.35303],[10.46927,64.35505],[10.47214,64.35718],[10.47465,64.35763],[10.47838,64.35774],[10.47948,64.35741],[10.48216,64.35811],[10.48767,64.35823],[10.49465,64.35663],[10.50358,64.35351],[10.50542,64.35197],[10.50938,64.35069],[10.51123,64.34781],[10.51528,64.34536],[10.51922,64.34483],[10.52088,64.34418],[10.52217,64.34474],[10.529,64.34375],[10.5348,64.34207],[10.53586,64.34038]],[[10.46021,64.35492],[10.45893,64.35475],[10.45798,64.35543],[10.45799,64.35805],[10.46005,64.35802],[10.4623,64.35688],[10.46264,64.35637],[10.46021,64.35492]],[[10.64758,64.36219],[10.6446,64.36194],[10.64331,64.36118],[10.63779,64.36037],[10.63573,64.36071],[10.63444,64.36157],[10.63278,64.36133],[10.63138,64.36168],[10.63353,64.36244],[10.63327,64.36386]],[[10.65099,64.36443],[10.64939,64.36253],[10.64758,64.36219]],[[10.3937,64.35828],[10.3926,64.35798],[10.39105,64.3582]],[[10.4836,64.36108],[10.4831,64.36042],[10.48208,64.36026],[10.48027,64.36062],[10.48028,64.36098]],[[10.51669,64.3621],[10.5104,64.35986],[10.51303,64.35554],[10.51588,64.35409],[10.52141,64.35387],[10.52185,64.35266],[10.5235,64.35195],[10.52801,64.35195],[10.52987,64.35159],[10.53346,64.35009],[10.53545,64.34812],[10.54476,64.34408]],[[10.58667,64.36423],[10.58792,64.36129],[10.5876,64.36037],[10.58995,64.35863]],[[10.61275,64.36501],[10.613,64.36449],[10.6171,64.36317],[10.62003,64.36278],[10.62409,64.3638],[10.62308,64.36444],[10.62394,64.36505],[10.62981,64.36499]],[[10.65494,64.36627],[10.65099,64.36443]],[[10.65591,64.3663],[10.65667,64.36496],[10.6629,64.36371],[10.66418,64.363],[10.66665,64.36286],[10.66652,64.36353],[10.66814,64.36382],[10.67263,64.36298],[10.67603,64.3633],[10.68074,64.36225],[10.68312,64.36088],[10.68308,64.35996],[10.67879,64.35693],[10.67672,64.3569],[10.67572,64.35761],[10.67466,64.3577],[10.66602,64.35656],[10.66377,64.35548],[10.6617,64.35514],[10.65635,64.3554],[10.65287,64.35623],[10.64867,64.3553]],[[10.80715,64.3707],[10.80706,64.37008],[10.81073,64.36993],[10.81315,64.36927],[10.81464,64.36834]],[[10.84398,64.37175],[10.83831,64.3704],[10.84013,64.36879],[10.83967,64.3684]],[[10.48028,64.36098],[10.47556,64.36258],[10.47515,64.3632],[10.47713,64.36409],[10.47852,64.36394],[10.4836,64.36108]],[[10.39105,64.3582],[10.38909,64.35921],[10.38902,64.35993],[10.39141,64.3604],[10.39432,64.35883],[10.3937,64.35828]],[[10.61275,64.36501],[10.613,64.36596],[10.61508,64.36637],[10.61489,64.36694],[10.61306,64.36782],[10.61339,64.36857],[10.61866,64.36939],[10.62292,64.37055],[10.62654,64.3709]],[[10.49487,64.36143],[10.49492,64.36193],[10.49034,64.36512],[10.49191,64.36691],[10.49646,64.36849],[10.49981,64.3668],[10.50465,64.36173]],[[10.54238,64.37109],[10.54459,64.37024],[10.54683,64.37],[10.54848,64.37016],[10.54917,64.37141],[10.55033,64.37153],[10.55962,64.37033],[10.56421,64.36883],[10.56515,64.37011],[10.57042,64.37004],[10.57284,64.36945],[10.57452,64.3683],[10.58228,64.36745],[10.5866,64.36431]],[[10.63017,64.37117],[10.62906,64.37376],[10.62804,64.37483],[10.62672,64.37522]],[[10.53983,64.38678],[10.54229,64.38791],[10.54547,64.38756],[10.54706,64.38452],[10.54498,64.38388],[10.54031,64.38381]],[[10.63484,64.38973],[10.63716,64.39111],[10.64109,64.3924]],[[10.77367,64.39695],[10.77168,64.39736],[10.76968,64.39897],[10.77046,64.39961],[10.7739,64.40038],[10.77495,64.40013],[10.77604,64.39902],[10.77367,64.39695]],[[10.42687,64.36499],[10.42771,64.36388],[10.42704,64.3633],[10.42071,64.36144],[10.41279,64.36223],[10.40762,64.36147],[10.40249,64.36212],[10.40262,64.36049],[10.39862,64.35945],[10.39682,64.35967],[10.3927,64.36108],[10.39273,64.36165],[10.39495,64.36202],[10.39754,64.36366],[10.40268,64.36387],[10.4005,64.36474],[10.40437,64.36605],[10.41031,64.36994],[10.41523,64.36831],[10.41846,64.36789],[10.42687,64.36499]],[[10.51669,64.3621],[10.5189,64.3631],[10.51893,64.36363],[10.51342,64.36708],[10.51304,64.36791],[10.51416,64.3685],[10.51406,64.36926],[10.50954,64.37254],[10.51125,64.374],[10.51747,64.37438],[10.53414,64.37325],[10.53765,64.37276],[10.54238,64.37109]],[[10.77733,64.3804],[10.77986,64.38064],[10.78185,64.3823],[10.7881,64.38426],[10.79432,64.38498],[10.79568,64.38546],[10.79604,64.38615],[10.80064,64.38575],[10.80273,64.38415],[10.80366,64.38214],[10.80138,64.38082],[10.80173,64.37973],[10.8045,64.37923],[10.81163,64.3791],[10.81691,64.37534],[10.81089,64.37195],[10.80715,64.3707]],[[10.43914,64.36765],[10.43113,64.36749],[10.4221,64.3699],[10.41895,64.37002],[10.41738,64.37146],[10.41797,64.37168],[10.41999,64.3713],[10.42005,64.37189],[10.42108,64.37205],[10.42313,64.37142],[10.42412,64.37019],[10.4253,64.36999],[10.42668,64.37075],[10.4301,64.37141],[10.43097,64.37218],[10.43498,64.37278],[10.43362,64.37466],[10.43578,64.376],[10.43774,64.37608]],[[10.43774,64.37608],[10.44208,64.37675],[10.44302,64.37519],[10.44444,64.37464],[10.44785,64.37505],[10.44938,64.37428],[10.45429,64.37412],[10.45514,64.37261],[10.45325,64.36999],[10.45396,64.36929],[10.45681,64.36891],[10.45446,64.368],[10.44862,64.36832],[10.44868,64.36882],[10.45128,64.36949],[10.45083,64.36979],[10.4469,64.36932],[10.43914,64.36765]],[[10.62672,64.37522],[10.61874,64.37472],[10.61775,64.37625],[10.61652,64.37685],[10.61811,64.37875],[10.62168,64.37948],[10.62257,64.38255]],[[10.76157,64.38615],[10.76042,64.38588],[10.75838,64.38723],[10.75807,64.38813],[10.75617,64.38892],[10.75663,64.38962],[10.75984,64.38946],[10.76043,64.38829],[10.76231,64.38738],[10.76157,64.38615]],[[10.7902,64.38977],[10.7896,64.38879],[10.78644,64.38835],[10.77939,64.38907],[10.77986,64.38978],[10.78348,64.39034],[10.78508,64.39141],[10.78613,64.39146],[10.78705,64.39079],[10.78975,64.39028],[10.7902,64.38977]],[[10.54031,64.38381],[10.53698,64.38403],[10.53641,64.38502],[10.53701,64.38638],[10.53983,64.38678]],[[10.60563,64.3971],[10.60793,64.39652],[10.60967,64.39476],[10.61202,64.39364],[10.61526,64.39365],[10.61945,64.39423],[10.62352,64.39299],[10.62413,64.39144],[10.61859,64.38969],[10.62276,64.38725],[10.62456,64.38802],[10.62567,64.39006],[10.63484,64.38973]],[[10.57468,64.39865],[10.57694,64.39686],[10.58213,64.39612],[10.58277,64.39502],[10.57586,64.39309],[10.56988,64.39201],[10.5671,64.39101],[10.56493,64.38951],[10.56644,64.38828],[10.56984,64.38812],[10.57143,64.38764],[10.5709,64.38688],[10.57196,64.38595],[10.57332,64.38589],[10.57727,64.38688],[10.58814,64.3882],[10.59169,64.38809],[10.59854,64.38965],[10.60107,64.38959],[10.60632,64.39021],[10.60914,64.38927],[10.60744,64.38665],[10.60469,64.38574],[10.60368,64.38435],[10.60096,64.38413],[10.60123,64.38327],[10.60331,64.38215],[10.60517,64.38216],[10.60777,64.38314],[10.60911,64.38317],[10.61066,64.38269],[10.61269,64.38301],[10.61416,64.38388],[10.61594,64.38634],[10.61728,64.38652],[10.61837,64.38575],[10.61834,64.38486],[10.62118,64.38396],[10.62257,64.38255]],[[10.46368,64.39418],[10.46115,64.39437],[10.46071,64.3951],[10.46231,64.39661],[10.46486,64.39714],[10.46696,64.39571],[10.46368,64.39418]],[[10.84398,64.37175],[10.84466,64.37249],[10.83965,64.37528],[10.83889,64.37546],[10.83736,64.37496],[10.83515,64.37618],[10.83516,64.37692],[10.83212,64.3777],[10.83038,64.37899],[10.82981,64.38035],[10.82897,64.38063],[10.82535,64.38059],[10.82006,64.38243],[10.8188,64.38403],[10.81893,64.38585],[10.8203,64.38696],[10.82449,64.38851],[10.82291,64.39079],[10.81957,64.39194],[10.81196,64.39277],[10.80058,64.39482],[10.79426,64.39838],[10.79345,64.40015],[10.78912,64.40163],[10.78805,64.40331],[10.78254,64.40511],[10.78444,64.40613],[10.79245,64.40815],[10.79572,64.40803],[10.80151,64.40706],[10.80023,64.40927]],[[10.55589,64.4027],[10.55862,64.40207],[10.56331,64.40179],[10.56672,64.3995],[10.57188,64.39929],[10.57468,64.39865]],[[10.53758,64.40062],[10.54795,64.40245],[10.55589,64.4027]],[[10.45588,64.40111],[10.45361,64.40082],[10.45108,64.40167],[10.45477,64.4018],[10.45614,64.40146],[10.45588,64.40111]],[[10.81124,64.41359],[10.81261,64.41343],[10.8129,64.41397],[10.81631,64.41421]],[[10.80283,64.41552],[10.80414,64.41464],[10.79948,64.4134],[10.79871,64.41255],[10.80023,64.40927]],[[10.81124,64.41359],[10.80817,64.41409],[10.80809,64.41567]],[[10.82022,64.41602],[10.81872,64.41465],[10.81631,64.41421]],[[10.64109,64.3924],[10.63872,64.39319],[10.63939,64.39385],[10.63769,64.39463],[10.63679,64.3964],[10.63352,64.39904],[10.63427,64.40147],[10.63332,64.40236],[10.62908,64.40355],[10.62315,64.4026],[10.61866,64.40291],[10.61594,64.40357],[10.61325,64.40673],[10.61485,64.40769],[10.61853,64.40798],[10.62048,64.40995],[10.62334,64.4101],[10.62672,64.40948],[10.63185,64.40937]],[[10.45667,64.40521],[10.45376,64.40391],[10.45853,64.40256],[10.45707,64.40186],[10.4594,64.40087],[10.46129,64.40111],[10.4625,64.40199],[10.4621,64.40291],[10.46386,64.40398],[10.46571,64.40394],[10.46392,64.4029],[10.46404,64.40086],[10.46685,64.40022],[10.46807,64.40106],[10.47032,64.40044],[10.46742,64.39834],[10.47007,64.3969],[10.47274,64.39652],[10.47626,64.39774],[10.47768,64.39753],[10.47706,64.39688],[10.47938,64.39575],[10.48164,64.39704],[10.48359,64.39696],[10.4864,64.39677],[10.48749,64.39558],[10.48946,64.39522],[10.48657,64.3938],[10.48377,64.3944],[10.47981,64.39413],[10.48097,64.39343],[10.48281,64.39315],[10.48286,64.3911],[10.48659,64.3907],[10.48607,64.38853],[10.48912,64.38807],[10.49878,64.39051],[10.49921,64.39116],[10.49819,64.39094],[10.49789,64.39225],[10.49623,64.39299],[10.49496,64.3944],[10.49599,64.39576],[10.49812,64.39656],[10.50741,64.39785],[10.51331,64.39818],[10.51594,64.39767],[10.52284,64.3983],[10.52656,64.39993],[10.53074,64.40077],[10.53758,64.40062]],[[10.46941,64.4056],[10.4712,64.405],[10.471,64.40469],[10.468,64.4048],[10.46503,64.40546]],[[10.59119,64.40931],[10.60196,64.40539],[10.60217,64.40061],[10.60525,64.39927],[10.60604,64.3984],[10.60513,64.39776],[10.60563,64.3971]],[[10.63571,64.41065],[10.63473,64.40952],[10.63185,64.40937]],[[10.73714,64.41363],[10.73579,64.41284],[10.73079,64.4132],[10.71769,64.41306]],[[10.75116,64.41404],[10.75179,64.41292],[10.75684,64.40922],[10.75852,64.40547],[10.7576,64.4046],[10.75521,64.40403],[10.74966,64.40428],[10.74858,64.40075],[10.75369,64.39822],[10.75512,64.39443],[10.75861,64.39355],[10.75659,64.39163],[10.7513,64.3902],[10.7502,64.38851],[10.75231,64.38711],[10.75202,64.3864],[10.75325,64.38533],[10.75882,64.38315],[10.75882,64.38235],[10.75706,64.38148],[10.75777,64.38045],[10.75942,64.37969],[10.75892,64.37873],[10.75956,64.37826],[10.76237,64.3778],[10.76618,64.37811],[10.76852,64.37745],[10.77199,64.37714],[10.7726,64.37739],[10.77114,64.37858],[10.77178,64.37938],[10.77598,64.38027]],[[10.80283,64.41552],[10.7959,64.41783],[10.7939,64.41947],[10.79571,64.41947],[10.80167,64.41828],[10.80712,64.41643],[10.80809,64.41567]],[[10.37157,64.40537],[10.37045,64.40499],[10.36991,64.4052],[10.37107,64.40737],[10.37191,64.40763],[10.3735,64.40683],[10.37157,64.40537]],[[10.63574,64.4107],[10.63807,64.41235],[10.6381,64.41402],[10.63564,64.41409],[10.63477,64.41248],[10.63285,64.41218],[10.63279,64.41357],[10.62948,64.41368],[10.6288,64.41508],[10.62931,64.41575],[10.63213,64.41623]],[[10.42258,64.4114],[10.42423,64.41156],[10.42558,64.41044],[10.42291,64.40954],[10.42132,64.40988],[10.4214,64.41064],[10.41895,64.41033],[10.41761,64.4112],[10.41805,64.41168],[10.42092,64.41196],[10.42258,64.4114]],[[10.62359,64.4185],[10.63115,64.41744],[10.63221,64.41708],[10.63213,64.41623]],[[10.79942,64.4221],[10.79683,64.42205],[10.79515,64.42252],[10.79523,64.42352],[10.79895,64.4234],[10.79977,64.42269],[10.79942,64.4221]],[[10.66965,64.42265],[10.66894,64.42217],[10.66936,64.42131],[10.67151,64.41898],[10.67289,64.41836]],[[10.39885,64.413],[10.39617,64.41282],[10.39423,64.41347],[10.39528,64.41437],[10.39748,64.41513],[10.39994,64.41447],[10.39885,64.413]],[[10.42499,64.41583],[10.42737,64.41486],[10.42564,64.41442],[10.4259,64.41323],[10.42209,64.41229],[10.4203,64.41339],[10.42292,64.41375],[10.42282,64.41426],[10.42106,64.41471],[10.4213,64.41537],[10.42348,64.41521],[10.42382,64.41598],[10.42499,64.41583]],[[10.42869,64.41664],[10.42697,64.41608],[10.42472,64.41753],[10.42487,64.41793],[10.42669,64.41826],[10.42835,64.41792],[10.42945,64.4172],[10.42869,64.41664]],[[10.82022,64.41602],[10.82002,64.41713],[10.81314,64.41831],[10.81082,64.42034],[10.80991,64.42203],[10.80446,64.42356],[10.80386,64.4276],[10.79966,64.4294],[10.8007,64.42981],[10.80174,64.42948]],[[10.61004,64.42454],[10.60746,64.42231],[10.60803,64.4161],[10.60963,64.41563],[10.61288,64.41736],[10.62055,64.41783],[10.62153,64.41828]],[[10.72453,64.42854],[10.72409,64.42777],[10.72121,64.42627],[10.71521,64.42483],[10.70344,64.42425],[10.70225,64.42477],[10.70028,64.42748],[10.70133,64.42825]],[[10.72453,64.42854],[10.72472,64.42939],[10.732,64.42938],[10.7408,64.43013]],[[10.80147,64.43078],[10.79934,64.43114],[10.80037,64.43207],[10.80311,64.43216],[10.80354,64.43189],[10.80147,64.43078]],[[10.41925,64.42088],[10.41787,64.42045],[10.41658,64.42092],[10.41855,64.42203],[10.42003,64.42212],[10.42026,64.42141],[10.41925,64.42088]],[[10.48573,64.42123],[10.48439,64.42134],[10.48561,64.42298],[10.48459,64.42429],[10.48703,64.42507],[10.49133,64.4232],[10.4893,64.42274],[10.48947,64.42217],[10.48819,64.42168],[10.48573,64.42123]],[[10.66145,64.43093],[10.6631,64.43078],[10.66619,64.42965],[10.6664,64.42832],[10.66399,64.42771],[10.66352,64.4272],[10.66675,64.42597],[10.66746,64.42552],[10.6672,64.42463],[10.67054,64.42328],[10.66965,64.42265]],[[10.61004,64.42454],[10.60896,64.42657],[10.61241,64.42984]],[[10.75553,64.43431],[10.75764,64.43278],[10.75904,64.43239],[10.76746,64.43223]],[[10.76746,64.43223],[10.77662,64.43224],[10.78163,64.43416],[10.78121,64.43599],[10.78193,64.43649],[10.78279,64.43633],[10.78387,64.43486],[10.78539,64.43447],[10.80692,64.43672],[10.80873,64.43574],[10.80518,64.43221],[10.80531,64.43038],[10.80174,64.42948]],[[10.65865,64.43295],[10.65729,64.43274],[10.65672,64.43142],[10.66145,64.43093]],[[10.64216,64.43963],[10.64724,64.43922],[10.65374,64.43776],[10.65973,64.43435],[10.6598,64.43311],[10.65865,64.43295]],[[10.7408,64.43013],[10.74449,64.43074],[10.74467,64.43196],[10.74616,64.43199],[10.7465,64.43346],[10.7446,64.43554],[10.74442,64.43789],[10.74211,64.43935],[10.73946,64.4423],[10.74061,64.44312],[10.74312,64.44325],[10.75553,64.43431]],[[10.6411,64.44096],[10.64091,64.44036],[10.64216,64.43963]],[[10.53135,64.43884],[10.53253,64.43717],[10.53481,64.43642],[10.53319,64.43493],[10.53474,64.43491],[10.53687,64.43588],[10.5402,64.43578],[10.54276,64.43463],[10.54462,64.43271],[10.55165,64.42851],[10.55392,64.42637],[10.55576,64.42655],[10.55755,64.42587],[10.56031,64.42364],[10.57008,64.42226],[10.57023,64.42123],[10.56843,64.42075],[10.56822,64.42005],[10.57432,64.41955],[10.57784,64.41962],[10.57904,64.41913],[10.5779,64.41853],[10.5793,64.41793],[10.58181,64.41756],[10.58282,64.41779],[10.58474,64.41735],[10.5863,64.41598],[10.58755,64.41138]],[[10.46941,64.4056],[10.46368,64.40637],[10.4611,64.40743],[10.46221,64.40831],[10.46036,64.40854],[10.45986,64.4094],[10.46319,64.40942],[10.46131,64.41027],[10.46146,64.41074],[10.46399,64.41107],[10.46876,64.40983],[10.4681,64.41087],[10.46521,64.41177],[10.46498,64.41232],[10.46579,64.41278],[10.46929,64.41261],[10.46996,64.41358],[10.47245,64.41361],[10.47476,64.41456],[10.47688,64.41465],[10.47724,64.41566],[10.47573,64.41569],[10.4746,64.41619],[10.47475,64.41694],[10.47613,64.41697],[10.47791,64.41616],[10.48078,64.417],[10.48413,64.41695],[10.48667,64.41629],[10.48775,64.4164],[10.48853,64.41756],[10.48989,64.41801],[10.49118,64.41814],[10.49278,64.41746],[10.49431,64.41736],[10.49403,64.41896],[10.4911,64.41847],[10.49002,64.4188],[10.48708,64.41848],[10.48626,64.41939],[10.48721,64.42027],[10.48932,64.41944],[10.49056,64.41973],[10.49157,64.42076],[10.49077,64.42115],[10.49165,64.42234],[10.49405,64.42231],[10.49614,64.42116],[10.49755,64.42095],[10.4944,64.42447],[10.49695,64.42696],[10.49821,64.42728],[10.50409,64.42557],[10.50664,64.42581],[10.50819,64.42678],[10.50906,64.4285],[10.51694,64.4312],[10.51959,64.43166],[10.5236,64.43131],[10.52551,64.43169],[10.52833,64.43132],[10.52864,64.43308],[10.52504,64.4335],[10.52153,64.43489],[10.52323,64.43573],[10.52056,64.43646],[10.52126,64.43716],[10.52545,64.43804],[10.52734,64.43797],[10.52584,64.43896],[10.52627,64.4393],[10.52996,64.43994],[10.53135,64.43884]],[[10.54478,64.43896],[10.54337,64.43891],[10.54157,64.43943],[10.54046,64.44059],[10.5429,64.44028],[10.54478,64.43896]],[[10.52894,64.44085],[10.52258,64.43929],[10.51665,64.43918],[10.51648,64.43977],[10.51914,64.44063],[10.52033,64.44056],[10.52026,64.44155],[10.52304,64.44227],[10.52063,64.44298],[10.52181,64.44342],[10.52921,64.44222],[10.52894,64.44085]],[[10.63406,64.44721],[10.63574,64.44696],[10.64222,64.44339],[10.64318,64.44224],[10.6411,64.44096]],[[10.55463,64.44608],[10.55631,64.44622],[10.55704,64.4457],[10.55476,64.44472],[10.55214,64.44475],[10.55023,64.4455],[10.5521,64.44637],[10.5538,64.44641],[10.55463,64.44608]],[[10.57201,64.44845],[10.57014,64.44822],[10.56956,64.44777],[10.5714,64.44716],[10.57033,64.44603],[10.566,64.44555],[10.56334,64.44599],[10.5631,64.44732],[10.56517,64.44908],[10.57004,64.4497],[10.57176,64.44917],[10.57201,64.44845]],[[10.74523,64.45606],[10.74717,64.45553],[10.74882,64.4558],[10.75086,64.45563]],[[10.83009,64.46124],[10.83006,64.46017],[10.82823,64.45904],[10.82328,64.45836],[10.82332,64.45647],[10.82632,64.45509],[10.82729,64.45511],[10.82726,64.45577],[10.82802,64.456],[10.83001,64.45492],[10.83546,64.45368],[10.83826,64.45371],[10.84107,64.45468]],[[10.74523,64.45606],[10.7384,64.4584],[10.73654,64.45748]],[[10.58885,64.45419],[10.58657,64.45135],[10.5812,64.4508],[10.57818,64.44924],[10.5754,64.44889],[10.57465,64.44947],[10.57621,64.45227],[10.57792,64.45273],[10.58027,64.45263],[10.58178,64.45398]],[[10.60252,64.4546],[10.60109,64.45256],[10.60319,64.4518],[10.59958,64.44903],[10.6014,64.44812],[10.604,64.44854],[10.60487,64.44775],[10.60482,64.44652],[10.60195,64.4461],[10.60086,64.44737],[10.59861,64.44817],[10.59407,64.44771],[10.59092,64.44676],[10.59663,64.44401],[10.59635,64.44359],[10.59429,64.4432],[10.58995,64.44414],[10.58649,64.4436],[10.58746,64.44268],[10.58945,64.44265],[10.59086,64.44214],[10.59268,64.44067],[10.59019,64.44007],[10.59027,64.43843],[10.58929,64.43794],[10.58176,64.43879],[10.57968,64.43858],[10.57785,64.43921],[10.57468,64.43857],[10.56936,64.44176],[10.56699,64.44221],[10.55446,64.44013],[10.55414,64.44042],[10.55725,64.44186],[10.55632,64.44227],[10.54788,64.44134],[10.55218,64.43971],[10.55198,64.4391],[10.55023,64.43901],[10.55038,64.43814],[10.55241,64.43799],[10.55511,64.43712],[10.55621,64.43545],[10.55849,64.43419],[10.56157,64.43435],[10.56737,64.43668],[10.56757,64.43609],[10.56411,64.4321],[10.56418,64.43035],[10.56572,64.42846],[10.56697,64.4281],[10.56821,64.42828],[10.57028,64.43081],[10.57412,64.43126],[10.57661,64.43112],[10.58099,64.42821],[10.57843,64.42678],[10.57963,64.42519],[10.58582,64.42542],[10.59277,64.42392],[10.59591,64.42423],[10.59941,64.42395],[10.60331,64.42461],[10.60453,64.42522],[10.60748,64.42952],[10.6101,64.43036],[10.61241,64.42984]],[[10.61906,64.4551],[10.62097,64.45262],[10.62078,64.45109],[10.62575,64.4504],[10.63031,64.44878],[10.6314,64.44764],[10.63406,64.44721]],[[10.83009,64.46124],[10.82602,64.46617],[10.82759,64.4672],[10.82753,64.46811],[10.82662,64.46849],[10.82335,64.46797],[10.82216,64.46825],[10.82075,64.46973],[10.82217,64.47055],[10.82204,64.47151],[10.82274,64.47159],[10.82585,64.46982],[10.82965,64.47041],[10.83361,64.46975],[10.83856,64.47115]],[[10.66298,64.4564],[10.6545,64.45263],[10.65675,64.44968],[10.65596,64.44771],[10.6547,64.44729],[10.6555,64.44651],[10.66493,64.44105],[10.66964,64.43969],[10.67546,64.4387],[10.67754,64.43892],[10.68097,64.43868],[10.68258,64.43818],[10.6939,64.43665],[10.69773,64.43553],[10.69921,64.43405],[10.69644,64.43075],[10.70357,64.42991],[10.7039,64.42905],[10.70133,64.42825]],[[10.6887,64.45716],[10.68896,64.45683],[10.68821,64.45666],[10.68657,64.4571]],[[10.73237,64.45844],[10.73345,64.45693],[10.73561,64.45681],[10.73654,64.45748]],[[10.75794,64.45918],[10.75821,64.45744],[10.75611,64.45612],[10.75367,64.45562],[10.75156,64.45611],[10.75086,64.45563]],[[10.85152,64.46185],[10.8558,64.45965],[10.85332,64.45844],[10.8551,64.45696],[10.85903,64.45617],[10.86144,64.45675],[10.86358,64.45648],[10.86473,64.45611],[10.86454,64.45493],[10.86087,64.45362],[10.85786,64.45431],[10.85366,64.45381],[10.84558,64.45592],[10.84334,64.45572],[10.84107,64.45468]],[[10.89661,64.46312],[10.89507,64.46259],[10.89003,64.46293]],[[10.75794,64.45918],[10.75706,64.46168],[10.7613,64.46117],[10.76365,64.46174],[10.7636,64.46547],[10.76594,64.46633],[10.76679,64.46721],[10.76679,64.46759],[10.76362,64.46892],[10.76334,64.46998],[10.76128,64.4713],[10.76366,64.47237]],[[10.83798,64.475],[10.84237,64.47451],[10.84331,64.47336],[10.84272,64.47234],[10.83837,64.47243]],[[10.78235,64.46886],[10.77962,64.47065],[10.77944,64.47203],[10.77683,64.47293],[10.7766,64.47349]],[[10.83798,64.475],[10.8351,64.47479],[10.83272,64.47588],[10.83485,64.47681],[10.83767,64.47703]],[[10.81049,64.50824],[10.81252,64.50772],[10.81575,64.50837],[10.82288,64.5073],[10.82745,64.50755],[10.83307,64.50722]],[[10.66298,64.4564],[10.67618,64.45693]],[[10.58178,64.45398],[10.58449,64.45543],[10.58847,64.45476],[10.58885,64.45419]],[[10.67618,64.45693],[10.67728,64.457],[10.67995,64.45841],[10.68657,64.4571]],[[10.60252,64.4546],[10.60486,64.45604],[10.60755,64.45689],[10.61004,64.45665],[10.61227,64.4583],[10.61522,64.45756],[10.61644,64.45805],[10.61831,64.45749],[10.61906,64.4551]],[[10.7788,64.46339],[10.78123,64.46329],[10.78275,64.46263],[10.7839,64.46298],[10.78621,64.46227]],[[10.7341,64.46059],[10.73577,64.46242]],[[10.77574,64.46524],[10.7788,64.46339]],[[10.73548,64.46424],[10.73695,64.46423],[10.73767,64.46367],[10.73577,64.46242]],[[10.58589,64.45738],[10.58413,64.45695],[10.58248,64.45799],[10.58526,64.46008],[10.58705,64.45995],[10.5882,64.45901],[10.58806,64.45844],[10.58589,64.45738]],[[10.78621,64.46227],[10.78641,64.46369],[10.78107,64.46588],[10.78235,64.46886]],[[10.77464,64.46873],[10.77467,64.46608],[10.77574,64.46524]],[[10.75468,64.46139],[10.75398,64.46133],[10.75292,64.46257],[10.75271,64.46483],[10.75159,64.46545],[10.75081,64.46699],[10.75162,64.46817],[10.75278,64.46805],[10.7548,64.46557],[10.75797,64.46334],[10.75777,64.46295],[10.75544,64.46253],[10.75468,64.46139]],[[10.59593,64.46258],[10.5936,64.46252],[10.59337,64.46366],[10.59574,64.46321],[10.59593,64.46258]],[[10.83856,64.47115],[10.83962,64.47092],[10.84265,64.46801],[10.84595,64.46757],[10.84727,64.46446],[10.85152,64.46185]],[[10.79551,64.47591],[10.79648,64.4755],[10.79774,64.4756],[10.79923,64.47693],[10.80048,64.47701],[10.80175,64.47651],[10.80111,64.47598],[10.80363,64.47493],[10.81162,64.47337],[10.81616,64.47367],[10.82147,64.47208],[10.822,64.47223],[10.82082,64.474],[10.82126,64.4744],[10.82923,64.47267],[10.83125,64.47383],[10.83837,64.47243]],[[10.83739,64.47885],[10.84005,64.47837],[10.8404,64.47792],[10.83989,64.4771],[10.83767,64.47703]],[[10.83739,64.47885],[10.83612,64.47901],[10.83724,64.47985]],[[10.83117,64.47875],[10.82827,64.47766],[10.82595,64.47857],[10.82771,64.48007],[10.83107,64.47966],[10.83117,64.47875]],[[10.6887,64.45716],[10.68811,64.45833],[10.6891,64.45871],[10.69154,64.4583],[10.6925,64.45935],[10.68997,64.45994],[10.68817,64.46274],[10.68913,64.46301],[10.69094,64.46186],[10.69305,64.4619],[10.69391,64.46358],[10.69413,64.46652],[10.69355,64.46707],[10.69582,64.46856],[10.69384,64.46947],[10.69459,64.46992],[10.69715,64.47007],[10.69418,64.47276],[10.69479,64.47418],[10.69798,64.4735],[10.69774,64.47475],[10.70307,64.47533],[10.70169,64.4759],[10.69667,64.47644],[10.69501,64.47712],[10.69538,64.47754],[10.70615,64.47767],[10.71096,64.47667],[10.71138,64.47482],[10.71397,64.47346],[10.7167,64.47289],[10.71784,64.47302],[10.71876,64.47183],[10.72161,64.47049],[10.7234,64.47048],[10.72474,64.47137],[10.72758,64.47096],[10.72703,64.46918],[10.73458,64.46742],[10.73426,64.46495],[10.73548,64.46424]],[[10.76366,64.47237],[10.76323,64.47303],[10.76074,64.47337],[10.75965,64.4753],[10.75953,64.47869],[10.76093,64.47992],[10.7629,64.47948],[10.7639,64.47776],[10.7658,64.47681],[10.77104,64.47553],[10.77158,64.47319],[10.77377,64.47114],[10.77464,64.46873]],[[10.68668,64.47851],[10.69102,64.47638],[10.6896,64.47516],[10.68828,64.47506],[10.68533,64.47635],[10.68117,64.47723],[10.6802,64.47683],[10.67953,64.47715],[10.68015,64.47792],[10.67976,64.4793],[10.68458,64.47903],[10.68668,64.47851]],[[10.77475,64.47488],[10.77267,64.47576],[10.77098,64.47821],[10.77174,64.47934],[10.77025,64.48031],[10.76964,64.48191],[10.77056,64.48222],[10.77203,64.48225],[10.77656,64.48023],[10.78168,64.47982],[10.78912,64.476],[10.79335,64.47635],[10.79551,64.47591]],[[10.76966,64.48899],[10.76909,64.49059],[10.77051,64.49305],[10.77189,64.49315],[10.77424,64.49261]],[[10.79633,64.48305],[10.79563,64.48254],[10.79593,64.48106],[10.79446,64.48023],[10.7914,64.48088],[10.78799,64.48035],[10.78364,64.48222],[10.78152,64.4843]],[[10.83708,64.48091],[10.833,64.4816],[10.83292,64.48257],[10.83071,64.48339],[10.82064,64.48473],[10.81796,64.48583]],[[10.77656,64.48483],[10.77423,64.48448],[10.77239,64.48306],[10.77094,64.48362],[10.76934,64.48345],[10.76799,64.4843]],[[10.78152,64.4843],[10.77656,64.48483]],[[10.73275,64.48175],[10.73554,64.48157],[10.73683,64.48027],[10.73939,64.47982],[10.74111,64.48157],[10.73993,64.48307],[10.74031,64.48411],[10.74384,64.48353],[10.7465,64.48229],[10.75315,64.47686],[10.75361,64.47575],[10.74916,64.47351],[10.74507,64.47299],[10.74162,64.47444],[10.73997,64.47748],[10.7338,64.47773],[10.73332,64.47813]],[[10.68497,64.48264],[10.69001,64.48199],[10.6905,64.4826],[10.69135,64.48256],[10.69178,64.48141],[10.69382,64.47996],[10.69226,64.48001],[10.69077,64.48088],[10.69058,64.47934],[10.68885,64.47929],[10.68349,64.48073],[10.68393,64.48256],[10.68497,64.48264]],[[10.698,64.48363],[10.69897,64.48295],[10.69968,64.48348],[10.70069,64.48343],[10.70192,64.48263],[10.70562,64.48287],[10.70765,64.48112],[10.7103,64.4808],[10.71206,64.47914],[10.70501,64.4792],[10.70394,64.47988],[10.70048,64.48043],[10.69936,64.48103],[10.70003,64.48146],[10.69924,64.4818],[10.69279,64.48233],[10.69328,64.48289],[10.69262,64.48386],[10.69619,64.48357],[10.69591,64.48478],[10.69778,64.48461],[10.698,64.48363]],[[10.67806,64.47844],[10.67853,64.478],[10.67767,64.47744],[10.68375,64.47156],[10.68343,64.46909],[10.68009,64.46712],[10.68249,64.46662],[10.68297,64.46594],[10.68166,64.46534],[10.68125,64.464],[10.67821,64.46324],[10.67588,64.46402],[10.67266,64.46322],[10.66856,64.46521],[10.67591,64.46589],[10.67985,64.46703],[10.6786,64.46768],[10.67532,64.4673],[10.67275,64.46637],[10.66677,64.46676],[10.66379,64.46644],[10.65995,64.4672],[10.659,64.46772],[10.65855,64.46918],[10.65984,64.4695],[10.66474,64.46847],[10.66382,64.47031],[10.66191,64.47137],[10.66323,64.47238],[10.66759,64.47258],[10.66818,64.4731],[10.66696,64.47361],[10.66206,64.47408],[10.6591,64.47494],[10.66016,64.4762],[10.65992,64.47707],[10.66176,64.47773],[10.65989,64.47787],[10.65676,64.47739],[10.65562,64.47766],[10.65476,64.47862],[10.66066,64.48096],[10.65446,64.48093],[10.65421,64.4814],[10.6589,64.48381],[10.6633,64.48428],[10.66795,64.48199],[10.66898,64.48098],[10.67234,64.48079],[10.67806,64.47844]],[[10.73332,64.47813],[10.73112,64.47956],[10.72995,64.47945],[10.73085,64.47714],[10.73339,64.4744],[10.73302,64.47385],[10.73066,64.47305],[10.73057,64.47225],[10.72857,64.47227],[10.72747,64.47276],[10.72871,64.47369],[10.72787,64.4747],[10.72562,64.47502],[10.72503,64.47437],[10.72378,64.47443],[10.72061,64.47648],[10.72002,64.47829],[10.71503,64.47917],[10.70953,64.48168],[10.71167,64.4827],[10.71157,64.48336],[10.70804,64.48576],[10.71137,64.48619],[10.71367,64.48551],[10.71377,64.48466],[10.71466,64.48435],[10.71793,64.4846],[10.71954,64.48379],[10.71996,64.48279],[10.72859,64.48036],[10.72942,64.48064],[10.72899,64.48175],[10.73275,64.48175]],[[10.68215,64.48425],[10.68145,64.48418],[10.68153,64.48486],[10.67902,64.48623],[10.68006,64.48709],[10.68239,64.4871],[10.68408,64.48581],[10.68215,64.48425]],[[10.65565,64.48718],[10.65633,64.48629],[10.66013,64.48647],[10.66184,64.48528],[10.65388,64.48547],[10.6538,64.4861],[10.65038,64.48623],[10.64967,64.48676],[10.65106,64.4874],[10.65565,64.48718]],[[10.96529,64.4968],[10.97187,64.49658]],[[10.73143,64.49025],[10.73467,64.48981],[10.73492,64.48905],[10.73811,64.48823],[10.73766,64.48776],[10.73438,64.487],[10.73193,64.48705]],[[10.73193,64.48705],[10.72691,64.48715],[10.72328,64.48811],[10.7238,64.48848],[10.72796,64.48836],[10.72905,64.48885],[10.72802,64.48937],[10.72403,64.4897],[10.72383,64.49005],[10.73143,64.49025]],[[10.87186,64.49505],[10.87185,64.4944],[10.87574,64.4928],[10.88126,64.49179],[10.88278,64.49101],[10.8853,64.48845],[10.88647,64.48563],[10.89005,64.4825],[10.88939,64.48142],[10.88981,64.48055],[10.89163,64.47979],[10.8939,64.47719],[10.89404,64.47559],[10.89214,64.47482],[10.889,64.47165],[10.88756,64.47144],[10.88724,64.471],[10.89037,64.47027],[10.89125,64.46938],[10.88855,64.46513],[10.88852,64.4636],[10.89003,64.46293]],[[10.71957,64.49101],[10.72211,64.48939],[10.71717,64.48947],[10.71462,64.49056],[10.71534,64.49095],[10.71957,64.49101]],[[10.68412,64.49031],[10.68438,64.48918],[10.68125,64.49007],[10.6793,64.48973],[10.67961,64.48894],[10.68217,64.48858],[10.68472,64.48904],[10.68718,64.48851],[10.68724,64.48805],[10.67768,64.48748],[10.67564,64.48814],[10.67759,64.4888],[10.67535,64.48904],[10.67402,64.48977],[10.67748,64.49054],[10.68286,64.49066],[10.68412,64.49031]],[[10.73111,64.49225],[10.73352,64.49155],[10.73128,64.49117]],[[10.73128,64.49117],[10.72793,64.49124],[10.72665,64.49187],[10.72806,64.4925],[10.73111,64.49225]],[[10.79329,64.49472],[10.79738,64.49384],[10.79555,64.49223],[10.79599,64.4909],[10.79793,64.4895],[10.80105,64.4884],[10.79973,64.48564],[10.80386,64.48495],[10.80527,64.48402],[10.80224,64.48197],[10.80046,64.48219],[10.79942,64.48366],[10.79633,64.48305]],[[10.89586,64.49804],[10.8977,64.49624],[10.89798,64.49503],[10.89483,64.49379],[10.89562,64.49292],[10.89184,64.48942],[10.89284,64.48932],[10.89336,64.4886],[10.89535,64.48853],[10.89796,64.48774],[10.89884,64.48474],[10.90067,64.48236],[10.90047,64.48118],[10.9047,64.47921],[10.90868,64.47449],[10.91017,64.47367],[10.90783,64.47187],[10.91053,64.47103],[10.9101,64.47014],[10.91102,64.46885],[10.91061,64.46826],[10.90697,64.46863],[10.90692,64.46992],[10.90557,64.47095],[10.9037,64.47128],[10.90121,64.47244],[10.90025,64.47236],[10.90039,64.47118],[10.90249,64.4709],[10.89931,64.46916],[10.89792,64.46739],[10.90074,64.46609],[10.90014,64.46403],[10.89661,64.46312]],[[10.88148,64.49859],[10.88163,64.49684],[10.88294,64.496],[10.88881,64.49497],[10.88975,64.49445],[10.88933,64.49412],[10.88472,64.49379],[10.88313,64.49326],[10.88124,64.49373],[10.88029,64.49454],[10.87186,64.49505]],[[10.8647,64.4963],[10.86452,64.49744],[10.86296,64.49824]],[[10.8041,64.4967],[10.80673,64.49497],[10.80921,64.49469],[10.8108,64.49532],[10.81056,64.49647],[10.81371,64.49679]],[[10.79079,64.49649],[10.79329,64.49472]],[[10.89586,64.49804],[10.89432,64.49824],[10.8935,64.49976]],[[10.81796,64.48583],[10.81451,64.48886],[10.81261,64.48978],[10.81019,64.49004],[10.80627,64.48963],[10.80525,64.48989],[10.80519,64.49161],[10.80214,64.49297],[10.79852,64.49648],[10.79963,64.49716],[10.8041,64.4967]],[[10.73103,64.49278],[10.72361,64.49298],[10.72095,64.49431],[10.72223,64.49456],[10.72716,64.49408],[10.72906,64.49534],[10.73059,64.49559]],[[10.73059,64.49559],[10.73459,64.49544],[10.73556,64.49508],[10.73544,64.49454],[10.73773,64.49424],[10.74016,64.49484],[10.74246,64.49302],[10.74136,64.49255],[10.73626,64.49226],[10.73103,64.49278]],[[10.91473,64.50856],[10.91402,64.50946],[10.91496,64.50989],[10.91533,64.51096]],[[10.88248,64.51098],[10.88164,64.50764]],[[10.76799,64.4843],[10.75978,64.48643],[10.75711,64.4892],[10.75275,64.49102],[10.75032,64.493],[10.75008,64.49389],[10.75195,64.49352],[10.75448,64.49457],[10.75526,64.49686],[10.76197,64.4959],[10.76769,64.4938],[10.76804,64.49314],[10.76659,64.49182],[10.76743,64.49055],[10.76496,64.48896],[10.76749,64.48837],[10.76919,64.48853]],[[10.97509,64.50179],[10.97682,64.50292],[10.97999,64.50258],[10.9848,64.50339],[10.98809,64.50224],[10.98749,64.50163],[10.97521,64.49694],[10.97187,64.49658]],[[10.90526,64.50197],[10.9087,64.5001]],[[10.86821,64.50016],[10.86986,64.49889],[10.87164,64.49873],[10.87332,64.49939],[10.87269,64.50052],[10.87499,64.50116],[10.87665,64.50118],[10.88013,64.50055],[10.88148,64.49859]],[[10.79441,64.50023],[10.79516,64.49946],[10.79356,64.49899],[10.79079,64.49888],[10.78736,64.49954],[10.7849,64.49874],[10.78548,64.49802],[10.79079,64.49649]],[[10.65787,64.496],[10.65665,64.49529],[10.65533,64.49526],[10.65542,64.4942],[10.65201,64.49537],[10.6524,64.49578],[10.65578,64.49621],[10.65787,64.496]],[[10.89319,64.49994],[10.89027,64.50216],[10.88952,64.50346]],[[10.86296,64.49824],[10.85843,64.50057],[10.85667,64.50441],[10.86252,64.50332],[10.86575,64.50205],[10.86821,64.50016]],[[10.77658,64.49532],[10.77918,64.49625],[10.77952,64.49696],[10.77865,64.49811],[10.77607,64.4989],[10.77536,64.50004],[10.77339,64.50061],[10.77378,64.501],[10.77717,64.50143],[10.77742,64.502],[10.77594,64.50289]],[[10.84724,64.50461],[10.84823,64.50465],[10.84878,64.50548],[10.84982,64.50549],[10.85147,64.50522],[10.85262,64.50446],[10.85372,64.50228],[10.85306,64.5013],[10.84907,64.50297],[10.84659,64.50248],[10.84954,64.50125],[10.8527,64.49862],[10.86288,64.49585],[10.86383,64.4958],[10.8647,64.4963]],[[10.88952,64.50346],[10.88791,64.5065],[10.88986,64.50739],[10.89365,64.50773],[10.89675,64.5067],[10.89798,64.50449],[10.90031,64.50403],[10.90526,64.50197]],[[10.96529,64.4968],[10.96295,64.49751],[10.96267,64.4983],[10.96506,64.49991],[10.96055,64.50211],[10.95478,64.50359],[10.95591,64.50497],[10.95532,64.50562],[10.95283,64.50607],[10.95018,64.50607],[10.94801,64.50793],[10.94605,64.50854],[10.94079,64.50851],[10.93709,64.50897]],[[10.67164,64.50161],[10.67236,64.50035],[10.67444,64.50023],[10.67414,64.49984],[10.67005,64.49964],[10.66713,64.50026],[10.66331,64.49995],[10.66393,64.50058],[10.66589,64.50061],[10.66922,64.50154]],[[10.70311,64.50253],[10.70596,64.50149],[10.70065,64.50104],[10.69871,64.50061],[10.6992,64.50014],[10.70271,64.50042],[10.7109,64.49929],[10.71629,64.50013],[10.7187,64.49961],[10.72102,64.49677],[10.72741,64.49665],[10.73033,64.49729]],[[10.74208,64.50366],[10.74315,64.50283],[10.74492,64.50296],[10.74526,64.50219],[10.74441,64.50127],[10.73786,64.50044],[10.73243,64.50157],[10.7306,64.50156],[10.73104,64.50017],[10.73025,64.49778]],[[10.76578,64.50435],[10.76394,64.50268],[10.76585,64.5016],[10.76522,64.50061],[10.76617,64.49932],[10.76401,64.49826],[10.7577,64.49886],[10.7532,64.49843],[10.75193,64.49881],[10.75136,64.49988],[10.74894,64.50123],[10.74851,64.5029],[10.75155,64.50296],[10.75385,64.50136],[10.75537,64.50098],[10.75949,64.50295],[10.75578,64.50406]],[[10.78518,64.50491],[10.7921,64.50241],[10.79441,64.50023]],[[10.78988,64.50504],[10.79499,64.50069],[10.79835,64.49876],[10.80184,64.49822],[10.80708,64.49825],[10.81019,64.49877],[10.81298,64.49877],[10.81513,64.49774],[10.81371,64.49679]],[[10.83593,64.50635],[10.83731,64.50566]],[[10.84136,64.50651],[10.83965,64.50485],[10.83821,64.50494],[10.83731,64.50566]],[[10.84402,64.50658],[10.84642,64.50554],[10.84724,64.50461]],[[10.88164,64.50764],[10.8822,64.50695],[10.87915,64.50678],[10.87554,64.50747]],[[10.91473,64.50856],[10.92793,64.50706],[10.92802,64.50665],[10.92653,64.50641],[10.92643,64.506],[10.92898,64.5047],[10.92148,64.50438],[10.91858,64.50485],[10.9112,64.50518],[10.90998,64.50431],[10.90997,64.50329],[10.91319,64.50271],[10.91354,64.50132],[10.91105,64.50019],[10.91115,64.49962],[10.9087,64.5001]],[[10.9639,64.50992],[10.96501,64.50849],[10.97011,64.50511],[10.97005,64.50377],[10.96822,64.50236],[10.9689,64.50112],[10.97103,64.50089],[10.97509,64.50179]],[[10.66922,64.50154],[10.67164,64.50161]],[[10.83307,64.50722],[10.83593,64.50635]],[[10.75578,64.50406],[10.75441,64.50451],[10.75437,64.50495],[10.75814,64.5068],[10.75851,64.5077],[10.76038,64.50793],[10.76246,64.50778],[10.76416,64.50715],[10.76578,64.50435]],[[10.83107,64.50965],[10.82716,64.50967],[10.8281,64.51027],[10.8294,64.51041],[10.83107,64.50965]],[[10.82503,64.50943],[10.82178,64.50932],[10.82126,64.51002],[10.82549,64.51024],[10.82631,64.50974],[10.82503,64.50943]],[[10.8463,64.50951],[10.84514,64.50942],[10.8441,64.51093],[10.84789,64.51075],[10.8463,64.50951]],[[10.77507,64.50462],[10.77528,64.50563],[10.7728,64.50812],[10.77319,64.50916],[10.77536,64.50903],[10.77647,64.50762],[10.78518,64.50491]],[[10.92116,64.51374],[10.92357,64.51281],[10.92899,64.513],[10.93247,64.51217],[10.93604,64.50915]],[[10.70311,64.50253],[10.70156,64.50335],[10.69849,64.50379],[10.69745,64.50447],[10.6983,64.50639],[10.70511,64.50687],[10.70668,64.50757],[10.70901,64.50767],[10.71771,64.50649],[10.72157,64.50492],[10.72405,64.50442],[10.72467,64.50469],[10.72144,64.50697],[10.72499,64.50825],[10.7286,64.50832]],[[10.7286,64.50832],[10.73354,64.50851],[10.73694,64.50756],[10.74267,64.50711],[10.74241,64.50659],[10.74373,64.50568],[10.74424,64.50431],[10.74208,64.50366]],[[10.78988,64.50504],[10.78919,64.50735],[10.79068,64.50913],[10.78976,64.5111],[10.7909,64.51162],[10.80322,64.5107],[10.80391,64.50962],[10.81049,64.50824]],[[10.78891,64.51024],[10.78747,64.51011],[10.78377,64.51141],[10.78815,64.5112],[10.78891,64.51024]],[[10.8818,64.51428],[10.88215,64.51306],[10.88662,64.51333],[10.88965,64.51231],[10.88807,64.5117],[10.88248,64.51098]],[[10.83199,64.51425],[10.82654,64.51431]],[[10.91533,64.51096],[10.91073,64.51295],[10.90852,64.51258],[10.90677,64.51303],[10.90564,64.51466],[10.90606,64.51567],[10.91279,64.51569],[10.91227,64.5167],[10.9136,64.51714],[10.91725,64.51638],[10.92116,64.51374]],[[10.70703,64.50966],[10.70063,64.5094],[10.69793,64.51014],[10.69774,64.51068],[10.70209,64.51148],[10.70611,64.51089],[10.70703,64.50966]],[[10.69988,64.51174],[10.69458,64.51138],[10.69295,64.51086],[10.69331,64.51057],[10.69513,64.51075],[10.6951,64.51011],[10.6896,64.50997],[10.68554,64.51119],[10.68613,64.51167],[10.68855,64.51201],[10.69282,64.51216],[10.69217,64.5127],[10.69337,64.51309],[10.69462,64.51289],[10.69391,64.5122],[10.69916,64.51206],[10.69988,64.51174]],[[10.96318,64.51092],[10.95781,64.513],[10.95217,64.51609],[10.94805,64.52044]],[[10.90436,64.51333],[10.90141,64.51321],[10.89427,64.51548],[10.8901,64.51832],[10.89277,64.51906],[10.89691,64.51881],[10.89716,64.51802],[10.89929,64.51659],[10.90073,64.51586],[10.9037,64.51524],[10.90497,64.51394],[10.90436,64.51333]],[[10.83065,64.52307],[10.8333,64.52264],[10.83486,64.52134],[10.83567,64.51956],[10.83942,64.51741],[10.84754,64.51608],[10.84856,64.51533],[10.84842,64.51487],[10.84727,64.51472],[10.83772,64.51405],[10.83199,64.51425]],[[10.69844,64.51442],[10.69874,64.51403],[10.69786,64.51383],[10.69356,64.5137],[10.69176,64.51397],[10.68987,64.51343],[10.6891,64.51396],[10.68576,64.51394],[10.69383,64.51545],[10.69627,64.5153],[10.69844,64.51442]],[[10.77869,64.51934],[10.77836,64.51867],[10.77404,64.51845],[10.77292,64.51897],[10.77324,64.51927],[10.77581,64.51926],[10.77777,64.52066],[10.77862,64.52038],[10.77869,64.51934]],[[10.67089,64.51557],[10.66968,64.51558],[10.66745,64.51684],[10.66986,64.51816],[10.67231,64.51671],[10.67089,64.51557]],[[10.85212,64.52069],[10.84922,64.5205],[10.84773,64.52082],[10.84879,64.52249],[10.84692,64.5239],[10.84943,64.5249],[10.85186,64.52451],[10.85292,64.5238],[10.85157,64.52265],[10.85304,64.52205],[10.85212,64.52069]],[[10.6422,64.51865],[10.64104,64.51853],[10.64099,64.51791],[10.6442,64.51763],[10.64478,64.51675],[10.64273,64.51634],[10.64085,64.51774],[10.64003,64.51671],[10.63789,64.51608],[10.63836,64.51749],[10.64066,64.51857],[10.63941,64.51965],[10.64125,64.51976],[10.6422,64.51865]],[[10.89522,64.52424],[10.8945,64.52348],[10.89079,64.52331],[10.88957,64.52249],[10.88506,64.52248],[10.88308,64.52287],[10.88144,64.52228],[10.87928,64.52228],[10.87865,64.52258],[10.87906,64.52382],[10.88128,64.52378],[10.88177,64.52466],[10.88283,64.52488],[10.88493,64.52491],[10.88801,64.52407],[10.89091,64.52388],[10.89407,64.52712],[10.89522,64.52424]],[[10.6593,64.51906],[10.65368,64.51761],[10.65241,64.51662],[10.65131,64.51665],[10.65236,64.51783],[10.65074,64.51839],[10.65049,64.51912],[10.65266,64.52012],[10.6546,64.52015],[10.65669,64.51892],[10.65818,64.51941],[10.65732,64.5201],[10.65843,64.52076],[10.66021,64.52016],[10.66016,64.51927],[10.6593,64.51906]],[[10.81887,64.52641],[10.82229,64.52519],[10.82697,64.52473],[10.83065,64.52307]],[[10.68199,64.52185],[10.68264,64.52146],[10.68675,64.52095],[10.68902,64.51886],[10.68847,64.51859],[10.68221,64.51838],[10.682,64.51808],[10.68421,64.51786],[10.68919,64.51827],[10.6897,64.518],[10.68924,64.51727],[10.68502,64.51698],[10.68154,64.51565],[10.67822,64.51632],[10.67834,64.51683],[10.67489,64.51718],[10.68092,64.51822],[10.67949,64.51941],[10.67662,64.51931],[10.67417,64.51971],[10.67365,64.52042],[10.67203,64.51956],[10.67014,64.51963],[10.66893,64.52002],[10.66865,64.52133],[10.67058,64.52218],[10.67252,64.52176],[10.67373,64.52188],[10.67446,64.52151],[10.67576,64.52219],[10.67792,64.52252],[10.68004,64.52254],[10.68199,64.52185]],[[10.94805,64.52044],[10.95241,64.52443],[10.95438,64.52457],[10.95556,64.5241],[10.95722,64.52447],[10.95826,64.52543],[10.95842,64.5272],[10.96085,64.52762],[10.96287,64.52688],[10.96621,64.52702],[10.96399,64.52994],[10.96703,64.53083]],[[10.63514,64.51876],[10.6341,64.51877],[10.63357,64.51928],[10.6346,64.52097],[10.63551,64.52155],[10.63781,64.52175],[10.63854,64.51994],[10.63675,64.519],[10.63514,64.51876]],[[10.88373,64.52723],[10.88801,64.5267],[10.88873,64.52595],[10.88657,64.52551],[10.87784,64.52571],[10.87891,64.52642],[10.87711,64.52758],[10.87881,64.52936],[10.88227,64.52879],[10.88229,64.52814],[10.88373,64.52723]],[[10.87554,64.50747],[10.86876,64.51017],[10.86857,64.51092],[10.86963,64.51195],[10.86894,64.51295],[10.86427,64.51428],[10.8631,64.51553],[10.85733,64.51702],[10.85498,64.51716],[10.85262,64.51816],[10.85547,64.51866],[10.85758,64.51802],[10.85825,64.5182],[10.85796,64.51924],[10.85605,64.52063],[10.85668,64.52256],[10.85743,64.52345],[10.8601,64.52339],[10.86054,64.52388],[10.85709,64.52602],[10.85757,64.52872],[10.85996,64.52865],[10.86379,64.52765],[10.86623,64.52581]],[[10.65533,64.52561],[10.65594,64.52492],[10.65706,64.52491],[10.65717,64.52415],[10.65626,64.52385],[10.65382,64.52492],[10.6522,64.52442],[10.64991,64.52474],[10.6481,64.52273],[10.6466,64.52209],[10.64818,64.52403],[10.64547,64.52456],[10.64725,64.52552],[10.64489,64.52591],[10.64536,64.52663],[10.64395,64.52725],[10.64684,64.52837],[10.64367,64.52852],[10.64388,64.52912],[10.64656,64.52975],[10.64898,64.52974],[10.65533,64.52561]],[[10.8671,64.52585],[10.86756,64.52914],[10.86983,64.52817],[10.87245,64.52847],[10.87367,64.52827],[10.87476,64.52747],[10.8741,64.52705],[10.87486,64.52497],[10.87688,64.52389],[10.87613,64.52029],[10.87722,64.5192],[10.88025,64.5178],[10.88616,64.5189],[10.88856,64.51804],[10.88934,64.51572],[10.88859,64.51517],[10.89003,64.51444],[10.88604,64.51399],[10.8818,64.51428]],[[10.81667,64.52879],[10.81887,64.52641]],[[10.96703,64.53083],[10.96829,64.53153],[10.96637,64.53295],[10.96972,64.5334],[10.97155,64.53295],[10.97223,64.53167],[10.97623,64.53063],[10.97668,64.53126]],[[10.66386,64.52536],[10.66249,64.5252],[10.66144,64.52584],[10.66177,64.52645],[10.66423,64.5267],[10.66459,64.52573],[10.66386,64.52536]],[[10.9768,64.53342],[10.97583,64.53423],[10.97388,64.534],[10.97326,64.53442],[10.97451,64.53564],[10.97663,64.53569],[10.97636,64.53641]],[[10.66966,64.52733],[10.67167,64.52759],[10.67497,64.52704],[10.67906,64.52521],[10.67966,64.52408],[10.67683,64.52371],[10.67623,64.52392],[10.67337,64.52319],[10.67164,64.52342],[10.66966,64.5227],[10.66763,64.52285],[10.66682,64.52344],[10.66727,64.5244],[10.67137,64.52554],[10.67045,64.52597],[10.66881,64.52514],[10.66732,64.52517],[10.66707,64.5259],[10.66807,64.52628],[10.66889,64.52783],[10.66966,64.52733]],[[10.84198,64.53155],[10.83979,64.53132],[10.83965,64.53219],[10.84154,64.53292],[10.84157,64.53385],[10.8426,64.5332],[10.84198,64.53155]],[[10.65847,64.52614],[10.65728,64.52601],[10.6562,64.52639],[10.65424,64.52779],[10.65515,64.52868],[10.65675,64.52875],[10.65784,64.52837],[10.65847,64.52614]],[[10.829,64.53387],[10.82888,64.53465]],[[10.8521,64.53403],[10.85071,64.53388],[10.85099,64.53452],[10.84983,64.5347],[10.84987,64.5352],[10.85286,64.53519],[10.8521,64.53403]],[[10.92864,64.53651],[10.92576,64.53649],[10.9256,64.53754],[10.92846,64.53727],[10.92864,64.53651]],[[10.81051,64.53434],[10.81169,64.53267],[10.81374,64.53217],[10.81509,64.53133],[10.81667,64.52879]],[[10.68298,64.53045],[10.68276,64.52968],[10.68414,64.52932],[10.68087,64.5288],[10.67974,64.53042],[10.6814,64.53028],[10.68261,64.53073],[10.68298,64.53045]],[[10.82888,64.53465],[10.83031,64.536],[10.83285,64.53572],[10.83419,64.53473],[10.83309,64.53467],[10.832,64.53529],[10.83079,64.53448],[10.83143,64.53352],[10.829,64.53387]],[[10.668,64.53028],[10.66508,64.5299],[10.66398,64.52879],[10.66302,64.52942],[10.65966,64.52872],[10.65864,64.52888],[10.65931,64.53023],[10.6621,64.53057],[10.6621,64.53114],[10.66459,64.53225],[10.66534,64.5322],[10.668,64.53028]],[[10.67005,64.53118],[10.66793,64.53128],[10.66601,64.53247],[10.66633,64.53289],[10.66845,64.5332],[10.67003,64.53198],[10.67005,64.53118]],[[10.72421,64.53637],[10.7268,64.53464],[10.72681,64.53248],[10.72952,64.52932],[10.72907,64.52833],[10.72686,64.52747],[10.72793,64.52638],[10.7303,64.52566],[10.73295,64.5275],[10.73548,64.52785],[10.73835,64.52614],[10.74046,64.52646],[10.74111,64.52592],[10.7397,64.52541],[10.74317,64.5231],[10.74452,64.52137],[10.74638,64.52104],[10.74914,64.52191],[10.75237,64.52118],[10.75437,64.51853],[10.75738,64.51613],[10.75445,64.51458],[10.74762,64.51309],[10.74411,64.51182],[10.74226,64.51178],[10.74004,64.51246],[10.736,64.51208],[10.73363,64.5123],[10.73098,64.51356],[10.72773,64.51389]],[[10.85526,64.53795],[10.85402,64.53771],[10.85442,64.53874],[10.85356,64.53942],[10.85488,64.5402],[10.85601,64.53954],[10.8562,64.53832],[10.85526,64.53795]],[[10.7129,64.53633],[10.71124,64.53747],[10.71485,64.53927],[10.71581,64.53928],[10.71635,64.53775],[10.7129,64.53633]],[[10.68098,64.53712],[10.67669,64.53755],[10.67655,64.53813],[10.67866,64.53862],[10.68098,64.53712]],[[10.82654,64.51431],[10.82245,64.51439],[10.82033,64.51334],[10.81875,64.51327],[10.81289,64.51488],[10.80762,64.51474],[10.80722,64.51532],[10.79964,64.51651],[10.79408,64.5166],[10.78377,64.51771],[10.78013,64.5183],[10.77966,64.51869],[10.7797,64.52099],[10.78217,64.52066],[10.78545,64.52088],[10.78747,64.51959],[10.78949,64.51983],[10.79035,64.52044],[10.78924,64.52166],[10.79018,64.52235],[10.78998,64.52353],[10.79168,64.524],[10.79233,64.52505],[10.78575,64.52654],[10.78413,64.52754],[10.77785,64.52827],[10.77504,64.52907],[10.7732,64.53155],[10.77343,64.53256],[10.77443,64.53332],[10.77712,64.5336],[10.78256,64.53305],[10.78605,64.53604],[10.78959,64.53736],[10.79335,64.53762],[10.79074,64.53886],[10.79031,64.53967],[10.79182,64.54002],[10.79215,64.54109],[10.78903,64.54246],[10.78922,64.54388],[10.79171,64.54357],[10.79477,64.5413],[10.79694,64.54078],[10.79651,64.53972],[10.7973,64.53903],[10.79954,64.53903],[10.79754,64.53987],[10.79812,64.5401],[10.80344,64.53773],[10.8053,64.53746],[10.80921,64.53595],[10.81051,64.53434]],[[10.72387,64.5385],[10.72034,64.54074],[10.72072,64.54212],[10.72318,64.54296]],[[10.72773,64.51389],[10.72053,64.51422],[10.71609,64.51301],[10.71427,64.51311],[10.71185,64.51473],[10.70752,64.51475],[10.70306,64.51425],[10.69995,64.51458],[10.69994,64.51532],[10.70419,64.51639],[10.70326,64.51665],[10.69982,64.51635],[10.69839,64.51715],[10.69492,64.51736],[10.69524,64.51878],[10.69023,64.51971],[10.68621,64.52182],[10.68365,64.52453],[10.68443,64.52529],[10.68719,64.52598],[10.68581,64.5261],[10.68023,64.52507],[10.67719,64.52749],[10.67724,64.52814],[10.67957,64.52897],[10.6749,64.52942],[10.67428,64.53017],[10.67598,64.53134],[10.67235,64.53168],[10.67171,64.53279],[10.67293,64.53329],[10.67645,64.53247],[10.6773,64.53287],[10.67896,64.53274],[10.67894,64.53187],[10.67684,64.53225],[10.67728,64.53132],[10.67959,64.53058],[10.6798,64.53136],[10.68214,64.53174],[10.68224,64.5324],[10.68169,64.53275],[10.67961,64.53287],[10.67871,64.53452],[10.68078,64.53577],[10.68296,64.5357],[10.68359,64.53611],[10.68688,64.53632],[10.68735,64.53523],[10.68442,64.53537],[10.68405,64.53513],[10.68987,64.5325],[10.6912,64.53053],[10.69311,64.53014],[10.69453,64.53163],[10.69567,64.53179],[10.69697,64.53069],[10.69703,64.53],[10.69534,64.52925],[10.69411,64.52918],[10.69344,64.5276],[10.698,64.52616],[10.69889,64.52481],[10.6984,64.52399],[10.70216,64.52273],[10.71032,64.519],[10.71074,64.51926],[10.70491,64.52352],[10.7056,64.5254],[10.70741,64.52596],[10.71262,64.52608],[10.71345,64.52665],[10.71342,64.52797],[10.71446,64.52821],[10.71762,64.52786],[10.71804,64.52846],[10.71712,64.52916],[10.72055,64.5305],[10.72233,64.53],[10.72315,64.52914],[10.72526,64.52965]],[[10.65106,64.53406],[10.65043,64.5344],[10.65467,64.53506],[10.65633,64.5358],[10.65713,64.53571],[10.65512,64.53463],[10.65106,64.53406]],[[10.72485,64.53225],[10.72208,64.53252],[10.72099,64.53318],[10.72154,64.53407],[10.72093,64.5344],[10.71586,64.53377],[10.71349,64.53441],[10.71633,64.53539],[10.7193,64.53583],[10.72072,64.53653],[10.72074,64.53704],[10.71854,64.53704],[10.71881,64.53851],[10.72162,64.53828],[10.72421,64.53637]],[[10.85419,64.5406],[10.85367,64.54036],[10.85166,64.54066],[10.85013,64.54135],[10.84993,64.54237],[10.8542,64.54223],[10.85482,64.54127],[10.85419,64.5406]],[[10.66248,64.53661],[10.65944,64.53656],[10.65924,64.53687],[10.66352,64.53823],[10.66591,64.53789],[10.66602,64.53748],[10.66248,64.53661]],[[10.70964,64.53771],[10.70667,64.5389],[10.70754,64.53998],[10.70997,64.53965],[10.70964,64.53771]],[[10.72318,64.54296],[10.72425,64.54234],[10.72359,64.54112],[10.72418,64.53986],[10.72532,64.53985],[10.72584,64.53879],[10.72491,64.53826],[10.72387,64.5385]],[[10.79106,64.54479],[10.78928,64.54499],[10.7881,64.54586],[10.78947,64.5465],[10.79161,64.54554],[10.79106,64.54479]],[[10.66496,64.54148],[10.66159,64.541],[10.66107,64.54129],[10.66715,64.54289],[10.66496,64.54148]],[[10.71704,64.54408],[10.71539,64.54396],[10.71538,64.54602],[10.7172,64.54514],[10.71704,64.54408]],[[10.67771,64.54403],[10.67636,64.54343],[10.67438,64.5436],[10.67246,64.54097],[10.67264,64.54022],[10.66819,64.54001],[10.66692,64.54125],[10.66783,64.5424],[10.67165,64.54424],[10.67414,64.54483],[10.67687,64.54468],[10.67771,64.54403]],[[10.95164,64.55395],[10.95295,64.55207],[10.95631,64.54968],[10.95649,64.54798],[10.95853,64.54846],[10.9637,64.5476],[10.96469,64.54574],[10.96445,64.54421],[10.96345,64.54357],[10.96209,64.54339],[10.96223,64.54217],[10.96564,64.54086],[10.96685,64.53959],[10.97034,64.54023],[10.97492,64.53866],[10.97636,64.53641]],[[10.87291,64.55189],[10.8752,64.55159],[10.8765,64.5508],[10.8809,64.55131],[10.88097,64.55057],[10.88245,64.54987],[10.8887,64.54905],[10.89506,64.54688],[10.89822,64.54518],[10.89931,64.54322],[10.89874,64.54212],[10.8966,64.54257],[10.88617,64.54256],[10.88185,64.54353],[10.87902,64.54346],[10.87765,64.54412],[10.87547,64.5481],[10.87383,64.54862],[10.87101,64.54834],[10.87212,64.55021],[10.87013,64.55097],[10.86677,64.55053],[10.86404,64.54874],[10.86193,64.54943],[10.86139,64.55063],[10.86296,64.5516],[10.87291,64.55189]],[[10.81477,64.54781],[10.81154,64.54839],[10.81255,64.5489],[10.81256,64.55042],[10.81442,64.54951],[10.81477,64.54781]],[[10.6674,64.54643],[10.66485,64.54491],[10.66373,64.54464],[10.66346,64.54502],[10.66103,64.54443],[10.66047,64.54538],[10.66265,64.54629]],[[10.67331,64.5466],[10.67154,64.54655]],[[10.6753,64.54666],[10.67492,64.54615],[10.67334,64.54604],[10.67333,64.54534],[10.66986,64.54384],[10.66566,64.54361],[10.66134,64.5424],[10.66006,64.54257],[10.66008,64.54318],[10.66667,64.54498],[10.66913,64.54648]],[[10.67809,64.54674],[10.6769,64.54671]],[[10.76865,64.56228],[10.76977,64.56073],[10.76751,64.56015],[10.7659,64.56014],[10.76317,64.56099],[10.76067,64.5607],[10.75914,64.5614],[10.76154,64.56197],[10.76455,64.56193],[10.76439,64.5626],[10.76865,64.56228]],[[10.7072,64.5476],[10.70571,64.54641],[10.70535,64.54524],[10.70404,64.54472],[10.70488,64.54244],[10.70406,64.54143],[10.70318,64.53556],[10.70187,64.53531],[10.69992,64.53557],[10.69758,64.53508],[10.69513,64.53515],[10.69407,64.53609],[10.69536,64.53744],[10.68765,64.53771],[10.6865,64.53694],[10.68479,64.53697],[10.68093,64.53804],[10.67975,64.53924],[10.68421,64.54135],[10.68867,64.54273],[10.69027,64.54264],[10.69102,64.54151],[10.69406,64.54322],[10.69922,64.54419],[10.69144,64.54383],[10.68637,64.54296],[10.68602,64.54234],[10.6843,64.54189],[10.67624,64.54091],[10.67498,64.54163],[10.67492,64.54261],[10.67654,64.54329],[10.67856,64.54326],[10.67948,64.54375],[10.67752,64.54437],[10.67651,64.54529],[10.67887,64.54597],[10.67977,64.54679]],[[10.91095,64.5534],[10.91735,64.55206],[10.92273,64.54981],[10.9276,64.54861],[10.93117,64.54517],[10.92964,64.54364],[10.92898,64.5437],[10.92884,64.54449],[10.92722,64.5447],[10.92554,64.54459],[10.92294,64.54346],[10.92191,64.54342],[10.91065,64.54624],[10.90912,64.54714],[10.90445,64.54685],[10.8979,64.54774],[10.89295,64.55001],[10.89109,64.55284]],[[10.95006,64.55448],[10.95164,64.55395]],[[10.66913,64.54648],[10.67154,64.54655]],[[10.67809,64.54674],[10.67939,64.54709],[10.67977,64.54679]],[[10.6674,64.54643],[10.66873,64.54713],[10.6716,64.54735],[10.67331,64.5466]],[[10.71412,64.5478],[10.71517,64.54864],[10.71717,64.54909],[10.71834,64.54874],[10.71719,64.54789]],[[10.66265,64.54629],[10.66209,64.54687],[10.66344,64.54752],[10.66806,64.54869],[10.66923,64.54851],[10.67326,64.55027],[10.67542,64.54759],[10.6753,64.54666]],[[10.71666,64.54945],[10.71538,64.5493],[10.71406,64.55025],[10.71531,64.55158],[10.71738,64.55037],[10.71666,64.54945]],[[10.6769,64.54671],[10.67637,64.54696],[10.67822,64.54918],[10.68022,64.55019],[10.67964,64.55075],[10.68076,64.55152],[10.68405,64.55159],[10.68847,64.55016],[10.69138,64.55002],[10.69172,64.55084],[10.69602,64.55208],[10.69694,64.55197],[10.6963,64.5514],[10.69728,64.55112],[10.69783,64.55178],[10.69911,64.55201],[10.70193,64.55145],[10.70671,64.55157],[10.70685,64.55024],[10.7092,64.5513],[10.70985,64.55031],[10.70866,64.54969],[10.70886,64.54858],[10.7072,64.5476]],[[10.89109,64.55284],[10.89012,64.55433],[10.8885,64.5549],[10.88876,64.55614],[10.88746,64.55742],[10.88833,64.55856],[10.88999,64.5591],[10.8916,64.5584],[10.8934,64.55854],[10.89593,64.56035],[10.89847,64.56072],[10.90199,64.55972],[10.90431,64.56035],[10.90691,64.55956],[10.90777,64.55834],[10.90597,64.55645],[10.90615,64.5546],[10.90811,64.55372],[10.91095,64.5534]],[[10.70732,64.5566],[10.70777,64.55569],[10.7058,64.55527],[10.702,64.55506],[10.70005,64.5558],[10.7011,64.55631],[10.70294,64.55606],[10.70383,64.55656],[10.70512,64.55629],[10.70602,64.55635],[10.70634,64.55686],[10.70732,64.5566]],[[10.77804,64.55141],[10.77507,64.55132],[10.77448,64.55188],[10.76922,64.55325],[10.767,64.55631],[10.76473,64.55719],[10.76448,64.55855],[10.76517,64.55933],[10.76903,64.55989],[10.77257,64.55776],[10.77628,64.55627],[10.77804,64.55141]],[[10.69852,64.55758],[10.69641,64.55751],[10.69608,64.55802],[10.69711,64.55868],[10.69902,64.55837],[10.69935,64.5579],[10.69852,64.55758]],[[10.84461,64.5612],[10.84221,64.56123],[10.84154,64.56185],[10.84121,64.56261],[10.84298,64.56361],[10.84514,64.56194],[10.84461,64.5612]],[[10.99628,64.60068],[10.99396,64.59955],[10.99141,64.60054]],[[10.87417,64.56392],[10.87516,64.56398],[10.87715,64.56516],[10.87999,64.5646],[10.88059,64.56239],[10.88159,64.56151],[10.87954,64.55934],[10.87758,64.55967],[10.87569,64.5618],[10.87424,64.56235],[10.87191,64.56202],[10.87054,64.56233],[10.86954,64.56323],[10.87026,64.56409],[10.87272,64.56524],[10.87417,64.56392]],[[10.8631,64.56335],[10.86733,64.56013],[10.86792,64.5588],[10.86622,64.55761],[10.86433,64.55727],[10.86533,64.5582],[10.86225,64.55842],[10.86102,64.55824],[10.86104,64.5575],[10.85908,64.55756],[10.85547,64.55937],[10.85512,64.55871],[10.8563,64.55765],[10.85419,64.55655],[10.85328,64.55635],[10.85033,64.55684],[10.84991,64.55735],[10.85267,64.55793],[10.85012,64.55893],[10.85028,64.55942],[10.85549,64.56196],[10.85376,64.56259],[10.85274,64.56183],[10.85062,64.56171],[10.84815,64.56255],[10.84759,64.56329],[10.85305,64.56625],[10.85275,64.56701],[10.85405,64.56779],[10.8564,64.56741],[10.85728,64.56553],[10.85993,64.56396],[10.8631,64.56335]],[[10.92798,64.57008],[10.93431,64.5706]],[[10.93431,64.5706],[10.93694,64.57067],[10.93768,64.57031],[10.9374,64.56761],[10.93951,64.56443],[10.9405,64.56356],[10.94393,64.56259],[10.94335,64.56191],[10.94082,64.5614],[10.94089,64.55907],[10.94398,64.55811],[10.94532,64.55582],[10.95006,64.55448]],[[10.76611,64.56611],[10.76924,64.56432],[10.7691,64.5629],[10.76656,64.56315],[10.75516,64.56267],[10.75534,64.56357],[10.75733,64.56482],[10.76082,64.56568],[10.76223,64.56573],[10.76409,64.56524],[10.7648,64.56647],[10.76611,64.56611]],[[10.92798,64.57008],[10.91968,64.57021],[10.9124,64.57226],[10.90912,64.57393]],[[10.79644,64.56348],[10.79548,64.56329],[10.7932,64.56424],[10.78502,64.5688],[10.78517,64.56917],[10.78826,64.57003],[10.78817,64.57097],[10.7919,64.56976],[10.7948,64.56715],[10.79644,64.56348]],[[10.81397,64.58161],[10.81151,64.58144],[10.81089,64.58215],[10.81192,64.58285],[10.81401,64.58327],[10.8148,64.58228],[10.81397,64.58161]],[[10.84804,64.57317],[10.84971,64.57214],[10.84896,64.57087],[10.8465,64.56746],[10.84502,64.5664],[10.84279,64.56567],[10.84235,64.56467],[10.83609,64.56358],[10.83469,64.56385],[10.83421,64.56518],[10.8335,64.56532],[10.8302,64.56423],[10.8273,64.56393],[10.82453,64.56307]],[[10.81656,64.57403],[10.81685,64.57404]],[[10.84526,64.57698],[10.84572,64.57419],[10.84804,64.57317]],[[10.82453,64.56307],[10.82112,64.56257],[10.81899,64.56335],[10.81497,64.56349],[10.81238,64.56116],[10.81016,64.56135],[10.80866,64.56168],[10.80884,64.56225],[10.80481,64.56256],[10.80423,64.56332],[10.80458,64.56379],[10.80903,64.56422],[10.80919,64.56463],[10.80286,64.56528],[10.79946,64.56664],[10.79827,64.56659],[10.79725,64.5659],[10.79607,64.56725],[10.79583,64.56817],[10.79712,64.56864],[10.79577,64.56923],[10.79456,64.57123],[10.79522,64.57308],[10.79728,64.57361],[10.79925,64.57318],[10.80244,64.57323],[10.80225,64.57358],[10.80074,64.57355],[10.79967,64.57393],[10.80105,64.57591],[10.80219,64.57591],[10.80466,64.57474],[10.80566,64.57541],[10.80584,64.5765],[10.80866,64.57539],[10.80958,64.57622],[10.8115,64.57608],[10.81327,64.5757],[10.81656,64.57403]],[[10.90743,64.58361],[10.90418,64.58345],[10.90271,64.58376],[10.90317,64.58572],[10.9114,64.58605],[10.91114,64.58481],[10.90743,64.58361]],[[10.8695,64.57743],[10.87097,64.57592],[10.87306,64.57586],[10.87392,64.57534],[10.87346,64.56846],[10.86968,64.56714],[10.86263,64.56652],[10.86159,64.56713],[10.86185,64.56862],[10.85951,64.56909],[10.85964,64.56969],[10.86363,64.57152],[10.86314,64.57227],[10.86466,64.57366],[10.86865,64.57526],[10.86782,64.57631],[10.86376,64.57566],[10.86281,64.57857],[10.86455,64.57954],[10.86774,64.57922],[10.8695,64.57743]],[[10.81685,64.57404],[10.81779,64.57504],[10.81626,64.57588],[10.81615,64.57677],[10.81918,64.57864],[10.82212,64.57875]],[[10.8237,64.57815],[10.82396,64.57748],[10.82502,64.57748],[10.82622,64.57883],[10.82973,64.58028]],[[10.82973,64.58028],[10.83203,64.58101],[10.83323,64.58219],[10.83572,64.58237],[10.83754,64.58202],[10.84333,64.58028],[10.84553,64.57849],[10.84526,64.57698]],[[10.80778,64.57978],[10.80656,64.57975],[10.80594,64.58058],[10.80767,64.58188],[10.80896,64.58055],[10.80778,64.57978]],[[10.91993,64.58426],[10.91857,64.5839],[10.91551,64.58389],[10.91324,64.58441],[10.91317,64.58501],[10.91389,64.58558],[10.91776,64.58545],[10.92024,64.5849],[10.91993,64.58426]],[[10.90912,64.57393],[10.90688,64.57583],[10.90659,64.57697],[10.90841,64.57963],[10.91332,64.58049],[10.91407,64.58132],[10.91656,64.58217],[10.9207,64.58256],[10.92197,64.58309],[10.9224,64.58498],[10.92561,64.58591]],[[10.82994,64.58296],[10.82745,64.58274],[10.82615,64.58322],[10.8298,64.58414],[10.831,64.58349],[10.82994,64.58296]],[[10.79305,64.58508],[10.79273,64.58441],[10.79126,64.58423],[10.7885,64.58471],[10.79,64.58539],[10.79343,64.58588],[10.79305,64.58508]],[[10.77936,64.57968],[10.77626,64.5798],[10.77798,64.5804],[10.77853,64.58085],[10.77797,64.58116],[10.77943,64.58225],[10.78341,64.58334],[10.78342,64.58443],[10.78687,64.58567],[10.78552,64.58349],[10.78103,64.58181],[10.7822,64.58087],[10.77936,64.57968]],[[10.8215,64.5828],[10.81924,64.58266],[10.81843,64.58352],[10.81865,64.58461],[10.82081,64.5862],[10.82086,64.58697]],[[10.8422,64.58792],[10.84234,64.58665],[10.83927,64.58738],[10.83943,64.5863],[10.8384,64.5849],[10.83327,64.58484],[10.83218,64.58649],[10.8341,64.58804],[10.83557,64.58826],[10.83756,64.58774],[10.83836,64.58851],[10.84082,64.58911],[10.8422,64.58792]],[[10.82086,64.58697],[10.82406,64.58932],[10.82522,64.58947],[10.82777,64.58821],[10.82955,64.58624],[10.82768,64.5844],[10.8215,64.5828]],[[10.80758,64.58823],[10.80798,64.5862],[10.81041,64.58597],[10.81116,64.58502],[10.80764,64.58417],[10.80699,64.58274],[10.80346,64.58067],[10.79686,64.57838],[10.79014,64.57755],[10.78492,64.57781],[10.78352,64.5791],[10.79198,64.58415],[10.79671,64.58517],[10.79838,64.58509],[10.79973,64.5856],[10.80126,64.5864],[10.8016,64.58779],[10.80449,64.58801],[10.80515,64.58843],[10.80502,64.58925],[10.80666,64.58914],[10.80758,64.58823]],[[10.99628,64.60068],[10.99622,64.6024],[10.99806,64.60072]],[[10.95184,64.59401],[10.95178,64.59323],[10.9457,64.59309],[10.94533,64.59232],[10.94363,64.59151],[10.94364,64.5902],[10.94733,64.58882],[10.94563,64.58789],[10.9376,64.58793],[10.93378,64.5889],[10.93183,64.58819],[10.92679,64.58788],[10.92561,64.58591]],[[10.79302,64.59251],[10.78955,64.59194],[10.7886,64.59218],[10.78899,64.59266],[10.79298,64.59347],[10.79536,64.59443],[10.79608,64.59377],[10.79302,64.59251]],[[10.7909,64.59496],[10.79033,64.59465],[10.78988,64.59493]],[[10.79247,64.595],[10.79145,64.59437],[10.78645,64.59343],[10.78618,64.59391],[10.78761,64.59486]],[[10.81393,64.59561],[10.81035,64.5952],[10.809,64.59547]],[[10.98725,64.60254],[10.99141,64.60054]],[[10.83164,64.59611],[10.83191,64.59309],[10.83106,64.59264],[10.82747,64.59308],[10.82717,64.59379],[10.8248,64.59375],[10.82506,64.59462],[10.8271,64.59532],[10.82685,64.59598]],[[10.84007,64.59635],[10.84025,64.59483],[10.83867,64.59263],[10.83587,64.59227],[10.83452,64.59233],[10.83327,64.59349],[10.83259,64.59614]],[[10.84716,64.59655],[10.84734,64.59486],[10.84566,64.59651]],[[10.89197,64.59781],[10.8909,64.59728],[10.88856,64.59753],[10.88494,64.59607],[10.87552,64.59502],[10.87267,64.5955],[10.87115,64.59723]],[[10.92166,64.59863],[10.92083,64.5977],[10.91954,64.59746],[10.91422,64.59843]],[[10.9517,64.59946],[10.95156,64.59809],[10.9481,64.59746],[10.95038,64.59559],[10.9488,64.59526],[10.94906,64.5947],[10.95181,64.59408]],[[10.99806,64.60072],[10.99549,64.59945],[10.99865,64.59737],[11.00206,64.5939]],[[11.00206,64.5939],[10.99842,64.59091],[10.99897,64.58973],[11.00182,64.58769]],[[11.00182,64.58769],[10.99992,64.58779],[10.9982,64.58648],[11.00065,64.58489]],[[10.83164,64.59611],[10.83204,64.5966],[10.83259,64.59614]],[[10.78761,64.59486],[10.78918,64.59538],[10.79006,64.59522],[10.78988,64.59493]],[[10.84566,64.59651],[10.84674,64.59738],[10.84716,64.59655]],[[10.91422,64.59843],[10.91379,64.59906],[10.91517,64.60007],[10.92073,64.59948],[10.92166,64.59863]],[[10.7909,64.59496],[10.79131,64.59652],[10.79315,64.59729],[10.79403,64.59698],[10.79329,64.59635],[10.79652,64.5961],[10.79692,64.59569],[10.79247,64.595]],[[10.80588,64.59538],[10.80537,64.59612],[10.80904,64.59686],[10.81116,64.59682],[10.81354,64.5959],[10.81346,64.59694],[10.81427,64.59739],[10.81563,64.59723],[10.81482,64.59834],[10.8159,64.59853],[10.81715,64.59745],[10.81712,64.59665],[10.81393,64.59561]],[[10.82685,64.59598],[10.82906,64.59759],[10.83216,64.59723],[10.83212,64.59854],[10.83689,64.59994],[10.83769,64.59983],[10.83979,64.59798],[10.84007,64.59635]],[[10.84613,64.59909],[10.84429,64.59886],[10.84307,64.59961],[10.84471,64.60054],[10.84657,64.60013],[10.84613,64.59909]],[[10.92316,64.60225],[10.92038,64.60446],[10.92273,64.60509]],[[10.92273,64.60509],[10.92608,64.60498],[10.93096,64.60553],[10.9325,64.6052],[10.93729,64.60146],[10.93792,64.5998],[10.93682,64.59924],[10.92888,64.59962],[10.92482,64.60098],[10.92316,64.60225]],[[10.80897,64.60223],[10.80446,64.59815],[10.80303,64.59846],[10.80395,64.59938],[10.80353,64.59994],[10.79969,64.59702],[10.79966,64.59629],[10.79575,64.59672],[10.79632,64.59767],[10.80045,64.59887],[10.80117,64.59996],[10.8058,64.60204],[10.80851,64.60248],[10.80897,64.60223]],[[10.9517,64.59946],[10.9509,64.59995],[10.95144,64.60169],[10.95339,64.60129],[10.95842,64.60176],[10.95794,64.60222],[10.95608,64.60229],[10.95476,64.60312],[10.95761,64.60345],[10.9578,64.60513],[10.95903,64.60521],[10.96066,64.60357],[10.96282,64.604],[10.96544,64.60375],[10.96563,64.60426],[10.96373,64.60492],[10.96455,64.60623],[10.96679,64.60603],[10.96731,64.60673],[10.96885,64.60704],[10.97565,64.60651],[10.97784,64.60607],[10.97954,64.60504],[10.98473,64.60459],[10.98725,64.60254]],[[10.86463,64.59831],[10.86197,64.59848],[10.86229,64.59909],[10.86517,64.59958],[10.86229,64.60005],[10.86166,64.60049],[10.8629,64.60388],[10.86374,64.6042],[10.86513,64.60383],[10.866,64.60294],[10.86932,64.60243],[10.8699,64.59993],[10.86463,64.59831]],[[10.95212,64.607],[10.95181,64.60672],[10.9478,64.60678],[10.9466,64.60724],[10.94799,64.6084],[10.95212,64.607]],[[10.81881,64.60032],[10.81654,64.59977],[10.81489,64.60008],[10.81466,64.59965],[10.80922,64.59861],[10.80767,64.59886],[10.80778,64.59979],[10.80988,64.60022],[10.80911,64.60104],[10.81006,64.60308],[10.81437,64.60418],[10.81436,64.60085],[10.815,64.60071],[10.81785,64.60374],[10.81583,64.60396],[10.81553,64.60437],[10.81639,64.60494],[10.81807,64.60508]],[[10.919,64.60833],[10.91972,64.60798],[10.92122,64.60836],[10.92216,64.60813],[10.91937,64.60699],[10.91745,64.60698],[10.91727,64.60832],[10.919,64.60833]],[[10.818,64.60553],[10.81943,64.60548],[10.81807,64.60508]],[[10.95244,64.60939],[10.9562,64.60957],[10.95498,64.60861],[10.95643,64.60714],[10.95306,64.60758],[10.95064,64.60931],[10.95117,64.60967],[10.95244,64.60939]],[[10.84244,64.6053],[10.83956,64.60499],[10.83895,64.60556],[10.84405,64.60671],[10.8446,64.60594],[10.84244,64.6053]],[[10.85103,64.60506],[10.8498,64.60363],[10.8479,64.60325],[10.84521,64.60173],[10.84352,64.60154],[10.84308,64.60222],[10.84602,64.60514],[10.84785,64.60585],[10.84832,64.60491],[10.84902,64.60486],[10.84983,64.60546],[10.84939,64.60684],[10.85062,64.60715],[10.85157,64.60614],[10.85103,64.60506]],[[10.81424,64.60497],[10.81059,64.60445],[10.8098,64.60473],[10.81399,64.60623],[10.81511,64.60579],[10.81424,64.60497]],[[10.818,64.60553],[10.81644,64.60547],[10.81578,64.60589],[10.816,64.60628],[10.81785,64.6065]],[[10.90678,64.60528],[10.90738,64.6037],[10.9067,64.60307],[10.90527,64.60294],[10.90436,64.60347],[10.90538,64.60482],[10.90348,64.60448],[10.90218,64.60509],[10.90011,64.60874],[10.90045,64.60954],[10.90833,64.6075],[10.90678,64.60528]],[[10.92218,64.60876],[10.91801,64.60866],[10.91742,64.60923],[10.91775,64.60971],[10.91983,64.60978],[10.92192,64.61053]],[[10.86691,64.60812],[10.86951,64.60878],[10.86914,64.60764],[10.8677,64.60731],[10.86715,64.60564],[10.86258,64.60531],[10.86114,64.60592],[10.85907,64.6079],[10.85939,64.6086],[10.86637,64.60943],[10.86691,64.60812]],[[10.81785,64.6065],[10.82116,64.60702],[10.82186,64.608],[10.82867,64.60876],[10.82968,64.60853],[10.82859,64.60793],[10.83036,64.6078],[10.83112,64.60708],[10.831,64.60642],[10.82953,64.60555],[10.83089,64.60377],[10.8296,64.60261],[10.83014,64.60223],[10.82949,64.60115],[10.82821,64.60044],[10.82232,64.5984],[10.82207,64.59886],[10.82352,64.59972],[10.82402,64.60106],[10.82732,64.60228],[10.82577,64.60219],[10.81881,64.60032]],[[10.92192,64.61053],[10.92509,64.61171],[10.92681,64.61175],[10.92747,64.61035],[10.92676,64.60941],[10.9279,64.60947],[10.92902,64.61049],[10.92975,64.61049],[10.93063,64.60867],[10.92927,64.60787],[10.93197,64.60727],[10.933,64.60631],[10.92461,64.60652],[10.92356,64.60725],[10.92485,64.60843],[10.92616,64.60834],[10.92623,64.60885],[10.92547,64.60912],[10.92218,64.60876]],[[10.92143,64.61378],[10.92304,64.61276],[10.9216,64.61266]],[[10.92143,64.61378],[10.91712,64.61337],[10.91766,64.614],[10.92134,64.61437]],[[10.92134,64.61437],[10.92462,64.61443],[10.92599,64.61341],[10.9244,64.61209],[10.92164,64.6124]],[[10.87475,64.61174],[10.87394,64.61143],[10.87291,64.6117],[10.87275,64.61273],[10.87373,64.61337],[10.87485,64.61342],[10.87674,64.61274],[10.87475,64.61174]],[[10.87115,64.59723],[10.8705,64.60055],[10.87451,64.60045],[10.87171,64.60226],[10.87108,64.60456],[10.87212,64.60527],[10.87095,64.60571],[10.86942,64.60512],[10.86914,64.6059],[10.87058,64.60717],[10.87303,64.60821],[10.87464,64.60857],[10.87645,64.60843],[10.87712,64.60971],[10.87663,64.60993],[10.87587,64.60956],[10.8732,64.60962],[10.87178,64.60864],[10.86998,64.60972],[10.87172,64.61049],[10.8736,64.61021],[10.87474,64.61114],[10.87617,64.61084],[10.87772,64.61263],[10.87991,64.61119],[10.8788,64.61076],[10.87934,64.61013],[10.88254,64.60976],[10.8842,64.60998],[10.88461,64.60836],[10.88551,64.60808],[10.88673,64.60998],[10.88903,64.60967],[10.88837,64.61063],[10.88725,64.61077],[10.8859,64.61296],[10.8858,64.61351],[10.88694,64.61393],[10.89605,64.60768],[10.89958,64.60597],[10.89835,64.60504],[10.89529,64.60592],[10.89389,64.60467],[10.89904,64.5996],[10.89736,64.59904],[10.89339,64.59901],[10.89197,64.59781]],[[10.86567,64.61328],[10.86505,64.61297],[10.8642,64.61316],[10.86421,64.61287],[10.86736,64.61147],[10.86707,64.6111],[10.86443,64.61106],[10.86335,64.61179],[10.8627,64.61159],[10.86067,64.61217],[10.86089,64.61277],[10.86269,64.61362],[10.86534,64.61356],[10.86567,64.61328]],[[10.75551,64.79498],[10.7535,64.79526],[10.75328,64.79653],[10.75489,64.79629],[10.75551,64.79498]],[[10.46335,64.39803],[10.4605,64.39819],[10.45971,64.39878],[10.46019,64.39925],[10.46333,64.39839],[10.46335,64.39803]],[[10.63571,64.41065],[10.63574,64.4107]],[[10.0524,64.03233],[10.05241,64.03365]],[[10.01932,64.06631],[10.02008,64.06585],[10.02147,64.06577],[10.02607,64.0636],[10.02966,64.0631],[10.0328,64.06138]],[[10.17409,64.10352],[10.17137,64.10398]],[[10.20525,64.13673],[10.20599,64.13683]],[[10.06302,64.14985],[10.06209,64.1493],[10.06093,64.14947],[10.06134,64.15019],[10.06291,64.15049]],[[10.06291,64.15049],[10.06408,64.15097],[10.06472,64.15022],[10.06302,64.14985]],[[10.03066,64.14908],[10.02776,64.14951],[10.02863,64.15036],[10.03095,64.14947],[10.03066,64.14908]],[[10.35889,64.17734],[10.35677,64.17687],[10.35619,64.17725]],[[10.35534,64.17723],[10.35619,64.17725]],[[10.19958,64.19785],[10.20174,64.19819],[10.20186,64.19868]],[[10.07152,64.20148],[10.07125,64.20088],[10.06799,64.20111],[10.06684,64.20254],[10.06793,64.20276],[10.07014,64.20235],[10.07152,64.20148]],[[10.06954,64.20549],[10.068,64.20583],[10.06799,64.20709],[10.0695,64.20675],[10.06954,64.20549]],[[10.10732,64.21407],[10.10594,64.21403]],[[10.2539,64.21892],[10.25735,64.2181]],[[10.27285,64.23557],[10.27071,64.2356],[10.27017,64.23611],[10.27333,64.23656],[10.27373,64.2358],[10.27285,64.23557]],[[10.42588,64.25702],[10.42672,64.25609]],[[10.42588,64.25702],[10.42221,64.25939]],[[10.34621,64.26686],[10.35233,64.26725]],[[10.35233,64.26725],[10.35297,64.26707]],[[10.39288,64.26959],[10.3928,64.26833]],[[10.43842,64.28833],[10.43666,64.28704]],[[10.235,64.28893],[10.23353,64.28825],[10.22969,64.28769],[10.23082,64.28864],[10.23334,64.28881],[10.23456,64.2893],[10.235,64.28893]],[[10.50174,64.30255],[10.50377,64.30226],[10.50241,64.30179]],[[10.44931,64.30626],[10.44836,64.30672],[10.44918,64.30705]],[[10.46115,64.31543],[10.46131,64.31688]],[[10.44622,64.32496],[10.44877,64.32426]],[[10.54117,64.33579],[10.54825,64.33484]],[[10.5106,64.33645],[10.51263,64.33633]],[[10.34176,64.34163],[10.34036,64.34167],[10.34046,64.34221],[10.34345,64.34302],[10.3437,64.3424],[10.34176,64.34163]],[[10.62981,64.36499],[10.63327,64.36386]],[[10.5866,64.36431],[10.58667,64.36423]],[[10.65494,64.36627],[10.65591,64.3663]],[[10.62654,64.3709],[10.63017,64.37117]],[[10.40307,64.36624],[10.40034,64.36607],[10.40272,64.3672],[10.405,64.36722],[10.40307,64.36624]],[[10.6838,64.41228],[10.68468,64.41231]],[[10.67484,64.41771],[10.67609,64.4172],[10.67711,64.41595]],[[10.67289,64.41836],[10.67484,64.41771]],[[10.41228,64.41055],[10.41375,64.41047],[10.41473,64.40993],[10.41236,64.40983],[10.41058,64.4112],[10.41253,64.41094],[10.41228,64.41055]],[[10.62359,64.4185],[10.62153,64.41828]],[[10.73237,64.45844],[10.7341,64.46059]],[[10.7766,64.47349],[10.77766,64.47395],[10.77475,64.47488]],[[10.83708,64.48091],[10.83724,64.47985]],[[10.77424,64.49261],[10.77493,64.49278],[10.77473,64.49423],[10.77658,64.49532]],[[10.70152,64.48224],[10.70323,64.48221],[10.70372,64.4817],[10.7026,64.48058],[10.70133,64.48073],[10.70152,64.48224]],[[10.76919,64.48853],[10.76966,64.48899]],[[10.65182,64.48888],[10.64967,64.48899],[10.64907,64.48945],[10.64977,64.48972],[10.65365,64.48947],[10.65182,64.48888]],[[10.8935,64.49976],[10.89319,64.49994]],[[10.73029,64.49753],[10.73033,64.49729]],[[10.73029,64.49753],[10.73025,64.49778]],[[10.66301,64.49785],[10.65949,64.4979],[10.66526,64.49864],[10.66301,64.49785]],[[10.69626,64.50233],[10.69358,64.50179],[10.6925,64.50222]],[[10.77594,64.50289],[10.77507,64.50462]],[[10.93604,64.50915],[10.93709,64.50897]],[[10.84136,64.50651],[10.84402,64.50658]],[[10.9639,64.50992],[10.96318,64.51092]],[[10.6925,64.50222],[10.69554,64.50344],[10.69694,64.50314],[10.69626,64.50233]],[[10.71719,64.54789],[10.71458,64.54737],[10.71412,64.5478]],[[10.87602,64.55945],[10.87346,64.55962],[10.87283,64.56048],[10.87343,64.56104],[10.8743,64.56095],[10.87602,64.55945]],[[10.63356,64.51532],[10.63289,64.51502],[10.6318,64.51525],[10.63072,64.51652],[10.63219,64.51728],[10.63355,64.51651],[10.63356,64.51532]],[[10.6708,64.51249],[10.66939,64.51229],[10.66731,64.51269],[10.66919,64.51394],[10.67122,64.51286],[10.6708,64.51249]],[[10.6277,64.51383],[10.62649,64.5139],[10.62617,64.51489],[10.62744,64.51537],[10.62893,64.51537],[10.6277,64.51383]],[[10.86623,64.52581],[10.8671,64.52585]],[[10.64946,64.51803],[10.64839,64.51802],[10.6478,64.51955],[10.64927,64.52073],[10.64946,64.51803]],[[10.84905,64.52585],[10.84715,64.52583],[10.84423,64.52762],[10.8486,64.52654],[10.84905,64.52585]],[[10.633,64.52208],[10.63256,64.52165],[10.6286,64.52115],[10.62928,64.52182],[10.63162,64.52208],[10.63229,64.52288],[10.633,64.52208]],[[10.9768,64.53342],[10.97668,64.53126]],[[10.66881,64.52834],[10.66771,64.52814],[10.66693,64.52899],[10.66958,64.52926],[10.67015,64.52847],[10.66881,64.52834]],[[10.66245,64.53247],[10.661,64.53192],[10.66078,64.53126],[10.65903,64.53112],[10.65995,64.53183],[10.65905,64.53241],[10.66021,64.53296],[10.66245,64.53247]],[[10.65546,64.54297],[10.65484,64.543],[10.65531,64.54384],[10.65861,64.54514],[10.65952,64.54503],[10.65891,64.54409],[10.65761,64.54401],[10.65546,64.54297]],[[10.64756,64.53462],[10.64671,64.53459],[10.64604,64.53512],[10.64653,64.53572],[10.64956,64.53632],[10.64969,64.5359],[10.64756,64.53462]],[[10.78038,64.54047],[10.77879,64.54043],[10.77736,64.54177],[10.78045,64.54125],[10.78038,64.54047]],[[10.70804,64.54213],[10.70625,64.54186],[10.70661,64.54341],[10.70772,64.54337],[10.70854,64.54242],[10.70804,64.54213]],[[10.82212,64.57875],[10.8237,64.57815]],[[10.95184,64.59401],[10.95181,64.59408]],[[10.808,64.59544],[10.80753,64.59517],[10.80588,64.59538]],[[10.91984,64.60111],[10.91902,64.60108],[10.91507,64.60262],[10.915,64.60302],[10.9168,64.6029],[10.91882,64.60218],[10.91984,64.60111]],[[10.808,64.59544],[10.809,64.59547]],[[10.83632,64.60864],[10.83453,64.60756],[10.83367,64.60778],[10.83388,64.60885],[10.83514,64.60901],[10.83632,64.60864]],[[10.92164,64.6124],[10.9216,64.61266]],[[10.97606,64.79893],[10.97506,64.79902],[10.97453,64.80028],[10.97584,64.80072],[10.97699,64.79956],[10.97606,64.79893]],[[10.92548,64.68861],[10.92313,64.68855]],[[10.92313,64.68855],[10.92153,64.6891],[10.92296,64.69073],[10.92647,64.69123],[10.9272,64.69078],[10.93108,64.69044],[10.93049,64.68986],[10.92818,64.68969],[10.92548,64.68861]],[[10.85783,64.74787],[10.85578,64.74789],[10.85671,64.74905],[10.85763,64.74911],[10.85836,64.74865],[10.85783,64.74787]],[[10.77839,64.7454],[10.77621,64.7457],[10.77593,64.74613],[10.77748,64.74754],[10.77867,64.74781],[10.77839,64.7454]],[[10.87718,64.75025],[10.87592,64.7504],[10.8761,64.75101],[10.87812,64.75165],[10.87878,64.75088],[10.87718,64.75025]],[[10.80372,64.75076],[10.80193,64.75095],[10.80217,64.7517],[10.80543,64.75235],[10.80523,64.75156],[10.80372,64.75076]],[[10.83783,64.75261],[10.83637,64.75256],[10.83623,64.75299],[10.8394,64.75439],[10.83987,64.75377],[10.83783,64.75261]],[[10.79784,64.75423],[10.79595,64.75412],[10.79611,64.75544],[10.7983,64.75575],[10.79966,64.75493],[10.79784,64.75423]],[[10.81403,64.75843],[10.81557,64.75869],[10.81606,64.75841],[10.81319,64.75745],[10.81084,64.75849],[10.81392,64.75949],[10.81451,64.75899],[10.81403,64.75843]],[[10.91228,64.76164],[10.9105,64.76135],[10.90924,64.76166],[10.90982,64.76213],[10.91327,64.7628],[10.91228,64.76164]],[[10.91285,64.76726],[10.91088,64.76732],[10.9105,64.76772],[10.9114,64.76842],[10.91356,64.76802],[10.91285,64.76726]],[[10.93627,64.77639],[10.93508,64.77631],[10.93403,64.7768],[10.93569,64.77794],[10.9367,64.77754],[10.93627,64.77639]],[[10.74822,64.80308],[10.74631,64.80307],[10.74565,64.80433]],[[10.54211,64.79835],[10.54335,64.79886],[10.54404,64.7984]],[[10.55056,64.79912],[10.54989,64.79858]],[[10.54989,64.79858],[10.5493,64.79693],[10.54811,64.7965],[10.54716,64.79657],[10.54606,64.7977],[10.54546,64.79656],[10.54307,64.79708],[10.54211,64.79835]],[[10.74902,64.80442],[10.74822,64.80308]],[[10.54404,64.7984],[10.54424,64.79841]],[[10.54424,64.79841],[10.54913,64.80215],[10.55016,64.80173],[10.55056,64.79912]],[[10.87923,64.87093],[10.88228,64.87188]],[[10.81189,64.80783],[10.81077,64.80784],[10.81034,64.80824],[10.81152,64.80935],[10.81313,64.80827],[10.81189,64.80783]],[[10.74565,64.80433],[10.74326,64.80461],[10.74229,64.80536],[10.74333,64.80605],[10.74205,64.80642],[10.74154,64.80719],[10.74401,64.80964],[10.74622,64.81012],[10.74869,64.80939],[10.74902,64.80442]],[[11.00087,64.81271],[10.99932,64.81277],[10.99897,64.81316],[11.00088,64.81386]],[[10.98399,64.82015],[10.98445,64.81914],[10.98284,64.81834],[10.98258,64.81709],[10.98015,64.81447],[10.97603,64.81609],[10.97642,64.81507],[10.97951,64.81317],[10.97977,64.81221],[10.97872,64.81152],[10.97522,64.81103],[10.97395,64.81186],[10.97592,64.8138],[10.9739,64.81377],[10.97263,64.81429],[10.97273,64.81603],[10.97408,64.81668],[10.97612,64.81644],[10.97721,64.81895],[10.97822,64.81925],[10.98196,64.81911],[10.98277,64.82004],[10.98399,64.82015]],[[10.72805,64.81257],[10.72569,64.81246],[10.72522,64.81307],[10.7289,64.81375],[10.72912,64.81309],[10.72805,64.81257]],[[10.54788,64.80719],[10.54675,64.80701],[10.54668,64.80568],[10.54432,64.80433],[10.54379,64.80291],[10.54142,64.80189],[10.54172,64.80081],[10.54305,64.80087],[10.54485,64.80222],[10.5462,64.80452],[10.54751,64.80522],[10.54942,64.80441],[10.54901,64.80339],[10.54512,64.80026],[10.5437,64.79972],[10.54128,64.79955],[10.54054,64.80015],[10.54153,64.80059],[10.53978,64.80183],[10.54206,64.80461],[10.54155,64.80695],[10.54233,64.81017],[10.54375,64.81034],[10.54486,64.80987],[10.54696,64.80731],[10.54788,64.80719]],[[10.98072,64.82008],[10.97879,64.82002],[10.97705,64.82145],[10.97873,64.82282],[10.981,64.8208],[10.98072,64.82008]],[[10.97766,64.82307],[10.97516,64.82176],[10.97559,64.82006],[10.97455,64.81892],[10.97275,64.81921],[10.97199,64.82003],[10.96745,64.81865],[10.96595,64.81868],[10.96593,64.82078],[10.96384,64.8185],[10.96221,64.81821],[10.95979,64.8189],[10.9606,64.82105],[10.96174,64.82173],[10.96487,64.82252],[10.96856,64.8224],[10.97075,64.82324],[10.9715,64.82433],[10.97265,64.82449],[10.97699,64.82368],[10.97766,64.82307]],[[10.65918,64.81587],[10.65254,64.81339],[10.64503,64.81215],[10.64271,64.81243],[10.6439,64.8141],[10.64157,64.81321],[10.63982,64.81352],[10.64145,64.81535]],[[10.70946,64.81734],[10.71108,64.81473],[10.71017,64.81423],[10.70754,64.81457],[10.70358,64.81596],[10.70315,64.81715]],[[10.73077,64.81795],[10.72993,64.81667],[10.73071,64.81492],[10.72808,64.81463],[10.72677,64.81537],[10.72643,64.81458],[10.7253,64.81415],[10.7158,64.81442],[10.71304,64.81519],[10.71054,64.81737]],[[10.98458,64.82504],[10.98434,64.82439],[10.98116,64.82372],[10.97936,64.82416],[10.98077,64.82493]],[[10.98077,64.82493],[10.98247,64.82639],[10.98401,64.82605],[10.98458,64.82504]],[[10.70315,64.81715],[10.70841,64.81996],[10.70946,64.81734]],[[10.99436,64.82905],[10.99164,64.82895],[10.99284,64.82622],[10.99162,64.82547],[10.9902,64.82536],[10.98889,64.8263],[10.99011,64.82714],[10.99001,64.82907],[10.99119,64.83021],[10.99414,64.83051]],[[10.99414,64.83051],[10.99671,64.83053],[10.99742,64.82999],[10.99726,64.82942],[10.99436,64.82905]],[[10.71054,64.81737],[10.70995,64.81908],[10.71132,64.81954],[10.71021,64.81963],[10.70941,64.82062],[10.70841,64.82086],[10.70208,64.81782],[10.7004,64.81775],[10.69913,64.81847],[10.69841,64.82007],[10.69931,64.82101],[10.70777,64.82229],[10.70847,64.82212],[10.70853,64.82092],[10.7096,64.82063],[10.7123,64.82242],[10.71352,64.8227],[10.72551,64.82314],[10.7294,64.82231],[10.73379,64.82056],[10.73264,64.8188],[10.73045,64.81863],[10.73077,64.81795]],[[10.64145,64.81535],[10.64257,64.81702],[10.64037,64.81756],[10.64122,64.81905],[10.64812,64.82081],[10.64925,64.82163],[10.65184,64.82182],[10.65506,64.82157],[10.65584,64.8209],[10.65001,64.82028],[10.65771,64.81989],[10.65999,64.81927],[10.65918,64.81587]],[[10.64194,64.82228],[10.64449,64.82203],[10.64575,64.82148],[10.6471,64.82178],[10.6482,64.8211],[10.64546,64.82021],[10.64066,64.81956],[10.63911,64.81809],[10.63769,64.81809],[10.63713,64.81839],[10.6394,64.82006],[10.64005,64.8216],[10.64194,64.82228]],[[10.90805,64.82942],[10.90406,64.82884],[10.90316,64.82904],[10.90506,64.82993],[10.90437,64.83023],[10.9051,64.83054],[10.90829,64.82998],[10.90805,64.82942]],[[10.99315,64.83721],[10.99505,64.83707],[10.99543,64.83554],[10.99366,64.83374]],[[10.89226,64.8341],[10.88924,64.83371],[10.88816,64.83439],[10.89272,64.83473],[10.89226,64.8341]],[[10.73084,64.85639],[10.7296,64.85595],[10.72709,64.85636],[10.72962,64.85822],[10.73138,64.8572],[10.73084,64.85639]],[[10.66331,64.82816],[10.66472,64.82704],[10.66344,64.82565],[10.66226,64.82608],[10.66252,64.82661],[10.66118,64.82649],[10.66238,64.8256],[10.66115,64.82389],[10.65608,64.8224],[10.65442,64.82228],[10.65331,64.82393],[10.65992,64.82645],[10.65632,64.82545],[10.65738,64.82702],[10.65904,64.82778],[10.66048,64.82753],[10.66205,64.82905],[10.6632,64.82873],[10.66331,64.82816]],[[10.99315,64.83721],[10.992,64.83819],[10.99298,64.8383]],[[10.91793,64.83524],[10.91826,64.83425],[10.91987,64.83396],[10.91893,64.83057],[10.91063,64.83062],[10.90949,64.831],[10.90937,64.83208],[10.90849,64.83238],[10.90804,64.83136],[10.90439,64.83181],[10.90419,64.83382],[10.90647,64.83556],[10.91291,64.83491],[10.91316,64.83517],[10.91174,64.83569],[10.91277,64.83649],[10.91793,64.83524]],[[10.72126,64.82874],[10.71999,64.82878],[10.7186,64.8299],[10.71971,64.83132],[10.72085,64.83129],[10.72235,64.83031],[10.72208,64.82901],[10.72126,64.82874]],[[10.99283,64.83931],[10.99364,64.83957],[10.9945,64.83897],[10.99418,64.83814],[10.99298,64.8383]],[[10.93196,64.83746],[10.93139,64.83273],[10.93059,64.8327],[10.92921,64.83348],[10.9291,64.8345],[10.92711,64.8345],[10.92515,64.83424],[10.9247,64.83232],[10.92331,64.83218],[10.92435,64.83465],[10.92527,64.83504],[10.92823,64.83526],[10.92915,64.83598],[10.92821,64.83667],[10.92868,64.83723],[10.92972,64.83716],[10.93129,64.838],[10.93196,64.83746]],[[10.93432,64.83486],[10.93279,64.83496],[10.93465,64.83644],[10.93395,64.83801],[10.93503,64.83826],[10.9359,64.83788],[10.93662,64.83629],[10.93432,64.83486]],[[10.73352,64.83061],[10.73201,64.83039],[10.7305,64.83117],[10.73136,64.8326],[10.73396,64.83106],[10.73352,64.83061]],[[10.7056,64.83177],[10.70716,64.82939],[10.70668,64.82781],[10.70735,64.82711],[10.70811,64.82754],[10.70913,64.82727],[10.70809,64.82705],[10.70711,64.82573],[10.70579,64.82553],[10.70377,64.82591],[10.70289,64.82648],[10.70462,64.8283],[10.70237,64.83083],[10.70363,64.83188],[10.7056,64.83177]],[[10.71817,64.83133],[10.71791,64.83102],[10.71791,64.83257],[10.71903,64.83208],[10.71817,64.83133]],[[10.92051,64.83673],[10.91792,64.83659],[10.91207,64.83766],[10.91358,64.83821],[10.91603,64.83746],[10.91941,64.83728],[10.92051,64.83673]],[[10.99283,64.83931],[10.9919,64.83907],[10.99156,64.83984],[10.99266,64.84046]],[[10.99256,64.84117],[10.99266,64.84046]],[[10.7569,64.83281],[10.75916,64.83256],[10.75778,64.83158],[10.75642,64.83131],[10.75568,64.83158],[10.75579,64.83234],[10.75355,64.83244],[10.7523,64.83379],[10.75256,64.83441],[10.75431,64.83514],[10.75609,64.83515],[10.75729,64.83399],[10.7569,64.83281]],[[10.9796,64.84284],[10.97922,64.84181],[10.97603,64.84058],[10.9716,64.83985],[10.97028,64.84023],[10.96734,64.83934],[10.96569,64.83972],[10.96608,64.84039],[10.96793,64.84079],[10.9687,64.84035],[10.97023,64.84036],[10.96913,64.84109],[10.97267,64.84228],[10.97441,64.84253],[10.97604,64.84214],[10.97732,64.84228],[10.97753,64.84277],[10.9796,64.84284]],[[10.72619,64.83427],[10.7237,64.83398],[10.72198,64.83535],[10.72277,64.83595],[10.72654,64.83492],[10.72619,64.83427]],[[10.99221,64.84353],[10.99358,64.8427],[10.99249,64.84162]],[[10.92164,64.83768],[10.91948,64.83754],[10.91848,64.83785],[10.91927,64.83871],[10.91693,64.83924],[10.91751,64.84052],[10.91936,64.8415],[10.92063,64.84165],[10.92302,64.84097],[10.92164,64.83768]],[[10.99366,64.83374],[10.99164,64.83314],[10.99035,64.83337],[10.98979,64.8337],[10.99066,64.83579],[10.98998,64.83575],[10.98887,64.83451],[10.98724,64.8344],[10.98432,64.8368],[10.98329,64.83202],[10.98168,64.83167],[10.97995,64.83259],[10.97896,64.83516],[10.98245,64.83779],[10.98177,64.83906],[10.98474,64.83889],[10.98684,64.84052],[10.98942,64.8408],[10.9895,64.84161],[10.99215,64.84172],[10.9919,64.84209],[10.98928,64.84228],[10.99045,64.84353],[10.99221,64.84353]],[[10.76613,64.83563],[10.7651,64.83506],[10.76238,64.83531],[10.76158,64.8363],[10.76198,64.83708],[10.76356,64.83744],[10.76517,64.83716],[10.76613,64.83563]],[[10.94854,64.84117],[10.94548,64.841],[10.94449,64.84223],[10.94776,64.84285],[10.94954,64.84278],[10.94984,64.84187],[10.94854,64.84117]],[[10.97062,64.84208],[10.96711,64.84189],[10.96637,64.84234],[10.96719,64.84319],[10.96843,64.84343],[10.97186,64.84311],[10.97062,64.84208]],[[10.91383,64.84075],[10.9114,64.8405],[10.91042,64.84143],[10.91275,64.84235],[10.91693,64.84274],[10.91733,64.84121],[10.91383,64.84075]],[[10.71666,64.83338],[10.71427,64.83342],[10.71234,64.83397],[10.71366,64.83611],[10.71532,64.83719],[10.71828,64.83803],[10.72109,64.83796],[10.72228,64.8374],[10.71666,64.83338]],[[10.88705,64.84072],[10.88428,64.8415],[10.8867,64.84302]],[[10.8867,64.84302],[10.88977,64.8433],[10.89657,64.8431],[10.89843,64.84274],[10.89856,64.84246],[10.89508,64.8412],[10.89852,64.84105],[10.8994,64.83957],[10.89476,64.83942],[10.89233,64.83986],[10.89157,64.84056],[10.88705,64.84072]],[[10.91477,64.86388],[10.91442,64.86253],[10.91561,64.86323]],[[10.87236,64.93643],[10.87132,64.93629],[10.87093,64.93659],[10.87216,64.93769]],[[10.76412,64.83895],[10.76349,64.8386],[10.76181,64.83882],[10.76107,64.84041],[10.76155,64.84087],[10.76461,64.84005],[10.76412,64.83895]],[[10.81152,64.83997],[10.80861,64.83952],[10.80771,64.84127],[10.81172,64.84268],[10.81377,64.84083],[10.81152,64.83997]],[[10.9015,64.84358],[10.90008,64.84311],[10.89556,64.84422],[10.89625,64.84464],[10.90092,64.84533],[10.90198,64.84385],[10.9015,64.84358]],[[10.94146,64.84569],[10.94089,64.84491],[10.93907,64.84419],[10.9365,64.84411],[10.93479,64.84467],[10.93998,64.84701],[10.94079,64.84684],[10.94146,64.84569]],[[10.91606,64.85243],[10.91133,64.85075],[10.91069,64.85104],[10.91133,64.8521],[10.91037,64.85212],[10.90808,64.85104],[10.90581,64.85191],[10.9083,64.85305],[10.91282,64.85419],[10.91638,64.8538],[10.91606,64.85243]],[[10.75683,64.84492],[10.75958,64.84275],[10.75974,64.84039],[10.75796,64.8386],[10.75409,64.83848],[10.75417,64.8407],[10.74792,64.83863],[10.74614,64.83757],[10.74442,64.83734],[10.74974,64.84151],[10.74931,64.84175],[10.74416,64.83913],[10.74342,64.83902],[10.74193,64.83956],[10.74045,64.83884],[10.73743,64.83865],[10.73457,64.8376],[10.73349,64.83667],[10.72704,64.83631],[10.72507,64.83694],[10.72516,64.83857],[10.72767,64.8402],[10.73027,64.84109],[10.73722,64.84175],[10.74596,64.8438],[10.75683,64.84492]],[[10.71835,64.84167],[10.71798,64.84145],[10.71795,64.84396],[10.71865,64.84372],[10.71835,64.84167]],[[10.7133,64.84421],[10.71144,64.84313],[10.71162,64.84244],[10.70444,64.84033],[10.70361,64.84086],[10.70443,64.84141],[10.70408,64.84313],[10.7084,64.84408],[10.71028,64.84361],[10.71125,64.84442],[10.71336,64.84476],[10.7133,64.84421]],[[10.94309,64.84876],[10.9412,64.84881],[10.94052,64.84966],[10.94128,64.85092],[10.94298,64.85147],[10.94449,64.8509],[10.94309,64.84876]],[[10.92284,64.84736],[10.91796,64.84703],[10.91757,64.8475],[10.91942,64.84811],[10.91765,64.84844],[10.9176,64.84904],[10.92122,64.85035],[10.92288,64.85148],[10.92465,64.85152],[10.92524,64.84904],[10.92284,64.84736]],[[10.90217,64.8497],[10.89954,64.84779],[10.89988,64.84658],[10.8986,64.84567],[10.89355,64.84506],[10.89033,64.84572],[10.88971,64.8462],[10.89006,64.84748],[10.89258,64.84889],[10.89436,64.84892],[10.8959,64.85008],[10.9008,64.85123],[10.90217,64.8497]],[[10.77772,64.84362],[10.77682,64.84211],[10.77609,64.84212],[10.77581,64.84286],[10.77287,64.8421],[10.7741,64.84062],[10.77104,64.83982],[10.77017,64.84058],[10.7712,64.84214],[10.76669,64.84291],[10.7654,64.84255],[10.76675,64.84227],[10.76773,64.84134],[10.76539,64.84101],[10.76209,64.84155],[10.76108,64.84222],[10.76252,64.84318],[10.76015,64.84352],[10.75835,64.84541],[10.7608,64.84754],[10.76772,64.84792],[10.77503,64.84545],[10.77772,64.84362]],[[10.74547,64.84638],[10.74751,64.8461],[10.75156,64.84647],[10.75238,64.84607],[10.75075,64.84489],[10.74672,64.84464],[10.73819,64.84287],[10.73265,64.84266],[10.7289,64.84186],[10.72551,64.84231],[10.72407,64.84334],[10.72522,64.84466],[10.73432,64.84696],[10.74342,64.84725],[10.74464,64.84713],[10.74547,64.84638]],[[10.58087,64.83918],[10.57887,64.83935],[10.57964,64.84148],[10.58833,64.84425],[10.58859,64.84181],[10.58721,64.84074],[10.58087,64.83918]],[[10.78093,64.84419],[10.77837,64.84537],[10.77969,64.84613],[10.77645,64.84708],[10.77612,64.84643],[10.77455,64.84622],[10.77234,64.84724],[10.7741,64.84763],[10.77578,64.84748],[10.77404,64.84875],[10.77553,64.84913],[10.7758,64.8498],[10.78008,64.84958]],[[10.77342,64.84885],[10.7705,64.84867],[10.76976,64.84903],[10.77004,64.84957],[10.77288,64.84989],[10.77387,64.84935],[10.77342,64.84885]],[[10.78008,64.84958],[10.78879,64.85004],[10.79333,64.8495],[10.79468,64.85049],[10.79814,64.85074],[10.80004,64.84956],[10.79893,64.84743],[10.79621,64.84734],[10.79624,64.84658],[10.79433,64.84563],[10.79147,64.8461],[10.79139,64.84514],[10.78859,64.8434],[10.78701,64.84341],[10.78531,64.84611],[10.78251,64.84584],[10.78357,64.84495],[10.78356,64.84339],[10.78233,64.84344],[10.78093,64.84419]],[[10.92392,64.85522],[10.92519,64.855],[10.92699,64.85531],[10.92714,64.85471],[10.91897,64.85049],[10.91564,64.84993],[10.91538,64.85051],[10.91875,64.85205],[10.92029,64.85462],[10.92392,64.85522]],[[10.57027,64.8408],[10.56773,64.83947],[10.56555,64.8394],[10.56505,64.84],[10.56792,64.84266],[10.56723,64.84315],[10.56438,64.84297],[10.56287,64.84338],[10.56448,64.84481],[10.56942,64.84593]],[[10.94406,64.85809],[10.94619,64.85673],[10.94513,64.85461],[10.94215,64.85353],[10.94137,64.854],[10.93926,64.85419],[10.93817,64.85172],[10.9374,64.85146],[10.93605,64.85173],[10.93538,64.85298],[10.9346,64.85186],[10.93298,64.85163],[10.93409,64.85134],[10.93281,64.85068],[10.93152,64.85065],[10.93101,64.85148],[10.93201,64.85163],[10.93015,64.85206],[10.92918,64.85316],[10.93207,64.85553],[10.93275,64.85758],[10.93689,64.8583],[10.93905,64.85791],[10.9423,64.85849],[10.94406,64.85809]],[[10.81383,64.85447],[10.81357,64.85376],[10.81029,64.85323],[10.81274,64.8522],[10.80777,64.85066],[10.80772,64.85184],[10.80973,64.85315],[10.80618,64.8533],[10.80569,64.85399],[10.80646,64.85428],[10.80972,64.85422],[10.81275,64.85491],[10.81383,64.85447]],[[10.56942,64.84593],[10.57126,64.84639],[10.57298,64.84784],[10.57445,64.84782],[10.57478,64.84731],[10.57389,64.84655],[10.57196,64.84612],[10.5738,64.84554],[10.5736,64.84475],[10.57259,64.84279],[10.57027,64.8408]],[[10.58814,64.84699],[10.58782,64.84662],[10.58935,64.84651],[10.58823,64.8454],[10.58313,64.84344],[10.58032,64.84311],[10.57922,64.84381],[10.57906,64.84478],[10.58407,64.84685],[10.58483,64.84681],[10.58671,64.84825],[10.58889,64.84886],[10.58969,64.84798],[10.58939,64.84738],[10.58814,64.84699]],[[10.95253,64.85731],[10.95158,64.8572],[10.95002,64.8581],[10.94975,64.85955],[10.95108,64.8596],[10.95257,64.85906],[10.95319,64.85854],[10.95253,64.85731]],[[10.92464,64.86235],[10.92378,64.86103],[10.91936,64.86002],[10.91815,64.86008],[10.91752,64.86097],[10.91476,64.86151],[10.9144,64.8622],[10.91032,64.86069],[10.90738,64.86097]],[[10.90755,64.86024],[10.90947,64.86016],[10.90934,64.85922],[10.91169,64.85979],[10.9123,64.85959],[10.91104,64.85555],[10.90854,64.85521],[10.90887,64.85638],[10.9082,64.85654],[10.90678,64.85506],[10.90452,64.8545],[10.90073,64.85553],[10.89959,64.8537],[10.89539,64.85271],[10.89406,64.85384],[10.89588,64.85606],[10.89475,64.85568],[10.88762,64.85505],[10.885,64.85415]],[[10.98096,64.86017],[10.97908,64.85713],[10.97695,64.8566],[10.97688,64.85723],[10.97515,64.8576],[10.97371,64.86049],[10.97466,64.86107],[10.97482,64.86052],[10.97737,64.85996],[10.97607,64.86169],[10.97713,64.86283],[10.98038,64.86155],[10.98096,64.86017]],[[10.90738,64.86097],[10.9055,64.86065],[10.90755,64.86024]],[[10.65681,64.86075],[10.65676,64.86075]],[[10.617,64.85341],[10.61921,64.8529],[10.61912,64.85206],[10.62095,64.85191],[10.62007,64.85016],[10.61697,64.84954],[10.61723,64.84898],[10.61618,64.84838],[10.61467,64.84848],[10.61355,64.84949],[10.6147,64.85065],[10.61797,64.85086],[10.61616,64.85108],[10.61521,64.85234],[10.61469,64.85095],[10.6127,64.84935],[10.61402,64.84766],[10.61143,64.84733],[10.61044,64.84839],[10.61158,64.84931],[10.60997,64.84988],[10.60925,64.85152],[10.61223,64.85143],[10.61065,64.85255],[10.61414,64.85311],[10.6155,64.85291],[10.617,64.85341]],[[10.84206,64.85834],[10.83934,64.85836],[10.83911,64.85911],[10.8458,64.86196],[10.84533,64.86005],[10.84206,64.85834]],[[10.98174,64.86443],[10.98084,64.86447],[10.98016,64.86566],[10.98051,64.86625],[10.98215,64.86643],[10.98269,64.86563],[10.98174,64.86443]],[[10.99734,64.86727],[10.9941,64.86606],[10.9947,64.86518],[10.99699,64.86422],[10.99741,64.86318],[10.99458,64.86254],[10.99374,64.85933],[10.99003,64.85812]],[[10.927,64.86513],[10.92768,64.86507],[10.92909,64.86581],[10.92965,64.8654],[10.92914,64.86494],[10.93136,64.86429],[10.93159,64.86288],[10.92988,64.8627],[10.9271,64.86162],[10.92593,64.86174],[10.92533,64.86252],[10.92464,64.86235]],[[10.927,64.86513],[10.92816,64.86649]],[[10.91477,64.86388],[10.91925,64.86689],[10.91942,64.86589],[10.91561,64.86323]],[[11.00158,64.86634],[10.99972,64.86658],[10.99987,64.86703],[11.00146,64.86753]],[[11.00146,64.86753],[10.99926,64.86839],[10.99734,64.86727]],[[10.66247,64.86092],[10.65988,64.85955],[10.65759,64.85896],[10.65606,64.85929],[10.65687,64.86075]],[[10.6691,64.86111],[10.66654,64.85857],[10.66536,64.858],[10.66218,64.85774],[10.66064,64.85858],[10.66455,64.86098]],[[10.67267,64.86067],[10.67118,64.86077],[10.67118,64.86117]],[[10.6949,64.86186],[10.68983,64.85961],[10.68828,64.86105],[10.68847,64.86167]],[[10.72363,64.86269],[10.72119,64.86054],[10.71728,64.85945],[10.71825,64.8617],[10.71965,64.86258]],[[10.73373,64.86298],[10.73003,64.85963],[10.72332,64.85509],[10.72212,64.8549],[10.71867,64.85558],[10.71938,64.85722],[10.72245,64.85862],[10.72646,64.8618],[10.73135,64.86291]],[[10.75395,64.86356],[10.75014,64.8618],[10.7443,64.86106],[10.74324,64.86006],[10.74547,64.8602],[10.74515,64.85936],[10.73992,64.85663],[10.73886,64.85676],[10.73868,64.85741],[10.73619,64.85697],[10.73475,64.85756],[10.73696,64.85935],[10.73977,64.85823],[10.74286,64.85977],[10.73916,64.86006],[10.73856,64.86061],[10.73951,64.86189],[10.73437,64.85902],[10.73221,64.85921],[10.73287,64.8611],[10.73524,64.86302]],[[10.95376,64.86914],[10.9508,64.86874],[10.95011,64.86904]],[[10.76261,64.86381],[10.75963,64.86176],[10.75706,64.86178],[10.75866,64.86248],[10.75844,64.86369],[10.75494,64.86195],[10.75538,64.85865],[10.75175,64.85973],[10.74907,64.85714],[10.74778,64.85817],[10.74398,64.85724],[10.74177,64.85548],[10.74194,64.85512],[10.74362,64.85503],[10.74284,64.8542],[10.74036,64.85407],[10.73865,64.85271],[10.73983,64.85223],[10.73951,64.85195],[10.73615,64.85105],[10.73543,64.85019],[10.73866,64.84979],[10.73937,64.85075],[10.74142,64.85142],[10.74117,64.85242],[10.74354,64.85164],[10.74152,64.8498],[10.74374,64.84947],[10.74691,64.85048],[10.7477,64.85145],[10.74372,64.85382],[10.74553,64.85557],[10.74815,64.85693],[10.74844,64.85513],[10.75102,64.85467],[10.7482,64.85301],[10.74819,64.85223],[10.75264,64.85004],[10.75501,64.85007],[10.75914,64.85089],[10.75987,64.85017],[10.76481,64.85042],[10.76512,64.85072],[10.76285,64.85251],[10.76047,64.8536],[10.76093,64.85435],[10.76393,64.85393],[10.76481,64.85263],[10.76802,64.85156],[10.77983,64.8512]],[[10.85024,64.86628],[10.8487,64.86487],[10.8451,64.86441],[10.84301,64.86294],[10.82843,64.85688],[10.82645,64.85701],[10.82525,64.85798],[10.82412,64.85692],[10.82067,64.85676],[10.81993,64.85705],[10.81988,64.85845],[10.81691,64.8577],[10.81607,64.85826],[10.81148,64.8563],[10.80607,64.85466],[10.79456,64.85203],[10.7858,64.85203],[10.78175,64.85123],[10.77983,64.8512]],[[10.8557,64.86643],[10.85287,64.86585],[10.85198,64.86633]],[[10.86609,64.86672],[10.85809,64.86413],[10.85483,64.8624],[10.85431,64.86155],[10.85524,64.8604],[10.85253,64.86069],[10.85107,64.86025],[10.85027,64.85939],[10.85074,64.85909],[10.85565,64.85853],[10.85575,64.85824],[10.85441,64.85785],[10.8512,64.85802],[10.84676,64.85711],[10.83873,64.85269],[10.83816,64.85296],[10.83913,64.85333],[10.83763,64.85406],[10.83063,64.8496],[10.83015,64.84873],[10.82764,64.84804],[10.82655,64.84664],[10.8285,64.84611],[10.83339,64.84839],[10.83417,64.84988],[10.83524,64.84995],[10.83533,64.84898],[10.83657,64.84916],[10.83764,64.85001],[10.83735,64.85148],[10.83895,64.85034],[10.84147,64.85054],[10.83512,64.8468],[10.83567,64.84603],[10.83727,64.84564],[10.83205,64.84434],[10.83188,64.84258],[10.83293,64.84115],[10.83399,64.84101],[10.83545,64.84138],[10.83532,64.84329],[10.83598,64.84365],[10.84009,64.84004],[10.84156,64.83998],[10.84311,64.8405],[10.84943,64.83816],[10.85214,64.83811],[10.85414,64.84146],[10.85569,64.83735],[10.86153,64.83765],[10.86429,64.83817],[10.87204,64.84042],[10.87109,64.84184],[10.87246,64.84252],[10.87189,64.84353],[10.87377,64.84456],[10.87425,64.84587],[10.87563,64.84605],[10.8776,64.84542],[10.87866,64.846],[10.87737,64.84696],[10.87801,64.84821],[10.87518,64.84999],[10.87702,64.85069],[10.87854,64.85068],[10.87883,64.85108],[10.87828,64.85174],[10.87459,64.85217],[10.87613,64.85265],[10.87509,64.85348],[10.87621,64.85382],[10.87659,64.85326],[10.87832,64.85302],[10.87936,64.85329],[10.87941,64.85399],[10.88168,64.85331],[10.885,64.85415]],[[10.93034,64.8685],[10.92966,64.86718],[10.92816,64.86649]],[[10.93697,64.86868],[10.9339,64.86775],[10.93322,64.86858]],[[10.94854,64.86899],[10.94555,64.86743],[10.94419,64.86747],[10.94326,64.86594],[10.94125,64.86585],[10.94223,64.86806],[10.9437,64.8684],[10.94451,64.86802],[10.9446,64.86889]],[[10.98565,64.87],[10.98488,64.86874],[10.98529,64.86765],[10.98385,64.86666],[10.98381,64.86562],[10.98432,64.86522],[10.9872,64.86542],[10.9836,64.86421],[10.98249,64.86223],[10.98157,64.8584],[10.98345,64.85673],[10.98363,64.85576],[10.98261,64.85492],[10.98642,64.85534],[10.98529,64.85623],[10.98751,64.85755],[10.99003,64.85812]],[[10.64325,64.86035],[10.64496,64.85945],[10.64697,64.85919],[10.6489,64.86052]],[[10.94854,64.86899],[10.94946,64.8693],[10.95011,64.86904]],[[10.73135,64.86291],[10.73296,64.86377],[10.73373,64.86298]],[[10.98565,64.87],[10.98805,64.87138]],[[10.85024,64.86628],[10.85153,64.86775],[10.85198,64.86633]],[[10.76261,64.86381],[10.76425,64.86525],[10.76889,64.86534]],[[10.93034,64.8685],[10.93131,64.86927],[10.92938,64.86933],[10.92938,64.86967],[10.93204,64.87027],[10.93342,64.8699],[10.93645,64.87059],[10.9367,64.87],[10.93322,64.86858]],[[10.86609,64.86672],[10.86805,64.86706],[10.8761,64.87027],[10.87923,64.87093]],[[10.65676,64.86075],[10.6577,64.86173],[10.66085,64.86261],[10.66024,64.86405],[10.66285,64.86552],[10.66351,64.86205],[10.66247,64.86092]],[[10.6691,64.86111],[10.66947,64.86173],[10.66882,64.86188],[10.66997,64.86226],[10.67137,64.86619],[10.67073,64.86442],[10.67159,64.86208],[10.67118,64.86117]],[[10.9446,64.86889],[10.94393,64.87009],[10.94192,64.86899],[10.94129,64.86902],[10.94124,64.86957],[10.94421,64.87155],[10.94427,64.87305],[10.94568,64.8733],[10.94517,64.87241],[10.94579,64.87226],[10.94839,64.8741]],[[10.68597,64.86629],[10.68726,64.86328],[10.67944,64.86176],[10.67772,64.86192],[10.67878,64.86379],[10.68314,64.86523],[10.68517,64.86661],[10.6863,64.86669],[10.68597,64.86629]],[[10.88228,64.87188],[10.89277,64.87288]],[[10.76902,64.8654],[10.7704,64.86784],[10.77355,64.87034],[10.7769,64.86982]],[[10.93697,64.86868],[10.93766,64.8691],[10.93708,64.86962],[10.94001,64.87078],[10.94255,64.8727],[10.94046,64.87286],[10.93713,64.87193],[10.93671,64.87231],[10.94087,64.87345],[10.94375,64.87379],[10.94758,64.87527]],[[10.94758,64.87527],[10.94895,64.87536],[10.94839,64.8741]],[[10.98805,64.87138],[10.99097,64.87095],[10.99222,64.8711],[10.99815,64.87405],[10.99978,64.87283],[11.00092,64.87291]],[[10.78477,64.88406],[10.7791,64.88189],[10.77515,64.88094]],[[10.98193,64.91232],[10.98493,64.91244],[10.98785,64.9135],[10.99064,64.91346],[10.99512,64.91469],[10.99665,64.91461]],[[10.64528,64.86775],[10.6418,64.86373],[10.6389,64.86257],[10.63714,64.86125],[10.63399,64.861],[10.63365,64.86184],[10.63553,64.86332],[10.64062,64.86486],[10.63704,64.86527],[10.63636,64.86653],[10.64433,64.86811],[10.64528,64.86775]],[[10.8557,64.86643],[10.86957,64.87065],[10.87832,64.8752],[10.88173,64.8755]],[[10.75395,64.86356],[10.75372,64.86421],[10.75522,64.86524],[10.75813,64.86501],[10.76099,64.86631],[10.76218,64.86578],[10.76473,64.86705],[10.76658,64.86709],[10.76798,64.86756],[10.77088,64.86917],[10.77069,64.86965],[10.76902,64.86984],[10.76503,64.86811],[10.76508,64.86961],[10.77238,64.87163],[10.77428,64.87278],[10.77641,64.87296]],[[10.71987,64.86929],[10.71791,64.86907],[10.71791,64.87062],[10.72275,64.8726],[10.72646,64.87323],[10.72396,64.87124],[10.71987,64.86929]],[[10.66455,64.86098],[10.66402,64.86445],[10.66451,64.86621],[10.66618,64.86698],[10.66548,64.86714],[10.66554,64.86793],[10.66715,64.86873],[10.66913,64.86867],[10.66899,64.86963],[10.67112,64.87032]],[[10.75843,64.87298],[10.75949,64.87272]],[[10.68847,64.86167],[10.69069,64.86341],[10.69419,64.86455],[10.69427,64.8648],[10.69302,64.86486],[10.69314,64.86527],[10.69543,64.86684],[10.69591,64.86834],[10.69946,64.86914],[10.70226,64.87103],[10.70485,64.87159],[10.70299,64.86907],[10.70307,64.86741],[10.70375,64.8671],[10.70318,64.86636],[10.70182,64.86569],[10.70112,64.86443],[10.6949,64.86186]],[[10.73524,64.86302],[10.73912,64.8654],[10.74436,64.86711],[10.74577,64.8685],[10.75325,64.87231],[10.75714,64.87367],[10.75843,64.87298]],[[10.9637,64.8737],[10.9634,64.87534],[10.96586,64.87408],[10.9669,64.87402],[10.96908,64.87521],[10.96732,64.877],[10.96627,64.87724],[10.96388,64.87703],[10.96264,64.87755],[10.97048,64.87968]],[[10.98697,64.87864],[10.98407,64.87838],[10.98402,64.88031]],[[10.64325,64.86035],[10.64271,64.86228],[10.64544,64.86338],[10.64491,64.86517],[10.64649,64.86793],[10.64789,64.86891],[10.65364,64.86989],[10.65738,64.87133],[10.66198,64.87128],[10.66293,64.87086],[10.66146,64.8694],[10.65681,64.86695],[10.65456,64.86445],[10.6503,64.86192],[10.6489,64.86052]],[[10.89043,64.87814],[10.88826,64.87802],[10.88423,64.87569],[10.88173,64.8755]],[[10.77641,64.87296],[10.78191,64.87372],[10.78489,64.87535],[10.78702,64.87546],[10.78967,64.87502],[10.787,64.87376],[10.78076,64.87184],[10.77795,64.86977],[10.7769,64.86982]],[[10.7485,64.87943],[10.74368,64.87789],[10.74189,64.87813],[10.74158,64.87885],[10.74513,64.88099],[10.75382,64.88399],[10.75624,64.88399],[10.75644,64.8831],[10.75143,64.88121],[10.7485,64.87943]],[[10.67112,64.87032],[10.67254,64.87057],[10.67329,64.87015],[10.67785,64.87282],[10.67983,64.87334],[10.68355,64.87233],[10.68417,64.87279],[10.68556,64.87269],[10.68579,64.87129],[10.68818,64.87178],[10.68895,64.87142],[10.68915,64.87064],[10.68775,64.87039],[10.68728,64.86972],[10.68866,64.86974],[10.68866,64.86924],[10.68757,64.86867],[10.68611,64.86887],[10.68459,64.86679],[10.68126,64.8655],[10.68003,64.86555],[10.67982,64.86619],[10.67715,64.86423],[10.676,64.8646],[10.67686,64.86389],[10.6761,64.86298],[10.67421,64.86247],[10.67588,64.86269],[10.67447,64.86127]],[[10.97048,64.87968],[10.97517,64.8811],[10.97401,64.87978],[10.9703,64.87856],[10.97185,64.8767],[10.97293,64.87629],[10.97458,64.87652],[10.97402,64.87569],[10.97564,64.87555],[10.98052,64.87724],[10.9825,64.88119],[10.98077,64.882],[10.97731,64.88128],[10.97777,64.88183]],[[10.97777,64.88183],[10.98506,64.88413],[10.98354,64.88206],[10.98402,64.88031]],[[10.74553,64.87521],[10.74449,64.87527],[10.74574,64.87645],[10.75136,64.87854],[10.75167,64.87822],[10.74946,64.87617],[10.74767,64.87547],[10.74553,64.87521]],[[10.78847,64.87963],[10.79065,64.88082]],[[10.75949,64.87272],[10.76277,64.8749],[10.77515,64.88094]],[[10.77082,64.89282],[10.77205,64.89273],[10.77317,64.8935]],[[10.69293,64.87869],[10.69389,64.87735],[10.69165,64.87556],[10.69307,64.87546],[10.69336,64.87482],[10.69357,64.8761],[10.69444,64.87631],[10.6954,64.87496],[10.69352,64.87404],[10.69416,64.87295],[10.69302,64.87173],[10.69083,64.87101],[10.6894,64.87109],[10.68804,64.87196],[10.68821,64.87241],[10.69,64.87256],[10.69135,64.8739],[10.69043,64.87423],[10.68766,64.87401],[10.68722,64.87605],[10.68974,64.87791],[10.69293,64.87869]],[[10.72363,64.86269],[10.72412,64.86318],[10.72634,64.86324],[10.72766,64.86392],[10.73146,64.86709],[10.73284,64.8676],[10.73221,64.86616],[10.73062,64.86536],[10.73069,64.86471],[10.73303,64.86564],[10.73569,64.86546],[10.73663,64.86669],[10.73529,64.8668],[10.73651,64.86796],[10.7376,64.868],[10.73846,64.8685],[10.7415,64.86799],[10.74273,64.86829],[10.7452,64.87062],[10.74754,64.87094],[10.75041,64.87238],[10.75134,64.8734],[10.75355,64.87405],[10.75395,64.87475],[10.75833,64.87646],[10.76125,64.8767],[10.76828,64.87902],[10.77096,64.88027],[10.77349,64.88239],[10.77489,64.88261]],[[10.79065,64.88082],[10.79588,64.88304],[10.80053,64.88424],[10.7966,64.88217],[10.7918,64.88039],[10.79069,64.87949],[10.78836,64.87902],[10.78847,64.87963]],[[10.70557,64.88255],[10.70691,64.88155],[10.70716,64.88226],[10.70842,64.88262],[10.70905,64.88134],[10.71265,64.88231],[10.71492,64.88219],[10.71219,64.8808],[10.71509,64.88127],[10.71592,64.88075],[10.71244,64.87968],[10.71175,64.88017],[10.71161,64.8798],[10.7107,64.88004],[10.71212,64.87865],[10.71143,64.87848],[10.71168,64.87724],[10.71064,64.87599],[10.70732,64.87613],[10.7059,64.87429],[10.70398,64.87393],[10.70397,64.87322],[10.70142,64.87219],[10.70034,64.87226],[10.70034,64.87285],[10.7023,64.87356],[10.70129,64.87365],[10.70081,64.87454],[10.69919,64.87421],[10.69983,64.87296],[10.69907,64.87203],[10.69778,64.87183],[10.69623,64.8725],[10.69914,64.87494],[10.69756,64.87439],[10.69636,64.87579],[10.69814,64.87785],[10.70137,64.87891],[10.69857,64.87871],[10.69841,64.87942],[10.70188,64.88031],[10.70268,64.88004],[10.70299,64.88136],[10.70415,64.88187],[10.70343,64.88218],[10.70557,64.88255]],[[10.78477,64.88406],[10.78823,64.88555],[10.78973,64.88577]],[[10.77306,64.8942],[10.77169,64.89437],[10.77223,64.89509],[10.77293,64.89502]],[[10.71965,64.86258],[10.72074,64.86335],[10.71966,64.86376],[10.72153,64.8649],[10.72021,64.86512],[10.72033,64.86583],[10.72281,64.86737],[10.72436,64.8674],[10.72346,64.86614],[10.72479,64.86714],[10.72581,64.86719],[10.72603,64.86655],[10.72448,64.86512],[10.72521,64.86474],[10.72787,64.86737],[10.73383,64.87017],[10.73523,64.87023],[10.7357,64.86978],[10.73394,64.86795],[10.73762,64.86953],[10.73886,64.86869],[10.74129,64.8734],[10.74015,64.87342],[10.73691,64.87173],[10.73339,64.87119],[10.73318,64.87175],[10.73447,64.87277],[10.73964,64.87458],[10.74267,64.87399],[10.74757,64.87482],[10.74881,64.87449],[10.75485,64.87753],[10.75456,64.8778],[10.75327,64.87747],[10.7527,64.87768],[10.75468,64.88021],[10.75791,64.8819],[10.7665,64.88501],[10.76559,64.8855],[10.76403,64.88459],[10.76097,64.88377],[10.75718,64.88374],[10.7558,64.88442],[10.75843,64.8861]],[[10.92076,64.90025],[10.91861,64.89858],[10.91799,64.8971]],[[10.73456,64.88323],[10.73527,64.88313],[10.73811,64.88396],[10.73713,64.88283],[10.7381,64.88053],[10.73338,64.87626],[10.72313,64.8736],[10.71309,64.86998],[10.7104,64.86981],[10.70958,64.87072],[10.71016,64.87362],[10.71715,64.87557],[10.71875,64.87659],[10.71778,64.87713],[10.71398,64.87584],[10.7133,64.87697],[10.71442,64.87749],[10.71477,64.87726],[10.71714,64.8778],[10.72028,64.87706],[10.7219,64.87756],[10.72114,64.87819],[10.72159,64.87906],[10.71578,64.87779],[10.71403,64.87838],[10.71711,64.88039],[10.72268,64.88192],[10.72515,64.88448],[10.72985,64.88586],[10.73176,64.88714],[10.73245,64.88683],[10.73204,64.88555],[10.73273,64.88424],[10.73456,64.88323]],[[10.92002,64.89057],[10.91877,64.89034],[10.91802,64.89058],[10.91812,64.89202],[10.91943,64.89247],[10.92199,64.89261],[10.92254,64.89192],[10.92002,64.89057]],[[10.73896,64.88607],[10.73529,64.88611],[10.73566,64.88772],[10.73847,64.88708],[10.73896,64.88607]],[[10.77006,64.89448],[10.77274,64.89628]],[[10.89277,64.87288],[10.89601,64.8727],[10.90196,64.8741],[10.90321,64.878],[10.90214,64.87979],[10.90251,64.88062],[10.90541,64.88173],[10.90752,64.88322],[10.91459,64.88347],[10.92054,64.88446],[10.91891,64.88494],[10.91899,64.88687],[10.92162,64.88993],[10.92615,64.89147],[10.9281,64.89273],[10.93356,64.89413]],[[10.75843,64.8861],[10.76062,64.88936],[10.75969,64.88954],[10.75869,64.88868],[10.75675,64.88841]],[[10.93356,64.89413],[10.93405,64.89441],[10.93344,64.89461],[10.93121,64.89427]],[[10.80836,64.89141],[10.79741,64.88846],[10.79124,64.88791],[10.78949,64.88911],[10.78842,64.88774],[10.7852,64.88691],[10.7848,64.88765],[10.7867,64.88891],[10.79216,64.89059]],[[10.69091,64.88929],[10.68751,64.88805],[10.68757,64.88858],[10.68593,64.8882],[10.68642,64.88842],[10.68584,64.88828],[10.68485,64.88899],[10.68544,64.88986],[10.69215,64.89278],[10.69231,64.89341],[10.69373,64.89405],[10.69455,64.89213],[10.69368,64.89033],[10.69091,64.88929]],[[10.77489,64.88261],[10.77722,64.88236],[10.7787,64.88315],[10.77987,64.88489],[10.78145,64.8847],[10.78148,64.88409],[10.78218,64.88405],[10.78411,64.88668],[10.78359,64.88714],[10.7824,64.88724],[10.78291,64.88784],[10.7823,64.88827],[10.78343,64.88879],[10.78487,64.88855],[10.78579,64.88919],[10.78551,64.88979],[10.79097,64.89143]],[[10.79216,64.89059],[10.79345,64.89193],[10.79097,64.89143]],[[10.83394,64.8935],[10.83053,64.89191],[10.82909,64.89217],[10.82489,64.89158],[10.82423,64.89202],[10.82319,64.89196],[10.82048,64.89152],[10.81753,64.89019],[10.81571,64.89079],[10.81285,64.89068],[10.8115,64.88986],[10.8114,64.88896],[10.81866,64.88945],[10.8185,64.88845],[10.81341,64.8877],[10.80635,64.88471],[10.80298,64.88507],[10.80062,64.88446],[10.8021,64.88631],[10.80443,64.88703],[10.80383,64.88751],[10.79972,64.88694],[10.79823,64.8873],[10.79547,64.88665],[10.79216,64.88521],[10.78973,64.88577]],[[10.91799,64.8971],[10.91915,64.89691],[10.91887,64.8963],[10.91664,64.8936],[10.91494,64.89291],[10.91093,64.88802],[10.90861,64.88704],[10.90511,64.88397],[10.89692,64.88059]],[[10.75675,64.88841],[10.75574,64.88844],[10.75332,64.88632],[10.74738,64.88282],[10.74595,64.88282],[10.74576,64.88327],[10.74824,64.8839],[10.74578,64.88477],[10.75094,64.8884],[10.74891,64.88877],[10.74792,64.88946],[10.7467,64.88698],[10.74442,64.88607],[10.74177,64.88651],[10.74156,64.88775],[10.73972,64.88749],[10.739,64.8878],[10.744,64.88947],[10.74107,64.89023],[10.74416,64.89095],[10.74332,64.89178],[10.74542,64.89255],[10.7484,64.89268],[10.74758,64.89121],[10.74642,64.89082],[10.74653,64.89011],[10.74813,64.88999],[10.7511,64.89162],[10.75655,64.89316]],[[10.77082,64.89282],[10.77006,64.89448]],[[10.80979,64.89198],[10.81487,64.89322],[10.82228,64.89617],[10.82512,64.89632],[10.82531,64.89538],[10.82729,64.89546],[10.82655,64.89653],[10.8281,64.89701]],[[10.8281,64.89701],[10.82916,64.89724],[10.83086,64.89699],[10.83294,64.89543],[10.83245,64.89451],[10.83403,64.89404],[10.83394,64.8935]],[[10.75655,64.89316],[10.75796,64.89358],[10.75807,64.89411],[10.75389,64.89363],[10.75266,64.89415],[10.75495,64.89548],[10.76223,64.89612],[10.76542,64.89529],[10.76735,64.8958]],[[10.66778,64.89101],[10.66396,64.8899],[10.66194,64.89043],[10.66108,64.89173],[10.66182,64.89282],[10.66612,64.89345],[10.66746,64.89296]],[[10.66746,64.89296],[10.66994,64.89358],[10.67147,64.8935],[10.67177,64.89294],[10.66901,64.89222],[10.66778,64.89101]],[[10.93121,64.89427],[10.9267,64.89348],[10.92012,64.89318],[10.91832,64.89394],[10.91944,64.89477],[10.92086,64.89485],[10.92176,64.8961],[10.92372,64.89699],[10.93028,64.89828],[10.93295,64.89935],[10.93508,64.89939],[10.93711,64.89891],[10.93613,64.90052],[10.93948,64.90133],[10.94092,64.90104]],[[10.72814,64.89245],[10.72198,64.89213],[10.72078,64.89261],[10.72158,64.89361],[10.72467,64.89426],[10.72581,64.89535],[10.72754,64.89512],[10.72596,64.89359],[10.72671,64.89299],[10.72826,64.89275],[10.72814,64.89245]],[[10.74976,64.89596],[10.74703,64.89602],[10.74677,64.89638],[10.74868,64.89711],[10.75067,64.89656],[10.74976,64.89596]],[[10.7341,64.89486],[10.73257,64.89444],[10.73147,64.89547],[10.73328,64.89649],[10.73509,64.89681],[10.73536,64.89609],[10.7341,64.89486]],[[10.92511,64.90404],[10.92283,64.90105],[10.92076,64.90025]],[[10.68876,64.89298],[10.68632,64.89289],[10.68382,64.89226],[10.6823,64.89293],[10.68816,64.89524],[10.68988,64.89639],[10.69117,64.89636],[10.69317,64.89589],[10.69364,64.89476],[10.68876,64.89298]],[[10.74261,64.89619],[10.74149,64.8961],[10.74157,64.89566],[10.73911,64.89466],[10.7401,64.89422],[10.73992,64.89307],[10.73688,64.89231],[10.73506,64.89234],[10.73526,64.89346],[10.73738,64.89438],[10.73892,64.89453],[10.73864,64.89605],[10.74048,64.89618],[10.74133,64.89794],[10.74331,64.89771],[10.74261,64.89619]],[[10.76735,64.8958],[10.76581,64.89669],[10.76645,64.89816],[10.76931,64.89904],[10.77225,64.8994]],[[10.77225,64.8994],[10.77357,64.89943],[10.77396,64.89882],[10.77274,64.89628]],[[10.70918,64.89769],[10.71007,64.89722],[10.70875,64.89607],[10.70241,64.89311],[10.69897,64.89361],[10.6994,64.89548],[10.70145,64.89565],[10.70609,64.89751],[10.70918,64.89769]],[[10.7719,64.90161],[10.76922,64.90127],[10.76875,64.90166],[10.76916,64.90214],[10.77173,64.90265]],[[10.94092,64.90104],[10.9422,64.90066],[10.94351,64.90075],[10.94503,64.90165],[10.95014,64.90199],[10.95102,64.90172],[10.95041,64.90073],[10.95144,64.90058],[10.95311,64.90187],[10.95959,64.90289],[10.96269,64.90299],[10.96437,64.90391],[10.96867,64.90474],[10.97004,64.90546],[10.95673,64.90506],[10.95584,64.90532],[10.95576,64.90591],[10.95832,64.90645],[10.96099,64.9062],[10.96602,64.90702],[10.97255,64.9094]],[[10.72541,64.89894],[10.7256,64.89794],[10.72203,64.89733],[10.72245,64.89621],[10.72524,64.89653],[10.72766,64.89609],[10.72823,64.89538],[10.7301,64.895],[10.73151,64.89361],[10.73004,64.89278],[10.72973,64.89155],[10.72202,64.88936],[10.72263,64.88845],[10.72096,64.88752],[10.72347,64.8871],[10.72336,64.88809],[10.72589,64.88968],[10.73064,64.89112],[10.73337,64.89144],[10.73595,64.89117],[10.7362,64.89087],[10.73443,64.88779],[10.73117,64.88748],[10.72614,64.88584],[10.72375,64.88677],[10.72034,64.88547],[10.71629,64.88519],[10.71609,64.88471],[10.71326,64.88414],[10.71209,64.88467],[10.71172,64.8844],[10.71269,64.88404],[10.70667,64.8831],[10.70594,64.88338],[10.70524,64.88298],[10.70245,64.88287],[10.70243,64.88357],[10.70218,64.88272],[10.70065,64.88223],[10.69805,64.88225],[10.69909,64.88476],[10.70173,64.88417],[10.70061,64.8849],[10.70188,64.88548],[10.70275,64.88524],[10.70392,64.88585],[10.70633,64.88608],[10.70606,64.88433],[10.70769,64.88409],[10.70881,64.88627],[10.71254,64.88676],[10.71561,64.88778],[10.71781,64.88742],[10.71961,64.8879],[10.7196,64.88843],[10.7159,64.88856],[10.71583,64.88906],[10.71552,64.88857],[10.71336,64.88789],[10.71074,64.88728],[10.70911,64.88736],[10.70959,64.88808],[10.71224,64.88905],[10.71349,64.88894],[10.71498,64.88993],[10.71147,64.88982],[10.70742,64.88832],[10.70731,64.89067],[10.70648,64.89093],[10.70604,64.89229],[10.7083,64.89426],[10.71148,64.89554],[10.71163,64.89658],[10.71486,64.89761],[10.71687,64.89739],[10.72066,64.89777],[10.72073,64.89858],[10.72249,64.89906],[10.72488,64.89892],[10.72381,64.89981],[10.7244,64.90035],[10.72625,64.90017],[10.72615,64.89909],[10.72541,64.89894]],[[10.72163,64.9023],[10.71791,64.90132],[10.71791,64.90242],[10.72136,64.90254],[10.72163,64.9023]],[[10.7715,64.90413],[10.77305,64.90394],[10.77421,64.90419],[10.77477,64.90383],[10.77446,64.90317],[10.77173,64.90265]],[[10.73268,64.90114],[10.7313,64.9005],[10.72963,64.90072],[10.72966,64.90176],[10.73188,64.90304],[10.73347,64.90283],[10.73357,64.90184],[10.73268,64.90114]],[[10.96409,64.91065],[10.96156,64.90954],[10.95198,64.90738],[10.95106,64.90739],[10.94779,64.90899]],[[10.7281,64.90493],[10.72616,64.90426],[10.72445,64.9047],[10.72494,64.90509],[10.72598,64.90485],[10.72841,64.90687],[10.72984,64.90688],[10.7281,64.90493]],[[10.7719,64.90161],[10.77672,64.90373],[10.77885,64.90649]],[[10.77885,64.90649],[10.77998,64.90652]],[[10.77998,64.90652],[10.78118,64.90574],[10.78033,64.90486],[10.78058,64.90399],[10.78303,64.9044],[10.78463,64.90536],[10.78375,64.90632],[10.78651,64.90688],[10.78703,64.90667],[10.78608,64.90581],[10.78833,64.90443],[10.7883,64.90389],[10.78265,64.90089],[10.78058,64.89905],[10.79032,64.9016],[10.7909,64.90139],[10.78198,64.8971],[10.78054,64.89695],[10.78163,64.89807],[10.7808,64.89849],[10.77599,64.89667],[10.77408,64.89502],[10.77293,64.89502]],[[10.97255,64.9094],[10.9783,64.91211],[10.98193,64.91232]],[[10.74865,64.90623],[10.74473,64.90594],[10.74378,64.90384],[10.74231,64.90333],[10.74076,64.90366],[10.74028,64.90515],[10.74268,64.90648],[10.7442,64.90674],[10.74865,64.90623]],[[10.96787,64.91267],[10.96409,64.91065]],[[10.93662,64.91193],[10.93724,64.91071],[10.93655,64.90925],[10.93732,64.90812],[10.93675,64.90705],[10.9292,64.90446],[10.92585,64.90425]],[[10.73099,64.90785],[10.7297,64.90746],[10.72908,64.90779]],[[10.75444,64.90852],[10.75356,64.90757],[10.7549,64.90701],[10.75667,64.90834],[10.75737,64.90831],[10.75789,64.90666],[10.75676,64.90585],[10.75882,64.90617],[10.75855,64.90521],[10.75947,64.90448],[10.76402,64.90391],[10.76563,64.90406],[10.76725,64.90363],[10.77005,64.90447],[10.7715,64.90413]],[[10.81612,64.91027],[10.81304,64.90855],[10.81346,64.9074],[10.80916,64.90599],[10.81135,64.90406],[10.81274,64.90392]],[[10.8219,64.91043],[10.81928,64.9093],[10.81428,64.90461],[10.81274,64.90392]],[[10.85356,64.91131],[10.85099,64.91024],[10.84915,64.90735],[10.84309,64.9027],[10.84208,64.90264],[10.84113,64.90368],[10.84001,64.90317],[10.8391,64.90173],[10.84069,64.90076],[10.8392,64.89971],[10.8307,64.89827],[10.83635,64.90152],[10.84014,64.90532],[10.84235,64.90911],[10.8482,64.91117]],[[10.93621,64.9136],[10.93272,64.91165],[10.93662,64.91193]],[[10.94779,64.90899],[10.9473,64.90973],[10.9433,64.90903],[10.942,64.91083],[10.94353,64.91254],[10.94349,64.91349],[10.94264,64.91361],[10.94219,64.91293],[10.93997,64.91238],[10.93994,64.9137]],[[10.97169,64.91456],[10.96829,64.91293]],[[11.00198,64.91421],[10.99993,64.91293],[10.99665,64.91461]],[[10.78377,64.91092],[10.78424,64.91103]],[[10.72908,64.90779],[10.72815,64.90903],[10.72983,64.9097],[10.73256,64.90997],[10.73298,64.90901],[10.73099,64.90785]],[[10.97169,64.91456],[10.98115,64.91746]],[[10.9821,64.91774],[10.98115,64.91746]],[[10.85356,64.91131],[10.85549,64.91347],[10.85547,64.91673]],[[10.75444,64.90852],[10.75629,64.90932],[10.76542,64.91126],[10.76451,64.91214],[10.76522,64.91272],[10.76879,64.91278],[10.77008,64.91314]],[[10.77008,64.91314],[10.7719,64.91336],[10.77655,64.9152],[10.78023,64.91547],[10.78147,64.91425],[10.78219,64.91143],[10.78377,64.91092]],[[10.74037,64.91289],[10.73963,64.91253],[10.73836,64.91272],[10.74008,64.9141],[10.7423,64.91446],[10.7427,64.91381],[10.74037,64.91289]],[[10.82895,64.91762],[10.82295,64.91481],[10.82279,64.91377],[10.81612,64.91027]],[[11.00696,64.92289],[10.99637,64.92109],[10.9909,64.91928],[10.9821,64.91774]],[[10.93621,64.9136],[10.93773,64.91464],[10.95019,64.91917],[10.95194,64.92167],[10.95542,64.92268],[10.96273,64.92299],[10.96985,64.92477],[10.97015,64.92374],[10.96915,64.92297],[10.96067,64.92113],[10.95549,64.91938],[10.95349,64.91914],[10.94974,64.91767],[10.94476,64.91654],[10.94362,64.91522],[10.93994,64.9137]],[[10.76887,64.92078],[10.77964,64.92095],[10.78023,64.9206],[10.77765,64.91824],[10.76956,64.91645]],[[10.76956,64.91645],[10.76545,64.91584],[10.76315,64.91599],[10.76183,64.91809],[10.7597,64.91684],[10.75818,64.91724],[10.75971,64.91826],[10.76215,64.91828],[10.76455,64.92037],[10.76639,64.92084],[10.76887,64.92078]],[[10.86242,64.92387],[10.85755,64.92169],[10.85557,64.91889],[10.851,64.91543],[10.85053,64.91187],[10.8482,64.91117]],[[10.82201,64.91047],[10.8236,64.91078],[10.82499,64.91285],[10.83194,64.91706],[10.83523,64.9167],[10.83503,64.91828],[10.83644,64.91887],[10.84294,64.92015],[10.84387,64.91952],[10.84251,64.9185],[10.8438,64.918],[10.84881,64.91907],[10.84982,64.92028],[10.84584,64.9212],[10.84488,64.92254],[10.8475,64.92378]],[[10.74627,64.95323],[10.74548,64.95321]],[[10.8194,64.92532],[10.81934,64.92615]],[[10.85547,64.91673],[10.856,64.91741],[10.86621,64.9201],[10.86742,64.92125],[10.86679,64.92224],[10.8673,64.92314],[10.87193,64.92482],[10.8715,64.92668],[10.87369,64.92781]],[[10.78424,64.91103],[10.78794,64.91225],[10.78853,64.91411],[10.79049,64.91563],[10.79546,64.91686],[10.79795,64.91673],[10.799,64.91613],[10.80058,64.91602],[10.80226,64.91675],[10.80301,64.91758],[10.80296,64.91999],[10.80149,64.92006],[10.80113,64.91908],[10.79836,64.91844],[10.79393,64.91923],[10.80009,64.92111],[10.80419,64.92289],[10.80404,64.92516],[10.8133,64.92581],[10.8148,64.92649],[10.81633,64.92609],[10.81489,64.92504],[10.81519,64.92468],[10.81742,64.92435],[10.8194,64.92532]],[[10.86242,64.92387],[10.86601,64.92619],[10.86537,64.92759],[10.86602,64.92807],[10.8683,64.92846],[10.86725,64.92777],[10.86769,64.92719],[10.86987,64.92806],[10.86949,64.92868],[10.8734,64.9297]],[[10.8103,64.92662],[10.80818,64.92592],[10.80394,64.92617],[10.80181,64.9251],[10.80073,64.92488],[10.80007,64.92514],[10.80147,64.92635],[10.80427,64.92641],[10.80332,64.92717],[10.80549,64.92803],[10.81006,64.92738],[10.8103,64.92662]],[[10.76813,64.92547],[10.7696,64.92567],[10.77058,64.92535],[10.77225,64.92631],[10.77352,64.92658],[10.7731,64.9261],[10.77425,64.9262],[10.77689,64.92683],[10.77779,64.92755],[10.78038,64.92784],[10.77868,64.92724],[10.77919,64.9267],[10.77181,64.92458],[10.77067,64.92437],[10.76889,64.92483],[10.76829,64.92448]],[[10.8475,64.92378],[10.85412,64.92769],[10.85811,64.92843],[10.86037,64.92836],[10.86124,64.92759],[10.86305,64.92859],[10.86418,64.92818],[10.8654,64.92859],[10.8657,64.93168],[10.86719,64.93145],[10.86735,64.92986],[10.86861,64.92909],[10.87308,64.93173]],[[10.75782,64.92888],[10.75714,64.92769],[10.75426,64.92722],[10.75267,64.92639],[10.75142,64.92658],[10.75208,64.92839],[10.75554,64.9282],[10.75632,64.9292],[10.75711,64.92933],[10.75782,64.92888]],[[10.87308,64.93173],[10.87664,64.93291],[10.87794,64.93273],[10.87754,64.93139],[10.8734,64.9297]],[[10.73897,64.92628],[10.73703,64.92568],[10.73668,64.9241],[10.73568,64.92414],[10.73465,64.92548],[10.73671,64.92641],[10.73665,64.92796],[10.73778,64.92906],[10.73869,64.9289],[10.73933,64.928],[10.73897,64.92628]],[[10.76673,64.9295],[10.76612,64.92762],[10.7618,64.927],[10.76469,64.92851],[10.76353,64.92899],[10.7641,64.93038],[10.76502,64.93109],[10.76675,64.93148],[10.76673,64.9295]],[[10.76667,64.9347],[10.76976,64.93582],[10.77285,64.93598],[10.7722,64.93307],[10.76885,64.93234],[10.76701,64.93259]],[[10.7332,64.93513],[10.73064,64.93442],[10.72961,64.93472],[10.72888,64.9343],[10.72812,64.93445],[10.72816,64.9353],[10.72924,64.93564],[10.73669,64.93649],[10.7332,64.93513]],[[10.87216,64.93769],[10.87639,64.93932],[10.87676,64.94055],[10.87867,64.94042],[10.87844,64.93889],[10.87702,64.93769],[10.87236,64.93643]],[[10.81934,64.92615],[10.81785,64.92636],[10.81582,64.92731],[10.81822,64.92761],[10.81804,64.92832],[10.82016,64.9288],[10.82448,64.92822],[10.8259,64.92719],[10.83019,64.92619],[10.8332,64.92711],[10.83089,64.92819],[10.83107,64.9291],[10.83263,64.92939],[10.83543,64.92874],[10.83724,64.92979],[10.83798,64.92903],[10.84232,64.92719],[10.84147,64.92896],[10.84278,64.93002],[10.83856,64.93102],[10.83765,64.93157],[10.8391,64.93282],[10.84072,64.93309],[10.84338,64.93268],[10.84461,64.93359],[10.84681,64.93343],[10.84722,64.93423],[10.8488,64.93417],[10.84993,64.93379],[10.84963,64.93336],[10.84692,64.93313],[10.84906,64.93162],[10.84949,64.93231],[10.85161,64.93244],[10.85166,64.93328],[10.85274,64.9337],[10.8552,64.93342],[10.85531,64.93375],[10.8536,64.93437],[10.85348,64.93512],[10.85973,64.93578],[10.86098,64.93725],[10.86418,64.93809],[10.86531,64.93878],[10.86667,64.93782],[10.86692,64.93652],[10.86433,64.93417],[10.85455,64.9305],[10.85147,64.9302],[10.84929,64.93072],[10.8466,64.92837],[10.84719,64.92768],[10.84907,64.92813],[10.84992,64.92767],[10.84771,64.92559],[10.84436,64.92412]],[[10.7495,64.93207],[10.74675,64.93267],[10.74812,64.93482],[10.7505,64.9356],[10.75192,64.93478],[10.75105,64.93263],[10.7495,64.93207]],[[10.87369,64.92781],[10.88127,64.93022],[10.88292,64.92914],[10.8853,64.93087],[10.89387,64.93313],[10.89558,64.93449],[10.89607,64.93576],[10.89842,64.93668],[10.90154,64.93902],[10.90732,64.94027],[10.91246,64.94049]],[[10.75749,64.93527],[10.75766,64.9331],[10.75372,64.932],[10.75312,64.93234],[10.7533,64.935],[10.75474,64.93512],[10.75587,64.93638],[10.75749,64.93527]],[[10.91246,64.94049],[10.91403,64.94066],[10.91515,64.94169],[10.91705,64.94199],[10.9225,64.94122],[10.92554,64.94218]],[[10.90769,64.94407],[10.906,64.94381],[10.9015,64.94154],[10.8986,64.94128],[10.89704,64.94205],[10.89878,64.94316],[10.90389,64.94419],[10.90474,64.9448],[10.90841,64.94509],[10.90995,64.94466],[10.90769,64.94407]],[[10.77233,64.93862],[10.77266,64.93678],[10.76876,64.9365],[10.76775,64.93696],[10.76675,64.93642],[10.76867,64.93895],[10.76805,64.94028],[10.76961,64.9415],[10.77167,64.94007],[10.77233,64.93862]],[[10.72652,64.9398],[10.7233,64.93934],[10.72189,64.93958],[10.72144,64.94063],[10.72496,64.94057],[10.72684,64.94023],[10.72652,64.9398]],[[10.93269,64.94521],[10.93009,64.94524],[10.92763,64.94621],[10.93161,64.9474],[10.93387,64.94748],[10.93464,64.94654],[10.93258,64.94558],[10.93269,64.94521]],[[10.72733,64.94129],[10.72654,64.94104],[10.7242,64.94127],[10.72341,64.94263],[10.72437,64.94363],[10.73303,64.94505],[10.7333,64.94434],[10.72733,64.94129]],[[10.93597,64.94863],[10.93028,64.94767],[10.92666,64.94754],[10.92559,64.94785],[10.92658,64.94835],[10.93302,64.94937],[10.93597,64.94863]],[[10.76847,64.94323],[10.76563,64.94364],[10.76596,64.94511],[10.77085,64.94581],[10.77084,64.94438],[10.76958,64.94341],[10.76847,64.94323]],[[10.97649,64.94855],[10.9783,64.94891],[10.98055,64.94834],[10.97979,64.9497],[10.98129,64.94994],[10.98108,64.95043],[10.98215,64.95081],[10.98363,64.95101],[10.98607,64.94997],[10.98726,64.95001],[10.98853,64.9515],[10.99386,64.95237]],[[10.993,64.95308],[10.99384,64.95307],[10.99386,64.95237]],[[10.77087,64.9462],[10.7676,64.94611],[10.76551,64.94679],[10.76774,64.94882],[10.76933,64.94926],[10.77103,64.94787],[10.77148,64.94656],[10.77087,64.9462]],[[10.97533,64.95625],[10.97071,64.95554],[10.97004,64.95646],[10.97514,64.95754]],[[10.86986,64.95261],[10.86904,64.95311],[10.8697,64.9537]],[[10.76139,64.94953],[10.76218,64.94725],[10.75822,64.94362],[10.75318,64.94078],[10.73946,64.93712],[10.73561,64.93726],[10.73401,64.93671],[10.72834,64.93602],[10.72581,64.93645],[10.72552,64.93694],[10.72868,64.93926],[10.73266,64.93919],[10.73051,64.93986],[10.72998,64.94152],[10.73508,64.94398],[10.74421,64.94409],[10.74631,64.94372],[10.74848,64.94409],[10.75033,64.94374],[10.75033,64.94562],[10.74951,64.94595],[10.74793,64.9455],[10.74587,64.94609],[10.74346,64.94522],[10.741,64.94537],[10.73934,64.94678],[10.74041,64.94776],[10.74204,64.94751],[10.7429,64.94836],[10.75441,64.94983],[10.75941,64.94886],[10.75834,64.95038],[10.75915,64.95069],[10.76139,64.94953]],[[10.88249,64.95326],[10.88468,64.95322],[10.88572,64.95388],[10.88776,64.95362],[10.88834,64.9512],[10.88678,64.95124],[10.88619,64.95233],[10.8846,64.95249],[10.88352,64.94874],[10.88068,64.94822],[10.87934,64.94841],[10.87835,64.94773],[10.8774,64.94877],[10.8743,64.9482],[10.87302,64.94837],[10.87455,64.95011],[10.87233,64.95033],[10.87355,64.951],[10.87632,64.95103],[10.876,64.95025],[10.8783,64.94959],[10.87814,64.94906],[10.87962,64.94882],[10.87992,64.94946],[10.87996,64.94992],[10.87798,64.95057],[10.87753,64.95137],[10.87913,64.9527],[10.87667,64.95256],[10.8751,64.95184],[10.87351,64.95234],[10.8783,64.95338],[10.87815,64.95387],[10.87953,64.95419],[10.88042,64.95404],[10.8797,64.95271],[10.88077,64.9528],[10.88143,64.95425],[10.88296,64.95396],[10.88249,64.95326]],[[10.8697,64.9537],[10.87435,64.95475],[10.87818,64.95486],[10.87634,64.954],[10.86986,64.95261]],[[10.993,64.95308],[10.99068,64.95268],[10.98913,64.95299],[10.98058,64.95103],[10.9782,64.9515],[10.97803,64.95453],[10.98062,64.95586],[10.98882,64.95795],[10.99355,64.95815],[10.99618,64.9579],[10.99999,64.95921]],[[10.92554,64.94218],[10.92823,64.94328],[10.93228,64.94386],[10.93745,64.94518],[10.93783,64.94615],[10.93648,64.94754],[10.93804,64.94854],[10.94608,64.9501],[10.95117,64.95208],[10.95064,64.95232],[10.94736,64.95133],[10.94298,64.95099],[10.94288,64.95166],[10.94724,64.95274],[10.94421,64.95325],[10.9444,64.95368],[10.9455,64.95395],[10.94697,64.95372],[10.94835,64.9547],[10.95043,64.95526],[10.95086,64.955],[10.94883,64.95404],[10.95483,64.95411],[10.95557,64.95478],[10.95813,64.95477],[10.95816,64.95506],[10.95612,64.95547],[10.95657,64.95642],[10.95766,64.95715],[10.96257,64.95822],[10.96339,64.95748],[10.96823,64.95636],[10.96851,64.95591],[10.96688,64.95497],[10.97026,64.95485],[10.96931,64.95419],[10.96588,64.95324],[10.96951,64.9534],[10.97176,64.95419],[10.974,64.95388],[10.97469,64.95226],[10.97345,64.95012],[10.97051,64.94865],[10.96802,64.94904],[10.9629,64.94846],[10.95863,64.95156],[10.95901,64.952],[10.96423,64.95293],[10.96379,64.9534],[10.96449,64.95403],[10.96379,64.95446],[10.95894,64.95366],[10.95804,64.95334],[10.95852,64.95285],[10.95587,64.9523],[10.95568,64.9514],[10.95731,64.95094],[10.95829,64.94957],[10.95371,64.9476],[10.95951,64.94716],[10.97,64.94816],[10.9721,64.94746],[10.97486,64.94784],[10.97649,64.94855]],[[10.97514,64.95754],[10.97796,64.95786],[10.97932,64.9586],[10.98409,64.95906],[10.98351,64.95768],[10.97784,64.95695],[10.97533,64.95625]],[[10.74339,64.95315],[10.74047,64.95255],[10.73993,64.95305]],[[10.75284,64.95342],[10.75593,64.95243],[10.75854,64.95092],[10.7537,64.95074],[10.74803,64.94949],[10.74631,64.94945],[10.74402,64.94994],[10.74398,64.9508],[10.74818,64.95225],[10.74997,64.95246],[10.75095,64.95336]],[[10.8413,64.95591],[10.84038,64.95316],[10.84103,64.95254],[10.83754,64.95062],[10.83512,64.9506],[10.83238,64.94976],[10.83274,64.94929],[10.83132,64.94853],[10.82965,64.94815],[10.82871,64.94845],[10.82788,64.94811],[10.8289,64.94765],[10.82808,64.94622],[10.82298,64.94537],[10.82649,64.94522],[10.82608,64.94454],[10.82318,64.94385],[10.8183,64.94384],[10.82119,64.9448],[10.82049,64.94522],[10.8187,64.94519],[10.81953,64.9459],[10.82323,64.94651],[10.82548,64.94741],[10.82422,64.94822],[10.82114,64.94763],[10.82208,64.9495],[10.82156,64.9497],[10.81865,64.9475],[10.81657,64.94697],[10.81656,64.94623],[10.81392,64.94525],[10.81746,64.94558],[10.81755,64.94427],[10.81265,64.94264],[10.8095,64.94077],[10.80644,64.94252],[10.80913,64.94352],[10.81057,64.94313],[10.81225,64.94338],[10.81113,64.94456],[10.80964,64.94462],[10.80899,64.94429],[10.80839,64.94456],[10.80966,64.94605],[10.80785,64.94532],[10.80727,64.94831],[10.81079,64.94841],[10.81209,64.9491],[10.81356,64.94923],[10.81427,64.94862],[10.81342,64.94789],[10.81154,64.948],[10.81041,64.94696],[10.81109,64.94687],[10.81283,64.94775],[10.81517,64.94747],[10.81524,64.94884],[10.81718,64.94904],[10.81538,64.95076],[10.81615,64.95205],[10.81765,64.95175],[10.81816,64.95301],[10.82077,64.95444],[10.82291,64.95446],[10.82402,64.9539],[10.82674,64.95457],[10.82622,64.95476],[10.827,64.95551]],[[10.91936,64.95807],[10.91808,64.95774],[10.91704,64.95801]],[[10.99221,64.96005],[10.9923,64.95956],[10.98954,64.95886],[10.98655,64.9594],[10.98808,64.95994]],[[10.75095,64.95336],[10.75284,64.95342]],[[10.74339,64.95315],[10.74508,64.95357],[10.74548,64.95321]],[[10.73993,64.95305],[10.74318,64.95417],[10.7456,64.95442],[10.74683,64.95425],[10.74608,64.95383],[10.74758,64.95362],[10.74627,64.95323]],[[10.98808,64.95994],[10.9881,64.96103],[10.99007,64.96134],[10.99099,64.96096],[10.98943,64.96053],[10.98975,64.96033],[10.99221,64.96005]],[[10.91704,64.95801],[10.91578,64.95854],[10.91601,64.95889],[10.92001,64.9596],[10.92006,64.95844],[10.91936,64.95807]],[[11.00097,64.9607],[10.99907,64.9605],[10.99763,64.96151],[11.00242,64.96217]],[[10.93558,64.96077],[10.93398,64.95983],[10.92991,64.96032],[10.92675,64.95972],[10.92561,64.96036],[10.93211,64.96168],[10.93377,64.96166],[10.93558,64.96077]],[[10.86639,64.95821],[10.86494,64.95806],[10.86471,64.95858],[10.8675,64.96001],[10.86793,64.95929],[10.86639,64.95821]],[[10.80638,64.97892],[10.80273,64.97902],[10.8033,64.98014],[10.80656,64.98108],[10.80711,64.98021],[10.80541,64.97925],[10.80638,64.97892]],[[10.88514,64.95958],[10.88338,64.95885],[10.88133,64.95905],[10.87468,64.95862],[10.8869,64.9615],[10.88729,64.96123],[10.88546,64.9603],[10.88514,64.95958]],[[10.86874,64.95986],[10.86773,64.96024],[10.86856,64.96106]],[[10.86856,64.96106],[10.86975,64.96147],[10.87053,64.96075],[10.86874,64.95986]],[[10.79161,64.95674],[10.78719,64.9566],[10.77871,64.95547],[10.77988,64.95713],[10.78627,64.96003],[10.78868,64.95939],[10.79065,64.95827],[10.79191,64.95742],[10.79161,64.95674]],[[10.76966,64.95788],[10.76801,64.95775],[10.76772,64.95858],[10.76792,64.95927],[10.7702,64.96041],[10.76966,64.95788]],[[10.74858,64.95886],[10.74464,64.95878],[10.74404,64.95916],[10.74547,64.96008],[10.75086,64.95993],[10.74858,64.95886]],[[10.85947,64.97862],[10.86177,64.97842],[10.85751,64.97767],[10.85587,64.97571],[10.85417,64.97506],[10.8542,64.97606],[10.85526,64.97661],[10.85435,64.97779],[10.85664,64.97826]],[[10.85664,64.97826],[10.85947,64.97862]],[[10.98298,64.96732],[10.98764,64.96767],[10.98372,64.96612],[10.98088,64.96585],[10.97949,64.96626],[10.98104,64.96741],[10.98343,64.96786],[10.98298,64.96732]],[[11.00206,64.96623],[10.99918,64.96613],[10.99855,64.96656],[10.99974,64.9675],[10.99738,64.96763],[10.99727,64.96799],[11.00066,64.96846]],[[10.82894,64.96237],[10.82739,64.96246],[10.82736,64.96418],[10.82622,64.96468],[10.8278,64.96533],[10.82894,64.96237]],[[10.91736,64.9655],[10.90645,64.96217],[10.90704,64.96563],[10.91195,64.96586],[10.91367,64.96528],[10.91406,64.96616],[10.91778,64.96654],[10.9182,64.96608],[10.91736,64.9655]],[[10.8522,64.96183],[10.85148,64.96173],[10.84952,64.9629],[10.85015,64.96359],[10.84957,64.96445],[10.85051,64.96476],[10.8522,64.96183]],[[10.78193,64.96145],[10.78363,64.96148],[10.78486,64.96103],[10.78543,64.96054],[10.78429,64.95998],[10.77944,64.95947],[10.77918,64.95984],[10.78081,64.96081],[10.78027,64.961],[10.77828,64.9601],[10.77709,64.96049],[10.77542,64.95883],[10.7722,64.95822],[10.77565,64.96184],[10.77802,64.96085],[10.77848,64.96201],[10.77702,64.96257],[10.7783,64.96312],[10.78028,64.96307],[10.78179,64.96252],[10.78247,64.962],[10.78193,64.96145]],[[10.81047,64.97714],[10.80968,64.97628],[10.80698,64.97562],[10.80433,64.97416],[10.80168,64.9736],[10.7999,64.97387],[10.80182,64.97656],[10.80444,64.97708],[10.80813,64.97707],[10.8094,64.97761],[10.81047,64.97714]],[[10.82555,64.96284],[10.82423,64.96254],[10.82336,64.96276],[10.82224,64.96213],[10.82158,64.96222],[10.82435,64.96476],[10.82555,64.96284]],[[10.86839,64.96214],[10.86621,64.96136],[10.8639,64.96125],[10.86401,64.96221],[10.86192,64.96257],[10.86117,64.96325],[10.86365,64.96462],[10.86618,64.96394],[10.86767,64.96679]],[[10.86767,64.96684],[10.86751,64.96783]],[[10.77588,64.96441],[10.77599,64.96336],[10.77205,64.96231],[10.77158,64.96272],[10.77275,64.96303],[10.77328,64.964],[10.77269,64.96422],[10.77134,64.96382],[10.7718,64.96495],[10.77534,64.96505],[10.77588,64.96441]],[[10.75736,64.96283],[10.75517,64.96255],[10.75461,64.96287],[10.75755,64.96596],[10.75914,64.96554],[10.75926,64.96443],[10.75736,64.96283]],[[10.81765,64.96677],[10.81653,64.96608],[10.81391,64.96614],[10.81788,64.9683],[10.82168,64.96912],[10.81765,64.96677]],[[10.86839,64.96214],[10.87346,64.96127],[10.87134,64.95953],[10.87202,64.9592],[10.87619,64.95988],[10.8782,64.96098],[10.88027,64.96123],[10.88053,64.96175],[10.88288,64.96252],[10.88484,64.9622],[10.8889,64.96336],[10.88941,64.96291],[10.88833,64.96203],[10.88932,64.96112],[10.89099,64.96227],[10.89165,64.96358],[10.9011,64.96684],[10.90226,64.96689],[10.90314,64.96625],[10.90469,64.96694],[10.90689,64.96636],[10.91048,64.96757],[10.91908,64.96943],[10.92144,64.96858],[10.92251,64.96859],[10.9235,64.96952],[10.92628,64.97024],[10.92813,64.9717],[10.92976,64.97225],[10.92907,64.96981],[10.93191,64.96984],[10.93561,64.97087],[10.93808,64.97032],[10.92775,64.96835],[10.92443,64.96593],[10.92264,64.96653],[10.92033,64.96596],[10.91925,64.96483],[10.92087,64.96456],[10.923,64.96489],[10.92416,64.96574],[10.92525,64.96533],[10.92847,64.96581],[10.92663,64.96417],[10.92727,64.96377],[10.93339,64.96512],[10.93701,64.96534],[10.93894,64.96617],[10.94273,64.96676],[10.94245,64.96706],[10.93936,64.96688],[10.93874,64.96754],[10.94183,64.96863],[10.94239,64.96841],[10.94136,64.96777],[10.94199,64.96748],[10.95001,64.96858],[10.9517,64.96845],[10.95653,64.96948],[10.95826,64.97029],[10.9559,64.97069],[10.95215,64.96996],[10.95034,64.97014],[10.9482,64.96889],[10.94705,64.96936],[10.94962,64.97054],[10.9499,64.97121],[10.95251,64.97162],[10.95343,64.97111],[10.95499,64.97148]],[[10.97099,64.98506],[10.97382,64.98481],[10.97506,64.9817],[10.97406,64.98158],[10.97166,64.98223],[10.97281,64.98301],[10.97122,64.98352]],[[10.86724,64.96957],[10.86555,64.96953],[10.86458,64.96822],[10.86289,64.96813],[10.86117,64.96731],[10.8636,64.96658],[10.86419,64.96585],[10.86102,64.9633],[10.85956,64.96328],[10.85884,64.96225],[10.85676,64.96247],[10.85686,64.96382],[10.8558,64.96431],[10.85502,64.96424],[10.85433,64.96292],[10.85324,64.96308],[10.85202,64.96495],[10.85272,64.96552],[10.85514,64.96531],[10.85689,64.9677],[10.85938,64.96859],[10.8603,64.96836],[10.86491,64.97063],[10.86567,64.97057],[10.86598,64.96977],[10.86709,64.97059]],[[10.75314,64.96586],[10.75033,64.96472],[10.74721,64.96473],[10.74725,64.9656],[10.74454,64.96433],[10.74273,64.96477],[10.74153,64.96429],[10.74025,64.96485],[10.73845,64.96391],[10.73689,64.96375],[10.73803,64.96503],[10.74043,64.96565],[10.74157,64.96658],[10.74662,64.96675],[10.7494,64.96775],[10.74964,64.96704],[10.75265,64.96664],[10.75314,64.96586]],[[10.86709,64.97059],[10.86742,64.97132],[10.87019,64.97181],[10.86968,64.97081],[10.86724,64.96957]],[[10.8669,64.97181],[10.86426,64.97172],[10.86676,64.97268]],[[11.00173,64.97447],[10.99954,64.97431],[11.00035,64.97529]],[[10.95522,64.98297],[10.9504,64.98147],[10.94973,64.98217],[10.94686,64.98157],[10.94608,64.98194],[10.94716,64.98283],[10.95146,64.98328],[10.95598,64.98486],[10.95857,64.98509],[10.95809,64.98384],[10.95522,64.98297]],[[10.8413,64.95591],[10.84419,64.95725],[10.84244,64.95729],[10.84238,64.9579],[10.84859,64.95807],[10.85176,64.95955],[10.8531,64.95869],[10.8552,64.95999],[10.85553,64.96102],[10.85415,64.96213],[10.85181,64.95985],[10.85144,64.96073],[10.84846,64.9618],[10.84783,64.9625],[10.84905,64.9642],[10.84752,64.96445],[10.84752,64.96594],[10.84591,64.96598],[10.84462,64.96549],[10.84174,64.96627],[10.84832,64.96709],[10.85674,64.96951],[10.85763,64.96918],[10.85977,64.96931],[10.86075,64.96974],[10.86178,64.97158],[10.86661,64.97366]],[[10.97258,64.97455],[10.97163,64.97427],[10.9713,64.97301],[10.96735,64.97199],[10.96664,64.97166],[10.96694,64.97114],[10.96611,64.97094],[10.96454,64.97149],[10.96617,64.97262],[10.9664,64.97348],[10.96737,64.97385],[10.96917,64.9737],[10.97095,64.97502],[10.96101,64.97291],[10.95949,64.97352],[10.96044,64.97404],[10.95818,64.9741],[10.95781,64.97484],[10.95977,64.9755],[10.96086,64.97546],[10.96158,64.97439],[10.96406,64.9762],[10.96827,64.97705],[10.97094,64.97663],[10.97254,64.97479]],[[10.79674,64.97175],[10.79693,64.97114],[10.79564,64.9707],[10.78789,64.96989],[10.7871,64.96931],[10.77292,64.9675],[10.77068,64.96758],[10.77019,64.96717],[10.76846,64.967],[10.76485,64.96712],[10.76396,64.96753],[10.76867,64.97005],[10.77006,64.96953],[10.77275,64.97039],[10.77507,64.97053],[10.77816,64.97129],[10.78344,64.97098],[10.78566,64.9717],[10.79646,64.97262],[10.79674,64.97175]],[[10.76095,64.97087],[10.75956,64.97144],[10.76063,64.97285]],[[10.90017,64.97872],[10.89317,64.97704],[10.89132,64.97738],[10.9017,64.97958],[10.90017,64.97872]],[[10.8669,64.97181],[10.86993,64.97267],[10.87048,64.97448],[10.87849,64.97526],[10.88059,64.97511],[10.88128,64.97567],[10.88692,64.97689],[10.88719,64.97614],[10.88997,64.97646],[10.88024,64.97404],[10.87589,64.9736],[10.87204,64.97242],[10.86751,64.96783]],[[10.95668,64.97798],[10.95583,64.9771],[10.95688,64.97662],[10.95388,64.97614],[10.95126,64.97825],[10.95187,64.9784],[10.95298,64.97787],[10.95477,64.97882],[10.95668,64.97798]],[[10.86661,64.97366],[10.86786,64.97488],[10.87092,64.97625],[10.87096,64.97736],[10.87362,64.97768],[10.86676,64.97268]],[[10.76045,64.974],[10.75928,64.97446],[10.75878,64.97556],[10.76017,64.97574]],[[10.76063,64.97285],[10.76326,64.97343],[10.7643,64.97222],[10.76491,64.97288],[10.76632,64.97308],[10.76578,64.9738],[10.7666,64.97483],[10.76958,64.9752],[10.7735,64.9763],[10.78889,64.97758],[10.79097,64.9776],[10.79211,64.97726],[10.78695,64.97617],[10.78439,64.97599],[10.78364,64.9764],[10.78272,64.97629],[10.78062,64.97564],[10.7815,64.97495],[10.79534,64.97703],[10.79496,64.97645],[10.79001,64.9755],[10.78743,64.97378],[10.79104,64.97303],[10.79268,64.97372],[10.79667,64.97426],[10.79763,64.97399],[10.79733,64.97359],[10.79474,64.97298],[10.78682,64.97229],[10.78152,64.97202],[10.77966,64.9726],[10.77714,64.97165],[10.77451,64.97148],[10.77354,64.97191],[10.77091,64.97119],[10.76909,64.97124],[10.76949,64.97078],[10.76659,64.9702],[10.76585,64.97048],[10.76742,64.97098],[10.76255,64.97041],[10.76226,64.97165],[10.76095,64.97087]],[[10.86918,64.97934],[10.86777,64.97939],[10.86874,64.98016],[10.87301,64.98033],[10.86918,64.97934]],[[10.86421,64.98006],[10.86204,64.98007],[10.86546,64.98113]],[[10.79608,64.97841],[10.79692,64.97804],[10.79626,64.97767],[10.79172,64.97667],[10.79321,64.97805],[10.79275,64.9783],[10.79068,64.97818],[10.79133,64.97883],[10.79659,64.97975],[10.79624,64.97925],[10.79355,64.97863],[10.79608,64.97841]],[[10.86734,64.98157],[10.8702,64.98219],[10.87388,64.98217],[10.87296,64.98114],[10.8688,64.98076],[10.86825,64.98008],[10.8656,64.98019]],[[10.97122,64.98352],[10.96927,64.98375],[10.96563,64.98179],[10.96487,64.98079],[10.96321,64.9809],[10.96359,64.98241],[10.96464,64.98318],[10.96772,64.98392],[10.96897,64.98484],[10.97099,64.98506]],[[10.81105,64.9792],[10.80882,64.97867],[10.80757,64.97902],[10.80767,64.98022],[10.80966,64.98062],[10.80973,64.98122],[10.81241,64.98067],[10.81105,64.9792]],[[10.82035,64.98096],[10.81738,64.98068],[10.81795,64.97996],[10.81939,64.9803],[10.82109,64.97996],[10.81957,64.97889],[10.81752,64.97861],[10.81678,64.97783],[10.81574,64.97824],[10.81656,64.97945],[10.81234,64.97911],[10.81334,64.98042],[10.81671,64.98068],[10.81367,64.98103],[10.8141,64.98186],[10.81919,64.98207],[10.82035,64.98096]],[[10.77009,64.98054],[10.76669,64.98009],[10.76597,64.9805],[10.77397,64.98286],[10.77521,64.98289],[10.77505,64.98205],[10.77374,64.9814],[10.77009,64.98054]],[[11.00257,64.99304],[10.99626,64.99228],[10.99356,64.9924],[10.99395,64.99451],[11.00145,64.99535]],[[10.95499,64.97148],[10.95799,64.97331],[10.95766,64.97398],[10.95494,64.9747],[10.95459,64.97527],[10.94827,64.97366],[10.94586,64.97345],[10.95289,64.97568],[10.95029,64.97738],[10.94828,64.9777],[10.94653,64.97751],[10.94581,64.97815],[10.94354,64.97801],[10.9459,64.97906],[10.94563,64.97952],[10.94394,64.97987],[10.94305,64.97925],[10.93774,64.97896],[10.94112,64.98057],[10.94173,64.98182],[10.93984,64.98311],[10.94094,64.9839],[10.94034,64.98454],[10.94262,64.98452],[10.94316,64.98378],[10.94552,64.98417],[10.94706,64.98404],[10.95665,64.98529],[10.95999,64.98606],[10.96049,64.98663],[10.96216,64.98657],[10.96437,64.9856],[10.96637,64.98668],[10.96784,64.98647],[10.96977,64.98681],[10.96556,64.98753],[10.96667,64.98888],[10.96896,64.98842],[10.9704,64.98896]],[[10.99785,64.98859],[10.99261,64.98791],[10.99316,64.98707],[10.99441,64.98708],[10.99493,64.98746],[10.99599,64.98709],[10.99398,64.98513],[10.99175,64.98532],[10.98957,64.98633],[10.98948,64.98695],[10.98697,64.98715],[10.98733,64.9886],[10.991,64.98928],[10.99579,64.98986],[10.99785,64.98859]],[[10.86449,64.9874],[10.86688,64.98679],[10.86466,64.98626]],[[10.75896,64.9834],[10.75961,64.98439],[10.76163,64.98444],[10.76122,64.98266],[10.75971,64.98256],[10.75903,64.98296]],[[10.77552,64.98351],[10.77275,64.98342],[10.77236,64.98388],[10.77405,64.98456],[10.78364,64.98508],[10.77552,64.98351]],[[10.86449,64.9874],[10.86346,64.98818],[10.86429,64.98865]],[[10.89972,64.99307],[10.90184,64.99307],[10.89519,64.9913],[10.88696,64.99065],[10.89201,64.99227],[10.89573,64.99253],[10.90001,64.99369],[10.89972,64.99307]],[[10.82614,64.99148],[10.82421,64.98982],[10.81405,64.9877],[10.81235,64.98916],[10.81417,64.99015],[10.82194,64.99108],[10.82543,64.9919],[10.82614,64.99148]],[[10.9178,64.99727],[10.91896,64.99584],[10.91816,64.99435],[10.91645,64.99407],[10.91252,64.99441],[10.91219,64.99484],[10.91426,64.99624],[10.91655,64.99692],[10.91376,64.99716],[10.91366,64.99842],[10.91681,64.99972],[10.91754,64.99938],[10.9178,64.99727]],[[10.89222,64.9883],[10.89318,64.98948],[10.89669,64.98964],[10.90276,64.98977],[10.90365,64.98928],[10.906,64.98954],[10.90567,64.98816],[10.90985,64.98965],[10.9127,64.98953],[10.91396,64.98899],[10.91067,64.98738],[10.90696,64.98747],[10.90546,64.98709],[10.90476,64.98776],[10.90269,64.98686],[10.89457,64.98488],[10.8925,64.98517],[10.88787,64.98299],[10.88887,64.98271],[10.89029,64.98329],[10.89605,64.98385],[10.89553,64.98341],[10.88227,64.98156],[10.88102,64.98166],[10.88172,64.98246],[10.88117,64.98266],[10.87911,64.98211],[10.87904,64.98126],[10.87717,64.98065],[10.87943,64.98051],[10.88069,64.97997],[10.88362,64.98112],[10.89654,64.98277],[10.89749,64.98303],[10.89701,64.98332],[10.89816,64.98416],[10.89695,64.98468],[10.89959,64.98536],[10.90015,64.9852],[10.89972,64.98474],[10.90523,64.98537],[10.90699,64.98499],[10.90846,64.98533],[10.91167,64.98511],[10.91279,64.98599],[10.91558,64.98658],[10.91276,64.98717],[10.92149,64.98921],[10.92511,64.98934],[10.92647,64.98854],[10.92965,64.98898],[10.92912,64.98957],[10.93043,64.99015],[10.93336,64.99023],[10.93729,64.9898],[10.93695,64.98916],[10.93532,64.98852],[10.93067,64.98777],[10.92966,64.98803],[10.92566,64.98697],[10.92466,64.98623],[10.90395,64.9828],[10.90435,64.98251],[10.90972,64.98315],[10.90944,64.98225],[10.90492,64.98037],[10.90866,64.98082],[10.91245,64.97966],[10.91217,64.98131],[10.91308,64.98279],[10.91432,64.98298],[10.91537,64.98247],[10.91722,64.98376],[10.93036,64.98653],[10.93733,64.98742],[10.94093,64.98716],[10.94766,64.98937],[10.95075,64.98987],[10.95449,64.98982],[10.95537,64.98921],[10.9519,64.98772],[10.95238,64.98691],[10.95101,64.98638],[10.95165,64.9857],[10.9526,64.98622],[10.95968,64.98675],[10.95812,64.98799],[10.9582,64.9892],[10.96006,64.98929],[10.96114,64.98876],[10.96373,64.98964],[10.9703,64.98966]],[[10.89096,64.98961],[10.89005,64.98933],[10.89125,64.98896],[10.88997,64.98808],[10.89222,64.9883]],[[10.80046,64.98683],[10.80638,64.9871],[10.80825,64.98638],[10.80696,64.98567],[10.80484,64.98608],[10.80359,64.98548],[10.80458,64.98504],[10.80216,64.98434],[10.8024,64.98403],[10.80462,64.98423],[10.80699,64.98541],[10.8138,64.98628],[10.81441,64.98594],[10.81077,64.98444],[10.80837,64.98403],[10.80718,64.98428],[10.80683,64.98347],[10.80489,64.98342],[10.80347,64.98255],[10.79603,64.98078],[10.78749,64.97931],[10.77564,64.97814],[10.76804,64.97812],[10.76737,64.97845],[10.76698,64.97909],[10.7696,64.97979],[10.78485,64.98026],[10.78481,64.98057],[10.78298,64.98048],[10.7818,64.98082],[10.7738,64.98078],[10.78127,64.98349],[10.79259,64.98475],[10.7956,64.98562],[10.78669,64.98445],[10.78605,64.98478],[10.79544,64.98633],[10.79593,64.98681],[10.79665,64.98665],[10.80048,64.98733],[10.80046,64.98683]],[[10.86421,64.98921],[10.86519,64.98895],[10.86429,64.98865]],[[10.87875,64.98926],[10.87733,64.98834],[10.87784,64.98776],[10.88226,64.98851],[10.88551,64.98791],[10.88358,64.9871],[10.87577,64.98563],[10.86927,64.98503],[10.86973,64.98555],[10.87637,64.98773],[10.8752,64.98874],[10.87558,64.98916],[10.87719,64.98898],[10.8779,64.98974],[10.87875,64.98926]],[[10.72697,64.98266],[10.72522,64.98278],[10.7248,64.98332],[10.7272,64.98472],[10.73049,64.98564],[10.73121,64.98516],[10.72946,64.98329],[10.72697,64.98266]],[[10.86466,64.98626],[10.86297,64.98666],[10.86342,64.98744],[10.8619,64.98743],[10.86028,64.9861],[10.86125,64.98561],[10.85961,64.98511],[10.85849,64.98569],[10.85929,64.98658],[10.85852,64.98733],[10.85567,64.98759],[10.85165,64.98737],[10.84712,64.98651],[10.83907,64.98569],[10.8395,64.98654],[10.84229,64.98691],[10.84467,64.98771],[10.84403,64.98827],[10.84589,64.98896],[10.85062,64.98852],[10.85149,64.98894],[10.85501,64.98833],[10.8574,64.98832],[10.86421,64.98921]],[[10.87132,64.98895],[10.86698,64.98808],[10.86725,64.98879],[10.86584,64.9892],[10.86964,64.99001],[10.87132,64.98895]],[[10.96513,64.99262],[10.96375,64.99189],[10.9603,64.99164],[10.95354,64.99187],[10.95481,64.99254],[10.95741,64.99286],[10.96036,64.99282],[10.96228,64.99225],[10.96308,64.99312],[10.96555,64.9932],[10.96513,64.99262]],[[10.83779,64.99266],[10.83738,64.99199],[10.83307,64.99102],[10.8279,64.99069],[10.82801,64.99128],[10.83054,64.99169],[10.8298,64.99243],[10.82828,64.99218],[10.82872,64.99261],[10.83154,64.99308],[10.8356,64.99305],[10.83779,64.99266]],[[10.81298,64.99164],[10.81258,64.99102],[10.81067,64.99085],[10.81091,64.99035],[10.80676,64.98856],[10.80708,64.98803],[10.80361,64.98739],[10.80152,64.98737],[10.80345,64.98784],[10.80327,64.98813],[10.79961,64.98803],[10.79839,64.98788],[10.79762,64.98731],[10.79137,64.98623],[10.78213,64.98551],[10.77905,64.98543],[10.77695,64.9858],[10.76966,64.98556],[10.77544,64.98673],[10.77676,64.98759],[10.7819,64.98754],[10.78183,64.98907],[10.78347,64.98952],[10.7859,64.98854],[10.78802,64.98866],[10.78994,64.98909],[10.79166,64.99051],[10.79363,64.99076],[10.79504,64.99085],[10.79622,64.99016],[10.79576,64.98967],[10.7924,64.98921],[10.79265,64.98856],[10.79808,64.98917],[10.79998,64.98865],[10.80177,64.98867],[10.80328,64.98902],[10.80354,64.98967],[10.80956,64.99083],[10.80796,64.99126],[10.80971,64.99275],[10.81122,64.99304],[10.8167,64.99298],[10.81382,64.99226],[10.81298,64.99164]],[[10.80631,64.99145],[10.80313,64.99173],[10.80231,64.99231],[10.80269,64.99293],[10.80755,64.99253],[10.80631,64.99145]],[[10.827,64.95551],[10.82778,64.95584],[10.83021,64.95568],[10.8329,64.95671],[10.83404,64.95644],[10.8367,64.95763],[10.8346,64.95837],[10.82978,64.95666],[10.82696,64.95674],[10.83153,64.95902],[10.83129,64.95935],[10.82996,64.95917],[10.82931,64.9595],[10.83115,64.96056],[10.8307,64.96145],[10.82899,64.96195],[10.82818,64.96169],[10.82829,64.96057],[10.83015,64.96077],[10.83067,64.96049],[10.8281,64.9596],[10.82787,64.95857],[10.8252,64.95677],[10.82273,64.95663],[10.82158,64.95621],[10.82041,64.95631],[10.82158,64.957],[10.82035,64.9583],[10.82225,64.95911],[10.82437,64.95882],[10.82504,64.96028],[10.8188,64.95899],[10.81726,64.95979],[10.81784,64.96045],[10.8214,64.9617],[10.82088,64.9619],[10.81909,64.96147],[10.81859,64.96294],[10.82053,64.96646],[10.82782,64.97023],[10.82602,64.97006],[10.8257,64.97092],[10.81844,64.96891],[10.82178,64.97126],[10.82117,64.97155],[10.81739,64.96946],[10.81361,64.96832],[10.81,64.9664],[10.80944,64.96668],[10.81016,64.96762],[10.8082,64.9678],[10.80748,64.96922],[10.80774,64.97027],[10.8099,64.97192],[10.80441,64.97141],[10.80416,64.97014],[10.80544,64.97013],[10.80574,64.96965],[10.80175,64.96777],[10.80227,64.96672],[10.79962,64.9661],[10.79822,64.96526],[10.79878,64.96476],[10.80022,64.96489],[10.80073,64.96532],[10.80214,64.96521],[10.80203,64.96407],[10.80095,64.96346],[10.80143,64.96327],[10.80522,64.96582],[10.80714,64.96563],[10.80459,64.96258],[10.80558,64.96232],[10.806,64.96162],[10.80506,64.96143],[10.80625,64.96131],[10.80782,64.95801],[10.8032,64.95564],[10.80254,64.95587],[10.80317,64.95717],[10.80433,64.95786],[10.80622,64.95794],[10.80633,64.95859],[10.80381,64.96004],[10.80482,64.96123],[10.80262,64.96118],[10.80239,64.96194],[10.80109,64.96257],[10.79708,64.96228],[10.79559,64.96369],[10.79744,64.96599],[10.80024,64.96732],[10.80062,64.96818],[10.80285,64.96955],[10.80202,64.96996],[10.8003,64.96949],[10.79845,64.96739],[10.79691,64.96686],[10.79563,64.96746],[10.79751,64.96777],[10.7978,64.96858],[10.79648,64.96836],[10.79597,64.9686],[10.79711,64.9697],[10.79854,64.96965],[10.80431,64.97314],[10.80576,64.97333],[10.80722,64.9729],[10.80948,64.9736],[10.81169,64.97556],[10.81139,64.97713],[10.81214,64.97796],[10.81535,64.97787],[10.8163,64.97703],[10.81817,64.97808],[10.81964,64.97744],[10.82076,64.97925],[10.82297,64.97992],[10.82834,64.98004],[10.82929,64.97874],[10.83043,64.97936],[10.83016,64.98013],[10.83421,64.98042],[10.83205,64.98065],[10.83131,64.98174],[10.83399,64.98136],[10.83577,64.98208],[10.84047,64.98221],[10.84332,64.98268],[10.8434,64.98316],[10.84538,64.98361],[10.84698,64.98327],[10.85017,64.98365],[10.85654,64.98507],[10.85553,64.98598],[10.8476,64.98387],[10.84665,64.98426],[10.83909,64.98326],[10.83733,64.98373],[10.83316,64.9836],[10.83357,64.98431],[10.83568,64.98444],[10.83702,64.98541],[10.83327,64.98568],[10.83215,64.98543],[10.83272,64.98501],[10.83195,64.98408],[10.82807,64.98432],[10.82395,64.98411],[10.82371,64.98371],[10.82547,64.98294],[10.82426,64.98256],[10.82132,64.98254],[10.81824,64.98317],[10.81727,64.98277],[10.80958,64.98217],[10.81196,64.98326],[10.81132,64.98374],[10.81225,64.9841],[10.81472,64.98427],[10.81589,64.98381],[10.82122,64.98496],[10.82152,64.98574],[10.8184,64.98579],[10.82088,64.98767],[10.82595,64.9885],[10.82381,64.98727],[10.82467,64.98686],[10.82671,64.98844],[10.83084,64.98874],[10.83383,64.99046],[10.8351,64.9902],[10.83388,64.98866],[10.83426,64.98739],[10.83601,64.98804],[10.83837,64.98725],[10.83961,64.98902],[10.83718,64.98971],[10.84123,64.98996],[10.84059,64.99056],[10.84222,64.99136],[10.84387,64.99141],[10.84583,64.99001],[10.84815,64.98984],[10.8482,64.99017],[10.84601,64.99049],[10.84505,64.9916],[10.84718,64.99155],[10.85367,64.99326],[10.85818,64.99355],[10.8634,64.99441]],[[10.92637,64.99598],[10.92623,64.99399],[10.9206,64.99426],[10.92009,64.99531],[10.92156,64.99647],[10.92293,64.99588],[10.92368,64.9964],[10.92361,64.99758],[10.9257,64.99783],[10.92637,64.99598]],[[10.93551,64.99713],[10.93628,64.99712],[10.93692,64.99806],[10.93828,64.99833],[10.93998,64.99816],[10.94135,64.99721],[10.94306,64.99786],[10.94647,64.9969],[10.95063,64.99683],[10.9523,64.99614],[10.95266,64.99538],[10.95907,64.99704],[10.95946,64.99574],[10.95865,64.99487],[10.95701,64.99455],[10.95624,64.99487],[10.95461,64.99455],[10.95397,64.99396],[10.9519,64.99374],[10.94817,64.99438],[10.94619,64.99387],[10.94373,64.99396],[10.94119,64.99488],[10.9368,64.99442],[10.93822,64.99382],[10.93636,64.99305],[10.93843,64.9924],[10.9269,64.99085],[10.92453,64.99085],[10.92301,64.99124],[10.92997,64.99198],[10.9305,64.9924],[10.92909,64.99282],[10.92264,64.992],[10.9132,64.99148],[10.9089,64.99209],[10.91313,64.9925],[10.91464,64.99345],[10.91927,64.99271],[10.92024,64.99355],[10.92198,64.99375],[10.92975,64.99338],[10.93037,64.99287],[10.93568,64.99296],[10.93566,64.9933],[10.93288,64.99345],[10.93289,64.9941],[10.93133,64.99378],[10.92915,64.99391],[10.92865,64.99532],[10.92955,64.99764],[10.93191,64.99858],[10.93499,64.99829],[10.93551,64.99713]],[[10.87272,64.99737],[10.87353,64.99734],[10.87399,64.99778],[10.87601,64.99739],[10.87328,64.99617],[10.86836,64.99555],[10.8673,64.99572],[10.86983,64.99798],[10.87169,64.99827],[10.87272,64.99737]],[[10.92484,64.99924],[10.92179,64.99877],[10.92046,64.99944],[10.92154,64.99977],[10.92434,64.99967],[10.92484,64.99924]],[[10.92407,64.99983],[10.92541,64.99979],[10.92151,64.99977],[10.92407,64.99983]],[[10.87967,65.00038],[10.87767,64.99973],[10.86281,64.99821]],[[10.82816,64.99752],[10.8308,64.99752],[10.83632,64.99874],[10.8377,64.99829],[10.83701,64.99719],[10.83472,64.99611],[10.83315,64.99594],[10.8321,64.9965],[10.83029,64.99534],[10.82698,64.99487],[10.81793,64.99456],[10.81902,64.99617],[10.82152,64.99712],[10.82298,64.99707],[10.82468,64.99821],[10.82674,64.99873],[10.82916,64.9983],[10.82816,64.99752]],[[10.8634,64.99441],[10.87742,64.99573],[10.87911,64.99484],[10.87905,64.99379],[10.87786,64.993],[10.87802,64.99088],[10.87883,64.99087],[10.87888,64.99184],[10.88021,64.9921],[10.88098,64.99108],[10.88045,64.98969],[10.88182,64.98925],[10.88307,64.9897],[10.88197,64.99017],[10.88547,64.99084],[10.88191,64.99143],[10.88255,64.99192],[10.88119,64.99293],[10.88158,64.99531],[10.88093,64.99578],[10.88222,64.99645],[10.88817,64.99714],[10.89024,64.99701],[10.89106,64.99655],[10.88963,64.99502],[10.89052,64.99387],[10.89229,64.9945],[10.89572,64.99444],[10.89456,64.99523],[10.89526,64.99554],[10.90211,64.9956],[10.90282,64.99491],[10.90417,64.99525],[10.90432,64.99751],[10.90003,64.99695],[10.89548,64.99697],[10.88985,64.99767],[10.88935,64.99801],[10.89014,64.9985],[10.88802,64.99939],[10.88847,65.00088]],[[10.88987,65.00053],[10.89175,64.99864],[10.89703,64.99987],[10.90304,65.00045]],[[10.91454,65.00058],[10.91394,64.99977],[10.90591,64.9978],[10.90926,64.99733],[10.91054,64.99629],[10.91038,64.99558],[10.90695,64.99541],[10.90504,64.9946],[10.90216,64.99466],[10.90152,64.99433],[10.90224,64.99388],[10.9042,64.99405],[10.90524,64.99375],[10.90428,64.99313],[10.90602,64.9918],[10.90593,64.99094],[10.90204,64.99042],[10.89239,64.99004],[10.89096,64.98961]],[[10.86281,64.99821],[10.85981,64.99833],[10.85921,64.99902],[10.86249,65.00027]],[[10.85934,65.0008],[10.85656,64.99812],[10.85339,64.99776],[10.85271,64.99919],[10.85721,64.99954],[10.85677,65.00021]],[[10.85677,65.00021],[10.85513,64.99981],[10.85527,65.00044]],[[10.77548,64.74228],[10.77301,64.7424],[10.77313,64.74299],[10.7721,64.74315],[10.77076,64.74474],[10.77344,64.74504],[10.77525,64.74445],[10.77607,64.74333],[10.77548,64.74228]],[[10.97291,64.78477],[10.97157,64.78491],[10.97076,64.78629],[10.97287,64.78732],[10.97291,64.78477]],[[10.84312,64.74488],[10.84105,64.74471],[10.83963,64.74497],[10.83877,64.74698],[10.83968,64.74741],[10.84282,64.74565],[10.84312,64.74488]],[[10.7966,64.74387],[10.79544,64.74401],[10.79639,64.7452]],[[10.9997,64.69816],[10.99723,64.69791],[10.99551,64.69806],[10.99497,64.69852],[11.00025,64.69875]],[[11.00025,64.69875],[10.9997,64.69816]],[[10.78272,64.73577],[10.78102,64.73561],[10.7794,64.73664],[10.77967,64.73719],[10.78281,64.73728],[10.78272,64.73577]],[[10.79737,64.7389],[10.796,64.73952],[10.7972,64.74002]],[[10.77687,64.72587],[10.77385,64.72537],[10.77331,64.72612],[10.77503,64.72666],[10.77802,64.72652],[10.77687,64.72587]],[[10.73573,64.72666],[10.73694,64.72569],[10.73497,64.72608],[10.7347,64.72504],[10.73343,64.72494],[10.73324,64.72557],[10.73467,64.72681],[10.73573,64.72666]],[[10.76504,64.73496],[10.76345,64.73494],[10.7625,64.73542],[10.76275,64.73634],[10.76472,64.73638],[10.76504,64.73496]],[[10.94622,64.78085],[10.94273,64.78047],[10.9428,64.78157],[10.9444,64.78229],[10.94657,64.78184],[10.94622,64.78085]],[[10.7972,64.74002],[10.80023,64.74128],[10.80161,64.74094],[10.7999,64.7397],[10.79737,64.7389]],[[10.8935,64.7444],[10.89205,64.74444],[10.89238,64.74523],[10.89603,64.7457],[10.89595,64.7453],[10.8935,64.7444]],[[10.78544,64.73844],[10.78338,64.73809],[10.77889,64.73865],[10.77592,64.73958],[10.77697,64.7407],[10.77999,64.74149],[10.77809,64.74229],[10.77837,64.74315],[10.78176,64.74249],[10.78672,64.73973],[10.78544,64.73844]],[[10.76619,64.74275],[10.76623,64.74245],[10.7672,64.74246],[10.76693,64.7417],[10.76353,64.73952],[10.76319,64.74019],[10.76465,64.74225],[10.76555,64.7431],[10.76619,64.74275]],[[10.7593,64.74115],[10.75791,64.74094],[10.75689,64.74201],[10.76104,64.74349],[10.7593,64.74115]],[[10.86499,64.74662],[10.86581,64.74599],[10.86579,64.74352],[10.86221,64.74323],[10.86144,64.74277],[10.85939,64.74304],[10.85775,64.74379],[10.8564,64.74296],[10.85396,64.74293],[10.85424,64.74399],[10.85738,64.7446],[10.85986,64.74597],[10.86182,64.74647],[10.86499,64.74662]],[[10.86856,64.74562],[10.86706,64.74571],[10.8668,64.74702],[10.86743,64.74724],[10.86909,64.74712],[10.86856,64.74562]],[[10.79639,64.7452],[10.79747,64.74547],[10.79945,64.74426],[10.79873,64.74342],[10.79766,64.74336],[10.7966,64.74387]],[[10.78751,64.74359],[10.78639,64.74355],[10.78582,64.74397],[10.78598,64.74648],[10.7905,64.74826],[10.79261,64.7469],[10.78913,64.74514],[10.78751,64.74359]],[[10.80864,64.7473],[10.80748,64.74652],[10.80463,64.7472],[10.80724,64.7486],[10.8112,64.74925],[10.81185,64.74872],[10.80897,64.7478],[10.80864,64.7473]],[[10.61964,64.74363],[10.6184,64.74341],[10.61731,64.74377],[10.61795,64.74446],[10.61951,64.7449],[10.61964,64.74363]],[[10.85134,64.75065],[10.85006,64.74922],[10.84928,64.74925],[10.84915,64.74977],[10.85,64.74977],[10.84922,64.75001],[10.84766,64.74955],[10.8481,64.74804],[10.84621,64.74762],[10.84488,64.74628],[10.84228,64.74641],[10.84224,64.74735],[10.84529,64.74941],[10.8507,64.75192],[10.85171,64.75142],[10.85134,64.75065]],[[10.84043,64.75079],[10.83818,64.74992],[10.83716,64.75003],[10.837,64.75073],[10.84099,64.75176],[10.84043,64.75079]],[[10.62472,64.74475],[10.62238,64.74434],[10.62116,64.7451],[10.62454,64.7467],[10.62543,64.74592],[10.62472,64.74475]],[[10.78905,64.75],[10.78907,64.74831],[10.78247,64.74638],[10.7801,64.74615],[10.78017,64.74812],[10.78217,64.74994],[10.78478,64.75075],[10.78688,64.74991],[10.78767,64.75095],[10.79058,64.75212],[10.79136,64.75115],[10.78905,64.75]],[[10.80601,64.7533],[10.80324,64.75325],[10.80138,64.75471],[10.80317,64.75604],[10.80585,64.75564],[10.80601,64.7533]],[[10.84373,64.75472],[10.84183,64.7541],[10.8406,64.75481],[10.8415,64.75566],[10.8484,64.75795],[10.84903,64.75715],[10.84373,64.75472]],[[10.56845,64.74976],[10.56649,64.74934],[10.56528,64.74976],[10.56845,64.74976]],[[10.97183,64.79563],[10.97004,64.79553],[10.96898,64.79602],[10.97414,64.79826],[10.97527,64.79788],[10.97518,64.79684],[10.97183,64.79563]],[[10.78943,64.75941],[10.78803,64.75932],[10.78662,64.75804],[10.78323,64.75674],[10.78084,64.75638],[10.78098,64.75685],[10.78287,64.75744],[10.78098,64.75734],[10.78065,64.75761],[10.78607,64.75991],[10.78851,64.76058],[10.79037,64.76008],[10.78943,64.75941]],[[10.78572,64.76057],[10.78115,64.75933],[10.77771,64.75934],[10.77831,64.76004],[10.78122,64.76122],[10.7854,64.76112],[10.78622,64.7609],[10.78572,64.76057]],[[10.85267,64.7615],[10.85012,64.76137],[10.85013,64.76234],[10.85439,64.76388],[10.8553,64.76383],[10.85545,64.76294],[10.85267,64.7615]],[[10.8728,64.76137],[10.87005,64.76083],[10.86887,64.76095],[10.86823,64.76252],[10.86867,64.76326],[10.8717,64.76379],[10.87276,64.76467],[10.87392,64.76478],[10.8757,64.76329],[10.87442,64.76266],[10.87411,64.76173],[10.8728,64.76137]],[[10.88912,64.7639],[10.88768,64.76369],[10.88667,64.76475],[10.88812,64.76592],[10.89036,64.76568],[10.88912,64.7639]],[[10.88447,64.76631],[10.88199,64.76641],[10.88317,64.76795],[10.88529,64.76812],[10.88622,64.76703],[10.88447,64.76631]],[[10.89853,64.7654],[10.89521,64.76576],[10.89418,64.76647],[10.89489,64.76775],[10.89791,64.76948]],[[10.87678,64.76976],[10.88063,64.76972],[10.88068,64.76877],[10.87927,64.76786],[10.87174,64.76561],[10.86978,64.76582],[10.86943,64.76693],[10.86715,64.76611],[10.86606,64.76719],[10.8672,64.76806],[10.86902,64.76818],[10.86954,64.76918],[10.87345,64.77039],[10.87553,64.77036],[10.87678,64.76976]],[[10.88899,64.77126],[10.88997,64.77122],[10.89234,64.77255],[10.89601,64.77216],[10.89597,64.77158],[10.89471,64.77151],[10.89382,64.77079],[10.89447,64.77059],[10.89542,64.77098],[10.89607,64.77073],[10.89571,64.76907],[10.89309,64.76736],[10.89049,64.76693],[10.88921,64.76723],[10.88685,64.76899],[10.88897,64.77101],[10.88571,64.77011],[10.88424,64.77193],[10.88848,64.77251],[10.88899,64.77126]],[[10.89791,64.76948],[10.90103,64.77079],[10.90309,64.77104],[10.90169,64.77132],[10.89854,64.77061],[10.89822,64.77203],[10.90265,64.77371],[10.90669,64.77331],[10.90484,64.77208],[10.90483,64.7714],[10.90323,64.77096],[10.90503,64.77046],[10.90598,64.76883],[10.90255,64.76589],[10.90086,64.76542],[10.89853,64.7654]],[[10.72143,64.79092],[10.71946,64.79111],[10.71939,64.79185],[10.72061,64.79263],[10.7222,64.79293],[10.72268,64.79199],[10.72143,64.79092]],[[10.59727,64.75929],[10.59688,64.75895],[10.59467,64.7593],[10.58988,64.76106],[10.5879,64.76444],[10.58881,64.76587],[10.58944,64.76599],[10.59616,64.76167],[10.59727,64.75929]],[[10.80194,64.77048],[10.79994,64.77012],[10.79915,64.77031],[10.80301,64.77255],[10.80449,64.77241],[10.80528,64.77189],[10.80194,64.77048]],[[10.92982,64.77419],[10.92714,64.77421],[10.92414,64.77575],[10.92449,64.77709],[10.92561,64.77778],[10.92755,64.77717],[10.92742,64.77624],[10.92999,64.77587],[10.93056,64.77522],[10.92982,64.77419]],[[10.59866,64.76829],[10.60117,64.76773],[10.60187,64.76699],[10.59981,64.76629],[10.59779,64.76621],[10.59951,64.76548],[10.59966,64.76491],[10.59866,64.76301],[10.5972,64.76282],[10.59227,64.76447],[10.58978,64.76596],[10.58977,64.76645],[10.59089,64.76787],[10.59344,64.76807],[10.59479,64.76877],[10.59718,64.7688],[10.59866,64.76829]],[[10.9552,64.79067],[10.95426,64.79092],[10.95561,64.79193],[10.95811,64.79231],[10.95722,64.79125],[10.9552,64.79067]],[[10.72677,64.78995],[10.72444,64.78996],[10.72507,64.79096],[10.72724,64.79098],[10.72677,64.78995]],[[10.98674,64.79963],[10.98542,64.79643],[10.98377,64.79636],[10.98159,64.79718],[10.97873,64.79496],[10.97642,64.79458],[10.97551,64.79333],[10.9735,64.79361],[10.9739,64.79444],[10.97687,64.79504],[10.97737,64.79832],[10.98049,64.80064],[10.98428,64.80169],[10.98401,64.80066],[10.98671,64.80012],[10.98674,64.79963]]]}}]}