{"type":"FeatureCollection","features":[{"type":"Feature","properties":{},"geometry":{"type":"MultiLineString","coordinates":[[[11.98021,65.44265],[11.98018,65.44289]],[[11.97448,65.10453],[11.97505,65.10508]],[[11.98094,65.19509],[11.97828,65.19507],[11.97757,65.19601],[11.97925,65.19633],[11.98101,65.19567],[11.98094,65.19509]],[[11.99575,65.20816],[12.0006,65.20746]],[[11.95576,65.21741],[11.95435,65.21717],[11.95344,65.21741],[11.95369,65.21832],[11.95523,65.21875],[11.95623,65.21835],[11.95576,65.21741]],[[11.9594,65.22283],[11.95828,65.22263],[11.95767,65.22336],[11.96017,65.22555],[11.9594,65.22283]],[[11.99436,65.24805],[11.9931,65.24777],[11.99263,65.24799],[11.99599,65.2498],[11.99756,65.24999],[11.99649,65.24894],[11.99436,65.24805]],[[11.80436,65.3593],[11.80361,65.35938],[11.80322,65.3601],[11.80489,65.36088],[11.80628,65.3601],[11.80436,65.3593]],[[11.97207,65.26002],[11.97187,65.25954],[11.97043,65.2599],[11.96951,65.25929],[11.96924,65.25748],[11.9674,65.25755],[11.96846,65.26],[11.97099,65.26129],[11.97206,65.26094],[11.97207,65.26002]],[[11.99293,65.34282],[11.99177,65.34196]],[[11.99546,65.34287],[11.99197,65.34024]],[[11.99032,65.34276],[11.99159,65.34358]],[[11.9867,65.34269],[11.9914,65.34525]],[[11.83382,65.34255],[11.83327,65.34233],[11.82983,65.34287],[11.83055,65.34458],[11.83356,65.34367],[11.83382,65.34255]],[[11.82563,65.34671],[11.8246,65.34681],[11.82355,65.34761],[11.82374,65.34882],[11.82563,65.34671]],[[11.89831,65.35893],[11.89705,65.35861],[11.89782,65.35918],[11.89727,65.36069],[11.89789,65.36104],[11.89944,65.36022],[11.89831,65.35893]],[[11.97104,65.36288],[11.96841,65.36237],[11.96759,65.36269],[11.96991,65.3637],[11.97112,65.3636],[11.97104,65.36288]],[[11.94432,65.36976],[11.94282,65.36963],[11.94277,65.37011],[11.94525,65.37139],[11.94401,65.3726],[11.94443,65.37298],[11.94707,65.3711],[11.94432,65.36976]],[[11.73287,65.37782],[11.73082,65.37748],[11.73019,65.37776],[11.73332,65.37916],[11.7339,65.37837],[11.73287,65.37782]],[[11.8032,65.38035],[11.80219,65.38063],[11.80219,65.38162],[11.80334,65.38226],[11.80431,65.38127],[11.8032,65.38035]],[[11.82336,65.38118],[11.8225,65.3812],[11.82197,65.38245],[11.82315,65.3837],[11.82423,65.38185],[11.82336,65.38118]],[[11.99963,65.38785],[11.99791,65.38706],[11.99672,65.38779]],[[11.99672,65.38779],[11.99478,65.38828],[11.99506,65.38972],[11.99971,65.38868],[11.99963,65.38785]],[[11.98464,65.40418],[11.98663,65.40495],[11.98476,65.4031]],[[11.98476,65.4031],[11.98315,65.40298],[11.98464,65.40418]],[[11.73938,65.42207],[11.7383,65.42129],[11.73568,65.42161],[11.73729,65.4224],[11.73938,65.42207]],[[11.78658,65.42506],[11.7834,65.42484],[11.78235,65.42508],[11.7863,65.42651],[11.78765,65.42654],[11.78762,65.42596],[11.78597,65.42557],[11.78658,65.42506]],[[11.72921,65.44789],[11.7262,65.44761],[11.72502,65.44796],[11.7251,65.44837],[11.72834,65.44835],[11.72921,65.44789]],[[11.68023,65.56081],[11.67969,65.5608]],[[11.84419,65.69902],[11.84454,65.69833],[11.84352,65.69779],[11.84183,65.69823],[11.84218,65.69898]],[[11.93489,65.58241],[11.93324,65.58198],[11.93301,65.58279],[11.9346,65.58385],[11.93532,65.58315],[11.93489,65.58241]],[[11.866,65.70696],[11.86652,65.70667],[11.86582,65.70597],[11.86031,65.7067],[11.866,65.70696]],[[11.9543,65.61146],[11.95266,65.61142]],[[11.82306,65.60481],[11.82108,65.60494],[11.82511,65.60649],[11.82638,65.60635],[11.82542,65.60536],[11.82306,65.60481]],[[11.84119,65.60915],[11.84254,65.60963],[11.84226,65.61006]],[[11.75531,65.60898],[11.75335,65.60913],[11.7529,65.60979],[11.75416,65.61066],[11.75548,65.61014],[11.75531,65.60898]],[[11.75053,65.62301],[11.74807,65.62246],[11.74803,65.62371],[11.75111,65.62394],[11.75137,65.62341],[11.75053,65.62301]],[[11.93549,65.72524],[11.93174,65.72509],[11.92977,65.72561],[11.93462,65.72565],[11.93549,65.72524]],[[11.99214,65.66844],[11.99106,65.66812],[11.98793,65.66825],[11.98884,65.66898],[11.99104,65.66933],[11.99194,65.66921],[11.99214,65.66844]],[[11.84218,65.69898],[11.84254,65.69996],[11.84694,65.70114],[11.84626,65.69999],[11.84419,65.69902]],[[11.79774,65.70074],[11.79503,65.70081],[11.79709,65.70192],[11.79824,65.70201],[11.79886,65.7018],[11.79774,65.70074]],[[11.92651,65.70445],[11.92745,65.70468]],[[11.84048,65.70599],[11.83893,65.70637],[11.84037,65.70687]],[[11.97975,65.71188],[11.97683,65.71182],[11.97415,65.71252],[11.97691,65.71295],[11.98009,65.71288],[11.97928,65.71231],[11.97975,65.71188]],[[11.86918,65.71166],[11.86634,65.71154],[11.86552,65.71051],[11.86453,65.71055],[11.86497,65.71172],[11.86762,65.71215],[11.86918,65.71166]],[[11.83611,65.70975],[11.83532,65.70988],[11.83754,65.71232],[11.83805,65.71122],[11.83611,65.70975]],[[11.85345,65.71458],[11.85565,65.71448],[11.85473,65.71353],[11.84841,65.71264],[11.84746,65.71287],[11.84778,65.71336],[11.85345,65.71458]],[[11.83944,65.71452],[11.83847,65.71469],[11.83933,65.71543]],[[11.83933,65.71543],[11.84074,65.71634],[11.84173,65.71627],[11.84219,65.71581],[11.83944,65.71452]],[[11.82801,65.71508],[11.82571,65.71481],[11.82543,65.71539],[11.82643,65.71626],[11.82886,65.71608],[11.82801,65.71508]],[[11.85623,65.71794],[11.85375,65.71782],[11.8528,65.71844],[11.85438,65.71903],[11.85674,65.7185],[11.85623,65.71794]],[[11.86179,65.71876],[11.85958,65.7187],[11.85674,65.71916],[11.85644,65.71962],[11.85946,65.71999],[11.86018,65.71911],[11.86162,65.71907],[11.86179,65.71876]],[[11.88272,65.72],[11.88139,65.71995],[11.87946,65.7211],[11.88211,65.72151],[11.88136,65.72089],[11.883,65.72034],[11.88272,65.72]],[[11.99479,65.72678],[11.99628,65.72684],[11.99746,65.72569],[11.99174,65.72663],[11.99135,65.7277],[11.99309,65.7276],[11.99479,65.72678]],[[11.86887,65.72982],[11.86827,65.72875],[11.86515,65.72868],[11.86413,65.72807],[11.86269,65.72857],[11.8629,65.7291],[11.86432,65.72911],[11.86794,65.73029],[11.86875,65.73026],[11.86887,65.72982]],[[11.7269,65.74197],[11.72419,65.74198],[11.72681,65.74266]],[[11.75385,65.74203],[11.75506,65.74206]],[[11.749,65.74269],[11.74504,65.74285],[11.74477,65.74312],[11.7478,65.744],[11.749,65.74269]],[[11.72681,65.74266],[11.72848,65.74298],[11.72891,65.74392],[11.7314,65.74482],[11.73246,65.74472],[11.73118,65.74295],[11.7269,65.74197]],[[11.76346,65.7435],[11.7627,65.74355],[11.76117,65.74625],[11.76188,65.7469],[11.76377,65.74621],[11.76346,65.7435]],[[11.71807,65.75103],[11.71791,65.75054],[11.71807,65.75103]],[[11.73262,65.75635],[11.72941,65.75663],[11.73018,65.75797],[11.73211,65.75782],[11.73154,65.75731],[11.73262,65.75635]],[[11.72491,65.75765],[11.72387,65.75787],[11.72479,65.7586]],[[11.72472,65.75915],[11.72579,65.75888],[11.72479,65.7586]],[[11.73887,65.76331],[11.73994,65.76294],[11.73976,65.76217],[11.73806,65.7622],[11.73813,65.76317],[11.73611,65.76225],[11.73696,65.76392],[11.739,65.76401],[11.73887,65.76331]],[[11.7612,65.76346],[11.76034,65.7633],[11.76034,65.76394],[11.76204,65.765],[11.76477,65.76503],[11.76459,65.76424],[11.76132,65.76378],[11.7612,65.76346]],[[11.95572,65.76947],[11.95356,65.76968],[11.95303,65.7703],[11.95415,65.77149],[11.95572,65.76947]],[[11.76956,65.76831],[11.76727,65.76775],[11.76401,65.76812],[11.76671,65.76872],[11.7686,65.76874],[11.76956,65.76831]],[[11.75825,65.76834],[11.75626,65.76785],[11.75449,65.76817],[11.75678,65.76959],[11.75883,65.76881],[11.75825,65.76834]],[[11.72682,65.7703],[11.72629,65.77009],[11.72566,65.77039],[11.72706,65.77118],[11.73029,65.77095],[11.73013,65.77052],[11.72682,65.7703]],[[11.98948,65.77591],[11.98839,65.77602],[11.98817,65.7775],[11.99129,65.77769],[11.98948,65.77591]],[[11.99256,65.79363],[11.99236,65.79256],[11.99137,65.79275],[11.99089,65.79355],[11.99012,65.79272],[11.98917,65.79278],[11.99144,65.79468],[11.99256,65.79363]],[[11.96067,65.8014],[11.9589,65.80068],[11.95766,65.80084],[11.95755,65.80129],[11.95943,65.80212],[11.9604,65.80205],[11.96067,65.8014]],[[11.95927,65.80233],[11.95669,65.80292],[11.95898,65.80379],[11.96011,65.80274],[11.95927,65.80233]],[[11.96317,65.80348],[11.9619,65.8033],[11.96143,65.80371],[11.96165,65.80465],[11.96304,65.80504],[11.96385,65.80421],[11.96317,65.80348]],[[11.97202,65.80743],[11.9733,65.80759],[11.97445,65.80727],[11.97091,65.80552],[11.97009,65.8056],[11.97092,65.8067],[11.96849,65.80602],[11.96748,65.80628],[11.9673,65.80724],[11.96831,65.80711],[11.9705,65.80792],[11.97164,65.80793],[11.97202,65.80743]],[[11.96981,65.81128],[11.96909,65.81114],[11.96856,65.81163],[11.97005,65.81267],[11.96965,65.81355],[11.97092,65.81408],[11.97181,65.81305],[11.96981,65.81128]],[[11.81829,65.83163],[11.81667,65.83143],[11.81557,65.83211],[11.81698,65.83256],[11.81821,65.8325],[11.81885,65.83224],[11.81829,65.83163]],[[11.78259,65.83642],[11.78041,65.83627],[11.77984,65.83672],[11.78233,65.83799],[11.78259,65.83642]],[[11.76998,65.8411],[11.76858,65.84117],[11.76815,65.842],[11.76964,65.84261],[11.77102,65.84177],[11.76998,65.8411]],[[11.7642,65.84632],[11.76162,65.84633],[11.76398,65.84775],[11.76485,65.84778],[11.7642,65.84632]],[[11.78315,65.84665],[11.78157,65.84686],[11.78026,65.84778],[11.7821,65.8483],[11.78357,65.84776],[11.78315,65.84665]],[[11.78045,65.84851],[11.7796,65.84844],[11.77841,65.84962],[11.77913,65.85081],[11.78045,65.84851]],[[11.90351,65.85203],[11.90228,65.85207],[11.90178,65.85299],[11.90526,65.85344],[11.90461,65.85236],[11.90351,65.85203]],[[11.78398,65.8495],[11.78243,65.84908],[11.78174,65.84933],[11.78262,65.85046],[11.78437,65.85109],[11.78515,65.85068],[11.78392,65.85049],[11.78398,65.8495]],[[11.96029,65.85461],[11.95892,65.85431],[11.95708,65.85477],[11.95727,65.85558],[11.95862,65.8562],[11.96029,65.85461]],[[11.97419,65.85506],[11.97114,65.85512],[11.97143,65.85647],[11.97271,65.85637],[11.97419,65.85506]],[[11.94962,65.85415],[11.9482,65.85412],[11.94746,65.85492],[11.94744,65.85642],[11.94904,65.85703],[11.94969,65.85585],[11.94853,65.85548],[11.94962,65.85415]],[[11.76766,65.85212],[11.76644,65.85202],[11.76539,65.85274],[11.76601,65.85409],[11.768,65.85368],[11.76766,65.85212]],[[11.9524,65.85663],[11.95075,65.85676],[11.9504,65.85731],[11.95156,65.85806],[11.9536,65.85757],[11.9524,65.85663]],[[11.94214,65.85914],[11.94065,65.85903],[11.93885,65.85967],[11.94051,65.86106],[11.94216,65.86095],[11.94283,65.86015],[11.94214,65.85914]],[[11.77908,65.85726],[11.77772,65.85723],[11.7776,65.85791],[11.77917,65.85906],[11.78156,65.85912],[11.78229,65.85873],[11.77908,65.85726]],[[11.96963,65.86685],[11.96748,65.86491],[11.96675,65.86501],[11.96686,65.86624],[11.96598,65.86536],[11.96366,65.86481],[11.96515,65.86647],[11.96667,65.86677],[11.96763,65.86657],[11.96853,65.86706],[11.96963,65.86685]],[[11.85256,65.8636],[11.85132,65.86377],[11.85151,65.86492],[11.85336,65.86597],[11.85417,65.86476],[11.85256,65.8636]],[[11.90571,65.86598],[11.90471,65.86601],[11.90428,65.86711],[11.90538,65.86781],[11.90763,65.86829],[11.90571,65.86598]],[[11.82509,65.86552],[11.82407,65.86525],[11.82214,65.86546],[11.82674,65.8686],[11.82472,65.86613],[11.82509,65.86552]],[[11.78773,65.86808],[11.78633,65.86776],[11.785,65.86799],[11.78846,65.86959],[11.7886,65.86853],[11.78773,65.86808]],[[11.83397,65.86868],[11.833,65.86872],[11.83272,65.87022],[11.83377,65.87234],[11.83493,65.87306],[11.83576,65.87091],[11.83397,65.86868]],[[11.81909,65.87982],[11.81913,65.87948]],[[11.79619,65.87337],[11.79547,65.87326],[11.79379,65.87394],[11.79408,65.87502],[11.79539,65.87565],[11.79619,65.87337]],[[11.77917,65.87525],[11.77793,65.87529],[11.77816,65.87602],[11.78052,65.87671],[11.78112,65.87609],[11.77917,65.87525]],[[11.83067,65.87709],[11.8311,65.87613],[11.8298,65.87537],[11.82835,65.87572],[11.82715,65.87525],[11.82603,65.87587],[11.82663,65.87671],[11.82908,65.87681],[11.82936,65.87782],[11.83025,65.87771],[11.83067,65.87709]],[[11.79589,65.87764],[11.79565,65.87682],[11.79149,65.87619],[11.79029,65.8768],[11.79037,65.87732],[11.79261,65.8773],[11.79281,65.87757]],[[11.8196,65.87574],[11.81851,65.87563],[11.81794,65.87635],[11.81935,65.87774]],[[11.81935,65.87774],[11.82055,65.87784],[11.82173,65.87664],[11.8196,65.87574]],[[12.0004,65.87918],[11.99692,65.88115],[12.00059,65.88178]],[[11.79281,65.87757],[11.79509,65.87807],[11.79589,65.87764]],[[11.81897,65.88077],[11.81888,65.88152]],[[11.81888,65.88152],[11.8196,65.88165],[11.82216,65.88057],[11.82211,65.87976],[11.82105,65.87963],[11.81897,65.88077]],[[11.98225,65.8857],[11.98108,65.88547],[11.98021,65.8861],[11.98246,65.88761],[11.98225,65.8857]],[[11.96959,65.88746],[11.96769,65.88621],[11.96523,65.88612],[11.96625,65.88711],[11.96907,65.88768],[11.96959,65.88746]],[[11.93096,65.88511],[11.9298,65.88507],[11.92963,65.88557],[11.93117,65.88726],[11.93181,65.88646],[11.93096,65.88511]],[[11.97034,65.89763],[11.96786,65.89771],[11.96876,65.89844],[11.9716,65.89886],[11.97233,65.8984],[11.97034,65.89763]],[[11.982,65.89849],[11.98085,65.89834],[11.98038,65.89861],[11.98391,65.89997],[11.98479,65.89992],[11.982,65.89849]],[[11.99573,65.90421],[11.99235,65.90388],[11.99361,65.90507],[11.99328,65.90581],[11.99532,65.90643],[11.99748,65.90536],[11.99573,65.90421]],[[11.95292,65.90628],[11.9519,65.90597],[11.95217,65.90691],[11.95493,65.9077],[11.95428,65.90656],[11.95292,65.90628]],[[11.96569,65.93023],[11.96399,65.9301],[11.96274,65.9306],[11.96421,65.93216],[11.96645,65.93077],[11.96569,65.93023]],[[11.83277,65.95527],[11.83117,65.955],[11.83221,65.95686],[11.83339,65.95732],[11.83386,65.95639],[11.83277,65.95527]],[[11.94865,65.0725],[11.94322,65.07066],[11.94208,65.07146],[11.94384,65.0724]],[[11.98195,65.07114],[11.98577,65.072],[11.98845,65.07093],[11.98657,65.07001],[11.98685,65.06934],[11.98801,65.06915],[11.99478,65.06978],[12.00034,65.06979]],[[11.93984,65.07232],[11.93295,65.07053],[11.92936,65.07037],[11.92589,65.06961],[11.9244,65.06897],[11.92394,65.06784]],[[11.94865,65.0725],[11.95161,65.07314]],[[11.93984,65.07232],[11.94253,65.07313],[11.94449,65.07327],[11.94384,65.0724]],[[11.97044,65.08328],[11.96722,65.08197]],[[11.92407,65.09487],[11.92604,65.09606],[11.93107,65.09699],[11.93474,65.09728],[11.93541,65.09671],[11.93678,65.09661],[11.94081,65.09733],[11.94108,65.09809],[11.9453,65.09924],[11.94588,65.09991],[11.94756,65.10018],[11.94855,65.10083],[11.95255,65.10146],[11.9545,65.10118],[11.95819,65.10256],[11.96154,65.10284],[11.96217,65.10343],[11.96387,65.10364],[11.96588,65.10323],[11.97448,65.10453]],[[11.96722,65.08197],[11.95328,65.07658],[11.95229,65.07603],[11.95278,65.07518]],[[11.96104,65.07712],[11.96725,65.07891],[11.97776,65.08353],[11.98497,65.08583],[11.99196,65.08791],[11.99677,65.08832],[12.00219,65.08965]],[[11.99599,65.1052],[11.99794,65.10504],[12.00669,65.10619]],[[12.00176,65.09593],[11.99207,65.09116],[11.98392,65.08819],[11.9793,65.08578],[11.97197,65.0829],[11.97092,65.08286],[11.97044,65.08328]],[[11.98023,65.10469],[11.98092,65.10444],[11.98399,65.10529],[11.98893,65.10586],[11.98767,65.10698],[11.98811,65.10739],[11.99181,65.10767],[11.99418,65.10844],[11.99672,65.1085],[11.9974,65.10821],[11.99512,65.10562],[11.99599,65.1052]],[[11.92529,65.09715],[11.9331,65.09937],[11.93401,65.09931],[11.93427,65.09834],[11.93621,65.09854],[11.94029,65.10008],[11.95069,65.10247],[11.95282,65.10343],[11.95745,65.10461],[11.9623,65.10541],[11.96982,65.10789],[11.98085,65.10976],[11.9797,65.10879],[11.97439,65.10713],[11.97305,65.10595],[11.97505,65.10508]],[[12.00152,65.11126],[11.99823,65.11104],[11.99585,65.11131],[11.99526,65.11174],[11.99707,65.11288],[12.00062,65.11342]],[[11.99879,65.1144],[11.99585,65.11411],[11.99539,65.11529],[11.99397,65.11551],[11.9935,65.11491],[11.99108,65.11463],[11.98194,65.11019],[11.98237,65.10991],[11.98499,65.11032],[11.9866,65.11115],[11.98965,65.11168],[11.99099,65.11051],[11.98776,65.10801],[11.98478,65.10676],[11.98392,65.10661],[11.98301,65.10723],[11.98101,65.10733],[11.97949,65.1069],[11.97913,65.10568],[11.98023,65.10469]],[[11.99879,65.1144],[12.00223,65.11435]],[[11.98608,65.16307],[11.98369,65.16251],[11.98528,65.16088],[11.98018,65.16078],[11.97534,65.15981],[11.97391,65.15873],[11.97055,65.15826],[11.96219,65.15582],[11.95344,65.15401],[11.94449,65.15156],[11.93879,65.1489]],[[11.98608,65.16307],[11.9876,65.16441],[11.98719,65.16752],[11.99122,65.16819],[11.99412,65.16825],[11.99617,65.16759],[12.00358,65.16686]],[[11.84839,65.18868],[11.8508,65.18862],[11.85148,65.18803],[11.85003,65.18635],[11.84686,65.18488],[11.84563,65.18332],[11.84131,65.18184],[11.83891,65.18172],[11.83625,65.18087],[11.83925,65.18506],[11.8423,65.18678],[11.84568,65.1873],[11.84675,65.18832],[11.84839,65.18868]],[[11.97794,65.19803],[11.9767,65.19756],[11.97526,65.19872],[11.97671,65.19977],[11.97741,65.19958],[11.97794,65.19803]],[[11.95827,65.20314],[11.96274,65.20138],[11.96299,65.19956],[11.96434,65.19935],[11.96605,65.19971],[11.96798,65.19915],[11.96598,65.19654],[11.96083,65.1949],[11.95865,65.19506],[11.95671,65.19608],[11.95652,65.19674],[11.95837,65.19807],[11.95487,65.1966],[11.95282,65.19704],[11.9529,65.19753],[11.95463,65.19818],[11.95455,65.19985],[11.95341,65.19991],[11.9498,65.19887],[11.94825,65.20078],[11.94669,65.201],[11.94507,65.2005],[11.94332,65.20104],[11.94538,65.20282],[11.94827,65.20279],[11.94947,65.20314],[11.9535,65.20633],[11.95618,65.20607],[11.95807,65.20525],[11.95827,65.20314]],[[11.99575,65.20816],[11.9947,65.20891],[11.99492,65.21055],[11.99389,65.211],[11.99121,65.21129],[11.98777,65.21082],[11.98608,65.21202],[11.9844,65.21244],[11.98272,65.21158],[11.97994,65.21126],[11.97924,65.21213]],[[11.94437,65.21175],[11.94056,65.21148],[11.94069,65.21241],[11.94296,65.21442],[11.94478,65.21403],[11.94589,65.21326],[11.94605,65.21261],[11.94437,65.21175]],[[11.94782,65.2167],[11.94599,65.2171],[11.94609,65.21844],[11.94795,65.2181],[11.94782,65.2167]],[[11.95414,65.2229],[11.95257,65.22262],[11.95187,65.22391],[11.95306,65.22476],[11.95503,65.22512],[11.95564,65.22417],[11.95414,65.2229]],[[11.96189,65.22759],[11.95793,65.22691],[11.95726,65.22716],[11.95749,65.2284],[11.96144,65.23067],[11.96488,65.23163],[11.96972,65.23527],[11.97338,65.23625],[11.97266,65.23478],[11.96737,65.23204],[11.96189,65.22759]],[[11.962,65.23606],[11.96034,65.23578],[11.95966,65.23607],[11.96175,65.23829],[11.96334,65.23909],[11.96608,65.23848],[11.962,65.23606]],[[11.97924,65.21213],[11.96677,65.2118],[11.9642,65.21322],[11.96559,65.21878],[11.96944,65.22056],[11.96803,65.22105],[11.96802,65.22177],[11.97195,65.22305],[11.97142,65.2236],[11.96882,65.22307],[11.96715,65.22355],[11.96819,65.22756],[11.97245,65.22981],[11.9754,65.23219],[11.98009,65.23399],[11.98462,65.235],[11.98933,65.23797],[11.99572,65.23976],[12.00235,65.24028]],[[11.97632,65.23843],[11.9738,65.23817],[11.97347,65.23856],[11.97653,65.24027],[11.97904,65.24046],[11.97865,65.23956],[11.97632,65.23843]],[[11.96481,65.2414],[11.96202,65.24134],[11.96292,65.24274],[11.96525,65.24409],[11.96924,65.24432],[11.9714,65.24401],[11.97172,65.24353],[11.96884,65.24226],[11.96481,65.2414]],[[11.96592,65.25247],[11.96737,65.25273],[11.96892,65.25253]],[[11.9839,65.24576],[11.98105,65.24566],[11.97861,65.24621],[11.97847,65.24662],[11.98607,65.24771],[11.9839,65.24576]],[[11.96892,65.25253],[11.96898,65.25214],[11.96556,65.25073],[11.96171,65.25045],[11.96223,65.25105],[11.96592,65.25247]],[[11.50141,65.24429],[11.49955,65.24289],[11.49741,65.24314],[11.49751,65.24439],[11.50073,65.24475],[11.50141,65.24429]],[[11.70233,65.24963],[11.70159,65.24929],[11.7004,65.24938],[11.6999,65.24798],[11.69876,65.24773],[11.69927,65.24979],[11.70233,65.24963]],[[11.50487,65.24267],[11.50413,65.24263],[11.50372,65.24376],[11.5053,65.24611],[11.50688,65.24437],[11.50487,65.24267]],[[11.97904,65.254],[11.97745,65.25414],[11.97756,65.25474],[11.98004,65.25615],[11.98353,65.25716],[11.98356,65.25552],[11.97904,65.254]],[[11.98691,65.25645],[11.9853,65.25609],[11.98494,65.25709],[11.98709,65.25953],[11.99042,65.26085],[11.99234,65.26106],[11.9927,65.2606],[11.9912,65.25929],[11.98729,65.25739],[11.98691,65.25645]],[[11.70239,65.25777],[11.70342,65.25733],[11.70413,65.25586],[11.70481,65.2527],[11.70288,65.25155],[11.6994,65.25114],[11.6983,65.25217],[11.6997,65.25349],[11.69819,65.25412],[11.69684,65.25366],[11.6946,65.25065],[11.69434,65.25179],[11.69563,65.25382],[11.69812,65.25591],[11.70184,65.25675],[11.70186,65.257],[11.70036,65.25684],[11.70026,65.25727],[11.70184,65.25794],[11.70239,65.25777]],[[11.99223,65.26469],[11.99594,65.26523],[11.9964,65.26572],[11.99875,65.26579],[11.99756,65.26339],[11.99394,65.2621],[11.99086,65.26224],[11.99102,65.26403],[11.98944,65.26357],[11.98893,65.26191],[11.98178,65.25785],[11.9803,65.25769],[11.97866,65.25803],[11.98024,65.25893],[11.97981,65.25922],[11.97558,65.25805],[11.97449,65.25807],[11.97473,65.25894],[11.97395,65.25938],[11.97618,65.2611],[11.97559,65.26171],[11.982,65.2653],[11.98621,65.26636],[11.9944,65.26704],[11.99473,65.26678],[11.99223,65.26469]],[[11.63792,65.31535],[11.63623,65.31263],[11.63489,65.31251],[11.63506,65.31301],[11.63385,65.3123],[11.63322,65.31243],[11.63425,65.31069],[11.63113,65.30834],[11.6318,65.30845],[11.63037,65.30671],[11.63106,65.30684],[11.63039,65.30622],[11.63021,65.30647],[11.62841,65.30601],[11.62723,65.30646],[11.62781,65.30742],[11.63,65.30866],[11.63164,65.31089],[11.62878,65.30978],[11.62784,65.31026],[11.62761,65.31167],[11.62979,65.31239],[11.63036,65.31326],[11.63312,65.31466],[11.63333,65.31401],[11.63341,65.31478],[11.63634,65.31503],[11.63623,65.31553],[11.63792,65.31535]],[[11.72074,65.33714],[11.72132,65.33501],[11.71988,65.33512],[11.71798,65.33599],[11.71888,65.3371]],[[11.95549,65.32367],[11.95218,65.32381],[11.95642,65.32542],[11.95549,65.32367]],[[11.95997,65.32505],[11.9581,65.32468],[11.95771,65.32577],[11.96087,65.32764],[11.96392,65.32857],[11.95997,65.32505]],[[11.63907,65.32048],[11.63901,65.31854],[11.63768,65.31855],[11.63699,65.3198],[11.63674,65.31766],[11.6325,65.31738],[11.63043,65.31764],[11.63019,65.31809],[11.62956,65.31764],[11.62623,65.31727],[11.62723,65.31904],[11.63103,65.32073],[11.63306,65.3206],[11.63307,65.32116],[11.63509,65.3214],[11.6369,65.32115],[11.63722,65.3205],[11.63644,65.32233],[11.63809,65.32298],[11.63907,65.32048]],[[11.97206,65.32996],[11.97027,65.32958],[11.97045,65.33055],[11.97351,65.33288],[11.97662,65.33404],[11.97206,65.32996]],[[11.96489,65.33223],[11.96402,65.33207],[11.9631,65.33266],[11.9651,65.33457],[11.96932,65.33625],[11.96739,65.33451],[11.96638,65.33431],[11.96489,65.33223]],[[11.99197,65.34024],[11.98777,65.33765],[11.98702,65.33803],[11.9874,65.33876],[11.99177,65.34196]],[[11.96064,65.34007],[11.95919,65.33987],[11.95931,65.3405],[11.96215,65.34166],[11.96064,65.34007]],[[11.95101,65.34197],[11.94746,65.34111],[11.94825,65.34192]],[[11.96934,65.34234],[11.96558,65.34078],[11.96334,65.33888],[11.95897,65.33729],[11.95751,65.33714],[11.96605,65.34228]],[[11.9842,65.34264],[11.97119,65.33336],[11.96951,65.33264],[11.96783,65.33247],[11.96784,65.33394],[11.97158,65.33647],[11.97317,65.33885],[11.98103,65.34258]],[[11.99032,65.34276],[11.98794,65.34119],[11.98555,65.34074],[11.98275,65.33877],[11.98285,65.33965],[11.9867,65.34269]],[[11.71888,65.3371],[11.7194,65.33735],[11.71872,65.33833],[11.721,65.33912],[11.72074,65.33714]],[[11.9842,65.34264],[11.99128,65.34626]],[[11.71831,65.33902],[11.71792,65.34056],[11.71893,65.33948],[11.71831,65.33902]],[[11.9914,65.34525],[11.99449,65.34643],[11.99433,65.3455],[11.99159,65.34358]],[[11.96605,65.34228],[11.96981,65.34467],[11.97737,65.34654],[11.97752,65.34626],[11.97416,65.34511],[11.97507,65.34389],[11.96934,65.34234]],[[11.94825,65.34192],[11.96094,65.34652],[11.96209,65.34649],[11.95698,65.34343],[11.95101,65.34197]],[[11.98103,65.34258],[11.98734,65.34693],[11.99106,65.34817]],[[11.9802,65.34882],[11.97809,65.34878],[11.97597,65.34801],[11.97504,65.34823],[11.97584,65.34897],[11.97781,65.34954],[11.98038,65.34951],[11.9802,65.34882]],[[11.99293,65.34282],[12.00302,65.35018]],[[12.00576,65.3501],[11.99546,65.34287]],[[11.99106,65.34817],[11.99442,65.34915],[11.99414,65.34945],[11.99262,65.3491],[11.99215,65.34932],[11.99623,65.35117],[11.99922,65.35209],[12.00101,65.35208]],[[12.00101,65.35208],[11.99897,65.35069],[11.99958,65.34998],[11.99128,65.34626]],[[11.98947,65.36211],[11.98953,65.36154]],[[11.94146,65.3535],[11.93853,65.35343],[11.93807,65.35393],[11.93919,65.35472],[11.94278,65.3552],[11.94245,65.35399],[11.94146,65.3535]],[[11.89889,65.35332],[11.89808,65.35342],[11.8987,65.35458],[11.90145,65.35617],[11.90297,65.35635],[11.90355,65.35553],[11.90288,65.35384],[11.89889,65.35332]],[[11.94438,65.35555],[11.94353,65.35529],[11.93856,65.35594],[11.94271,65.35738],[11.94492,65.35722],[11.94591,65.35666],[11.94609,65.35576],[11.94438,65.35555]],[[11.98953,65.36154],[11.98712,65.3605],[11.98611,65.36092],[11.98531,65.36026],[11.98329,65.36038],[11.98582,65.36164],[11.98823,65.36223],[11.98947,65.36211]],[[11.94612,65.36549],[11.94225,65.36371],[11.94166,65.36379],[11.94215,65.36567],[11.94494,65.36591],[11.94612,65.36549]],[[11.95802,65.36531],[11.95678,65.36465],[11.95549,65.36488],[11.95546,65.36555],[11.95804,65.36722],[11.95983,65.3666],[11.95934,65.3658],[11.95802,65.36531]],[[11.949,65.36367],[11.94702,65.36338],[11.94559,65.36378],[11.94752,65.36456],[11.95052,65.36697],[11.95216,65.36742],[11.95201,65.36777],[11.9545,65.36834],[11.95585,65.36763],[11.95313,65.36573],[11.95131,65.36525],[11.95113,65.36421],[11.949,65.36367]],[[11.95104,65.36966],[11.95242,65.36957],[11.95328,65.37017],[11.95483,65.36976],[11.95045,65.36834],[11.94543,65.36787],[11.94563,65.36888],[11.94695,65.36983],[11.9515,65.37095],[11.95203,65.3707],[11.95104,65.36966]],[[11.99613,65.38678],[11.99438,65.38609],[11.99571,65.3851],[11.99445,65.38386],[11.99268,65.38483],[11.99249,65.38584],[11.99505,65.38749],[11.99613,65.38678]],[[12.0011,65.39145],[11.9992,65.39259],[12.002,65.39481]],[[12.00232,65.40329],[11.9998,65.40321],[11.9998,65.40414],[12.00206,65.40598]],[[11.84882,65.41576],[11.84671,65.41583],[11.85013,65.41735],[11.85034,65.41648],[11.84882,65.41576]],[[11.8602,65.42078],[11.85762,65.42057],[11.85726,65.42082],[11.86039,65.42201],[11.86165,65.42125],[11.8602,65.42078]],[[11.99962,65.42653],[11.99836,65.42658],[11.99812,65.42724],[12.00175,65.42859]],[[12.00117,65.427],[11.99962,65.42653]],[[11.84258,65.41939],[11.83995,65.41912],[11.83865,65.41944],[11.84388,65.42127],[11.84976,65.42208],[11.84795,65.42119],[11.84422,65.42048],[11.84258,65.41939]],[[11.99282,65.42418],[11.99106,65.42404],[11.9909,65.42467],[11.99461,65.42575],[11.99428,65.42477],[11.99282,65.42418]],[[11.72509,65.42093],[11.72598,65.42015],[11.7238,65.419],[11.72193,65.41906],[11.72213,65.42041],[11.71944,65.41946],[11.71792,65.41933],[11.72086,65.42072],[11.72509,65.42093]],[[11.98018,65.44289],[11.98172,65.44424],[11.98414,65.44449],[11.98243,65.4428],[11.98089,65.44237],[11.98021,65.44265]],[[11.99799,65.44357],[11.99646,65.44315],[11.99519,65.44366],[11.99623,65.4444],[11.9987,65.44492],[11.99885,65.44415],[11.99799,65.44357]],[[11.99907,65.44581],[11.99738,65.44572],[11.99932,65.44748],[12.00143,65.4479]],[[12.00264,65.44717],[11.99907,65.44581]],[[11.98613,65.44369],[11.98533,65.44375],[11.98538,65.44491],[11.98967,65.44576],[11.99011,65.44538],[11.98904,65.4446],[11.98613,65.44369]],[[11.98477,65.44604],[11.98384,65.44609],[11.9833,65.44668],[11.98398,65.44706],[11.98817,65.4476],[11.98477,65.44604]],[[12.00346,65.45129],[11.99851,65.45012],[11.99907,65.4494],[11.99478,65.44759],[11.99099,65.44722],[11.99051,65.44773],[11.98891,65.44781],[11.99027,65.4483],[11.99026,65.44906],[11.99661,65.45147],[12.00095,65.45187]],[[11.88372,65.54998],[11.8822,65.54989],[11.8812,65.54917],[11.87795,65.54894],[11.87891,65.55012],[11.88034,65.55058],[11.88306,65.55043],[11.88372,65.54998]],[[11.89515,65.5614],[11.8927,65.56099],[11.89139,65.56125],[11.89208,65.56189],[11.89347,65.56206],[11.89517,65.56191],[11.89515,65.5614]],[[11.9225,65.56591],[11.92181,65.56502],[11.91853,65.56392],[11.91306,65.56333],[11.91259,65.56425],[11.91524,65.56577]],[[11.91524,65.56577],[11.91597,65.56677],[11.91948,65.56743],[11.91996,65.56721],[11.91899,65.56672],[11.91962,65.56641],[11.92203,65.56734],[11.92357,65.5671],[11.92362,65.56644],[11.9225,65.56591]],[[11.92574,65.56797],[11.92472,65.5675],[11.92319,65.56785],[11.92433,65.56922],[11.92613,65.56884],[11.92574,65.56797]],[[11.90962,65.56973],[11.90401,65.56682],[11.90148,65.56646],[11.90146,65.5686],[11.90533,65.56931],[11.90703,65.57073],[11.90962,65.56973]],[[11.72102,65.5665],[11.7196,65.56602],[11.71962,65.56726],[11.72212,65.56787],[11.72246,65.56715],[11.72102,65.5665]],[[11.90777,65.57226],[11.91185,65.57224],[11.91274,65.57194],[11.90923,65.57113],[11.90733,65.57145],[11.90777,65.57226]],[[11.67969,65.5608],[11.67869,65.56157],[11.68131,65.56365],[11.68221,65.56563],[11.68334,65.56628],[11.68519,65.56624],[11.68631,65.56888],[11.68851,65.56987],[11.68874,65.56834],[11.68023,65.56081]],[[11.70135,65.56802],[11.70272,65.5681],[11.70278,65.5675],[11.70129,65.56686],[11.69954,65.56686],[11.69997,65.56648],[11.69925,65.56621],[11.69757,65.56628],[11.69892,65.56756],[11.69768,65.56838],[11.69937,65.56912],[11.69868,65.57073],[11.70099,65.57166],[11.70428,65.57135],[11.70473,65.57088],[11.70258,65.56829],[11.70135,65.56802]],[[11.7182,65.56881],[11.71791,65.57156],[11.7206,65.57294],[11.72226,65.57154],[11.72088,65.56978],[11.7182,65.56881]],[[11.71278,65.57223],[11.71293,65.57059],[11.71202,65.56988],[11.70951,65.57014],[11.70821,65.5685],[11.70581,65.56923],[11.70746,65.56837],[11.70718,65.56793],[11.70428,65.56801],[11.70489,65.57031],[11.70785,65.57286],[11.7113,65.57346],[11.71279,65.57291],[11.71278,65.57223]],[[11.8991,65.58714],[11.89572,65.58715],[11.8956,65.5881],[11.89727,65.58838],[11.89826,65.58818],[11.8991,65.58714]],[[11.93092,65.57978],[11.92871,65.57979],[11.92954,65.58096],[11.93142,65.58131],[11.93198,65.5808],[11.93092,65.57978]],[[11.89219,65.59184],[11.88804,65.58972],[11.88794,65.59054],[11.88914,65.59149],[11.89156,65.59279],[11.89312,65.59306],[11.89219,65.59184]],[[11.71179,65.57749],[11.71249,65.57693],[11.71273,65.57401],[11.71082,65.57425],[11.71041,65.57496],[11.71126,65.57545],[11.71065,65.57561],[11.70944,65.57509],[11.70928,65.57391],[11.70812,65.57369],[11.70534,65.57394],[11.70299,65.57473],[11.70203,65.57592],[11.70098,65.57585],[11.70227,65.57462],[11.70181,65.5741],[11.69958,65.57354],[11.69706,65.5738],[11.69678,65.57481],[11.70384,65.57734],[11.70963,65.57809],[11.70913,65.57792],[11.71179,65.57749]],[[11.92772,65.5837],[11.92474,65.58365],[11.92438,65.58391],[11.92773,65.58555],[11.92987,65.58544],[11.92929,65.58447],[11.92772,65.5837]],[[11.7,65.58194],[11.69982,65.58093],[11.69815,65.57997],[11.69946,65.58052],[11.6994,65.57907],[11.69839,65.57895],[11.69831,65.57831],[11.6951,65.57645],[11.69446,65.5765],[11.69469,65.57773],[11.69423,65.57697],[11.69219,65.5767],[11.69397,65.57628],[11.69229,65.5745],[11.69074,65.57515],[11.69159,65.57708],[11.69724,65.58162],[11.7,65.58194]],[[11.94638,65.5878],[11.94859,65.58751],[11.94904,65.58707],[11.94791,65.58649],[11.94557,65.5862],[11.9477,65.58536],[11.94676,65.584],[11.94294,65.58327],[11.94195,65.58358],[11.94178,65.58475],[11.93957,65.58354],[11.93815,65.58352],[11.93789,65.58425],[11.93889,65.58482],[11.93676,65.58512],[11.93765,65.5862],[11.94231,65.58777],[11.9439,65.58662],[11.94526,65.58723],[11.94414,65.58782],[11.94625,65.58888],[11.94695,65.58863],[11.94638,65.5878]],[[11.85735,65.59107],[11.85543,65.59081],[11.85519,65.59131],[11.8577,65.59312],[11.85873,65.59325],[11.85859,65.59194],[11.85735,65.59107]],[[11.7826,65.60792],[11.77871,65.60744],[11.77701,65.6078]],[[11.85416,65.5935],[11.85207,65.593],[11.85067,65.59308],[11.84876,65.59243],[11.84789,65.59266],[11.84876,65.59331],[11.85397,65.59501]],[[11.8538,65.59649],[11.85805,65.59697],[11.8559,65.59613],[11.85805,65.59574],[11.85397,65.59501]],[[11.8538,65.59649],[11.85,65.59593],[11.84927,65.59612],[11.84962,65.59669],[11.85361,65.59802]],[[11.74534,65.59563],[11.74217,65.59618],[11.74505,65.5979]],[[11.74505,65.5979],[11.74653,65.59795],[11.74904,65.59669],[11.74534,65.59563]],[[11.86983,65.6008],[11.86729,65.60008],[11.86906,65.60163],[11.87158,65.60268],[11.86983,65.6008]],[[11.81669,65.60404],[11.81513,65.60371],[11.81127,65.60378],[11.81592,65.60492],[11.81793,65.60462],[11.81669,65.60404]],[[11.84119,65.60915],[11.84092,65.60855],[11.84273,65.60816],[11.84086,65.60766],[11.84012,65.60813],[11.83662,65.60808],[11.83456,65.60645],[11.83749,65.60671],[11.83784,65.60642],[11.8319,65.60468],[11.82924,65.60249],[11.8321,65.60225],[11.83909,65.60445],[11.83951,65.60419],[11.83827,65.6034],[11.83905,65.60272],[11.83458,65.602],[11.83453,65.60138],[11.83546,65.60094],[11.83724,65.60096],[11.83936,65.60185],[11.84164,65.60184],[11.84427,65.60285],[11.84676,65.60306],[11.84889,65.60379],[11.84941,65.60356],[11.84803,65.60207],[11.8494,65.60199],[11.85304,65.60272]],[[11.88202,65.60999],[11.8798,65.6096],[11.87693,65.60807],[11.87255,65.60667],[11.87077,65.60647],[11.87051,65.60719],[11.86588,65.60585],[11.86145,65.60555],[11.85809,65.60403],[11.85681,65.60418],[11.85304,65.60272]],[[11.88348,65.61002],[11.88039,65.60834],[11.86338,65.60329],[11.8617,65.60107],[11.85361,65.59802]],[[11.95517,65.61147],[11.95351,65.61034],[11.95023,65.61014],[11.94892,65.60952],[11.94628,65.60701],[11.94415,65.60597],[11.94491,65.60456],[11.94646,65.60434],[11.94461,65.60318],[11.94322,65.60308],[11.94285,65.60388],[11.94096,65.6039],[11.9405,65.60481],[11.93977,65.60485],[11.9343,65.60059],[11.92978,65.59879],[11.92162,65.59451],[11.91728,65.59323],[11.91388,65.59123],[11.9065,65.58863],[11.90559,65.58976],[11.90286,65.58897],[11.8974,65.58874],[11.89784,65.59038],[11.89727,65.59056],[11.89572,65.59002],[11.89341,65.58789],[11.88988,65.58636],[11.88896,65.58622],[11.88829,65.58664],[11.88838,65.58726],[11.89045,65.58839],[11.88859,65.58852],[11.88935,65.58932],[11.89506,65.59207],[11.89751,65.59409],[11.90174,65.59576],[11.89977,65.59624],[11.89639,65.59476],[11.89375,65.5942],[11.89177,65.5943],[11.89537,65.59667],[11.89728,65.59925],[11.90436,65.60319],[11.90284,65.60412],[11.90627,65.60766],[11.90546,65.60839],[11.89903,65.60605],[11.89911,65.60545],[11.90041,65.60537],[11.90028,65.60492],[11.89188,65.6004],[11.89022,65.60057],[11.88926,65.59986],[11.88597,65.59911],[11.87745,65.59585],[11.8628,65.59249],[11.86297,65.59405],[11.86978,65.59751],[11.87761,65.59873],[11.88151,65.59977],[11.87151,65.59868],[11.87068,65.59909],[11.8714,65.59987],[11.86769,65.59944],[11.86687,65.59989],[11.86388,65.59816],[11.86054,65.59751],[11.86281,65.59751],[11.86252,65.59611],[11.85416,65.5935]],[[11.9543,65.61146],[11.95517,65.61147]],[[11.88202,65.60999],[11.88318,65.61038],[11.88348,65.61002]],[[11.7826,65.60792],[11.78563,65.60824],[11.78783,65.60917],[11.79164,65.6091]],[[11.95266,65.61142],[11.95188,65.61233],[11.95297,65.6134],[11.96013,65.61552]],[[11.82546,65.6132],[11.82894,65.61229],[11.83117,65.6129],[11.83311,65.61265],[11.83323,65.61235],[11.8317,65.61194],[11.83669,65.61179],[11.84226,65.61006]],[[11.74345,65.61072],[11.7417,65.61116],[11.74328,65.61207]],[[11.74328,65.61207],[11.74551,65.61273],[11.74685,65.61197],[11.75047,65.61106],[11.74912,65.6102],[11.74345,65.61072]],[[11.79164,65.6091],[11.79996,65.61138],[11.80206,65.6129],[11.80469,65.61312],[11.80581,65.61198],[11.80869,65.61216],[11.81074,65.61264],[11.814,65.61443],[11.81547,65.61429],[11.81708,65.61278],[11.82361,65.614],[11.82546,65.6132]],[[11.73116,65.61318],[11.72982,65.61325],[11.7306,65.6156],[11.73385,65.61634],[11.7323,65.6138],[11.73116,65.61318]],[[11.38985,65.61885],[11.38798,65.6186],[11.38511,65.61894],[11.38308,65.61995],[11.38435,65.62059],[11.39324,65.62281],[11.39399,65.62216],[11.39162,65.61953],[11.38985,65.61885]],[[11.39746,65.62754],[11.39577,65.62565],[11.39391,65.62549],[11.39286,65.62481],[11.39401,65.62459],[11.39145,65.62387],[11.38976,65.62385],[11.39051,65.62489],[11.3874,65.62507],[11.38732,65.62433],[11.38909,65.62397],[11.38938,65.62291],[11.38352,65.62283],[11.38378,65.62389],[11.38497,65.62412],[11.38468,65.6244],[11.38654,65.62536],[11.3881,65.62524],[11.3885,65.62587],[11.39106,65.62567],[11.39318,65.62769],[11.39746,65.62754]],[[11.78715,65.65292],[11.78594,65.65012],[11.7838,65.64903],[11.78116,65.64644],[11.78113,65.64468],[11.77756,65.64206],[11.77786,65.64124],[11.77898,65.64107],[11.78428,65.643],[11.78444,65.64086],[11.78173,65.63923],[11.77849,65.63831],[11.76955,65.63106],[11.7619,65.62768],[11.76074,65.62629],[11.76117,65.62573],[11.76437,65.62695],[11.76526,65.62685],[11.76388,65.62513],[11.75997,65.62323],[11.75623,65.62256],[11.75704,65.62205],[11.76178,65.6223],[11.76245,65.62169],[11.75844,65.62119],[11.75766,65.62053],[11.7536,65.61993],[11.75331,65.6192],[11.75474,65.61867],[11.75249,65.61843],[11.74749,65.61674],[11.74554,65.61557],[11.74467,65.61424],[11.74707,65.6126],[11.74973,65.61242],[11.75156,65.61565],[11.75297,65.61615],[11.75278,65.61203],[11.75575,65.61162],[11.76184,65.61192],[11.7559,65.61025],[11.75798,65.60904],[11.77139,65.60971],[11.77177,65.60943],[11.78006,65.61084],[11.78029,65.61003],[11.77701,65.6078]],[[12.00097,65.65342],[11.9981,65.65424],[11.99527,65.65194],[11.99969,65.65205],[11.9992,65.65076],[11.9972,65.65077],[11.99649,65.65043],[11.99694,65.65013],[11.99966,65.65007],[12.00009,65.64858]],[[12.00009,65.64858],[11.99918,65.6472],[11.99661,65.64662],[11.99707,65.6456],[11.99531,65.64522],[11.99378,65.64543],[11.99418,65.64422],[11.99204,65.64208],[11.99315,65.64152],[11.99445,65.64179],[11.99591,65.64268],[11.99582,65.64324],[11.99452,65.64358],[11.99716,65.64463],[11.99787,65.64281],[11.99738,65.64222],[11.99953,65.64031],[11.99684,65.63808],[11.99423,65.63756],[11.9931,65.63809],[11.98911,65.63628],[11.98854,65.63424],[11.99069,65.63392],[11.99244,65.63265],[11.9915,65.63152],[11.98801,65.62963],[11.97852,65.62634],[11.97775,65.62502],[11.97499,65.62302],[11.96865,65.61979],[11.96448,65.61908],[11.96187,65.61643],[11.96013,65.61552]],[[11.78715,65.65292],[11.78786,65.65679],[11.78963,65.65931],[11.78864,65.66059],[11.78893,65.66153],[11.79177,65.66334],[11.79591,65.66785],[11.80029,65.67023],[11.8015,65.67182],[11.80664,65.6746]],[[11.97416,65.67655],[11.97343,65.67773],[11.97939,65.67878],[11.98424,65.67882]],[[11.80664,65.6746],[11.808,65.67512],[11.8081,65.67596]],[[11.99754,65.67171],[12.00152,65.67145]],[[12.00152,65.67145],[11.99373,65.66889],[11.99305,65.66707],[11.9907,65.66764],[11.98758,65.66702],[11.98523,65.66712],[11.98503,65.66763],[11.98867,65.66972],[11.99236,65.67015],[11.99754,65.67171]],[[11.98424,65.67882],[11.9864,65.67933],[11.99002,65.67929],[11.99205,65.67726],[11.99339,65.67681],[11.99618,65.67673],[11.99784,65.67793],[12.00538,65.67805]],[[11.73523,65.67609],[11.74227,65.67483],[11.74896,65.67258],[11.754,65.67007],[11.75544,65.66809],[11.75372,65.66534],[11.74475,65.6632],[11.74213,65.66182],[11.73714,65.66091]],[[11.80034,65.67786],[11.79852,65.67822],[11.79833,65.67868],[11.80083,65.67919],[11.8013,65.67865],[11.80034,65.67786]],[[12.00491,65.67636],[11.99984,65.67585],[11.995,65.67615],[11.99264,65.67569],[11.99187,65.67683],[11.99057,65.6772],[11.98888,65.67677],[11.98823,65.67815],[11.98657,65.67836],[11.98588,65.67801],[11.98213,65.67781],[11.98067,65.67545],[11.97865,65.67601],[11.9748,65.67553],[11.97416,65.67655]],[[11.73714,65.66091],[11.72864,65.65967],[11.72459,65.65997],[11.72407,65.66055],[11.72619,65.66076],[11.72634,65.66167],[11.72316,65.66181],[11.71846,65.66422],[11.7176,65.6652],[11.71242,65.66688],[11.7097,65.66581],[11.708,65.66595],[11.70666,65.66793],[11.71308,65.67522],[11.71748,65.67719],[11.72089,65.67771],[11.7219,65.67729],[11.72335,65.67734],[11.72362,65.67864],[11.72752,65.67805],[11.72686,65.67736],[11.72745,65.67697],[11.72903,65.6768],[11.73011,65.6773],[11.73209,65.67741],[11.73313,65.67663],[11.73523,65.67609]],[[11.71957,65.67857],[11.71791,65.67801],[11.71791,65.67951],[11.72034,65.67961],[11.72069,65.67917],[11.71957,65.67857]],[[11.80139,65.6799],[11.79674,65.67982],[11.79589,65.68088],[11.79747,65.68219],[11.79696,65.68321],[11.80239,65.68445],[11.8036,65.6826],[11.80287,65.68066],[11.80139,65.6799]],[[11.71812,65.68357],[11.71791,65.68335],[11.71791,65.68398],[11.71812,65.68357]],[[11.7069,65.68167],[11.70378,65.67932],[11.70211,65.67909],[11.70095,65.67962],[11.70095,65.68054],[11.70218,65.68117],[11.70396,65.68114],[11.70498,65.68283],[11.70441,65.68333],[11.7052,65.6841],[11.70752,65.68468],[11.71034,65.68366],[11.71019,65.68291],[11.7069,65.68167]],[[11.73188,65.6866],[11.73043,65.68402],[11.72914,65.68358],[11.72638,65.6839],[11.72462,65.68553],[11.72592,65.68719],[11.72872,65.68636],[11.72931,65.68667],[11.72884,65.68734],[11.73,65.6876],[11.73188,65.6866]],[[11.78731,65.68731],[11.78442,65.68679],[11.783,65.68701],[11.78232,65.68751],[11.78244,65.68925],[11.78622,65.69194],[11.78874,65.69271],[11.79007,65.69222],[11.78903,65.69118],[11.78937,65.68807],[11.78731,65.68731]],[[11.8088,65.69706],[11.80939,65.69648],[11.80776,65.6961],[11.80072,65.69632],[11.79956,65.69665],[11.80033,65.69736],[11.80449,65.69683],[11.80628,65.69766],[11.80851,65.69766],[11.8088,65.69706]],[[11.80453,65.6943],[11.80575,65.6939],[11.80765,65.69413],[11.80822,65.69389],[11.80705,65.69177],[11.80994,65.69234],[11.81072,65.69162],[11.81043,65.68902],[11.80859,65.68756],[11.80651,65.68676],[11.80391,65.68663],[11.79997,65.68516],[11.79785,65.68496],[11.79785,65.68596],[11.79912,65.68716],[11.8052,65.6898],[11.80662,65.69104],[11.80601,65.69121],[11.80437,65.69021],[11.79622,65.68729],[11.79486,65.68525],[11.793,65.68469],[11.79107,65.68477],[11.79087,65.68354],[11.78975,65.68333],[11.78899,65.68421],[11.78962,65.68541],[11.79114,65.68535],[11.79349,65.68733],[11.79317,65.68817],[11.79727,65.68966],[11.79669,65.68985],[11.79136,65.68842],[11.79045,65.69086],[11.79178,65.69151],[11.79513,65.69207],[11.79658,65.69329],[11.80124,65.69356],[11.80453,65.6943]],[[11.80912,65.69986],[11.80728,65.69968],[11.80486,65.70068],[11.80531,65.70189],[11.81015,65.70118],[11.81033,65.70063],[11.80912,65.69986]],[[11.96564,65.74195],[11.96767,65.74077],[11.96723,65.74006],[11.96578,65.7413],[11.96465,65.74134],[11.96398,65.74028],[11.96095,65.74161],[11.96146,65.74218],[11.9633,65.74237],[11.96564,65.74195]],[[11.8081,65.67596],[11.80701,65.67704],[11.8113,65.68033],[11.80821,65.68111],[11.81035,65.68223],[11.80849,65.68283],[11.81095,65.68306],[11.80865,65.68379],[11.80846,65.68429],[11.80952,65.6844],[11.81105,65.68372],[11.81215,65.68404],[11.81028,65.68478],[11.81054,65.68633],[11.81142,65.68676],[11.8129,65.6868],[11.81475,65.68866],[11.81702,65.68983],[11.81924,65.68959],[11.81966,65.69024],[11.82217,65.6912],[11.82084,65.69189],[11.82203,65.69297],[11.82565,65.69312],[11.83482,65.69173],[11.83479,65.69204],[11.8289,65.69363],[11.83092,65.69486],[11.83265,65.69522],[11.83074,65.69569],[11.83142,65.69621],[11.83515,65.6962],[11.8346,65.69552],[11.83871,65.69491],[11.83915,65.69519],[11.83714,65.69581],[11.83769,65.69663],[11.84166,65.69632]],[[11.8465,65.69907],[11.84662,65.6969],[11.8481,65.69628],[11.84723,65.69572],[11.85656,65.69389],[11.85729,65.69341],[11.85389,65.69355],[11.84974,65.69454],[11.8459,65.69403],[11.84607,65.69524],[11.8432,65.69482],[11.84166,65.69632]],[[11.96146,65.7014],[11.96041,65.70109],[11.95955,65.70136]],[[11.98868,65.70194],[11.98813,65.70137],[11.99045,65.70102],[11.99175,65.70117],[11.99137,65.69911],[11.99324,65.69869],[11.99075,65.69765],[11.99017,65.69967],[11.988,65.69995],[11.98073,65.69989],[11.97774,65.70086],[11.97204,65.70161]],[[11.99232,65.70201],[11.99162,65.70142],[11.99131,65.70199]],[[11.96146,65.7014],[11.96247,65.70207],[11.96228,65.70274],[11.96519,65.70298],[11.97052,65.70274],[11.97171,65.70239],[11.97204,65.70161]],[[11.95955,65.70136],[11.95844,65.70223],[11.95904,65.70268],[11.95774,65.70296],[11.95594,65.70304],[11.95383,65.70204],[11.95132,65.70225],[11.95256,65.70307],[11.95162,65.7037],[11.955,65.70366],[11.95597,65.7049],[11.95731,65.70509],[11.96381,65.70399],[11.97359,65.7037],[11.97287,65.70304],[11.97721,65.70216],[11.98367,65.70247],[11.98868,65.70194]],[[11.99008,65.70733],[11.99284,65.70735],[11.99534,65.70665],[11.99275,65.70581],[11.99121,65.7045],[11.99188,65.7028],[11.99131,65.70199]],[[11.9496,65.70518],[11.95441,65.70579],[11.96243,65.70605],[11.96593,65.70702],[11.96848,65.70729],[11.97301,65.70688],[11.97341,65.70637],[11.9915,65.70582],[11.99008,65.70733]],[[11.99232,65.70201],[11.99347,65.70296],[11.99497,65.7032],[11.99394,65.70438],[11.99667,65.70718],[11.9992,65.7078],[12.0035,65.7081]],[[11.8391,65.7052],[11.84034,65.70476],[11.83693,65.70358],[11.83613,65.70352],[11.83602,65.70407],[11.83503,65.70407],[11.83241,65.70293],[11.83153,65.70306],[11.83262,65.70468],[11.8391,65.7052]],[[11.92745,65.70468],[11.9285,65.70581],[11.93087,65.70595],[11.93022,65.70667],[11.93127,65.7073],[11.93963,65.70688],[11.93844,65.70612],[11.93881,65.70542],[11.94066,65.7055],[11.94399,65.70494],[11.9496,65.70518]],[[11.84037,65.70687],[11.84342,65.70679],[11.84266,65.7059],[11.84048,65.70599]],[[11.94946,65.70636],[11.95407,65.70769],[11.9553,65.70867],[11.95854,65.7086],[11.95802,65.70948],[11.9626,65.70856],[11.96408,65.70872],[11.96532,65.70964],[11.96716,65.70914],[11.977,65.70877],[11.97856,65.70837],[11.97773,65.7078],[11.97947,65.70727],[11.98686,65.70699],[11.99008,65.70733]],[[11.94946,65.70636],[11.94795,65.70637],[11.94867,65.70696],[11.94781,65.70742],[11.9407,65.70569],[11.94211,65.70725],[11.94136,65.70769],[11.93469,65.70798],[11.93561,65.70884],[11.947,65.70891],[11.9486,65.7091],[11.94907,65.70968]],[[11.84026,65.70779],[11.83935,65.7075],[11.83777,65.70814],[11.84018,65.70847]],[[11.84018,65.70847],[11.84284,65.7081],[11.84207,65.70765],[11.84026,65.70779]],[[11.93822,65.71044],[11.94197,65.71038],[11.94214,65.70993],[11.93599,65.7099],[11.93516,65.71126],[11.93822,65.71044]],[[11.94883,65.71167],[11.95073,65.71161],[11.95008,65.71045],[11.95137,65.70961],[11.94907,65.70968]],[[11.92724,65.71087],[11.92773,65.70993],[11.92661,65.70926],[11.92357,65.70968],[11.92197,65.70926],[11.91924,65.70988],[11.91988,65.71063],[11.92298,65.71076],[11.92554,65.71159],[11.92752,65.7113],[11.92724,65.71087]],[[11.84013,65.70889],[11.83887,65.70926],[11.83998,65.7101]],[[11.95759,65.71275],[11.9596,65.71243],[11.95846,65.71155],[11.95251,65.71059],[11.95244,65.71031],[11.95732,65.71032],[11.95788,65.71084],[11.96119,65.71155],[11.96219,65.71113],[11.96179,65.71047],[11.97652,65.70994],[11.98174,65.70815],[11.98302,65.70834],[11.98275,65.70918],[11.98647,65.70888],[11.98839,65.70855],[11.99008,65.70733]],[[11.83998,65.7101],[11.84196,65.71048],[11.84319,65.71007],[11.84366,65.70929],[11.84262,65.70886],[11.84013,65.70889]],[[11.8465,65.69907],[11.84702,65.69968],[11.84866,65.70015],[11.84856,65.70181],[11.85152,65.70338],[11.8439,65.70152],[11.84235,65.70196],[11.84358,65.70288],[11.84682,65.70371],[11.85032,65.70534],[11.85091,65.70516],[11.85051,65.70445],[11.85219,65.70391],[11.85468,65.70529],[11.86205,65.7056],[11.86414,65.70507],[11.86469,65.70373],[11.8675,65.70518],[11.87046,65.70598],[11.87006,65.70676],[11.87138,65.70696],[11.87432,65.70535],[11.87289,65.70432],[11.87416,65.70298],[11.87614,65.703],[11.87484,65.70408],[11.8757,65.70468],[11.87636,65.70353],[11.87963,65.70255],[11.88051,65.70528],[11.88141,65.70557],[11.88495,65.70522],[11.88507,65.7047],[11.8883,65.70386],[11.88846,65.70464],[11.89014,65.70481],[11.88972,65.70532],[11.88709,65.70512],[11.8827,65.70617],[11.88301,65.70733],[11.88779,65.70636],[11.88833,65.7071],[11.89277,65.70655],[11.89294,65.70743],[11.88621,65.7087],[11.88417,65.70954],[11.88276,65.71031],[11.88323,65.71219],[11.88581,65.71145],[11.88671,65.7098],[11.88924,65.70989],[11.89201,65.70917],[11.89323,65.70958],[11.89614,65.70959],[11.89855,65.71009],[11.9003,65.70921],[11.90698,65.70801],[11.90768,65.7085],[11.90484,65.70886],[11.90526,65.70946],[11.90445,65.70984],[11.90514,65.71059],[11.90743,65.71103],[11.90822,65.71097],[11.90886,65.71016],[11.90649,65.70918],[11.90714,65.70883],[11.90837,65.70899],[11.91066,65.71036],[11.914,65.70979],[11.91265,65.70889],[11.91533,65.70817],[11.91773,65.70893],[11.92483,65.70808],[11.92552,65.70641],[11.92323,65.70551],[11.92104,65.7053],[11.92651,65.70445]],[[11.87847,65.70997],[11.87783,65.70949],[11.87912,65.70916],[11.8788,65.7087],[11.87997,65.70808],[11.87696,65.70751],[11.87649,65.70704],[11.87862,65.70705],[11.87995,65.70587],[11.87896,65.70424],[11.87787,65.70402],[11.87617,65.70535],[11.8768,65.70631],[11.87564,65.70638],[11.87432,65.70583],[11.87329,65.7063],[11.87445,65.70669],[11.87348,65.70813],[11.87646,65.71047],[11.87905,65.71101],[11.87959,65.71204],[11.88069,65.71206],[11.88128,65.71138],[11.87847,65.70997]],[[11.93706,65.71184],[11.93643,65.71165],[11.93501,65.71197],[11.93433,65.71354],[11.93755,65.7135],[11.93706,65.71184]],[[11.85182,65.71],[11.85059,65.70942],[11.84843,65.70972],[11.85081,65.71179],[11.85246,65.71204],[11.85319,65.71115],[11.85182,65.71]],[[11.94849,65.71457],[11.95329,65.71373],[11.9543,65.71312]],[[11.90261,65.71802],[11.89759,65.71667],[11.89973,65.7186],[11.90212,65.71852],[11.90261,65.71802]],[[11.91696,65.71046],[11.90739,65.71153],[11.9084,65.71294],[11.91076,65.71388],[11.91487,65.71434],[11.91673,65.71353],[11.91598,65.71311],[11.91681,65.71241],[11.91696,65.71046]],[[11.94883,65.71167],[11.94201,65.71183],[11.9385,65.71313],[11.93862,65.71364],[11.93617,65.71434],[11.93651,65.71517],[11.93802,65.71559],[11.94849,65.71457]],[[11.97376,65.71655],[11.97787,65.7164],[11.97942,65.71592],[11.9745,65.71565],[11.97204,65.7163],[11.9734,65.7168],[11.97376,65.71655]],[[11.88001,65.7131],[11.87887,65.71336],[11.87724,65.71498],[11.87755,65.71541],[11.87958,65.71522],[11.88106,65.71454],[11.88121,65.71393],[11.88001,65.7131]],[[11.85373,65.7162],[11.85874,65.71516],[11.859,65.71454],[11.85781,65.71427],[11.85572,65.71456],[11.8525,65.71606],[11.85092,65.71546],[11.85,65.71556],[11.85079,65.71676],[11.85191,65.71687],[11.85373,65.7162]],[[11.90784,65.7185],[11.90806,65.71785],[11.90618,65.71752],[11.90548,65.71691],[11.90683,65.71629],[11.90368,65.71537],[11.90246,65.71589],[11.90327,65.71714],[11.90288,65.71814],[11.90784,65.7185]],[[11.97305,65.71906],[11.97382,65.71865],[11.97484,65.72024],[11.9772,65.71919],[11.97644,65.71857],[11.97705,65.71787],[11.97892,65.7174],[11.9813,65.71774],[11.98348,65.71746],[11.98542,65.71648],[11.98265,65.71608],[11.98206,65.71516],[11.98911,65.71483],[11.9911,65.71315],[11.9979,65.71265],[11.99871,65.71222],[11.99774,65.71102],[11.99588,65.71099],[11.99271,65.71192],[11.98757,65.71225],[11.98555,65.71202],[11.98225,65.71272],[11.97707,65.71311],[11.9753,65.71364],[11.97707,65.71405],[11.9731,65.71518],[11.9701,65.7149],[11.96803,65.71524],[11.96764,65.71596],[11.97036,65.71725],[11.96852,65.7183],[11.96867,65.71987],[11.96991,65.72024],[11.97154,65.72006],[11.97305,65.71906]],[[11.86036,65.7177],[11.86332,65.71744],[11.86272,65.71672],[11.86009,65.71581],[11.85808,65.71563],[11.8574,65.7162],[11.85894,65.71645],[11.85843,65.71753],[11.85585,65.71685],[11.85574,65.71624],[11.85458,65.71639],[11.85425,65.71748],[11.85813,65.71814],[11.86036,65.7177]],[[11.94782,65.72026],[11.95533,65.72022],[11.95531,65.71814],[11.95456,65.71767],[11.95525,65.71719],[11.95708,65.71654],[11.9573,65.71703],[11.96243,65.71674],[11.96146,65.71557],[11.94831,65.71605]],[[11.94831,65.71605],[11.94451,65.71615],[11.94348,65.71663],[11.94781,65.71808],[11.94628,65.71905],[11.94362,65.71936],[11.94357,65.72044],[11.94782,65.72026]],[[11.89438,65.71993],[11.89619,65.71977],[11.89768,65.72026],[11.89993,65.71973],[11.8963,65.71698],[11.89204,65.7176],[11.89119,65.71732],[11.89183,65.71673],[11.89374,65.71638],[11.89317,65.71582],[11.89121,65.71611],[11.88587,65.71555],[11.88649,65.71683],[11.89504,65.7213],[11.89545,65.72084],[11.89438,65.71993]],[[11.94755,65.72254],[11.95993,65.72161],[11.95904,65.72101],[11.95777,65.72138],[11.95709,65.72036],[11.94764,65.72173]],[[11.94764,65.72173],[11.9441,65.72119],[11.94257,65.72285],[11.94393,65.72307],[11.94755,65.72254]],[[11.88909,65.71984],[11.88831,65.71959],[11.88726,65.7198],[11.88354,65.71842],[11.881,65.71847],[11.87954,65.71919],[11.88024,65.71953],[11.88449,65.71974],[11.8855,65.72177],[11.88887,65.72256],[11.8898,65.72217],[11.88743,65.72139],[11.88913,65.72085],[11.88909,65.71984]],[[11.99689,65.72904],[11.99515,65.72899],[11.99054,65.73018],[11.98847,65.73143],[11.99158,65.73111],[11.99172,65.73049],[11.99659,65.72947],[11.99689,65.72904]],[[11.75644,65.73706],[11.75459,65.737],[11.75361,65.73611],[11.75482,65.73573],[11.7554,65.73632],[11.75669,65.73607],[11.75608,65.73526],[11.75512,65.73544],[11.75281,65.73486],[11.74995,65.73601],[11.75015,65.73725],[11.75214,65.73777],[11.75426,65.73771],[11.75644,65.73706]],[[11.9828,65.73549],[11.98432,65.73491],[11.98393,65.73467],[11.98507,65.73398],[11.9822,65.73362],[11.98348,65.7318],[11.98573,65.73035],[11.98541,65.72953],[11.9833,65.72909],[11.98026,65.7301],[11.97902,65.72979],[11.97943,65.72929],[11.97573,65.72926],[11.97446,65.73169],[11.97467,65.73302],[11.98094,65.73221],[11.98163,65.73275],[11.97949,65.73348],[11.97969,65.73418],[11.97824,65.73475],[11.97798,65.73559],[11.97961,65.73539],[11.98053,65.73434],[11.98149,65.73534],[11.9825,65.73549]],[[11.95941,65.7367],[11.95764,65.73666],[11.95607,65.73765],[11.95826,65.73886],[11.96197,65.73832],[11.95941,65.7367]],[[11.74606,65.7351],[11.74329,65.73497],[11.7425,65.73536],[11.74324,65.73655],[11.74699,65.73706],[11.74606,65.7351]],[[11.74288,65.73811],[11.74371,65.73706],[11.74114,65.73662],[11.74066,65.73685],[11.73914,65.73628],[11.73753,65.73648],[11.73768,65.73741],[11.74049,65.73773],[11.74087,65.73876],[11.74199,65.73919],[11.74546,65.73905],[11.74431,65.7382],[11.74288,65.73811]],[[11.97835,65.7431],[11.97709,65.74273],[11.97424,65.74312],[11.97185,65.74534],[11.97456,65.74535],[11.97703,65.74432],[11.97835,65.7431]],[[11.73805,65.73789],[11.73396,65.73769],[11.73506,65.73678],[11.73375,65.73661],[11.73273,65.73695],[11.73301,65.73866],[11.73537,65.73977],[11.73924,65.74062],[11.74111,65.74004],[11.73805,65.73789]],[[11.75506,65.74206],[11.75684,65.74139],[11.75396,65.73954],[11.75215,65.74007],[11.75365,65.74083],[11.75385,65.74203]],[[11.96811,65.74644],[11.96997,65.74515],[11.97007,65.74431],[11.96922,65.74411],[11.96727,65.74487],[11.96647,65.74378],[11.96198,65.74449],[11.96005,65.74556],[11.95985,65.74627]],[[11.95985,65.74627],[11.96208,65.74756],[11.96422,65.74799],[11.96811,65.74644]],[[11.75235,65.74253],[11.75012,65.74267],[11.75015,65.74365],[11.75217,65.74355],[11.75235,65.74253]],[[11.73806,65.75283],[11.73944,65.75199],[11.73832,65.75121],[11.73668,65.75065],[11.73515,65.75066],[11.73508,65.75132],[11.73676,65.75236],[11.73534,65.75254],[11.73549,65.75199],[11.73405,65.75185],[11.73438,65.75],[11.73276,65.74989],[11.7318,65.75034],[11.73417,65.75294],[11.7349,65.75321],[11.73806,65.75283]],[[11.72382,65.75186],[11.72033,65.75163],[11.71829,65.75196],[11.7179,65.75387],[11.72215,65.75326],[11.72413,65.75231],[11.72382,65.75186]],[[11.72813,65.75176],[11.72736,65.75181],[11.72704,65.75311],[11.72612,65.75361],[11.72752,65.75483],[11.7282,65.75461],[11.72751,65.75421],[11.7311,65.75335],[11.72813,65.75176]],[[11.75014,65.75438],[11.74977,65.75359],[11.74666,65.75425],[11.74561,65.75253],[11.74278,65.75242],[11.74279,65.75278],[11.74423,65.75307],[11.7443,65.75425],[11.7461,65.75435],[11.74613,65.75527],[11.74756,65.75529],[11.75014,65.75438]],[[11.72315,65.75577],[11.72094,65.75526],[11.71897,65.7556],[11.7179,65.75495],[11.7179,65.75681],[11.72201,65.75713],[11.72315,65.75577]],[[11.991,65.75739],[11.98717,65.75736],[11.98547,65.75809],[11.98669,65.75873],[11.98479,65.75974],[11.98439,65.76065],[11.98709,65.76342],[11.98783,65.76319],[11.98769,65.7622],[11.9926,65.75997],[11.991,65.75739]],[[11.98317,65.76205],[11.982,65.76134],[11.98008,65.76154],[11.98156,65.76341],[11.98403,65.76299],[11.98317,65.76205]],[[11.99407,65.76251],[11.99302,65.76229],[11.99009,65.7634],[11.98923,65.76422],[11.98973,65.76458],[11.98815,65.76519],[11.9893,65.76574],[11.99228,65.76496],[11.99217,65.76449],[11.99425,65.76306],[11.99407,65.76251]],[[11.73728,65.7561],[11.73509,65.75649],[11.7347,65.7572],[11.73605,65.75813],[11.73317,65.7582],[11.73073,65.75884],[11.7319,65.76057],[11.73535,65.75998],[11.73856,65.75827],[11.73888,65.75739],[11.73728,65.7561]],[[11.72472,65.75915],[11.72092,65.76016],[11.72179,65.7623],[11.72423,65.76302]],[[11.72423,65.76302],[11.72628,65.76319],[11.72627,65.76241],[11.72749,65.7625],[11.7302,65.76136],[11.73042,65.76037],[11.72973,65.75943],[11.72827,65.75951],[11.72596,65.75889],[11.72785,65.75841],[11.72709,65.75702],[11.72491,65.75765]],[[11.74709,65.7636],[11.74832,65.76278],[11.75043,65.76277],[11.75034,65.7614],[11.75179,65.76111],[11.75025,65.76048],[11.74661,65.76057],[11.74892,65.75968],[11.74617,65.75883],[11.74615,65.75831],[11.7439,65.75793],[11.74265,65.75847],[11.74289,65.75943],[11.7405,65.75924],[11.73734,65.75984],[11.73642,65.76128],[11.7384,65.76154],[11.74059,65.76101],[11.74156,65.76343],[11.74087,65.76387],[11.74179,65.76416],[11.74582,65.76403],[11.74709,65.7636]],[[11.7198,65.76369],[11.72104,65.76365],[11.72098,65.76296],[11.72014,65.76256],[11.71865,65.76285],[11.7179,65.76235],[11.7179,65.76362],[11.7198,65.76369]],[[11.74554,65.76734],[11.74805,65.7677],[11.74884,65.76698],[11.74624,65.76614],[11.74414,65.76605],[11.7441,65.76667],[11.74172,65.76617],[11.74295,65.76778],[11.745,65.76798],[11.74554,65.76734]],[[11.73933,65.77157],[11.73839,65.77058],[11.7372,65.77055],[11.73692,65.77112],[11.73516,65.77038],[11.73201,65.77054],[11.73772,65.77212],[11.73879,65.77215],[11.73933,65.77157]],[[11.99246,65.77959],[11.9919,65.77862],[11.99111,65.77848],[11.98958,65.77899],[11.98841,65.77832],[11.98706,65.77918],[11.98818,65.7801],[11.98974,65.78035],[11.99246,65.77959]],[[11.76322,65.77571],[11.76194,65.77523],[11.75794,65.77522],[11.75863,65.77469],[11.76561,65.77388],[11.76358,65.7748],[11.76518,65.77587],[11.77163,65.77587],[11.77247,65.77366],[11.76896,65.77407],[11.76825,65.77481],[11.76617,65.774],[11.76799,65.77335],[11.77201,65.7731],[11.77212,65.77276],[11.76814,65.77232],[11.76688,65.77296],[11.76624,65.77211],[11.7636,65.77201],[11.76565,65.77269],[11.75853,65.77194],[11.75835,65.77229],[11.76035,65.77252],[11.76006,65.77367],[11.75842,65.77345],[11.75672,65.77188],[11.7508,65.7712],[11.74883,65.77172],[11.74812,65.77115],[11.74509,65.77219],[11.74897,65.77233],[11.75117,65.77176],[11.75339,65.77319],[11.74696,65.77356],[11.74592,65.77306],[11.74306,65.77297],[11.74287,65.77393],[11.74946,65.77427],[11.7494,65.77481],[11.75099,65.77564],[11.75574,65.77554],[11.75593,65.77587],[11.76015,65.77605],[11.76322,65.77571]],[[11.74775,65.77593],[11.74903,65.77546],[11.74818,65.775],[11.74191,65.77476],[11.73674,65.775],[11.73805,65.77568],[11.74775,65.77593]],[[12.00028,65.78135],[11.9989,65.78011],[11.99888,65.78144],[11.99753,65.78165],[11.99863,65.78385],[12.00045,65.78374]],[[11.58223,65.77256],[11.57724,65.76942],[11.57546,65.76964],[11.57556,65.77032],[11.57758,65.7706],[11.57903,65.77137],[11.57818,65.77243],[11.57762,65.77081],[11.57408,65.77049],[11.57381,65.77112],[11.57534,65.77232],[11.57741,65.77293],[11.58039,65.7752],[11.58121,65.77661],[11.58329,65.77697],[11.584,65.77598],[11.58223,65.77256]],[[12.00186,65.78484],[11.99975,65.78491],[11.99953,65.78544],[12.00269,65.78792]],[[12.00054,65.78814],[11.99915,65.78821],[11.99867,65.78688],[11.99614,65.78523],[11.99564,65.78282],[11.99494,65.78241],[11.99387,65.78251],[11.99306,65.78291],[11.99363,65.78385],[11.99224,65.78374],[11.99052,65.78546],[11.99068,65.78618],[11.99317,65.78793],[11.99829,65.78942],[11.9999,65.7904],[12.00194,65.78958]],[[11.99031,65.79469],[11.98846,65.79394],[11.98703,65.79254],[11.98597,65.79212],[11.98447,65.79217],[11.98402,65.79415],[11.98202,65.79399],[11.98139,65.79445],[11.98203,65.79638],[11.98444,65.7975],[11.98379,65.79803],[11.98497,65.79887],[11.98844,65.79852],[11.98914,65.79815],[11.99029,65.79657],[11.98897,65.79611],[11.99055,65.79533],[11.99031,65.79469]],[[11.99168,65.79979],[11.99064,65.79988],[11.98926,65.80113],[11.99078,65.80197],[11.99152,65.80157],[11.99168,65.79979]],[[11.97925,65.80422],[11.9784,65.79951],[11.9771,65.79891],[11.97582,65.79904],[11.97798,65.8031],[11.97719,65.80366],[11.97609,65.80328],[11.97592,65.80101],[11.97445,65.7987],[11.97343,65.79853],[11.97198,65.79899],[11.97337,65.80133],[11.9709,65.7995],[11.97013,65.79996],[11.97056,65.80082],[11.97218,65.80175],[11.97335,65.80175],[11.97569,65.80384],[11.97897,65.80527],[11.97925,65.80422]],[[11.98933,65.80856],[11.99209,65.80845],[11.99171,65.80712],[11.99043,65.8068],[11.99119,65.80633],[11.99097,65.8055],[11.99215,65.80529],[11.99183,65.80311],[11.98809,65.80148],[11.98776,65.80265],[11.98703,65.8027],[11.98344,65.79933],[11.98151,65.79904],[11.98035,65.80086],[11.9811,65.80291],[11.98263,65.80373],[11.98076,65.8042],[11.98044,65.80555],[11.98555,65.80817],[11.98933,65.80856]],[[11.99888,65.82189],[11.9974,65.82208],[11.99822,65.82413],[11.99899,65.82516],[12.00058,65.82555]],[[12.0014,65.82472],[11.99888,65.82189]],[[11.77288,65.83833],[11.77138,65.83845],[11.7703,65.83987],[11.77221,65.84117],[11.77422,65.84079],[11.77288,65.83833]],[[11.94929,65.86179],[11.94686,65.86179],[11.94794,65.86416],[11.95059,65.86458],[11.95468,65.86433],[11.95403,65.86388],[11.95496,65.86356],[11.95148,65.86279],[11.94929,65.86179]],[[11.81068,65.84927],[11.80912,65.8491],[11.80809,65.8496],[11.81002,65.85137],[11.81307,65.85085],[11.81068,65.84927]],[[11.77787,65.85878],[11.77672,65.85854],[11.77585,65.86037],[11.77893,65.86159],[11.77963,65.86047],[11.77787,65.85878]],[[11.80054,65.87773],[11.80073,65.87994],[11.80552,65.88094],[11.80706,65.88064],[11.80663,65.87786]],[[11.93358,65.8673],[11.93122,65.86727],[11.93174,65.86836],[11.93352,65.86847],[11.93433,65.86795],[11.93358,65.8673]],[[11.95326,65.85982],[11.95133,65.85911],[11.94862,65.85933],[11.95016,65.85832],[11.94794,65.85772],[11.94635,65.85793],[11.94579,65.85902],[11.94692,65.86038],[11.95218,65.86131],[11.95394,65.86061],[11.95326,65.85982]],[[11.96576,65.86071],[11.96488,65.86063],[11.96449,65.86001],[11.96654,65.85985],[11.96847,65.85892],[11.9692,65.85814],[11.96875,65.85747],[11.96507,65.85699],[11.9631,65.85773],[11.96211,65.85754],[11.96199,65.85643],[11.96009,65.8564],[11.95917,65.85689],[11.96061,65.85996],[11.96168,65.8611],[11.96492,65.86261],[11.96626,65.86242],[11.96576,65.86071]],[[11.9892,65.86192],[11.98716,65.86159],[11.98598,65.86228],[11.98651,65.86319],[11.98807,65.86385],[11.99062,65.86286],[11.9892,65.86192]],[[11.96327,65.86261],[11.96091,65.86219],[11.96131,65.86169],[11.95794,65.85746],[11.95608,65.85641],[11.95625,65.85837],[11.95899,65.86239],[11.96078,65.8624],[11.96249,65.86371],[11.96372,65.8631],[11.96327,65.86261]],[[11.99104,65.86584],[11.9881,65.86527],[11.98698,65.8656],[11.99008,65.86722],[11.99226,65.86686],[11.99104,65.86584]],[[11.86148,65.86226],[11.86014,65.86219],[11.85915,65.86277],[11.85928,65.86365],[11.86352,65.86591],[11.86364,65.86405],[11.86135,65.8634],[11.86148,65.86226]],[[11.95862,65.86752],[11.95654,65.86747],[11.95642,65.8678],[11.95818,65.86975],[11.96057,65.87103],[11.96131,65.87051],[11.95862,65.86752]],[[11.94033,65.86955],[11.9387,65.86968],[11.9388,65.87073],[11.9408,65.87176],[11.94329,65.87203],[11.94402,65.87131],[11.94033,65.86955]],[[11.82074,65.86654],[11.82017,65.86752],[11.81799,65.86752],[11.81726,65.86785],[11.82025,65.87044]],[[11.81028,65.86884],[11.81121,65.86794],[11.81046,65.86705],[11.80914,65.8671],[11.80994,65.86834],[11.80904,65.86843],[11.80749,65.86818],[11.8082,65.86761],[11.80725,65.86695],[11.8062,65.86688],[11.8055,65.8678],[11.80753,65.87025],[11.81207,65.87127],[11.81261,65.87063],[11.81028,65.86884]],[[11.82009,65.87177],[11.81845,65.87169],[11.81823,65.87077],[11.8166,65.8704],[11.81679,65.86933],[11.81552,65.86887],[11.81461,65.87149],[11.81605,65.87174],[11.81549,65.87262],[11.8198,65.8741]],[[11.8198,65.8741],[11.82126,65.87465],[11.82252,65.87455],[11.8221,65.8731],[11.82077,65.87297],[11.82009,65.87177]],[[11.82025,65.87044],[11.8233,65.87241],[11.82383,65.87382],[11.82551,65.87498],[11.82786,65.87365],[11.82803,65.87273],[11.82724,65.87241],[11.8261,65.8732],[11.82461,65.87304],[11.82673,65.87197],[11.82648,65.87113],[11.82399,65.87136],[11.82298,65.87084],[11.82566,65.87033],[11.82638,65.86982],[11.82328,65.86724],[11.82074,65.86654]],[[11.85519,65.87391],[11.85328,65.87347],[11.85275,65.87367],[11.8539,65.87695],[11.85476,65.87738],[11.85637,65.87543],[11.85519,65.87391]],[[11.99397,65.87989],[11.99419,65.87928],[11.99604,65.87986],[11.99802,65.87942],[11.99936,65.87819],[11.99885,65.8771],[11.99688,65.87711],[11.9908,65.87975],[11.99295,65.88036],[11.99397,65.87989]],[[11.76942,65.87219],[11.76778,65.87237],[11.76749,65.87325],[11.7685,65.87348],[11.76906,65.87586],[11.77102,65.87659],[11.77034,65.87291],[11.76942,65.87219]],[[11.78284,65.87296],[11.78001,65.87209],[11.77863,65.87397],[11.78341,65.87691],[11.78525,65.87595],[11.78541,65.87477],[11.7821,65.87343],[11.78284,65.87296]],[[11.80663,65.87786],[11.80253,65.87665],[11.80486,65.87649],[11.80625,65.87694],[11.8073,65.87543],[11.80544,65.87579],[11.8047,65.87511],[11.80537,65.8743],[11.80423,65.87406],[11.80367,65.87493],[11.80243,65.87475],[11.80203,65.87366],[11.80049,65.87333],[11.79868,65.87493],[11.79841,65.87631],[11.80054,65.87773]],[[11.81853,65.87811],[11.81759,65.87763],[11.81696,65.87807]],[[11.81853,65.87811],[11.81913,65.87948]],[[11.81696,65.87807],[11.81617,65.87946],[11.81711,65.88053],[11.81909,65.87982]],[[11.97445,65.88248],[11.9733,65.88261],[11.97296,65.88351],[11.97473,65.88424],[11.97585,65.88338],[11.97445,65.88248]],[[11.8109,65.87924],[11.80933,65.8797],[11.80896,65.88153],[11.81156,65.88207],[11.81331,65.88166],[11.8136,65.88091],[11.8109,65.87924]],[[11.97124,65.88367],[11.96885,65.88342],[11.9671,65.88487],[11.97005,65.88638],[11.97192,65.88397],[11.97124,65.88367]],[[11.81177,65.8826],[11.8107,65.88249],[11.80997,65.88287],[11.81124,65.88441],[11.81281,65.88466],[11.81277,65.88324],[11.81177,65.8826]],[[11.97994,65.88655],[11.97807,65.88637],[11.97728,65.88458],[11.97817,65.88363],[11.97596,65.88411],[11.97559,65.88542],[11.97257,65.88503],[11.97168,65.88554],[11.97272,65.88707],[11.97659,65.88967],[11.9797,65.89037],[11.98163,65.88943],[11.98237,65.88825],[11.97994,65.88655]],[[11.80477,65.88603],[11.80476,65.88473],[11.80385,65.884],[11.80514,65.88379],[11.80525,65.88276],[11.80219,65.88187],[11.80048,65.88201],[11.79377,65.88075],[11.79576,65.88036],[11.80141,65.88158],[11.80161,65.88088],[11.79691,65.88011],[11.79458,65.87904],[11.79049,65.87907],[11.79038,65.87998],[11.79134,65.88023],[11.7922,65.87959],[11.79332,65.88067],[11.79222,65.8812],[11.79122,65.8807],[11.79026,65.88093],[11.79075,65.88177],[11.79337,65.88234],[11.79651,65.88216],[11.798,65.88263],[11.79616,65.88284],[11.79555,65.88328],[11.7902,65.88258],[11.78902,65.88474],[11.79438,65.8862],[11.79498,65.88604],[11.79443,65.88547],[11.79621,65.88541],[11.79859,65.88595],[11.79949,65.88695],[11.80291,65.88766],[11.80473,65.88737],[11.80344,65.88684],[11.80477,65.88603]],[[11.99458,65.88917],[11.99352,65.88909],[11.9944,65.89066],[11.99846,65.8919],[11.99831,65.89126],[11.99458,65.88917]],[[12.00181,65.889],[11.99926,65.88913],[11.99902,65.8874],[12.00032,65.88656]],[[12.00032,65.88656],[11.99739,65.88497],[11.99302,65.88355],[11.99235,65.88422],[11.99335,65.88677],[11.99661,65.8892],[11.99945,65.88942],[12.00087,65.89012]],[[11.98472,65.88839],[11.98382,65.88832],[11.98333,65.88903],[11.98351,65.89092],[11.98633,65.89187],[11.98801,65.89157],[11.98856,65.89043],[11.98472,65.88839]],[[11.98971,65.88826],[11.9875,65.88806],[11.987,65.8885],[11.99056,65.89102],[11.98975,65.89212],[11.99028,65.89257],[11.99219,65.89138],[11.99169,65.89033],[11.98952,65.88884],[11.98971,65.88826]],[[11.97049,65.89176],[11.97137,65.89151],[11.97061,65.89106],[11.96877,65.89111],[11.97021,65.89275],[11.97228,65.89301],[11.97273,65.8926],[11.9709,65.89239],[11.97049,65.89176]],[[11.98068,65.89398],[11.98104,65.89307],[11.97946,65.89302],[11.97887,65.89354],[11.97793,65.89324],[11.9776,65.89238],[11.97546,65.89244],[11.9746,65.893],[11.97324,65.89263],[11.97457,65.89185],[11.97324,65.89154],[11.97243,65.89178],[11.97219,65.89031],[11.9689,65.88895],[11.96775,65.88897],[11.96785,65.8897],[11.96388,65.88924],[11.96234,65.88951],[11.96468,65.8914],[11.96365,65.89215],[11.96493,65.89261],[11.97116,65.89406],[11.97459,65.89411],[11.97549,65.89374],[11.97906,65.89466],[11.98068,65.89398]],[[11.97467,65.89481],[11.96838,65.8946],[11.97196,65.89599],[11.97562,65.89644],[11.97599,65.8961],[11.97467,65.89481]],[[11.99033,65.89534],[11.98894,65.89404],[11.98634,65.89329],[11.98499,65.8937],[11.98253,65.8931],[11.98162,65.89347],[11.98099,65.89468],[11.98251,65.89638],[11.98387,65.89626],[11.98351,65.89571],[11.98446,65.8952],[11.98507,65.89581],[11.99014,65.89683],[11.9907,65.89637],[11.98941,65.89579],[11.99033,65.89534]],[[11.96458,65.89419],[11.9637,65.89449],[11.96411,65.89556],[11.96861,65.89675],[11.97109,65.89692],[11.96975,65.89631],[11.96589,65.89561],[11.96458,65.89419]],[[11.97902,65.89521],[11.9769,65.89516],[11.9771,65.89657],[11.98057,65.8972],[11.98201,65.89708],[11.9808,65.89575],[11.97902,65.89521]],[[11.99546,65.8953],[11.99232,65.89523],[11.9915,65.89558],[11.99523,65.89803],[11.99788,65.8987],[11.99984,65.89775],[11.99973,65.89699],[11.99546,65.8953]],[[11.99751,65.90132],[11.99779,65.90066],[11.99658,65.89952],[11.99241,65.89831],[11.9924,65.89785],[11.99156,65.89788],[11.99218,65.89833],[11.99117,65.89894],[11.98723,65.89801],[11.98555,65.89705],[11.98361,65.89706],[11.98352,65.89755],[11.98913,65.89959],[11.99062,65.89966],[11.99216,65.8992],[11.99149,65.90055],[11.99246,65.90092],[11.99462,65.9008],[11.99367,65.90235],[11.99578,65.90308],[11.99751,65.90132]],[[12.00029,65.89846],[11.99914,65.89859],[11.99872,65.89915],[12.00104,65.9005]],[[12.00007,65.90389],[11.99948,65.90494],[12.00151,65.90613]],[[11.94289,65.90284],[11.94186,65.90283],[11.94189,65.90332],[11.94351,65.90497],[11.94747,65.90591],[11.9475,65.90526],[11.94289,65.90284]],[[12,65.90751],[11.99833,65.90823],[12.00485,65.91025]],[[11.85114,65.95102],[11.84944,65.95087],[11.84878,65.95162],[11.85216,65.95248],[11.85257,65.95176],[11.85114,65.95102]],[[11.89752,65.9591],[11.89694,65.95872],[11.89636,65.95902],[11.89668,65.95738],[11.89527,65.95704],[11.89463,65.95814],[11.89667,65.95996],[11.89752,65.9591]],[[11.89954,65.96016],[11.89856,65.96018],[11.89852,65.96091],[11.90102,65.96412],[11.90139,65.96236],[11.89954,65.96016]],[[11.8914,65.9593],[11.89054,65.95931],[11.89178,65.96135],[11.891,65.96281],[11.89296,65.96509],[11.89368,65.96417],[11.8927,65.96356],[11.89319,65.96116],[11.8914,65.9593]],[[11.97607,65.96778],[11.97378,65.96732],[11.97344,65.96801],[11.97601,65.96921],[11.9784,65.96918],[11.97607,65.96778]],[[11.70916,65.01454],[11.71011,65.0147]],[[11.84683,65.02548],[11.84633,65.02499]],[[11.07347,65.00997],[11.07545,65.00993],[11.07364,65.00879]],[[11.06984,65.00827],[11.06766,65.00826],[11.06765,65.0092],[11.07006,65.00942],[11.06984,65.00827]],[[11.07364,65.00879],[11.07216,65.00839],[11.07229,65.00968],[11.07347,65.00997]],[[11.73512,65.02649],[11.73443,65.02612],[11.73303,65.02623],[11.73183,65.02871],[11.7327,65.02867],[11.73286,65.02801],[11.73498,65.02716],[11.73512,65.02649]],[[11.02352,65.01916],[11.0226,65.01868],[11.02048,65.01893],[11.02516,65.02014],[11.02584,65.01998],[11.02569,65.01948],[11.02352,65.01916]],[[11.87867,65.03989],[11.88272,65.04208],[11.88529,65.04248]],[[11.02238,65.02388],[11.01792,65.0229],[11.01644,65.02296],[11.01722,65.0238],[11.01995,65.02428],[11.02219,65.02431],[11.02238,65.02388]],[[11.60056,65.04097],[11.59383,65.04053],[11.5865,65.03953],[11.58507,65.03889],[11.58443,65.04013],[11.58235,65.04064],[11.58254,65.04128],[11.58121,65.0418]],[[11.51856,65.05014],[11.51715,65.04957],[11.51628,65.05003],[11.51927,65.05168],[11.51949,65.05083],[11.51856,65.05014]],[[11.68441,65.06448],[11.68474,65.06459]],[[11.46792,65.05867],[11.46607,65.05862],[11.46371,65.05773],[11.46146,65.05845],[11.4633,65.05973],[11.46691,65.06017],[11.46799,65.05973],[11.46792,65.05867]],[[11.5286,65.06334],[11.52823,65.06249],[11.52748,65.06331]],[[11.9133,65.0943],[11.90818,65.09388],[11.90722,65.09462],[11.90845,65.09532],[11.91306,65.09637]],[[11.5948,65.10801],[11.59283,65.10794],[11.59221,65.10847],[11.5962,65.1092],[11.5948,65.10801]],[[11.76245,65.1135],[11.76181,65.11348]],[[11.8633,65.11564],[11.86308,65.11558]],[[11.7201,65.11257],[11.72081,65.11259]],[[11.88371,65.12183],[11.88422,65.12162]],[[11.51784,65.14299],[11.51589,65.14289],[11.51477,65.14346],[11.5177,65.14405],[11.51833,65.14331],[11.51784,65.14299]],[[11.46788,65.20662],[11.46675,65.20665],[11.46736,65.20823],[11.46899,65.2099],[11.47011,65.21003],[11.47093,65.2095],[11.46994,65.20902],[11.46952,65.20732],[11.46788,65.20662]],[[11.68132,65.0219],[11.67969,65.01945],[11.67775,65.01802]],[[11.13811,65.00883],[11.1395,65.00928],[11.14216,65.00894]],[[11.71185,65.02257],[11.71395,65.02272],[11.717,65.02366],[11.71851,65.02272]],[[11.4612,65.0556],[11.45929,65.05578],[11.45878,65.05659],[11.4599,65.05701],[11.46215,65.05687],[11.4612,65.0556]],[[11.65332,65.01138],[11.64433,65.00956]],[[11.80635,65.07417],[11.805,65.07547],[11.80887,65.07697]],[[11.68131,65.07343],[11.6842,65.07311],[11.68544,65.07339],[11.68649,65.0745]],[[11.51285,65.0752],[11.51078,65.07506],[11.51051,65.07564],[11.51392,65.0766],[11.51285,65.0752]],[[11.59144,65.11232],[11.59452,65.11278],[11.59505,65.11199],[11.59602,65.11179],[11.59342,65.11112],[11.59158,65.11127]],[[11.57078,65.00541],[11.57678,65.00556],[11.57912,65.00416],[11.57838,65.00371],[11.57249,65.00282],[11.56848,65.00171],[11.56508,65.00159],[11.56305,65.00088],[11.56122,65.00087],[11.55962,65.00161],[11.55925,65.00243],[11.56397,65.00288],[11.56491,65.00314],[11.56448,65.00389],[11.56543,65.00447],[11.56824,65.0053],[11.57078,65.00541]],[[11.71004,65.01529],[11.70932,65.01604],[11.70986,65.01677]],[[11.5902,65.00326],[11.58687,65.00296],[11.5859,65.00331],[11.58775,65.00412],[11.5918,65.00458],[11.5935,65.00613],[11.59729,65.00639],[11.59966,65.0073],[11.60263,65.00729],[11.60003,65.00612],[11.59505,65.00508],[11.5902,65.00326]],[[11.72089,65.01433],[11.72578,65.0104],[11.72637,65.00904],[11.72835,65.00859],[11.72977,65.00766],[11.7271,65.00615],[11.72896,65.00472],[11.7292,65.00367],[11.72615,65.003],[11.72504,65.00101],[11.72835,65.00096],[11.73912,65.00323],[11.74413,65.00228],[11.74384,65.00065],[11.74565,64.99987]],[[11.75677,64.99979],[11.7559,65.00085],[11.7605,65.00343],[11.76019,65.00382],[11.75785,65.00405],[11.75882,65.00547],[11.76308,65.00583],[11.76434,65.00548],[11.76288,65.00439],[11.76321,65.00399],[11.77453,65.00365],[11.77524,65.00334],[11.77517,65.00183],[11.77703,65.00025],[11.77232,64.99795]],[[11.71004,65.01529],[11.71011,65.0147]],[[11.58288,65.01184],[11.58053,65.01089],[11.57986,65.01119],[11.57825,65.01097],[11.58082,65.01314],[11.58205,65.01314],[11.58338,65.01261],[11.58288,65.01184]],[[11.70986,65.01677],[11.71086,65.01711],[11.71443,65.01724],[11.72089,65.01433]],[[11.6139,65.01325],[11.6132,65.0124],[11.61104,65.01191],[11.60792,65.01185],[11.60508,65.01226],[11.60657,65.01298],[11.60933,65.01311],[11.61353,65.01457],[11.6139,65.01325]],[[11.62467,64.99997],[11.6345,65.00355],[11.63789,65.00376],[11.64053,65.00457],[11.64425,65.00633],[11.64558,65.00752],[11.64919,65.00802],[11.65521,65.00749],[11.65876,65.00833],[11.66052,65.00944],[11.67181,65.00924],[11.67606,65.00781],[11.67331,65.00449],[11.66812,65.0023],[11.66815,64.99983]],[[11.66976,64.99978],[11.67246,65.00039],[11.67555,65.00233],[11.68074,65.00126],[11.68045,65.00204],[11.68455,65.00315],[11.68471,65.0044],[11.68282,65.00608],[11.68513,65.00825],[11.6964,65.01363],[11.69681,65.01532],[11.69835,65.01654],[11.70543,65.01721],[11.70613,65.01682],[11.70535,65.01588],[11.70596,65.01513],[11.70916,65.01454]],[[11.67775,65.01802],[11.67776,65.01653],[11.67518,65.01531],[11.67069,65.01443],[11.65926,65.01116],[11.65332,65.01138]],[[11.79789,64.99919],[11.79556,65.00121],[11.79695,65.00274],[11.79585,65.00407],[11.79435,65.00428],[11.7902,65.00367],[11.78944,65.00399],[11.78932,65.00614],[11.79113,65.00682],[11.79121,65.00766],[11.79252,65.00849],[11.79054,65.00923],[11.79007,65.01009],[11.79653,65.01222],[11.79884,65.01151],[11.80149,65.01132],[11.80296,65.01239],[11.80401,65.01482],[11.80363,65.01691],[11.80749,65.01973],[11.81129,65.02093],[11.80703,65.02024],[11.80653,65.02051],[11.81063,65.02226],[11.81315,65.02189],[11.8133,65.02128],[11.81551,65.02145]],[[11.83093,65.01964],[11.82986,65.01805],[11.81982,65.01471],[11.8195,65.01497],[11.82446,65.01775],[11.82582,65.01906],[11.83353,65.02261],[11.83139,65.02284],[11.82631,65.02224],[11.82115,65.02255],[11.81802,65.02135],[11.81551,65.02145]],[[11.03066,65.00601],[11.02923,65.00547],[11.03116,65.0049],[11.03281,65.00551],[11.03311,65.00472],[11.02924,65.00283],[11.02393,65.004],[11.0236,65.00572],[11.02142,65.0049],[11.01867,65.00507],[11.01863,65.00569]],[[11.13811,65.00883],[11.13675,65.0088]],[[11.65861,65.02139],[11.66204,65.02264],[11.66391,65.02289],[11.66801,65.02319],[11.6701,65.02288],[11.67823,65.02353],[11.68082,65.02289],[11.68132,65.0219]],[[11.84683,65.02548],[11.85234,65.02775]],[[11.60331,65.01944],[11.60583,65.01923],[11.60645,65.01819],[11.6058,65.01738],[11.60363,65.01688]],[[11.60363,65.01688],[11.59663,65.01602],[11.59529,65.01626],[11.59505,65.01684],[11.59954,65.01938],[11.60331,65.01944]],[[11.64433,65.00956],[11.63462,65.00806],[11.6294,65.0081],[11.62437,65.00859],[11.62322,65.00902],[11.61959,65.00916],[11.61864,65.00974],[11.6207,65.00986],[11.62109,65.0102],[11.61884,65.01057],[11.61834,65.01128],[11.61988,65.01207],[11.62356,65.01264],[11.62435,65.01326],[11.62399,65.01396],[11.62787,65.01454],[11.62781,65.01516],[11.62955,65.01636],[11.63291,65.01659],[11.64077,65.02008],[11.64316,65.02056],[11.64438,65.01952],[11.64736,65.01898]],[[11.84633,65.02499],[11.84088,65.02254],[11.83986,65.02047],[11.83093,65.01964]],[[11.14216,65.00894],[11.14244,65.00864],[11.14061,65.00786],[11.14136,65.00666],[11.14324,65.00757],[11.14335,65.0084],[11.14667,65.00881],[11.14735,65.00855],[11.1437,65.00745],[11.14373,65.0068],[11.14229,65.00576],[11.14421,65.0054],[11.14206,65.00399],[11.14376,65.00379],[11.144,65.00183],[11.14678,65.00321],[11.14905,65.0031],[11.14756,65.00115],[11.14956,64.99884]],[[11.14668,64.99899],[11.14374,65.00069],[11.14229,64.99975]],[[11.14229,64.99975],[11.14018,65],[11.13798,64.99968]],[[11.13688,64.99987],[11.13739,65.00078],[11.13606,65.00129],[11.13045,65.00006],[11.12962,65.00018],[11.12886,65.00134],[11.12754,65.00129],[11.12598,65.0005],[11.12265,65.00026],[11.11586,64.99862]],[[11.10987,64.99978],[11.10461,65.00025],[11.10291,65.0007],[11.10269,65.00119],[11.10098,65.00125],[11.09947,65.00076],[11.10684,64.99958]],[[11.08776,64.99931],[11.08892,65.00073],[11.09935,65.00099],[11.09599,65.00234],[11.09482,65.00235],[11.09319,65.00176],[11.09002,65.00206],[11.08872,65.00322],[11.09102,65.00365],[11.09134,65.00403],[11.08875,65.00554],[11.08972,65.00757]],[[11.64736,65.01898],[11.64963,65.01941],[11.65311,65.01923],[11.65545,65.02057],[11.65861,65.02139]],[[11.71851,65.02272],[11.71929,65.02062],[11.71406,65.01932],[11.71204,65.02023],[11.71242,65.02119],[11.71092,65.02156],[11.71185,65.02257]],[[11.79999,65.02449],[11.79868,65.02363],[11.79486,65.0229],[11.79571,65.02179],[11.79529,65.0213],[11.78424,65.02077],[11.78194,65.01904],[11.78166,65.01723],[11.77936,65.0164],[11.77527,65.01583],[11.76025,65.01166],[11.75295,65.01096],[11.7503,65.01118],[11.75008,65.01198],[11.74701,65.01326],[11.74625,65.01416],[11.74904,65.01842],[11.74776,65.01882],[11.74105,65.01873],[11.73898,65.01928],[11.74371,65.02173],[11.74293,65.02273],[11.74113,65.02256],[11.74027,65.02319]],[[11.79999,65.02449],[11.80121,65.0253],[11.80614,65.02666],[11.80745,65.02777],[11.81453,65.02966]],[[10.99538,65.00819],[11.0022,65.01121],[11.00418,65.01147],[11.0027,65.01036],[11.00298,65.00947],[10.99935,65.00674]],[[11.10057,65.01311],[11.09848,65.01301],[11.09666,65.0123],[11.09507,65.01239],[11.09423,65.01285],[11.09769,65.0141],[11.10004,65.01383],[11.10057,65.01311]],[[11.01679,65.013],[11.01522,65.01178],[11.01286,65.01112],[11.01194,65.01122],[11.01165,65.01239],[11.00998,65.01264],[11.00952,65.0116],[11.00682,65.01184],[11.00785,65.01265],[11.00944,65.01302],[11.01144,65.01282],[11.01887,65.01412],[11.01856,65.01354],[11.01679,65.013]],[[11.60562,65.04314],[11.60325,65.04177],[11.60056,65.04097]],[[11.85234,65.02775],[11.85308,65.02922],[11.85531,65.03042],[11.86054,65.03285],[11.8675,65.03484]],[[11.81453,65.02966],[11.8174,65.03062],[11.83592,65.03407],[11.83433,65.03442],[11.83549,65.03481]],[[11.03066,65.00601],[11.03204,65.00732],[11.03057,65.00804],[11.02645,65.0089],[11.02546,65.00985],[11.02752,65.01025],[11.02617,65.01126],[11.02867,65.01128],[11.03783,65.00943],[11.03873,65.00976],[11.03813,65.01101],[11.03871,65.01131],[11.03972,65.01092],[11.04002,65.0096],[11.04178,65.0093],[11.04342,65.00948],[11.04384,65.00996],[11.05066,65.01056],[11.05356,65.01],[11.05607,65.0108],[11.06172,65.01114],[11.06368,65.01208],[11.06779,65.01314],[11.06945,65.01384],[11.07246,65.01682]],[[11.01883,65.01453],[11.0167,65.01451],[11.01789,65.0153],[11.01608,65.01561],[11.01728,65.0162],[11.02184,65.017],[11.02219,65.01673],[11.02079,65.0161],[11.02153,65.01554],[11.01883,65.01453]],[[11.08668,65.01674],[11.08565,65.01654],[11.08499,65.01679],[11.08385,65.01983],[11.08571,65.02074],[11.08869,65.0211],[11.08912,65.01991],[11.08698,65.01819],[11.08668,65.01674]],[[11.8675,65.03484],[11.86965,65.03548],[11.86895,65.03679],[11.87005,65.03757],[11.87867,65.03989]],[[11.84856,65.04046],[11.85018,65.03991],[11.84903,65.03776],[11.83661,65.03465],[11.83549,65.03481]],[[11.04892,65.01928],[11.04988,65.01886],[11.04863,65.0181],[11.0445,65.01793],[11.04393,65.01744],[11.03871,65.01665],[11.03707,65.01724],[11.03673,65.0186],[11.03509,65.01844],[11.03341,65.01756],[11.03563,65.0172],[11.03575,65.01653],[11.03165,65.01631],[11.02955,65.01687],[11.03176,65.01768],[11.03043,65.018],[11.02896,65.01775],[11.02827,65.01816],[11.03088,65.01975],[11.03322,65.02029],[11.03505,65.02153],[11.03644,65.02177],[11.03893,65.0215],[11.04391,65.01995],[11.04644,65.01985],[11.04892,65.01928]],[[11.55266,65.03524],[11.5522,65.03489],[11.54836,65.03512],[11.54692,65.03481],[11.54328,65.03574],[11.54744,65.03659],[11.55266,65.03524]],[[11.54802,65.05108],[11.54913,65.05122],[11.55041,65.05078],[11.5487,65.04981]],[[11.08972,65.00757],[11.09085,65.00889],[11.09459,65.00917],[11.0963,65.01008],[11.09934,65.0102],[11.10284,65.01255],[11.10221,65.01449],[11.09781,65.01483],[11.096,65.01566],[11.09607,65.01637],[11.09845,65.01757],[11.10172,65.0212],[11.09945,65.02162],[11.09806,65.02142],[11.09578,65.01938],[11.09365,65.01983],[11.09356,65.02029],[11.09565,65.02206],[11.09784,65.02252],[11.099,65.0222],[11.10042,65.02381],[11.10302,65.02487],[11.10892,65.02582],[11.11114,65.02523],[11.11146,65.02457],[11.10961,65.02347],[11.10509,65.02264],[11.1033,65.02155],[11.10524,65.02159],[11.10548,65.02102],[11.10686,65.02106],[11.10938,65.02268],[11.11361,65.02315],[11.11532,65.02208],[11.11577,65.02356],[11.11651,65.02375],[11.11756,65.02339],[11.11731,65.02273],[11.11848,65.02185],[11.12056,65.02178],[11.12123,65.02244],[11.12518,65.02112],[11.12835,65.01961],[11.12928,65.01837],[11.13148,65.01723],[11.13751,65.01574],[11.13795,65.01124],[11.13675,65.0088]],[[11.03182,65.02313],[11.02539,65.02089],[11.02245,65.02233],[11.02487,65.02322],[11.02576,65.02297],[11.02664,65.02375],[11.03182,65.02313]],[[11.07125,65.02506],[11.07259,65.025],[11.07354,65.02444],[11.07758,65.02503],[11.07844,65.02445],[11.07847,65.02235],[11.07751,65.02203],[11.07798,65.02159],[11.07605,65.01904],[11.07417,65.01744],[11.07246,65.01682]],[[11.62871,65.0384],[11.62848,65.03787],[11.62353,65.03668],[11.62083,65.03634],[11.61948,65.03687],[11.61986,65.03733],[11.62427,65.03848],[11.62682,65.03835],[11.62864,65.03877],[11.62871,65.0384]],[[11.01451,65.02558],[11.01374,65.02551],[11.01272,65.02689],[11.01454,65.02823],[11.01661,65.0284],[11.01657,65.02899],[11.01856,65.03004],[11.02213,65.03013],[11.02191,65.02956],[11.01574,65.0267],[11.01451,65.02558]],[[11.42127,65.04013],[11.41885,65.03987],[11.41532,65.04053],[11.41768,65.04077],[11.42129,65.04038],[11.42127,65.04013]],[[11.45237,65.03978],[11.45247,65.03865],[11.45034,65.0392],[11.4476,65.03907],[11.44685,65.0397],[11.4478,65.04046],[11.44637,65.04137],[11.44807,65.04129],[11.45237,65.03978]],[[11.84856,65.04046],[11.87592,65.04779],[11.88388,65.05084],[11.88422,65.05127],[11.88308,65.05154],[11.88346,65.05215]],[[11.01863,65.00569],[11.01873,65.00886],[11.02334,65.01019],[11.02464,65.01017],[11.02344,65.011],[11.02472,65.01129],[11.02408,65.01225],[11.02682,65.01279],[11.03529,65.01315],[11.03528,65.01346],[11.03212,65.01336],[11.03125,65.01376],[11.0342,65.01507],[11.03654,65.01489],[11.03619,65.01436],[11.0376,65.01397],[11.03708,65.01334],[11.03837,65.0133],[11.04329,65.01395],[11.04401,65.01463],[11.04145,65.01541],[11.04112,65.01615],[11.04669,65.01726],[11.05112,65.0162],[11.05475,65.01591],[11.05786,65.01638],[11.06234,65.01636],[11.06182,65.01702],[11.06553,65.01733],[11.06629,65.01918],[11.06258,65.01794],[11.06096,65.0179],[11.0605,65.01733],[11.05645,65.01735],[11.05566,65.01772],[11.05981,65.01797],[11.06201,65.01894],[11.06162,65.01938],[11.05675,65.01862],[11.05357,65.01944],[11.0494,65.0198],[11.04169,65.0213],[11.04093,65.02198],[11.04249,65.02213],[11.04087,65.02323],[11.04142,65.02399],[11.04385,65.024],[11.04769,65.02549],[11.05219,65.02545],[11.05448,65.02481],[11.05681,65.02479],[11.05844,65.02593],[11.0628,65.02639],[11.06854,65.02539],[11.06928,65.02467],[11.07125,65.02506]],[[11.74656,65.04181],[11.74537,65.04178],[11.74528,65.04219],[11.74769,65.04319],[11.75008,65.04273],[11.74869,65.04202],[11.74656,65.04181]],[[11.08949,65.02642],[11.08772,65.02614],[11.08376,65.02663],[11.08408,65.0272],[11.08641,65.02795],[11.09055,65.02886],[11.09298,65.02866],[11.09295,65.02735],[11.08949,65.02642]],[[11.50823,65.03848],[11.50592,65.03801],[11.50194,65.03838],[11.50331,65.03891],[11.50751,65.03922],[11.50823,65.03848]],[[11.45024,65.03622],[11.44872,65.03591],[11.44602,65.03596],[11.44564,65.03627],[11.44627,65.03709],[11.44934,65.03822],[11.45079,65.0371],[11.45024,65.03622]],[[11.58121,65.0418],[11.57861,65.04229],[11.57634,65.04118],[11.57343,65.0407],[11.57203,65.04096],[11.571,65.04052]],[[11.44189,65.03639],[11.43904,65.03667],[11.43801,65.03725],[11.43747,65.03904],[11.43971,65.03896],[11.44392,65.03773],[11.44397,65.03729],[11.44189,65.03639]],[[11.4251,65.03856],[11.42502,65.03813],[11.42764,65.03688],[11.42224,65.03668],[11.42113,65.03682],[11.42153,65.03754],[11.41966,65.03761],[11.41699,65.03713],[11.41301,65.03752],[11.41395,65.03817],[11.4171,65.03813],[11.42007,65.03876],[11.42327,65.03897],[11.4251,65.03856]],[[11.10201,65.03064],[11.10273,65.02946],[11.1013,65.02788],[11.09821,65.02764],[11.09709,65.02785],[11.09494,65.02965],[11.09635,65.03035],[11.09834,65.03011],[11.09859,65.03085],[11.10201,65.03064]],[[11.41766,65.03895],[11.41376,65.0389],[11.41301,65.03981],[11.41776,65.03941],[11.41766,65.03895]],[[11.88385,65.05266],[11.88346,65.05215]],[[11.42505,65.04243],[11.42993,65.04285],[11.4308,65.04256],[11.42468,65.04127],[11.42479,65.0409],[11.42699,65.04054],[11.42701,65.03968],[11.42262,65.0401],[11.4229,65.04057],[11.41972,65.04133],[11.4206,65.04244],[11.42359,65.0427],[11.42505,65.04243]],[[11.03392,65.03352],[11.03128,65.03315],[11.03148,65.03254],[11.03022,65.0317],[11.02898,65.0316],[11.02827,65.03217],[11.02661,65.03116],[11.02565,65.03128],[11.02638,65.03245],[11.02799,65.03276],[11.02907,65.03253],[11.032,65.03398],[11.03386,65.0338],[11.03392,65.03352]],[[11.88529,65.04248],[11.88725,65.04294],[11.88727,65.04404],[11.88889,65.04559],[11.90823,65.05085],[11.91045,65.05185],[11.91196,65.05369],[11.91782,65.05522]],[[11.47847,65.04385],[11.47625,65.04418],[11.47902,65.04614],[11.48005,65.04548],[11.47847,65.04385]],[[11.54059,65.04432],[11.53958,65.04416],[11.53833,65.04456],[11.53693,65.04648],[11.54087,65.04771],[11.54222,65.04672],[11.54059,65.04432]],[[11.03181,65.03511],[11.03054,65.03511],[11.03039,65.03564],[11.03185,65.03661],[11.03332,65.03661],[11.03181,65.03511]],[[11.61946,65.0514],[11.61972,65.05087],[11.61158,65.0468],[11.61203,65.0466],[11.61018,65.04507],[11.60562,65.04314]],[[11.51725,65.04472],[11.51419,65.04508],[11.51421,65.04619],[11.51764,65.04734],[11.5217,65.04947],[11.52339,65.04851],[11.52315,65.04802],[11.52072,65.0467],[11.52023,65.04575],[11.51725,65.04472]],[[11.571,65.04052],[11.5704,65.03975],[11.55962,65.04057],[11.55728,65.0401],[11.55537,65.04074],[11.55442,65.03945],[11.55234,65.03872],[11.54938,65.03922],[11.54829,65.04081],[11.54682,65.04063],[11.54431,65.03907],[11.54163,65.03965],[11.54083,65.04069],[11.54374,65.04287],[11.5449,65.04472],[11.5488,65.04617],[11.54857,65.04708],[11.54655,65.04799],[11.5487,65.04981]],[[11.4707,65.06198],[11.47091,65.06143],[11.46898,65.06133],[11.46855,65.0606],[11.46759,65.06042],[11.46408,65.06064],[11.46432,65.06183]],[[11.95175,65.06059],[11.95161,65.06224],[11.95245,65.06288],[11.95046,65.06411],[11.95165,65.06433],[11.95211,65.06511]],[[11.60167,65.10993],[11.59943,65.11033],[11.60161,65.11193],[11.61137,65.11199],[11.6101,65.111],[11.60542,65.11031],[11.60541,65.11002]],[[11.03702,65.03522],[11.03657,65.0348],[11.03519,65.03494],[11.03459,65.03442],[11.03358,65.03457],[11.03494,65.03652],[11.03756,65.03722],[11.03803,65.03681],[11.03702,65.03522]],[[11.69169,65.05202],[11.69265,65.05279],[11.69533,65.05334],[11.69633,65.05276]],[[11.38425,65.04499],[11.38332,65.04477],[11.38242,65.04507],[11.38373,65.04648],[11.3854,65.04565],[11.38425,65.04499]],[[11.38038,65.04595],[11.37945,65.04569],[11.37752,65.04613],[11.37888,65.04755],[11.38061,65.04734],[11.38164,65.04667],[11.38038,65.04595]],[[11.70504,65.05581],[11.70177,65.05303],[11.69869,65.052],[11.69633,65.05276]],[[11.91782,65.05522],[11.91901,65.05703],[11.92316,65.05812],[11.92722,65.06052],[11.9319,65.06084],[11.92938,65.05804],[11.93012,65.05746],[11.93334,65.05737],[11.93641,65.05843],[11.94335,65.05985],[11.94703,65.05947],[11.95175,65.06059]],[[11.50048,65.04646],[11.49944,65.04619],[11.49749,65.04678],[11.49572,65.04815],[11.49742,65.05042],[11.49981,65.05143],[11.50239,65.05086],[11.50342,65.0487],[11.50048,65.04646]],[[11.42912,65.04776],[11.42618,65.04714],[11.42501,65.04762],[11.42512,65.04872],[11.42834,65.05092],[11.4315,65.05172],[11.43325,65.05098],[11.43124,65.05028],[11.43051,65.04863],[11.42912,65.04776]],[[11.66201,65.05544],[11.66103,65.05529],[11.66008,65.05574],[11.66277,65.05718],[11.66413,65.05718],[11.66201,65.05544]],[[11.4476,65.05086],[11.44601,65.05051],[11.44532,65.05074],[11.44494,65.05206],[11.44644,65.05265],[11.4484,65.05252],[11.4476,65.05086]],[[11.94785,65.06369],[11.94867,65.06296],[11.94687,65.0626],[11.94472,65.06228],[11.94183,65.06264],[11.94405,65.06362],[11.94785,65.06369]],[[11.93756,65.06432],[11.93579,65.0634],[11.93491,65.06221],[11.93341,65.06222],[11.93474,65.06327],[11.93342,65.06351],[11.92892,65.0629],[11.92769,65.06323],[11.92363,65.06244],[11.92274,65.06267],[11.92639,65.06385],[11.93375,65.06475],[11.9356,65.06482],[11.93756,65.06432]],[[11.97048,65.06609],[11.97096,65.06549],[11.97009,65.06437]],[[11.97009,65.06437],[11.97079,65.06424],[11.97435,65.06557],[11.97788,65.06526],[11.97881,65.06619],[11.98845,65.06612],[11.99168,65.06689],[11.99638,65.06685],[11.99726,65.06654],[12.00113,65.06669]],[[11.47629,65.05377],[11.47507,65.05324],[11.47249,65.05363],[11.47296,65.05477],[11.47475,65.05575],[11.47712,65.05537],[11.47715,65.05429],[11.47629,65.05377]],[[11.88385,65.05266],[11.88977,65.05463],[11.89666,65.05865],[11.90284,65.06009],[11.90929,65.06305],[11.91281,65.06397],[11.91662,65.06561]],[[11.69169,65.05202],[11.69281,65.05077],[11.69245,65.04997],[11.68937,65.04914],[11.68699,65.04914],[11.68495,65.04761],[11.68544,65.04687],[11.68803,65.04719],[11.68712,65.0463],[11.68596,65.046],[11.68232,65.04661],[11.67886,65.04558],[11.67838,65.04473],[11.67977,65.04382],[11.67907,65.04287],[11.67396,65.04193],[11.66977,65.04227],[11.66182,65.04045],[11.65511,65.04073],[11.65427,65.03984],[11.65306,65.03954],[11.65217,65.03975],[11.65207,65.04061],[11.65004,65.04078],[11.64752,65.03866],[11.64591,65.03867],[11.64748,65.04103],[11.65213,65.04284],[11.65898,65.04791],[11.65939,65.04914],[11.65702,65.04967],[11.65726,65.05047],[11.66504,65.05424],[11.66577,65.05552],[11.66898,65.05668],[11.66875,65.05716],[11.66562,65.05753],[11.66612,65.05852],[11.66356,65.05785],[11.66263,65.05797],[11.66368,65.05873],[11.66901,65.06061],[11.66937,65.06119]],[[11.0682,65.04572],[11.06476,65.04493],[11.06311,65.04493],[11.0622,65.0453],[11.06299,65.04589],[11.06806,65.04669]],[[11.45036,65.05065],[11.44912,65.0508],[11.45002,65.05139],[11.45041,65.05351],[11.45238,65.05531],[11.45491,65.0565],[11.4549,65.0546],[11.45216,65.05369],[11.45181,65.05303],[11.45295,65.05271],[11.45189,65.05197],[11.45209,65.05141],[11.45036,65.05065]],[[11.06806,65.04669],[11.06971,65.04671],[11.0682,65.04572]],[[11.97048,65.06609],[11.9768,65.06653],[11.97845,65.0672],[11.98004,65.06809],[11.98195,65.07114]],[[11.70024,65.06632],[11.70367,65.06691]],[[11.70367,65.06691],[11.70886,65.06693],[11.70771,65.06433],[11.71279,65.06538],[11.71299,65.06447],[11.70947,65.06242],[11.71053,65.06232],[11.71245,65.06296],[11.7135,65.06222],[11.71094,65.06065],[11.70701,65.05941],[11.7065,65.05699],[11.70504,65.05581]],[[11.48719,65.06237],[11.48887,65.06133],[11.4888,65.05974],[11.48796,65.05859],[11.4865,65.05883],[11.48622,65.05762],[11.48373,65.05644],[11.48263,65.05784],[11.47976,65.05871],[11.4796,65.05974],[11.4805,65.06132],[11.48172,65.0621],[11.48307,65.06228]],[[11.52328,65.06322],[11.52387,65.06214],[11.52593,65.06118],[11.52474,65.06094],[11.52304,65.06182],[11.52155,65.06115],[11.52232,65.06056],[11.52196,65.06001],[11.52048,65.06063],[11.51481,65.05867],[11.51527,65.06018],[11.51874,65.06135],[11.52138,65.06317]],[[11.79164,65.06922],[11.79017,65.06761],[11.78576,65.06533],[11.78279,65.06515],[11.78408,65.06447],[11.78378,65.06304],[11.78173,65.06267],[11.7795,65.06044],[11.77695,65.05961],[11.77283,65.05702],[11.76913,65.05379],[11.77054,65.05147],[11.76704,65.05004],[11.7641,65.0482],[11.7583,65.04693],[11.75731,65.0446],[11.75367,65.04355],[11.75329,65.04283],[11.75133,65.04219],[11.74775,65.03922],[11.74697,65.03815],[11.74826,65.03542],[11.75257,65.03521],[11.75308,65.03349],[11.75187,65.03315],[11.74731,65.03298],[11.74596,65.03072],[11.74963,65.03007],[11.75014,65.02946],[11.74754,65.02748],[11.73981,65.02599],[11.74027,65.02319]],[[11.5319,65.06342],[11.53245,65.06291],[11.53369,65.06277],[11.54239,65.06357],[11.54502,65.06304],[11.54409,65.06246],[11.5341,65.06044],[11.53286,65.05979],[11.53426,65.05864],[11.53696,65.0584],[11.5367,65.05775],[11.53518,65.05761],[11.52878,65.05922],[11.52563,65.05939],[11.52442,65.05805],[11.52134,65.05869],[11.51998,65.05826],[11.52095,65.05779],[11.52051,65.05578],[11.51524,65.05371],[11.51716,65.0527],[11.51366,65.05276],[11.51158,65.05135],[11.51151,65.05057],[11.51482,65.0503],[11.51766,65.0527],[11.51985,65.0531],[11.52138,65.05289],[11.52492,65.05098],[11.5272,65.05151],[11.5291,65.05141],[11.53122,65.05231],[11.53404,65.0522],[11.53529,65.05162],[11.53289,65.05054],[11.53249,65.04863],[11.53343,65.04802],[11.53499,65.04796],[11.53658,65.04892],[11.53767,65.04902],[11.54067,65.04837],[11.54244,65.04849],[11.54802,65.05108]],[[11.65207,65.06616],[11.64785,65.0651],[11.64947,65.06446],[11.64922,65.0639],[11.64638,65.06411],[11.64602,65.06461],[11.64529,65.06457],[11.63499,65.05943],[11.62047,65.05419],[11.61796,65.05297],[11.61851,65.05277],[11.61997,65.05314],[11.6189,65.05195],[11.61946,65.0514]],[[11.92394,65.06784],[11.91662,65.06561]],[[11.6736,65.06664],[11.66617,65.06133],[11.66183,65.05983],[11.66008,65.0586],[11.65945,65.05796],[11.66032,65.05757],[11.66024,65.05685],[11.65912,65.05657],[11.65828,65.05717],[11.65522,65.05609],[11.65539,65.05579],[11.65767,65.05595],[11.65658,65.05528],[11.65436,65.05499],[11.65358,65.05548],[11.65083,65.0542],[11.64759,65.05417],[11.64714,65.05482],[11.65064,65.05726],[11.65276,65.05687],[11.65854,65.05963],[11.65913,65.06216],[11.66236,65.06496],[11.66477,65.06431],[11.66618,65.06499],[11.66971,65.06563],[11.67041,65.06657]],[[11.67678,65.06671],[11.67093,65.06386],[11.66926,65.06257],[11.66937,65.06119]],[[11.68441,65.06448],[11.68275,65.0645],[11.67896,65.06319],[11.6802,65.06231],[11.6792,65.06183],[11.67721,65.06219],[11.67286,65.06105],[11.67772,65.06338],[11.67959,65.06504],[11.68368,65.06686]],[[11.69081,65.06702],[11.68697,65.06643],[11.68474,65.06459]],[[11.69305,65.06707],[11.69563,65.0666],[11.69585,65.06607],[11.70024,65.06632]],[[11.95188,65.07257],[11.94915,65.06906],[11.95211,65.06511]],[[11.59158,65.11127],[11.58965,65.11161],[11.59144,65.11232]],[[11.95161,65.07314],[11.95188,65.07257]],[[11.48307,65.06228],[11.48335,65.06312],[11.48443,65.06327],[11.48719,65.06237]],[[11.69081,65.06702],[11.69305,65.06707]],[[11.52328,65.06322],[11.52334,65.06352],[11.52632,65.06383],[11.52748,65.06331]],[[11.67041,65.06657],[11.67267,65.06761],[11.6736,65.06664]],[[11.52138,65.06317],[11.52054,65.06408],[11.52123,65.06478],[11.52216,65.06488],[11.52826,65.06428],[11.5286,65.06334]],[[11.46432,65.06183],[11.46467,65.06248],[11.46943,65.06397],[11.47044,65.0636],[11.4707,65.06198]],[[11.67678,65.06671],[11.69044,65.07073],[11.68851,65.0691],[11.68368,65.06686]],[[11.79164,65.06922],[11.79553,65.07153],[11.7972,65.07178],[11.79996,65.07165],[11.79968,65.07018],[11.80268,65.07004],[11.80635,65.07417]],[[11.65207,65.06616],[11.65718,65.06761],[11.66038,65.068],[11.66295,65.0679],[11.65927,65.06698],[11.66177,65.06649],[11.66333,65.06668],[11.66752,65.06867],[11.6714,65.06926],[11.68131,65.07343]],[[11.68781,65.07088],[11.68429,65.07072],[11.68382,65.0714],[11.68742,65.0735],[11.69012,65.07395],[11.69076,65.07274],[11.68781,65.07088]],[[11.5319,65.06342],[11.53191,65.06612],[11.5297,65.06669],[11.52567,65.06562],[11.52512,65.06609],[11.52567,65.06679],[11.53218,65.06888],[11.53276,65.06853],[11.53035,65.06769],[11.53056,65.06732],[11.54066,65.06922],[11.54222,65.07037],[11.54362,65.07065],[11.54268,65.07117],[11.5429,65.07181],[11.54515,65.07177]],[[11.54515,65.07177],[11.54619,65.0719],[11.54678,65.0725],[11.54469,65.07241]],[[11.68649,65.0745],[11.6902,65.07682]],[[11.6902,65.07682],[11.69261,65.07768],[11.69809,65.07784],[11.70027,65.07724],[11.70231,65.07789]],[[11.71667,65.08054],[11.70934,65.07867],[11.70231,65.07789]],[[11.80887,65.07697],[11.81274,65.07882],[11.81569,65.07949],[11.82041,65.08133],[11.82234,65.08259],[11.828,65.08436],[11.83067,65.08443],[11.83227,65.08388],[11.83373,65.08404],[11.83676,65.08564]],[[11.60541,65.11002],[11.60668,65.10963],[11.60661,65.10912],[11.60474,65.10917],[11.60167,65.10993]],[[11.9133,65.0943],[11.92407,65.09487]],[[11.53219,65.07814],[11.52996,65.07639],[11.53055,65.07543],[11.52661,65.07316],[11.52461,65.07297],[11.52509,65.07367],[11.52325,65.0746],[11.52664,65.07608],[11.52523,65.07627],[11.52381,65.07569],[11.52236,65.0762],[11.52182,65.07449],[11.5237,65.07361],[11.5226,65.07276],[11.51492,65.06877],[11.51194,65.06853],[11.50865,65.06717],[11.50695,65.06731],[11.50693,65.06802],[11.51031,65.06886],[11.5101,65.06952],[11.51273,65.07044],[11.51216,65.07201],[11.5153,65.07388],[11.5165,65.07367],[11.51632,65.0723],[11.51711,65.07223],[11.51785,65.07339],[11.51617,65.07528],[11.51716,65.07616],[11.51907,65.07644],[11.5186,65.07686],[11.51926,65.07759],[11.52063,65.07777],[11.52301,65.07959],[11.5296,65.07934],[11.53149,65.07896],[11.53219,65.07814]],[[11.54031,65.07984],[11.53955,65.07986],[11.53872,65.08115],[11.53935,65.08168],[11.54193,65.08148],[11.54031,65.07984]],[[11.74029,65.08565],[11.74299,65.08563],[11.74616,65.08644],[11.7474,65.086],[11.74624,65.0843],[11.74392,65.08407],[11.74327,65.08429],[11.74373,65.08455],[11.73891,65.08429],[11.73968,65.0856],[11.73585,65.08504],[11.73513,65.08458],[11.73294,65.0852],[11.73483,65.08598],[11.7395,65.08676],[11.74041,65.08659],[11.74029,65.08565]],[[11.52942,65.08001],[11.52443,65.08002],[11.52347,65.0803],[11.52459,65.08134],[11.53001,65.08228],[11.53256,65.08106],[11.53254,65.08064],[11.52942,65.08001]],[[11.722,65.08872],[11.72078,65.08826],[11.72053,65.08742],[11.72192,65.08537],[11.72176,65.08334],[11.71941,65.08159],[11.71667,65.08054]],[[11.73768,65.09176],[11.73671,65.09202],[11.73448,65.0911],[11.73458,65.09037],[11.7374,65.08995],[11.73593,65.08863],[11.74087,65.08831],[11.74005,65.08772],[11.73826,65.08808],[11.73715,65.08709],[11.73512,65.08638],[11.73452,65.08657],[11.73499,65.08839],[11.73246,65.0887],[11.73285,65.08992],[11.7318,65.09041],[11.72965,65.0904],[11.72802,65.0896],[11.72452,65.08955],[11.722,65.08872]],[[11.95278,65.07518],[11.95835,65.07607],[11.95964,65.07691],[11.96104,65.07712]],[[11.62952,65.11219],[11.62667,65.11214],[11.62883,65.11344],[11.63064,65.11317],[11.63035,65.11236],[11.62952,65.11219]],[[11.51204,65.08732],[11.51013,65.08749],[11.51064,65.08868],[11.51259,65.08947],[11.51332,65.08902],[11.51204,65.08732]],[[11.56278,65.09264],[11.56141,65.09215],[11.5581,65.09218],[11.55723,65.09253],[11.55817,65.09276],[11.55924,65.09253],[11.56,65.09333],[11.56278,65.09264]],[[11.84648,65.1059],[11.84335,65.10528],[11.84069,65.10323],[11.84209,65.10312],[11.84668,65.10399],[11.84753,65.10351],[11.84017,65.10096],[11.83719,65.09895],[11.83229,65.09731],[11.83366,65.09712],[11.83837,65.09808],[11.84073,65.09736],[11.84035,65.09666],[11.8252,65.09255],[11.82253,65.09101],[11.82149,65.08864],[11.81967,65.08876],[11.81699,65.08747],[11.81425,65.08475],[11.8174,65.08464],[11.8248,65.0866],[11.83036,65.08765],[11.83322,65.08773],[11.83594,65.08879],[11.83731,65.0873],[11.83874,65.08718],[11.83903,65.08673],[11.83676,65.08564]],[[11.91306,65.09637],[11.91644,65.09666],[11.91805,65.09582],[11.92225,65.09604],[11.92529,65.09715]],[[11.7181,65.10527],[11.71713,65.10446],[11.71805,65.10419],[11.72154,65.10437],[11.72298,65.10494],[11.72519,65.10431],[11.7289,65.1043],[11.72993,65.10471]],[[11.62673,65.1105],[11.6272,65.11013],[11.6229,65.10974],[11.6198,65.10896],[11.61693,65.10904],[11.60989,65.10827],[11.60878,65.10877],[11.60567,65.10871],[11.60535,65.10806],[11.59845,65.10833],[11.59582,65.10774],[11.59205,65.10754]],[[11.84648,65.1059],[11.84842,65.10709],[11.85416,65.10887],[11.85865,65.1094],[11.86086,65.11015],[11.86395,65.11216]],[[11.86583,65.1157],[11.86264,65.11447],[11.86395,65.11216]],[[11.7201,65.11257],[11.71868,65.11112],[11.71644,65.11021],[11.71416,65.11071],[11.71399,65.11244]],[[11.68095,65.11461],[11.68009,65.11362],[11.68197,65.11296]],[[11.70113,65.11538],[11.70274,65.11526],[11.70309,65.11565]],[[11.72993,65.10471],[11.73214,65.10581],[11.73441,65.10549],[11.73638,65.10614],[11.73788,65.10582],[11.7412,65.10639],[11.74599,65.10627],[11.74249,65.10773],[11.73743,65.10836],[11.73593,65.10922],[11.73698,65.10981],[11.73533,65.11042],[11.73493,65.11162],[11.73926,65.11111],[11.74153,65.1101],[11.74374,65.11096],[11.74424,65.11018],[11.7449,65.11017],[11.74595,65.11077],[11.74516,65.11114],[11.74618,65.11208],[11.75054,65.11084]],[[11.58966,65.10966],[11.59083,65.10922],[11.58768,65.10791],[11.58786,65.10752],[11.59205,65.10754]],[[11.58462,65.10955],[11.58059,65.10814],[11.57942,65.10919],[11.57418,65.1084],[11.57275,65.10759],[11.57417,65.10683],[11.57096,65.10695],[11.56638,65.1046],[11.56615,65.10335],[11.57152,65.10373],[11.56547,65.10168],[11.56515,65.09994],[11.57079,65.10053],[11.5689,65.09949],[11.56585,65.09932],[11.5671,65.09823],[11.56441,65.09853],[11.56323,65.09947],[11.55954,65.09927],[11.55836,65.099],[11.55742,65.09784],[11.55536,65.09778],[11.55154,65.09603],[11.55238,65.0957],[11.55205,65.09518],[11.55547,65.09428],[11.55589,65.09507],[11.55414,65.09558],[11.55595,65.0968],[11.55723,65.09642],[11.55826,65.09656],[11.55919,65.09741],[11.56073,65.09741],[11.56159,65.09637],[11.55978,65.09613],[11.56218,65.09488],[11.56469,65.09522],[11.56678,65.09638],[11.5686,65.09643],[11.569,65.09711],[11.5709,65.09696],[11.57035,65.09621],[11.56807,65.09583],[11.56882,65.09499],[11.56395,65.09292],[11.56451,65.09269],[11.56656,65.09291],[11.569,65.0935],[11.56981,65.09318],[11.56916,65.0921],[11.5631,65.09195],[11.55168,65.08989],[11.54836,65.09187],[11.54889,65.09333],[11.54692,65.09371],[11.54388,65.09202],[11.54531,65.09168],[11.54671,65.09204],[11.5467,65.09137],[11.54139,65.0913],[11.54015,65.09029],[11.5379,65.08987],[11.53576,65.0889],[11.53634,65.08847],[11.53856,65.0882],[11.54167,65.08829],[11.54141,65.08739],[11.53663,65.08797],[11.53555,65.08754],[11.53187,65.08721],[11.53195,65.08658],[11.52937,65.08566],[11.52633,65.08332],[11.52604,65.08276],[11.52671,65.08251],[11.5335,65.08347],[11.53464,65.08302],[11.53404,65.08253],[11.5351,65.08223],[11.53675,65.08447],[11.53878,65.08497],[11.54063,65.08474],[11.53781,65.08315],[11.53716,65.08106],[11.53596,65.08094],[11.53514,65.08031],[11.5344,65.07862],[11.53511,65.07811],[11.53691,65.078],[11.5393,65.07895],[11.5388,65.07772],[11.54107,65.07705],[11.53797,65.07635],[11.53456,65.07477],[11.53814,65.07331],[11.54469,65.07241]],[[11.72081,65.11259],[11.71971,65.10945],[11.72156,65.10861],[11.71912,65.10857],[11.71781,65.10784],[11.71508,65.10764],[11.71543,65.10732],[11.72195,65.10679],[11.72248,65.10649],[11.7212,65.10579],[11.7181,65.10527]],[[11.73788,65.11296],[11.73706,65.11189],[11.73525,65.11207],[11.7359,65.11292]],[[11.74635,65.11315],[11.7443,65.1131]],[[11.75922,65.11343],[11.75525,65.11176],[11.75337,65.11165],[11.75319,65.11115],[11.75477,65.11124],[11.756,65.11089],[11.75475,65.11023]],[[11.7866,65.11402],[11.7855,65.11033],[11.78373,65.10835],[11.77175,65.10236],[11.76632,65.10043],[11.76248,65.0997],[11.76266,65.09842],[11.7584,65.09863],[11.75561,65.09804],[11.74682,65.09386],[11.74187,65.09312],[11.74034,65.09186],[11.73768,65.09176]],[[11.86308,65.11558],[11.859,65.11426],[11.85739,65.11414],[11.85721,65.11448],[11.85953,65.11556]],[[11.58462,65.10955],[11.58776,65.10998],[11.58966,65.10966]],[[11.8633,65.11564],[11.86543,65.11612],[11.86583,65.1157]],[[11.7359,65.11292],[11.73594,65.11349],[11.73788,65.11296]],[[11.75922,65.11343],[11.76069,65.11405],[11.76181,65.11348]],[[11.7443,65.1131],[11.74134,65.11414],[11.74658,65.11385],[11.74635,65.11315]],[[11.62326,65.11354],[11.62507,65.11265],[11.62374,65.112],[11.61809,65.11182],[11.61642,65.11222],[11.61639,65.11258],[11.61873,65.1133],[11.62237,65.11313],[11.62076,65.1136],[11.62168,65.11415],[11.62274,65.11415],[11.62326,65.11354]],[[11.69761,65.11572],[11.69837,65.11591],[11.70113,65.11538]],[[11.68197,65.11296],[11.68465,65.11345],[11.69101,65.11565],[11.69252,65.11546],[11.69337,65.11474],[11.69552,65.11562],[11.69484,65.1163],[11.69701,65.1162],[11.69638,65.11555],[11.69761,65.11572]],[[11.86188,65.11901],[11.86048,65.1191],[11.86122,65.11997],[11.8641,65.12076],[11.86493,65.12065],[11.86471,65.11972],[11.86188,65.11901]],[[11.70309,65.11565],[11.70152,65.11698],[11.70193,65.11731],[11.70879,65.11727],[11.71101,65.11641],[11.71033,65.11529],[11.71262,65.11509],[11.71339,65.11463],[11.71399,65.11244]],[[11.88422,65.12162],[11.88816,65.12169],[11.8898,65.12222]],[[11.85953,65.11556],[11.86326,65.11709],[11.86522,65.11719],[11.8732,65.12062],[11.88005,65.12289],[11.88161,65.12301],[11.88371,65.12183]],[[11.69708,65.11999],[11.69706,65.12018]],[[11.64221,65.11891],[11.64136,65.11748],[11.63864,65.11651],[11.63913,65.11582],[11.63834,65.11489],[11.63659,65.11486],[11.6332,65.11564],[11.63025,65.11563],[11.63008,65.11613],[11.63227,65.11672],[11.63285,65.11727],[11.63206,65.11792],[11.63344,65.11908],[11.63509,65.11854],[11.63893,65.11925],[11.64221,65.11891]],[[11.87911,65.12345],[11.87693,65.12311],[11.8789,65.12477],[11.88163,65.12468],[11.87911,65.12345]],[[11.73137,65.1219],[11.72942,65.11983],[11.72567,65.11833],[11.72517,65.11929],[11.72733,65.12171],[11.72881,65.12144],[11.73057,65.12211],[11.73137,65.1219]],[[11.72245,65.12051],[11.72001,65.11891],[11.71979,65.11729],[11.71473,65.11548],[11.71461,65.11635],[11.71656,65.1173],[11.71581,65.11797],[11.71814,65.12029],[11.7192,65.12042],[11.72175,65.12198],[11.72245,65.12051]],[[11.62673,65.1105],[11.62517,65.1109],[11.63742,65.11195],[11.63701,65.11341],[11.64065,65.11461],[11.64132,65.11528],[11.64473,65.11558],[11.64508,65.11736],[11.64627,65.1183],[11.65173,65.11921],[11.65331,65.11844],[11.65652,65.11917],[11.65949,65.11919],[11.66144,65.11858],[11.66361,65.11862],[11.66731,65.11943],[11.66589,65.11994],[11.66645,65.12065],[11.67067,65.1213],[11.67231,65.12103],[11.67358,65.11996],[11.67594,65.11963],[11.6764,65.11874],[11.67817,65.11965],[11.68035,65.11919],[11.68151,65.11742],[11.68358,65.11678],[11.68429,65.11609],[11.68292,65.11515],[11.68095,65.11461]],[[11.76245,65.1135],[11.7623,65.11472],[11.76624,65.11607],[11.77276,65.11747],[11.77157,65.11771],[11.76655,65.11709],[11.77084,65.12036],[11.77445,65.11963],[11.77508,65.11818],[11.77668,65.1185],[11.77697,65.11992],[11.77987,65.11916],[11.78162,65.11959],[11.78388,65.1215],[11.78208,65.12221],[11.78267,65.1233],[11.78522,65.12423],[11.78586,65.1239],[11.78412,65.12183],[11.78514,65.12168],[11.7863,65.12241],[11.79002,65.12193],[11.79042,65.12151],[11.78707,65.11924],[11.78989,65.11705],[11.7866,65.11402]],[[11.69706,65.12018],[11.70367,65.12194],[11.70658,65.12189],[11.70901,65.12322],[11.71186,65.12314],[11.70723,65.12009],[11.70597,65.12001],[11.70447,65.12092],[11.6988,65.11995],[11.69708,65.11999]],[[11.76919,65.1227],[11.76794,65.12245],[11.76663,65.12289],[11.76661,65.12369],[11.76479,65.12478],[11.7678,65.12587],[11.77152,65.12474],[11.76919,65.1227]],[[11.47176,65.21078],[11.46835,65.21103],[11.46618,65.21076],[11.46457,65.2113],[11.46694,65.21239],[11.46827,65.21178],[11.47135,65.21389]],[[11.6969,65.12147],[11.68837,65.1213],[11.68611,65.12271],[11.68329,65.12268],[11.69256,65.12413],[11.69375,65.12405],[11.69369,65.12375],[11.68923,65.12298],[11.68969,65.12227],[11.69074,65.12233],[11.6951,65.12377],[11.69648,65.12465],[11.69642,65.12532]],[[11.67975,65.12649],[11.67784,65.12642],[11.67751,65.12672],[11.68005,65.12758],[11.68603,65.12823],[11.68573,65.12765],[11.68379,65.12704],[11.67975,65.12649]],[[11.72018,65.12332],[11.7186,65.12298],[11.71781,65.12205],[11.71661,65.12185],[11.71547,65.12216],[11.71728,65.1231],[11.71674,65.12373],[11.72073,65.12638],[11.72108,65.12467],[11.72018,65.12332]],[[11.72836,65.12793],[11.72634,65.12695],[11.72793,65.12657],[11.72618,65.12535],[11.72472,65.12507],[11.72373,65.12564],[11.72481,65.12803],[11.72558,65.12816],[11.72641,65.12773],[11.72807,65.12868],[11.72981,65.12891],[11.72944,65.12821],[11.72836,65.12793]],[[11.69642,65.12532],[11.6994,65.12525],[11.69742,65.12474],[11.69889,65.12402],[11.70067,65.12448],[11.70044,65.12508],[11.70296,65.12609],[11.70468,65.1262],[11.70429,65.12546],[11.70532,65.1255],[11.70768,65.12668],[11.70688,65.12714],[11.70983,65.12779],[11.70848,65.12851],[11.70882,65.12908],[11.71117,65.12983],[11.71081,65.13011],[11.71264,65.13094],[11.71458,65.13077],[11.71476,65.12935],[11.71115,65.12805],[11.71326,65.12751],[11.71907,65.12912],[11.71729,65.12584],[11.71059,65.12479],[11.71072,65.12429],[11.70581,65.12342],[11.70624,65.12392],[11.70969,65.12447],[11.70969,65.12529],[11.71117,65.12609],[11.70925,65.12648],[11.70745,65.12603],[11.70788,65.12526],[11.70232,65.12271],[11.6969,65.12147]],[[11.69606,65.12822],[11.69204,65.12781],[11.69055,65.12798],[11.6869,65.12708],[11.68626,65.12762],[11.68954,65.12946],[11.69572,65.131]],[[11.8898,65.12222],[11.88689,65.12437],[11.88954,65.12586],[11.89682,65.12805],[11.90089,65.13112],[11.89966,65.13225],[11.89749,65.13248],[11.89249,65.13147],[11.892,65.13174],[11.89691,65.13325],[11.89946,65.13347],[11.9008,65.13409],[11.90239,65.1361],[11.90827,65.13759]],[[11.66397,65.13201],[11.66131,65.1319],[11.66073,65.13225],[11.66156,65.13278],[11.66354,65.13304],[11.66472,65.13237],[11.66397,65.13201]],[[11.50525,65.13067],[11.50223,65.13027],[11.5021,65.13097],[11.50338,65.13206],[11.50469,65.13212],[11.5057,65.13173],[11.50525,65.13067]],[[11.92142,65.14226],[11.92019,65.1416],[11.91879,65.14161],[11.9122,65.1398],[11.90827,65.13759]],[[11.69572,65.131],[11.69984,65.13191],[11.69957,65.13264],[11.70041,65.13299],[11.71166,65.13542],[11.71145,65.13681],[11.71321,65.13857],[11.71415,65.13812],[11.71678,65.13814],[11.72,65.13861],[11.72244,65.1395],[11.72396,65.13924],[11.72849,65.13989],[11.72914,65.13961],[11.72883,65.13887],[11.73125,65.13866],[11.73157,65.13738],[11.73589,65.13863],[11.73705,65.13836],[11.7366,65.13715],[11.73311,65.13453],[11.72684,65.13217],[11.72427,65.13215],[11.72019,65.13135],[11.71933,65.13191],[11.72294,65.13253],[11.72338,65.13312],[11.72134,65.13287],[11.71904,65.13342],[11.71507,65.13188],[11.71135,65.13181],[11.71003,65.1304],[11.7076,65.12927],[11.70485,65.12915],[11.70559,65.12853],[11.70053,65.12805],[11.70451,65.12898],[11.70345,65.13004],[11.69929,65.12861],[11.69606,65.12822]],[[11.50946,65.1357],[11.50805,65.13539],[11.50726,65.13615],[11.50779,65.13718],[11.50884,65.1375],[11.50946,65.1357]],[[11.50848,65.13786],[11.50734,65.13783],[11.50611,65.13952],[11.50851,65.13932],[11.50848,65.13786]],[[11.93879,65.1489],[11.9215,65.14372],[11.92142,65.14226]],[[11.40303,65.19513],[11.40416,65.19632],[11.4062,65.19672],[11.40467,65.19517]],[[11.43302,65.19585],[11.43386,65.19681],[11.43684,65.19806],[11.43572,65.19591]],[[11.38868,65.19797],[11.38686,65.19784],[11.38607,65.19674],[11.38104,65.19644],[11.38063,65.19598],[11.37989,65.19607],[11.38076,65.19714],[11.38516,65.19849],[11.38757,65.19883],[11.38902,65.19848],[11.38868,65.19797]],[[11.42721,65.18847],[11.42418,65.18786],[11.42448,65.18964],[11.42604,65.18956],[11.42742,65.18887],[11.42721,65.18847]],[[11.41166,65.18906],[11.41075,65.18951],[11.41151,65.19102],[11.41327,65.19123],[11.41527,65.19008],[11.41492,65.1897],[11.41166,65.18906]],[[11.42498,65.19151],[11.42294,65.19088],[11.42171,65.19116],[11.42265,65.1936],[11.4248,65.19275],[11.42498,65.19151]],[[11.44222,65.19225],[11.44114,65.19207],[11.4403,65.1925],[11.44161,65.19445],[11.44273,65.19273],[11.44222,65.19225]],[[11.464,65.19846],[11.46252,65.19815],[11.46224,65.19886],[11.46479,65.20072],[11.46609,65.19992],[11.464,65.19846]],[[11.40467,65.19517],[11.40426,65.19384],[11.40303,65.19513]],[[11.43572,65.19591],[11.4335,65.1943],[11.43302,65.19585]],[[11.44101,65.19604],[11.4413,65.19496],[11.43948,65.19456],[11.43893,65.19599]],[[11.43893,65.19599],[11.44008,65.19686],[11.44101,65.19604]],[[11.56119,65.20225],[11.5602,65.20215],[11.55855,65.20291],[11.55847,65.20356],[11.56196,65.20606],[11.56369,65.20407],[11.56119,65.20225]],[[11.43188,65.20124],[11.4307,65.2016],[11.43253,65.20296],[11.43596,65.20298],[11.43403,65.20269],[11.43188,65.20124]],[[11.3887,65.20171],[11.38675,65.20029],[11.38551,65.20035],[11.38556,65.201],[11.38464,65.19993],[11.38255,65.20014],[11.382,65.20107],[11.38366,65.20203],[11.38554,65.20221],[11.3887,65.20171]],[[11.39314,65.20061],[11.39149,65.20017],[11.39036,65.20032],[11.39001,65.20169],[11.39103,65.2023],[11.39351,65.20223],[11.39314,65.20061]],[[11.48712,65.20381],[11.4853,65.20361],[11.48547,65.20462],[11.48736,65.20539],[11.48712,65.20381]],[[11.49172,65.20402],[11.49071,65.20404],[11.49102,65.20539],[11.49291,65.20562],[11.49333,65.2051],[11.49172,65.20402]],[[11.4269,65.20272],[11.42498,65.20273],[11.42584,65.20386],[11.42749,65.2044],[11.43028,65.20454],[11.43069,65.2039],[11.42983,65.20344],[11.4269,65.20272]],[[11.44234,65.20385],[11.44396,65.20331],[11.44135,65.20202],[11.4386,65.20113],[11.43633,65.20076],[11.43456,65.20089],[11.43496,65.20144],[11.44105,65.20364],[11.43697,65.20336],[11.43619,65.20365],[11.44059,65.20551],[11.44579,65.20674],[11.44566,65.20577],[11.44234,65.20385]],[[11.39382,65.20495],[11.38975,65.20451],[11.39187,65.20577],[11.39371,65.20605],[11.39382,65.20495]],[[11.44279,65.20631],[11.43974,65.20593],[11.43638,65.20466],[11.43534,65.20482],[11.43765,65.20612],[11.44449,65.20747],[11.44279,65.20631]],[[11.39798,65.20819],[11.39378,65.20706],[11.39293,65.20747],[11.39633,65.20877],[11.39791,65.20857],[11.39798,65.20819]],[[11.43911,65.20709],[11.4324,65.20571],[11.43098,65.20578],[11.43566,65.20782],[11.43941,65.2077],[11.43986,65.20738],[11.43911,65.20709]],[[11.4456,65.20823],[11.44306,65.20854],[11.44601,65.2095],[11.44695,65.20882],[11.4456,65.20823]],[[11.42926,65.20672],[11.427,65.20625],[11.42571,65.20671],[11.43256,65.20937],[11.43375,65.20877],[11.42926,65.20672]],[[11.46568,65.20614],[11.46484,65.20464],[11.46331,65.20416],[11.46296,65.20268],[11.46152,65.20221],[11.46179,65.20028],[11.46005,65.19964],[11.45822,65.20066],[11.45768,65.20267],[11.45851,65.20351],[11.46131,65.20363],[11.46205,65.20497],[11.45925,65.20524],[11.45873,65.20642],[11.46573,65.21011],[11.46713,65.2103],[11.46568,65.20614]],[[11.41625,65.20737],[11.41511,65.20731],[11.4148,65.20824],[11.4189,65.20928],[11.41625,65.20737]],[[11.48283,65.20978],[11.48097,65.2095],[11.48409,65.20778],[11.48411,65.2072],[11.48285,65.207],[11.48097,65.20772],[11.48177,65.20558],[11.48053,65.20484],[11.47761,65.20484],[11.47842,65.20415],[11.4777,65.20355],[11.47586,65.20369],[11.47413,65.20467],[11.47615,65.2081],[11.47778,65.2087],[11.47802,65.20796],[11.47874,65.20796],[11.47917,65.2106],[11.48281,65.21162],[11.48283,65.20978]],[[11.43914,65.21033],[11.43537,65.20916],[11.43416,65.20938],[11.43405,65.20988],[11.43521,65.2103],[11.43819,65.21064],[11.43914,65.21033]],[[11.48725,65.21084],[11.48573,65.21063],[11.48613,65.20947],[11.48527,65.2089],[11.48406,65.21063],[11.48575,65.21081],[11.48432,65.21206],[11.48569,65.21229],[11.4879,65.21204],[11.48796,65.21112],[11.48725,65.21084]],[[11.47135,65.21389],[11.47235,65.2137],[11.47263,65.21268],[11.47427,65.21255],[11.47365,65.21122],[11.47176,65.21078]],[[11.44074,65.21353],[11.44676,65.21349],[11.44486,65.21257],[11.44206,65.21228],[11.44181,65.2113],[11.43772,65.2115],[11.43737,65.21214],[11.44074,65.21353]],[[11.46825,65.21375],[11.46595,65.21379],[11.46599,65.21473],[11.46684,65.21513],[11.46815,65.21492],[11.46825,65.21375]],[[11.40339,65.21382],[11.40222,65.21354],[11.40118,65.2146],[11.40297,65.21545],[11.40432,65.21494],[11.40339,65.21382]],[[11.00088,65.20555],[11.00221,65.20544],[11.00259,65.20504],[11.00245,65.20233],[10.99856,65.19944]],[[10.99812,65.20365],[11.00088,65.20555]],[[11.40101,65.22282],[11.39792,65.22317],[11.39753,65.22368],[11.39916,65.22444],[11.40089,65.22446],[11.40267,65.22392],[11.40101,65.22282]],[[11.39959,65.22557],[11.3962,65.22539],[11.39475,65.22578],[11.39787,65.22697],[11.40112,65.22765],[11.40179,65.22731],[11.39959,65.22557]],[[11.38608,65.23013],[11.38341,65.23024],[11.38366,65.23132],[11.3855,65.23141],[11.38608,65.23013]],[[11.39685,65.23169],[11.39279,65.2312],[11.39138,65.23138],[11.39209,65.23234],[11.39527,65.23263],[11.39726,65.23203],[11.39685,65.23169]],[[11.37503,65.23207],[11.37208,65.23181],[11.37041,65.23242],[11.37113,65.23301],[11.37407,65.23378],[11.37656,65.23398],[11.37759,65.2332],[11.37503,65.23207]],[[11.3595,65.23485],[11.35682,65.23403],[11.35586,65.2347],[11.35752,65.2355],[11.35937,65.23522],[11.3595,65.23485]]]}}]}