{"type":"FeatureCollection","features":[{"type":"Feature","properties":{},"geometry":{"type":"MultiLineString","coordinates":[[[12.38506,65.6584],[12.38993,65.66215]],[[12.89997,65.31329],[12.89341,65.30941]],[[12.07996,65.47922],[12.0779,65.47888],[12.07746,65.47918]],[[12.17183,65.05008],[12.17048,65.04999],[12.16976,65.05051],[12.1702,65.05149],[12.17166,65.05162],[12.17316,65.05103],[12.17183,65.05008]],[[12.06235,65.1132],[12.06283,65.11455],[12.0653,65.11696]],[[12.06664,65.11976],[12.06665,65.11828],[12.0653,65.11696]],[[12.53068,65.12813],[12.5299,65.12812]],[[12.01427,65.20853],[12.01429,65.20868]],[[12.11464,65.13995],[12.11656,65.14329],[12.11267,65.14503],[12.11115,65.14811],[12.11423,65.14927],[12.11534,65.15021]],[[12.11963,65.15588],[12.11816,65.15591],[12.11947,65.15735]],[[12.11937,65.15822],[12.11947,65.15735]],[[12.27209,65.16652],[12.2734,65.16593]],[[12.28922,65.16885],[12.28954,65.16886]],[[12.01167,65.16666],[12.01731,65.16457],[12.01831,65.16371]],[[12.32747,65.21171],[12.32667,65.21229],[12.32735,65.21284]],[[12.32729,65.21347],[12.32735,65.21284]],[[12.47339,65.77108],[12.46612,65.76702]],[[12.2733,65.18127],[12.27188,65.18143],[12.27216,65.18305],[12.27374,65.18225],[12.2733,65.18127]],[[12.11546,65.18088],[12.1168,65.18193]],[[12.11659,65.18384],[12.11648,65.18382]],[[12.14828,65.19192],[12.14994,65.19234]],[[12.32801,65.20629],[12.32724,65.20656],[12.32793,65.20711]],[[11.99575,65.20816],[12.0006,65.20746],[12.00701,65.20798]],[[12.00894,65.20843],[12.00701,65.20798]],[[12.06848,65.20858],[12.06486,65.20878],[12.05919,65.20833],[12.05508,65.20845],[12.05154,65.20927]],[[12.07814,65.20979],[12.07596,65.20916],[12.07264,65.20941],[12.07081,65.20877],[12.06848,65.20858]],[[12.32632,65.21441],[12.32729,65.21347]],[[12.22624,65.2126],[12.22934,65.21265]],[[12.05154,65.20927],[12.05075,65.20956]],[[12.43151,65.21625],[12.43392,65.21679]],[[12.07814,65.20979],[12.08543,65.2122],[12.08908,65.21244],[12.09329,65.21365],[12.09797,65.21432],[12.10228,65.21591],[12.10485,65.21758]],[[12.10485,65.21758],[12.11251,65.22123]],[[12.24621,65.7966],[12.24704,65.79856],[12.24854,65.79756],[12.2479,65.79663]],[[12.16813,65.2352],[12.1631,65.23312]],[[12.01555,65.24176],[12.01385,65.24163],[12.01308,65.24213],[12.01505,65.24295],[12.01629,65.24238],[12.01555,65.24176]],[[12.3785,65.25257],[12.37671,65.25263],[12.37695,65.25351],[12.38023,65.25364],[12.38114,65.25326],[12.3785,65.25257]],[[12.16813,65.2352],[12.17333,65.23608],[12.18101,65.23607],[12.19051,65.23791],[12.19886,65.24221],[12.20681,65.24499],[12.21076,65.24766],[12.2144,65.24919],[12.21639,65.25088]],[[12.11545,65.25541],[12.115,65.25479]],[[12.43916,65.26127],[12.4361,65.25995],[12.43382,65.26024],[12.4329,65.26116]],[[12.84877,65.26768],[12.85071,65.26857],[12.85741,65.27029]],[[12.85716,65.27337],[12.85805,65.27422]],[[12.10802,65.26233],[12.10808,65.2618]],[[12.01147,65.25918],[12.01066,65.25914],[12.01096,65.26017],[12.01317,65.26107],[12.01293,65.26007],[12.01147,65.25918]],[[12.02235,65.25998],[12.0211,65.25957],[12.02052,65.25974],[12.02244,65.26139],[12.02457,65.2618],[12.02235,65.25998]],[[12.10764,65.26579],[12.10799,65.26582]],[[12.12829,65.26984],[12.12908,65.26996]],[[12.00268,65.26912],[12.00143,65.26934],[12.00185,65.2702],[12.00553,65.27036],[12.00537,65.26977],[12.00268,65.26912]],[[12.0034,65.27347],[12.00207,65.27327],[12.0014,65.27354],[12.00393,65.27479],[12.00474,65.27395],[12.0034,65.27347]],[[12.08174,65.69735],[12.08009,65.69725],[12.07872,65.69762],[12.07826,65.69873],[12.07995,65.69893],[12.08182,65.69798],[12.08174,65.69735]],[[12.92104,65.30486],[12.91972,65.30475],[12.9181,65.30515],[12.91899,65.30652],[12.92045,65.30632],[12.92104,65.30486]],[[12.10449,65.29448],[12.10376,65.29485],[12.10437,65.2956]],[[12.10437,65.2956],[12.10521,65.29653],[12.10663,65.29686],[12.10561,65.29495],[12.10449,65.29448]],[[12.40216,65.70851],[12.40221,65.70839]],[[12.95984,65.31411],[12.95999,65.31401]],[[12.09815,65.30179],[12.09519,65.30075],[12.09391,65.30079],[12.09343,65.3012],[12.09376,65.30162],[12.09547,65.30145],[12.09741,65.30213],[12.09815,65.30179]],[[12.95984,65.31411],[12.95998,65.31673]],[[12.95998,65.31673],[12.9609,65.31789]],[[12.42988,65.31929],[12.42885,65.31867],[12.4241,65.31773]],[[12.05164,65.30681],[12.05067,65.30696],[12.05186,65.30814],[12.05398,65.30911],[12.05434,65.30844],[12.05164,65.30681]],[[12.94825,65.32369],[12.94703,65.32356],[12.94655,65.3241],[12.94727,65.32508],[12.94836,65.32522],[12.94897,65.325],[12.94825,65.32369]],[[12.4241,65.31773],[12.42403,65.31843]],[[12.00919,65.33854],[12.00819,65.33846],[12.00788,65.3388],[12.00988,65.34004],[12.0121,65.34013],[12.00919,65.33854]],[[12.12724,65.34085],[12.12771,65.34253]],[[12.1752,65.36481],[12.17852,65.36547]],[[12.2035,65.3726],[12.20344,65.37317]],[[12.20321,65.37536],[12.20571,65.37522],[12.20344,65.37317]],[[12.03893,65.37774],[12.0361,65.37777],[12.03743,65.37847],[12.0398,65.37875],[12.03893,65.37774]],[[12.05104,65.37883],[12.04908,65.3785],[12.05211,65.38041],[12.05229,65.37937],[12.05104,65.37883]],[[12.17514,65.38304],[12.17247,65.38437]],[[12.05436,65.38426],[12.05312,65.38421],[12.05316,65.3847],[12.05597,65.3861],[12.05561,65.38485],[12.05436,65.38426]],[[12.01561,65.38575],[12.0145,65.3854],[12.01281,65.3858],[12.01596,65.38713],[12.01561,65.38575]],[[12.02653,65.3867],[12.02546,65.38686],[12.02595,65.3876],[12.02754,65.38823],[12.02924,65.38831],[12.02808,65.3872],[12.02653,65.3867]],[[12.02616,65.38838],[12.02577,65.38837]],[[12.05111,65.38886],[12.05017,65.38885]],[[12.06621,65.38916],[12.06527,65.38783],[12.06231,65.38759],[12.065,65.38913]],[[12.07364,65.3893],[12.07266,65.38928]],[[12.0966,65.38975],[12.09407,65.38907]],[[12.06767,65.39837],[12.0658,65.39764],[12.06461,65.39783],[12.06633,65.39852],[12.06603,65.39936],[12.06728,65.39987],[12.06908,65.39995],[12.06767,65.39837]],[[12.18108,65.40106],[12.18494,65.40482]],[[12.065,65.38913],[12.0658,65.38941],[12.06621,65.38916]],[[12.51308,65.39795],[12.51329,65.39718]],[[12.00311,65.38881],[12.0021,65.38853],[12.00076,65.38914],[12.00212,65.39026],[12.0035,65.39042],[12.00458,65.38959],[12.00311,65.38881]],[[12.12265,65.40825],[12.12152,65.40808],[12.12012,65.40874],[12.11975,65.40975],[12.12077,65.41015],[12.12244,65.40952],[12.12265,65.40825]],[[12.19786,65.41191],[12.19926,65.41237]],[[12.19893,65.41547],[12.1989,65.41581]],[[12.09008,65.42499],[12.09018,65.42495]],[[12.09008,65.42499],[12.08962,65.4252]],[[12.19708,65.43281],[12.1957,65.43269],[12.19701,65.4335]],[[12.25061,65.43484],[12.24863,65.43351],[12.24491,65.43214],[12.24378,65.43109]],[[12.14393,65.43272],[12.15032,65.43567]],[[12.15355,65.43573],[12.15402,65.43504]],[[12.20875,65.43676],[12.20357,65.43548],[12.20133,65.43409],[12.19708,65.43281]],[[12.21941,65.43576],[12.22272,65.43701]],[[12.64469,65.44417],[12.64463,65.44409]],[[12.17632,65.43721],[12.17467,65.43734],[12.17712,65.43855],[12.17832,65.43864],[12.17632,65.43721]],[[12.09676,65.43528],[12.09601,65.43463]],[[12.08877,65.43678],[12.08955,65.43677]],[[12.08869,65.43754],[12.08867,65.43754]],[[12.19632,65.43992],[12.19362,65.43925],[12.19624,65.44064]],[[12.23745,65.44118],[12.23379,65.44003],[12.23412,65.44079],[12.23642,65.44186],[12.23788,65.44199],[12.23745,65.44118]],[[12.03045,65.43734],[12.02786,65.43654],[12.02728,65.4367],[12.03143,65.43853],[12.03182,65.43828],[12.03045,65.43734]],[[12.19624,65.44064],[12.19982,65.44197],[12.19632,65.43992]],[[12.08818,65.44216],[12.09006,65.44258],[12.09123,65.44236],[12.08827,65.44128]],[[12.05102,65.43929],[12.04852,65.43797],[12.04695,65.43799],[12.04724,65.43867],[12.0439,65.43808],[12.04325,65.43828],[12.04457,65.43932],[12.04808,65.44045],[12.04865,65.44116],[12.0513,65.44048],[12.05184,65.43998],[12.05102,65.43929]],[[12.08827,65.44128],[12.08678,65.44122],[12.08643,65.44151],[12.08818,65.44216]],[[12.60056,65.44978],[12.59823,65.45043],[12.59798,65.45125],[12.60005,65.45106],[12.60056,65.44978]],[[12.03862,65.43945],[12.03717,65.43903],[12.03664,65.43919],[12.03932,65.44077],[12.04186,65.44154],[12.03862,65.43945]],[[12.19557,65.44693],[12.19561,65.44694]],[[12.26495,65.44929],[12.26289,65.4492],[12.26266,65.44956],[12.26638,65.45094],[12.26495,65.44929]],[[12.19842,65.45069],[12.19529,65.44951]],[[12.15215,65.45034],[12.15023,65.45016],[12.14972,65.45076],[12.15225,65.45177],[12.15288,65.45079],[12.15215,65.45034]],[[12.05925,65.44692],[12.05941,65.44634],[12.05667,65.44461],[12.05454,65.44457],[12.05405,65.44533],[12.05722,65.44666],[12.05531,65.44649],[12.05504,65.44696],[12.05716,65.44835],[12.05675,65.44883],[12.05832,65.45054],[12.05949,65.45094],[12.06019,65.45025],[12.05841,65.44806],[12.05925,65.44692]],[[12.20759,65.45474],[12.20558,65.45325],[12.20272,65.45212]],[[12.19481,65.454],[12.19785,65.45558]],[[12.02536,65.45341],[12.02177,65.45175],[12.02255,65.4529],[12.02479,65.45376],[12.02536,65.45341]],[[12.2258,65.45842],[12.22451,65.45853],[12.2245,65.45895],[12.22656,65.45984],[12.22762,65.45985],[12.22787,65.45898],[12.2258,65.45842]],[[12.19785,65.45558],[12.20296,65.45951]],[[12.63728,65.47459],[12.63848,65.47452]],[[12.62485,65.47278],[12.63177,65.47475],[12.63728,65.47459]],[[12.25326,65.47083],[12.25309,65.47055]],[[12.03363,65.45693],[12.03177,65.45688],[12.0312,65.45721],[12.03327,65.45794],[12.03559,65.45815],[12.03363,65.45693]],[[12.04208,65.45883],[12.03734,65.45837],[12.04277,65.45998],[12.04332,65.45954],[12.04208,65.45883]],[[12.24344,65.47126],[12.24455,65.47157]],[[12.62544,65.47983],[12.62422,65.47968]],[[12.20946,65.47098],[12.20681,65.47093],[12.21514,65.47385],[12.21753,65.47375],[12.21716,65.47278],[12.20946,65.47098]],[[12.43991,65.48579],[12.44001,65.48574]],[[12.58103,65.48805],[12.5807,65.48892]],[[12.32806,65.48565],[12.32733,65.48568]],[[12.08373,65.48208],[12.0838,65.48149]],[[12.30776,65.48721],[12.30787,65.48809],[12.31103,65.49006]],[[12.31683,65.49232],[12.31698,65.49134]],[[12.34383,65.49331],[12.34423,65.49337]],[[12.0621,65.48766],[12.06006,65.4873],[12.05891,65.48799],[12.06101,65.48835],[12.06334,65.48822],[12.0621,65.48766]],[[12.21252,65.49559],[12.21171,65.49556],[12.21162,65.49697],[12.21319,65.49763],[12.21252,65.49559]],[[12.1357,65.499],[12.13416,65.49895],[12.13834,65.50096],[12.1357,65.499]],[[12.58329,65.53298],[12.58221,65.53296]],[[12.25296,65.52736],[12.25348,65.52777],[12.25405,65.52738]],[[12.14574,65.52538],[12.14864,65.52769]],[[12.37329,65.69291],[12.37012,65.69288],[12.37186,65.69363],[12.37495,65.69371],[12.37463,65.69318],[12.37329,65.69291]],[[12.31395,65.5793],[12.31765,65.57857]],[[12.12997,65.60152],[12.12893,65.60153],[12.12776,65.60241],[12.128,65.60293],[12.13123,65.60345],[12.13163,65.60267],[12.12997,65.60152]],[[12.00838,65.62731],[12.00709,65.62708],[12.00574,65.62898],[12.00639,65.6292],[12.00802,65.62895],[12.00838,65.62731]],[[12.14244,65.63176],[12.14023,65.6318],[12.14384,65.63347],[12.14629,65.6339],[12.14244,65.63176]],[[12.06632,65.72689],[12.06304,65.72732],[12.06172,65.72805],[12.06361,65.72871],[12.06507,65.7285],[12.06632,65.72689]],[[12.02713,65.64883],[12.02553,65.64866],[12.02459,65.64916],[12.02402,65.64982],[12.02465,65.65023],[12.0272,65.65033],[12.02713,65.64883]],[[12.02014,65.86527],[12.01937,65.86529],[12.01856,65.86627],[12.01944,65.86701],[12.0211,65.86629],[12.02014,65.86527]],[[12.01751,65.65761],[12.01577,65.65724],[12.01438,65.65755]],[[12.02466,65.65775],[12.02315,65.65745],[12.02229,65.6577]],[[12.01751,65.65761],[12.01878,65.65763]],[[12.022,65.6579],[12.02229,65.6577]],[[12.60633,65.668],[12.60694,65.66845]],[[12.06365,65.66067],[12.0645,65.66029],[12.06375,65.65979]],[[12.17232,65.66204],[12.17025,65.66177],[12.17224,65.6628]],[[12.37585,65.67039],[12.37592,65.67017]],[[12.04526,65.66598],[12.04347,65.66602],[12.04304,65.66648],[12.04606,65.66779],[12.04526,65.66598]],[[12.40516,65.68896],[12.40443,65.68908]],[[12.06129,65.68149],[12.06124,65.68194]],[[12.40804,65.68722],[12.40551,65.68724],[12.4047,65.68798],[12.40887,65.68815],[12.40804,65.68722]],[[12.06123,65.68208],[12.06124,65.68194]],[[12.45467,65.71043],[12.45114,65.70682]],[[12.62791,65.71377],[12.62792,65.71322]],[[12.60224,65.7192],[12.60221,65.71954]],[[12.27442,65.88723],[12.27268,65.88726],[12.27592,65.88902],[12.27609,65.88817],[12.27442,65.88723]],[[12.60188,65.72313],[12.6015,65.7233]],[[12.56345,65.7245],[12.56708,65.7231]],[[12.05151,65.71412],[12.05004,65.71387],[12.048,65.71458],[12.04928,65.7157],[12.05151,65.71412]],[[12.30509,65.72091],[12.30411,65.72075],[12.30568,65.72199],[12.30774,65.72188],[12.30753,65.72141],[12.30509,65.72091]],[[12.02076,65.72068],[12.01775,65.72099],[12.01683,65.72216],[12.01804,65.72209],[12.02076,65.72068]],[[12.34502,65.73374],[12.34322,65.73384],[12.34378,65.73486],[12.34625,65.73471],[12.34502,65.73374]],[[12.23814,65.73717],[12.23695,65.7372],[12.23633,65.73825],[12.23744,65.73959],[12.23824,65.73899],[12.23814,65.73717]],[[12.08939,65.7488],[12.0906,65.74912],[12.0917,65.74884]],[[12.05325,65.75221],[12.05328,65.75193]],[[12.0917,65.74884],[12.09319,65.74813],[12.09034,65.7476],[12.0894,65.748],[12.08939,65.7488]],[[12.25284,65.75182],[12.25132,65.75054],[12.24897,65.75175]],[[12.55498,65.75696],[12.55377,65.75566],[12.54914,65.75399]],[[12.05334,65.7514],[12.05328,65.75193]],[[12.05261,65.75777],[12.05432,65.75731],[12.05281,65.75603]],[[12.40666,65.76584],[12.41051,65.76782]],[[12.26347,65.77066],[12.26485,65.77066],[12.2654,65.77019],[12.26466,65.76965],[12.26326,65.76952],[12.26173,65.7702],[12.26347,65.77066]],[[12.15032,65.76872],[12.14889,65.76846],[12.14807,65.76891],[12.1497,65.77018],[12.151,65.76992],[12.15032,65.76872]],[[12.27285,65.77171],[12.27225,65.77149],[12.27153,65.77172],[12.27122,65.77305],[12.2719,65.77318],[12.27352,65.77278],[12.27285,65.77171]],[[12.26427,65.77258],[12.26177,65.77265],[12.26163,65.77339],[12.26415,65.7737],[12.26427,65.77258]],[[12.21455,65.77325],[12.2136,65.77334],[12.21247,65.77458],[12.21393,65.77526],[12.21455,65.77325]],[[12.02043,65.77247],[12.01901,65.77263],[12.01993,65.77469],[12.02074,65.77406],[12.02043,65.77247]],[[12.07433,65.77756],[12.07289,65.77742],[12.07151,65.77817],[12.07389,65.77914],[12.07433,65.77756]],[[12.11243,65.77855],[12.1105,65.77878],[12.11083,65.78012],[12.11225,65.77978],[12.11243,65.77855]],[[12.23475,65.78094],[12.23381,65.78097],[12.23196,65.78203],[12.23353,65.78281],[12.23543,65.78229],[12.23475,65.78094]],[[12.11157,65.78135],[12.11045,65.78144],[12.10945,65.78255],[12.1125,65.78295],[12.11284,65.78233],[12.11157,65.78135]],[[12.07764,65.78499],[12.07582,65.78523],[12.07533,65.78605],[12.07591,65.78648],[12.07782,65.7859],[12.07764,65.78499]],[[12.2052,65.78777],[12.20343,65.78705],[12.20313,65.78815],[12.20447,65.78899],[12.20577,65.78885],[12.2052,65.78777]],[[12.05951,65.78295],[12.05852,65.78296],[12.05858,65.78429],[12.06023,65.7847],[12.05811,65.78501],[12.0578,65.78552],[12.06018,65.7864],[12.06136,65.78584],[12.06031,65.78464],[12.06084,65.78412],[12.05951,65.78295]],[[12.00638,65.78498],[12.00508,65.78525],[12.00557,65.78713],[12.00681,65.78636],[12.00638,65.78498]],[[12.10646,65.79156],[12.10537,65.79163],[12.10526,65.79238],[12.10585,65.79305],[12.10734,65.79324],[12.10736,65.7922],[12.10646,65.79156]],[[12.22005,65.7949],[12.22461,65.79621]],[[12.12554,65.79438],[12.1251,65.79283],[12.12408,65.79255],[12.12331,65.79324],[12.12434,65.79436]],[[12.20856,65.79592],[12.20713,65.79561],[12.20596,65.79587]],[[12.2479,65.79663],[12.24704,65.7962],[12.24621,65.7966]],[[12.12434,65.79436],[12.1255,65.7949],[12.12554,65.79438]],[[12.12363,65.79573],[12.12209,65.79553],[12.12148,65.79703],[12.12213,65.79736],[12.12375,65.79717],[12.12363,65.79573]],[[12.09034,65.79639],[12.08924,65.7965],[12.08933,65.79713],[12.09084,65.79857],[12.09034,65.79639]],[[12.07114,65.79834],[12.06978,65.79825],[12.06875,65.79931],[12.07018,65.79996],[12.07102,65.79974],[12.07114,65.79834]],[[12.1376,65.80468],[12.1368,65.80472],[12.13682,65.80589],[12.13717,65.80661],[12.13801,65.80671],[12.13865,65.80565],[12.1376,65.80468]],[[12.24316,65.80351],[12.24227,65.80349],[12.2418,65.80396],[12.24198,65.8052],[12.2438,65.80481],[12.24316,65.80351]],[[12.01997,65.79872],[12.01857,65.79832],[12.01715,65.79871],[12.01755,65.801],[12.01967,65.79963],[12.01997,65.79872]],[[12.1078,65.81824],[12.10704,65.81829],[12.10598,65.82011],[12.10708,65.82121],[12.11005,65.8206],[12.10836,65.8197],[12.10889,65.81912],[12.1078,65.81824]],[[12.1048,65.80438],[12.10421,65.80402],[12.10261,65.80464],[12.10504,65.80582],[12.1048,65.80438]],[[12.22147,65.80799],[12.21737,65.80804],[12.21952,65.8088],[12.22136,65.80841],[12.22147,65.80799]],[[12.03303,65.80406],[12.03213,65.80362],[12.02989,65.80419],[12.03015,65.80492],[12.03344,65.80565],[12.03424,65.80541],[12.03423,65.80463],[12.03303,65.80406]],[[12.2291,65.82185],[12.22824,65.82171],[12.2273,65.82237],[12.22809,65.82355],[12.22912,65.82382],[12.2291,65.82185]],[[12.02219,65.80898],[12.02093,65.80923],[12.02077,65.80987],[12.02188,65.81131],[12.02323,65.81038],[12.02219,65.80898]],[[12.02667,65.80932],[12.02582,65.80932],[12.02574,65.81106],[12.0272,65.81172],[12.0281,65.81122],[12.02667,65.80932]],[[12.10112,65.81368],[12.10083,65.81316],[12.09893,65.81261],[12.09824,65.81357],[12.09968,65.8138],[12.10082,65.81488],[12.10112,65.81368]],[[12.22809,65.81965],[12.22674,65.81926],[12.2261,65.81944],[12.22675,65.82035],[12.22851,65.82098],[12.22911,65.82046],[12.22809,65.81965]],[[12.47606,65.82728],[12.47432,65.82728],[12.4736,65.82876],[12.47659,65.82989],[12.47761,65.82813],[12.47606,65.82728]],[[12.28851,65.82508],[12.28726,65.82505],[12.28721,65.82593],[12.28804,65.82657],[12.28982,65.82682],[12.28851,65.82508]],[[12.12423,65.82111],[12.12321,65.82108],[12.12466,65.82389],[12.12662,65.82285],[12.12423,65.82111]],[[12.47983,65.82925],[12.47818,65.82942],[12.47739,65.83021],[12.47816,65.83065],[12.4818,65.83044],[12.48198,65.83009],[12.47983,65.82925]],[[12.09668,65.82388],[12.09552,65.82434],[12.09552,65.82562],[12.09661,65.82608],[12.09737,65.82501],[12.09668,65.82388]],[[12.17142,65.82619],[12.17024,65.8259],[12.16987,65.82678],[12.17238,65.8279],[12.17297,65.8275],[12.17142,65.82619]],[[12.19689,65.82777],[12.19625,65.82677],[12.19046,65.82661],[12.19121,65.82746],[12.19324,65.82734],[12.19452,65.82843],[12.19639,65.82901],[12.19716,65.82855],[12.19554,65.8282],[12.19689,65.82777]],[[12.22736,65.82829],[12.22477,65.82847],[12.22741,65.82988],[12.22796,65.82925],[12.22736,65.82829]],[[12.26334,65.83043],[12.26331,65.83079]],[[12.2632,65.83177],[12.26323,65.83149]],[[12.26331,65.83079],[12.26457,65.83186],[12.26642,65.83113],[12.26586,65.83042],[12.26334,65.83043]],[[12.11041,65.82818],[12.10856,65.82797],[12.10757,65.82861],[12.10832,65.83032],[12.11041,65.82818]],[[12.42544,65.83776],[12.42375,65.83785],[12.42427,65.83875],[12.42525,65.83926],[12.42687,65.83935],[12.42702,65.8388],[12.42544,65.83776]],[[12.2377,65.83525],[12.23637,65.83549],[12.23744,65.83647],[12.24086,65.83753],[12.24049,65.83676],[12.23833,65.83642],[12.2377,65.83525]],[[12.1451,65.83547],[12.14357,65.83529],[12.14326,65.83586],[12.14382,65.83689],[12.14539,65.83746],[12.1451,65.83547]],[[12.24461,65.83712],[12.24368,65.83726],[12.24389,65.83831],[12.2454,65.83956],[12.24587,65.83895],[12.24461,65.83712]],[[12.11431,65.83534],[12.11336,65.83535],[12.11416,65.83791],[12.11484,65.83595],[12.11431,65.83534]],[[12.08484,65.83851],[12.08311,65.83847]],[[12.15501,65.83766],[12.15417,65.83745],[12.1536,65.83782],[12.15419,65.83905],[12.15579,65.83978],[12.15501,65.83766]],[[12.13031,65.83936],[12.12952,65.83935]],[[12.2782,65.84206],[12.2762,65.84007],[12.27623,65.83919],[12.27533,65.83905],[12.27643,65.84203]],[[12.30925,65.84261],[12.309,65.84261]],[[12.2822,65.88703],[12.28206,65.88694]],[[12.3902,65.84401],[12.38998,65.84452]],[[12.24295,65.84208],[12.24398,65.84185],[12.24384,65.84145]],[[12.27643,65.84203],[12.27766,65.84294],[12.27849,65.84251],[12.2782,65.84206]],[[12.08311,65.83847],[12.08301,65.83918],[12.08512,65.83996],[12.08566,65.83941],[12.08484,65.83851]],[[12.34917,65.8449],[12.3488,65.8433]],[[12.12131,65.84137],[12.12006,65.84249],[12.12121,65.84397],[12.122,65.84318],[12.12127,65.84245],[12.12242,65.84181],[12.12131,65.84137]],[[12.20391,65.84591],[12.2013,65.84591],[12.2013,65.84713],[12.20377,65.8471],[12.20476,65.84648],[12.20391,65.84591]],[[12.43464,65.8554],[12.43314,65.85527],[12.43231,65.85616],[12.43321,65.85648],[12.43584,65.8563],[12.43464,65.8554]],[[12.44272,65.85606],[12.44134,65.856],[12.44024,65.85661],[12.44268,65.85738],[12.44479,65.85678],[12.44272,65.85606]],[[12.11221,65.90495],[12.11023,65.90492],[12.1105,65.90693],[12.11185,65.90616],[12.11221,65.90495]],[[12.49269,65.86027],[12.49069,65.86029],[12.49106,65.86092],[12.49224,65.86141],[12.49439,65.86158],[12.49269,65.86027]],[[12.27064,65.85607],[12.26958,65.85586],[12.26961,65.85665],[12.27231,65.85797],[12.27064,65.85607]],[[12.42652,65.86049],[12.42545,65.86059],[12.42619,65.86145],[12.42819,65.86266],[12.4295,65.86289],[12.42652,65.86049]],[[12.48812,65.8651],[12.48728,65.8644]],[[12.15953,65.8578],[12.15816,65.85782],[12.15785,65.85856],[12.16079,65.85985],[12.16099,65.85906],[12.15953,65.8578]],[[12.58842,65.86736],[12.58745,65.86719],[12.58693,65.86757],[12.58834,65.86823]],[[12.17957,65.85929],[12.17812,65.85932],[12.1783,65.86011],[12.1803,65.86155],[12.18076,65.86031],[12.17957,65.85929]],[[12.16041,65.86112],[12.15878,65.86043],[12.15792,65.86071],[12.15995,65.86201],[12.1613,65.86221],[12.16041,65.86112]],[[12.58834,65.86823],[12.59076,65.86946],[12.5923,65.86954],[12.58842,65.86736]],[[12.50901,65.86856],[12.5065,65.86838],[12.50883,65.86986],[12.50975,65.86885],[12.50901,65.86856]],[[12.12014,65.86188],[12.11921,65.86197],[12.11859,65.86273],[12.1188,65.86416],[12.11997,65.86381],[12.12014,65.86188]],[[12.44679,65.87096],[12.44709,65.87106]],[[12.24629,65.86967],[12.2433,65.86901],[12.24492,65.87029],[12.24655,65.87069],[12.2473,65.87028],[12.24629,65.86967]],[[12.02253,65.86702],[12.02128,65.86692],[12.02153,65.8686],[12.02358,65.86814],[12.02253,65.86702]],[[12.20067,65.87075],[12.19935,65.87074],[12.19826,65.87172],[12.20038,65.87255],[12.20196,65.8719],[12.20067,65.87075]],[[12.29348,65.88629],[12.29157,65.88719]],[[12.24557,65.90656],[12.24476,65.90668],[12.24749,65.90973],[12.25032,65.9106],[12.25007,65.90967],[12.24557,65.90656]],[[12.25843,65.87654],[12.25849,65.87595]],[[12.16239,65.87448],[12.16086,65.87393],[12.15969,65.87438],[12.15923,65.8736],[12.1578,65.87326],[12.1567,65.87549],[12.15721,65.87631],[12.16105,65.87538],[12.16239,65.87448]],[[12.14192,65.87546],[12.14078,65.87558],[12.14048,65.87612],[12.14379,65.87744],[12.14192,65.87546]],[[12.31722,65.87899],[12.31655,65.8791],[12.31648,65.88017],[12.31812,65.88068],[12.31893,65.87993],[12.31722,65.87899]],[[12.47522,65.88491],[12.4737,65.88496],[12.47132,65.88629],[12.47559,65.88647],[12.47522,65.88491]],[[12.00816,65.88193],[12.00907,65.88325],[12.01067,65.88197]],[[12.00348,65.88183],[12.00009,65.88146],[12.00127,65.87944],[12.0004,65.87918],[11.99692,65.88115]],[[11.99692,65.88115],[12.00059,65.88178]],[[12.01067,65.88197],[12.00881,65.88054],[12.00782,65.88095],[12.00816,65.88193]],[[12.13122,65.88428],[12.13162,65.88337],[12.13045,65.88305],[12.12953,65.88334],[12.12936,65.88424]],[[12.19107,65.88539],[12.19129,65.88411],[12.19052,65.88378],[12.18977,65.88536]],[[12.19107,65.88539],[12.192,65.8854]],[[12.12936,65.88424],[12.13023,65.88474],[12.13122,65.88428]],[[12.00059,65.88178],[12.00278,65.88301],[12.00348,65.88183]],[[12.44492,65.89197],[12.44349,65.89166],[12.44268,65.89199],[12.44393,65.893],[12.44547,65.89331],[12.44649,65.89289],[12.44492,65.89197]],[[12.01363,65.88439],[12.01202,65.88357],[12.01132,65.88365],[12.01069,65.88499],[12.01386,65.88578],[12.01363,65.88439]],[[12.01862,65.8829],[12.0176,65.88281],[12.01728,65.88346],[12.01968,65.88603],[12.02007,65.88472],[12.01951,65.88395],[12.01856,65.88384],[12.01862,65.8829]],[[12.47609,65.89451],[12.47434,65.89461],[12.47444,65.89521],[12.47595,65.89588]],[[12.52904,65.89431],[12.53189,65.89461],[12.53317,65.89601],[12.53502,65.89686],[12.53173,65.89688],[12.52916,65.89732]],[[12.21391,65.89076],[12.21248,65.89072],[12.21163,65.8918],[12.2144,65.89249],[12.21495,65.89167],[12.21391,65.89076]],[[12.08409,65.89133],[12.08346,65.89111],[12.08196,65.89141],[12.08277,65.89301],[12.08429,65.89187],[12.08409,65.89133]],[[12.09325,65.89224],[12.09179,65.89243],[12.09101,65.89329],[12.09295,65.89371],[12.09435,65.89303],[12.09325,65.89224]],[[12.13743,65.89333],[12.1361,65.89319],[12.13556,65.89367],[12.13722,65.89547],[12.13803,65.89375],[12.13743,65.89333]],[[12.40432,65.90085],[12.40354,65.90098]],[[12.1166,65.89438],[12.11523,65.89466],[12.1147,65.89629],[12.11593,65.89674],[12.11668,65.89617],[12.1166,65.89438]],[[12.05965,65.89589],[12.06189,65.8959],[12.06213,65.89552],[12.05887,65.89472],[12.05783,65.89534],[12.05809,65.89609],[12.05926,65.89626],[12.05965,65.89589]],[[12.10548,65.89546],[12.10441,65.89531],[12.1038,65.8956],[12.10342,65.89641],[12.10453,65.89716],[12.10569,65.8971],[12.10506,65.89671],[12.10589,65.89609],[12.10548,65.89546]],[[12.02139,65.895],[12.02034,65.89508],[12.01867,65.89705],[12.01968,65.8979],[12.02119,65.89758],[12.0206,65.89683],[12.02199,65.89563],[12.02139,65.895]],[[12.25902,65.90055],[12.25791,65.90024],[12.25825,65.90131],[12.26077,65.90197],[12.26077,65.9012],[12.25902,65.90055]],[[12.16297,65.89801],[12.16176,65.89809],[12.16088,65.89925],[12.16192,65.90022],[12.16269,65.89989],[12.16297,65.89801]],[[12.0357,65.90489],[12.03552,65.90649]],[[12.16789,65.89997],[12.16687,65.89965],[12.16598,65.89982],[12.1655,65.90079],[12.16646,65.90138],[12.16787,65.90081],[12.16789,65.89997]],[[12.11416,65.8994],[12.11314,65.89922],[12.11226,65.8995],[12.11239,65.90009],[12.11469,65.90091],[12.11536,65.90023],[12.11416,65.8994]],[[12.26003,65.90278],[12.25896,65.9033],[12.26243,65.90489],[12.26278,65.90426],[12.26003,65.90278]],[[12.06617,65.90022],[12.06598,65.89978],[12.06473,65.8996],[12.06371,65.89997],[12.06218,65.89987],[12.06152,65.90027],[12.06192,65.90071],[12.06475,65.90124],[12.06603,65.90106],[12.06617,65.90022]],[[12.31162,65.90544],[12.31322,65.90699]],[[12.14504,65.90948],[12.14524,65.90771]],[[12.10678,65.90271],[12.1051,65.90271],[12.10501,65.90313],[12.10856,65.90438],[12.10814,65.9031],[12.10678,65.90271]],[[12.03552,65.90649],[12.0365,65.9068],[12.03727,65.90554],[12.03821,65.90633],[12.03901,65.90625],[12.03952,65.90364],[12.03822,65.90363],[12.03872,65.90409],[12.03727,65.90504],[12.0357,65.90489]],[[12.1026,65.90721],[12.10096,65.90668],[12.10147,65.90861],[12.10245,65.90898],[12.1026,65.90721]],[[12.00198,65.90997],[12.00008,65.9101],[12.00264,65.91112],[12.0042,65.91125],[12.00198,65.90997]],[[12.25459,65.91245],[12.25349,65.91259],[12.25451,65.91314]],[[12.00441,65.90643],[12.00336,65.90662],[12.00415,65.90776],[12.00686,65.90865],[12.00441,65.90643]],[[12.01149,65.90702],[12.01008,65.90706],[12.00925,65.90805],[12.01206,65.90882],[12.01149,65.90702]],[[12.04374,65.90971],[12.04133,65.9093],[12.04163,65.91045],[12.04396,65.91063],[12.04374,65.90971]],[[12.0567,65.90975],[12.05284,65.90843],[12.05267,65.90954],[12.05407,65.91043],[12.05685,65.91036],[12.0567,65.90975]],[[12.20152,65.91746],[12.20067,65.91739],[12.19951,65.91791],[12.19964,65.91925],[12.20152,65.91911],[12.20152,65.91746]],[[12.07661,65.91781],[12.07455,65.91736],[12.07646,65.91942],[12.07739,65.91828],[12.07661,65.91781]],[[12.28909,65.92379],[12.28564,65.92222]],[[12.36881,65.92758],[12.3663,65.92508],[12.36326,65.92407]],[[12.14247,65.92283],[12.14072,65.92215],[12.1402,65.92228],[12.14059,65.92394],[12.14269,65.9237],[12.14247,65.92283]],[[12.0976,65.9233],[12.09639,65.92298],[12.09621,65.92404],[12.09943,65.92583],[12.09965,65.92497],[12.09735,65.92381],[12.0976,65.9233]],[[12.22274,65.92684],[12.22083,65.92703],[12.22044,65.92808],[12.22346,65.92812],[12.22274,65.92684]],[[12.3637,65.93108],[12.36585,65.93026],[12.3629,65.92759]],[[12.36252,65.93129],[12.3637,65.93108]],[[12.14301,65.92775],[12.14466,65.9278],[12.1433,65.92513]],[[12.09763,65.92606],[12.09684,65.92575],[12.09466,65.92621],[12.09779,65.92717],[12.0985,65.92694],[12.09763,65.92606]],[[12.14848,65.92655],[12.14647,65.92624],[12.14749,65.92561],[12.14718,65.92516],[12.14492,65.92427],[12.144,65.92433],[12.14569,65.92629],[12.14556,65.92784],[12.14747,65.92841],[12.14983,65.9278],[12.14848,65.92655]],[[12.12814,65.92572],[12.12748,65.92535],[12.12653,65.92588],[12.1273,65.92763],[12.1288,65.92827],[12.12814,65.92572]],[[12.15087,65.92954],[12.14995,65.92894],[12.14907,65.92951]],[[12.36881,65.92758],[12.3745,65.93126],[12.37615,65.93355]],[[12.72658,65.93914],[12.72546,65.93881],[12.72461,65.93911]],[[12.13713,65.92928],[12.13599,65.92836],[12.13495,65.92854],[12.13542,65.92925]],[[12.23086,65.931],[12.23253,65.93103]],[[12.36228,65.93363],[12.36226,65.93373]],[[12.16212,65.92991],[12.16122,65.92996],[12.16043,65.9316],[12.1617,65.93217],[12.16263,65.93191],[12.16282,65.93119],[12.16212,65.92991]],[[12.13542,65.92925],[12.13757,65.93067],[12.13733,65.9318],[12.14094,65.93261],[12.14143,65.93173],[12.13985,65.93141],[12.13894,65.92987],[12.13713,65.92928]],[[12.25127,65.94336],[12.25136,65.94254]],[[12.98297,65.95161],[12.98036,65.95204],[12.97719,65.95193],[12.97556,65.95282]],[[12.67169,65.95307],[12.66887,65.95173]],[[12.79961,65.96202],[12.80249,65.96227]],[[12.80519,65.9642],[12.80519,65.96453]],[[12.69465,65.96155],[12.69758,65.96172],[12.70926,65.9654]],[[12.46938,65.96245],[12.47114,65.96341]],[[12.04611,65.95974],[12.04399,65.95947],[12.04362,65.96068],[12.04636,65.96071],[12.04687,65.96012],[12.04611,65.95974]],[[12.30806,65.97558],[12.30772,65.97567]],[[12.247,65.97525],[12.24783,65.97538]],[[12.24613,65.97617],[12.24612,65.97565]],[[12.35743,65.97812],[12.35766,65.97836]],[[12.25584,65.97634],[12.25622,65.97667]],[[12.90612,65.98657],[12.9076,65.98724]],[[12.13676,65.98354],[12.13846,65.9831],[12.13691,65.98228]],[[12.2211,65.9835],[12.21932,65.98329],[12.21946,65.98401],[12.2212,65.98511],[12.22188,65.9849],[12.22168,65.98353],[12.2211,65.9835]],[[12.13676,65.98354],[12.13675,65.98369]],[[12.13664,65.98469],[12.13587,65.9849],[12.13656,65.98534]],[[12.24592,65.99303],[12.24549,65.99343]],[[12.24592,65.99303],[12.246,65.99232]],[[12.24455,65.9945],[12.24571,65.99498]],[[12.15387,65.99253],[12.15237,65.99191],[12.15304,65.99407],[12.15432,65.99432],[12.1547,65.99349],[12.15387,65.99253]],[[12.14408,65.9937],[12.14273,65.99368],[12.14296,65.99438],[12.14619,65.99553],[12.14408,65.9937]],[[12.19359,65.99676],[12.19182,65.99636],[12.19289,65.99749],[12.19632,65.99823],[12.19649,65.99791],[12.19359,65.99676]],[[12.21666,65.99763],[12.21431,65.99704],[12.21646,65.99886],[12.21666,65.99763]],[[12.15013,65.99694],[12.14888,65.99695],[12.15315,65.99884],[12.1534,65.99807],[12.15013,65.99694]],[[12.15638,65.46348],[12.15504,65.46274],[12.15542,65.46211]],[[12.19204,65.03237],[12.19384,65.02996],[12.19856,65.02737],[12.20132,65.0266],[12.20274,65.02542]],[[12.4543,65.07736],[12.46029,65.07814]],[[12.20933,64.9993],[12.21126,65.0012],[12.21011,65.00362]],[[12.21011,65.00362],[12.20848,65.0051],[12.20831,65.01176]],[[12.20831,65.01176],[12.20949,65.01333],[12.21365,65.01433],[12.21482,65.01521],[12.21432,65.01631],[12.21118,65.01828],[12.21133,65.01917],[12.2101,65.02018]],[[12.01112,65.12178],[12.01115,65.11987],[12.00901,65.11862]],[[12.20274,65.02542],[12.20362,65.02422],[12.2101,65.02018]],[[12.18681,65.03227],[12.19286,65.02736],[12.192,65.02677],[12.19016,65.02741],[12.18821,65.02734],[12.18644,65.02588],[12.18923,65.02516],[12.19281,65.02521],[12.19046,65.02159],[12.19205,65.02084],[12.19512,65.02077],[12.19701,65.02115],[12.19735,65.01774],[12.19528,65.0156],[12.19297,65.01474],[12.18933,65.01154],[12.18866,65.0099],[12.18943,65.00874],[12.18643,65.00671],[12.1898,65.0034],[12.18918,65.00164],[12.18731,65.00013]],[[12.13141,65.04683],[12.13345,65.0469],[12.14001,65.04557],[12.14154,65.04569],[12.14236,65.04643],[12.14849,65.04559],[12.15156,65.04456],[12.15202,65.0439],[12.15026,65.04389],[12.15124,65.04343],[12.15582,65.04366],[12.1576,65.04492],[12.15971,65.04531],[12.16235,65.04509],[12.16486,65.04419],[12.16824,65.04437],[12.16842,65.04484],[12.16465,65.04514],[12.16219,65.04578],[12.16427,65.04669],[12.16712,65.04644],[12.16926,65.04547],[12.16956,65.04478],[12.17507,65.04266],[12.17527,65.04097],[12.1803,65.03927],[12.18218,65.03915],[12.18651,65.03698],[12.18776,65.03493],[12.18518,65.03486],[12.18485,65.03404],[12.18522,65.03276],[12.18681,65.03227]],[[12.19338,65.05291],[12.19784,65.05392],[12.20566,65.05425],[12.20973,65.05508],[12.21506,65.05681],[12.2204,65.05682],[12.23045,65.05868],[12.23641,65.05933]],[[12.19204,65.03237],[12.19145,65.03424],[12.18682,65.03818],[12.17641,65.04278],[12.17516,65.04364],[12.17424,65.04555],[12.17062,65.04815],[12.17131,65.04851],[12.1753,65.04877],[12.17662,65.04975],[12.17809,65.04878],[12.17925,65.04862],[12.18524,65.05053]],[[12.18524,65.05053],[12.19338,65.05291]],[[12.08843,65.05991],[12.09125,65.05927],[12.09375,65.05789],[12.09685,65.05731],[12.09982,65.05575],[12.10135,65.05623],[12.10227,65.05553],[12.11129,65.05211],[12.11858,65.05061],[12.11728,65.05025],[12.11824,65.04891],[12.11748,65.04779],[12.11129,65.04591],[12.10238,65.04408],[12.09596,65.04203],[12.09395,65.04105],[12.09454,65.0401],[12.09897,65.04067],[12.10265,65.04215],[12.10602,65.04246],[12.11086,65.04354],[12.12181,65.04443],[12.13141,65.04683]],[[12.13094,65.05119],[12.13558,65.05249],[12.14268,65.05224],[12.14782,65.05296],[12.1581,65.05369],[12.15679,65.05503],[12.15944,65.05512],[12.15889,65.05667],[12.15496,65.05703],[12.15279,65.05766],[12.15298,65.05795],[12.1579,65.058],[12.16111,65.05678],[12.16255,65.05747],[12.16771,65.05716],[12.16978,65.05539],[12.17194,65.05528],[12.17446,65.0546],[12.17873,65.05447],[12.18313,65.05535],[12.18774,65.0573],[12.19553,65.05936],[12.20422,65.06045],[12.21297,65.06057],[12.22217,65.0615],[12.23161,65.06296],[12.23591,65.06414]],[[12.07762,65.06347],[12.08205,65.06261],[12.08843,65.05991]],[[12.04683,65.06289],[12.04932,65.06371],[12.05027,65.06513],[12.04967,65.06579],[12.06054,65.06551],[12.06512,65.06498],[12.07322,65.06511],[12.0758,65.06446],[12.07762,65.06347]],[[12.02252,65.06997],[12.02867,65.06959],[12.02964,65.06988],[12.02946,65.07054],[12.03062,65.07069],[12.03161,65.07015],[12.03071,65.06947],[12.03478,65.06878],[12.03477,65.06796],[12.03787,65.06788],[12.04203,65.06857],[12.04966,65.06795],[12.0547,65.06869],[12.06081,65.06754],[12.07213,65.06746],[12.07631,65.067],[12.07709,65.06756],[12.08132,65.06755],[12.08177,65.07001],[12.08304,65.07009],[12.08576,65.06913],[12.08518,65.06844],[12.08589,65.06747],[12.08955,65.0655],[12.1035,65.062],[12.1038,65.06017],[12.10961,65.05768],[12.11736,65.05569],[12.12226,65.0531],[12.12713,65.05172],[12.13094,65.05119]],[[11.99478,65.06978],[12.00034,65.06979],[12.0007,65.07061],[12.01624,65.06984],[12.02252,65.06997]],[[12.44712,65.07984],[12.45141,65.08099],[12.45518,65.07959],[12.45298,65.07829]],[[12.28429,65.07897],[12.27737,65.07609],[12.27146,65.07491],[12.26721,65.07302],[12.25884,65.07044],[12.23591,65.06414]],[[12.12313,65.12352],[12.12319,65.12298]],[[12.32585,65.07972],[12.32321,65.07765],[12.32358,65.07576],[12.32583,65.07541],[12.3237,65.07223],[12.32395,65.07053],[12.32082,65.06828],[12.31512,65.06747],[12.31292,65.06669],[12.31148,65.06737],[12.30667,65.0677],[12.30328,65.06657],[12.29566,65.06639],[12.29385,65.0654],[12.29067,65.06494],[12.28581,65.06303],[12.2819,65.06217],[12.27852,65.06188],[12.27611,65.06068],[12.27327,65.06021],[12.27224,65.0607],[12.2711,65.06058],[12.26884,65.05947],[12.26814,65.05823],[12.2636,65.05647],[12.25644,65.05555],[12.25254,65.05437],[12.25041,65.05448],[12.24765,65.05527],[12.24571,65.05698],[12.24795,65.05836],[12.24875,65.0608],[12.24565,65.06079],[12.24156,65.05985],[12.23641,65.05933]],[[12.42192,65.0814],[12.42459,65.07902],[12.42831,65.07793],[12.43095,65.07589],[12.43526,65.07733],[12.44368,65.07697],[12.44558,65.07752],[12.44599,65.07912],[12.44712,65.07984]],[[12.46302,65.08211],[12.46185,65.081],[12.46319,65.08028],[12.46317,65.07968],[12.46029,65.07814]],[[12.46302,65.08211],[12.46407,65.08259],[12.46652,65.0826]],[[12.32585,65.07972],[12.33115,65.08193],[12.33344,65.08158],[12.33507,65.08208],[12.3387,65.08203],[12.34046,65.08235]],[[12.34046,65.08235],[12.34321,65.08301],[12.35325,65.08389],[12.35807,65.08486]],[[12.38595,65.08936],[12.38556,65.08882]],[[12.38797,65.0895],[12.39081,65.09098],[12.40338,65.0907],[12.41014,65.08955],[12.41172,65.08892],[12.41328,65.08692],[12.41905,65.08435],[12.41954,65.08256],[12.42192,65.0814]],[[12.35807,65.08486],[12.36084,65.08548],[12.36396,65.08451],[12.36608,65.0852],[12.36551,65.08974],[12.37073,65.09058],[12.3742,65.0896],[12.37729,65.08944],[12.3788,65.08985],[12.38003,65.09198],[12.38271,65.093],[12.38444,65.09347],[12.39022,65.09359],[12.39058,65.09249],[12.38748,65.0913],[12.38684,65.08973],[12.38595,65.08936]],[[12.33957,65.09122],[12.3325,65.08872],[12.32936,65.08864],[12.3276,65.08718],[12.3228,65.08622],[12.32087,65.08654],[12.31639,65.08627],[12.31575,65.08757],[12.31648,65.08882],[12.32653,65.093],[12.33183,65.09446],[12.3328,65.09404],[12.33273,65.09243],[12.33519,65.09249],[12.33928,65.09413]],[[12.03092,65.08884],[12.03063,65.08776],[12.0314,65.08746]],[[12.33928,65.09413],[12.34066,65.09513],[12.3425,65.09557],[12.34374,65.0954],[12.34149,65.09378],[12.341,65.09175],[12.33957,65.09122]],[[12.02023,65.09048],[12.02215,65.09056],[12.03015,65.09257],[12.03119,65.09204],[12.02964,65.09188],[12.02903,65.09128],[12.03092,65.08884]],[[11.99677,65.08832],[12.00219,65.08965],[12.00392,65.09104],[12.00721,65.09173],[12.00774,65.09414],[12.01162,65.09692],[12.01436,65.09814],[12.01677,65.09798],[12.01749,65.0975],[12.01662,65.09761],[12.01954,65.09619],[12.01394,65.0933],[12.01314,65.09176],[12.01503,65.09052],[12.01854,65.09078],[12.02023,65.09048]],[[12.44623,65.08914],[12.44157,65.08796],[12.43847,65.08762],[12.42879,65.09049],[12.42501,65.09047],[12.42213,65.09149],[12.42086,65.09256],[12.4224,65.09491],[12.42098,65.09537],[12.41912,65.09539],[12.4168,65.09447],[12.41306,65.09373],[12.4082,65.09396],[12.40523,65.09354],[12.40501,65.09601],[12.39974,65.09806],[12.39904,65.09885],[12.40168,65.09988],[12.41102,65.10143],[12.41489,65.10307],[12.41659,65.10298],[12.41888,65.10225],[12.42486,65.10171],[12.42852,65.10204],[12.4348,65.10477],[12.44449,65.10732]],[[12.44623,65.08914],[12.45018,65.08911],[12.45244,65.09158],[12.46298,65.0986],[12.46297,65.09929],[12.46499,65.10059],[12.4647,65.10169],[12.46895,65.10218],[12.46886,65.10321],[12.47015,65.10427],[12.47959,65.10798],[12.48202,65.10838],[12.48286,65.10748],[12.48499,65.10801],[12.48506,65.10733],[12.4815,65.10497],[12.48632,65.10403],[12.48839,65.10415],[12.49387,65.10556],[12.49587,65.10548],[12.49609,65.10455],[12.49441,65.10413],[12.49143,65.1017],[12.49262,65.09881],[12.49039,65.09615],[12.48727,65.09487],[12.48239,65.09471],[12.48103,65.09385],[12.48094,65.09299],[12.48451,65.09102],[12.48493,65.08972],[12.48253,65.08837],[12.48035,65.08782],[12.47986,65.08721],[12.48057,65.08652],[12.47943,65.08592],[12.47787,65.08539],[12.47281,65.0848],[12.46652,65.0826]],[[12.05681,65.10507],[12.05404,65.10767],[12.05422,65.10825],[12.05625,65.10922]],[[12.05681,65.10507],[12.05635,65.10353],[12.05786,65.10159],[12.06403,65.0966],[12.06401,65.09568],[12.0663,65.09295],[12.07175,65.08927],[12.0715,65.08877],[12.06937,65.08867],[12.06669,65.08784],[12.06312,65.08871],[12.06447,65.08576],[12.06343,65.08425],[12.06402,65.08305],[12.06342,65.08292],[12.06177,65.08366],[12.06111,65.08352],[12.06482,65.08145],[12.06789,65.0804],[12.06942,65.07906],[12.06584,65.07871],[12.0656,65.07832],[12.06333,65.07828],[12.06269,65.07689],[12.05925,65.07613],[12.05466,65.07605],[12.05246,65.07648],[12.0494,65.07789],[12.04849,65.07767],[12.04762,65.07655],[12.04247,65.07636],[12.04032,65.07738],[12.03952,65.07927],[12.03647,65.07984],[12.03606,65.0826],[12.03793,65.08484],[12.03933,65.08545],[12.03922,65.08641],[12.03283,65.08751],[12.0314,65.08746]],[[12.28429,65.07897],[12.28733,65.07963],[12.28942,65.07944],[12.29094,65.07979],[12.29278,65.08167],[12.30389,65.08534],[12.30747,65.08753],[12.31492,65.08937],[12.32204,65.09337],[12.32444,65.09542],[12.33053,65.09801],[12.33287,65.10005],[12.33193,65.10031],[12.33093,65.10241],[12.33246,65.10326],[12.33085,65.10431],[12.33191,65.10781],[12.331,65.10984],[12.33372,65.11162],[12.33754,65.11154]],[[11.99794,65.10504],[12.00669,65.10619],[12.00753,65.10556],[12.00831,65.10235],[12.01034,65.10159],[12.01022,65.10087],[12.00176,65.09593],[11.99207,65.09116]],[[12.33735,65.11343],[12.33996,65.11204],[12.33889,65.11129],[12.33754,65.11154]],[[12.06235,65.1132],[12.06064,65.11139],[12.05625,65.10922]],[[12.23207,65.10965],[12.23242,65.10934],[12.24117,65.10905],[12.24258,65.10933],[12.24372,65.1106],[12.24567,65.1114],[12.25052,65.11173],[12.25599,65.1139],[12.26278,65.1149],[12.26785,65.11644],[12.27425,65.11745],[12.27896,65.11596],[12.28241,65.11576],[12.28377,65.1159],[12.28539,65.11694],[12.29162,65.1179],[12.3096,65.11845],[12.31656,65.11538],[12.32091,65.11565],[12.32392,65.11491],[12.33069,65.1144],[12.33173,65.11333],[12.33371,65.11322],[12.3362,65.11367],[12.33735,65.11343]],[[12.09016,65.11819],[12.09025,65.11668],[12.09145,65.1158],[12.09445,65.11511],[12.09931,65.11524],[12.10028,65.11502],[12.10022,65.11434]],[[12.36317,65.12337],[12.36836,65.12186],[12.37346,65.12142]],[[12.37346,65.12142],[12.37604,65.12053],[12.38004,65.11782],[12.384,65.11722],[12.38864,65.11477],[12.39208,65.11611],[12.39535,65.1159],[12.39323,65.11332],[12.39417,65.11248],[12.39772,65.11186],[12.40846,65.1138],[12.41466,65.11659],[12.41902,65.11742],[12.4205,65.11849],[12.42837,65.11859],[12.43439,65.12101],[12.43874,65.12165],[12.44156,65.12161],[12.44306,65.12214]],[[12.01059,65.11337],[12.00612,65.112],[12.00152,65.11126],[11.99823,65.11104]],[[11.99707,65.11288],[12.00062,65.11342],[12.00502,65.11325],[12.01334,65.1154],[12.01349,65.115],[12.01059,65.11337]],[[12.25219,65.12064],[12.25428,65.12158]],[[12.10022,65.11434],[12.10141,65.11344],[12.10461,65.11343],[12.11326,65.11556],[12.11746,65.1162],[12.12235,65.11787],[12.12378,65.11755]],[[12.25219,65.12064],[12.24838,65.11885],[12.24487,65.11845],[12.24623,65.11803],[12.25045,65.11815],[12.24978,65.11768],[12.23988,65.11686],[12.24045,65.11681],[12.23781,65.11571],[12.23888,65.11525],[12.24266,65.11477],[12.24279,65.11366],[12.23261,65.11057]],[[12.13613,65.12111],[12.13996,65.12224],[12.14317,65.1226],[12.14504,65.12258],[12.14805,65.12168],[12.15137,65.12203],[12.15611,65.12154],[12.16154,65.12189],[12.16402,65.12164]],[[11.99879,65.1144],[12.00223,65.11435],[12.00513,65.11521],[12.00901,65.11862]],[[12.08959,65.12021],[12.09016,65.11819]],[[12.13613,65.12111],[12.13062,65.11813],[12.12529,65.11731],[12.12378,65.11755]],[[12.1679,65.12171],[12.16833,65.12133],[12.16747,65.12098],[12.16402,65.12164]],[[12.25869,65.1234],[12.25428,65.12158]],[[12.35269,65.12509],[12.35637,65.12407],[12.36317,65.12337]],[[12.45628,65.12688],[12.45238,65.1248],[12.44306,65.12214]],[[12.52445,65.12803],[12.52017,65.12555],[12.52225,65.12392],[12.51599,65.12022],[12.51035,65.11942],[12.50645,65.11838],[12.50803,65.12136],[12.50594,65.12313],[12.50185,65.12361],[12.49275,65.11896],[12.49251,65.11834],[12.49419,65.11724],[12.49098,65.1166],[12.48914,65.11543],[12.48515,65.11512],[12.48161,65.11386],[12.47881,65.11432],[12.47589,65.11426],[12.47377,65.11384],[12.45998,65.11321],[12.45008,65.11187],[12.44881,65.11123],[12.4488,65.10959],[12.44449,65.10732]],[[12.57207,65.1288],[12.57058,65.12839],[12.57041,65.12878]],[[12.12339,65.12112],[12.12047,65.12103],[12.11911,65.1214],[12.11988,65.12204],[12.12319,65.12298]],[[12.52445,65.12803],[12.52827,65.12868],[12.52878,65.12819],[12.5299,65.12812]],[[12.53068,65.12813],[12.53635,65.13016],[12.5379,65.13128],[12.54103,65.13243],[12.54308,65.13285],[12.54503,65.13267],[12.54864,65.13304]],[[12.33573,65.12962],[12.33801,65.12918],[12.33988,65.1281],[12.34867,65.12665],[12.35269,65.12509]],[[12.54864,65.13304],[12.55479,65.13362],[12.55683,65.13278],[12.55701,65.13202],[12.56206,65.13285],[12.5648,65.13228],[12.57044,65.13273],[12.56925,65.13009],[12.57043,65.13012],[12.57129,65.13095],[12.57265,65.1307],[12.57041,65.12878]],[[12.44204,65.13274],[12.4491,65.13331],[12.45365,65.13273],[12.46168,65.13083],[12.45993,65.12871],[12.45628,65.12688]],[[12.12339,65.12112],[12.13712,65.12463],[12.14506,65.12578],[12.14742,65.12696],[12.15629,65.12843],[12.15848,65.12764],[12.15967,65.12539],[12.1653,65.12467],[12.1679,65.12171]],[[12.55906,65.13438],[12.5576,65.13426],[12.557,65.1355],[12.55977,65.13611],[12.56118,65.13543],[12.55906,65.13438]],[[12.35678,65.17006],[12.35492,65.16762]],[[12.01112,65.12178],[12.01227,65.12413],[12.01613,65.12703]],[[12.32564,65.22975],[12.32466,65.23026],[12.32273,65.22969],[12.32197,65.23001],[12.32234,65.2306],[12.32547,65.23149]],[[12.25957,65.13105],[12.26443,65.132],[12.26253,65.12686],[12.26097,65.12562],[12.2607,65.12433],[12.25869,65.1234]],[[12.26015,65.13301],[12.25957,65.13105]],[[12.06664,65.11976],[12.07464,65.12541],[12.08158,65.12932],[12.08167,65.12983],[12.0796,65.13094],[12.08133,65.13237],[12.0851,65.13368],[12.08717,65.13285],[12.08644,65.13073],[12.09149,65.12487],[12.09145,65.1234],[12.08959,65.12021]],[[12.33573,65.12962],[12.32285,65.13137],[12.31668,65.13059],[12.3125,65.13254],[12.30965,65.13252],[12.30557,65.13142],[12.30211,65.13166],[12.30015,65.13226],[12.30276,65.13293],[12.3082,65.13307],[12.31194,65.13378],[12.3163,65.13611],[12.3278,65.13948],[12.33449,65.14198]],[[12.33449,65.14198],[12.33646,65.14239],[12.34056,65.14127],[12.34181,65.14007],[12.35113,65.13544],[12.35235,65.13395],[12.3545,65.13388],[12.35683,65.13459],[12.36047,65.13473],[12.36791,65.13207],[12.37233,65.13169],[12.37378,65.13121],[12.37466,65.13178],[12.37256,65.13304],[12.37259,65.13363],[12.37496,65.1335],[12.38054,65.1342],[12.38184,65.1338],[12.38223,65.13286],[12.38426,65.13171],[12.38613,65.13109],[12.38792,65.13085],[12.3918,65.1313],[12.39292,65.13229],[12.39413,65.1325],[12.40095,65.13089],[12.41828,65.12889],[12.41916,65.12845],[12.41898,65.12731],[12.42151,65.12691],[12.43032,65.1274],[12.43501,65.13077],[12.44204,65.13274]],[[12.44155,65.13791],[12.43583,65.13753],[12.4312,65.13872],[12.41839,65.13933],[12.4094,65.14178],[12.38311,65.14739]],[[12.58679,65.17008],[12.58499,65.16976],[12.58312,65.16844],[12.57447,65.16471],[12.57095,65.16386],[12.56896,65.16152],[12.56704,65.16033],[12.56047,65.15769],[12.54674,65.15361]],[[12.52808,65.14768],[12.53319,65.14846],[12.53592,65.14831]],[[12.12313,65.12352],[12.11614,65.12313],[12.11509,65.12347],[12.11518,65.12816],[12.11436,65.12856],[12.11258,65.12803],[12.11196,65.12843],[12.11118,65.12934],[12.1117,65.13195],[12.10858,65.13346],[12.10706,65.13525],[12.10701,65.13569],[12.11464,65.13995]],[[12.44155,65.13791],[12.45634,65.13786],[12.46023,65.13729],[12.46089,65.13668],[12.46244,65.13643],[12.46955,65.13793],[12.47053,65.13684],[12.47202,65.13681],[12.47283,65.13636],[12.47251,65.13458],[12.47456,65.13386],[12.47955,65.13435],[12.48742,65.13372],[12.49378,65.13386],[12.50843,65.13803],[12.51113,65.13987],[12.51321,65.14043],[12.51805,65.14057],[12.52307,65.14248],[12.52808,65.14768]],[[12.57207,65.1288],[12.57511,65.12945],[12.57719,65.13076],[12.58005,65.13177],[12.58272,65.13219],[12.58441,65.13174],[12.58695,65.13254],[12.58725,65.13316],[12.58608,65.13434],[12.58698,65.13576],[12.59063,65.13719],[12.59788,65.14314],[12.60494,65.14687],[12.60827,65.14776],[12.61267,65.1481],[12.61977,65.14967]],[[12.61977,65.14967],[12.62176,65.1505]],[[12.018,65.38821],[12.02012,65.38935],[12.02454,65.39009],[12.02265,65.38831]],[[12.03324,65.14724],[12.03268,65.14563],[12.02955,65.14341],[12.02611,65.14264],[12.02376,65.14115],[12.01816,65.13901],[12.01824,65.13867],[12.02143,65.138],[12.02642,65.13761],[12.02536,65.13536],[12.01613,65.12703]],[[12.53592,65.14831],[12.53669,65.14808],[12.53796,65.1483],[12.54103,65.14942],[12.54094,65.15196],[12.54674,65.15361]],[[12.65274,65.16154],[12.65728,65.16197],[12.65834,65.16177],[12.66501,65.15579],[12.66501,65.15448],[12.66316,65.15356],[12.66051,65.15311],[12.6593,65.15346],[12.65527,65.15781],[12.653,65.15859]],[[12.62176,65.1505],[12.62863,65.15359],[12.63077,65.15588],[12.63344,65.15668],[12.64032,65.15733],[12.64611,65.15948],[12.64956,65.15999],[12.65056,65.15992],[12.653,65.15859]],[[12.65274,65.16154],[12.65078,65.1609],[12.65132,65.16227],[12.6526,65.16312]],[[12.0244,65.15208],[12.02352,65.14876],[12.02427,65.14851],[12.02625,65.14853],[12.03254,65.15099],[12.03402,65.15101],[12.03324,65.14724]],[[12.11534,65.15021],[12.11527,65.15125],[12.11259,65.15168],[12.11305,65.1532],[12.11415,65.15366],[12.11559,65.15329],[12.11859,65.15379],[12.11978,65.15445]],[[12.11963,65.15588],[12.12046,65.15548],[12.11978,65.15445]],[[12.26368,65.75202],[12.26372,65.75389],[12.26524,65.75293],[12.26542,65.75205]],[[12.35492,65.16762],[12.35093,65.1605],[12.35084,65.15878],[12.35249,65.15734],[12.35413,65.15663],[12.35727,65.15618],[12.36197,65.15425],[12.3676,65.15289],[12.37178,65.15084],[12.37963,65.14802],[12.38311,65.14739]],[[12.59495,65.17256],[12.59095,65.17095],[12.58679,65.17008]],[[12.01831,65.16371],[12.01955,65.16191],[12.02259,65.16037],[12.02672,65.15564],[12.02588,65.15298],[12.0244,65.15208]],[[12.116,65.16562],[12.11613,65.16461],[12.11401,65.16365],[12.1143,65.16315],[12.1169,65.16223],[12.11676,65.16107],[12.11517,65.15948],[12.11534,65.15826],[12.11764,65.1586],[12.11937,65.15822]],[[12.27209,65.16652],[12.27213,65.16854]],[[12.28033,65.16869],[12.27967,65.16785],[12.27684,65.16646],[12.2734,65.16593]],[[12.28922,65.16885],[12.28372,65.16819],[12.2839,65.16875]],[[12.28954,65.16886],[12.29271,65.16846],[12.29404,65.16649],[12.2963,65.16619],[12.29865,65.1652],[12.30307,65.16184],[12.30283,65.16048],[12.29942,65.15777],[12.29667,65.15258],[12.2933,65.15101],[12.28964,65.1469],[12.28278,65.14382],[12.28396,65.14352],[12.28832,65.14474],[12.2919,65.14467],[12.29295,65.14496],[12.29462,65.14444],[12.29481,65.14395],[12.29206,65.14361],[12.29114,65.14283],[12.28558,65.14189],[12.2794,65.14146],[12.27299,65.14049],[12.27016,65.13943],[12.26523,65.13619],[12.26207,65.13484],[12.26015,65.13301]],[[12.60117,65.17416],[12.59495,65.17256]],[[12.67376,65.1753],[12.67222,65.17402],[12.66664,65.17308],[12.66432,65.17208],[12.66352,65.1703],[12.66022,65.16823],[12.65822,65.16568],[12.6526,65.16312]],[[12.43421,65.21381],[12.43568,65.21373],[12.43428,65.21315]],[[12.28033,65.16869],[12.28142,65.16969],[12.28387,65.1696],[12.2839,65.16875]],[[12.116,65.16562],[12.11657,65.16707]],[[11.99617,65.16759],[12.00358,65.16686],[12.00943,65.16699],[12.01167,65.16666]],[[12.67376,65.1753],[12.67489,65.17685],[12.67988,65.17951],[12.68195,65.18046],[12.68602,65.18119],[12.68574,65.1824],[12.68886,65.18422],[12.6924,65.18452]],[[12.11657,65.16707],[12.11498,65.16979],[12.11449,65.17439],[12.11259,65.17515],[12.11135,65.17526],[12.11034,65.17487],[12.1097,65.17592],[12.11049,65.17704],[12.11226,65.17734],[12.11298,65.17796],[12.11208,65.17914],[12.11259,65.18008],[12.11546,65.18088]],[[12.3479,65.17426],[12.34554,65.17353],[12.34031,65.17339],[12.3369,65.17722],[12.33639,65.17909],[12.34095,65.17941]],[[12.60117,65.17416],[12.61084,65.17616],[12.62205,65.18086],[12.62439,65.18273],[12.63033,65.18519],[12.63861,65.18732],[12.64828,65.18897],[12.65031,65.18898]],[[12.34095,65.17941],[12.34108,65.18053],[12.33945,65.18029],[12.33507,65.18068],[12.33264,65.18277],[12.33027,65.1839]],[[12.43713,65.18366],[12.43534,65.18283],[12.43325,65.18289],[12.43687,65.18631]],[[12.43678,65.18729],[12.43687,65.18631]],[[12.6924,65.18452],[12.69887,65.18809],[12.70272,65.18946],[12.70793,65.19222]],[[12.11659,65.18384],[12.11942,65.18388],[12.1185,65.18273],[12.1168,65.18193]],[[12.11648,65.18382],[12.11483,65.1835],[12.11334,65.18249],[12.11128,65.18228],[12.11146,65.18434],[12.11624,65.187]],[[12.35678,65.17006],[12.358,65.17124],[12.36117,65.17233],[12.36365,65.17546],[12.36761,65.17726],[12.37056,65.17973],[12.38107,65.18263],[12.38362,65.184],[12.38967,65.185],[12.39369,65.18518],[12.39674,65.18603],[12.40115,65.18859],[12.41054,65.18905],[12.41397,65.19088],[12.41333,65.19267],[12.41512,65.19289],[12.41636,65.19189],[12.41602,65.19024],[12.41422,65.18892],[12.41811,65.18922],[12.42073,65.18843],[12.42497,65.1895],[12.43173,65.18906],[12.43331,65.18928],[12.4342,65.18891],[12.43234,65.18809],[12.43404,65.18807],[12.43678,65.18729]],[[12.38376,65.19383],[12.38371,65.19185],[12.38225,65.19093],[12.37903,65.19039],[12.37971,65.18966],[12.38334,65.18959],[12.38206,65.18844],[12.37855,65.18883],[12.37325,65.19129],[12.37148,65.19141],[12.37463,65.19328],[12.37692,65.19336],[12.37972,65.19218],[12.3801,65.1936],[12.3823,65.1942],[12.38376,65.19383]],[[12.11624,65.187],[12.12097,65.18854],[12.12394,65.1908],[12.12575,65.19062],[12.12755,65.18974],[12.13829,65.19094]],[[12.14828,65.19192],[12.14036,65.19193],[12.13829,65.19094]],[[12.33027,65.1839],[12.32758,65.18479],[12.32619,65.18471],[12.32511,65.18533],[12.32569,65.18582],[12.32862,65.18611],[12.32511,65.19202],[12.32633,65.19439],[12.3291,65.19553]],[[12.0416,65.20907],[12.04101,65.20797],[12.03873,65.20643],[12.03606,65.20653],[12.03268,65.20611],[12.01994,65.20321]],[[12.70793,65.19222],[12.70965,65.19327],[12.71227,65.19373],[12.71871,65.19587],[12.72479,65.19641],[12.72827,65.19724],[12.73287,65.19776],[12.7363,65.19877],[12.74624,65.20329],[12.75579,65.20508]],[[12.3291,65.19553],[12.33186,65.19593],[12.33725,65.19518],[12.33925,65.19565],[12.339,65.19676],[12.34048,65.1985],[12.34407,65.19899],[12.34854,65.20122],[12.35559,65.2004],[12.35591,65.19923],[12.35462,65.19818],[12.35703,65.19804],[12.36376,65.19594],[12.36909,65.19545],[12.36589,65.19408],[12.36552,65.192],[12.36989,65.1914],[12.36998,65.19096],[12.36314,65.18566],[12.36377,65.18351],[12.36968,65.18376],[12.37003,65.18347],[12.36749,65.18215],[12.36034,65.17973],[12.35218,65.17807],[12.35161,65.17685],[12.35303,65.17618],[12.35124,65.17518],[12.3479,65.17426]],[[12.24094,65.20086],[12.24121,65.20071]],[[12.31279,65.2048],[12.31184,65.20392],[12.30756,65.20236],[12.3088,65.19975],[12.30986,65.19907],[12.31348,65.19978],[12.31387,65.20023],[12.31278,65.20072],[12.31474,65.20149],[12.31607,65.20152],[12.31778,65.20047],[12.31913,65.2006],[12.32152,65.20256],[12.32151,65.20339],[12.32441,65.20387],[12.32526,65.20292],[12.32832,65.20324]],[[12.24121,65.20071],[12.24396,65.20064],[12.24446,65.20128],[12.2451,65.20125],[12.24588,65.19953],[12.24731,65.19847],[12.24826,65.19845],[12.25054,65.19965],[12.25191,65.1993],[12.25358,65.19621],[12.25109,65.19455],[12.25052,65.19282],[12.25183,65.19267],[12.25759,65.19439],[12.26105,65.19491],[12.26143,65.19274],[12.26232,65.19236],[12.26364,65.19258],[12.26618,65.1912],[12.267,65.18893],[12.26624,65.18731],[12.26684,65.18702],[12.26824,65.18724],[12.26889,65.18668],[12.26829,65.1857],[12.26899,65.18281],[12.26588,65.17893],[12.26793,65.17824],[12.26947,65.17834],[12.2732,65.18026],[12.27431,65.17975],[12.27312,65.17749],[12.27353,65.17216],[12.27213,65.16854]],[[12.32801,65.20629],[12.33028,65.20544],[12.32968,65.20454],[12.33358,65.20399],[12.33092,65.20326],[12.32832,65.20324]],[[12.20034,65.21212],[12.20379,65.21309],[12.20968,65.21369],[12.2128,65.21361],[12.21616,65.21301],[12.21859,65.21327],[12.22039,65.21286]],[[12.00894,65.20843],[12.01278,65.20999],[12.01439,65.20971],[12.01429,65.20868]],[[12.43479,65.20781],[12.43872,65.20871],[12.44232,65.21012],[12.44271,65.20988],[12.43952,65.20803],[12.43983,65.20768],[12.44966,65.20756],[12.45367,65.20843],[12.45728,65.20861],[12.4571,65.20548],[12.46367,65.20555],[12.46428,65.2039],[12.46592,65.20417],[12.4673,65.20358],[12.46531,65.20182],[12.46857,65.20159],[12.46909,65.2012],[12.46801,65.19976],[12.46605,65.19928],[12.46699,65.19849],[12.46806,65.19841],[12.47306,65.19986],[12.47304,65.19935],[12.4748,65.19904],[12.4757,65.19955],[12.47851,65.19898],[12.47745,65.19819],[12.4775,65.19694],[12.47897,65.19655],[12.47885,65.19616],[12.47734,65.19575],[12.47502,65.19631],[12.47416,65.1958],[12.47562,65.19483],[12.47764,65.19445],[12.47886,65.19457],[12.47966,65.196],[12.48282,65.19577],[12.48475,65.19681],[12.48588,65.1968],[12.48678,65.1959],[12.49091,65.1964],[12.49299,65.19809],[12.49473,65.19863],[12.49698,65.19864],[12.49726,65.1992],[12.49577,65.19949],[12.4975,65.20014],[12.49844,65.19962],[12.50319,65.1996],[12.50388,65.19779],[12.51135,65.19612],[12.5108,65.19491],[12.50158,65.1929],[12.49535,65.19269],[12.48971,65.19025],[12.48635,65.19],[12.48526,65.19046],[12.48385,65.19037],[12.4808,65.18871],[12.47373,65.18626],[12.46044,65.18467],[12.45468,65.18312],[12.4532,65.18396],[12.45044,65.18462],[12.45079,65.18513],[12.44966,65.18588],[12.44758,65.18642],[12.44568,65.1863],[12.44238,65.18596],[12.43713,65.18366]],[[12.43479,65.20781],[12.43217,65.20751],[12.42803,65.20763],[12.42494,65.20822],[12.4239,65.20907],[12.42551,65.21044],[12.42696,65.21046],[12.43428,65.21315]],[[12.32747,65.21171],[12.32986,65.21053],[12.33174,65.2084],[12.33089,65.20772],[12.32793,65.20711]],[[12.75579,65.20508],[12.75884,65.20625],[12.76166,65.20952],[12.76413,65.21102],[12.7692,65.21091],[12.76943,65.21129],[12.76756,65.21206],[12.76752,65.21361],[12.77076,65.21477],[12.77346,65.21747],[12.77958,65.21942],[12.78167,65.21861],[12.78221,65.21633],[12.78376,65.21505],[12.78522,65.21242]],[[12.31279,65.2048],[12.31264,65.20549],[12.31089,65.20587],[12.3105,65.20674],[12.31328,65.20815],[12.31337,65.20906],[12.31244,65.20934],[12.30972,65.2091],[12.3097,65.21007],[12.31101,65.21145],[12.31054,65.21178],[12.30912,65.21157],[12.30792,65.21209],[12.31026,65.2133]],[[12.01994,65.20321],[12.01466,65.20271],[12.01321,65.20308],[12.01427,65.20853]],[[12.20034,65.21212],[12.19508,65.21006],[12.19182,65.20951],[12.18447,65.20707],[12.18302,65.20685],[12.18148,65.20727],[12.18006,65.20688],[12.17819,65.20567],[12.1784,65.20474],[12.16747,65.20269],[12.16432,65.20132],[12.16003,65.2005],[12.15901,65.19912],[12.15997,65.19801],[12.15846,65.1974],[12.15519,65.19736],[12.15479,65.19635],[12.15289,65.1965],[12.15076,65.19614],[12.15071,65.19558],[12.15233,65.19523],[12.15251,65.19443],[12.15041,65.19333],[12.14994,65.19234]],[[12.22624,65.2126],[12.22221,65.21252]],[[12.22934,65.21265],[12.23126,65.2124],[12.23156,65.21201],[12.23151,65.21116],[12.22989,65.20979],[12.23027,65.20864],[12.23446,65.20756],[12.23685,65.20544],[12.24077,65.20412],[12.24094,65.20086]],[[12.3108,65.21413],[12.31026,65.2133]],[[12.43151,65.21625],[12.42682,65.21408],[12.42734,65.21304],[12.43106,65.21295],[12.43421,65.21381]],[[12.74044,65.22121],[12.73624,65.21967],[12.72984,65.2152],[12.72727,65.21476],[12.72299,65.21295],[12.7185,65.21037],[12.71574,65.21055],[12.71328,65.2099],[12.70259,65.20516],[12.69344,65.20302],[12.68869,65.20019],[12.68135,65.19723],[12.67731,65.19624],[12.67216,65.19614],[12.66832,65.19553],[12.66211,65.19165],[12.65968,65.19056],[12.65723,65.19007],[12.6553,65.18891],[12.65031,65.18898]],[[12.79068,65.22195],[12.79237,65.22157],[12.79357,65.22074],[12.79537,65.21358],[12.79421,65.21281],[12.79174,65.21236],[12.78789,65.21252]],[[12.22039,65.21286],[12.22221,65.21252]],[[12.32547,65.23149],[12.32979,65.23115],[12.32889,65.23032],[12.32564,65.22975]],[[12.3108,65.21413],[12.31204,65.2172],[12.31601,65.21964],[12.31876,65.2183],[12.32016,65.21826],[12.32395,65.21679],[12.32632,65.21441]],[[12.05075,65.20956],[12.04565,65.2121],[12.04185,65.21529]],[[12.74044,65.22121],[12.74484,65.22248],[12.7538,65.22856]],[[12.37957,65.22633],[12.37622,65.22565],[12.37098,65.22316],[12.36987,65.22326],[12.37011,65.22382],[12.36878,65.22422],[12.36572,65.2243],[12.36243,65.22392]],[[12.43284,65.22794],[12.43427,65.22774],[12.43612,65.22405],[12.44033,65.22289],[12.44203,65.22302],[12.44463,65.22246],[12.44564,65.22099],[12.44459,65.22015],[12.44265,65.21985],[12.43873,65.21772],[12.43392,65.21679]],[[12.12896,65.2243],[12.12713,65.22379],[12.12479,65.22457],[12.12289,65.22398],[12.12075,65.22243],[12.11493,65.22274],[12.11251,65.22123]],[[12.04185,65.21529],[12.04012,65.21673],[12.04329,65.21642],[12.04435,65.21781],[12.04894,65.21872],[12.05139,65.22144],[12.05308,65.22117],[12.05686,65.2214],[12.06153,65.22195],[12.06397,65.22264],[12.06606,65.22505],[12.0686,65.22668]],[[12.43284,65.22794],[12.42849,65.22856],[12.4285,65.23021],[12.42329,65.23092],[12.42567,65.23176],[12.42624,65.2326],[12.42459,65.2343],[12.41631,65.23253],[12.40124,65.23152],[12.39555,65.22856],[12.39402,65.22574],[12.3904,65.22563],[12.38673,65.22496],[12.37957,65.22633]],[[12.29131,65.22682],[12.28987,65.22635],[12.2873,65.22645],[12.2855,65.22768],[12.28622,65.22905],[12.29079,65.23171],[12.29211,65.23211],[12.29686,65.23231],[12.3004,65.23203],[12.30059,65.23162],[12.29889,65.23115],[12.29592,65.23098],[12.29504,65.22959],[12.29562,65.2281],[12.29131,65.22682]],[[12.30227,65.2338],[12.30128,65.23295],[12.29354,65.23322],[12.29625,65.23388],[12.29845,65.2336],[12.30172,65.23451],[12.30227,65.2338]],[[12.31431,65.25909],[12.31564,65.25912]],[[12.1631,65.23312],[12.15723,65.22984],[12.15473,65.22954],[12.15174,65.22992],[12.1519,65.23063],[12.15105,65.23084],[12.14938,65.23083],[12.14743,65.23006],[12.13857,65.23074],[12.13316,65.22811],[12.13099,65.22649],[12.13019,65.22477],[12.12896,65.2243]],[[12.29602,65.25741],[12.29793,65.25784],[12.30487,65.25746],[12.30925,65.25773],[12.31126,65.25827],[12.3106,65.25903]],[[12.06653,65.29936],[12.06471,65.29872],[12.06376,65.29931]],[[12.01932,65.23304],[12.02067,65.23237],[12.02038,65.231],[12.02181,65.23054],[12.02419,65.23063],[12.02855,65.22907],[12.028,65.22566],[12.03298,65.22246],[12.03295,65.2206],[12.03438,65.22021],[12.03488,65.2194],[12.0349,65.21855],[12.03357,65.21839],[12.03335,65.21801],[12.03659,65.21583],[12.04015,65.21436],[12.0416,65.20907]],[[12.0686,65.22668],[12.06834,65.22779],[12.07278,65.2307],[12.07634,65.23056],[12.07875,65.23086],[12.07972,65.23225],[12.0819,65.23131],[12.0832,65.23125],[12.08415,65.23211],[12.08954,65.23253],[12.09663,65.23601],[12.09876,65.23632],[12.10101,65.23604]],[[12.01863,65.2351],[12.01932,65.23304]],[[12.32478,65.23825],[12.32244,65.23845],[12.31961,65.23727],[12.3153,65.23709],[12.31307,65.23813],[12.31502,65.23879],[12.32095,65.23883],[12.32344,65.24009],[12.32445,65.24152]],[[12.09415,65.24136],[12.09919,65.24082],[12.09893,65.24045],[12.09612,65.24034],[12.09374,65.23939],[12.09556,65.23875],[12.10182,65.23841],[12.10254,65.23676],[12.10176,65.23604],[12.10101,65.23604]],[[12.12389,65.2856],[12.12855,65.28541],[12.13238,65.28434],[12.13363,65.2836],[12.13396,65.28247],[12.13555,65.28257],[12.13615,65.28224],[12.13356,65.28177]],[[11.99572,65.23976],[12.00235,65.24028],[12.00338,65.24005]],[[12.00338,65.24005],[12.00457,65.23913],[12.00755,65.23922],[12.00995,65.2396],[12.01199,65.24072],[12.01501,65.24081],[12.01914,65.23714],[12.01863,65.2351]],[[12.36243,65.22392],[12.35829,65.22246],[12.35704,65.22111],[12.35228,65.22103],[12.3486,65.2232],[12.34529,65.22284],[12.34344,65.22326],[12.34003,65.22756],[12.33811,65.22809],[12.33512,65.2277],[12.33413,65.229],[12.33582,65.23062],[12.33907,65.23144],[12.33986,65.23302],[12.33913,65.23327],[12.33705,65.23308],[12.33502,65.23237],[12.33348,65.23246],[12.33375,65.23286],[12.3395,65.23472],[12.34129,65.23493],[12.3471,65.23429],[12.35252,65.23467],[12.35464,65.23611],[12.35854,65.23715],[12.3589,65.2378],[12.35778,65.23921],[12.3613,65.24086],[12.37255,65.24374],[12.37461,65.24503],[12.38234,65.24729],[12.38936,65.24768],[12.39166,65.24734],[12.39788,65.24822],[12.40256,65.24939],[12.40968,65.24956],[12.41308,65.25014],[12.4175,65.24808],[12.41944,65.24886],[12.42417,65.24808],[12.42594,65.24814],[12.43077,65.24924]],[[12.43059,65.25113],[12.43408,65.2502],[12.43882,65.24986],[12.43942,65.24933],[12.43761,65.24857],[12.43469,65.24874],[12.43209,65.2496],[12.43077,65.24924]],[[12.42915,65.26592],[12.43279,65.26668],[12.43777,65.26663],[12.43796,65.26635],[12.43529,65.26546],[12.43606,65.26476],[12.44345,65.26349],[12.44948,65.26144]],[[12.10836,65.25925],[12.10438,65.26095],[12.10808,65.2618]],[[12.96042,65.32409],[12.95275,65.32807],[12.95153,65.32842],[12.94955,65.32832]],[[12.32445,65.24152],[12.32754,65.24201],[12.32592,65.2437],[12.32838,65.24553],[12.33132,65.24653],[12.33363,65.24652],[12.33535,65.24698],[12.33759,65.24813],[12.3389,65.24801],[12.33915,65.24711],[12.3383,65.24648],[12.33658,65.24617],[12.33595,65.24534],[12.33621,65.24482],[12.33772,65.24451],[12.34193,65.24504],[12.34308,65.24637],[12.35056,65.2488],[12.35842,65.24922],[12.36157,65.25007],[12.36859,65.24926],[12.37292,65.24802],[12.37215,65.24718],[12.3674,65.24563],[12.36455,65.24529],[12.35299,65.24183],[12.34524,65.24046],[12.34207,65.23926],[12.33789,65.23853],[12.33535,65.23766],[12.3343,65.23773],[12.33336,65.23862],[12.33391,65.23903],[12.33304,65.2394],[12.32478,65.23825]],[[12.09415,65.24136],[12.09109,65.24172],[12.08934,65.24236],[12.08971,65.24444],[12.09634,65.24516]],[[12.10006,65.24646],[12.10017,65.24524],[12.09634,65.24516]],[[12.43059,65.25113],[12.42541,65.25064],[12.4222,65.25192],[12.42443,65.25305],[12.42057,65.25357],[12.41239,65.25247],[12.4066,65.25225],[12.40219,65.25312],[12.40129,65.25491],[12.40339,65.25609],[12.40543,65.25597],[12.4101,65.2571],[12.40996,65.2579],[12.4141,65.25901],[12.41774,65.25836],[12.42312,65.25858],[12.43017,65.25549]],[[12.10006,65.24646],[12.09892,65.24776],[12.1002,65.24877],[12.10026,65.24969],[12.09829,65.25054],[12.09765,65.25138],[12.09906,65.25209],[12.10155,65.25214],[12.10049,65.25358],[12.10546,65.25361],[12.10749,65.25242],[12.10906,65.25279]],[[12.2994,65.2549],[12.29362,65.25585],[12.29602,65.25741]],[[12.10906,65.25279],[12.11317,65.25268],[12.11422,65.25343],[12.11317,65.25434],[12.115,65.25479]],[[12.22756,65.25752],[12.22354,65.25471],[12.21639,65.25088]],[[12.42397,65.31905],[12.42403,65.31843]],[[12.31431,65.25909],[12.31338,65.25845],[12.31453,65.25547],[12.30981,65.25334],[12.30527,65.25338],[12.30368,65.25282],[12.3039,65.25235],[12.30664,65.25234],[12.30785,65.25195],[12.30838,65.25087],[12.29718,65.24574],[12.29569,65.24453],[12.29286,65.24406],[12.29091,65.24325],[12.29055,65.24286],[12.29225,65.24123],[12.29172,65.23913],[12.28686,65.23622],[12.28595,65.23381],[12.28127,65.23168],[12.27615,65.2273],[12.2704,65.22717],[12.26065,65.22846],[12.25483,65.22818],[12.25158,65.22905],[12.25005,65.23031],[12.25006,65.23106],[12.2512,65.23696],[12.25228,65.23766],[12.26024,65.23957],[12.26099,65.24067],[12.26326,65.24187],[12.27061,65.24288],[12.27812,65.24585],[12.27963,65.2483],[12.28235,65.25052],[12.28988,65.25342],[12.29072,65.25349],[12.29323,65.25245],[12.29382,65.25135],[12.29991,65.25122],[12.29969,65.25192],[12.29705,65.25296],[12.29914,65.25324],[12.29864,65.25399],[12.2998,65.25451],[12.2994,65.2549]],[[12.31564,65.25912],[12.31902,65.25721],[12.32293,65.25658]],[[12.34503,65.25964],[12.34056,65.25823],[12.33511,65.25725],[12.32765,65.25648],[12.32765,65.25674],[12.32293,65.25658]],[[12.36733,65.26003],[12.36631,65.25956],[12.36555,65.26]],[[12.38859,65.2604],[12.38732,65.25866],[12.38512,65.25785],[12.38099,65.25763],[12.37679,65.25682],[12.37136,65.25665],[12.3713,65.25736],[12.36867,65.25776],[12.3689,65.25832],[12.37071,65.25826],[12.37301,65.25756],[12.37543,65.25779],[12.37578,65.25814],[12.37565,65.25983],[12.37346,65.25978],[12.37325,65.26013]],[[12.40706,65.26072],[12.40522,65.25987],[12.40281,65.25959],[12.40208,65.25845],[12.40016,65.2577],[12.39598,65.25869],[12.39587,65.26009],[12.39691,65.26054]],[[12.44948,65.26144],[12.45002,65.25985],[12.4417,65.26094],[12.43988,65.25995],[12.44021,65.2588],[12.44145,65.25835],[12.45231,65.25845],[12.46036,65.25792],[12.46186,65.25769],[12.46212,65.257],[12.46004,65.25592],[12.45819,65.25561],[12.4513,65.25613],[12.45019,65.25545],[12.44607,65.25556],[12.43886,65.25476],[12.43891,65.25386],[12.43992,65.2535],[12.44423,65.25335],[12.4404,65.25228],[12.43851,65.25263],[12.43554,65.25256],[12.43461,65.2543],[12.43117,65.25495],[12.43017,65.25549]],[[12.00818,65.25953],[12.00537,65.25768],[12.00376,65.25791],[12.0042,65.25919],[12.00542,65.25933],[12.00638,65.26011],[12.00825,65.25988],[12.00818,65.25953]],[[12.3106,65.25903],[12.31062,65.26172],[12.31378,65.26175],[12.31581,65.26502],[12.32191,65.26666]],[[12.42915,65.26592],[12.42602,65.26576],[12.42369,65.26688],[12.42438,65.26752],[12.42886,65.26886]],[[12.81953,65.26726],[12.81854,65.26647],[12.81539,65.26678],[12.81289,65.26435],[12.8108,65.26421],[12.8088,65.26345],[12.80683,65.26071],[12.80788,65.25903],[12.80595,65.25723],[12.80417,65.25654],[12.80205,65.25433],[12.79937,65.25355],[12.79571,65.25173],[12.79078,65.2504],[12.78614,65.24973],[12.78513,65.24858],[12.7839,65.24835],[12.78364,65.2467],[12.78049,65.24591],[12.77859,65.2444],[12.77591,65.24368],[12.77501,65.24274],[12.77157,65.24217],[12.76594,65.23955],[12.76125,65.23583],[12.76009,65.23352],[12.75801,65.23253],[12.7538,65.22856]],[[12.84877,65.26768],[12.84102,65.26189],[12.83888,65.25811],[12.82879,65.25261],[12.82957,65.25138],[12.82858,65.2505],[12.82493,65.2491],[12.8232,65.24749],[12.81552,65.24574],[12.81352,65.24456],[12.81148,65.24246],[12.81144,65.24153],[12.8086,65.23955],[12.80822,65.23729],[12.80225,65.23384],[12.7982,65.23221],[12.79039,65.22245],[12.79068,65.22195]],[[12.4329,65.26116],[12.43245,65.26186],[12.4374,65.26235],[12.43936,65.26205],[12.43916,65.26127]],[[12.85733,65.27136],[12.85851,65.27099],[12.85741,65.27029]],[[12.11545,65.25541],[12.11441,65.25678],[12.11681,65.25706],[12.11451,65.25757]],[[12.38859,65.2604],[12.3946,65.26312],[12.39697,65.26222],[12.40085,65.2625],[12.40008,65.2611],[12.39889,65.26062],[12.39691,65.26054]],[[12.11142,65.25798],[12.11451,65.25757]],[[12.10836,65.25925],[12.11142,65.25798]],[[12.36555,65.26],[12.35869,65.26122],[12.35675,65.26085],[12.35632,65.26117],[12.35964,65.26205],[12.36198,65.2622],[12.3637,65.26177],[12.36862,65.26336],[12.3753,65.26424],[12.37887,65.26437],[12.38119,65.26395],[12.3797,65.26275],[12.37544,65.26139],[12.37115,65.26044],[12.3677,65.26034],[12.36733,65.26003]],[[12.85733,65.27136],[12.85667,65.2721],[12.85716,65.27337]],[[12.34503,65.25964],[12.34964,65.26098],[12.35692,65.26564],[12.36152,65.26743],[12.36219,65.26729],[12.36094,65.26549],[12.36134,65.26425],[12.36547,65.265],[12.36535,65.2659],[12.36643,65.26644],[12.37257,65.26643],[12.37644,65.26695],[12.37974,65.26876],[12.38177,65.26815],[12.38311,65.26631],[12.38422,65.26661],[12.38298,65.26736],[12.3849,65.26863],[12.38915,65.26896],[12.38952,65.26816],[12.39262,65.26852],[12.39178,65.26762],[12.38307,65.26507],[12.38428,65.26338],[12.38068,65.26258],[12.37799,65.26108],[12.37561,65.26094],[12.37325,65.26013]],[[12.40706,65.26072],[12.40932,65.26233],[12.40924,65.26306],[12.4082,65.26338],[12.41099,65.26464],[12.40919,65.26468],[12.40662,65.2637],[12.40522,65.26444],[12.41115,65.26597],[12.4139,65.26804],[12.41921,65.2684],[12.4287,65.27059]],[[12.4287,65.27059],[12.43089,65.26968],[12.4305,65.26921],[12.42886,65.26886]],[[12.81953,65.26726],[12.81964,65.26783],[12.82129,65.2683],[12.82268,65.26804],[12.82499,65.26942],[12.82735,65.27177],[12.82779,65.27471],[12.82996,65.27696]],[[12.10802,65.26233],[12.10285,65.26387],[12.10486,65.26516],[12.10764,65.26579]],[[12.12829,65.26984],[12.1261,65.26972],[12.1215,65.27065],[12.1195,65.27042],[12.12031,65.26784],[12.11146,65.26824],[12.11222,65.26759],[12.10867,65.26745],[12.11012,65.26638],[12.10799,65.26582]],[[12.53756,65.89424],[12.54128,65.8945],[12.54281,65.89395],[12.54155,65.89252],[12.53865,65.89247],[12.53577,65.89131]],[[12.01217,65.2668],[12.00794,65.26462],[12.00508,65.26424],[12.00518,65.2649],[12.00685,65.26524],[12.00634,65.26638],[12.00707,65.26747],[12.00996,65.26818],[12.01132,65.26984],[12.01628,65.27093],[12.01466,65.26847],[12.01217,65.2668]],[[12.12304,65.27468],[12.12293,65.27437],[12.11876,65.27454],[12.11656,65.27419],[12.1167,65.27317],[12.11838,65.27234],[12.1234,65.27137],[12.12646,65.27142],[12.12961,65.27032],[12.12908,65.26996]],[[12.01697,65.26415],[12.01305,65.2641],[12.01205,65.26482],[12.01468,65.26682],[12.01727,65.27011],[12.01915,65.27061],[12.02186,65.27314],[12.02445,65.27327],[12.02497,65.27298],[12.02399,65.27079],[12.01697,65.26415]],[[12.034,65.27057],[12.0346,65.26881],[12.03324,65.26757],[12.02445,65.26481],[12.02322,65.26486],[12.02293,65.26604],[12.02503,65.26778],[12.02705,65.26875],[12.03143,65.26958],[12.0283,65.26963],[12.02554,65.26888],[12.0245,65.26895],[12.0278,65.27266],[12.03221,65.27351],[12.03283,65.27471],[12.03426,65.27523],[12.03543,65.27211],[12.034,65.27057]],[[12.85805,65.27422],[12.86137,65.27601],[12.87586,65.28141],[12.87961,65.28203],[12.89018,65.28761],[12.89094,65.28821],[12.89026,65.28873],[12.89117,65.28925],[12.89349,65.28977],[12.89544,65.2895]],[[12.82996,65.27696],[12.83257,65.28008],[12.83596,65.27921],[12.83825,65.28173],[12.84149,65.28193],[12.84785,65.28543],[12.85396,65.28737],[12.85587,65.28929]],[[12.01943,65.27517],[12.01924,65.27278],[12.01774,65.27202],[12.01424,65.27093],[12.01018,65.27159],[12.01003,65.27045],[12.00753,65.26989],[12.00692,65.27094],[12.00874,65.27301],[12.01475,65.27506],[12.0186,65.27543],[12.01943,65.27517]],[[12.12304,65.27468],[12.12038,65.27575],[12.12172,65.27733],[12.12527,65.27877]],[[12.01512,65.27642],[12.01245,65.27597],[12.01144,65.27752],[12.01453,65.27808],[12.01737,65.27778],[12.01709,65.27714],[12.01512,65.27642]],[[12.0261,65.27774],[12.02444,65.27758],[12.02608,65.27715],[12.02757,65.27738],[12.02757,65.27635],[12.0288,65.27547],[12.02725,65.2739],[12.0247,65.27351],[12.02286,65.27376],[12.02174,65.27447],[12.02175,65.27516],[12.02428,65.27596],[12.02341,65.27628],[12.02206,65.27581],[12.02227,65.27746],[12.02458,65.27883],[12.02571,65.27857],[12.0261,65.27774]],[[12.26475,65.28345],[12.26821,65.28066]],[[12.12527,65.27877],[12.12673,65.28031],[12.13356,65.28177]],[[12.10579,65.28267],[12.10447,65.28292],[12.10413,65.28353],[12.10558,65.28455]],[[12.86731,65.29744],[12.86573,65.2969],[12.86556,65.29522],[12.86228,65.29395],[12.86003,65.29154],[12.85782,65.29094],[12.85587,65.28929]],[[12.10579,65.28267],[12.10759,65.28282],[12.10896,65.28427],[12.11106,65.28468],[12.11197,65.28449],[12.11203,65.28377],[12.11344,65.28355],[12.11689,65.28443],[12.12044,65.28457],[12.12389,65.2856]],[[12.10558,65.28455],[12.10884,65.28484],[12.11361,65.28587],[12.11612,65.28722],[12.11936,65.28819],[12.12392,65.28874],[12.12627,65.28853]],[[12.12965,65.28929],[12.12954,65.2889],[12.12627,65.28853]],[[12.125,65.29004],[12.12167,65.28928],[12.11864,65.2897],[12.11898,65.29003],[12.12073,65.28987],[12.12343,65.29094],[12.125,65.29004]],[[12.88251,65.30524],[12.87951,65.30512],[12.87641,65.30412],[12.87553,65.30217],[12.87273,65.30136],[12.86955,65.29793],[12.86731,65.29744]],[[12.05555,65.29043],[12.05289,65.29048],[12.05246,65.29102],[12.05428,65.29188],[12.05548,65.29349],[12.05763,65.29369],[12.05945,65.29209],[12.05813,65.29104],[12.05555,65.29043]],[[12.12965,65.28929],[12.12771,65.29002],[12.12811,65.29102],[12.13143,65.29241],[12.13634,65.29544]],[[12.05974,65.29923],[12.05277,65.29789],[12.05159,65.29682],[12.05037,65.2971],[12.05118,65.29745],[12.05081,65.29788],[12.04872,65.29743],[12.04765,65.29757],[12.0471,65.29898]],[[12.89341,65.30941],[12.8884,65.3061],[12.88524,65.30525],[12.88251,65.30524]],[[12.95999,65.31401],[12.95985,65.31351],[12.95463,65.311],[12.95148,65.31122],[12.94566,65.31028],[12.9427,65.30889],[12.93426,65.30765],[12.93036,65.30655],[12.93005,65.30749],[12.92921,65.30752],[12.92594,65.30539],[12.9224,65.30397],[12.92101,65.30228],[12.92142,65.30202],[12.92507,65.30229],[12.92703,65.30132],[12.92701,65.3007],[12.9191,65.2969],[12.91741,65.29534],[12.91285,65.29339],[12.90711,65.29209],[12.90399,65.29044],[12.90162,65.28987],[12.89775,65.28994],[12.89544,65.2895]],[[12.13717,65.30072],[12.13614,65.2994],[12.13703,65.29887],[12.13914,65.29876],[12.13905,65.29772],[12.13314,65.29665],[12.13442,65.29608],[12.13715,65.29663],[12.13634,65.29544]],[[12.23895,65.30262],[12.23939,65.30165],[12.2381,65.3005],[12.2394,65.29929],[12.24375,65.29819],[12.24583,65.29881],[12.25084,65.29879],[12.25225,65.29799],[12.25749,65.29671],[12.2625,65.29351],[12.26646,65.29251],[12.26825,65.29142],[12.27135,65.2911],[12.26846,65.28744],[12.26567,65.28552],[12.26475,65.28345]],[[12.35831,65.30476],[12.35357,65.30297],[12.3515,65.3006],[12.3481,65.29826],[12.34655,65.2961],[12.34361,65.29492],[12.34162,65.29352],[12.33776,65.29287],[12.33626,65.29198],[12.33182,65.28604],[12.33186,65.28451],[12.33363,65.28331],[12.32999,65.27729],[12.33109,65.27567],[12.32885,65.27368],[12.32665,65.27018],[12.32191,65.26666]],[[12.9391,65.31383],[12.93781,65.31231],[12.93985,65.31137],[12.93622,65.31132],[12.93003,65.30986],[12.9288,65.31017],[12.92835,65.31086],[12.93002,65.31246],[12.93012,65.3137]],[[12.23834,65.30315],[12.23895,65.30262]],[[12.06376,65.29931],[12.06523,65.30065],[12.06688,65.30104],[12.06735,65.30052],[12.06653,65.29936]],[[12.0471,65.29898],[12.0474,65.29951],[12.05046,65.29947],[12.04966,65.3006],[12.05562,65.3011],[12.05805,65.30177],[12.06178,65.30121],[12.06164,65.30033],[12.05974,65.29923]],[[12.23813,65.30558],[12.23718,65.30431],[12.23834,65.30315]],[[12.96083,65.31878],[12.96139,65.31853],[12.9609,65.31789]],[[12.06419,65.30282],[12.06327,65.30256],[12.06073,65.30286],[12.05989,65.30458],[12.06361,65.30461],[12.06497,65.3033],[12.06419,65.30282]],[[12.35831,65.30476],[12.36246,65.30578],[12.36515,65.30761],[12.37196,65.30914],[12.37782,65.30971],[12.38295,65.31082],[12.38555,65.31061],[12.39128,65.31102],[12.39907,65.3094],[12.40346,65.30988],[12.41587,65.30926],[12.41894,65.30874],[12.42124,65.30767],[12.42501,65.30837]],[[12.96083,65.31878],[12.95981,65.3196],[12.96065,65.32102]],[[12.10333,65.30506],[12.10564,65.3054],[12.10996,65.30718],[12.12025,65.30681],[12.12345,65.30703],[12.12416,65.30739]],[[12.10333,65.30506],[12.09671,65.30525],[12.0962,65.30626],[12.0972,65.30787],[12.09567,65.30802],[12.09325,65.30709]],[[12.96427,65.32271],[12.96443,65.32178],[12.96065,65.32102]],[[12.12416,65.30739],[12.12556,65.30717],[12.12353,65.3056],[12.12398,65.30534],[12.12939,65.30615],[12.13426,65.30768],[12.13597,65.30926],[12.14025,65.30794],[12.14088,65.30695],[12.14427,65.3081],[12.14593,65.3076],[12.14409,65.30627],[12.14451,65.30529],[12.14122,65.30379],[12.14333,65.30352],[12.14419,65.30283],[12.15024,65.30256],[12.15029,65.30197],[12.14939,65.30185],[12.14864,65.30231],[12.14105,65.30195],[12.13874,65.30153],[12.13717,65.30072]],[[12.93012,65.3137],[12.93091,65.31443],[12.92988,65.31512],[12.92418,65.31408],[12.92259,65.31439],[12.92429,65.31609],[12.93254,65.31933],[12.93329,65.32145],[12.93453,65.32231],[12.93564,65.32245],[12.9387,65.32138],[12.9411,65.32227],[12.94424,65.32281],[12.94487,65.32208],[12.94444,65.31986],[12.94573,65.31932],[12.9481,65.31941],[12.94744,65.31797],[12.94979,65.31811],[12.9503,65.3168],[12.94612,65.31565],[12.94444,65.31572],[12.94175,65.31522],[12.9391,65.31383]],[[12.30161,65.30989],[12.30032,65.30964],[12.29948,65.31148],[12.30215,65.31338],[12.3032,65.31316],[12.30542,65.31099],[12.30251,65.31048],[12.30161,65.30989]],[[12.96042,65.32409],[12.96104,65.32291],[12.96427,65.32271]],[[12.89997,65.31329],[12.90438,65.31431],[12.90849,65.31746],[12.91018,65.31723],[12.91127,65.31546],[12.91357,65.31619],[12.91851,65.32022],[12.91895,65.3234],[12.9211,65.32393]],[[12.08466,65.30906],[12.08341,65.309],[12.08292,65.30978],[12.08405,65.31076],[12.08571,65.31101],[12.08654,65.31078],[12.08628,65.31006],[12.08466,65.30906]],[[12.94955,65.32832],[12.94736,65.32712],[12.94588,65.32504],[12.94493,65.32476],[12.94219,65.32474],[12.94241,65.32575],[12.9393,65.32596],[12.94097,65.32716],[12.9437,65.32776],[12.94516,65.32898],[12.94827,65.32919]],[[12.94827,65.32919],[12.95076,65.32891],[12.95142,65.32926],[12.95095,65.32975]],[[12.42366,65.32218],[12.4246,65.32175],[12.42959,65.32108],[12.43045,65.32001],[12.42988,65.31929]],[[12.2272,65.31967],[12.22749,65.31618],[12.2303,65.31388],[12.23067,65.30983],[12.23142,65.30938],[12.23713,65.30839],[12.23918,65.30755],[12.23813,65.30558]],[[12.42366,65.32218],[12.42175,65.32334],[12.42354,65.32343]],[[12.94515,65.33258],[12.94608,65.33177],[12.94898,65.33077]],[[12.92181,65.32316],[12.92303,65.32308],[12.92622,65.32465],[12.92845,65.32663],[12.94184,65.33262],[12.94422,65.33313]],[[12.08941,65.31868],[12.08691,65.3186],[12.08903,65.31982],[12.09309,65.32045],[12.09222,65.31951],[12.08941,65.31868]],[[12.42397,65.31905],[12.42081,65.31911],[12.41863,65.31827],[12.41615,65.31821],[12.4133,65.32019],[12.40661,65.32098],[12.40368,65.32205],[12.40331,65.32297],[12.40478,65.3244],[12.40415,65.32545],[12.40872,65.32654],[12.4095,65.32766]],[[12.23778,65.32907],[12.24313,65.32776],[12.24773,65.32571],[12.24693,65.32396],[12.24379,65.32123],[12.24521,65.31949],[12.24288,65.31776],[12.24341,65.31722],[12.25315,65.31589],[12.26459,65.31608],[12.26579,65.31481],[12.26855,65.31356],[12.26962,65.3125],[12.26951,65.31148],[12.2716,65.3124],[12.27074,65.31564],[12.27117,65.31695],[12.27443,65.31899],[12.27634,65.31957],[12.29182,65.32125],[12.29327,65.32175],[12.29532,65.32085],[12.29778,65.32053],[12.30086,65.3213],[12.31622,65.32257]],[[12.2272,65.31967],[12.22835,65.31996],[12.23007,65.31906],[12.23098,65.31905],[12.23279,65.32073],[12.23166,65.32313],[12.22717,65.32618],[12.22932,65.32576],[12.23283,65.32663],[12.23281,65.32737],[12.23046,65.32841],[12.23197,65.32974],[12.23389,65.32979],[12.23778,65.32907]],[[12.42354,65.32343],[12.42754,65.32481],[12.42983,65.32496],[12.43153,65.32498],[12.43653,65.324],[12.43899,65.32484],[12.45056,65.33199],[12.45787,65.33384],[12.46343,65.33399],[12.46922,65.3354],[12.47009,65.33532],[12.46938,65.33451],[12.46477,65.33278],[12.46138,65.33078],[12.46045,65.32914],[12.46082,65.32825],[12.46192,65.32779],[12.46696,65.32791],[12.46897,65.3276],[12.46985,65.32708],[12.46954,65.32546],[12.47022,65.3248],[12.46801,65.32405],[12.46062,65.32453],[12.44767,65.32328],[12.44327,65.32205],[12.44343,65.3209],[12.44453,65.3204],[12.44733,65.32048],[12.4493,65.31974],[12.44736,65.31884],[12.44329,65.31872],[12.43961,65.31654],[12.44161,65.31572],[12.44986,65.31426],[12.45075,65.31367],[12.44786,65.31326],[12.44511,65.31194],[12.43763,65.31118],[12.42993,65.30895],[12.42501,65.30837]],[[12.4095,65.32766],[12.4104,65.32921],[12.41837,65.33141],[12.42061,65.33262],[12.41971,65.33496],[12.42224,65.33674]],[[12.43929,65.3408],[12.4392,65.34021],[12.43803,65.33975],[12.43535,65.33955],[12.43125,65.34001],[12.42875,65.33954],[12.42224,65.33674]],[[12.07644,65.34446],[12.07389,65.34369],[12.07321,65.34303],[12.07081,65.34273],[12.07012,65.34331],[12.07158,65.34436]],[[12.13012,65.34549],[12.12974,65.34456],[12.12788,65.34509],[12.12597,65.34501],[12.12341,65.34373],[12.12407,65.34309],[12.12704,65.34336],[12.12771,65.34253]],[[12.1132,65.31928],[12.11322,65.31995],[12.11548,65.32034],[12.1111,65.32111],[12.11061,65.32152],[12.11274,65.3221],[12.11857,65.32181],[12.11929,65.3221],[12.11732,65.32258],[12.11373,65.32273],[12.11513,65.32335],[12.11629,65.32491],[12.11955,65.3249],[12.12075,65.32396],[12.12197,65.32398],[12.12304,65.3246],[12.12217,65.32499],[12.12234,65.32551],[12.12417,65.3263],[12.12745,65.32656],[12.12939,65.32758],[12.12899,65.32783],[12.1251,65.32748],[12.12544,65.32805],[12.12827,65.32845],[12.12794,65.32879],[12.12226,65.32856],[12.12214,65.33005],[12.1206,65.33041],[12.11935,65.33148],[12.12163,65.33287],[12.12793,65.33333],[12.1279,65.33451],[12.12583,65.3344],[12.12482,65.33517],[12.12948,65.33753],[12.12862,65.3377],[12.12764,65.33738]],[[12.12764,65.33738],[12.12616,65.33711],[12.12478,65.33793],[12.12165,65.33742],[12.12017,65.3384],[12.12168,65.34062],[12.12562,65.34137],[12.12724,65.34085]],[[12.43929,65.3408],[12.438,65.34253],[12.43595,65.3428],[12.43208,65.34475]],[[12.11851,65.33986],[12.11903,65.33952],[12.11777,65.3392],[12.11611,65.33785],[12.114,65.33782],[12.11379,65.33886],[12.11627,65.33994],[12.11851,65.33986]],[[12.43208,65.34475],[12.43086,65.34557],[12.42619,65.34459],[12.422,65.34675],[12.42376,65.34803],[12.42678,65.34922],[12.4312,65.34982],[12.4344,65.34971]],[[12.4344,65.34971],[12.43953,65.35032],[12.44042,65.3501]],[[12.02501,65.34345],[12.01729,65.33968],[12.01432,65.33891],[12.00983,65.33633],[12.0074,65.33587],[12.0167,65.34171],[12.01955,65.34271],[12.02078,65.34268],[12.02219,65.3434]],[[12.12927,65.36129],[12.12736,65.36123],[12.12696,65.3615],[12.12855,65.36238],[12.1337,65.36382],[12.13245,65.36231],[12.12927,65.36129]],[[12.39564,65.35031],[12.39295,65.34838],[12.38664,65.34653],[12.38547,65.34486],[12.38231,65.34334],[12.37964,65.34068],[12.3767,65.33987],[12.36114,65.33308],[12.35919,65.33126],[12.35994,65.3309],[12.36129,65.33113],[12.3629,65.33081],[12.3615,65.32982],[12.35794,65.3289],[12.35627,65.32884],[12.35475,65.32943],[12.35055,65.32898],[12.34374,65.32545],[12.33479,65.32346],[12.33358,65.3238],[12.32024,65.32312],[12.31622,65.32257]],[[12.20064,65.34681],[12.19525,65.34553],[12.19536,65.3461],[12.19737,65.34675]],[[12.44573,65.35116],[12.44197,65.3505],[12.44159,65.34988],[12.44042,65.3501]],[[12.20064,65.34681],[12.20363,65.34786],[12.20182,65.34857]],[[12.44573,65.35116],[12.44898,65.35206],[12.45143,65.35353]],[[12.07158,65.34436],[12.076,65.34652],[12.07933,65.34711],[12.07966,65.34667],[12.07644,65.34446]],[[12.20182,65.34857],[12.20101,65.34907],[12.20281,65.3504],[12.20586,65.35047]],[[12.20586,65.35047],[12.20803,65.35053],[12.21152,65.3516],[12.21423,65.35194]],[[12.45143,65.35353],[12.45411,65.35516],[12.45458,65.35702]],[[12.02219,65.3434],[12.02524,65.34606],[12.02781,65.34731],[12.02906,65.34941],[12.03008,65.34965],[12.03066,65.34887],[12.02933,65.34668],[12.02501,65.34345]],[[12.03347,65.34946],[12.03242,65.34922],[12.03201,65.34974],[12.03396,65.35158],[12.03536,65.35089],[12.03347,65.34946]],[[11.99293,65.34282],[12.00302,65.35018],[12.00693,65.35207],[12.00576,65.3501],[11.99546,65.34287]],[[11.99922,65.35209],[12.00101,65.35208],[11.99897,65.35069]],[[12.13012,65.34549],[12.12994,65.34639],[12.12865,65.34669],[12.12451,65.34606],[12.12477,65.34703],[12.12598,65.34741],[12.1256,65.34842],[12.13096,65.34978],[12.13342,65.34959],[12.13546,65.3507],[12.1405,65.35113],[12.14328,65.35298],[12.14202,65.35506],[12.14272,65.35558]],[[12.10175,65.35302],[12.10052,65.35271],[12.09848,65.35325],[12.10109,65.35492],[12.1028,65.35456],[12.10342,65.35394],[12.10175,65.35302]],[[12.1991,65.35684],[12.19857,65.35502],[12.19654,65.35379],[12.19564,65.3498],[12.19351,65.34852],[12.19499,65.34798],[12.19832,65.34795],[12.19737,65.34675]],[[12.20494,65.35909],[12.20696,65.35923],[12.20959,65.35862],[12.21115,65.35456],[12.21267,65.35346],[12.21419,65.35331],[12.21396,65.35304],[12.21551,65.35251]],[[12.39564,65.35031],[12.39858,65.35159],[12.40711,65.35364],[12.41281,65.35593],[12.41717,65.35854],[12.41683,65.35999],[12.41901,65.36123],[12.41823,65.36237],[12.41965,65.36316]],[[12.44903,65.3629],[12.4467,65.36161],[12.44417,65.36141],[12.44317,65.36178],[12.43934,65.3602],[12.43791,65.36003],[12.43651,65.36053],[12.4366,65.3612],[12.43984,65.36287],[12.44594,65.36283],[12.45001,65.36422],[12.44903,65.3629]],[[12.19885,65.35993],[12.19757,65.35857],[12.1991,65.35684]],[[12.09735,65.3594],[12.09889,65.35805],[12.0975,65.35797]],[[12.0975,65.35797],[12.09314,65.35422],[12.09083,65.35344],[12.08962,65.35413],[12.08983,65.35558],[12.09461,65.35867],[12.09735,65.3594]],[[12.13459,65.35814],[12.13345,65.35814],[12.13345,65.35849],[12.1364,65.36036],[12.13782,65.36068],[12.13459,65.35814]],[[12.11607,65.36074],[12.1123,65.3592],[12.11359,65.35858],[12.1115,65.35808],[12.11031,65.35726],[12.10784,65.35442],[12.1069,65.35421],[12.10513,65.35461],[12.10379,65.3556],[12.10861,65.35725],[12.11028,65.35872],[12.10908,65.35905],[12.10842,65.35784],[12.10542,65.35699],[12.1041,65.35785],[12.10489,65.35871],[12.10782,65.35923],[12.10963,65.36048],[12.1118,65.36049],[12.11566,65.36124],[12.11607,65.36074]],[[12.20494,65.35909],[12.20178,65.35902],[12.20142,65.35965],[12.20274,65.36025],[12.20321,65.36133],[12.20229,65.3633]],[[12.11532,65.36177],[12.11328,65.36146],[12.11239,65.36177],[12.11342,65.36258],[12.11608,65.36345],[12.11736,65.36335],[12.118,65.36282],[12.11532,65.36177]],[[12.01564,65.38817],[12.01172,65.38704],[12.01029,65.38742],[12.0112,65.38808]],[[12.41965,65.36316],[12.42532,65.36423],[12.42792,65.36423],[12.42917,65.36144],[12.43012,65.36107],[12.43802,65.36311],[12.44084,65.36449],[12.44344,65.36474],[12.44545,65.3643],[12.44989,65.36543],[12.45335,65.36764],[12.45486,65.36802],[12.45647,65.36811],[12.45848,65.36767],[12.461,65.36921],[12.46344,65.36977],[12.466,65.36914],[12.46721,65.37058],[12.46933,65.37114],[12.47172,65.37042],[12.47028,65.36974],[12.46986,65.36842],[12.46483,65.36607],[12.45997,65.36482],[12.45827,65.36257],[12.452,65.36146],[12.44976,65.36041],[12.44872,65.35931],[12.44986,65.35912],[12.45332,65.36011],[12.45748,65.36054],[12.4707,65.36473],[12.47902,65.36469],[12.48032,65.36407],[12.47855,65.36303],[12.46782,65.36041],[12.46137,65.35939],[12.45551,65.35894],[12.45367,65.35814],[12.45458,65.35702]],[[12.19606,65.36671],[12.19493,65.36468],[12.19558,65.36154],[12.19876,65.36098],[12.19885,65.35993]],[[12.14272,65.35558],[12.13866,65.35669],[12.14142,65.35961],[12.14711,65.36175],[12.14662,65.36293],[12.14385,65.3626],[12.14298,65.36293],[12.14386,65.36392],[12.14599,65.36425],[12.14608,65.36511],[12.14436,65.36628],[12.14495,65.36711]],[[12.17852,65.36547],[12.18762,65.3678],[12.19258,65.36796]],[[12.165,65.36943],[12.16725,65.36858],[12.1669,65.36793],[12.16847,65.36755],[12.16871,65.36562],[12.1714,65.36532],[12.17241,65.36455],[12.1752,65.36481]],[[12.13838,65.36577],[12.13826,65.36526],[12.13665,65.36468],[12.13613,65.36488],[12.13707,65.3656],[12.13441,65.36547],[12.13774,65.36877],[12.14059,65.36927],[12.14217,65.36785],[12.14116,65.36721],[12.13816,65.3667],[12.13838,65.36577]],[[12.20229,65.3633],[12.19976,65.36444],[12.19792,65.36674],[12.19651,65.36729],[12.19516,65.36941],[12.19548,65.37034],[12.19118,65.37043],[12.19144,65.37139]],[[12.2035,65.3726],[12.20529,65.37223]],[[12.02265,65.38831],[12.0184,65.38681],[12.01733,65.3873],[12.018,65.38821]],[[12.14495,65.36711],[12.14889,65.36906],[12.14765,65.3698],[12.1458,65.36949],[12.14742,65.37113],[12.15107,65.37111],[12.15165,65.37189],[12.15508,65.37253],[12.16294,65.37156],[12.16492,65.37067],[12.165,65.36943]],[[12.23546,65.37568],[12.23554,65.37391],[12.23066,65.37044],[12.2294,65.36897],[12.22907,65.36711]],[[12.19144,65.37139],[12.19723,65.37384],[12.20074,65.37503],[12.20321,65.37536]],[[12.22907,65.36711],[12.23299,65.36735],[12.2457,65.37416],[12.24459,65.37562],[12.24522,65.37629],[12.24662,65.37669],[12.24838,65.37648]],[[12.20529,65.37223],[12.20857,65.37284],[12.21052,65.37364],[12.21005,65.37501],[12.21142,65.37582],[12.21339,65.37622],[12.21705,65.376],[12.21943,65.37633]],[[12.17462,65.37476],[12.17576,65.37404],[12.17737,65.37394],[12.177,65.37307],[12.17253,65.3717],[12.17018,65.37257],[12.17143,65.37445],[12.16948,65.37454],[12.16874,65.37513],[12.17242,65.37586],[12.17462,65.37476]],[[12.13801,65.37576],[12.13892,65.37414],[12.13846,65.37164],[12.13593,65.3696]],[[12.25657,65.3825],[12.25804,65.38278],[12.26231,65.38211],[12.26435,65.38219],[12.26912,65.38352]],[[12.13593,65.3696],[12.13498,65.36827],[12.13156,65.36778],[12.13034,65.36602],[12.12668,65.36563],[12.1247,65.3644],[12.1228,65.36451],[12.12329,65.36525],[12.12603,65.36604],[12.12387,65.36707],[12.12262,65.36678],[12.12105,65.36507],[12.11844,65.3652],[12.11868,65.36661],[12.1205,65.36834],[12.12402,65.36972],[12.12587,65.3695],[12.12741,65.37062],[12.12698,65.37125],[12.12975,65.3759],[12.13596,65.37718],[12.13821,65.37729],[12.13891,65.37698],[12.13801,65.37576]],[[12.21943,65.37633],[12.22302,65.37712],[12.22355,65.37652],[12.22811,65.37752],[12.23544,65.38017],[12.23855,65.38073],[12.23842,65.3799],[12.23969,65.37951],[12.23971,65.37883],[12.23671,65.37757],[12.23546,65.37568]],[[12.04488,65.37596],[12.04185,65.3757],[12.04229,65.37698],[12.04801,65.37748],[12.04488,65.37596]],[[12.27225,65.38349],[12.264,65.38101],[12.26091,65.38155],[12.25821,65.38131],[12.25604,65.37946],[12.25884,65.3781],[12.25145,65.37601],[12.24838,65.37648]],[[12.04768,65.37871],[12.04537,65.37847],[12.04457,65.37882],[12.0467,65.37973],[12.04935,65.37992],[12.04768,65.37871]],[[12.03267,65.37853],[12.02752,65.37583],[12.02558,65.37581],[12.02482,65.37617],[12.02295,65.37568],[12.02136,65.37583],[12.02572,65.37745],[12.02935,65.37776],[12.02838,65.37818],[12.02598,65.37796],[12.02678,65.37904],[12.03432,65.37979],[12.03267,65.37853]],[[12.17514,65.38304],[12.17607,65.38165],[12.17495,65.381],[12.17504,65.38027],[12.17857,65.37977],[12.17558,65.37702],[12.17614,65.37603],[12.18108,65.37588],[12.18251,65.37538],[12.18164,65.37483],[12.18247,65.37437],[12.18461,65.37434],[12.18798,65.37559],[12.19213,65.37639],[12.19462,65.376],[12.19662,65.37621],[12.19998,65.37751],[12.20187,65.37747],[12.20312,65.37623]],[[12.08432,65.38951],[12.08888,65.39027],[12.08789,65.38958]],[[12.20312,65.37623],[12.20396,65.37603],[12.20813,65.37657],[12.21717,65.38018],[12.22765,65.3818],[12.23093,65.38276],[12.23685,65.38312],[12.23945,65.38251],[12.23853,65.38195],[12.23917,65.38175],[12.24067,65.38223],[12.2406,65.38315],[12.24307,65.3845]],[[12.01161,65.37741],[12.00906,65.37755],[12.00904,65.37826],[12.01209,65.38061],[12.01422,65.38128],[12.01553,65.38119],[12.01566,65.38064],[12.01263,65.37911],[12.01161,65.37741]],[[12.25269,65.3861],[12.24989,65.38562],[12.24605,65.38579],[12.24307,65.3845]],[[12.046,65.38086],[12.04262,65.38008],[12.04144,65.38025],[12.04236,65.38124],[12.0447,65.38217],[12.04648,65.38199],[12.04685,65.38163],[12.046,65.38086]],[[12.06606,65.38054],[12.06416,65.38034],[12.06331,65.38058],[12.07012,65.38299],[12.07316,65.38335],[12.07183,65.38183],[12.06606,65.38054]],[[12.06672,65.38274],[12.06476,65.38252],[12.06444,65.38292],[12.0663,65.38356],[12.06968,65.384],[12.06934,65.38349],[12.06672,65.38274]],[[12.25657,65.3825],[12.25475,65.38263],[12.25456,65.38308],[12.25779,65.38553],[12.26312,65.38824],[12.26791,65.38927]],[[12.07856,65.38458],[12.07592,65.38429],[12.08155,65.38635],[12.08113,65.38546],[12.07856,65.38458]],[[12.04797,65.38367],[12.04606,65.3838],[12.04778,65.38561],[12.05321,65.38782],[12.05363,65.38706],[12.05117,65.38605],[12.05072,65.38476],[12.04797,65.38367]],[[12.03639,65.38131],[12.0375,65.38109],[12.03734,65.38079],[12.03509,65.38062],[12.03479,65.38108],[12.03393,65.38111],[12.03313,65.38068],[12.03021,65.38041],[12.03003,65.38106],[12.03129,65.38203],[12.03909,65.38497],[12.04359,65.38718],[12.04541,65.38776],[12.04952,65.388],[12.04939,65.38705],[12.04518,65.38543],[12.03958,65.3824],[12.03593,65.38164],[12.03639,65.38131]],[[12.00876,65.38803],[12.00915,65.38701],[12.00791,65.38702],[12.00649,65.38758],[12.00667,65.3869],[12.00417,65.38586],[12.00281,65.38593],[12.00206,65.38642],[12.00315,65.38792]],[[12.03827,65.38861],[12.02932,65.38554],[12.02594,65.38364],[12.02415,65.38396],[12.0208,65.38175],[12.02354,65.38254],[12.02474,65.38214],[12.02429,65.38164],[12.02135,65.38089],[12.02159,65.38034],[12.01956,65.37811],[12.01716,65.37709],[12.01598,65.37714],[12.01548,65.37793],[12.01669,65.3789],[12.01686,65.38012],[12.01947,65.3814],[12.01827,65.38171],[12.01836,65.38233],[12.02132,65.38423],[12.0292,65.38705],[12.03125,65.38848]],[[12.08789,65.38958],[12.07969,65.3866],[12.07358,65.38582],[12.07477,65.38694],[12.08432,65.38951]],[[12.08956,65.38961],[12.08364,65.38717],[12.0835,65.38601],[12.08887,65.38745],[12.08901,65.38847],[12.09027,65.38906],[12.0915,65.38841],[12.09407,65.38907]],[[12.16292,65.39101],[12.15854,65.38842],[12.16068,65.38858],[12.16712,65.39049],[12.16903,65.39037],[12.16973,65.38995],[12.16947,65.38946],[12.16662,65.38873],[12.16444,65.38743],[12.16147,65.38658],[12.16339,65.38618],[12.16522,65.38706],[12.16834,65.38737],[12.16767,65.38546],[12.16453,65.38275],[12.16601,65.38215],[12.16766,65.38222],[12.17247,65.38437]],[[12.25269,65.3861],[12.2618,65.389],[12.26477,65.39288]],[[12.27592,65.39309],[12.27643,65.39261],[12.27557,65.39187],[12.27091,65.39139],[12.26791,65.38927]],[[12.51149,65.38377],[12.50843,65.38655],[12.50604,65.38616],[12.50589,65.38493],[12.50432,65.38464],[12.50198,65.38475],[12.50133,65.38572],[12.50235,65.38661],[12.50413,65.38618],[12.5058,65.38696],[12.50854,65.38972],[12.5087,65.3912],[12.51333,65.39289],[12.51463,65.39385],[12.51329,65.39718]],[[12.51913,65.39728],[12.51905,65.39469],[12.51806,65.39358],[12.51418,65.39262],[12.51036,65.38994],[12.51074,65.38689],[12.51355,65.3837]],[[12.70932,65.36501],[12.70495,65.36771],[12.70243,65.36824],[12.70002,65.37027],[12.6974,65.37128],[12.69712,65.3737],[12.6935,65.37481],[12.69093,65.37794],[12.68503,65.38001],[12.6854,65.38128],[12.6807,65.38467],[12.67909,65.38516],[12.6765,65.38523],[12.67538,65.38652],[12.67303,65.38715],[12.6701,65.38926],[12.66824,65.39222],[12.66268,65.39622],[12.66006,65.39679],[12.65722,65.39948]],[[12.66881,65.39966],[12.67184,65.39793],[12.67228,65.39693],[12.67859,65.39252],[12.68438,65.38904],[12.68765,65.3878],[12.68942,65.38565],[12.69359,65.38355],[12.69648,65.38073],[12.69769,65.38029],[12.69498,65.37969],[12.69541,65.3783],[12.69908,65.37613],[12.70091,65.37281],[12.70262,65.37127],[12.7112,65.36615],[12.71101,65.36511]],[[12.00876,65.38803],[12.01079,65.38834],[12.0112,65.38808]],[[12.07364,65.3893],[12.07813,65.39018],[12.08042,65.39133],[12.08116,65.39019],[12.08242,65.38999],[12.08767,65.39122],[12.0928,65.39125],[12.08956,65.38961]],[[12.26477,65.39288],[12.26487,65.39334],[12.26821,65.39417],[12.27068,65.3939],[12.27101,65.3951],[12.27245,65.39531],[12.27301,65.39437],[12.27592,65.39309]],[[12.51913,65.39728],[12.52373,65.40007]],[[12.02577,65.38837],[12.02499,65.38915],[12.02632,65.39058],[12.03041,65.39178],[12.03342,65.39225],[12.0348,65.39212],[12.03309,65.39147],[12.03114,65.39145],[12.02616,65.38838]],[[12.52363,65.40114],[12.52524,65.40134],[12.52373,65.40007]],[[12.03125,65.38848],[12.03122,65.38887],[12.03025,65.38853],[12.02914,65.38881],[12.03059,65.39001],[12.03267,65.39013],[12.03367,65.38934],[12.03837,65.39237],[12.03997,65.39277],[12.04231,65.39247],[12.04099,65.39177],[12.0433,65.39083],[12.03922,65.3897],[12.03827,65.38861]],[[12.50168,65.40148],[12.5123,65.39938],[12.51308,65.39795]],[[12.05017,65.38885],[12.04639,65.38897],[12.04718,65.39082],[12.05247,65.39197],[12.05299,65.39268],[12.05545,65.39356],[12.06019,65.39436],[12.05968,65.39365],[12.05713,65.39279],[12.05694,65.39138],[12.05111,65.38886]],[[12.5181,65.40097],[12.51596,65.40093],[12.51511,65.40127],[12.51542,65.40223],[12.51861,65.40251],[12.51913,65.40175],[12.5181,65.40097]],[[12.52972,65.40324],[12.52658,65.40206],[12.52999,65.40424],[12.53054,65.40407],[12.52972,65.40324]],[[12.63086,65.4064],[12.6336,65.40417],[12.63754,65.40406],[12.64104,65.40471],[12.64326,65.40466],[12.65036,65.40081],[12.65306,65.40012],[12.65618,65.40005],[12.65722,65.39948]],[[12.1658,65.39818],[12.16303,65.39733],[12.16104,65.39789],[12.16323,65.39904],[12.16504,65.39895],[12.1658,65.39818]],[[12.48321,65.40495],[12.482,65.40373],[12.48351,65.40216],[12.48858,65.40213],[12.48807,65.40281],[12.48904,65.40353],[12.49298,65.403],[12.49834,65.40355],[12.50094,65.40326],[12.50117,65.40284],[12.49944,65.40252],[12.49902,65.40198],[12.50168,65.40148]],[[12.22779,65.43925],[12.22568,65.43797],[12.22272,65.43701]],[[12.16292,65.39101],[12.16646,65.39156],[12.17015,65.39388],[12.16952,65.39461],[12.16809,65.39467],[12.17579,65.39785],[12.18108,65.40106]],[[12.55466,65.4077],[12.55305,65.40725],[12.54871,65.4044],[12.55114,65.40347],[12.5538,65.40377],[12.55366,65.40461],[12.55167,65.40487],[12.55258,65.40566],[12.55392,65.40584],[12.55571,65.40532],[12.5564,65.40669]],[[12.63086,65.4064],[12.62906,65.40735],[12.6306,65.40928]],[[12.10811,65.40168],[12.10831,65.40037],[12.10553,65.39438],[12.10414,65.39363],[12.09938,65.39297],[12.09966,65.39248],[12.10352,65.39247],[12.0966,65.38975]],[[12.00671,65.39942],[12.00567,65.39941],[12.00542,65.39998],[12.00633,65.401],[12.0078,65.40133],[12.00671,65.39942]],[[12.08971,65.42837],[12.09074,65.42584],[12.09002,65.42553]],[[12.04513,65.40235],[12.04277,65.4009],[12.04041,65.40146],[12.04111,65.40233],[12.04513,65.40235]],[[12.48584,65.41073],[12.48746,65.41009],[12.48775,65.4077],[12.48629,65.40604],[12.48321,65.40495]],[[12.62999,65.41603],[12.6326,65.41122],[12.6306,65.40928]],[[12.18494,65.40482],[12.18592,65.4066],[12.19002,65.40949],[12.19786,65.41191]],[[12.00315,65.38792],[12.00505,65.38872],[12.00673,65.38866],[12.00696,65.39019],[12.00543,65.39011],[12.0011,65.39145],[11.9992,65.39259]],[[11.9992,65.39259],[12.002,65.39481],[12.00653,65.39375],[12.00353,65.39508],[12.00158,65.39733],[12.00469,65.40174],[12.00634,65.402],[12.00804,65.40171],[12.00958,65.40299],[12.01224,65.40319],[12.01309,65.40162],[12.01468,65.40095],[12.01559,65.40152],[12.01436,65.40253],[12.01832,65.40465],[12.01914,65.40422],[12.01828,65.4028],[12.02747,65.40315],[12.02803,65.4021],[12.02719,65.40095],[12.02781,65.40053],[12.03306,65.40053],[12.03557,65.39997],[12.03612,65.40091],[12.04099,65.40026],[12.04052,65.39974],[12.03811,65.39955],[12.03789,65.39908],[12.03506,65.39907],[12.03888,65.39815],[12.03704,65.39642],[12.03617,65.39627],[12.03541,65.39661],[12.03538,65.39809],[12.03364,65.39869],[12.029,65.39631],[12.02633,65.39544],[12.02492,65.39551],[12.02521,65.39386],[12.02375,65.39405],[12.02271,65.39335],[12.02462,65.39271],[12.02438,65.391],[12.02145,65.3904],[12.02066,65.3908],[12.02129,65.39134],[12.02056,65.39146],[12.01909,65.39023],[12.01566,65.38939],[12.01564,65.38817]],[[12.5564,65.40669],[12.55657,65.40785],[12.56103,65.40968],[12.56441,65.41219],[12.56716,65.41313],[12.56817,65.41148],[12.56944,65.41093],[12.57273,65.41063],[12.57314,65.40999],[12.57789,65.40826],[12.57824,65.40775],[12.57704,65.40633],[12.57786,65.40559],[12.58173,65.40576],[12.58324,65.40479],[12.587,65.40484],[12.58797,65.40548],[12.58536,65.40712],[12.5858,65.40738],[12.58796,65.4072],[12.59067,65.40559],[12.59212,65.40554],[12.59288,65.40637],[12.59008,65.40803],[12.59023,65.40875],[12.58931,65.40909],[12.58808,65.40857],[12.58692,65.40872],[12.58526,65.40979],[12.58554,65.41037],[12.58424,65.41181],[12.5811,65.41353],[12.57982,65.41488]],[[12.08066,65.40588],[12.07818,65.40528],[12.07804,65.40587],[12.07933,65.40683],[12.08352,65.40762],[12.08066,65.40588]],[[12.00232,65.40329],[11.9998,65.40321]],[[11.9998,65.40414],[12.00206,65.40598],[12.00525,65.40691],[12.00483,65.40494],[12.00232,65.40329]],[[12.12017,65.40582],[12.11912,65.40579],[12.1164,65.40664],[12.11507,65.40836],[12.1155,65.40931],[12.11665,65.40915],[12.11824,65.40754],[12.12034,65.4068],[12.12085,65.40619],[12.12017,65.40582]],[[12.62962,65.42009],[12.63533,65.41786],[12.63716,65.41589],[12.63994,65.41451],[12.64173,65.41279],[12.64435,65.41244],[12.65293,65.40704],[12.65846,65.40452],[12.66242,65.40349],[12.66881,65.39966]],[[12.57979,65.41766],[12.58264,65.41964]],[[12.00247,65.40773],[12.00055,65.40766],[12.00306,65.40914],[12.00486,65.40958],[12.00491,65.40903],[12.00247,65.40773]],[[12.57982,65.41488],[12.57719,65.41656],[12.57753,65.41713],[12.57533,65.41771],[12.57384,65.41884],[12.57507,65.42024],[12.57921,65.41853],[12.57883,65.41798],[12.57735,65.41759],[12.57778,65.41718],[12.57979,65.41766]],[[12.10273,65.41268],[12.10653,65.412],[12.11003,65.40922],[12.11383,65.40759],[12.11356,65.4054],[12.11274,65.40484],[12.10958,65.40504],[12.10811,65.40168]],[[12.19893,65.41547],[12.20084,65.41555],[12.20289,65.41357],[12.19926,65.41237]],[[12.10128,65.41439],[12.10273,65.41268]],[[12.07266,65.38928],[12.07198,65.38981],[12.07271,65.39063],[12.07566,65.39206],[12.07511,65.39266],[12.07663,65.39314],[12.07588,65.39391],[12.07402,65.39298],[12.07281,65.393],[12.07355,65.394],[12.07559,65.39438],[12.07273,65.39599],[12.07431,65.39723],[12.07483,65.39851],[12.07411,65.39921],[12.07846,65.40169],[12.08169,65.40432],[12.08355,65.40504],[12.08502,65.4065],[12.08802,65.40746],[12.08888,65.40854],[12.08762,65.4106],[12.09065,65.41229],[12.09022,65.41497]],[[12.02818,65.41198],[12.02909,65.41172],[12.03236,65.41198],[12.03204,65.41107],[12.0301,65.40987],[12.03145,65.40927],[12.02911,65.409],[12.02449,65.40764],[12.0237,65.40824],[12.02735,65.4111],[12.02593,65.41309],[12.02867,65.41433],[12.03024,65.41339],[12.02818,65.41198]],[[12.58264,65.41964],[12.5817,65.42053],[12.58322,65.42217],[12.58354,65.42588]],[[12.1989,65.41581],[12.20404,65.41811],[12.20786,65.41869],[12.21275,65.42045]],[[12.59266,65.44101],[12.59366,65.44015],[12.59764,65.43906],[12.59844,65.43828],[12.60356,65.43692],[12.60508,65.43465],[12.60761,65.43362],[12.61536,65.4282],[12.61712,65.42343],[12.62199,65.41991],[12.62466,65.41633],[12.62847,65.41667],[12.62999,65.41603]],[[12.03346,65.41678],[12.02913,65.41542],[12.02886,65.41489],[12.02194,65.4132],[12.01825,65.4109],[12.01672,65.41132],[12.01588,65.41111],[12.01482,65.41054],[12.01554,65.4098],[12.01479,65.40896],[12.00901,65.40661],[12.00785,65.4065],[12.00794,65.4079],[12.01291,65.40985],[12.01136,65.41031],[12.01206,65.41135],[12.01661,65.41221],[12.01837,65.41337],[12.01774,65.41357],[12.01435,65.41222],[12.01343,65.4128],[12.0148,65.41351],[12.02338,65.41541],[12.03444,65.41935],[12.03484,65.41868],[12.03346,65.41678]],[[12.08467,65.4211],[12.08529,65.41538],[12.08136,65.41156],[12.07917,65.41083]],[[12.22271,65.42417],[12.21275,65.42045]],[[12.1098,65.42213],[12.10891,65.41977],[12.10774,65.41933],[12.10579,65.41931],[12.10495,65.41845],[12.10728,65.41607],[12.11072,65.4153],[12.11171,65.41333],[12.11437,65.4121],[12.11542,65.41008],[12.11497,65.40943],[12.11325,65.40977],[12.11159,65.41208],[12.10946,65.41227],[12.107,65.41343],[12.10623,65.41495],[12.10477,65.4151],[12.10128,65.41439]],[[12.1229,65.41469],[12.12554,65.4119],[12.12404,65.41063],[12.12236,65.41062],[12.11977,65.41157],[12.1189,65.41287],[12.11743,65.41284],[12.11631,65.41444],[12.11702,65.4163],[12.11615,65.41671],[12.12449,65.42066],[12.12677,65.42225],[12.12874,65.42248],[12.12859,65.42182],[12.1249,65.42023],[12.12471,65.41791],[12.1229,65.41469]],[[12.1115,65.42206],[12.1098,65.42213]],[[12.09022,65.41497],[12.08776,65.42211]],[[12.08776,65.42211],[12.08631,65.4227],[12.08395,65.42234],[12.08467,65.4211]],[[12.11707,65.42402],[12.11985,65.42374],[12.12177,65.4227],[12.11564,65.41894],[12.11192,65.41933],[12.1115,65.42206]],[[12.11653,65.42437],[12.11707,65.42402]],[[12.22271,65.42417],[12.23159,65.42767]],[[12.08962,65.4252],[12.09002,65.42553]],[[11.99812,65.42724],[12.00175,65.42859],[12.00117,65.427],[11.99962,65.42653]],[[12.15402,65.43504],[12.15413,65.43385],[12.14999,65.42925],[12.14562,65.42682],[12.14552,65.42589],[12.14468,65.42547],[12.14311,65.42545]],[[12.07917,65.41083],[12.07529,65.40959],[12.05519,65.40076],[12.04837,65.39942],[12.04559,65.39931],[12.04673,65.40079],[12.04583,65.40211],[12.04833,65.40249],[12.04885,65.40314],[12.0471,65.40471],[12.04836,65.40752],[12.04729,65.40852],[12.04381,65.40803],[12.04227,65.40859],[12.04412,65.41004],[12.04359,65.41089],[12.04576,65.41222],[12.04296,65.41424],[12.04077,65.41508],[12.04394,65.41642],[12.04148,65.41733],[12.03802,65.41769],[12.03682,65.41968],[12.03754,65.42033],[12.04012,65.42098],[12.04061,65.42078],[12.03952,65.41938],[12.04285,65.42003],[12.04374,65.42037],[12.0437,65.42163],[12.05173,65.42344],[12.05175,65.42404],[12.05549,65.42439],[12.06266,65.42672],[12.0642,65.42687]],[[12.62962,65.42009],[12.62363,65.42427],[12.62338,65.42571],[12.61966,65.42899],[12.61696,65.43064],[12.61577,65.43057],[12.61435,65.43124],[12.61241,65.43314],[12.613,65.43356],[12.6118,65.435],[12.61258,65.43678],[12.61555,65.43571],[12.62115,65.43534],[12.62674,65.43066],[12.62755,65.43113],[12.62739,65.4321],[12.62444,65.43452],[12.6245,65.43539],[12.6263,65.43617],[12.62819,65.43597]],[[12.24378,65.43109],[12.24204,65.43027],[12.23159,65.42767]],[[12.08971,65.42837],[12.08951,65.43013]],[[12.07305,65.43039],[12.07468,65.43008],[12.07331,65.42948],[12.0678,65.4299],[12.06258,65.42856],[12.05488,65.42772],[12.054,65.42733],[12.05601,65.42708],[12.06374,65.42776],[12.06646,65.42746],[12.0668,65.42672],[12.06615,65.42642],[12.0642,65.42687]],[[12.10193,65.43118],[12.10217,65.42729],[12.09854,65.42834],[12.09709,65.42839],[12.09438,65.42569],[12.09131,65.42486],[12.09018,65.42495]],[[12.58354,65.42588],[12.58405,65.4281],[12.57995,65.43369],[12.5804,65.43617],[12.57977,65.4395],[12.57899,65.43985]],[[12.14311,65.42545],[12.1428,65.4247],[12.14515,65.42471],[12.14555,65.42369],[12.1404,65.42029],[12.13702,65.41688],[12.13497,65.41653],[12.13313,65.41744],[12.13312,65.41835],[12.13427,65.41981],[12.13631,65.4202],[12.13628,65.42158],[12.13555,65.4219],[12.13168,65.42099],[12.13197,65.422],[12.13097,65.42214],[12.13083,65.42272],[12.13279,65.42347],[12.13372,65.42556],[12.13524,65.42658],[12.13643,65.4268],[12.13911,65.42613],[12.1391,65.4289],[12.14393,65.43272]],[[12.64463,65.44409],[12.64392,65.4413],[12.64651,65.43943],[12.64653,65.43743],[12.65315,65.43461],[12.65307,65.43379],[12.65151,65.43274],[12.64112,65.4292],[12.63815,65.42902],[12.63696,65.42941],[12.63686,65.43091],[12.63592,65.43169],[12.63346,65.43269],[12.63288,65.43412],[12.62819,65.43597]],[[12.57899,65.43985],[12.57534,65.44164],[12.57561,65.44299],[12.57903,65.44278],[12.58462,65.44136],[12.58459,65.44056],[12.58666,65.43944],[12.58814,65.44161],[12.58665,65.44252],[12.58795,65.4427],[12.58958,65.44192],[12.59288,65.44148],[12.59266,65.44101]],[[12.07903,65.43431],[12.07913,65.43388],[12.07775,65.43326],[12.07279,65.43228],[12.07452,65.43156],[12.06994,65.43093],[12.07305,65.43039]],[[12.09601,65.43463],[12.09321,65.43167],[12.08951,65.43013]],[[12.10676,65.43484],[12.10473,65.43359],[12.10227,65.43285],[12.10193,65.43118]],[[12.12747,65.43523],[12.12402,65.43323],[12.12161,65.43053],[12.12285,65.42992],[12.12107,65.42727],[12.11753,65.42583],[12.11653,65.42437]],[[12.16241,65.43589],[12.16097,65.4338],[12.15969,65.43278],[12.15844,65.43258],[12.15791,65.43485],[12.15846,65.43582]],[[12.20317,65.43665],[12.20017,65.43448],[12.19701,65.4335]],[[12.21941,65.43576],[12.20913,65.43126],[12.20471,65.43021],[12.19987,65.42844],[12.2012,65.42957],[12.20905,65.43206],[12.20869,65.43228],[12.20632,65.43202],[12.20145,65.43081],[12.20099,65.4315],[12.20246,65.43291],[12.21208,65.43682]],[[12.2627,65.43774],[12.2591,65.43722],[12.25598,65.43571],[12.25308,65.43557],[12.25061,65.43484]],[[12.44041,65.44085],[12.44073,65.44033],[12.43853,65.4386],[12.44259,65.43877],[12.44367,65.43766],[12.44304,65.43643],[12.4406,65.43469],[12.44225,65.43452],[12.4439,65.42853],[12.44231,65.42593],[12.44519,65.42508],[12.44651,65.42285],[12.44581,65.4208],[12.44494,65.42093],[12.4446,65.42176],[12.44316,65.42187],[12.43966,65.42128],[12.43812,65.42044],[12.43793,65.42004],[12.44041,65.41855],[12.44111,65.41699],[12.44588,65.41652],[12.44603,65.41768],[12.44474,65.41927],[12.44513,65.41999],[12.44839,65.42016],[12.45114,65.42339],[12.45296,65.42442],[12.45651,65.42012],[12.4617,65.41881],[12.46338,65.41769],[12.46838,65.41699],[12.47508,65.41704],[12.47692,65.41465],[12.47606,65.4139],[12.4749,65.41384],[12.47426,65.41289],[12.47597,65.4129],[12.47645,65.41206],[12.47781,65.4116],[12.48214,65.41136],[12.48584,65.41073]],[[12.2627,65.43774],[12.268,65.4394],[12.2687,65.44017],[12.27346,65.44179],[12.28021,65.44304],[12.28495,65.44316]],[[12.15846,65.43582],[12.16069,65.44057],[12.16485,65.4421],[12.16537,65.43874],[12.16241,65.43589]],[[12.45903,65.44117],[12.46043,65.44071],[12.46296,65.4411],[12.46188,65.44013],[12.46468,65.4391],[12.46605,65.43906],[12.46905,65.44026],[12.47276,65.43943],[12.47355,65.43884],[12.47331,65.43778],[12.47148,65.43737],[12.47056,65.43864],[12.46869,65.43952],[12.46737,65.438],[12.46741,65.43675],[12.4703,65.4346],[12.47011,65.43156],[12.46841,65.43103],[12.47039,65.42947],[12.47665,65.42737],[12.48114,65.42409],[12.47642,65.42394],[12.47587,65.42296],[12.47295,65.42327],[12.47303,65.42241],[12.47392,65.42191],[12.47565,65.42174],[12.48073,65.42195],[12.482,65.42233],[12.48288,65.42333],[12.49258,65.41933],[12.49564,65.41694],[12.4983,65.41608],[12.50004,65.41303],[12.49852,65.41209],[12.49659,65.41212],[12.49173,65.41435],[12.4894,65.41445],[12.48857,65.41408],[12.48742,65.4147],[12.48404,65.41493],[12.48245,65.41456],[12.48353,65.41346],[12.48428,65.41306],[12.48779,65.4128],[12.4893,65.4135],[12.49205,65.4125],[12.49259,65.40952],[12.49586,65.40724],[12.50006,65.40659],[12.50192,65.40551],[12.50474,65.40495],[12.51647,65.40511],[12.51798,65.40464],[12.51786,65.40384],[12.52005,65.403],[12.52093,65.40018],[12.52363,65.40114]],[[12.56381,65.44289],[12.5665,65.44127],[12.56997,65.43764],[12.5699,65.43626],[12.56678,65.43345],[12.56639,65.43235],[12.56838,65.43188],[12.5682,65.4306],[12.56703,65.42866],[12.56471,65.42793],[12.5653,65.42577],[12.56281,65.42471],[12.56701,65.42427],[12.56724,65.42371],[12.56513,65.42242],[12.56282,65.4218],[12.56196,65.42206],[12.56167,65.42356],[12.56034,65.42424],[12.55796,65.42377],[12.55725,65.42312],[12.55774,65.42024],[12.55681,65.4192],[12.55966,65.41848],[12.5633,65.41642],[12.56345,65.41484],[12.56195,65.41365],[12.55689,65.41231],[12.55749,65.41135],[12.55536,65.41136],[12.55773,65.41],[12.55466,65.4077]],[[12.20875,65.43676],[12.21217,65.43756],[12.21208,65.43682]],[[12.07903,65.43431],[12.07927,65.43611],[12.08559,65.43686],[12.08877,65.43678]],[[12.08869,65.43754],[12.09097,65.4375],[12.08955,65.43677]],[[12.5042,65.44348],[12.50292,65.44344],[12.50215,65.44379],[12.50328,65.445],[12.50513,65.44475],[12.5042,65.44348]],[[12.20317,65.43665],[12.20916,65.43975],[12.21167,65.44042],[12.21416,65.44036]],[[12.12581,65.4391],[12.12453,65.43879],[12.1235,65.43679],[12.12518,65.43682],[12.12618,65.43793],[12.12826,65.43869],[12.12888,65.4374],[12.12747,65.43523]],[[12.08867,65.43754],[12.08426,65.43735],[12.08383,65.43758],[12.08834,65.44069]],[[12.15032,65.43567],[12.15095,65.43736],[12.14936,65.43756],[12.14886,65.43805],[12.15201,65.44022],[12.15353,65.43949],[12.15273,65.43852],[12.15393,65.43828],[12.15547,65.43849],[12.1554,65.43776],[12.15383,65.43775],[12.15355,65.43573]],[[12.21416,65.44036],[12.21904,65.44017],[12.2266,65.44161]],[[12.28495,65.44316],[12.29036,65.44419],[12.29149,65.44484],[12.29368,65.44437],[12.29737,65.44447],[12.29828,65.44398],[12.29988,65.44487]],[[12.64469,65.44417],[12.64593,65.446],[12.6444,65.44688],[12.6457,65.4476],[12.65254,65.44854],[12.6635,65.45097],[12.6659,65.45076]],[[12.02807,65.4391],[12.02762,65.43874],[12.02455,65.43879],[12.02775,65.44027],[12.02807,65.4391]],[[12.57652,65.44482],[12.57296,65.44547],[12.57006,65.44725],[12.56813,65.44957],[12.56903,65.45042],[12.57291,65.44996],[12.57417,65.44847],[12.57683,65.4479],[12.57603,65.44709],[12.57733,65.44529],[12.57652,65.44482]],[[12.6659,65.45076],[12.66821,65.45026],[12.6699,65.45042],[12.67613,65.44972],[12.68983,65.45086],[12.69031,65.45222],[12.69291,65.45266],[12.69942,65.45277],[12.70112,65.45233],[12.70178,65.45157],[12.7032,65.45149],[12.70547,65.4532]],[[12.03548,65.43939],[12.0337,65.43889],[12.03452,65.43987],[12.03815,65.44162],[12.03762,65.4405],[12.03548,65.43939]],[[12.20339,65.44293],[12.20172,65.44292],[12.20285,65.4439],[12.20392,65.44443],[12.20701,65.44493],[12.20609,65.44391],[12.20339,65.44293]],[[12.1954,65.44848],[12.19714,65.44804]],[[12.29988,65.44487],[12.30341,65.44764]],[[12.2266,65.44161],[12.22972,65.44256],[12.23418,65.445],[12.2379,65.44631],[12.23932,65.4466],[12.24073,65.44626],[12.24044,65.44469],[12.2417,65.44414],[12.24142,65.44312],[12.23806,65.44244],[12.23789,65.4435],[12.23706,65.44363],[12.22779,65.43925]],[[12.05535,65.44143],[12.05406,65.44147],[12.05379,65.44288],[12.05802,65.44312],[12.05535,65.44143]],[[12.19571,65.44559],[12.18989,65.4437],[12.19563,65.4464]],[[12.70547,65.4532],[12.71124,65.45536]],[[12.51876,65.45258],[12.52431,65.45163],[12.52904,65.4498],[12.53298,65.4494],[12.5432,65.44589],[12.54257,65.44566],[12.54004,65.44611],[12.53794,65.44549],[12.53904,65.44485],[12.53867,65.4438],[12.53421,65.44462],[12.53134,65.44611],[12.52364,65.44697],[12.52099,65.44773],[12.51923,65.44766]],[[12.19561,65.44694],[12.19624,65.44678],[12.19563,65.4464]],[[12.71124,65.45536],[12.71529,65.45611],[12.72045,65.45642],[12.72675,65.45562],[12.73026,65.45644],[12.73425,65.45662]],[[12.04596,65.44468],[12.04634,65.44398],[12.04836,65.44421],[12.04806,65.44372],[12.04673,65.44317],[12.04448,65.44298],[12.04317,65.44215],[12.03932,65.44159],[12.04082,65.44333],[12.04279,65.4443],[12.04533,65.44502],[12.04596,65.44468]],[[12.19557,65.44693],[12.1887,65.44426],[12.18285,65.44122],[12.17796,65.43998],[12.17671,65.44017],[12.17638,65.44074],[12.17873,65.44238],[12.18437,65.44486],[12.1954,65.44848]],[[12.25465,65.44655],[12.25102,65.44577],[12.25468,65.44795],[12.25995,65.44973],[12.2602,65.44824],[12.25465,65.44655]],[[12.08834,65.44069],[12.09093,65.44135],[12.09929,65.44492],[12.1091,65.44708],[12.10298,65.43839],[12.09676,65.43528]],[[12.62648,65.45477],[12.63411,65.45445],[12.64688,65.45484],[12.65028,65.45543],[12.65142,65.45658]],[[11.99932,65.44748],[12.00143,65.4479],[12.00264,65.44717],[11.99907,65.44581]],[[12.13944,65.44798],[12.13617,65.44392],[12.12908,65.441],[12.12957,65.44047],[12.13446,65.44157],[12.13418,65.44006],[12.13276,65.43884],[12.1306,65.43792],[12.12857,65.44005],[12.12739,65.43936],[12.12581,65.4391]],[[12.14141,65.44912],[12.13944,65.44798]],[[12.51876,65.45258],[12.51401,65.45383],[12.51577,65.45558],[12.51755,65.45576],[12.51851,65.45522]],[[12.51851,65.45522],[12.52259,65.45571],[12.5237,65.45528],[12.52594,65.45598],[12.52926,65.45523],[12.53169,65.4539],[12.53986,65.45325],[12.54032,65.45256],[12.54217,65.452],[12.54966,65.45035],[12.55325,65.44868],[12.55441,65.44746],[12.55787,65.44617],[12.56381,65.44289]],[[12.19348,65.46637],[12.19422,65.46625],[12.1936,65.46531]],[[12.10676,65.43484],[12.10801,65.43709],[12.1107,65.4383],[12.11253,65.44017],[12.11659,65.44171],[12.11723,65.44327],[12.11847,65.44394],[12.11794,65.4445],[12.11607,65.44417],[12.11665,65.44551],[12.12185,65.45054]],[[12.20272,65.45212],[12.19842,65.45069]],[[12.65142,65.45658],[12.656,65.4576],[12.65919,65.45968],[12.66608,65.45911],[12.67521,65.46029],[12.68912,65.45872],[12.69764,65.45996],[12.70045,65.45992]],[[12.19714,65.44804],[12.19985,65.44906],[12.20059,65.45016],[12.20343,65.45118],[12.20528,65.45158],[12.2085,65.45163],[12.21093,65.45259],[12.21465,65.45333],[12.21365,65.45223],[12.21087,65.45079],[12.20569,65.44889],[12.20379,65.44846],[12.20279,65.44862],[12.20079,65.44743],[12.19571,65.44559]],[[12.19529,65.44951],[12.18351,65.44532],[12.18498,65.44714],[12.18756,65.44854],[12.19207,65.45254],[12.19481,65.454]],[[12.00536,65.44773],[12.00341,65.44768],[12.00943,65.45019],[12.01264,65.45075],[12.00982,65.4492],[12.00536,65.44773]],[[12.48972,65.4583],[12.49712,65.45719],[12.49877,65.45621],[12.49872,65.4557],[12.48042,65.45052],[12.47582,65.45008],[12.47471,65.45143],[12.47121,65.44998],[12.47042,65.45009],[12.47031,65.4508],[12.4681,65.44983],[12.46844,65.45063],[12.46724,65.45139],[12.46729,65.44869],[12.46968,65.44785],[12.46673,65.44611],[12.46736,65.44567],[12.47027,65.44559],[12.47187,65.44674],[12.47269,65.44668],[12.47402,65.44542],[12.47225,65.44404],[12.4734,65.44386],[12.47829,65.4454],[12.47952,65.44527],[12.48599,65.44812],[12.48798,65.44957],[12.48888,65.44779],[12.49055,65.44696],[12.4904,65.45109],[12.49467,65.45247],[12.49581,65.45209],[12.49926,65.44878],[12.50222,65.44813],[12.50341,65.44908],[12.50505,65.4488],[12.50573,65.44534],[12.50865,65.4447],[12.5114,65.44459],[12.50981,65.44612],[12.51297,65.4477],[12.51727,65.44666],[12.5182,65.44752],[12.51923,65.44766]],[[12.77616,65.46167],[12.7748,65.46286],[12.77312,65.46214],[12.77191,65.46084],[12.76658,65.45951],[12.76321,65.45932],[12.7582,65.45963],[12.74428,65.45852],[12.7392,65.45777],[12.73628,65.45676],[12.73425,65.45662]],[[12.55295,65.45859],[12.55483,65.45862],[12.55764,65.45744],[12.55979,65.45758],[12.56356,65.45563],[12.56431,65.45466],[12.5608,65.45427],[12.55314,65.45686],[12.5516,65.45749],[12.54974,65.45959],[12.55156,65.45938],[12.55295,65.45859]],[[12.01273,65.45328],[12.01404,65.453],[12.01335,65.45255],[12.00459,65.44988],[12.0022,65.44973],[12.0025,65.45062],[12.0039,65.45107],[12.00346,65.45129],[11.99851,65.45012]],[[11.99661,65.45147],[12.00095,65.45187],[12.00731,65.45342],[12.01413,65.45391],[12.01273,65.45328]],[[12.19432,65.4586],[12.19285,65.45714],[12.19311,65.45687],[12.19449,65.45698]],[[12.09942,65.46225],[12.09182,65.46064],[12.09185,65.46139],[12.09084,65.46169],[12.0925,65.46262],[12.09183,65.46288],[12.08619,65.45997]],[[12.45903,65.44117],[12.45796,65.4416],[12.45715,65.44306],[12.45957,65.44465],[12.46154,65.44467],[12.46156,65.44547],[12.45924,65.44656],[12.45944,65.44747],[12.45837,65.44863],[12.45385,65.44878],[12.45417,65.45246],[12.45736,65.45179],[12.45884,65.4523],[12.4631,65.45216],[12.4665,65.45309],[12.46514,65.45368],[12.46224,65.45392],[12.46156,65.45492],[12.45887,65.45503],[12.45855,65.45547],[12.46044,65.45668],[12.46207,65.45701],[12.46338,65.45676],[12.46803,65.45859],[12.46873,65.45815],[12.46757,65.45737],[12.46867,65.45681],[12.47222,65.45837],[12.47486,65.45862],[12.47564,65.45608]],[[12.70045,65.45992],[12.70316,65.46011],[12.70683,65.46125],[12.71388,65.4626]],[[12.15926,65.4523],[12.15652,65.45237],[12.15727,65.45292],[12.16182,65.45415],[12.1618,65.45338],[12.15926,65.4523]],[[12.02013,65.45041],[12.01526,65.44603],[12.01339,65.4461],[12.01273,65.44529],[12.0113,65.44514],[12.01204,65.44663],[12.01152,65.44678],[12.00823,65.44495],[12.0037,65.44453],[12.00377,65.44531],[12.00616,65.4467],[12.01272,65.4493],[12.01399,65.44959],[12.01646,65.44939],[12.0176,65.44984],[12.01779,65.45034],[12.01579,65.45048],[12.018,65.4518],[12.02013,65.45041]],[[12.71388,65.4626],[12.71413,65.46293],[12.71633,65.46307],[12.7241,65.46273],[12.72721,65.46356],[12.73098,65.46364],[12.73357,65.46449]],[[12.47564,65.45608],[12.47759,65.45876],[12.48467,65.46055],[12.48608,65.46039],[12.48972,65.4583]],[[12.5179,65.46172],[12.52005,65.462],[12.52194,65.46122],[12.5214,65.46082],[12.51802,65.46044]],[[12.19322,65.45464],[12.18769,65.45103],[12.1859,65.44875],[12.18324,65.44758],[12.17935,65.44435],[12.17763,65.44397],[12.17739,65.44441],[12.18252,65.44845],[12.18198,65.44877],[12.18025,65.44851],[12.18068,65.4493],[12.18676,65.45289],[12.18989,65.45352],[12.19189,65.45575],[12.19352,65.45638],[12.19322,65.45464]],[[12.51802,65.46044],[12.51502,65.46056],[12.51382,65.46026],[12.51219,65.46055],[12.51024,65.46033],[12.50874,65.45959],[12.50522,65.46009],[12.51173,65.46256],[12.51591,65.46106],[12.5179,65.46172]],[[12.73357,65.46449],[12.73651,65.46449],[12.74257,65.46574],[12.74477,65.46429],[12.75768,65.4634],[12.76291,65.46453],[12.76606,65.46615],[12.76971,65.46605],[12.77272,65.46692],[12.77833,65.46577],[12.78217,65.46444],[12.78201,65.46206],[12.77906,65.46202],[12.77803,65.46063]],[[12.18311,65.45457],[12.18245,65.45435],[12.18183,65.45465],[12.18504,65.45717],[12.18479,65.45604],[12.18311,65.45457]],[[12.10001,65.46116],[12.10255,65.46207],[12.09942,65.46225]],[[12.28812,65.45922],[12.28538,65.45865],[12.28277,65.45709],[12.27719,65.4562],[12.27247,65.45481],[12.26929,65.45446],[12.26688,65.45362],[12.26646,65.453],[12.26503,65.45276],[12.26594,65.4539],[12.27267,65.45655],[12.28559,65.45969],[12.29066,65.46054],[12.28812,65.45922]],[[12.11947,65.45798],[12.1137,65.45078],[12.11048,65.4479],[12.10829,65.44757],[12.10571,65.44812],[12.10343,65.44721],[12.10177,65.44744],[12.1011,65.44855],[12.10429,65.44983],[12.10717,65.45181],[12.11019,65.45275],[12.10971,65.45329],[12.1119,65.45456],[12.11607,65.45602],[12.11389,65.45595]],[[12.12548,65.45481],[12.12342,65.45385],[12.12088,65.45385],[12.12062,65.4534],[12.1218,65.45292],[12.11692,65.44982],[12.11617,65.45034],[12.11848,65.45333],[12.11768,65.45389],[12.1185,65.45529],[12.12083,65.45635],[12.12057,65.45721],[12.12423,65.45879]],[[12.28716,65.46183],[12.28483,65.46182]],[[12.20296,65.45951],[12.20743,65.46122]],[[12.17771,65.45814],[12.17619,65.45771],[12.1763,65.45823],[12.18075,65.46085],[12.17771,65.45814]],[[12.21463,65.48176],[12.2133,65.48123],[12.21286,65.48173]],[[12.2229,65.46189],[12.22028,65.45918],[12.2214,65.45855],[12.22345,65.45838],[12.22111,65.45639],[12.21504,65.45565],[12.21644,65.45658],[12.21595,65.45682],[12.20859,65.45413],[12.20759,65.45474]],[[12.19449,65.45698],[12.19575,65.45716],[12.20633,65.46235]],[[12.15542,65.46211],[12.15749,65.46137],[12.15736,65.46068],[12.15443,65.45851],[12.1478,65.4554],[12.1489,65.45469],[12.1479,65.45273],[12.14449,65.4502],[12.14362,65.44784],[12.14057,65.4463],[12.14018,65.4469],[12.14203,65.44917],[12.14141,65.44912]],[[12.1032,65.45958],[12.09994,65.45762],[12.09428,65.45514],[12.09361,65.45519],[12.09381,65.45833],[12.10001,65.46116]],[[12.4648,65.46579],[12.46231,65.4654],[12.46178,65.46571],[12.46242,65.46633],[12.46761,65.46771],[12.46614,65.46612],[12.4648,65.46579]],[[12.19258,65.47482],[12.19428,65.47481],[12.19467,65.47437],[12.19293,65.4715]],[[12.12185,65.45054],[12.12997,65.45348],[12.1306,65.45292],[12.13153,65.45315],[12.1376,65.4564],[12.13949,65.4575],[12.14009,65.45858],[12.13581,65.45635],[12.1311,65.45484],[12.12972,65.45484],[12.13147,65.45637],[12.13147,65.45764],[12.13759,65.46128],[12.14137,65.46291],[12.14189,65.46272],[12.14082,65.4614],[12.13868,65.46034],[12.13976,65.45933],[12.14226,65.45958],[12.14555,65.46154],[12.145,65.46183],[12.14302,65.4616],[12.14339,65.46277]],[[12.03996,65.46201],[12.04216,65.46143],[12.03377,65.45906],[12.03217,65.45947],[12.03079,65.45915],[12.02979,65.45824],[12.02457,65.45625],[12.02133,65.45564],[12.02021,65.45629],[12.01807,65.45518],[12.01341,65.45464],[12.01492,65.45603],[12.0163,65.45648],[12.03241,65.45992],[12.03996,65.46201]],[[12.28483,65.46182],[12.28368,65.46023],[12.28017,65.45993],[12.28003,65.46082],[12.27543,65.45978],[12.27373,65.45974],[12.27734,65.46135],[12.28251,65.46221],[12.28294,65.46262],[12.28147,65.46276],[12.28151,65.46311],[12.28594,65.4645],[12.28938,65.46695]],[[12.62648,65.45477],[12.62194,65.45564],[12.61618,65.45841],[12.61624,65.45889],[12.61307,65.46091],[12.60888,65.46278],[12.60728,65.46287],[12.60511,65.46376],[12.60167,65.46713],[12.60238,65.46737],[12.60489,65.4671],[12.62485,65.47278]],[[12.24322,65.46421],[12.24131,65.46423],[12.24082,65.46492],[12.24607,65.46662],[12.24721,65.46664],[12.24763,65.46563],[12.24633,65.46482],[12.24322,65.46421]],[[12.35246,65.46861],[12.35368,65.46766],[12.3525,65.46589],[12.34682,65.46344],[12.34604,65.46179],[12.34238,65.45956],[12.32974,65.4568],[12.3247,65.45462],[12.31888,65.45276],[12.31241,65.45202],[12.30713,65.45038],[12.30557,65.44866],[12.30341,65.44764]],[[12.30133,65.46782],[12.2985,65.46439],[12.29735,65.46416],[12.29482,65.46244],[12.29227,65.4616],[12.28716,65.46183]],[[12.20633,65.46235],[12.21457,65.46628]],[[12.01881,65.46213],[12.01382,65.46091],[12.01685,65.46242],[12.01851,65.46255],[12.01881,65.46213]],[[12.21528,65.46603],[12.21455,65.46525],[12.22017,65.46667],[12.22155,65.4655],[12.22078,65.46377],[12.21683,65.46293],[12.21217,65.46253],[12.2105,65.46341],[12.20743,65.46122]],[[12.14301,65.46541],[12.13815,65.46217],[12.13713,65.46177],[12.13581,65.46201],[12.13281,65.46007],[12.12811,65.4587],[12.12851,65.45835],[12.13147,65.45855],[12.12548,65.45481]],[[12.1936,65.46531],[12.18918,65.46155],[12.18772,65.46158],[12.19001,65.46466],[12.19348,65.46637]],[[12.19326,65.46851],[12.1918,65.46767],[12.19147,65.46805],[12.19312,65.46972]],[[12.18854,65.46704],[12.18475,65.46321],[12.18179,65.46127],[12.18102,65.4613],[12.18082,65.46193],[12.17942,65.46117],[12.17802,65.46122],[12.17833,65.46264],[12.18069,65.46413],[12.18116,65.46717],[12.18254,65.46767],[12.18377,65.46965]],[[12.31679,65.47403],[12.31593,65.47388],[12.31622,65.47451],[12.32068,65.4765],[12.32085,65.47543],[12.31679,65.47403]],[[12.04127,65.46348],[12.03721,65.46196],[12.03174,65.46067],[12.02836,65.46074],[12.0132,65.45741],[12.01229,65.45649],[12.01085,65.45605],[12.00307,65.4542],[12.00157,65.45427],[12.00217,65.45522],[12.00752,65.45674],[12.00701,65.45694],[12.0046,65.4565],[12.00431,65.45683],[12.01853,65.46106],[12.02618,65.46264],[12.0276,65.46275],[12.0286,65.46242],[12.02439,65.4611],[12.02075,65.46049],[12.01896,65.45983],[12.01936,65.45957],[12.02737,65.46175],[12.03266,65.46229],[12.03322,65.46299],[12.0346,65.46333],[12.03672,65.46333],[12.03853,65.46383],[12.04055,65.46386],[12.04127,65.46348]],[[12.64283,65.47444],[12.63848,65.47452]],[[12.05851,65.46165],[12.05752,65.46123],[12.057,65.45954],[12.05212,65.45485],[12.04671,65.45241],[12.044,65.45227],[12.04264,65.45264],[12.03626,65.45064],[12.0334,65.45034],[12.0338,65.45102],[12.03789,65.45221],[12.03872,65.45288],[12.03781,65.45308],[12.02271,65.44825],[12.02262,65.45001],[12.02383,65.45185],[12.02837,65.45422],[12.03089,65.45492],[12.03234,65.45475],[12.03874,65.45754],[12.04156,65.45764],[12.04374,65.45911],[12.04943,65.4597],[12.0492,65.46005],[12.04718,65.4601],[12.04962,65.46149],[12.05175,65.46141],[12.05541,65.46365],[12.06102,65.46474],[12.06127,65.46373],[12.05851,65.46165]],[[12.14339,65.46277],[12.14642,65.46633],[12.14574,65.46638],[12.14422,65.46526],[12.14301,65.46541]],[[12.12423,65.45879],[12.1239,65.46013],[12.12505,65.46205],[12.12844,65.46439],[12.12722,65.46478],[12.12812,65.46636]],[[12.05891,65.46497],[12.05469,65.46456],[12.06529,65.4675],[12.06313,65.46575],[12.05891,65.46497]],[[12.65211,65.4756],[12.64599,65.47441],[12.64283,65.47444]],[[12.0308,65.46384],[12.02493,65.46303],[12.02689,65.46383],[12.03282,65.46467],[12.0308,65.46384]],[[12.16491,65.46728],[12.16024,65.46513],[12.15887,65.46508],[12.15638,65.46348]],[[12.35246,65.46861],[12.35137,65.46912],[12.34611,65.46809],[12.34672,65.46952],[12.34405,65.4695],[12.33985,65.46891],[12.33604,65.46776],[12.335,65.46866],[12.33972,65.47053],[12.33666,65.47008]],[[12.04545,65.46468],[12.04373,65.46399],[12.04247,65.4644],[12.04296,65.46496],[12.04669,65.46594],[12.04853,65.46568],[12.04782,65.46515],[12.04545,65.46468]],[[12.08619,65.45997],[12.08278,65.45746],[12.07894,65.45688],[12.07665,65.4571],[12.07459,65.45831],[12.07555,65.46096],[12.07768,65.46303],[12.077,65.46378],[12.08392,65.46704],[12.08557,65.46556]],[[12.60416,65.47629],[12.59875,65.47443],[12.59538,65.47411],[12.59325,65.4745],[12.59024,65.47621]],[[12.22907,65.47059],[12.23054,65.47033],[12.2288,65.46758],[12.23372,65.46779],[12.23446,65.46526],[12.23314,65.46388],[12.23154,65.46361],[12.23027,65.46386],[12.22636,65.46316],[12.2332,65.46681],[12.23053,65.46686],[12.22461,65.4636],[12.2229,65.46189]],[[12.30603,65.47224],[12.30133,65.46782]],[[12.25309,65.47055],[12.25244,65.46915],[12.2465,65.46689],[12.24508,65.46725],[12.24613,65.46854],[12.24565,65.46877],[12.24216,65.46687],[12.23747,65.46573],[12.23675,65.46723],[12.23803,65.4697],[12.24036,65.47093],[12.24344,65.47126]],[[12.27925,65.4698],[12.28202,65.47216]],[[12.11389,65.45595],[12.11414,65.45884],[12.11693,65.46153],[12.12439,65.46721],[12.12901,65.46966],[12.12937,65.46936],[12.12813,65.46862],[12.12355,65.46254],[12.12391,65.46186],[12.12291,65.46154],[12.11947,65.45798]],[[12.19293,65.4715],[12.19048,65.47014],[12.19101,65.46909],[12.18854,65.46704]],[[12.27925,65.4698],[12.27745,65.46874],[12.266,65.46693],[12.26499,65.46605],[12.26306,65.46614],[12.2627,65.46675],[12.267,65.469],[12.26483,65.46939],[12.26723,65.47059],[12.2664,65.47197],[12.26757,65.47303]],[[12.29281,65.47385],[12.29159,65.47335],[12.28948,65.47363],[12.28751,65.47304],[12.28586,65.47341],[12.28202,65.47216]],[[12.28938,65.46695],[12.29433,65.46938],[12.29374,65.46951],[12.29095,65.46869],[12.29028,65.46899],[12.29573,65.47159],[12.29684,65.4728],[12.30068,65.47412]],[[12.2364,65.47058],[12.23536,65.47061],[12.23552,65.47204],[12.23621,65.47282],[12.23774,65.473],[12.23913,65.47221],[12.2364,65.47058]],[[12.12812,65.46636],[12.1294,65.46706],[12.12951,65.46797],[12.13371,65.47039],[12.13586,65.47003],[12.13772,65.47079],[12.14198,65.4714],[12.14296,65.47059]],[[12.60416,65.47629],[12.61336,65.47776],[12.61988,65.47936],[12.62422,65.47968]],[[12.30068,65.47412],[12.30627,65.47485],[12.30727,65.47337],[12.30603,65.47224]],[[12.18377,65.46965],[12.18588,65.47151],[12.18572,65.47352],[12.18707,65.4738],[12.18809,65.47331],[12.18981,65.47462],[12.19258,65.47482]],[[12.65211,65.4756],[12.65464,65.47649],[12.65567,65.4779],[12.65812,65.47921],[12.66488,65.48102],[12.66512,65.48144],[12.66431,65.48171]],[[12.15246,65.47297],[12.1519,65.47162],[12.15392,65.47223]],[[12.29281,65.47385],[12.29392,65.47442],[12.29867,65.47504],[12.30048,65.47604]],[[12.16419,65.47308],[12.16504,65.47289],[12.17414,65.47472],[12.17575,65.47448],[12.17599,65.47365],[12.17852,65.47395],[12.17643,65.47292],[12.17899,65.47284],[12.17639,65.47127],[12.17688,65.46904],[12.17859,65.4681],[12.18056,65.46939],[12.17922,65.47011],[12.1792,65.47157],[12.18158,65.47323],[12.18316,65.47365],[12.18428,65.47334],[12.18169,65.47187],[12.18264,65.47155],[12.18262,65.47088],[12.17876,65.4647],[12.17711,65.46426],[12.17701,65.46547],[12.17577,65.46523],[12.17352,65.46168],[12.17079,65.45973],[12.17072,65.45815],[12.16964,65.45693],[12.16735,65.45616],[12.16597,65.45475],[12.16532,65.45476],[12.16506,65.45522],[12.16727,65.45749],[12.16818,65.46136],[12.16742,65.46119],[12.16377,65.45652],[12.16177,65.45601],[12.16163,65.45492],[12.15972,65.45397],[12.15664,65.45349],[12.15595,65.45372],[12.15579,65.45522],[12.15917,65.45777],[12.16157,65.46146],[12.16429,65.46262],[12.16362,65.46297],[12.1622,65.46252],[12.1616,65.46289],[12.16839,65.46707],[12.1704,65.46711],[12.17582,65.4699],[12.17575,65.47063],[12.17484,65.47049],[12.17326,65.47099],[12.17505,65.47186],[12.17473,65.4722],[12.17159,65.4721],[12.16905,65.47055],[12.17001,65.46986],[12.16491,65.46728]],[[12.1655,65.47477],[12.16601,65.47444],[12.16419,65.47308]],[[12.08516,65.46927],[12.07967,65.46752],[12.07731,65.46724],[12.07368,65.46539],[12.07275,65.46541],[12.07304,65.46688],[12.07478,65.46852],[12.07328,65.4688],[12.07323,65.4701],[12.07632,65.47116],[12.07857,65.47257],[12.08319,65.47355],[12.08457,65.47458]],[[12.2057,65.47556],[12.20463,65.47559],[12.20449,65.47643],[12.20673,65.47735],[12.20687,65.47632],[12.2057,65.47556]],[[12.62544,65.47983],[12.62768,65.48017],[12.63043,65.47957],[12.63309,65.47951],[12.63281,65.4817],[12.63596,65.48315],[12.64423,65.48455],[12.65047,65.48502],[12.65351,65.48454],[12.65569,65.48266],[12.65776,65.48178],[12.66431,65.48171]],[[12.19312,65.46972],[12.19578,65.47162],[12.19475,65.472],[12.19568,65.47419],[12.20002,65.4753],[12.20413,65.47765],[12.20222,65.4754],[12.19734,65.47242],[12.19326,65.46851]],[[12.25326,65.47083],[12.26125,65.47477],[12.26958,65.47661],[12.27774,65.47932],[12.27867,65.47836],[12.26877,65.47399],[12.26757,65.47303]],[[12.07074,65.47158],[12.06581,65.46807],[12.06075,65.46752],[12.05919,65.46802],[12.04759,65.4625],[12.04292,65.46158],[12.04224,65.4626],[12.04287,65.463],[12.0492,65.46536],[12.05327,65.46569],[12.05528,65.46779],[12.05948,65.46885],[12.06055,65.46873],[12.06288,65.46983],[12.06233,65.47004],[12.05756,65.46892],[12.05677,65.46913],[12.05748,65.46998],[12.06235,65.47144],[12.06624,65.47172],[12.06824,65.47258],[12.06917,65.47448],[12.07276,65.47559],[12.07384,65.47509],[12.07074,65.47158]],[[12.08516,65.46927],[12.09142,65.47117],[12.09369,65.47284],[12.09867,65.47434],[12.10391,65.47689],[12.10499,65.4768],[12.09856,65.47379],[12.09421,65.47113],[12.08774,65.46857],[12.08692,65.46646],[12.08557,65.46556]],[[12.15246,65.47297],[12.15596,65.47741],[12.15728,65.47798],[12.15746,65.47634],[12.15831,65.47611],[12.15939,65.47638],[12.15994,65.47588],[12.15392,65.47223]],[[12.13478,65.47805],[12.13411,65.47616],[12.13267,65.47514],[12.12885,65.47338],[12.12767,65.47388],[12.12435,65.47149],[12.11822,65.46903],[12.11767,65.46925],[12.12108,65.47282],[12.12013,65.47295],[12.11611,65.4718],[12.11285,65.46834],[12.11362,65.46677],[12.11187,65.46507],[12.10837,65.4636],[12.1032,65.45958]],[[12.05393,65.47485],[12.05298,65.47489],[12.05327,65.47569],[12.05528,65.47659],[12.06609,65.47863],[12.06707,65.47842],[12.0651,65.4775],[12.05745,65.47606],[12.05393,65.47485]],[[12.32702,65.48156],[12.32484,65.48128],[12.32209,65.47861],[12.31733,65.47631],[12.3181,65.47825],[12.31734,65.47845],[12.31298,65.4739],[12.31089,65.47314],[12.30781,65.47076],[12.30622,65.47022],[12.30674,65.4717],[12.3096,65.47346],[12.31255,65.47812],[12.32126,65.4818],[12.32675,65.48354],[12.32702,65.48156]],[[12.14296,65.47059],[12.14458,65.4713],[12.14523,65.47421],[12.1465,65.47527],[12.14982,65.47626],[12.15022,65.4769],[12.14948,65.47701],[12.14843,65.47633],[12.14649,65.47596],[12.14531,65.47615],[12.14575,65.47694],[12.15148,65.47958],[12.1531,65.47992],[12.15321,65.48044],[12.15503,65.48011],[12.15517,65.4795],[12.15785,65.47923],[12.15796,65.47845],[12.15976,65.47846],[12.16091,65.47757],[12.16439,65.47967],[12.16842,65.47954],[12.17223,65.47997],[12.17107,65.47865],[12.16574,65.47565],[12.1655,65.47477]],[[12.09053,65.47943],[12.08457,65.47458]],[[12.14117,65.48039],[12.13478,65.47805]],[[12.14486,65.48046],[12.14694,65.48006],[12.14362,65.47815],[12.14287,65.47849],[12.14439,65.48045]],[[12.21713,65.48181],[12.21453,65.47985],[12.21475,65.47882],[12.21147,65.47655],[12.20912,65.47375],[12.20775,65.47312],[12.20671,65.47311],[12.20578,65.47242],[12.20553,65.47136],[12.2065,65.47092],[12.2038,65.47013],[12.20379,65.47111],[12.20283,65.47121],[12.19952,65.46893],[12.1959,65.46347],[12.19698,65.46231],[12.19511,65.46129],[12.19751,65.46058],[12.19432,65.4586]],[[12.21989,65.49547],[12.21899,65.49547],[12.21897,65.49639],[12.21693,65.49777],[12.21845,65.50046],[12.21953,65.5007],[12.22073,65.49956],[12.21989,65.49547]],[[12.22907,65.47059],[12.22706,65.47037],[12.22753,65.47171],[12.22542,65.47178],[12.23048,65.47368],[12.23123,65.47446],[12.23063,65.47567],[12.22798,65.47618],[12.22591,65.4761],[12.22541,65.47641],[12.22896,65.47774],[12.22759,65.47861],[12.22632,65.4786],[12.22093,65.47721],[12.22426,65.48048],[12.22385,65.48073],[12.22201,65.48054],[12.2218,65.48189]],[[12.23731,65.48218],[12.23566,65.48142],[12.23496,65.48157],[12.23545,65.48214]],[[12.25091,65.48242],[12.24716,65.48095],[12.24582,65.47772],[12.24376,65.47665],[12.24434,65.4755],[12.24283,65.47331],[12.24386,65.47326],[12.24559,65.4744],[12.24628,65.47387],[12.24455,65.47157]],[[12.30662,65.48342],[12.30357,65.48081],[12.30048,65.47604]],[[12.32483,65.48375],[12.31577,65.481],[12.3168,65.48274],[12.31612,65.4829],[12.31394,65.48222],[12.31417,65.48193],[12.31112,65.4804],[12.31043,65.48057],[12.30705,65.47874],[12.30471,65.47821],[12.30961,65.48348]],[[12.3346,65.48392],[12.33081,65.48046],[12.33097,65.47872],[12.32938,65.47863],[12.32887,65.47792],[12.32974,65.47743],[12.33102,65.4776],[12.33133,65.47576],[12.32812,65.47187],[12.32855,65.47046],[12.32702,65.46864],[12.32918,65.46837],[12.33666,65.47008]],[[12.44001,65.48574],[12.4426,65.48463],[12.44282,65.48172],[12.44362,65.48104],[12.45029,65.4799],[12.45319,65.47558],[12.45487,65.47425],[12.45428,65.47239],[12.45311,65.47156],[12.45218,65.46741],[12.45221,65.46645],[12.45393,65.46516],[12.45331,65.46403],[12.4543,65.46326],[12.45196,65.46095],[12.45216,65.46032],[12.44555,65.45843],[12.43825,65.45503],[12.43695,65.45254],[12.43402,65.45106],[12.4342,65.4506],[12.43553,65.4503],[12.43666,65.44814],[12.43511,65.4459],[12.43619,65.44553],[12.43768,65.44585],[12.43997,65.44498],[12.43857,65.44237],[12.44041,65.44085]],[[12.58103,65.48805],[12.58412,65.48417],[12.58183,65.48209],[12.58294,65.48096],[12.58284,65.47973],[12.59024,65.47621]],[[12.32733,65.48568],[12.32483,65.48375]],[[12.07996,65.47922],[12.08296,65.48024],[12.0838,65.48149]],[[12.23876,65.48306],[12.23731,65.48218]],[[12.23545,65.48214],[12.23632,65.4827],[12.2354,65.48318],[12.23584,65.48351]],[[12.06992,65.47924],[12.06554,65.47897],[12.06354,65.47919],[12.06463,65.47976],[12.07067,65.48098],[12.07173,65.48189],[12.07387,65.48201],[12.07346,65.48048],[12.06992,65.47924]],[[12.07746,65.47918],[12.0811,65.48233],[12.08373,65.48208]],[[12.23775,65.50097],[12.23729,65.50123]],[[12.2218,65.48189],[12.22601,65.48332],[12.22738,65.48303],[12.22869,65.48384],[12.2277,65.4844],[12.23124,65.48583],[12.23173,65.48524],[12.22954,65.48394],[12.2307,65.48363],[12.23773,65.48431],[12.23584,65.48351]],[[12.30662,65.48342],[12.30992,65.48724],[12.30776,65.48721]],[[12.21286,65.48173],[12.21572,65.48485],[12.21871,65.48638],[12.21824,65.48498],[12.21607,65.48358],[12.21463,65.48176]],[[12.08626,65.48108],[12.08481,65.48113],[12.08455,65.4815],[12.08543,65.48317],[12.08931,65.48418],[12.0883,65.48217],[12.08626,65.48108]],[[12.17345,65.48313],[12.17221,65.48279],[12.17037,65.48302],[12.17037,65.48353],[12.17484,65.48614],[12.17621,65.48622],[12.17662,65.48492],[12.17319,65.48383],[12.17345,65.48313]],[[12.17947,65.48503],[12.17831,65.48494],[12.17764,65.48558],[12.18112,65.48734],[12.18157,65.4867],[12.17947,65.48503]],[[12.42812,65.49182],[12.433,65.48929],[12.43467,65.4892],[12.43991,65.48579]],[[12.09454,65.48349],[12.09362,65.48353],[12.09222,65.48446],[12.09244,65.48511],[12.09451,65.48607],[12.09876,65.48618],[12.09943,65.48546],[12.09854,65.4845],[12.09454,65.48349]],[[12.1849,65.48402],[12.18347,65.48395],[12.18355,65.48593],[12.18501,65.48833],[12.18618,65.48876],[12.18715,65.48701],[12.1849,65.48402]],[[12.31698,65.49134],[12.30961,65.48348]],[[12.07573,65.48698],[12.07696,65.48636],[12.07605,65.48573],[12.07482,65.48519],[12.07252,65.48532],[12.07499,65.48696],[12.07573,65.48698]],[[12.42597,65.49341],[12.42812,65.49182]],[[12.31103,65.49006],[12.31335,65.49179],[12.31683,65.49232]],[[12.05664,65.48563],[12.05294,65.48468],[12.05224,65.48493],[12.05204,65.48614],[12.05513,65.48794],[12.05774,65.48689],[12.05664,65.48563]],[[12.32806,65.48565],[12.32829,65.48533],[12.32928,65.48537],[12.33615,65.48851],[12.33612,65.48936],[12.33792,65.49012],[12.34,65.49026],[12.34383,65.49331]],[[12.34423,65.49337],[12.34543,65.49276],[12.34358,65.49072],[12.34378,65.48935],[12.34295,65.48845],[12.3346,65.48392]],[[12.26086,65.49225],[12.2597,65.49063],[12.25553,65.48929],[12.25506,65.4885],[12.25238,65.48813],[12.25106,65.48877],[12.25039,65.48748],[12.24506,65.48621],[12.24781,65.48617],[12.24756,65.48556],[12.24304,65.48516],[12.24188,65.48476],[12.24172,65.48383],[12.23876,65.48306]],[[12.21713,65.48181],[12.21977,65.48471],[12.22395,65.48771],[12.22402,65.48952],[12.22566,65.49042],[12.22823,65.49062],[12.2292,65.49177]],[[12.1238,65.49483],[12.11832,65.49396],[12.11998,65.49528],[12.12694,65.49788],[12.12897,65.4991],[12.13166,65.49939],[12.12663,65.49591],[12.1238,65.49483]],[[12.14439,65.48045],[12.14516,65.48215],[12.15305,65.48741],[12.15642,65.48886],[12.1568,65.48717],[12.15834,65.48766],[12.16028,65.49135],[12.16216,65.49185],[12.16093,65.48835],[12.15811,65.48597],[12.15633,65.48597],[12.15416,65.48402],[12.14825,65.48133],[12.14486,65.48046]],[[12.10916,65.4906],[12.10614,65.48864],[12.10501,65.48942],[12.10158,65.48869],[12.09856,65.48705],[12.09569,65.48686],[12.0944,65.48711],[12.09417,65.48757],[12.09761,65.4894],[12.09549,65.48964],[12.09382,65.48894],[12.09253,65.48985],[12.09304,65.49061],[12.09171,65.49048]],[[12.22111,65.48869],[12.22032,65.48878],[12.22076,65.4901],[12.22291,65.4933],[12.22752,65.49564],[12.22929,65.49604],[12.23026,65.49528],[12.22638,65.49371],[12.22397,65.49073],[12.22111,65.48869]],[[12.12624,65.49435],[12.12658,65.49401],[12.12729,65.49414]],[[12.09053,65.47943],[12.0926,65.48125],[12.09973,65.48393],[12.11115,65.49003],[12.11874,65.49176],[12.11992,65.49247],[12.11913,65.49295],[12.1205,65.49379],[12.12146,65.49389],[12.12227,65.49343],[12.12522,65.49456],[12.12624,65.49435]],[[12.09787,65.49221],[12.09379,65.4909],[12.10002,65.4941],[12.09787,65.49221]],[[12.2292,65.49177],[12.23113,65.4943],[12.23527,65.49497],[12.23591,65.49668],[12.23765,65.49711]],[[12.205,65.49455],[12.20406,65.49421],[12.20342,65.49452],[12.20494,65.49675],[12.2057,65.49687],[12.205,65.49455]],[[12.08233,65.49463],[12.08566,65.49437],[12.08265,65.49226],[12.08317,65.49131],[12.08473,65.49022],[12.08626,65.49016],[12.08838,65.48942],[12.08978,65.48798],[12.08678,65.48513],[12.08499,65.48428],[12.08349,65.48423]],[[12.23765,65.49711],[12.24019,65.49958]],[[12.08349,65.48423],[12.07934,65.4838],[12.08228,65.48604],[12.0818,65.48626],[12.0797,65.48592],[12.08096,65.48772],[12.07927,65.48687],[12.07731,65.48476],[12.07542,65.48423],[12.07128,65.48389],[12.068,65.4848],[12.0628,65.48406],[12.0604,65.48467],[12.06165,65.48618],[12.06615,65.48819],[12.07196,65.4876],[12.07539,65.48849],[12.07821,65.48867],[12.07873,65.48832],[12.07736,65.48814],[12.07781,65.48797],[12.07996,65.48854],[12.07973,65.48945],[12.07733,65.48884],[12.07061,65.48852],[12.06943,65.48885],[12.07035,65.48951],[12.07348,65.49005],[12.07153,65.49072],[12.07387,65.4919],[12.07328,65.49265],[12.07396,65.49314],[12.07684,65.49346],[12.07726,65.49414],[12.07977,65.49496],[12.08233,65.49463]],[[12.25091,65.48242],[12.25242,65.48308],[12.25727,65.4837],[12.26262,65.48497],[12.26564,65.48522],[12.26858,65.48472],[12.27184,65.48616],[12.27681,65.4874],[12.27798,65.48862],[12.27435,65.4885],[12.2745,65.48924],[12.28715,65.49552],[12.29782,65.50179]],[[12.24019,65.49958],[12.23993,65.4999],[12.23627,65.49976],[12.23775,65.50097]],[[12.26086,65.49225],[12.26106,65.49315],[12.25981,65.49413],[12.261,65.49498],[12.26212,65.49464],[12.26228,65.49267],[12.26468,65.49168],[12.27186,65.49279],[12.27853,65.49465],[12.283,65.49627],[12.293,65.50213],[12.29761,65.50381]],[[12.12181,65.50073],[12.12426,65.49996],[12.12425,65.4996],[12.1176,65.49599],[12.11695,65.49615],[12.11608,65.49574],[12.11353,65.49328],[12.10916,65.4906]],[[12.40552,65.50626],[12.41218,65.50323],[12.41707,65.49894],[12.41835,65.4982],[12.4203,65.49784],[12.42597,65.49341]],[[12.12729,65.49414],[12.12955,65.49623],[12.13118,65.4965],[12.13208,65.49597],[12.12983,65.49521],[12.13087,65.49491],[12.13741,65.49807],[12.14011,65.49849],[12.14114,65.49808],[12.14454,65.49956],[12.14272,65.49987],[12.14715,65.50166],[12.1462,65.50056],[12.14705,65.50013],[12.14564,65.49902],[12.14082,65.49602],[12.13172,65.49158],[12.12941,65.49015],[12.12993,65.48991],[12.13398,65.49187],[12.13603,65.49209],[12.1446,65.49658],[12.14749,65.49739],[12.14967,65.49719],[12.15409,65.49969],[12.15756,65.50121],[12.15826,65.50113],[12.15663,65.49489],[12.1571,65.49459],[12.15832,65.49493],[12.15903,65.49472],[12.15942,65.49252],[12.15558,65.49021],[12.15543,65.48921],[12.15258,65.48816],[12.14117,65.48039]],[[12.29761,65.50381],[12.30089,65.50454],[12.29782,65.50179]],[[12.09171,65.49048],[12.09055,65.49138],[12.09262,65.49349],[12.0918,65.49367],[12.09071,65.49321],[12.08948,65.49323],[12.09053,65.49417],[12.08932,65.49453],[12.09005,65.49511],[12.09448,65.49593],[12.10247,65.49846],[12.10889,65.49974],[12.11276,65.50158]],[[12.11276,65.50158],[12.11238,65.50183]],[[12.12406,65.51421],[12.122,65.51289],[12.11956,65.51217],[12.12039,65.51337],[12.12225,65.51418],[12.12406,65.51421]],[[12.40245,65.50792],[12.40552,65.50626]],[[12.1536,65.50614],[12.1552,65.50588],[12.15457,65.50519],[12.14818,65.5034],[12.14852,65.50456],[12.15472,65.5075],[12.1536,65.50614]],[[12.13239,65.50812],[12.12268,65.50182],[12.12191,65.50182],[12.12181,65.50073]],[[12.14606,65.50445],[12.14484,65.50446],[12.14498,65.50576],[12.14778,65.50751],[12.14845,65.50893],[12.15056,65.50964],[12.15145,65.51152],[12.15286,65.51245],[12.15719,65.51247],[12.15926,65.51158],[12.15785,65.50948],[12.15615,65.50839],[12.15412,65.5081],[12.151,65.50692],[12.1477,65.50476],[12.14606,65.50445]],[[12.45186,65.53083],[12.45227,65.5298],[12.44913,65.52645],[12.44894,65.52505],[12.44464,65.5239],[12.44143,65.52405],[12.43585,65.52522],[12.42663,65.52781],[12.42473,65.5289],[12.42046,65.5303]],[[12.5807,65.48892],[12.57494,65.49471],[12.56615,65.50175],[12.56368,65.5032],[12.55877,65.50502],[12.54959,65.50668],[12.54923,65.50734],[12.5503,65.50857],[12.5522,65.50941],[12.55876,65.51034],[12.56796,65.51302],[12.56946,65.51403],[12.57132,65.51696],[12.56765,65.51692],[12.56734,65.51721],[12.57001,65.51975],[12.57171,65.52033],[12.57463,65.52059],[12.57651,65.52158],[12.57788,65.5217],[12.58009,65.51996],[12.58934,65.517],[12.59474,65.51733],[12.5972,65.51785],[12.60707,65.52185],[12.62005,65.52559]],[[12.61991,65.52705],[12.62627,65.52871],[12.62726,65.52832],[12.62763,65.52757],[12.62627,65.5267],[12.62005,65.52559]],[[12.15099,65.52315],[12.14776,65.52013],[12.13837,65.51383],[12.13699,65.51182],[12.13449,65.51047],[12.13239,65.50812]],[[12.11238,65.50183],[12.11189,65.50246],[12.11685,65.50673],[12.12015,65.5085],[12.12453,65.50958],[12.12314,65.50988],[12.1234,65.51057],[12.12719,65.51257],[12.12654,65.51306],[12.12708,65.51372],[12.13217,65.51578],[12.13174,65.51602],[12.13005,65.51569],[12.12976,65.51598],[12.13537,65.51896],[12.13417,65.51908],[12.1312,65.51779],[12.13071,65.51846],[12.13584,65.52037],[12.14574,65.52538]],[[12.15329,65.52552],[12.15099,65.52315]],[[12.24583,65.52247],[12.2461,65.52723]],[[12.25296,65.52736],[12.25248,65.52352],[12.24991,65.52032],[12.24616,65.51861],[12.24038,65.51722],[12.23907,65.51828],[12.2396,65.51938],[12.24116,65.52025],[12.24065,65.52104],[12.23927,65.52169],[12.23698,65.52148],[12.23642,65.52237],[12.23902,65.52265],[12.24029,65.5222],[12.24137,65.52266],[12.24455,65.52211],[12.24583,65.52247]],[[12.25405,65.52738],[12.25474,65.5235],[12.25277,65.52091],[12.25318,65.51996],[12.25382,65.51992],[12.25393,65.5205],[12.25561,65.52108],[12.25654,65.5209],[12.25464,65.51838],[12.25305,65.51746],[12.24847,65.51714],[12.24546,65.516],[12.24737,65.51445],[12.24638,65.51396],[12.24582,65.51235],[12.24234,65.51156],[12.24176,65.51105],[12.24097,65.50915],[12.24146,65.50796],[12.23985,65.50513],[12.23558,65.50284],[12.23432,65.501],[12.23516,65.50071],[12.23729,65.50123]],[[12.35268,65.52913],[12.35181,65.52794],[12.35429,65.52826],[12.35669,65.52674],[12.36105,65.52535],[12.36485,65.52299],[12.36795,65.522],[12.37005,65.52074],[12.37224,65.52089],[12.37332,65.52179],[12.37432,65.52187],[12.38715,65.51747],[12.39351,65.51139],[12.39749,65.51023],[12.40245,65.50792]],[[12.09937,65.53669],[12.09761,65.53645],[12.09671,65.53858],[12.09814,65.53951],[12.09926,65.53963],[12.09993,65.53826],[12.09937,65.53669]],[[12.47107,65.53115],[12.46446,65.5279],[12.46255,65.52599],[12.46167,65.5224],[12.45789,65.52022],[12.45776,65.51911],[12.45887,65.51777],[12.46222,65.51559],[12.46738,65.51441],[12.47155,65.51404],[12.47582,65.51249],[12.48781,65.51021],[12.49068,65.50893],[12.4945,65.50841],[12.50599,65.50924],[12.51311,65.51211]],[[12.55261,65.53249],[12.54732,65.53033],[12.54341,65.5274],[12.54098,65.52675],[12.53852,65.52262],[12.53252,65.51894],[12.5267,65.51638],[12.52608,65.51551],[12.51311,65.51211]],[[12.58075,65.53294],[12.57804,65.53199],[12.57793,65.53128],[12.57979,65.52952],[12.58637,65.52711],[12.58709,65.5262],[12.58977,65.5252],[12.59123,65.52367],[12.59245,65.52329],[12.6019,65.52432],[12.60754,65.52432],[12.6173,65.52604],[12.61991,65.52705]],[[12.58075,65.53294],[12.58221,65.53296]],[[12.42046,65.5303],[12.41923,65.53099]],[[12.41923,65.53099],[12.41882,65.53307]],[[12.15639,65.52609],[12.15551,65.52647],[12.16108,65.53036],[12.16088,65.52943],[12.15876,65.52826],[12.15888,65.52759],[12.15639,65.52609]],[[12.12075,65.52889],[12.11964,65.52925],[12.12242,65.5304],[12.12263,65.52938],[12.12075,65.52889]],[[12.14864,65.52769],[12.14933,65.52828],[12.15071,65.52782],[12.15202,65.52852],[12.15273,65.5284],[12.1595,65.53174],[12.15967,65.53113],[12.15759,65.53004],[12.15745,65.52899],[12.15329,65.52552]],[[12.07865,65.52752],[12.07548,65.52681],[12.07832,65.53049]],[[12.40245,65.53708],[12.40847,65.53581],[12.41477,65.53549],[12.41821,65.53412],[12.41882,65.53307]],[[12.2461,65.52723],[12.24665,65.52898],[12.25014,65.53106],[12.25132,65.53303],[12.25444,65.53552]],[[12.14919,65.53139],[12.14735,65.53177],[12.14968,65.53372],[12.14919,65.53139]],[[12.07832,65.53049],[12.08232,65.53296],[12.08453,65.53294],[12.08605,65.53092],[12.08524,65.5299],[12.08351,65.52919],[12.08361,65.52822],[12.08119,65.52878],[12.07988,65.52816],[12.08038,65.52793],[12.07865,65.52752]],[[12.15502,65.53345],[12.15191,65.53259],[12.15202,65.53418],[12.15488,65.53492],[12.15582,65.53472],[12.15502,65.53345]],[[12.17784,65.53331],[12.17607,65.53319],[12.17564,65.5336],[12.17898,65.53564],[12.18003,65.53508],[12.17784,65.53331]],[[12.1549,65.53573],[12.15266,65.53496],[12.15171,65.53613],[12.15564,65.53712],[12.15567,65.53589],[12.1549,65.53573]],[[12.09398,65.53789],[12.09577,65.53778],[12.09614,65.5374],[12.0955,65.53674],[12.09328,65.53643],[12.09058,65.53813],[12.09201,65.53917],[12.09398,65.53789]],[[12.25272,65.5418],[12.24919,65.54144],[12.24296,65.53645],[12.24192,65.53628],[12.24144,65.53664],[12.24317,65.53868],[12.24151,65.53998],[12.24411,65.54249]],[[12.17893,65.53976],[12.17709,65.53904],[12.17804,65.54111],[12.18143,65.54294],[12.18152,65.54202],[12.17893,65.53976]],[[12.12162,65.54119],[12.11912,65.54086],[12.11885,65.54195],[12.12184,65.54256],[12.12244,65.54215],[12.12162,65.54119]],[[12.25272,65.5418],[12.25575,65.54411],[12.25978,65.54519],[12.25857,65.54297],[12.25579,65.54075],[12.25568,65.53952],[12.25397,65.53806],[12.25401,65.53744],[12.2555,65.53745],[12.25444,65.53552]],[[12.24411,65.54249],[12.24458,65.54319],[12.24333,65.54296],[12.2423,65.54363],[12.24457,65.54534],[12.24229,65.54482]],[[12.40245,65.53708],[12.39543,65.54139],[12.39528,65.54288],[12.39723,65.54469],[12.39151,65.54718],[12.38989,65.54849]],[[12.08567,65.54024],[12.08463,65.54028],[12.08537,65.54148],[12.08773,65.54312],[12.08698,65.54103],[12.08567,65.54024]],[[12.1092,65.54581],[12.10996,65.54548],[12.11419,65.54567],[12.11416,65.54484],[12.11336,65.54461],[12.11237,65.54294],[12.11087,65.5428],[12.11079,65.54361],[12.10946,65.54403],[12.10725,65.54206],[12.10572,65.54199],[12.10582,65.54304],[12.10761,65.54402],[12.10671,65.54455],[12.10681,65.54583],[12.10869,65.54617],[12.1092,65.54581]],[[12.47107,65.53115],[12.47333,65.53241],[12.47502,65.53437],[12.48149,65.5384],[12.48875,65.54175],[12.48903,65.54285],[12.49393,65.54403],[12.49301,65.5449],[12.50269,65.55125],[12.50562,65.55263],[12.50917,65.5534]],[[12.09756,65.54404],[12.10123,65.54388],[12.09817,65.54033],[12.09622,65.53991],[12.09601,65.54086],[12.09097,65.53988],[12.09115,65.54135],[12.09417,65.54294],[12.09341,65.54344],[12.09647,65.54618],[12.09879,65.54711],[12.09877,65.54631],[12.10077,65.54563],[12.09781,65.54484],[12.09756,65.54404]],[[12.23444,65.54512],[12.23191,65.54298],[12.23021,65.54295],[12.23046,65.54401],[12.2315,65.54424],[12.23148,65.54532],[12.23025,65.54593],[12.2318,65.55059],[12.23367,65.5526],[12.23634,65.55413],[12.23796,65.55433],[12.2371,65.55266],[12.23903,65.55379]],[[12.38642,65.55902],[12.3846,65.56136],[12.38533,65.56329],[12.38232,65.56408],[12.38066,65.56701],[12.3831,65.5679],[12.38496,65.57044],[12.39334,65.57197],[12.3953,65.57321],[12.39877,65.57394]],[[12.45186,65.53083],[12.455,65.53385],[12.45973,65.53481],[12.46932,65.53992],[12.47005,65.54154],[12.47452,65.54357],[12.47682,65.54548],[12.48073,65.54716],[12.48334,65.54723],[12.48971,65.55162],[12.49949,65.55661],[12.50105,65.55804],[12.50689,65.55869],[12.50861,65.55923]],[[12.31822,65.55725],[12.31846,65.55598],[12.32094,65.55478],[12.3226,65.55297],[12.32625,65.55185],[12.3268,65.54915],[12.32415,65.54739],[12.32447,65.5465],[12.32632,65.54607],[12.32778,65.54513],[12.32788,65.54267],[12.32662,65.54058],[12.32489,65.5393],[12.32689,65.53747],[12.33036,65.5362],[12.33139,65.53509],[12.33545,65.5364],[12.34303,65.53225],[12.34653,65.53164],[12.34914,65.53192],[12.35191,65.53122],[12.35276,65.53066],[12.35268,65.52913]],[[12.38989,65.54849],[12.38629,65.5535],[12.38562,65.55768],[12.38642,65.55902]],[[12.50836,65.56187],[12.50937,65.56171],[12.50987,65.56107],[12.50975,65.55995],[12.50861,65.55923]],[[12.50836,65.56187],[12.50774,65.56207],[12.50825,65.56296]],[[12.24597,65.56212],[12.24277,65.55951],[12.24239,65.55815],[12.23885,65.556],[12.23733,65.55551],[12.23575,65.55561]],[[12.23903,65.55379],[12.24066,65.55491],[12.24784,65.5574],[12.2458,65.55782],[12.245,65.55863],[12.24523,65.56013],[12.24723,65.56237]],[[12.26035,65.56283],[12.25326,65.5596],[12.25236,65.55976],[12.25188,65.56056],[12.2512,65.56052],[12.25096,65.55898],[12.24904,65.55797],[12.25083,65.55771],[12.2434,65.5542],[12.24393,65.5537],[12.23805,65.54908],[12.23444,65.54512]],[[12.23575,65.55561],[12.23251,65.55392],[12.22919,65.55317],[12.23364,65.55721],[12.23886,65.55931],[12.23789,65.55979],[12.23936,65.56089],[12.24354,65.56271],[12.2442,65.56208],[12.24554,65.56235],[12.24597,65.56212]],[[12.32323,65.56583],[12.32325,65.56292],[12.32063,65.5622],[12.31989,65.56106],[12.32016,65.55973],[12.32123,65.55918],[12.31876,65.55812],[12.31822,65.55725]],[[12.26636,65.56553],[12.26035,65.56283]],[[12.26636,65.56553],[12.2677,65.56512],[12.25791,65.56048],[12.25243,65.55707],[12.25413,65.55683],[12.26396,65.56147],[12.27201,65.56296],[12.27534,65.56326],[12.27565,65.56296],[12.2649,65.55978],[12.25929,65.55729],[12.25628,65.55492],[12.25062,65.5534],[12.24997,65.55285],[12.2481,65.55276],[12.24457,65.55126],[12.23876,65.54555],[12.23884,65.54496],[12.24069,65.54448],[12.24229,65.54482]],[[12.25753,65.57233],[12.25499,65.57029],[12.24928,65.5673],[12.24927,65.56684],[12.25135,65.56687],[12.25358,65.56838],[12.25545,65.5686],[12.2526,65.56615],[12.25033,65.56594],[12.24723,65.56237]],[[12.32626,65.57356],[12.32411,65.57089],[12.32442,65.56885],[12.3234,65.56773],[12.32323,65.56583]],[[12.40157,65.57487],[12.39877,65.57394]],[[12.52013,65.57685],[12.51714,65.57425],[12.51377,65.57293],[12.51326,65.56937],[12.50825,65.56296]],[[12.53476,65.57709],[12.53175,65.57553],[12.53095,65.57426],[12.53223,65.574],[12.53558,65.57416],[12.53529,65.57246],[12.52541,65.56724],[12.51955,65.56486],[12.51923,65.56341],[12.52095,65.56162],[12.52062,65.55969],[12.5218,65.55815],[12.52053,65.5549],[12.51952,65.55462],[12.51847,65.55488],[12.51638,65.5547],[12.51506,65.55398],[12.50917,65.5534]],[[12.55811,65.57746],[12.55782,65.57613],[12.55614,65.57506],[12.55393,65.57696],[12.55308,65.57684],[12.55259,65.5759],[12.55151,65.5722],[12.55372,65.57013],[12.55374,65.56935],[12.55158,65.56614],[12.55113,65.56318],[12.54963,65.5623],[12.55018,65.56066],[12.54825,65.55762],[12.55282,65.54961],[12.55306,65.54653],[12.55176,65.54422],[12.55511,65.53564],[12.5545,65.53409],[12.55261,65.53249]],[[12.56785,65.57762],[12.56612,65.57435],[12.5686,65.5723],[12.57052,65.57209],[12.57157,65.57147],[12.57414,65.56586],[12.57102,65.56212],[12.56712,65.55989],[12.56709,65.55609],[12.57101,65.55151],[12.5712,65.54776],[12.57322,65.54534],[12.57561,65.54301],[12.57902,65.54232],[12.57996,65.5384],[12.58403,65.53578],[12.58492,65.53375],[12.58329,65.53298]],[[12.31765,65.57857],[12.31895,65.57866],[12.32086,65.57949],[12.32398,65.57787],[12.32626,65.57356]],[[12.54084,65.58528],[12.54069,65.58142],[12.53855,65.57835],[12.53476,65.57709]],[[12.52013,65.57685],[12.52252,65.57968],[12.52485,65.58084],[12.5269,65.58144],[12.53013,65.58094],[12.5333,65.58149],[12.53892,65.5855]],[[12.56722,65.58725],[12.56958,65.586],[12.57184,65.58565],[12.57249,65.5848],[12.57092,65.5839],[12.57032,65.58263],[12.57156,65.5811],[12.56785,65.57762]],[[12.5646,65.5876],[12.56722,65.58725]],[[12.55811,65.57746],[12.56103,65.58185],[12.56157,65.58748],[12.5646,65.5876]],[[12.30062,65.58434],[12.30202,65.58317],[12.30191,65.58204],[12.30438,65.58345],[12.30726,65.58374],[12.30773,65.58288],[12.31101,65.58156],[12.31395,65.5793]],[[12.25753,65.57233],[12.26389,65.57536],[12.2656,65.57789],[12.26907,65.57846],[12.27015,65.57952],[12.28895,65.58724]],[[12.28895,65.58724],[12.29223,65.58847],[12.29329,65.58841],[12.29922,65.58629],[12.30062,65.58434]],[[12.39795,65.58219],[12.39906,65.58297],[12.40192,65.58373],[12.40188,65.5847],[12.40302,65.5857],[12.40982,65.58827],[12.4127,65.5888],[12.41453,65.59003],[12.41619,65.59041],[12.41943,65.59003],[12.42062,65.59076],[12.42298,65.59067],[12.42127,65.58921],[12.41729,65.58911],[12.41517,65.58782],[12.41436,65.5865],[12.4153,65.58571],[12.41182,65.58291],[12.40556,65.58121],[12.40409,65.57988],[12.40511,65.57846],[12.40444,65.57659],[12.40157,65.57487]],[[12.03014,65.58111],[12.02729,65.58187],[12.02966,65.58268],[12.02996,65.58349],[12.03109,65.58394],[12.03167,65.58163],[12.03014,65.58111]],[[12.02853,65.58616],[12.02691,65.586],[12.02563,65.58668],[12.02584,65.58818],[12.02665,65.58836],[12.03024,65.58747],[12.03013,65.5869],[12.02853,65.58616]],[[12.36846,65.59961],[12.37022,65.599],[12.37105,65.59806],[12.36857,65.59523],[12.37069,65.59291],[12.37226,65.58924],[12.37084,65.58621],[12.37439,65.5844],[12.37703,65.58152],[12.37957,65.58103],[12.38118,65.58111],[12.38216,65.58066],[12.38291,65.57905],[12.38688,65.5783],[12.39068,65.57813],[12.39156,65.57712],[12.39221,65.5777],[12.39122,65.5785],[12.39234,65.57934],[12.39566,65.58037],[12.39795,65.58219]],[[12.13214,65.60594],[12.1329,65.60673],[12.13172,65.60642]],[[12.12311,65.60614],[12.12236,65.60597],[12.12129,65.60635],[12.12387,65.60808],[12.12433,65.60767],[12.12311,65.60614]],[[12.36846,65.59961],[12.36689,65.60021],[12.36526,65.60421],[12.36379,65.60457],[12.36238,65.60436],[12.3615,65.60479],[12.36271,65.60611],[12.36505,65.60671],[12.36465,65.60801],[12.36232,65.60968],[12.36389,65.61357]],[[12.29993,65.61216],[12.29779,65.61214],[12.29677,65.61261],[12.29875,65.61336],[12.30147,65.61369],[12.30158,65.61287],[12.29993,65.61216]],[[12.36631,65.61915],[12.36734,65.62756],[12.36653,65.6287]],[[12.27536,65.6254],[12.2734,65.62554],[12.27317,65.62671],[12.27428,65.62733],[12.27609,65.62639],[12.27536,65.6254]],[[12.16721,65.61557],[12.16627,65.61477],[12.1666,65.61367],[12.1609,65.60919],[12.15842,65.60632],[12.15332,65.60291],[12.15073,65.6019],[12.14942,65.60244],[12.14985,65.60461],[12.149,65.60479],[12.14738,65.60225],[12.14575,65.60111],[12.14736,65.60038],[12.14654,65.59946],[12.14155,65.59781],[12.14012,65.59671],[12.13119,65.59593],[12.12907,65.59472],[12.12524,65.59425],[12.12336,65.59533],[12.12379,65.59653],[12.12705,65.59733],[12.12571,65.5981],[12.12683,65.5996],[12.1318,65.60125],[12.13343,65.60308],[12.13162,65.60389],[12.13214,65.60594]],[[12.12921,65.61486],[12.12703,65.61422],[12.12542,65.61479]],[[12.16721,65.61557],[12.17064,65.61797],[12.17122,65.6192],[12.17372,65.62114],[12.17616,65.62672]],[[12.14105,65.63064],[12.13591,65.62809],[12.13355,65.62761],[12.13336,65.62823],[12.13687,65.63023],[12.13426,65.62965],[12.13512,65.63066],[12.14038,65.6311],[12.14105,65.63064]],[[12.13172,65.60642],[12.12988,65.60591],[12.13048,65.60442],[12.12517,65.60416],[12.12565,65.60541],[12.1269,65.6059],[12.12512,65.60653],[12.1254,65.60798],[12.12788,65.60911],[12.12841,65.61068],[12.13442,65.61132],[12.13291,65.61173],[12.13278,65.61281],[12.1297,65.61166],[12.12748,65.61194],[12.12783,65.61313],[12.13072,65.61418],[12.13091,65.61489]],[[12.30334,65.61805],[12.30506,65.61642],[12.30458,65.61507],[12.30046,65.61396],[12.29946,65.61416],[12.30057,65.61463],[12.30102,65.6156],[12.30013,65.61586],[12.29518,65.61485],[12.29258,65.6147],[12.2923,65.6156],[12.29089,65.61624],[12.29209,65.61785]],[[12.36631,65.61915],[12.36464,65.61691],[12.36389,65.61357]],[[12.12542,65.61479],[12.12588,65.61564],[12.12922,65.61623],[12.12921,65.61486]],[[12.29209,65.61785],[12.29574,65.61961],[12.29816,65.61945],[12.30215,65.62028],[12.30565,65.62037],[12.30584,65.62009],[12.30278,65.61914],[12.30334,65.61805]],[[12.34738,65.6192],[12.34597,65.61946],[12.34537,65.62021],[12.34767,65.62187],[12.34885,65.62195],[12.34973,65.62105],[12.34738,65.6192]],[[12.3023,65.62195],[12.29761,65.62092],[12.29625,65.62008],[12.29385,65.62024],[12.29335,65.62126],[12.29445,65.62178],[12.29551,65.62175],[12.29786,65.62356],[12.30382,65.62469],[12.30553,65.6246],[12.30408,65.62266],[12.3023,65.62195]],[[12.35376,65.62342],[12.35011,65.62339],[12.34997,65.62407],[12.35187,65.62564],[12.35399,65.62551],[12.3545,65.62507],[12.35469,65.62384],[12.35376,65.62342]],[[12.71814,65.64132],[12.72067,65.64119],[12.72444,65.63984],[12.72842,65.64049],[12.73178,65.63939],[12.73611,65.63993],[12.74396,65.63893],[12.74462,65.63806],[12.74429,65.63654],[12.74579,65.63515],[12.7451,65.6331],[12.74727,65.63273],[12.74683,65.63071]],[[12.75121,65.64491],[12.75473,65.64439],[12.75817,65.64438],[12.76113,65.64379],[12.76372,65.64256],[12.76279,65.64164],[12.76332,65.64087],[12.76617,65.63941],[12.76819,65.63899],[12.77928,65.63839],[12.78373,65.63647],[12.7858,65.63603],[12.78974,65.63358],[12.78916,65.63338],[12.78501,65.63414],[12.77977,65.63278],[12.77289,65.63283],[12.76071,65.63463],[12.75919,65.63418],[12.75778,65.63152],[12.75524,65.62892],[12.75231,65.62918],[12.74981,65.63079],[12.74906,65.63073]],[[12.66009,65.64585],[12.66478,65.64644]],[[12.17496,65.63778],[12.17489,65.63847]],[[12.17496,65.63778],[12.17639,65.63786],[12.17714,65.63901]],[[12.17585,65.63918],[12.17489,65.63847]],[[12.66478,65.64644],[12.67195,65.6477],[12.67687,65.64622],[12.6815,65.64627],[12.68581,65.64689],[12.69228,65.64528],[12.69785,65.64096],[12.69841,65.64144],[12.69734,65.64322],[12.698,65.6449],[12.70127,65.64503],[12.7053,65.64469],[12.70779,65.64505],[12.71351,65.64403],[12.71446,65.64288],[12.71329,65.64205],[12.71407,65.64081],[12.71549,65.64044],[12.71814,65.64132]],[[12.71734,65.65044],[12.71991,65.64917],[12.71925,65.6472],[12.72418,65.64554],[12.72701,65.64599],[12.72832,65.64583],[12.72796,65.6451],[12.72888,65.64461],[12.7348,65.64462],[12.74149,65.64368],[12.74443,65.64361],[12.75003,65.64465]],[[12.17455,65.64159],[12.17578,65.64192],[12.17823,65.64183],[12.17585,65.63918]],[[12.17455,65.64159],[12.17448,65.64217]],[[12.17714,65.63901],[12.18114,65.64188],[12.18267,65.64239],[12.1836,65.64385],[12.18471,65.64435],[12.18444,65.64222],[12.18172,65.64044],[12.18378,65.63945],[12.18351,65.6383],[12.18115,65.63599],[12.1814,65.63513],[12.18246,65.63476],[12.18245,65.63367],[12.18067,65.63034],[12.17616,65.62672]],[[12.36955,65.6641],[12.3686,65.66278],[12.36642,65.66255],[12.36448,65.66142],[12.36221,65.65845],[12.35581,65.65384],[12.34859,65.65151],[12.33214,65.64899],[12.32746,65.64903],[12.32509,65.64951]],[[12.39338,65.66451],[12.38993,65.66215]],[[12.02132,65.63867],[12.01955,65.63829],[12.01687,65.63935],[12.01894,65.64099],[12.02125,65.64153],[12.02187,65.64136],[12.02132,65.63867]],[[12.15433,65.64182],[12.1488,65.64071],[12.14886,65.64158],[12.15127,65.6432],[12.15594,65.64457],[12.15678,65.6437],[12.15433,65.64182]],[[12.17419,65.64483],[12.17652,65.64492],[12.17911,65.6438],[12.17783,65.64296],[12.17448,65.64217]],[[12.0028,65.6405],[12.00126,65.64056],[12.0011,65.64215],[12.00315,65.64307],[12.00421,65.64268],[12.00492,65.64135],[12.0028,65.6405]],[[12.13091,65.61489],[12.13042,65.61674],[12.12625,65.6171],[12.12576,65.6175],[12.12883,65.62041],[12.13252,65.62224],[12.13264,65.62293],[12.13623,65.6235],[12.13487,65.6241],[12.13227,65.62417],[12.13207,65.6246],[12.13882,65.62657],[12.13955,65.62706],[12.13827,65.62731],[12.13856,65.62785],[12.14166,65.62923],[12.14364,65.63122],[12.1476,65.63175],[12.14719,65.63269],[12.14858,65.63349],[12.15563,65.63618],[12.16102,65.63708],[12.16015,65.63819],[12.1615,65.63849],[12.16322,65.63998],[12.16261,65.64013],[12.1598,65.63922],[12.15985,65.641],[12.15433,65.63838],[12.1519,65.63818],[12.15262,65.63955],[12.15662,65.64138],[12.15616,65.6421],[12.1575,65.64331],[12.16033,65.64412],[12.16004,65.64541],[12.16103,65.64637],[12.16589,65.64753],[12.16876,65.64713],[12.16993,65.64567],[12.16884,65.64368],[12.1694,65.64322],[12.17176,65.64353],[12.17419,65.64483]],[[12.02438,65.64591],[12.02306,65.64561],[12.0208,65.64572],[12.0192,65.64472],[12.01764,65.64502],[12.0183,65.64658],[12.01922,65.64695],[12.02359,65.64701],[12.025,65.64648],[12.02438,65.64591]],[[12.01651,65.64797],[12.01489,65.64786],[12.01323,65.64666],[12.0127,65.64486],[12.01049,65.64482],[12.00975,65.64722],[12.01388,65.64849],[12.01651,65.64797]],[[12.32509,65.64951],[12.3187,65.64964],[12.30808,65.65182],[12.3055,65.65318],[12.3046,65.65506]],[[12.01919,65.64838],[12.01842,65.64815],[12.01558,65.64876],[12.01581,65.64945],[12.01872,65.64971],[12.01919,65.64838]],[[12.36653,65.6287],[12.36346,65.62981],[12.36425,65.63128],[12.36156,65.63159],[12.35658,65.62808],[12.35442,65.62813],[12.34877,65.62683],[12.3478,65.62724],[12.35129,65.63062],[12.35513,65.63282],[12.35561,65.6349],[12.36048,65.63781],[12.36214,65.64028],[12.36301,65.64077],[12.36608,65.64103],[12.36968,65.64291],[12.36931,65.64392],[12.36659,65.64421],[12.36692,65.64557],[12.36766,65.64592],[12.36946,65.64521],[12.37076,65.6455],[12.37779,65.6515],[12.37879,65.65346],[12.38506,65.6584]],[[12.1795,65.65649],[12.18145,65.65621],[12.17735,65.65518],[12.17652,65.65603],[12.17782,65.65654],[12.1795,65.65649]],[[12.3046,65.65506],[12.30291,65.65718],[12.30401,65.65922]],[[12.17644,65.66064],[12.17476,65.65947],[12.17256,65.65983]],[[12.08303,65.65439],[12.08134,65.65403],[12.07976,65.65426],[12.08075,65.65567],[12.0831,65.65575],[12.08359,65.65469],[12.08303,65.65439]],[[12.6079,65.65805],[12.60551,65.65698],[12.6064,65.65901],[12.60551,65.66007],[12.60568,65.66288],[12.60318,65.66312],[12.60546,65.6649],[12.60667,65.66481],[12.60647,65.66391],[12.60743,65.66313]],[[12.60711,65.66653],[12.60851,65.66592],[12.6111,65.66731],[12.61202,65.66657],[12.61009,65.66317],[12.60911,65.66266],[12.60743,65.66313]],[[12.60633,65.668],[12.60711,65.66653]],[[12.61751,65.66975],[12.61543,65.67005],[12.61881,65.67182],[12.61885,65.67022],[12.61751,65.66975]],[[12.01289,65.65752],[12.01469,65.65628],[12.01204,65.65561],[12.00998,65.65441],[12.0159,65.65459],[12.01916,65.65314],[12.01919,65.65121],[12.01721,65.65043],[12.01566,65.6504],[12.01551,65.65244],[12.01393,65.65285],[12.01137,65.65269],[12.01106,65.65138],[12.01263,65.65019],[12.01087,65.64917],[12.00939,65.64909],[12.00866,65.64957],[12.0083,65.65281],[12.0073,65.65269],[12.00765,65.65209],[12.00613,65.65088],[12.00147,65.651],[12.00065,65.65143],[12.00097,65.65342],[11.9981,65.65424]],[[11.99966,65.65007],[12.00009,65.64858],[11.99918,65.6472]],[[12.02054,65.65767],[12.02043,65.65707],[12.01878,65.65763]],[[12.02838,65.65782],[12.0264,65.65689],[12.02572,65.65709],[12.0264,65.65778]],[[12.05209,65.65828],[12.05165,65.65553],[12.05471,65.65515],[12.05275,65.65421],[12.05295,65.65281],[12.06041,65.65328],[12.05886,65.6527],[12.05501,65.65231],[12.05472,65.65195],[12.05612,65.65164],[12.05347,65.65114],[12.05309,65.65059],[12.0617,65.65121],[12.05967,65.64911],[12.06492,65.64947]],[[12.06884,65.65861],[12.06753,65.65793],[12.06751,65.65722],[12.07188,65.65737],[12.07439,65.65596],[12.07403,65.65538],[12.07746,65.65534],[12.0774,65.65373],[12.07646,65.6533],[12.07262,65.65282],[12.07108,65.65335],[12.07227,65.65525],[12.071,65.65573],[12.06787,65.65538],[12.06518,65.65428],[12.068,65.65406],[12.06899,65.65309],[12.06823,65.65146],[12.06967,65.65106],[12.06832,65.64998],[12.06492,65.64947]],[[12.1716,65.66055],[12.17256,65.65983]],[[12.30005,65.66288],[12.29793,65.65598],[12.29652,65.65422],[12.29291,65.65202],[12.29128,65.65025],[12.29015,65.64992],[12.28873,65.65195],[12.29146,65.65541],[12.29066,65.65687],[12.29203,65.65886],[12.29222,65.66085],[12.29519,65.66243],[12.29814,65.66285]],[[12.30401,65.65922],[12.30581,65.66018],[12.30319,65.66173],[12.30352,65.66294]],[[12.17224,65.6628],[12.17423,65.66332],[12.17472,65.66279],[12.17774,65.6639],[12.17749,65.66271],[12.17625,65.66191],[12.17644,65.66064]],[[12.61816,65.66819],[12.61855,65.66773],[12.62082,65.66765],[12.61973,65.66539],[12.6167,65.66557],[12.61531,65.66532],[12.61414,65.66638],[12.61487,65.66814]],[[12.6308,65.66838],[12.62934,65.66443],[12.62627,65.66324],[12.62469,65.66082],[12.62352,65.66071],[12.62228,65.66162],[12.62144,65.66159],[12.61946,65.65824],[12.61819,65.65817],[12.61696,65.65749],[12.61902,65.65479],[12.61573,65.65186],[12.61419,65.65163],[12.61365,65.65034],[12.61137,65.65087],[12.61006,65.65247],[12.6106,65.65348],[12.61194,65.65398],[12.61137,65.65616],[12.60968,65.65823],[12.60894,65.65841],[12.6079,65.65805]],[[12.64454,65.6686],[12.64365,65.66594],[12.64193,65.66512],[12.6412,65.66564],[12.63972,65.66571],[12.63623,65.66144],[12.63639,65.6608],[12.63961,65.66018],[12.63995,65.65671],[12.64148,65.65379],[12.64125,65.65256],[12.64021,65.65187],[12.64182,65.65135],[12.64246,65.65061],[12.64158,65.65006],[12.64135,65.64805],[12.64025,65.64831],[12.63782,65.64757],[12.63526,65.64585],[12.63649,65.64537],[12.64163,65.64624],[12.64455,65.6463],[12.647,65.64425],[12.64958,65.6457],[12.65271,65.64622],[12.66009,65.64585]],[[12.65066,65.66869],[12.65194,65.66514],[12.64958,65.66451],[12.6476,65.66338],[12.64584,65.65977],[12.64848,65.65652],[12.65031,65.65171],[12.65329,65.65022],[12.66443,65.64981],[12.67154,65.65021],[12.67856,65.65098],[12.68173,65.65197],[12.68568,65.6522],[12.69209,65.65142],[12.69604,65.65313],[12.6998,65.65357],[12.70716,65.65097],[12.70827,65.65021],[12.7157,65.65066],[12.71734,65.65044]],[[12.02466,65.65775],[12.02592,65.65803],[12.0264,65.65778]],[[12.02054,65.65767],[12.01976,65.65814]],[[12.01289,65.65752],[12.01286,65.65804],[12.01438,65.65755]],[[12.61487,65.66814],[12.61802,65.66891],[12.61816,65.66819]],[[12.01976,65.65814],[12.02094,65.65861],[12.022,65.6579]],[[12.1716,65.66055],[12.17235,65.66173]],[[12.06382,65.65922],[12.06241,65.65915],[12.06375,65.65979]],[[12.17232,65.66204],[12.17235,65.66173]],[[12.06382,65.65922],[12.06769,65.66016],[12.06892,65.65974],[12.06884,65.65861]],[[12.29814,65.66285],[12.29798,65.66396],[12.30056,65.66493],[12.3013,65.66376],[12.30005,65.66288]],[[12.05209,65.65828],[12.05625,65.66023],[12.05859,65.66055],[12.06036,65.66017],[12.06365,65.66067]],[[12.6308,65.66838],[12.63206,65.66918],[12.63484,65.66899],[12.63968,65.67062],[12.63976,65.66892],[12.64056,65.66881],[12.6406,65.67023],[12.64186,65.67138],[12.64332,65.67163],[12.64551,65.67085],[12.64454,65.6686]],[[12.62488,65.67158],[12.62355,65.67127],[12.6229,65.67153],[12.62386,65.67316],[12.6252,65.67353],[12.62569,65.67213],[12.62488,65.67158]],[[12.37592,65.67017],[12.37785,65.66957],[12.37795,65.66897],[12.3771,65.66864],[12.37506,65.66873],[12.37309,65.66676],[12.37119,65.66648],[12.37119,65.66508],[12.36955,65.6641]],[[12.04066,65.6643],[12.04362,65.66375],[12.04245,65.66109],[12.04043,65.66016],[12.03754,65.66002],[12.03737,65.65875],[12.03372,65.65835],[12.03346,65.65909],[12.03217,65.65961],[12.03197,65.6607],[12.03467,65.66176],[12.03204,65.66235],[12.03539,65.66301],[12.03789,65.664],[12.04066,65.6643]],[[12.17172,65.66752],[12.17269,65.66771],[12.17301,65.66725],[12.17194,65.66554]],[[12.17194,65.66554],[12.16761,65.66407],[12.16631,65.66431],[12.16447,65.6618],[12.16331,65.66145],[12.16306,65.66386],[12.16562,65.66603],[12.16587,65.6672],[12.16731,65.66794],[12.16855,65.66798],[12.16754,65.66605],[12.16812,65.66589],[12.17172,65.66752]],[[12.05614,65.66645],[12.05669,65.66387],[12.05984,65.66291],[12.05987,65.66234],[12.05602,65.66118],[12.05263,65.66067],[12.05225,65.66097],[12.05412,65.6617],[12.05329,65.66243],[12.04885,65.66038],[12.04724,65.66347],[12.04736,65.6641],[12.04939,65.66514],[12.04843,65.66571],[12.05538,65.66671],[12.05614,65.66645]],[[12.30124,65.66917],[12.30003,65.66908],[12.3008,65.67099],[12.30269,65.6713],[12.30295,65.67048],[12.30124,65.66917]],[[12.39338,65.66451],[12.39747,65.66739],[12.40048,65.66868],[12.39985,65.66964],[12.40067,65.6702],[12.40237,65.67046],[12.4029,65.67222],[12.40603,65.67325]],[[12.30593,65.66877],[12.30433,65.6686],[12.30718,65.67239],[12.30879,65.67309],[12.30732,65.66997],[12.30593,65.66877]],[[12.06332,65.66367],[12.05995,65.66481],[12.05765,65.66729],[12.05354,65.66905]],[[12.09914,65.67],[12.09775,65.66997],[12.09759,65.66965]],[[12.05354,65.66905],[12.05287,65.66901],[12.052,65.66757],[12.04829,65.66637],[12.04909,65.66781],[12.05116,65.66895],[12.05038,65.66912]],[[12.12799,65.68219],[12.12704,65.68169],[12.12778,65.67747],[12.12697,65.67672],[12.1255,65.67642],[12.12465,65.67464],[12.12349,65.67452],[12.12327,65.67633],[12.12123,65.67433],[12.11966,65.6743],[12.11806,65.6795],[12.1173,65.67695]],[[12.09759,65.66965],[12.10309,65.66916],[12.10203,65.66879],[12.09936,65.66898],[12.09571,65.66845],[12.09674,65.6679],[12.09568,65.66748],[12.08962,65.66709],[12.08757,65.66812],[12.08872,65.66897],[12.08875,65.67003],[12.08612,65.66875],[12.08539,65.66751],[12.08304,65.66711],[12.08243,65.66749],[12.08374,65.67217],[12.08301,65.67229],[12.08201,65.6708],[12.08028,65.66983],[12.08101,65.66826],[12.07996,65.66685],[12.08222,65.66488],[12.08052,65.66428],[12.07676,65.66376],[12.07572,65.66405],[12.07583,65.66449],[12.0778,65.66473],[12.07619,65.66522],[12.07657,65.66616],[12.07295,65.66674],[12.07269,65.66737],[12.07326,65.66817],[12.07553,65.6692],[12.07838,65.6697],[12.07716,65.6701],[12.07311,65.66961],[12.0736,65.67094],[12.07283,65.67148],[12.07087,65.66933],[12.06939,65.66876],[12.06449,65.66801],[12.06725,65.66743],[12.06776,65.6645],[12.06478,65.66365],[12.06332,65.66367]],[[12.30429,65.67542],[12.30295,65.67516],[12.30122,65.6755],[12.30125,65.67592],[12.30334,65.6767],[12.30518,65.67662],[12.30429,65.67542]],[[12.06237,65.67202],[12.05323,65.66929],[12.05178,65.66942],[12.05045,65.67107],[12.05096,65.67136],[12.05331,65.6714],[12.05452,65.67078],[12.05629,65.67082],[12.05947,65.6721],[12.0623,65.6726]],[[11.99754,65.67171],[12.00152,65.67145],[11.99373,65.66889]],[[12.05038,65.66912],[12.04508,65.66828],[12.04227,65.66738],[12.03998,65.66762],[12.04108,65.66836],[12.0384,65.66933],[12.03759,65.67058],[12.04039,65.6717],[12.04026,65.67232],[12.04151,65.67295]],[[12.37585,65.67039],[12.37618,65.67137],[12.37542,65.67193],[12.37817,65.6731],[12.3784,65.67415],[12.3854,65.67691],[12.38492,65.6788],[12.38815,65.67975]],[[12.3231,65.67887],[12.32491,65.67894],[12.31994,65.67652],[12.31778,65.67604],[12.31632,65.67625],[12.31902,65.67856],[12.3222,65.67914],[12.3231,65.67887]],[[12.0623,65.6726],[12.06741,65.67439],[12.06764,65.67326],[12.06237,65.67202]],[[12.1173,65.67695],[12.11768,65.67603],[12.11621,65.67391],[12.11405,65.67293],[12.11064,65.66995],[12.10774,65.67002],[12.10739,65.67091],[12.1032,65.67],[12.09914,65.67]],[[12.04151,65.67295],[12.04099,65.67319],[12.03722,65.67235],[12.03598,65.67487],[12.03709,65.6757],[12.03812,65.67582],[12.03931,65.67502],[12.04195,65.67682],[12.04526,65.67793]],[[12.13108,65.67924],[12.1304,65.67892],[12.1291,65.67921],[12.12875,65.68062],[12.13029,65.68056],[12.13108,65.67924]],[[11.99784,65.67793],[12.00538,65.67805],[12.00458,65.68104]],[[12.33622,65.68605],[12.32819,65.68255],[12.319,65.67937],[12.31539,65.67862],[12.31745,65.681],[12.32233,65.68272],[12.32365,65.68392],[12.32853,65.68453],[12.33293,65.68686],[12.33473,65.68601],[12.33731,65.68743],[12.33857,65.68765],[12.33622,65.68605]],[[12.06129,65.68149],[12.06604,65.68284],[12.06682,65.68211],[12.07014,65.68171],[12.06961,65.68109],[12.07022,65.68092]],[[12.40443,65.68908],[12.39404,65.68549],[12.39346,65.68386],[12.39159,65.68338],[12.38946,65.68197],[12.38815,65.67975]],[[12.61334,65.69242],[12.61616,65.6924],[12.62328,65.69094]],[[12.04526,65.67793],[12.05246,65.68093],[12.05508,65.68151],[12.05614,65.68136],[12.05474,65.68013],[12.0567,65.68047],[12.0576,65.67998],[12.05868,65.67998],[12.05949,65.68096],[12.05776,65.68111],[12.05681,65.6817],[12.05588,65.68256],[12.05659,65.68306],[12.05956,65.68214],[12.06123,65.68208]],[[12.42204,65.68969],[12.41806,65.6879],[12.41732,65.68584],[12.40777,65.68064],[12.40558,65.67886],[12.40365,65.67482],[12.40453,65.67496],[12.40557,65.67638],[12.40742,65.67706],[12.40808,65.67686],[12.40733,65.67436],[12.40603,65.67325]],[[12.00458,65.68104],[12.00486,65.68169],[12.00664,65.6812],[12.0117,65.68169],[12.01346,65.68234]],[[12.60463,65.69338],[12.60209,65.69242],[12.60059,65.69112],[12.59901,65.6857],[12.59416,65.68368],[12.59036,65.68428],[12.58972,65.68335],[12.58793,65.68302],[12.58619,65.68205],[12.58659,65.68008],[12.58524,65.67914],[12.58194,65.67872],[12.58063,65.67681],[12.57809,65.67654],[12.57594,65.67713],[12.57612,65.6776],[12.57446,65.67842],[12.57729,65.68113],[12.58055,65.68167],[12.58319,65.68297],[12.58784,65.68397],[12.58752,65.68586],[12.58901,65.68855],[12.59034,65.68848],[12.59006,65.68679],[12.59249,65.68699],[12.59695,65.6891],[12.60113,65.69347]],[[12.60463,65.69338],[12.61009,65.69437],[12.61151,65.69403],[12.6124,65.69244],[12.61334,65.69242]],[[12.05102,65.74806],[12.05068,65.75115],[12.05115,65.75177],[12.05325,65.75221]],[[12.01346,65.68234],[12.01451,65.68235],[12.01527,65.68164],[12.01089,65.67942],[12.00889,65.6792],[12.00788,65.67859],[12.00856,65.6775],[12.01275,65.67737],[12.01455,65.67695],[12.01449,65.67583],[12.01718,65.6766],[12.02128,65.67571],[12.02286,65.67583],[12.01992,65.6747],[12.01914,65.67377],[12.02013,65.67347],[12.02621,65.67432],[12.02698,65.67354],[12.02591,65.6729],[12.02437,65.67311],[12.02444,65.67245],[12.02576,65.67216],[12.0254,65.67085],[12.02479,65.67169],[12.0226,65.67244],[12.02355,65.67317],[12.02228,65.67326],[12.01944,65.67266],[12.01926,65.67122],[12.01995,65.67069],[12.02201,65.67005],[12.02411,65.67028],[12.02394,65.66961],[12.02484,65.66936],[12.02455,65.66888],[12.02071,65.66811],[12.02001,65.66844],[12.02124,65.66885],[12.02136,65.66966],[12.01697,65.66957],[12.01817,65.67037],[12.01752,65.67127],[12.01611,65.6713],[12.01554,65.67234],[12.00848,65.67153],[12.00786,65.66967],[12.00599,65.67045],[12.00363,65.6705],[12.00368,65.67134],[12.00179,65.67154],[12.01209,65.67347],[12.01368,65.67485],[12.01144,65.67455],[12.00971,65.67554],[12.00807,65.67511],[12.00794,65.67577],[12.00491,65.67636],[11.99984,65.67585]],[[12.62328,65.69094],[12.62553,65.69063],[12.62592,65.69178],[12.62983,65.69318],[12.63298,65.6929],[12.63561,65.69348],[12.63748,65.69323],[12.6409,65.68879],[12.63989,65.68818],[12.63859,65.68814],[12.63814,65.68762],[12.63912,65.68691],[12.64051,65.68659],[12.64239,65.68672],[12.64632,65.68541],[12.64647,65.68304],[12.63647,65.68143],[12.62581,65.67567],[12.62358,65.67508],[12.61948,65.67473],[12.61697,65.673],[12.61498,65.67231],[12.61422,65.67129],[12.61068,65.67125],[12.60694,65.66845]],[[12.30352,65.66294],[12.30775,65.66558],[12.31083,65.6664],[12.31057,65.66803],[12.31719,65.67007],[12.3191,65.67149],[12.31988,65.67297],[12.32947,65.67907],[12.33909,65.68331],[12.34614,65.68711],[12.34791,65.68778],[12.35406,65.68862],[12.36442,65.68879],[12.36581,65.6894]],[[12.59886,65.70106],[12.60027,65.70185],[12.60381,65.70223]],[[12.54921,65.79669],[12.5514,65.7972],[12.55226,65.79885]],[[12.36581,65.6894],[12.36585,65.68993],[12.36844,65.69072],[12.37559,65.69172]],[[12.07022,65.68092],[12.07272,65.6815],[12.07258,65.68039],[12.07373,65.67954],[12.07662,65.68138],[12.08028,65.68238],[12.0801,65.68323],[12.07804,65.68241],[12.07631,65.68234],[12.07831,65.68488],[12.07254,65.68299],[12.07081,65.6833],[12.07202,65.6841],[12.07178,65.68461],[12.07607,65.68707]],[[12.64772,65.69747],[12.6512,65.69492],[12.65928,65.69262],[12.66353,65.69266],[12.67107,65.68882],[12.66787,65.68738],[12.66906,65.68411],[12.67002,65.68354],[12.66823,65.68221],[12.66736,65.67983],[12.66071,65.67709],[12.66069,65.67269],[12.65236,65.67153],[12.65066,65.66869]],[[12.42204,65.68969],[12.42922,65.6944]],[[12.06484,65.68411],[12.06334,65.68426],[12.07072,65.68681],[12.07321,65.68808],[12.07434,65.68811],[12.07454,65.68764],[12.07232,65.68624],[12.06484,65.68411]],[[12.37559,65.69172],[12.38003,65.69261],[12.37841,65.69305],[12.37538,65.69289],[12.37728,65.69366],[12.37846,65.69317],[12.38153,65.69399],[12.38432,65.6926],[12.38672,65.69399]],[[12.34284,65.68772],[12.34081,65.68747],[12.34736,65.69195],[12.35056,65.69346],[12.35385,65.69386],[12.35171,65.69185],[12.34284,65.68772]],[[12.60113,65.69347],[12.60189,65.69601],[12.60381,65.69726],[12.60409,65.69922]],[[12.60381,65.70223],[12.60533,65.70131],[12.60409,65.69922]],[[12.06095,65.68451],[12.05659,65.68412],[12.05646,65.68464],[12.058,65.68538],[12.05745,65.68563],[12.05249,65.68375],[12.05212,65.68313],[12.04981,65.68266],[12.04832,65.68299],[12.04562,65.68254],[12.04555,65.68309],[12.05405,65.68707],[12.05021,65.68729],[12.04778,65.68528],[12.04272,65.68303],[12.04239,65.68188],[12.03983,65.68048],[12.04011,65.67997],[12.03597,65.67801],[12.0352,65.6789],[12.03652,65.68029],[12.03551,65.68202],[12.03923,65.68347],[12.03931,65.68469],[12.04115,65.68461],[12.04658,65.68756],[12.04879,65.6878],[12.04903,65.68834],[12.0543,65.69059],[12.05627,65.69029],[12.06024,65.69079]],[[12.62495,65.70047],[12.624,65.70038],[12.62303,65.70114],[12.62484,65.70348],[12.62495,65.70047]],[[12.07607,65.68707],[12.07836,65.69015],[12.08644,65.69332],[12.08847,65.69341],[12.091,65.69282],[12.08954,65.69076],[12.0915,65.69046],[12.09364,65.69198],[12.09463,65.69466],[12.0964,65.69409],[12.09974,65.69509],[12.1021,65.69518],[12.10855,65.69338],[12.1112,65.69302],[12.11319,65.69212],[12.11636,65.69233],[12.11614,65.69147],[12.11694,65.69127],[12.11862,65.69194],[12.12076,65.69379],[12.12534,65.69446],[12.12659,65.69423],[12.12646,65.6933],[12.12411,65.69264],[12.12665,65.6922],[12.12683,65.68947],[12.12994,65.68953],[12.13062,65.6874],[12.1301,65.68678],[12.13453,65.68413],[12.13556,65.68059],[12.13433,65.68036],[12.13266,65.68154],[12.13222,65.68274],[12.13116,65.68306],[12.12953,65.68221],[12.12799,65.68219]],[[12.36009,65.69799],[12.35658,65.69617],[12.35299,65.69561],[12.33964,65.68915],[12.34374,65.69255],[12.3468,65.69346],[12.35283,65.69674],[12.35986,65.69963],[12.36421,65.70083],[12.36475,65.69982],[12.36009,65.69799]],[[12.04122,65.69523],[12.04281,65.6943],[12.04491,65.69481],[12.04718,65.69453],[12.04713,65.69417],[12.04541,65.69375],[12.04659,65.69245],[12.04328,65.69235],[12.04376,65.69366],[12.03912,65.69365],[12.03879,65.69466],[12.03726,65.69507],[12.03842,65.69535],[12.04122,65.69523]],[[12.39731,65.70198],[12.40414,65.70275],[12.40686,65.70273],[12.40029,65.70133],[12.39498,65.69884],[12.39136,65.69826],[12.38903,65.6967],[12.39051,65.69663],[12.3916,65.69613],[12.3899,65.69561],[12.38896,65.69452],[12.38672,65.69399]],[[12.06024,65.69079],[12.06098,65.69015],[12.06726,65.69273],[12.06696,65.6931],[12.06208,65.6921],[12.06048,65.69226],[12.0607,65.69447],[12.06732,65.69672],[12.06839,65.69654],[12.07303,65.69316],[12.07711,65.69301],[12.07987,65.69188],[12.07507,65.69091],[12.07216,65.68857],[12.06571,65.68654],[12.06516,65.68675],[12.06307,65.68623],[12.06431,65.68547],[12.06095,65.68451]],[[12.59666,65.70264],[12.59589,65.70226],[12.59308,65.70261],[12.59537,65.70621],[12.59666,65.70264]],[[12.0411,65.70162],[12.04367,65.70112],[12.03921,65.70133],[12.03841,65.70281],[12.04057,65.70257],[12.0411,65.70162]],[[12.45114,65.70682],[12.44756,65.70531],[12.44463,65.70484],[12.43996,65.70254],[12.43537,65.69923],[12.4303,65.69724],[12.42941,65.69611],[12.43155,65.69682],[12.43244,65.69651],[12.42922,65.6944]],[[12.62792,65.71322],[12.62476,65.70803],[12.62691,65.70593],[12.62793,65.70064],[12.62919,65.69998],[12.63324,65.70029],[12.63405,65.6991],[12.63889,65.69818],[12.64483,65.69742],[12.64698,65.69762]],[[12.39731,65.70198],[12.39467,65.70124],[12.39323,65.70127],[12.39555,65.70406],[12.39557,65.70587],[12.39827,65.70736],[12.40221,65.70839]],[[12.58645,65.71257],[12.58635,65.7068],[12.5897,65.70575],[12.59008,65.70188],[12.59118,65.70161],[12.59334,65.7018],[12.59444,65.70096],[12.59379,65.70011],[12.59218,65.69949],[12.59054,65.69691],[12.59129,65.69679],[12.59236,65.69721],[12.59518,65.69998],[12.59853,65.70067],[12.59886,65.70106]],[[12.61598,65.71123],[12.61441,65.71096],[12.61265,65.70969],[12.61101,65.70976],[12.60861,65.71138],[12.60753,65.71291]],[[12.62315,65.71315],[12.61771,65.71036],[12.61685,65.71031],[12.61598,65.71123]],[[12.43407,65.71035],[12.43521,65.71011]],[[12.10437,65.70418],[12.10667,65.70516],[12.10878,65.70427]],[[12.43409,65.71124],[12.43407,65.71035]],[[12.62315,65.71315],[12.62575,65.71453],[12.62717,65.71447],[12.62791,65.71377]],[[12.01546,65.70247],[12.01946,65.70026],[12.01826,65.69879],[12.02161,65.69667],[12.02221,65.69498],[12.02198,65.69446],[12.02068,65.69417],[12.01945,65.69209],[12.0174,65.69153],[12.01866,65.69095],[12.01817,65.68988],[12.02112,65.68853],[12.02299,65.68947],[12.02623,65.68944],[12.02531,65.68641],[12.02818,65.6846],[12.03352,65.686],[12.03477,65.68564],[12.03617,65.68659],[12.03803,65.68669],[12.0368,65.68527],[12.03438,65.68477],[12.03274,65.6832],[12.03437,65.68285],[12.03467,65.68125],[12.03309,65.68071],[12.03112,65.67857],[12.03223,65.67721],[12.03164,65.67509],[12.03384,65.67479],[12.03434,65.67349],[12.03293,65.67245],[12.03127,65.67221],[12.03072,65.67279],[12.02984,65.67279],[12.02728,65.67159],[12.02777,65.67138],[12.03516,65.67197],[12.03545,65.67028],[12.03354,65.67003],[12.0331,65.6696],[12.03419,65.66924],[12.03407,65.66824],[12.03205,65.668],[12.02981,65.66996],[12.02656,65.66921],[12.02494,65.66834],[12.02754,65.66748],[12.03586,65.66688],[12.032,65.66446],[12.02869,65.66412],[12.02819,65.6646],[12.02912,65.66515],[12.02776,65.66556],[12.02669,65.66391],[12.02304,65.66339],[12.02417,65.66306],[12.02423,65.66231],[12.02705,65.66311],[12.02893,65.66305],[12.02577,65.6619],[12.02387,65.66198],[12.023,65.66131],[12.02349,65.66108],[12.02801,65.6618],[12.02939,65.66146],[12.02838,65.65782]],[[12.03307,65.70281],[12.03308,65.70231],[12.038,65.70164],[12.03977,65.70068],[12.03981,65.70024],[12.03677,65.69965],[12.03682,65.69934],[12.04543,65.70027],[12.04881,65.70018],[12.05124,65.69966],[12.04673,65.69843],[12.04611,65.69785],[12.04729,65.69743],[12.04724,65.69698],[12.04414,65.69639],[12.04118,65.69763],[12.03925,65.69794],[12.03837,65.69773],[12.0383,65.69712],[12.035,65.69667],[12.03439,65.69726],[12.03495,65.69774],[12.03218,65.69812],[12.03122,65.69756],[12.03254,65.69686],[12.03061,65.69614],[12.02866,65.69798],[12.03512,65.69943],[12.03355,65.69992],[12.03242,65.69958],[12.02672,65.69935],[12.02252,65.69969],[12.01996,65.70047],[12.01676,65.70249]],[[12.10878,65.70427],[12.11085,65.7037],[12.11042,65.70264],[12.10873,65.7023],[12.10603,65.70246],[12.10494,65.70186],[12.10367,65.70217],[12.10437,65.70418]],[[12.40026,65.70951],[12.39971,65.70854],[12.40216,65.70851]],[[12.43521,65.71011],[12.43308,65.70787],[12.42624,65.70456],[12.42403,65.70232],[12.42032,65.70029],[12.41736,65.69646],[12.41064,65.69382],[12.4112,65.69256],[12.40924,65.69177],[12.41111,65.6896],[12.40806,65.6886],[12.40547,65.68866],[12.40516,65.68896]],[[12.09528,65.70561],[12.09237,65.70529],[12.09081,65.7056],[12.09295,65.70682],[12.09594,65.70634],[12.09528,65.70561]],[[12.6079,65.71643],[12.60948,65.71625],[12.60982,65.71516],[12.60778,65.71457],[12.60753,65.71291]],[[12.01676,65.70249],[12.00974,65.70655],[12.0158,65.70639],[12.02264,65.70508],[12.02424,65.70406],[12.02834,65.70385],[12.03307,65.70281]],[[11.9992,65.7078],[12.0035,65.7081],[12.00683,65.70746],[12.0067,65.70644],[12.01323,65.70354],[12.01287,65.7029],[12.01546,65.70247]],[[12.05812,65.70942],[12.06129,65.70843],[12.06429,65.70676],[12.05979,65.70732],[12.05824,65.70837]],[[12.04028,65.70491],[12.03855,65.70479],[12.03244,65.70602],[12.03119,65.70688],[12.02734,65.70775],[12.02701,65.70873],[12.02933,65.70888],[12.03369,65.70817],[12.03857,65.7063],[12.04028,65.70491]],[[12.05824,65.70837],[12.05659,65.70943],[12.05812,65.70942]],[[12.60224,65.7192],[12.60413,65.71769],[12.60582,65.71768],[12.60679,65.71648],[12.6079,65.71643]],[[12.04631,65.70799],[12.0438,65.70838],[12.04062,65.70973],[12.04467,65.70938],[12.04631,65.70799]],[[12.46531,65.72119],[12.46333,65.72128],[12.46446,65.72196],[12.46936,65.72263],[12.46531,65.72119]],[[12.55498,65.75696],[12.55473,65.75845],[12.55581,65.75929],[12.55652,65.7594],[12.55804,65.75836],[12.56122,65.75875]],[[12.56708,65.7231],[12.57904,65.71947],[12.58341,65.71743],[12.58611,65.7145],[12.58645,65.71257]],[[12.00513,65.70898],[12.00022,65.71014],[12.00005,65.71176],[12.00416,65.71029],[12.00513,65.70898]],[[12.60188,65.72313],[12.60654,65.72164],[12.60559,65.72033],[12.60295,65.72028],[12.60221,65.71954]],[[12.03597,65.71012],[12.03793,65.70927],[12.0406,65.70903],[12.04258,65.70786],[12.04465,65.70758],[12.04439,65.7065],[12.04249,65.70636],[12.041,65.7067],[12.03369,65.70971],[12.0316,65.70998],[12.02759,65.7136],[12.02964,65.71313],[12.03227,65.71136],[12.03212,65.71085],[12.03548,65.71049],[12.03597,65.71012]],[[12.44833,65.72103],[12.45074,65.72145],[12.45163,65.72122],[12.45181,65.71972],[12.45043,65.7184],[12.44444,65.7148],[12.43861,65.71338],[12.43409,65.71124]],[[12.44811,65.72217],[12.44755,65.72154],[12.44833,65.72103]],[[12.59233,65.72693],[12.59004,65.72777]],[[12.51855,65.79632],[12.51762,65.79636],[12.51767,65.7982],[12.51914,65.79885],[12.51989,65.79794],[12.51855,65.79632]],[[12.59233,65.72693],[12.59587,65.72472],[12.6015,65.7233]],[[12.01699,65.7159],[12.01972,65.71608],[12.02591,65.71364],[12.02601,65.71324],[12.02479,65.71297],[12.02107,65.71383],[12.02375,65.7123],[12.02343,65.71141],[12.02032,65.71222],[12.01895,65.71408],[12.01736,65.71421],[12.01472,65.71542],[12.01525,65.71679],[12.01627,65.71664],[12.01699,65.7159]],[[12.02982,65.71566],[12.03264,65.71534],[12.03494,65.71312],[12.03456,65.71273],[12.03279,65.71287],[12.02592,65.71674],[12.02486,65.71766],[12.02573,65.71815],[12.02836,65.71751],[12.02982,65.71566]],[[12.01337,65.71451],[12.0197,65.71074],[12.01933,65.71002],[12.0232,65.70876],[12.02514,65.70762],[12.02539,65.70662],[12.01788,65.70668],[12.00757,65.70866],[12.00547,65.71033],[12.00542,65.71132],[12.00794,65.71183],[12.00659,65.71283],[12.00664,65.71363],[12.00468,65.7136],[12.00413,65.71412],[12.00436,65.71638],[12.00595,65.71781],[12.00971,65.71702],[12.01337,65.71451]],[[12.40026,65.70951],[12.40303,65.71102],[12.4138,65.71485],[12.41702,65.71652],[12.42493,65.71877],[12.42817,65.72055],[12.44302,65.72451],[12.44514,65.72527],[12.44445,65.72572],[12.44493,65.726],[12.45058,65.72638],[12.45238,65.72571],[12.45278,65.72492],[12.44811,65.72217]],[[12.0198,65.71734],[12.01886,65.71727],[12.01461,65.71898],[12.01489,65.71957],[12.01751,65.71929],[12.0198,65.71734]],[[12.04778,65.71547],[12.04584,65.71509],[12.03868,65.71794],[12.03749,65.71909],[12.03749,65.72059],[12.04116,65.72043],[12.04789,65.71774],[12.04778,65.71547]],[[12.45467,65.71043],[12.46124,65.71342],[12.4605,65.71413],[12.46268,65.71596],[12.46568,65.7157],[12.46897,65.717],[12.47208,65.71913],[12.47472,65.71949],[12.47772,65.72215],[12.48455,65.72536],[12.48296,65.72672],[12.48341,65.72736],[12.4854,65.72794],[12.48677,65.72988],[12.49191,65.73257]],[[12.09635,65.74099],[12.09514,65.74139],[12.09634,65.74243],[12.09565,65.74307],[12.0985,65.74508],[12.0999,65.7446],[12.09943,65.74312],[12.09635,65.74099]],[[12.105,65.72814],[12.1067,65.72673],[12.10583,65.72674],[12.10501,65.72744],[12.10426,65.72714],[12.1067,65.72557],[12.1065,65.72513],[12.10296,65.72453],[12.10028,65.72473],[12.09938,65.72602],[12.10053,65.72776],[12.10176,65.72804],[12.10037,65.72873],[12.10153,65.7289],[12.105,65.72814]],[[12.33763,65.72972],[12.33628,65.72903],[12.33503,65.72952],[12.33343,65.72875],[12.33174,65.72901],[12.33337,65.73152],[12.33529,65.73279],[12.33827,65.73368],[12.33947,65.7333],[12.33966,65.73266],[12.33763,65.72972]],[[12.25126,65.73051],[12.24989,65.73057],[12.24949,65.73119],[12.25123,65.73329],[12.25182,65.73118],[12.25126,65.73051]],[[12.49191,65.73257],[12.49371,65.73331],[12.49462,65.735],[12.5022,65.73608],[12.51098,65.73796],[12.51487,65.73933],[12.51749,65.73914],[12.5253,65.73643],[12.5273,65.73509],[12.53266,65.73298],[12.53366,65.73145],[12.53592,65.7307],[12.53883,65.73049],[12.55023,65.7275],[12.56034,65.72577],[12.56345,65.7245]],[[12.35648,65.73678],[12.35441,65.73467],[12.35302,65.7346],[12.35221,65.73595],[12.35364,65.736],[12.35537,65.73706],[12.35648,65.73678]],[[12.37373,65.73545],[12.37291,65.7355],[12.37162,65.73683],[12.37303,65.73799],[12.37397,65.73752],[12.37373,65.73545]],[[12.37023,65.73575],[12.36917,65.7344],[12.3651,65.734],[12.36495,65.7343],[12.36681,65.73483],[12.36613,65.73553],[12.36259,65.73494],[12.3642,65.73699],[12.3631,65.73766],[12.36678,65.73824],[12.36973,65.73682],[12.37023,65.73575]],[[12.37107,65.73769],[12.36944,65.73752],[12.36679,65.73861],[12.36824,65.7402],[12.37049,65.73954],[12.37199,65.73836],[12.37107,65.73769]],[[12.38217,65.73897],[12.38083,65.73977],[12.38196,65.74097]],[[12.37585,65.74004],[12.37598,65.73953],[12.37474,65.73938],[12.37394,65.73991],[12.37136,65.74],[12.37018,65.74103],[12.37106,65.74129],[12.37277,65.74101],[12.37585,65.74004]],[[12.38179,65.74271],[12.38318,65.74276],[12.38374,65.74244],[12.38196,65.74097]],[[12.11107,65.73554],[12.10818,65.73618],[12.10831,65.7384],[12.10954,65.73832],[12.11093,65.7375],[12.11107,65.73554]],[[12.35941,65.74087],[12.35572,65.74055],[12.35488,65.74088],[12.35823,65.74246],[12.35998,65.74395],[12.36321,65.74558],[12.36439,65.7457],[12.36464,65.74486],[12.35941,65.74087]],[[12.11127,65.73936],[12.10939,65.73971],[12.1085,65.74115],[12.10976,65.74115],[12.11127,65.73936]],[[12.10705,65.7392],[12.10708,65.73723],[12.10499,65.73635],[12.10478,65.73566],[12.10365,65.73576],[12.10199,65.73727],[12.10012,65.73768],[12.1023,65.7342],[12.10007,65.73448],[12.10032,65.73381],[12.0989,65.733],[12.09602,65.73327],[12.09516,65.73384],[12.09603,65.73678],[12.09819,65.73855],[12.10082,65.73849],[12.09891,65.73959],[12.10253,65.7429],[12.10361,65.74273],[12.10369,65.74158],[12.10705,65.7392]],[[12.09153,65.74051],[12.0883,65.74031],[12.08708,65.74178],[12.0931,65.74282],[12.09294,65.74111],[12.09153,65.74051]],[[12.38125,65.74805],[12.38128,65.7477]],[[12.38179,65.74271],[12.37926,65.74304],[12.3797,65.74413],[12.379,65.74467],[12.37701,65.74459],[12.3779,65.74561],[12.37426,65.74622],[12.37657,65.74812],[12.37754,65.74812],[12.37853,65.74691],[12.38128,65.7477]],[[12.39694,65.74506],[12.39514,65.74437],[12.39424,65.74461],[12.3956,65.74824],[12.39756,65.74863],[12.40082,65.74839],[12.40167,65.74766],[12.40072,65.74674],[12.39827,65.74605],[12.39694,65.74506]],[[12.39411,65.74891],[12.39429,65.74839],[12.39169,65.7478],[12.38843,65.74556],[12.39141,65.7432],[12.39152,65.74209],[12.39046,65.74177],[12.38912,65.74192],[12.38667,65.7436],[12.38532,65.74349],[12.38489,65.743],[12.3864,65.74259],[12.3868,65.74189],[12.38648,65.74088],[12.38471,65.73901],[12.38217,65.73897]],[[12.38125,65.74805],[12.38048,65.74905],[12.38105,65.74996]],[[12.38105,65.74996],[12.3836,65.75056],[12.38966,65.75021]],[[12.05324,65.74305],[12.05192,65.74283],[12.05006,65.74469],[12.05195,65.74566],[12.0533,65.74465],[12.05324,65.74305]],[[12.54914,65.75399],[12.54527,65.75395],[12.54459,65.75463],[12.54342,65.75473],[12.53699,65.75342],[12.53749,65.75307],[12.54046,65.75295],[12.53891,65.75134],[12.55009,65.74643],[12.55873,65.74124],[12.57164,65.73703],[12.58404,65.73111],[12.58656,65.72835],[12.58855,65.72767],[12.59004,65.72777]],[[12.14155,65.74466],[12.14057,65.74461],[12.14015,65.74501],[12.13907,65.74786],[12.14133,65.74707],[12.14155,65.74466]],[[12.05102,65.74806],[12.04999,65.74745],[12.04976,65.746],[12.04886,65.74572],[12.04676,65.74589],[12.047,65.74754],[12.04623,65.74762],[12.04521,65.74524],[12.04406,65.74499],[12.04199,65.74534],[12.04134,65.74586],[12.04389,65.74792]],[[12.24732,65.75172],[12.24821,65.74979],[12.24548,65.74906],[12.24339,65.75008],[12.24503,65.75168]],[[12.26542,65.75205],[12.26502,65.75105],[12.2666,65.74948],[12.26541,65.74806],[12.26336,65.74891],[12.26432,65.751],[12.26368,65.75202]],[[12.38776,65.75419],[12.38545,65.752],[12.38923,65.75081],[12.39168,65.7512],[12.39117,65.75034],[12.38966,65.75021]],[[12.41675,65.75468],[12.41473,65.75229],[12.40712,65.74956],[12.3985,65.74913],[12.39672,65.74938],[12.39603,65.74995],[12.39477,65.74972],[12.39411,65.74891]],[[12.24503,65.75168],[12.24527,65.75247],[12.24685,65.75304],[12.24732,65.75172]],[[12.13811,65.7505],[12.13664,65.75097],[12.13814,65.75247],[12.13719,65.75368],[12.13841,65.75407],[12.13967,65.75294],[12.13926,65.75137],[12.13811,65.7505]],[[12.26782,65.75691],[12.26747,65.75622],[12.26579,65.75664],[12.26611,65.75479],[12.26581,65.75419],[12.26465,65.75408],[12.26392,65.7556],[12.26462,65.75782],[12.2656,65.75797],[12.26782,65.75691]],[[12.04389,65.74792],[12.04572,65.74958],[12.04576,65.75042],[12.05303,65.75406]],[[12.14038,65.7551],[12.13847,65.75509],[12.13725,65.7566],[12.13761,65.75706],[12.13988,65.75639],[12.14038,65.7551]],[[12.24897,65.75175],[12.24779,65.75479],[12.24838,65.75736],[12.24751,65.7589],[12.24835,65.75996],[12.24995,65.76017],[12.25141,65.75476],[12.25335,65.75301],[12.25284,65.75182]],[[12.05281,65.75603],[12.05032,65.75482],[12.04897,65.75474],[12.0443,65.75178],[12.04216,65.75123],[12.04926,65.75679],[12.05087,65.75773],[12.05261,65.75777]],[[12.41675,65.75468],[12.41688,65.75524],[12.41817,65.75565],[12.41815,65.7569],[12.42457,65.75792],[12.42755,65.75885],[12.42888,65.75875],[12.4284,65.76021],[12.43319,65.7637],[12.43651,65.76491],[12.44043,65.76433]],[[12.05303,65.75406],[12.05448,65.75466],[12.05598,65.75431],[12.05936,65.75577],[12.05912,65.75618],[12.0571,65.75607],[12.05971,65.75792],[12.06326,65.75906],[12.0644,65.75884],[12.06521,65.75512],[12.06599,65.75467],[12.06304,65.75334],[12.06228,65.75372],[12.06399,65.75512],[12.06042,65.75392],[12.06016,65.75278],[12.05808,65.75181],[12.05855,65.75089],[12.05649,65.7511],[12.0561,65.75011],[12.05383,65.75],[12.05455,65.7512],[12.05334,65.7514]],[[12.38776,65.75419],[12.38997,65.75603],[12.39275,65.7562],[12.40004,65.75852],[12.40477,65.75932],[12.40494,65.75995],[12.40384,65.76069],[12.39883,65.75994],[12.39835,65.76087],[12.40053,65.76163],[12.40151,65.76341],[12.40666,65.76584]],[[12.44043,65.76433],[12.44207,65.76203],[12.45397,65.76206],[12.4623,65.76358],[12.46719,65.7663],[12.46612,65.76702]],[[12.08245,65.76035],[12.07895,65.76027],[12.07781,65.76126],[12.08398,65.76215],[12.08359,65.7609],[12.08245,65.76035]],[[12.26599,65.76067],[12.26512,65.76065],[12.26446,65.76338],[12.26684,65.76574],[12.26907,65.76467],[12.26661,65.7624],[12.26734,65.76173],[12.26599,65.76067]],[[12.58038,65.76933],[12.57837,65.76912],[12.57809,65.77026],[12.57965,65.77126],[12.5807,65.77079],[12.58038,65.76933]],[[12.04863,65.76148],[12.04681,65.76126],[12.04471,65.76012],[12.04643,65.7595],[12.04376,65.75757],[12.04273,65.75901],[12.04409,65.76088],[12.04619,65.76192],[12.04752,65.76199],[12.04863,65.76148]],[[12.04178,65.76261],[12.04252,65.76152],[12.04115,65.76065],[12.03873,65.76218],[12.03972,65.76358],[12.04272,65.76395],[12.04326,65.76352],[12.04178,65.76261]],[[12.08224,65.76249],[12.07902,65.76222],[12.07773,65.76279],[12.07876,65.76397],[12.08128,65.76496],[12.0832,65.76339],[12.08336,65.76276],[12.08224,65.76249]],[[12.05187,65.76428],[12.05179,65.76498]],[[12.26419,65.76768],[12.26263,65.76751],[12.26192,65.76851],[12.26545,65.76933],[12.26419,65.76768]],[[12.05179,65.76498],[12.05358,65.76616],[12.05477,65.76591],[12.05457,65.76382],[12.05187,65.76428]],[[12.07845,65.76455],[12.07662,65.76422],[12.07433,65.76477],[12.07285,65.76595],[12.07365,65.76671],[12.07752,65.7663],[12.08051,65.76545],[12.07845,65.76455]],[[12.41051,65.76782],[12.4083,65.76896],[12.40102,65.76691],[12.39714,65.7665],[12.39546,65.76669],[12.39556,65.76736],[12.39859,65.76916],[12.40198,65.7701],[12.4046,65.77015],[12.40613,65.77098],[12.40585,65.77168],[12.40704,65.77254],[12.40553,65.77335]],[[12.20715,65.76773],[12.20671,65.76742],[12.20893,65.76694],[12.21027,65.76565],[12.20975,65.76455],[12.20671,65.76437],[12.20679,65.76244],[12.20494,65.76102],[12.20295,65.7621],[12.20269,65.76318],[12.20343,65.76408],[12.20563,65.76471],[12.20339,65.76605],[12.20139,65.76591],[12.20046,65.76756],[12.20158,65.76833],[12.20543,65.76775],[12.20395,65.76888],[12.20501,65.76986],[12.20732,65.76874],[12.20715,65.76773]],[[12.71377,65.77801],[12.71179,65.77787],[12.71257,65.77877],[12.7146,65.77928],[12.71721,65.78078],[12.71571,65.77899],[12.71377,65.77801]],[[12.05159,65.76672],[12.05018,65.76594],[12.04993,65.76819],[12.05127,65.76948]],[[12.05127,65.76948],[12.05219,65.76846],[12.05159,65.76672]],[[12.49826,65.80093],[12.49853,65.80171],[12.50036,65.80227],[12.50144,65.80195],[12.5014,65.80098]],[[12.56122,65.75875],[12.5631,65.75965],[12.56288,65.76168],[12.57268,65.76384],[12.57506,65.76507],[12.57784,65.76568],[12.58028,65.76565],[12.58231,65.76645],[12.58563,65.76972],[12.58263,65.771],[12.58307,65.77265],[12.58533,65.77319],[12.58601,65.77459],[12.5895,65.77505],[12.59198,65.77792],[12.59658,65.78008]],[[12.05741,65.76716],[12.05617,65.76709],[12.05493,65.76751],[12.05552,65.76796],[12.05404,65.7687],[12.05328,65.7701],[12.05442,65.77097],[12.05741,65.76716]],[[12.21068,65.77057],[12.20894,65.77063],[12.20731,65.77221],[12.20778,65.77344],[12.20939,65.77406],[12.2113,65.77203],[12.21068,65.77057]],[[12.06269,65.76805],[12.06051,65.76803],[12.05829,65.76855],[12.05744,65.77132],[12.05941,65.77199],[12.06068,65.77088],[12.06315,65.77027],[12.06415,65.76952],[12.06269,65.76805]],[[12.47339,65.77108],[12.47798,65.77206],[12.47545,65.77266],[12.47521,65.7734],[12.47819,65.7744],[12.47923,65.77592],[12.4805,65.77618],[12.48235,65.77556],[12.48587,65.77681],[12.4873,65.78001]],[[12.48711,65.78198],[12.4887,65.78154],[12.4873,65.78001]],[[12.03495,65.7701],[12.03339,65.76985],[12.03219,65.7703],[12.03201,65.77201],[12.03327,65.77249],[12.03474,65.77181],[12.03495,65.7701]],[[12.02873,65.76847],[12.0261,65.76859],[12.02518,65.76944],[12.02406,65.76957],[12.02351,65.77065],[12.02376,65.77122],[12.0276,65.77318],[12.02936,65.77287],[12.03024,65.77202],[12.02967,65.76893],[12.02873,65.76847]],[[12.26933,65.77405],[12.26806,65.77422],[12.26725,65.7755],[12.26713,65.77785],[12.26883,65.77875]],[[12.05067,65.77472],[12.05194,65.77285],[12.05113,65.77076]],[[12.05113,65.77076],[12.04625,65.76869],[12.04379,65.76873],[12.04294,65.76918],[12.04478,65.77237],[12.04943,65.77469],[12.05067,65.77472]],[[12.26883,65.77875],[12.27028,65.77924],[12.27137,65.77908],[12.27168,65.77663],[12.27343,65.77577],[12.27021,65.77477],[12.26933,65.77405]],[[12.26543,65.77848],[12.26455,65.77414],[12.26154,65.77405],[12.26126,65.7766],[12.26267,65.77724],[12.26404,65.77729],[12.26441,65.77822],[12.26151,65.77783],[12.26135,65.77886],[12.26213,65.77919],[12.2651,65.77899],[12.26543,65.77848]],[[12.23415,65.77583],[12.23155,65.77597],[12.2306,65.77649],[12.23107,65.77908],[12.23319,65.7784],[12.23415,65.77583]],[[12.48711,65.78198],[12.486,65.78231],[12.48692,65.78387]],[[12.03415,65.77353],[12.03172,65.77326],[12.02995,65.7739],[12.03012,65.77425],[12.03516,65.77579],[12.03621,65.77568],[12.03713,65.77482],[12.03498,65.7743],[12.03415,65.77353]],[[12.0276,65.7739],[12.02602,65.77347],[12.02301,65.77432],[12.02536,65.77569],[12.0276,65.7739]],[[12.13218,65.77569],[12.13153,65.77558],[12.13098,65.77611],[12.13136,65.77797],[12.13235,65.77843],[12.13286,65.77662],[12.13218,65.77569]],[[12.02963,65.77502],[12.02743,65.77522],[12.02695,65.77649],[12.02801,65.7769],[12.03019,65.77604],[12.02963,65.77502]],[[12.14341,65.77686],[12.14243,65.77676],[12.14219,65.77707],[12.14325,65.77911],[12.14456,65.77838],[12.14341,65.77686]],[[12.52251,65.78536],[12.5244,65.78622],[12.52622,65.7857]],[[12.55835,65.78177],[12.55666,65.78192],[12.55743,65.78366],[12.56343,65.78768],[12.56105,65.78363],[12.55835,65.78177]],[[12.27861,65.78125],[12.27554,65.78124],[12.27515,65.78163],[12.27755,65.7829],[12.28095,65.78297],[12.28115,65.78243],[12.27861,65.78125]],[[12.2142,65.77591],[12.21258,65.77604],[12.21208,65.77671],[12.21319,65.78182],[12.21463,65.78232],[12.21411,65.77973],[12.21535,65.7772],[12.2142,65.77591]],[[12.20997,65.77987],[12.20886,65.77973],[12.20757,65.78074],[12.20773,65.78195],[12.2096,65.78386],[12.21078,65.78188],[12.20997,65.77987]],[[12.12012,65.77772],[12.11911,65.77757],[12.11757,65.77839],[12.11853,65.77904],[12.11828,65.77973],[12.11715,65.78005],[12.11728,65.78189],[12.11888,65.78271],[12.12046,65.7816],[12.12012,65.77772]],[[12.70474,65.79272],[12.70826,65.79253],[12.70907,65.78979],[12.70992,65.78964],[12.71128,65.78755],[12.71112,65.78566],[12.71221,65.78526],[12.70868,65.78333],[12.70775,65.78132],[12.70857,65.78078],[12.71036,65.78111],[12.71228,65.78231],[12.71365,65.78235],[12.71312,65.78159],[12.71388,65.78142],[12.71791,65.78363],[12.71981,65.78324],[12.72199,65.78398],[12.72342,65.78383],[12.72189,65.78241],[12.72156,65.78037],[12.71938,65.77824],[12.71973,65.77749],[12.71827,65.77662],[12.7137,65.77481],[12.71058,65.77487],[12.71028,65.77408],[12.70897,65.77473],[12.71178,65.77573],[12.71208,65.77641],[12.71086,65.77712],[12.70905,65.77716],[12.70622,65.77616]],[[12.06275,65.78007],[12.06242,65.77955],[12.05941,65.77944],[12.05772,65.78086],[12.0589,65.78188],[12.06174,65.78199],[12.06262,65.7817],[12.06275,65.78007]],[[12.49167,65.78967],[12.49217,65.7879],[12.48692,65.78387]],[[12.60592,65.7929],[12.60436,65.79064],[12.60502,65.78872],[12.59958,65.78402],[12.59658,65.78008]],[[12.00262,65.78215],[12.00416,65.7814],[12.0041,65.78036],[12.00375,65.7796],[12.00184,65.77873],[12.00116,65.77909],[12.0011,65.78136],[12.00028,65.78135],[11.9989,65.78011]],[[11.99863,65.78385],[12.00045,65.78374],[12.00262,65.78215]],[[12.08182,65.78312],[12.08008,65.78327],[12.07978,65.78362],[12.08001,65.78559],[12.08151,65.78621],[12.08231,65.78479],[12.08182,65.78312]],[[12.23946,65.78751],[12.2382,65.78762],[12.23837,65.78918],[12.24014,65.78946],[12.23946,65.78751]],[[12.45581,65.79358],[12.45842,65.79353],[12.45966,65.79278]],[[12.56595,65.79272],[12.56509,65.79274],[12.56489,65.79347],[12.56662,65.79562],[12.5676,65.79592],[12.56814,65.79534],[12.56595,65.79272]],[[12.23503,65.78336],[12.23313,65.78342],[12.23264,65.78844],[12.23626,65.79056],[12.23572,65.78364],[12.23503,65.78336]],[[12.40553,65.77335],[12.40471,65.77362],[12.40512,65.77469],[12.40413,65.77607],[12.40501,65.77701],[12.41694,65.7827],[12.42288,65.78428],[12.42727,65.78683],[12.43006,65.78738],[12.43925,65.79081],[12.44573,65.79202],[12.44886,65.79362],[12.45424,65.79445],[12.45581,65.79358]],[[12.24277,65.78428],[12.2412,65.78425],[12.24112,65.78604],[12.24263,65.7884],[12.24281,65.7908],[12.24501,65.79114],[12.24574,65.7906],[12.24452,65.78935],[12.24277,65.78428]],[[12.54921,65.79669],[12.54797,65.79589],[12.54831,65.79541],[12.54291,65.7927],[12.54077,65.78891],[12.53597,65.78448],[12.53427,65.78342],[12.53105,65.78301],[12.52657,65.78131],[12.52757,65.7848],[12.52622,65.7857]],[[12.20859,65.78986],[12.20612,65.78987],[12.20523,65.79023],[12.20671,65.79182],[12.20905,65.79068],[12.20859,65.78986]],[[12.00186,65.78484],[11.99975,65.78491]],[[11.99953,65.78544],[12.00269,65.78792],[12.0044,65.78793],[12.00186,65.78484]],[[12.48571,65.79628],[12.48683,65.79564],[12.48849,65.79712],[12.48929,65.79708],[12.48797,65.79462],[12.49115,65.79383],[12.49111,65.79241],[12.4926,65.79137],[12.49167,65.78967]],[[12.13869,65.78949],[12.13549,65.78962],[12.13491,65.79005],[12.13513,65.79091],[12.13636,65.79155],[12.1392,65.79026],[12.13869,65.78949]],[[12.20919,65.79212],[12.20794,65.79228],[12.20767,65.79307],[12.20837,65.79363],[12.21011,65.79389],[12.20919,65.79212]],[[12.00199,65.78889],[12.00054,65.78814],[11.99915,65.78821]],[[11.9999,65.7904],[12.00194,65.78958],[12.00199,65.78889]],[[12.22522,65.79035],[12.22147,65.78905],[12.21978,65.79],[12.21871,65.7901],[12.21924,65.78862],[12.21866,65.78719],[12.21687,65.78689],[12.21681,65.78633],[12.21553,65.7863],[12.21396,65.78451],[12.21256,65.78468],[12.21158,65.787],[12.21306,65.78822],[12.21474,65.78683],[12.21481,65.78782],[12.21697,65.78832],[12.21498,65.78916],[12.21686,65.78967],[12.21845,65.79351],[12.22131,65.79444],[12.22402,65.79479],[12.22526,65.79442],[12.22522,65.79035]],[[12.48571,65.79628],[12.48474,65.79736],[12.4846,65.79901],[12.48538,65.79963]],[[12.05372,65.79031],[12.05289,65.79023],[12.05244,65.79074],[12.05389,65.79273],[12.05502,65.79288],[12.05503,65.79168],[12.05372,65.79031]],[[12.22005,65.7949],[12.21746,65.79455],[12.21535,65.79218],[12.2136,65.79213],[12.21297,65.79121],[12.21149,65.7911],[12.21206,65.79364],[12.2136,65.79449],[12.21349,65.79601]],[[12.23878,65.79646],[12.23771,65.79264],[12.23681,65.79182],[12.23558,65.79277],[12.2359,65.79394],[12.23341,65.79513],[12.23324,65.79636]],[[12.24423,65.79656],[12.24366,65.79491],[12.2419,65.79324],[12.24008,65.79423],[12.2402,65.79649]],[[12.27282,65.79708],[12.26902,65.79398],[12.26844,65.7947],[12.26942,65.79701]],[[12.47441,65.80054],[12.47482,65.79821],[12.46998,65.79786],[12.46654,65.79693],[12.45966,65.79278]],[[12.48726,65.80075],[12.48538,65.79963]],[[12.49317,65.80085],[12.49174,65.80048],[12.49116,65.80081]],[[12.5014,65.80098],[12.50246,65.79955],[12.50021,65.79885],[12.49826,65.80093]],[[12.52251,65.78536],[12.52086,65.78352],[12.51787,65.7863],[12.51779,65.78856],[12.51832,65.78973],[12.52227,65.79191],[12.52411,65.79562],[12.52795,65.79848],[12.52713,65.79909],[12.5253,65.79929],[12.52526,65.80043],[12.52425,65.80068],[12.52464,65.80136]],[[12.55486,65.80184],[12.55371,65.80128],[12.55226,65.79885]],[[12.57256,65.80213],[12.5702,65.79924],[12.56769,65.79753],[12.56538,65.79626],[12.5647,65.79748],[12.56393,65.79755],[12.56216,65.79466],[12.55992,65.79341],[12.55719,65.79278],[12.55648,65.79404],[12.55891,65.79543],[12.55708,65.7969],[12.55665,65.8001],[12.5574,65.80188]],[[12.6057,65.80265],[12.60367,65.80087],[12.60389,65.80037],[12.6111,65.8016],[12.61189,65.80141],[12.60594,65.79742],[12.60625,65.7966],[12.60756,65.79685],[12.60849,65.79656],[12.60636,65.79465],[12.60592,65.7929]],[[12.67708,65.80375],[12.67823,65.80234],[12.68199,65.80038],[12.68198,65.79992],[12.68063,65.79958],[12.68007,65.79803],[12.68112,65.79694],[12.67978,65.79044],[12.68591,65.78718],[12.68744,65.78225],[12.69041,65.78063],[12.70001,65.77867],[12.70301,65.77927],[12.70351,65.77816],[12.70209,65.77712],[12.70412,65.77567],[12.70622,65.77616]],[[12.69235,65.80398],[12.68966,65.80236],[12.68769,65.80237],[12.68816,65.79915],[12.69048,65.79831],[12.69087,65.79744],[12.69308,65.7963],[12.69881,65.79497],[12.70093,65.79392],[12.70443,65.7943],[12.70398,65.79328],[12.70474,65.79272]],[[12.70016,65.8041],[12.70388,65.80236]],[[12.72862,65.80452],[12.72757,65.80321],[12.72128,65.80073],[12.71884,65.79904],[12.71304,65.79912],[12.71091,65.80056],[12.71025,65.80181],[12.70388,65.80236]],[[12.6057,65.80265],[12.60863,65.80354],[12.61223,65.80331],[12.6132,65.80366]],[[12.26942,65.79701],[12.27065,65.79921],[12.27279,65.79873],[12.27282,65.79708]],[[12.2402,65.79649],[12.24084,65.79847],[12.24307,65.79899],[12.24459,65.79818],[12.24423,65.79656]],[[12.10679,65.79435],[12.10571,65.79443],[12.10517,65.79503],[12.10691,65.79674],[12.10756,65.79497],[12.10679,65.79435]],[[12.69235,65.80398],[12.69269,65.80681],[12.70016,65.8041]],[[12.51893,65.8015],[12.51666,65.80154],[12.51689,65.80254],[12.51804,65.80399],[12.51966,65.80408],[12.52083,65.80348],[12.51893,65.8015]],[[12.54269,65.80468],[12.54495,65.80496],[12.54341,65.80531]],[[12.22579,65.79997],[12.2258,65.79708],[12.22461,65.79621]],[[12.20596,65.79587],[12.20498,65.79651],[12.20558,65.79741],[12.20761,65.79831],[12.20691,65.79918],[12.20804,65.80023],[12.20957,65.80046],[12.21142,65.80018],[12.21187,65.79935],[12.20856,65.79592]],[[12.49116,65.80081],[12.49432,65.80443],[12.49699,65.80584],[12.49774,65.80529],[12.49725,65.80366],[12.49317,65.80085]],[[12.13145,65.79628],[12.1296,65.79658],[12.13058,65.79939],[12.13132,65.79968],[12.13145,65.79628]],[[12.23508,65.84129],[12.23689,65.84375],[12.2366,65.84442],[12.23512,65.84453],[12.23527,65.84503],[12.23611,65.8453],[12.23712,65.84491],[12.23804,65.84575]],[[12.52464,65.80136],[12.5249,65.80325],[12.52347,65.80411],[12.52509,65.80658],[12.53232,65.80646],[12.53348,65.80608],[12.53449,65.80447],[12.53292,65.8032],[12.53367,65.8022],[12.53703,65.80395],[12.54269,65.80468]],[[12.06861,65.79652],[12.06774,65.7963],[12.06653,65.7966],[12.0659,65.79736],[12.06788,65.79861],[12.06861,65.79652]],[[12.47441,65.80054],[12.47475,65.80125],[12.47385,65.8016],[12.47451,65.80221],[12.4776,65.80281],[12.48104,65.80519],[12.48472,65.80647]],[[12.21349,65.79601],[12.21401,65.79705],[12.21648,65.7971],[12.21584,65.80086],[12.21792,65.80238]],[[12.23324,65.79636],[12.23534,65.80139],[12.23744,65.80284],[12.23733,65.79976],[12.23868,65.79806],[12.23878,65.79646]],[[12.27397,65.79982],[12.27118,65.80004],[12.27114,65.80128],[12.27356,65.80375],[12.27496,65.80403],[12.2765,65.80326],[12.27397,65.79982]],[[12.48472,65.80647],[12.48771,65.8077],[12.49154,65.80753],[12.49429,65.80661],[12.49,65.80433],[12.49168,65.80308],[12.49026,65.80222],[12.48898,65.80221],[12.48726,65.80075]],[[12.07485,65.79864],[12.07278,65.79879],[12.07294,65.80059],[12.07418,65.80116],[12.07517,65.80068],[12.07547,65.79959],[12.07485,65.79864]],[[12.24788,65.80119],[12.24689,65.80136],[12.24629,65.80277],[12.24815,65.80455],[12.24873,65.80411],[12.24788,65.80119]],[[12.11486,65.799],[12.11325,65.79871],[12.11205,65.79938],[12.11212,65.80165],[12.11351,65.80254],[12.11486,65.80219],[12.11486,65.799]],[[12.10123,65.80033],[12.10013,65.80047],[12.09996,65.80096],[12.10089,65.80237],[12.10285,65.80164],[12.10123,65.80033]],[[12.14502,65.80157],[12.14653,65.80182],[12.14772,65.8013],[12.14763,65.80036],[12.14595,65.79878],[12.14484,65.79853],[12.14401,65.79882],[12.14443,65.80007],[12.14386,65.80022],[12.14206,65.79782],[12.13999,65.79771],[12.13974,65.7992],[12.14348,65.80332],[12.14511,65.80262],[12.14502,65.80157]],[[12.24065,65.80514],[12.23869,65.80364],[12.23507,65.80312],[12.23548,65.80522],[12.23714,65.80536],[12.23799,65.80508],[12.23905,65.80556],[12.24065,65.80514]],[[12.54379,65.81171],[12.5402,65.81097],[12.53778,65.81135],[12.53443,65.80973],[12.53139,65.81008]],[[12.06643,65.91069],[12.06546,65.91034],[12.06494,65.91051],[12.06556,65.9119],[12.06654,65.91235],[12.06807,65.91235],[12.06643,65.91069]],[[12.54341,65.80531],[12.53756,65.80578],[12.53706,65.80648],[12.5401,65.80786],[12.54462,65.80829],[12.54639,65.8118],[12.54379,65.81171]],[[12.21151,65.80326],[12.20946,65.80422],[12.21105,65.80655],[12.21266,65.80581],[12.21151,65.80326]],[[12.6132,65.80366],[12.63641,65.80786],[12.64235,65.81041],[12.64559,65.81379],[12.64681,65.81434],[12.65001,65.81464],[12.65456,65.81422],[12.65863,65.81292],[12.65919,65.81393],[12.66038,65.81417],[12.67164,65.81366],[12.67451,65.81055],[12.67316,65.81028],[12.6734,65.80835],[12.67126,65.80636],[12.67249,65.80549],[12.67408,65.80569],[12.67433,65.80627],[12.67503,65.80628],[12.67708,65.80375]],[[12.21664,65.80357],[12.21532,65.80381],[12.21485,65.80438],[12.21539,65.80672],[12.21697,65.80728],[12.22092,65.80761],[12.22138,65.80612],[12.22051,65.80512],[12.21664,65.80357]],[[12.51034,65.81091],[12.50835,65.81094],[12.50757,65.81154],[12.50845,65.81293],[12.50973,65.81291],[12.51072,65.81166],[12.51034,65.81091]],[[12.21792,65.80238],[12.2202,65.80425],[12.22436,65.80621],[12.22431,65.80793],[12.22552,65.80823],[12.22724,65.80665],[12.22579,65.79997]],[[12.70264,65.8163],[12.70374,65.81413],[12.70296,65.81302],[12.70351,65.81185],[12.71059,65.8082],[12.71368,65.80715],[12.71884,65.80676],[12.71948,65.80612],[12.72354,65.80688],[12.72533,65.80686],[12.72862,65.80452]],[[12.14706,65.80299],[12.14549,65.80327],[12.1449,65.80432],[12.14882,65.80712],[12.14965,65.8056],[12.14706,65.80299]],[[12.49501,65.80942],[12.49338,65.80954],[12.49275,65.81085],[12.49543,65.813],[12.49776,65.81329],[12.49899,65.81271],[12.49501,65.80942]],[[12.06532,65.80099],[12.06413,65.80109],[12.06412,65.80236],[12.0674,65.80586],[12.06821,65.80531],[12.06532,65.80099]],[[12.11529,65.80406],[12.11361,65.80415],[12.11202,65.80594],[12.11177,65.80771],[12.1129,65.80843],[12.11418,65.80745],[12.11529,65.80406]],[[12.70264,65.8163],[12.70109,65.81685],[12.70243,65.81872]],[[12.5035,65.81098],[12.50257,65.81088],[12.5021,65.81126],[12.5059,65.81573],[12.50718,65.81522],[12.50678,65.81347],[12.5035,65.81098]],[[12.5574,65.80188],[12.55898,65.80439],[12.55707,65.80603],[12.55884,65.80839],[12.56115,65.80853],[12.56271,65.81078],[12.56636,65.8135],[12.57311,65.81711],[12.57444,65.81728],[12.57517,65.81661],[12.57905,65.81688],[12.57988,65.81564],[12.5788,65.81265],[12.58006,65.81186],[12.57828,65.81063],[12.57701,65.80735],[12.57455,65.80594],[12.57256,65.80213]],[[12.08656,65.8049],[12.08466,65.80533],[12.08376,65.80675],[12.08568,65.80894],[12.08894,65.81035],[12.09006,65.80954],[12.08983,65.80885],[12.08882,65.80867],[12.08929,65.80639],[12.08656,65.8049]],[[12.22717,65.80994],[12.22689,65.80911],[12.22564,65.80867],[12.22352,65.8091],[12.2229,65.80986],[12.22177,65.80926],[12.21822,65.80951],[12.22215,65.81269],[12.22502,65.81329],[12.22717,65.80994]],[[12.27671,65.80707],[12.27494,65.80725],[12.27701,65.80918],[12.27749,65.8114],[12.28085,65.81465],[12.2817,65.81165],[12.27671,65.80707]],[[12.44667,65.81323],[12.44289,65.8128],[12.44198,65.81318],[12.44285,65.81419],[12.44764,65.81602],[12.45011,65.81638],[12.45413,65.81772],[12.45537,65.81691],[12.45478,65.81587],[12.44667,65.81323]],[[12.0991,65.81129],[12.10065,65.81145],[12.10107,65.8111],[12.09998,65.80757],[12.09845,65.80643],[12.0971,65.80619],[12.0962,65.80743],[12.09744,65.81136],[12.09904,65.81186],[12.0991,65.81129]],[[12.13295,65.80811],[12.13204,65.80813],[12.13277,65.80993],[12.13603,65.81265],[12.13574,65.81128],[12.13295,65.80811]],[[12.38842,65.81498],[12.38709,65.81509],[12.38738,65.81704],[12.38971,65.81733],[12.39098,65.81591],[12.38842,65.81498]],[[12.70214,65.82188],[12.70356,65.8229],[12.70459,65.82291],[12.70279,65.8207],[12.7035,65.81937],[12.70243,65.81872]],[[12.04671,65.80935],[12.04468,65.80494],[12.04162,65.80407],[12.04171,65.80618],[12.04644,65.81169]],[[12.24689,65.81207],[12.24532,65.81172],[12.24673,65.80956],[12.24552,65.80709],[12.2439,65.80604],[12.24206,65.80591],[12.24145,65.8083],[12.24544,65.81025],[12.24492,65.81042],[12.24279,65.80994],[12.2422,65.81026],[12.24446,65.81574],[12.24597,65.81545],[12.24702,65.81412],[12.24618,65.81326],[12.24712,65.81272],[12.24689,65.81207]],[[12.30999,65.81626],[12.30828,65.81617],[12.30787,65.81665],[12.30996,65.81789],[12.31009,65.81873],[12.3113,65.81894],[12.31142,65.81772],[12.30999,65.81626]],[[12.22416,65.8136],[12.22226,65.81347],[12.21958,65.81216],[12.21854,65.81217],[12.21849,65.81331],[12.22198,65.81567],[12.22156,65.81696],[12.2223,65.81755],[12.22341,65.8173],[12.2241,65.81641],[12.2248,65.81439],[12.22416,65.8136]],[[12.24602,65.81631],[12.2442,65.81631],[12.24554,65.81816],[12.24668,65.81698],[12.24602,65.81631]],[[12.28479,65.81369],[12.28377,65.81371],[12.28284,65.81509],[12.28556,65.81856],[12.28736,65.81905],[12.28668,65.81742],[12.28725,65.81599],[12.28479,65.81369]],[[12.61592,65.81679],[12.61494,65.81571],[12.61156,65.81541],[12.60535,65.81687],[12.60146,65.81986],[12.60197,65.82081],[12.60354,65.82136],[12.60215,65.8232],[12.59787,65.8246]],[[12.03265,65.81468],[12.0342,65.81468],[12.03464,65.81431],[12.02949,65.81299],[12.02944,65.81333],[12.03265,65.81468]],[[12.10989,65.81156],[12.10806,65.81172],[12.1073,65.81245],[12.10852,65.81415],[12.10763,65.81591],[12.10879,65.81639],[12.11004,65.81626],[12.11127,65.81444],[12.10989,65.81156]],[[12.21661,65.81503],[12.21474,65.81376],[12.21242,65.8139],[12.21294,65.81346],[12.21216,65.81173],[12.20876,65.80947],[12.20935,65.81216],[12.21217,65.81367],[12.21117,65.81399],[12.21119,65.81467],[12.21447,65.81616],[12.21624,65.81797],[12.21818,65.81845],[12.21778,65.81609],[12.21661,65.81503]],[[12.02562,65.81217],[12.02399,65.81178],[12.02291,65.81209],[12.02355,65.81541],[12.02619,65.81517],[12.02692,65.81348],[12.02562,65.81217]],[[12.13081,65.81611],[12.12893,65.81603],[12.12872,65.81715],[12.13093,65.81795],[12.13081,65.81611]],[[11.99899,65.82516],[12.00058,65.82555],[12.0014,65.82472],[11.99888,65.82189]],[[12.43294,65.82335],[12.43083,65.82279],[12.43048,65.82182],[12.42831,65.8223],[12.42584,65.8215],[12.42549,65.82054],[12.42758,65.81959],[12.42489,65.8184],[12.42424,65.81709]],[[12.21345,65.8409],[12.21264,65.83772],[12.21064,65.83603],[12.20906,65.83559],[12.20858,65.83674],[12.21148,65.83909],[12.21191,65.84087]],[[12.22137,65.84426],[12.21769,65.84384],[12.21804,65.84467],[12.22031,65.84544],[12.2218,65.84513],[12.22137,65.84426]],[[12.04644,65.81169],[12.04882,65.81444],[12.05051,65.81424],[12.05071,65.81495],[12.05216,65.81509],[12.05485,65.8166],[12.05626,65.81625],[12.05871,65.81649],[12.05848,65.81492],[12.05742,65.81456],[12.05795,65.81369],[12.05626,65.81151],[12.05455,65.81128],[12.0542,65.81322],[12.05222,65.81328],[12.05086,65.81279],[12.04999,65.80909],[12.04882,65.80881],[12.04798,65.80908],[12.0478,65.81055],[12.04671,65.80935]],[[12.30024,65.82133],[12.30337,65.82131],[12.30367,65.82095],[12.2989,65.81773],[12.29145,65.81402],[12.29196,65.81553],[12.29748,65.82022],[12.30024,65.82133]],[[12.45816,65.81803],[12.45675,65.81752],[12.45494,65.81831],[12.46271,65.82255],[12.46563,65.82484],[12.46809,65.8248],[12.46472,65.82191],[12.46195,65.82136],[12.45816,65.81803]],[[12.24246,65.81881],[12.24142,65.81891],[12.24115,65.82026],[12.24407,65.82119],[12.24425,65.82048],[12.24246,65.81881]],[[12.09401,65.81687],[12.09295,65.81622],[12.09155,65.81655],[12.09257,65.81524],[12.09057,65.81433],[12.08954,65.81498],[12.09121,65.81836],[12.09239,65.81857],[12.09336,65.81831],[12.09401,65.81687]],[[12.06694,65.81368],[12.06614,65.81375],[12.06579,65.81627],[12.06804,65.8181],[12.06694,65.81368]],[[12.10565,65.80782],[12.10366,65.80847],[12.10257,65.80992],[12.10293,65.81488],[12.10394,65.81627],[12.10262,65.81846],[12.10353,65.8192],[12.10559,65.81613],[12.10456,65.81404],[12.10619,65.81149],[12.10636,65.80823],[12.10565,65.80782]],[[12.02588,65.81594],[12.02391,65.81603],[12.02213,65.81681],[12.02367,65.81785],[12.02668,65.81874],[12.02588,65.81594]],[[12.28652,65.8213],[12.28403,65.82109],[12.28605,65.82376],[12.28818,65.82436],[12.28893,65.82402],[12.28836,65.82276],[12.28652,65.8213]],[[12.0555,65.81786],[12.05363,65.81799],[12.05383,65.81979],[12.05486,65.82011],[12.05572,65.81941],[12.0555,65.81786]],[[12.47238,65.82555],[12.46997,65.8251],[12.47069,65.82703],[12.47279,65.82797],[12.47356,65.82689],[12.47238,65.82555]],[[12.21724,65.82106],[12.21401,65.82115],[12.21502,65.82278],[12.21804,65.82396],[12.2197,65.82407],[12.21966,65.82237],[12.21724,65.82106]],[[12.41334,65.84988],[12.40984,65.84691],[12.40533,65.84427]],[[12.06611,65.81855],[12.06518,65.81865],[12.06655,65.82124],[12.06734,65.82213],[12.06854,65.82235],[12.06877,65.82076],[12.06611,65.81855]],[[12.06285,65.81873],[12.06212,65.81839],[12.06122,65.81874],[12.06099,65.82041],[12.06497,65.82257],[12.0646,65.82085],[12.06285,65.81873]],[[12.12081,65.82053],[12.12007,65.82059],[12.11894,65.82184],[12.11929,65.82262],[12.12062,65.82286],[12.12191,65.82386],[12.12257,65.82356],[12.12241,65.8224],[12.12081,65.82053]],[[12.4662,65.82635],[12.45897,65.82203],[12.45775,65.82179],[12.45651,65.82201],[12.45773,65.82365],[12.45686,65.82401],[12.4594,65.82599],[12.45872,65.82613],[12.45656,65.82516],[12.45512,65.82523],[12.45642,65.82729],[12.45884,65.82795],[12.46217,65.82821],[12.46562,65.82966],[12.46986,65.83032],[12.47053,65.82957],[12.4662,65.82635]],[[12.15133,65.8229],[12.14953,65.82325],[12.1493,65.82367],[12.1506,65.8248],[12.15176,65.82404],[12.15133,65.8229]],[[12.22345,65.82177],[12.22262,65.82172],[12.22177,65.82252],[12.22297,65.82535],[12.22632,65.82628],[12.22671,65.82494],[12.22501,65.82252],[12.22345,65.82177]],[[12.04508,65.82352],[12.04601,65.8231],[12.04524,65.82213]],[[12.04524,65.82213],[12.04039,65.82131],[12.04156,65.82071],[12.03991,65.81931],[12.04299,65.81787],[12.0431,65.81715],[12.04157,65.81529],[12.03985,65.81439],[12.04079,65.8138],[12.04044,65.81296],[12.03826,65.81212],[12.03653,65.81254],[12.03467,65.81243],[12.03318,65.81115],[12.03439,65.81091],[12.03447,65.81023],[12.03226,65.80966],[12.0322,65.8103],[12.03104,65.81039],[12.0303,65.81109],[12.03125,65.81248],[12.03571,65.81421],[12.03943,65.81445],[12.03889,65.815],[12.03429,65.81487],[12.03316,65.81596],[12.0304,65.81418],[12.02838,65.81433],[12.0273,65.817],[12.02815,65.81905],[12.03238,65.82085],[12.04388,65.82358],[12.04508,65.82352]],[[12.25649,65.82542],[12.25154,65.82063],[12.25037,65.8172],[12.24917,65.81653],[12.24782,65.81801],[12.24942,65.81916],[12.24871,65.81968],[12.24987,65.82084],[12.24932,65.82204],[12.25115,65.82441],[12.25218,65.82757],[12.25136,65.82762],[12.24838,65.82285],[12.24659,65.82183],[12.24603,65.82237],[12.24721,65.82638],[12.24903,65.82823],[12.25338,65.82844]],[[12.26372,65.82685],[12.26273,65.82602],[12.26028,65.82562],[12.26041,65.82629],[12.26272,65.82739],[12.26352,65.82877]],[[12.29202,65.82745],[12.29094,65.82713],[12.28998,65.82739],[12.29332,65.8307],[12.29202,65.82745]],[[12.06132,65.82514],[12.05929,65.82385],[12.05799,65.82404],[12.05548,65.82318],[12.05409,65.82312],[12.05579,65.82163],[12.0546,65.821],[12.05145,65.82065],[12.05092,65.82156],[12.05373,65.82306],[12.05328,65.82351],[12.05446,65.82462],[12.06132,65.82514]],[[12.26352,65.82877],[12.26595,65.82949],[12.26372,65.82685]],[[12.23322,65.82609],[12.23196,65.82626],[12.23202,65.82742],[12.23423,65.82964],[12.23506,65.82916],[12.23511,65.82806],[12.23322,65.82609]],[[12.20051,65.82624],[12.19865,65.82573],[12.1974,65.82348],[12.19511,65.82231],[12.19324,65.81867],[12.19166,65.81859],[12.19094,65.81957],[12.18994,65.81849],[12.18819,65.81823],[12.18754,65.81964],[12.19018,65.82208],[12.18832,65.82215],[12.18872,65.82358],[12.19201,65.82574],[12.19794,65.82605],[12.19893,65.82857],[12.19762,65.82925],[12.19869,65.8297],[12.20209,65.82936],[12.20139,65.82853],[12.20177,65.82714],[12.20051,65.82624]],[[12.26323,65.83149],[12.25649,65.82542]],[[12.03675,65.82505],[12.03476,65.82466],[12.03386,65.82504],[12.03594,65.82717],[12.03924,65.82772],[12.03964,65.82697],[12.03812,65.8264],[12.03675,65.82505]],[[12.25338,65.82844],[12.25541,65.82862],[12.25317,65.82972],[12.25655,65.83183],[12.26104,65.83219],[12.2632,65.83177]],[[12.29853,65.83295],[12.29942,65.8329]],[[12.43294,65.82335],[12.43643,65.8242],[12.43981,65.82659],[12.44062,65.82642],[12.43903,65.82547],[12.43934,65.82499],[12.44214,65.82578],[12.4442,65.82741],[12.4468,65.82852],[12.4461,65.82935],[12.45074,65.8314],[12.44995,65.83235],[12.44772,65.83279],[12.45237,65.83354],[12.45422,65.83454],[12.45478,65.83565],[12.45599,65.83604],[12.45707,65.8341],[12.45469,65.83338],[12.45267,65.83197],[12.44944,65.82932],[12.4472,65.82632],[12.44192,65.8244],[12.4426,65.82382],[12.44107,65.82294],[12.43928,65.82313],[12.43804,65.82278],[12.43744,65.8219],[12.44005,65.82155],[12.4407,65.82094],[12.44241,65.82112],[12.44745,65.82315],[12.45182,65.8262],[12.46324,65.82984],[12.46684,65.8333],[12.46802,65.83324],[12.46966,65.83247],[12.47057,65.83259],[12.47136,65.83347],[12.47311,65.83363],[12.47205,65.83242],[12.47363,65.83168],[12.48223,65.83185]],[[12.29942,65.8329],[12.30053,65.83358],[12.30222,65.83354],[12.30282,65.83202],[12.30052,65.82879],[12.29878,65.82815],[12.29976,65.82756],[12.29769,65.82457],[12.29314,65.82152],[12.28843,65.81958],[12.28728,65.81954],[12.2868,65.82001],[12.29219,65.82502],[12.29602,65.83036],[12.29502,65.8314],[12.29548,65.83245],[12.29695,65.83327],[12.29833,65.8333],[12.29853,65.83295]],[[12.22422,65.83032],[12.2214,65.82929],[12.22058,65.82942],[12.22122,65.83124],[12.22401,65.83233],[12.22596,65.83114],[12.22422,65.83032]],[[12.31144,65.83194],[12.31023,65.83196],[12.3101,65.83228],[12.31281,65.83431],[12.314,65.83393],[12.31144,65.83194]],[[12.60899,65.84758],[12.60889,65.84677],[12.60706,65.84613],[12.60642,65.84133],[12.60565,65.84082],[12.60379,65.8406],[12.60188,65.8395],[12.60354,65.83887],[12.60391,65.83819],[12.60346,65.83706],[12.60168,65.83646],[12.60024,65.83426],[12.60148,65.83184],[12.59952,65.82981],[12.59787,65.8246]],[[12.34485,65.83272],[12.34517,65.83129],[12.34177,65.82796],[12.33998,65.8246],[12.33604,65.82249],[12.33556,65.82136],[12.33283,65.82017],[12.32965,65.81707],[12.32959,65.81343],[12.32864,65.81187],[12.3266,65.81189],[12.32383,65.81046],[12.32278,65.80885],[12.3214,65.80841],[12.32242,65.81064],[12.32205,65.8145],[12.31887,65.81397],[12.31661,65.81188],[12.31567,65.81249],[12.31712,65.81418],[12.31642,65.81661],[12.31851,65.81955],[12.31792,65.82099],[12.31846,65.82345],[12.3212,65.82449],[12.3206,65.82491],[12.31921,65.82477],[12.31896,65.82561],[12.32106,65.82869],[12.32561,65.83295],[12.32845,65.83462],[12.33263,65.83488]],[[12.33263,65.83488],[12.33573,65.83517],[12.34317,65.83467],[12.34485,65.83272]],[[12.21281,65.83184],[12.21356,65.8317],[12.21456,65.83303],[12.21538,65.83318],[12.21464,65.82938],[12.21007,65.82467],[12.20888,65.82728],[12.21172,65.83075],[12.21076,65.83114],[12.21125,65.83205],[12.21199,65.8329],[12.21383,65.83333],[12.21281,65.83184]],[[12.09494,65.82702],[12.09415,65.82713],[12.09331,65.83163],[12.0952,65.83267],[12.0966,65.83211],[12.09716,65.82935],[12.09676,65.82817],[12.09494,65.82702]],[[12.53139,65.81008],[12.52971,65.81037],[12.53015,65.80917],[12.52804,65.80934],[12.52745,65.80994],[12.52918,65.81087],[12.52662,65.81061],[12.52472,65.81412],[12.52955,65.81947],[12.54189,65.82635],[12.54296,65.82919],[12.54468,65.82988],[12.55002,65.82963],[12.55604,65.83012],[12.56095,65.8333],[12.56328,65.83702],[12.56548,65.83903],[12.56796,65.83945],[12.57131,65.83778],[12.57362,65.83725],[12.57475,65.83795],[12.57399,65.83947],[12.57505,65.83983],[12.57834,65.83947],[12.58022,65.8384],[12.57748,65.83644],[12.57869,65.8357],[12.58071,65.83587],[12.57625,65.82978],[12.57605,65.82786],[12.57728,65.82677],[12.57552,65.82434],[12.57603,65.82262],[12.5785,65.82407],[12.57925,65.82404],[12.578,65.82202],[12.58032,65.81997],[12.58025,65.81911],[12.57743,65.8187],[12.57781,65.81806],[12.57973,65.81814],[12.5803,65.81783],[12.57866,65.81741],[12.57451,65.81755],[12.57575,65.81873],[12.57541,65.81982],[12.57687,65.82106],[12.57662,65.82153],[12.57542,65.82152],[12.56807,65.81616],[12.56389,65.81488],[12.55877,65.81144],[12.55578,65.81062],[12.55673,65.81002],[12.55484,65.80855],[12.55484,65.80706],[12.55327,65.80632],[12.5536,65.80593],[12.5553,65.80602],[12.55605,65.80514],[12.55486,65.80184]],[[12.15401,65.82866],[12.15287,65.8291],[12.15357,65.83264]],[[12.15357,65.83264],[12.15543,65.83266],[12.15621,65.83218],[12.15543,65.82939],[12.15401,65.82866]],[[12.08949,65.82955],[12.09024,65.82949],[12.0923,65.8306],[12.09281,65.82307],[12.09196,65.82236],[12.0899,65.82177],[12.08913,65.82224],[12.08952,65.82288],[12.08851,65.82315],[12.08815,65.8217],[12.08678,65.82149],[12.08669,65.82029],[12.08537,65.81998],[12.08379,65.82051],[12.08344,65.82207],[12.08928,65.82558],[12.08993,65.82923],[12.08855,65.82678],[12.08568,65.82469],[12.08377,65.82411],[12.0833,65.82508],[12.08738,65.82818],[12.08936,65.8328],[12.09131,65.83313],[12.09155,65.83132],[12.08949,65.82955]],[[12.24159,65.83319],[12.24057,65.83305],[12.24092,65.83535],[12.24315,65.83611],[12.24159,65.83319]],[[12.21589,65.83385],[12.21341,65.83391],[12.21568,65.83619],[12.21651,65.83489],[12.21589,65.83385]],[[12.20369,65.8337],[12.20228,65.83376],[12.20186,65.83534],[12.20297,65.83621],[12.2044,65.83646],[12.20369,65.8337]],[[12.42309,65.83393],[12.42012,65.83278],[12.41771,65.83315],[12.41687,65.83382],[12.41721,65.83512],[12.41262,65.83398],[12.40978,65.83215],[12.4066,65.83194],[12.40468,65.83223],[12.40279,65.83287],[12.39784,65.83621],[12.39859,65.8384],[12.39706,65.83884],[12.39749,65.84015]],[[12.1012,65.82275],[12.09989,65.82239],[12.09897,65.82321],[12.09996,65.82532],[12.09848,65.82748],[12.09917,65.83453],[12.10017,65.83491],[12.10232,65.8324],[12.10169,65.83098],[12.10272,65.82924],[12.10285,65.82547],[12.1012,65.82275]],[[12.42752,65.84004],[12.42474,65.84023],[12.42619,65.84141],[12.42857,65.84166],[12.4283,65.84025],[12.42752,65.84004]],[[12.13197,65.83275],[12.13081,65.83284],[12.13058,65.83359],[12.13186,65.83695],[12.13277,65.83644],[12.13295,65.8353],[12.1315,65.83313],[12.13197,65.83275]],[[12.16941,65.83506],[12.16848,65.8351],[12.16852,65.8357],[12.17075,65.83748],[12.1738,65.83871],[12.17417,65.83804],[12.1725,65.83677],[12.17254,65.83601],[12.16941,65.83506]],[[12.22001,65.84102],[12.21797,65.84051],[12.21702,65.84058],[12.217,65.84096]],[[12.30359,65.84142],[12.30358,65.84067],[12.30489,65.84005],[12.30442,65.83761],[12.30256,65.83677],[12.30241,65.83856],[12.30162,65.83861],[12.29887,65.83426],[12.29661,65.83402],[12.3007,65.8411],[12.30313,65.84171],[12.30359,65.84142]],[[12.4612,65.84023],[12.46011,65.84013],[12.46193,65.84154],[12.46363,65.84416],[12.4669,65.84495],[12.46521,65.84279],[12.46221,65.84042],[12.4612,65.84023]],[[12.09615,65.92495],[12.09274,65.92327],[12.0924,65.92409],[12.09319,65.92462],[12.0956,65.92521],[12.09615,65.92495]],[[12.69219,65.84854],[12.69069,65.84418],[12.69263,65.84379],[12.69,65.8414],[12.68807,65.83517],[12.68968,65.83394],[12.69374,65.83768],[12.69442,65.83772],[12.6947,65.83612],[12.69315,65.83421],[12.69326,65.8302],[12.69619,65.82884],[12.69339,65.82581],[12.69261,65.8258],[12.69171,65.82699],[12.69074,65.82598],[12.6932,65.81995],[12.69633,65.81682],[12.69754,65.81715],[12.69792,65.81806],[12.70045,65.8195],[12.70214,65.82188]],[[12.61592,65.81679],[12.61533,65.81759],[12.61754,65.81886],[12.61909,65.82065],[12.62136,65.82156],[12.62297,65.82108],[12.62457,65.82181],[12.62342,65.82235],[12.62743,65.82496],[12.63036,65.82504],[12.63439,65.82457],[12.63789,65.82281],[12.6437,65.82384],[12.64745,65.82593],[12.65251,65.82551],[12.65461,65.82623],[12.65732,65.82525],[12.66025,65.82605],[12.66345,65.82562],[12.66641,65.82677],[12.66765,65.82543],[12.66724,65.82429],[12.66876,65.82296],[12.66767,65.82115],[12.66812,65.81962],[12.67294,65.81931],[12.67492,65.81957],[12.67571,65.8233],[12.67961,65.82722],[12.68063,65.82931],[12.68241,65.83797],[12.68368,65.84006],[12.68548,65.84029],[12.686,65.84092],[12.68568,65.84295],[12.68655,65.84453],[12.68799,65.84437],[12.68855,65.84463],[12.69148,65.84866]],[[12.48719,65.84564],[12.48364,65.84289],[12.48508,65.84132],[12.48727,65.84156],[12.49385,65.84445],[12.49558,65.84284],[12.49228,65.83879],[12.49076,65.83809],[12.48768,65.83762],[12.48932,65.83715],[12.4919,65.83776],[12.49282,65.83716],[12.48958,65.83629],[12.48762,65.83449],[12.48223,65.83185]],[[12.09595,65.83872],[12.09678,65.83643],[12.09607,65.83575],[12.09448,65.83721],[12.09503,65.8387]],[[12.10976,65.83898],[12.1092,65.83389],[12.10744,65.8328],[12.1064,65.8333],[12.10602,65.83448],[12.10805,65.83895]],[[12.1233,65.83923],[12.12237,65.837],[12.1226,65.83576],[12.12387,65.83554],[12.12348,65.83428],[12.12185,65.83184],[12.1195,65.83244],[12.11845,65.83167],[12.11887,65.83142],[12.12024,65.83164],[12.12108,65.83068],[12.11918,65.82956],[12.11796,65.83012],[12.1183,65.83136],[12.11533,65.83157],[12.1152,65.83286],[12.11789,65.83793],[12.1211,65.83814],[12.11983,65.8386],[12.12002,65.83917]],[[12.1726,65.84015],[12.17251,65.83961],[12.17028,65.83918],[12.16846,65.83952],[12.1684,65.84007]],[[12.20558,65.84076],[12.20485,65.83824],[12.20132,65.83773],[12.19574,65.83558],[12.19714,65.83812],[12.19945,65.83916],[12.20061,65.84067]],[[12.23126,65.84122],[12.22888,65.83576],[12.22511,65.83436],[12.22193,65.83519],[12.22266,65.83333],[12.2195,65.83314],[12.21888,65.8334],[12.21901,65.8362],[12.2206,65.83771],[12.22408,65.83854],[12.22635,65.83752],[12.22726,65.83754],[12.22575,65.83919],[12.22649,65.84114]],[[12.24384,65.84145],[12.24018,65.83884],[12.23423,65.83658],[12.23361,65.83768],[12.23508,65.84129]],[[12.25559,65.84166],[12.25313,65.83805],[12.25162,65.83228],[12.25369,65.83249],[12.25421,65.83323],[12.25786,65.83389],[12.25729,65.83245],[12.26201,65.83263],[12.26314,65.83233]],[[12.26642,65.84185],[12.26679,65.84064],[12.26285,65.83641],[12.26395,65.83582],[12.26542,65.83585],[12.2677,65.83529],[12.26764,65.8345],[12.26485,65.83269],[12.26314,65.83233]],[[12.29725,65.8424],[12.29415,65.83878],[12.29231,65.83788],[12.29466,65.84236]],[[12.32142,65.84283],[12.31892,65.84103],[12.31419,65.83932],[12.31359,65.83978],[12.31431,65.8427]],[[12.34825,65.84307],[12.34869,65.84098],[12.34457,65.83774],[12.34051,65.83638],[12.33561,65.8357],[12.3341,65.83625],[12.33415,65.8375],[12.33298,65.83722],[12.33152,65.83599],[12.32936,65.8359],[12.33199,65.83873],[12.3298,65.83936],[12.33182,65.84084],[12.33152,65.843]],[[12.34825,65.84307],[12.3488,65.8433]],[[12.3902,65.84401],[12.39034,65.84276],[12.3893,65.84164],[12.38975,65.83628],[12.39161,65.83343],[12.39448,65.83216],[12.39587,65.83049],[12.39171,65.82594],[12.39143,65.82364],[12.38751,65.82075],[12.39002,65.8203],[12.39193,65.8208],[12.39244,65.81982],[12.39398,65.81972],[12.39483,65.81913],[12.39764,65.81635],[12.40414,65.8152],[12.40769,65.8157],[12.41051,65.81564],[12.41076,65.81597],[12.41472,65.81585],[12.41668,65.81515],[12.42008,65.81565],[12.42424,65.81709]],[[12.40533,65.84427],[12.40398,65.84082],[12.4019,65.84019],[12.39938,65.84105],[12.39749,65.84015]],[[12.42762,65.84465],[12.42326,65.8434],[12.42178,65.84357],[12.42181,65.84455]],[[12.4366,65.8448],[12.43493,65.84359],[12.43627,65.84302],[12.43462,65.84264],[12.43259,65.83967],[12.43363,65.83859],[12.43112,65.83803],[12.42534,65.83568],[12.42309,65.83393]],[[12.44344,65.84491],[12.43926,65.84302],[12.43847,65.84363],[12.44064,65.84486]],[[12.50143,65.84587],[12.49986,65.84448],[12.49776,65.84363],[12.49638,65.84381],[12.49576,65.84465],[12.49636,65.84579]],[[12.51226,65.84604],[12.50602,65.84306],[12.50549,65.84356],[12.50663,65.84595]],[[12.09503,65.8387],[12.09595,65.83872]],[[12.4366,65.8448],[12.43917,65.8454],[12.44083,65.8452],[12.44064,65.84486]],[[12.10805,65.83895],[12.10927,65.8396],[12.10976,65.83898]],[[12.21191,65.84087],[12.21289,65.84195],[12.21345,65.8409]],[[12.1684,65.84007],[12.16862,65.84102],[12.16999,65.84152],[12.1726,65.84015]],[[12.42181,65.84455],[12.42342,65.84547],[12.42533,65.8453],[12.42849,65.84604],[12.4303,65.84608],[12.42762,65.84465]],[[12.12002,65.83917],[12.12252,65.84074],[12.1233,65.83923]],[[12.48719,65.84564],[12.48961,65.84717],[12.49271,65.847],[12.49537,65.84753],[12.4972,65.84731],[12.49636,65.84579]],[[12.29466,65.84236],[12.2974,65.84453],[12.29823,65.84389],[12.29725,65.8424]],[[12.309,65.84261],[12.30817,65.84378],[12.31173,65.84497],[12.31122,65.8433],[12.30925,65.84261]],[[12.217,65.84096],[12.21754,65.8424],[12.22089,65.84341],[12.22075,65.84142],[12.22001,65.84102]],[[12.16119,65.84055],[12.15954,65.84032],[12.15874,65.84067],[12.15986,65.84231],[12.16111,65.84274],[12.16205,65.84126],[12.16119,65.84055]],[[12.22497,65.8424],[12.22406,65.84217],[12.22334,65.84292],[12.22713,65.84415],[12.22497,65.8424]],[[12.12952,65.83935],[12.12916,65.8403],[12.13073,65.84256],[12.13142,65.84186],[12.13031,65.83936]],[[12.20061,65.84067],[12.20396,65.84336],[12.20577,65.84396],[12.20607,65.84235],[12.20479,65.84187],[12.20558,65.84076]],[[12.25559,65.84166],[12.25777,65.84431],[12.26008,65.84516],[12.26182,65.84479]],[[12.50663,65.84595],[12.50801,65.8493],[12.51027,65.84928],[12.51026,65.84879],[12.51568,65.84945],[12.51226,65.84604]],[[12.18469,65.8409],[12.18419,65.84069],[12.18273,65.84098],[12.18232,65.84158],[12.18426,65.84384],[12.18547,65.84227],[12.18469,65.8409]],[[12.15185,65.84035],[12.15048,65.84003],[12.14929,65.84061],[12.14905,65.84237],[12.15158,65.84329],[12.15231,65.84142],[12.15185,65.84035]],[[12.26182,65.84479],[12.26312,65.84459],[12.26467,65.84541],[12.26716,65.84504],[12.26796,65.84387],[12.26642,65.84185]],[[12.30156,65.84321],[12.30041,65.84316],[12.30025,65.84349],[12.30172,65.84529],[12.30412,65.8462],[12.30443,65.84587],[12.30156,65.84321]],[[12.63009,65.85279],[12.62971,65.85088],[12.62744,65.85111],[12.62502,65.85242],[12.62267,65.8517],[12.61751,65.84865],[12.60899,65.84758]],[[12.22649,65.84114],[12.23055,65.84613],[12.23252,65.84559],[12.23126,65.84122]],[[12.31431,65.8427],[12.31735,65.84502],[12.32139,65.84681],[12.32229,65.84785],[12.32385,65.84817],[12.32384,65.84536],[12.32142,65.84283]],[[12.44344,65.84491],[12.45131,65.84718],[12.46676,65.84912],[12.46934,65.84889],[12.46956,65.84832],[12.46818,65.84699],[12.46887,65.84646],[12.47612,65.84988],[12.48037,65.85087]],[[12.43981,65.84963],[12.43573,65.84747],[12.42916,65.84677],[12.42965,65.84835],[12.43129,65.84817],[12.43434,65.84885],[12.43596,65.84994],[12.43773,65.85023],[12.43924,65.85011],[12.43981,65.84963]],[[12.30905,65.8455],[12.30811,65.84547],[12.30782,65.84616],[12.30853,65.84708],[12.31194,65.84821],[12.31167,65.84712],[12.30905,65.8455]],[[12.3163,65.84613],[12.31556,65.84607],[12.31466,65.84663],[12.31458,65.8473],[12.31548,65.84855],[12.3171,65.84865],[12.31753,65.84752],[12.3163,65.84613]],[[12.48031,65.8515],[12.4832,65.85119],[12.48037,65.85087]],[[12.32592,65.84882],[12.32489,65.84874],[12.32439,65.85033],[12.32616,65.851],[12.32705,65.85019],[12.32592,65.84882]],[[12.23304,65.84938],[12.23247,65.84841],[12.23014,65.848],[12.22982,65.84877],[12.23157,65.84894],[12.23243,65.84958],[12.23304,65.84938]],[[12.38998,65.84452],[12.39217,65.84992],[12.39858,65.85275]],[[12.15212,65.84577],[12.15116,65.84515],[12.1495,65.84563],[12.15175,65.84912]],[[12.35103,65.85288],[12.35026,65.85158],[12.35179,65.8511],[12.35066,65.84985],[12.34699,65.85205],[12.34438,65.85251],[12.34363,65.8521],[12.34962,65.84891],[12.34881,65.84692],[12.34964,65.84599],[12.34917,65.8449]],[[12.17568,65.84649],[12.17449,65.84629],[12.17403,65.84686],[12.17661,65.84991],[12.17743,65.84886],[12.17568,65.84649]],[[12.20708,65.84968],[12.20396,65.8493],[12.2033,65.84957],[12.20381,65.8503],[12.206,65.85058],[12.2074,65.85041],[12.20708,65.84968]],[[12.33619,65.86963],[12.33268,65.86822],[12.332,65.86868],[12.33279,65.86941],[12.33461,65.86953],[12.33669,65.87089],[12.33619,65.86963]],[[12.52359,65.85395],[12.51751,65.8528],[12.51676,65.85301],[12.51777,65.85346],[12.51739,65.85372],[12.51344,65.85256],[12.51226,65.85284],[12.51308,65.85385],[12.51516,65.85482],[12.5226,65.85628],[12.52376,65.85564],[12.5256,65.85536],[12.52498,65.85427],[12.52359,65.85395]],[[12.23199,65.85621],[12.22935,65.85538],[12.22786,65.8554],[12.22831,65.85628],[12.23024,65.85644],[12.23094,65.85692],[12.23056,65.8578],[12.23217,65.86007],[12.23199,65.85621]],[[12.4375,65.85273],[12.43842,65.85197],[12.43733,65.85089],[12.43626,65.85075],[12.43274,65.85082],[12.43343,65.85163],[12.43591,65.85174],[12.43547,65.85267],[12.43044,65.85235],[12.43199,65.8538],[12.43557,65.85504],[12.43864,65.85444],[12.43664,65.85345],[12.4375,65.85273]],[[12.15175,65.84912],[12.15321,65.85008],[12.15337,65.84822],[12.15212,65.84577]],[[12.61293,65.85486],[12.6119,65.85538],[12.6147,65.85728],[12.61456,65.85801],[12.61607,65.85818],[12.61615,65.8575],[12.61774,65.85686],[12.61655,65.85585],[12.61293,65.85486]],[[12.63009,65.85279],[12.63118,65.85767],[12.63341,65.85864],[12.63626,65.85896]],[[12.48031,65.8515],[12.47056,65.85277],[12.46997,65.85317],[12.47059,65.85386],[12.47382,65.85504],[12.47981,65.8566]],[[12.39858,65.85275],[12.40184,65.8553],[12.4043,65.85489],[12.40443,65.85331],[12.40703,65.85257],[12.411,65.85278],[12.40834,65.8541],[12.41147,65.85499],[12.41471,65.85484],[12.41486,65.85389],[12.41586,65.85341],[12.41786,65.85378]],[[12.2334,65.85014],[12.23082,65.85001],[12.22975,65.85073],[12.23302,65.85277],[12.2334,65.85014]],[[12.33152,65.843],[12.33329,65.84412],[12.33717,65.84537],[12.33619,65.8459],[12.33349,65.84519],[12.33212,65.84603],[12.3357,65.84797],[12.33837,65.85172],[12.34214,65.85221],[12.34042,65.85352],[12.33797,65.85274],[12.33815,65.85626]],[[12.17169,65.8499],[12.16996,65.84965],[12.16961,65.8506],[12.1747,65.85351],[12.17628,65.85382],[12.17642,65.85259],[12.17527,65.85183],[12.17298,65.85132],[12.17169,65.8499]],[[12.39156,65.85439],[12.39022,65.8544],[12.39002,65.85507],[12.3966,65.85767],[12.39838,65.85812],[12.39956,65.85795],[12.39932,65.85607],[12.39594,65.855],[12.39156,65.85439]],[[12.3248,65.8539],[12.3231,65.85373],[12.32205,65.85441],[12.32512,65.85694],[12.32751,65.85655],[12.32681,65.85468],[12.3248,65.8539]],[[12.44607,65.87144],[12.43979,65.87058],[12.4383,65.871],[12.44375,65.87253],[12.44957,65.87323],[12.44582,65.87249],[12.44607,65.87144]],[[12.47981,65.8566],[12.48517,65.85681],[12.49012,65.85844],[12.4979,65.85987],[12.5011,65.85965],[12.50305,65.86017],[12.50877,65.85942],[12.50984,65.85767],[12.50126,65.85294],[12.50186,65.85272],[12.50431,65.85345],[12.50567,65.85335],[12.5059,65.85129],[12.50212,65.8511],[12.49975,65.85222],[12.49584,65.85153],[12.50469,65.84999],[12.50143,65.84587]],[[12.1489,65.84947],[12.14615,65.84944],[12.14556,65.85159],[12.14629,65.85268],[12.14893,65.85316],[12.14804,65.85382],[12.14957,65.85409],[12.15051,65.85351],[12.15067,65.85089],[12.1489,65.84947]],[[12.41786,65.85378],[12.4195,65.85448],[12.41939,65.85504],[12.41838,65.8555],[12.41573,65.85542],[12.41489,65.85576],[12.41963,65.85738],[12.42051,65.85853],[12.42543,65.85926],[12.42538,65.85642],[12.42092,65.85417],[12.42049,65.85305],[12.4179,65.85225],[12.41821,65.8513],[12.41744,65.85061],[12.4166,65.85051],[12.41626,65.85139],[12.41508,65.85147],[12.41334,65.84988]],[[12.52301,65.85843],[12.52079,65.85818],[12.52467,65.86112],[12.52641,65.86145],[12.52696,65.86076],[12.52507,65.85923],[12.52301,65.85843]],[[12.17114,65.8527],[12.16928,65.85259],[12.16948,65.85338],[12.1727,65.85499],[12.17534,65.85559],[12.1756,65.85437],[12.17408,65.85423],[12.17114,65.8527]],[[12.16162,65.85417],[12.16013,65.85424],[12.15951,65.85548],[12.16244,65.85635],[12.16346,65.85609],[12.16162,65.85417]],[[12.33469,65.8572],[12.33387,65.85731],[12.33448,65.85843],[12.33706,65.8598],[12.33735,65.85892],[12.33469,65.8572]],[[12.33168,65.85823],[12.33054,65.8582],[12.32998,65.85906],[12.33185,65.86062],[12.33301,65.86026],[12.33168,65.85823]],[[12.16541,65.85068],[12.16376,65.85049],[12.16201,65.85146],[12.16435,65.85308],[12.16433,65.85501],[12.17087,65.8571],[12.17277,65.85811],[12.17385,65.85715],[12.17294,65.85603],[12.16752,65.85369],[12.16541,65.85068]],[[12.18086,65.8583],[12.17963,65.85607],[12.17738,65.85525],[12.17606,65.85657],[12.17683,65.85752],[12.17785,65.85819],[12.18086,65.8583]],[[12.26035,65.85854],[12.26299,65.85993],[12.26257,65.85815],[12.26109,65.85749],[12.26066,65.85559]],[[12.26066,65.85559],[12.25936,65.85435],[12.25687,65.85375],[12.25636,65.85407],[12.2575,65.85599],[12.25668,65.85607],[12.25341,65.85118],[12.25676,65.8519],[12.25661,65.85251],[12.25536,65.85277],[12.25698,65.85338],[12.2591,65.85348],[12.25953,65.8524],[12.25729,65.84963],[12.25463,65.84807],[12.25358,65.84802],[12.25354,65.8504],[12.25284,65.85043],[12.25111,65.84915],[12.2506,65.84958],[12.25347,65.85473],[12.25292,65.85561],[12.25513,65.85678],[12.25716,65.85966],[12.25882,65.85983],[12.25868,65.85863],[12.26035,65.85854]],[[12.16565,65.85631],[12.16461,65.85637],[12.16452,65.85686],[12.16963,65.85848],[12.17082,65.85826],[12.16995,65.85744],[12.16565,65.85631]],[[12.48728,65.8644],[12.48806,65.86324],[12.48578,65.86109],[12.47958,65.85891]],[[12.58886,65.86269],[12.58821,65.86342],[12.58498,65.86196],[12.57969,65.86334],[12.5811,65.86397],[12.58361,65.86429],[12.58481,65.86531],[12.58852,65.86627]],[[12.24295,65.84208],[12.24358,65.84316],[12.24659,65.84412],[12.24618,65.84522],[12.2453,65.84547],[12.24543,65.84642],[12.24736,65.84593],[12.24786,65.84666],[12.24624,65.84722],[12.24813,65.84995],[12.24832,65.85377],[12.24942,65.8541],[12.24897,65.8546],[12.24636,65.85493],[12.24624,65.8554],[12.2499,65.85541],[12.25177,65.85591],[12.25404,65.85777],[12.25557,65.86086],[12.25768,65.86005],[12.25907,65.86025],[12.26007,65.86114]],[[12.18731,65.85722],[12.18599,65.85733],[12.18603,65.85894],[12.18782,65.8603],[12.18867,65.85821],[12.18731,65.85722]],[[12.27663,65.85687],[12.27548,65.85692],[12.27589,65.85777],[12.27965,65.86198],[12.28102,65.86213],[12.28159,65.86159],[12.27973,65.85925],[12.27663,65.85687]],[[12.33815,65.85626],[12.34221,65.85933],[12.3435,65.86112],[12.34724,65.86364]],[[12.25029,65.86223],[12.24899,65.86204],[12.24824,65.86233],[12.2497,65.8641],[12.25101,65.8635],[12.25029,65.86223]],[[12.34724,65.86364],[12.34737,65.86374]],[[12.33523,65.86018],[12.33451,65.86034],[12.33484,65.86232],[12.33636,65.86348],[12.33772,65.86382],[12.33794,65.86262],[12.33523,65.86018]],[[12.27129,65.86074],[12.26975,65.86067],[12.26988,65.86181],[12.27073,65.86299],[12.27216,65.86333],[12.27254,65.86234],[12.27129,65.86074]],[[12.26566,65.85975],[12.26461,65.85973],[12.26404,65.86065],[12.26552,65.86353],[12.26698,65.86213],[12.26566,65.85975]],[[12.23804,65.84575],[12.23914,65.84696],[12.23688,65.8471],[12.23671,65.84795],[12.23779,65.85105],[12.23944,65.85124],[12.23985,65.85189],[12.23891,65.85329],[12.24012,65.85518],[12.24286,65.85614],[12.24096,65.8566],[12.24235,65.85836],[12.24596,65.85997],[12.24653,65.85904],[12.24722,65.85906],[12.24743,65.86012],[12.24961,65.86067],[12.24973,65.8612],[12.25208,65.86149],[12.25378,65.86358]],[[12.34737,65.86374],[12.35077,65.86624],[12.35338,65.86697],[12.35459,65.86664],[12.35522,65.86559],[12.358,65.86584],[12.35882,65.86515],[12.35857,65.86323],[12.354,65.85999],[12.35509,65.85897],[12.35448,65.85798],[12.35001,65.85563],[12.35103,65.85288]],[[12.31807,65.8538],[12.31721,65.85378],[12.31668,65.85437],[12.32065,65.85753],[12.32306,65.86069],[12.33195,65.86657],[12.33412,65.86747],[12.33713,65.86788],[12.33738,65.86736],[12.32963,65.86116],[12.32799,65.86079],[12.32562,65.85836],[12.31807,65.8538]],[[12.44709,65.87106],[12.44886,65.87197],[12.451,65.87239],[12.45213,65.8716],[12.45176,65.8712],[12.45332,65.87074],[12.45498,65.87086],[12.46688,65.87327],[12.47541,65.87355],[12.4781,65.87405]],[[12.18629,65.86086],[12.18423,65.86019],[12.18268,65.86205],[12.18317,65.86362],[12.18509,65.86558],[12.18703,65.86342],[12.18629,65.86086]],[[12.2373,65.86215],[12.2358,65.86217],[12.2357,65.86253],[12.23884,65.86632],[12.23991,65.86674],[12.24079,65.86622],[12.2405,65.86441],[12.2373,65.86215]],[[12.17501,65.86072],[12.1723,65.86054],[12.1723,65.85985],[12.17114,65.85926],[12.16264,65.8571],[12.16079,65.8573],[12.16339,65.86004],[12.16171,65.86023],[12.16186,65.8611],[12.16396,65.86277],[12.1674,65.86317],[12.16829,65.86443],[12.174,65.86525],[12.1762,65.86594],[12.17907,65.86309],[12.17705,65.86126],[12.17501,65.86072]],[[12.28203,65.86314],[12.28102,65.86328],[12.2813,65.86635],[12.28253,65.86785],[12.28429,65.86804],[12.28568,65.8675],[12.28561,65.86629],[12.28367,65.86404],[12.28203,65.86314]],[[12.34379,65.86964],[12.34203,65.86955],[12.34238,65.87028],[12.34799,65.8725],[12.34379,65.86964]],[[12.09544,65.89525],[12.09284,65.89546],[12.09223,65.89622],[12.09258,65.89697],[12.09453,65.89752],[12.09596,65.89632],[12.09544,65.89525]],[[12.47958,65.85891],[12.46893,65.85635],[12.45971,65.85573],[12.46248,65.85803],[12.47024,65.86237],[12.46962,65.8625],[12.46556,65.86104],[12.45751,65.85689],[12.4539,65.85706],[12.45162,65.85809],[12.45774,65.8593],[12.45446,65.86002],[12.45475,65.86061],[12.45737,65.86073],[12.46132,65.86205],[12.45839,65.86227],[12.45661,65.86347],[12.4559,65.86247],[12.45239,65.86067],[12.44868,65.85954],[12.44765,65.85985],[12.44525,65.85972],[12.44,65.85774],[12.43724,65.85811],[12.43565,65.85888],[12.43301,65.85824],[12.43366,65.85767],[12.432,65.85694],[12.42982,65.85649],[12.42842,65.85675],[12.43495,65.86015],[12.43435,65.86037],[12.43151,65.85966],[12.42816,65.86032],[12.43139,65.86242],[12.43355,65.86482],[12.43781,65.86529],[12.43838,65.86372],[12.44113,65.86418],[12.44493,65.86561],[12.44483,65.86626],[12.4436,65.86648],[12.43775,65.86606],[12.43583,65.86624],[12.44679,65.87096]],[[12.33877,65.86539],[12.33745,65.86527],[12.33823,65.86709],[12.33773,65.86825],[12.33946,65.86926],[12.3421,65.86843],[12.33877,65.86539]],[[12.24492,65.86076],[12.24231,65.86006],[12.24086,65.86038],[12.23965,65.85926],[12.23769,65.85921],[12.23693,65.85972],[12.23836,65.86187],[12.24109,65.8637],[12.24193,65.86667],[12.24611,65.86783],[12.2475,65.8652],[12.24645,65.8615],[12.24492,65.86076]],[[12.58852,65.86627],[12.59551,65.86761],[12.60044,65.87077],[12.60147,65.87214],[12.60583,65.87426],[12.60675,65.87327],[12.60537,65.87184],[12.60684,65.87152],[12.6069,65.86946],[12.60587,65.86783],[12.60107,65.86505],[12.59975,65.86279],[12.59617,65.85975],[12.59541,65.85977],[12.59508,65.86052],[12.5936,65.86015],[12.59215,65.86035],[12.59342,65.86375],[12.59187,65.86366],[12.58959,65.86239],[12.58886,65.86269]],[[12.6242,65.88449],[12.62338,65.88455],[12.6242,65.88792],[12.6252,65.88654],[12.6242,65.88449]],[[12.25378,65.86358],[12.25613,65.8677],[12.25532,65.86774],[12.25417,65.86541],[12.25249,65.86422],[12.25188,65.86439],[12.25235,65.86665],[12.25159,65.86672],[12.25105,65.86586],[12.25033,65.86581],[12.2505,65.86728],[12.25186,65.87051],[12.25552,65.87119]],[[12.47798,65.87521],[12.48259,65.87539],[12.4781,65.87405]],[[12.47798,65.87521],[12.4765,65.87535],[12.4779,65.87603]],[[12.17579,65.86914],[12.17522,65.86841],[12.17065,65.86677],[12.17037,65.86789],[12.17139,65.86864],[12.17063,65.8688],[12.16841,65.86671],[12.16742,65.86666],[12.16753,65.86769],[12.17013,65.86957],[12.1737,65.87084],[12.17503,65.87033],[12.17579,65.86914]],[[12.28814,65.86711],[12.28713,65.86703],[12.28651,65.86818],[12.2904,65.87342],[12.29157,65.87287],[12.29236,65.87154],[12.28814,65.86711]],[[12.27207,65.87414],[12.26007,65.86114]],[[12.27207,65.87414],[12.27349,65.87429]],[[12.28494,65.86999],[12.28378,65.86974],[12.28323,65.87005],[12.28555,65.87164],[12.28752,65.87473],[12.28905,65.8756],[12.28494,65.86999]],[[12.28081,65.86943],[12.27823,65.86555],[12.27757,65.86529],[12.27629,65.86551],[12.27459,65.86478],[12.27323,65.86541],[12.2732,65.86602],[12.27517,65.86685],[12.27652,65.86866],[12.27891,65.86929],[12.27837,65.86983],[12.28035,65.87245],[12.28245,65.8741],[12.28733,65.87595],[12.28696,65.87496],[12.28085,65.87113],[12.28081,65.86943]],[[12.18473,65.87006],[12.1832,65.87024],[12.18177,65.87151],[12.18145,65.8742],[12.18452,65.8726],[12.18538,65.87094],[12.18473,65.87006]],[[12.25552,65.87119],[12.25548,65.87235],[12.25849,65.87595]],[[12.25815,65.87911],[12.25404,65.8762],[12.24999,65.8756],[12.25345,65.87828],[12.25801,65.88043]],[[12.01103,65.87447],[12.00948,65.87426],[12.00683,65.87504],[12.00703,65.87573],[12.00832,65.87622],[12.0111,65.87577],[12.01219,65.87516],[12.01103,65.87447]],[[12.30494,65.87916],[12.30438,65.87891],[12.30352,65.87938],[12.30304,65.88097],[12.30521,65.88193],[12.30657,65.88154],[12.30656,65.88088],[12.30494,65.87916]],[[12.25815,65.87911],[12.26157,65.88098],[12.26358,65.88146],[12.26437,65.88131],[12.25835,65.87731]],[[12.12089,65.89679],[12.11918,65.89618],[12.11766,65.89712],[12.12173,65.89803],[12.12089,65.89679]],[[12.61675,65.8636],[12.61831,65.86362],[12.61885,65.86287],[12.61974,65.86318],[12.62605,65.87122],[12.62781,65.87225],[12.62952,65.87042],[12.6285,65.86922],[12.6285,65.86721],[12.62032,65.86159],[12.61937,65.86143],[12.61907,65.86198],[12.61826,65.86197],[12.61771,65.8599],[12.61421,65.8591],[12.61279,65.8568],[12.61147,65.85625],[12.60948,65.85613],[12.60532,65.85346],[12.59642,65.85084],[12.5933,65.85055],[12.59365,65.85145],[12.59677,65.85313],[12.5994,65.85374],[12.60039,65.85554],[12.6055,65.85659],[12.6056,65.85822],[12.60348,65.85894],[12.60447,65.85995],[12.60675,65.8608],[12.60931,65.86068],[12.61019,65.86104],[12.61022,65.86162],[12.60889,65.86232],[12.60921,65.86322],[12.6135,65.86521],[12.61404,65.86711],[12.61266,65.86842],[12.6123,65.87116],[12.61493,65.87355],[12.61598,65.87642],[12.62297,65.8823],[12.62407,65.87832],[12.62218,65.87477],[12.61847,65.87065],[12.61675,65.8636]],[[12.25336,65.87139],[12.25018,65.87132],[12.25246,65.87362],[12.25465,65.87438],[12.25678,65.8762],[12.25675,65.87502],[12.25336,65.87139]],[[12.01511,65.86657],[12.01397,65.86701],[12.01472,65.86788],[12.01383,65.86819],[12.01341,65.87007],[12.01376,65.87072],[12.01652,65.87179],[12.01761,65.87136],[12.0179,65.87055],[12.01757,65.86874],[12.01511,65.86657]],[[12.25843,65.87654],[12.25835,65.87731]],[[12.02511,65.87101],[12.0231,65.87047],[12.02141,65.87108],[12.02011,65.87248],[12.02052,65.87297],[12.02337,65.87293],[12.02511,65.87101]],[[12.17171,65.87327],[12.17021,65.87336],[12.17075,65.8747],[12.17153,65.87542],[12.17342,65.87592],[12.17393,65.87495],[12.17171,65.87327]],[[12.22469,65.87425],[12.22346,65.87441],[12.22364,65.87577],[12.22632,65.87718],[12.22677,65.87594],[12.22469,65.87425]],[[12.34559,65.87469],[12.34215,65.87254],[12.34287,65.87241],[12.34545,65.87343],[12.34565,65.87294],[12.34249,65.87172],[12.34099,65.87205],[12.33761,65.87082],[12.33735,65.8713],[12.33896,65.87252],[12.34264,65.87412],[12.34172,65.87452],[12.33859,65.87353],[12.33731,65.87373],[12.33999,65.87705],[12.3453,65.88006],[12.34771,65.88087],[12.34826,65.87917],[12.34494,65.87583],[12.34559,65.87469]],[[12.17108,65.88077],[12.17219,65.87995],[12.1718,65.87893],[12.16975,65.87812],[12.1681,65.87824],[12.16793,65.88067],[12.17108,65.88077]],[[12.25801,65.88043],[12.26312,65.88268],[12.26448,65.88264],[12.26449,65.88204]],[[12.1435,65.87819],[12.14144,65.87778],[12.14069,65.87874],[12.14313,65.88055],[12.14587,65.88079],[12.14552,65.87938],[12.1435,65.87819]],[[12.48197,65.88584],[12.47998,65.88566],[12.4772,65.88613],[12.4806,65.88691],[12.48269,65.8865],[12.48197,65.88584]],[[12.11154,65.9108],[12.11345,65.91301],[12.1129,65.91465]],[[12.53763,65.89126],[12.53822,65.89097],[12.54074,65.89132],[12.54112,65.89093],[12.53714,65.88866],[12.53397,65.88796],[12.53487,65.88922],[12.53373,65.88967],[12.53763,65.89126]],[[12.29348,65.88629],[12.29497,65.88538],[12.29277,65.88251],[12.2946,65.88217],[12.2948,65.88122],[12.29556,65.8811],[12.29682,65.88157],[12.29829,65.88116],[12.29765,65.8785],[12.29862,65.87775],[12.29769,65.87674],[12.29681,65.87688],[12.2967,65.8776],[12.2955,65.87724],[12.29485,65.87394],[12.2937,65.87251],[12.29297,65.87248],[12.29121,65.87394],[12.29102,65.87478],[12.29419,65.87977],[12.29187,65.87991],[12.28958,65.87943],[12.28854,65.87968],[12.28174,65.87454],[12.27997,65.87392],[12.28007,65.87336],[12.27794,65.87169],[12.27628,65.87191],[12.27759,65.87326],[12.27692,65.87351],[12.27282,65.87183],[12.27368,65.87071],[12.27095,65.86962],[12.26599,65.86588],[12.27349,65.87429]],[[12.15246,65.88227],[12.15123,65.88177],[12.15027,65.88198],[12.15341,65.88378],[12.15461,65.88387],[12.15246,65.88227]],[[12.50348,65.88923],[12.50074,65.88839],[12.49857,65.88904],[12.49981,65.88915],[12.49976,65.88963],[12.50122,65.89016],[12.50401,65.8905],[12.50489,65.88992],[12.50348,65.88923]],[[12.28206,65.88694],[12.28047,65.88678],[12.27786,65.88571],[12.27616,65.88585],[12.26873,65.8848],[12.26567,65.88202],[12.26449,65.88204]],[[12.38523,65.88882],[12.38379,65.88821],[12.38366,65.88879]],[[12.13547,65.88436],[12.13478,65.8831],[12.13378,65.8828],[12.1323,65.8843]],[[12.19352,65.88543],[12.19283,65.88518],[12.192,65.8854]],[[12.20901,65.88571],[12.20781,65.88402],[12.20478,65.8833],[12.2042,65.88381],[12.20496,65.88564]],[[12.30161,65.88737],[12.30057,65.88687],[12.29976,65.88734]],[[12.3154,65.88761],[12.31569,65.88694],[12.31166,65.88451],[12.30989,65.88511],[12.31066,65.88753]],[[12.33228,65.88791],[12.33043,65.88516],[12.32816,65.88431],[12.32732,65.88471],[12.32772,65.8858],[12.33013,65.88787]],[[12.33653,65.88798],[12.33501,65.88687],[12.3341,65.88722],[12.33433,65.88794]],[[12.41204,65.88927],[12.41181,65.8882],[12.41074,65.8876],[12.40253,65.88568],[12.40046,65.88345],[12.39012,65.88027],[12.38651,65.88256],[12.38605,65.88363],[12.38733,65.8847],[12.39243,65.88671],[12.39474,65.88898]],[[12.50915,65.89088],[12.50316,65.88874],[12.50433,65.88842],[12.50405,65.88813],[12.49973,65.88755],[12.50004,65.88698],[12.50154,65.88668],[12.50863,65.88726],[12.50829,65.88682],[12.50503,65.88602],[12.50558,65.88557],[12.50681,65.88561],[12.51145,65.8873],[12.51262,65.88673],[12.50554,65.88373],[12.50262,65.8811],[12.49666,65.87906],[12.49581,65.87924],[12.4954,65.88028],[12.49086,65.88064],[12.49264,65.8814],[12.49433,65.88144],[12.49312,65.88218],[12.48995,65.88215],[12.48451,65.88127],[12.48154,65.87945],[12.48349,65.87916],[12.48388,65.8783],[12.48863,65.87769],[12.48827,65.87644],[12.48726,65.87584],[12.48329,65.87677],[12.4779,65.87603]],[[12.2894,65.88759],[12.29238,65.89011],[12.29343,65.89027],[12.29394,65.88814],[12.29157,65.88719]],[[12.53577,65.89131],[12.52917,65.88875],[12.52975,65.8885],[12.53332,65.88892],[12.53313,65.88828],[12.52823,65.88745],[12.52579,65.88654],[12.52524,65.88696],[12.52588,65.88761],[12.52439,65.8876],[12.52178,65.88425],[12.51931,65.88403],[12.51651,65.88448],[12.51488,65.88435],[12.51678,65.88297],[12.51997,65.88202],[12.51937,65.8809],[12.51756,65.88008],[12.5161,65.87856],[12.51615,65.87774],[12.51802,65.87684],[12.51748,65.87512],[12.51651,65.87504],[12.51586,65.87583],[12.51162,65.87494],[12.51056,65.87537],[12.51078,65.87609],[12.50952,65.87637],[12.50525,65.87579],[12.5045,65.87535],[12.50536,65.87457],[12.50402,65.87416],[12.50599,65.87378],[12.50628,65.87321],[12.50452,65.87243],[12.50298,65.87263],[12.50276,65.87314],[12.50127,65.87306],[12.50285,65.87082],[12.49776,65.8691],[12.49564,65.86965],[12.49534,65.86721],[12.49131,65.86706],[12.49239,65.86523],[12.49124,65.86496],[12.48812,65.8651]],[[12.64333,65.893],[12.64201,65.88844],[12.64352,65.88779],[12.64411,65.88642],[12.64323,65.88441],[12.6384,65.88108],[12.63839,65.87888],[12.6358,65.87573],[12.63483,65.87272],[12.63492,65.86548],[12.63412,65.86158],[12.63802,65.86079],[12.64596,65.86053],[12.64719,65.85953],[12.63626,65.85896]],[[12.1323,65.8843],[12.13218,65.88505],[12.13336,65.88554],[12.13448,65.88534],[12.13547,65.88436]],[[12.33228,65.88791],[12.33406,65.88991],[12.33471,65.88968],[12.33433,65.88794]],[[12.31066,65.88753],[12.31115,65.88846],[12.31011,65.88884],[12.3119,65.88997],[12.31351,65.88961],[12.31369,65.8883],[12.3154,65.88761]],[[12.20496,65.88564],[12.20563,65.88725],[12.20857,65.88817],[12.20943,65.88761],[12.20901,65.88571]],[[12.38523,65.88882],[12.38866,65.89068],[12.39164,65.89163],[12.39472,65.89081],[12.39474,65.88898]],[[12.18977,65.88536],[12.19122,65.88565],[12.19046,65.88667],[12.19297,65.8882],[12.19439,65.88622],[12.19352,65.88543]],[[12.13704,65.88539],[12.13589,65.88526],[12.13434,65.88612],[12.13513,65.88695],[12.13654,65.88721],[12.1378,65.88652],[12.13704,65.88539]],[[12.50915,65.89088],[12.51083,65.89136],[12.51749,65.89137],[12.51917,65.89183],[12.51832,65.89231],[12.52102,65.8935],[12.52478,65.8936],[12.527,65.89438],[12.52904,65.89431]],[[12.29976,65.88734],[12.30534,65.891],[12.30459,65.88934],[12.30161,65.88737]],[[12.29375,65.89228],[12.28896,65.88843],[12.28865,65.88771],[12.2894,65.88759]],[[12.5374,65.89739],[12.53796,65.89675],[12.53636,65.89467],[12.53756,65.89424]],[[12.52211,65.89699],[12.52408,65.8968],[12.52916,65.89732]],[[12.29712,65.89067],[12.29607,65.89061],[12.29586,65.8913],[12.29694,65.89256],[12.29886,65.89349],[12.29979,65.8935],[12.29996,65.8926],[12.29712,65.89067]],[[12.41204,65.88927],[12.41383,65.89003],[12.41607,65.8904],[12.41735,65.89007],[12.41977,65.89084],[12.42219,65.89001],[12.43091,65.89258],[12.43247,65.89174],[12.43699,65.89337],[12.43655,65.89385],[12.43778,65.89492],[12.44148,65.89473],[12.44751,65.89517],[12.44883,65.89627]],[[12.44883,65.89627],[12.44993,65.89667],[12.45225,65.89653],[12.45182,65.89552]],[[12.47595,65.89588],[12.47775,65.89658],[12.4841,65.89726],[12.48552,65.89591],[12.48209,65.89586],[12.47861,65.89476],[12.47609,65.89451]],[[12.33013,65.88787],[12.33255,65.8902],[12.33685,65.89172],[12.34287,65.89536],[12.34512,65.89547],[12.34595,65.89505],[12.34215,65.89131],[12.33653,65.88798]],[[12.20645,65.89016],[12.20536,65.89006],[12.20443,65.88912],[12.20367,65.88915],[12.20251,65.89169],[12.20485,65.89356],[12.20685,65.89261],[12.20744,65.89168],[12.20645,65.89016]],[[12.45182,65.89552],[12.44985,65.89402],[12.4523,65.89409],[12.45334,65.89375],[12.45814,65.89499],[12.46063,65.89619],[12.4636,65.89585],[12.47215,65.89736],[12.47571,65.89834]],[[12.47571,65.89834],[12.47751,65.89854],[12.48021,65.89809],[12.48096,65.89762],[12.48915,65.89812]],[[12.48915,65.89812],[12.49589,65.8986],[12.49537,65.8989]],[[12.52211,65.89699],[12.51483,65.89759],[12.51629,65.89916],[12.51832,65.90018]],[[12.51689,65.90032],[12.51777,65.90091],[12.51832,65.90018]],[[12.00268,65.89018],[12.00181,65.889],[11.99926,65.88913]],[[11.99902,65.8874],[12.00032,65.88656],[11.99739,65.88497]],[[11.99945,65.88942],[12.00087,65.89012],[12.00119,65.892],[12.00224,65.89161],[12.00268,65.89018]],[[12.49537,65.8989],[12.50067,65.8985],[12.50464,65.89946],[12.50705,65.90075],[12.50926,65.90111],[12.50983,65.90088],[12.50851,65.8999],[12.51689,65.90032]],[[12.30654,65.89432],[12.30559,65.89446],[12.30595,65.89513],[12.30876,65.89777],[12.30892,65.89637],[12.30654,65.89432]],[[12.14667,65.89488],[12.14738,65.89405],[12.14679,65.89374]],[[12.02112,65.89202],[12.01539,65.88724],[12.01531,65.88883],[12.01802,65.89179],[12.01876,65.89203],[12.01938,65.89157],[12.02022,65.89257],[12.02112,65.89202]],[[12.14633,65.8979],[12.14618,65.89924]],[[12.3243,65.89149],[12.3232,65.89135],[12.32662,65.89521],[12.33069,65.89827],[12.33202,65.8985],[12.33271,65.89818],[12.33247,65.89724],[12.3243,65.89149]],[[12.55183,65.90248],[12.5532,65.90221],[12.55259,65.90147],[12.54923,65.90074],[12.54538,65.90053],[12.54414,65.90087],[12.54139,65.89954],[12.54104,65.89808],[12.53866,65.89722],[12.5374,65.89739]],[[12.10748,65.89291],[12.10531,65.8929],[12.10409,65.89423],[12.10671,65.89531],[12.10791,65.89412],[12.10748,65.89291]],[[12.14225,65.89306],[12.14126,65.89306],[12.14063,65.89405],[12.14177,65.89605],[12.14225,65.89306]],[[12.06981,65.89899],[12.06822,65.8993],[12.06794,65.90113],[12.07006,65.90225],[12.07059,65.90157],[12.06981,65.89899]],[[12.32745,65.89724],[12.32533,65.89696],[12.32431,65.89639],[12.32406,65.89448],[12.31758,65.8903],[12.3155,65.88968],[12.31308,65.89012],[12.31222,65.89064],[12.31333,65.89183],[12.32193,65.89536],[12.3233,65.89763],[12.32634,65.89898],[12.33035,65.89941],[12.32994,65.89863],[12.32745,65.89724]],[[12.04546,65.89229],[12.0436,65.89172],[12.04462,65.89397],[12.04631,65.8943],[12.04546,65.89229]],[[12.11181,65.8925],[12.1103,65.89253],[12.11001,65.89335],[12.11179,65.89527],[12.1132,65.89564],[12.11336,65.89437],[12.11181,65.8925]],[[12.38366,65.88879],[12.38614,65.89049],[12.38966,65.89162],[12.39159,65.89294],[12.39833,65.89597],[12.40432,65.90085]],[[12.56117,65.90245],[12.55918,65.9024],[12.5627,65.90397],[12.56411,65.90414],[12.56428,65.90366],[12.56117,65.90245]],[[12.1602,65.89688],[12.15832,65.89678],[12.15552,65.89506],[12.1545,65.89511],[12.15428,65.8958],[12.15856,65.89958],[12.15989,65.89934],[12.16069,65.89744],[12.1602,65.89688]],[[12.14667,65.89488],[12.14556,65.89615],[12.1464,65.89726]],[[12.06825,65.89237],[12.06651,65.89247],[12.06604,65.89317],[12.06725,65.89532],[12.06854,65.89587],[12.06936,65.89482],[12.06825,65.89237]],[[12.0782,65.8939],[12.07699,65.89384],[12.07653,65.89467],[12.07654,65.8959],[12.07756,65.89618],[12.07828,65.89604],[12.07912,65.89454],[12.0782,65.8939]],[[12.33674,65.90106],[12.33724,65.90066],[12.33611,65.89941],[12.33402,65.89882],[12.33292,65.89895],[12.33228,65.89937],[12.33364,65.90092],[12.33575,65.90126],[12.33674,65.90106]],[[12.14633,65.8979],[12.1464,65.89726]],[[12.00519,65.89473],[12.00487,65.8939],[12.00399,65.89457],[12.00316,65.89434],[12.00383,65.89306],[12.00315,65.89254],[12.00135,65.89244],[12.00061,65.89346],[12.00129,65.89422],[12.00415,65.89545],[12.00501,65.89533],[12.00519,65.89473]],[[12.0744,65.89314],[12.07569,65.89304],[12.07651,65.89241],[12.07688,65.89092],[12.07351,65.89011],[12.07158,65.8944],[12.07196,65.89638],[12.07314,65.89688],[12.07549,65.89635],[12.07533,65.89381],[12.0744,65.89314]],[[12.01851,65.89302],[12.01602,65.8915],[12.01497,65.89202],[12.01358,65.89115],[12.01348,65.89001],[12.01137,65.88817],[12.01264,65.88789],[12.01234,65.88669],[12.01127,65.88599],[12.0097,65.88575],[12.00943,65.88625],[12.01098,65.88758],[12.01037,65.88771],[12.00833,65.88698],[12.00703,65.88826],[12.00749,65.88987],[12.01227,65.89262],[12.01413,65.893],[12.01433,65.89396],[12.01766,65.89643],[12.01918,65.89447],[12.01851,65.89302]],[[12.19985,65.89801],[12.19751,65.89785],[12.19723,65.89889],[12.19808,65.89999],[12.20151,65.90115],[12.20117,65.89882],[12.19985,65.89801]],[[12.14679,65.89374],[12.14434,65.89312],[12.14338,65.89489],[12.14358,65.89711],[12.14496,65.89931],[12.1443,65.89988],[12.14605,65.90044]],[[12.10131,65.89736],[12.09951,65.89702],[12.09741,65.89766],[12.09907,65.90055],[12.10086,65.89937],[12.10192,65.89779],[12.10131,65.89736]],[[12.0165,65.89668],[12.0145,65.89612],[12.01282,65.89661],[12.01254,65.89715],[12.01345,65.89872],[12.01527,65.89955],[12.01711,65.89722],[12.0165,65.89668]],[[12.09567,65.89859],[12.09443,65.89846],[12.09264,65.89969],[12.09506,65.9011],[12.09649,65.9005],[12.09567,65.89859]],[[12.2822,65.88703],[12.28295,65.88751],[12.28409,65.88753],[12.28403,65.88889],[12.28736,65.89086],[12.28862,65.89265],[12.29005,65.89297],[12.29256,65.89491],[12.29823,65.8972],[12.30102,65.89975],[12.30273,65.89962],[12.30452,65.90141],[12.3097,65.90362],[12.31162,65.90544]],[[12.02677,65.89784],[12.02558,65.89774],[12.02614,65.90033],[12.02717,65.89908],[12.02677,65.89784]],[[12.10711,65.89815],[12.10574,65.89782],[12.10397,65.89861],[12.10331,65.90056],[12.10847,65.90261],[12.10983,65.9006],[12.10711,65.89815]],[[12.13325,65.89937],[12.13179,65.89928],[12.13112,65.9007],[12.13317,65.90281],[12.13581,65.9038],[12.13501,65.90138],[12.13325,65.89937]],[[12.32457,65.90722],[12.32281,65.90365],[12.32563,65.90326],[12.326,65.90269],[12.32159,65.89947],[12.31733,65.89776],[12.31505,65.89582],[12.31149,65.89473],[12.31055,65.89479],[12.31463,65.89848],[12.31853,65.9007],[12.31785,65.90104],[12.31043,65.89731],[12.30956,65.8978],[12.31045,65.8999],[12.30951,65.8999],[12.30429,65.896],[12.30295,65.89582],[12.30205,65.89623],[12.30073,65.89527],[12.30039,65.89403],[12.29929,65.89416],[12.29757,65.89579],[12.29375,65.89228]],[[12.11733,65.90036],[12.11658,65.9004],[12.11614,65.90131],[12.12112,65.90351],[12.12018,65.90177],[12.11733,65.90036]],[[12.14565,65.90401],[12.14622,65.90434],[12.14695,65.90421],[12.14585,65.90227]],[[12.15868,65.90077],[12.15617,65.90111],[12.15448,65.90393],[12.15521,65.90451],[12.1565,65.90431],[12.15814,65.90317],[12.15868,65.90077]],[[12.14565,65.90401],[12.14317,65.90382],[12.14557,65.90474]],[[12.05239,65.90074],[12.0503,65.90061],[12.05014,65.90101],[12.05162,65.90273],[12.05331,65.90312],[12.05323,65.90121],[12.05239,65.90074]],[[12.02242,65.90155],[12.02083,65.90025],[12.01935,65.90029],[12.02,65.89861],[12.01884,65.89802],[12.01652,65.89968],[12.01672,65.90075],[12.02169,65.90293],[12.02348,65.90311],[12.02387,65.90284],[12.02276,65.90242],[12.02242,65.90155]],[[12.1454,65.9063],[12.14612,65.90618],[12.14557,65.90474]],[[12.0826,65.90223],[12.0846,65.90203],[12.08477,65.90364],[12.08551,65.90384],[12.08615,65.9024],[12.0856,65.90089],[12.08412,65.90072],[12.08364,65.89954],[12.08207,65.89941],[12.08127,65.89973],[12.08167,65.90143],[12.08092,65.90151],[12.08008,65.90105],[12.08031,65.89942],[12.07757,65.89802],[12.07685,65.8995],[12.07893,65.90217],[12.08314,65.90428],[12.0826,65.90223]],[[12.01169,65.90164],[12.01047,65.90142],[12.01072,65.90028],[12.01007,65.89998],[12.00857,65.90045],[12.00721,65.90194],[12.01247,65.90364],[12.01293,65.90314],[12.01169,65.90164]],[[12.23053,65.90966],[12.22924,65.90872],[12.22874,65.90723],[12.22591,65.90626],[12.22599,65.90836],[12.22797,65.90963],[12.23028,65.91014],[12.23053,65.90966]],[[12.94272,65.92522],[12.94396,65.92534],[12.94734,65.92715],[12.95099,65.92798],[12.95328,65.92721],[12.95454,65.92591],[12.95675,65.92521],[12.96175,65.92535],[12.96242,65.92611]],[[12.08496,65.91484],[12.0833,65.91498],[12.08471,65.91616],[12.08609,65.91681],[12.08811,65.91697],[12.08496,65.91484]],[[12.14585,65.90227],[12.14283,65.90045],[12.14093,65.89999],[12.13987,65.90014],[12.13703,65.89906],[12.13743,65.89833],[12.13843,65.89905],[12.14261,65.89998],[12.14294,65.89935],[12.14143,65.89724],[12.13907,65.89695],[12.13787,65.8977],[12.13688,65.89684],[12.1353,65.89679],[12.13519,65.89879],[12.13686,65.89985],[12.13745,65.90104],[12.13897,65.90168],[12.14043,65.90147],[12.14109,65.90286],[12.14291,65.90358],[12.14246,65.90379],[12.14013,65.90344],[12.13954,65.90273],[12.13708,65.90188],[12.1365,65.90242],[12.13766,65.903],[12.13693,65.90337],[12.13739,65.90421],[12.1454,65.9063]],[[12.27824,65.90572],[12.27694,65.90549],[12.27647,65.90496],[12.27568,65.90503],[12.27648,65.90682],[12.27761,65.90752],[12.28297,65.90909],[12.2813,65.90744],[12.27824,65.90572]],[[12.13323,65.90405],[12.13256,65.90418],[12.13269,65.90524],[12.13619,65.90645],[12.13546,65.90475],[12.13323,65.90405]],[[12.10859,65.90596],[12.10719,65.90455],[12.10367,65.90363],[12.10265,65.90462],[12.10367,65.90542],[12.10588,65.90592],[12.10859,65.90596]],[[12.17069,65.90435],[12.17162,65.90399],[12.17209,65.90209],[12.16974,65.90103],[12.16768,65.90172],[12.16727,65.90267],[12.17005,65.90413],[12.16855,65.9043],[12.16719,65.90366],[12.16626,65.90456],[12.16928,65.9076],[12.17069,65.90435]],[[12.64333,65.893],[12.64382,65.89431],[12.64221,65.89325],[12.64144,65.89341],[12.64187,65.89607],[12.64335,65.89757],[12.64679,65.89943],[12.64407,65.90046],[12.6445,65.90127],[12.65165,65.9087],[12.65351,65.90969],[12.65607,65.91009],[12.65917,65.91131],[12.66375,65.91645]],[[12.02937,65.90051],[12.02856,65.90055],[12.02786,65.9022],[12.02818,65.90369],[12.02899,65.90494],[12.03088,65.90554],[12.03146,65.90529],[12.0294,65.90307],[12.03016,65.90116],[12.02937,65.90051]],[[12.23247,65.90881],[12.2344,65.90888],[12.23447,65.90777],[12.23207,65.90597],[12.22997,65.90633],[12.22947,65.90705],[12.23068,65.90926],[12.23247,65.90881]],[[12.55183,65.90248],[12.55087,65.9028],[12.55104,65.90344],[12.55338,65.90347],[12.55667,65.90479],[12.56363,65.90601],[12.56829,65.90977],[12.57519,65.9129],[12.58386,65.91583]],[[12.15345,65.90846],[12.15492,65.9083],[12.15429,65.90746],[12.15536,65.90613],[12.15459,65.90592],[12.15324,65.90663],[12.15213,65.90653],[12.15265,65.90487],[12.15184,65.90464],[12.15058,65.90638],[12.15345,65.90846]],[[12.06528,65.90199],[12.06295,65.90202],[12.06399,65.90427],[12.06321,65.90527],[12.0668,65.90686],[12.06749,65.90534],[12.06528,65.90199]],[[12.32723,65.91172],[12.32457,65.90722]],[[12.94609,65.92807],[12.94397,65.92755],[12.94372,65.92713],[12.94502,65.92676],[12.94225,65.92574]],[[12.03315,65.90128],[12.03178,65.9011],[12.0309,65.9032],[12.03237,65.90594],[12.03325,65.90634],[12.03373,65.90238],[12.03315,65.90128]],[[12.21118,65.90885],[12.2097,65.90745],[12.20785,65.90699],[12.20652,65.90505],[12.2047,65.9057],[12.20679,65.90705],[12.20618,65.90789],[12.20235,65.90512],[12.20062,65.90477],[12.20035,65.90708],[12.20118,65.90769],[12.20582,65.9088],[12.2081,65.90869],[12.20889,65.90966],[12.21116,65.90983],[12.21118,65.90885]],[[12.38046,65.90843],[12.37953,65.9085],[12.38054,65.90985],[12.3832,65.91073],[12.38561,65.91283],[12.38727,65.91302],[12.38683,65.91148],[12.38046,65.90843]],[[12.00029,65.89846],[11.99914,65.89859]],[[11.99872,65.89915],[12.00104,65.9005],[12.00112,65.90174],[12.00037,65.90227],[12.0012,65.90352],[12.00007,65.90389],[11.99948,65.90494]],[[11.99948,65.90494],[12.00151,65.90613],[12.00208,65.90594],[12.001,65.90457],[12.00284,65.90431],[12.00398,65.90305],[12.00304,65.90188],[12.00434,65.89981],[12.00391,65.89915],[12.00029,65.89846]],[[12.12175,65.9084],[12.12325,65.90696],[12.12202,65.90672],[12.12261,65.90577],[12.12153,65.90458],[12.11749,65.9046],[12.11726,65.90358],[12.11388,65.9043],[12.11415,65.90312],[12.11586,65.90327],[12.1164,65.90273],[12.11418,65.90149],[12.1114,65.90186],[12.11032,65.90299],[12.11093,65.90427],[12.11377,65.90461],[12.1169,65.90721],[12.11874,65.90734],[12.1195,65.90787],[12.12094,65.90764],[12.12096,65.90836],[12.12175,65.9084]],[[12.13488,65.90679],[12.13444,65.90653],[12.1326,65.90686],[12.135,65.9091],[12.13752,65.90984],[12.13912,65.90975],[12.13841,65.90869],[12.13488,65.90679]],[[12.04564,65.90214],[12.04277,65.90191],[12.04283,65.90057],[12.04145,65.89994],[12.04054,65.90003],[12.0408,65.90145],[12.04359,65.90314],[12.04549,65.9075],[12.04836,65.90838],[12.04792,65.9049],[12.04657,65.90328],[12.04506,65.90278],[12.04564,65.90214]],[[12.12599,65.90675],[12.12448,65.90673],[12.12393,65.9077],[12.12357,65.90948],[12.12436,65.90987],[12.12541,65.9094],[12.12599,65.90675]],[[12.06971,65.9038],[12.06856,65.9039],[12.07003,65.90559],[12.06904,65.90579],[12.0684,65.90695],[12.06925,65.90819],[12.07115,65.90899],[12.07241,65.90809],[12.07189,65.90508],[12.06971,65.9038]],[[12.05901,65.90186],[12.05747,65.90191],[12.05792,65.90412],[12.06136,65.90747],[12.06407,65.90887],[12.06345,65.90724],[12.06003,65.90445],[12.05901,65.90186]],[[12.10863,65.90687],[12.10756,65.90639],[12.1047,65.90681],[12.10492,65.90815],[12.10636,65.90863],[12.10762,65.91001],[12.10866,65.90861],[12.10863,65.90687]],[[12.05887,65.9066],[12.05597,65.90552],[12.05682,65.90702],[12.06061,65.90916],[12.05887,65.9066]],[[12.27798,65.91057],[12.26676,65.9037],[12.26509,65.90353],[12.26682,65.90754],[12.27516,65.91337]],[[12.09145,65.90514],[12.09263,65.90313],[12.09065,65.90161],[12.08783,65.90374],[12.08774,65.90422],[12.08916,65.90498],[12.08715,65.90508],[12.08626,65.90636],[12.08745,65.91011],[12.08872,65.90952],[12.09145,65.90514]],[[12.23671,65.91193],[12.23773,65.91079],[12.23654,65.90994],[12.23555,65.91],[12.23569,65.91156],[12.23501,65.91168],[12.23434,65.91023],[12.23252,65.90934],[12.23189,65.9122],[12.23281,65.9127],[12.23558,65.91292],[12.23671,65.91193]],[[12.31322,65.90699],[12.31495,65.90951],[12.31658,65.9092],[12.31508,65.90709],[12.31684,65.90705],[12.31869,65.90793],[12.32121,65.91087],[12.32499,65.91257],[12.32504,65.91331],[12.32368,65.91316],[12.32325,65.91364],[12.32528,65.91455]],[[12.32723,65.91172],[12.33182,65.91386],[12.32999,65.91481]],[[12.01911,65.90924],[12.01786,65.90911],[12.01713,65.90944],[12.01562,65.91158],[12.01757,65.91254],[12.01922,65.91266],[12.02072,65.91231],[12.0191,65.91188],[12.01932,65.91149],[12.02169,65.91111],[12.02068,65.90967],[12.01911,65.90924]],[[12.32639,65.91518],[12.32528,65.91455]],[[12.1618,65.90993],[12.16094,65.90995],[12.16049,65.91191],[12.16241,65.91239],[12.1633,65.91213],[12.16325,65.91134],[12.1618,65.90993]],[[12.28856,65.91495],[12.28742,65.91363],[12.2827,65.91124],[12.28055,65.911],[12.28093,65.91187],[12.28031,65.91203],[12.27798,65.91057]],[[12.14524,65.90771],[12.14316,65.90605],[12.13958,65.90595],[12.13796,65.90633],[12.14094,65.90709],[12.14332,65.90715],[12.14339,65.90887],[12.14179,65.90744],[12.13974,65.90754],[12.13876,65.90796],[12.13894,65.90857],[12.14156,65.90981],[12.13925,65.90978],[12.13946,65.91093],[12.14341,65.91248],[12.14409,65.91167],[12.14332,65.91083],[12.14437,65.91058],[12.14504,65.90948]],[[12.09627,65.90563],[12.09542,65.90567],[12.0944,65.90982],[12.09623,65.91165],[12.09543,65.90963],[12.09665,65.9069],[12.09627,65.90563]],[[12.01389,65.90687],[12.01282,65.90682],[12.01267,65.90714],[12.01351,65.90926],[12.01494,65.91014],[12.01637,65.90932],[12.01665,65.90786],[12.01389,65.90687]],[[12.0042,65.90889],[12.00238,65.90799],[12,65.90751],[11.99833,65.90823]],[[11.99833,65.90823],[12.00485,65.91025],[12.00586,65.90973],[12.0042,65.90889]],[[12.42172,65.91825],[12.42194,65.91767],[12.42301,65.91792]],[[12.40354,65.90098],[12.39599,65.89743],[12.39012,65.89654],[12.38198,65.8932],[12.38029,65.89375],[12.38303,65.89746],[12.38257,65.89961],[12.38356,65.9004],[12.38158,65.90131],[12.3827,65.90335],[12.38835,65.90779],[12.39109,65.90863],[12.39963,65.91462],[12.4066,65.91859]],[[12.24912,65.9149],[12.24508,65.91343],[12.24484,65.91176],[12.24049,65.9095],[12.23932,65.90807],[12.23689,65.90681],[12.23657,65.90743],[12.24069,65.9112],[12.23818,65.9119],[12.23874,65.91401],[12.24143,65.9152],[12.2476,65.91638],[12.24988,65.91572],[12.24912,65.9149]],[[12.97503,65.92855],[12.98101,65.92943],[12.98429,65.92839],[12.98653,65.9267],[12.99195,65.92612],[12.99719,65.9272],[13.00129,65.92751]],[[12.10556,65.90964],[12.10441,65.90959],[12.10377,65.91012],[12.10352,65.91209],[12.10448,65.91343],[12.10618,65.91423],[12.10786,65.91183],[12.10556,65.90964]],[[12.1324,65.91005],[12.13132,65.90995],[12.13133,65.91052],[12.13538,65.91484],[12.13594,65.91362],[12.1324,65.91005]],[[12.25451,65.91314],[12.26021,65.91709],[12.2622,65.91745],[12.2574,65.91292],[12.25459,65.91245]],[[12.08603,65.91398],[12.08494,65.91228],[12.08516,65.90835],[12.08319,65.90791],[12.08208,65.90825],[12.08235,65.90903],[12.08136,65.90944],[12.08075,65.90929],[12.08059,65.90788],[12.08312,65.90691],[12.08312,65.90555],[12.08184,65.90444],[12.07933,65.90368],[12.07518,65.89934],[12.07343,65.89905],[12.07157,65.89992],[12.0718,65.90236],[12.07313,65.9031],[12.07573,65.90334],[12.07685,65.90383],[12.0766,65.90413],[12.07549,65.90389],[12.07464,65.90422],[12.07395,65.90724],[12.07536,65.90948],[12.07734,65.91085],[12.07806,65.91291],[12.08024,65.91376],[12.08522,65.91422],[12.08603,65.91398]],[[12.96242,65.92611],[12.96291,65.92696],[12.96627,65.92772],[12.97503,65.92855]],[[12.36944,65.91647],[12.36881,65.9162],[12.36689,65.91635],[12.3665,65.91692],[12.3701,65.91939],[12.37031,65.91712],[12.36944,65.91647]],[[12.26291,65.91215],[12.26091,65.91128],[12.26023,65.91248],[12.26296,65.91477],[12.26291,65.91632],[12.26514,65.91822],[12.26805,65.91859],[12.26917,65.91813],[12.2689,65.91678],[12.26492,65.91418],[12.26291,65.91215]],[[12.07128,65.90961],[12.06919,65.9093],[12.06861,65.91073],[12.07257,65.91356],[12.07657,65.91511],[12.07647,65.91396],[12.07426,65.91298],[12.07469,65.91145],[12.07128,65.90961]],[[12.27516,65.91337],[12.28296,65.91787],[12.28629,65.91941],[12.28915,65.92016]],[[12.68186,65.92854],[12.68501,65.92907],[12.69229,65.93175]],[[12.28915,65.92016],[12.29654,65.9215],[12.29375,65.91847],[12.29438,65.91716],[12.29168,65.91598],[12.29195,65.91426],[12.28997,65.91368],[12.29001,65.9149],[12.28856,65.91495]],[[12.14413,65.91769],[12.1427,65.91522],[12.14104,65.91504],[12.13752,65.91348],[12.13784,65.91636],[12.13969,65.91634],[12.14135,65.9169],[12.14169,65.91859],[12.14396,65.91918]],[[12.10559,65.91533],[12.10476,65.91545],[12.10647,65.918],[12.10843,65.9186],[12.10911,65.91826],[12.10879,65.91744],[12.10559,65.91533]],[[12.14396,65.91918],[12.14538,65.91917],[12.14413,65.91769]],[[12.66375,65.91645],[12.66257,65.91823],[12.66376,65.91935],[12.67842,65.9275],[12.68186,65.92854]],[[12.26144,65.91938],[12.25843,65.91822],[12.25874,65.91963],[12.26104,65.92097],[12.26359,65.9217],[12.26144,65.91938]],[[12.28564,65.92222],[12.28373,65.92182],[12.27988,65.91862],[12.27501,65.91568],[12.27413,65.91548],[12.27306,65.91603],[12.27061,65.91274],[12.26717,65.91111],[12.26622,65.91106],[12.26822,65.91422],[12.2729,65.91715],[12.27341,65.91893],[12.27467,65.91942],[12.27573,65.91905],[12.2765,65.91925]],[[12.10227,65.9179],[12.10071,65.9169],[12.10052,65.91497],[12.09824,65.91525],[12.09826,65.91482],[12.1003,65.91433],[12.10143,65.91229],[12.09944,65.91089],[12.09988,65.90826],[12.09913,65.90499],[12.0962,65.90379],[12.09513,65.90411],[12.0959,65.90527],[12.09452,65.90523],[12.0939,65.90626],[12.09229,65.90637],[12.08927,65.91121],[12.09096,65.91121],[12.09052,65.91339],[12.09236,65.91393],[12.09233,65.9162],[12.09389,65.91731],[12.09678,65.91802],[12.09817,65.91775],[12.09995,65.91882],[12.10182,65.91856],[12.10227,65.9179]],[[12.42301,65.91792],[12.42603,65.92083],[12.42858,65.92104],[12.43035,65.92225],[12.43147,65.92494]],[[12.4066,65.91859],[12.40835,65.91935],[12.4078,65.91988],[12.40381,65.91972],[12.4034,65.92029],[12.4042,65.92079],[12.40554,65.92081],[12.40858,65.92294],[12.41249,65.92455],[12.41462,65.92506],[12.41628,65.92483],[12.41658,65.9235],[12.41802,65.92318],[12.41934,65.92315],[12.42048,65.92374]],[[12.10249,65.91459],[12.10176,65.91518],[12.10223,65.91639],[12.10344,65.91687],[12.1034,65.91884],[12.10591,65.9196],[12.10643,65.91928],[12.10249,65.91459]],[[12.42048,65.92374],[12.42202,65.92519],[12.42623,65.92528],[12.42228,65.92058],[12.42172,65.91825]],[[12.14822,65.9187],[12.14726,65.919],[12.14766,65.9202],[12.15154,65.92164],[12.15131,65.92049],[12.14822,65.9187]],[[12.43147,65.92494],[12.43509,65.92684],[12.44031,65.92602],[12.44819,65.92569],[12.4545,65.92432],[12.45715,65.92484]],[[12.14605,65.90044],[12.14679,65.90038],[12.14681,65.89981],[12.14787,65.90183],[12.15099,65.90363],[12.14832,65.90425],[12.14737,65.90671],[12.14799,65.90774],[12.15026,65.90832],[12.15105,65.90964],[12.15276,65.90975],[12.15279,65.91423],[12.15213,65.91434],[12.15069,65.9136],[12.14904,65.91401],[12.14816,65.91269],[12.14943,65.91267],[12.14917,65.91185],[12.147,65.91038],[12.14551,65.91107],[12.14499,65.91211],[12.14547,65.9138],[12.14734,65.91525],[12.14928,65.91483],[12.14931,65.91597],[12.15137,65.91837],[12.15774,65.92157],[12.15827,65.91971],[12.15593,65.91859],[12.15645,65.91717],[12.15442,65.91633],[12.1539,65.9156],[12.15685,65.91582],[12.15905,65.91771],[12.15749,65.91778],[12.15693,65.91822],[12.16241,65.9202],[12.16226,65.92112],[12.16032,65.92206],[12.16187,65.92277],[12.16393,65.92257],[12.16389,65.92163],[12.16476,65.92269],[12.16577,65.92295],[12.16582,65.92054],[12.16731,65.91969],[12.16565,65.91896],[12.16475,65.91892],[12.16424,65.91946],[12.16339,65.91893],[12.16534,65.91623],[12.16399,65.91504],[12.1681,65.9133],[12.16915,65.91136],[12.16896,65.90874],[12.16682,65.90768],[12.16557,65.90812],[12.16534,65.90887],[12.16713,65.9106],[12.16654,65.9108],[12.16404,65.90893],[12.16448,65.90545],[12.16251,65.90486],[12.16265,65.90427],[12.1608,65.90281],[12.15931,65.90312],[12.15792,65.90422],[12.15766,65.90628],[12.15512,65.90456],[12.15194,65.90396],[12.15377,65.903],[12.15495,65.89992],[12.15308,65.89672],[12.15179,65.89593],[12.15014,65.8961],[12.14844,65.89696],[12.14685,65.89917],[12.14618,65.89924]],[[12.29232,65.92525],[12.28909,65.92379]],[[12.1315,65.92],[12.13005,65.91993],[12.12938,65.9204],[12.1288,65.92155],[12.1294,65.92253],[12.13106,65.92176],[12.1315,65.92]],[[12.09417,65.91951],[12.09615,65.91932],[12.09378,65.91858],[12.09236,65.91953],[12.09265,65.92023],[12.09741,65.92228],[12.09647,65.92008],[12.09417,65.91951]],[[12.18294,65.9227],[12.18263,65.92145],[12.18427,65.92097],[12.1843,65.91904],[12.18239,65.91524],[12.18367,65.91301],[12.18263,65.90941],[12.17712,65.90664],[12.17481,65.90614],[12.17619,65.90859],[12.17485,65.90881],[12.17491,65.90987],[12.17602,65.91093],[12.17689,65.9103],[12.17759,65.91037],[12.17714,65.91231],[12.18018,65.91498],[12.18026,65.91592],[12.17942,65.91597],[12.17442,65.91091],[12.17297,65.9106],[12.17046,65.91155],[12.17076,65.9131],[12.17275,65.9147],[12.17066,65.91501],[12.16976,65.91792],[12.17517,65.921],[12.17778,65.92218],[12.18053,65.92253],[12.18097,65.92332],[12.18287,65.92389],[12.18378,65.92323],[12.18294,65.9227]],[[12.13289,65.9219],[12.13207,65.92195],[12.13155,65.92429],[12.13222,65.92527],[12.1338,65.92585],[12.13478,65.92467],[12.13289,65.9219]],[[12.1129,65.91465],[12.11181,65.91303],[12.10994,65.91283],[12.10839,65.91326],[12.10733,65.91529],[12.10782,65.9159],[12.11115,65.91716],[12.11227,65.91713],[12.11559,65.91879],[12.11492,65.91896],[12.11234,65.91783],[12.11075,65.91773],[12.11053,65.92052],[12.11135,65.92101],[12.11386,65.9212],[12.11559,65.92053],[12.11783,65.92129],[12.11685,65.92007],[12.11741,65.91987],[12.12118,65.92196],[12.12268,65.92185],[12.12376,65.92078],[12.12747,65.92284],[12.12683,65.91879],[12.12599,65.91789],[12.12497,65.91761],[12.12399,65.91789],[12.12339,65.91905],[12.12227,65.91856],[12.12275,65.91757],[12.12493,65.91641],[12.12461,65.91534],[12.12645,65.91525],[12.12454,65.9136],[12.12501,65.91163],[12.12392,65.91025],[12.12284,65.91017],[12.12198,65.911],[12.12065,65.90917],[12.11845,65.90866],[12.11842,65.90821],[12.11375,65.90644],[12.11154,65.90704],[12.11045,65.90845],[12.11025,65.90993],[12.11154,65.9108]],[[12.36326,65.92407],[12.36247,65.92208],[12.35756,65.91863],[12.35373,65.91419],[12.35006,65.91233],[12.34826,65.91212],[12.34754,65.91257],[12.34858,65.91358],[12.34808,65.91511],[12.35335,65.92119],[12.3564,65.92342],[12.35962,65.92466],[12.35887,65.92517],[12.3629,65.92759]],[[12.35634,65.92766],[12.35391,65.92545],[12.34976,65.92295],[12.34984,65.92144],[12.34869,65.92042],[12.34585,65.91996],[12.34231,65.91859],[12.33835,65.91565],[12.3366,65.915],[12.33491,65.91464],[12.33058,65.91506],[12.32999,65.91481]],[[12.3734,65.92548],[12.37198,65.92555],[12.3719,65.92641],[12.37384,65.92812],[12.37565,65.92762],[12.3734,65.92548]],[[12.16476,65.92317],[12.16126,65.92309],[12.16079,65.92355],[12.16347,65.92455],[12.16475,65.92382],[12.16476,65.92317]],[[12.0793,65.91918],[12.07875,65.91897],[12.07803,65.91932],[12.07815,65.92111],[12.07964,65.92364],[12.08009,65.92208],[12.0793,65.91918]],[[12.17127,65.91989],[12.16973,65.91998],[12.16862,65.92089],[12.17085,65.92205],[12.16877,65.92222],[12.16765,65.92302],[12.16814,65.92468],[12.17015,65.92551],[12.1749,65.92493],[12.17702,65.92424],[12.17569,65.92239],[12.17127,65.91989]],[[12.61929,65.9333],[12.60696,65.92813],[12.6001,65.92621],[12.59736,65.92324],[12.59442,65.92194],[12.59656,65.92192],[12.59999,65.92274],[12.60005,65.92228],[12.59519,65.9196],[12.58386,65.91583]],[[12.63197,65.93771],[12.61929,65.9333]],[[12.10114,65.9211],[12.09914,65.92046],[12.0985,65.92066],[12.10091,65.92455],[12.10285,65.92517],[12.10298,65.92331],[12.10114,65.9211]],[[12.20644,65.92208],[12.20579,65.92165],[12.2046,65.92193],[12.20339,65.92177],[12.20293,65.92127],[12.20396,65.92091],[12.20311,65.92002],[12.20528,65.92058],[12.20629,65.92005],[12.20355,65.91876],[12.20207,65.91937],[12.20202,65.9199],[12.20015,65.91982],[12.19882,65.9202],[12.19983,65.92238],[12.19713,65.92303],[12.19718,65.92385],[12.19913,65.92559],[12.20256,65.92753],[12.20508,65.92789],[12.20731,65.92734],[12.20687,65.9251],[12.20486,65.92363],[12.20644,65.92208]],[[12.15517,65.92573],[12.15306,65.92538],[12.15154,65.9256],[12.14895,65.92319],[12.14613,65.92259],[12.14492,65.92283],[12.14465,65.92356],[12.15281,65.92732],[12.15633,65.92715],[12.15634,65.92625],[12.15517,65.92573]],[[12.13944,65.92475],[12.13825,65.92456],[12.13909,65.92416],[12.13897,65.92242],[12.13689,65.92054],[12.13439,65.91944],[12.13394,65.92068],[12.13633,65.9243],[12.13778,65.92479],[12.13703,65.92534],[12.1373,65.92697],[12.13841,65.92723],[12.13986,65.92686],[12.13944,65.92475]],[[12.35634,65.92766],[12.35865,65.92907],[12.36024,65.93122],[12.36252,65.93129]],[[12.2765,65.91925],[12.27589,65.92093],[12.27876,65.92193],[12.27939,65.92273],[12.27806,65.92286],[12.27669,65.92199],[12.2775,65.92294],[12.27662,65.92336],[12.27806,65.92523],[12.28089,65.92659],[12.28505,65.92706],[12.28948,65.92916],[12.29118,65.92909],[12.29229,65.92844],[12.29412,65.92857],[12.29813,65.9305],[12.30005,65.92939],[12.303,65.93045],[12.30485,65.9303],[12.30444,65.92978],[12.29232,65.92525]],[[12.1433,65.92513],[12.14211,65.9245],[12.14042,65.92464],[12.1412,65.92721],[12.14301,65.92775]],[[12.92636,65.94049],[12.93237,65.94069],[12.93772,65.94014],[12.94079,65.93859],[12.94274,65.93644],[12.93974,65.9331],[12.93837,65.92952],[12.93963,65.92851],[12.94609,65.92807]],[[12.71591,65.92867],[12.71412,65.92899],[12.7116,65.93018],[12.71272,65.93231],[12.7164,65.93491],[12.71976,65.9362],[12.72264,65.93659],[12.72324,65.93737],[12.72164,65.9377],[12.71461,65.93695],[12.70595,65.93483],[12.70435,65.93359],[12.70189,65.93318],[12.69714,65.93316],[12.69229,65.93175]],[[12.20134,65.92831],[12.19886,65.92819],[12.19781,65.92758],[12.19683,65.92787],[12.19723,65.92848],[12.19965,65.92937],[12.20215,65.92926],[12.20134,65.92831]],[[12.07044,65.92508],[12.06918,65.92467],[12.06812,65.92481],[12.06757,65.92574],[12.06911,65.92711],[12.07026,65.92641],[12.07044,65.92508]],[[12.72461,65.93911],[12.72512,65.94045],[12.72999,65.94258],[12.72897,65.94169],[12.72966,65.94049],[12.72658,65.93914]],[[12.11451,65.92886],[12.11341,65.92531],[12.11033,65.92344],[12.10884,65.92101],[12.10564,65.92044],[12.10558,65.92233],[12.10667,65.92322],[12.1049,65.92358],[12.10455,65.92413],[12.10801,65.92802],[12.1098,65.92877]],[[12.72998,65.93919],[12.72873,65.93693],[12.73134,65.93592],[12.72507,65.93489],[12.72307,65.9342],[12.72178,65.93309],[12.71737,65.93184],[12.71669,65.92903]],[[12.12324,65.92902],[12.11868,65.9269],[12.12184,65.92751],[12.12303,65.92714],[12.12453,65.92846],[12.12566,65.92877],[12.12697,65.92855],[12.12572,65.92619],[12.12642,65.92497],[12.12137,65.92312],[12.12005,65.9231],[12.11953,65.92393],[12.11733,65.92249],[12.11291,65.92151],[12.11259,65.92178],[12.11421,65.9227],[12.11157,65.9225],[12.11203,65.92358],[12.11335,65.92416],[12.11414,65.92306],[12.11494,65.9231],[12.11476,65.92449],[12.11658,65.92557],[12.11521,65.92573],[12.11466,65.92681],[12.11619,65.92785],[12.11528,65.92823],[12.11585,65.92889]],[[12.15739,65.92966],[12.1562,65.92846],[12.15376,65.92789],[12.15124,65.92869],[12.15189,65.92956]],[[12.18089,65.93009],[12.1811,65.9285],[12.17881,65.9283],[12.17837,65.92753],[12.17662,65.92698],[12.17484,65.92927],[12.17413,65.92931],[12.1737,65.92882],[12.17462,65.92781],[12.17346,65.92683],[12.17207,65.92647],[12.17022,65.92732],[12.17362,65.92996]],[[12.19838,65.93041],[12.19688,65.93039]],[[12.21207,65.93066],[12.21371,65.93041],[12.21562,65.92926],[12.21779,65.92905],[12.21895,65.92797],[12.21871,65.92617],[12.21654,65.92532],[12.21458,65.92546],[12.21499,65.92829],[12.21432,65.92845],[12.21158,65.92641],[12.21205,65.92574],[12.21049,65.92543],[12.21043,65.92405],[12.20955,65.92384],[12.20804,65.92446],[12.20844,65.92583],[12.21012,65.92589],[12.20921,65.92797],[12.21187,65.92941],[12.21081,65.92965],[12.20772,65.92882],[12.20769,65.93009],[12.2065,65.93056]],[[12.23253,65.93103],[12.2336,65.9297],[12.23194,65.9287],[12.22971,65.93015],[12.23086,65.931]],[[12.23419,65.9319],[12.23256,65.93164],[12.23147,65.93212],[12.23265,65.93402],[12.23497,65.93461],[12.23615,65.93449],[12.23729,65.93333],[12.23419,65.9319]],[[12.18805,65.93185],[12.18625,65.93189],[12.1853,65.9327],[12.18876,65.9339],[12.18891,65.93251],[12.18805,65.93185]],[[12.33877,65.93291],[12.34094,65.93362],[12.34677,65.93697],[12.35607,65.93709],[12.36202,65.93615]],[[12.11237,65.93094],[12.10866,65.93004],[12.10678,65.93001],[12.10704,65.93078],[12.10781,65.93074],[12.11078,65.93243],[12.11353,65.93335],[12.11603,65.93258],[12.11237,65.93094]],[[12.26249,65.93639],[12.26498,65.9362],[12.26457,65.93542],[12.26173,65.93454],[12.26075,65.93533],[12.26249,65.93639]],[[12.32466,65.93267],[12.32342,65.93054],[12.31696,65.92824],[12.31484,65.92818],[12.31459,65.92878],[12.31698,65.93227],[12.3157,65.93219],[12.31209,65.93053],[12.30639,65.92628],[12.30401,65.92515],[12.30394,65.92331],[12.30656,65.92331],[12.30697,65.92298],[12.30504,65.92257],[12.30008,65.91739],[12.30125,65.91712],[12.30464,65.91767],[12.30915,65.92001],[12.31527,65.9219],[12.33252,65.93078],[12.33269,65.92938],[12.32421,65.91956],[12.32283,65.91918],[12.32119,65.91958],[12.32268,65.9232],[12.32502,65.9247],[12.32486,65.92503],[12.32313,65.92512],[12.31716,65.92146],[12.31548,65.91951],[12.31394,65.9191],[12.3101,65.91669],[12.3076,65.91592],[12.30554,65.91383],[12.30688,65.91316],[12.31193,65.91358],[12.3167,65.91507],[12.317,65.91475],[12.31416,65.91346],[12.31546,65.91311],[12.31654,65.91328],[12.32387,65.91611],[12.32534,65.91752],[12.33284,65.92095],[12.33016,65.91828],[12.33068,65.91799],[12.33195,65.91838],[12.33208,65.91804],[12.32639,65.91518]],[[12.33313,65.93281],[12.33388,65.93171],[12.33603,65.93212]],[[12.33877,65.93291],[12.33603,65.93212]],[[12.37201,65.93348],[12.36985,65.93267],[12.3628,65.93332]],[[12.45429,65.93487],[12.45664,65.93381],[12.46002,65.93303],[12.46055,65.93095],[12.45921,65.92897],[12.46481,65.92946],[12.45715,65.92484]],[[12.1098,65.92877],[12.11326,65.92969],[12.11475,65.92945],[12.11451,65.92886]],[[12.91938,65.94187],[12.92241,65.94045],[12.92636,65.94049]],[[12.32466,65.93267],[12.3247,65.93332],[12.32922,65.93427],[12.33056,65.93342],[12.33313,65.93281]],[[12.15087,65.92954],[12.15189,65.92956]],[[12.36228,65.93363],[12.3628,65.93332]],[[12.37201,65.93348],[12.37457,65.93388],[12.37615,65.93355]],[[12.11585,65.92889],[12.11652,65.92939],[12.11817,65.92959],[12.12324,65.92902]],[[12.17362,65.92996],[12.1752,65.93066],[12.17689,65.93039],[12.1784,65.93077],[12.17935,65.93175],[12.18043,65.93146],[12.18089,65.93009]],[[12.14907,65.92951],[12.14939,65.93008],[12.15155,65.93084],[12.15591,65.93147],[12.15754,65.93115],[12.15739,65.92966]],[[12.2065,65.93056],[12.2063,65.93087],[12.2105,65.93248],[12.21186,65.93192],[12.21009,65.93125],[12.21207,65.93066]],[[12.19688,65.93039],[12.1961,65.93163],[12.19769,65.93253],[12.20041,65.93199],[12.20125,65.93123],[12.19838,65.93041]],[[12.63197,65.93771],[12.63711,65.93992]],[[12.36202,65.93615],[12.36341,65.93578],[12.36226,65.93373]],[[12.15296,65.93418],[12.14919,65.9331],[12.15084,65.93279],[12.14986,65.93142],[12.14619,65.92991],[12.14504,65.92991],[12.14724,65.93186],[12.14622,65.93193],[12.14487,65.931],[12.1437,65.93139],[12.14572,65.93313],[12.14837,65.93364],[12.15079,65.93481],[12.15243,65.93483],[12.15296,65.93418]],[[12.24139,65.93481],[12.23988,65.93468],[12.23899,65.93566],[12.2416,65.93656],[12.24227,65.93541],[12.24139,65.93481]],[[12.10438,65.93145],[12.10362,65.9312],[12.10148,65.93152],[12.10371,65.93435],[12.10605,65.93439],[12.10822,65.93329],[12.10438,65.93145]],[[12.19565,65.93503],[12.19367,65.935],[12.1951,65.93666],[12.19676,65.93751],[12.19565,65.93503]],[[12.14591,65.93392],[12.14442,65.93395],[12.1451,65.93554],[12.14631,65.93669],[12.14825,65.93707],[12.14921,65.93683],[12.14962,65.93538],[12.14591,65.93392]],[[12.98297,65.95161],[12.98444,65.95111],[12.98342,65.95],[12.98383,65.94861],[12.9852,65.94801],[12.98911,65.94799],[12.99338,65.94866],[13.00385,65.94724]],[[12.91059,65.95068],[12.91107,65.94995],[12.91331,65.94984],[12.9155,65.94916],[12.91806,65.94316],[12.91938,65.94187]],[[12.45663,65.9439],[12.45375,65.94146],[12.45559,65.93991],[12.45449,65.93971],[12.45351,65.94033],[12.45138,65.9406],[12.4485,65.9399],[12.45034,65.93848],[12.45523,65.93795],[12.45701,65.9373],[12.45476,65.93649],[12.45381,65.93553],[12.45429,65.93487]],[[12.13252,65.93598],[12.13162,65.93583],[12.13012,65.93626],[12.13016,65.93753],[12.13368,65.93846],[12.13416,65.93806],[12.13268,65.9373],[12.13252,65.93598]],[[12.43359,65.94192],[12.43278,65.94172],[12.43195,65.94204],[12.43397,65.94371],[12.43571,65.94398],[12.43591,65.94342],[12.43359,65.94192]],[[12.65471,65.94756],[12.65329,65.94565],[12.65116,65.94503],[12.65063,65.9437],[12.646,65.94212],[12.64022,65.94121],[12.63711,65.93992]],[[12.28594,65.9474],[12.28179,65.94615],[12.26999,65.94491],[12.26984,65.94518],[12.27968,65.9485],[12.2775,65.94853]],[[12.25127,65.94336],[12.25118,65.94423]],[[12.65471,65.94756],[12.66326,65.94968],[12.66887,65.95173]],[[12.23779,65.94222],[12.236,65.94244],[12.23603,65.94427],[12.23934,65.94504],[12.23911,65.94309],[12.23779,65.94222]],[[12.25089,65.94686],[12.25296,65.94595],[12.25172,65.9456],[12.25132,65.94488],[12.25342,65.94482],[12.25118,65.94423]],[[12.25136,65.94254],[12.24633,65.94143],[12.24596,65.94203],[12.2479,65.94364],[12.2474,65.94384],[12.24085,65.94213],[12.23952,65.94453],[12.2422,65.94544],[12.25089,65.94686]],[[12.29996,65.94581],[12.29966,65.94479],[12.2984,65.94531],[12.29723,65.94522],[12.29589,65.94497],[12.29499,65.94424],[12.29392,65.94436],[12.29342,65.94545],[12.29158,65.9453],[12.28038,65.9416],[12.27737,65.94099],[12.27627,65.94127],[12.27411,65.94098],[12.27061,65.93899],[12.2709,65.93731],[12.27023,65.93671],[12.26714,65.9367],[12.26715,65.9382],[12.26545,65.93822],[12.26071,65.93689],[12.25978,65.93602],[12.25715,65.93561],[12.25593,65.9338],[12.2539,65.93363],[12.25238,65.93494],[12.25264,65.93606],[12.25545,65.93754],[12.25608,65.93859],[12.25802,65.93933],[12.26217,65.93968],[12.26519,65.94085],[12.2771,65.94365],[12.27999,65.94471],[12.28616,65.94572],[12.28961,65.94579],[12.29922,65.94923],[12.30023,65.94888],[12.29996,65.94581]],[[12.67169,65.95307],[12.67466,65.95444],[12.67853,65.95548],[12.68525,65.95867]],[[12.68525,65.95867],[12.68595,65.95935],[12.68974,65.96002]],[[12.95817,65.96399],[12.9578,65.96326],[12.96062,65.9618],[12.95764,65.96068],[12.95838,65.95978],[12.96091,65.95977],[12.96053,65.95823],[12.96243,65.95714],[12.96716,65.95622],[12.96982,65.95413],[12.97556,65.95282]],[[12.13711,65.97418],[12.13502,65.97325],[12.13441,65.97413]],[[12.72998,65.93919],[12.73079,65.94027],[12.7369,65.94349],[12.74284,65.94585],[12.75845,65.94931],[12.76225,65.95068],[12.77202,65.95312],[12.77632,65.95495],[12.78048,65.95542],[12.78951,65.95935],[12.79961,65.96202]],[[12.69465,65.96155],[12.69386,65.96043],[12.68974,65.96002]],[[12.80249,65.96227],[12.80519,65.9642]],[[12.39928,65.9504],[12.39593,65.95111],[12.40036,65.95407],[12.41071,65.95791],[12.41526,65.95838],[12.41121,65.95651],[12.40807,65.95439],[12.39928,65.9504]],[[12.27348,65.95671],[12.2753,65.95593],[12.27317,65.9531],[12.26903,65.95194],[12.26843,65.95257],[12.26988,65.954],[12.26824,65.95425],[12.26105,65.95222],[12.25075,65.94818]],[[12.2519,65.95667],[12.25451,65.9569],[12.25777,65.95833],[12.26218,65.95827],[12.26593,65.95971],[12.26991,65.96042],[12.27213,65.9604],[12.27369,65.96113],[12.27836,65.96058],[12.27894,65.96161],[12.28004,65.96169],[12.28057,65.95992],[12.2821,65.95982],[12.2824,65.95942],[12.28157,65.95804],[12.27963,65.9575],[12.27878,65.95828],[12.27593,65.95831],[12.27407,65.95766],[12.27348,65.95671]],[[12.34066,65.96235],[12.33886,65.96221],[12.33756,65.96262],[12.34073,65.96389],[12.34434,65.96463],[12.34652,65.96426],[12.34577,65.96335],[12.34066,65.96235]],[[12.25075,65.94818],[12.24453,65.94644],[12.2396,65.94576],[12.23542,65.94464],[12.23434,65.94326],[12.23397,65.94078],[12.23302,65.9402],[12.22742,65.93937],[12.22629,65.94156],[12.22551,65.9416],[12.22513,65.93901],[12.22355,65.9373],[12.22137,65.93736],[12.2199,65.93986],[12.21742,65.93767],[12.2137,65.93874],[12.21286,65.93727],[12.21448,65.93574],[12.2123,65.93468],[12.21145,65.93532],[12.21039,65.93531],[12.20881,65.93328],[12.20621,65.93343],[12.20419,65.9358],[12.20412,65.93708],[12.20295,65.93674],[12.20151,65.93723],[12.20112,65.9353],[12.19942,65.93473],[12.19841,65.93489],[12.19785,65.93595],[12.19866,65.93806],[12.20422,65.9381],[12.20715,65.93853],[12.21276,65.94138],[12.21037,65.94181],[12.21072,65.9424],[12.2068,65.94331],[12.20826,65.94438],[12.21164,65.94537],[12.21029,65.94587],[12.21033,65.94638],[12.2135,65.94795],[12.21838,65.94854],[12.21739,65.94958],[12.219,65.95013],[12.22523,65.95112],[12.2291,65.95226],[12.23404,65.95258],[12.23767,65.95334],[12.24007,65.95466],[12.24979,65.95711]],[[12.24979,65.95711],[12.2519,65.95667]],[[12.2775,65.94853],[12.27376,65.94829],[12.27451,65.94892],[12.27655,65.94918],[12.28551,65.953],[12.28969,65.95421],[12.28864,65.95488],[12.29298,65.95706],[12.29752,65.95813],[12.29843,65.95576],[12.29764,65.95447],[12.28886,65.9516],[12.28892,65.95099],[12.29135,65.95088],[12.29119,65.95002],[12.28594,65.9474]],[[12.22856,65.95597],[12.22613,65.95618],[12.23175,65.95732],[12.22856,65.95597]],[[12.45663,65.9439],[12.46011,65.94735],[12.4606,65.94946],[12.45952,65.95107],[12.45685,65.95137],[12.45527,65.95239],[12.46241,65.95839],[12.46258,65.95937],[12.46938,65.96245]],[[12.80519,65.96453],[12.80454,65.96487],[12.80623,65.96706],[12.81059,65.96894],[12.81588,65.96945]],[[12.90894,65.97087],[12.92731,65.97085],[12.93342,65.96907],[12.93859,65.96979],[12.94089,65.96914],[12.94083,65.96793],[12.94234,65.96753],[12.94454,65.96753],[12.94372,65.96507],[12.94545,65.96485],[12.9476,65.96509],[12.9536,65.96449],[12.95617,65.96473],[12.95817,65.96399]],[[12.7148,65.96831],[12.71453,65.96745],[12.70926,65.9654]],[[12.33932,65.95916],[12.33684,65.95917],[12.33683,65.95947],[12.34629,65.96242],[12.34759,65.96237],[12.3454,65.96092],[12.34035,65.95984],[12.33932,65.95916]],[[12.7148,65.96831],[12.71662,65.96903],[12.72739,65.97076]],[[12.47114,65.96341],[12.47722,65.96754]],[[12.28595,65.96392],[12.28347,65.9632],[12.28283,65.96339],[12.28672,65.96534],[12.28813,65.96566],[12.28982,65.96548],[12.28962,65.96485],[12.28595,65.96392]],[[12.26653,65.96557],[12.26571,65.96494],[12.26387,65.96547],[12.26045,65.96408],[12.25683,65.96389],[12.25241,65.96189],[12.25548,65.96173],[12.25528,65.96079],[12.25358,65.96016],[12.25049,65.96073],[12.24976,65.96008],[12.25192,65.96005],[12.25241,65.95971],[12.24962,65.95872]],[[12.79809,65.97974],[12.80073,65.98108],[12.80474,65.9815]],[[12.2693,65.96441],[12.26969,65.96499],[12.26726,65.96632],[12.26653,65.96557]],[[12.81588,65.96945],[12.82031,65.97007],[12.82514,65.97159],[12.83666,65.97322],[12.83798,65.9743],[12.84187,65.97561],[12.84591,65.97559],[12.84587,65.97376],[12.84728,65.97149],[12.84493,65.96981],[12.84461,65.96885],[12.84565,65.96812],[12.8487,65.96753],[12.85321,65.96794],[12.85479,65.9686],[12.85263,65.97201],[12.8544,65.97279],[12.85835,65.97341],[12.86861,65.97372],[12.86967,65.97314],[12.86893,65.97157],[12.87043,65.97011],[12.86957,65.96751],[12.87012,65.96569],[12.8675,65.96291],[12.86731,65.9617],[12.86912,65.95885],[12.8714,65.95734],[12.87433,65.95813],[12.87879,65.9607],[12.88592,65.96074],[12.89001,65.9612],[12.89615,65.96046],[12.90602,65.95664],[12.9056,65.95547],[12.9018,65.95358],[12.90243,65.95166],[12.90343,65.95132],[12.90653,65.95131],[12.90793,65.95187],[12.90991,65.95137],[12.91059,65.95068]],[[12.4181,65.96761],[12.41664,65.96659],[12.41471,65.96711],[12.4107,65.96385],[12.40825,65.96307],[12.40415,65.9607],[12.40107,65.95993],[12.39871,65.95802],[12.39638,65.95743],[12.39689,65.95885],[12.39988,65.96045],[12.40036,65.96162],[12.40399,65.96441],[12.4074,65.96464],[12.41117,65.96719],[12.41776,65.96922],[12.41857,65.96904],[12.4181,65.96761]],[[12.30467,65.96689],[12.30269,65.96667],[12.30193,65.96689],[12.30589,65.96888],[12.30683,65.96815],[12.30617,65.96726],[12.30467,65.96689]],[[12.78914,65.97758],[12.78618,65.97652],[12.78364,65.97647],[12.7797,65.97489],[12.76533,65.97121],[12.76101,65.96971],[12.7567,65.96919],[12.76319,65.97273],[12.76943,65.97456]],[[12.2804,65.96963],[12.27707,65.96812],[12.27932,65.96719],[12.27936,65.96582],[12.27376,65.96275],[12.27265,65.96258],[12.27137,65.96295],[12.26998,65.96175],[12.26686,65.9627],[12.26754,65.96386],[12.2693,65.96441]],[[12.72739,65.97076],[12.73519,65.9718],[12.74287,65.97451],[12.74414,65.97481],[12.74519,65.97454],[12.74908,65.97527],[12.75601,65.97744]],[[12.15619,65.98305],[12.15492,65.98258],[12.15396,65.98278],[12.15576,65.98541],[12.16095,65.98744],[12.16153,65.98719],[12.16103,65.98654],[12.15619,65.98305]],[[12.28392,65.97076],[12.28368,65.96942],[12.28576,65.96932],[12.28813,65.96775],[12.28801,65.96719],[12.28414,65.96643],[12.28233,65.96669],[12.28138,65.96922],[12.2804,65.96963]],[[12.78914,65.97758],[12.79809,65.97974]],[[12.77736,65.98051],[12.77912,65.97946],[12.77918,65.97885],[12.76943,65.97456]],[[12.75601,65.97744],[12.76489,65.97837],[12.77256,65.97984],[12.77481,65.98064]],[[12.77481,65.98064],[12.77736,65.98051]],[[12.28115,65.97465],[12.28348,65.97303],[12.28392,65.97076]],[[12.23167,65.9715],[12.23043,65.97166],[12.23453,65.9742],[12.23562,65.97455],[12.23736,65.97434],[12.23726,65.97396],[12.23444,65.97321],[12.23497,65.97263],[12.23422,65.97216],[12.23167,65.9715]],[[12.28839,65.97563],[12.28889,65.97218],[12.29042,65.9723],[12.29157,65.97177],[12.29497,65.9722],[12.29109,65.97046],[12.29317,65.96853],[12.29855,65.96981],[12.30206,65.97235],[12.30267,65.97212],[12.30472,65.97272],[12.305,65.97379],[12.30772,65.97567]],[[12.24612,65.97565],[12.247,65.97525]],[[12.24777,65.97586],[12.2487,65.97568],[12.24783,65.97538]],[[12.90612,65.98657],[12.90319,65.98483],[12.89855,65.98429],[12.89652,65.98203],[12.8963,65.98078],[12.89467,65.97956],[12.89415,65.97532],[12.8957,65.9735],[12.89589,65.97154],[12.89731,65.97073],[12.90127,65.9702],[12.90493,65.97027],[12.90894,65.97087]],[[12.13699,65.98155],[12.14277,65.98289],[12.13875,65.98062],[12.13729,65.97883]],[[12.13729,65.97883],[12.13364,65.97709],[12.13341,65.9788],[12.13699,65.98155]],[[12.24472,65.97614],[12.24613,65.97617]],[[12.25081,65.97625],[12.25504,65.97711]],[[12.25504,65.97711],[12.25658,65.97727],[12.25622,65.97667]],[[12.28121,65.97679],[12.2813,65.97773],[12.28364,65.97739],[12.28545,65.97805],[12.28627,65.97762],[12.2858,65.97688]],[[12.35766,65.97836],[12.35852,65.97911],[12.36013,65.97952],[12.3656,65.97952],[12.35963,65.97816]],[[12.31159,65.97733],[12.31407,65.97904],[12.31533,65.97873],[12.31403,65.97737]],[[12.24472,65.97614],[12.23925,65.97383],[12.23821,65.97254],[12.23063,65.9698],[12.22899,65.96835],[12.22584,65.96754],[12.22143,65.96445],[12.21645,65.96273],[12.21551,65.96113],[12.21695,65.95984],[12.21915,65.9602],[12.22079,65.96166],[12.22156,65.96155],[12.22133,65.96065],[12.22198,65.96053],[12.22255,65.96127],[12.22566,65.96223],[12.22707,65.96318],[12.23,65.96339],[12.2356,65.96615],[12.23713,65.96569],[12.23691,65.96473],[12.22889,65.96208],[12.22845,65.96132],[12.22672,65.96139],[12.22362,65.96026],[12.22092,65.95888],[12.22073,65.9576],[12.22394,65.95734],[12.2269,65.95888],[12.2285,65.95841],[12.23128,65.95901],[12.23259,65.95982],[12.22944,65.95982],[12.22914,65.96072],[12.23301,65.96109],[12.233,65.96265],[12.23411,65.96321],[12.23581,65.96357],[12.23842,65.96287],[12.24127,65.96316],[12.24354,65.96375],[12.2458,65.96526],[12.24626,65.96498],[12.24176,65.96191],[12.24231,65.96172],[12.24558,65.96226],[12.24504,65.96102],[12.24131,65.95962],[12.24146,65.95909],[12.23648,65.95816],[12.23185,65.95629],[12.23189,65.95589],[12.2333,65.95582],[12.2373,65.95664],[12.24791,65.95956],[12.24852,65.95935],[12.24759,65.95858],[12.24851,65.9584],[12.24962,65.95872]],[[12.24697,65.97619],[12.24777,65.97586]],[[12.25584,65.97634],[12.25437,65.97511],[12.24994,65.97458],[12.24933,65.97587],[12.25081,65.97625]],[[12.27751,65.97673],[12.28115,65.97465]],[[12.2858,65.97688],[12.28468,65.97595],[12.28336,65.97574],[12.28212,65.97595],[12.28121,65.97679]],[[12.28809,65.97692],[12.28839,65.97563]],[[12.31159,65.97733],[12.31011,65.9751],[12.30909,65.97468],[12.30806,65.97558]],[[12.32335,65.97753],[12.32393,65.97641],[12.32295,65.97619],[12.32104,65.97675],[12.31891,65.9756],[12.3184,65.97261],[12.31683,65.97252],[12.31641,65.97378],[12.31517,65.97427],[12.31349,65.97209],[12.31202,65.97196],[12.3105,65.97118],[12.3099,65.9717],[12.31372,65.97531],[12.31403,65.97737]],[[12.35743,65.97812],[12.35685,65.97726],[12.35785,65.97651]],[[12.35963,65.97816],[12.35946,65.97688],[12.35785,65.97651]],[[12.49681,65.98045],[12.49681,65.97973],[12.49526,65.97879],[12.48542,65.97457],[12.48113,65.97203],[12.48125,65.97043],[12.47722,65.96754]],[[12.62241,65.98245],[12.61854,65.98081],[12.61072,65.97957],[12.60889,65.98014],[12.6091,65.98057],[12.61329,65.98231]],[[12.83077,65.98552],[12.82163,65.98374],[12.81649,65.98207],[12.80226,65.97936],[12.80474,65.9815]],[[12.86269,65.98597],[12.86009,65.98526],[12.85795,65.98386],[12.85196,65.98326],[12.84589,65.98495],[12.84571,65.98551],[12.84821,65.98577]],[[12.13711,65.97418],[12.13762,65.97593]],[[12.83077,65.98552],[12.83319,65.98637],[12.83645,65.98582],[12.84293,65.98767],[12.84821,65.98832],[12.84987,65.98783],[12.85023,65.98722],[12.84944,65.98604],[12.84821,65.98577]],[[12.14554,65.97559],[12.14346,65.97553],[12.14324,65.97624],[12.14472,65.97714],[12.14768,65.97758],[12.14746,65.9765],[12.14554,65.97559]],[[12.24697,65.97619],[12.24711,65.97689],[12.245,65.9767],[12.24455,65.97697],[12.24672,65.97995]],[[12.13441,65.97413],[12.13625,65.97572],[12.13592,65.97685],[12.13737,65.97817]],[[12.24672,65.97995],[12.2473,65.98023]],[[12.27596,65.97862],[12.2803,65.9819],[12.28367,65.98167],[12.28409,65.98042],[12.28269,65.97822],[12.2793,65.97836],[12.27751,65.97673]],[[12.14526,65.97786],[12.14311,65.97789],[12.14322,65.97869],[12.14884,65.97956],[12.14809,65.97853],[12.14526,65.97786]],[[12.61522,65.98753],[12.61671,65.9875],[12.61834,65.98813],[12.62157,65.98852],[12.6222,65.98827],[12.6159,65.98345],[12.61329,65.98231]],[[12.17571,65.9799],[12.17325,65.97612],[12.17031,65.97582],[12.16913,65.9767],[12.17035,65.97766],[12.16877,65.97782],[12.16862,65.97895],[12.17541,65.9811],[12.17638,65.98078],[12.17571,65.9799]],[[12.13737,65.97817],[12.13929,65.97929],[12.13947,65.98022],[12.14169,65.98072],[12.14087,65.97787],[12.13901,65.9763],[12.13762,65.97593]],[[12.93037,65.99365],[12.92862,65.99291],[12.92682,65.99331],[12.92543,65.99318],[12.92305,65.99154],[12.91354,65.98944],[12.9076,65.98724]],[[12.37875,65.9827],[12.37477,65.98252],[12.3785,65.98506],[12.38396,65.98549],[12.38419,65.98506],[12.38264,65.9848],[12.37875,65.9827]],[[12.62264,65.98946],[12.6214,65.98898],[12.61964,65.9893],[12.61668,65.98817],[12.61359,65.98797],[12.61522,65.98753]],[[12.19367,65.97899],[12.19177,65.97916],[12.1911,65.97966],[12.19431,65.98277],[12.19602,65.98186],[12.19367,65.97899]],[[12.34467,65.97887],[12.33978,65.97836],[12.33859,65.97875],[12.3425,65.98169],[12.347,65.98318],[12.34774,65.98445],[12.35086,65.98563],[12.35068,65.98432],[12.34532,65.98146],[12.34467,65.97887]],[[12.34488,65.98352],[12.34353,65.98355],[12.34269,65.98437],[12.34581,65.98579],[12.34719,65.98477],[12.34488,65.98352]],[[12.61894,65.99131],[12.62284,65.9902]],[[12.35712,65.98358],[12.35459,65.98193],[12.3518,65.98155],[12.35065,65.98172],[12.35064,65.98281],[12.35673,65.98734]],[[12.61894,65.99131],[12.62117,65.99193]],[[12.18818,65.98205],[12.18671,65.98134],[12.18393,65.98083],[12.1813,65.98132],[12.1821,65.97885],[12.17936,65.97575],[12.17756,65.97528],[12.17578,65.97701],[12.17655,65.97958],[12.17865,65.98157],[12.18019,65.98214],[12.18149,65.98169],[12.18171,65.98258],[12.18354,65.98341],[12.19013,65.98506],[12.19119,65.98496],[12.19138,65.98426],[12.18818,65.98205]],[[12.38508,65.98768],[12.38055,65.98669],[12.37938,65.98692],[12.38024,65.98806],[12.38338,65.98849],[12.38543,65.98804],[12.38508,65.98768]],[[12.93037,65.99365],[12.9315,65.99528],[12.93347,65.99631],[12.93732,65.99704]],[[12.13691,65.98228],[12.13526,65.98196],[12.13518,65.98289],[12.13396,65.98316],[12.13667,65.98438]],[[12.13664,65.98469],[12.13667,65.98438]],[[12.62284,65.9902],[12.6243,65.99131],[12.62683,65.9914],[12.62807,65.99082],[12.63832,65.9932],[12.63648,65.99177],[12.6264,65.98808],[12.62609,65.98926],[12.62411,65.98976],[12.62264,65.98946]],[[12.24716,65.98155],[12.2438,65.9793],[12.24221,65.97931],[12.24146,65.98082],[12.23958,65.98064],[12.23898,65.9809],[12.24071,65.98235],[12.23983,65.98285],[12.24052,65.98352],[12.24659,65.98687]],[[12.15912,65.98049],[12.15749,65.98076],[12.15762,65.98142],[12.15951,65.98401],[12.16182,65.98566],[12.16105,65.98251],[12.15912,65.98049]],[[12.23109,65.9842],[12.23009,65.98421],[12.23015,65.98478],[12.23559,65.98742],[12.23539,65.98595],[12.23109,65.9842]],[[12.6467,65.99167],[12.64525,65.9916],[12.64807,65.99384],[12.65169,65.99438],[12.65071,65.99298],[12.6467,65.99167]],[[12.24716,65.98155],[12.24846,65.98252],[12.2486,65.9836],[12.25104,65.98484],[12.25314,65.98726],[12.25558,65.98802],[12.25376,65.98621],[12.25582,65.98533],[12.2568,65.98617],[12.25953,65.98651],[12.25816,65.98421],[12.25425,65.98415],[12.25152,65.98324],[12.24977,65.98151],[12.25011,65.98009],[12.2473,65.98023]],[[12.33049,65.9895],[12.32854,65.98837],[12.32596,65.9881]],[[12.13656,65.98534],[12.13908,65.98607],[12.13941,65.98581],[12.13725,65.98464],[12.14116,65.98512],[12.14277,65.98484],[12.14085,65.98396],[12.13942,65.98414],[12.13675,65.98369]],[[12.42066,65.98979],[12.41861,65.98961],[12.4189,65.99056],[12.42263,65.99128],[12.4229,65.9907],[12.42066,65.98979]],[[12.16755,65.98433],[12.16624,65.98431],[12.16667,65.98608],[12.16753,65.98723],[12.16893,65.98741],[12.16983,65.98695],[12.16963,65.98595],[12.16755,65.98433]],[[12.20056,65.98444],[12.19946,65.98427],[12.19851,65.9852],[12.19949,65.9867],[12.20333,65.98805],[12.20476,65.98797],[12.20524,65.98746],[12.20056,65.98444]],[[12.23318,65.99679],[12.23452,65.99633],[12.23616,65.99784]],[[12.32662,65.99052],[12.3269,65.98944],[12.3234,65.98799],[12.32153,65.98607],[12.32497,65.98671],[12.32596,65.9881]],[[12.86269,65.98597],[12.87098,65.98965],[12.87463,65.99189],[12.88186,65.99398],[12.88576,65.99365],[12.88697,65.99386],[12.89107,65.99584],[12.89663,65.99644],[12.89945,65.9972],[12.90217,65.99864],[12.90659,65.99962]],[[12.33049,65.9895],[12.33548,65.99088],[12.33672,65.99082],[12.33814,65.98991],[12.34079,65.98989],[12.34761,65.9881],[12.34818,65.98742],[12.34599,65.98613],[12.34326,65.98571],[12.34244,65.98668],[12.33992,65.98573],[12.33989,65.98658],[12.33604,65.98503],[12.33204,65.98526],[12.33105,65.98323],[12.32638,65.98015],[12.32711,65.97895],[12.32588,65.97842],[12.32407,65.97915],[12.32335,65.97753]],[[12.37225,65.98995],[12.37021,65.98987],[12.37017,65.99103],[12.37277,65.99193],[12.37428,65.99194],[12.37471,65.9908],[12.37225,65.98995]],[[12.17375,65.98602],[12.17196,65.98598],[12.17274,65.98821],[12.17443,65.98893],[12.17721,65.98934],[12.17579,65.98717],[12.17375,65.98602]],[[12.63969,65.99759],[12.6413,65.9973],[12.63717,65.99565],[12.63435,65.99503],[12.62868,65.99193],[12.6272,65.99167],[12.63056,65.99419],[12.63969,65.99759]],[[12.62241,65.98245],[12.62627,65.98365],[12.62972,65.98369],[12.63751,65.98558],[12.63578,65.98724],[12.63783,65.98814],[12.64092,65.98646],[12.64792,65.98792],[12.64912,65.98745],[12.65283,65.98782],[12.66048,65.99026],[12.66231,65.9912],[12.66419,65.99315],[12.67188,65.99535],[12.68627,65.99834]],[[12.28809,65.97692],[12.28737,65.97903],[12.28811,65.97975],[12.29484,65.98291],[12.29382,65.98296],[12.28743,65.98037],[12.2864,65.98054],[12.28445,65.98273],[12.28435,65.98525],[12.28848,65.99004],[12.28889,65.99187]],[[12.49681,65.98045],[12.50925,65.986],[12.51262,65.98696],[12.51696,65.9899],[12.52286,65.99179],[12.53177,65.99552],[12.53623,65.9967]],[[12.15436,65.98559],[12.1527,65.98508],[12.15329,65.98687],[12.1605,65.98907],[12.16289,65.9904],[12.16382,65.99041],[12.16149,65.98832],[12.15436,65.98559]],[[12.35673,65.98734],[12.35952,65.98892],[12.36106,65.99085],[12.36513,65.99359],[12.36674,65.99414],[12.36981,65.99419],[12.37162,65.9928],[12.36448,65.99101],[12.36402,65.98968],[12.36497,65.98841],[12.36334,65.98776],[12.36254,65.98853],[12.36137,65.98848],[12.36138,65.98571],[12.35897,65.98488],[12.35712,65.98358]],[[12.1465,65.98857],[12.1449,65.98839],[12.14453,65.98918],[12.14583,65.99033],[12.14757,65.99052],[12.14819,65.99021],[12.1465,65.98857]],[[12.44209,65.99468],[12.43957,65.99482],[12.43913,65.99542],[12.44333,65.99584],[12.44209,65.99468]],[[12.28268,65.99339],[12.28372,65.99257],[12.28189,65.99003],[12.28221,65.98884],[12.27952,65.98852],[12.27821,65.98928],[12.27703,65.98869],[12.27715,65.98715],[12.27565,65.98555],[12.27842,65.98381],[12.27446,65.97903],[12.27596,65.97862]],[[12.3508,65.99294],[12.34929,65.99172],[12.35202,65.99185],[12.35354,65.99086],[12.3528,65.98969],[12.3508,65.98917],[12.34901,65.9889],[12.34299,65.9907],[12.34106,65.99046],[12.34015,65.99081],[12.33996,65.99164],[12.34122,65.99275],[12.34537,65.99262],[12.35035,65.99478],[12.35177,65.99363],[12.3508,65.99294]],[[12.32662,65.99052],[12.32765,65.99152],[12.32941,65.99164],[12.33348,65.99354],[12.33419,65.99474]],[[12.28233,65.99422],[12.28268,65.99339]],[[12.37428,65.99391],[12.37292,65.99375],[12.37222,65.99401],[12.37466,65.99561],[12.3766,65.99585],[12.37515,65.99496],[12.37526,65.99417],[12.37428,65.99391]],[[12.64307,66.00221],[12.63015,65.99679],[12.62117,65.99193]],[[12.17809,65.99067],[12.17715,65.99011],[12.17594,65.99027],[12.17429,65.98988],[12.17465,65.99128],[12.17662,65.99308],[12.17973,65.99319],[12.18077,65.99265],[12.18062,65.99201],[12.17809,65.99067]],[[12.33707,65.99592],[12.33635,65.9961],[12.33419,65.99474]],[[12.24549,65.99343],[12.2436,65.99349],[12.24455,65.9945]],[[12.68627,65.99834],[12.68912,65.99861],[12.69171,65.99998],[12.69352,66.00184]],[[12.24659,65.98687],[12.2495,65.98827],[12.25111,65.9884],[12.25516,65.99073],[12.26326,65.99323],[12.26362,65.99279],[12.26017,65.9898],[12.26296,65.98905],[12.26472,65.98947],[12.26453,65.99038],[12.26695,65.99278],[12.27021,65.99461],[12.27474,65.9955],[12.27635,65.99522],[12.27736,65.99404],[12.28277,65.99488],[12.28233,65.99422]],[[12.9452,66.00072],[12.9401,65.99899],[12.93848,65.99713],[12.93732,65.99704]],[[12.19807,65.99368],[12.19965,65.99333],[12.20234,65.99456],[12.20371,65.99443],[12.20429,65.9939],[12.20377,65.99351],[12.20187,65.99344],[12.20062,65.99085],[12.19683,65.98839],[12.18977,65.98589],[12.18841,65.98809],[12.19083,65.99013],[12.1892,65.99022],[12.18872,65.99148],[12.19159,65.99247],[12.19362,65.99262],[12.19452,65.99316],[12.19406,65.99353],[12.19102,65.99329],[12.19015,65.99353],[12.19245,65.99559],[12.19623,65.99703],[12.20029,65.99613],[12.19807,65.99368]],[[12.28446,65.99646],[12.28256,65.99612],[12.28066,65.9963],[12.27726,65.99551],[12.2751,65.99644],[12.27658,65.99824],[12.28204,65.99877],[12.286,65.99823],[12.28584,65.9971],[12.28446,65.99646]],[[12.28889,65.99187],[12.28953,65.99337],[12.29381,65.99715],[12.29543,65.99791],[12.2993,65.9985],[12.29995,65.9991]],[[12.23347,65.99821],[12.23318,65.99679]],[[12.26335,65.99595],[12.26187,65.99575],[12.25401,65.99254],[12.2528,65.99232],[12.25177,65.99259],[12.24999,65.99167],[12.24886,65.9916],[12.24912,65.99266],[12.25202,65.99362],[12.25332,65.99312],[12.25517,65.99359],[12.2604,65.99637],[12.25781,65.997],[12.25941,65.99746],[12.25938,65.99839],[12.26103,65.99896],[12.26274,65.99845],[12.26197,65.99755],[12.26343,65.99683],[12.26335,65.99595]],[[12.29995,65.9991],[12.30158,65.99974]],[[12.30065,66.0005],[12.29751,65.99863],[12.29139,65.99844],[12.28981,65.99696],[12.2913,65.99557],[12.28894,65.99481],[12.28803,65.9958],[12.28667,65.99605],[12.28764,65.99717],[12.28758,65.99853],[12.28928,66.0003]],[[12.91461,66.00161],[12.90659,65.99962]],[[12.23616,65.99784],[12.23854,65.99929],[12.24518,65.99989]],[[12.2489,65.99337],[12.24792,65.9933],[12.24782,65.99386],[12.24945,65.99507],[12.2493,65.99597],[12.25443,65.99913],[12.2575,66.00001]],[[12.25978,66.00019],[12.26,65.99935],[12.2489,65.99337]],[[12.16804,65.99712],[12.16692,65.99706],[12.16673,65.99789],[12.16959,65.99854],[12.16986,65.99816],[12.16804,65.99712]],[[12.24518,65.99989],[12.24733,66.00009]],[[12.24733,66.00009],[12.25098,65.99957],[12.25155,65.99861],[12.24571,65.99498]],[[12.53623,65.9967],[12.53826,65.99816],[12.54174,65.9991],[12.54346,66.00018]],[[12.00664,66.00007],[12.00165,65.99989],[12.00084,66.001]],[[12.246,65.99232],[12.24313,65.98982],[12.23768,65.98726],[12.23694,65.98733],[12.23712,65.98785],[12.23923,65.99009],[12.22665,65.9843],[12.22559,65.98486],[12.22441,65.98457],[12.22368,65.98488],[12.2236,65.98762],[12.22565,65.98871],[12.22375,65.98868],[12.21868,65.98509],[12.21656,65.98434],[12.2143,65.98425],[12.21491,65.98276],[12.2125,65.98101],[12.21141,65.98061],[12.21054,65.98102],[12.2095,65.98086],[12.20883,65.97959],[12.2038,65.97792],[12.20241,65.97798],[12.2007,65.9802],[12.20333,65.98281],[12.19912,65.98084],[12.19837,65.98119],[12.20015,65.98304],[12.20271,65.98442],[12.20334,65.98431],[12.20323,65.98341],[12.20401,65.98341],[12.20775,65.98787],[12.21041,65.98759],[12.21056,65.98851],[12.20906,65.98904],[12.20997,65.99087],[12.21072,65.99115],[12.21309,65.99102],[12.21353,65.99169],[12.21533,65.99171],[12.21647,65.99239],[12.21599,65.99332],[12.21169,65.99311],[12.2125,65.99477],[12.2185,65.9978],[12.22085,65.99844],[12.22169,65.99767],[12.22277,65.99764],[12.22399,65.99889],[12.22778,65.99964],[12.22829,66.00007]],[[12.22829,66.00007],[12.23223,65.99995],[12.23125,65.99912],[12.233,65.99876],[12.23347,65.99821]],[[12.33707,65.99592],[12.33677,65.9954],[12.33762,65.99522],[12.34301,65.99699],[12.34263,65.99859],[12.34743,66.00015]],[[12.00231,65.99615],[12.00081,65.99619],[12.00091,65.99697],[12.00479,65.99919],[12.00723,65.99961],[12.00602,65.99818],[12.00231,65.99615]],[[12.16633,65.99927],[12.16489,65.99902],[12.16548,66.00086]],[[12.17052,66.0013],[12.16633,65.99927]],[[12.27764,66.00057],[12.27672,65.99961],[12.26969,65.99743],[12.26584,65.99852],[12.26618,65.99962],[12.2711,66.00056]],[[12.1838,66.00029],[12.18295,65.99736],[12.17884,65.99612],[12.17745,65.99637],[12.17905,65.99936],[12.18165,66.00205]],[[12.18088,66.00354],[12.17597,65.99983],[12.17651,65.9992],[12.17586,65.99802],[12.17313,65.99658],[12.17214,65.99938],[12.17342,66.00103]],[[12.01098,65.9995],[12.00986,65.99972],[12.01552,66.00299]],[[12.01667,66.00207],[12.01098,65.9995]],[[12.30158,65.99974],[12.3061,66.00058]],[[12.40679,66.00194],[12.40364,65.99904],[12.39803,65.9983],[12.39444,65.99829],[12.39097,65.99892],[12.39214,66.00059]],[[12.39214,66.00059],[12.39022,65.99989],[12.38608,66.00022]],[[12.22271,66.00124],[12.22028,65.99908],[12.21812,65.99932],[12.2177,66.00002]],[[12.2177,66.00002],[12.21557,65.9998],[12.21607,66.00075]],[[12.21536,66.00092],[12.21091,65.99773],[12.20862,65.99681],[12.20837,65.9984],[12.20971,66.00187]],[[12.26821,65.28066],[12.26821,65.27738],[12.26624,65.27628],[12.26481,65.27436],[12.2613,65.27302],[12.25767,65.27392],[12.25511,65.27389],[12.25344,65.27332],[12.2522,65.27215],[12.24847,65.27138],[12.24645,65.26984],[12.24667,65.26852],[12.24426,65.26622],[12.23432,65.26087],[12.23091,65.25993],[12.22756,65.25752]],[[12.09325,65.30709],[12.09224,65.30654],[12.092,65.30514],[12.08891,65.30395],[12.08821,65.30409],[12.09021,65.3062],[12.08941,65.30623],[12.08715,65.30491],[12.08552,65.30507],[12.0883,65.30645],[12.08711,65.30752],[12.08803,65.30925],[12.09267,65.31209],[12.09178,65.31267],[12.08905,65.31206],[12.08725,65.31218],[12.08722,65.31307],[12.10171,65.31978]],[[12.19258,65.36796],[12.19477,65.36752],[12.19606,65.36671]],[[12.10171,65.31978],[12.10547,65.3201],[12.11056,65.3192],[12.11258,65.31903],[12.1132,65.31928]],[[12.18731,65.00013],[12.1836,64.99697]],[[12.04224,65.06626],[12.04814,65.06601],[12.04538,65.0629]],[[12.02286,65.06689],[12.03467,65.06724],[12.0329,65.06544],[12.03396,65.06482],[12.03915,65.0667],[12.04064,65.06684],[12.04224,65.06626]],[[11.99726,65.06654],[12.00113,65.06669],[12.0024,65.06589],[12.0086,65.06596],[12.00506,65.06376],[12.00569,65.06285],[12.00869,65.06173],[12.00964,65.06361],[12.01658,65.06665],[12.01857,65.06672],[12.0198,65.06632],[12.02119,65.06701],[12.02286,65.06689]]]}}]}