{"type":"FeatureCollection","features":[{"type":"Feature","properties":{},"geometry":{"type":"MultiLineString","coordinates":[[[12.52306,66.29508],[12.52199,66.29477],[12.52093,66.29504]],[[12.86675,66.47552],[12.86581,66.47563],[12.86668,66.4763]],[[12.24049,66.02096],[12.24102,66.02069],[12.24291,66.02096]],[[12.24304,66.02101],[12.24291,66.02096]],[[12.23555,66.08876],[12.23551,66.08915]],[[12.13808,66.00413],[12.13726,66.00447],[12.13733,66.00595],[12.13881,66.0061],[12.13951,66.00585],[12.13808,66.00413]],[[12.35422,66.01158],[12.35578,66.0114],[12.35437,66.01013]],[[12.28569,66.01561],[12.2837,66.01543],[12.28286,66.0157],[12.28402,66.01675],[12.28563,66.01638],[12.28569,66.01561]],[[12.68372,66.02639],[12.68467,66.02615],[12.68377,66.02585]],[[12.67653,66.02639],[12.67787,66.02682],[12.6796,66.02564],[12.68372,66.02639]],[[12.46986,66.0249],[12.47058,66.02459]],[[12.36089,66.02307],[12.36321,66.02443]],[[12.24049,66.02096],[12.24274,66.02254]],[[12.24274,66.02254],[12.24387,66.02237],[12.24304,66.02101]],[[12.31295,66.03209],[12.31074,66.03091],[12.30909,66.03075],[12.30863,66.03124],[12.30944,66.03172],[12.31295,66.03209]],[[12.00956,66.0367],[12.00757,66.03626],[12.00716,66.03546],[12.00595,66.03537],[12.00784,66.03794],[12.01098,66.03895],[12.01162,66.0381],[12.00956,66.0367]],[[12.81096,66.0532],[12.81906,66.05409],[12.82957,66.05434],[12.83659,66.05307]],[[12.01855,66.05226],[12.0186,66.05183]],[[12.01321,66.04103],[12.01216,66.04097],[12.01215,66.04128],[12.01445,66.04271],[12.01534,66.04278],[12.01584,66.0422],[12.01321,66.04103]],[[12.51205,66.05246],[12.50988,66.05144]],[[12.03637,66.04459],[12.03529,66.0436],[12.03388,66.04323],[12.03256,66.04335],[12.03416,66.04443],[12.03637,66.04459]],[[12.75781,66.05643],[12.75565,66.05665],[12.75858,66.0573],[12.7614,66.05744],[12.75781,66.05643]],[[12.57056,66.05599],[12.5712,66.05583],[12.57059,66.05567]],[[12.57051,66.0565],[12.57219,66.05665],[12.57325,66.05622],[12.5727,66.05556],[12.57062,66.05535]],[[12.8347,66.06747],[12.83633,66.06643]],[[12.02091,66.06177],[12.02023,66.06176]],[[12.67734,66.06353],[12.67528,66.06477],[12.67193,66.06575],[12.677,66.07032],[12.67798,66.07056]],[[12.01659,66.06169],[12.01741,66.06201]],[[12.01374,66.06163],[12.01719,66.06386]],[[12.15886,66.07092],[12.15725,66.07069],[12.1575,66.07147],[12.16119,66.0723],[12.16082,66.07165],[12.15886,66.07092]],[[12.16537,66.07088],[12.16416,66.0709],[12.16391,66.07137],[12.16448,66.07291],[12.16542,66.07314],[12.16603,66.0729],[12.16537,66.07088]],[[12.34667,66.08415],[12.3473,66.08448]],[[12.3473,66.08448],[12.35002,66.08597]],[[12.04824,66.09646],[12.04645,66.09648],[12.04484,66.0975],[12.04774,66.09766],[12.04824,66.09646]],[[12.45831,66.11448],[12.45616,66.11445]],[[12.34116,66.13674],[12.3412,66.13638]],[[12.04552,66.10714],[12.04692,66.10747],[12.04762,66.10718]],[[12.61898,66.12033],[12.61372,66.11863],[12.61156,66.11892],[12.60973,66.11866]],[[12.04416,66.1096],[12.04249,66.10915],[12.04123,66.10986],[12.04312,66.11085],[12.04412,66.11039],[12.04416,66.1096]],[[12.21165,66.11287],[12.21081,66.11262],[12.21029,66.11285],[12.21178,66.11343],[12.21193,66.11417],[12.21557,66.11536],[12.21165,66.11287]],[[12.03011,66.1109],[12.02909,66.11074],[12.02902,66.1118],[12.03111,66.11282],[12.03011,66.1109]],[[12.62192,66.12789],[12.62047,66.12687]],[[12.30977,66.13314],[12.309,66.13316],[12.30605,66.13528],[12.3074,66.13595],[12.30986,66.13498],[12.30977,66.13314]],[[12.57272,66.14163],[12.57137,66.14142]],[[12.45174,66.13928],[12.451,66.1397],[12.45158,66.14091]],[[12.30787,66.13819],[12.30458,66.138],[12.30348,66.13915],[12.3071,66.14012],[12.30787,66.13819]],[[12.51159,66.14588],[12.51067,66.14524],[12.51125,66.14491]],[[12.34017,66.14625],[12.3402,66.1459]],[[12.61811,66.15637],[12.61866,66.15709]],[[12.57095,66.16118],[12.56782,66.15985],[12.56079,66.15791]],[[12.00652,66.15448],[12.00568,66.15474],[12.00555,66.15558],[12.00634,66.15604]],[[12.89261,66.16615],[12.89283,66.16623]],[[12.72181,66.16471],[12.72283,66.16349]],[[12.89192,66.16589],[12.89261,66.16615]],[[12.00673,66.15275],[12.0067,66.15301]],[[12.73078,66.17729],[12.73015,66.17739]],[[12.33555,66.1901],[12.33562,66.18945]],[[12.33555,66.1901],[12.3355,66.19059]],[[12.3355,66.19059],[12.33665,66.1907],[12.33804,66.18949],[12.33577,66.18807]],[[12.88567,66.19844],[12.89005,66.19953]],[[12.55568,66.21088],[12.55572,66.2104]],[[12.16683,66.21332],[12.16541,66.21304],[12.16428,66.2135],[12.16708,66.21452],[12.16786,66.21418],[12.16683,66.21332]],[[12.13793,66.21592],[12.13627,66.21579],[12.13614,66.21673],[12.13998,66.21773],[12.13793,66.21592]],[[12.14364,66.21743],[12.1422,66.21748],[12.14323,66.21853],[12.14777,66.21893],[12.14364,66.21743]],[[12.20948,66.21873],[12.20858,66.21881],[12.2078,66.22029],[12.2084,66.2207],[12.20994,66.22079],[12.21053,66.22014],[12.20948,66.21873]],[[12.14666,66.21941],[12.14497,66.21929],[12.1475,66.22089],[12.14928,66.22132],[12.14897,66.22048],[12.14666,66.21941]],[[12.2134,66.22531],[12.21008,66.22501],[12.21155,66.226],[12.21335,66.22616],[12.21444,66.22584],[12.2134,66.22531]],[[12.6944,66.23322],[12.69244,66.23276],[12.69194,66.23295],[12.69239,66.23348],[12.69678,66.23435],[12.6944,66.23322]],[[12.16979,66.22985],[12.16623,66.22904],[12.16709,66.23027],[12.17014,66.2305],[12.16979,66.22985]],[[12.20847,66.22938],[12.20796,66.22885],[12.20887,66.22891],[12.20898,66.22862],[12.20713,66.22841],[12.20669,66.22883],[12.20845,66.23051],[12.21251,66.23221],[12.20847,66.22938]],[[12.70416,66.23972],[12.70012,66.23993],[12.69894,66.2403],[12.70317,66.24049],[12.70429,66.24013],[12.70416,66.23972]],[[12.33092,66.23398],[12.32906,66.23355],[12.32784,66.23408],[12.33084,66.23475]],[[12.73378,66.24057],[12.7328,66.24036],[12.73261,66.241],[12.7336,66.24192],[12.73472,66.24197],[12.73552,66.24091],[12.73378,66.24057]],[[12.6155,66.29125],[12.6143,66.29114],[12.61385,66.29153],[12.61875,66.2931],[12.61856,66.2922],[12.6155,66.29125]],[[12.1623,66.24573],[12.16086,66.24568],[12.16089,66.24632],[12.16476,66.24713],[12.16486,66.24667],[12.1623,66.24573]],[[12.31889,66.25115],[12.31802,66.25039],[12.31425,66.24987],[12.31507,66.25076],[12.31841,66.25144],[12.31889,66.25115]],[[12.15797,66.24718],[12.15621,66.24652],[12.15564,66.24687],[12.15412,66.2468],[12.1539,66.2456],[12.15277,66.24539],[12.15247,66.24618],[12.15377,66.24726],[12.15775,66.24802],[12.1558,66.24842],[12.15629,66.24979],[12.159,66.24965],[12.15842,66.2483],[12.1591,66.24794],[12.15797,66.24718]],[[12.21758,66.25277],[12.21761,66.25252]],[[12.21808,66.25364],[12.21789,66.25321],[12.21789,66.25403],[12.21808,66.25364]],[[12.71393,66.26122],[12.71097,66.26103],[12.71038,66.2613],[12.71231,66.26211],[12.71694,66.26248],[12.71631,66.26175],[12.71393,66.26122]],[[12.29884,66.25674],[12.29771,66.25675],[12.29746,66.2571],[12.3015,66.2588],[12.30145,66.25821],[12.29891,66.25734],[12.29884,66.25674]],[[12.30601,66.25824],[12.30313,66.2585],[12.30379,66.25962],[12.30624,66.26004],[12.30866,66.2594],[12.3058,66.25886],[12.30601,66.25824]],[[12.45608,66.26762],[12.45478,66.26755],[12.45341,66.26867],[12.45431,66.26914],[12.45573,66.26888],[12.45608,66.26762]],[[12.44794,66.27243],[12.44692,66.27223],[12.44615,66.2729],[12.44675,66.27407],[12.44767,66.27437],[12.44794,66.27243]],[[12.49883,66.28527],[12.49806,66.28517],[12.49783,66.2856],[12.50049,66.28792],[12.50098,66.28712],[12.49883,66.28527]],[[12.53402,66.29223],[12.53193,66.29195],[12.53326,66.29304],[12.53644,66.29355],[12.53402,66.29223]],[[12.53159,66.29267],[12.52986,66.2921],[12.52929,66.29225],[12.53174,66.29426],[12.53159,66.29267]],[[12.47768,66.29224],[12.47681,66.29184],[12.47592,66.29202],[12.47719,66.29367],[12.47816,66.29379],[12.47768,66.29224]],[[12.58636,66.29607],[12.58788,66.29665],[12.5901,66.29685],[12.59021,66.29613]],[[12.63221,66.29737],[12.631,66.29764],[12.6309,66.29817],[12.63457,66.30034],[12.63425,66.29911],[12.63221,66.29737]],[[12.66709,66.30777],[12.66637,66.30796],[12.66653,66.30987],[12.66859,66.31126],[12.66895,66.30994],[12.66709,66.30777]],[[12.52735,66.30921],[12.52648,66.30922],[12.52616,66.31053],[12.52754,66.31163],[12.52864,66.31176],[12.52735,66.30921]],[[12.4344,66.31052],[12.43613,66.31046],[12.43452,66.30941]],[[12.81121,66.31646],[12.80987,66.31631],[12.80791,66.31762],[12.81138,66.3172],[12.81121,66.31646]],[[12.51319,66.32718],[12.51055,66.32698],[12.50868,66.32666],[12.50881,66.3262],[12.50777,66.32627],[12.50748,66.32697],[12.5084,66.32744],[12.51494,66.328],[12.51319,66.32718]],[[12.5454,66.31666],[12.54542,66.31641]],[[12.54867,66.32027],[12.54664,66.31995],[12.548,66.32102],[12.54962,66.32121],[12.55094,66.32086],[12.54867,66.32027]],[[12.61038,66.32087],[12.60959,66.32076],[12.60851,66.32132],[12.60991,66.32289],[12.61126,66.32215],[12.61038,66.32087]],[[12.23408,66.31701],[12.23244,66.31691],[12.2318,66.31736],[12.23568,66.31823],[12.23767,66.31825],[12.23776,66.3179],[12.23408,66.31701]],[[12.56572,66.32262],[12.56405,66.32266],[12.56388,66.32298],[12.5683,66.32418],[12.56572,66.32262]],[[12.72753,66.32582],[12.7249,66.32587],[12.72921,66.32696],[12.72753,66.32582]],[[12.55135,66.32658],[12.54474,66.32345]],[[12.49689,66.32382],[12.49546,66.32391],[12.49616,66.32495],[12.49848,66.32515],[12.49689,66.32382]],[[12.53341,66.32491],[12.53133,66.32494],[12.53221,66.32583],[12.53463,66.32615],[12.53552,66.3255],[12.53341,66.32491]],[[12.50251,66.32637],[12.5003,66.32653],[12.5051,66.32758],[12.50251,66.32637]],[[12.67667,66.32692],[12.67562,66.32661],[12.67482,66.32683],[12.6758,66.32906],[12.67732,66.32948],[12.67796,66.32915],[12.67667,66.32692]],[[12.52714,66.32614],[12.52525,66.32604],[12.52593,66.32752],[12.52741,66.32819],[12.52869,66.32786],[12.52714,66.32614]],[[12.53489,66.33262],[12.53414,66.33233],[12.5333,66.33251],[12.53363,66.33328],[12.53479,66.33415],[12.53699,66.3346],[12.53489,66.33262]],[[12.64837,66.33622],[12.64692,66.33616],[12.64649,66.33649],[12.64807,66.33776],[12.6498,66.33725],[12.64837,66.33622]],[[12.72278,66.338],[12.72105,66.33798],[12.72081,66.3388],[12.72324,66.33943],[12.7238,66.33864],[12.72278,66.338]],[[12.5435,66.33606],[12.5418,66.33579],[12.54118,66.33607],[12.54255,66.33702],[12.54342,66.33696]],[[12.54324,66.33875],[12.54311,66.34008]],[[12.52613,66.34001],[12.52436,66.33951],[12.52389,66.33997]],[[12.54322,66.34028],[12.54311,66.34008]],[[12.99531,66.34676],[12.99555,66.34672]],[[12.52389,66.33997],[12.52766,66.34222],[12.52895,66.34235],[12.52868,66.34118],[12.52613,66.34001]],[[12.72419,66.34451],[12.71895,66.34395],[12.72508,66.34583],[12.726,66.34538],[12.72419,66.34451]],[[12.79696,66.34582],[12.79473,66.34585],[12.79599,66.34726],[12.79771,66.34688],[12.79696,66.34582]],[[12.43091,66.34469],[12.43094,66.34446]],[[12.98452,66.3533],[12.98243,66.35342],[12.9822,66.35395],[12.98697,66.35435],[12.98626,66.35361],[12.98452,66.3533]],[[12.55057,66.35157],[12.55363,66.35275]],[[12.58055,66.35232],[12.57986,66.35242],[12.57986,66.35332],[12.58169,66.35388],[12.58255,66.35304],[12.58055,66.35232]],[[12.56419,66.35334],[12.56503,66.35371],[12.56593,66.35318],[12.5678,66.3532]],[[12.48678,66.35271],[12.48424,66.35237],[12.4854,66.35381],[12.48771,66.35397],[12.48808,66.35366],[12.48678,66.35271]],[[12.55354,66.35504],[12.54999,66.3547],[12.55029,66.35553],[12.55165,66.35605],[12.55354,66.35504]],[[12.65324,66.35713],[12.65183,66.35637],[12.65073,66.35713],[12.65313,66.35831]],[[12.65313,66.35831],[12.65617,66.35835],[12.65562,66.35799],[12.65456,66.35806],[12.65324,66.35713]],[[12.46966,66.35428],[12.46878,66.35434],[12.46889,66.3552],[12.47206,66.3568],[12.47245,66.35629],[12.47104,66.35575],[12.46966,66.35428]],[[12.5657,66.36162],[12.56251,66.36217],[12.56621,66.36352],[12.5657,66.36162]],[[12.65618,66.36384],[12.65524,66.36384],[12.65463,66.36495],[12.65539,66.36647],[12.65665,66.36513],[12.65618,66.36384]],[[12.6482,66.36549],[12.64746,66.36576],[12.64755,66.36762],[12.65013,66.36804],[12.65065,66.3676],[12.64851,66.36676],[12.6482,66.36549]],[[12.59254,66.36775],[12.59301,66.36779]],[[12.54984,66.36667],[12.54888,66.36648],[12.54836,66.36673],[12.5499,66.36825],[12.55122,66.36898],[12.55286,66.36919],[12.54984,66.36667]],[[12.6519,66.3714],[12.6532,66.37052],[12.6521,66.36931]],[[12.6521,66.36931],[12.65057,66.36895],[12.65053,66.37012],[12.65184,66.37037],[12.65076,66.37151],[12.6519,66.3714]],[[12.92503,66.3738],[12.92326,66.37368],[12.92179,66.37449],[12.92272,66.37552],[12.92482,66.37465],[12.92503,66.3738]],[[12.8762,66.37567],[12.87524,66.37568]],[[12.4227,66.37105],[12.42391,66.37167],[12.42559,66.37135],[12.42574,66.37091],[12.42162,66.36958],[12.42103,66.37109],[12.42228,66.37167],[12.4227,66.37105]],[[12.42807,66.37244],[12.42811,66.37204]],[[12.42811,66.37204],[12.42559,66.37184],[12.42388,66.37238],[12.42627,66.3728],[12.42807,66.37244]],[[12.56123,66.37539],[12.55835,66.37457],[12.5606,66.37626],[12.56251,66.37655],[12.56123,66.37539]],[[12.35688,66.37561],[12.35502,66.37513],[12.35308,66.3754],[12.35493,66.37607],[12.35761,66.37632],[12.35688,66.37561]],[[12.36894,66.37636],[12.36715,66.37637],[12.36748,66.37699],[12.37206,66.37732],[12.36894,66.37636]],[[12.79204,66.38337],[12.79115,66.38333],[12.79055,66.3842],[12.79075,66.38545],[12.79173,66.38592],[12.79204,66.38337]],[[12.55479,66.38535],[12.55379,66.38533]],[[12.91375,66.39056],[12.9123,66.39014],[12.91166,66.39054]],[[12.42597,66.39293],[12.4267,66.3927],[12.42606,66.39205]],[[12.55213,66.3853],[12.5526,66.38603],[12.55379,66.38533]],[[12.68525,66.38779],[12.68487,66.38743],[12.68331,66.38774],[12.6807,66.38729],[12.67984,66.38744],[12.68184,66.38833],[12.68331,66.38838],[12.68525,66.38779]],[[12.91166,66.39054],[12.91183,66.39131],[12.91033,66.39065],[12.90862,66.39119],[12.91033,66.39213],[12.91339,66.39108],[12.91375,66.39056]],[[12.81016,66.4034],[12.80896,66.4033],[12.80792,66.40369],[12.80925,66.40432],[12.81169,66.40454],[12.81016,66.4034]],[[12.53837,66.38846],[12.53741,66.3886],[12.53829,66.38924]],[[12.38574,66.38697],[12.38308,66.38701],[12.38374,66.38762],[12.38655,66.38795],[12.38699,66.38769],[12.38574,66.38697]],[[12.36879,66.38653],[12.36637,66.38607],[12.36541,66.38624],[12.36736,66.38722],[12.37,66.38769],[12.36879,66.38653]],[[12.79258,66.40951],[12.79397,66.40909],[12.79111,66.40762],[12.79022,66.40778],[12.79022,66.40829],[12.79258,66.40951]],[[12.3771,66.38732],[12.37549,66.38678],[12.37419,66.38727],[12.37672,66.38835],[12.37784,66.38815],[12.3771,66.38732]],[[12.52001,66.3848],[12.52216,66.38675],[12.52361,66.38648],[12.52694,66.38752],[12.53358,66.39015],[12.53797,66.39254]],[[12.92009,66.3984],[12.92048,66.39881]],[[12.53789,66.39332],[12.53797,66.39254]],[[12.83735,66.39886],[12.83389,66.39708],[12.83163,66.39689]],[[12.53784,66.39383],[12.53629,66.3935],[12.53641,66.39479],[12.53563,66.39454],[12.53503,66.39484],[12.53766,66.39569]],[[12.84199,66.39866],[12.83967,66.39872],[12.84078,66.40045],[12.84334,66.39938],[12.84199,66.39866]],[[12.53766,66.39569],[12.53919,66.39613],[12.5406,66.39585],[12.53952,66.39535],[12.54001,66.39464],[12.53784,66.39383]],[[12.8726,66.40132],[12.87307,66.4013]],[[12.87164,66.4019],[12.87035,66.40203],[12.8694,66.40268],[12.87167,66.40328],[12.87266,66.40238],[12.87164,66.4019]],[[12.78245,66.4092],[12.78091,66.40895],[12.7851,66.41245],[12.78834,66.41402],[12.78245,66.4092]],[[12.80698,66.41824],[12.8052,66.41818],[12.80528,66.41897],[12.80872,66.4191],[12.80698,66.41824]],[[12.80245,66.42097],[12.80089,66.42102],[12.80269,66.42229],[12.80489,66.42242],[12.80245,66.42097]],[[12.77274,66.42695],[12.77061,66.42695],[12.76915,66.42737],[12.77294,66.42804],[12.77274,66.42695]],[[12.76029,66.43331],[12.75878,66.43329]],[[12.76222,66.43334],[12.76226,66.43253],[12.75983,66.42976],[12.75855,66.42961]],[[12.80602,66.43125],[12.80427,66.4308],[12.80574,66.43318],[12.80602,66.43125]],[[12.75829,66.43329],[12.75822,66.43327]],[[12.83104,66.43463],[12.82993,66.43468],[12.82973,66.43508],[12.83038,66.437],[12.83174,66.43568],[12.83104,66.43463]],[[12.75829,66.43329],[12.75878,66.43329]],[[12.76029,66.43331],[12.76127,66.43424],[12.76222,66.43334]],[[12.86692,66.45223],[12.86868,66.45286]],[[12.93415,66.44145],[12.93324,66.44138],[12.93318,66.44196],[12.93709,66.44374],[12.93696,66.44263],[12.93415,66.44145]],[[12.83156,66.44762],[12.82924,66.44585],[12.82683,66.44548],[12.82786,66.44619],[12.82759,66.44708],[12.82982,66.44767],[12.83156,66.44762]],[[12.65662,66.45065],[12.65357,66.4512],[12.65458,66.45211],[12.65711,66.45178],[12.65662,66.45065]],[[12.72839,66.47022],[12.72706,66.47009],[12.72721,66.47112],[12.72931,66.47249],[12.72839,66.47022]],[[12.85978,66.47376],[12.8585,66.47366],[12.85909,66.4744],[12.86269,66.47492],[12.86127,66.47387],[12.85978,66.47376]],[[12.86668,66.4763],[12.87081,66.47693],[12.87012,66.47637],[12.86675,66.47552]],[[12.86977,66.47972],[12.86648,66.47864]],[[12.56703,66.48483],[12.5665,66.48456],[12.56591,66.48477],[12.5639,66.48359],[12.56276,66.48358],[12.56349,66.4847],[12.56538,66.48564],[12.5671,66.48529],[12.56703,66.48483]],[[12.93333,66.4859],[12.93468,66.48626]],[[12.96245,66.49159],[12.96332,66.49116]],[[12.72283,66.48291],[12.72104,66.48298],[12.72329,66.4844],[12.72624,66.4853],[12.72283,66.48291]],[[12.34401,66.49091],[12.34159,66.49103],[12.34259,66.49217],[12.34445,66.49168],[12.34401,66.49091]],[[12.50822,66.49889],[12.50696,66.49854],[12.50599,66.49878],[12.50835,66.49985],[12.51049,66.49985],[12.50822,66.49889]],[[12.81659,66.51213],[12.81377,66.51155],[12.81263,66.51225],[12.8168,66.51295],[12.81737,66.51267],[12.81659,66.51213]],[[12.86271,66.5245],[12.86255,66.52446]],[[12.80968,66.52377],[12.80922,66.52554]],[[12.80051,66.52557],[12.79844,66.52587],[12.79937,66.52722],[12.8007,66.52697],[12.80129,66.52638],[12.80051,66.52557]],[[12.87311,66.54524],[12.87931,66.54443]],[[12.85642,66.55129],[12.85862,66.55129],[12.8603,66.55073]],[[12.84322,66.55302],[12.84356,66.5525]],[[12.86667,66.55429],[12.86589,66.5545],[12.86524,66.55418]],[[12.635,66.55299],[12.63477,66.55291]],[[12.81849,66.56688],[12.81659,66.56651],[12.81577,66.56679],[12.81762,66.56762],[12.82032,66.56777],[12.81849,66.56688]],[[12.82034,66.5688],[12.81716,66.56875]],[[12.83138,66.57398],[12.82742,66.57375],[12.82681,66.5741],[12.82804,66.57466],[12.83132,66.57469],[12.8327,66.57422],[12.83138,66.57398]],[[12.98595,66.58522],[12.98423,66.58497],[12.9838,66.58533],[12.98691,66.58679],[12.98766,66.58649],[12.98595,66.58522]],[[12.83326,66.60408],[12.83157,66.60422],[12.83155,66.60507],[12.83596,66.60496],[12.83503,66.60423],[12.83326,66.60408]],[[12.7902,66.59964],[12.7888,66.6002],[12.78945,66.60107],[12.79128,66.60142],[12.79089,66.60235],[12.79479,66.60251],[12.79321,66.60145],[12.79209,66.60131],[12.79286,66.60073],[12.7902,66.59964]],[[12.73029,66.60297],[12.72868,66.60294],[12.72809,66.60335],[12.72902,66.60424],[12.73123,66.60364],[12.73029,66.60297]],[[12.7384,66.60595],[12.73716,66.60564],[12.73517,66.6057],[12.7348,66.606],[12.73598,66.60653],[12.73799,66.60672],[12.73883,66.60622],[12.7384,66.60595]],[[12.99481,66.615],[12.99538,66.61511]],[[12.73397,66.62641],[12.73028,66.62621],[12.72744,66.62656],[12.73073,66.62693],[12.73397,66.62641]],[[12.76079,66.62648],[12.75824,66.62636],[12.75785,66.62722],[12.76024,66.62764],[12.76186,66.62686],[12.76079,66.62648]],[[12.93498,66.67685],[12.93046,66.67681],[12.93404,66.6775],[12.93746,66.67741],[12.93498,66.67685]],[[12.92802,66.67428],[12.92466,66.67352],[12.92282,66.67371],[12.92646,66.67462],[12.92843,66.67468],[12.92802,66.67428]],[[12.97509,66.67808],[12.97326,66.67799],[12.97284,66.67825],[12.97679,66.67995],[12.97509,66.67808]],[[12.73093,66.73373],[12.73101,66.73287]],[[12.33642,66.18188],[12.33648,66.18131]],[[12.47482,66.18265],[12.47572,66.18301],[12.47502,66.18319]],[[12.70536,66.4774],[12.70679,66.47852],[12.70911,66.47808],[12.70967,66.47746]],[[12.5606,66.12968],[12.56139,66.12924],[12.56133,66.1277],[12.56013,66.12717]],[[12.86633,66.48032],[12.86408,66.48035],[12.86628,66.48093]],[[12.78847,66.34396],[12.79182,66.34535],[12.79307,66.34529],[12.7934,66.34473],[12.79136,66.344]],[[12.90477,66.4802],[12.90898,66.48175],[12.9095,66.4814],[12.90876,66.48025]],[[12.69643,66.47726],[12.69696,66.47817],[12.69898,66.47918],[12.6998,66.47873],[12.69926,66.47731]],[[12.67602,66.16783],[12.67447,66.16851],[12.67556,66.16958],[12.67701,66.16868],[12.67602,66.16783]],[[12.99561,66.61601],[13.00222,66.6177]],[[12.24394,66.23341],[12.24211,66.23319],[12.24163,66.23389],[12.24511,66.23454],[12.24527,66.23398],[12.24394,66.23341]],[[12.3596,66.13426],[12.35161,66.132],[12.35034,66.1311],[12.34202,66.12861]],[[12.55671,66.16096],[12.54977,66.15941],[12.54453,66.15935],[12.54773,66.16081]],[[12.80449,66.29685],[12.80794,66.29838],[12.80906,66.29819],[12.80957,66.29708],[12.80816,66.29357]],[[12.54558,66.31486],[12.54321,66.3145],[12.54261,66.31482],[12.54325,66.31591],[12.54542,66.31641]],[[12.61619,66.16188],[12.6181,66.16102],[12.6213,66.1609],[12.6229,66.16016],[12.62239,66.15892],[12.61866,66.15709]],[[12.14176,66.01916],[12.14014,66.01868],[12.13989,66.01913]],[[12.89064,66.01989],[12.89265,66.01917],[12.89899,66.01817],[12.90495,66.01959]],[[12.65973,66.01174],[12.66428,66.01435]],[[12.64307,66.00221],[12.63015,65.99679]],[[12.69171,65.99998],[12.69352,66.00184],[12.69522,66.00228]],[[12.95131,66.0076],[12.95065,66.00593],[12.94913,66.00551],[12.94914,66.0038],[12.94809,66.00272],[12.9452,66.00072],[12.9401,65.99899]],[[12.65024,66.00505],[12.64307,66.00221]],[[12.30065,66.0005],[12.29751,65.99863]],[[12.28758,65.99853],[12.28928,66.0003]],[[12.92053,66.0103],[12.92364,66.01033],[12.92691,66.00854],[12.93129,66.00839],[12.93186,66.00775],[12.92819,66.00373],[12.92381,66.00282],[12.92059,66.00288],[12.91898,66.00336],[12.91687,66.00315],[12.91461,66.00161],[12.90659,65.99962]],[[12.25443,65.99913],[12.2575,66.00001],[12.25978,66.00019],[12.26,65.99935]],[[12.24518,65.99989],[12.24733,66.00009],[12.25098,65.99957]],[[12.13465,66.00235],[12.1328,66.00164],[12.13429,66.00557]],[[12.54174,65.9991],[12.54346,66.00018],[12.54702,66.00086],[12.55544,66.00393],[12.56009,66.00503],[12.57495,66.00994]],[[12.18793,66.00052],[12.18631,66.00012],[12.18574,66.00031],[12.18695,66.003],[12.19006,66.00352],[12.19028,66.00274],[12.18793,66.00052]],[[12.65973,66.01174],[12.66095,66.01119],[12.66098,66.01029],[12.65828,66.00855],[12.65024,66.00505]],[[12.01507,66.00419],[12.0112,66.00233],[12.00952,66.0008],[12.00664,66.00007],[12.00165,65.99989]],[[12.00165,65.99989],[12.00084,66.001],[12.00383,66.00184],[12.00484,66.00296],[12.00914,66.00372],[12.00999,66.00434],[12.01311,66.00516],[12.01626,66.00505],[12.01507,66.00419]],[[12.22778,65.99964],[12.22829,66.00007],[12.23223,65.99995]],[[12.92254,66.01131],[12.92053,66.0103]],[[12.14594,66.00227],[12.14464,66.00237],[12.14499,66.00323],[12.14641,66.0051],[12.14818,66.00559],[12.14908,66.00523],[12.14861,66.00369],[12.14594,66.00227]],[[12.34263,65.99859],[12.34743,66.00015],[12.34603,66.00061],[12.34587,66.00189],[12.34865,66.00326],[12.34751,66.00387],[12.34874,66.00485],[12.3496,66.00482],[12.34989,66.00394],[12.35229,66.00459],[12.35494,66.00463]],[[12.70211,66.00866],[12.70054,66.00848],[12.69866,66.00888],[12.70143,66.00991],[12.70847,66.01129],[12.70211,66.00866]],[[12.37407,66.0073],[12.37176,66.00679],[12.37067,66.007],[12.37461,66.00832],[12.37839,66.00867],[12.37407,66.0073]],[[12.28928,66.0003],[12.29174,66.00288],[12.30164,66.00501],[12.30369,66.00511],[12.30469,66.00456],[12.304,66.0024],[12.30065,66.0005]],[[12.24409,66.00275],[12.24036,66.00219],[12.24084,66.00393],[12.24274,66.0038],[12.24409,66.00275]],[[12.16489,65.99902],[12.16548,66.00086],[12.16775,66.00232],[12.17033,66.00283],[12.17129,66.00241],[12.17052,66.0013],[12.16633,65.99927]],[[12.95131,66.0076],[12.9508,66.00843],[12.95301,66.00946],[12.95115,66.01098],[12.9482,66.01212],[12.94245,66.01319],[12.94255,66.0141],[12.94448,66.01515]],[[12.29437,66.00455],[12.28174,66.00081],[12.27764,66.00057],[12.27672,65.99961]],[[12.26618,65.99962],[12.2711,66.00056],[12.268,66.00253],[12.27015,66.00326],[12.27324,66.00297],[12.27599,66.00335],[12.27637,66.00229],[12.27974,66.00342],[12.2849,66.00393],[12.28927,66.00523],[12.29481,66.0058],[12.29552,66.00522],[12.29437,66.00455]],[[12.15225,66.0036],[12.1512,66.00395],[12.15179,66.00547],[12.15715,66.00599],[12.15225,66.0036]],[[12.87487,66.03102],[12.87648,66.03057],[12.87437,66.03045]],[[12.45667,66.00771],[12.45478,66.00719],[12.45745,66.00906],[12.45817,66.00841],[12.45667,66.00771]],[[12.18409,66.00405],[12.18343,66.00316],[12.18476,66.00234],[12.18509,66.00127],[12.1838,66.00029],[12.18295,65.99736]],[[12.17905,65.99936],[12.18165,66.00205],[12.18042,66.00239],[12.18088,66.00354],[12.17597,65.99983]],[[12.17214,65.99938],[12.17342,66.00103],[12.1799,66.00427],[12.18115,66.00438],[12.18181,66.00376],[12.18376,66.00456],[12.18409,66.00405]],[[12.08268,66.00205],[12.08008,66.00181],[12.07964,66.00205],[12.08541,66.00415],[12.08773,66.00381],[12.08641,66.00284],[12.08268,66.00205]],[[12.00986,65.99972],[12.01552,66.00299],[12.01667,66.00207],[12.01098,65.9995]],[[12.28782,66.00673],[12.28592,66.00663],[12.28714,66.00833],[12.28801,66.00851],[12.28971,66.00752],[12.28782,66.00673]],[[12.93022,66.01882],[12.93002,66.01693],[12.92558,66.01477],[12.92713,66.01455],[12.93035,66.01493],[12.93087,66.0144],[12.92756,66.01333],[12.92462,66.0116],[12.92254,66.01131]],[[12.35441,66.00974],[12.35437,66.01013]],[[12.13429,66.00557],[12.13613,66.00619],[12.1358,66.003],[12.13465,66.00235]],[[12.28588,66.00794],[12.28217,66.00767],[12.28522,66.00939],[12.28657,66.00864],[12.28588,66.00794]],[[12.27705,66.0054],[12.27335,66.00462],[12.27103,66.0049],[12.26982,66.00393],[12.26734,66.0035],[12.26623,66.00381],[12.2673,66.00463],[12.27005,66.00515],[12.26927,66.00569],[12.27025,66.00797],[12.27673,66.00957],[12.27979,66.00951],[12.27964,66.00672],[12.27705,66.0054]],[[12.05163,66.00202],[12.05044,66.00206],[12.05068,66.00309],[12.05406,66.00512],[12.05624,66.00569],[12.05681,66.00463],[12.05163,66.00202]],[[12.0392,66.00483],[12.03746,66.00384],[12.03608,66.00397],[12.03368,66.00316],[12.03521,66.00474],[12.03746,66.00482],[12.039,66.00569],[12.04092,66.00585],[12.0406,66.00523],[12.0392,66.00483]],[[12.30158,65.99974],[12.3061,66.00058],[12.30629,66.00129],[12.30987,66.00229],[12.31396,66.00291],[12.31648,66.00433],[12.31541,66.00514],[12.31572,66.00564],[12.31828,66.00663],[12.32454,66.00742],[12.32834,66.00741],[12.32935,66.00676],[12.33192,66.00696],[12.33435,66.00748],[12.33487,66.00929],[12.33585,66.00968],[12.3376,66.00968],[12.33856,66.00926],[12.34168,66.01069],[12.34965,66.01161],[12.35422,66.01158]],[[12.91006,66.0315],[12.90701,66.0298]],[[12.47939,66.01404],[12.47969,66.01373],[12.47682,66.01226],[12.47379,66.01171],[12.4751,66.01307],[12.47272,66.01277],[12.47269,66.01354],[12.47939,66.01404]],[[12.43443,66.01147],[12.43272,66.01128],[12.43253,66.01235],[12.43584,66.01359],[12.43828,66.01334],[12.43774,66.01238],[12.43443,66.01147]],[[12.19544,66.01041],[12.19293,66.01034],[12.18926,66.00908],[12.19017,66.01056],[12.19381,66.0127],[12.19612,66.01293],[12.19743,66.01256],[12.19779,66.01155],[12.19544,66.01041]],[[12.48923,66.01719],[12.48794,66.01704],[12.48775,66.01761],[12.49037,66.01933],[12.49224,66.01964],[12.49146,66.01807],[12.48923,66.01719]],[[12.42569,66.01162],[12.42585,66.01107],[12.41801,66.00842],[12.41925,66.00812],[12.42467,66.00931],[12.42538,66.00876],[12.4241,66.00713],[12.4206,66.00472],[12.41747,66.00385],[12.41558,66.00376],[12.41236,66.00237],[12.40925,66.00169],[12.40786,66.00213],[12.40679,66.00194],[12.40364,65.99904]],[[12.39097,65.99892],[12.39214,66.00059],[12.39022,65.99989]],[[12.39022,65.99989],[12.38608,66.00022],[12.38625,66.00144],[12.38436,66.00212],[12.38653,66.00307],[12.38519,66.00356],[12.38867,66.0045],[12.39462,66.00694],[12.39656,66.00687],[12.39836,66.00566],[12.4044,66.00468],[12.40668,66.00458],[12.40808,66.00508],[12.41128,66.00735],[12.41398,66.00821],[12.41787,66.0104],[12.40326,66.00678],[12.40069,66.00664],[12.39943,66.00712],[12.40186,66.00791],[12.4045,66.00796],[12.40566,66.00954],[12.41128,66.01094],[12.41056,66.01116],[12.40749,66.0107],[12.40687,66.01114],[12.41536,66.01259],[12.41601,66.01313],[12.41429,66.01389],[12.41616,66.01405],[12.42051,66.01255],[12.42569,66.01162]],[[12.88965,66.02039],[12.89192,66.02149]],[[12.17728,66.00668],[12.17656,66.00684],[12.17717,66.00808],[12.17973,66.00881],[12.18187,66.01062],[12.18285,66.01003],[12.18088,66.00824],[12.17728,66.00668]],[[12.07448,66.00592],[12.07367,66.00566],[12.07192,66.00604],[12.07646,66.0087],[12.0771,66.00801],[12.07448,66.00592]],[[12.26436,66.01066],[12.26351,66.0101],[12.26132,66.01032],[12.25876,66.01115],[12.25899,66.01181],[12.26355,66.01244],[12.26723,66.01208],[12.26436,66.01066]],[[12.16651,66.00801],[12.16399,66.00732],[12.16444,66.00952],[12.16888,66.01075],[12.16651,66.00801]],[[12.69522,66.00228],[12.70476,66.00562],[12.71748,66.00935],[12.72294,66.01171],[12.73434,66.01421],[12.74428,66.01485],[12.7534,66.01646],[12.75521,66.01641],[12.75531,66.01577],[12.75625,66.0157],[12.76781,66.01801],[12.77428,66.01839],[12.78712,66.02052],[12.79452,66.02106]],[[12.39208,66.01437],[12.38998,66.01336],[12.38825,66.01319],[12.3884,66.01432],[12.39202,66.01497],[12.39305,66.0146],[12.39208,66.01437]],[[12.90495,66.01959],[12.90968,66.02143],[12.91161,66.02112],[12.91599,66.02322],[12.9198,66.02259],[12.92425,66.02293],[12.92726,66.02266],[12.92992,66.02153],[12.93063,66.02022],[12.93022,66.01882]],[[12.0678,66.00452],[12.06685,66.00455],[12.06636,66.00522],[12.06659,66.00649],[12.07324,66.00972],[12.07456,66.00993],[12.073,66.00873],[12.07281,66.00777],[12.06932,66.00652],[12.0678,66.00452]],[[12.44727,66.01567],[12.44484,66.0156],[12.44591,66.01688],[12.44746,66.01624],[12.44727,66.01567]],[[12.35441,66.00974],[12.35657,66.00954],[12.3574,66.01004],[12.36007,66.01012],[12.36141,66.01063],[12.36664,66.01048],[12.3677,66.01071],[12.3675,66.01141],[12.36946,66.01127],[12.37173,66.01178],[12.37141,66.01223],[12.36449,66.01197],[12.36461,66.01354],[12.36878,66.01466],[12.37906,66.01533],[12.38434,66.01609],[12.3877,66.01554],[12.3877,66.01501],[12.3855,66.01393],[12.38529,66.01242],[12.37293,66.00929],[12.37219,66.00952],[12.37309,66.01024],[12.37237,66.01053],[12.36349,66.00804],[12.36343,66.00908],[12.3627,66.00916],[12.35653,66.00481],[12.35494,66.00463]],[[12.66428,66.01435],[12.675,66.01848],[12.68421,66.02102]],[[12.2438,66.01272],[12.24232,66.01284],[12.24368,66.01377]],[[12.24368,66.01377],[12.24579,66.0142],[12.24922,66.01388],[12.24726,66.01172],[12.24551,66.0112],[12.24417,66.01142],[12.24464,66.01237],[12.2438,66.01272]],[[12.00166,66.05035],[11.99879,66.04965]],[[11.99915,66.05069],[12.00242,66.05158],[12.00287,66.05134],[12.00166,66.05035]],[[12.64092,66.02046],[12.65251,66.02263],[12.6537,66.02242],[12.64992,66.02096],[12.64983,66.02055],[12.65513,66.02192]],[[12.50431,66.02082],[12.50263,66.0207],[12.50127,66.0194],[12.49957,66.01883],[12.49669,66.01839],[12.49411,66.01844],[12.49478,66.01907],[12.49747,66.01968],[12.49827,66.02099],[12.50054,66.02223],[12.50543,66.02261],[12.50555,66.02179],[12.50431,66.02082]],[[12.2137,66.01288],[12.21982,66.01338],[12.22233,66.01322],[12.22637,66.0112],[12.22667,66.01025],[12.23062,66.00962],[12.23148,66.00865],[12.23459,66.00792],[12.23522,66.00663],[12.23942,66.00575],[12.2401,66.00464],[12.23802,66.00188],[12.23665,66.00121],[12.23232,66.00116],[12.23137,66.00163],[12.22864,66.00134],[12.22741,66.00065],[12.22271,66.00124],[12.22028,65.99908]],[[12.21812,65.99932],[12.2177,66.00002],[12.21557,65.9998]],[[12.21557,65.9998],[12.21607,66.00075],[12.21536,66.00092],[12.21091,65.99773]],[[12.20837,65.9984],[12.20971,66.00187],[12.20867,66.0022],[12.20495,66.00117],[12.20427,66.00187],[12.20874,66.00485],[12.20604,66.00499],[12.20424,66.00315],[12.20311,66.00286],[12.20197,66.00321],[12.19931,66.00259],[12.19868,66.00296],[12.20015,66.00329],[12.20039,66.00405],[12.19964,66.00451],[12.19685,66.00361],[12.19522,66.00376],[12.19486,66.0048],[12.19344,66.00422],[12.1929,66.00456],[12.19587,66.00668],[12.1946,66.00689],[12.19437,66.00781],[12.19994,66.01189],[12.20348,66.01292],[12.20581,66.01253],[12.20878,66.01428],[12.21142,66.01414],[12.2137,66.01288]],[[12.46653,66.0191],[12.466,66.01809],[12.46457,66.01804],[12.46382,66.01846]],[[12.47883,66.01522],[12.47524,66.01469],[12.47454,66.01492],[12.47931,66.01692],[12.48055,66.01814],[12.48501,66.02027],[12.48559,66.01856],[12.48472,66.0176],[12.47883,66.01522]],[[12.89192,66.02149],[12.89559,66.02398],[12.90434,66.02701]],[[12.65513,66.02192],[12.66274,66.02357]],[[12.42233,66.01825],[12.42139,66.01803],[12.41929,66.01828],[12.41917,66.01906],[12.42215,66.02031],[12.42287,66.01996],[12.42187,66.01937],[12.42269,66.0191],[12.42233,66.01825]],[[12.27757,66.01546],[12.27561,66.01361],[12.27254,66.01298],[12.26753,66.01348],[12.26224,66.01482],[12.26399,66.01611],[12.27188,66.01786],[12.27589,66.01778],[12.27567,66.01722],[12.27757,66.01546]],[[12.40885,66.01805],[12.40674,66.01779],[12.40547,66.01711],[12.40636,66.01648],[12.40434,66.0156],[12.39905,66.01458],[12.39706,66.01501],[12.39695,66.01549],[12.40227,66.01678],[12.40308,66.01743],[12.40219,66.018],[12.40259,66.01899],[12.41077,66.02047],[12.41747,66.0208],[12.41581,66.01984],[12.40933,66.01848],[12.40885,66.01805]],[[12.57495,66.00994],[12.59429,66.01522],[12.59973,66.01865],[12.60248,66.01963],[12.60513,66.01963],[12.60627,66.0191],[12.60866,66.019],[12.61337,66.01967],[12.61561,66.02031],[12.61671,66.02113],[12.62141,66.02164],[12.62403,66.02089],[12.6355,66.02319],[12.64114,66.02486],[12.64273,66.0247],[12.64404,66.02291],[12.63629,66.02014],[12.63302,66.01807],[12.63394,66.01808],[12.63779,66.0198],[12.64092,66.02046]],[[12.68388,66.02465],[12.68033,66.02459],[12.68377,66.02585]],[[12.16192,66.01547],[12.16308,66.01461],[12.16522,66.01564],[12.1661,66.01554],[12.16714,66.01446],[12.1689,66.01511],[12.17028,66.01502],[12.17018,66.01414],[12.16816,66.01328],[12.17036,66.01254],[12.16303,66.01036],[12.15773,66.00667],[12.15608,66.00658],[12.15145,66.00794],[12.14973,66.00786],[12.14854,66.0071],[12.14634,66.00664],[12.14199,66.00192],[12.1406,66.0019],[12.13842,66.00059],[12.13876,66.00182],[12.14089,66.00299],[12.14035,66.00364],[12.14379,66.00717],[12.14365,66.00815],[12.142,66.00832],[12.14059,66.00702],[12.13978,66.00694],[12.13819,66.00763],[12.13979,66.00921],[12.13779,66.00886],[12.13676,66.00928],[12.13734,66.01038],[12.13935,66.01136],[12.14008,66.01305],[12.14544,66.01525],[12.14913,66.01509],[12.15583,66.01737],[12.15782,66.01728],[12.16192,66.01547]],[[12.28257,66.01693],[12.28115,66.0169],[12.28007,66.0176],[12.2806,66.01814],[12.2774,66.01827],[12.27639,66.01878],[12.28195,66.01986],[12.28309,66.01736],[12.28257,66.01693]],[[12.66274,66.02357],[12.66827,66.02498],[12.67653,66.02639]],[[12.90701,66.0298],[12.90559,66.02902],[12.90434,66.02701]],[[12.68388,66.02465],[12.69174,66.0262],[12.69201,66.02592],[12.68956,66.02533],[12.69088,66.02513],[12.69483,66.02654],[12.7018,66.02779],[12.70329,66.02768],[12.69936,66.02633],[12.70058,66.02566],[12.69491,66.02428],[12.6891,66.02316],[12.68894,66.0239],[12.68728,66.02392],[12.68541,66.02213],[12.68645,66.02161],[12.68421,66.02102]],[[12.87437,66.03045],[12.85844,66.02855],[12.84537,66.0257],[12.82056,66.02387],[12.81583,66.02252],[12.81117,66.02195],[12.80739,66.02077],[12.80056,66.02064],[12.80058,66.0215],[12.79452,66.02106]],[[12.57087,66.05279],[12.57422,66.05236],[12.57496,66.05046],[12.58336,66.04952],[12.58505,66.04827],[12.57171,66.0439]],[[12.47721,66.01779],[12.47467,66.01728],[12.47357,66.01746],[12.47166,66.01668],[12.46968,66.01662],[12.4698,66.01708],[12.47391,66.01853],[12.47597,66.02066],[12.48205,66.02285],[12.48273,66.02365],[12.48738,66.02462],[12.48991,66.02462],[12.48926,66.02358],[12.4831,66.02172],[12.48233,66.02049],[12.47918,66.01935],[12.47721,66.01779]],[[12.47058,66.02459],[12.47321,66.0241],[12.47174,66.02254],[12.47506,66.02147],[12.47223,66.02028],[12.46708,66.01971],[12.46653,66.0191]],[[12.28997,66.02184],[12.29034,66.02124],[12.28568,66.01861],[12.28361,66.02023],[12.28686,66.02103],[12.28673,66.02132],[12.28404,66.02107],[12.28272,66.02141],[12.28189,66.02084],[12.2796,66.02067],[12.27877,66.02023],[12.27679,66.02047],[12.27259,66.01976],[12.27034,66.02075],[12.27143,66.02151]],[[12.35321,66.0213],[12.34934,66.02016],[12.33746,66.01773],[12.33214,66.01753],[12.32985,66.01784],[12.32665,66.01893],[12.32631,66.01867],[12.32872,66.01724],[12.3271,66.01637],[12.32531,66.01635],[12.32254,66.01527],[12.31717,66.01494],[12.30777,66.0136],[12.30651,66.01496],[12.30342,66.01484],[12.30292,66.0151],[12.30592,66.01598],[12.3064,66.01674],[12.30312,66.01666],[12.29921,66.01761],[12.29871,66.0206],[12.30011,66.02202]],[[12.36089,66.02307],[12.35321,66.0213]],[[12.46014,66.02474],[12.46157,66.02424],[12.46167,66.02371],[12.45957,66.02099],[12.45524,66.02039],[12.45426,66.01903],[12.45593,66.01895],[12.45714,66.01821],[12.45848,66.01911],[12.46126,66.01896],[12.45989,66.01793],[12.46098,66.01739],[12.46184,66.01764],[12.46245,66.01898],[12.46382,66.01846]],[[12.50391,66.02546],[12.50206,66.02453],[12.50086,66.02487],[12.49956,66.02434],[12.49733,66.02195],[12.49398,66.02028],[12.48903,66.02011],[12.49102,66.02132],[12.49071,66.02242],[12.48936,66.02235],[12.48816,66.0212],[12.48678,66.02143],[12.48702,66.02188],[12.48854,66.02278],[12.49166,66.02284],[12.49336,66.02331],[12.49268,66.02382],[12.49391,66.02529]],[[12.53821,66.02601],[12.53489,66.0247],[12.52946,66.02428],[12.52814,66.02456],[12.53108,66.025],[12.53094,66.02533],[12.52683,66.02524],[12.52401,66.02431],[12.5222,66.02433],[12.52009,66.02476],[12.51979,66.02455],[12.52032,66.02572]],[[12.57062,66.05535],[12.57059,66.05567]],[[12.94671,66.03199],[12.94575,66.03088],[12.9442,66.03077],[12.94296,66.02998],[12.94113,66.02735],[12.94165,66.02643],[12.93792,66.02162],[12.93848,66.02078],[12.94439,66.0206],[12.9483,66.01931],[12.94858,66.01836],[12.94448,66.01515]],[[12.46014,66.02474],[12.46313,66.02539]],[[12.25571,66.02123],[12.25369,66.02024],[12.24776,66.01859],[12.24734,66.01765],[12.24448,66.01722],[12.24804,66.01552],[12.24995,66.01588],[12.25535,66.01911],[12.25581,66.01871],[12.25312,66.01722],[12.25286,66.01627],[12.25484,66.01621],[12.25418,66.01551],[12.25526,66.01486],[12.25835,66.01526],[12.25962,66.01622],[12.25941,66.01815],[12.26041,66.01898],[12.26474,66.02031],[12.2648,66.0214]],[[12.87487,66.03102],[12.879,66.03181],[12.88326,66.03197]],[[12.46313,66.02539],[12.46584,66.02579],[12.46986,66.0249]],[[12.49391,66.02529],[12.49582,66.02599],[12.5038,66.02732],[12.505,66.02679],[12.50391,66.02546]],[[12.24859,66.02139],[12.24739,66.02141],[12.24739,66.02197],[12.24886,66.0228],[12.25091,66.02309],[12.25158,66.02228],[12.24859,66.02139]],[[12.13989,66.01913],[12.14217,66.02102],[12.14443,66.02164],[12.1437,66.01994],[12.14176,66.01916]],[[12.36801,66.02651],[12.36647,66.02639],[12.36773,66.02526],[12.36654,66.02413],[12.36521,66.024],[12.36321,66.02443]],[[12.24917,66.02316],[12.24689,66.02305],[12.24651,66.02413],[12.25093,66.02481],[12.2508,66.0237],[12.24917,66.02316]],[[12.88326,66.03197],[12.8879,66.03329],[12.88596,66.03484],[12.89002,66.03531],[12.90361,66.03585]],[[12.94671,66.03199],[12.94722,66.03316],[12.95296,66.03641],[12.95292,66.03714]],[[12.92179,66.03699],[12.91874,66.03524],[12.91823,66.03428],[12.91006,66.0315]],[[12.52032,66.02572],[12.52312,66.02713],[12.52076,66.02722],[12.51558,66.02578],[12.51574,66.02743],[12.51705,66.02898],[12.51938,66.02961],[12.53873,66.03179],[12.54272,66.03018],[12.54383,66.029],[12.53821,66.02601]],[[12.25571,66.02123],[12.25515,66.02163],[12.25731,66.02272],[12.25291,66.02262],[12.25175,66.02337],[12.25425,66.02434],[12.2531,66.02492],[12.25339,66.02528],[12.25673,66.02613],[12.2571,66.02667],[12.25987,66.02656],[12.26478,66.02758],[12.26451,66.02702],[12.26106,66.02611],[12.26134,66.02386],[12.25879,66.02271],[12.25853,66.02205],[12.25904,66.02175],[12.2621,66.02206],[12.2648,66.0214]],[[12.20997,66.02647],[12.20583,66.02529],[12.20645,66.02651],[12.2091,66.02703],[12.20997,66.02647]],[[12.49847,66.03177],[12.49537,66.03192],[12.49456,66.03245],[12.49733,66.03263],[12.49868,66.03233],[12.49847,66.03177]],[[12.24209,66.0285],[12.24378,66.02774],[12.24343,66.02725],[12.24224,66.02714]],[[12.95177,66.03769],[12.94596,66.03797],[12.94724,66.03997]],[[12.25656,66.0282],[12.25514,66.02738],[12.25264,66.02765],[12.24928,66.0274],[12.24984,66.02818],[12.25227,66.02825],[12.25364,66.029],[12.25614,66.02939],[12.25656,66.0282]],[[12.90361,66.03585],[12.9065,66.03641],[12.90836,66.03826],[12.91553,66.03994]],[[12.68281,66.03646],[12.68173,66.03676],[12.67843,66.03572]],[[12.50936,66.03282],[12.50679,66.03269],[12.50664,66.03386],[12.51154,66.034],[12.51148,66.03356],[12.50936,66.03282]],[[12.91553,66.03994],[12.92336,66.04086],[12.9218,66.03899],[12.92179,66.03699]],[[12.24244,66.02532],[12.24126,66.02491],[12.24204,66.02416],[12.24172,66.02304],[12.23991,66.02188],[12.23707,66.02113],[12.23205,66.02107],[12.2305,66.02196],[12.23505,66.02451],[12.2314,66.02392],[12.23085,66.0245],[12.22923,66.02487],[12.22935,66.02541],[12.22619,66.02483],[12.22453,66.02566],[12.21962,66.02456],[12.21836,66.02634],[12.22055,66.02732],[12.22787,66.02872],[12.22816,66.02922],[12.22546,66.02887],[12.22455,66.02912],[12.2298,66.03044],[12.23057,66.0302],[12.23024,66.02941],[12.23473,66.02963],[12.24224,66.02714]],[[12.24209,66.0285],[12.23792,66.02971],[12.24183,66.03087]],[[12.24183,66.03087],[12.24508,66.03129],[12.24732,66.0311],[12.24872,66.02978],[12.24768,66.02868],[12.24491,66.0284],[12.24458,66.02614],[12.24396,66.02546],[12.24244,66.02532]],[[12.21622,66.02953],[12.21364,66.02948],[12.21296,66.03008],[12.21649,66.03122],[12.21785,66.03078],[12.21622,66.02953]],[[12.36801,66.02651],[12.36958,66.02642],[12.3703,66.02568],[12.37187,66.02546],[12.39132,66.02857],[12.39192,66.02786],[12.38986,66.02729],[12.38913,66.02628],[12.40031,66.02684],[12.41483,66.02937],[12.4168,66.02997],[12.41728,66.03088],[12.41836,66.03123],[12.42715,66.03215],[12.432,66.03318],[12.43943,66.03638]],[[12.30011,66.02202],[12.3023,66.02374],[12.30683,66.0254],[12.30629,66.02566],[12.30324,66.0253],[12.29977,66.02365],[12.29949,66.02271],[12.29837,66.02254],[12.29713,66.02411],[12.29934,66.02759],[12.30326,66.02617],[12.30399,66.02824],[12.30755,66.02932],[12.31227,66.02996],[12.31519,66.02966],[12.31847,66.03102],[12.32632,66.03099],[12.3289,66.03218],[12.32893,66.03386],[12.32797,66.03484],[12.32855,66.03522]],[[12.52634,66.03368],[12.52037,66.03319],[12.51855,66.03356],[12.5171,66.03445],[12.51307,66.03429],[12.51705,66.03603],[12.51675,66.03633],[12.51504,66.03616],[12.51495,66.03678],[12.51922,66.03815],[12.51974,66.03861],[12.5189,66.03888]],[[12.67843,66.03572],[12.67359,66.03467],[12.67394,66.03404],[12.67121,66.03327],[12.66545,66.03282],[12.65993,66.03154],[12.65821,66.03166],[12.65927,66.03248],[12.66725,66.03356],[12.66568,66.03409],[12.6625,66.03322],[12.65951,66.03313],[12.66034,66.03429],[12.66251,66.03532],[12.66791,66.0368],[12.66787,66.03717],[12.66607,66.03715],[12.66672,66.03783],[12.67692,66.04069],[12.68234,66.04164]],[[12.72155,66.04231],[12.72146,66.04172],[12.71929,66.04128],[12.71809,66.04112],[12.71689,66.04144],[12.71044,66.04007],[12.70797,66.04047],[12.704,66.04004],[12.69598,66.03874],[12.68888,66.03694],[12.68281,66.03646]],[[12.43943,66.03638],[12.44242,66.03675],[12.44385,66.03645],[12.44431,66.03588],[12.45198,66.03695],[12.45432,66.03802],[12.45795,66.03744],[12.46184,66.03834]],[[12.32855,66.03522],[12.32284,66.0352],[12.31876,66.03652],[12.31643,66.03662]],[[12.46994,66.03968],[12.46501,66.03929],[12.46184,66.03834]],[[12.57171,66.0439],[12.56935,66.04321],[12.56495,66.04057],[12.55683,66.03841],[12.55621,66.0361],[12.55692,66.03545],[12.5529,66.03398],[12.54148,66.03345],[12.54458,66.03432],[12.54439,66.0347],[12.53192,66.03357],[12.52634,66.03368]],[[12.91375,66.0557],[12.92374,66.05665],[12.92931,66.05815],[12.93281,66.05865],[12.93861,66.0607],[12.94506,66.06094],[12.94815,66.06173]],[[12.27143,66.02151],[12.27459,66.02444],[12.28618,66.02752],[12.2879,66.02737],[12.28863,66.02833],[12.28664,66.02895],[12.28553,66.02814],[12.27934,66.02703],[12.27853,66.02731],[12.27933,66.02953],[12.27842,66.02983],[12.27412,66.02714],[12.26933,66.0271],[12.26936,66.02796],[12.27283,66.02857],[12.27353,66.02971],[12.27298,66.02993],[12.27004,66.02943],[12.26722,66.03026],[12.26995,66.03295],[12.26834,66.03347],[12.27137,66.03519],[12.27138,66.03581],[12.26983,66.03577],[12.26641,66.03472],[12.26492,66.03492],[12.26603,66.03584],[12.26826,66.03653],[12.27317,66.03692],[12.2717,66.0374],[12.26953,66.03712],[12.26908,66.03736],[12.27194,66.03815],[12.27376,66.03935],[12.27649,66.04],[12.2784,66.04004],[12.28176,66.03823],[12.28252,66.03833],[12.28236,66.03915],[12.28357,66.04001],[12.28534,66.03981],[12.29069,66.04089],[12.29282,66.0403],[12.29939,66.03985],[12.30437,66.04061],[12.30549,66.04008],[12.30597,66.03844],[12.30263,66.03317],[12.29818,66.03099],[12.2933,66.02394],[12.29223,66.02329],[12.29042,66.02323],[12.291,66.02216],[12.28997,66.02184]],[[12.27061,66.03971],[12.26866,66.03934],[12.26511,66.03941],[12.2693,66.04062],[12.27102,66.04032],[12.27061,66.03971]],[[12.26069,66.03881],[12.25844,66.03893],[12.26054,66.04008],[12.26455,66.04053],[12.26069,66.03881]],[[12.25554,66.03855],[12.24729,66.03751],[12.24394,66.03777],[12.25032,66.03969],[12.25945,66.04107],[12.2592,66.04039],[12.25669,66.03942],[12.25682,66.03869],[12.25554,66.03855]],[[12.28156,66.04144],[12.27674,66.04061],[12.27586,66.04081],[12.27962,66.04195],[12.28168,66.04192],[12.28156,66.04144]],[[12.72155,66.04231],[12.72704,66.04306],[12.72929,66.04291],[12.73292,66.04382],[12.73854,66.04434],[12.74301,66.04568],[12.76255,66.04773],[12.76894,66.04866],[12.77247,66.04996],[12.77431,66.04999]],[[12.68186,66.04692],[12.66865,66.04448],[12.66043,66.04341],[12.65746,66.04337],[12.66987,66.04568],[12.67027,66.04664],[12.67384,66.04739],[12.67702,66.04872],[12.68021,66.04857],[12.68168,66.04883]],[[12.77431,66.04999],[12.7765,66.05002],[12.77741,66.04968],[12.78455,66.05059]],[[12.6966,66.04931],[12.6947,66.04852],[12.69096,66.04787],[12.68186,66.04692]],[[12.31643,66.03662],[12.31443,66.0361],[12.31149,66.03636],[12.30983,66.03701],[12.30969,66.03869],[12.31333,66.03991],[12.31735,66.0402],[12.32354,66.04145],[12.32579,66.0429],[12.32872,66.04367],[12.33147,66.04381],[12.33509,66.04255],[12.3355,66.0435],[12.33652,66.04389],[12.34036,66.043],[12.34257,66.04412],[12.34426,66.04418],[12.34476,66.04391],[12.34388,66.04331],[12.34483,66.04277],[12.35082,66.04427]],[[12.78455,66.05059],[12.79188,66.05155]],[[11.9994,66.0356],[12.00217,66.03661],[12.0033,66.03759],[12.00627,66.03832],[12.00616,66.03679],[11.99781,66.03309]],[[12.02017,66.03837],[12.01948,66.03873],[12.02008,66.03918]],[[12.68168,66.04883],[12.68924,66.05086],[12.69346,66.05063]],[[12.46994,66.03968],[12.4709,66.03948],[12.47801,66.04204],[12.48249,66.04269],[12.4871,66.04475],[12.49069,66.04589],[12.49325,66.04614],[12.49848,66.0483]],[[12.57056,66.05599],[12.56777,66.05573],[12.57051,66.0565]],[[12.83659,66.05307],[12.84054,66.05241],[12.84957,66.05359],[12.85175,66.05348],[12.85295,66.05282],[12.8536,66.05111],[12.85838,66.04961],[12.87183,66.05065],[12.88734,66.05061],[12.90226,66.05224]],[[12.79188,66.05155],[12.79465,66.05211],[12.80075,66.05252],[12.80606,66.05219],[12.80739,66.05283],[12.81096,66.0532]],[[12.90226,66.05224],[12.90559,66.05218],[12.91181,66.05514]],[[12.91375,66.0557],[12.91181,66.05514]],[[12.2946,66.04227],[12.29294,66.04205],[12.29247,66.04231],[12.29386,66.04324],[12.29786,66.04383],[12.29946,66.04621],[12.30176,66.0462],[12.3022,66.04563],[12.2998,66.04395],[12.30216,66.0429],[12.2946,66.04227]],[[12.02008,66.03918],[12.02319,66.04102],[12.02546,66.04124],[12.02275,66.03906],[12.02017,66.03837]],[[12.04356,66.03968],[12.04069,66.03912],[12.03926,66.04017],[12.04308,66.0422],[12.04544,66.04256],[12.04527,66.04074],[12.04356,66.03968]],[[12.50988,66.05144],[12.50958,66.05087],[12.50698,66.05009],[12.49848,66.0483]],[[12.5189,66.03888],[12.51553,66.03852],[12.51356,66.03941],[12.51474,66.04077],[12.51845,66.04271],[12.51644,66.04235],[12.51367,66.04249],[12.51145,66.04185],[12.50938,66.04193],[12.50953,66.04262],[12.51731,66.04395],[12.5223,66.04609],[12.52572,66.04642],[12.531,66.04795],[12.53418,66.04736],[12.53696,66.04786],[12.54058,66.04787],[12.54113,66.04705],[12.54257,66.04677],[12.54921,66.04807],[12.55413,66.0496],[12.5599,66.05018],[12.56649,66.05221],[12.57087,66.05279]],[[12.01885,66.04973],[12.01699,66.05083],[12.0186,66.05183]],[[12.68971,66.163],[12.68949,66.16187],[12.69194,66.15963],[12.69701,66.1591],[12.70243,66.15979]],[[12.94724,66.03997],[12.94642,66.04094],[12.94887,66.04534],[12.94697,66.04699],[12.94836,66.04773],[12.95836,66.04842],[12.96006,66.04918],[12.96102,66.0505],[12.96885,66.05269],[12.97035,66.05408],[12.96985,66.0547],[12.97156,66.05537],[12.9809,66.05709],[12.98345,66.05704],[12.9917,66.06042],[12.99405,66.06075],[13.00373,66.06087]],[[12.68234,66.04164],[12.69345,66.04412],[12.71068,66.04657],[12.72633,66.05041],[12.74517,66.05299],[12.74665,66.05363],[12.74999,66.0542],[12.76392,66.05583],[12.76527,66.05661],[12.76824,66.05631],[12.77989,66.05846],[12.78255,66.05942],[12.79111,66.06049]],[[12.95545,66.06355],[12.95619,66.06203],[12.9552,66.06162],[12.95069,66.06084],[12.95024,66.06165],[12.94815,66.06173]],[[12.6966,66.04931],[12.70993,66.05166],[12.71675,66.05375],[12.72395,66.05397],[12.73802,66.05681],[12.75884,66.05821],[12.79092,66.06263]],[[11.99766,66.04846],[12.00257,66.04985],[12.00246,66.04835],[11.99633,66.04604]],[[12.68057,66.06108],[12.68349,66.06084],[12.68406,66.06028],[12.69059,66.06062],[12.69147,66.05999],[12.70471,66.06087],[12.70678,66.06068],[12.71356,66.06106],[12.71729,66.06066],[12.73248,66.06255],[12.74571,66.06281],[12.75007,66.06323],[12.75298,66.06305],[12.7534,66.06196],[12.73721,66.05986],[12.73234,66.05955],[12.72418,66.05785],[12.72392,66.05735],[12.72559,66.05678],[12.72275,66.05602],[12.72057,66.05489],[12.71571,66.05397],[12.71054,66.05373],[12.70129,66.05185],[12.69712,66.0516],[12.69512,66.05073],[12.69346,66.05063]],[[12.17717,66.05407],[12.17543,66.05271],[12.18149,66.05395],[12.18124,66.05213],[12.17452,66.05069],[12.17362,66.05187],[12.17423,66.0521],[12.17005,66.05209],[12.16983,66.05096],[12.16579,66.0494],[12.16539,66.05065],[12.16614,66.0516],[12.16958,66.05336],[12.17518,66.05433],[12.17717,66.05407]],[[12.68057,66.06108],[12.67956,66.0611],[12.67723,66.0623],[12.67562,66.06236],[12.67734,66.06353]],[[12.23918,66.05537],[12.23567,66.05436],[12.23163,66.05429],[12.22909,66.05333],[12.22358,66.05288],[12.22365,66.05368],[12.22597,66.05436],[12.23353,66.05598],[12.23686,66.05625],[12.23901,66.05693]],[[12.01921,66.04658],[12.01754,66.04591],[12.0164,66.04594],[12.01162,66.04369],[12.01129,66.04441],[12.01337,66.04602],[12.01262,66.04617],[12.01005,66.04508],[12.00379,66.03963],[12.00249,66.03964],[12.00053,66.03843],[11.99919,66.03875]],[[11.99912,66.04393],[12.00031,66.0454],[12.00263,66.04601],[12.00979,66.04946],[12.01237,66.05002],[12.01626,66.05187],[12.01855,66.05226]],[[12.04496,66.04914],[12.04332,66.04921],[12.04274,66.0498],[12.04334,66.05157],[12.04757,66.05377],[12.04883,66.05146],[12.04496,66.04914]],[[12.95545,66.06355],[12.95785,66.06506],[12.96455,66.06621],[12.97136,66.06679],[12.97956,66.06696],[12.98735,66.06849],[12.98788,66.06871],[12.98727,66.06896]],[[12.38043,66.06034],[12.38269,66.05999],[12.38447,66.05891],[12.38461,66.05693],[12.38175,66.05635],[12.37371,66.05614],[12.36935,66.05492],[12.3663,66.0536],[12.36334,66.04848],[12.36133,66.04681],[12.35936,66.04625],[12.35586,66.04599],[12.35082,66.04427]],[[12.98727,66.06896],[12.98644,66.06922],[12.98757,66.06952]],[[12.19862,66.05619],[12.19481,66.05382],[12.18683,66.05297],[12.18534,66.05253],[12.18522,66.05203],[12.18331,66.05265],[12.18326,66.05359],[12.1874,66.05389],[12.18856,66.05362],[12.19145,66.05513],[12.184,66.05455],[12.18421,66.05521],[12.18916,66.05567],[12.19144,66.05541],[12.19331,66.05632],[12.19787,66.05726],[12.1988,66.05714],[12.19862,66.05619]],[[12.79111,66.06049],[12.79618,66.06098],[12.79821,66.06145],[12.79852,66.06202],[12.80891,66.06402],[12.82061,66.06477],[12.82437,66.06564],[12.82893,66.06569],[12.83025,66.06763],[12.83112,66.06786],[12.83257,66.06742],[12.83337,66.06617],[12.83562,66.06598]],[[12.04114,66.05137],[12.03971,66.05058],[12.03832,66.05074],[12.03833,66.04987],[12.03752,66.04952],[12.03853,66.04842],[12.03835,66.04652],[12.03401,66.0445],[12.03118,66.04387],[12.03062,66.04462],[12.03129,66.04655],[12.03298,66.04806],[12.03464,66.04872],[12.03323,66.04909],[12.03378,66.05],[12.03606,66.05116],[12.03839,66.05139],[12.03908,66.05313],[12.0428,66.05524],[12.04107,66.05287],[12.04114,66.05137]],[[12.79092,66.06263],[12.80136,66.0643],[12.8042,66.06537],[12.81786,66.06694],[12.82211,66.06698],[12.83362,66.06863],[12.83446,66.06847],[12.8347,66.06747]],[[12.27431,66.0599],[12.2719,66.05873],[12.26859,66.05831],[12.26609,66.05719],[12.26042,66.05642],[12.25393,66.05494],[12.25311,66.05512],[12.25298,66.05588],[12.25512,66.05696],[12.26196,66.05719],[12.26274,66.0582],[12.26559,66.05977],[12.27333,66.0603],[12.27431,66.0599]],[[12.23901,66.05693],[12.24391,66.05803],[12.25008,66.06023],[12.25323,66.06053],[12.25353,66.05857],[12.25075,66.05733],[12.24723,66.05653],[12.24496,66.05668],[12.24069,66.05608],[12.23918,66.05537]],[[12.20865,66.0577],[12.20458,66.05736],[12.20406,66.0577],[12.20824,66.06017],[12.21302,66.0606],[12.21392,66.05978],[12.20865,66.0577]],[[12.98757,66.06952],[12.99816,66.07174],[13.00729,66.07231]],[[12.01885,66.04973],[12.0218,66.05136],[12.02091,66.05172],[12.02085,66.0525],[12.01891,66.05266],[12.0269,66.05756],[12.03166,66.0581],[12.03542,66.05716],[12.03591,66.05646],[12.03874,66.0574],[12.03937,66.05821],[12.04114,66.05852],[12.04136,66.05641],[12.03717,66.05469],[12.03755,66.05416],[12.03416,66.05141],[12.0318,66.05035],[12.02886,66.0497],[12.02678,66.05027],[12.02589,66.04934],[12.02618,66.04834],[12.02224,66.04617],[12.02162,66.04669],[12.0239,66.0494],[12.02124,66.04903],[12.02141,66.04783],[12.01921,66.04658]],[[12.01762,66.06022],[12.01599,66.06008],[12.01748,66.06135]],[[12.33265,66.07213],[12.33157,66.07189],[12.32995,66.07233],[12.33053,66.07293],[12.33348,66.07409],[12.33529,66.07422],[12.33265,66.07213]],[[12.19371,66.06092],[12.19775,66.06172],[12.19891,66.06063],[12.1931,66.05919],[12.19234,66.05815],[12.19104,66.05804],[12.18992,66.05743],[12.17873,66.05545],[12.17796,66.05567],[12.17068,66.05512],[12.17119,66.05568],[12.1735,66.05631],[12.17788,66.0567],[12.1814,66.05755],[12.18625,66.05743],[12.19226,66.05927],[12.19228,66.05989],[12.19391,66.06071],[12.18871,66.06051],[12.1884,66.06081],[12.19314,66.06168],[12.19371,66.06092]],[[12.51205,66.05246],[12.51697,66.05248],[12.51921,66.05214],[12.52172,66.0527],[12.52367,66.05265],[12.52749,66.05409],[12.5306,66.05458],[12.53307,66.05549],[12.53428,66.05642],[12.53395,66.05732],[12.53688,66.05819],[12.54059,66.05892],[12.54401,66.05818],[12.54682,66.05956],[12.55012,66.06004],[12.55153,66.05983],[12.5515,66.05926],[12.55248,66.05922],[12.55328,66.05962],[12.55286,66.06014],[12.55961,66.06306],[12.55895,66.06386],[12.56026,66.06526],[12.56737,66.06728],[12.56939,66.06823]],[[12.01817,66.05545],[12.01288,66.0531],[12.00952,66.05257],[12.01026,66.05158],[12.00611,66.0498],[12.00388,66.04985],[12.00356,66.0504],[12.00826,66.0536],[12.01545,66.05754],[12.01722,66.05789],[12.0178,66.05863]],[[12.67798,66.07056],[12.67966,66.07101]],[[12.21862,66.06175],[12.22097,66.06164],[12.2196,66.06097],[12.21765,66.06081],[12.21867,66.05954],[12.21697,66.05883],[12.21338,66.05825],[12.21635,66.06044],[12.21442,66.06063],[12.21491,66.06159],[12.2229,66.06369],[12.21862,66.06175]],[[12.01762,66.06022],[12.01884,66.05925],[12.0178,66.05863]],[[12.01659,66.06169],[12.01452,66.06011],[12.01245,66.05946],[12.01374,66.06163]],[[12.01827,66.06172],[12.01748,66.06135]],[[12.02855,66.06192],[12.02721,66.06042],[12.02579,66.05989],[12.02635,66.05911],[12.02083,66.05699],[12.01817,66.05545]],[[12.39626,66.06856],[12.38495,66.065],[12.38029,66.06444],[12.37174,66.06159],[12.37297,66.06121],[12.37601,66.06152],[12.38043,66.06034]],[[12.5767,66.0715],[12.57371,66.06898],[12.56939,66.06823]],[[12.68416,66.07315],[12.68305,66.07222],[12.67966,66.07101]],[[12.01827,66.06172],[12.01924,66.0621],[12.02023,66.06176]],[[12.01719,66.06386],[12.01874,66.06413],[12.02006,66.06372],[12.01896,66.06259],[12.01741,66.06201]],[[12.2318,66.06724],[12.23074,66.06706],[12.2295,66.06804],[12.23117,66.0685],[12.23436,66.06866],[12.23369,66.06787],[12.2318,66.06724]],[[12.21532,66.06703],[12.21393,66.067],[12.21399,66.06969],[12.21481,66.06994],[12.21713,66.06964],[12.2179,66.06804],[12.21532,66.06703]],[[12.01699,66.06552],[12.01608,66.06562],[12.01341,66.06412],[12.00835,66.06284],[12.00926,66.0642],[12.01498,66.06573],[12.01678,66.06731]],[[12.22376,66.07092],[12.22377,66.06942],[12.22115,66.06853],[12.21892,66.06828],[12.21886,66.06958],[12.22085,66.06987],[12.22077,66.07061],[12.21948,66.07065],[12.21935,66.07108],[12.22006,66.07138],[12.22299,66.07133],[12.22376,66.07092]],[[12.02091,66.06177],[12.02354,66.0652],[12.02474,66.06583],[12.02824,66.06597],[12.03028,66.0674],[12.03331,66.06804],[12.03384,66.06783],[12.03238,66.06711],[12.03287,66.0665],[12.03657,66.06737],[12.03728,66.06789],[12.03924,66.06786],[12.03946,66.06703],[12.03647,66.06525],[12.03531,66.06547],[12.03278,66.0647],[12.03067,66.0648],[12.02855,66.06192]],[[12.01678,66.06731],[12.02025,66.06832],[12.02151,66.06825],[12.01699,66.06552]],[[12.31724,66.07246],[12.31462,66.07229],[12.31512,66.07323],[12.32355,66.0747],[12.32512,66.07454],[12.32489,66.07406],[12.32298,66.07352],[12.31724,66.07246]],[[12.00775,66.06696],[12.00726,66.06679],[12.00565,66.06747],[12.00819,66.06925],[12.00888,66.06866],[12.00734,66.06753],[12.00775,66.06696]],[[12.34771,66.07415],[12.34646,66.0736],[12.33796,66.07186],[12.33506,66.07172],[12.33694,66.07445],[12.33903,66.07393],[12.3448,66.07543],[12.34756,66.07559]],[[12.22968,66.07148],[12.22581,66.07041],[12.2258,66.07191],[12.22855,66.07379],[12.23091,66.07295],[12.23059,66.07187],[12.22968,66.07148]],[[12.34756,66.07559],[12.35039,66.07604],[12.35191,66.0759],[12.34771,66.07415]],[[12.3474,66.0771],[12.34362,66.07607]],[[12.02756,66.06747],[12.02514,66.06777],[12.03128,66.0713],[12.03344,66.07151],[12.03207,66.06913],[12.02756,66.06747]],[[12.14864,66.07175],[12.14594,66.07064],[12.14469,66.07116],[12.14343,66.07014],[12.14197,66.07009],[12.14294,66.0719],[12.14683,66.07378],[12.1488,66.07378],[12.14987,66.07312],[12.14864,66.07175]],[[12.378,66.07742],[12.37644,66.07738],[12.37642,66.07819],[12.37964,66.07896],[12.378,66.07742]],[[12.60353,66.08144],[12.60176,66.08139],[12.599,66.0806],[12.59766,66.08073],[12.59858,66.08241],[12.60092,66.08284],[12.60406,66.08223],[12.60353,66.08144]],[[12.03062,66.07214],[12.02858,66.072],[12.02771,66.07073],[12.02409,66.06932],[12.02586,66.07151],[12.02813,66.07288],[12.03044,66.07268],[12.03062,66.07214]],[[12.34362,66.07607],[12.34137,66.07572],[12.33911,66.07602],[12.33554,66.07535],[12.34034,66.07851],[12.34276,66.07936],[12.34234,66.08015],[12.33808,66.07833]],[[12.1729,66.07166],[12.16987,66.07098],[12.16777,66.07137],[12.16925,66.07361],[12.17121,66.07479],[12.1772,66.07679],[12.18292,66.07757],[12.18219,66.07593],[12.18039,66.07541],[12.18063,66.07431],[12.17948,66.07352],[12.1729,66.07166]],[[12.68416,66.07315],[12.69015,66.07457],[12.69645,66.07736],[12.69974,66.08031],[12.6987,66.08141],[12.70008,66.08231],[12.70888,66.08521],[12.71907,66.08681]],[[12.03319,66.0731],[12.03126,66.07301],[12.03071,66.07392],[12.03468,66.07526],[12.03616,66.07518],[12.03319,66.0731]],[[12.45658,66.09107],[12.46205,66.09175],[12.46502,66.09174],[12.45669,66.08997]],[[12.14319,66.07343],[12.13892,66.07069],[12.13636,66.07044],[12.13739,66.07207],[12.13909,66.07304],[12.13722,66.07333],[12.14094,66.07474],[12.14017,66.0762],[12.14194,66.07733],[12.14364,66.07718],[12.14653,66.07571],[12.14285,66.07371],[12.14319,66.07343]],[[12.05474,66.07294],[12.05337,66.07313],[12.05697,66.07544],[12.05879,66.07581],[12.05812,66.07431],[12.05474,66.07294]],[[12.18901,66.07514],[12.18602,66.07497],[12.18518,66.07539],[12.18692,66.07772],[12.1887,66.07823],[12.19448,66.07832],[12.19552,66.07797],[12.19472,66.07692],[12.19211,66.07567],[12.18901,66.07514]],[[12.21573,66.0783],[12.21286,66.07723],[12.20951,66.07676],[12.20899,66.07698],[12.21011,66.07786],[12.20745,66.07749],[12.2066,66.07632],[12.20511,66.07655],[12.20363,66.07582],[12.20181,66.07686],[12.2025,66.07794],[12.20606,66.07801],[12.21189,66.07909],[12.21426,66.07925],[12.21598,66.07865],[12.21573,66.0783]],[[12.3474,66.0771],[12.35027,66.0782],[12.36182,66.0804],[12.36236,66.08018],[12.36094,66.07946],[12.36312,66.07962],[12.3635,66.07935],[12.35897,66.07765],[12.36197,66.07768],[12.36498,66.0786],[12.36772,66.08042],[12.36803,66.08018],[12.38059,66.08223]],[[12.37546,66.08281],[12.37101,66.08158],[12.37004,66.08186],[12.37507,66.08311]],[[12.37507,66.08311],[12.37546,66.08281]],[[12.3292,66.08032],[12.32769,66.08039],[12.3281,66.08174],[12.32972,66.08252],[12.33126,66.08269],[12.33139,66.08216],[12.3292,66.08032]],[[12.03947,66.07318],[12.03775,66.073],[12.03713,66.07203],[12.0328,66.07195],[12.03661,66.07428],[12.03874,66.07476],[12.03995,66.07686],[12.04133,66.07756],[12.04332,66.07785],[12.04374,66.07729],[12.04243,66.07579],[12.04044,66.0748],[12.03947,66.07318]],[[12.71907,66.08681],[12.72739,66.08952]],[[12.34693,66.08161],[12.34237,66.08059],[12.34268,66.08277],[12.34667,66.08415]],[[12.39626,66.06856],[12.40603,66.07206],[12.43008,66.07783],[12.43598,66.08041],[12.43825,66.08078],[12.44167,66.08033],[12.44512,66.08218],[12.44468,66.08296],[12.45104,66.08486],[12.45707,66.08611]],[[12.03334,66.09564],[12.03124,66.09526],[12.03075,66.09603],[12.03392,66.09835],[12.03552,66.09879],[12.03657,66.09718],[12.03334,66.09564]],[[12.32148,66.08198],[12.32026,66.0819],[12.31946,66.08274],[12.32132,66.08366],[12.3238,66.08411],[12.32479,66.08328],[12.32148,66.08198]],[[12.05782,66.08253],[12.05741,66.08222],[12.05637,66.08241],[12.05871,66.0847],[12.06011,66.0851],[12.06154,66.08373],[12.05782,66.08253]],[[12.38098,66.08192],[12.37243,66.07983],[12.372,66.07942],[12.38142,66.07987],[12.38331,66.08022],[12.38436,66.08103],[12.38637,66.08118],[12.38562,66.08064],[12.38617,66.08047],[12.39417,66.08185],[12.39352,66.08111],[12.3893,66.07973],[12.38851,66.07887],[12.38949,66.07802],[12.41099,66.08262],[12.41122,66.08232],[12.4044,66.0803],[12.40662,66.08041],[12.41122,66.08155],[12.409,66.08052],[12.41008,66.08041],[12.41431,66.08179],[12.41641,66.08307],[12.41554,66.08358],[12.424,66.08615]],[[12.20741,66.07914],[12.20542,66.07872],[12.20392,66.07893],[12.2064,66.08061],[12.20949,66.08177],[12.21323,66.08246],[12.21367,66.08205],[12.21171,66.08173],[12.20741,66.07914]],[[12.35071,66.08583],[12.35093,66.08513],[12.35559,66.08586],[12.35612,66.08562],[12.34751,66.08283],[12.34789,66.08225],[12.34693,66.08161]],[[12.33562,66.0837],[12.33391,66.08337],[12.33345,66.08389],[12.33726,66.08503],[12.33562,66.0837]],[[12.45696,66.08723],[12.44758,66.08471]],[[12.18264,66.07971],[12.17801,66.07946],[12.17745,66.08025],[12.17862,66.08145],[12.1814,66.08253],[12.18813,66.08282],[12.18546,66.08065],[12.18264,66.07971]],[[12.06197,66.07836],[12.06055,66.07825],[12.06043,66.07867],[12.06378,66.08105],[12.06541,66.08096],[12.0665,66.08],[12.06197,66.07836]],[[12.44758,66.08471],[12.44081,66.08318],[12.4356,66.08312],[12.43276,66.08217],[12.42987,66.08053],[12.4254,66.0803],[12.42641,66.08171],[12.43062,66.08341],[12.43548,66.08431],[12.44719,66.08797]],[[12.19499,66.0824],[12.1902,66.08078],[12.18715,66.0805],[12.18924,66.08182],[12.19207,66.08228],[12.1922,66.08333],[12.19444,66.08347],[12.19545,66.08284],[12.19499,66.0824]],[[12.33808,66.07833],[12.3381,66.07753],[12.33396,66.07585],[12.33172,66.07428],[12.32821,66.07367],[12.32705,66.07385],[12.32789,66.07482],[12.33079,66.07601],[12.33672,66.07754],[12.33621,66.07781],[12.33298,66.07718],[12.33078,66.07722],[12.33655,66.07917],[12.33577,66.07995],[12.33794,66.08172],[12.33597,66.08237],[12.33494,66.08214],[12.33453,66.08241],[12.34043,66.08507],[12.3405,66.08587],[12.34227,66.08637]],[[12.19852,66.08714],[12.19816,66.0865],[12.19719,66.08634],[12.19724,66.08709],[12.19469,66.08712],[12.19844,66.08784],[12.19921,66.08759],[12.19852,66.08714]],[[12.34602,66.09031],[12.34722,66.09063],[12.34806,66.09009],[12.3461,66.08953]],[[12.65271,66.0961],[12.65135,66.09451],[12.64098,66.09246],[12.63644,66.09054],[12.62835,66.08984],[12.62781,66.09036],[12.62883,66.09079]],[[12.62335,66.09116],[12.61284,66.08982],[12.61191,66.08929],[12.60711,66.08937],[12.60461,66.08852],[12.60081,66.08823],[12.58997,66.0863],[12.58808,66.08554],[12.58683,66.08597],[12.58543,66.08559],[12.58219,66.08345],[12.58365,66.08164],[12.5846,66.08151],[12.58594,66.08234],[12.58983,66.08322],[12.59244,66.08357],[12.59285,66.08308],[12.58797,66.07953],[12.58304,66.08039],[12.58283,66.07957],[12.58426,66.07955],[12.58489,66.07907],[12.58389,66.07867],[12.58241,66.07898],[12.58106,66.07761],[12.58319,66.07685],[12.58372,66.07618],[12.58068,66.07558],[12.58028,66.07336],[12.5767,66.0715]],[[12.34227,66.08637],[12.3425,66.08659]],[[12.18434,66.0833],[12.18306,66.08346],[12.18644,66.08524],[12.19295,66.08547],[12.19139,66.08461],[12.18434,66.0833]],[[12.62883,66.09079],[12.62829,66.09158],[12.62335,66.09116]],[[12.46977,66.08912],[12.46666,66.08724],[12.46519,66.08753],[12.46168,66.08722],[12.45707,66.08611]],[[12.72739,66.08952],[12.73229,66.09126],[12.7329,66.09205],[12.73208,66.09254],[12.73422,66.09357],[12.73903,66.09406]],[[12.05667,66.07949],[12.05843,66.07822],[12.05794,66.07709],[12.05712,66.07673],[12.0542,66.07658],[12.05303,66.07446],[12.05151,66.07392],[12.04945,66.0739],[12.05044,66.07262],[12.04765,66.07144],[12.04256,66.07023],[12.04165,66.07213],[12.0423,66.07321],[12.04528,66.0757],[12.05246,66.07876],[12.05169,66.0791],[12.04716,66.07727],[12.04985,66.07995],[12.05166,66.08066],[12.05135,66.0797],[12.05212,66.07935],[12.05441,66.08121],[12.05959,66.08186],[12.06249,66.08275],[12.06267,66.08224],[12.05999,66.08056],[12.05667,66.07949]],[[12.45696,66.08723],[12.46049,66.08922],[12.46517,66.09001],[12.468,66.08983]],[[12.44719,66.08797],[12.45669,66.08997]],[[12.33482,66.08509],[12.3327,66.08478],[12.33807,66.08718],[12.34248,66.08812],[12.33966,66.0862],[12.33482,66.08509]],[[12.19644,66.08495],[12.19449,66.08459],[12.19431,66.08582],[12.19816,66.08589],[12.19797,66.08526],[12.19644,66.08495]],[[12.424,66.08615],[12.4267,66.08645],[12.42416,66.08463],[12.4256,66.08438],[12.42898,66.08579],[12.43263,66.08565],[12.44153,66.08821],[12.44051,66.08919],[12.44383,66.08923],[12.44521,66.08871],[12.45076,66.09014],[12.45658,66.09107]],[[12.3425,66.08659],[12.3461,66.08953]],[[12.34602,66.09031],[12.33063,66.08516],[12.32981,66.08528],[12.33086,66.08581],[12.33033,66.0861],[12.32813,66.08593],[12.32996,66.08705],[12.33464,66.08827],[12.33671,66.08827],[12.34121,66.0899],[12.33971,66.09031],[12.34182,66.09124],[12.34383,66.09161],[12.34404,66.09069],[12.34595,66.09102]],[[12.23551,66.08915],[12.23699,66.09003],[12.24151,66.09008],[12.23933,66.08907],[12.23555,66.08876]],[[12.34595,66.09102],[12.34759,66.09138],[12.34674,66.09185],[12.34757,66.09239],[12.35319,66.0942],[12.35697,66.09504],[12.36039,66.09531],[12.35797,66.09133],[12.35849,66.09106]],[[12.73903,66.09406],[12.74415,66.09506],[12.74876,66.09658],[12.74816,66.09811],[12.75545,66.10179],[12.75623,66.10304],[12.76309,66.10417],[12.76412,66.10382],[12.76611,66.10413],[12.76985,66.10608],[12.77183,66.1063],[12.77229,66.10584],[12.77452,66.10543],[12.77636,66.10557],[12.78129,66.10701],[12.78699,66.10785]],[[12.35996,66.09198],[12.36926,66.09597],[12.38533,66.09909],[12.39097,66.09889],[12.40165,66.09921],[12.40425,66.10061],[12.40867,66.10138],[12.41601,66.10117],[12.41797,66.10148],[12.41981,66.10235],[12.424,66.10286],[12.42718,66.10223],[12.42959,66.10377],[12.4549,66.1078]],[[12.02743,66.09855],[12.02634,66.09845],[12.02601,66.09885],[12.02733,66.09989],[12.0312,66.10047],[12.02989,66.09892],[12.02743,66.09855]],[[12.17332,66.10243],[12.17011,66.10173],[12.16996,66.10253],[12.17201,66.10346],[12.17622,66.10401],[12.17332,66.10243]],[[12.15914,66.10443],[12.15595,66.10312],[12.15871,66.10532],[12.15954,66.10508],[12.15914,66.10443]],[[12.34429,66.10688],[12.34278,66.10651],[12.34177,66.10692],[12.34012,66.10644],[12.33806,66.10685],[12.3441,66.10871]],[[12.4549,66.1078],[12.46561,66.11067],[12.46879,66.11075],[12.47216,66.11133],[12.47459,66.1111]],[[12.61854,66.11704],[12.60559,66.11399],[12.60384,66.11432],[12.59799,66.11331],[12.59408,66.11325],[12.59596,66.11401],[12.60347,66.11547],[12.60647,66.11685]],[[12.05169,66.10274],[12.05019,66.10114],[12.04864,66.10131],[12.04721,66.1008],[12.04617,66.10138],[12.04505,66.10112],[12.04512,66.10056],[12.04229,66.09978],[12.04126,66.09983],[12.04157,66.10164],[12.04424,66.1027],[12.04542,66.10299],[12.0474,66.10253],[12.05027,66.10388],[12.05169,66.10274]],[[12.47459,66.1111],[12.47593,66.11157],[12.47714,66.11115],[12.47654,66.11024],[12.47867,66.10954],[12.479,66.10727]],[[12.479,66.10727],[12.48333,66.1073],[12.48632,66.10827],[12.48608,66.10857],[12.48393,66.10855],[12.48397,66.10906],[12.48662,66.10922],[12.4882,66.11056],[12.48725,66.11114],[12.49126,66.11275]],[[12.3313,66.10771],[12.33017,66.10729],[12.32861,66.10791],[12.3337,66.11015],[12.33265,66.10846],[12.3313,66.10771]],[[12.20183,66.10727],[12.19972,66.10607],[12.19485,66.10451],[12.1961,66.10663],[12.19791,66.10686],[12.20007,66.10802],[12.20094,66.10801],[12.20183,66.10727]],[[12.02468,66.10274],[12.02196,66.10242],[12.02376,66.10428],[12.02551,66.10495],[12.02756,66.10506],[12.02468,66.10274]],[[12.05654,66.10408],[12.05548,66.10394],[12.05443,66.10499],[12.05719,66.10583],[12.05763,66.10519],[12.05654,66.10408]],[[12.25878,66.10965],[12.25627,66.10822],[12.25115,66.10704],[12.25123,66.10825],[12.2528,66.10897],[12.255,66.10902],[12.25816,66.11005],[12.25878,66.10965]],[[12.4643,66.11458],[12.45966,66.11231],[12.45771,66.11205],[12.45614,66.11262],[12.45449,66.11192]],[[12.1502,66.10768],[12.15256,66.10783],[12.15294,66.10718],[12.15117,66.10592],[12.14845,66.10531],[12.14749,66.10688],[12.15005,66.10751],[12.14844,66.10824],[12.14919,66.10883],[12.15072,66.10905],[12.15134,66.10858],[12.1502,66.10768]],[[12.04762,66.10718],[12.04608,66.10546],[12.04196,66.10403],[12.0416,66.10453],[12.04552,66.10714]],[[12.17544,66.10957],[12.17263,66.10866],[12.17328,66.10754],[12.16736,66.1064],[12.16761,66.10741],[12.17119,66.10827],[12.16971,66.10864],[12.17224,66.10951]],[[12.35752,66.11279],[12.35078,66.11122],[12.3441,66.10871]],[[12.36064,66.11285],[12.36268,66.11237],[12.3612,66.1108],[12.35893,66.11],[12.35418,66.10998],[12.35228,66.10957],[12.35142,66.10863],[12.34636,66.10806],[12.34429,66.10688]],[[12.38211,66.11321],[12.38006,66.11318]],[[12.44973,66.11434],[12.44951,66.1135],[12.45071,66.11295],[12.45371,66.11349],[12.45258,66.11242],[12.4535,66.11174],[12.45449,66.11192]],[[12.49019,66.11501],[12.49126,66.11275]],[[12.62692,66.11717],[12.62601,66.11684],[12.62504,66.11714]],[[12.65783,66.11764],[12.65422,66.11479],[12.65523,66.11417],[12.65939,66.1144],[12.66012,66.11383],[12.65598,66.11119],[12.65964,66.11009],[12.66217,66.10839],[12.66398,66.10783],[12.66382,66.10638],[12.66237,66.10571],[12.66273,66.1047],[12.66745,66.10386],[12.66637,66.10284],[12.66,66.10173],[12.65959,66.10001],[12.65271,66.0961]],[[12.73445,66.11878],[12.72926,66.11704],[12.72583,66.11635],[12.72074,66.11678],[12.72065,66.11782],[12.72227,66.1186]],[[12.82755,66.12012],[12.81923,66.1152],[12.81618,66.11473],[12.81176,66.1151],[12.80676,66.11179],[12.80292,66.11222],[12.79861,66.1119],[12.7925,66.11031],[12.78699,66.10785]],[[12.17224,66.10951],[12.17451,66.11052],[12.17638,66.11015],[12.17544,66.10957]],[[12.35752,66.11279],[12.35889,66.11306],[12.36064,66.11285]],[[12.61854,66.11704],[12.62086,66.11799],[12.62504,66.11714]],[[12.45831,66.11448],[12.46124,66.11564],[12.4652,66.11584],[12.46606,66.11513],[12.4643,66.11458]],[[12.45411,66.11574],[12.45616,66.11445]],[[12.44973,66.11434],[12.4517,66.11583],[12.45411,66.11574]],[[12.60973,66.11866],[12.60731,66.11777],[12.60647,66.11685]],[[12.38006,66.11318],[12.37923,66.11364],[12.38092,66.11374],[12.38316,66.1147],[12.38549,66.11505],[12.38458,66.114],[12.38211,66.11321]],[[12.39746,66.11723],[12.39615,66.11672],[12.39443,66.11701],[12.39081,66.1159],[12.38783,66.11557],[12.38868,66.11632],[12.39449,66.11769],[12.39764,66.11808],[12.39746,66.11723]],[[12.47874,66.11827],[12.47718,66.11831],[12.47748,66.11915],[12.48041,66.11984],[12.47995,66.11876],[12.47874,66.11827]],[[12.72227,66.1186],[12.72765,66.12123],[12.72783,66.12203],[12.72523,66.12338],[12.7273,66.12406],[12.7326,66.12386],[12.73074,66.12269],[12.73401,66.12118],[12.73445,66.11878]],[[12.49019,66.11501],[12.4901,66.11606],[12.50046,66.11907],[12.50147,66.12045],[12.50027,66.12071],[12.4885,66.11765]],[[12.02015,66.11041],[12.01819,66.11021],[12.01742,66.11051],[12.01927,66.11193],[12.02088,66.11221],[12.02015,66.11041]],[[12.62692,66.11717],[12.63157,66.11983],[12.64241,66.12237],[12.64875,66.12307],[12.65381,66.12277],[12.65519,66.12112],[12.6581,66.12017],[12.65783,66.11764]],[[12.02532,66.11097],[12.02318,66.11048],[12.02214,66.11088],[12.02226,66.11227],[12.02386,66.11295],[12.0259,66.1126],[12.02532,66.11097]],[[12.28173,66.11676],[12.2801,66.11649],[12.28236,66.11839],[12.28349,66.11898],[12.28504,66.11911],[12.28173,66.11676]],[[12.34302,66.11902],[12.3422,66.11959],[12.34289,66.1203]],[[12.34289,66.1203],[12.34744,66.12184],[12.34822,66.1206],[12.34671,66.12059],[12.34466,66.11864],[12.34302,66.11902]],[[12.28733,66.11674],[12.28667,66.11688],[12.28796,66.11778],[12.29602,66.12121],[12.29342,66.11915],[12.28733,66.11674]],[[12.4657,66.11864],[12.4637,66.11741],[12.46105,66.11665],[12.4608,66.11767],[12.458,66.11755],[12.45823,66.11649],[12.45711,66.11588],[12.45527,66.11614],[12.45402,66.11709],[12.45556,66.1181],[12.45869,66.1184],[12.46062,66.1199],[12.4656,66.12133],[12.4668,66.1223],[12.46601,66.12291],[12.46654,66.12317],[12.47217,66.1243],[12.47051,66.12147],[12.46855,66.12074],[12.46763,66.11954],[12.4657,66.11864]],[[12.62047,66.12687],[12.6241,66.12669],[12.62678,66.12747],[12.63099,66.12795],[12.63398,66.12728],[12.63328,66.12603],[12.62923,66.12465],[12.63035,66.1233],[12.62659,66.12077],[12.62231,66.11986],[12.61898,66.12033]],[[12.48342,66.12434],[12.48311,66.12413],[12.48,66.1248],[12.48,66.12532],[12.48244,66.12555],[12.48342,66.12434]],[[12.56013,66.12717],[12.55946,66.12364],[12.56118,66.12278],[12.56423,66.12216]],[[12.45331,66.12364],[12.45138,66.12272],[12.44926,66.12271],[12.4478,66.12215],[12.4465,66.1227],[12.44998,66.12397],[12.45128,66.12534],[12.45311,66.12571]],[[12.45311,66.12571],[12.45395,66.12569],[12.4546,66.12457],[12.45442,66.12392],[12.45331,66.12364]],[[12.41578,66.12329],[12.41636,66.12297],[12.41546,66.12226],[12.41468,66.12245],[12.41492,66.12321],[12.41248,66.12289],[12.41328,66.1206],[12.40908,66.1199],[12.40634,66.12084],[12.40557,66.12055],[12.40609,66.11936],[12.40326,66.11816],[12.40001,66.11802],[12.40336,66.12117],[12.41147,66.1254],[12.41578,66.12329]],[[12.03844,66.11588],[12.03735,66.11567],[12.03711,66.11656],[12.03988,66.11877],[12.04103,66.1185],[12.04117,66.11787],[12.03844,66.11588]],[[12.0282,66.1148],[12.02543,66.11441],[12.02509,66.11557],[12.02665,66.11581],[12.02959,66.11714],[12.03164,66.11857],[12.0336,66.11846],[12.03319,66.11684],[12.0282,66.1148]],[[12.06206,66.12009],[12.06024,66.12005],[12.05951,66.12053],[12.05959,66.12157],[12.0606,66.12215],[12.06206,66.12009]],[[12.248,66.12332],[12.24638,66.12322],[12.2464,66.12418],[12.25121,66.12609],[12.25163,66.12531],[12.25007,66.12385],[12.248,66.12332]],[[12.06585,66.12092],[12.06414,66.12086],[12.06305,66.12123],[12.06333,66.12269],[12.06427,66.12253],[12.06585,66.12092]],[[12.28839,66.12353],[12.28704,66.12303],[12.28601,66.12327],[12.28775,66.12405],[12.28714,66.12458],[12.28896,66.12653],[12.29029,66.12685],[12.29081,66.12649],[12.28839,66.12353]],[[12.82755,66.12012],[12.82969,66.1217],[12.8319,66.12235],[12.8318,66.12274],[12.82278,66.1226],[12.82156,66.12369],[12.82507,66.12541],[12.82508,66.12687],[12.82998,66.12834],[12.83701,66.12936],[12.8521,66.13051],[12.85769,66.13175],[12.8728,66.13394],[12.87838,66.13458],[12.88048,66.1345],[12.88262,66.13509],[12.89263,66.13587],[12.89531,66.13638]],[[12.05794,66.12117],[12.05596,66.11873],[12.05421,66.11908],[12.05604,66.1202],[12.0552,66.12041],[12.05113,66.11863],[12.05093,66.11797],[12.05288,66.11819],[12.05408,66.11787],[12.0528,66.11697],[12.05134,66.11642],[12.04984,66.11639],[12.049,66.11751],[12.04797,66.11732],[12.04854,66.11653],[12.04793,66.11604],[12.04901,66.1156],[12.04822,66.11442],[12.04457,66.11408],[12.04765,66.11582],[12.04654,66.11592],[12.04515,66.11522],[12.04317,66.11497],[12.04306,66.11609],[12.04456,66.11779],[12.04702,66.11785],[12.05086,66.11976],[12.05114,66.12043],[12.05811,66.12271],[12.05794,66.12117]],[[12.32493,66.12581],[12.32324,66.12579],[12.32358,66.12711],[12.32754,66.1277],[12.32752,66.12698],[12.32493,66.12581]],[[12.28382,66.12373],[12.28201,66.12429],[12.28674,66.12751],[12.28739,66.12597],[12.28382,66.12373]],[[12.26754,66.12317],[12.26282,66.12094],[12.26409,66.12014],[12.26256,66.11864],[12.25946,66.11795],[12.26035,66.11955],[12.2578,66.1191],[12.25609,66.11978],[12.25618,66.12021],[12.25824,66.12137],[12.26235,66.12246],[12.26228,66.12297],[12.26064,66.12267],[12.25997,66.12298],[12.262,66.12408],[12.26845,66.12609],[12.26908,66.1265],[12.26818,66.12695],[12.27137,66.12793],[12.2706,66.12588],[12.26754,66.12317]],[[12.2913,66.12394],[12.29002,66.1239],[12.29114,66.12617],[12.29373,66.12814],[12.29511,66.12852],[12.29498,66.12657],[12.2913,66.12394]],[[12.55735,66.34228],[12.55628,66.34098],[12.55419,66.34065],[12.55194,66.34084],[12.55025,66.34039]],[[12.63724,66.13459],[12.63595,66.13442],[12.63257,66.13277],[12.63253,66.13111],[12.62706,66.12933],[12.62457,66.12902],[12.62192,66.12789]],[[12.56667,66.12898],[12.56457,66.12914],[12.56374,66.13158],[12.56595,66.13284],[12.56922,66.13359],[12.57084,66.13191],[12.56667,66.12898]],[[12.47799,66.13116],[12.47482,66.13103],[12.47452,66.13153],[12.47608,66.13205],[12.47881,66.1323],[12.4792,66.13194],[12.47799,66.13116]],[[12.31992,66.12704],[12.31896,66.12725],[12.31956,66.12807],[12.32253,66.12989],[12.32172,66.12795],[12.31992,66.12704]],[[12.0561,66.12492],[12.05258,66.12266],[12.04668,66.12136],[12.04794,66.12316],[12.05077,66.12457],[12.05441,66.125],[12.05533,66.12542],[12.0561,66.12492]],[[12.5606,66.12968],[12.55978,66.13158],[12.55336,66.1304],[12.55211,66.13076],[12.55212,66.13164],[12.55272,66.13236],[12.55586,66.13347],[12.56306,66.1343]],[[12.34202,66.12861],[12.34088,66.12874],[12.34176,66.13104]],[[12.57698,66.13046],[12.57589,66.1308],[12.57702,66.13163],[12.57462,66.13283],[12.57474,66.13327],[12.57646,66.13423],[12.58081,66.13529],[12.58232,66.13407],[12.58068,66.13206],[12.57698,66.13046]],[[12.4884,66.13526],[12.48858,66.13423],[12.48576,66.13443],[12.48503,66.13382],[12.48291,66.13341],[12.48218,66.13361],[12.48485,66.13507],[12.4884,66.13526]],[[12.48703,66.13001],[12.47991,66.12957],[12.4781,66.12879],[12.47714,66.12729],[12.4729,66.1266],[12.47365,66.12738],[12.47609,66.12802],[12.47548,66.12855],[12.47613,66.129],[12.4796,66.13001],[12.4854,66.1309],[12.48581,66.13228],[12.49031,66.13436],[12.49479,66.13569],[12.49528,66.13525],[12.49047,66.13206],[12.48956,66.13064],[12.48703,66.13001]],[[12.27392,66.13103],[12.2718,66.13073],[12.27121,66.13153],[12.27287,66.13213],[12.27449,66.13205],[12.27392,66.13103]],[[12.60307,66.13763],[12.60367,66.13683],[12.59953,66.13213],[12.5969,66.1324],[12.59387,66.13125],[12.59232,66.13127],[12.592,66.13326],[12.59305,66.13401],[12.59506,66.13449],[12.59541,66.13511],[12.59382,66.13732],[12.60307,66.13763]],[[12.44374,66.1337],[12.43417,66.1307],[12.43237,66.13049],[12.43159,66.13133],[12.43235,66.13195],[12.43071,66.13213],[12.43178,66.13274],[12.4426,66.13581],[12.44549,66.13625],[12.44577,66.13598],[12.44399,66.13526],[12.44541,66.13447],[12.44374,66.1337]],[[12.56276,66.13746],[12.55955,66.13683],[12.55887,66.137],[12.56267,66.13838]],[[12.31693,66.13082],[12.31538,66.13082],[12.31549,66.13157],[12.32107,66.13454],[12.32144,66.13373],[12.31706,66.13179],[12.31638,66.13118],[12.31693,66.13082]],[[12.03231,66.12625],[12.03017,66.12632],[12.03553,66.12913],[12.03646,66.12942],[12.03852,66.12909],[12.03857,66.12829],[12.03231,66.12625]],[[12.04432,66.12754],[12.04177,66.12744],[12.04144,66.12783],[12.04544,66.12952],[12.04716,66.12978],[12.04646,66.12861],[12.04432,66.12754]],[[12.43552,66.13558],[12.4332,66.13537],[12.43283,66.13564],[12.43426,66.13645],[12.43906,66.13701],[12.43552,66.13558]],[[12.56276,66.13746],[12.56804,66.13893],[12.57069,66.13923],[12.57465,66.13903],[12.5736,66.13769],[12.57152,66.13748],[12.56695,66.13517],[12.56306,66.1343]],[[12.24788,66.12987],[12.24647,66.12997],[12.24692,66.13045],[12.24948,66.13133],[12.2542,66.13408],[12.2558,66.13437],[12.25455,66.13236],[12.24788,66.12987]],[[12.62885,66.14126],[12.63793,66.13803],[12.64475,66.13772],[12.64556,66.13727],[12.65057,66.13664],[12.64743,66.13522],[12.63724,66.13459]],[[12.27953,66.13511],[12.27529,66.13454],[12.27733,66.13581],[12.27928,66.13567],[12.27953,66.13511]],[[12.39402,66.13607],[12.3931,66.13596],[12.39117,66.13692],[12.39357,66.13784],[12.39515,66.13702],[12.39402,66.13607]],[[12.80075,66.15149],[12.80253,66.15151],[12.80465,66.15086],[12.8053,66.15026],[12.80434,66.14959],[12.79816,66.14743],[12.79119,66.14654],[12.78582,66.14464],[12.7838,66.14432]],[[12.56423,66.12216],[12.56897,66.12159],[12.57575,66.12368],[12.57845,66.12402],[12.58154,66.12324],[12.58428,66.12349],[12.58632,66.12445],[12.58688,66.12625],[12.59328,66.12906],[12.59163,66.12936],[12.59125,66.13017],[12.59252,66.12981],[12.59391,66.13008],[12.59348,66.12905],[12.59514,66.12843],[12.59723,66.12924],[12.60146,66.1299],[12.60188,66.13065],[12.6038,66.13118],[12.6056,66.13257],[12.60917,66.13265],[12.61405,66.13681],[12.6126,66.13817],[12.61129,66.13844],[12.6116,66.13911],[12.61013,66.14154]],[[12.28414,66.13425],[12.28321,66.1343],[12.2832,66.13485],[12.28428,66.13559],[12.28648,66.13621],[12.28829,66.13613],[12.28843,66.13579],[12.28539,66.13527],[12.28414,66.13425]],[[12.27419,66.13509],[12.27125,66.13492],[12.27206,66.13564],[12.27562,66.13604],[12.27419,66.13509]],[[12.7838,66.14432],[12.77597,66.1434],[12.77217,66.14221],[12.77137,66.14112]],[[12.57137,66.14142],[12.5708,66.14081],[12.56772,66.14035],[12.56267,66.13838]],[[12.29719,66.13618],[12.29528,66.13477],[12.2913,66.1333],[12.28889,66.13136],[12.28851,66.13208],[12.28955,66.13358],[12.28827,66.1338],[12.28566,66.13065],[12.28766,66.13051],[12.28603,66.12891],[12.2834,66.12763],[12.27972,66.12729],[12.27826,66.12788],[12.2775,66.1272],[12.27919,66.12612],[12.27907,66.12497],[12.27649,66.12352],[12.27112,66.12176],[12.26931,66.12022],[12.26786,66.12011],[12.26802,66.1212],[12.27109,66.12359],[12.27038,66.12402],[12.27108,66.12526],[12.27378,66.12689],[12.27341,66.12808],[12.27506,66.12972],[12.27697,66.13025],[12.27866,66.12847],[12.27835,66.1301],[12.27903,66.13054],[12.28112,66.13069],[12.28337,66.13039],[12.28371,66.13112],[12.28203,66.13196],[12.28704,66.13501],[12.28775,66.13502],[12.28885,66.13406],[12.29094,66.13464],[12.29048,66.13575],[12.29304,66.13622],[12.29483,66.13614],[12.29524,66.13699],[12.29719,66.13618]],[[12.77137,66.14112],[12.76974,66.14029],[12.76802,66.14013],[12.76441,66.14123],[12.7571,66.14252],[12.74916,66.14332],[12.74044,66.1424],[12.73404,66.14287],[12.73444,66.14377],[12.73702,66.14511],[12.73689,66.14561]],[[12.42847,66.33843],[12.42976,66.3398],[12.43136,66.34034]],[[12.3412,66.13638],[12.33918,66.13553],[12.33864,66.13441],[12.33348,66.13082],[12.3315,66.13051],[12.33082,66.12929],[12.32481,66.12777],[12.32494,66.12846],[12.32879,66.13088],[12.33382,66.13292],[12.33431,66.13433],[12.32638,66.13036],[12.32544,66.13033],[12.33166,66.13484],[12.3336,66.1356],[12.33464,66.13519],[12.33609,66.13616],[12.33899,66.13693],[12.3399,66.13779],[12.34116,66.13674]],[[12.70519,66.14173],[12.69959,66.14173],[12.6978,66.14212],[12.69626,66.14375]],[[12.03543,66.13003],[12.03362,66.12968],[12.03582,66.1322],[12.03791,66.13272],[12.04012,66.13222],[12.03847,66.13064],[12.03543,66.13003]],[[12.69611,66.14408],[12.69626,66.14375]],[[12.35044,66.14341],[12.34857,66.1431],[12.34779,66.14337],[12.35021,66.14485],[12.35368,66.14531],[12.35044,66.14341]],[[12.45158,66.14091],[12.45278,66.14196],[12.45505,66.14167],[12.45455,66.1403],[12.45174,66.13928]],[[12.04519,66.13262],[12.04178,66.13228],[12.04113,66.13285],[12.04367,66.13457],[12.04523,66.13487],[12.04632,66.13363],[12.04604,66.13273],[12.04519,66.13262]],[[12.70519,66.14173],[12.70898,66.14184],[12.71048,66.14151],[12.71308,66.14175],[12.7151,66.14255],[12.71712,66.14264],[12.71773,66.14228],[12.71665,66.14148],[12.71892,66.14116],[12.7254,66.14368],[12.72621,66.14458],[12.72705,66.14457],[12.72759,66.14401],[12.72888,66.14427],[12.72866,66.14543],[12.73083,66.14527],[12.73393,66.14668],[12.73535,66.14666],[12.73689,66.14561]],[[12.34022,66.14124],[12.33478,66.13959],[12.33452,66.14046],[12.33674,66.14308],[12.3388,66.14411],[12.34022,66.14124]],[[12.00383,66.13018],[12.00151,66.13024],[12.00128,66.13057],[12.0021,66.13264],[12.00686,66.13474],[12.00383,66.13018]],[[12.30193,66.14059],[12.30115,66.14069],[12.30053,66.14028]],[[12.24039,66.1407],[12.23806,66.14087],[12.23823,66.1415],[12.24429,66.14311],[12.24039,66.1407]],[[12.2613,66.14202],[12.25933,66.14228],[12.25935,66.14304],[12.26204,66.14377],[12.26372,66.14369],[12.26423,66.14338],[12.26352,66.1427],[12.2613,66.14202]],[[12.8405,66.20146],[12.83941,66.20144],[12.83875,66.20245],[12.84088,66.2036],[12.84139,66.20246],[12.8405,66.20146]],[[12.89531,66.13638],[12.90188,66.13742],[12.91483,66.13841],[12.91681,66.13881],[12.91742,66.13994],[12.91883,66.1403],[12.93944,66.14313],[12.95082,66.14395],[12.96189,66.14376],[13.0019,66.14721]],[[13.00205,66.14759],[12.99798,66.14767],[12.98691,66.14716],[12.9771,66.14753],[13.00371,66.15089]],[[12.45129,66.1438],[12.44959,66.14211],[12.44486,66.14166],[12.44448,66.14243],[12.44609,66.14329],[12.44864,66.14421],[12.45122,66.14453]],[[12.39257,66.1427],[12.38528,66.14096],[12.38036,66.14033],[12.37786,66.13954],[12.37828,66.13897],[12.37763,66.13871],[12.37652,66.13861],[12.37619,66.13922],[12.37136,66.13824],[12.3596,66.13426]],[[12.61013,66.14154],[12.60927,66.14186],[12.60469,66.14192],[12.60299,66.1425],[12.6029,66.14297],[12.60693,66.14441],[12.60747,66.14354],[12.60872,66.14359],[12.61483,66.14527],[12.6178,66.14655],[12.61902,66.14562],[12.62181,66.14536],[12.62885,66.14126]],[[12.24848,66.1379],[12.24488,66.13688],[12.24415,66.13713],[12.24948,66.14081],[12.25082,66.13945],[12.24848,66.1379]],[[12.34813,66.14099],[12.34674,66.14048],[12.34559,66.14101],[12.34573,66.14176],[12.34847,66.14261],[12.34914,66.14175],[12.34813,66.14099]],[[12.29259,66.13978],[12.29296,66.13943],[12.29065,66.13876],[12.28939,66.13962],[12.28772,66.13822],[12.28581,66.13792],[12.28656,66.13751],[12.28387,66.13583],[12.28119,66.13449],[12.27941,66.13436],[12.28232,66.13807],[12.28414,66.13901],[12.2856,66.13872],[12.28628,66.13959],[12.2841,66.13997],[12.28481,66.14059],[12.28851,66.14172],[12.29136,66.14058],[12.29283,66.14056],[12.29259,66.13978]],[[12.62264,66.1471],[12.62197,66.14675],[12.61875,66.14701],[12.62215,66.14815],[12.62264,66.1471]],[[12.45122,66.14453],[12.45362,66.1447],[12.45801,66.14574],[12.45917,66.14544],[12.4541,66.14374],[12.45129,66.1438]],[[12.42008,66.14249],[12.4191,66.1425],[12.41715,66.144],[12.42323,66.1455],[12.42267,66.1442],[12.41959,66.14289],[12.42008,66.14249]],[[12.0305,66.13521],[12.02918,66.13524],[12.03138,66.13683],[12.03406,66.13842],[12.036,66.13869],[12.03732,66.13813],[12.03676,66.13745],[12.0305,66.13521]],[[12.51125,66.14491],[12.51399,66.14558],[12.51585,66.14552],[12.51118,66.14255],[12.50441,66.14048],[12.4949,66.13676],[12.4931,66.13655],[12.49116,66.13694],[12.49238,66.13761],[12.49256,66.13863],[12.49433,66.13953],[12.49351,66.13987],[12.48911,66.13811],[12.48534,66.13893],[12.48388,66.13723],[12.47783,66.13566],[12.47355,66.13538],[12.46881,66.13556],[12.46816,66.13591],[12.47461,66.14054],[12.47618,66.14031],[12.47637,66.13906],[12.47728,66.13894],[12.486,66.14183],[12.48837,66.14334],[12.48911,66.14325],[12.48902,66.14243],[12.49128,66.14275],[12.49621,66.14616],[12.50148,66.14616],[12.50566,66.14732],[12.51587,66.14878],[12.51159,66.14588]],[[12.24139,66.14309],[12.23461,66.14131],[12.23313,66.14134],[12.23401,66.14204],[12.23315,66.14217],[12.23362,66.14265],[12.24378,66.14423],[12.24139,66.14309]],[[12.34811,66.14494],[12.34671,66.14488],[12.34619,66.14629],[12.34894,66.14738],[12.34908,66.14611],[12.34811,66.14494]],[[12.3402,66.1459],[12.33589,66.14494],[12.32915,66.13832],[12.32731,66.13769],[12.32749,66.1388],[12.33089,66.1417],[12.33036,66.14192],[12.32939,66.14143],[12.32874,66.14157],[12.33063,66.14516],[12.33216,66.14641],[12.33409,66.1467],[12.3351,66.14621],[12.3377,66.147],[12.33947,66.14694],[12.34017,66.14625]],[[12.72959,66.16359],[12.73091,66.16284],[12.72939,66.16215],[12.73119,66.16169],[12.7327,66.15949],[12.73107,66.15864],[12.73315,66.15766],[12.7282,66.15559],[12.72512,66.15722],[12.72283,66.16349]],[[12.23678,66.14355],[12.23322,66.14348],[12.23412,66.14417],[12.24486,66.14545],[12.23678,66.14355]],[[12.34417,66.14667],[12.34283,66.14612],[12.34207,66.1463],[12.34275,66.14782],[12.34473,66.14769],[12.34417,66.14667]],[[12.43185,66.14712],[12.43047,66.14691],[12.42899,66.14727],[12.43168,66.14837],[12.43992,66.15006],[12.43185,66.14712]],[[12.25357,66.14755],[12.25316,66.14696],[12.24889,66.14674],[12.25187,66.14815],[12.25357,66.14755]],[[12.02734,66.14257],[12.02639,66.14239],[12.02573,66.14268],[12.02682,66.1442],[12.02939,66.14423],[12.02734,66.14257]],[[12.35902,66.15019],[12.35718,66.14963],[12.35611,66.15013],[12.35368,66.14976],[12.35413,66.15037],[12.35604,66.15084],[12.36024,66.15125],[12.35902,66.15019]],[[12.69611,66.14408],[12.69307,66.14457],[12.69113,66.14449],[12.68828,66.14285],[12.6853,66.1442],[12.6819,66.14425],[12.68248,66.1451],[12.68364,66.14541],[12.68999,66.14629],[12.6919,66.14637],[12.69343,66.14596],[12.69524,66.14678],[12.69546,66.14777],[12.69392,66.14813],[12.69362,66.14862],[12.69434,66.15001],[12.69278,66.15052],[12.69173,66.15018],[12.69012,66.15039],[12.68968,66.15119],[12.69293,66.15155],[12.69454,66.1521],[12.6953,66.15279],[12.69404,66.15359],[12.69488,66.15425],[12.69804,66.15454],[12.69897,66.15575],[12.70194,66.15715]],[[12.33955,66.15212],[12.34056,66.15179],[12.33964,66.15124]],[[12.33964,66.15124],[12.33396,66.15009],[12.33301,66.15018],[12.33496,66.15149],[12.33955,66.15212]],[[12.53985,66.15338],[12.53803,66.15331],[12.53795,66.15447],[12.54197,66.15546],[12.54443,66.1556],[12.54227,66.15396],[12.53985,66.15338]],[[12.76998,66.16418],[12.77056,66.16319]],[[12.86051,66.16509],[12.85323,66.16397],[12.85135,66.16476],[12.84878,66.1649],[12.84799,66.16528]],[[12.80075,66.15149],[12.79617,66.1524],[12.79313,66.15214],[12.79167,66.1529],[12.79714,66.15391],[12.80342,66.15392],[12.80662,66.15461],[12.80659,66.15557],[12.80536,66.15584],[12.80116,66.15567],[12.79806,66.15698],[12.79741,66.15892],[12.79877,66.16063]],[[12.61811,66.15637],[12.62007,66.15644],[12.62468,66.15815],[12.62706,66.15842],[12.62921,66.15733],[12.62435,66.15212],[12.62132,66.15058],[12.61586,66.1491],[12.61206,66.14746],[12.6028,66.14497],[12.58763,66.14232],[12.58387,66.14061],[12.58458,66.14026],[12.58677,66.14071],[12.58693,66.14012],[12.5815,66.13831],[12.57996,66.13864],[12.57814,66.13833],[12.57766,66.13862],[12.57979,66.13959],[12.58097,66.14222],[12.5867,66.14444],[12.58707,66.14545],[12.58463,66.14535],[12.57964,66.14416],[12.57552,66.14259],[12.57433,66.14123],[12.57272,66.14163]],[[12.70194,66.15715],[12.70456,66.15807],[12.70414,66.15897],[12.70243,66.15979]],[[12.4885,66.11765],[12.48173,66.11666],[12.48149,66.11792],[12.48412,66.12192],[12.4834,66.12201],[12.48121,66.12091],[12.4768,66.11984],[12.47527,66.12122],[12.478,66.12236],[12.47756,66.1231],[12.48036,66.12393],[12.48212,66.12364],[12.48314,66.12389],[12.48361,66.12243],[12.48445,66.12237],[12.4865,66.12519],[12.49153,66.12827],[12.49501,66.12969],[12.49874,66.13327],[12.50201,66.1341],[12.5072,66.1394],[12.51264,66.14176],[12.51811,66.14339],[12.51942,66.14455],[12.52282,66.1451],[12.52276,66.14627],[12.53471,66.14948],[12.54447,66.15383],[12.56079,66.15791]],[[12.89192,66.16589],[12.88479,66.16341],[12.8794,66.16221],[12.87773,66.16228],[12.87363,66.16347],[12.86912,66.16354],[12.86792,66.16393]],[[12.34427,66.15243],[12.34303,66.15238],[12.34241,66.15355],[12.34383,66.1558],[12.3453,66.15555],[12.3469,66.154],[12.34427,66.15243]],[[12.34176,66.13104],[12.34251,66.13296],[12.34404,66.13412],[12.3513,66.13693],[12.35069,66.13714],[12.34489,66.13554],[12.3451,66.13737],[12.34937,66.14086],[12.35365,66.14186],[12.35163,66.14248],[12.35327,66.144],[12.35856,66.14609],[12.35791,66.14647],[12.3588,66.14717],[12.35831,66.14735],[12.35515,66.14599],[12.35257,66.14598],[12.35222,66.14642],[12.35308,66.14703],[12.35129,66.14713],[12.35138,66.14795],[12.35519,66.14884],[12.36203,66.14947],[12.36293,66.14875],[12.36455,66.14967],[12.37004,66.15039],[12.37085,66.14943],[12.37165,66.14939],[12.37728,66.15196],[12.38833,66.15561],[12.39665,66.15676],[12.39762,66.15604],[12.39205,66.15342],[12.39598,66.15373],[12.3963,66.15452],[12.40011,66.15585],[12.4014,66.15588],[12.39993,66.1545],[12.39746,66.15351],[12.40126,66.15371],[12.40205,66.15321],[12.40128,66.15257],[12.40264,66.15192],[12.39982,66.15091],[12.39973,66.15051],[12.40305,66.1511],[12.40418,66.15079],[12.40411,66.14581],[12.39777,66.14344],[12.39257,66.1427]],[[12.33915,66.15592],[12.34156,66.15558],[12.34185,66.15502],[12.34116,66.15441],[12.33935,66.15405]],[[12.35168,66.15398],[12.35026,66.15396],[12.35007,66.15442],[12.35574,66.15632],[12.35586,66.15586],[12.35168,66.15398]],[[12.3602,66.15464],[12.35937,66.1546],[12.35906,66.15549],[12.35965,66.15721],[12.36039,66.15738],[12.36106,66.15656],[12.36356,66.15588],[12.3602,66.15464]],[[12.33915,66.15592],[12.33911,66.15631]],[[12.78237,66.16066],[12.78056,66.16047],[12.77499,66.16186],[12.77268,66.16195],[12.77056,66.16319]],[[12.44619,66.15917],[12.4391,66.15673],[12.43768,66.15716],[12.43612,66.15702],[12.43311,66.15564],[12.42525,66.15345],[12.424,66.1537],[12.42462,66.15427],[12.42782,66.15563],[12.42934,66.15579],[12.43083,66.15745],[12.43267,66.15832],[12.43201,66.1586],[12.42923,66.15795],[12.42708,66.15797],[12.42824,66.15887]],[[12.48002,66.15973],[12.47675,66.15929],[12.47664,66.15967]],[[12.30193,66.14059],[12.30398,66.14078],[12.30626,66.1423],[12.30934,66.14275],[12.30682,66.14084],[12.30547,66.14083],[12.30017,66.13753],[12.29578,66.13395],[12.29316,66.13315],[12.28934,66.13007],[12.2894,66.12886],[12.29093,66.12783],[12.29255,66.12857],[12.29268,66.12971],[12.29341,66.12987],[12.29296,66.13127],[12.29527,66.12992],[12.29578,66.13088],[12.29718,66.13079],[12.2979,66.13137],[12.29989,66.13339],[12.29862,66.13516],[12.30155,66.13511],[12.30091,66.13317],[12.29696,66.12878],[12.29794,66.12858],[12.29913,66.12928],[12.30001,66.12883],[12.29687,66.12593],[12.29748,66.12539],[12.3021,66.12669],[12.30692,66.1294],[12.30725,66.13143],[12.30627,66.1325],[12.30879,66.13244],[12.30921,66.13153],[12.31017,66.13154],[12.31274,66.13293],[12.31286,66.13408],[12.31539,66.13465],[12.31479,66.13588],[12.31533,66.13627],[12.31641,66.13596],[12.31724,66.13627],[12.32112,66.14009],[12.3219,66.13996],[12.32176,66.13862],[12.32396,66.13915],[12.32389,66.14031],[12.32612,66.14108],[12.32671,66.14193],[12.32539,66.14248],[12.32433,66.1438],[12.32471,66.14724],[12.32599,66.14855],[12.32851,66.14974],[12.33032,66.15231],[12.33209,66.15336],[12.33238,66.15627],[12.33324,66.1563],[12.33393,66.15546],[12.33347,66.15234],[12.33935,66.15405]],[[12.79458,66.16258],[12.79137,66.16275],[12.78975,66.16366],[12.78789,66.16384],[12.78474,66.16259],[12.78535,66.16135],[12.78237,66.16066]],[[12.97244,66.16696],[12.96791,66.1642],[12.96515,66.1633],[12.96236,66.16293],[12.96133,66.16212],[12.95969,66.162],[12.95811,66.16319],[12.95788,66.16429],[12.9589,66.16609],[12.96207,66.16683]],[[12.86792,66.16393],[12.86579,66.16405],[12.86304,66.16293],[12.86097,66.16303],[12.85895,66.16364],[12.86051,66.16509]],[[12.79458,66.16258],[12.79854,66.16333],[12.79948,66.16408],[12.80373,66.16415],[12.8043,66.16357],[12.80343,66.16156],[12.79877,66.16063]],[[12.30851,66.15684],[12.30884,66.15637],[12.30451,66.15106],[12.302,66.15026],[12.29428,66.14584],[12.29235,66.14527],[12.29001,66.14347],[12.29052,66.14267],[12.2942,66.14155],[12.29537,66.13912],[12.29752,66.13897],[12.29652,66.13805],[12.29766,66.13735],[12.3009,66.13886],[12.30053,66.14028]],[[12.34035,66.15739],[12.33911,66.15631]],[[12.35398,66.15762],[12.3545,66.15708],[12.35334,66.15673],[12.35203,66.15708],[12.35215,66.15759]],[[12.36106,66.15774],[12.35996,66.15772]],[[12.97986,66.16706],[12.97649,66.16597],[12.9764,66.16701]],[[12.44619,66.15917],[12.44961,66.16045]],[[12.55671,66.16096],[12.56036,66.16243]],[[12.72959,66.16359],[12.73115,66.16541],[12.73104,66.166],[12.72975,66.16651]],[[12.9764,66.16701],[12.97775,66.16978],[12.98188,66.17015],[12.98346,66.16984],[12.98362,66.16927],[12.97986,66.16706]],[[12.00652,66.15448],[12.00811,66.15451],[12.0067,66.15301]],[[12.00414,66.15247],[12.00242,66.15209],[12.00112,66.15242],[12.00124,66.15339],[12.00268,66.15447],[12.00427,66.15481],[12.00539,66.15354],[12.00414,66.15247]],[[12.35215,66.15759],[12.35288,66.15849],[12.35868,66.16157],[12.35922,66.16072],[12.35818,66.15901],[12.35599,66.15921],[12.35398,66.15762]],[[12.96207,66.16683],[12.96438,66.16758],[12.96832,66.17043],[12.97415,66.1713],[12.97721,66.17007],[12.97244,66.16696]],[[12.93055,66.17074],[12.92744,66.17],[12.92084,66.17016],[12.91529,66.16986],[12.90973,66.16884],[12.8977,66.1677],[12.89283,66.16623]],[[12.72485,66.16825],[12.7256,66.16761],[12.72484,66.16764],[12.7226,66.16605],[12.72086,66.1655],[12.72181,66.16471]],[[12.00634,66.15604],[12.00947,66.15578],[12.00886,66.15486],[12.01051,66.15416],[12.00945,66.15307],[12.00673,66.15275]],[[12.47664,66.15967],[12.48202,66.1612],[12.48731,66.1636],[12.49207,66.16481],[12.4926,66.16417],[12.48979,66.16304],[12.48799,66.16167],[12.48002,66.15973]],[[12.34968,66.16022],[12.34807,66.15993],[12.34764,66.16073],[12.3506,66.16281],[12.35152,66.1626],[12.35017,66.16179],[12.34968,66.16022]],[[12.54773,66.16081],[12.54843,66.16121],[12.54701,66.16211],[12.54625,66.16414],[12.55612,66.16561],[12.55716,66.16624],[12.55994,66.16674]],[[12.84799,66.16528],[12.84787,66.16677],[12.85289,66.17127]],[[12.55994,66.16674],[12.56315,66.1666],[12.56987,66.16726],[12.57042,66.16636],[12.56675,66.16439],[12.56595,66.16333],[12.56036,66.16243]],[[12.75961,66.1709],[12.76283,66.169],[12.76356,66.16722],[12.76967,66.1674],[12.76998,66.16418]],[[12.42824,66.15887],[12.43848,66.16319],[12.44897,66.16688]],[[12.55983,66.16785],[12.55808,66.1676],[12.5568,66.16779],[12.55974,66.16882]],[[12.50472,66.16735],[12.50814,66.16713],[12.51619,66.16802],[12.5158,66.16743],[12.50516,66.16464],[12.50102,66.16413],[12.49986,66.16466],[12.49738,66.1631],[12.49299,66.16273],[12.4944,66.16383],[12.49333,66.1646],[12.49578,66.16611],[12.50272,66.16809],[12.50472,66.16735]],[[12.68971,66.163],[12.68974,66.16424],[12.68828,66.16573],[12.68885,66.16696],[12.69232,66.16898],[12.69018,66.17005],[12.69118,66.17104]],[[12.5597,66.16922],[12.54582,66.16692],[12.54524,66.16713],[12.54579,66.16776],[12.54475,66.16796],[12.53302,66.16654],[12.53461,66.16765],[12.54025,66.16882]],[[12.5597,66.16922],[12.55974,66.16882]],[[12.85289,66.17127],[12.85652,66.17346],[12.86172,66.17374]],[[12.73354,66.1705],[12.73465,66.16955],[12.73745,66.16949],[12.73991,66.17076],[12.74136,66.17096],[12.74439,66.16974],[12.74543,66.17],[12.74611,66.17115],[12.74938,66.17092],[12.75305,66.17229],[12.75475,66.17224],[12.75533,66.17175],[12.75961,66.1709]],[[12.29301,66.16076],[12.29121,66.16066],[12.29164,66.16179],[12.29364,66.16433],[12.2957,66.16516],[12.29658,66.1646],[12.29569,66.16235],[12.29301,66.16076]],[[12.55983,66.16785],[12.56521,66.16903],[12.56712,66.16995],[12.57498,66.16958],[12.58625,66.17124],[12.58851,66.17084],[12.58703,66.17002],[12.57493,66.16802],[12.57106,66.16634],[12.57044,66.16498],[12.56705,66.16291],[12.56773,66.16265],[12.57625,66.16369],[12.58829,66.16634],[12.58929,66.16606],[12.58019,66.16278],[12.57095,66.16118]],[[12.76433,66.17093],[12.76265,66.17121],[12.76404,66.17388],[12.76554,66.17432],[12.76729,66.1738],[12.76785,66.17288],[12.76618,66.17143],[12.76433,66.17093]],[[12.78905,66.17279],[12.78801,66.17252],[12.78508,66.17322],[12.78497,66.17504],[12.78901,66.17381],[12.78905,66.17279]],[[12.54025,66.16882],[12.53991,66.16915],[12.53539,66.1688],[12.53374,66.16832],[12.52723,66.16815],[12.52762,66.16858],[12.53198,66.16889],[12.53199,66.16971],[12.53558,66.17053],[12.53829,66.17189],[12.53658,66.17221]],[[12.44847,66.17183],[12.45398,66.17425],[12.45561,66.1745],[12.45718,66.17612],[12.4586,66.17597],[12.45884,66.17537],[12.44857,66.17083]],[[12.72589,66.17534],[12.72519,66.174],[12.72579,66.17293],[12.72348,66.16928],[12.72485,66.16825]],[[12.69118,66.17104],[12.69625,66.17489],[12.68947,66.17251]],[[12.72975,66.16651],[12.72821,66.16668],[12.72754,66.16718],[12.72838,66.16773],[12.72704,66.16968],[12.72664,66.17346],[12.72824,66.17494],[12.7307,66.17581],[12.73439,66.17425],[12.73342,66.17281],[12.73354,66.1705]],[[12.44857,66.17083],[12.44532,66.16915],[12.44361,66.16882],[12.44847,66.17183]],[[12.86172,66.17374],[12.8634,66.17477],[12.86607,66.17812],[12.86915,66.17827],[12.87026,66.17874]],[[12.68947,66.17251],[12.68538,66.1709],[12.68277,66.17084],[12.68134,66.17174],[12.67711,66.17042],[12.67602,66.1705],[12.67598,66.17162],[12.67764,66.17245],[12.69513,66.17671]],[[12.73232,66.17654],[12.73078,66.17729]],[[12.73015,66.17739],[12.72736,66.17702],[12.72589,66.17534]],[[12.31249,66.16647],[12.31158,66.16614],[12.31004,66.16623],[12.316,66.17083],[12.3173,66.17112],[12.31782,66.17088],[12.31594,66.16942],[12.31656,66.16901],[12.31592,66.16825],[12.31249,66.16647]],[[12.87026,66.17874],[12.87175,66.1806],[12.87049,66.18091],[12.86834,66.18003],[12.86744,66.18044],[12.86948,66.18165],[12.87061,66.18167],[12.87153,66.18117],[12.87451,66.18192],[12.87567,66.18371]],[[12.28566,66.16737],[12.28471,66.16744],[12.28458,66.16871],[12.28585,66.17047],[12.28676,66.17073],[12.29048,66.16982],[12.28566,66.16737]],[[12.34794,66.17257],[12.34706,66.17224],[12.34152,66.17187],[12.34215,66.17259],[12.34387,66.1725],[12.34663,66.17302],[12.34794,66.17257]],[[12.69513,66.17671],[12.69638,66.17717],[12.69705,66.17868]],[[12.30851,66.15684],[12.31311,66.15965],[12.31236,66.16016],[12.316,66.16251],[12.31646,66.16391],[12.31819,66.16435],[12.31873,66.16524],[12.3178,66.16564],[12.32062,66.16744],[12.32805,66.17088],[12.3294,66.17059],[12.33052,66.17138],[12.33287,66.17156],[12.33734,66.17315]],[[12.31496,66.17215],[12.31391,66.17209],[12.31484,66.17421],[12.3159,66.17375],[12.31496,66.17215]],[[12.33734,66.17315],[12.34247,66.17361],[12.34617,66.17523],[12.34799,66.17533],[12.34862,66.1741],[12.34075,66.17298],[12.34007,66.17159],[12.34346,66.17143],[12.35003,66.17183],[12.35231,66.17133],[12.35201,66.16674],[12.34723,66.16178],[12.34517,66.16082],[12.34246,66.16052],[12.34314,66.15997],[12.34267,66.15891],[12.34035,66.15739]],[[12.44897,66.16688],[12.46124,66.1731],[12.46062,66.17324],[12.45652,66.17221],[12.45528,66.17293],[12.46275,66.17561],[12.46578,66.17601],[12.46997,66.1776]],[[12.35996,66.15772],[12.35936,66.15865],[12.36032,66.15965],[12.36069,66.16222],[12.36165,66.16272],[12.36092,66.16312],[12.36269,66.16464],[12.36066,66.16477],[12.35767,66.16268],[12.35541,66.16185],[12.35434,66.16241],[12.35673,66.16524],[12.35851,66.16604],[12.36217,66.16584],[12.36203,66.16683],[12.363,66.16709],[12.36397,66.167],[12.36526,66.16603],[12.37141,66.16859],[12.37223,66.16934],[12.37023,66.16951],[12.36761,66.16901],[12.36583,66.17006],[12.36822,66.17123],[12.37379,66.17227],[12.37479,66.17289],[12.37339,66.17353],[12.37443,66.17401],[12.37619,66.17357],[12.38165,66.17529],[12.39059,66.17675],[12.3911,66.1721],[12.39349,66.17176],[12.38872,66.16891],[12.385,66.1681],[12.38713,66.16753],[12.39081,66.16847],[12.39372,66.16854],[12.39448,66.16836],[12.39411,66.16797],[12.38949,66.16708],[12.38838,66.16557],[12.3845,66.16468],[12.38309,66.1649],[12.38392,66.16562],[12.38338,66.16591],[12.38136,66.16509],[12.38166,66.1645],[12.38032,66.16426],[12.37931,66.16473],[12.37793,66.1647],[12.37676,66.16389],[12.37467,66.16352],[12.37309,66.16433],[12.37138,66.16378],[12.37044,66.16244],[12.36951,66.16362],[12.36985,66.16438],[12.36725,66.16413],[12.36667,66.16251],[12.36722,66.15861],[12.36469,66.15876],[12.36337,66.15923],[12.36106,66.15774]],[[12.44784,66.17805],[12.44467,66.17749],[12.44344,66.17829],[12.4477,66.1794]],[[12.33711,66.17535],[12.33702,66.17617]],[[12.7671,66.18557],[12.76596,66.18507],[12.76495,66.18534],[12.7643,66.18674],[12.7665,66.18692],[12.7671,66.18557]],[[12.47657,66.18153],[12.46756,66.17903],[12.46638,66.17931],[12.46414,66.17877],[12.46315,66.17906],[12.46494,66.18023],[12.46815,66.18137],[12.47482,66.18265]],[[12.44961,66.16045],[12.45581,66.16252],[12.4702,66.1692],[12.47682,66.17142],[12.48084,66.17352],[12.49109,66.17745],[12.49588,66.17839],[12.49629,66.17808],[12.49109,66.17609],[12.49073,66.17516],[12.4945,66.17608],[12.4948,66.17489],[12.49665,66.17466],[12.50179,66.1763],[12.50317,66.17602],[12.50706,66.17716],[12.51205,66.17738],[12.52374,66.18125],[12.52742,66.18172],[12.52719,66.1812],[12.5245,66.18065],[12.51627,66.17778],[12.52326,66.17751],[12.52475,66.17711],[12.527,66.1775],[12.52935,66.17736],[12.53242,66.17793],[12.53153,66.17717],[12.53356,66.17686],[12.53386,66.17649],[12.53057,66.17569],[12.52994,66.17496],[12.53327,66.17466],[12.53244,66.17377],[12.53431,66.17364],[12.53533,66.17313],[12.53495,66.17234],[12.53658,66.17221]],[[12.37269,66.1778],[12.37441,66.17897],[12.37623,66.17879],[12.3732,66.17641],[12.37034,66.17561],[12.3683,66.17589],[12.36837,66.1772],[12.37025,66.17818],[12.36983,66.17889],[12.37129,66.17947],[12.37197,66.17932],[12.37156,66.17838],[12.37269,66.1778]],[[12.46997,66.1776],[12.47075,66.17817],[12.46994,66.17873],[12.4766,66.18059],[12.47657,66.18153]],[[12.74682,66.18438],[12.74904,66.18496],[12.7503,66.18439],[12.75382,66.18482],[12.75754,66.18596],[12.75921,66.18561],[12.75883,66.18407],[12.75674,66.18388],[12.75524,66.18282],[12.75144,66.18228],[12.75113,66.18157],[12.75319,66.18162],[12.75346,66.18109],[12.75159,66.18067],[12.75069,66.18099],[12.74889,66.1809],[12.74551,66.17994],[12.74475,66.17872],[12.74591,66.17803],[12.74422,66.17707],[12.74259,66.17666],[12.74029,66.17733],[12.73325,66.17612],[12.73232,66.17654]],[[12.4477,66.1794],[12.44917,66.17896],[12.45296,66.18063],[12.45887,66.18166],[12.46027,66.18181],[12.46137,66.18127],[12.45509,66.17897],[12.45442,66.17917],[12.45561,66.1802],[12.4538,66.18004],[12.449,66.17813],[12.44784,66.17805]],[[12.71229,66.18439],[12.7162,66.18446],[12.71852,66.18313],[12.72231,66.18245],[12.72966,66.18262],[12.73234,66.18381],[12.73924,66.18409],[12.74056,66.18452],[12.73832,66.18552],[12.73854,66.18634],[12.74517,66.18589],[12.74409,66.18473],[12.74538,66.1841],[12.74682,66.18438]],[[12.33648,66.18131],[12.33317,66.17994],[12.3346,66.18159],[12.33642,66.18188]],[[12.69705,66.17868],[12.6959,66.17917],[12.69439,66.17913],[12.6849,66.1767],[12.67999,66.17687],[12.67351,66.17644],[12.67112,66.17666],[12.67346,66.17782],[12.67365,66.18],[12.67604,66.18126],[12.67547,66.1822],[12.67789,66.18283],[12.67517,66.18294],[12.67469,66.18371],[12.68001,66.18469],[12.68294,66.18415],[12.68671,66.18657],[12.68914,66.18685],[12.69225,66.18604],[12.69927,66.18604],[12.70361,66.18429],[12.7074,66.18472],[12.71229,66.18439]],[[12.46361,66.18028],[12.46041,66.17796],[12.45944,66.17814],[12.45669,66.17764],[12.46196,66.18003],[12.46119,66.18027],[12.46178,66.18153],[12.4685,66.18376],[12.46963,66.18309],[12.46414,66.18087],[12.46361,66.18028]],[[12.32117,66.1766],[12.32034,66.1767],[12.31973,66.17801],[12.32136,66.1811],[12.32558,66.18186],[12.32574,66.18059],[12.32406,66.1796],[12.32331,66.17792],[12.32117,66.1766]],[[12.96482,66.19199],[12.9631,66.18949],[12.96222,66.18583],[12.96328,66.18467],[12.96553,66.18441],[12.96633,66.18375],[12.96229,66.18295],[12.96206,66.18242],[12.96271,66.18196],[12.96691,66.18155],[12.96554,66.18012],[12.96787,66.17976],[12.96797,66.17943],[12.9657,66.17883],[12.96539,66.17806],[12.96375,66.17735],[12.96321,66.17758],[12.96419,66.17894],[12.96337,66.17899],[12.96015,66.17753],[12.96057,66.17875],[12.95992,66.17894],[12.95683,66.17808],[12.95435,66.17669],[12.95092,66.17598],[12.94887,66.176],[12.93907,66.17388],[12.93564,66.1717],[12.93055,66.17074]],[[12.33702,66.17617],[12.34279,66.17858],[12.3497,66.18294],[12.35206,66.18314],[12.35269,66.18235],[12.34945,66.17933],[12.3503,66.17838],[12.3499,66.17773],[12.33876,66.17506],[12.33711,66.17535]],[[12.33669,66.17933],[12.33216,66.17766],[12.33163,66.17785],[12.33329,66.17964],[12.33083,66.1786],[12.32983,66.17867],[12.33178,66.18013],[12.33153,66.1811],[12.33315,66.18218],[12.33627,66.18327]],[[12.36438,66.17957],[12.36218,66.17921],[12.36124,66.17941],[12.36327,66.18009],[12.36255,66.181],[12.36741,66.1842],[12.37406,66.18554],[12.37128,66.18383],[12.37063,66.18278],[12.36603,66.18097],[12.36438,66.17957]],[[12.46356,66.18669],[12.46106,66.18515],[12.45949,66.18478],[12.45815,66.18505],[12.45801,66.18546],[12.45893,66.18536],[12.46082,66.18614],[12.46044,66.1864],[12.45926,66.18604],[12.45854,66.18629],[12.46045,66.18718],[12.46188,66.18746],[12.46356,66.18669]],[[12.33627,66.18327],[12.33965,66.18567],[12.34206,66.18648],[12.34555,66.18681],[12.34857,66.18645],[12.34954,66.18732],[12.35128,66.18773],[12.35005,66.18441],[12.3471,66.18367],[12.34453,66.18114],[12.34019,66.17894],[12.33794,66.17895],[12.33669,66.17933]],[[12.34079,66.18725],[12.33928,66.18689],[12.33764,66.18737],[12.34044,66.18889],[12.34547,66.19058],[12.3489,66.19101],[12.34981,66.19038],[12.34324,66.18867],[12.34079,66.18725]],[[12.37345,66.18921],[12.36712,66.18797],[12.36736,66.18874],[12.37326,66.18991],[12.37393,66.18967],[12.37345,66.18921]],[[12.33577,66.18807],[12.33318,66.18703],[12.33213,66.18709],[12.33311,66.18881],[12.33562,66.18945]],[[12.6193,66.19457],[12.62103,66.19447],[12.62717,66.19246],[12.63091,66.18928],[12.63088,66.1886],[12.62928,66.18675],[12.62959,66.18528],[12.62541,66.18227],[12.62795,66.18016],[12.62795,66.17936],[12.6272,66.17891],[12.62616,66.17909],[12.62545,66.17882],[12.62278,66.17656],[12.62232,66.17491],[12.62368,66.17359],[12.62404,66.17198],[12.62117,66.16992],[12.62193,66.16796],[12.62143,66.16652],[12.62026,66.16564],[12.61784,66.16533],[12.61614,66.16411],[12.61541,66.16279],[12.61619,66.16188]],[[12.87567,66.18371],[12.87317,66.18624],[12.87472,66.188],[12.87383,66.18886],[12.87369,66.19114],[12.87593,66.1955],[12.87778,66.19679],[12.88432,66.19783],[12.88567,66.19844]],[[12.34931,66.18806],[12.34632,66.18772],[12.34583,66.18795],[12.34863,66.18964],[12.35079,66.18993],[12.35229,66.19061],[12.35254,66.18999],[12.34931,66.18806]],[[12.42378,66.4142],[12.41933,66.41377],[12.41837,66.41402],[12.42043,66.41559],[12.42353,66.4166]],[[12.45096,66.19102],[12.44711,66.19023],[12.44863,66.1916],[12.45161,66.19255],[12.45287,66.1918],[12.45096,66.19102]],[[12.44649,66.19142],[12.44161,66.19],[12.44032,66.19031],[12.44099,66.19171],[12.44623,66.19399]],[[12.37239,66.19163],[12.37103,66.19164],[12.37187,66.19223],[12.37602,66.19311],[12.37239,66.19163]],[[12.41366,66.19345],[12.41129,66.19225],[12.40812,66.1921],[12.40718,66.19281],[12.40835,66.19356],[12.41119,66.19322],[12.41339,66.19397],[12.41366,66.19345]],[[12.40596,66.19222],[12.40368,66.19148],[12.40342,66.19199],[12.40083,66.19198],[12.40231,66.19316],[12.40501,66.19425],[12.40605,66.19389],[12.40596,66.19222]],[[12.34366,66.19193],[12.342,66.19126],[12.34019,66.1917],[12.34274,66.193],[12.34425,66.19324],[12.34366,66.19193]],[[12.6154,66.1981],[12.61557,66.19767],[12.61851,66.19711],[12.62003,66.1961],[12.62013,66.19568],[12.61824,66.19571],[12.61764,66.19528],[12.6193,66.19457]],[[12.43205,66.19333],[12.42942,66.19297],[12.43227,66.19522],[12.43424,66.19555],[12.43205,66.19333]],[[12.55156,66.20201],[12.55511,66.20336],[12.55438,66.20418],[12.55629,66.20451]],[[12.44594,66.19693],[12.44688,66.19683],[12.44656,66.1963],[12.44792,66.1959],[12.44613,66.19501]],[[12.44613,66.19501],[12.44362,66.19409],[12.43874,66.19339],[12.43871,66.19498],[12.44108,66.19695],[12.44369,66.19738],[12.44442,66.19681],[12.44594,66.19693]],[[12.89212,66.43124],[12.89133,66.42947],[12.89158,66.4283],[12.89234,66.42812]],[[12.97081,66.2032],[12.96686,66.20315],[12.96738,66.20425],[12.97099,66.20598],[12.97303,66.2048],[12.97081,66.2032]],[[12.81227,66.202],[12.81114,66.20242],[12.81139,66.20335],[12.81256,66.20399],[12.81461,66.20425],[12.81548,66.20368],[12.81316,66.20313],[12.81227,66.202]],[[12.43235,66.19689],[12.42955,66.19534],[12.42316,66.19338],[12.42246,66.19357],[12.42393,66.19511],[12.42157,66.19453],[12.42095,66.19371],[12.41862,66.19299],[12.41801,66.19323],[12.41586,66.19296],[12.41796,66.19423],[12.42117,66.19466],[12.42277,66.19593],[12.4249,66.1967],[12.42747,66.19672],[12.42703,66.19592],[12.42835,66.19625],[12.42923,66.19744],[12.43231,66.19844],[12.43364,66.19788],[12.43235,66.19689]],[[12.44623,66.19399],[12.45344,66.19496],[12.45412,66.19384],[12.45687,66.19586],[12.45888,66.19652],[12.45751,66.1969],[12.45515,66.19604],[12.45091,66.19564],[12.45458,66.19827],[12.46638,66.19909],[12.46733,66.19883],[12.46553,66.19796],[12.46936,66.19849],[12.46746,66.19732],[12.46461,66.19708],[12.46371,66.19784],[12.46063,66.1973],[12.46085,66.1969],[12.46244,66.19701],[12.46189,66.19642],[12.46291,66.19594],[12.45831,66.19299],[12.45495,66.19325],[12.45286,66.19292],[12.45206,66.19338],[12.44649,66.19142]],[[12.61014,66.20667],[12.61057,66.20514],[12.60741,66.20285],[12.61438,66.20119],[12.6155,66.20057],[12.6154,66.1981]],[[12.81098,66.20964],[12.81319,66.20967]],[[12.94309,66.21145],[12.93823,66.21061],[12.93617,66.20967],[12.9333,66.20942]],[[12.96123,66.21169],[12.96368,66.21043],[12.96238,66.20865],[12.96222,66.20526],[12.96333,66.2011],[12.96474,66.20007],[12.96617,66.20001],[12.96802,66.19932],[12.96482,66.19199]],[[12.08784,66.19907],[12.08615,66.19919],[12.08583,66.2022],[12.08784,66.19907]],[[12.47502,66.18319],[12.47366,66.18302],[12.47287,66.18351],[12.47143,66.18321],[12.47115,66.18354],[12.48084,66.18834],[12.48202,66.18835],[12.48223,66.18747],[12.48327,66.18744],[12.48635,66.18911],[12.48964,66.19006],[12.49271,66.19198],[12.49316,66.19109],[12.49498,66.1909],[12.49398,66.19017],[12.49515,66.19007],[12.49934,66.19227],[12.50313,66.1933],[12.50149,66.19358],[12.49805,66.19346],[12.48926,66.19157],[12.48512,66.19145],[12.47496,66.18886],[12.47155,66.18735],[12.46644,66.18583],[12.46592,66.18602],[12.46692,66.1876],[12.46487,66.1887],[12.46217,66.18876],[12.46175,66.18938],[12.46255,66.19012],[12.4566,66.18864],[12.45422,66.18868],[12.45368,66.18925],[12.45057,66.18877],[12.45034,66.18957],[12.45356,66.19116],[12.46963,66.1957],[12.4713,66.1953],[12.47613,66.19641],[12.47754,66.19559],[12.48006,66.19591],[12.48218,66.19727],[12.48755,66.19719],[12.48822,66.19669],[12.50169,66.19855],[12.50175,66.19814],[12.49877,66.19719],[12.50013,66.19699],[12.5041,66.19838],[12.50964,66.19954],[12.52572,66.20047],[12.52416,66.19959],[12.50862,66.1968]],[[12.50897,66.19653],[12.52979,66.19986],[12.53243,66.19975],[12.53109,66.19921],[12.53206,66.19899],[12.53395,66.19956],[12.54751,66.20141],[12.54911,66.20206],[12.55156,66.20201]],[[12.91973,66.20779],[12.91967,66.20723],[12.91852,66.2069],[12.91446,66.20817],[12.90821,66.20759],[12.90729,66.20479],[12.90364,66.20439],[12.89746,66.20244],[12.89157,66.1997],[12.89005,66.19953]],[[12.84348,66.20596],[12.84175,66.20554],[12.84008,66.20584],[12.8386,66.20525],[12.83738,66.20523],[12.83761,66.2058],[12.84172,66.20758],[12.84396,66.2066],[12.84348,66.20596]],[[12.91973,66.20779],[12.92079,66.20897],[12.92514,66.21014],[12.92953,66.20942],[12.9333,66.20942]],[[12.41147,66.19798],[12.40917,66.19752],[12.40698,66.19612],[12.40532,66.19589],[12.40774,66.1975],[12.40758,66.19792],[12.41747,66.20147],[12.41986,66.20161],[12.41894,66.20079],[12.41362,66.19939],[12.41147,66.19798]],[[12.56259,66.20593],[12.56037,66.20466],[12.55629,66.20451]],[[12.80554,66.20867],[12.8085,66.20839],[12.80808,66.20696],[12.80651,66.20638],[12.80451,66.20678],[12.80396,66.20795],[12.80554,66.20867]],[[12.54779,66.2089],[12.54382,66.20801],[12.54264,66.20822],[12.54415,66.20943],[12.54786,66.20971],[12.54779,66.2089]],[[12.55603,66.20727],[12.55968,66.20767]],[[12.94309,66.21145],[12.95146,66.21205],[12.95904,66.21325],[12.9623,66.21326],[12.96314,66.21294],[12.9611,66.2123],[12.96123,66.21169]],[[12.55968,66.20767],[12.56014,66.20728],[12.56343,66.20712],[12.56259,66.20593]],[[12.54601,66.20614],[12.54289,66.20613],[12.54452,66.2074],[12.54999,66.20893],[12.55433,66.20907],[12.55405,66.20845],[12.54848,66.20733],[12.54601,66.20614]],[[12.55603,66.20727],[12.55402,66.20704],[12.55299,66.20731],[12.55584,66.20926]],[[12.60794,66.2114],[12.61074,66.21063],[12.61256,66.20918],[12.61233,66.20854],[12.61015,66.20912],[12.6086,66.20858],[12.61014,66.20667]],[[12.78781,66.21424],[12.78348,66.21365],[12.77773,66.21364]],[[12.60764,66.21175],[12.60794,66.2114]],[[12.55572,66.2104],[12.55476,66.20989],[12.55101,66.20934],[12.5498,66.20969],[12.5496,66.21108],[12.55144,66.21178],[12.55405,66.21189],[12.55568,66.21088]],[[12.98409,66.21578],[12.98253,66.21595],[12.98909,66.21769],[12.99365,66.21819],[12.98954,66.21652],[12.98409,66.21578]],[[12.09286,66.20368],[12.09147,66.20135],[12.09343,66.20181],[12.09364,66.20118],[12.09152,66.19983],[12.08981,66.19965],[12.08746,66.20265],[12.08801,66.20355],[12.08971,66.20355],[12.0924,66.20421],[12.09286,66.20368]],[[12.79792,66.21316],[12.7931,66.21303],[12.79222,66.21362],[12.79549,66.21602],[12.79897,66.21426],[12.79792,66.21316]],[[12.99908,66.21844],[12.99811,66.218],[12.99415,66.21835],[12.99727,66.21913],[12.99908,66.21844]],[[12.77773,66.21364],[12.77571,66.21372],[12.77485,66.21414],[12.77736,66.21707]],[[12.78781,66.21424],[12.79255,66.2152],[12.79415,66.21647],[12.79552,66.21643],[12.79525,66.21798],[12.79659,66.21808],[12.79702,66.2185]],[[12.5553,66.21475],[12.55528,66.21499]],[[12.55524,66.21537],[12.55528,66.21499]],[[12.22216,66.21122],[12.22284,66.21022],[12.22233,66.20967]],[[12.22233,66.20967],[12.21995,66.20832],[12.21955,66.20667],[12.217,66.20455],[12.21581,66.20436],[12.21452,66.20545],[12.21464,66.20627],[12.21832,66.20989],[12.22043,66.21122],[12.22216,66.21122]],[[12.19808,66.20847],[12.19667,66.20856],[12.19678,66.20959],[12.20026,66.21168],[12.20002,66.20956],[12.19808,66.20847]],[[12.55524,66.21537],[12.55298,66.21524],[12.55166,66.21567],[12.55498,66.21811]],[[12.17567,66.20857],[12.17424,66.2085],[12.17331,66.20885],[12.17304,66.21095],[12.17382,66.21145],[12.17698,66.21191],[12.17567,66.20857]],[[12.52926,66.21704],[12.52577,66.21696],[12.52558,66.21754],[12.52937,66.21787],[12.52926,66.21704]],[[12.84155,66.22339],[12.84165,66.22272],[12.83964,66.22227],[12.83328,66.22249],[12.83019,66.22206],[12.82934,66.22159],[12.83044,66.22106],[12.8288,66.21996],[12.83084,66.21872],[12.83331,66.21847],[12.83304,66.218],[12.83152,66.21743],[12.83063,66.21813],[12.82902,66.21817],[12.82675,66.21651],[12.8215,66.21498],[12.81928,66.21391],[12.81839,66.21395],[12.81793,66.21445],[12.81675,66.21411],[12.81392,66.21149],[12.81453,66.21097],[12.81319,66.20967]],[[12.5553,66.21475],[12.55982,66.21516],[12.56296,66.21602],[12.56412,66.21699],[12.57155,66.21955],[12.57666,66.22012],[12.57781,66.21997],[12.57369,66.21915],[12.57302,66.21818],[12.57373,66.21782],[12.58249,66.21829],[12.57789,66.21716],[12.57658,66.21635],[12.56749,66.21553],[12.56313,66.2147],[12.56157,66.21369],[12.56468,66.21297],[12.56448,66.21244],[12.56186,66.21167],[12.56037,66.21059],[12.55584,66.20926]],[[12.77736,66.21707],[12.77539,66.2192],[12.77122,66.21934],[12.76961,66.22037],[12.77267,66.22203],[12.77166,66.22305]],[[12.6103,66.21922],[12.60812,66.21877],[12.60706,66.21895],[12.60861,66.22063],[12.61077,66.22043],[12.61136,66.21998],[12.6103,66.21922]],[[12.55487,66.21923],[12.55997,66.22011],[12.55829,66.21889],[12.55498,66.21811]],[[12.55487,66.21923],[12.55446,66.21873],[12.55204,66.21821],[12.54977,66.21779],[12.54827,66.21794],[12.54947,66.21873],[12.55478,66.2202]],[[12.32383,66.23265],[12.32057,66.23173],[12.31901,66.23232],[12.32041,66.23294],[12.32536,66.2336],[12.32582,66.23301],[12.32383,66.23265]],[[12.81692,66.22563],[12.81023,66.22042],[12.80796,66.22009],[12.80646,66.22083],[12.80416,66.22008],[12.80075,66.22019],[12.79889,66.21982],[12.79702,66.2185]],[[12.19915,66.2136],[12.19797,66.21257],[12.19648,66.21262],[12.19444,66.21098],[12.19257,66.21056],[12.19246,66.20942],[12.19071,66.2085],[12.18949,66.20948],[12.19016,66.21187],[12.18953,66.21246],[12.1878,66.2107],[12.18731,66.2077],[12.18589,66.20782],[12.1848,66.2099],[12.18583,66.21087],[12.18544,66.21205],[12.18662,66.21305],[12.19798,66.21427],[12.19908,66.21419],[12.19915,66.2136]],[[12.77166,66.22305],[12.77003,66.22365]],[[12.81098,66.20964],[12.81016,66.20983],[12.80959,66.21158],[12.81081,66.21281],[12.81365,66.21369],[12.81369,66.21481],[12.81114,66.21493],[12.80944,66.21385],[12.80674,66.21306],[12.80501,66.213],[12.80428,66.21356],[12.8169,66.21634],[12.82283,66.21844],[12.82257,66.21926],[12.82103,66.2195],[12.82215,66.22074],[12.81978,66.22211],[12.82302,66.22558]],[[12.21404,66.21306],[12.21161,66.21176],[12.20881,66.21208],[12.20872,66.20943],[12.20581,66.20815],[12.20393,66.20822],[12.20406,66.20945],[12.20253,66.20934],[12.20223,66.20967],[12.20311,66.21285],[12.20452,66.21391],[12.21825,66.21607],[12.21404,66.21306]],[[12.22178,66.21468],[12.21947,66.21202],[12.21843,66.21176],[12.2186,66.21085],[12.21387,66.2068],[12.21049,66.20515],[12.20998,66.20597],[12.21074,66.20915],[12.21682,66.21393],[12.21837,66.21433],[12.22,66.21616],[12.22159,66.21643]],[[12.22159,66.21643],[12.22287,66.216],[12.22308,66.21665],[12.22739,66.21725],[12.22621,66.21633],[12.22682,66.21568],[12.22456,66.21472],[12.22514,66.21308],[12.22385,66.2123],[12.22249,66.21274],[12.22284,66.21463],[12.22178,66.21468]],[[12.16102,66.21502],[12.15984,66.21475],[12.15877,66.21518],[12.16128,66.21615],[12.16331,66.21631],[12.16102,66.21502]],[[12.75539,66.22599],[12.75366,66.22476],[12.75188,66.22471],[12.75079,66.22544],[12.74806,66.22549],[12.74662,66.22603],[12.7488,66.22687],[12.74838,66.22736],[12.74328,66.22701],[12.74299,66.22733],[12.74611,66.22859],[12.74761,66.22976]],[[12.20081,66.21636],[12.19946,66.21622],[12.19866,66.21767],[12.20203,66.21804],[12.20081,66.21636]],[[12.90856,66.22862],[12.9101,66.2284],[12.91268,66.22865],[12.91506,66.22783],[12.91524,66.22702],[12.91241,66.22686],[12.91126,66.22715],[12.90777,66.22602],[12.90728,66.22638],[12.9046,66.22636],[12.90487,66.22712],[12.90754,66.22834],[12.9066,66.2289],[12.90693,66.2293],[12.90815,66.22931],[12.90856,66.22862]],[[12.93556,66.22806],[12.93488,66.22711],[12.93944,66.22695],[12.95332,66.22799],[12.96204,66.22822],[12.9695,66.2294],[12.97659,66.22949],[12.98236,66.23052]],[[12.12911,66.21572],[12.12651,66.21549],[12.12799,66.21702],[12.12913,66.21697],[12.12854,66.21657],[12.12958,66.21632],[12.12911,66.21572]],[[12.14174,66.2138],[12.13997,66.21379],[12.13991,66.21451],[12.14385,66.21663],[12.14717,66.21743],[12.14632,66.21671],[12.14419,66.21613],[12.14542,66.21546],[12.14412,66.21456],[12.14174,66.2138]],[[12.18685,66.21728],[12.18206,66.21644],[12.18293,66.21715],[12.18646,66.21825],[12.18821,66.21798],[12.18685,66.21728]],[[12.19079,66.21813],[12.18933,66.21803],[12.18939,66.21885],[12.19322,66.21918],[12.19313,66.21877],[12.19079,66.21813]],[[12.77003,66.22365],[12.76821,66.22315],[12.76636,66.22315],[12.76672,66.22475],[12.76544,66.22514],[12.76376,66.2231],[12.76157,66.22247],[12.75948,66.22255],[12.75888,66.22321],[12.76019,66.22513],[12.75826,66.22644],[12.75757,66.22862]],[[12.99854,66.23225],[12.98633,66.2301],[12.98236,66.23052]],[[12.75539,66.22599],[12.75511,66.22824],[12.75655,66.22894]],[[12.75757,66.22862],[12.75759,66.22905],[12.75655,66.22894]],[[12.93556,66.22806],[12.92964,66.22884],[12.92776,66.22847],[12.92694,66.22768],[12.92344,66.22737],[12.91938,66.22912],[12.922,66.23226]],[[12.32766,66.22316],[12.32778,66.22227],[12.32426,66.22182],[12.32267,66.22248],[12.32141,66.22204],[12.32262,66.2216],[12.32034,66.22139],[12.31979,66.22233],[12.32603,66.22331],[12.32766,66.22316]],[[12.17805,66.221],[12.1771,66.22043],[12.17934,66.22053],[12.17951,66.22006],[12.17504,66.21912],[12.17596,66.22094],[12.17805,66.221]],[[12.55478,66.2202],[12.55968,66.22149],[12.5614,66.2215],[12.56309,66.2207],[12.56698,66.22088],[12.56922,66.22181],[12.56948,66.2229],[12.57594,66.22327],[12.57445,66.22405],[12.57634,66.22502],[12.58255,66.22675],[12.58517,66.2268],[12.58525,66.22751],[12.58767,66.22816],[12.59139,66.22681],[12.59137,66.22628],[12.58927,66.22591],[12.58894,66.22486],[12.59313,66.22542],[12.59515,66.2251],[12.59617,66.2242],[12.59505,66.22378],[12.59958,66.22207],[12.5996,66.22091],[12.59495,66.21987],[12.59793,66.21954],[12.59942,66.21982],[12.60279,66.21968],[12.60403,66.2187],[12.60749,66.21857],[12.61097,66.21788],[12.60971,66.21681],[12.60672,66.21616],[12.60647,66.21539],[12.60779,66.21394],[12.60764,66.21175]],[[12.73019,66.228],[12.72544,66.22817],[12.72757,66.22889],[12.72903,66.23013],[12.73199,66.23082],[12.73184,66.23009],[12.73039,66.22959],[12.73105,66.22897],[12.73019,66.228]],[[12.2213,66.21906],[12.21959,66.21811],[12.21814,66.21789],[12.21685,66.21952],[12.2163,66.21852],[12.21275,66.21755],[12.21058,66.21877],[12.2114,66.22142],[12.22084,66.22317]],[[12.55418,66.22634],[12.54908,66.22578],[12.5485,66.2263],[12.55143,66.2275],[12.5465,66.22731],[12.55394,66.22883]],[[12.1895,66.22196],[12.18408,66.22104],[12.1849,66.22208],[12.1867,66.22259],[12.18989,66.2227],[12.1895,66.22196]],[[12.55394,66.22883],[12.55681,66.22824],[12.5684,66.22968],[12.57184,66.22925],[12.57134,66.22839],[12.57323,66.22811],[12.57439,66.2283],[12.57464,66.22888],[12.57831,66.22889],[12.57938,66.22934],[12.58153,66.22872],[12.58011,66.22801],[12.58065,66.22734],[12.57793,66.2272],[12.57488,66.22655],[12.57373,66.22544],[12.57111,66.22501],[12.56861,66.22519],[12.56712,66.22435],[12.56336,66.224],[12.5593,66.2242],[12.5584,66.22544],[12.55941,66.22601],[12.56242,66.22631],[12.56238,66.22662],[12.55418,66.22634]],[[12.84155,66.22339],[12.84621,66.22568],[12.84851,66.22833],[12.85473,66.23155],[12.85913,66.23295],[12.85879,66.23413]],[[12.17276,66.21877],[12.17161,66.21829],[12.17037,66.2186],[12.16831,66.21726],[12.16729,66.21743],[12.16713,66.21819],[12.16859,66.21898],[12.16772,66.2196],[12.17051,66.22212],[12.17486,66.22403],[12.1754,66.22371],[12.17459,66.22238],[12.17153,66.21991],[12.17276,66.21877]],[[12.71586,66.23172],[12.71176,66.23007],[12.70878,66.2299],[12.70687,66.23043],[12.7033,66.23025],[12.70175,66.23088],[12.70402,66.23245],[12.69951,66.2324],[12.7013,66.23319],[12.70376,66.23343],[12.70893,66.23319],[12.71103,66.23405]],[[12.1571,66.22263],[12.15482,66.2225],[12.15498,66.22374],[12.1596,66.22492],[12.15918,66.22381],[12.1571,66.22263]],[[12.22084,66.22317],[12.22762,66.22405],[12.23359,66.22565],[12.2347,66.22568],[12.23566,66.22487],[12.23665,66.22486],[12.23692,66.22542],[12.23575,66.22595],[12.23931,66.22647],[12.2414,66.22587],[12.24266,66.22492],[12.2423,66.22398],[12.24068,66.22328],[12.23904,66.224],[12.23795,66.22326],[12.23658,66.22356],[12.23477,66.22264],[12.23211,66.22317],[12.23039,66.22203],[12.22745,66.22147],[12.22502,66.21937],[12.22298,66.21889],[12.2213,66.21906]],[[12.20469,66.22455],[12.20295,66.22458],[12.20289,66.22534],[12.20745,66.22583],[12.20706,66.22526],[12.20469,66.22455]],[[12.81692,66.22563],[12.8264,66.23065],[12.8332,66.23309],[12.83623,66.23362],[12.83567,66.23402],[12.83324,66.2343],[12.83609,66.23444],[12.83643,66.23656],[12.83752,66.23667],[12.84368,66.23557],[12.84717,66.23608],[12.8484,66.23576],[12.84314,66.23348],[12.8451,66.23294],[12.83893,66.23211],[12.82983,66.2295],[12.82302,66.22558]],[[12.26694,66.22799],[12.26484,66.22732],[12.26493,66.22825],[12.26646,66.22904],[12.26782,66.22915],[12.26694,66.22799]],[[12.71103,66.23405],[12.71724,66.23646],[12.71965,66.2361],[12.71996,66.23467],[12.71586,66.23172]],[[12.33151,66.2284],[12.31534,66.22611],[12.31215,66.22613],[12.30879,66.22542],[12.30644,66.22551],[12.30699,66.22632],[12.31856,66.22806],[12.32236,66.22821],[12.3259,66.22977],[12.3313,66.23045]],[[12.3313,66.23045],[12.33304,66.23026],[12.33468,66.22936],[12.33151,66.2284]],[[12.26071,66.22525],[12.25716,66.22487],[12.25695,66.22751],[12.25838,66.229],[12.26248,66.22928],[12.26307,66.22842],[12.26082,66.22631],[12.26135,66.22544],[12.26071,66.22525]],[[12.16533,66.22518],[12.16615,66.2248],[12.16408,66.22367],[12.16324,66.22236],[12.16137,66.22177],[12.16014,66.22186],[12.16036,66.22335],[12.16201,66.22434],[12.16479,66.22493],[12.16216,66.22496],[12.16192,66.22538],[12.16792,66.22745],[12.16953,66.22762],[12.16863,66.22647],[12.16533,66.22518]],[[12.86667,66.23478],[12.86576,66.23463],[12.86569,66.23538],[12.86841,66.2383],[12.87041,66.23939],[12.87267,66.23928],[12.87273,66.23867],[12.86988,66.23796],[12.86973,66.23672],[12.86667,66.23478]],[[12.1066,66.22648],[12.10525,66.22602],[12.1042,66.22639],[12.10111,66.22551],[12.09995,66.22556],[12.1033,66.22725],[12.10656,66.22717],[12.1066,66.22648]],[[12.73243,66.23715],[12.73198,66.23685],[12.72964,66.23694],[12.72953,66.2359],[12.73182,66.23497],[12.72811,66.23201],[12.71671,66.22881],[12.71402,66.22889],[12.71377,66.22987],[12.71792,66.231],[12.72361,66.23425],[12.72332,66.23476],[12.72162,66.23496],[12.72071,66.23593],[12.7215,66.23684],[12.72581,66.23712],[12.73202,66.23819],[12.73243,66.23715]],[[12.28022,66.22943],[12.27683,66.2279],[12.27607,66.22806],[12.27686,66.22908],[12.27502,66.22867],[12.27171,66.22876],[12.27023,66.2283],[12.2695,66.22859],[12.27251,66.23029],[12.28095,66.23124],[12.28138,66.23072],[12.28022,66.22943]],[[12.23028,66.2296],[12.2264,66.2296],[12.22873,66.2303],[12.23464,66.23068],[12.23394,66.23015],[12.23028,66.2296]],[[12.74295,66.23635],[12.74059,66.23632],[12.73956,66.2369],[12.74822,66.23919],[12.74535,66.23696],[12.74295,66.23635]],[[12.31878,66.23166],[12.31387,66.23094],[12.31258,66.23119],[12.31709,66.23236],[12.31813,66.23232],[12.31878,66.23166]],[[12.69633,66.2373],[12.69551,66.23695],[12.69379,66.23717],[12.69327,66.23671],[12.69087,66.23702],[12.69153,66.23822],[12.69655,66.23891],[12.69701,66.23803],[12.69633,66.2373]],[[12.74424,66.2389],[12.74069,66.23831],[12.73967,66.2385],[12.73984,66.23891],[12.74208,66.23957],[12.74597,66.23972],[12.74604,66.23935],[12.74424,66.2389]],[[12.23976,66.23058],[12.23691,66.2305],[12.23658,66.23083],[12.24085,66.23169],[12.23976,66.23058]],[[12.70528,66.23796],[12.70215,66.23804],[12.69996,66.23885],[12.70634,66.23928],[12.70528,66.23796]],[[12.7084,66.23736],[12.70693,66.23753],[12.70883,66.2382],[12.70901,66.23898],[12.71107,66.23963],[12.71183,66.23922],[12.71094,66.23854],[12.70907,66.23814],[12.7084,66.23736]],[[12.2713,66.23421],[12.27071,66.23366],[12.26232,66.23255],[12.26006,66.23239],[12.25894,66.23288],[12.26405,66.23396],[12.2713,66.23421]],[[12.19855,66.23041],[12.19401,66.2268],[12.19128,66.22641],[12.19358,66.22822],[12.19349,66.22937],[12.19207,66.22787],[12.18747,66.22628],[12.1843,66.22395],[12.18238,66.22371],[12.18152,66.22458],[12.1833,66.22624],[12.18346,66.22671],[12.18278,66.22678],[12.1808,66.22512],[12.17996,66.2223],[12.17677,66.22144],[12.17892,66.22424],[12.17846,66.22532],[12.18086,66.22736],[12.1833,66.22838],[12.18597,66.22867],[12.19193,66.23027],[12.19389,66.22976],[12.19711,66.23135],[12.19896,66.23111],[12.19855,66.23041]],[[12.24298,66.23112],[12.24188,66.23117],[12.24183,66.23179],[12.24513,66.23231],[12.24486,66.23141],[12.24298,66.23112]],[[12.1521,66.22893],[12.14998,66.22748],[12.14927,66.22759],[12.14966,66.22834],[12.14722,66.22755],[12.14779,66.227],[12.14721,66.22661],[12.14467,66.22571],[12.14271,66.22572],[12.14725,66.22862],[12.15426,66.23051],[12.15668,66.23081],[12.1521,66.22893]],[[12.86916,66.24241],[12.86584,66.2397],[12.85603,66.23668],[12.85685,66.23551],[12.8541,66.23466],[12.85705,66.23474],[12.85879,66.23413]],[[12.72553,66.23933],[12.7241,66.23932],[12.7226,66.24022],[12.72594,66.24092],[12.72635,66.24006],[12.72553,66.23933]],[[12.25066,66.2318],[12.24654,66.23139],[12.24635,66.23264],[12.25326,66.23335],[12.25251,66.23225],[12.25066,66.2318]],[[12.33084,66.23475],[12.3324,66.23464],[12.33092,66.23398]],[[12.69357,66.2404],[12.6895,66.23973],[12.68994,66.24049],[12.69106,66.24079],[12.69287,66.24089],[12.69357,66.2404]],[[12.73055,66.23985],[12.72911,66.23971],[12.72827,66.24002],[12.72938,66.24145],[12.73135,66.24167],[12.73055,66.23985]],[[12.68161,66.2405],[12.68025,66.2403],[12.679,66.24068],[12.68292,66.2416],[12.68161,66.2405]],[[12.17427,66.2258],[12.17109,66.22563],[12.17412,66.22906],[12.17907,66.23067],[12.1816,66.23101],[12.18531,66.2328],[12.19156,66.23396],[12.19149,66.23333],[12.18929,66.23219],[12.17718,66.22741],[12.17694,66.22667],[12.17427,66.2258]],[[12.23999,66.23496],[12.23991,66.23445],[12.23604,66.23241],[12.23483,66.2328],[12.23411,66.23206],[12.23193,66.23154],[12.22788,66.23089],[12.22644,66.23101],[12.22658,66.23209],[12.22891,66.23408],[12.2375,66.23507],[12.23999,66.23496]],[[12.21479,66.23458],[12.2146,66.23424],[12.21032,66.23326],[12.20972,66.23239],[12.20679,66.23079],[12.20232,66.22978],[12.2015,66.23198],[12.20222,66.23251],[12.20992,66.23423],[12.21479,66.23458]],[[12.72249,66.24174],[12.7205,66.24178],[12.71633,66.24292],[12.71854,66.24334],[12.72072,66.24315],[12.72347,66.24235],[12.7234,66.24189],[12.72249,66.24174]],[[12.17354,66.2322],[12.17176,66.23127],[12.16977,66.23112],[12.1686,66.2315],[12.16548,66.23032],[12.16457,66.22844],[12.15781,66.22617],[12.15465,66.22545],[12.15347,66.22563],[12.15105,66.22458],[12.15004,66.2248],[12.14736,66.22405],[12.14625,66.22436],[12.14797,66.22538],[12.15458,66.2276],[12.15528,66.22745],[12.15439,66.22629],[12.15734,66.2271],[12.15783,66.22831],[12.16136,66.22894],[12.15954,66.2292],[12.1599,66.22971],[12.1685,66.23221],[12.1703,66.23209],[12.17183,66.23352],[12.1765,66.23447],[12.17655,66.23317],[12.17354,66.2322]],[[12.86916,66.24241],[12.87203,66.24361],[12.87761,66.24391],[12.88437,66.24581],[12.88623,66.24522]],[[12.69094,66.24196],[12.68821,66.24168],[12.68677,66.2421],[12.68753,66.24256],[12.69247,66.24308],[12.69094,66.24196]],[[12.24648,66.23498],[12.24245,66.23461],[12.24136,66.23494],[12.24203,66.23562],[12.2445,66.23591],[12.24713,66.23552],[12.24648,66.23498]],[[12.95551,66.24699],[12.95261,66.2452],[12.9426,66.24148],[12.93476,66.23954],[12.93317,66.23829],[12.92845,66.23664],[12.92676,66.23445],[12.922,66.23226]],[[13.00618,66.23372],[12.99854,66.23225]],[[12.28751,66.23525],[12.28657,66.23436],[12.28527,66.23412],[12.28054,66.23356],[12.27299,66.23345],[12.27357,66.2338],[12.27878,66.23443],[12.27893,66.23527],[12.28133,66.23529],[12.2841,66.23662],[12.28769,66.23704],[12.28796,66.2365],[12.28527,66.23587],[12.28744,66.23555],[12.28751,66.23525]],[[12.70208,66.24258],[12.69992,66.24268],[12.69868,66.24359],[12.70183,66.24395],[12.70304,66.24294],[12.70208,66.24258]],[[12.2664,66.23726],[12.26621,66.23675],[12.2684,66.23697],[12.27085,66.23671],[12.2749,66.2374],[12.27781,66.23667],[12.27138,66.23551],[12.26244,66.23483],[12.26102,66.2349],[12.26119,66.23567],[12.26407,66.23665],[12.25851,66.23665],[12.25484,66.23569],[12.25199,66.23545],[12.25201,66.23476],[12.25033,66.23407],[12.24721,66.2338],[12.24917,66.23643],[12.25065,66.23694],[12.25389,66.23686],[12.26296,66.23789],[12.2649,66.23788],[12.2664,66.23726]],[[12.7557,66.24589],[12.75552,66.24415],[12.75095,66.24285],[12.74989,66.24201],[12.75201,66.24171],[12.75345,66.24198],[12.75629,66.24146],[12.75168,66.24008],[12.74677,66.23543],[12.74247,66.23329],[12.74461,66.23307],[12.745,66.23258],[12.74775,66.23291],[12.744,66.23022],[12.74786,66.23036],[12.74761,66.22976]],[[12.18422,66.23637],[12.18743,66.23642],[12.1871,66.23498],[12.18441,66.23416],[12.18439,66.23367],[12.17906,66.23233],[12.18089,66.23371],[12.17859,66.23375],[12.17984,66.23548],[12.18249,66.23672],[12.18422,66.23637]],[[12.7557,66.24589],[12.75496,66.24606],[12.74889,66.24411],[12.74775,66.24419],[12.74693,66.24481],[12.74959,66.24584],[12.74823,66.24619]],[[12.72588,66.24557],[12.72695,66.24597],[12.72803,66.24583],[12.727,66.24426],[12.72811,66.24384],[12.73326,66.24404],[12.73332,66.24469],[12.73581,66.24555],[12.74059,66.24597],[12.74407,66.24552],[12.74823,66.24619]],[[12.24703,66.23776],[12.24554,66.23718],[12.24316,66.23752],[12.24301,66.23797],[12.24692,66.2384],[12.24703,66.23776]],[[12.69695,66.24472],[12.69604,66.24459],[12.69479,66.24559],[12.6966,66.24629],[12.6982,66.24562],[12.69695,66.24472]],[[12.88575,66.25096],[12.88742,66.24989],[12.88893,66.25001],[12.89086,66.24863],[12.89044,66.24611],[12.88936,66.24546],[12.88623,66.24522]],[[12.20887,66.23715],[12.2063,66.2349],[12.20022,66.23371],[12.19988,66.23452],[12.20178,66.23519],[12.20114,66.23592],[12.20219,66.23672],[12.20293,66.23702],[12.20429,66.23671],[12.20717,66.23848],[12.20943,66.23917],[12.20974,66.23814],[12.20887,66.23715]],[[12.21928,66.23737],[12.21761,66.23714],[12.21685,66.2375],[12.21364,66.23671],[12.2117,66.2374],[12.21111,66.23537],[12.20986,66.23486],[12.20829,66.2349],[12.21062,66.23785],[12.21364,66.23863],[12.21506,66.23818],[12.21902,66.23969]],[[12.88575,66.25096],[12.8856,66.25272]],[[12.72588,66.24557],[12.72325,66.24511],[12.72193,66.24628],[12.72057,66.24643],[12.71928,66.2458],[12.71569,66.2454],[12.71679,66.2447],[12.71543,66.24399],[12.71385,66.24381],[12.71238,66.24439],[12.71261,66.24499],[12.71477,66.24547],[12.71441,66.24595],[12.71002,66.24519],[12.71104,66.24378],[12.70742,66.24362],[12.70396,66.24404],[12.70395,66.24442],[12.70836,66.245],[12.70777,66.24561],[12.70866,66.24666],[12.71054,66.24718],[12.71017,66.24755],[12.70797,66.24729],[12.70573,66.24609],[12.70295,66.24537],[12.69919,66.24599],[12.69776,66.2466],[12.70389,66.24866],[12.71001,66.24945],[12.71014,66.24998],[12.70909,66.25037]],[[12.21902,66.23969],[12.22012,66.24137],[12.22403,66.24245],[12.22379,66.24162],[12.22117,66.23979],[12.22147,66.23891],[12.21928,66.23737]],[[12.21882,66.24151],[12.21426,66.24033],[12.21595,66.24202],[12.21864,66.24319]],[[12.96617,66.25663],[12.96334,66.25246],[12.96074,66.25086],[12.95696,66.24959],[12.95551,66.24699]],[[12.18717,66.24255],[12.1842,66.24218],[12.18313,66.24252],[12.18502,66.2438],[12.18711,66.24405],[12.18958,66.24338],[12.18717,66.24255]],[[12.21864,66.24319],[12.22667,66.24469],[12.22527,66.24375],[12.22138,66.24287],[12.21882,66.24151]],[[12.22488,66.24015],[12.22371,66.24019],[12.227,66.24313],[12.23265,66.2447],[12.2348,66.24492],[12.23109,66.24351],[12.22488,66.24015]],[[12.6949,66.24938],[12.69398,66.24946],[12.69342,66.25026],[12.69457,66.25135],[12.69704,66.25225],[12.70002,66.25269],[12.69994,66.25159],[12.69813,66.25017],[12.6949,66.24938]],[[12.12269,66.24328],[12.12119,66.24254],[12.12062,66.24324]],[[12.23404,66.24531],[12.23184,66.24527]],[[12.27693,66.25439],[12.27358,66.25365],[12.27202,66.25382],[12.27272,66.25553],[12.2783,66.25811],[12.27972,66.25788],[12.28133,66.2569],[12.27693,66.25439]],[[12.24567,66.24552],[12.2449,66.24451],[12.2419,66.24327],[12.23949,66.24314],[12.23825,66.24344],[12.23791,66.24271],[12.23552,66.24172],[12.22956,66.24021],[12.23061,66.23978],[12.23013,66.23948],[12.22569,66.23795],[12.2229,66.23795],[12.22322,66.23861],[12.22741,66.23967],[12.22696,66.24022],[12.22907,66.24173],[12.2347,66.24411],[12.2396,66.24541]],[[12.24774,66.24555],[12.24727,66.24554]],[[12.27296,66.246],[12.26874,66.24451],[12.26257,66.24401],[12.26586,66.24551],[12.27083,66.24596]],[[12.28827,66.24627],[12.28663,66.24487],[12.28353,66.24383],[12.27555,66.24234],[12.2709,66.24104],[12.26489,66.24054],[12.26298,66.23974],[12.25603,66.23831],[12.24895,66.2374],[12.24806,66.2377],[12.24846,66.23868],[12.25445,66.24032],[12.2572,66.2426],[12.26025,66.24305],[12.2608,66.24243],[12.26553,66.24321],[12.26403,66.24353],[12.2615,66.24306],[12.26044,66.24386],[12.25113,66.24258],[12.24881,66.24282],[12.24857,66.2434],[12.24981,66.24414],[12.25717,66.24572]],[[12.70777,66.25303],[12.70409,66.2518],[12.70213,66.25018],[12.70352,66.2499],[12.70612,66.25062],[12.70909,66.25037]],[[12.88615,66.25556],[12.88676,66.25402],[12.8856,66.25272]],[[12.96573,66.25956],[12.96681,66.26003],[12.96749,66.26399],[12.97103,66.26592],[12.97387,66.26827],[12.97959,66.26973]],[[12.23443,66.24691],[12.23168,66.24636],[12.23308,66.24783],[12.23515,66.24786],[12.23443,66.24691]],[[12.96617,66.25663],[12.96647,66.25723],[12.96462,66.25888],[12.96573,66.25956]],[[12.2396,66.24541],[12.24147,66.24596],[12.24341,66.2456],[12.24532,66.24633],[12.24567,66.24552]],[[12.12062,66.24324],[12.122,66.24453],[12.12504,66.24446],[12.12504,66.2439],[12.12269,66.24328]],[[12.23184,66.24527],[12.23174,66.24559],[12.23542,66.24644],[12.23862,66.24671],[12.2378,66.2459],[12.23404,66.24531]],[[12.27083,66.24596],[12.27224,66.24663],[12.27699,66.24756],[12.27296,66.246]],[[12.24351,66.2475],[12.24222,66.24747],[12.24185,66.24854],[12.24529,66.2498],[12.24568,66.24866],[12.24351,66.2475]],[[12.17269,66.24642],[12.1697,66.24506],[12.16453,66.24461],[12.16455,66.24521],[12.16546,66.24528],[12.16525,66.24626],[12.16681,66.24721],[12.16745,66.24701],[12.16593,66.24548],[12.16849,66.24592],[12.16885,66.24625],[12.16765,66.24661],[12.1693,66.24813],[12.17309,66.24843],[12.17163,66.24766],[12.17151,66.24696],[12.17269,66.24642]],[[12.27953,66.26418],[12.27847,66.26429],[12.27827,66.26486],[12.27906,66.2651],[12.28329,66.26548],[12.28549,66.26528],[12.28239,66.26446],[12.27953,66.26418]],[[12.25717,66.24572],[12.26251,66.2472],[12.26962,66.24854],[12.2708,66.24937],[12.27728,66.25125],[12.28031,66.25126],[12.28727,66.25256],[12.28902,66.25189],[12.2882,66.2511],[12.28595,66.25074],[12.27958,66.24823],[12.28099,66.24786],[12.28573,66.24843],[12.28859,66.24747],[12.28827,66.24627]],[[12.70777,66.25303],[12.71138,66.2534],[12.71089,66.25455],[12.71275,66.25557],[12.71549,66.25675],[12.72098,66.25792],[12.7234,66.25904],[12.72325,66.25975]],[[12.31724,66.25198],[12.31591,66.25217],[12.31789,66.25359],[12.31979,66.25423],[12.31956,66.25307],[12.31724,66.25198]],[[12.21761,66.25252],[12.21239,66.24878],[12.21114,66.24863],[12.20999,66.24936],[12.20973,66.25063],[12.21003,66.2514],[12.21192,66.25173],[12.20972,66.25152],[12.20941,66.2526],[12.21011,66.25315],[12.21261,66.254],[12.21451,66.25415],[12.21554,66.25385],[12.2138,66.25258],[12.21625,66.25363],[12.21758,66.25277]],[[12.23653,66.25523],[12.23433,66.25379],[12.23293,66.25364],[12.23209,66.25308],[12.23254,66.25282],[12.23493,66.25333],[12.23362,66.25193],[12.23211,66.25175],[12.22924,66.24976],[12.22741,66.24951],[12.22688,66.2498],[12.22839,66.25124],[12.22668,66.25113],[12.22642,66.25144],[12.22928,66.25368],[12.23108,66.25462],[12.23436,66.255],[12.23532,66.25622],[12.23695,66.25609],[12.23653,66.25523]],[[12.88881,66.26884],[12.88811,66.26532],[12.88636,66.26277],[12.88634,66.2617],[12.88757,66.26066],[12.8854,66.25953],[12.88615,66.25556]],[[12.72325,66.25975],[12.71854,66.26332],[12.72013,66.26365],[12.7205,66.26467],[12.71954,66.26519],[12.71726,66.26511],[12.7168,66.26574],[12.72355,66.26724]],[[12.24727,66.24554],[12.24677,66.24641],[12.24873,66.24702],[12.25229,66.25057],[12.25161,66.25082],[12.25051,66.25024],[12.2489,66.25021],[12.24958,66.25142],[12.25138,66.25193],[12.25228,66.25175],[12.25345,66.25249],[12.25622,66.25296],[12.25967,66.25423],[12.25908,66.25444],[12.24983,66.25274],[12.25105,66.25548],[12.25563,66.25718],[12.27014,66.26031],[12.27022,66.25932],[12.26764,66.25837],[12.26661,66.25741],[12.26776,66.25732],[12.26985,66.25812],[12.27022,66.2573],[12.26305,66.25607],[12.26152,66.25512],[12.26207,66.25492],[12.26718,66.25574],[12.27049,66.25569],[12.27029,66.25434],[12.26903,66.25324],[12.2641,66.25068],[12.26614,66.25024],[12.2661,66.24989],[12.26168,66.2485],[12.26108,66.24867],[12.2626,66.25002],[12.25763,66.24908],[12.25665,66.24844],[12.25792,66.24815],[12.26014,66.2483],[12.26032,66.248],[12.2575,66.24717],[12.24774,66.24555]],[[12.25901,66.25828],[12.25452,66.25762],[12.25722,66.25904],[12.26507,66.26034],[12.26357,66.25907],[12.25901,66.25828]],[[12.28027,66.26093],[12.28197,66.26093],[12.2821,66.26027],[12.27926,66.25943],[12.27854,66.25979],[12.27921,66.26063],[12.27813,66.26085],[12.27803,66.26138],[12.28214,66.26216],[12.28237,66.26187],[12.28027,66.26093]],[[12.43201,66.26347],[12.43136,66.26318],[12.42893,66.26356],[12.42878,66.26537],[12.43159,66.26485],[12.43201,66.26347]],[[12.89211,66.27247],[12.89361,66.27163],[12.89304,66.27061],[12.89053,66.26998],[12.88881,66.26884]],[[12.99532,66.27281],[12.99769,66.27239],[13.00208,66.27333]],[[12.26804,66.2614],[12.26529,66.2611],[12.26527,66.26218],[12.26818,66.26308],[12.27115,66.26328],[12.27091,66.26199],[12.26804,66.2614]],[[12.97959,66.26973],[12.9859,66.27296],[12.98859,66.27499],[12.98951,66.27475],[12.99063,66.27276],[12.99236,66.27253],[12.99532,66.27281]],[[12.4856,66.26641],[12.48466,66.26655],[12.48477,66.26734],[12.48626,66.26846],[12.48779,66.26713],[12.4856,66.26641]],[[12.26939,66.26431],[12.26754,66.26409],[12.26699,66.26433],[12.26885,66.26531],[12.2726,66.2653],[12.27218,66.26484],[12.26939,66.26431]],[[12.72355,66.26724],[12.72609,66.26739],[12.72736,66.26823],[12.73213,66.26894],[12.74339,66.27236],[12.74709,66.27269],[12.74808,66.27318]],[[12.29742,66.26497],[12.29331,66.26432],[12.28964,66.26438],[12.2913,66.26472],[12.29174,66.26546],[12.29604,66.26615],[12.29812,66.266],[12.29742,66.26497]],[[12.50196,66.27245],[12.49994,66.27248],[12.49955,66.27409],[12.50103,66.27395],[12.50196,66.27245]],[[12.88309,66.28272],[12.89072,66.28182],[12.89247,66.28041],[12.89211,66.27247]],[[12.87578,66.28591],[12.88063,66.2834],[12.88309,66.28272]],[[12.74808,66.27318],[12.75008,66.27486],[12.75305,66.27514],[12.75626,66.27629],[12.75952,66.27928],[12.76113,66.27995],[12.76671,66.28084],[12.77167,66.28234]],[[12.75063,66.28016],[12.74837,66.27973],[12.74638,66.28002],[12.74784,66.28129],[12.75381,66.28267],[12.7543,66.28158],[12.75063,66.28016]],[[12.77167,66.28234],[12.77404,66.28263],[12.7765,66.28507],[12.78039,66.28548]],[[12.51419,66.29494],[12.51304,66.29419],[12.51045,66.29379],[12.51115,66.29489]],[[12.78039,66.28548],[12.78148,66.2856],[12.78447,66.2871]],[[12.4774,66.30606],[12.47544,66.30581],[12.47449,66.30662],[12.47889,66.30732],[12.47901,66.30676],[12.4774,66.30606]],[[12.52136,66.28415],[12.51478,66.28076],[12.51195,66.28094],[12.51255,66.28172],[12.51603,66.28279],[12.51471,66.28359],[12.51553,66.28427],[12.51712,66.28389],[12.52113,66.28501],[12.52193,66.28463],[12.52136,66.28415]],[[12.82802,66.29338],[12.83017,66.29251],[12.833,66.29207],[12.83556,66.29229],[12.8375,66.29293]],[[12.5112,66.28801],[12.51323,66.28792],[12.5131,66.28735],[12.51036,66.28663],[12.50646,66.28646],[12.50823,66.28876],[12.50961,66.28943],[12.5112,66.28801]],[[12.8375,66.29293],[12.83907,66.29397],[12.84097,66.29416],[12.85046,66.29351],[12.8519,66.293],[12.85381,66.29441],[12.85679,66.29452],[12.86102,66.29346],[12.85999,66.29269],[12.86079,66.29209],[12.8643,66.29169],[12.8673,66.29199],[12.86882,66.29322],[12.87018,66.29348],[12.87056,66.29474],[12.87333,66.29489],[12.87471,66.29442],[12.87462,66.2939],[12.87326,66.29311],[12.87191,66.29299],[12.87128,66.29229],[12.87578,66.28591]],[[12.78447,66.2871],[12.78704,66.28853],[12.78597,66.28962],[12.79164,66.29177],[12.79259,66.29294],[12.79614,66.29457],[12.79508,66.29475],[12.79321,66.29414],[12.79306,66.29457],[12.79944,66.29626],[12.80449,66.29685]],[[12.80641,66.29933],[12.80337,66.29778],[12.79847,66.29771],[12.79453,66.29653],[12.78796,66.29545],[12.78676,66.29582],[12.78888,66.297],[12.78847,66.29726],[12.78208,66.29575],[12.78395,66.29729],[12.79032,66.29911]],[[12.59021,66.29613],[12.58773,66.2944],[12.58159,66.29323],[12.58123,66.29357],[12.58242,66.29434],[12.58636,66.29607]],[[12.6039,66.29634],[12.60304,66.29506],[12.60175,66.29474],[12.60113,66.29517],[12.60168,66.29631]],[[12.61656,66.29654],[12.6144,66.29651]],[[12.81908,66.29951],[12.81709,66.29656],[12.81786,66.29556],[12.81544,66.29495],[12.81491,66.29298],[12.81205,66.29229],[12.80873,66.29276],[12.80816,66.29357]],[[12.82336,66.29957],[12.82196,66.29811],[12.82358,66.2962],[12.82669,66.29567],[12.82802,66.29338]],[[12.60168,66.29631],[12.60416,66.29807],[12.6039,66.29634]],[[12.59357,66.29693],[12.59266,66.297],[12.5929,66.29747],[12.59455,66.29924],[12.59589,66.29947],[12.59671,66.29899],[12.59603,66.29784],[12.59357,66.29693]],[[12.52093,66.29504],[12.52113,66.29675],[12.52286,66.29851],[12.52513,66.29911],[12.52662,66.29776],[12.52635,66.29694],[12.52306,66.29508]],[[12.81908,66.29951],[12.81939,66.30038],[12.82248,66.30215],[12.82232,66.30331],[12.82368,66.30376],[12.82471,66.30333],[12.82374,66.30235],[12.82336,66.29957]],[[12.84151,66.30355],[12.84264,66.30321],[12.84319,66.30148],[12.84236,66.30074],[12.83891,66.29981],[12.83672,66.30056],[12.83662,66.30264],[12.83469,66.30337],[12.83849,66.30401],[12.84151,66.30355]],[[12.6144,66.29651],[12.61765,66.29915],[12.6182,66.30034],[12.62386,66.30151],[12.62395,66.30002],[12.61927,66.29713],[12.61656,66.29654]],[[12.79032,66.29911],[12.79332,66.2997],[12.79506,66.29932],[12.79851,66.30011],[12.80172,66.3002],[12.80343,66.30299],[12.80556,66.30422],[12.80833,66.30367],[12.80674,66.30268],[12.80909,66.3019],[12.80882,66.30076],[12.80641,66.29933]],[[12.51115,66.29489],[12.51342,66.29753],[12.52129,66.3001],[12.52112,66.29921],[12.51953,66.29812],[12.51762,66.29782],[12.51843,66.29651],[12.51419,66.29494]],[[12.5021,66.30546],[12.50001,66.30499],[12.49914,66.30548],[12.50038,66.30736],[12.50251,66.30825],[12.50167,66.30718],[12.5032,66.30634],[12.5021,66.30546]],[[12.61048,66.29778],[12.60842,66.2976],[12.6077,66.29946],[12.61561,66.3044],[12.61704,66.3047],[12.61789,66.30373],[12.61783,66.30164],[12.61505,66.29925],[12.61048,66.29778]],[[12.62798,66.30228],[12.62652,66.30244],[12.62665,66.30294],[12.6311,66.30536],[12.63096,66.30456],[12.62798,66.30228]],[[12.50199,66.30143],[12.49874,66.30022],[12.49812,66.30082],[12.49891,66.30188],[12.50161,66.30259],[12.50236,66.30332],[12.50357,66.30333],[12.50199,66.30143]],[[12.85078,66.30875],[12.85195,66.30741],[12.85172,66.30563],[12.84932,66.30564],[12.84804,66.30512],[12.84605,66.3054],[12.84017,66.30462],[12.83962,66.30501],[12.84028,66.30559],[12.84366,66.30687],[12.84271,66.30726],[12.84118,66.30668],[12.84052,66.30722],[12.84048,66.30795],[12.84196,66.30891],[12.84434,66.30892],[12.84615,66.30847],[12.84791,66.30879],[12.84824,66.30947],[12.85078,66.30875]],[[12.39356,66.30152],[12.39112,66.30152],[12.39065,66.30317],[12.39337,66.3034],[12.39355,66.30265],[12.39622,66.30229],[12.39356,66.30152]],[[12.61573,66.30552],[12.60782,66.30128],[12.60519,66.30096],[12.60693,66.3035],[12.6065,66.3045],[12.60768,66.30529],[12.60875,66.30539],[12.61116,66.30469],[12.61256,66.30565],[12.61121,66.30645],[12.61453,66.30708],[12.61623,66.30693],[12.61573,66.30552]],[[12.49474,66.30262],[12.49287,66.30099],[12.49203,66.30106],[12.49196,66.30195],[12.49122,66.30204],[12.48558,66.29869],[12.4845,66.29855],[12.48329,66.29909],[12.48327,66.30021],[12.48442,66.30129],[12.48879,66.30228],[12.48731,66.3028],[12.49792,66.3053],[12.49823,66.30482],[12.49474,66.30262]],[[12.49162,66.30437],[12.48858,66.30415],[12.4898,66.30593],[12.50041,66.30825],[12.49881,66.30703],[12.49162,66.30437]],[[12.82897,66.31169],[12.82477,66.31193],[12.82331,66.31269],[12.82357,66.31323],[12.82737,66.31464],[12.82967,66.31429],[12.83048,66.31279],[12.82897,66.31169]],[[12.54576,66.31294],[12.5407,66.31091],[12.53936,66.31086],[12.54196,66.31314],[12.54565,66.31408]],[[12.80655,66.31208],[12.80607,66.30806],[12.80629,66.30727],[12.80826,66.30648],[12.80822,66.30543],[12.79756,66.30486],[12.79712,66.30533],[12.79893,66.30591],[12.79943,66.30657],[12.79352,66.30633],[12.79488,66.30685],[12.79766,66.30982],[12.80069,66.31102],[12.79679,66.31034],[12.79282,66.30862],[12.79059,66.30847],[12.78994,66.309],[12.79111,66.31021],[12.7942,66.31105],[12.7943,66.31354],[12.79551,66.31527],[12.8001,66.31553],[12.80483,66.31457],[12.80598,66.31406],[12.80523,66.31287],[12.80655,66.31208]],[[12.63065,66.30617],[12.62239,66.30212],[12.6204,66.30208],[12.61965,66.30362],[12.62481,66.30527],[12.6241,66.30542],[12.62075,66.30424],[12.61912,66.30451],[12.61822,66.30556],[12.61971,66.30931],[12.62677,66.31212],[12.63129,66.31334],[12.6329,66.31322],[12.63408,66.31238],[12.6327,66.31193],[12.6322,66.30985],[12.63079,66.3086],[12.63065,66.30617]],[[12.6835,66.31262],[12.68174,66.31306],[12.68173,66.31438],[12.68435,66.31383],[12.6835,66.31262]],[[12.43452,66.30941],[12.4322,66.30915],[12.43109,66.30982],[12.4344,66.31052]],[[12.54565,66.31408],[12.54712,66.31411],[12.54576,66.31294]],[[12.50243,66.31122],[12.49851,66.30965],[12.49371,66.30872],[12.4925,66.30897],[12.49826,66.31071],[12.49922,66.31067],[12.50125,66.31156],[12.50248,66.31165],[12.50243,66.31122]],[[12.52275,66.30766],[12.52074,66.30766],[12.52058,66.30817],[12.52239,66.31],[12.52599,66.31208],[12.52478,66.30933],[12.52275,66.30766]],[[12.53118,66.309],[12.5303,66.30879],[12.5292,66.30926],[12.52977,66.31014],[12.53248,66.31241],[12.53594,66.31355],[12.53118,66.309]],[[12.62452,66.31209],[12.62379,66.31186],[12.62076,66.31206],[12.62015,66.31292],[12.62558,66.31516],[12.62786,66.31562],[12.62756,66.31341],[12.62452,66.31209]],[[12.48294,66.31272],[12.48177,66.31215],[12.48054,66.31254],[12.4763,66.31109],[12.47426,66.31106],[12.47776,66.31259],[12.48012,66.31289],[12.48114,66.31266],[12.48197,66.31347],[12.48449,66.31381],[12.48456,66.31338],[12.48294,66.31272]],[[12.50105,66.31232],[12.50004,66.31254],[12.50564,66.31438],[12.50495,66.31327],[12.50105,66.31232]],[[12.43406,66.31394],[12.43593,66.3136],[12.43634,66.31261],[12.4375,66.31246],[12.43426,66.31189]],[[12.43426,66.31189],[12.42999,66.3115],[12.42834,66.31165],[12.42803,66.31224],[12.42873,66.31328],[12.43406,66.31394]],[[12.74587,66.31632],[12.74462,66.31619],[12.74562,66.31718],[12.74381,66.31775],[12.74829,66.31914],[12.74905,66.31828],[12.74833,66.3173],[12.74587,66.31632]],[[12.60082,66.31466],[12.59923,66.3147],[12.59838,66.3152],[12.59908,66.31711],[12.60129,66.31621],[12.60082,66.31466]],[[12.59265,66.31362],[12.59094,66.31326],[12.58955,66.31408],[12.59037,66.31642],[12.59151,66.31702],[12.59265,66.31362]],[[12.5454,66.31666],[12.54369,66.31699],[12.54523,66.31838]],[[12.54208,66.3183],[12.53996,66.31692],[12.54026,66.31591],[12.53703,66.3144],[12.53224,66.31305],[12.52986,66.31362],[12.53083,66.31497],[12.53803,66.31812],[12.54173,66.31868],[12.54208,66.3183]],[[12.28939,66.31443],[12.28777,66.31399],[12.2868,66.31427],[12.28767,66.3154],[12.28927,66.31545],[12.29013,66.31508],[12.28939,66.31443]],[[12.60612,66.32017],[12.60578,66.31899],[12.60277,66.31892],[12.60379,66.32027],[12.6054,66.32076],[12.60612,66.32017]],[[12.50708,66.31591],[12.50171,66.31454],[12.49994,66.31467],[12.49709,66.31332],[12.49394,66.31286],[12.49479,66.31408],[12.49824,66.31539],[12.51157,66.3194],[12.51413,66.31975],[12.51483,66.31925],[12.50708,66.31591]],[[12.47277,66.31839],[12.47106,66.31774],[12.46862,66.31811],[12.46841,66.31741],[12.46336,66.3158],[12.45879,66.31504],[12.45448,66.31479],[12.45747,66.31599],[12.46218,66.31671],[12.46664,66.31815],[12.46851,66.31815],[12.46987,66.31896],[12.47438,66.3193],[12.47277,66.31839]],[[12.61828,66.32057],[12.61673,66.32081],[12.61611,66.32177],[12.6221,66.32409],[12.62225,66.32365],[12.62058,66.32306],[12.62053,66.32179],[12.61828,66.32057]],[[12.54502,66.3205],[12.54218,66.32001],[12.54163,66.31935],[12.53873,66.31862],[12.53877,66.31921],[12.54095,66.32002],[12.5402,66.32114],[12.54073,66.32171],[12.54279,66.32299],[12.54474,66.32345]],[[12.54523,66.31838],[12.5475,66.31902],[12.55014,66.31901],[12.55293,66.32023],[12.55635,66.32008],[12.55832,66.32242],[12.56094,66.32372],[12.56297,66.32397],[12.55927,66.32057],[12.55624,66.31876],[12.54865,66.3164],[12.54763,66.31534],[12.54558,66.31486]],[[12.70205,66.3213],[12.7012,66.32116],[12.70025,66.32214],[12.69993,66.32443],[12.70069,66.32588],[12.70193,66.32635],[12.70423,66.32484],[12.70261,66.32399],[12.703,66.32263],[12.70205,66.3213]],[[12.50347,66.32292],[12.49919,66.32104],[12.49758,66.32102],[12.49691,66.32055],[12.49465,66.32113],[12.49165,66.31993],[12.49217,66.31952],[12.49143,66.31907],[12.48839,66.31838],[12.48615,66.31843],[12.48517,66.31742],[12.48212,66.3168],[12.47934,66.31537],[12.47649,66.31527],[12.4767,66.31624],[12.47978,66.31708],[12.48841,66.3214],[12.49123,66.32209],[12.49351,66.32198],[12.50267,66.3234],[12.50367,66.32341],[12.50347,66.32292]],[[12.45113,66.32257],[12.45193,66.3225],[12.45352,66.32335],[12.45418,66.32317],[12.45478,66.32237],[12.45297,66.32086],[12.4512,66.32236],[12.44777,66.3206],[12.44534,66.32019],[12.44787,66.32254],[12.45083,66.32369],[12.45113,66.32257]],[[12.46016,66.32187],[12.4582,66.32203],[12.46129,66.32385],[12.46243,66.32391],[12.46191,66.32255],[12.46016,66.32187]],[[12.48359,66.32328],[12.48103,66.3223],[12.48242,66.32456],[12.48653,66.32464],[12.4861,66.32399],[12.48359,66.32328]],[[12.69726,66.3231],[12.69596,66.32306],[12.69479,66.32354],[12.69471,66.3244],[12.69228,66.32552],[12.69477,66.32773],[12.69617,66.32815],[12.69773,66.32807],[12.6988,66.32726],[12.69726,66.3231]],[[12.4695,66.32296],[12.46628,66.32228],[12.46774,66.32418],[12.46957,66.32467],[12.47045,66.32435],[12.4695,66.32296]],[[12.57224,66.32386],[12.57026,66.32345],[12.5732,66.32594],[12.57516,66.3264],[12.57429,66.32437],[12.57224,66.32386]],[[12.51926,66.3255],[12.51488,66.32361],[12.51171,66.32342],[12.5122,66.32487],[12.5145,66.32498],[12.51917,66.32598],[12.51926,66.3255]],[[12.54455,66.32534],[12.54189,66.32437],[12.53577,66.3234],[12.53652,66.32442],[12.54443,66.32654]],[[12.7114,66.32806],[12.70932,66.32752],[12.70851,66.3292],[12.71004,66.32908],[12.7114,66.32806]],[[12.5442,66.32897],[12.54223,66.32869],[12.54141,66.32905],[12.53985,66.32839],[12.5376,66.32827],[12.53837,66.32915],[12.54191,66.33079],[12.54092,66.33126],[12.54129,66.33163],[12.54386,66.33244]],[[12.47751,66.32503],[12.48047,66.32537],[12.48089,66.32448],[12.47903,66.32286],[12.47617,66.32203],[12.4768,66.32413],[12.47355,66.3228],[12.47057,66.32248],[12.47596,66.32556],[12.4776,66.3256],[12.47751,66.32503]],[[12.57987,66.32575],[12.57775,66.3254],[12.57697,66.32564],[12.57834,66.32671],[12.58095,66.3274],[12.58149,66.32671],[12.57987,66.32575]],[[12.68652,66.32669],[12.68548,66.32678],[12.68591,66.32785],[12.68741,66.32937],[12.68871,66.3297],[12.68925,66.32939],[12.68652,66.32669]],[[12.54443,66.32654],[12.5486,66.32758],[12.54864,66.32702],[12.54455,66.32534]],[[12.55135,66.32658],[12.55371,66.32829],[12.55643,66.32893]],[[12.71392,66.33196],[12.71559,66.33191],[12.71856,66.32996],[12.7168,66.32851],[12.71525,66.32824],[12.71445,66.33013],[12.71323,66.33001],[12.71235,66.32925],[12.71142,66.33043],[12.71369,66.33136],[12.71392,66.33196]],[[12.58123,66.32796],[12.57871,66.32745],[12.5777,66.3277],[12.58131,66.3291],[12.58655,66.33006],[12.58532,66.32926],[12.583,66.32882],[12.58123,66.32796]],[[12.99813,66.33457],[12.99635,66.33388],[12.99484,66.33475],[12.99632,66.3361],[12.99755,66.33564],[12.99813,66.33457]],[[12.53148,66.32672],[12.5303,66.32654],[12.52961,66.32687],[12.53274,66.32845],[12.53274,66.32938],[12.5354,66.32952],[12.53524,66.3281],[12.53148,66.32672]],[[12.60978,66.32989],[12.60747,66.32825],[12.60461,66.32791],[12.60404,66.32877],[12.60174,66.32716],[12.60007,66.32739],[12.6005,66.32882],[12.60367,66.32957],[12.60485,66.32944],[12.60559,66.33009],[12.60872,66.33098],[12.60999,66.33049],[12.60978,66.32989]],[[12.64089,66.3289],[12.63854,66.32863],[12.63775,66.33033],[12.64231,66.3315],[12.64265,66.33075],[12.64089,66.3289]],[[12.68011,66.32854],[12.67931,66.32856],[12.67908,66.33068],[12.68142,66.33232],[12.68218,66.3321],[12.68011,66.32854]],[[12.54411,66.32991],[12.54295,66.3296],[12.54253,66.33023],[12.54382,66.33046],[12.544,66.331]],[[12.74287,66.33343],[12.74208,66.33378],[12.74364,66.33448],[12.748,66.33487],[12.74712,66.33399],[12.74287,66.33343]],[[12.54411,66.32991],[12.54653,66.33142],[12.55069,66.33212],[12.55128,66.3309],[12.5442,66.32897]],[[12.48859,66.33001],[12.48732,66.32934],[12.48572,66.32955],[12.48427,66.32773],[12.47936,66.32775],[12.47936,66.32822],[12.48156,66.32892],[12.48361,66.32903],[12.48323,66.32971],[12.48463,66.3308],[12.48903,66.33128],[12.48859,66.33001]],[[12.54386,66.33244],[12.5455,66.3324],[12.544,66.331]],[[12.6135,66.33065],[12.61214,66.33063],[12.61057,66.33153],[12.61472,66.33374],[12.6135,66.33065]],[[12.7048,66.33328],[12.70374,66.33315],[12.70276,66.33372],[12.70541,66.33518],[12.70609,66.33458],[12.7048,66.33328]],[[12.61717,66.33255],[12.61598,66.33285],[12.61648,66.33393],[12.61973,66.33435],[12.61893,66.33318],[12.61717,66.33255]],[[12.63344,66.33271],[12.63191,66.33289],[12.6327,66.3345],[12.63624,66.33453],[12.63622,66.33404],[12.63344,66.33271]],[[12.55281,66.33314],[12.55137,66.33273],[12.54961,66.33272],[12.54875,66.33311],[12.5497,66.33395],[12.55293,66.33421],[12.55281,66.33314]],[[12.51387,66.33205],[12.51033,66.33042],[12.50769,66.32979],[12.50702,66.32999],[12.50768,66.33157],[12.50703,66.33174],[12.50486,66.32957],[12.50301,66.32906],[12.50164,66.32913],[12.50159,66.33036],[12.50482,66.33185],[12.50648,66.33212],[12.50772,66.33184],[12.50885,66.33283],[12.5129,66.33393],[12.51378,66.33375],[12.51387,66.33205]],[[12.52831,66.33376],[12.5246,66.33244],[12.52515,66.33192],[12.52064,66.32903],[12.51577,66.3286],[12.51546,66.32956],[12.51173,66.32943],[12.51853,66.33295],[12.51983,66.33276],[12.52327,66.33378],[12.52386,66.33345],[12.52583,66.33381],[12.52707,66.33469],[12.52881,66.33455],[12.52831,66.33376]],[[12.7078,66.33629],[12.70583,66.336],[12.7065,66.33768],[12.7077,66.33746],[12.7078,66.33629]],[[12.78112,66.33819],[12.77928,66.33679],[12.77809,66.33666],[12.77328,66.3373],[12.77361,66.33781],[12.77639,66.33823],[12.77695,66.34129],[12.78065,66.34143],[12.78112,66.33819]],[[12.60194,66.33082],[12.59805,66.33003],[12.59642,66.33008],[12.5929,66.32855],[12.59132,66.32872],[12.59126,66.32991],[12.60048,66.33204],[12.6028,66.33303],[12.60169,66.3336],[12.60243,66.33405],[12.60759,66.33516],[12.60948,66.3365],[12.61714,66.33809],[12.61593,66.33609],[12.6111,66.33429],[12.60936,66.33309],[12.60194,66.33082]],[[12.54342,66.33696],[12.54474,66.33722],[12.54573,66.33701],[12.5435,66.33606]],[[12.42847,66.33843],[12.42679,66.33742],[12.42571,66.33803],[12.42425,66.33758],[12.42381,66.33596],[12.42058,66.33473],[12.41986,66.33624],[12.42235,66.33833]],[[12.51723,66.33987],[12.51446,66.33851],[12.51541,66.3382],[12.5156,66.33707],[12.51356,66.33657],[12.51251,66.33698],[12.51297,66.33798],[12.51064,66.33797],[12.51323,66.3398]],[[12.52013,66.33601],[12.51806,66.33523],[12.517,66.33532],[12.51995,66.33777],[12.52136,66.33789],[12.52013,66.33601]],[[12.55919,66.33365],[12.55772,66.33353],[12.55741,66.33427],[12.55936,66.33481],[12.55995,66.33619],[12.56609,66.33875],[12.56711,66.3388],[12.56719,66.33707],[12.56331,66.33489],[12.55919,66.33365]],[[12.74424,66.34041],[12.74173,66.34044],[12.74143,66.34221],[12.7431,66.34214],[12.74424,66.34041]],[[12.50598,66.33598],[12.50744,66.33602],[12.50309,66.33275],[12.50131,66.33223],[12.5018,66.33367],[12.5049,66.33541],[12.50067,66.33377],[12.4995,66.33161],[12.49687,66.33027],[12.49685,66.32962],[12.49385,66.3285],[12.49057,66.32811],[12.49029,66.32865],[12.49365,66.32972],[12.49374,66.33036],[12.49214,66.33067],[12.49127,66.32984],[12.49039,66.32976],[12.49024,66.33125],[12.49173,66.33204],[12.49338,66.33229],[12.49643,66.33407],[12.49599,66.33432],[12.49286,66.33392],[12.49209,66.33412],[12.49415,66.33559],[12.49622,66.33573],[12.49765,66.33458],[12.50418,66.33797],[12.50845,66.339],[12.5085,66.33798],[12.50598,66.33598]],[[12.73391,66.33677],[12.73209,66.33698],[12.73209,66.33787],[12.73347,66.33861],[12.73304,66.33934],[12.7389,66.34282],[12.73901,66.34062],[12.73572,66.33882],[12.73618,66.33824],[12.73391,66.33677]],[[12.99555,66.34672],[12.99613,66.34634],[12.99508,66.34554],[12.99172,66.3454],[12.99222,66.34458],[13.0004,66.34132]],[[13.00722,66.33833],[12.99301,66.34165],[12.99369,66.34081],[12.99178,66.34022],[12.99344,66.33867],[12.99535,66.33839],[12.99692,66.33878],[13.00017,66.33795]],[[13.0035,66.33576],[12.99979,66.33286],[12.9996,66.33139],[13.00257,66.3309]],[[12.40671,66.33807],[12.40662,66.3367],[12.40405,66.33408],[12.40039,66.3327],[12.39928,66.33368],[12.39766,66.33277],[12.39679,66.33364],[12.398,66.3365],[12.3997,66.33795]],[[12.41942,66.33828],[12.41742,66.33748],[12.41663,66.3376],[12.41686,66.33823]],[[12.53142,66.34009],[12.52865,66.33656],[12.526,66.3353],[12.52036,66.33456],[12.52508,66.33775],[12.52481,66.33872],[12.52819,66.34004]],[[12.53471,66.34015],[12.53377,66.33987],[12.53339,66.34013]],[[12.63183,66.34165],[12.62735,66.34082],[12.62595,66.34088],[12.62451,66.34154]],[[12.54138,66.34025],[12.53848,66.33788],[12.53636,66.33719],[12.53294,66.33687],[12.53315,66.33897],[12.53591,66.34017]],[[12.54864,66.34037],[12.54698,66.33942],[12.54324,66.33875]],[[12.5598,66.34054],[12.55645,66.3397],[12.55551,66.33872],[12.55354,66.33826],[12.5504,66.33828],[12.54833,66.33767],[12.55025,66.34039]],[[12.57214,66.34073],[12.56676,66.33986],[12.56129,66.33752],[12.55758,66.33657],[12.5584,66.33606],[12.55713,66.33514],[12.55469,66.33495],[12.55453,66.33553],[12.55315,66.33552],[12.55321,66.3359],[12.55198,66.33614],[12.55242,66.33656],[12.55705,66.33743],[12.56051,66.33925],[12.56614,66.34064]],[[12.5771,66.34081],[12.57048,66.33756],[12.57063,66.3381],[12.57573,66.34079]],[[12.57963,66.34085],[12.56981,66.3356],[12.56994,66.33467],[12.57137,66.33471],[12.57159,66.33443],[12.56556,66.33179],[12.55643,66.32893]],[[12.61314,66.34137],[12.60102,66.33668],[12.59711,66.33566],[12.59121,66.33452],[12.58947,66.33479],[12.58932,66.33533],[12.58696,66.33528],[12.58794,66.33383],[12.58428,66.33248],[12.58069,66.33207],[12.57951,66.33083],[12.58161,66.3306],[12.58034,66.32964],[12.57801,66.32929],[12.57703,66.32976],[12.57351,66.32887],[12.57275,66.32948],[12.56891,66.3287],[12.5683,66.32671],[12.55844,66.32372],[12.55825,66.32433],[12.56056,66.32577],[12.55853,66.32591],[12.55439,66.32292],[12.54562,66.32105],[12.54502,66.3205]],[[12.621,66.34149],[12.61565,66.3403],[12.61476,66.33851],[12.60959,66.3377],[12.60516,66.33606],[12.60162,66.33534],[12.60131,66.33593],[12.61501,66.3414]],[[12.73821,66.34324],[12.73686,66.34288],[12.73612,66.34178],[12.73373,66.34038],[12.7313,66.34028],[12.73313,66.34132],[12.73327,66.34231],[12.72941,66.34001],[12.72783,66.33965],[12.72701,66.34],[12.72742,66.34061],[12.726,66.34082],[12.72596,66.34133],[12.72208,66.34212],[12.72324,66.34266],[12.72293,66.34301]],[[12.79136,66.344],[12.78741,66.34209],[12.78633,66.34242],[12.78643,66.34282],[12.78847,66.34396]],[[12.57573,66.34079],[12.57662,66.3411],[12.5771,66.34081]],[[12.3997,66.33795],[12.40104,66.33862],[12.40671,66.33807]],[[12.53471,66.34015],[12.53678,66.3411],[12.53591,66.34017]],[[12.72293,66.34301],[12.72202,66.34343],[12.72683,66.34445],[12.73031,66.34444],[12.73247,66.34552],[12.73359,66.34509],[12.73459,66.34369],[12.73588,66.34389],[12.7349,66.34432],[12.73533,66.34474],[12.73909,66.34429],[12.73821,66.34324]],[[12.57963,66.34085],[12.58844,66.34309],[12.59069,66.34272],[12.59343,66.34371]],[[12.61501,66.3414],[12.6185,66.34297],[12.62326,66.34419],[12.62309,66.34321],[12.621,66.34149]],[[12.35852,66.33831],[12.35581,66.33761],[12.35526,66.33777],[12.35569,66.33908],[12.3588,66.33997],[12.35981,66.3392],[12.35852,66.33831]],[[12.54138,66.34025],[12.54282,66.34304]],[[12.52819,66.34004],[12.52998,66.34121],[12.53077,66.3426],[12.5327,66.34298],[12.53366,66.34274],[12.53343,66.342],[12.53142,66.34009]],[[12.43125,66.34144],[12.43225,66.34139],[12.43136,66.34034]],[[12.43099,66.3439],[12.43257,66.34377],[12.43159,66.34304],[12.43302,66.34277],[12.43121,66.3418]],[[12.54864,66.34037],[12.55246,66.34372],[12.55314,66.34353],[12.55128,66.34144],[12.55337,66.34146],[12.5567,66.34243],[12.55735,66.34228]],[[12.43125,66.34144],[12.43082,66.34076],[12.42981,66.3406],[12.42995,66.34133],[12.43121,66.3418]],[[12.56884,66.3428],[12.56689,66.34241],[12.56734,66.34359],[12.57075,66.34403],[12.56884,66.3428]],[[12.54282,66.34304],[12.54497,66.34421],[12.54322,66.34028]],[[12.41942,66.33828],[12.42651,66.34193],[12.43028,66.3426],[12.42705,66.34068],[12.4244,66.33987],[12.42235,66.33833]],[[12.566,66.34538],[12.56949,66.34534],[12.56747,66.34459],[12.56642,66.34473],[12.56276,66.34304],[12.56232,66.34208],[12.5583,66.34091],[12.5598,66.34054]],[[12.59343,66.34371],[12.59458,66.34455],[12.59629,66.34481],[12.59919,66.34411],[12.60077,66.34623]],[[12.81024,66.34741],[12.80876,66.34724],[12.80756,66.34787],[12.80884,66.34933],[12.81077,66.34887],[12.81024,66.34741]],[[12.34089,66.34063],[12.33872,66.3404],[12.34259,66.3424],[12.34553,66.34253],[12.34089,66.34063]],[[12.91366,66.35031],[12.91207,66.34914],[12.91083,66.34957],[12.90919,66.34927],[12.90813,66.34953],[12.9084,66.35031],[12.91155,66.35145],[12.91366,66.35031]],[[12.43099,66.3439],[12.42925,66.34347],[12.42842,66.3437],[12.43094,66.34446]],[[12.41686,66.33823],[12.41879,66.34002],[12.42454,66.34192],[12.42628,66.34356],[12.43091,66.34469]],[[12.53339,66.34013],[12.53519,66.34295],[12.53745,66.34367],[12.53569,66.34429],[12.53635,66.34511],[12.54242,66.34716]],[[12.58259,66.3479],[12.57779,66.34657],[12.57876,66.34799],[12.58066,66.34812],[12.58106,66.34787],[12.58227,66.34817],[12.58259,66.3479]],[[12.80009,66.35175],[12.79868,66.3495],[12.79788,66.34924],[12.79476,66.34943],[12.79654,66.35171],[12.80009,66.35175]],[[12.51723,66.33987],[12.52039,66.34036],[12.52214,66.34025],[12.52865,66.34333],[12.53207,66.34378],[12.53685,66.34715],[12.53815,66.34701],[12.54071,66.3482],[12.54232,66.34812]],[[12.43077,66.34609],[12.42973,66.34622],[12.43068,66.34697]],[[12.79269,66.3515],[12.79078,66.3512],[12.79134,66.35041],[12.78759,66.35012],[12.78695,66.35038],[12.78826,66.35247],[12.79148,66.35219],[12.79269,66.3515]],[[12.34719,66.34427],[12.3446,66.34391],[12.34436,66.34467],[12.34657,66.34587],[12.34898,66.34613],[12.34874,66.34477],[12.34719,66.34427]],[[12.36219,66.34234],[12.36114,66.34238],[12.36049,66.343],[12.36181,66.34415],[12.36579,66.34646],[12.36785,66.3463],[12.36855,66.34537],[12.36609,66.3432],[12.36219,66.34234]],[[12.43068,66.34697],[12.4339,66.3476],[12.43699,66.34762],[12.43077,66.34609]],[[12.54789,66.34952],[12.54664,66.34958],[12.54421,66.34845],[12.54232,66.34812]],[[12.64821,66.34916],[12.64563,66.34834],[12.64503,66.34852],[12.64588,66.35015],[12.649,66.35138],[12.65059,66.35078],[12.65105,66.34994],[12.64821,66.34916]],[[12.52164,66.34799],[12.51933,66.3469],[12.5172,66.34716],[12.51706,66.34762],[12.52291,66.34976],[12.52164,66.34799]],[[12.45365,66.34846],[12.45349,66.34785],[12.45168,66.34697],[12.44793,66.34656],[12.4472,66.34723],[12.44493,66.34688],[12.4452,66.34559],[12.44062,66.34433],[12.43961,66.3444],[12.4408,66.34513],[12.43872,66.34542],[12.43888,66.3462],[12.43694,66.34543],[12.43524,66.34547],[12.4359,66.3463],[12.44082,66.34826],[12.44344,66.34836],[12.44208,66.34744],[12.44261,66.34729],[12.44476,66.34814],[12.45365,66.34846]],[[12.47485,66.34807],[12.47333,66.34795],[12.47088,66.34647],[12.46814,66.34621],[12.46848,66.34709],[12.47055,66.34816],[12.47495,66.34904],[12.47485,66.34807]],[[12.59562,66.35068],[12.59186,66.35003],[12.59245,66.35103],[12.5958,66.35126],[12.59562,66.35068]],[[12.54217,66.34965],[12.53993,66.34924],[12.54208,66.35059]],[[12.907,66.4561],[12.90937,66.45496],[12.90347,66.45216],[12.90167,66.45063]],[[12.62451,66.34154],[12.6239,66.34252],[12.62509,66.34481],[12.62905,66.34715],[12.6297,66.34813],[12.641,66.35215],[12.64059,66.34968],[12.63869,66.34686],[12.63448,66.34266],[12.63183,66.34165]],[[12.52734,66.34597],[12.52594,66.3459],[12.52316,66.34448],[12.52113,66.34472],[12.51942,66.34374],[12.51639,66.34314],[12.51423,66.34229],[12.515,66.34158],[12.51132,66.34025],[12.51036,66.34087],[12.51204,66.34159],[12.51136,66.34259],[12.51258,66.34338],[12.51398,66.34351],[12.51394,66.34428],[12.51687,66.34481],[12.51801,66.34464],[12.5206,66.34629],[12.52134,66.34616],[12.52103,66.34495],[12.52168,66.34493],[12.52195,66.34575],[12.52364,66.34642],[12.52277,66.34728],[12.53202,66.35044],[12.53215,66.34967],[12.52734,66.34597]],[[12.33459,66.34633],[12.33288,66.34634],[12.33275,66.34686],[12.33814,66.34718],[12.33459,66.34633]],[[12.54217,66.34965],[12.5477,66.35238],[12.54835,66.35219],[12.5468,66.351],[12.5469,66.35031],[12.55057,66.35157]],[[12.90765,66.35418],[12.91038,66.35241],[12.90823,66.35154],[12.90691,66.35155],[12.90517,66.35051],[12.9044,66.35073],[12.90532,66.35197],[12.90752,66.3528],[12.90578,66.35369],[12.90414,66.35287],[12.90412,66.35208],[12.90241,66.35137],[12.89972,66.35162],[12.89854,66.35268],[12.89547,66.35114],[12.89358,66.35164],[12.89872,66.35492],[12.9031,66.35647],[12.90652,66.35531],[12.90765,66.35418]],[[12.48807,66.34944],[12.48661,66.34824],[12.48553,66.34804],[12.48387,66.34876],[12.48281,66.34723],[12.4773,66.34573],[12.47801,66.3469],[12.48018,66.34767],[12.48068,66.34879],[12.48273,66.34991],[12.48586,66.35045],[12.48658,66.34977],[12.48807,66.34944]],[[12.50272,66.34927],[12.50096,66.34931],[12.50304,66.3502],[12.50932,66.35114],[12.50806,66.35002],[12.50272,66.34927]],[[12.58622,66.35071],[12.58141,66.34922],[12.57865,66.34887],[12.57884,66.35026],[12.58059,66.3513],[12.58335,66.35161],[12.58332,66.35061],[12.58801,66.35233],[12.58959,66.35236],[12.59013,66.35185],[12.58622,66.35071]],[[12.51323,66.3398],[12.51555,66.34081],[12.5204,66.34193],[12.52125,66.34183],[12.52097,66.34094],[12.52159,66.34093],[12.52444,66.34373],[12.53061,66.34528],[12.52984,66.34589],[12.53125,66.34744],[12.54197,66.35174]],[[12.54197,66.35174],[12.54291,66.35113],[12.54208,66.35059]],[[12.35232,66.34826],[12.34991,66.34763],[12.34864,66.34763],[12.34792,66.3481],[12.34865,66.34858],[12.3519,66.34919],[12.35232,66.34826]],[[12.34074,66.34828],[12.33856,66.34807],[12.33771,66.34836],[12.3442,66.34911],[12.34074,66.34828]],[[12.57214,66.34073],[12.5745,66.34147],[12.57546,66.34242],[12.57925,66.34318],[12.58371,66.34484],[12.58733,66.34534],[12.58974,66.34636],[12.59255,66.3466],[12.5939,66.3476],[12.59496,66.34728],[12.59956,66.34752],[12.60203,66.34854],[12.60628,66.34869],[12.60971,66.34968],[12.61419,66.35241],[12.61704,66.35353],[12.62142,66.35388],[12.61749,66.35279],[12.61588,66.35182],[12.61855,66.35157],[12.61864,66.3513],[12.61112,66.34937],[12.60584,66.34744],[12.6039,66.34767],[12.60222,66.34736],[12.60077,66.34623]],[[12.5678,66.3532],[12.56456,66.35229],[12.561,66.35189],[12.56174,66.35119],[12.5593,66.3502],[12.55658,66.3475],[12.55593,66.34763],[12.55593,66.34892],[12.55357,66.34884],[12.55335,66.34962],[12.55003,66.34906],[12.5452,66.34688],[12.54453,66.34767],[12.54242,66.34716]],[[12.54789,66.34952],[12.55105,66.34999],[12.55892,66.35207],[12.56118,66.35304],[12.56332,66.35291],[12.56419,66.35334]],[[12.45618,66.35011],[12.4528,66.34922],[12.45154,66.3492],[12.45096,66.34997],[12.44965,66.3495],[12.4443,66.34964],[12.44219,66.34908],[12.4384,66.34888],[12.43851,66.3494],[12.44035,66.35005],[12.44353,66.35012],[12.44465,66.34973],[12.44958,66.35143],[12.45369,66.35196],[12.4522,66.35033],[12.45618,66.35011]],[[12.57727,66.35409],[12.57369,66.35139],[12.5743,66.3512],[12.57791,66.35228],[12.57906,66.35213],[12.57691,66.3485],[12.57441,66.34728],[12.57342,66.34732],[12.566,66.34538]],[[12.99531,66.34676],[12.98997,66.3487],[12.99531,66.35311],[12.99693,66.35559],[12.99963,66.35704],[13.00241,66.35779]],[[12.25727,66.34916],[12.25401,66.34895],[12.25287,66.34937],[12.25375,66.34983],[12.25747,66.34995],[12.25827,66.34952],[12.25727,66.34916]],[[12.66224,66.35499],[12.66045,66.35504],[12.66095,66.35597],[12.66298,66.35668],[12.66554,66.35663],[12.66224,66.35499]],[[12.23573,66.34939],[12.23421,66.34858],[12.23253,66.34887],[12.23287,66.3473],[12.23081,66.34631],[12.2284,66.34669],[12.22751,66.34814],[12.23355,66.34969],[12.23567,66.3498],[12.23573,66.34939]],[[12.44466,66.35205],[12.44129,66.35194],[12.44628,66.35379],[12.44987,66.35376],[12.4491,66.35279],[12.44466,66.35205]],[[12.50634,66.35406],[12.50226,66.35345],[12.50054,66.3526],[12.49816,66.35246],[12.49881,66.35334],[12.50618,66.35486],[12.50634,66.35406]],[[12.90206,66.45674],[12.906,66.4565],[12.907,66.4561]],[[12.87161,66.36056],[12.8702,66.36036],[12.86966,66.35953],[12.87026,66.35889],[12.8692,66.35857],[12.86698,66.35879],[12.86691,66.36046]],[[12.8766,66.35958],[12.87503,66.36055],[12.87263,66.35933],[12.87161,66.36056]],[[12.34437,66.35119],[12.34165,66.35116],[12.34506,66.35271],[12.34568,66.35241],[12.34437,66.35119]],[[12.32797,66.35097],[12.32619,66.35093],[12.32589,66.3512],[12.32722,66.35206],[12.33025,66.35283],[12.332,66.35282],[12.33289,66.35213],[12.33256,66.35151],[12.32797,66.35097]],[[12.79227,66.35902],[12.79064,66.35938],[12.79226,66.36042],[12.79367,66.35974],[12.79227,66.35902]],[[12.66942,66.3564],[12.66836,66.35607],[12.66752,66.35652],[12.6691,66.35722],[12.67651,66.35882],[12.67778,66.35876],[12.67564,66.35742],[12.66942,66.3564]],[[12.49048,66.35458],[12.4895,66.35446],[12.4868,66.3552],[12.48816,66.35608],[12.4909,66.3565],[12.49173,66.35606],[12.49048,66.35458]],[[12.56614,66.34064],[12.57419,66.34294],[12.58093,66.34416],[12.58197,66.34513],[12.58575,66.34636],[12.58608,66.34708],[12.59183,66.34881],[12.59181,66.34955],[12.59514,66.34976],[12.59625,66.34948],[12.59903,66.35154],[12.60108,66.35156],[12.59955,66.3502],[12.60021,66.34985],[12.60574,66.35098],[12.60861,66.3531],[12.61198,66.35397],[12.61387,66.35565],[12.61864,66.35646],[12.62061,66.35656],[12.62181,66.35621],[12.62336,66.35685],[12.62046,66.35803],[12.62228,66.35862],[12.62372,66.35709],[12.62585,66.35739],[12.62727,66.35695],[12.62445,66.35596],[12.62261,66.35418],[12.62457,66.35496],[12.62649,66.35507],[12.62715,66.35423],[12.62446,66.35199],[12.62077,66.3516],[12.62082,66.35111],[12.61864,66.35024],[12.62094,66.34957],[12.62261,66.35021],[12.62365,66.35136],[12.62814,66.35173],[12.62878,66.35142],[12.62852,66.34986],[12.62485,66.34711],[12.62466,66.3462],[12.61314,66.34137]],[[12.45678,66.3547],[12.45503,66.35489],[12.45925,66.35641],[12.4605,66.35639],[12.45678,66.3547]],[[12.86691,66.36046],[12.86621,66.36108],[12.86451,66.35952],[12.86325,66.35991],[12.86241,66.36089],[12.86252,66.36225],[12.86478,66.36409],[12.86563,66.36599]],[[12.53723,66.36778],[12.53362,66.36527],[12.52323,66.36142],[12.52237,66.36274],[12.52623,66.36581],[12.53295,66.36747],[12.53354,66.36711],[12.53586,66.36797],[12.53723,66.36778]],[[12.44531,66.40751],[12.43858,66.40681],[12.43637,66.4072],[12.43698,66.40756],[12.44511,66.40807],[12.44531,66.40751]],[[12.89545,66.36179],[12.89788,66.36065],[12.89961,66.36043],[12.903,66.35808],[12.9021,66.35772],[12.89578,66.36023],[12.89469,66.36006],[12.90176,66.35678],[12.89524,66.35456],[12.88995,66.35564],[12.88935,66.35693],[12.89028,66.35819],[12.88579,66.35699],[12.88377,66.35744],[12.88337,66.35796],[12.88851,66.36185],[12.89348,66.36191],[12.89408,66.36308],[12.89573,66.36228],[12.89545,66.36179]],[[12.87322,66.37512],[12.87524,66.37568]],[[12.5146,66.35788],[12.50762,66.35595],[12.50179,66.35488],[12.50066,66.35497],[12.50061,66.35533],[12.50217,66.35569],[12.50138,66.35649],[12.50653,66.35768],[12.51118,66.35771],[12.51434,66.35819],[12.5146,66.35788]],[[12.34824,66.3568],[12.34706,66.35603],[12.34441,66.35556],[12.34368,66.35466],[12.33755,66.35287],[12.33008,66.35398],[12.32883,66.35564],[12.32707,66.35597],[12.31807,66.35492]],[[12.3499,66.35714],[12.34868,66.35724],[12.34824,66.3568]],[[12.86563,66.36599],[12.86615,66.36621]],[[12.48001,66.3571],[12.47667,66.35635],[12.48065,66.35963],[12.48287,66.36046],[12.48538,66.36061],[12.48001,66.3571]],[[12.46472,66.35928],[12.46302,66.35826],[12.46214,66.35828],[12.45853,66.35679],[12.45754,66.35694],[12.46136,66.36026],[12.46173,66.35944],[12.46472,66.35928]],[[12.76234,66.36254],[12.75993,66.36215],[12.75924,66.36245],[12.75924,66.36368],[12.76073,66.36508],[12.76196,66.36503],[12.76313,66.36404],[12.76234,66.36254]],[[12.65304,66.35921],[12.65066,66.35796],[12.64886,66.35792],[12.64864,66.35893],[12.65007,66.35965],[12.64893,66.3602],[12.65109,66.36158],[12.65131,66.36286],[12.65263,66.36368]],[[12.65263,66.36368],[12.65608,66.36279],[12.65304,66.35921]],[[12.2937,66.35508],[12.29213,66.35492],[12.29154,66.35532],[12.29175,66.35647],[12.2962,66.3579],[12.29672,66.35617],[12.2937,66.35508]],[[12.31807,66.35492],[12.31456,66.35527],[12.3127,66.35594],[12.3111,66.3555],[12.31027,66.35442],[12.30788,66.35441],[12.30741,66.355],[12.30893,66.35551],[12.30856,66.35605],[12.30443,66.35551],[12.30575,66.35827]],[[12.73785,66.3677],[12.73387,66.3655],[12.733,66.36604],[12.73426,66.36743],[12.73179,66.36718],[12.73095,66.36755],[12.73257,66.36845],[12.73616,66.36922],[12.73787,66.36874],[12.73785,66.3677]],[[12.85929,66.36984],[12.85511,66.3683],[12.85378,66.36857],[12.85389,66.37045],[12.85656,66.37168],[12.86593,66.37342],[12.8687,66.37361],[12.86981,66.37334],[12.86988,66.37284],[12.86369,66.37167],[12.85929,66.36984]],[[12.64374,66.35491],[12.6413,66.3529],[12.6395,66.35261],[12.64056,66.35412],[12.63878,66.35398],[12.63783,66.35207],[12.6336,66.35065],[12.63137,66.35035],[12.63237,66.35125],[12.63497,66.35216],[12.63843,66.35529],[12.63947,66.35546],[12.64027,66.35729],[12.64406,66.35981],[12.64567,66.36283],[12.64767,66.36411],[12.649,66.36434],[12.64995,66.36411],[12.64952,66.36322],[12.64578,66.35969],[12.64529,66.35702],[12.64374,66.35491]],[[12.60717,66.36197],[12.60452,66.36156],[12.60333,66.36191],[12.60396,66.36358],[12.60569,66.36376],[12.60732,66.36307],[12.60717,66.36197]],[[12.51245,66.36187],[12.50851,66.36006],[12.50421,66.35983],[12.50547,66.36016],[12.50504,66.36072],[12.51279,66.3626],[12.51245,66.36187]],[[12.55363,66.35275],[12.55223,66.35319],[12.55655,66.35509],[12.55888,66.35461],[12.56303,66.3556],[12.56518,66.35483],[12.56569,66.35579],[12.56846,66.35661],[12.56673,66.35741],[12.56754,66.3586],[12.56556,66.35947],[12.56208,66.35805],[12.56135,66.35817],[12.56248,66.36019],[12.56496,66.36151],[12.56584,66.36031],[12.56916,66.3628],[12.57299,66.36307],[12.57549,66.36208],[12.57822,66.36323],[12.57938,66.36234],[12.58223,66.36414]],[[12.30093,66.35645],[12.29948,66.35643],[12.29881,66.3569],[12.29941,66.35896],[12.3039,66.35995],[12.30425,66.35947],[12.30093,66.35645]],[[12.30575,66.35827],[12.30741,66.35949],[12.30953,66.36013]],[[12.58223,66.36414],[12.58253,66.36463]],[[12.51947,66.36131],[12.51837,66.36085],[12.51654,66.36099],[12.51501,66.35995],[12.513,66.35978],[12.51292,66.36033],[12.51707,66.36275],[12.52003,66.3638],[12.52183,66.36348],[12.51947,66.36131]],[[12.87554,66.37213],[12.87653,66.37138],[12.87635,66.37036],[12.87817,66.37048],[12.8834,66.36765],[12.89291,66.36348],[12.89176,66.36221],[12.88868,66.36271],[12.8829,66.3595],[12.8766,66.35958]],[[12.86615,66.36621],[12.87425,66.36898],[12.87368,66.36924],[12.86996,66.36847],[12.87144,66.37096],[12.86908,66.36924],[12.86751,66.3693],[12.8681,66.3679],[12.86378,66.36609],[12.86166,66.36374],[12.85607,66.36306],[12.85544,66.36588],[12.85644,66.3665],[12.85905,66.36677],[12.86039,66.3685],[12.86236,66.3696],[12.86521,66.3708],[12.87097,66.37201],[12.87213,66.37219],[12.87416,66.37182],[12.87469,66.37225],[12.87554,66.37213]],[[12.68437,66.36812],[12.68744,66.36769],[12.6873,66.36512],[12.68129,66.36136],[12.66911,66.35844],[12.66773,66.3588],[12.66271,66.35876],[12.66287,66.35923],[12.66698,66.36071],[12.66388,66.36092],[12.66226,66.36189],[12.6612,66.36036],[12.65882,66.36011],[12.65987,66.3619],[12.65849,66.36239],[12.65804,66.36457],[12.65871,66.365],[12.66135,66.3652],[12.66083,66.36608],[12.66203,66.36733],[12.66425,66.36727],[12.66564,66.3655],[12.66812,66.36483],[12.6687,66.36216],[12.66968,66.36182],[12.67155,66.36353],[12.67596,66.36472],[12.67791,66.36473],[12.67977,66.36521],[12.67964,66.3665],[12.67656,66.36708],[12.67361,66.36695],[12.67308,66.36648],[12.67692,66.36595],[12.67649,66.36532],[12.67159,66.365],[12.67007,66.36556],[12.67042,66.36596],[12.67283,66.36641],[12.66963,66.36708],[12.67192,66.37001],[12.68306,66.37094],[12.68356,66.36947],[12.68455,66.36916],[12.68437,66.36812]],[[12.75522,66.37159],[12.7545,66.36817],[12.75904,66.36622],[12.75701,66.36359],[12.75541,66.3626],[12.75243,66.36182],[12.74867,66.36156],[12.74498,66.36207],[12.74411,66.36135],[12.74165,66.36121],[12.74146,66.36205],[12.74344,66.36297],[12.7419,66.36365],[12.7401,66.36312],[12.74007,66.3651],[12.74187,66.36544],[12.74278,66.36447],[12.74584,66.36564],[12.74286,66.3665],[12.74167,66.36599],[12.74065,66.36607],[12.74027,66.36769],[12.74179,66.36801],[12.74361,66.36772],[12.74383,66.36938],[12.74558,66.37087],[12.75336,66.37211],[12.75522,66.37159]],[[12.52302,66.36865],[12.52123,66.36706],[12.51726,66.36523],[12.515,66.36469],[12.51427,66.36508],[12.513,66.36501],[12.51325,66.36538],[12.51198,66.3654],[12.51331,66.36601],[12.51482,66.36593],[12.51937,66.36684],[12.51909,66.36714],[12.51564,66.36698],[12.51823,66.36832],[12.52223,66.36889],[12.52302,66.36865]],[[12.54056,66.36614],[12.53809,66.3652],[12.53636,66.36513],[12.5307,66.36102],[12.52743,66.35964],[12.52505,66.35928],[12.52544,66.36009],[12.53021,66.36185],[12.53211,66.36379],[12.53734,66.3666],[12.54024,66.36941]],[[12.88947,66.37079],[12.88615,66.37115],[12.88529,66.37189],[12.8852,66.37364],[12.88708,66.37488],[12.88924,66.37474],[12.89016,66.37413],[12.89091,66.37182],[12.88947,66.37079]],[[12.73518,66.37127],[12.73271,66.37126],[12.73179,66.37194],[12.73244,66.37251],[12.73471,66.37293],[12.73611,66.37276],[12.73651,66.37226],[12.73518,66.37127]],[[12.30953,66.36013],[12.31298,66.36159],[12.31228,66.36246],[12.3136,66.36481],[12.31685,66.3663]],[[12.74819,66.3717],[12.74651,66.37181],[12.74643,66.37265],[12.74704,66.37304],[12.75001,66.37321],[12.7498,66.37237],[12.74819,66.3717]],[[12.86603,66.48388],[12.86878,66.4838],[12.86776,66.48289],[12.86614,66.48259]],[[12.58253,66.36463],[12.58076,66.36706],[12.58237,66.3688],[12.58359,66.36952],[12.59213,66.37188],[12.59285,66.37105],[12.59194,66.36807],[12.59254,66.36775]],[[12.72595,66.37162],[12.7246,66.37158],[12.72416,66.37194],[12.72599,66.37367],[12.72854,66.37431],[12.72841,66.37321],[12.72595,66.37162]],[[12.87322,66.37512],[12.87208,66.37461],[12.86754,66.37468],[12.85513,66.37396],[12.84993,66.37287],[12.8448,66.37111],[12.84059,66.37077],[12.83989,66.36953],[12.83803,66.36913],[12.83526,66.3677],[12.83376,66.36831],[12.83311,66.36957],[12.83452,66.37034],[12.83687,66.37066],[12.83655,66.37187],[12.83982,66.37348],[12.84084,66.37592]],[[12.83921,66.3758],[12.84022,66.37615],[12.84084,66.37592]],[[12.54024,66.36941],[12.54407,66.37199],[12.54682,66.37196],[12.54553,66.37021],[12.54118,66.36745],[12.54056,66.36614]],[[12.51874,66.36941],[12.51414,66.3671],[12.51279,66.36686],[12.51539,66.36892],[12.5139,66.36889],[12.51212,66.36773],[12.51198,66.36895],[12.52089,66.37238],[12.52139,66.37168],[12.51822,66.37065],[12.51935,66.37035],[12.51874,66.36941]],[[12.3783,66.36679],[12.37726,66.36577],[12.37133,66.36591],[12.3745,66.37002],[12.37845,66.369],[12.38018,66.36787],[12.3783,66.36679]],[[12.30266,66.36659],[12.29903,66.36648],[12.29952,66.36768],[12.30478,66.36888],[12.30979,66.36893],[12.31016,66.36831],[12.30892,66.36756],[12.30266,66.36659]],[[12.83921,66.3758],[12.83273,66.37194],[12.83188,66.37189],[12.83082,66.37261],[12.83129,66.37319],[12.83313,66.37338],[12.83312,66.37431],[12.83244,66.37543],[12.83022,66.37563],[12.82969,66.37603],[12.83069,66.37721]],[[12.55331,66.37039],[12.55053,66.36989],[12.55208,66.37034],[12.55364,66.37173],[12.55867,66.37364],[12.55836,66.37295],[12.55331,66.37039]],[[12.31658,66.36882],[12.31791,66.3699],[12.3197,66.36982],[12.3197,66.36809],[12.31685,66.3663]],[[12.51069,66.37548],[12.50891,66.37482],[12.50724,66.37507],[12.50106,66.36999],[12.49488,66.36701],[12.49373,66.36696],[12.49094,66.36543],[12.48851,66.36494],[12.49067,66.36668],[12.48952,66.36693],[12.48985,66.3674],[12.49302,66.36846],[12.49406,66.36768],[12.49814,66.3722],[12.50192,66.374],[12.50429,66.37443],[12.50646,66.37619],[12.50642,66.37754],[12.50772,66.37907],[12.51073,66.38019],[12.51317,66.38035],[12.5155,66.37939],[12.51069,66.37548]],[[12.88154,66.38727],[12.88466,66.38415],[12.88637,66.37762],[12.88313,66.37559],[12.8762,66.37567]],[[12.59301,66.36779],[12.59468,66.36889],[12.59379,66.36939],[12.59551,66.37051],[12.59374,66.37054],[12.59573,66.37388],[12.59653,66.37438],[12.59821,66.37449],[12.5991,66.37432],[12.59869,66.37348],[12.60005,66.37341],[12.60001,66.37287],[12.59558,66.37072],[12.59707,66.37063],[12.59862,66.36991],[12.60075,66.37164],[12.60554,66.37239],[12.60529,66.37097],[12.60283,66.36975],[12.60672,66.36864],[12.60711,66.37086],[12.60895,66.37102],[12.60953,66.37174],[12.61141,66.37154],[12.61456,66.37029],[12.61374,66.36861],[12.61672,66.36909],[12.61631,66.36756],[12.61745,66.36674],[12.61635,66.3666],[12.61373,66.36844],[12.61231,66.36838],[12.61203,66.36915],[12.60973,66.36966],[12.6114,66.367],[12.61388,66.3667],[12.61541,66.366],[12.6149,66.36551],[12.61297,66.36538],[12.61201,66.36488],[12.61289,66.36416],[12.61136,66.36153],[12.60776,66.36046],[12.60533,66.36065],[12.60366,66.3599],[12.60377,66.35932],[12.60015,66.35833],[12.59812,66.35882],[12.5942,66.35666],[12.59039,66.3559],[12.59041,66.3551],[12.58725,66.35469],[12.58504,66.35465],[12.58467,66.35491],[12.58919,66.3566],[12.58934,66.35854],[12.58631,66.35898],[12.58425,66.35857],[12.58038,66.35711],[12.58174,66.35667],[12.57986,66.3556],[12.58203,66.35555],[12.58138,66.3548],[12.57978,66.35482],[12.57727,66.35409]],[[12.54254,66.37389],[12.54248,66.37339],[12.54431,66.37353],[12.54387,66.37304],[12.54272,66.3727],[12.542,66.37329],[12.53996,66.37224]],[[12.5438,66.37451],[12.54286,66.37442],[12.54254,66.37389]],[[12.80881,66.38449],[12.80984,66.38494],[12.80944,66.38327],[12.8062,66.38188],[12.80613,66.38124],[12.80783,66.38143],[12.81155,66.38355],[12.81993,66.38635],[12.8247,66.38883],[12.82449,66.38813],[12.81992,66.38532],[12.8147,66.38307],[12.81178,66.38062],[12.81377,66.3794],[12.82009,66.38083],[12.82269,66.38069],[12.8241,66.37952],[12.828,66.37982],[12.82829,66.37952],[12.82688,66.37894],[12.82789,66.37844],[12.83375,66.37904],[12.83069,66.37721]],[[12.53307,66.385],[12.52808,66.38053],[12.52475,66.37887],[12.52122,66.37803],[12.5202,66.37934],[12.52437,66.38198],[12.52592,66.3818],[12.53089,66.38497]],[[12.89747,66.39035],[12.89718,66.38946],[12.89592,66.38898],[12.89459,66.38987],[12.89262,66.38957],[12.89241,66.39028]],[[12.79977,66.41288],[12.79717,66.41178],[12.79659,66.41191],[12.79751,66.41414],[12.80029,66.41357],[12.79977,66.41288]],[[12.42437,66.40841],[12.42355,66.40881],[12.42183,66.40803],[12.41846,66.40754],[12.41401,66.40772],[12.41442,66.40909],[12.41599,66.41005],[12.42408,66.41124]],[[12.63513,66.37643],[12.63783,66.376],[12.63761,66.3752],[12.63979,66.37545],[12.63969,66.37356],[12.64304,66.37241],[12.64528,66.36869],[12.64367,66.3666],[12.64062,66.36566],[12.64115,66.36546],[12.64434,66.36592],[12.6431,66.36318],[12.64146,66.3623],[12.63872,66.35912],[12.64017,66.35822],[12.63689,66.35497],[12.63391,66.35268],[12.63203,66.35194],[12.63114,66.35212],[12.63183,66.35385],[12.63525,66.3571],[12.63078,66.35658],[12.62967,66.35711],[12.63073,66.35792],[12.63282,66.35778],[12.63338,66.35899],[12.63242,66.35937],[12.6311,66.35917],[12.63076,66.35833],[12.62946,66.35798],[12.62938,66.35969],[12.62664,66.35973],[12.62209,66.35918],[12.62125,66.35974],[12.62198,66.36072],[12.62461,66.36126],[12.6264,66.36253],[12.62445,66.36225],[12.62416,66.36335],[12.62225,66.36299],[12.62317,66.36477],[12.62044,66.36369],[12.61854,66.364],[12.62291,66.36684],[12.62816,66.36836],[12.62656,66.36968],[12.63012,66.37174],[12.63294,66.37256],[12.63252,66.37279],[12.63085,66.3726],[12.63079,66.37401],[12.63148,66.37423],[12.63327,66.37391],[12.63451,66.37325],[12.63743,66.37368],[12.63699,66.37489],[12.63394,66.37586],[12.63513,66.37643]],[[12.31658,66.36882],[12.31332,66.36821],[12.31232,66.36885],[12.31498,66.36958],[12.31631,66.37131]],[[12.57727,66.37584],[12.57788,66.37579],[12.57613,66.3736],[12.57472,66.37324],[12.57492,66.3752],[12.57626,66.37693],[12.57727,66.37584]],[[12.4188,66.37291],[12.41696,66.37281],[12.41625,66.37346],[12.41669,66.37506],[12.41795,66.37531],[12.42131,66.37443],[12.4188,66.37291]],[[12.36125,66.37391],[12.36128,66.37361],[12.35734,66.37311],[12.35854,66.37381],[12.35736,66.37389],[12.35744,66.37422],[12.35932,66.37436],[12.36125,66.37391]],[[12.52223,66.37494],[12.52117,66.37433],[12.51978,66.37463],[12.51757,66.37344],[12.515,66.37313],[12.51494,66.37358],[12.52043,66.37566],[12.52378,66.3775],[12.52661,66.37758],[12.52614,66.37605],[12.52381,66.37585],[12.52223,66.37494]],[[12.3632,66.39763],[12.36091,66.39744],[12.36033,66.39785],[12.36265,66.39843],[12.36654,66.39872],[12.3632,66.39763]],[[12.58126,66.3782],[12.57912,66.3763],[12.58044,66.37636],[12.58536,66.38012],[12.58708,66.38007],[12.58622,66.3788],[12.58988,66.37952],[12.59396,66.37869],[12.59402,66.37751],[12.5929,66.37622],[12.59047,66.3755],[12.59261,66.37438],[12.58932,66.3725],[12.58314,66.37147],[12.58309,66.3721],[12.58704,66.37304],[12.58366,66.37391],[12.58341,66.37476],[12.58136,66.37471],[12.58023,66.3744],[12.57717,66.37016],[12.57074,66.36675],[12.56795,66.36578],[12.56058,66.36419],[12.55453,66.36217],[12.55194,66.36193],[12.55307,66.36273],[12.5522,66.36307],[12.55254,66.36373],[12.56027,66.36702],[12.55981,66.36732],[12.55418,66.36538],[12.55185,66.3651],[12.54841,66.36312],[12.54689,66.3628],[12.54964,66.36493],[12.55127,66.36566],[12.55241,66.36557],[12.55524,66.36645],[12.5556,66.36728],[12.5595,66.36924],[12.56197,66.37141],[12.56095,66.37205],[12.56733,66.37697],[12.57167,66.37746],[12.57281,66.37796],[12.57244,66.37822],[12.56902,66.37793],[12.56832,66.37838],[12.56962,66.37987],[12.57063,66.37912],[12.57135,66.37916],[12.57178,66.37998],[12.57082,66.38034],[12.57156,66.38085],[12.57286,66.38101],[12.57499,66.38055],[12.57641,66.38129],[12.57789,66.38142],[12.57522,66.37885],[12.57378,66.37843],[12.57634,66.37776],[12.57807,66.38062],[12.58007,66.38174],[12.58112,66.38202],[12.58399,66.38158],[12.58387,66.38067],[12.58126,66.3782]],[[12.4821,66.37883],[12.48121,66.37919],[12.48386,66.38065],[12.48548,66.38085],[12.48772,66.38048],[12.48653,66.37965],[12.4821,66.37883]],[[12.632,66.37753],[12.63314,66.37699],[12.62904,66.37514],[12.62845,66.37436],[12.62952,66.37401],[12.62843,66.37299],[12.62725,66.37271],[12.62718,66.37336],[12.62649,66.37341],[12.62301,66.37068],[12.6211,66.37086],[12.62103,66.37121],[12.62283,66.37145],[12.62393,66.37228],[12.62345,66.37306],[12.62493,66.374],[12.62402,66.37656],[12.62217,66.37718],[12.62515,66.38073],[12.62421,66.38316],[12.62602,66.38251],[12.62784,66.3804],[12.63085,66.37919],[12.632,66.37753]],[[12.91199,66.38643],[12.90983,66.38639],[12.9071,66.38761],[12.9074,66.38818],[12.90991,66.38902],[12.91341,66.38752],[12.91199,66.38643]],[[12.51654,66.38106],[12.51457,66.38111],[12.51657,66.38241],[12.51932,66.38331],[12.5183,66.38184],[12.51654,66.38106]],[[12.41727,66.39845],[12.4141,66.39838],[12.41012,66.39751],[12.40917,66.39762],[12.41055,66.3992],[12.41274,66.39959],[12.4162,66.39972],[12.41555,66.39911],[12.41756,66.39886],[12.41727,66.39845]],[[12.38162,66.38215],[12.38917,66.3822],[12.39002,66.38188],[12.38985,66.38103],[12.3855,66.37889],[12.38477,66.38052],[12.3831,66.38027],[12.38357,66.37913],[12.37913,66.37783],[12.37968,66.37755],[12.38175,66.37808],[12.38074,66.377],[12.37637,66.37679],[12.37725,66.37563],[12.37413,66.37495],[12.37298,66.37581],[12.37326,66.3763],[12.37523,66.37652],[12.37437,66.37707],[12.37707,66.37817],[12.37793,66.37789],[12.37876,66.37894],[12.38147,66.37974],[12.38089,66.37992],[12.37391,66.3785],[12.37307,66.37919],[12.37437,66.38123],[12.37399,66.3819],[12.37838,66.38228],[12.38162,66.38215]],[[12.55681,66.38538],[12.55628,66.38496],[12.55475,66.38505],[12.55262,66.38338],[12.55238,66.38167],[12.55157,66.3812],[12.55213,66.3853]],[[12.40405,66.38291],[12.39886,66.38244],[12.398,66.3812],[12.39672,66.38116],[12.39563,66.38158],[12.3945,66.38115],[12.39455,66.3801],[12.38996,66.37893],[12.38972,66.37983],[12.39304,66.38096],[12.39205,66.3812],[12.39264,66.38158],[12.39168,66.38213],[12.39278,66.38272]],[[12.50753,66.3846],[12.50467,66.38247],[12.50442,66.38149],[12.50106,66.37982],[12.5006,66.37878],[12.49796,66.37788],[12.50131,66.38078],[12.50123,66.38189],[12.50586,66.38457]],[[12.52001,66.3848],[12.51576,66.38361],[12.51099,66.38145],[12.51055,66.38219],[12.5087,66.38163],[12.50793,66.38207],[12.5104,66.38464]],[[12.52729,66.38491],[12.51869,66.38006],[12.51927,66.38086],[12.51863,66.38132],[12.52041,66.38279],[12.51942,66.38343],[12.52282,66.38484]],[[12.53551,66.38504],[12.53632,66.38463],[12.53141,66.38113],[12.52986,66.37922],[12.52971,66.37768],[12.53168,66.37754],[12.5276,66.37475],[12.52663,66.37297],[12.52709,66.37197],[12.52503,66.37069],[12.52392,66.37175],[12.52105,66.37028],[12.52133,66.36971],[12.52233,66.36959],[12.52408,66.37048],[12.52479,66.37038],[12.52489,66.36873],[12.52316,66.36678],[12.53704,66.37092],[12.53996,66.37224]],[[12.54907,66.38526],[12.54998,66.3848],[12.54706,66.38345],[12.54314,66.38257],[12.54429,66.38369],[12.54604,66.38404],[12.54808,66.38524]],[[12.57622,66.38568],[12.57393,66.38538],[12.57323,66.384],[12.5689,66.38256],[12.57032,66.38201],[12.56988,66.38139],[12.55755,66.37661],[12.55161,66.37525],[12.55167,66.37698],[12.55106,66.37712],[12.54722,66.37402],[12.5444,66.37405],[12.5438,66.37451]],[[12.44637,66.40378],[12.44451,66.40377],[12.44728,66.40505],[12.45024,66.40562],[12.45199,66.40557],[12.45125,66.40498],[12.44637,66.40378]],[[12.81098,66.38916],[12.80755,66.38776],[12.80667,66.38787],[12.80687,66.38863],[12.80577,66.38903],[12.80224,66.38846],[12.79919,66.38618],[12.80065,66.38293],[12.8017,66.38351],[12.80096,66.38419],[12.80362,66.38628],[12.80434,66.3861],[12.80239,66.38458],[12.80283,66.38397],[12.80717,66.38342],[12.80881,66.38449]],[[12.88006,66.39011],[12.88154,66.38727]],[[12.88714,66.39021],[12.8861,66.38955],[12.88453,66.39017]],[[12.94207,66.39094],[12.9433,66.39066],[12.94335,66.3902],[12.9419,66.38922],[12.93585,66.38807],[12.93265,66.38859],[12.92894,66.38867],[12.92855,66.39018],[12.93221,66.39022],[12.93443,66.39084]],[[13.00043,66.3917],[12.9993,66.38881],[13.00007,66.38374]],[[12.97163,66.57083],[12.97133,66.57053]],[[12.39119,66.38484],[12.38923,66.38353],[12.38616,66.38292],[12.37651,66.38286],[12.37108,66.38382],[12.37162,66.38441],[12.37402,66.38503],[12.37623,66.38478],[12.3793,66.38524],[12.38015,66.38447],[12.38185,66.38513],[12.38457,66.38548],[12.3898,66.38569],[12.39119,66.38484]],[[12.54808,66.38524],[12.54907,66.38526]],[[12.81098,66.38916],[12.81166,66.38927]],[[12.55479,66.38535],[12.55667,66.38602],[12.55681,66.38538]],[[12.93443,66.39084],[12.93741,66.39152],[12.94207,66.39094]],[[12.53089,66.38497],[12.53301,66.38607],[12.53307,66.385]],[[12.52282,66.38484],[12.52716,66.3864],[12.52778,66.38596],[12.52729,66.38491]],[[12.33517,66.38299],[12.33077,66.38263],[12.33089,66.38313],[12.33657,66.38373],[12.33648,66.3833],[12.33517,66.38299]],[[12.50586,66.38457],[12.50624,66.38512],[12.50485,66.38521],[12.50392,66.38481],[12.50346,66.38513],[12.50705,66.38674],[12.50724,66.38599],[12.50849,66.38577],[12.50753,66.3846]],[[12.53551,66.38504],[12.53846,66.3875]],[[12.89427,66.39331],[12.89115,66.39187],[12.88947,66.39195],[12.88929,66.3908],[12.88745,66.39098],[12.88714,66.39021]],[[12.89241,66.39028],[12.89554,66.39346],[12.8965,66.3932],[12.89745,66.39192],[12.89747,66.39035]],[[12.54307,66.38585],[12.54222,66.3858],[12.54203,66.38623],[12.54316,66.38777],[12.54505,66.38838],[12.54307,66.38585]],[[12.53112,66.38578],[12.52921,66.38524],[12.5295,66.38701],[12.53118,66.38812],[12.53374,66.38893],[12.53336,66.38726],[12.53112,66.38578]],[[12.35545,66.38591],[12.35185,66.38589],[12.35139,66.38616],[12.35817,66.38687],[12.35788,66.38642],[12.35545,66.38591]],[[12.37889,66.40383],[12.37773,66.40353],[12.37599,66.40373],[12.37475,66.40324],[12.37407,66.40357],[12.37948,66.40545],[12.38086,66.40546],[12.37889,66.40383]],[[12.53846,66.3875],[12.54463,66.38907],[12.54786,66.39064],[12.54947,66.39044],[12.55003,66.38959],[12.55163,66.39021],[12.55246,66.38984],[12.55233,66.38657],[12.5539,66.38851],[12.55633,66.38805],[12.55825,66.38816],[12.55733,66.38669],[12.55898,66.38686],[12.5601,66.38659],[12.56206,66.3879],[12.56578,66.38833],[12.56778,66.38938],[12.56852,66.3888],[12.56712,66.38647],[12.57055,66.38594],[12.5712,66.38627],[12.56993,66.38722],[12.57099,66.38757],[12.5739,66.38696],[12.57421,66.3864],[12.57656,66.38657],[12.57622,66.38568]],[[12.88453,66.39017],[12.88348,66.3911],[12.88565,66.39265],[12.88387,66.393],[12.88242,66.39254],[12.88158,66.39301],[12.88236,66.39561]],[[12.55624,66.38934],[12.55353,66.39001],[12.55667,66.39152],[12.55741,66.39071],[12.55624,66.38934]],[[12.56491,66.39069],[12.56369,66.38998],[12.56147,66.38977],[12.56186,66.38881],[12.55904,66.38858],[12.55822,66.39008],[12.55881,66.39059],[12.56072,66.39061],[12.56363,66.39181],[12.56491,66.39069]],[[12.82639,66.39453],[12.82368,66.39433],[12.82329,66.39481],[12.82439,66.39578],[12.8317,66.39614],[12.82946,66.39517],[12.82639,66.39453]],[[12.88236,66.39561],[12.88507,66.39703]],[[12.8156,66.39411],[12.81285,66.39412],[12.81379,66.39604],[12.81541,66.39597],[12.81635,66.39549],[12.8156,66.39411]],[[12.7587,66.39433],[12.75437,66.39324],[12.75327,66.39333],[12.75295,66.39421],[12.75585,66.39626],[12.75877,66.39563],[12.7587,66.39433]],[[12.80769,66.39513],[12.80651,66.39514],[12.80612,66.39563],[12.80682,66.3968],[12.81034,66.39696],[12.80769,66.39513]],[[12.40405,66.38291],[12.4071,66.38363],[12.40654,66.38387],[12.40543,66.38348],[12.40499,66.38393],[12.40617,66.3839],[12.4103,66.38554],[12.41733,66.38722],[12.41744,66.38771],[12.41601,66.38786],[12.41567,66.38921],[12.42007,66.39013],[12.42606,66.39205]],[[12.53829,66.38924],[12.54359,66.39258],[12.54762,66.39334],[12.54721,66.39362],[12.54546,66.39339],[12.54556,66.39397],[12.54719,66.39446],[12.54885,66.39434],[12.5484,66.39368],[12.54965,66.39338],[12.54889,66.39187],[12.53837,66.38846]],[[12.89108,66.39947],[12.89289,66.39953],[12.8953,66.39828],[12.89645,66.39501],[12.89585,66.39399],[12.89427,66.39331]],[[12.80435,66.41059],[12.79645,66.40741],[12.79712,66.40924],[12.79911,66.41013],[12.80057,66.40988],[12.80263,66.41101],[12.80287,66.41212],[12.80589,66.41128],[12.80554,66.41072],[12.80435,66.41059]],[[12.43915,66.40476],[12.43554,66.40441],[12.44695,66.40685],[12.44844,66.40709],[12.44918,66.40687],[12.44545,66.4055],[12.43915,66.40476]],[[12.81166,66.38927],[12.81227,66.38947],[12.81171,66.39048],[12.8128,66.39099],[12.81893,66.39191],[12.82184,66.39162],[12.82368,66.39205],[12.8228,66.39252],[12.82342,66.39299],[12.82807,66.39311],[12.83362,66.39508],[12.83612,66.39551],[12.8393,66.39774],[12.84219,66.39798],[12.84516,66.39921],[12.846,66.39927],[12.84761,66.39858],[12.84886,66.39925],[12.85522,66.39706],[12.85645,66.39738]],[[12.39278,66.38272],[12.39415,66.38308],[12.40211,66.38345],[12.40242,66.38452],[12.39722,66.38351],[12.39446,66.38351],[12.39293,66.38397],[12.39294,66.38481],[12.39535,66.38637],[12.39821,66.38677],[12.39712,66.38743],[12.3982,66.38833],[12.40109,66.38924],[12.40404,66.38957],[12.40369,66.39025],[12.4056,66.39136],[12.42129,66.39308],[12.42597,66.39293]],[[12.5104,66.38464],[12.51484,66.388],[12.51769,66.38836],[12.5188,66.38913],[12.52035,66.38873],[12.52036,66.38944],[12.51916,66.3902],[12.52026,66.39114],[12.52187,66.39151],[12.523,66.39119],[12.52114,66.3879],[12.5229,66.38756],[12.52767,66.39337],[12.52965,66.39439],[12.53282,66.39509],[12.53459,66.39614],[12.53627,66.39554],[12.53384,66.39451],[12.53574,66.39401],[12.53594,66.39322],[12.53789,66.39332]],[[12.87307,66.4013],[12.87716,66.40141],[12.87999,66.40062],[12.87847,66.39878],[12.87929,66.39569],[12.87823,66.39283],[12.88006,66.39011]],[[12.42581,66.39442],[12.42177,66.39378],[12.41957,66.39381],[12.42036,66.39444],[12.42577,66.39489]],[[12.42577,66.39489],[12.42728,66.39471],[12.42581,66.39442]],[[12.88098,66.40113],[12.88481,66.40216],[12.88434,66.40089],[12.88135,66.40005],[12.88032,66.39864],[12.88176,66.39842],[12.88378,66.39885],[12.88126,66.3974],[12.88315,66.3969],[12.88489,66.39739],[12.88507,66.39703]],[[12.85645,66.39738],[12.85557,66.39869],[12.8596,66.40045],[12.85605,66.40102],[12.85501,66.40204],[12.8559,66.40273],[12.85904,66.40303],[12.85965,66.40377],[12.86224,66.40363],[12.8629,66.40183],[12.86408,66.40099],[12.8661,66.4022],[12.8726,66.40132]],[[12.87288,66.40354],[12.87461,66.40361],[12.87652,66.4044],[12.87649,66.40271],[12.88098,66.40113]],[[12.78788,66.39923],[12.78484,66.39923],[12.78254,66.39985],[12.7867,66.40397],[12.78802,66.40277],[12.78788,66.39923]],[[12.405,66.39755],[12.40333,66.39752],[12.4031,66.39779],[12.40447,66.39887],[12.40871,66.39906],[12.405,66.39755]],[[12.83163,66.39689],[12.82357,66.39774],[12.81926,66.39584],[12.8177,66.39584],[12.8189,66.39792],[12.82209,66.3998],[12.82353,66.40009],[12.82146,66.40181],[12.8202,66.40101],[12.81597,66.39986],[12.81251,66.39946],[12.81047,66.39788],[12.80838,66.39817],[12.80489,66.39764],[12.80371,66.3969],[12.80187,66.39666],[12.80135,66.39689],[12.80241,66.39856],[12.80413,66.39921],[12.80603,66.40087],[12.80867,66.40084],[12.80908,66.40194],[12.8109,66.40233],[12.81247,66.40197],[12.81352,66.40115],[12.8158,66.40136],[12.81439,66.40252],[12.81301,66.4028],[12.81267,66.40384],[12.81377,66.40431],[12.81565,66.40407],[12.82014,66.40546],[12.82056,66.40625],[12.82147,66.40645],[12.8243,66.40603],[12.83305,66.40336],[12.83824,66.39996],[12.83735,66.39886]],[[12.42529,66.3995],[12.42053,66.39905],[12.41841,66.39929],[12.41984,66.40029],[12.42511,66.40125]],[[12.31342,66.3983],[12.3096,66.39825],[12.31331,66.39937]],[[12.89145,66.40687],[12.89316,66.40709],[12.89508,66.40858],[12.8978,66.40723],[12.89698,66.40542],[12.89425,66.40307],[12.89261,66.40265],[12.88875,66.40284],[12.88737,66.40231],[12.8895,66.40111],[12.88968,66.4],[12.89108,66.39947]],[[12.31331,66.39937],[12.3184,66.40001],[12.32004,66.39957],[12.31869,66.39904],[12.31342,66.3983]],[[12.42511,66.40125],[12.4311,66.40244],[12.43533,66.40223],[12.42529,66.3995]],[[12.81893,66.40725],[12.81951,66.40686],[12.81835,66.4057],[12.81568,66.40501],[12.81098,66.40542],[12.80663,66.4047],[12.80562,66.40523],[12.80694,66.40681],[12.81173,66.40706],[12.81318,66.40746],[12.81308,66.40784],[12.81117,66.40834],[12.81217,66.40878],[12.81893,66.40725]],[[12.32383,66.40049],[12.3216,66.40028],[12.32101,66.40081],[12.32376,66.40164],[12.32655,66.40159],[12.32383,66.40049]],[[12.41722,66.40395],[12.41103,66.40363],[12.41161,66.40401],[12.41801,66.40492],[12.42025,66.40559],[12.42329,66.40539],[12.42215,66.40478],[12.41722,66.40395]],[[12.80839,66.40765],[12.80392,66.40744],[12.80418,66.40286],[12.80259,66.40238],[12.80324,66.40123],[12.7963,66.39954],[12.79566,66.39778],[12.79406,66.39756],[12.79332,66.39892],[12.79608,66.40009],[12.79554,66.4024],[12.79472,66.40244],[12.79322,66.40001],[12.79137,66.39999],[12.79038,66.40052],[12.78954,66.40286],[12.78984,66.4053],[12.79156,66.40642],[12.79296,66.40663],[12.79407,66.40619],[12.79396,66.40511],[12.79483,66.40373],[12.79556,66.40366],[12.79663,66.40679],[12.79896,66.40741],[12.79969,66.40818],[12.80452,66.40922],[12.80608,66.41027],[12.80749,66.41056],[12.8104,66.40894],[12.80839,66.40765]],[[12.42408,66.41124],[12.42577,66.41107],[12.42527,66.41046],[12.4274,66.41095],[12.42724,66.41153],[12.42828,66.41176],[12.43231,66.41225],[12.43381,66.41177],[12.43839,66.41307],[12.43974,66.41317],[12.44038,66.41285],[12.43306,66.41059],[12.43105,66.41073],[12.42555,66.40847],[12.42437,66.40841]],[[12.89458,66.4209],[12.89763,66.41897],[12.8973,66.41706],[12.89466,66.41467],[12.89275,66.41127],[12.89097,66.41052],[12.88843,66.41028],[12.8855,66.40803],[12.88754,66.40711],[12.88833,66.40739],[12.89145,66.40687]],[[12.7864,66.41723],[12.78562,66.41735],[12.78606,66.41855],[12.78749,66.41956],[12.78834,66.41853],[12.7864,66.41723]],[[12.45368,66.41328],[12.45099,66.41303],[12.45408,66.41464],[12.45706,66.41476],[12.45368,66.41328]],[[12.46965,66.41609],[12.47252,66.41564],[12.47015,66.4145],[12.4689,66.41483],[12.46756,66.41461],[12.46829,66.41416],[12.46759,66.41355],[12.46404,66.41287],[12.46271,66.41315],[12.46195,66.41222],[12.45768,66.41153],[12.44774,66.4087],[12.44417,66.40853],[12.44176,66.40924],[12.44237,66.40997],[12.44681,66.41047],[12.45369,66.41232],[12.46086,66.41263],[12.4606,66.41311],[12.45743,66.41336],[12.46067,66.4153],[12.46332,66.41526],[12.4663,66.41594],[12.46664,66.41495],[12.46965,66.41609]],[[12.76902,66.41843],[12.76761,66.41845],[12.76712,66.41936],[12.77016,66.42088],[12.77065,66.41997],[12.76902,66.41843]],[[12.95386,66.4237],[12.95449,66.41986],[12.95223,66.41146],[12.95167,66.41049],[12.94943,66.4092],[12.95191,66.40785],[12.95355,66.40759],[12.9547,66.40794],[12.95589,66.40747],[12.95598,66.40524],[12.95341,66.40395],[12.95113,66.40147],[12.94773,66.3994],[12.94465,66.3949],[12.94302,66.39449],[12.94104,66.39461],[12.93821,66.39376],[12.93746,66.39218],[12.93535,66.39193],[12.93503,66.39296],[12.92918,66.39338],[12.92686,66.39494],[12.9272,66.39366],[12.92645,66.39281],[12.92346,66.39241],[12.92278,66.39149],[12.92044,66.3907],[12.91891,66.39269],[12.91517,66.39353],[12.9137,66.39553],[12.91467,66.39631],[12.92009,66.3984]],[[12.78352,66.42108],[12.7809,66.41913],[12.7808,66.41801],[12.77959,66.41742],[12.77701,66.41714],[12.77866,66.42078],[12.7795,66.42095],[12.78032,66.42061],[12.78221,66.42195],[12.78352,66.42108]],[[12.95361,66.42444],[12.95386,66.4237]],[[12.42353,66.4166],[12.42593,66.41723],[12.42795,66.4187],[12.43413,66.41995],[12.4474,66.41971],[12.44863,66.42044],[12.45537,66.42135],[12.45861,66.42115],[12.45533,66.41968],[12.44799,66.4181],[12.44697,66.41807],[12.44606,66.4187],[12.44459,66.41778],[12.43634,66.41584],[12.42974,66.41501],[12.42773,66.4152],[12.42378,66.4142]],[[12.75898,66.42487],[12.75718,66.42437],[12.75572,66.42468],[12.75675,66.42591],[12.75887,66.42607]],[[12.75887,66.42607],[12.7602,66.42556],[12.75898,66.42487]],[[12.89234,66.42812],[12.8953,66.42833],[12.89596,66.42604],[12.89792,66.42589],[12.8941,66.42292],[12.89458,66.4209]],[[12.84005,66.42696],[12.84236,66.4277],[12.84234,66.42544],[12.83711,66.42318],[12.83597,66.42036],[12.83661,66.41924],[12.83871,66.41926],[12.84002,66.41768],[12.84235,66.41784],[12.8418,66.41612],[12.84409,66.41449],[12.84456,66.4147],[12.84356,66.41335],[12.84399,66.41249],[12.85181,66.41119],[12.85367,66.41032],[12.85663,66.41069],[12.85812,66.41052],[12.86096,66.40791],[12.86243,66.40786],[12.86135,66.40715],[12.86846,66.40466],[12.86765,66.40406],[12.86816,66.40372],[12.87288,66.40354]],[[12.92053,66.43018],[12.92122,66.43042]],[[12.76775,66.42802],[12.7665,66.42805],[12.76724,66.42909],[12.77377,66.4306],[12.77338,66.42888],[12.76775,66.42802]],[[12.77145,66.43076],[12.76993,66.43058],[12.76934,66.43119],[12.76992,66.43177],[12.77228,66.43241],[12.77252,66.43171],[12.77145,66.43076]],[[12.75855,66.42961],[12.75786,66.42954],[12.7578,66.42812],[12.75636,66.42827],[12.75602,66.42907],[12.7526,66.4292],[12.75597,66.43069],[12.75822,66.43327]],[[12.77263,66.43349],[12.77256,66.43294],[12.7665,66.43196],[12.76417,66.43048],[12.76297,66.43141],[12.76546,66.43339]],[[12.82632,66.43425],[12.82526,66.4332],[12.82429,66.43422]],[[12.95617,66.436],[12.95301,66.42779],[12.95361,66.42444]],[[12.83244,66.43433],[12.83091,66.43162],[12.82896,66.4304],[12.83062,66.42927],[12.83335,66.42972],[12.82936,66.42666],[12.82973,66.42529],[12.83137,66.42386],[12.83437,66.42373],[12.83691,66.42473],[12.84005,66.42696]],[[12.90043,66.43526],[12.8988,66.43417],[12.89656,66.43442],[12.89615,66.43346],[12.89479,66.4338],[12.89344,66.43329],[12.89212,66.43124]],[[12.92048,66.39881],[12.91926,66.40088],[12.91656,66.39871],[12.9116,66.39674],[12.90603,66.39591],[12.90379,66.39621],[12.90283,66.39675],[12.90292,66.39863],[12.9071,66.40094],[12.90725,66.40167],[12.90666,66.40201],[12.90426,66.40126],[12.90324,66.40162],[12.90249,66.40321],[12.90287,66.40498],[12.90415,66.40592],[12.90619,66.40498],[12.90817,66.40672],[12.90562,66.40765],[12.90515,66.40827],[12.90408,66.40726],[12.90237,66.40767],[12.90351,66.40866],[12.90207,66.40979],[12.9031,66.41045],[12.90244,66.41241],[12.90297,66.41435],[12.90158,66.41899],[12.90369,66.42028],[12.90318,66.42168],[12.90465,66.42204],[12.90545,66.42149],[12.90781,66.42235],[12.90671,66.4229],[12.90339,66.42308],[12.90148,66.42384],[12.90387,66.42581],[12.90255,66.42685],[12.90187,66.42889],[12.90267,66.43311],[12.90452,66.4341],[12.9089,66.43508],[12.91025,66.43477],[12.90963,66.43402],[12.91036,66.43338],[12.91178,66.43331],[12.9146,66.43445],[12.91401,66.43544]],[[12.91808,66.4355],[12.91495,66.43227],[12.91477,66.43138],[12.91635,66.4307],[12.91461,66.42832],[12.915,66.42788],[12.91722,66.42824],[12.91918,66.43039],[12.92053,66.43018]],[[12.92136,66.43554],[12.92301,66.43359],[12.92122,66.43042]],[[12.91401,66.43544],[12.91365,66.43671],[12.91512,66.43723],[12.91734,66.4371],[12.91808,66.4355]],[[12.82429,66.43422],[12.82455,66.43534],[12.8269,66.43634],[12.82755,66.43589],[12.82632,66.43425]],[[12.9086,66.43615],[12.90717,66.43591],[12.90588,66.43625],[12.9089,66.43804],[12.91191,66.43853],[12.91111,66.43714],[12.9086,66.43615]],[[12.76546,66.43339],[12.76638,66.4342],[12.76379,66.43359],[12.76182,66.43451],[12.76363,66.43537],[12.76144,66.43538],[12.76148,66.43653],[12.76635,66.43819],[12.76924,66.43846],[12.7708,66.43736],[12.77263,66.43349]],[[12.81818,66.43842],[12.81602,66.43787],[12.81499,66.43902],[12.81488,66.44029],[12.81792,66.441],[12.81867,66.44043],[12.81818,66.43842]],[[12.91528,66.45427],[12.91348,66.45462],[12.91344,66.45532],[12.91782,66.45727],[12.91953,66.45731],[12.9205,66.45643],[12.917,66.45609],[12.91695,66.45534],[12.91528,66.45427]],[[12.82035,66.43566],[12.81903,66.43544],[12.8184,66.4358],[12.81819,66.4369],[12.81907,66.43773],[12.82132,66.43812],[12.82072,66.44066],[12.82108,66.44176],[12.82228,66.44233],[12.82238,66.43743],[12.82193,66.43649],[12.82048,66.43629],[12.82035,66.43566]],[[12.92136,66.43554],[12.92152,66.43783],[12.92345,66.43762],[12.92846,66.43605],[12.9323,66.43651],[12.93362,66.43915],[12.93554,66.44064],[12.93786,66.4413],[12.93954,66.44098],[12.94052,66.44193],[12.94323,66.44212],[12.94461,66.44363],[12.9474,66.44497]],[[12.82851,66.44012],[12.8271,66.4399],[12.82641,66.44097],[12.82775,66.4438],[12.82875,66.44428],[12.82851,66.44012]],[[12.81994,66.44499],[12.82185,66.44533],[12.82153,66.44475],[12.81908,66.44386],[12.81807,66.44532],[12.81953,66.44567],[12.81994,66.44499]],[[12.89867,66.4475],[12.89875,66.44631],[12.90462,66.4437],[12.90694,66.44476],[12.90811,66.44621],[12.91077,66.44651],[12.91162,66.44585],[12.91059,66.44444],[12.91153,66.44385],[12.91318,66.44394],[12.91353,66.44297],[12.91269,66.44214],[12.91402,66.44133],[12.9109,66.43953],[12.90652,66.43834],[12.90584,66.44219],[12.90368,66.44229],[12.90117,66.43913],[12.90135,66.43608],[12.90043,66.43526]],[[12.96758,66.4499],[12.9674,66.44766],[12.96544,66.44444],[12.9627,66.4426],[12.95617,66.436]],[[12.9474,66.44497],[12.94925,66.44671],[12.94782,66.44722],[12.94899,66.44917],[12.94749,66.45018]],[[12.83244,66.43433],[12.83456,66.43544],[12.83148,66.43755],[12.83207,66.44071],[12.83084,66.44221],[12.83094,66.4448],[12.84123,66.4472]],[[12.96952,66.45185],[12.96761,66.45063],[12.96758,66.4499]],[[12.76693,66.44403],[12.76687,66.4431],[12.76458,66.44252],[12.76262,66.44265],[12.76352,66.4438],[12.76103,66.44349],[12.76039,66.4439],[12.7628,66.44647],[12.76685,66.44813],[12.76743,66.44771],[12.76616,66.44648],[12.76693,66.44403]],[[12.90167,66.45063],[12.8991,66.44902],[12.89867,66.4475]],[[12.84123,66.4472],[12.84422,66.44885],[12.84884,66.45011],[12.85581,66.45126],[12.86276,66.45149],[12.86692,66.45223]],[[12.93741,66.48063],[12.93818,66.48093],[12.9386,66.48065]],[[12.86868,66.45286],[12.86971,66.45409],[12.87858,66.45569],[12.88461,66.4557],[12.88973,66.4563],[12.894,66.45732],[12.90206,66.45674]],[[12.94749,66.45018],[12.94483,66.45108],[12.93284,66.45203],[12.92983,66.45362],[12.93197,66.45555],[12.92427,66.45549],[12.92127,66.4567],[12.92241,66.45812],[12.92454,66.45892],[12.92341,66.45953],[12.92142,66.4594],[12.92165,66.4601],[12.92583,66.46091],[12.93421,66.46131],[12.93608,66.46078],[12.94506,66.46073],[12.94669,66.45939],[12.94591,66.45808],[12.94673,66.45732],[12.95042,66.45628],[12.95473,66.4561],[12.95902,66.45899],[12.9614,66.45992],[12.96166,66.46145],[12.9638,66.4628],[12.96347,66.4635],[12.96466,66.4646],[12.96628,66.46457],[12.96834,66.46598],[12.97324,66.46713],[12.97615,66.46657],[12.97325,66.4653],[12.97421,66.46344],[12.96998,66.4617],[12.96952,66.46094],[12.97279,66.45962],[12.97492,66.45787],[12.97306,66.45636],[12.97392,66.45534],[12.97304,66.4535],[12.96952,66.45185]],[[12.68938,66.46087],[12.68776,66.46109],[12.68742,66.4622],[12.68757,66.46292],[12.68949,66.46362],[12.69049,66.4629],[12.68938,66.46087]],[[12.69274,66.46346],[12.69158,66.46337],[12.69077,66.464],[12.69112,66.46501],[12.69386,66.46699],[12.69593,66.46773],[12.69606,66.46677],[12.69274,66.46346]],[[12.72155,66.46685],[12.71965,66.46637],[12.71829,66.46655],[12.7235,66.47028],[12.72565,66.47071],[12.72572,66.46951],[12.72155,66.46685]],[[12.85753,66.47645],[12.85583,66.47628],[12.85368,66.47524],[12.84776,66.47354],[12.84807,66.4744],[12.85443,66.4764],[12.85735,66.47683],[12.85753,66.47645]],[[12.86659,66.47737],[12.863,66.47598],[12.85927,66.47591],[12.86023,66.47738],[12.86648,66.47864]],[[12.84929,66.47574],[12.84765,66.4757],[12.84761,66.47651],[12.84894,66.47713],[12.85559,66.47861],[12.8547,66.47746],[12.84929,66.47574]],[[12.69643,66.47276],[12.69729,66.47277],[12.69839,66.4752],[12.69916,66.47534],[12.69895,66.47252],[12.69541,66.46946],[12.69106,66.46731],[12.68937,66.46726],[12.69197,66.46931],[12.69127,66.4694],[12.68815,66.46807],[12.68669,66.46801],[12.68601,66.46848],[12.68702,66.47028],[12.68665,66.47166],[12.68787,66.47218],[12.68932,66.47202],[12.69025,66.47419],[12.69466,66.47659],[12.69439,66.47398],[12.69607,66.47349],[12.69643,66.47276]],[[12.87301,66.47696],[12.87146,66.47728],[12.87181,66.47761],[12.88067,66.47959],[12.88447,66.47958],[12.88268,66.47879],[12.87301,66.47696]],[[12.69926,66.47731],[12.69777,66.47572],[12.69643,66.47726]],[[12.70967,66.47746],[12.70858,66.47654],[12.70731,66.47673],[12.70577,66.47603],[12.70512,66.47625],[12.70536,66.4774]],[[12.72461,66.47768],[12.72301,66.47595],[12.72014,66.47434],[12.71623,66.47032],[12.71292,66.4692],[12.71415,66.47113],[12.72169,66.47764]],[[12.85958,66.47958],[12.85657,66.47954]],[[12.8774,66.47983],[12.87605,66.47915],[12.86914,66.47827],[12.86659,66.47737]],[[12.90876,66.48025],[12.9082,66.47973],[12.90112,66.47845],[12.89769,66.47802],[12.89631,66.47818],[12.89693,66.47888],[12.89872,66.47889],[12.90477,66.4802]],[[12.93741,66.48063],[12.93489,66.47968],[12.93226,66.47726],[12.92963,66.47678],[12.92839,66.47737],[12.93214,66.47968],[12.93103,66.47983],[12.92869,66.47861],[12.92762,66.47875],[12.92667,66.47954],[12.92473,66.47878],[12.92359,66.48045]],[[12.72169,66.47764],[12.72512,66.47878],[12.72461,66.47768]],[[12.95533,66.48087],[12.95215,66.47895],[12.94889,66.47923],[12.94499,66.47597],[12.94288,66.47517],[12.94052,66.47485],[12.93923,66.47502],[12.94009,66.47583],[12.9437,66.47703],[12.94049,66.47712],[12.94019,66.4775],[12.94421,66.47893],[12.94347,66.47914],[12.93724,66.47799],[12.93673,66.47856],[12.9386,66.48065]],[[12.85657,66.47954],[12.86029,66.48105],[12.86268,66.48078],[12.85958,66.47958]],[[12.86628,66.48093],[12.87191,66.48201],[12.87275,66.48175],[12.87258,66.48134],[12.87032,66.48074],[12.86633,66.48032]],[[12.90826,66.4832],[12.90486,66.48215],[12.89413,66.48175],[12.88798,66.48115],[12.88707,66.48124],[12.88562,66.48274],[12.88469,66.48198],[12.88258,66.48156],[12.88178,66.4804],[12.8774,66.47983]],[[12.91518,66.48267],[12.91258,66.48283],[12.91345,66.48424],[12.91469,66.48379],[12.91518,66.48267]],[[12.86614,66.48259],[12.86267,66.48212],[12.85934,66.48257],[12.86603,66.48388]],[[12.71793,66.47879],[12.71703,66.47898],[12.71776,66.48015],[12.72041,66.48189],[12.721,66.48124],[12.71999,66.47993],[12.71793,66.47879]],[[12.92178,66.48328],[12.92056,66.48334],[12.91993,66.48395],[12.92105,66.48517],[12.92271,66.4846],[12.92178,66.48328]],[[12.92359,66.48045],[12.92429,66.48139],[12.92785,66.48199],[12.92602,66.48265],[12.92647,66.48425],[12.92784,66.48492],[12.93333,66.4859]],[[12.86592,66.48512],[12.86413,66.48519],[12.86533,66.48581],[12.86266,66.48587],[12.85698,66.4836],[12.84671,66.48173],[12.84241,66.47986],[12.84096,66.48019],[12.84325,66.48222],[12.846,66.48337],[12.85712,66.48629],[12.86006,66.48642],[12.8657,66.48771]],[[12.92026,66.48834],[12.91815,66.4884],[12.91825,66.49005],[12.92035,66.48983],[12.92173,66.48897],[12.92026,66.48834]],[[12.8657,66.48771],[12.88127,66.48968],[12.88057,66.48874],[12.87631,66.48683],[12.87271,66.48625],[12.87175,66.48672],[12.87233,66.48759],[12.87168,66.48771],[12.869,66.48656],[12.87124,66.48602],[12.87097,66.48565],[12.8696,66.48523],[12.86592,66.48512]],[[12.96332,66.49116],[12.96693,66.49018],[12.96636,66.48908],[12.96387,66.48939],[12.96278,66.48883],[12.96311,66.48803],[12.96646,66.48722],[12.96484,66.48594],[12.96299,66.48639],[12.96134,66.48609],[12.96208,66.48438],[12.96069,66.48424],[12.95827,66.48204],[12.95623,66.48164],[12.95533,66.48087]],[[12.93468,66.48626],[12.93454,66.48684],[12.93075,66.48757],[12.93058,66.48844],[12.92909,66.48885],[12.93501,66.49117],[12.94071,66.49108],[12.94318,66.49038],[12.94812,66.48988],[12.95108,66.49131],[12.95544,66.49227],[12.95849,66.49251],[12.96138,66.49211],[12.96245,66.49159]],[[12.73928,66.48619],[12.73764,66.48586],[12.73763,66.48702],[12.74055,66.48939],[12.74254,66.49002],[12.74307,66.4896],[12.74223,66.48851],[12.73928,66.48619]],[[12.82443,66.59261],[12.82344,66.5927],[12.82314,66.59347],[12.82539,66.59486],[12.82622,66.59434],[12.82603,66.59335],[12.82443,66.59261]],[[12.73925,66.48976],[12.7357,66.4872],[12.73402,66.48754],[12.73134,66.48494],[12.72895,66.48403],[12.7307,66.4863],[12.73519,66.48992],[12.73601,66.48983],[12.73525,66.48829],[12.73785,66.49036],[12.73984,66.49111],[12.74022,66.49051],[12.73925,66.48976]],[[12.90109,66.49368],[12.90559,66.49388],[12.90941,66.49324],[12.91251,66.4907],[12.91524,66.48996],[12.91004,66.484],[12.9087,66.48374],[12.90826,66.4832]],[[12.86977,66.47972],[12.87935,66.48259],[12.88627,66.48338],[12.88878,66.48484],[12.88846,66.48551],[12.88338,66.48407],[12.87653,66.4828],[12.87289,66.48259],[12.87209,66.48319],[12.87531,66.48436],[12.87519,66.48507],[12.88242,66.48848],[12.88638,66.48956],[12.88928,66.48962],[12.89189,66.49028],[12.89499,66.4913],[12.89549,66.49228],[12.89793,66.49337],[12.89938,66.49384],[12.90109,66.49368]],[[12.07512,66.47951],[12.0724,66.47769],[12.06673,66.4768],[12.06575,66.4771],[12.06572,66.47796],[12.06793,66.47812],[12.06711,66.4788],[12.06602,66.47856],[12.0658,66.47908],[12.07102,66.48138],[12.07321,66.48169],[12.076,66.48152],[12.07631,66.48086],[12.07512,66.47951]],[[12.85896,66.49332],[12.85783,66.49343],[12.85813,66.49378],[12.86044,66.49476],[12.86167,66.49465],[12.86203,66.49427],[12.86116,66.49381],[12.85896,66.49332]],[[12.89772,66.49469],[12.89487,66.49343],[12.88844,66.49269],[12.88592,66.4918],[12.88499,66.49222],[12.88738,66.49317],[12.88716,66.49346],[12.88157,66.49156],[12.87712,66.49126],[12.87926,66.49303],[12.88286,66.49372],[12.88864,66.49458],[12.8936,66.49473],[12.8941,66.49537],[12.89696,66.49579],[12.89801,66.49553],[12.89772,66.49469]],[[12.88705,66.49687],[12.88587,66.49673],[12.88488,66.49587],[12.88504,66.4951],[12.88153,66.49445],[12.88116,66.49478],[12.88428,66.4967],[12.8863,66.49716],[12.88705,66.49687]],[[12.72639,66.61234],[12.72781,66.6151],[12.73745,66.61492],[12.74185,66.6145]],[[12.05403,66.48385],[12.05085,66.48148],[12.04736,66.4809],[12.04454,66.48105],[12.0441,66.48173],[12.04651,66.48353],[12.05269,66.48464],[12.05403,66.48385]],[[12.03858,66.48208],[12.03355,66.48164],[12.03129,66.48238],[12.03227,66.48348],[12.03662,66.48468],[12.0418,66.48453],[12.04194,66.48366],[12.03858,66.48208]],[[12.07878,66.48943],[12.07291,66.48766],[12.06938,66.48748],[12.07039,66.48923],[12.0665,66.48626],[12.0652,66.48606],[12.06339,66.48644],[12.06529,66.4887],[12.06857,66.49058],[12.07103,66.49106],[12.07854,66.49148]],[[12.12175,66.49258],[12.11879,66.48957],[12.11573,66.4884],[12.11402,66.48835],[12.11311,66.48712],[12.11374,66.48711],[12.11215,66.48605],[12.10755,66.48509],[12.10471,66.48494],[12.10426,66.48548],[12.10591,66.487],[12.11189,66.48929],[12.11365,66.48941],[12.11677,66.4912],[12.11706,66.492],[12.12175,66.49258]],[[12.07848,66.49201],[12.0865,66.49256],[12.08141,66.49149],[12.07854,66.49148]],[[12.07848,66.49201],[12.07387,66.49182],[12.07257,66.49221],[12.07411,66.49269],[12.07837,66.4929]],[[12.1141,66.49454],[12.11333,66.49147],[12.11216,66.49072],[12.10356,66.48744],[12.10014,66.48668],[12.09794,66.48555],[12.09504,66.48515],[12.09167,66.48372],[12.09044,66.48365],[12.09023,66.48423],[12.09382,66.48653],[12.10086,66.48985],[12.10214,66.49144],[12.10547,66.49306],[12.10989,66.49447],[12.11313,66.49446],[12.11364,66.49482],[12.1141,66.49454]],[[12.0783,66.49355],[12.07722,66.4938],[12.0782,66.49434]],[[12.07818,66.49454],[12.07882,66.49463],[12.0782,66.49434]],[[12.82706,66.58414],[12.82237,66.58404],[12.82246,66.58496],[12.82452,66.5861],[12.82827,66.58643],[12.82788,66.58453],[12.82706,66.58414]],[[12.07837,66.4929],[12.08436,66.49343],[12.08454,66.4948],[12.08756,66.49545],[12.08865,66.49528],[12.08883,66.49396],[12.08839,66.49324],[12.08695,66.49309],[12.08639,66.49127],[12.08256,66.48991],[12.07878,66.48943]],[[12.86867,66.50683],[12.86732,66.50687],[12.86745,66.50733],[12.87068,66.50859],[12.87377,66.50893],[12.87387,66.50841],[12.87218,66.50738],[12.86867,66.50683]],[[12.89271,66.50842],[12.8902,66.50836],[12.88979,66.50977],[12.89162,66.51083],[12.89405,66.51128],[12.89445,66.5093],[12.89271,66.50842]],[[12.09332,66.49876],[12.09103,66.49746],[12.08974,66.49739],[12.08808,66.49788],[12.08896,66.49728],[12.08835,66.49587],[12.08509,66.4957],[12.08781,66.4967],[12.08354,66.49608],[12.08294,66.49469],[12.08138,66.49388],[12.0783,66.49355]],[[12.09953,66.50218],[12.09939,66.50146],[12.10122,66.50161],[12.09954,66.50129],[12.09956,66.50007],[12.09732,66.49979],[12.09801,66.49941],[12.09543,66.49754],[12.09251,66.4964],[12.09054,66.49618],[12.09029,66.49685],[12.09472,66.49819],[12.09332,66.49876]],[[12.9217,66.57109],[12.91971,66.57059],[12.91865,66.57156],[12.91892,66.5722],[12.92004,66.57301],[12.9238,66.57391],[12.92525,66.57247],[12.9217,66.57109]],[[12.07818,66.49454],[12.06896,66.49271],[12.06878,66.49181],[12.06284,66.49012],[12.06243,66.48963],[12.06143,66.48964],[12.06245,66.4911],[12.06455,66.49163],[12.06509,66.49245],[12.06712,66.49262],[12.06513,66.49262],[12.06622,66.49466],[12.07749,66.49822],[12.07234,66.49719],[12.0709,66.49794],[12.07376,66.49901],[12.07108,66.49856],[12.07256,66.50158],[12.07718,66.50302]],[[12.84644,66.51203],[12.84224,66.50848],[12.8384,66.50767],[12.83359,66.50735],[12.83368,66.5081],[12.83742,66.5114],[12.83956,66.51165],[12.84564,66.51518],[12.84742,66.5156],[12.8485,66.51534],[12.84848,66.5143],[12.84644,66.51203]],[[12.87908,66.51129],[12.87675,66.51123],[12.87487,66.51169],[12.87439,66.51251],[12.87277,66.51304],[12.87503,66.51511],[12.87754,66.5161],[12.87945,66.51492],[12.87908,66.51129]],[[12.82938,66.51355],[12.82666,66.51303],[12.83133,66.51581],[12.83959,66.51806],[12.83891,66.51705],[12.83683,66.51664],[12.83524,66.51567],[12.83227,66.51519],[12.82938,66.51355]],[[12.87792,66.51684],[12.8751,66.51675],[12.8749,66.51619],[12.871,66.51432],[12.86888,66.51181],[12.86681,66.51056],[12.86498,66.51038],[12.86677,66.51175],[12.86539,66.51269],[12.86726,66.51409],[12.87239,66.51655],[12.87448,66.517],[12.87736,66.51868],[12.87974,66.51899],[12.88001,66.51873],[12.87738,66.5177],[12.87792,66.51684]],[[12.07718,66.50302],[12.0813,66.50354],[12.0809,66.5042],[12.0845,66.50525],[12.07847,66.50422],[12.07881,66.50514],[12.08067,66.50613],[12.08848,66.50702],[12.08821,66.50633],[12.09007,66.50617],[12.09249,66.50691],[12.09816,66.50624],[12.0972,66.50556],[12.09954,66.50562],[12.10178,66.50481],[12.10497,66.50585],[12.10662,66.50538],[12.10255,66.50303],[12.10256,66.50239],[12.09953,66.50218]],[[12.05781,66.51144],[12.05762,66.51102],[12.05988,66.51091],[12.05628,66.51048],[12.0552,66.50938],[12.05512,66.50753],[12.05633,66.50699],[12.06306,66.50667],[12.06118,66.50576],[12.0638,66.50593],[12.055,66.49917],[12.0471,66.49639],[12.03888,66.4943],[12.03789,66.49345],[12.03246,66.49144],[12.02915,66.4912],[12.023,66.49413],[12.023,66.4954],[12.02346,66.4957],[12.03035,66.49591],[12.0378,66.49686],[12.03567,66.49716],[12.03453,66.498],[12.03828,66.49835],[12.03872,66.4987],[12.03376,66.49848],[12.02708,66.49973],[12.02945,66.50069],[12.03219,66.50053],[12.0339,66.50091],[12.0367,66.50408],[12.03218,66.50438],[12.02953,66.50365],[12.02893,66.50416],[12.02827,66.50359],[12.02464,66.50382],[12.02118,66.50335],[12.02146,66.50248],[12.02047,66.50165],[12.01704,66.50105],[12.01423,66.50146],[12.01392,66.50193],[12.01549,66.50326],[12.0184,66.50353],[12.0158,66.50398],[12.01295,66.50284],[12.00983,66.50279],[12.00796,66.50346],[12.00098,66.50472],[12.00384,66.505],[12.00052,66.50545],[11.99981,66.50613]],[[11.99981,66.50613],[12.00223,66.507],[12.01063,66.50765],[12.01437,66.50744],[12.01829,66.50653],[12.02045,66.50664],[12.02745,66.50572],[12.02704,66.50498],[12.029,66.50573],[12.03344,66.50569],[12.03711,66.50819],[12.03918,66.50865],[12.03387,66.50919],[12.03288,66.51032],[12.03397,66.51062],[12.03657,66.51059],[12.04478,66.5094],[12.04444,66.51012],[12.04142,66.51113]],[[12.67855,66.52188],[12.6769,66.5201],[12.67479,66.52009],[12.6739,66.51855],[12.67184,66.51798],[12.67137,66.51957],[12.67476,66.52132],[12.67346,66.52181]],[[12.80968,66.52377],[12.81063,66.52306],[12.8148,66.52269],[12.81307,66.52192],[12.81045,66.52224],[12.80915,66.52198],[12.80707,66.52101],[12.8068,66.52034],[12.8084,66.52011],[12.81273,66.52069],[12.81335,66.51956],[12.81117,66.51654],[12.81435,66.51547],[12.81663,66.51624],[12.81818,66.51586],[12.82116,66.51667],[12.82227,66.51774],[12.82675,66.51972],[12.82985,66.51953],[12.83023,66.51886],[12.83322,66.52029],[12.83657,66.52054],[12.83991,66.52127],[12.84553,66.52131],[12.85888,66.52303],[12.86255,66.52446]],[[12.83947,66.5934],[12.83769,66.59297],[12.83672,66.59359],[12.8371,66.59468],[12.83834,66.59493],[12.83984,66.59384],[12.83947,66.5934]],[[12.97736,66.52603],[12.97632,66.52357],[12.97861,66.52173],[12.98441,66.52277],[12.98691,66.52234],[12.98649,66.51808],[12.98936,66.5165],[12.99859,66.51577],[13.00023,66.51539]],[[12.04142,66.51113],[12.0398,66.5119],[12.03884,66.51312],[12.03957,66.51392],[12.04389,66.51493],[12.04814,66.51489],[12.05018,66.51523],[12.05291,66.51523],[12.0567,66.51461],[12.05671,66.51241],[12.05781,66.51144]],[[12.67346,66.52181],[12.67381,66.52414],[12.67606,66.52534],[12.67483,66.52491],[12.67455,66.52526],[12.67774,66.52719],[12.67643,66.52805],[12.6774,66.52881],[12.67871,66.52848],[12.67958,66.52763],[12.67826,66.52618],[12.67958,66.52627],[12.68002,66.52344],[12.67855,66.52188]],[[12.80922,66.52554],[12.80852,66.52732],[12.80144,66.52902],[12.79918,66.53192],[12.79876,66.53384],[12.79523,66.5335]],[[12.05044,66.52533],[12.04107,66.52223],[12.03801,66.52221],[12.03554,66.52289],[12.03068,66.52321],[12.03215,66.5241],[12.03587,66.52414],[12.04364,66.52497],[12.05108,66.52658],[12.05044,66.52533]],[[12.16522,66.52597],[12.16827,66.52578],[12.16762,66.52511],[12.16445,66.52457],[12.16525,66.52342],[12.16225,66.52185],[12.15641,66.52163],[12.15792,66.52125],[12.16028,66.52128],[12.16066,66.52037],[12.15938,66.52012],[12.15864,66.51879],[12.15149,66.51787],[12.1479,66.51849],[12.14654,66.51972],[12.1468,66.52038],[12.14851,66.52101],[12.15211,66.52107],[12.15395,66.52179],[12.1562,66.52157],[12.15237,66.52266],[12.15524,66.52486],[12.15744,66.52477],[12.15835,66.52437],[12.16212,66.52619],[12.16327,66.52636],[12.16522,66.52597]],[[12.97736,66.52603],[12.97808,66.52895],[12.98003,66.53056],[12.98341,66.53193],[12.98663,66.53227],[12.99031,66.5335],[12.99947,66.53285],[13.00392,66.53207]],[[12.63518,66.54861],[12.6345,66.54902],[12.63507,66.54973]],[[12.2584,66.54201],[12.25605,66.54266],[12.25544,66.54329],[12.25603,66.54601],[12.25763,66.54691],[12.26233,66.54694],[12.26402,66.54576],[12.2633,66.54485],[12.26132,66.5433],[12.2584,66.54201]],[[12.98302,66.55613],[12.98116,66.55641],[12.98307,66.55779],[12.98474,66.55811],[12.98628,66.55788],[12.98549,66.55673],[12.98302,66.55613]],[[12.66948,66.53712],[12.66967,66.53604],[12.66624,66.53225],[12.66437,66.53187],[12.65806,66.52904],[12.65743,66.53019],[12.65708,66.52996],[12.65682,66.53018],[12.65895,66.53207],[12.66252,66.53353],[12.66246,66.53567],[12.66439,66.53723],[12.66604,66.53744],[12.66703,66.53687],[12.66852,66.53756],[12.66948,66.53712]],[[12.03117,66.52669],[12.02911,66.52567],[12.02561,66.52489],[12.02343,66.52505],[12.02206,66.52388],[12.02055,66.52353],[12.0174,66.52367],[12.01993,66.52524],[12.01614,66.52429],[12.01403,66.52429],[12.01304,66.52471],[12.01384,66.5253],[12.02093,66.52637],[12.02583,66.52654],[12.03613,66.52843],[12.04027,66.52856],[12.03826,66.52788],[12.03117,66.52669]],[[12.05198,66.52961],[12.05374,66.52958],[12.05528,66.52907],[12.04765,66.52652],[12.03539,66.52537],[12.03124,66.52536],[12.03195,66.52614],[12.03404,66.52655],[12.03496,66.52632],[12.03774,66.52725],[12.04082,66.52763],[12.04321,66.52747],[12.04293,66.52796],[12.04531,66.52865],[12.05017,66.528],[12.05115,66.52817],[12.0514,66.52854],[12.04982,66.52889],[12.05128,66.52911],[12.04999,66.52911],[12.04897,66.52963],[12.05198,66.52961]],[[12.79182,66.53937],[12.78717,66.53929],[12.7842,66.54005],[12.78352,66.54112],[12.78498,66.54253],[12.78576,66.54273],[12.78899,66.54222],[12.79182,66.53937]],[[12.87931,66.54443],[12.88249,66.54361],[12.88547,66.54201],[12.88539,66.54094],[12.88352,66.53961],[12.88544,66.53867],[12.88513,66.53512],[12.88039,66.53097],[12.87747,66.52939],[12.87623,66.5277],[12.86758,66.5253],[12.86271,66.5245]],[[12.86067,66.54632],[12.86417,66.5465],[12.87311,66.54524]],[[12.82187,66.54706],[12.82175,66.54642],[12.82413,66.54559],[12.82629,66.54659]],[[12.85109,66.54788],[12.85217,66.54739],[12.85688,66.54768],[12.85892,66.54657],[12.86067,66.54632]],[[12.79523,66.5335],[12.79371,66.53358],[12.79347,66.534],[12.79921,66.54136],[12.79684,66.54242],[12.79531,66.54172],[12.79369,66.54314],[12.80057,66.54467],[12.80062,66.54551],[12.81268,66.54547],[12.81462,66.54766],[12.81698,66.54826],[12.82184,66.54738],[12.82187,66.54706]],[[12.72055,66.54287],[12.71983,66.54303],[12.72037,66.54424],[12.71911,66.54511],[12.71909,66.54596],[12.71967,66.54681],[12.72074,66.54708],[12.72223,66.54683],[12.72346,66.54581],[12.72055,66.54287]],[[12.85109,66.54788],[12.85476,66.55018],[12.85464,66.5511],[12.85642,66.55129]],[[12.16846,66.53758],[12.16472,66.53564],[12.15952,66.53447],[12.15793,66.53321],[12.15486,66.53272],[12.15388,66.53352],[12.15639,66.53479],[12.15919,66.53543],[12.16172,66.53706],[12.16534,66.53753],[12.16643,66.53813],[12.1697,66.53816],[12.1699,66.5379],[12.16846,66.53758]],[[12.86524,66.55418],[12.86819,66.55168],[12.86726,66.55111],[12.8683,66.54968],[12.87173,66.55009],[12.8728,66.54961],[12.87263,66.54899],[12.86969,66.54911],[12.86879,66.54949],[12.86773,66.54911],[12.86542,66.54979],[12.86319,66.5496],[12.8603,66.55073]],[[12.97262,66.55474],[12.96963,66.55378],[12.96659,66.55361],[12.96506,66.55408],[12.96439,66.55518],[12.96476,66.55615],[12.96721,66.55768],[12.96946,66.55854],[12.97227,66.55899]],[[12.16044,66.53997],[12.16398,66.5401],[12.1675,66.53974],[12.16601,66.53892],[12.16481,66.53912],[12.16434,66.53846],[12.16236,66.53817],[12.15895,66.5363],[12.15479,66.53523],[12.15249,66.53571],[12.15595,66.5378],[12.14945,66.53623],[12.1468,66.53641],[12.14674,66.53764],[12.14331,66.53754],[12.14298,66.5382],[12.14402,66.53907],[12.14817,66.54066],[12.15729,66.54042],[12.16044,66.53997]],[[12.25344,66.54211],[12.25389,66.5415],[12.25454,66.54159],[12.25361,66.54032],[12.24791,66.53702],[12.24198,66.53448],[12.24148,66.53491],[12.24619,66.53818],[12.24716,66.54044],[12.24834,66.54059],[12.24727,66.54107],[12.24883,66.54212],[12.2497,66.54208],[12.25174,66.54333],[12.25344,66.54211]],[[12.16376,66.54389],[12.17177,66.54299],[12.17081,66.54171],[12.16874,66.54111],[12.16322,66.54138],[12.16164,66.54246],[12.1605,66.54248],[12.16123,66.54313],[12.16253,66.54302],[12.16376,66.54389]],[[12.24064,66.54556],[12.24349,66.54434],[12.24184,66.54076],[12.24243,66.5393],[12.23977,66.53761],[12.23889,66.53769],[12.23823,66.53996],[12.23791,66.53768],[12.23523,66.53715],[12.23232,66.53764],[12.22693,66.53787],[12.22615,66.53869],[12.2227,66.53862],[12.21996,66.54058],[12.22563,66.54419],[12.23301,66.54456],[12.2358,66.5455],[12.23846,66.54578],[12.24064,66.54556]],[[12.63477,66.55291],[12.63164,66.5514],[12.62596,66.54962],[12.62379,66.54975],[12.62082,66.5507],[12.62149,66.55213]],[[12.635,66.55299],[12.63633,66.55354],[12.63536,66.5529],[12.64059,66.552],[12.64364,66.55325],[12.64636,66.55513],[12.64733,66.55511]],[[12.97227,66.55899],[12.97626,66.5602],[12.97872,66.56021],[12.98059,66.55964],[12.97874,66.55772],[12.97262,66.55474]],[[12.16355,66.54713],[12.16225,66.54707],[12.16255,66.54667],[12.15871,66.54535],[12.15905,66.54515],[12.16326,66.54653],[12.16527,66.54642],[12.16488,66.54684],[12.16561,66.54708],[12.16862,66.54617],[12.16479,66.54477],[12.15789,66.54343],[12.15683,66.54371],[12.15749,66.54475],[12.15462,66.54372],[12.15299,66.54357],[12.15075,66.54399],[12.15083,66.54452],[12.14927,66.54415],[12.14893,66.54458],[12.15133,66.54586],[12.15463,66.54631],[12.15637,66.54714],[12.15944,66.54739],[12.1615,66.54704],[12.16182,66.54762],[12.16355,66.54713]],[[12.55118,66.55361],[12.55204,66.55227],[12.55142,66.5522],[12.55101,66.55015],[12.54846,66.54757],[12.54687,66.5469],[12.54601,66.54714],[12.54628,66.54911],[12.54511,66.55],[12.54512,66.55131],[12.5505,66.55368],[12.55,66.55416],[12.55104,66.55475],[12.55208,66.55435],[12.55118,66.55361]],[[12.64733,66.55511],[12.64971,66.55548],[12.65007,66.55594],[12.65092,66.55566],[12.65497,66.55646],[12.65365,66.55554],[12.65091,66.55496],[12.65154,66.55486],[12.65048,66.55413],[12.65013,66.55485],[12.64689,66.55431],[12.64317,66.55171],[12.64358,66.55115],[12.64274,66.55142],[12.64251,66.55104],[12.63837,66.55084],[12.63507,66.54973]],[[12.26683,66.55649],[12.26834,66.55607],[12.26764,66.55473],[12.26852,66.55388],[12.26807,66.55341],[12.26535,66.55168],[12.26467,66.55247],[12.26551,66.55309],[12.26397,66.55308],[12.26289,66.55074],[12.26082,66.54878],[12.25972,66.54874],[12.25888,66.54957],[12.25754,66.54893],[12.25679,66.54902],[12.25583,66.54962],[12.25674,66.55153],[12.25863,66.5535],[12.26165,66.55426],[12.261,66.55455],[12.26229,66.55647],[12.26683,66.55649]],[[12.81716,66.56875],[12.81727,66.56934],[12.8252,66.57064],[12.82532,66.57099],[12.82393,66.57097],[12.82329,66.57145],[12.82432,66.57227],[12.82823,66.57255],[12.8297,66.57233],[12.82798,66.5707],[12.8239,66.56927],[12.82034,66.5688]],[[12.82629,66.54659],[12.82713,66.54687],[12.8304,66.5467],[12.83187,66.54585],[12.83557,66.54579],[12.83649,66.54611],[12.83441,66.5463],[12.83241,66.54738],[12.82845,66.54783],[12.82728,66.54885],[12.82457,66.54866],[12.82253,66.54905],[12.82269,66.55002],[12.8267,66.55087],[12.82417,66.55156],[12.82208,66.55129],[12.81901,66.55019],[12.8143,66.54987],[12.81412,66.54892],[12.80858,66.54927],[12.8066,66.5485],[12.80473,66.54856],[12.80601,66.54952],[12.80344,66.55035],[12.80226,66.55124],[12.80293,66.55301],[12.80711,66.55438],[12.80926,66.55449],[12.81501,66.55437],[12.81764,66.55321],[12.82136,66.5538],[12.82506,66.55373],[12.82934,66.55256],[12.83042,66.55368],[12.82878,66.55419],[12.82515,66.55446],[12.82571,66.55545],[12.83033,66.55693],[12.8328,66.55834],[12.83429,66.55805],[12.83602,66.55834],[12.83662,66.55883],[12.83576,66.55955],[12.83659,66.55979],[12.83748,66.55955],[12.83789,66.55834],[12.8369,66.55739],[12.84001,66.55475],[12.84322,66.55302]],[[12.96732,66.57077],[12.97002,66.5696],[12.97133,66.57053]],[[12.99049,66.5588],[12.98826,66.55884],[12.98706,66.56044],[12.98811,66.56171],[12.99223,66.56324],[12.99246,66.56274],[12.99083,66.56185],[12.99206,66.56074],[12.99201,66.55979],[12.99049,66.5588]],[[12.93329,66.56395],[12.93071,66.56284],[12.9308,66.56378],[12.934,66.56632],[12.93423,66.56508],[12.93329,66.56395]],[[12.56181,66.55712],[12.56409,66.55552],[12.56547,66.55349],[12.56412,66.55202],[12.56165,66.55202],[12.5627,66.54975],[12.5573,66.54971],[12.55741,66.54944],[12.55519,66.54922],[12.55279,66.54837],[12.55216,66.54906],[12.55414,66.55231],[12.55355,66.55342],[12.55391,66.55424],[12.55502,66.5541],[12.55391,66.55462],[12.55402,66.55651],[12.55489,66.55711],[12.55744,66.557],[12.55955,66.55759],[12.56181,66.55712]],[[12.98265,66.56111],[12.98158,66.56123],[12.98154,66.56191],[12.98271,66.56268],[12.98316,66.56419],[12.98487,66.5649],[12.98533,66.5634],[12.98265,66.56111]],[[12.98949,66.57106],[12.99068,66.57178],[12.99577,66.57293],[12.99685,66.57115]],[[12.84356,66.5525],[12.85467,66.5538],[12.85362,66.5557],[12.85153,66.556],[12.84939,66.55459],[12.84617,66.55356],[12.84425,66.55359],[12.84326,66.55451],[12.84389,66.55658],[12.84166,66.55778],[12.84354,66.55943],[12.8461,66.56035],[12.84919,66.56112],[12.85495,66.56122],[12.85458,66.56216],[12.85115,66.56205],[12.84959,66.56253],[12.84926,66.56321],[12.85239,66.56408],[12.85332,66.5657],[12.85891,66.56687]],[[12.85891,66.56687],[12.86284,66.56707],[12.86673,66.56551],[12.86631,66.56046],[12.87227,66.55858],[12.87198,66.55775],[12.87041,66.55742],[12.8703,66.55701],[12.87226,66.55592],[12.87264,66.55446],[12.87637,66.55351],[12.87335,66.55223],[12.87086,66.55199],[12.86667,66.55429]],[[12.25654,66.55594],[12.25383,66.55258],[12.25177,66.55153],[12.24727,66.5514],[12.24499,66.55193],[12.24288,66.55121],[12.23972,66.55262],[12.24283,66.55541],[12.24528,66.55534],[12.24916,66.55598],[12.25246,66.55749],[12.25675,66.55826],[12.25805,66.55773],[12.25654,66.55594]],[[12.8326,66.56414],[12.83016,66.56293],[12.82535,66.56303],[12.82457,66.56365],[12.82624,66.56539],[12.82874,66.5661],[12.83675,66.56766],[12.83898,66.56756],[12.83644,66.56696],[12.83873,66.56548],[12.83599,66.56517],[12.8326,66.56414]],[[12.99643,66.56173],[12.99751,66.56281],[12.99962,66.56352],[12.99591,66.56374],[12.99557,66.56436],[12.99659,66.56518],[12.99894,66.5657],[13.00009,66.56666]],[[13.00009,66.56666],[12.9988,66.56681],[12.99695,66.56609],[12.99612,66.56675],[12.99777,66.56743],[13.00005,66.56711]],[[12.96615,66.5691],[12.96455,66.56769],[12.96188,66.568],[12.96049,66.56648],[12.95919,66.56628],[12.96024,66.56841],[12.96243,66.56866],[12.96398,66.57009],[12.96574,66.56983],[12.96615,66.5691]],[[12.61126,66.56575],[12.61075,66.56332],[12.61414,66.56287],[12.61501,66.56223],[12.61361,66.56092],[12.61022,66.56056],[12.60934,66.55966],[12.61039,66.56015],[12.61078,66.55978],[12.60871,66.55898],[12.60872,66.55828],[12.61063,66.55594],[12.61427,66.55382],[12.61549,66.55429],[12.61561,66.55512],[12.61616,66.55446],[12.61837,66.55421],[12.62039,66.55451],[12.62026,66.55407],[12.61934,66.55416],[12.61741,66.55357],[12.61868,66.55277],[12.61966,66.55348],[12.61952,66.55227],[12.62079,66.55255],[12.62195,66.55405],[12.62651,66.55369],[12.62824,66.55388],[12.62683,66.55335],[12.62239,66.55351],[12.62149,66.55213]],[[12.66898,66.56662],[12.67075,66.56605],[12.6709,66.5654],[12.66754,66.56532],[12.66534,66.56639],[12.66601,66.56572],[12.66665,66.56576],[12.66586,66.56443],[12.66486,66.56503],[12.66472,66.56448],[12.66554,66.56426],[12.66791,66.56453],[12.66746,66.56345],[12.66636,66.56396],[12.66563,66.56381],[12.6687,66.56222],[12.6713,66.56308],[12.67163,66.56462],[12.67319,66.56484],[12.67453,66.56571],[12.67578,66.56525],[12.67246,66.56264],[12.67147,66.56221],[12.67043,66.56239],[12.67192,66.56126],[12.67078,66.56066],[12.66881,66.56112],[12.66997,66.55957],[12.66948,66.55901],[12.66187,66.5581],[12.66237,66.5594],[12.66509,66.56043],[12.66541,66.56178],[12.66077,66.55911],[12.65849,66.55678],[12.65334,66.55457],[12.64977,66.5506],[12.64744,66.55005],[12.64729,66.55053],[12.64686,66.54997],[12.64332,66.54964],[12.64104,66.54857],[12.63518,66.54861]],[[12.9322,66.57031],[12.9341,66.56958],[12.93058,66.56826],[12.92991,66.56885],[12.93102,66.5703]],[[12.98646,66.57102],[12.98663,66.56983],[12.98391,66.56911],[12.98231,66.56775],[12.98008,66.56816],[12.97824,66.57091]],[[12.99685,66.57115],[12.9946,66.56725],[12.99367,66.56689],[12.99092,66.56679],[12.99115,66.56607],[12.98992,66.56603],[12.98912,66.56634],[12.98948,66.56737],[12.98821,66.56753],[12.9879,66.56528],[12.98698,66.56614],[12.98496,66.56637],[12.98718,66.56843],[12.9907,66.56952],[12.98949,66.57106]],[[13.00363,66.55622],[12.99943,66.55631],[12.99917,66.55678],[12.99501,66.5577],[12.99643,66.56173]],[[12.93102,66.5703],[12.9322,66.57031]],[[12.61126,66.56575],[12.61806,66.56693],[12.61888,66.56721],[12.61835,66.56777],[12.6194,66.56797],[12.62064,66.56913],[12.62322,66.56893],[12.62467,66.57016],[12.6288,66.57056],[12.6331,66.57048]],[[12.64473,66.57073],[12.6331,66.57048]],[[12.96732,66.57077],[12.96902,66.57322],[12.97078,66.57431],[12.97089,66.57586]],[[12.91882,66.57353],[12.91733,66.57346],[12.91667,66.57385],[12.9176,66.57518],[12.91917,66.57545],[12.92378,66.57501],[12.92308,66.57419],[12.91882,66.57353]],[[12.96527,66.57368],[12.96395,66.57393],[12.96412,66.57474],[12.967,66.57621],[12.96672,66.57431],[12.96527,66.57368]],[[12.63293,66.57225],[12.6391,66.57167],[12.64485,66.57202]],[[12.64485,66.57202],[12.64749,66.5725],[12.64602,66.57118],[12.64695,66.57084],[12.64915,66.57128],[12.64729,66.57038],[12.64473,66.57073]],[[12.95773,66.57196],[12.95479,66.57127],[12.95326,66.57251],[12.95436,66.57544],[12.95834,66.57698],[12.9605,66.57662],[12.95848,66.57534],[12.95943,66.57321],[12.95773,66.57196]],[[12.97089,66.57586],[12.97115,66.57742],[12.9724,66.57796],[12.97424,66.57737],[12.97288,66.57234],[12.97163,66.57083]],[[12.91646,66.5769],[12.91158,66.57657],[12.91067,66.57584],[12.90856,66.5757],[12.90288,66.57657],[12.90119,66.57731]],[[12.94264,66.57785],[12.94126,66.5755],[12.9372,66.5745],[12.93592,66.57465],[12.93526,66.57518],[12.93592,66.57656],[12.93886,66.57752],[12.94018,66.57748],[12.94094,66.57861],[12.94264,66.57785]],[[12.93344,66.57663],[12.9324,66.57675],[12.93364,66.57836],[12.93584,66.5793],[12.93884,66.57965],[12.93886,66.57881],[12.93344,66.57663]],[[12.84075,66.57778],[12.839,66.57771],[12.8362,66.57661],[12.83272,66.57637],[12.83139,66.57683],[12.83272,66.57823],[12.83825,66.57957],[12.83993,66.57957],[12.84075,66.57778]],[[12.8454,66.58444],[12.84262,66.58378],[12.84312,66.58571],[12.84457,66.58578],[12.8458,66.58535],[12.8454,66.58444]],[[13.00189,66.57661],[12.99898,66.57511],[12.99831,66.57546],[12.99924,66.57726],[13.00418,66.57895]],[[13.00108,66.57955],[12.99748,66.57795],[12.99621,66.57639],[12.9944,66.57577],[12.99362,66.57391],[12.99046,66.57316],[12.98994,66.57373],[12.99113,66.57419],[12.99334,66.57751],[12.999,66.58066],[13.00097,66.5811]],[[12.13181,66.5705],[12.13359,66.57056],[12.13422,66.56915],[12.1321,66.56848],[12.1283,66.56522],[12.12529,66.56644],[12.12496,66.56705],[12.13005,66.57013],[12.13136,66.57068],[12.13181,66.5705]],[[12.13977,66.57059],[12.14048,66.56966],[12.13909,66.56966],[12.13853,66.56892],[12.14057,66.56764],[12.13942,66.56762],[12.14001,66.5672],[12.13697,66.56583],[12.13506,66.56583],[12.13504,66.56629],[12.13451,66.56553],[12.13215,66.56592],[12.13439,66.56619],[12.13382,66.56654],[12.13152,66.56616],[12.13174,66.56744],[12.1356,66.56946],[12.13608,66.57033],[12.13881,66.57134],[12.13977,66.57059]],[[12.95948,66.58129],[12.95866,66.58143],[12.96129,66.58444],[12.96515,66.5861],[12.9643,66.5848],[12.95948,66.58129]],[[12.80282,66.58318],[12.7999,66.58289],[12.79769,66.5835],[12.7973,66.58403],[12.79799,66.58431],[12.80152,66.58428],[12.80354,66.58385],[12.80282,66.58318]],[[12.97824,66.57091],[12.97835,66.57411],[12.98325,66.57573],[12.98183,66.57647],[12.9793,66.57559],[12.97832,66.57629],[12.98072,66.57936],[12.9839,66.57982],[12.98363,66.5802],[12.98226,66.58018],[12.98234,66.58113],[12.99118,66.58445],[12.99052,66.58495],[12.98868,66.58414],[12.98728,66.58408],[12.98936,66.58584],[12.99022,66.58606],[12.99116,66.58562],[12.99221,66.58629],[12.99772,66.58708],[13.00018,66.58632]],[[13.00018,66.58632],[12.99752,66.58459],[12.99939,66.58351],[13.0024,66.58289]],[[13.00231,66.58169],[12.99812,66.58123],[12.99789,66.58073],[12.99418,66.57972],[12.99355,66.57989],[12.99396,66.5807],[12.99319,66.5808],[12.9903,66.57728],[12.98877,66.5771],[12.98873,66.57833],[12.9869,66.57745],[12.98516,66.57305],[12.98646,66.57102]],[[12.83266,66.58049],[12.83087,66.58023],[12.8295,66.58056],[12.82959,66.5821],[12.83087,66.58319],[12.83605,66.58644],[12.83747,66.58674],[12.84057,66.58666],[12.84217,66.58616],[12.84205,66.58577],[12.83801,66.58357],[12.83661,66.5819],[12.83266,66.58049]],[[12.81272,66.58443],[12.80948,66.58446],[12.80983,66.58554],[12.81568,66.58659],[12.81674,66.586],[12.81659,66.58531],[12.81272,66.58443]],[[12.63293,66.57225],[12.62888,66.57219],[12.62693,66.57254],[12.62688,66.57323],[12.62815,66.57408],[12.63,66.57445],[12.62945,66.5754],[12.63007,66.57555],[12.6276,66.57496],[12.62386,66.5748],[12.61959,66.57296],[12.61722,66.57427],[12.62031,66.5752],[12.62263,66.57536],[12.62456,66.57618],[12.61684,66.575],[12.6165,66.57636],[12.61967,66.57649],[12.61873,66.57688],[12.61906,66.57847],[12.6163,66.57702],[12.61514,66.57854],[12.60964,66.57867],[12.60853,66.57898],[12.60762,66.58182],[12.61277,66.58375]],[[12.60409,66.58493],[12.60278,66.57871],[12.60024,66.57729],[12.5962,66.57682],[12.59644,66.5791],[12.59729,66.57962],[12.59363,66.57953],[12.59044,66.58066],[12.59083,66.58014],[12.59326,66.57943],[12.59241,66.5788],[12.59073,66.57866],[12.58908,66.57943],[12.58992,66.58074],[12.59106,66.58161],[12.59497,66.58291],[12.59766,66.58318],[12.59952,66.58293],[12.59974,66.5832],[12.60042,66.58277],[12.60319,66.58539],[12.60409,66.58493]],[[12.8255,66.59943],[12.82338,66.5992],[12.82316,66.59968],[12.82631,66.60123],[12.82687,66.60094],[12.8255,66.59943]],[[12.68251,66.5879],[12.68137,66.58704],[12.68024,66.58382],[12.68405,66.58227],[12.68246,66.57831],[12.67952,66.57687],[12.67938,66.5763],[12.67974,66.57563],[12.68114,66.57656],[12.68258,66.57677],[12.68315,66.57603],[12.68231,66.57573],[12.6835,66.57574],[12.6843,66.57452],[12.6839,66.57352],[12.68126,66.57262],[12.67751,66.56896],[12.67657,66.56871],[12.67558,66.56905],[12.67317,66.56861],[12.67173,66.56789],[12.66912,66.56746],[12.66898,66.56662]],[[12.22777,66.5809],[12.22745,66.58042],[12.22895,66.58005],[12.22645,66.57825],[12.22492,66.57808],[12.22333,66.57855],[12.22325,66.57823],[12.22083,66.57783],[12.21802,66.57818],[12.22173,66.5806],[12.22306,66.58094],[12.22603,66.5808],[12.22601,66.58118],[12.22777,66.5809]],[[12.83231,66.58965],[12.82976,66.58935],[12.82873,66.5898],[12.83099,66.59192],[12.8319,66.59195],[12.83464,66.59084],[12.83231,66.58965]],[[12.61336,66.58887],[12.61027,66.58396],[12.60918,66.58309],[12.60721,66.58274],[12.60567,66.58352],[12.60547,66.58708],[12.60788,66.58837],[12.61244,66.58903],[12.61284,66.58876],[12.61366,66.58914],[12.61336,66.58887]],[[12.68322,66.5922],[12.68341,66.59182],[12.68505,66.59185],[12.68526,66.59095],[12.68316,66.58942],[12.68251,66.5879]],[[12.64542,66.59384],[12.64338,66.59319],[12.64397,66.59133],[12.64563,66.59125],[12.64957,66.59196],[12.64938,66.59075],[12.65042,66.58981],[12.65426,66.59087],[12.65541,66.59164],[12.65694,66.59148],[12.65704,66.58785],[12.65937,66.58982]],[[12.90119,66.57731],[12.90058,66.57774],[12.90099,66.57921],[12.90002,66.5802],[12.89738,66.58052],[12.89762,66.58172],[12.90129,66.5848],[12.90396,66.58599],[12.9051,66.58613],[12.90584,66.58575],[12.90652,66.5861],[12.90552,66.587],[12.90177,66.58645],[12.89992,66.58706],[12.90073,66.59052],[12.9021,66.592],[12.90707,66.59326],[12.91926,66.59426],[12.91879,66.59454],[12.90415,66.59419],[12.90437,66.59522],[12.90593,66.59624],[12.91097,66.59663],[12.92503,66.59565],[12.92522,66.59518],[12.92297,66.59456],[12.92425,66.59396],[12.92563,66.59201],[12.92512,66.59037],[12.93011,66.59265],[12.93194,66.59241],[12.93363,66.59148],[12.93449,66.59155],[12.93549,66.59341],[12.93753,66.59327],[12.93852,66.5946],[12.94034,66.59463],[12.94305,66.5935],[12.94322,66.59296],[12.94253,66.59215],[12.94081,66.59192],[12.93981,66.59119],[12.94235,66.58983],[12.94033,66.5839],[12.93957,66.58389],[12.93895,66.58503],[12.93918,66.58741],[12.9385,66.58786],[12.93742,66.5865],[12.93774,66.58262],[12.93511,66.58016],[12.92569,66.57646],[12.91646,66.5769]],[[12.9442,66.60625],[12.94363,66.60585],[12.94256,66.60622],[12.94168,66.60498],[12.94047,66.60479],[12.94115,66.60663],[12.94358,66.60657],[12.9442,66.60625]],[[12.79629,66.59009],[12.79507,66.58928],[12.79183,66.58872],[12.78673,66.58825],[12.78457,66.58867],[12.78493,66.58962],[12.7914,66.59002],[12.78765,66.59087],[12.78705,66.59183],[12.78821,66.5937],[12.79302,66.59626],[12.79773,66.59536],[12.80081,66.59362],[12.8003,66.59264],[12.79629,66.59009]],[[12.85627,66.59739],[12.85838,66.59672],[12.85641,66.59575]],[[12.85641,66.59575],[12.85385,66.59545],[12.85265,66.5962],[12.8533,66.59689],[12.85627,66.59739]],[[12.65937,66.58982],[12.6604,66.59009],[12.66179,66.59227],[12.66287,66.59213],[12.66391,66.59297],[12.6665,66.59233],[12.67052,66.59426],[12.67321,66.59397],[12.67552,66.59429],[12.67588,66.59394],[12.6769,66.59464],[12.67983,66.59494],[12.68201,66.59367],[12.68318,66.59359],[12.68322,66.5922]],[[12.95068,66.59772],[12.94877,66.59802],[12.94886,66.59861],[12.94965,66.59903],[12.95212,66.59907],[12.95292,66.59857],[12.95068,66.59772]],[[12.60314,66.59633],[12.60305,66.59597],[12.60473,66.59595],[12.60482,66.5955],[12.60396,66.59536],[12.60426,66.59573],[12.60192,66.59462],[12.59982,66.59166],[12.59382,66.58924],[12.59255,66.59067],[12.59356,66.59221],[12.59764,66.59373],[12.59229,66.59231],[12.59032,66.59229],[12.58995,66.59274],[12.59125,66.59268],[12.59044,66.59301],[12.59228,66.59378],[12.59465,66.5935],[12.59522,66.59388],[12.59376,66.59428],[12.59963,66.59644],[12.60139,66.59667],[12.60314,66.59633]],[[12.24495,66.58902],[12.245,66.58856],[12.2458,66.58862],[12.24521,66.58841],[12.24652,66.58801],[12.24676,66.58684],[12.24608,66.58631],[12.24439,66.58623],[12.24503,66.58605],[12.24392,66.58548],[12.24311,66.58554],[12.24414,66.58509],[12.2424,66.584],[12.24097,66.58455],[12.24119,66.58508],[12.23916,66.5849],[12.23631,66.584],[12.23502,66.58291],[12.2308,66.58254],[12.22953,66.58309],[12.23842,66.58481],[12.23552,66.58465],[12.23394,66.58482],[12.23354,66.58522],[12.22549,66.58325],[12.22232,66.58326],[12.22287,66.58382],[12.22184,66.58385],[12.22326,66.58424],[12.22174,66.58416],[12.22557,66.58482],[12.22515,66.58502],[12.22947,66.58663],[12.23514,66.5876],[12.23711,66.58834],[12.24092,66.58833],[12.24579,66.58914],[12.24495,66.58902]],[[12.78363,66.59059],[12.77859,66.59021],[12.77656,66.59065],[12.77871,66.59147],[12.77813,66.59296],[12.77927,66.59477],[12.78036,66.5954],[12.78443,66.59637],[12.78629,66.59786],[12.79112,66.59689],[12.79154,66.59634],[12.78662,66.59376],[12.78467,66.59104],[12.78363,66.59059]],[[12.22944,66.58978],[12.23804,66.58919],[12.23087,66.5877],[12.22768,66.5877],[12.22586,66.58609],[12.22283,66.58559],[12.22152,66.58628],[12.22197,66.58708],[12.22738,66.58751],[12.22353,66.58779],[12.22328,66.58843],[12.22734,66.58958],[12.22944,66.58978]],[[12.78368,66.59792],[12.78099,66.59702],[12.77808,66.59738],[12.77729,66.59659],[12.77611,66.59643],[12.77661,66.59573],[12.77583,66.59526],[12.77373,66.59531],[12.77437,66.59719],[12.77571,66.59788],[12.77796,66.59759],[12.77811,66.59829],[12.78114,66.59894],[12.78368,66.59792]],[[12.828,66.59785],[12.82616,66.59783],[12.82627,66.59832],[12.82879,66.59955],[12.82938,66.60154],[12.83159,66.60267],[12.83138,66.60033],[12.828,66.59785]],[[12.80231,66.60153],[12.80477,66.60137],[12.8064,66.60057],[12.80426,66.60021],[12.80287,66.60032],[12.80202,66.60085],[12.80124,66.60064],[12.80026,66.59926],[12.80143,66.59886],[12.79899,66.59727],[12.79734,66.59725],[12.79719,66.5978],[12.79538,66.59787],[12.79781,66.59889],[12.79731,66.59979],[12.79644,66.59873],[12.7923,66.59797],[12.79186,66.5988],[12.79439,66.60048],[12.79666,66.60037],[12.79753,66.59985],[12.7999,66.60124],[12.79991,66.60241],[12.80231,66.60153]],[[12.83583,66.60386],[12.84211,66.6035],[12.84118,66.60142],[12.83757,66.59875],[12.83473,66.59793],[12.83355,66.59817],[12.83091,66.59714],[12.83107,66.5986],[12.83418,66.60145],[12.83277,66.60171],[12.83284,66.60272],[12.83583,66.60386]],[[12.82306,66.60135],[12.82029,66.60037],[12.81911,66.60083],[12.81688,66.60099],[12.81542,66.602],[12.8163,66.60308],[12.82132,66.60375],[12.82511,66.60353],[12.82582,66.60294],[12.82306,66.60135]],[[12.61277,66.58375],[12.61248,66.58611],[12.61452,66.5888],[12.61707,66.58933],[12.61837,66.58917],[12.62254,66.59049],[12.62481,66.59248],[12.62619,66.59291],[12.62417,66.59273],[12.62294,66.5931],[12.62159,66.5925],[12.62089,66.59298],[12.62167,66.5936],[12.62282,66.59351],[12.62304,66.59408],[12.62573,66.5954],[12.62614,66.59636],[12.62708,66.59654],[12.6255,66.59668],[12.62574,66.5979],[12.62492,66.59815],[12.62786,66.60118],[12.63005,66.60248]],[[12.74287,66.60324],[12.74195,66.6034],[12.74278,66.60427]],[[12.74278,66.60427],[12.74563,66.60441],[12.74609,66.60385],[12.74287,66.60324]],[[12.93585,66.60398],[12.93218,66.60397],[12.93069,66.60445],[12.93316,66.60552],[12.93487,66.60715],[12.93933,66.60736],[12.94091,66.60672],[12.93872,66.60478],[12.93585,66.60398]],[[12.92637,66.6055],[12.9225,66.60499],[12.92149,66.60696],[12.92441,66.60758],[12.92837,66.60749],[12.9299,66.60709],[12.92994,66.60673],[12.92637,66.6055]],[[13.00151,66.60378],[12.99827,66.60349],[12.99413,66.60622],[12.99626,66.60954]],[[12.23468,66.59945],[12.24164,66.59873],[12.24207,66.59816],[12.23891,66.59758],[12.23948,66.59742],[12.23344,66.59489],[12.23146,66.5947],[12.22812,66.59502],[12.22749,66.59541],[12.22847,66.5958],[12.23314,66.59603],[12.23832,66.5973],[12.23215,66.59642],[12.22753,66.59658],[12.23125,66.59878],[12.23468,66.59945]],[[12.84412,66.60861],[12.84279,66.60797],[12.84146,66.60802],[12.83939,66.60737],[12.83682,66.60751],[12.83904,66.60896],[12.84311,66.60915],[12.84412,66.60861]],[[12.99626,66.60954],[13.00338,66.61103]],[[13.00486,66.61181],[12.99778,66.61061],[12.99628,66.61083],[12.99483,66.61028]],[[12.71885,66.60832],[12.71789,66.60808],[12.71789,66.6094],[12.72046,66.61013],[12.72078,66.60972],[12.71885,66.60832]],[[12.99483,66.61028],[12.99377,66.6096],[12.99037,66.60896],[12.98725,66.61097],[12.9875,66.61235],[12.99048,66.61279],[12.98718,66.61294],[12.98687,66.61342],[12.98846,66.61432],[12.99058,66.61404],[12.99369,66.61509],[12.99481,66.615]],[[12.72358,66.61317],[12.71942,66.61282],[12.71893,66.61433],[12.72404,66.61557],[12.72358,66.61317]],[[12.63005,66.60248],[12.63099,66.60296],[12.63207,66.60292],[12.63262,66.60158],[12.63348,66.60354],[12.63563,66.60554],[12.63748,66.60627],[12.63948,66.60596],[12.64109,66.60688],[12.63902,66.60672],[12.63861,66.60702],[12.64079,66.60762],[12.6419,66.60748],[12.64132,66.60563],[12.64389,66.60699],[12.64262,66.60716],[12.64328,66.60786],[12.64575,66.60737],[12.64433,66.60634],[12.64638,66.60685],[12.64671,66.60732],[12.6484,66.60712],[12.6462,66.60524],[12.64735,66.6053],[12.64975,66.60764],[12.65292,66.60786],[12.65577,66.60749],[12.6569,66.60702],[12.65698,66.60611],[12.66034,66.60547],[12.66075,66.60345],[12.66214,66.60313],[12.66671,66.60362],[12.66733,66.6028],[12.66674,66.60001],[12.66769,66.59994],[12.66889,66.60179],[12.66994,66.6017],[12.67113,66.60006],[12.67039,66.5984],[12.67014,66.59907],[12.66942,66.59908],[12.66985,66.59845],[12.66855,66.59855],[12.66863,66.59817],[12.66704,66.59764],[12.66636,66.59865],[12.66536,66.59871],[12.66521,66.59704],[12.66114,66.59685],[12.66104,66.5958],[12.65862,66.59425],[12.6561,66.59484],[12.65516,66.5944],[12.65458,66.59475],[12.6537,66.59461],[12.65396,66.59573],[12.64978,66.59492],[12.65143,66.59436],[12.65091,66.59354],[12.64707,66.59426],[12.64542,66.59384]],[[12.68588,66.60671],[12.68497,66.6064],[12.6873,66.60429],[12.68612,66.60289],[12.68462,66.60258],[12.68345,66.60285],[12.68405,66.60459],[12.68202,66.60409],[12.68014,66.60524],[12.6806,66.60619],[12.68352,66.60631],[12.6831,66.60653],[12.68213,66.60625],[12.68134,66.60662],[12.6813,66.60834],[12.68281,66.60832],[12.68588,66.60671]],[[12.74236,66.60892],[12.74107,66.60917],[12.74229,66.60966]],[[12.8069,66.60962],[12.8051,66.60955],[12.80351,66.61001],[12.80352,66.61047],[12.80941,66.61066],[12.80944,66.61014],[12.8069,66.60962]],[[12.74236,66.60892],[12.74335,66.60838],[12.74829,66.60957],[12.75162,66.61139],[12.75255,66.61126],[12.75063,66.60891],[12.74865,66.60842],[12.7483,66.60703],[12.74261,66.60614]],[[12.74185,66.6145],[12.74669,66.61433],[12.74661,66.61263]],[[12.82901,66.61197],[12.83361,66.61218],[12.83472,66.61289],[12.83634,66.6125],[12.83548,66.61164],[12.83239,66.61108],[12.83264,66.61043],[12.82654,66.60932],[12.82419,66.60908],[12.82302,66.60942],[12.81796,66.60818],[12.81325,66.60843],[12.81401,66.61022],[12.82056,66.61151],[12.82395,66.6131],[12.82824,66.61301],[12.82901,66.61197]],[[12.81622,66.61275],[12.8192,66.61305],[12.82079,66.61286],[12.81621,66.61193],[12.81573,66.61266],[12.81441,66.61268],[12.81341,66.6115],[12.81112,66.61107],[12.80949,66.61135],[12.80927,66.61187],[12.81157,66.61295],[12.81383,66.61327],[12.81615,66.61312],[12.81622,66.61275]],[[12.72639,66.61234],[12.72481,66.61099],[12.72487,66.60968],[12.72592,66.60934],[12.72915,66.60947],[12.72793,66.60877],[12.72504,66.60859],[12.72586,66.60772],[12.73129,66.60897],[12.73179,66.61009],[12.73687,66.61062],[12.73741,66.61042],[12.73325,66.60977],[12.73395,66.60848],[12.72844,66.60611],[12.72422,66.60583],[12.72456,66.60494],[12.72801,66.6057],[12.72958,66.60531],[12.73132,66.60544],[12.73327,66.60694],[12.73855,66.60853],[12.74123,66.60811],[12.73952,66.60699],[12.74261,66.60614]],[[12.74661,66.61263],[12.74633,66.61195],[12.74229,66.60966]],[[12.99561,66.61601],[12.99538,66.61511]],[[12.93761,66.61951],[12.93647,66.61963],[12.93567,66.62042],[12.93862,66.62161],[12.93923,66.62122],[12.93761,66.61951]],[[13.00778,66.61934],[12.99819,66.61808],[12.99673,66.61862],[12.99147,66.61708],[12.99111,66.61749],[12.99488,66.62118],[12.99417,66.62332],[12.99806,66.6244]],[[12.73221,66.62118],[12.72466,66.62027],[12.72621,66.62141],[12.7285,66.62198],[12.73187,66.62187],[12.73221,66.62118]],[[12.76118,66.62201],[12.75936,66.62178],[12.75613,66.62216],[12.75601,66.62324],[12.75955,66.62393],[12.76112,66.62379],[12.76335,66.62316],[12.76118,66.62201]],[[12.74139,66.61949],[12.73657,66.62023],[12.73724,66.62078],[12.73986,66.62135],[12.73799,66.62223],[12.73935,66.624],[12.74095,66.62432]],[[12.74095,66.62432],[12.7487,66.62374],[12.74807,66.62308],[12.74959,66.62098],[12.74899,66.62009],[12.74703,66.61918],[12.74139,66.61949]],[[12.91806,66.62596],[12.91536,66.62572],[12.91402,66.62673],[12.9179,66.62736],[12.91965,66.62727],[12.91806,66.62596]],[[12.93739,66.62804],[12.94253,66.62803],[12.94506,66.62758],[12.94694,66.62645],[12.94549,66.62409],[12.94241,66.62267],[12.93917,66.62299],[12.9352,66.62241],[12.9339,66.62297],[12.93722,66.62387],[12.93605,66.6243],[12.93657,66.62605],[12.93519,66.62523],[12.93478,66.6238],[12.93183,66.62266],[12.93038,66.62269],[12.9301,66.62347],[12.93172,66.62396],[12.93025,66.62525],[12.93129,66.62693],[12.93234,66.62732],[12.93621,66.62726],[12.93739,66.62804]],[[12.73056,66.62505],[12.73399,66.62474],[12.73486,66.62398],[12.72939,66.62301],[12.72724,66.62301],[12.72453,66.62355],[12.72246,66.623],[12.72109,66.62392],[12.72408,66.62496],[12.73056,66.62505]],[[12.65373,66.62504],[12.65764,66.62454],[12.65917,66.62379],[12.65835,66.62158],[12.66036,66.62008],[12.66033,66.619],[12.6596,66.61878],[12.65154,66.61863],[12.65104,66.61934],[12.64949,66.61899],[12.64529,66.61956],[12.64785,66.62132],[12.64893,66.62135],[12.65111,66.62411],[12.65373,66.62504]],[[12.95538,66.62755],[12.95055,66.62752],[12.94851,66.6284],[12.9538,66.6309],[12.95624,66.63026],[12.95538,66.62755]],[[12.95345,66.63125],[12.95159,66.63111],[12.94964,66.63203],[12.94937,66.63272],[12.95108,66.63461],[12.95366,66.63515],[12.95544,66.6349],[12.9559,66.63433],[12.95345,66.63125]],[[12.92548,66.62496],[12.92404,66.62468],[12.92209,66.62504],[12.92391,66.62575],[12.9223,66.62622],[12.92192,66.6271],[12.92541,66.6276],[12.92488,66.62873],[12.93051,66.62934],[12.9299,66.62743],[12.92639,66.62599],[12.92675,66.62552],[12.92548,66.62496]],[[12.94231,66.62855],[12.9404,66.62852],[12.9399,66.62885],[12.94054,66.6298],[12.94204,66.63012],[12.94356,66.62939],[12.94343,66.62881],[12.94231,66.62855]],[[12.9855,66.62783],[12.98272,66.62679],[12.98207,66.6278],[12.98374,66.6296],[12.98947,66.63099],[12.99116,66.63097],[12.98787,66.62873],[12.9855,66.62783]],[[13.00729,66.62818],[12.99739,66.62662],[12.99741,66.62789],[13.00443,66.63165]],[[12.76466,66.62675],[12.76201,66.62686],[12.76313,66.62788],[12.76589,66.62816],[12.76466,66.62675]],[[12.99806,66.6244],[13.00032,66.62468]],[[12.93816,66.62929],[12.93709,66.62926],[12.93566,66.63026],[12.94226,66.63175],[12.94244,66.63071],[12.93883,66.63023],[12.93816,66.62929]],[[12.94845,66.63486],[12.94301,66.63275],[12.94222,66.63289],[12.94257,66.63389],[12.94038,66.63305],[12.93952,66.63313],[12.94054,66.63426],[12.94251,66.63461],[12.94355,66.63444],[12.94682,66.63581],[12.94922,66.63545],[12.94845,66.63486]],[[12.75648,66.62842],[12.7548,66.62801],[12.75342,66.6285],[12.75404,66.62945],[12.75653,66.63025],[12.76572,66.63033],[12.75648,66.62842]],[[12.92422,66.63011],[12.91939,66.62949],[12.91838,66.62983],[12.91655,66.62971],[12.91632,66.63034],[12.91793,66.63166],[12.92634,66.63276],[12.92657,66.63211],[12.92422,66.63011]],[[12.97435,66.63197],[12.97281,66.63164],[12.97311,66.6329],[12.97673,66.63381],[12.97435,66.63197]],[[12.92747,66.63037],[12.92665,66.63112],[12.92763,66.63221],[12.93166,66.63332],[12.93199,66.63137],[12.93072,66.63081],[12.92747,66.63037]],[[12.7712,66.63281],[12.77036,66.63179],[12.76915,66.632],[12.76568,66.63153],[12.76407,66.63159],[12.76197,66.63246],[12.76266,66.63315],[12.76893,66.634],[12.77163,66.63352],[12.7712,66.63281]],[[12.82617,66.63508],[12.83018,66.63504],[12.83116,66.63427],[12.8267,66.6338],[12.82477,66.63382],[12.82414,66.63431],[12.82172,66.63432],[12.82239,66.63474],[12.82617,66.63508]],[[12.92382,66.63318],[12.91985,66.6328],[12.91904,66.63327],[12.92456,66.63571],[12.92756,66.63585],[12.92952,66.63662],[12.93115,66.63668],[12.93213,66.63564],[12.93166,66.63499],[12.92879,66.63395],[12.92382,66.63318]],[[12.94078,66.63478],[12.93899,66.63459],[12.93964,66.63665],[12.94314,66.63762],[12.945,66.63764],[12.94465,66.63696],[12.94147,66.63591],[12.94078,66.63478]],[[12.99277,66.63858],[12.99349,66.63819],[12.99299,66.63778],[12.98895,66.63647],[12.97647,66.63523],[12.97648,66.63579],[12.98417,66.63843],[12.99277,66.63858]],[[12.76701,66.63416],[12.76468,66.63441],[12.76559,66.63533],[12.7671,66.63577],[12.76834,66.63554],[12.7688,66.63457],[12.76701,66.63416]],[[12.93696,66.63502],[12.93445,66.63493],[12.93541,66.63704],[12.93776,66.63746],[12.93767,66.63838],[12.94102,66.63837],[12.94159,66.63784],[12.93818,66.63739],[12.93696,66.63502]],[[12.76145,66.63556],[12.75831,66.63577],[12.75827,66.6367],[12.76241,66.63644],[12.76145,66.63556]],[[12.99903,66.63656],[12.99761,66.63502],[12.99528,66.63408],[12.99096,66.63384],[12.98671,66.63304],[12.98556,66.63373],[12.9841,66.63267],[12.97791,66.63155],[12.9794,66.63335],[12.98284,66.63407],[12.98509,66.63541],[12.9986,66.63672],[12.99858,66.63722],[12.99616,66.63807],[12.99647,66.63852],[13.00259,66.6405]],[[13.00661,66.63937],[12.99903,66.63656]],[[12.94702,66.64045],[12.94782,66.64017],[12.94742,66.63971],[12.93968,66.63915],[12.94046,66.64031],[12.94284,66.64029],[12.94468,66.6407],[12.94702,66.64045]],[[12.77805,66.63869],[12.77754,66.63828],[12.77625,66.63825],[12.77472,66.63702],[12.77275,66.63702],[12.77111,66.63758],[12.7724,66.63851],[12.77402,66.63889],[12.77695,66.6391],[12.77805,66.63869]],[[12.78,66.64256],[12.77568,66.64188],[12.77262,66.64217],[12.77602,66.64282],[12.77552,66.64348],[12.77844,66.64375],[12.78077,66.64342],[12.78,66.64256]],[[12.93184,66.65025],[12.92937,66.65019],[12.92768,66.65056],[12.92694,66.65172],[12.9311,66.65091],[12.93184,66.65025]],[[12.66078,66.64558],[12.65856,66.64417],[12.65384,66.64409],[12.65494,66.64601],[12.6608,66.64846],[12.66196,66.64799],[12.66078,66.64558]],[[12.93238,66.65215],[12.93051,66.65178],[12.92864,66.65302],[12.92942,66.65379],[12.93475,66.65536],[12.93558,66.65477],[12.93536,66.65385],[12.93238,66.65215]],[[12.98914,66.65625],[12.98974,66.65544],[12.99105,66.65521],[12.99319,66.65546],[13.00362,66.65537]],[[13.00497,66.64814],[12.98812,66.6473],[12.98599,66.64743],[12.98573,66.64809],[12.97734,66.64764],[12.975,66.64796],[12.97577,66.65006],[12.97882,66.65057],[12.97705,66.65087],[12.97367,66.65076],[12.97336,66.65129],[12.97571,66.65211],[12.97401,66.65214],[12.97138,66.65137],[12.97081,66.65252],[12.98113,66.65624],[12.98914,66.65625]],[[12.94531,66.65268],[12.94036,66.65184],[12.9379,66.65466],[12.93839,66.65555],[12.94571,66.65675],[12.94796,66.65477],[12.94773,66.65408],[12.94531,66.65268]],[[12.98671,66.66077],[12.98703,66.66035],[12.98865,66.6607],[12.98999,66.66056],[12.99025,66.66007],[12.98458,66.65821],[12.9786,66.6578],[12.97503,66.65837],[12.97409,66.65913],[12.97547,66.65953],[12.98205,66.66],[12.98332,66.66072]],[[12.91475,66.65715],[12.91249,66.6571],[12.91185,66.65746],[12.91312,66.65809],[12.91808,66.65884],[12.92736,66.65935],[12.92734,66.65903],[12.92174,66.65871],[12.91475,66.65715]],[[13.00164,66.66536],[12.99908,66.66571],[13.00418,66.66641]],[[12.98332,66.66072],[12.98349,66.66141],[12.98457,66.66168],[12.98619,66.66143],[12.98671,66.66077]],[[13.00484,66.6618],[12.99708,66.66259],[12.9957,66.66304],[12.9968,66.66349],[13.00464,66.66326]],[[12.99449,66.66279],[12.99277,66.66249],[12.97985,66.66232],[12.97825,66.6627],[12.98092,66.66344],[12.98685,66.66364],[12.98946,66.66412],[12.99477,66.6634],[12.99449,66.66279]],[[12.90791,66.66322],[12.90509,66.66305],[12.90402,66.6633],[12.90525,66.66382],[12.90914,66.6641],[12.90959,66.66368],[12.90791,66.66322]],[[12.92477,66.66568],[12.92686,66.66552],[12.9263,66.66471],[12.91899,66.66413],[12.91716,66.6645],[12.91483,66.66394],[12.91293,66.66392],[12.91185,66.66428],[12.91207,66.66456],[12.91604,66.66504],[12.91759,66.66484],[12.91936,66.66529],[12.91809,66.66557],[12.91311,66.66531],[12.91382,66.66599],[12.92354,66.66697],[12.93048,66.66685],[12.93028,66.66657],[12.9261,66.66623],[12.92477,66.66568]],[[12.5621,66.66102],[12.55045,66.65673],[12.55031,66.65596],[12.54444,66.65626],[12.54989,66.6584],[12.55813,66.66057],[12.55997,66.66174],[12.56189,66.66184],[12.5621,66.66102]],[[12.95664,66.66754],[12.95521,66.66715],[12.95436,66.66825],[12.9574,66.66885],[12.95792,66.66847],[12.95664,66.66754]],[[12.93591,66.66525],[12.93233,66.66528],[12.93153,66.66641],[12.93381,66.66708],[12.93195,66.66769],[12.93234,66.66794],[12.94673,66.66889],[12.94666,66.66857],[12.94122,66.66793],[12.94129,66.66646],[12.9386,66.66555],[12.93591,66.66525]],[[12.98133,66.66829],[12.97981,66.66836],[12.9816,66.66946],[12.98548,66.66961],[12.98463,66.66877],[12.98133,66.66829]],[[12.96313,66.67052],[12.96305,66.67151]],[[13.00454,66.66886],[12.99822,66.6692],[12.99704,66.66973],[12.99574,66.66808],[12.99033,66.66815],[12.99258,66.67131],[12.99553,66.67246],[12.99838,66.67244],[13.0076,66.67356]],[[12.55213,66.66659],[12.54882,66.66391],[12.54585,66.66254],[12.53881,66.66097],[12.53958,66.6603],[12.53731,66.65934],[12.53709,66.66007],[12.53959,66.66303],[12.54433,66.6657],[12.54963,66.66717],[12.55194,66.66692],[12.55213,66.66659]],[[12.98157,66.67163],[12.97819,66.67139],[12.97782,66.67263],[12.98253,66.67348],[12.98287,66.67264],[12.98157,66.67163]],[[12.89432,66.67227],[12.89961,66.67223],[12.90007,66.67172],[12.89875,66.6709],[12.89476,66.67071],[12.89387,66.67035],[12.89143,66.67054],[12.89056,66.6712],[12.89079,66.67167],[12.89215,66.67194],[12.89195,66.6725],[12.89432,66.67227]],[[12.99045,66.67256],[12.98793,66.67257],[12.98753,66.67339],[12.98862,66.67359],[12.99129,66.67559],[12.99393,66.6759],[12.99456,66.67523],[12.99223,66.67293],[12.99045,66.67256]],[[12.99445,66.67721],[12.99091,66.67684],[12.99033,66.67717],[12.99077,66.6777],[12.99343,66.67807],[12.99495,66.67789],[12.99445,66.67721]],[[12.98862,66.68195],[12.98715,66.68201],[12.98658,66.68252],[12.98978,66.68414],[12.99121,66.683],[12.99031,66.6821],[12.98862,66.68195]],[[12.7283,66.67942],[12.726,66.67914],[12.7261,66.68083],[12.72753,66.68083],[12.7283,66.67942]],[[12.56653,66.66831],[12.57064,66.66773],[12.56556,66.66684],[12.56402,66.66584],[12.56511,66.66562],[12.56479,66.66465],[12.56176,66.66341],[12.56247,66.66293],[12.56047,66.66225],[12.5544,66.66177],[12.55569,66.66109],[12.55874,66.66141],[12.55696,66.66049],[12.55031,66.6589],[12.54746,66.65858],[12.54731,66.65976],[12.54845,66.66118],[12.55368,66.66297],[12.55986,66.66372],[12.55843,66.66369],[12.55723,66.66432],[12.55566,66.66405],[12.55727,66.66592],[12.55985,66.66615],[12.5623,66.6674],[12.56344,66.66744],[12.56289,66.66772],[12.5636,66.6686],[12.56653,66.66831]],[[12.94933,66.6727],[12.94999,66.67166],[12.94888,66.67023],[12.94761,66.6698],[12.92263,66.66847],[12.92197,66.6691],[12.916,66.66863],[12.91566,66.66896],[12.91765,66.67025],[12.91308,66.66973],[12.91248,66.67009],[12.9132,66.6718],[12.92037,66.67251],[12.92389,66.6721],[12.92975,66.67358],[12.93767,66.67347],[12.93854,66.67251],[12.94435,66.67407],[12.94885,66.674],[12.94977,66.67372],[12.94933,66.6727]],[[12.96305,66.67151],[12.97258,66.67311],[12.97236,66.67343],[12.96927,66.67331],[12.97019,66.67416],[12.97412,66.67491],[12.97726,66.67492],[12.97511,66.67116],[12.97005,66.671],[12.96398,66.67022],[12.96313,66.67052]],[[12.94191,66.67423],[12.93847,66.67459],[12.94253,66.67589],[12.94191,66.67423]],[[12.91821,66.67398],[12.91694,66.67394],[12.91573,66.67442],[12.92492,66.67567],[12.92475,66.67525],[12.91821,66.67398]],[[13.0042,66.6744],[12.99881,66.67394],[12.99838,66.67448],[12.99672,66.6746],[12.99683,66.67535],[13.0033,66.67652]],[[12.96837,66.67732],[12.96691,66.67736],[12.96656,66.67786],[12.96953,66.67859],[12.9716,66.67859],[12.97099,66.67791],[12.96837,66.67732]],[[12.92622,66.67849],[12.92775,66.67796],[12.92628,66.67746],[12.92047,66.6782],[12.92622,66.67849]],[[12.96249,66.67826],[12.96091,66.67905],[12.9624,66.67929]],[[12.95736,66.67839],[12.95316,66.67808],[12.95209,66.67689],[12.94971,66.67656],[12.94952,66.67598],[12.94861,66.67594],[12.94724,66.67655],[12.94767,66.67716],[12.95164,66.67855],[12.95635,66.67969],[12.95926,66.67952],[12.95736,66.67839]],[[12.96235,66.67993],[12.96494,66.67941],[12.9624,66.67929]],[[12.96235,66.67993],[12.96112,66.68028],[12.9582,66.67998],[12.95478,66.68046],[12.9576,66.68111],[12.96067,66.68036],[12.96228,66.68079]],[[12.94151,66.68127],[12.94081,66.6804],[12.93819,66.67985],[12.93501,66.67964],[12.9338,66.67987],[12.9343,66.68112],[12.93723,66.68105],[12.94078,66.68164],[12.94151,66.68127]],[[12.96216,66.68229],[12.96455,66.68204],[12.97317,66.6825],[12.96228,66.68079]],[[12.96216,66.68229],[12.95643,66.6814],[12.95281,66.68132],[12.95731,66.68368],[12.96196,66.68474]],[[12.96193,66.6851],[12.96196,66.68474]],[[12.93129,66.68419],[12.92988,66.68441],[12.93078,66.6859],[12.93439,66.68642],[12.93436,66.68583],[12.93129,66.68419]],[[12.92973,66.68644],[12.92814,66.68406],[12.92714,66.6836],[12.92574,66.68368],[12.92479,66.68224],[12.92356,66.68199],[12.92101,66.67981],[12.91841,66.67926],[12.91544,66.67935],[12.91563,66.68052],[12.91286,66.68009],[12.91655,66.6818],[12.9187,66.68175],[12.92299,66.68283],[12.91971,66.68415],[12.91976,66.68481],[12.92723,66.68574],[12.92701,66.68606],[12.92408,66.68597],[12.9244,66.68684],[12.92816,66.68746],[12.9296,66.68726],[12.92973,66.68644]],[[12.96193,66.6851],[12.95437,66.68434],[12.95181,66.6845],[12.9483,66.68236],[12.94437,66.68184],[12.94033,66.68218],[12.937,66.68159],[12.93488,66.68188],[12.93595,66.68259],[12.93414,66.68274],[12.93247,66.68246],[12.93197,66.68133],[12.92827,66.67971],[12.92567,66.67954],[12.92464,66.67984],[12.9274,66.68234],[12.93329,66.68353],[12.93438,66.68516],[12.93892,66.68722],[12.9476,66.68823],[12.94934,66.68982],[12.95002,66.68963],[12.94961,66.68846],[12.95104,66.68893],[12.95383,66.68803],[12.95613,66.68784],[12.95881,66.68833],[12.95748,66.68867],[12.95624,66.68837],[12.9558,66.68887],[12.96154,66.68974]],[[12.93925,66.68982],[12.94351,66.68948],[12.94385,66.68909],[12.93452,66.6888],[12.93497,66.68972],[12.93925,66.68982]],[[12.95156,66.69156],[12.95028,66.69103],[12.94679,66.69114],[12.94001,66.69051],[12.94318,66.6915],[12.94686,66.69153],[12.94896,66.69205],[12.95156,66.69156]],[[12.96154,66.68974],[12.968,66.6909],[12.96855,66.69137],[12.96731,66.69184],[12.96761,66.69234],[12.97329,66.69311],[12.97502,66.69184],[12.97632,66.68946],[12.97942,66.68833],[12.97929,66.68679],[12.98003,66.68644],[12.97954,66.68356],[12.97574,66.68294],[12.97521,66.68216],[12.97568,66.68191],[12.97889,66.68211],[12.9785,66.68153],[12.97402,66.68104],[12.97276,66.68023],[12.96669,66.67933],[12.96655,66.67874],[12.96249,66.67826]],[[12.76123,66.6892],[12.75797,66.68924],[12.75938,66.69054],[12.76193,66.69092],[12.76538,66.69072],[12.76123,66.6892]],[[12.76009,66.69127],[12.75756,66.69083],[12.75601,66.69122],[12.7587,66.69205],[12.76282,66.69187],[12.76194,66.6914],[12.76009,66.69127]],[[12.96126,66.69314],[12.95868,66.6937],[12.95908,66.69435],[12.96112,66.69492]],[[12.74699,66.69059],[12.74487,66.69005],[12.744,66.69033],[12.74502,66.69142],[12.74793,66.69259],[12.74824,66.69119],[12.74699,66.69059]],[[12.72775,66.69092],[12.72485,66.69105],[12.7263,66.69296],[12.73069,66.6936],[12.73152,66.69297],[12.72835,66.69192],[12.72775,66.69092]],[[12.96112,66.69492],[12.9714,66.69649],[12.97336,66.69755],[12.97748,66.69753],[12.97736,66.69602],[12.98387,66.69716],[12.98504,66.69711],[12.98664,66.69629],[12.9829,66.69392],[12.97912,66.69413],[12.97936,66.69345],[12.97834,66.69319],[12.97754,66.69391],[12.974,66.69409],[12.97362,66.69345],[12.97028,66.69404],[12.96886,66.69351],[12.96735,66.69362],[12.96544,66.69281],[12.96126,66.69314]],[[12.73101,66.73287],[12.72959,66.73253],[12.72803,66.73319],[12.72942,66.73388],[12.73093,66.73373]],[[12.99506,66.73019],[12.99418,66.73068],[12.99816,66.73199],[12.99951,66.73333],[13.00111,66.73356]],[[13.0015,66.73274],[12.99978,66.73152],[12.99506,66.73019]],[[12.96297,66.73477],[12.96153,66.73428],[12.95984,66.73478],[12.96157,66.73608],[12.96318,66.73581],[12.96297,66.73477]],[[12.50197,66.73459],[12.4974,66.73444],[12.49795,66.73418],[12.49696,66.73356],[12.49714,66.73283],[12.49208,66.73225],[12.49613,66.7317],[12.49491,66.73127],[12.49477,66.73155],[12.49438,66.73093],[12.49257,66.73048],[12.49135,66.73076],[12.49114,66.73037],[12.48878,66.73027],[12.48934,66.73082],[12.48788,66.73031],[12.48634,66.73059],[12.48759,66.73219],[12.4914,66.73388],[12.49614,66.73438],[12.49993,66.73514],[12.49992,66.73553],[12.50183,66.73525],[12.50197,66.73459]],[[12.49217,66.75766],[12.49122,66.75743],[12.49232,66.75759],[12.49219,66.75725],[12.49306,66.75715],[12.4928,66.75558],[12.49547,66.75509],[12.49503,66.7541],[12.49077,66.75287],[12.48943,66.75308],[12.48912,66.75397],[12.48842,66.75388],[12.48912,66.75366],[12.48865,66.75284],[12.48707,66.75303],[12.48671,66.75354],[12.48502,66.75295],[12.48157,66.75284],[12.4824,66.75437],[12.48557,66.75585],[12.49085,66.75723],[12.4908,66.75756],[12.49217,66.75766]],[[12.46566,66.75772],[12.46296,66.75689],[12.46378,66.75629],[12.46331,66.75567],[12.45891,66.75298],[12.45718,66.75323],[12.45604,66.75186],[12.45491,66.75185],[12.45566,66.75162],[12.45518,66.75115],[12.45323,66.75102],[12.45219,66.75225],[12.45239,66.7534],[12.45346,66.75422],[12.4548,66.75432],[12.45381,66.75468],[12.45643,66.75547],[12.45639,66.75638],[12.45944,66.757],[12.46066,66.75692],[12.46068,66.75748],[12.46295,66.75789],[12.46426,66.75859],[12.46556,66.75848],[12.46566,66.75772]],[[12.85765,66.76343],[12.85839,66.76336],[12.85553,66.76271],[12.84969,66.76199],[12.84898,66.76227],[12.84853,66.76163],[12.8467,66.76148],[12.85074,66.76357],[12.85594,66.76419],[12.85626,66.76476],[12.8584,66.76548],[12.86362,66.76675],[12.86424,66.76649],[12.86197,66.76505],[12.85898,66.76425],[12.85765,66.76343]],[[12.45967,66.76074],[12.46264,66.76044],[12.46253,66.75966],[12.46126,66.75913],[12.4533,66.75762],[12.45384,66.75665],[12.45073,66.75645],[12.4491,66.75586],[12.4478,66.75621],[12.44796,66.75778],[12.45228,66.75756],[12.45005,66.75778],[12.45109,66.75892],[12.4561,66.75998],[12.45807,66.76144],[12.45967,66.76074]],[[12.4891,66.76337],[12.48937,66.76105],[12.4833,66.75874],[12.48243,66.75896],[12.47948,66.75778],[12.47347,66.75675],[12.46844,66.75354],[12.46377,66.75297],[12.46501,66.75267],[12.46103,66.75065],[12.45842,66.75072],[12.45833,66.75115],[12.45961,66.75154],[12.46601,66.7564],[12.46983,66.75719],[12.47788,66.76145],[12.48125,66.76207],[12.48495,66.76331],[12.4891,66.76337]],[[12.61434,66.76566],[12.61311,66.7651],[12.60979,66.76522],[12.61018,66.76625],[12.61408,66.76835]],[[12.6098,66.76845],[12.60938,66.76697],[12.60579,66.76261],[12.60404,66.76197],[12.59592,66.76087],[12.59385,66.76019],[12.59265,66.76034],[12.59573,66.76389],[12.59875,66.76429],[12.60105,66.76506],[12.60685,66.76834],[12.60912,66.76873],[12.6098,66.76845]],[[12.48873,66.76631],[12.48942,66.76585],[12.48875,66.76556],[12.48298,66.76549],[12.48159,66.76436],[12.47527,66.76354],[12.47546,66.76304],[12.47405,66.76252],[12.46737,66.76214],[12.47827,66.76594],[12.47968,66.76593],[12.48499,66.76716],[12.48696,66.767],[12.48873,66.76631]],[[12.61408,66.76835],[12.61827,66.76923],[12.621,66.76893],[12.61963,66.7687],[12.6207,66.76808],[12.61779,66.76734],[12.61434,66.76566]],[[12.75774,66.80134],[12.75887,66.80098],[12.75642,66.79716],[12.74534,66.79632],[12.74596,66.79755],[12.74765,66.79855],[12.75774,66.80134]],[[12.31631,66.37131],[12.32431,66.37248],[12.32622,66.37295],[12.32629,66.37359],[12.32874,66.37379],[12.32474,66.37449],[12.3202,66.37439],[12.31994,66.37469],[12.32222,66.37555],[12.32774,66.3765],[12.3344,66.37711],[12.33325,66.37433],[12.33138,66.37353],[12.33011,66.37352],[12.33042,66.37306],[12.33375,66.3733],[12.3361,66.37308],[12.33927,66.37405],[12.35212,66.37558],[12.35271,66.37536],[12.35213,66.37496],[12.34499,66.37404],[12.34273,66.37287],[12.3468,66.37267],[12.34965,66.37336],[12.35165,66.37307],[12.35291,66.37354],[12.35648,66.37392],[12.35586,66.37334],[12.34746,66.37192],[12.35047,66.3699],[12.35303,66.3696],[12.35482,66.37003],[12.35643,66.37071],[12.35618,66.37185],[12.36089,66.37282],[12.36201,66.37234],[12.36172,66.37202],[12.36059,66.37156],[12.35751,66.37134],[12.35769,66.37084],[12.36418,66.37099],[12.36383,66.37014],[12.36476,66.36941],[12.3705,66.36921],[12.36802,66.36666],[12.36904,66.36602],[12.36642,66.36571],[12.3635,66.36653],[12.36163,66.36588],[12.36207,66.36431],[12.36373,66.36343],[12.36568,66.36339],[12.36439,66.36255],[12.3656,66.36054],[12.36388,66.358],[12.3574,66.35338],[12.35019,66.35187],[12.34876,66.35282],[12.35018,66.3549],[12.3499,66.35714]]]}}]}