{"type":"FeatureCollection","features":[{"type":"Feature","properties":{},"geometry":{"type":"MultiLineString","coordinates":[[[13.04558,66.07798],[13.04685,66.07817]],[[13.04685,66.07817],[13.04784,66.07818]],[[13.55689,66.93611],[13.55407,66.93618]],[[13.55761,66.93622],[13.55689,66.93611]],[[13.56093,66.15447],[13.55908,66.15376]],[[13.59453,66.17535],[13.59282,66.17384]],[[13.22423,66.18486],[13.22431,66.18483]],[[13.48291,66.19312],[13.48699,66.19446]],[[13.21445,66.21481],[13.20817,66.21195]],[[13.22251,66.21491],[13.2222,66.21484]],[[13.38027,66.21793],[13.38133,66.21739]],[[13.23133,66.21855],[13.23046,66.21833]],[[13.99541,66.25173],[13.9986,66.25185]],[[13.99858,66.25235],[13.99938,66.25208],[13.9986,66.25185]],[[13.57624,66.26342],[13.57618,66.26232],[13.57365,66.26117],[13.5732,66.26037],[13.57459,66.25897],[13.57401,66.25773]],[[13.17531,66.25969],[13.17389,66.2596],[13.17236,66.26052],[13.17289,66.26104],[13.17466,66.26103],[13.17566,66.26045],[13.17531,66.25969]],[[13.17352,66.26323],[13.17482,66.26338]],[[13.73093,66.29373],[13.73231,66.29366]],[[13.15415,66.26606],[13.16424,66.2696]],[[13.18494,66.2736],[13.18553,66.27552],[13.18815,66.27658],[13.19441,66.27824],[13.20463,66.28011]],[[13.77555,66.28926],[13.77424,66.28888]],[[13.63543,66.2874],[13.63403,66.28757],[13.63586,66.28817]],[[13.77337,66.28969],[13.77419,66.28996]],[[13.26557,66.52948],[13.26757,66.52953]],[[13.99299,66.30998],[13.99625,66.3108]],[[13.99625,66.3108],[13.99908,66.31097],[14.00715,66.30922]],[[13.51921,66.30776],[13.52436,66.30742]],[[13.20806,66.30531],[13.21579,66.30561]],[[13.26757,66.52953],[13.27108,66.52954]],[[13.11065,66.32267],[13.10815,66.32186],[13.1033,66.31833]],[[13.15197,66.33315],[13.15809,66.3312]],[[13.38356,66.33649],[13.38808,66.33524],[13.38798,66.33475],[13.38926,66.33431],[13.40218,66.33614],[13.40548,66.33611],[13.41306,66.33994]],[[13.09752,66.38335],[13.09833,66.384]],[[13.11638,66.38776],[13.11978,66.38883],[13.12293,66.39067]],[[13.12373,66.39128],[13.12293,66.39067]],[[13.12579,66.39326],[13.12373,66.39128]],[[13.1062,66.39416],[13.101,66.39296]],[[13.09179,66.49593],[13.08987,66.49501]],[[13.67274,66.51701],[13.67246,66.5185]],[[13.00627,66.51391],[13.0069,66.51419],[13.00557,66.51505]],[[13.20039,66.52085],[13.20713,66.51921]],[[13.31172,66.52999],[13.31228,66.52977]],[[13.30692,66.52994],[13.30792,66.53025],[13.31172,66.52999]],[[13.47266,66.54783],[13.4779,66.54763]],[[13.53559,66.55958],[13.53459,66.55982]],[[13.51996,66.56004],[13.5307,66.56016],[13.53459,66.55982]],[[13.40435,66.55989],[13.41681,66.56043],[13.42278,66.56198]],[[13.00113,66.56998],[13.0003,66.57119]],[[13.19712,66.57358],[13.19659,66.57336]],[[13.50162,66.57678],[13.50121,66.57771]],[[13.01371,66.57973],[13.01287,66.57947],[13.01169,66.57968],[13.01357,66.58082],[13.01563,66.58063],[13.01371,66.57973]],[[13.10831,66.58116],[13.10729,66.58095],[13.10578,66.58148],[13.10497,66.58235],[13.10857,66.58204],[13.10831,66.58116]],[[13.64528,66.61418],[13.6453,66.61386]],[[13.53344,66.59604],[13.53346,66.59576]],[[13.1014,66.59863],[13.10228,66.60014]],[[13.524,66.64726],[13.52643,66.64709]],[[13.02419,66.60397],[13.02374,66.60425]],[[13.09942,66.60449],[13.09984,66.60533],[13.09862,66.60635]],[[13.64531,66.61356],[13.6453,66.61386]],[[13.24343,66.61405],[13.24053,66.61344]],[[13.30603,66.6217],[13.30691,66.62232]],[[13.25897,66.62428],[13.26211,66.6242],[13.26506,66.62294]],[[13.3043,66.63509],[13.3051,66.6352]],[[13.20368,66.64883],[13.20315,66.64868]],[[13.36943,66.6652],[13.36915,66.6652]],[[13.07354,66.65695],[13.07291,66.65581],[13.06911,66.65592],[13.06956,66.65633],[13.0724,66.65668],[13.07222,66.657]],[[13.08249,66.66293],[13.08114,66.66195]],[[13.30119,66.67079],[13.30267,66.67072]],[[13.01769,66.66742],[13.01615,66.66744],[13.0162,66.66805],[13.01947,66.66876],[13.01952,66.66813],[13.01769,66.66742]],[[13.41219,66.69399],[13.40941,66.69348]],[[13.41219,66.69399],[13.41436,66.6939]],[[13.45057,66.68429],[13.45169,66.68412],[13.45312,66.68301]],[[13.0188,66.6785],[13.01699,66.67846],[13.01621,66.67898],[13.01784,66.67969],[13.0197,66.67973],[13.02028,66.67926],[13.0188,66.6785]],[[13.4018,66.68899],[13.40362,66.68945],[13.404,66.69019],[13.40941,66.69348]],[[13.07615,66.73912],[13.07486,66.73927],[13.07544,66.74034],[13.07719,66.74094],[13.07765,66.7405],[13.07615,66.73912]],[[13.52575,66.71161],[13.52672,66.70918]],[[13.63561,66.7126],[13.6399,66.71217]],[[13.68867,66.71305],[13.68501,66.71302]],[[13.52575,66.71161],[13.52645,66.71385]],[[13.21964,66.71798],[13.22057,66.71829]],[[13.52572,66.726],[13.52753,66.72483],[13.52847,66.72327],[13.52652,66.72029],[13.52723,66.71962],[13.52911,66.71916],[13.52645,66.71385]],[[13.86576,66.73057],[13.87415,66.73093],[13.88625,66.73264],[13.8965,66.7318],[13.89883,66.73098]],[[13.5245,66.73961],[13.52308,66.73949]],[[13.52491,66.7396],[13.5245,66.73961]],[[13.07119,66.73623],[13.07035,66.73698],[13.0711,66.73733]],[[13.07106,66.73792],[13.0711,66.73733]],[[13.07106,66.73792],[13.07025,66.73849],[13.07095,66.73936]],[[13.10508,66.73911],[13.10387,66.73911],[13.10363,66.73976],[13.10567,66.74079],[13.10645,66.74001],[13.10508,66.73911]],[[13.16259,66.74042],[13.16099,66.74049],[13.16137,66.74147],[13.16473,66.74171],[13.1648,66.74128],[13.16259,66.74042]],[[13.75002,66.75472],[13.7511,66.75486]],[[13.07216,66.74709],[13.07124,66.74723],[13.07176,66.74774],[13.07525,66.74855],[13.07532,66.74803],[13.07216,66.74709]],[[13.97649,66.79565],[13.98576,66.79527]],[[13.23786,66.79839],[13.23748,66.79751],[13.23654,66.79734],[13.2343,66.79779],[13.23491,66.79835]],[[13.21166,66.79809],[13.21166,66.79809]],[[13.33093,66.8375],[13.32927,66.83756],[13.32862,66.83821],[13.33067,66.83912],[13.33214,66.83788],[13.33093,66.8375]],[[13.70837,66.83875],[13.71651,66.84039]],[[13.43276,66.8453],[13.42946,66.845]],[[13.5173,66.84708],[13.51845,66.84693]],[[13.64904,66.89216],[13.64986,66.89402]],[[13.63219,66.90803],[13.63193,66.90717],[13.63787,66.90643],[13.63964,66.90583]],[[13.62899,66.90847],[13.63193,66.90828]],[[13.62899,66.90847],[13.62586,66.90847]],[[13.39817,66.92434],[13.39616,66.92411],[13.39575,66.92488],[13.39832,66.9255],[13.39932,66.92512],[13.39817,66.92434]],[[13.44888,66.9292],[13.44752,66.92946],[13.44944,66.93099],[13.45151,66.93107],[13.45151,66.93061],[13.44964,66.93013],[13.44888,66.9292]],[[13.51324,66.93281],[13.50726,66.93308]],[[13.52758,66.93594],[13.52817,66.9361]],[[13.54053,66.93978],[13.54723,66.93719],[13.55407,66.93618]],[[13.39842,66.93949],[13.39847,66.93876]],[[13.74123,66.94785],[13.74598,66.94918],[13.74941,66.94961]],[[13.62659,66.95115],[13.63142,66.95087],[13.63588,66.95014]],[[13.524,66.95445],[13.53211,66.95372],[13.53489,66.95378]],[[13.96572,66.98426],[13.96852,66.98564]],[[13.80194,66.96334],[13.8003,66.96681],[13.79716,66.96887]],[[13.97988,66.97956],[13.98101,66.98016],[13.9834,66.98042]],[[13.6073,66.29019],[13.61052,66.28896],[13.61445,66.28855]],[[13.24156,66.48552],[13.24487,66.48453],[13.24656,66.48522],[13.24755,66.48441]],[[13.26157,66.70891],[13.26058,66.70948],[13.26167,66.7098],[13.27137,66.70902]],[[13.7758,66.98183],[13.76915,66.98186],[13.76505,66.98283]],[[13.79103,66.98302],[13.78529,66.98206],[13.7758,66.98183]],[[13.84941,66.98346],[13.84253,66.98278],[13.84045,66.98339]],[[13.86502,66.98357],[13.86273,66.98308],[13.85761,66.98352]],[[12.99561,66.61601],[13.00222,66.6177],[13.00968,66.6183]],[[13.59692,66.18406],[13.59656,66.18307],[13.59919,66.17892],[13.59453,66.17535]],[[13.30572,66.24572],[13.31563,66.24988],[13.31739,66.25012],[13.32048,66.24989]],[[13.53944,66.30612],[13.52436,66.30742]],[[13.23884,66.67005],[13.24161,66.66992],[13.2422,66.66947],[13.24073,66.66911],[13.24125,66.66844]],[[13.14699,66.31637],[13.14486,66.31453],[13.1416,66.31309],[13.13623,66.31278]],[[12.99405,66.06075],[13.00373,66.06087],[13.00736,66.06242],[13.01185,66.06314]],[[12.99816,66.07174],[13.00729,66.07231],[13.01107,66.07313]],[[13.02449,66.0737],[13.03001,66.07431],[13.0357,66.07566],[13.04073,66.07624],[13.04477,66.07736]],[[13.02449,66.0737],[13.02082,66.07308],[13.02021,66.07388],[13.01889,66.07404],[13.01968,66.07462],[13.01915,66.07486],[13.01358,66.07408],[13.01107,66.07313]],[[13.05308,66.07547],[13.05192,66.07483],[13.04642,66.07405],[13.04292,66.07305],[13.04103,66.07186],[13.04383,66.07239],[13.04505,66.07241],[13.04525,66.07212],[13.04022,66.07124],[13.03524,66.06926],[13.03262,66.06886],[13.02952,66.06633],[13.02685,66.06632],[13.0185,66.06453],[13.01502,66.06335],[13.01185,66.06314]],[[13.04784,66.07818],[13.05438,66.07688]],[[13.54331,66.10659],[13.54403,66.1074],[13.54893,66.10813],[13.54924,66.10765],[13.54792,66.10651],[13.54787,66.10427],[13.54902,66.10356],[13.55116,66.10423]],[[13.55116,66.10423],[13.55461,66.10428],[13.55991,66.10554],[13.56067,66.10726],[13.56017,66.11145],[13.56136,66.11343]],[[13.53943,66.12848],[13.54134,66.12642],[13.54129,66.12488],[13.53826,66.12198],[13.54185,66.12078],[13.53911,66.1175],[13.53943,66.11351],[13.53831,66.11155],[13.5409,66.11036],[13.54111,66.10715],[13.5426,66.10646],[13.54331,66.10659]],[[13.57258,66.12879],[13.5719,66.12691],[13.5658,66.12386],[13.56419,66.12226],[13.56365,66.11935],[13.56206,66.11672],[13.56242,66.11471],[13.56136,66.11343]],[[13.81133,66.14471],[13.81095,66.14316],[13.81195,66.14174],[13.81686,66.13816],[13.81937,66.13756],[13.82303,66.13824],[13.82483,66.13791],[13.82571,66.1373],[13.82805,66.13843],[13.83123,66.14146]],[[13.83123,66.14146],[13.83135,66.14266],[13.83023,66.1439],[13.82184,66.14616],[13.82383,66.14759],[13.82577,66.15019],[13.83206,66.1532],[13.83473,66.15354],[13.83697,66.1551],[13.83782,66.15484],[13.8365,66.15327],[13.84094,66.15225]],[[13.84238,66.15525],[13.84426,66.15275]],[[13.53943,66.12848],[13.5398,66.13585],[13.54798,66.14171],[13.54821,66.14446],[13.55104,66.14648],[13.55263,66.14932],[13.55908,66.15376]],[[13.84238,66.15525],[13.84024,66.15613]],[[13.79537,66.15884],[13.80092,66.15895],[13.80143,66.15687],[13.80917,66.15523],[13.80854,66.15418],[13.80415,66.15198],[13.81194,66.14576],[13.81133,66.14471]],[[12.96189,66.14376],[13.0019,66.14721],[13.00205,66.14759],[12.99798,66.14767]],[[12.9771,66.14753],[13.00371,66.15089],[13.0049,66.15179]],[[13.09513,66.15294],[13.0868,66.15358]],[[13.64369,66.21227],[13.64605,66.2124],[13.64965,66.2133]],[[13.78048,66.16009],[13.7833,66.16119],[13.7869,66.16142],[13.79835,66.1637],[13.79958,66.16366],[13.80342,66.16524],[13.80633,66.16559],[13.80774,66.16541],[13.80707,66.16507],[13.80454,66.16492],[13.80399,66.16416],[13.80047,66.16306],[13.79317,66.16192]],[[13.57258,66.12879],[13.57329,66.13095],[13.57915,66.13536],[13.58159,66.13647],[13.58449,66.13661],[13.58611,66.1371],[13.5892,66.13881],[13.59146,66.13935],[13.59314,66.14224],[13.59789,66.1474],[13.5994,66.14822],[13.60316,66.14896],[13.60962,66.14963],[13.61175,66.15083],[13.61294,66.15234],[13.61953,66.15536],[13.62348,66.15637],[13.62654,66.15594],[13.63554,66.1582],[13.64173,66.16016],[13.64333,66.16163],[13.64895,66.16282],[13.6495,66.16357],[13.65315,66.16295],[13.65972,66.16099],[13.66953,66.16131]],[[13.0049,66.15179],[13.01168,66.15316],[13.02634,66.15496],[13.03379,66.15477],[13.05552,66.15674],[13.06098,66.15674],[13.06426,66.15744],[13.07292,66.15795],[13.07372,66.15765],[13.07353,66.15535],[13.06976,66.15397],[13.07068,66.15249],[13.06548,66.15192],[13.0632,66.15127],[13.06644,66.15032],[13.06627,66.14879],[13.06717,66.14794],[13.06979,66.14717],[13.07542,66.1467],[13.07572,66.14622],[13.07322,66.14477],[13.07367,66.14193],[13.0755,66.14121],[13.08348,66.14279],[13.0894,66.14481],[13.09182,66.14752],[13.09164,66.14869],[13.08989,66.15035],[13.09531,66.15198],[13.0958,66.15239],[13.09513,66.15294]],[[13.57947,66.16793],[13.58113,66.16696],[13.57884,66.1637],[13.57126,66.15905],[13.56401,66.15705],[13.5638,66.15527],[13.56093,66.15447]],[[13.12339,66.16887],[13.11463,66.16703]],[[13.66953,66.16131],[13.67385,66.16099],[13.67915,66.16155],[13.68009,66.16048],[13.68147,66.16],[13.68684,66.1596],[13.68961,66.15901],[13.69385,66.15898],[13.70034,66.16021],[13.70541,66.16166],[13.71007,66.16164],[13.72049,66.16429],[13.72568,66.16496],[13.72843,66.16601],[13.73289,66.16656],[13.73448,66.16755],[13.73487,66.16902],[13.7372,66.16996],[13.73999,66.17017],[13.74215,66.16916],[13.74476,66.16923],[13.74599,66.17073],[13.74933,66.17256],[13.7517,66.17325],[13.75565,66.17331],[13.75823,66.17262],[13.75855,66.17016],[13.76121,66.16963],[13.76301,66.16745],[13.76474,66.16684],[13.76795,66.16693],[13.7713,66.1659],[13.77392,66.16364],[13.7753,66.16142],[13.77662,66.16079],[13.78048,66.16009]],[[13.19971,66.66824],[13.20255,66.66912],[13.20193,66.66964],[13.19986,66.66964]],[[13.0868,66.15358],[13.07835,66.15284],[13.08026,66.15415],[13.08059,66.1552],[13.08666,66.15623],[13.09505,66.1584],[13.09355,66.15875],[13.08875,66.1584],[13.0905,66.1602],[13.09629,66.16154],[13.09659,66.16221],[13.10379,66.16329],[13.10503,66.16417],[13.11268,66.16517],[13.11164,66.16614],[13.11463,66.16703]],[[13.64986,66.89402],[13.6459,66.90204],[13.63964,66.90583]],[[13.81102,66.17567],[13.81766,66.17358],[13.82139,66.17286],[13.8229,66.17203],[13.82336,66.17084],[13.82906,66.16858],[13.83364,66.16612],[13.83869,66.16504],[13.84064,66.16383],[13.84281,66.16335],[13.84206,66.16204],[13.83985,66.16117],[13.83745,66.15892],[13.83837,66.15643],[13.84024,66.15613]],[[13.59282,66.17384],[13.59074,66.17242],[13.58328,66.17132],[13.5799,66.17027],[13.57847,66.16912],[13.57947,66.16793]],[[13.54791,66.90058],[13.55918,66.90313],[13.56568,66.90574]],[[13.12339,66.16887],[13.15619,66.17342],[13.15988,66.17415],[13.16094,66.17523],[13.16261,66.17519],[13.16634,66.17618]],[[13.79519,66.18341],[13.79732,66.18202],[13.79653,66.1796],[13.79945,66.1779],[13.80188,66.17705],[13.81102,66.17567]],[[13.05772,66.17657],[13.06225,66.17719]],[[13.16634,66.17618],[13.17566,66.17862]],[[13.77924,66.18586],[13.78883,66.1852],[13.7935,66.18356],[13.79519,66.18341]],[[13.77924,66.18586],[13.77222,66.18662]],[[13.17566,66.17862],[13.18251,66.18034],[13.18785,66.18111],[13.19222,66.1816],[13.19405,66.18104],[13.19847,66.18132],[13.20178,66.18311],[13.20577,66.18373],[13.20236,66.18133],[13.20251,66.17922],[13.21979,66.18605],[13.22113,66.18625],[13.22423,66.18486]],[[13.0246,66.18396],[13.0246,66.18473],[13.0213,66.18572],[13.0183,66.1853]],[[13.05772,66.17657],[13.05585,66.17578],[13.05279,66.17535],[13.04333,66.17511],[13.03662,66.17431],[13.02844,66.17606],[13.02548,66.17587],[13.02578,66.1768],[13.0228,66.17769],[13.02373,66.17855],[13.02332,66.17979],[13.02158,66.17999],[13.01945,66.17889],[13.01789,66.17904],[13.01938,66.18115],[13.02025,66.1814],[13.02228,66.18108],[13.02347,66.18178]],[[13.22431,66.18483],[13.2261,66.18477]],[[13.0246,66.18396],[13.02347,66.18178]],[[13.61767,66.17961],[13.61501,66.17923],[13.61366,66.17943],[13.61487,66.18195],[13.61405,66.18295],[13.61499,66.18424],[13.61269,66.18588],[13.61798,66.19099]],[[13.66794,66.19171],[13.67153,66.18784],[13.67137,66.18601],[13.67591,66.1789],[13.67821,66.17749],[13.68305,66.17607],[13.68856,66.17635],[13.69364,66.17864],[13.70188,66.17795],[13.71198,66.17904],[13.71405,66.17977],[13.71526,66.1813],[13.71825,66.18322],[13.72213,66.18435],[13.72721,66.18423],[13.73023,66.18284],[13.7323,66.18422],[13.73644,66.18479],[13.74075,66.18617],[13.74391,66.18605],[13.74704,66.18524],[13.74868,66.18678],[13.75568,66.18736],[13.7593,66.18809],[13.76488,66.18752],[13.76703,66.18763],[13.77222,66.18662]],[[13.61767,66.17961],[13.62057,66.18005],[13.62591,66.18246],[13.62891,66.18212],[13.63191,66.18337],[13.63445,66.18284],[13.63553,66.18166],[13.63718,66.18187],[13.64059,66.18356],[13.64284,66.18385],[13.64354,66.1854],[13.64222,66.1867],[13.64321,66.18706],[13.6457,66.18656],[13.64781,66.1867],[13.65097,66.18828],[13.65212,66.18841],[13.65388,66.18826],[13.65546,66.18685],[13.65664,66.18683],[13.65946,66.1884],[13.66051,66.19069],[13.66236,66.19156],[13.66322,66.19326],[13.66794,66.19171]],[[13.10416,66.18882],[13.09987,66.18772],[13.09732,66.18643],[13.09368,66.18605],[13.09024,66.18473],[13.08305,66.18347],[13.07908,66.18173],[13.06887,66.17865],[13.06225,66.17719]],[[13.10416,66.18882],[13.11299,66.18905]],[[13.48699,66.19446],[13.49113,66.19502],[13.49948,66.19506]],[[13.0183,66.1853],[13.0161,66.18363],[13.01388,66.1834],[13.01438,66.18546],[13.01615,66.18639],[13.01345,66.18725],[13.01392,66.19003]],[[13.55658,66.19759],[13.5472,66.19694],[13.54223,66.19407],[13.53825,66.1946],[13.53565,66.19445],[13.52413,66.19254],[13.52172,66.19297],[13.51641,66.19264],[13.51198,66.19142],[13.50846,66.19098],[13.50588,66.19113],[13.50013,66.19295],[13.49594,66.19329],[13.48944,66.19235],[13.48694,66.19229],[13.48544,66.19283],[13.48359,66.19244]],[[13.01392,66.19003],[13.01513,66.19158],[13.01001,66.18976],[13.00648,66.18993],[13.00785,66.19066],[13.00615,66.19091],[13.01013,66.19297]],[[13.15822,66.19541],[13.15627,66.19433],[13.14892,66.19377],[13.14316,66.19222],[13.13904,66.1918],[13.13526,66.19191],[13.13005,66.19054],[13.1259,66.19054],[13.11299,66.18905]],[[13.55658,66.19759],[13.5592,66.19838],[13.56043,66.20029],[13.56251,66.20035],[13.56667,66.19952],[13.56908,66.20059],[13.57434,66.19996],[13.57667,66.20063],[13.57881,66.19893],[13.58183,66.19966],[13.58447,66.19865],[13.58916,66.19775],[13.60072,66.20053],[13.60363,66.20059],[13.60929,66.20165],[13.6095,66.20056],[13.60685,66.19933],[13.6062,66.19675],[13.6018,66.19327],[13.60117,66.19177],[13.60214,66.19095],[13.60092,66.18759],[13.59692,66.18406]],[[13.61158,66.20403],[13.61401,66.20362],[13.61179,66.20289],[13.61006,66.20363],[13.61057,66.20427],[13.61158,66.20403]],[[13.77893,66.19228],[13.76723,66.19313],[13.76566,66.19355],[13.77161,66.19988],[13.7719,66.20121],[13.76943,66.20311],[13.77505,66.20631],[13.77812,66.20889]],[[13.49948,66.19506],[13.51029,66.19407],[13.5166,66.19598],[13.52018,66.19623],[13.52311,66.19598],[13.52712,66.19755],[13.53031,66.20038],[13.53484,66.20185],[13.53718,66.20423],[13.54005,66.20594],[13.54921,66.20773],[13.55599,66.20794]],[[13.01013,66.19297],[13.01181,66.19532],[13.00967,66.19728],[13.00764,66.19744],[13.00762,66.19992],[13.00848,66.20074],[13.01736,66.20059],[13.01994,66.20217],[13.01976,66.20283],[13.02405,66.20374],[13.02778,66.20312],[13.02719,66.20234],[13.02987,66.2015],[13.03347,66.20159],[13.03513,66.20269]],[[13.19948,66.20602],[13.19354,66.20285],[13.18732,66.20095],[13.17524,66.19834],[13.16286,66.19655],[13.15822,66.19541]],[[13.03513,66.20269],[13.03682,66.20444],[13.03862,66.20408],[13.03948,66.20449]],[[13.64965,66.2133],[13.65111,66.21261],[13.64989,66.21105],[13.65363,66.20965],[13.65367,66.20916],[13.65229,66.20857],[13.64285,66.20772],[13.64152,66.20598],[13.64295,66.20506],[13.64287,66.20444],[13.6369,66.20232],[13.63559,66.20099],[13.63117,66.20007],[13.62315,66.19542],[13.61998,66.1948],[13.61798,66.19099]],[[13.05302,66.21287],[13.05045,66.21142],[13.05122,66.20998],[13.05048,66.20922],[13.04831,66.20894],[13.03959,66.20625],[13.03918,66.20541],[13.04006,66.20488],[13.03948,66.20449]],[[13.22169,66.2149],[13.2222,66.21484]],[[13.06111,66.21561],[13.06367,66.21698],[13.06642,66.21776]],[[13.56924,66.90562],[13.56568,66.90574]],[[13.20817,66.21195],[13.20738,66.2107],[13.2053,66.20999],[13.19948,66.20602]],[[13.28395,66.2156],[13.28318,66.21468],[13.27862,66.21383],[13.27304,66.21193],[13.25841,66.20838],[13.25727,66.2071],[13.24861,66.20443],[13.24324,66.20158],[13.23642,66.19924],[13.23236,66.1962],[13.23231,66.19536],[13.23402,66.1939],[13.23773,66.19356],[13.24108,66.19223],[13.24006,66.19112],[13.2432,66.18939],[13.24048,66.18806],[13.23832,66.18862],[13.23094,66.18884],[13.22977,66.18805],[13.23165,66.18678],[13.23087,66.18568],[13.2261,66.18477]],[[13.09593,66.25828],[13.10761,66.26097]],[[13.58493,66.21864],[13.58633,66.21713],[13.58484,66.21659],[13.58316,66.21497],[13.58104,66.21122],[13.58041,66.21072],[13.57897,66.21055],[13.57753,66.20901],[13.57488,66.20775],[13.5735,66.20753],[13.57153,66.20804],[13.57095,66.20845],[13.57192,66.20919],[13.56943,66.20993],[13.56343,66.20851],[13.55599,66.20794]],[[13.64076,66.21914],[13.63435,66.2164],[13.63237,66.21507],[13.62965,66.21487],[13.63078,66.21346],[13.6284,66.21254],[13.62972,66.21181],[13.63497,66.21179],[13.6406,66.21251],[13.64369,66.21227]],[[13.80311,66.22048],[13.80177,66.21791],[13.79427,66.21523],[13.78968,66.21196],[13.78416,66.21002],[13.77812,66.20889]],[[13.84102,66.22076],[13.83259,66.21778],[13.82086,66.21532],[13.81786,66.21433],[13.81371,66.21389],[13.80875,66.21135],[13.80083,66.20957],[13.79823,66.20819],[13.79295,66.20639],[13.7908,66.205],[13.78806,66.20405],[13.78772,66.20293],[13.78917,66.20047],[13.78853,66.19968],[13.78485,66.19725],[13.78239,66.19666],[13.78487,66.19498],[13.7887,66.19424],[13.78917,66.19287],[13.7884,66.19136],[13.78687,66.19075],[13.78336,66.19185],[13.77893,66.19228]],[[13.21445,66.21481],[13.21856,66.21634],[13.22035,66.21618],[13.22169,66.2149]],[[13.05302,66.21287],[13.05828,66.21542],[13.06111,66.21561]],[[13.38216,66.21761],[13.38246,66.21922],[13.3938,66.21947]],[[13.64076,66.21914],[13.64187,66.22],[13.64105,66.22112],[13.63906,66.22237],[13.63693,66.22215]],[[13.22251,66.21491],[13.22567,66.2161],[13.22845,66.21781],[13.23046,66.21833]],[[13.37096,66.22059],[13.37715,66.21995],[13.38027,66.21793]],[[13.06642,66.21776],[13.06958,66.21863],[13.07453,66.21925]],[[13.63693,66.22215],[13.62459,66.22271],[13.61994,66.22232],[13.61704,66.22288],[13.6131,66.22252],[13.61242,66.2231],[13.60787,66.22378],[13.60504,66.22347],[13.59995,66.22412],[13.59886,66.22502],[13.60009,66.22563],[13.60966,66.22793]],[[13.3938,66.21947],[13.39814,66.22135],[13.40529,66.22211],[13.41499,66.22464],[13.42023,66.22528],[13.42253,66.22624],[13.42594,66.22579],[13.42827,66.2267],[13.43139,66.22728],[13.44368,66.22761]],[[13.28395,66.2156],[13.28526,66.21681],[13.29532,66.2195],[13.29666,66.22041],[13.29613,66.22112],[13.29773,66.22172],[13.30572,66.22248],[13.31231,66.22456],[13.32025,66.22568],[13.32517,66.22709],[13.33055,66.22666],[13.33252,66.22728]],[[13.33252,66.22728],[13.33359,66.22761],[13.33581,66.22716],[13.34687,66.22773],[13.35186,66.22693],[13.35522,66.22732],[13.36217,66.22395],[13.37096,66.22059]],[[13.84102,66.22076],[13.84195,66.22128],[13.84786,66.2221],[13.85265,66.22375],[13.85416,66.22459],[13.8555,66.22798],[13.8566,66.22858],[13.86325,66.22968],[13.8683,66.22965],[13.87363,66.23075],[13.883,66.23138],[13.88325,66.23193],[13.88698,66.23244],[13.88676,66.23285],[13.88501,66.23284],[13.8849,66.23317],[13.88813,66.23346]],[[13.66576,66.23304],[13.66879,66.23215],[13.66802,66.23018],[13.66596,66.22918]],[[13.60966,66.22793],[13.62401,66.23192],[13.63171,66.23275]],[[13.63171,66.23275],[13.63955,66.2323]],[[13.07453,66.21925],[13.0772,66.22025],[13.08288,66.22363],[13.08862,66.2254],[13.09166,66.22775]],[[13.63955,66.2323],[13.64361,66.23406],[13.64484,66.23416],[13.64881,66.22916],[13.65023,66.22889],[13.65397,66.23016],[13.65601,66.22901],[13.65696,66.22769],[13.65813,66.22739],[13.66173,66.22726],[13.66596,66.22918]],[[13.66576,66.23304],[13.66481,66.23348],[13.66568,66.2344]],[[13.33228,66.23088],[13.32745,66.23181],[13.33216,66.23268]],[[13.55438,66.23614],[13.5616,66.23411],[13.566,66.2341],[13.57862,66.23539],[13.58144,66.23468],[13.58279,66.23374],[13.58133,66.2327],[13.57018,66.23004],[13.57827,66.23076],[13.58095,66.23049],[13.58082,66.22924],[13.57876,66.22828],[13.57818,66.22745],[13.58038,66.22671],[13.57993,66.22266],[13.58288,66.21966],[13.58493,66.21864]],[[13.33216,66.23268],[13.33528,66.23412],[13.3414,66.23478],[13.34626,66.23475],[13.34777,66.23333],[13.34639,66.23241],[13.33348,66.23134],[13.33228,66.23088]],[[13.09166,66.22775],[13.1,66.23248]],[[13.81407,66.23868],[13.81216,66.23884],[13.81133,66.23946],[13.81228,66.24039],[13.81485,66.24001],[13.81407,66.23868]],[[13.93353,66.24026],[13.9296,66.23932],[13.92719,66.23969],[13.93122,66.24098],[13.93373,66.2413],[13.93353,66.24026]],[[13.13845,66.24546],[13.13284,66.24312],[13.12965,66.24257]],[[13.44368,66.22761],[13.44998,66.22806],[13.45544,66.22956],[13.4644,66.22984],[13.46804,66.23039],[13.47334,66.2306],[13.4785,66.23019],[13.48323,66.23042],[13.49709,66.23015],[13.50342,66.23072],[13.50622,66.23144],[13.51235,66.23442],[13.51173,66.23597],[13.51476,66.2375],[13.51764,66.24023],[13.52042,66.2414],[13.52472,66.24209],[13.53873,66.24059],[13.54682,66.23865],[13.54881,66.23755],[13.55438,66.23614]],[[13.1,66.23248],[13.10139,66.23574],[13.10518,66.23728],[13.10932,66.23813]],[[13.77638,66.24486],[13.78703,66.24227],[13.79144,66.24284],[13.79828,66.24189],[13.80351,66.2395],[13.80449,66.23826],[13.81476,66.23553],[13.81603,66.23545],[13.81814,66.23613],[13.82054,66.23749],[13.82153,66.23732],[13.82263,66.2358],[13.8206,66.23461],[13.8216,66.23339],[13.82097,66.23092],[13.81098,66.22584],[13.80537,66.22414],[13.8061,66.22326],[13.80311,66.22048]],[[13.37783,66.24018],[13.37838,66.23899],[13.38103,66.23762],[13.38479,66.2371],[13.3902,66.23692],[13.39757,66.23831],[13.40121,66.23863],[13.40702,66.23849],[13.41003,66.23917],[13.41736,66.2391],[13.43123,66.24172],[13.44273,66.24308]],[[13.99154,66.25107],[13.99541,66.25173]],[[13.66568,66.2344],[13.66965,66.23496],[13.67394,66.23435],[13.67891,66.23531],[13.68422,66.23692],[13.68478,66.23792],[13.68857,66.24011],[13.69141,66.24084],[13.69368,66.24019],[13.69735,66.23991],[13.7023,66.24052],[13.70327,66.24129],[13.70216,66.24193],[13.70441,66.24212],[13.70549,66.24188],[13.70375,66.24132],[13.70493,66.24026],[13.70992,66.23967],[13.71419,66.24013],[13.71827,66.24251],[13.72169,66.24328],[13.72483,66.24279],[13.72857,66.24313],[13.73048,66.24403],[13.7367,66.24307],[13.74319,66.24285],[13.74563,66.24461],[13.74574,66.24519],[13.74382,66.24569],[13.74489,66.24616],[13.74964,66.2455],[13.74992,66.24427],[13.75172,66.24363],[13.75846,66.24417],[13.76225,66.24521],[13.76637,66.24534],[13.77638,66.24486]],[[13.10932,66.23813],[13.11377,66.23937],[13.12018,66.23987],[13.1229,66.24192],[13.12965,66.24257]],[[13.88813,66.23346],[13.89342,66.23352],[13.89998,66.23566],[13.90795,66.23636],[13.91021,66.23628],[13.91069,66.23563],[13.91251,66.23526],[13.91241,66.2341],[13.91565,66.23485],[13.91837,66.23487],[13.92341,66.23572],[13.927,66.2356],[13.92989,66.23756],[13.93404,66.23912],[13.94003,66.23961],[13.94323,66.24046],[13.94808,66.24113],[13.95716,66.24737],[13.95942,66.24799],[13.9605,66.24819],[13.96076,66.24778],[13.96198,66.24767],[13.96589,66.2479],[13.97207,66.24889],[13.97591,66.25028],[13.97521,66.24899],[13.97924,66.24812],[13.98116,66.24815],[13.98494,66.24879],[13.99154,66.25107]],[[13.23133,66.21855],[13.23356,66.21888],[13.23683,66.21818],[13.23882,66.21817],[13.25205,66.22218],[13.25362,66.22357],[13.25715,66.22523],[13.25841,66.22698],[13.26398,66.23088],[13.26913,66.2324],[13.26987,66.23429],[13.28362,66.23824],[13.28991,66.23826],[13.29596,66.23998],[13.30409,66.24313],[13.30572,66.24572]],[[13.46901,66.24825],[13.46303,66.24596],[13.45653,66.24531],[13.44273,66.24308]],[[13.36375,66.24833],[13.36693,66.24596],[13.36871,66.24546],[13.36955,66.24393],[13.37136,66.24271],[13.37783,66.24018]],[[13.59076,66.25094],[13.59259,66.25044],[13.59425,66.2482],[13.60165,66.24716],[13.60367,66.24654],[13.60856,66.24305],[13.61567,66.24117],[13.61924,66.24089],[13.63171,66.24191],[13.64019,66.24378],[13.64482,66.2432],[13.64797,66.24345],[13.65436,66.24565],[13.6574,66.24601],[13.66495,66.24835]],[[13.13062,66.24547],[13.12905,66.24543],[13.12875,66.24592],[13.13538,66.24756],[13.13352,66.24629],[13.13062,66.24547]],[[13.32048,66.24989],[13.32457,66.24922],[13.33103,66.24978]],[[13.33103,66.24978],[13.33756,66.25038],[13.35445,66.24992],[13.3605,66.24833],[13.36375,66.24833]],[[13.05967,66.24834],[13.05128,66.2458],[13.04637,66.24337],[13.04151,66.24243],[13.03627,66.24036],[13.0342,66.23988],[13.03076,66.2398],[13.0221,66.23798],[13.00618,66.23372],[12.99854,66.23225]],[[13.59076,66.25094],[13.57434,66.25279],[13.57253,66.25361],[13.57208,66.25484],[13.57401,66.25773]],[[13.06836,66.25096],[13.05967,66.24834]],[[13.75293,66.25727],[13.74998,66.25697],[13.74787,66.25746],[13.75023,66.25828],[13.75722,66.25915],[13.75842,66.25896],[13.75732,66.25807],[13.75293,66.25727]],[[13.13845,66.24546],[13.13992,66.24685],[13.13663,66.24844],[13.13675,66.24929],[13.14206,66.24964],[13.14903,66.24929],[13.1525,66.25033],[13.15677,66.25285],[13.15939,66.25358]],[[13.13626,66.25607],[13.1353,66.25579],[13.13571,66.25511],[13.13467,66.25445],[13.13189,66.25393],[13.13089,66.25238],[13.1265,66.24967],[13.11863,66.24869],[13.11253,66.24938],[13.11131,66.24987],[13.11151,66.25024],[13.11448,66.25057],[13.12146,66.25259],[13.12273,66.25381],[13.12247,66.25475],[13.12511,66.25576],[13.12581,66.25563],[13.12469,66.25479],[13.12511,66.25452],[13.13426,66.25648],[13.13676,66.25816]],[[13.06836,66.25096],[13.07694,66.25322],[13.07999,66.2532],[13.0831,66.25383],[13.08998,66.25603],[13.09323,66.25774],[13.09593,66.25828]],[[13.13676,66.25816],[13.13695,66.25878]],[[13.15177,66.25895],[13.14695,66.25684],[13.1438,66.25779],[13.14089,66.25781],[13.14027,66.25651],[13.14138,66.25617],[13.14003,66.25551],[13.13626,66.25607]],[[13.17539,66.25923],[13.17143,66.25788],[13.1691,66.25753],[13.16606,66.25582],[13.16302,66.25515],[13.15939,66.25358]],[[13.52822,66.26298],[13.52377,66.26176],[13.52093,66.26193],[13.51762,66.26139],[13.50985,66.25805],[13.49905,66.2569],[13.4927,66.25664],[13.48099,66.25379],[13.47436,66.25186],[13.46901,66.24825]],[[13.72768,66.26474],[13.72923,66.26279],[13.73083,66.26198],[13.73428,66.26156],[13.7335,66.25992],[13.73588,66.25748],[13.73488,66.25683],[13.73121,66.25638],[13.73148,66.257],[13.73025,66.25737],[13.72362,66.2578],[13.71466,66.25664],[13.71294,66.25536],[13.7091,66.25463],[13.70214,66.25444],[13.69187,66.25464],[13.69049,66.25495],[13.67979,66.25158],[13.67243,66.25058],[13.66495,66.24835]],[[13.76258,66.26502],[13.75823,66.26213],[13.7559,66.26147],[13.75393,66.26018],[13.74272,66.25704],[13.7373,66.25763],[13.73673,66.258],[13.74123,66.26025],[13.74123,66.2616],[13.73582,66.26327],[13.73172,66.26403],[13.73133,66.26477]],[[13.9725,66.26655],[13.96976,66.26398],[13.96965,66.26262],[13.96851,66.26161],[13.97188,66.25802],[13.97155,66.25703],[13.97067,66.25678],[13.96858,66.25703],[13.96568,66.25615],[13.9619,66.25404],[13.96336,66.2538],[13.96647,66.25414],[13.97192,66.25596],[13.97259,66.25551],[13.97072,66.25471],[13.97104,66.25379],[13.97581,66.254],[13.97661,66.2533],[13.97934,66.25277],[13.98033,66.25148],[13.98178,66.25088],[13.9854,66.2503],[13.98968,66.25164],[13.99545,66.25263],[13.99858,66.25235]],[[13.13695,66.25878],[13.13691,66.25917]],[[13.52822,66.26298],[13.5332,66.26415],[13.53313,66.26447]],[[13.17539,66.26309],[13.17114,66.26192],[13.17629,66.26233],[13.17603,66.26097],[13.17754,66.26073],[13.17539,66.25923]],[[13.54004,66.26709],[13.53779,66.26588],[13.53313,66.26447]],[[13.15177,66.25895],[13.15538,66.26039],[13.1584,66.25979],[13.16086,66.26233],[13.16336,66.26235],[13.16347,66.26129],[13.16514,66.26066],[13.16524,66.26017],[13.1662,66.26017],[13.1703,66.26229],[13.17352,66.26323]],[[13.76258,66.26502],[13.76323,66.26646],[13.76513,66.26763],[13.76949,66.26885],[13.77148,66.26889],[13.77511,66.27113]],[[13.54004,66.26709],[13.54397,66.2687],[13.54707,66.26882],[13.55244,66.2699]],[[13.88641,66.2724],[13.89424,66.27274],[13.89561,66.27224]],[[13.12084,66.26555],[13.10761,66.26097]],[[13.13691,66.25917],[13.13781,66.26032],[13.14303,66.26263],[13.15249,66.26513],[13.15415,66.26606]],[[13.9725,66.26655],[13.97923,66.27066],[13.98382,66.27265],[13.98836,66.27275],[13.99077,66.27321],[13.9941,66.27454],[13.99771,66.27409]],[[13.90581,66.27555],[13.90509,66.27367],[13.90601,66.27184],[13.90493,66.27136],[13.90102,66.27021],[13.89648,66.27017],[13.8948,66.27096],[13.8964,66.27171],[13.89561,66.27224]],[[13.77511,66.27113],[13.77622,66.27206],[13.77806,66.27217],[13.77965,66.27151],[13.78172,66.26891],[13.78582,66.26849],[13.79208,66.26996],[13.79949,66.27312],[13.80864,66.27456],[13.81669,66.27509],[13.81835,66.27655],[13.82394,66.27392],[13.83516,66.27345],[13.84072,66.27402],[13.85042,66.27398],[13.87163,66.27649],[13.87968,66.27462],[13.88039,66.27313],[13.88227,66.27195],[13.88641,66.2724]],[[13.1797,66.27122],[13.17852,66.2702],[13.17956,66.26935],[13.18172,66.26906],[13.18446,66.26949],[13.18479,66.27052],[13.18624,66.27102],[13.18494,66.2736]],[[13.16424,66.2696],[13.17769,66.27381],[13.18183,66.27454],[13.18325,66.27322],[13.1797,66.27122]],[[12.99769,66.27239],[13.00208,66.27333],[13.00343,66.274]],[[13.6178,66.28204],[13.61399,66.28095],[13.61366,66.28013],[13.61173,66.27912],[13.60626,66.27747],[13.60072,66.27409],[13.59723,66.2735],[13.5905,66.27145],[13.58372,66.26704],[13.57692,66.26415],[13.57624,66.26342]],[[13.56486,66.28862],[13.56452,66.28911]],[[13.72768,66.26474],[13.72764,66.26508],[13.72939,66.26534],[13.72869,66.26641],[13.72698,66.26764],[13.72337,66.26851],[13.72288,66.26914],[13.72504,66.2713],[13.72468,66.27318],[13.72579,66.27332],[13.72708,66.27434],[13.72971,66.27468],[13.73852,66.27441],[13.74006,66.27409],[13.7463,66.27463],[13.74803,66.27441],[13.75346,66.27563],[13.75768,66.27736],[13.75798,66.2785],[13.7532,66.28011],[13.75448,66.28191],[13.75323,66.28494]],[[13.99771,66.27409],[14.00405,66.27375]],[[13.20463,66.28011],[13.21741,66.28276]],[[13.75121,66.28996],[13.75117,66.29044],[13.7475,66.29055],[13.74488,66.29021],[13.73514,66.29085],[13.73211,66.29206],[13.73148,66.29286],[13.73211,66.29303],[13.73093,66.29373]],[[13.73133,66.26477],[13.7317,66.26564],[13.73542,66.26588],[13.74029,66.267],[13.74346,66.27036],[13.74888,66.27164],[13.75064,66.27271],[13.76332,66.27437],[13.77172,66.27447],[13.77319,66.27636],[13.77105,66.27953],[13.77064,66.28665],[13.77148,66.28826],[13.77424,66.28888]],[[13.63033,66.28771],[13.63275,66.28743],[13.6178,66.28204]],[[13.63586,66.28817],[13.63913,66.28852],[13.63967,66.28829],[13.63543,66.2874]],[[13.63033,66.28771],[13.61445,66.28855]],[[13.75121,66.28996],[13.75201,66.28889],[13.75493,66.2872],[13.75362,66.28656],[13.75323,66.28494]],[[13.56486,66.28862],[13.57064,66.28544],[13.56915,66.28396],[13.56959,66.28103],[13.56819,66.28052],[13.56609,66.28053],[13.56282,66.27949],[13.56243,66.27788],[13.5599,66.27671],[13.55894,66.27538],[13.55872,66.27168],[13.55627,66.27056],[13.55244,66.2699]],[[13.56452,66.28911],[13.5667,66.29032],[13.57156,66.29081],[13.58036,66.2895],[13.588,66.29009],[13.59409,66.28991],[13.60303,66.29067],[13.6073,66.29019]],[[13.78425,66.29289],[13.78239,66.2915],[13.77818,66.29047],[13.77555,66.28926]],[[13.77419,66.28996],[13.78338,66.29346]],[[13.10558,66.28802],[13.11359,66.28799],[13.12175,66.28726],[13.14244,66.28709],[13.14481,66.2855],[13.14953,66.28504],[13.15072,66.28459],[13.16801,66.28547],[13.16883,66.28501],[13.16564,66.28437],[13.16747,66.28397],[13.17504,66.28522],[13.17604,66.28423],[13.17494,66.28365],[13.17539,66.28342],[13.18257,66.28446],[13.1637,66.27948],[13.14449,66.27336],[13.14202,66.27297],[13.13683,66.27085],[13.13569,66.27108],[13.13309,66.2708],[13.12927,66.26916],[13.12756,66.26774],[13.12084,66.26555]],[[13.00343,66.274],[13.00615,66.27586],[13.01223,66.27854],[13.01735,66.27968],[13.01861,66.27957],[13.01917,66.279],[13.01835,66.27842],[13.01949,66.27807],[13.023,66.27808],[13.02408,66.27758],[13.02732,66.27729],[13.0323,66.27734],[13.03578,66.27854],[13.04437,66.28029],[13.0513,66.28271],[13.06029,66.2839],[13.07083,66.28619],[13.07389,66.28654],[13.07763,66.2864],[13.0922,66.28805],[13.10558,66.28802]],[[13.73231,66.29366],[13.73407,66.29281],[13.73531,66.29301],[13.73627,66.29348],[13.73534,66.29474],[13.73587,66.29502],[13.74542,66.29354],[13.76257,66.29326],[13.76738,66.29256],[13.76738,66.28933],[13.77049,66.28906],[13.77337,66.28969]],[[13.90581,66.27555],[13.90796,66.27576],[13.91069,66.27754],[13.90954,66.27946],[13.91047,66.28204],[13.90956,66.28468],[13.9115,66.28864],[13.91542,66.29086],[13.92086,66.2957],[13.93589,66.30228]],[[13.93589,66.30228],[13.93701,66.30297]],[[13.21741,66.28276],[13.23335,66.28498],[13.23672,66.2842],[13.2396,66.28458],[13.24701,66.28459],[13.24786,66.28422],[13.24728,66.28369],[13.24834,66.28342],[13.25426,66.28384],[13.27901,66.28814],[13.30606,66.29502],[13.32786,66.29769]],[[13.43908,66.30212],[13.45459,66.30075],[13.47144,66.30195]],[[13.47397,66.30262],[13.47144,66.30195]],[[13.55042,66.30496],[13.562,66.30409]],[[13.32786,66.29769],[13.33917,66.29918],[13.35489,66.30035],[13.3735,66.3033],[13.38411,66.30421],[13.39987,66.30392],[13.40376,66.30271],[13.41756,66.30176],[13.4307,66.30169],[13.43259,66.30127],[13.43908,66.30212]],[[13.53944,66.30612],[13.55042,66.30496]],[[13.93701,66.30297],[13.9445,66.30467],[13.9495,66.30453],[13.95047,66.30366],[13.95164,66.30359],[13.96213,66.30575],[13.96547,66.30517],[13.96606,66.30451],[13.96748,66.30437],[13.97504,66.30693],[13.98698,66.3084],[13.99299,66.30998]],[[13.15636,66.30224],[13.14095,66.30211],[13.12584,66.30351]],[[13.18716,66.30424],[13.15636,66.30224]],[[13.50629,66.30763],[13.4956,66.30673],[13.48341,66.30509],[13.47397,66.30262]],[[13.56211,66.30816],[13.56128,66.30595],[13.56268,66.30463],[13.562,66.30409]],[[13.50629,66.30763],[13.51921,66.30776]],[[13.18716,66.30424],[13.20806,66.30531]],[[13.55011,66.31044],[13.55245,66.31029],[13.55669,66.30879],[13.56144,66.30867],[13.56211,66.30816]],[[13.09299,66.45421],[13.09082,66.4551],[13.08864,66.45708],[13.09087,66.46147],[13.08794,66.4618]],[[13.12584,66.30351],[13.1167,66.30536],[13.11082,66.30711],[13.11141,66.30771],[13.11633,66.30929],[13.12082,66.31197]],[[13.21579,66.30561],[13.22479,66.30585],[13.23652,66.30692],[13.2764,66.31216],[13.28889,66.31432]],[[13.12082,66.31197],[13.12512,66.31271],[13.12889,66.31206],[13.13249,66.31201],[13.13623,66.31278]],[[13.55011,66.31044],[13.54617,66.31109],[13.54057,66.31363],[13.53749,66.31395],[13.53606,66.31355],[13.53403,66.31355],[13.52983,66.315],[13.5227,66.31593],[13.5158,66.31734],[13.51345,66.31741],[13.51261,66.31789],[13.51317,66.31837],[13.51168,66.31907]],[[13.08609,66.31592],[13.08484,66.31683],[13.08104,66.317]],[[13.28889,66.31432],[13.29504,66.31516],[13.29811,66.3162],[13.30777,66.31801],[13.32205,66.31974],[13.32633,66.32067]],[[13.1033,66.31833],[13.10133,66.31379],[13.10246,66.31217],[13.10092,66.3111],[13.09891,66.311],[13.09221,66.31344],[13.09148,66.31277],[13.09063,66.31273],[13.08913,66.31367],[13.08425,66.31492],[13.08609,66.31592]],[[13.04652,66.32389],[13.04685,66.32451],[13.0507,66.32402]],[[13.4376,66.32591],[13.44023,66.32596],[13.44264,66.32497],[13.44278,66.32424],[13.44512,66.3228],[13.44366,66.32149],[13.44824,66.32004],[13.46399,66.31956],[13.47412,66.31817],[13.47608,66.31894],[13.48194,66.31962],[13.48796,66.31978],[13.49516,66.32068],[13.50338,66.32078],[13.50605,66.3206],[13.51168,66.31907]],[[13.35457,66.32702],[13.35373,66.32626],[13.34874,66.32512],[13.34443,66.32539],[13.34171,66.32486],[13.33151,66.32145],[13.32633,66.32067]],[[13.0507,66.32402],[13.05728,66.32376],[13.06163,66.32245],[13.06299,66.31971],[13.06475,66.3189],[13.07001,66.31775],[13.07861,66.31671],[13.08104,66.317]],[[13.04652,66.32389],[13.04575,66.3233],[13.04163,66.32408],[13.03801,66.32389],[13.02914,66.32539],[13.02651,66.32508],[13.0239,66.32629],[13.02218,66.32579],[13.02149,66.32616],[13.02296,66.32794]],[[13.4376,66.32591],[13.43523,66.32586],[13.43303,66.32703],[13.42785,66.32868],[13.42935,66.33096],[13.43716,66.33291]],[[13.15809,66.3312],[13.16343,66.32762],[13.16007,66.32476],[13.14881,66.31883],[13.14699,66.31637]],[[13.11065,66.32267],[13.12841,66.32496],[13.13895,66.32984],[13.14215,66.33192],[13.14686,66.33284],[13.15197,66.33315]],[[13.38356,66.33649],[13.37901,66.33633],[13.36964,66.33489],[13.36844,66.33342],[13.3618,66.32916],[13.36132,66.32787],[13.36023,66.32757],[13.3567,66.32774],[13.35457,66.32702]],[[13.00954,66.33301],[13.00775,66.33246],[13.00546,66.33232]],[[13.00954,66.33301],[13.01192,66.33301],[13.01206,66.33158],[13.01391,66.32981],[13.01245,66.32931],[13.01319,66.32839],[13.01541,66.32831],[13.01501,66.32952],[13.01619,66.32925],[13.01817,66.32948],[13.0197,66.32851],[13.02296,66.32794]],[[13.44297,66.34058],[13.44133,66.3402],[13.4407,66.34055],[13.44452,66.34364],[13.44412,66.34114],[13.44297,66.34058]],[[13.41306,66.33994],[13.41851,66.3418],[13.42539,66.34615],[13.42697,66.34813],[13.42938,66.34877]],[[13.43005,66.34893],[13.43615,66.34918]],[[13.43615,66.34918],[13.43784,66.34863],[13.44082,66.34548],[13.44186,66.3462],[13.44347,66.34613],[13.44638,66.34475],[13.45027,66.34459],[13.45535,66.34545],[13.4607,66.34397],[13.46101,66.34332],[13.45755,66.34223],[13.45878,66.34166],[13.47398,66.34351],[13.47997,66.34522],[13.48406,66.34592],[13.48555,66.34575],[13.48708,66.34425],[13.48587,66.34342],[13.48172,66.34205],[13.4692,66.3391],[13.44568,66.33483],[13.43716,66.33291]],[[12.99222,66.34458],[13.0004,66.34132],[13.00402,66.34073],[13.00623,66.3396],[13.0117,66.33847],[13.01088,66.33795],[13.00722,66.33833],[12.99301,66.34165]],[[12.99692,66.33878],[13.00017,66.33795],[13.00205,66.33816],[13.00273,66.33779],[13.0035,66.33576],[12.99979,66.33286]],[[12.9996,66.33139],[13.00257,66.3309],[13.00546,66.33232]],[[12.99963,66.35704],[13.00241,66.35779],[13.00702,66.36051],[13.00976,66.36053],[13.01375,66.35988]],[[13.01375,66.35988],[13.01983,66.3607],[13.02672,66.36415],[13.03263,66.36563],[13.04213,66.36875],[13.0663,66.37415],[13.07529,66.37561],[13.09039,66.37912],[13.09752,66.38335]],[[13.03545,66.3832],[13.02389,66.38075],[13.01955,66.37932],[13.01208,66.37854],[13.00934,66.37865],[13.00549,66.3795]],[[13.09833,66.384],[13.10038,66.38602],[13.11345,66.38711],[13.11638,66.38776]],[[13.03545,66.3832],[13.05473,66.38658],[13.06505,66.38801],[13.07185,66.38853],[13.08184,66.39044],[13.09251,66.39035],[13.09771,66.39209]],[[13.0343,66.42428],[13.04002,66.43064]],[[13.00043,66.3917],[12.9993,66.38881]],[[12.9993,66.38881],[13.00007,66.38374],[13.00129,66.38197],[13.00549,66.3795]],[[13.101,66.39296],[13.09771,66.39209]],[[13.50121,66.57771],[13.5008,66.57956]],[[13.12579,66.39326],[13.13434,66.39862],[13.13659,66.39889],[13.13788,66.39856],[13.14025,66.39916]],[[13.12174,66.40483],[13.11229,66.3967],[13.1062,66.39416]],[[13.00043,66.3917],[13.00503,66.39766],[13.0047,66.40255],[13.00843,66.40417],[13.01302,66.40981],[13.01262,66.41161],[13.01375,66.41344],[13.01271,66.41425],[13.01342,66.41564],[13.02286,66.41736],[13.02553,66.42011],[13.02939,66.42231],[13.0343,66.42428]],[[13.0948,66.43039],[13.10117,66.42868],[13.10906,66.42439],[13.11761,66.41559],[13.12028,66.41094],[13.12271,66.40836],[13.12174,66.40483]],[[13.04002,66.43064],[13.04671,66.43472],[13.05003,66.43563],[13.05221,66.43573]],[[13.07088,66.4368],[13.07585,66.43597],[13.08292,66.43406],[13.08678,66.43363],[13.08931,66.43293],[13.0919,66.43136],[13.0948,66.43039]],[[13.05221,66.43573],[13.0596,66.43718],[13.06364,66.43732],[13.07088,66.4368]],[[13.15117,66.43843],[13.14988,66.43585],[13.1475,66.43362],[13.14249,66.43167],[13.14275,66.43106],[13.14081,66.42999],[13.14353,66.4261],[13.14962,66.42232],[13.15276,66.41518],[13.15809,66.41137],[13.15829,66.40879],[13.15981,66.40685],[13.15656,66.40177],[13.15177,66.40065],[13.14511,66.40024],[13.14025,66.39916]],[[13.03138,66.44733],[13.02886,66.44696],[13.02432,66.44804],[13.02887,66.45044],[13.0299,66.45166],[13.03376,66.4521],[13.03859,66.45069],[13.03138,66.44733]],[[13.26858,66.45415],[13.2636,66.4541],[13.26307,66.45451],[13.26484,66.45541],[13.2696,66.45598],[13.27013,66.45551],[13.26858,66.45415]],[[13.09299,66.45421],[13.11569,66.44707],[13.11899,66.44529],[13.12494,66.44353],[13.13074,66.44227],[13.13962,66.44137],[13.14269,66.44044],[13.14793,66.43975],[13.15061,66.439],[13.15117,66.43843]],[[13.38867,66.54169],[13.39511,66.54199],[13.39875,66.54176]],[[13.08876,66.46603],[13.09054,66.46534],[13.09227,66.46362]],[[13.02328,66.46277],[13.01988,66.46205],[13.01739,66.46255],[13.01388,66.46227],[13.01028,66.46277],[13.01282,66.46415],[13.01987,66.46512],[13.0216,66.46583],[13.02382,66.46354],[13.02328,66.46277]],[[13.08794,66.4618],[13.08484,66.46208],[13.08035,66.46328],[13.07772,66.46427],[13.07738,66.46545],[13.08022,66.46704],[13.08876,66.46603]],[[13.31711,66.45836],[13.32341,66.45981],[13.32647,66.46024],[13.33083,66.46023],[13.33399,66.46116],[13.34385,66.46059],[13.34934,66.46345],[13.35318,66.46429],[13.36244,66.46553],[13.36739,66.46594],[13.36921,66.4656],[13.37699,66.4665],[13.37877,66.46692],[13.37968,66.46765],[13.39508,66.47018],[13.40912,66.47118],[13.41455,66.47195],[13.42023,66.47197],[13.42553,66.47366]],[[13.31641,66.46869],[13.32655,66.4704],[13.33074,66.47193],[13.33772,66.47276],[13.34965,66.47301],[13.35098,66.47272],[13.35114,66.47143],[13.35412,66.47074],[13.36167,66.47085],[13.36167,66.47055],[13.35935,66.47024],[13.3608,66.46983],[13.37079,66.47087],[13.37796,66.47078],[13.3856,66.47178],[13.38485,66.47116],[13.37624,66.46997],[13.3767,66.46953],[13.37785,66.46951],[13.38753,66.47033],[13.39602,66.47189],[13.41043,66.47365],[13.42035,66.47458],[13.42457,66.4745]],[[13.01621,66.46874],[13.01194,66.46847],[13.01124,66.46916],[13.01355,66.47054],[13.01889,66.47162],[13.0262,66.47193],[13.02041,66.46946],[13.01621,66.46874]],[[13.06748,66.47322],[13.06654,66.47311],[13.06572,66.47401],[13.0706,66.47514],[13.06748,66.47322]],[[13.07549,66.47721],[13.07223,66.47714],[13.06918,66.47563],[13.06782,66.47615],[13.06787,66.4769],[13.06918,66.47766],[13.07142,66.47823],[13.07633,66.48067],[13.07777,66.48115],[13.07953,66.48118],[13.08012,66.47915],[13.07549,66.47721]],[[13.10164,66.48271],[13.10255,66.47806],[13.10524,66.47433],[13.10814,66.47381],[13.14328,66.47164],[13.15589,66.47036],[13.15841,66.46968],[13.15918,66.46828],[13.1614,66.46741],[13.1651,66.4674],[13.16813,66.4667],[13.17159,66.46652],[13.1721,66.46531],[13.16879,66.46465],[13.16542,66.46291],[13.16205,66.46189],[13.15781,66.46404],[13.15571,66.46425],[13.15069,66.46243],[13.14599,66.46158],[13.13314,66.46097],[13.13123,66.46027],[13.12922,66.46022],[13.12494,66.46048],[13.12374,66.46111],[13.11276,66.46071],[13.10366,66.46286],[13.09227,66.46362]],[[13.24755,66.48441],[13.24637,66.48248],[13.24688,66.48177],[13.24942,66.48101],[13.24952,66.47944],[13.24718,66.47809],[13.24065,66.47584],[13.23951,66.47371],[13.24146,66.47356],[13.24557,66.47469],[13.24651,66.47417],[13.24388,66.47165],[13.23581,66.4667],[13.2363,66.46557],[13.24093,66.46596],[13.24198,66.46551],[13.2414,66.46101],[13.23929,66.46054],[13.23526,66.46134],[13.22977,66.46006],[13.22789,66.45985],[13.22613,66.46024],[13.22258,66.45948],[13.21953,66.45813],[13.21396,66.45687],[13.20982,66.45496],[13.20957,66.45431],[13.21159,66.45262],[13.21367,66.45244],[13.21625,66.45337],[13.21778,66.45345],[13.22252,66.45241],[13.22822,66.45244],[13.23177,66.45204],[13.23358,66.45111],[13.23555,66.45102],[13.23725,66.45146],[13.24135,66.45422],[13.24637,66.4547],[13.24884,66.45459],[13.25165,66.45323],[13.256,66.45258],[13.25713,66.45181],[13.25656,66.45104],[13.25166,66.44929],[13.25099,66.44833],[13.25283,66.44682],[13.25581,66.44547],[13.26125,66.44692],[13.26939,66.4508],[13.27342,66.45162],[13.27492,66.45177],[13.28051,66.45118],[13.28501,66.45035],[13.29334,66.45052],[13.29474,66.4512],[13.2964,66.45319],[13.30607,66.45457],[13.30724,66.45572],[13.3101,66.45687],[13.31711,66.45836]],[[13.2748,66.48472],[13.27464,66.48389],[13.27676,66.48353],[13.27569,66.48257],[13.27292,66.48272],[13.27289,66.48142],[13.27698,66.48078],[13.27969,66.48107],[13.28177,66.47957],[13.27913,66.47791],[13.27885,66.47507],[13.28113,66.47336],[13.27884,66.47222],[13.26889,66.47039],[13.2659,66.46905],[13.26498,66.46754],[13.26816,66.46583],[13.27318,66.46545],[13.27923,66.46573],[13.28045,66.46663],[13.28201,66.46686],[13.28436,66.46653],[13.28401,66.46527],[13.28553,66.46464],[13.29134,66.46413],[13.30108,66.46632],[13.31641,66.46869]],[[13.22713,66.48737],[13.22879,66.4871],[13.23097,66.48926]],[[13.22195,66.48861],[13.22266,66.48844],[13.22441,66.48924],[13.22748,66.48949],[13.22713,66.48737]],[[13.23097,66.48926],[13.23149,66.48989],[13.23278,66.49017],[13.23834,66.49017],[13.24033,66.48914],[13.2393,66.4874],[13.24156,66.48552]],[[13.09587,66.49596],[13.0947,66.49504],[13.09728,66.49437],[13.09847,66.49308],[13.09815,66.49263],[13.09606,66.4922],[13.09642,66.4908],[13.09824,66.48969],[13.10014,66.48961],[13.09976,66.48658],[13.10164,66.48271]],[[13.08987,66.49501],[13.08663,66.4937],[13.08521,66.49415],[13.08347,66.49594],[13.07506,66.49446],[13.07383,66.49481],[13.07538,66.49606]],[[13.07538,66.49606],[13.07332,66.49604]],[[13.2748,66.48472],[13.27536,66.4866],[13.28641,66.4915],[13.29096,66.49241],[13.29174,66.49429],[13.29479,66.49528],[13.29468,66.49596],[13.29067,66.49744],[13.29217,66.49815],[13.29557,66.49884],[13.29947,66.50088],[13.30306,66.50185]],[[13.21333,66.50195],[13.21283,66.49802],[13.21899,66.49367],[13.21697,66.49301],[13.21908,66.49144],[13.22253,66.49],[13.22195,66.48861]],[[13.03591,66.50025],[13.03805,66.49877],[13.03642,66.49702],[13.03732,66.49672],[13.03958,66.4972],[13.04042,66.49684],[13.03948,66.49566],[13.04033,66.49485],[13.04336,66.494],[13.04813,66.49335],[13.05204,66.49309],[13.0551,66.49397],[13.07332,66.49604]],[[13.30306,66.50185],[13.30561,66.50254],[13.30725,66.5044]],[[13.65309,66.51764],[13.65719,66.51753],[13.66152,66.51655]],[[13.21669,66.51341],[13.21689,66.51084],[13.22065,66.50953],[13.22113,66.50818],[13.21994,66.50635],[13.2184,66.50622],[13.21716,66.50383],[13.2137,66.50314],[13.21333,66.50195]],[[13.6505,66.51827],[13.65309,66.51764]],[[13.67274,66.51701],[13.67036,66.51622],[13.66701,66.51607],[13.66741,66.51499],[13.66152,66.51655]],[[13.60471,66.53287],[13.60776,66.5326],[13.61281,66.53105],[13.61396,66.53049],[13.61354,66.53001]],[[13.03591,66.50025],[13.03454,66.50023],[13.0328,66.4992],[13.02981,66.49936],[13.02893,66.49978],[13.02974,66.50277],[13.02905,66.50326],[13.02686,66.50336],[13.02849,66.50425],[13.03122,66.50455],[13.03154,66.50546],[13.03036,66.50655],[13.02735,66.5061],[13.02582,66.50641],[13.0295,66.50774],[13.02866,66.5092],[13.02758,66.50957],[13.025,66.50952],[13.02095,66.50817],[13.01825,66.50778],[13.0174,66.50889],[13.01827,66.50954],[13.02108,66.51014],[13.01785,66.51102],[13.01682,66.51084],[13.01639,66.50998],[13.01377,66.50998],[13.01097,66.50892],[13.01017,66.50791],[13.00809,66.5077],[13.00732,66.5081],[13.00868,66.50991],[13.0061,66.50991],[13.00505,66.51084],[13.00882,66.51144],[13.01038,66.51214],[13.00935,66.51279],[13.00445,66.5125],[13.0043,66.51345],[13.00627,66.51391]],[[13.65914,66.53335],[13.66358,66.5256],[13.66215,66.52388]],[[13.63316,66.52141],[13.63584,66.52074],[13.63783,66.52101],[13.6428,66.51934],[13.6505,66.51827]],[[13.00378,66.5152],[13.00557,66.51505]],[[13.20713,66.51921],[13.21411,66.51859],[13.21238,66.51714],[13.21669,66.51341]],[[13.67246,66.5185],[13.67132,66.52003],[13.6626,66.52324],[13.66215,66.52388]],[[13.19399,66.52327],[13.19551,66.52219],[13.20039,66.52085]],[[13.61555,66.52914],[13.617,66.52947],[13.61896,66.52905],[13.62714,66.52514],[13.63316,66.52141]],[[13.61354,66.53001],[13.61287,66.52975],[13.61354,66.52928],[13.61555,66.52914]],[[13.17518,66.52386],[13.17687,66.52383],[13.17859,66.52483],[13.1801,66.52467],[13.18085,66.52403],[13.18539,66.52463],[13.18591,66.52686],[13.18828,66.52729],[13.19222,66.5263],[13.19399,66.52327]],[[13.03884,66.5953],[13.0379,66.59538],[13.0366,66.59658],[13.03865,66.59725],[13.03986,66.59723],[13.04071,66.59678],[13.03884,66.5953]],[[12.99859,66.51577],[13.00023,66.51539],[13.00171,66.51386],[13.00378,66.5152]],[[13.1631,66.52832],[13.16624,66.52738],[13.17379,66.52653],[13.17518,66.52386]],[[13.26557,66.52948],[13.26344,66.52926],[13.26005,66.52716],[13.2631,66.5246],[13.27169,66.51966],[13.27636,66.51828],[13.27974,66.51622],[13.27987,66.51473],[13.28224,66.5141],[13.28661,66.51381],[13.2893,66.51302],[13.29419,66.50844],[13.30106,66.50668],[13.3084,66.50662],[13.30919,66.50524],[13.30725,66.5044]],[[13.27108,66.52954],[13.27529,66.52954],[13.28085,66.52888],[13.28401,66.52921],[13.28707,66.52903],[13.28935,66.52824],[13.29268,66.52826],[13.29688,66.5273],[13.2986,66.52736]],[[13.30692,66.52994],[13.3055,66.52808],[13.30342,66.52721],[13.2986,66.52736]],[[13.33202,66.53021],[13.32463,66.5286],[13.3162,66.52953],[13.31368,66.52935],[13.31228,66.52977]],[[13.59434,66.53506],[13.59999,66.53343],[13.60471,66.53287]],[[13.15319,66.52959],[13.15513,66.52874],[13.159,66.529],[13.16202,66.5288],[13.1631,66.52832]],[[13.58791,66.53706],[13.59434,66.53506]],[[13.64939,66.53861],[13.65549,66.53627],[13.65914,66.53335]],[[13.13702,66.53666],[13.13612,66.53537],[13.13808,66.5351],[13.13857,66.53569],[13.14043,66.53586],[13.13943,66.53467],[13.14003,66.53428],[13.14265,66.53421],[13.1435,66.53495],[13.14509,66.53517],[13.1487,66.53521],[13.14664,66.53235],[13.14842,66.53138],[13.15231,66.53114],[13.15319,66.52959]],[[13.5665,66.54133],[13.57739,66.5389],[13.5847,66.53789],[13.58791,66.53706]],[[13.55664,66.54251],[13.56304,66.54198],[13.5665,66.54133]],[[13.39875,66.54176],[13.41203,66.54237],[13.41784,66.54175],[13.41981,66.54243],[13.42224,66.54123],[13.42407,66.54151]],[[13.42407,66.54151],[13.42623,66.54262]],[[13.06248,66.54303],[13.05947,66.54294],[13.06004,66.54401],[13.06409,66.54422],[13.06405,66.54332],[13.06248,66.54303]],[[13.53644,66.54515],[13.55306,66.54429],[13.55664,66.54251]],[[13.33202,66.53021],[13.33551,66.53135],[13.3368,66.53342],[13.33693,66.53667],[13.33379,66.53832],[13.33606,66.53979],[13.34075,66.5411],[13.34434,66.54271],[13.34767,66.54274],[13.35598,66.54404],[13.35872,66.54396],[13.36747,66.54204],[13.36909,66.54241],[13.37192,66.54198],[13.37449,66.54035],[13.37762,66.53941],[13.38024,66.5396],[13.38274,66.54023],[13.38336,66.54086],[13.38867,66.54169]],[[12.99947,66.53285],[13.00392,66.53207],[13.00422,66.53117],[13.00522,66.5308],[13.00761,66.53068],[13.00871,66.53102],[13.01098,66.53075],[13.0122,66.53019],[13.01351,66.53078],[13.01327,66.53136],[13.01453,66.53146],[13.02482,66.52949],[13.02802,66.5314],[13.03176,66.53224],[13.03078,66.5336],[13.03234,66.53571],[13.03763,66.53581],[13.04137,66.53641],[13.04189,66.53685],[13.05248,66.5395],[13.05671,66.54147],[13.06009,66.54188]],[[13.11858,66.54314],[13.11896,66.5429],[13.12531,66.54288],[13.12741,66.54384],[13.12868,66.54382],[13.12962,66.54279],[13.13135,66.54264],[13.13069,66.54132],[13.12979,66.54112],[13.12896,66.54169],[13.12791,66.5416],[13.1237,66.53898],[13.12534,66.53667],[13.1267,66.53605],[13.1299,66.53624],[13.13569,66.53747],[13.13702,66.53666]],[[13.4779,66.54763],[13.48874,66.54779],[13.50682,66.54738],[13.5222,66.54659],[13.53644,66.54515]],[[13.06009,66.54188],[13.06488,66.54271],[13.07111,66.5431],[13.07223,66.54352],[13.0719,66.54391]],[[13.42623,66.54262],[13.42958,66.54379],[13.43103,66.54522],[13.43677,66.54738],[13.44769,66.54824],[13.46325,66.54828],[13.47266,66.54783]],[[13.0719,66.54391],[13.07085,66.54434],[13.07168,66.54481],[13.0774,66.54559],[13.07882,66.54626],[13.08586,66.54717]],[[13.08586,66.54717],[13.08967,66.54788],[13.09607,66.548],[13.10238,66.5477],[13.10193,66.54669],[13.10792,66.54804],[13.1075,66.54863],[13.11153,66.54957],[13.11236,66.54957],[13.11285,66.54903],[13.11805,66.54977],[13.12025,66.5491],[13.12286,66.55023],[13.126,66.55049],[13.12658,66.55022],[13.12567,66.5493],[13.12301,66.54816],[13.12176,66.54669],[13.12015,66.54609],[13.11829,66.54615],[13.11663,66.54544],[13.11677,66.54391],[13.11839,66.54433],[13.11926,66.54552],[13.12015,66.5456],[13.12097,66.54514],[13.11858,66.54314]],[[13.10778,66.54945],[13.10395,66.54894],[13.10328,66.54931],[13.10662,66.55017],[13.1172,66.55162],[13.11486,66.55071],[13.10778,66.54945]],[[13.26034,66.55273],[13.27076,66.55089],[13.27617,66.54951],[13.28361,66.54856],[13.28956,66.54838],[13.29544,66.549],[13.29866,66.54979],[13.30951,66.55374],[13.31057,66.55507]],[[13.23804,66.5552],[13.24342,66.55398],[13.249,66.55325],[13.25666,66.55266],[13.26034,66.55273]],[[13.34261,66.56187],[13.3523,66.56242],[13.36432,66.56207],[13.3673,66.56163],[13.36832,66.5611],[13.37971,66.56089],[13.38894,66.55966],[13.3906,66.56016],[13.39648,66.55941],[13.40435,66.55989]],[[13.53559,66.55958],[13.5529,66.55762],[13.58155,66.55197],[13.59494,66.5487],[13.60784,66.54386],[13.62214,66.542],[13.62753,66.54091],[13.63234,66.54063],[13.63521,66.54101],[13.64137,66.54036],[13.64405,66.53994],[13.6474,66.53873],[13.64939,66.53861]],[[13.44444,66.56192],[13.44143,66.56175],[13.43407,66.56232]],[[13.43407,66.56232],[13.43101,66.5627],[13.42278,66.56198]],[[13.31057,66.55507],[13.31588,66.55577],[13.32079,66.55732],[13.33298,66.55885],[13.33613,66.55988],[13.33901,66.56147],[13.34261,66.56187]],[[13.67705,66.61317],[13.68264,66.61365],[13.69015,66.61353]],[[13.19741,66.56195],[13.20015,66.56057],[13.20097,66.5591],[13.20407,66.55783],[13.20256,66.5568],[13.20458,66.55589],[13.20713,66.5558],[13.2083,66.5564],[13.20738,66.5572],[13.20985,66.55756],[13.21513,66.55616],[13.22181,66.55867],[13.22531,66.55918],[13.23,66.55859],[13.23258,66.55565],[13.23804,66.5552]],[[13.40844,66.6239],[13.41142,66.62386],[13.41389,66.62238],[13.41361,66.62138],[13.41123,66.62076]],[[13.208,66.57371],[13.2065,66.57296],[13.20573,66.57172]],[[13.19741,66.56195],[13.19327,66.56383],[13.19286,66.56459],[13.19143,66.56493],[13.19253,66.5663]],[[13.47699,66.57117],[13.47399,66.56927],[13.47219,66.56893],[13.46989,66.56633],[13.47105,66.56276],[13.47561,66.5609],[13.48957,66.56059],[13.50375,66.55949],[13.51996,66.56004]],[[13.19712,66.57358],[13.1989,66.57409],[13.19984,66.57399],[13.19984,66.57361]],[[13.208,66.57371],[13.20958,66.57529]],[[13.47699,66.57117],[13.47998,66.5719],[13.48589,66.57503],[13.49069,66.57544]],[[12.99894,66.5657],[13.00009,66.56666],[12.9988,66.56681]],[[12.99777,66.56743],[13.00005,66.56711],[13.00113,66.56998]],[[13.19659,66.57336],[13.19392,66.57146],[13.19211,66.56895],[13.19023,66.5684],[13.18561,66.5695],[13.18496,66.56934],[13.18587,66.56758],[13.18796,66.56624],[13.1892,66.56628],[13.19092,66.56701],[13.19278,66.5667],[13.19253,66.5663]],[[13.48415,66.58185],[13.48999,66.58655],[13.49144,66.58913],[13.49355,66.591],[13.49499,66.59164],[13.50099,66.59283]],[[13.06645,66.57202],[13.06551,66.56617],[13.06003,66.56288],[13.05415,66.5611],[13.03685,66.55906],[13.03263,66.55815],[13.02722,66.55665],[13.02312,66.55453],[13.01631,66.55421],[13.01023,66.5549],[13.00363,66.55622],[12.99943,66.55631]],[[13.20573,66.57172],[13.20433,66.57146],[13.20305,66.57174],[13.19984,66.57361]],[[13.47091,66.57649],[13.46768,66.57465],[13.4639,66.57097],[13.45985,66.56887],[13.45333,66.56403],[13.44444,66.56192]],[[13.50162,66.57678],[13.5022,66.57575],[13.50378,66.57535],[13.50723,66.57584],[13.50922,66.57563],[13.51005,66.57318],[13.50337,66.57284],[13.49998,66.57379],[13.49755,66.57545],[13.49498,66.57616],[13.49069,66.57544]],[[13.48415,66.58185],[13.48043,66.57996],[13.47091,66.57649]],[[13.5008,66.57956],[13.5005,66.5805],[13.49799,66.58117],[13.49776,66.58197],[13.50094,66.58317],[13.50039,66.58398],[13.50126,66.58459],[13.50986,66.58533],[13.5124,66.58677],[13.52193,66.58612],[13.52598,66.58489],[13.5341,66.58489]],[[13.10598,66.58784],[13.10773,66.58872],[13.1047,66.58904]],[[13.20958,66.57529],[13.21012,66.57734],[13.21107,66.57794],[13.21409,66.57847],[13.21782,66.58193],[13.21853,66.59114]],[[13.00956,66.58034],[13.00995,66.5797],[13.00858,66.57884],[13.00189,66.57661],[12.99898,66.57511]],[[12.99924,66.57726],[13.00418,66.57895],[13.0038,66.57916],[13.00187,66.5789],[13.00184,66.57952],[13.00108,66.57955],[12.99748,66.57795]],[[12.999,66.58066],[13.00097,66.5811],[13.00099,66.5803],[13.00232,66.58036],[13.00972,66.58267],[13.01319,66.58217],[13.01122,66.58061],[13.00956,66.58034]],[[13.13966,66.58474],[13.13646,66.58473],[13.13641,66.58542],[13.13883,66.58576],[13.14067,66.58523],[13.13966,66.58474]],[[12.99772,66.58708],[13.00018,66.58632],[12.99752,66.58459]],[[12.99939,66.58351],[13.0024,66.58289],[13.00231,66.58169],[12.99812,66.58123]],[[13.0003,66.57119],[13.0008,66.57273],[13.00309,66.57496],[13.00745,66.57688],[13.00672,66.5775],[13.00765,66.57801],[13.00887,66.57805],[13.00848,66.5776],[13.00915,66.5774],[13.01419,66.57863],[13.01863,66.57909],[13.01973,66.58004],[13.02213,66.58086],[13.02872,66.58163],[13.03181,66.58371],[13.03294,66.58588],[13.03771,66.58654],[13.04096,66.5861],[13.04176,66.5883],[13.04757,66.58958],[13.05116,66.58882],[13.05267,66.58789],[13.05355,66.58689],[13.05329,66.58542],[13.05266,66.5852],[13.05154,66.58569],[13.04979,66.58559],[13.05253,66.58208],[13.0535,66.5819],[13.05654,66.57954],[13.06431,66.57619],[13.06645,66.57202]],[[13.53597,66.5938],[13.53417,66.59406],[13.53525,66.5957],[13.53872,66.59508],[13.53597,66.5938]],[[13.53346,66.59576],[13.53026,66.59371],[13.52672,66.59353],[13.52592,66.59594],[13.52779,66.5969],[13.53344,66.59604]],[[13.15533,66.59322],[13.1541,66.59319],[13.15158,66.59434],[13.15112,66.59673],[13.15217,66.59753],[13.1558,66.59554],[13.15533,66.59322]],[[13.50099,66.59283],[13.51091,66.59539],[13.51374,66.59533],[13.5143,66.59449],[13.51778,66.59391],[13.52221,66.59403],[13.52499,66.5958],[13.52523,66.59658],[13.51878,66.59736],[13.52173,66.59838],[13.52523,66.59892],[13.52866,66.59919],[13.53066,66.59899],[13.53339,66.59698]],[[13.13277,66.59058],[13.13595,66.59095],[13.13301,66.58834],[13.13144,66.58775],[13.12917,66.58798],[13.1299,66.59207],[13.13104,66.59279],[13.13562,66.59395],[13.14037,66.59748],[13.1398,66.59312],[13.13804,66.59256],[13.13639,66.59251],[13.13277,66.59058]],[[13.72714,66.60353],[13.72973,66.60331]],[[13.70674,66.60163],[13.71482,66.6022],[13.7238,66.60358],[13.72714,66.60353]],[[13.03374,66.59437],[13.03238,66.5938],[13.03372,66.59317],[13.03342,66.59242],[13.03155,66.59106],[13.0303,66.5909],[13.02849,66.59088],[13.0286,66.59161],[13.02763,66.59188],[13.02336,66.59167],[13.01735,66.59291],[13.01801,66.59372],[13.02138,66.59447],[13.02602,66.59409],[13.02543,66.59509],[13.0283,66.59623],[13.03343,66.59649],[13.03374,66.59437]],[[13.1047,66.58904],[13.0994,66.59043],[13.09622,66.59312],[13.09619,66.59481],[13.09957,66.59543],[13.10042,66.59603],[13.1014,66.59863]],[[13.23064,66.60057],[13.2289,66.59989],[13.22685,66.60018],[13.22384,66.59936],[13.21965,66.59662],[13.21853,66.59114]],[[13.66629,66.60468],[13.67142,66.60569],[13.67946,66.60559],[13.68218,66.60527],[13.69082,66.60298],[13.70208,66.60173],[13.70674,66.60163]],[[13.23064,66.60057],[13.23166,66.60127],[13.23308,66.60137],[13.2351,66.60008],[13.24102,66.59862]],[[13.10228,66.60014],[13.10175,66.60135],[13.09791,66.60142],[13.09733,66.59747],[13.09586,66.59646],[13.09425,66.59654],[13.09404,66.59828],[13.09526,66.60062],[13.09645,66.60202],[13.09792,66.60217],[13.09942,66.60449]],[[13.04096,66.59909],[13.03662,66.59736],[13.03471,66.598],[13.03498,66.59849],[13.03877,66.59905],[13.03993,66.59969],[13.04096,66.59909]],[[13.62482,66.60596],[13.6282,66.60606]],[[13.65326,66.60628],[13.66201,66.60483],[13.66629,66.60468]],[[13.5341,66.58489],[13.53652,66.58555],[13.53918,66.58709],[13.54074,66.59015],[13.54571,66.59124],[13.54582,66.59447],[13.55592,66.59464],[13.56363,66.59601],[13.56264,66.5975],[13.56077,66.59832],[13.55949,66.59972],[13.56334,66.60038],[13.56368,66.60094],[13.57349,66.60174],[13.58282,66.60129],[13.58437,66.60199],[13.58436,66.6031],[13.58978,66.60357],[13.59718,66.60484],[13.60156,66.60499],[13.60927,66.60424],[13.61319,66.60447],[13.61873,66.60615],[13.62482,66.60596]],[[13.64569,66.60663],[13.65326,66.60628]],[[13.24423,66.60285],[13.24713,66.59695],[13.24497,66.5959],[13.24299,66.59577],[13.2434,66.59703],[13.24102,66.59862]],[[13.6282,66.60606],[13.63234,66.60722],[13.63507,66.60673],[13.64569,66.60663]],[[13.02285,66.60244],[13.02478,66.60079],[13.02879,66.59994],[13.02935,66.59749],[13.02458,66.59592],[13.0171,66.59441],[13.01068,66.5952],[13.00853,66.59631],[13.00845,66.59697],[13.00594,66.59806],[13.00598,66.59867],[13.00462,66.59872],[13.00281,66.59962],[13.00393,66.60154],[13.014,66.60248],[13.02285,66.60244]],[[13.70494,66.61379],[13.70742,66.61367],[13.71083,66.61293]],[[13.00968,66.6183],[13.01351,66.61873],[13.01636,66.6181],[13.0208,66.62019],[13.0204,66.62053],[13.01863,66.62045]],[[13.71083,66.61293],[13.71454,66.61161],[13.72946,66.61075],[13.73217,66.6097],[13.73412,66.60945],[13.73348,66.60808],[13.73046,66.60583]],[[13.69015,66.61353],[13.69449,66.61333],[13.69788,66.61267],[13.70176,66.61291],[13.70494,66.61379]],[[13.64531,66.61356],[13.65309,66.61308],[13.65432,66.61271],[13.66546,66.61246],[13.67705,66.61317]],[[13.53339,66.59698],[13.53579,66.59692],[13.53885,66.59775],[13.54517,66.60076],[13.54573,66.60136],[13.5445,66.60218],[13.54771,66.60298],[13.55037,66.60458],[13.56358,66.60877],[13.56973,66.60858],[13.57162,66.60798],[13.57751,66.60809],[13.58229,66.60869],[13.58432,66.60954],[13.59435,66.61085],[13.60497,66.60951],[13.61373,66.61029],[13.61844,66.61032],[13.62261,66.61088],[13.62249,66.61175],[13.62498,66.61319],[13.63059,66.61471],[13.6357,66.61421],[13.64215,66.61465],[13.64528,66.61418]],[[13.02374,66.60425],[13.01983,66.60341],[13.01489,66.60336],[13.0138,66.60413],[13.01025,66.60339],[13.00883,66.60345],[13.00862,66.60417],[13.01051,66.60547],[13.01004,66.60569],[13.00814,66.60486],[13.00592,66.60502],[13.00338,66.60336],[13.00151,66.60378],[12.99827,66.60349]],[[13.24423,66.60285],[13.23664,66.6062],[13.2346,66.60938],[13.23314,66.61016],[13.22705,66.60908],[13.22605,66.60953],[13.2268,66.6114],[13.23088,66.61327],[13.23445,66.61417],[13.23824,66.61314],[13.24053,66.61344]],[[12.99626,66.60954],[13.00338,66.61103],[13.00486,66.61181],[12.99778,66.61061]],[[13.046,66.61306],[13.04205,66.60699],[13.04089,66.60271],[13.04145,66.60202],[13.04036,66.60046],[13.03447,66.59915],[13.03074,66.59958],[13.03073,66.6016],[13.03532,66.60158],[13.03864,66.60316],[13.03532,66.6032],[13.03248,66.60241],[13.03058,66.60243],[13.02431,66.60307],[13.02362,66.60337],[13.02419,66.60397]],[[13.26506,66.62294],[13.26772,66.62193],[13.26902,66.61926]],[[13.04696,66.61517],[13.04571,66.61437],[13.046,66.61306]],[[13.41123,66.62076],[13.40828,66.62013],[13.40596,66.62071]],[[13.22189,66.71661],[13.22139,66.71588]],[[13.04808,66.61667],[13.04696,66.61517]],[[13.09862,66.60635],[13.0947,66.60791],[13.09211,66.61149],[13.09198,66.61465],[13.09361,66.61633],[13.09594,66.61726]],[[13.13223,66.61769],[13.13187,66.61702],[13.12805,66.61562],[13.12578,66.61421],[13.127,66.61299],[13.12655,66.61048],[13.12943,66.60539],[13.1313,66.60503],[13.1315,66.60463],[13.12987,66.60253],[13.12902,66.599],[13.12675,66.59667],[13.1273,66.5942],[13.1264,66.59243],[13.12777,66.59211],[13.12763,66.59133],[13.12568,66.58952],[13.12154,66.58716],[13.11779,66.58249],[13.11458,66.581],[13.11171,66.58031],[13.11018,66.58069],[13.11001,66.58209],[13.10731,66.58349],[13.10501,66.586],[13.10449,66.58709],[13.10598,66.58784]],[[13.24713,66.61902],[13.24676,66.61821],[13.24408,66.61728],[13.24422,66.6148],[13.24343,66.61405]],[[13.26902,66.61926],[13.27082,66.61782],[13.27286,66.61754],[13.27179,66.61554]],[[13.28981,66.61949],[13.285,66.61914],[13.28446,66.6174],[13.28625,66.61432],[13.28462,66.61419],[13.28194,66.61212],[13.28067,66.61221],[13.28083,66.61371],[13.2825,66.6159],[13.28031,66.61803],[13.27697,66.61618],[13.27672,66.61502],[13.27547,66.61439],[13.27227,66.61417],[13.27141,66.61455],[13.27179,66.61554]],[[13.28981,66.61949],[13.29085,66.62008],[13.29084,66.62085],[13.28982,66.62114],[13.28841,66.62386],[13.28679,66.62425]],[[13.10011,66.62204],[13.10093,66.6219],[13.10358,66.62243],[13.10279,66.62096],[13.09424,66.62],[13.09401,66.62044],[13.09595,66.62078],[13.09814,66.6226],[13.09991,66.62245],[13.10011,66.62204]],[[13.24713,66.61902],[13.24809,66.61981],[13.25389,66.62176],[13.25517,66.6245],[13.25897,66.62428]],[[13.29127,66.62696],[13.29405,66.62624],[13.29724,66.62653],[13.29999,66.62542],[13.30433,66.6251],[13.30426,66.62348],[13.30562,66.62261],[13.30524,66.62179],[13.30603,66.6217]],[[13.01863,66.62045],[13.01725,66.62047],[13.01677,66.62133],[13.01451,66.62143],[13.00778,66.61934],[12.99819,66.61808]],[[13.40844,66.6239],[13.40074,66.62446],[13.39685,66.62772],[13.39703,66.62841],[13.39914,66.62933]],[[13.28679,66.62425],[13.2824,66.62497],[13.27873,66.62657],[13.27781,66.62787],[13.27894,66.62987],[13.28279,66.62871],[13.28364,66.62933],[13.28457,66.62928],[13.28619,66.62762],[13.28763,66.62726],[13.28912,66.62771],[13.29127,66.62696]],[[13.30691,66.62232],[13.31033,66.62446],[13.31672,66.62404],[13.31692,66.62508],[13.31953,66.62438],[13.32065,66.62459],[13.31451,66.62689],[13.32009,66.62789],[13.31767,66.62839],[13.31794,66.62979],[13.31637,66.62994],[13.31398,66.62921],[13.31562,66.63063]],[[13.26976,66.62962],[13.2706,66.62963],[13.27164,66.6308],[13.27759,66.63056],[13.2748,66.62892],[13.27567,66.62843],[13.27281,66.6277],[13.26687,66.62867],[13.26369,66.63016],[13.26489,66.63091],[13.26622,66.63098],[13.26976,66.62962]],[[13.40596,66.62071],[13.40547,66.6231],[13.40432,66.62354],[13.403,66.62337],[13.40176,66.62219],[13.3984,66.62106],[13.39407,66.62111],[13.39025,66.62237],[13.38904,66.62367],[13.38418,66.62659],[13.38406,66.63017],[13.38701,66.63111],[13.38534,66.63188],[13.38171,66.63242],[13.38189,66.63275]],[[13.30533,66.63185],[13.30981,66.63213]],[[13.30981,66.63213],[13.31585,66.63122],[13.31562,66.63063]],[[13.39856,66.63373],[13.40178,66.63272],[13.4014,66.63131],[13.40333,66.6302],[13.40261,66.62963],[13.40023,66.62976],[13.39914,66.62933]],[[13.29803,66.63272],[13.29533,66.63268],[13.29397,66.63158],[13.29428,66.63042],[13.29187,66.63087],[13.29139,66.63181],[13.29323,66.63317],[13.29803,66.63272]],[[13.38189,66.63275],[13.38344,66.63309],[13.38488,66.63418],[13.39722,66.63424],[13.39856,66.63373]],[[13.30533,66.63185],[13.30095,66.62937],[13.29799,66.6296],[13.29931,66.63276],[13.30296,66.6349],[13.3043,66.63509]],[[13.01052,66.63232],[13.00896,66.63106],[13.0098,66.63044],[13.00729,66.62818],[12.99739,66.62662]],[[12.99741,66.62789],[13.00443,66.63165]],[[13.09594,66.61726],[13.09656,66.61795],[13.09937,66.61893],[13.10177,66.61917],[13.1053,66.62073],[13.10696,66.62028],[13.10966,66.6221],[13.11159,66.62227],[13.11215,66.623],[13.11478,66.62353],[13.11687,66.62574],[13.12023,66.62591],[13.11836,66.62738],[13.11994,66.62862],[13.11725,66.62768],[13.1163,66.62816],[13.1192,66.63126],[13.12225,66.63273],[13.12282,66.63254],[13.12192,66.62996],[13.12388,66.62472],[13.1228,66.62357],[13.12298,66.6213],[13.1239,66.62096],[13.12754,66.62187],[13.12875,66.62174],[13.13228,66.61963],[13.13223,66.61769]],[[13.37937,66.63299],[13.37865,66.63421],[13.382,66.63451],[13.38208,66.63604],[13.38373,66.63634]],[[12.99806,66.6244],[13.00032,66.62468],[13.00443,66.6264],[13.00809,66.62724],[13.01037,66.62695],[13.01187,66.62764],[13.01413,66.62894],[13.01085,66.6289],[13.01045,66.62924],[13.01162,66.63095],[13.01426,66.63243]],[[13.29968,66.63448],[13.29765,66.63393],[13.29579,66.63394],[13.2936,66.63411],[13.29307,66.63456],[13.29394,66.63563],[13.29597,66.63595],[13.29953,66.63551],[13.29968,66.63448]],[[13.21307,66.63168],[13.21117,66.63201],[13.21175,66.63291],[13.20869,66.63404],[13.20951,66.63463],[13.217,66.63514],[13.22196,66.63468],[13.22217,66.63431],[13.2174,66.63267],[13.21307,66.63168]],[[13.21279,66.63866],[13.21992,66.63688]],[[13.12696,66.63115],[13.12646,66.62948],[13.12996,66.62797],[13.13085,66.62687],[13.1303,66.62423],[13.12892,66.62342],[13.12636,66.62417],[13.12435,66.62638],[13.12527,66.63052],[13.12458,66.63065],[13.12378,66.63019],[13.12316,66.6307],[13.1249,66.63226],[13.12499,66.63369],[13.12632,66.63418],[13.12601,66.63229],[13.12728,66.63167],[13.12696,66.63115]],[[13.28978,66.6341],[13.28794,66.63379],[13.28734,66.63541],[13.28946,66.63612],[13.29157,66.63616],[13.28978,66.6341]],[[13.01426,66.63243],[13.01583,66.6339],[13.01417,66.63373],[13.01233,66.63258],[13.01052,66.63232]],[[13.27446,66.6373],[13.27271,66.63673],[13.27145,66.63684],[13.27207,66.63791],[13.27455,66.63774],[13.27446,66.6373]],[[13.3051,66.6352],[13.30935,66.63538],[13.3146,66.63714],[13.31774,66.63746],[13.31864,66.63726],[13.31886,66.63635],[13.31806,66.63386],[13.32083,66.63292],[13.32286,66.6329],[13.32295,66.63215],[13.32753,66.63448],[13.33141,66.63522],[13.33486,66.63429],[13.3376,66.63436],[13.33724,66.63317],[13.34079,66.63344],[13.34097,66.63279],[13.34523,66.63351],[13.35243,66.63255],[13.36119,66.6327],[13.36566,66.63314],[13.36817,66.63457],[13.36225,66.63615],[13.36263,66.63646],[13.3693,66.63602],[13.37643,66.63499],[13.3774,66.63432],[13.37453,66.63345],[13.37436,66.63283],[13.37572,66.63247],[13.37937,66.63299]],[[13.25757,66.63708],[13.24943,66.63546],[13.24776,66.6356],[13.24489,66.63674]],[[13.23335,66.63634],[13.23058,66.63578],[13.22916,66.63352],[13.22531,66.63068],[13.21923,66.63068],[13.21668,66.63107],[13.21682,66.63182],[13.21929,66.63245],[13.22283,66.63232],[13.22411,66.63422],[13.22579,66.63526],[13.22502,66.63587],[13.22206,66.63597],[13.21992,66.63688]],[[13.23335,66.63634],[13.23649,66.63656],[13.24158,66.63754],[13.24489,66.63674]],[[13.04863,66.66773],[13.03927,66.66766],[13.04225,66.66972],[13.04152,66.67116]],[[13.06013,66.66169],[13.06217,66.66081]],[[13.04108,66.64054],[13.04065,66.63967],[13.04153,66.63941],[13.04233,66.64017],[13.04459,66.64071],[13.04626,66.64018],[13.04917,66.6401],[13.04995,66.64102]],[[12.99647,66.63852],[13.00259,66.6405],[13.00553,66.64097],[13.00743,66.64088],[13.00661,66.63937],[12.99903,66.63656]],[[13.25757,66.63708],[13.26483,66.63739],[13.27882,66.64031],[13.28546,66.64349],[13.29547,66.64434],[13.30447,66.6445]],[[13.524,66.64726],[13.52075,66.64755],[13.5159,66.6499],[13.51085,66.65076],[13.50997,66.65209],[13.51257,66.65369],[13.51686,66.65346],[13.5201,66.65371],[13.51887,66.65444],[13.52025,66.65485],[13.52995,66.65497]],[[13.52989,66.65603],[13.53221,66.65568],[13.52995,66.65497]],[[13.30447,66.6445],[13.31931,66.64458],[13.32943,66.64276],[13.34396,66.642],[13.34661,66.64101],[13.34808,66.64114],[13.34799,66.6421],[13.35253,66.64254],[13.35482,66.64137],[13.35434,66.64082],[13.35763,66.63953],[13.35997,66.63913],[13.36398,66.63917],[13.37598,66.63758],[13.38341,66.63699],[13.38464,66.63651],[13.38373,66.63634]],[[13.52643,66.64709],[13.52837,66.64702],[13.5304,66.64744]],[[13.00443,66.63165],[13.01015,66.63289],[13.01295,66.63428],[13.00999,66.63475],[13.00939,66.63559],[13.00832,66.63433],[13.00627,66.63381],[13.00293,66.63361],[13.0027,66.63445],[13.00953,66.63672],[13.01109,66.63861],[13.01506,66.64049],[13.02037,66.64188],[13.02477,66.6416],[13.02537,66.64062],[13.02898,66.64164],[13.03304,66.64191],[13.03778,66.64293],[13.04127,66.64299],[13.0428,66.6428],[13.04371,66.6422],[13.04313,66.6414],[13.04108,66.64054]],[[13.04995,66.64102],[13.04838,66.64155],[13.04575,66.64117],[13.04527,66.64174],[13.05431,66.64363],[13.05674,66.64265],[13.06029,66.64323],[13.05926,66.642],[13.05981,66.63698],[13.05887,66.6361],[13.05391,66.63506],[13.05052,66.6329],[13.05275,66.6318],[13.05582,66.63147],[13.05617,66.63073],[13.05084,66.62864],[13.04706,66.6262],[13.04756,66.62553],[13.04595,66.62298],[13.04899,66.6213],[13.04717,66.61993],[13.04808,66.61667]],[[13.56903,66.64901],[13.56649,66.64956],[13.56701,66.64839],[13.56525,66.64707],[13.54984,66.64487],[13.54422,66.6451],[13.53935,66.64617],[13.53723,66.64708],[13.53213,66.64762],[13.5304,66.64744]],[[13.21279,66.63866],[13.2101,66.6384],[13.20735,66.6395],[13.20827,66.64249],[13.20665,66.64539],[13.20052,66.64736],[13.20051,66.64795],[13.20315,66.64868]],[[13.20368,66.64883],[13.20338,66.64914],[13.20149,66.64885]],[[13.04152,66.67116],[13.04144,66.67119]],[[13.38867,66.64972],[13.3869,66.65014],[13.39,66.65283],[13.38704,66.65185],[13.38443,66.65173],[13.38352,66.65278],[13.38525,66.65419],[13.37792,66.65461],[13.3766,66.65504]],[[13.39605,66.65554],[13.40343,66.65578],[13.40852,66.65511],[13.41143,66.65536],[13.41669,66.65756]],[[13.19082,66.65256],[13.19214,66.65339],[13.19448,66.65313],[13.19418,66.65238],[13.19562,66.65093],[13.19358,66.64934],[13.19391,66.64832],[13.19766,66.64792],[13.20149,66.64885]],[[13.39542,66.6556],[13.39605,66.65554]],[[13.09097,66.65341],[13.08913,66.65239],[13.08787,66.65275],[13.08399,66.65268],[13.08441,66.65338],[13.0862,66.65368],[13.08975,66.65386],[13.09097,66.65341]],[[13.07755,66.65469],[13.07679,66.65504],[13.07749,66.6554]],[[13.07214,66.65371],[13.0669,66.65185],[13.06175,66.6509],[13.05778,66.64958],[13.05366,66.64903],[13.04511,66.64872],[13.0457,66.6496],[13.04906,66.64975],[13.05155,66.64941],[13.05307,66.65044],[13.0633,66.65269],[13.063,66.65298],[13.05659,66.6526],[13.05695,66.65339],[13.05876,66.65393],[13.07355,66.6555],[13.07375,66.65491],[13.07214,66.65371]],[[13.04906,66.65902],[13.04748,66.65822],[13.04785,66.65727],[13.04935,66.65695],[13.04853,66.65568],[13.05171,66.65513],[13.05872,66.65526],[13.06964,66.65691],[13.07222,66.657]],[[13.0517,66.66159],[13.04917,66.66047],[13.04709,66.66071],[13.04507,66.66003],[13.04547,66.65947],[13.04643,66.65939],[13.04883,66.66016],[13.04906,66.65902]],[[13.07354,66.65695],[13.07586,66.65592],[13.07719,66.65625],[13.07736,66.65712]],[[13.07749,66.6554],[13.08005,66.65663],[13.08476,66.65726],[13.08024,66.6549],[13.07755,66.65469]],[[13.52898,66.67133],[13.53293,66.67054],[13.53666,66.66874],[13.53897,66.66687]],[[13.19,66.66377],[13.19298,66.66506],[13.19538,66.66725],[13.19971,66.66824]],[[13.34304,66.66659],[13.34881,66.66866],[13.35533,66.66809],[13.35854,66.67001],[13.36039,66.6702],[13.37011,66.66916],[13.3714,66.66802],[13.36812,66.66586],[13.36915,66.6652]],[[12.99319,66.65546],[13.00362,66.65537],[13.00609,66.65559],[13.00626,66.65628],[13.00802,66.65638],[13.01102,66.65482],[13.01546,66.6547],[13.01997,66.65399],[13.02214,66.65452],[13.025,66.65393],[13.02721,66.65453],[13.02814,66.65565],[13.03158,66.65419],[13.03134,66.65193],[13.0323,66.65108],[13.03093,66.65051],[13.02573,66.64986],[13.00497,66.64814],[12.98812,66.6473]],[[13.3766,66.65504],[13.37151,66.65723],[13.37371,66.65946],[13.37669,66.66098],[13.38087,66.66108],[13.38527,66.66204],[13.38798,66.6618],[13.38933,66.65909],[13.39107,66.65916],[13.39254,66.66049],[13.39346,66.66056],[13.39493,66.65976],[13.39906,66.65969],[13.40487,66.65869],[13.40468,66.65825],[13.39522,66.65609],[13.39542,66.6556]],[[13.41669,66.65756],[13.42255,66.66142],[13.42598,66.66277],[13.4421,66.6625],[13.45457,66.6628],[13.46417,66.66134],[13.47137,66.66158],[13.48193,66.65979],[13.49334,66.66045],[13.50219,66.65891],[13.50639,66.65741],[13.51817,66.65661],[13.52584,66.65674],[13.52989,66.65603]],[[13.00714,66.66552],[13.00975,66.66562],[13.01054,66.66602],[13.01255,66.66588],[13.01419,66.66433],[13.01279,66.66377],[13.00535,66.66424],[13.00408,66.66484],[13.00509,66.66542],[13.00164,66.66536],[12.99908,66.66571]],[[12.99908,66.66571],[13.00418,66.66641],[13.0072,66.66617],[13.00714,66.66552]],[[13.36903,66.6644],[13.36875,66.6641],[13.36964,66.66397],[13.37359,66.66509],[13.37447,66.66404],[13.37588,66.66461],[13.37681,66.6645],[13.37743,66.6625],[13.37363,66.66056],[13.37263,66.66086],[13.37329,66.66201],[13.37208,66.6619],[13.37035,66.65925],[13.36777,66.65807],[13.36894,66.65707],[13.36872,66.65636],[13.36586,66.65351],[13.36202,66.65204],[13.36248,66.6508],[13.36431,66.65018],[13.3679,66.65073],[13.3686,66.64999],[13.37887,66.64751],[13.38026,66.64601],[13.38708,66.64742],[13.39029,66.64923],[13.38867,66.64972]],[[13.06982,66.66181],[13.06842,66.65986],[13.06709,66.65929],[13.06217,66.66081]],[[13.08114,66.66195],[13.08065,66.66108],[13.08174,66.66012],[13.08273,66.65991],[13.08833,66.66035],[13.09034,66.66005],[13.09048,66.65931],[13.08884,66.65875],[13.07896,66.65774],[13.07736,66.65712]],[[13.17634,66.66308],[13.17574,66.66209],[13.17043,66.66154],[13.17108,66.66083],[13.16809,66.65972],[13.16745,66.6583],[13.17256,66.65589],[13.17955,66.65469],[13.18347,66.65654],[13.18438,66.6577],[13.18548,66.65776],[13.18451,66.65513],[13.18826,66.6523],[13.18956,66.65201],[13.19082,66.65256]],[[13.18004,66.66312],[13.17851,66.66311]],[[13.37103,66.66522],[13.36903,66.6644]],[[13.53897,66.66687],[13.53955,66.66536],[13.53878,66.66299],[13.5395,66.66187],[13.54287,66.65971],[13.54443,66.65751],[13.55183,66.65293],[13.55403,66.65208],[13.56013,66.65114],[13.56183,66.65055],[13.5674,66.65017],[13.56932,66.64922]],[[13.36943,66.6652],[13.37025,66.66549],[13.37103,66.66522]],[[13.17634,66.66308],[13.17771,66.66344],[13.17851,66.66311]],[[13.0517,66.66159],[13.05122,66.66236],[13.05193,66.66301],[13.05595,66.66302],[13.06013,66.66169]],[[13.18004,66.66312],[13.1849,66.66475],[13.18747,66.66463],[13.19,66.66377]],[[13.00999,66.66214],[13.00484,66.6618],[12.99708,66.66259]],[[12.9968,66.66349],[13.00464,66.66326],[13.00926,66.6628],[13.00999,66.66214]],[[13.32449,66.66821],[13.34304,66.66659]],[[13.06982,66.66181],[13.06985,66.66268],[13.0686,66.6631],[13.0666,66.6626],[13.0645,66.66338],[13.06427,66.66396],[13.06626,66.66382],[13.06647,66.66442],[13.06373,66.66614],[13.05959,66.66576],[13.05574,66.66624],[13.05355,66.66601],[13.0527,66.66547],[13.05051,66.66572],[13.05108,66.6668],[13.05342,66.66674],[13.05769,66.66765],[13.05752,66.66795],[13.05339,66.66804],[13.04396,66.66613],[13.0417,66.66638],[13.04384,66.66715],[13.04816,66.66735],[13.04863,66.66773]],[[13.24125,66.66844],[13.24476,66.66835],[13.24568,66.66903],[13.24716,66.66923],[13.2547,66.66773],[13.25333,66.66726],[13.25443,66.66669],[13.26146,66.66679],[13.26397,66.66739],[13.26975,66.66735],[13.28351,66.67025],[13.29551,66.67136],[13.30119,66.67079]],[[13.65646,66.71278],[13.65085,66.71189],[13.6399,66.71217]],[[13.02468,66.66751],[13.02109,66.66765],[13.02143,66.66903],[13.02572,66.66924],[13.02468,66.66751]],[[13.02928,66.66733],[13.02681,66.66744],[13.02723,66.66906],[13.03028,66.66935],[13.03079,66.66836],[13.02928,66.66733]],[[13.30267,66.67072],[13.30667,66.67092],[13.30961,66.67252],[13.31185,66.67284],[13.31249,66.67267],[13.3122,66.67139],[13.3137,66.67069],[13.31989,66.66893],[13.32449,66.66821]],[[13.34808,66.6741],[13.34282,66.67437],[13.34245,66.6749],[13.34827,66.67463],[13.34808,66.6741]],[[13.48039,66.67756],[13.50349,66.67574],[13.50762,66.67482],[13.50886,66.6735],[13.51137,66.67234],[13.51748,66.67055],[13.52301,66.6714],[13.52898,66.67133]],[[13.48039,66.67756],[13.4711,66.67697]],[[13.22886,66.67396],[13.23042,66.67521],[13.23192,66.67568],[13.23284,66.67546],[13.23429,66.67452],[13.23415,66.67359],[13.22971,66.67228],[13.22946,66.67091],[13.23026,66.67086],[13.23151,66.67162],[13.23315,66.67173],[13.23451,66.67111],[13.23535,66.66981],[13.23884,66.67005]],[[13.01649,66.67343],[13.01438,66.66928],[13.00454,66.66886],[12.99822,66.6692]],[[12.99838,66.67244],[13.0076,66.67356],[13.01495,66.6737],[13.01649,66.67343]],[[13.02634,66.67245],[13.02661,66.67095],[13.02492,66.66966],[13.02225,66.66984],[13.02214,66.67095],[13.0195,66.67039],[13.01808,66.67068],[13.01871,66.67197],[13.0224,66.67254],[13.02113,66.67358],[13.02287,66.67409],[13.02922,66.67464],[13.02943,66.67421],[13.02634,66.67245]],[[13.4711,66.67697],[13.46311,66.67604],[13.45638,66.67731],[13.45797,66.68027]],[[13.3021,66.67893],[13.30207,66.6795]],[[13.30207,66.6795],[13.30311,66.68042],[13.30562,66.6808],[13.30774,66.68063],[13.30961,66.67995],[13.30649,66.67904],[13.3021,66.67893]],[[13.01869,66.67778],[13.01641,66.67465],[13.0097,66.67458],[13.00515,66.67401],[13.0042,66.6744],[12.99881,66.67394]],[[12.99683,66.67535],[13.0033,66.67652],[13.00151,66.67704],[13.00178,66.67755],[13.00552,66.67782],[13.00732,66.67734],[13.00911,66.67782],[13.01558,66.67766],[13.01765,66.67806],[13.01869,66.67778]],[[13.45797,66.68027],[13.45339,66.68195],[13.45312,66.68301]],[[13.41463,66.68973],[13.41697,66.68949],[13.4178,66.68897],[13.41559,66.68731]],[[13.19986,66.66964],[13.19757,66.6702],[13.19901,66.67139],[13.2015,66.67171],[13.20282,66.67152],[13.2057,66.67246],[13.21274,66.67362],[13.22155,66.67575],[13.22615,66.67815],[13.2288,66.68007],[13.22832,66.68032],[13.2303,66.68109],[13.23214,66.68108],[13.23299,66.68011],[13.23239,66.67854],[13.22745,66.67646],[13.22599,66.67524],[13.22616,66.6741],[13.22886,66.67396]],[[13.21691,66.67812],[13.21464,66.67797],[13.21408,66.67873],[13.21547,66.67935],[13.21791,66.68185],[13.22002,66.68193],[13.22063,66.68139],[13.21999,66.68006],[13.21691,66.67812]],[[13.01211,66.67839],[13.00806,66.67834],[13.00742,66.67869],[13.00956,66.67932],[13.01256,66.6795],[13.01351,66.67894],[13.01211,66.67839]],[[13.00581,66.68105],[13.00553,66.67995],[13.00164,66.68008],[13.00229,66.68096],[13.00581,66.68105]],[[13.41491,66.68535],[13.41684,66.68552],[13.42089,66.68455],[13.42889,66.68626],[13.42902,66.68542],[13.43115,66.68439],[13.4345,66.68446],[13.4398,66.68627],[13.44215,66.68652],[13.45057,66.68429]],[[13.41491,66.68535],[13.41417,66.68584],[13.41483,66.68661]],[[13.01796,66.68021],[13.0162,66.68006],[13.01552,66.68033],[13.01608,66.6822],[13.01749,66.68267],[13.01936,66.68265],[13.01977,66.68208],[13.01882,66.68178],[13.01796,66.68021]],[[13.41483,66.68661],[13.41559,66.68731]],[[13.00964,66.67993],[13.00756,66.68001],[13.00786,66.68092],[13.01049,66.68173],[13.00872,66.68256],[13.01179,66.68337],[13.01291,66.68329],[13.01479,66.6815],[13.01432,66.68056],[13.01318,66.68004],[13.00964,66.67993]],[[13.00396,66.68467],[13.00598,66.68474],[13.00735,66.68415],[13.00562,66.68312],[13.00694,66.6827],[13.00661,66.68209],[13.00126,66.68233],[13.00291,66.68357],[13.00137,66.68386],[13.00271,66.68555],[13.00396,66.68467]],[[13.41463,66.68973],[13.41132,66.68894],[13.41432,66.68791],[13.41294,66.68678],[13.40853,66.68676],[13.40194,66.68796],[13.40517,66.68868],[13.40771,66.69065],[13.41451,66.69153]],[[13.4018,66.68899],[13.39699,66.68892],[13.37439,66.69034],[13.37346,66.69075],[13.37375,66.6915]],[[13.41436,66.6939],[13.42001,66.69368],[13.42212,66.69285],[13.4218,66.6925],[13.41451,66.69153]],[[13.07029,66.69955],[13.06795,66.69907],[13.06398,66.69962],[13.06378,66.70016],[13.06769,66.70024],[13.07029,66.69955]],[[13.25177,66.71584],[13.24716,66.71573],[13.24635,66.71612],[13.24682,66.71663],[13.24856,66.7167],[13.2518,66.71647],[13.25177,66.71584]],[[13.68867,66.71305],[13.69273,66.7138],[13.69479,66.7131]],[[13.30105,66.69434],[13.31064,66.69464],[13.31324,66.69432],[13.31637,66.69483],[13.31942,66.69419],[13.32669,66.69421],[13.33525,66.69323],[13.33587,66.69291],[13.33468,66.69252],[13.33722,66.69201],[13.34188,66.69252],[13.34912,66.69188],[13.35728,66.69227],[13.36464,66.69211],[13.36614,66.69143],[13.37189,66.69191],[13.37375,66.6915]],[[13.64063,66.69891],[13.64744,66.69851],[13.65771,66.69869],[13.67364,66.69826],[13.68042,66.6991]],[[13.04144,66.67119],[13.03852,66.67146],[13.03806,66.6704],[13.03467,66.66996],[13.03378,66.6703],[13.03397,66.67081],[13.03656,66.67137],[13.03352,66.67184],[13.03304,66.67242],[13.03401,66.67337],[13.03586,66.67306],[13.03825,66.67366],[13.03928,66.67526],[13.04203,66.67662],[13.04173,66.67735],[13.03984,66.67792],[13.03815,66.67939],[13.03934,66.68029],[13.0383,66.68265],[13.03993,66.68421],[13.04249,66.6841],[13.04355,66.68442],[13.04519,66.6883],[13.04876,66.68887],[13.05668,66.68897],[13.0642,66.69027],[13.06317,66.69049],[13.05751,66.68958],[13.05297,66.68939],[13.0481,66.69007],[13.05215,66.69108],[13.05514,66.69146],[13.05955,66.69112],[13.06738,66.69163],[13.06839,66.69136],[13.06655,66.69061],[13.06792,66.69007],[13.06699,66.68846],[13.06817,66.68573],[13.07196,66.68497],[13.07314,66.68515],[13.07345,66.68555],[13.07228,66.68579],[13.07091,66.68766],[13.07056,66.6899],[13.07337,66.69145],[13.07255,66.69289],[13.07446,66.69439]],[[13.51845,66.84693],[13.52412,66.84618]],[[13.11347,66.69399],[13.11199,66.69369],[13.10964,66.69158],[13.11063,66.68972],[13.10971,66.68794],[13.10852,66.68746],[13.10616,66.69116],[13.10668,66.69171],[13.10858,66.6919],[13.1093,66.6927],[13.10809,66.69299],[13.10648,66.6923],[13.10586,66.69337],[13.10713,66.69466],[13.10839,66.69499],[13.1089,66.69746],[13.11138,66.69755],[13.11263,66.6966],[13.11481,66.69627],[13.11467,66.69495],[13.11347,66.69399]],[[13.07097,66.69604],[13.0696,66.69371],[13.06858,66.69335],[13.06607,66.69323],[13.06274,66.6937],[13.06375,66.6925],[13.06264,66.69205],[13.05833,66.69189],[13.05541,66.69234],[13.06005,66.69336],[13.05813,66.6939],[13.05795,66.69434],[13.0668,66.6975],[13.07134,66.69791],[13.07097,66.69604]],[[13.28212,66.69865],[13.28103,66.6983],[13.27927,66.69858],[13.27776,66.69959],[13.27944,66.7003],[13.27644,66.70095],[13.27548,66.70189],[13.28186,66.70065],[13.28283,66.69961],[13.28212,66.69865]],[[13.07446,66.69439],[13.0759,66.69657],[13.0786,66.6977],[13.07855,66.69861],[13.08219,66.69998],[13.08473,66.69987],[13.08635,66.69865],[13.08806,66.69841],[13.09332,66.69649],[13.09726,66.69382],[13.09736,66.69115],[13.0955,66.68929],[13.09621,66.68869],[13.09748,66.68886],[13.09798,66.68856],[13.0972,66.68767],[13.09532,66.68825],[13.09384,66.68749],[13.09166,66.68438],[13.09579,66.68448],[13.09606,66.68384],[13.09913,66.68398],[13.10051,66.68317],[13.1004,66.68229],[13.09676,66.68025],[13.09625,66.67858],[13.09519,66.67794],[13.09553,66.67759],[13.09751,66.6776],[13.09771,66.67706],[13.09404,66.67289],[13.09257,66.67194],[13.09017,66.6718],[13.08875,66.67105],[13.08903,66.67059],[13.09185,66.67015],[13.0917,66.66805],[13.09245,66.66732],[13.09423,66.66694],[13.09296,66.66606],[13.09476,66.66556],[13.09484,66.66463],[13.09013,66.66336],[13.08744,66.66311],[13.08519,66.66337],[13.08249,66.66293]],[[13.1027,66.70059],[13.1037,66.70121],[13.10538,66.70136],[13.10605,66.70108],[13.10584,66.69993],[13.10891,66.69913],[13.1083,66.69827],[13.10585,66.69722],[13.10459,66.69781],[13.10493,66.69884],[13.10319,66.69936],[13.10172,66.69895],[13.10582,66.69598],[13.10548,66.69511],[13.10265,66.69319],[13.10305,66.6918],[13.10228,66.69149],[13.09964,66.69258],[13.09902,66.69405],[13.09608,66.69529],[13.09569,66.69627],[13.09321,66.69713],[13.09313,66.69806],[13.09182,66.6989],[13.08929,66.69817],[13.08836,66.69918],[13.08589,66.69994],[13.08645,66.70051],[13.0879,66.70065],[13.08891,66.69964],[13.09114,66.69918],[13.09136,66.70005],[13.09388,66.70097],[13.09904,66.702],[13.1027,66.70059]],[[13.52672,66.70918],[13.53157,66.70371],[13.535,66.70195],[13.54245,66.69936],[13.55376,66.69735],[13.56844,66.6961],[13.57752,66.69477],[13.58796,66.69428],[13.60901,66.69499],[13.61825,66.69683],[13.63184,66.69663],[13.63334,66.69733],[13.63613,66.69769],[13.63736,66.69846],[13.64063,66.69891]],[[13.27112,66.70573],[13.27057,66.70551],[13.26776,66.70578],[13.26544,66.70656],[13.27066,66.70652],[13.27112,66.70573]],[[13.26372,66.706],[13.25981,66.7064],[13.25915,66.7069],[13.25997,66.70716],[13.2642,66.70666],[13.26372,66.706]],[[13.60983,66.71237],[13.60436,66.71142],[13.59679,66.7108],[13.58898,66.71068],[13.57181,66.70966],[13.57154,66.71003],[13.57443,66.71076],[13.57578,66.71207]],[[13.29328,66.70856],[13.29714,66.70842],[13.29535,66.70762],[13.29794,66.70704],[13.28931,66.70732],[13.28572,66.70671],[13.28871,66.70636],[13.2885,66.70603],[13.27692,66.70617],[13.27408,66.70432],[13.27605,66.70332],[13.28214,66.70261],[13.28582,66.70277],[13.29375,66.70158],[13.29596,66.70039],[13.29829,66.70027],[13.29833,66.69991],[13.29248,66.70001],[13.28857,66.69949],[13.29187,66.69863],[13.28979,66.69816],[13.28995,66.69781],[13.29461,66.69646],[13.29308,66.69592],[13.2932,66.69551],[13.2963,66.6948],[13.30105,66.69434]],[[13.27137,66.70902],[13.27327,66.70877],[13.27324,66.70841],[13.27009,66.70826],[13.26157,66.70891]],[[13.28479,66.70917],[13.28616,66.70873],[13.29328,66.70856]],[[13.69479,66.7131],[13.69605,66.71244],[13.69603,66.71157],[13.70334,66.71106],[13.71594,66.70858],[13.71548,66.70515],[13.71333,66.70216],[13.71372,66.70097],[13.71494,66.7005],[13.71055,66.69939],[13.7058,66.69904],[13.69212,66.69979],[13.68717,66.69913],[13.68337,66.69992],[13.681,66.69975],[13.68052,66.69926]],[[13.2378,66.70915],[13.23512,66.70889],[13.23274,66.70909],[13.23159,66.70973],[13.23366,66.70982],[13.2378,66.70915]],[[13.60983,66.71237],[13.61551,66.71407],[13.62068,66.71455],[13.62531,66.7144],[13.63029,66.71324],[13.63561,66.7126]],[[13.28479,66.70917],[13.28314,66.71193],[13.27878,66.7098],[13.25105,66.71217],[13.25162,66.71348],[13.25567,66.71452],[13.26253,66.71484],[13.26476,66.7146]],[[13.24517,66.71242],[13.24126,66.71236],[13.2395,66.71267],[13.23898,66.71294],[13.23972,66.7138],[13.24165,66.71443],[13.2467,66.71485],[13.24915,66.71472],[13.24965,66.71392],[13.24857,66.7131],[13.24517,66.71242]],[[13.68501,66.71302],[13.68097,66.71336],[13.6809,66.71406],[13.68251,66.71498],[13.68814,66.71595],[13.69246,66.71562],[13.70135,66.71722],[13.70507,66.71736],[13.70668,66.71805],[13.71205,66.71787],[13.71641,66.71669],[13.72006,66.71633],[13.7246,66.71704],[13.7281,66.71818],[13.73107,66.71983],[13.74084,66.71963],[13.75285,66.72032]],[[13.23479,66.71379],[13.22955,66.7142],[13.22938,66.71547],[13.23144,66.71557],[13.2373,66.71484],[13.23678,66.71408],[13.23479,66.71379]],[[13.24349,66.71745],[13.24413,66.71596],[13.24003,66.7155],[13.2354,66.71582],[13.22905,66.717],[13.22306,66.71694],[13.22189,66.71661]],[[13.26476,66.7146],[13.26494,66.71494],[13.26697,66.71472],[13.26707,66.71615],[13.25296,66.7182]],[[13.46645,66.72057],[13.47632,66.71991],[13.47706,66.71778],[13.47481,66.7146]],[[13.25296,66.7182],[13.25028,66.71838]],[[13.75285,66.72032],[13.75934,66.7212],[13.77741,66.72118],[13.78069,66.72191],[13.7857,66.72222],[13.79456,66.72106],[13.80568,66.72069],[13.80927,66.72153],[13.81139,66.72324],[13.81343,66.72401],[13.8233,66.72387],[13.82931,66.72493],[13.85001,66.72489],[13.85503,66.72593],[13.86382,66.72652],[13.86601,66.72522]],[[13.2089,66.72038],[13.20561,66.7186],[13.20331,66.71883],[13.20232,66.71937],[13.20273,66.72047],[13.20514,66.72029],[13.20475,66.72149],[13.20713,66.72222],[13.20962,66.72188],[13.20989,66.72119],[13.2089,66.72038]],[[13.25028,66.71838],[13.2471,66.71887],[13.24782,66.72084],[13.24483,66.71944],[13.24275,66.72013],[13.24432,66.72111],[13.24318,66.72147],[13.24098,66.72122],[13.23948,66.72006],[13.23712,66.71951],[13.23868,66.7187],[13.24147,66.71827],[13.24349,66.71745]],[[13.22139,66.71588],[13.21978,66.71467],[13.21666,66.71444],[13.20957,66.71556],[13.20692,66.71683],[13.20834,66.71939],[13.21205,66.72043],[13.21201,66.72186],[13.21652,66.71861],[13.21841,66.71792],[13.21964,66.71798]],[[13.47481,66.7146],[13.47706,66.71379],[13.47878,66.71614],[13.48012,66.71673],[13.48696,66.7179],[13.48977,66.71968],[13.49365,66.72106],[13.49627,66.72123],[13.4987,66.72264],[13.50106,66.72277],[13.50712,66.72087],[13.50912,66.7214],[13.51093,66.72337],[13.51299,66.72412],[13.51374,66.72471],[13.51331,66.7254],[13.52171,66.72636],[13.52572,66.726]],[[13.90029,66.73025],[13.90178,66.72962],[13.90162,66.72799],[13.8991,66.72705],[13.89621,66.72683],[13.89168,66.72544],[13.88492,66.72502],[13.87868,66.72564],[13.87492,66.72499],[13.87175,66.72489],[13.86601,66.72522]],[[13.65646,66.71278],[13.65806,66.71344],[13.66378,66.71369],[13.66513,66.71451],[13.6675,66.715],[13.6703,66.71488],[13.67237,66.71579],[13.67423,66.71709],[13.66959,66.71962],[13.66921,66.72111],[13.67137,66.7228],[13.67701,66.72474],[13.68026,66.72479],[13.68721,66.72348],[13.69004,66.7233],[13.69179,66.72228],[13.69347,66.72214],[13.70777,66.72418],[13.70917,66.72464],[13.71199,66.72739],[13.71387,66.72826],[13.72705,66.72903],[13.73836,66.73058],[13.74022,66.72981],[13.74275,66.72947],[13.75235,66.73006]],[[13.75235,66.73006],[13.76051,66.73053],[13.76548,66.73235],[13.77274,66.73327],[13.77515,66.73323],[13.77978,66.73181],[13.78837,66.73057],[13.79301,66.72898],[13.8051,66.73],[13.80977,66.7294],[13.81751,66.72953],[13.82196,66.72999],[13.82746,66.72984],[13.84395,66.73074],[13.86576,66.73057]],[[13.41194,66.73143],[13.41375,66.73089],[13.41843,66.73039],[13.42048,66.72822],[13.42178,66.72782],[13.42728,66.72848],[13.43683,66.72789],[13.43956,66.72854],[13.44567,66.72894],[13.45,66.73095],[13.45787,66.7298],[13.46161,66.72413],[13.4614,66.72265],[13.45974,66.7214],[13.46318,66.72065],[13.46645,66.72057]],[[13.51117,66.73991],[13.51484,66.73957],[13.51684,66.74006],[13.51682,66.74053],[13.51379,66.74078]],[[13.50319,66.74087],[13.51117,66.73991]],[[13.22057,66.71829],[13.21734,66.72181],[13.21516,66.72288],[13.21725,66.72588],[13.22084,66.72662],[13.22576,66.72689],[13.22696,66.72756],[13.22966,66.72759],[13.2296,66.72812],[13.23101,66.72854],[13.24078,66.72864],[13.24229,66.72917],[13.23955,66.72928],[13.23932,66.72956],[13.24441,66.73066],[13.24584,66.73063],[13.24524,66.72998],[13.24626,66.72977],[13.24855,66.73082],[13.25432,66.73089],[13.25657,66.73141],[13.26121,66.73167],[13.26117,66.732],[13.25859,66.73234],[13.26383,66.733]],[[13.29838,66.73299],[13.30562,66.73281],[13.30729,66.7323],[13.31653,66.73226],[13.32026,66.7307],[13.32453,66.73136],[13.3309,66.73125],[13.34228,66.73243],[13.34907,66.73244],[13.35213,66.73212],[13.36544,66.73327],[13.37394,66.73321],[13.37815,66.73412],[13.38437,66.73446],[13.38632,66.7342],[13.38793,66.73314],[13.3932,66.7333],[13.39362,66.73275],[13.39502,66.7326],[13.39628,66.73293],[13.39672,66.73359],[13.39876,66.73378],[13.40028,66.73362],[13.40048,66.73285],[13.40187,66.73238],[13.41194,66.73143]],[[13.26383,66.733],[13.26689,66.73314],[13.2655,66.7338],[13.26666,66.73429],[13.27442,66.73489],[13.2902,66.73466],[13.29358,66.7334],[13.29838,66.73299]],[[13.01058,66.7332],[13.0111,66.73287],[13.01004,66.73108],[13.00833,66.7317],[13.00833,66.73284],[13.01058,66.7332]],[[13.55433,66.73933],[13.55391,66.73749],[13.5501,66.73633],[13.55152,66.73492],[13.55506,66.73433],[13.55696,66.73342],[13.55464,66.73235],[13.55383,66.72929],[13.55162,66.72834],[13.55229,66.72766],[13.55992,66.72564],[13.56226,66.72416],[13.55726,66.72052],[13.56428,66.72035],[13.56663,66.71993],[13.5679,66.71817],[13.56465,66.71539],[13.57265,66.71462],[13.57527,66.71354],[13.57578,66.71207]],[[12.99951,66.73333],[13.00111,66.73356],[13.0015,66.73274],[12.99978,66.73152]],[[13.08529,66.7327],[13.0826,66.73226],[13.08015,66.73289],[13.08288,66.73438],[13.0861,66.73474],[13.0872,66.73383],[13.08529,66.7327]],[[13.52308,66.73949],[13.51292,66.7387],[13.50735,66.73755],[13.50344,66.7378],[13.50144,66.73831],[13.49686,66.73774]],[[13.52491,66.7396],[13.52897,66.73922]],[[13.52897,66.73922],[13.53345,66.739],[13.54053,66.73939],[13.54656,66.74194]],[[13.01864,66.73236],[13.0176,66.73258],[13.01844,66.73441],[13.02183,66.73638],[13.02256,66.73574],[13.02209,66.73525],[13.02349,66.73426],[13.01994,66.73251],[13.01864,66.73236]],[[13.54656,66.74194],[13.54885,66.74206],[13.5507,66.74262],[13.55296,66.74227],[13.55448,66.74071],[13.55433,66.73933]],[[13.01943,66.73555],[13.01708,66.73468],[13.0164,66.73307],[13.01277,66.73198],[13.01143,66.73087],[13.00992,66.73097],[13.00925,66.73031],[13.00805,66.73023],[13.0053,66.73101],[13.00405,66.7301],[13.00193,66.73063],[13.00176,66.7312],[13.00572,66.73463],[13.01004,66.73566],[13.01231,66.73535],[13.01972,66.73686],[13.01943,66.73555]],[[13.42711,66.75552],[13.41983,66.7542],[13.41051,66.75362]],[[13.13139,66.73748],[13.12957,66.73761],[13.13237,66.73954],[13.1337,66.73981],[13.13422,66.73924],[13.13338,66.73824],[13.13139,66.73748]],[[13.07095,66.73936],[13.07328,66.73953],[13.07393,66.73875],[13.07535,66.73888],[13.07623,66.73833],[13.07372,66.7366],[13.07119,66.73623]],[[13.15773,66.73845],[13.15647,66.7384],[13.15592,66.73892],[13.15743,66.7407],[13.15897,66.73924],[13.15773,66.73845]],[[13.14741,66.73973],[13.14516,66.73925],[13.14408,66.73992],[13.14673,66.74087],[13.15019,66.7408],[13.14741,66.73973]],[[13.49686,66.73774],[13.49179,66.73759],[13.48007,66.7386],[13.47285,66.73961],[13.4724,66.74028],[13.47485,66.74066],[13.47887,66.74308],[13.48224,66.74414],[13.48533,66.74381],[13.49273,66.74446],[13.49574,66.74436],[13.49629,66.74525],[13.49821,66.74541],[13.49945,66.74519],[13.49815,66.74355],[13.49914,66.74051],[13.50072,66.74037],[13.50319,66.74087]],[[13.08819,66.73887],[13.08574,66.73756],[13.08341,66.73827],[13.08237,66.73706],[13.08018,66.73705],[13.08211,66.73932],[13.08277,66.73935],[13.08326,66.73869],[13.08417,66.73893],[13.08609,66.74136],[13.08775,66.74043],[13.08819,66.73887]],[[13.0709,66.73998],[13.06941,66.74079],[13.07078,66.74152]],[[13.54516,66.74387],[13.54762,66.74313],[13.5501,66.74305],[13.54714,66.74667],[13.55122,66.7459],[13.55104,66.7466],[13.55397,66.74563],[13.55466,66.74386],[13.55649,66.74349],[13.56008,66.74406],[13.56162,66.74614]],[[13.56137,66.74719],[13.56162,66.74614]],[[13.5407,66.74731],[13.54434,66.74635],[13.54665,66.74519],[13.54457,66.74504],[13.54516,66.74387]],[[13.07078,66.74152],[13.07502,66.74217],[13.07671,66.74164],[13.07854,66.7428],[13.07959,66.74255],[13.07956,66.74139],[13.07857,66.74095],[13.07688,66.74132],[13.0737,66.74019],[13.0709,66.73998]],[[13.74815,66.75384],[13.75002,66.75472]],[[13.51379,66.74078],[13.51344,66.74133],[13.51534,66.74257],[13.51485,66.74386],[13.51356,66.74462],[13.51409,66.74541],[13.51856,66.74686],[13.52442,66.74768]],[[13.0852,66.7414],[13.08369,66.74105],[13.08279,66.7418],[13.08448,66.74246],[13.08443,66.7431],[13.08605,66.74255],[13.0852,66.7414]],[[13.10353,66.74274],[13.10248,66.74247],[13.10209,66.74334],[13.10506,66.74477],[13.10353,66.74274]],[[13.52442,66.74768],[13.52719,66.74818],[13.53145,66.74835],[13.53318,66.74951],[13.535,66.7496],[13.5371,66.74818],[13.5407,66.74731]],[[13.0978,66.74286],[13.09705,66.74291],[13.0962,66.74397],[13.09866,66.74519],[13.09932,66.74453],[13.0978,66.74286]],[[13.09546,66.74476],[13.09412,66.74467],[13.09353,66.74542],[13.09516,66.74662],[13.09665,66.74543],[13.09546,66.74476]],[[13.12723,66.74523],[13.12558,66.74519],[13.12519,66.74629],[13.12736,66.74757],[13.13036,66.74848],[13.13006,66.74654],[13.12723,66.74523]],[[13.1394,66.74987],[13.13846,66.74987],[13.1394,66.74987]],[[13.15415,66.7514],[13.15914,66.75158],[13.16071,66.75198],[13.16493,66.75123],[13.16754,66.75138],[13.16909,66.75012],[13.16826,66.7499],[13.16889,66.74987],[13.16876,66.74858],[13.1674,66.74661],[13.15637,66.74346],[13.15262,66.74286],[13.14633,66.74287],[13.14581,66.74337],[13.1479,66.74498],[13.15148,66.74624],[13.14918,66.74673],[13.14352,66.74333],[13.13965,66.74244],[13.13671,66.7425],[13.13559,66.74332],[13.13585,66.74413],[13.13982,66.74492],[13.14255,66.74644],[13.14078,66.7466],[13.13809,66.74551],[13.13607,66.74524],[13.13627,66.74634],[13.13838,66.74744],[13.15193,66.75195],[13.15329,66.75203],[13.1531,66.7516],[13.15415,66.7514]],[[13.27078,66.75344],[13.27131,66.75298],[13.27052,66.75153],[13.27178,66.751],[13.271,66.75071],[13.26834,66.75098],[13.2663,66.75063],[13.26718,66.75008],[13.27112,66.74949],[13.28022,66.74988],[13.28811,66.7514],[13.29061,66.75231],[13.29701,66.75287]],[[13.29701,66.75287],[13.29974,66.75273],[13.3101,66.75353],[13.31509,66.75262],[13.31457,66.75175],[13.31623,66.75119],[13.33354,66.7511],[13.33644,66.75015],[13.34542,66.75035],[13.34883,66.75011],[13.35228,66.75057],[13.37332,66.75152],[13.37677,66.75227],[13.38193,66.75422],[13.38985,66.7549],[13.39664,66.7551],[13.39805,66.75469],[13.39794,66.75422],[13.40396,66.75322],[13.41051,66.75362]],[[13.25439,66.7537],[13.25016,66.7494],[13.242,66.74872],[13.24175,66.7494],[13.2449,66.75015],[13.24752,66.75132],[13.24877,66.75294],[13.25011,66.75233],[13.25203,66.75279],[13.25153,66.75367]],[[13.26489,66.75382],[13.26283,66.75111],[13.26,66.74967],[13.25605,66.75022],[13.25736,66.75307],[13.25908,66.75375]],[[13.26703,66.75384],[13.26837,66.75323],[13.27078,66.75344]],[[13.56843,66.75686],[13.5611,66.7553],[13.55888,66.75551],[13.55785,66.7564],[13.55662,66.7565],[13.55222,66.7556],[13.54796,66.75524],[13.5491,66.75434],[13.55742,66.75227],[13.55739,66.74974],[13.55896,66.74925],[13.55977,66.74777],[13.56137,66.74719]],[[13.68422,66.75787],[13.69131,66.75728],[13.69533,66.755],[13.69895,66.7543],[13.7158,66.75473],[13.72077,66.75439],[13.72837,66.75458],[13.7313,66.75372],[13.74063,66.75345],[13.74699,66.75348],[13.74815,66.75384]],[[13.75699,66.75846],[13.75634,66.757],[13.75774,66.75628],[13.75759,66.75546],[13.7511,66.75486]],[[13.25908,66.75375],[13.26135,66.75504],[13.26406,66.75528],[13.26489,66.75382]],[[13.75088,66.75921],[13.75592,66.75926],[13.75699,66.75846]],[[13.56843,66.75686],[13.57617,66.75785],[13.57879,66.75735]],[[13.57879,66.75735],[13.57984,66.75711],[13.58475,66.75818]],[[13.25153,66.75367],[13.25257,66.75519],[13.25448,66.75578],[13.25506,66.75509],[13.25439,66.7537]],[[13.63726,66.7601],[13.63977,66.75966],[13.64562,66.75967],[13.65097,66.75887],[13.65352,66.75934],[13.67239,66.75791],[13.68422,66.75787]],[[13.58475,66.75818],[13.58808,66.7603],[13.59869,66.76025],[13.60201,66.76092],[13.60852,66.76145],[13.62232,66.76073],[13.62814,66.75974],[13.63121,66.76061],[13.63726,66.7601]],[[13.52329,66.76662],[13.53085,66.76682],[13.5279,66.76515],[13.52339,66.76492]],[[13.26703,66.75384],[13.26705,66.75604],[13.26558,66.75626],[13.26276,66.75595],[13.26129,66.75514],[13.25979,66.75521],[13.25932,66.75558],[13.26092,66.75582],[13.26093,66.75623],[13.25857,66.75723],[13.26234,66.7591],[13.26458,66.75929],[13.26682,66.75898],[13.27098,66.76]],[[13.6712,66.76559],[13.67648,66.7647],[13.69445,66.76379],[13.69746,66.76324],[13.70106,66.76196],[13.70737,66.761],[13.72251,66.76084],[13.73367,66.75971],[13.75088,66.75921]],[[13.65661,66.76833],[13.663,66.76753],[13.66619,66.76595],[13.6712,66.76559]],[[13.27098,66.76],[13.27743,66.76341]],[[13.53139,66.77731],[13.5307,66.77623],[13.52905,66.77583],[13.52951,66.77495],[13.53287,66.77497],[13.53618,66.77432],[13.53819,66.77361],[13.53749,66.77253],[13.54135,66.77304],[13.54316,66.77193],[13.54664,66.77221],[13.54497,66.77154]],[[13.52262,66.77781],[13.5232,66.77759],[13.52264,66.7774]],[[13.15508,66.76211],[13.15651,66.76181],[13.15886,66.76197],[13.15668,66.76166],[13.15411,66.75968],[13.15188,66.759],[13.14907,66.75889],[13.14761,66.75792],[13.1455,66.75754],[13.14461,66.75772],[13.14382,66.75817],[13.14414,66.75923],[13.14727,66.76],[13.14694,66.75942],[13.14805,66.76021],[13.15202,66.76122],[13.15313,66.762],[13.15508,66.76211]],[[13.25292,66.76283],[13.25147,66.763],[13.25347,66.7638],[13.25484,66.76406],[13.25656,66.76384],[13.25292,66.76283]],[[13.52339,66.76492],[13.52037,66.76496],[13.51989,66.7656],[13.52081,66.76668],[13.52329,66.76662]],[[13.1334,66.76393],[13.13322,66.76358],[13.1364,66.76291],[13.13588,66.76188],[13.13082,66.76099],[13.12722,66.75964],[13.12604,66.75831],[13.1266,66.75785],[13.12362,66.75743],[13.12292,66.75666],[13.12187,66.75729],[13.12284,66.75952],[13.12204,66.75937],[13.12039,66.75775],[13.118,66.75663],[13.11719,66.75466],[13.11672,66.75496],[13.1161,66.75412],[13.11499,66.75403],[13.11426,66.75559],[13.11307,66.7544],[13.1138,66.75347],[13.11241,66.75317],[13.11101,66.75379],[13.11069,66.75319],[13.10967,66.75324],[13.10877,66.75416],[13.11201,66.75439],[13.10934,66.75476],[13.10839,66.75587],[13.11171,66.75731],[13.10915,66.75676],[13.10871,66.75741],[13.11175,66.75883],[13.11222,66.75962],[13.11554,66.76033],[13.11755,66.76027],[13.12093,66.76206],[13.12618,66.76321],[13.13083,66.76392],[13.1334,66.76393]],[[13.08506,66.76296],[13.08574,66.76118],[13.08478,66.76117],[13.08478,66.76151],[13.08442,66.76117],[13.08126,66.76109],[13.08051,66.76171],[13.07992,66.76146],[13.08049,66.76107],[13.0776,66.76008],[13.07094,66.7597],[13.07914,66.7625],[13.08104,66.76246],[13.0813,66.76288],[13.07894,66.76271],[13.07956,66.76315],[13.08192,66.76349],[13.08506,66.76296]],[[13.63673,66.76959],[13.65661,66.76833]],[[13.27743,66.76341],[13.27921,66.76541],[13.2914,66.76682],[13.29595,66.76823]],[[13.41474,66.78445],[13.4085,66.78475]],[[13.54497,66.77154],[13.53898,66.76879],[13.53284,66.7673],[13.53285,66.76665],[13.53452,66.76609],[13.53447,66.76482],[13.53912,66.76475],[13.54402,66.76563],[13.5526,66.76564],[13.56193,66.76712],[13.56972,66.76695],[13.57874,66.76899],[13.58363,66.76919],[13.59948,66.77089],[13.61004,66.77078],[13.61144,66.7712],[13.62372,66.77138],[13.62633,66.77052],[13.63673,66.76959]],[[13.06908,66.76321],[13.06416,66.76265],[13.06259,66.7629],[13.06185,66.76384],[13.06484,66.76599],[13.06882,66.76647]],[[13.06882,66.76647],[13.0736,66.76694],[13.0787,66.76674],[13.08296,66.76626],[13.08322,66.76587],[13.07829,66.76444],[13.07559,66.76411],[13.07519,66.76443],[13.07454,66.764],[13.06908,66.76321]],[[13.5222,66.78476],[13.5236,66.78427],[13.52225,66.78396]],[[13.52272,66.77601],[13.52456,66.77622],[13.5275,66.77548],[13.52807,66.77766],[13.53065,66.77792],[13.53139,66.77731]],[[13.50684,66.77541],[13.50385,66.77544],[13.50295,66.77613],[13.50337,66.77727],[13.50498,66.77789],[13.50831,66.77682],[13.50684,66.77541]],[[13.52272,66.77601],[13.51747,66.77491],[13.52162,66.7739],[13.51998,66.77281],[13.51623,66.7741],[13.51588,66.77468],[13.51003,66.77512],[13.50957,66.77626],[13.51298,66.77789],[13.52264,66.7774]],[[13.46316,66.77648],[13.46543,66.77623],[13.46734,66.77644],[13.47399,66.7784],[13.47918,66.77543],[13.47798,66.76938],[13.47346,66.76556],[13.46985,66.76397],[13.45997,66.76113],[13.43805,66.75695],[13.43239,66.75659],[13.42711,66.75552]],[[13.29595,66.76823],[13.29961,66.77009],[13.30381,66.77071],[13.30513,66.77196],[13.30964,66.7725],[13.31106,66.77418],[13.32475,66.777]],[[13.45791,66.77849],[13.46178,66.77782],[13.46316,66.77648]],[[13.40897,66.77751],[13.41583,66.77689],[13.42163,66.77853],[13.42481,66.77811],[13.42693,66.77726],[13.42923,66.77748],[13.43143,66.77819],[13.43498,66.77771],[13.43891,66.77876],[13.43996,66.77949],[13.44439,66.77877],[13.45222,66.7792],[13.45791,66.77849]],[[13.28877,66.80759],[13.28734,66.80785],[13.28894,66.80939],[13.28998,66.80886],[13.28877,66.80759]],[[13.37742,66.77788],[13.37918,66.77744],[13.38516,66.77774],[13.3886,66.77954],[13.40231,66.77782],[13.40641,66.77791],[13.40897,66.77751]],[[13.09728,66.77312],[13.09364,66.77309],[13.09224,66.77494],[13.09216,66.7756],[13.09315,66.77597],[13.0919,66.77612],[13.09237,66.77639],[13.09875,66.77684],[13.10049,66.77643],[13.10169,66.7746],[13.10029,66.77356],[13.09728,66.77312]],[[13.52262,66.77781],[13.52175,66.77794],[13.5217,66.77882],[13.51693,66.77865],[13.51617,66.78079],[13.51328,66.78154],[13.51715,66.78308],[13.52225,66.78396]],[[13.32475,66.777],[13.32794,66.77796],[13.33202,66.77801],[13.33806,66.77901],[13.34337,66.78056],[13.34785,66.78228],[13.34798,66.78413]],[[13.49383,66.78175],[13.49795,66.7815],[13.49925,66.7817],[13.49997,66.78233],[13.49976,66.78306],[13.49561,66.78312],[13.49407,66.7838],[13.49397,66.78477],[13.49687,66.78517],[13.49886,66.78428],[13.50539,66.78338],[13.5072,66.78259],[13.50725,66.78171],[13.50384,66.78034],[13.50443,66.77973],[13.5038,66.7791],[13.4963,66.77573],[13.49331,66.77626],[13.49252,66.77681],[13.4967,66.77934],[13.49472,66.77987],[13.49176,66.7797],[13.48842,66.78008],[13.48503,66.78186],[13.47806,66.78394],[13.47746,66.78437],[13.47864,66.78462],[13.47882,66.7851],[13.47693,66.78682],[13.48144,66.78601],[13.48358,66.78516],[13.48568,66.78498],[13.49383,66.78175]],[[13.36063,66.78447],[13.36417,66.78495],[13.36604,66.78552],[13.36616,66.78597],[13.36765,66.78599],[13.36927,66.78547],[13.37362,66.78539],[13.37571,66.78437],[13.37511,66.78165],[13.37812,66.77905],[13.3784,66.77836],[13.37742,66.77788]],[[13.46938,66.78584],[13.46226,66.78564],[13.45894,66.78636],[13.45658,66.78798],[13.45816,66.78845],[13.46036,66.78836],[13.46938,66.78584]],[[13.34798,66.78413],[13.3472,66.78506],[13.34347,66.78508],[13.34559,66.78683],[13.34953,66.78754],[13.35224,66.78719],[13.35261,66.78631],[13.354,66.78624],[13.35775,66.78791],[13.35879,66.78693],[13.35873,66.78479],[13.36063,66.78447]],[[13.21803,66.7924],[13.2179,66.79262],[13.21803,66.7924]],[[13.369,66.78705],[13.36597,66.78698],[13.36442,66.78818],[13.3679,66.78872],[13.37018,66.78854],[13.37084,66.78768],[13.37008,66.7871],[13.369,66.78705]],[[13.4085,66.78475],[13.40533,66.78648],[13.39955,66.78732],[13.39859,66.78777],[13.40495,66.78925],[13.40529,66.79],[13.40407,66.79031]],[[13.40407,66.79031],[13.40122,66.79121],[13.40224,66.79208],[13.40366,66.79229],[13.40803,66.79201]],[[13.96199,66.7972],[13.97043,66.79596],[13.97649,66.79565]],[[13.23491,66.79835],[13.23672,66.79909],[13.23786,66.79839]],[[13.12195,66.78945],[13.12324,66.78913],[13.12269,66.78876],[13.1207,66.78828],[13.11746,66.78819],[13.11562,66.78565],[13.10715,66.78501],[13.10755,66.78521],[13.10407,66.78512],[13.10339,66.78623],[13.10503,66.78733],[13.10701,66.78766],[13.10735,66.7884],[13.11116,66.78885],[13.11525,66.78822],[13.11324,66.78896],[13.11446,66.78934],[13.12195,66.78945]],[[13.86269,66.79714],[13.87963,66.79702],[13.9049,66.79499],[13.93727,66.79643],[13.95398,66.79864],[13.95891,66.79845],[13.96199,66.7972]],[[13.22225,66.79048],[13.22113,66.79051],[13.22115,66.79097],[13.22451,66.79205],[13.22723,66.79278],[13.22991,66.79284],[13.22987,66.79203],[13.22559,66.7908],[13.22225,66.79048]],[[13.40803,66.79201],[13.41031,66.79238],[13.41234,66.79331],[13.40937,66.79441],[13.40951,66.79478],[13.41231,66.79464],[13.41282,66.79525],[13.41994,66.79609],[13.42594,66.79582],[13.4286,66.7966],[13.43221,66.79632],[13.43601,66.79658],[13.43679,66.7968],[13.43636,66.79704],[13.4394,66.7976],[13.44269,66.79768],[13.44633,66.79685],[13.44331,66.79534],[13.44128,66.79487],[13.44264,66.79368],[13.44885,66.79309],[13.45248,66.79394],[13.45674,66.79371],[13.45968,66.79307],[13.4601,66.79175],[13.46205,66.79111],[13.46365,66.79369],[13.46561,66.79396],[13.47173,66.7923],[13.47818,66.78967],[13.47339,66.78993],[13.46978,66.78959],[13.47035,66.78868],[13.47255,66.78845],[13.47576,66.78712],[13.47362,66.78568],[13.47179,66.78596],[13.46832,66.78811],[13.46237,66.78978],[13.46308,66.79046],[13.46186,66.79096],[13.46091,66.79049],[13.45475,66.7905],[13.45428,66.78854],[13.45136,66.78642],[13.44209,66.7845],[13.44034,66.78364],[13.43626,66.78327],[13.43565,66.78282],[13.43118,66.78325],[13.42277,66.7833],[13.41474,66.78445]],[[13.22876,66.79624],[13.22721,66.79627],[13.2274,66.79705],[13.22935,66.79805],[13.23143,66.79825],[13.23012,66.79642],[13.22876,66.79624]],[[13.21166,66.79809],[13.21051,66.7975],[13.20557,66.79796],[13.20228,66.79782],[13.20127,66.79734],[13.1971,66.79756],[13.19726,66.79793]],[[13.22383,66.79823],[13.21385,66.79608],[13.21144,66.79611],[13.2099,66.79659],[13.21166,66.79809]],[[13.49731,66.80107],[13.49777,66.79732],[13.50272,66.79439],[13.50122,66.79288],[13.49874,66.79209],[13.4952,66.79283],[13.49336,66.79418],[13.48921,66.79584],[13.48743,66.79434],[13.48964,66.79403],[13.49703,66.79052],[13.4969,66.78945],[13.4996,66.78817],[13.50373,66.78732],[13.5117,66.78748],[13.51501,66.78613],[13.5222,66.78476]],[[13.74646,66.84603],[13.75188,66.84512]],[[13.76366,66.80337],[13.76732,66.80225],[13.77217,66.80282],[13.78555,66.80044],[13.79488,66.80003],[13.80261,66.79895],[13.81017,66.79735],[13.81688,66.79534],[13.81985,66.79492],[13.82406,66.79571],[13.83071,66.79559],[13.83732,66.79679],[13.8409,66.79662],[13.85316,66.79739],[13.86269,66.79714]],[[13.98865,66.80497],[13.99075,66.80258],[13.99544,66.80078],[14.00097,66.79774]],[[14.00097,66.79774],[13.99936,66.7968],[13.99293,66.79637],[13.98972,66.7955],[13.98576,66.79527]],[[13.06638,66.7975],[13.06526,66.79859],[13.06627,66.79897]],[[13.49731,66.80107],[13.49772,66.80256],[13.50077,66.80379],[13.50605,66.80345],[13.51126,66.80415],[13.51493,66.80404],[13.52115,66.80227]],[[13.97599,66.80769],[13.97971,66.8082],[13.98151,66.80805],[13.98464,66.80716],[13.98865,66.80497]],[[13.74854,66.80521],[13.75171,66.80505],[13.75483,66.80439],[13.76003,66.80486],[13.76366,66.80337]],[[13.23643,66.79941],[13.2334,66.7999],[13.23321,66.80026],[13.23744,66.80044],[13.23768,66.79984],[13.23643,66.79941]],[[13.52115,66.80227],[13.5314,66.80259],[13.53243,66.80477],[13.53594,66.80552],[13.53866,66.80549],[13.54374,66.80449],[13.54854,66.80417],[13.58349,66.80502]],[[13.58349,66.80502],[13.58657,66.80591],[13.58514,66.8066],[13.58564,66.80697],[13.58672,66.80694],[13.58748,66.80639],[13.58984,66.80634],[13.59406,66.80692],[13.60333,66.80644],[13.60723,66.80685]],[[13.90556,66.80771],[13.91898,66.80738],[13.93329,66.80838],[13.9407,66.81073],[13.94323,66.811]],[[13.94323,66.811],[13.94523,66.81095],[13.95266,66.80903],[13.95902,66.80659],[13.96596,66.80655],[13.97153,66.80772],[13.97599,66.80769]],[[13.8621,66.81002],[13.87696,66.81071],[13.87873,66.80998],[13.89034,66.80995],[13.9,66.80815],[13.90556,66.80771]],[[13.31837,66.80544],[13.3156,66.80564],[13.31515,66.80611],[13.31679,66.80662],[13.31888,66.80652],[13.31837,66.80544]],[[13.60723,66.80685],[13.61469,66.80845],[13.62242,66.81118],[13.62709,66.81137],[13.63255,66.81265],[13.63434,66.81265]],[[13.63434,66.81265],[13.64511,66.8125],[13.64755,66.81365],[13.64869,66.81368],[13.65971,66.81236],[13.67186,66.81188],[13.68286,66.81255],[13.69218,66.81263],[13.70329,66.81341],[13.70448,66.81176],[13.70369,66.81093],[13.70437,66.81028],[13.7061,66.81],[13.70975,66.81026],[13.71565,66.80971],[13.71618,66.80927],[13.71523,66.80873],[13.71605,66.80758],[13.72222,66.80578],[13.72418,66.80553],[13.73069,66.80591],[13.74403,66.80583],[13.74854,66.80521]],[[13.06627,66.79897],[13.06933,66.79989],[13.07106,66.79923],[13.07323,66.79933],[13.0702,66.80008],[13.07298,66.80148],[13.0752,66.80112],[13.07513,66.80143],[13.0798,66.80226],[13.08311,66.80172],[13.08599,66.80229],[13.08135,66.80239],[13.08035,66.8029],[13.08411,66.80322],[13.08613,66.80401],[13.08755,66.80461],[13.08889,66.80635],[13.09092,66.80696],[13.09157,66.80798],[13.09291,66.80787],[13.09348,66.80636],[13.09155,66.80522],[13.09066,66.80352],[13.08671,66.80242],[13.08827,66.8019],[13.089,66.80035],[13.0871,66.80036],[13.08776,66.8],[13.08567,66.79893],[13.08247,66.79855],[13.07977,66.79735],[13.07879,66.79801],[13.07965,66.79954],[13.07755,66.79815],[13.07642,66.79849],[13.07726,66.798],[13.07524,66.79709],[13.07393,66.79712],[13.07293,66.79784],[13.07084,66.7982],[13.07087,66.799],[13.07003,66.799],[13.06638,66.7975]],[[13.71149,66.81192],[13.70817,66.81146],[13.7057,66.81206],[13.71052,66.81353],[13.71073,66.81457],[13.71185,66.81483],[13.71406,66.81444],[13.71411,66.81308],[13.71149,66.81192]],[[13.52055,66.81223],[13.51818,66.81273],[13.51882,66.81319],[13.52049,66.81322]],[[13.52049,66.81322],[13.52463,66.81289],[13.53376,66.8129],[13.53445,66.81223],[13.53238,66.81138],[13.52912,66.8113],[13.52055,66.81223]],[[13.34153,66.8272],[13.33916,66.82636],[13.33516,66.82638],[13.33405,66.82671],[13.33524,66.82781],[13.33853,66.82894],[13.34193,66.82876],[13.34153,66.8272]],[[13.22766,66.82667],[13.22441,66.82667],[13.22434,66.82767],[13.22739,66.82724],[13.22766,66.82667]],[[13.76358,66.83275],[13.76929,66.83305],[13.77143,66.83265],[13.76583,66.83123]],[[13.74717,66.83209],[13.74524,66.83205],[13.74486,66.83253],[13.7471,66.83338]],[[13.31213,66.82949],[13.31108,66.8293],[13.30972,66.82963],[13.3129,66.83113],[13.31213,66.82949]],[[13.19726,66.79793],[13.19992,66.79835],[13.19642,66.8002],[13.1968,66.80058],[13.19057,66.80184],[13.18824,66.80134],[13.18628,66.8021],[13.19438,66.80955],[13.19831,66.81121],[13.19951,66.81132],[13.20601,66.81024],[13.21089,66.80998],[13.21496,66.80883],[13.22031,66.80942],[13.22626,66.81081],[13.23372,66.81084],[13.23449,66.80977],[13.23246,66.80898],[13.23186,66.80821],[13.23446,66.80581],[13.2359,66.80547],[13.23608,66.80332],[13.23452,66.8032],[13.23264,66.802],[13.23249,66.80062],[13.23047,66.80054],[13.2294,66.79935],[13.22383,66.79823]],[[13.28459,66.81154],[13.28356,66.81146],[13.28335,66.81208],[13.2849,66.81355],[13.28562,66.8131],[13.28459,66.81154]],[[13.40647,66.81609],[13.40507,66.81607],[13.40109,66.81707],[13.39604,66.81656],[13.39597,66.81786],[13.39106,66.81783],[13.38913,66.81719]],[[13.29243,66.81886],[13.29337,66.81792],[13.29253,66.8174]],[[13.38913,66.81719],[13.38415,66.81496],[13.37679,66.81387],[13.3681,66.81323],[13.3612,66.81211],[13.35194,66.81133],[13.34923,66.81206],[13.34262,66.81232],[13.34154,66.81114],[13.3395,66.81074],[13.33866,66.81095],[13.33906,66.81186],[13.34139,66.81294],[13.34337,66.81611],[13.34412,66.819],[13.34254,66.81986]],[[13.34254,66.81986],[13.34221,66.81988]],[[13.31237,66.81539],[13.31086,66.81561],[13.31018,66.81701],[13.31103,66.81848],[13.31276,66.81957],[13.31237,66.81539]],[[13.31845,66.81497],[13.3172,66.8148],[13.31574,66.81637],[13.32109,66.82059],[13.32219,66.81912],[13.31845,66.81497]],[[13.29253,66.8174],[13.29112,66.81726],[13.29051,66.81806],[13.28797,66.81848],[13.28848,66.81954],[13.28617,66.82019],[13.28609,66.82106],[13.2874,66.82192],[13.2891,66.82177],[13.29046,66.82103],[13.29243,66.81886]],[[13.41648,66.82477],[13.41797,66.82461],[13.42055,66.82285],[13.42611,66.82296],[13.42641,66.82249],[13.42043,66.82125],[13.41667,66.81949],[13.41659,66.81852],[13.41292,66.81693],[13.40647,66.81609]],[[13.33062,66.82859],[13.33127,66.82768],[13.3293,66.82491],[13.31703,66.82648],[13.31721,66.82728],[13.31968,66.82766],[13.32942,66.8282],[13.3292,66.82851],[13.32319,66.82835],[13.32728,66.82966],[13.32978,66.82952],[13.33062,66.82859]],[[13.21887,66.8278],[13.2179,66.82776],[13.2179,66.82865],[13.22023,66.82823],[13.21887,66.8278]],[[13.33986,66.83117],[13.34008,66.83048],[13.33549,66.82989],[13.33572,66.83101],[13.33986,66.83117]],[[13.10838,66.82074],[13.10808,66.82017],[13.10321,66.81936],[13.10299,66.8189],[13.09737,66.81724],[13.09587,66.81706],[13.09529,66.81739],[13.09911,66.81926],[13.09369,66.81804],[13.09341,66.8171],[13.09244,66.81675],[13.08648,66.81627],[13.09736,66.82038],[13.10028,66.82113],[13.10127,66.82047],[13.10097,66.82135],[13.10448,66.82043],[13.10778,66.82099],[13.10779,66.82154],[13.10872,66.82153],[13.10838,66.82074]],[[13.42762,66.82078],[13.42723,66.81998],[13.4295,66.81887],[13.43522,66.81932],[13.46564,66.82393],[13.47165,66.82563]],[[13.41648,66.82477],[13.41662,66.82516]],[[13.34221,66.81988],[13.34009,66.81935],[13.33526,66.81709],[13.33237,66.81701],[13.33306,66.81806],[13.33572,66.81852],[13.33504,66.8192],[13.33389,66.81939],[13.33393,66.82018],[13.33834,66.82159],[13.34037,66.82291],[13.34397,66.82197],[13.34771,66.82271],[13.34877,66.82473]],[[13.47165,66.82563],[13.47382,66.82601]],[[13.41662,66.82516],[13.41946,66.82569],[13.4266,66.82428],[13.43227,66.82374],[13.43432,66.82247],[13.42762,66.82078]],[[13.47382,66.82601],[13.47879,66.82576],[13.48049,66.82461],[13.48448,66.8249],[13.48813,66.82472],[13.50708,66.82617],[13.51048,66.8256],[13.51922,66.82741]],[[13.51922,66.82741],[13.51963,66.82748]],[[13.28752,66.82494],[13.28808,66.82344],[13.28177,66.82177],[13.28038,66.82069],[13.27782,66.81998],[13.27601,66.82048],[13.27387,66.82032],[13.27385,66.82136],[13.27742,66.82373],[13.28014,66.82451],[13.28429,66.82438],[13.28606,66.82511],[13.28752,66.82494]],[[13.76583,66.83123],[13.76366,66.83049],[13.75786,66.82955],[13.7565,66.82891],[13.75751,66.82844],[13.7656,66.82744],[13.76862,66.82671],[13.77531,66.82331],[13.77855,66.82232],[13.78639,66.82128],[13.79355,66.82087],[13.79696,66.81996],[13.7995,66.81837],[13.79815,66.8157],[13.80174,66.81421],[13.80975,66.81324],[13.81917,66.81107],[13.82835,66.8095],[13.84354,66.81037],[13.84839,66.8098],[13.8621,66.81002]],[[13.13886,66.82167],[13.13785,66.82188],[13.1402,66.82304],[13.14623,66.82459],[13.15453,66.82559],[13.15588,66.82534],[13.15175,66.82387],[13.1474,66.8234],[13.13886,66.82167]],[[13.74717,66.83209],[13.75075,66.83211],[13.75204,66.83158],[13.76358,66.83275]],[[13.24127,66.82916],[13.23718,66.82915],[13.23402,66.8295],[13.23326,66.83],[13.234,66.83049],[13.24032,66.83116],[13.24314,66.83023],[13.24127,66.82916]],[[13.72151,66.83592],[13.7074,66.83305],[13.69632,66.83209],[13.69197,66.83203]],[[13.22153,66.83063],[13.2179,66.83077],[13.2179,66.83174],[13.22135,66.83139],[13.22153,66.83063]],[[13.5937,66.83492],[13.60375,66.83494],[13.6094,66.83383],[13.62067,66.83478],[13.62525,66.83381],[13.62421,66.83307],[13.61376,66.83137],[13.61062,66.83042],[13.59947,66.82845],[13.59676,66.82749],[13.59357,66.82722],[13.57955,66.82772],[13.56709,66.83006],[13.56968,66.83143],[13.56891,66.83193],[13.56726,66.83211],[13.56754,66.83304],[13.57387,66.83511],[13.57962,66.83578],[13.5937,66.83492]],[[13.69197,66.83203],[13.67991,66.83154],[13.67541,66.83183],[13.6731,66.83262],[13.67559,66.83351],[13.68259,66.83384],[13.69605,66.8368],[13.70837,66.83875]],[[13.34877,66.82473],[13.34988,66.82547],[13.35527,66.82626],[13.35583,66.82737],[13.35209,66.82694],[13.34873,66.82721],[13.34288,66.82583],[13.34247,66.82632],[13.34363,66.82677],[13.34491,66.82842],[13.34762,66.82893],[13.34903,66.83003],[13.35197,66.83071],[13.35275,66.83035],[13.35254,66.82958],[13.35674,66.82834],[13.35686,66.82916],[13.35424,66.83037],[13.36067,66.83336],[13.36487,66.8341]],[[13.25281,66.83088],[13.24755,66.83079],[13.24691,66.83136],[13.24762,66.83218],[13.25367,66.83302],[13.25281,66.83088]],[[13.33075,66.83238],[13.32759,66.83223],[13.32529,66.8325],[13.32483,66.83296],[13.3283,66.83395],[13.33057,66.83293],[13.33075,66.83238]],[[13.24065,66.8322],[13.2375,66.83203],[13.23646,66.8328],[13.23943,66.83293],[13.24065,66.8322]],[[13.41107,66.84293],[13.40815,66.84038],[13.40854,66.83892]],[[13.37505,66.836],[13.38425,66.83687]],[[13.36487,66.8341],[13.36454,66.8344],[13.3605,66.83444],[13.3649,66.83615],[13.36878,66.83699],[13.37051,66.83708],[13.37318,66.83648],[13.37372,66.8359],[13.37505,66.836]],[[13.2186,66.83495],[13.2179,66.83467],[13.2179,66.83598],[13.21874,66.83582],[13.2186,66.83495]],[[13.29131,66.83506],[13.29032,66.83463],[13.28757,66.83541],[13.28916,66.8366],[13.29118,66.83682]],[[13.29118,66.83682],[13.29255,66.83649],[13.29131,66.83506]],[[13.22896,66.83255],[13.2279,66.83264],[13.22743,66.83412],[13.23702,66.83634],[13.23813,66.83582],[13.23942,66.83359],[13.22961,66.83311],[13.22896,66.83255]],[[13.35809,66.84563],[13.35583,66.84473],[13.35445,66.84519],[13.35543,66.84598],[13.35878,66.84633],[13.35809,66.84563]],[[13.33551,66.83479],[13.33344,66.83508],[13.33309,66.83604],[13.3352,66.83727],[13.3389,66.8376],[13.34032,66.83697],[13.33807,66.83659],[13.33694,66.83519],[13.33551,66.83479]],[[13.22296,66.83483],[13.22162,66.83467],[13.22005,66.83515],[13.21949,66.83603],[13.22017,66.83653],[13.22305,66.83688],[13.2243,66.83619],[13.22296,66.83483]],[[13.40502,66.8384],[13.40766,66.83774],[13.40854,66.83892]],[[13.74015,66.845],[13.74359,66.84581],[13.74646,66.84603]],[[13.34419,66.83614],[13.33997,66.83584],[13.33947,66.83634],[13.34455,66.83789],[13.34876,66.83825],[13.34858,66.83752],[13.34555,66.83686],[13.34419,66.83614]],[[13.36763,66.83724],[13.36442,66.83714],[13.36396,66.83744],[13.36951,66.83907],[13.36763,66.83724]],[[13.23018,66.83633],[13.22826,66.83568],[13.22779,66.83709],[13.2313,66.83773],[13.23018,66.83633]],[[13.39182,66.83948],[13.3893,66.83835],[13.38855,66.83846],[13.38809,66.83902],[13.3888,66.83944],[13.39133,66.83979],[13.39182,66.83948]],[[13.40388,66.84005],[13.40336,66.83934],[13.40502,66.8384]],[[13.30205,66.8394],[13.30374,66.83857],[13.30076,66.83696],[13.29797,66.8361],[13.29879,66.83571],[13.29823,66.83531],[13.29645,66.83488],[13.29661,66.83534],[13.29442,66.83549],[13.29531,66.83817],[13.29889,66.83915],[13.30023,66.839],[13.30115,66.83951],[13.30205,66.8394]],[[13.24989,66.83721],[13.24936,66.83636],[13.2535,66.83708],[13.25546,66.8364],[13.25624,66.83556],[13.25559,66.8346],[13.25299,66.83365],[13.24636,66.83299],[13.24516,66.83331],[13.24559,66.83434],[13.24836,66.83601],[13.2464,66.83664],[13.24606,66.83764],[13.24714,66.83803],[13.24717,66.83719],[13.2482,66.837],[13.24871,66.83753],[13.24679,66.83916],[13.24714,66.83953],[13.24811,66.83958],[13.24985,66.83891],[13.24989,66.83721]],[[13.23545,66.83818],[13.23448,66.83793],[13.23323,66.83839],[13.23389,66.83958],[13.23497,66.83929],[13.23545,66.83818]],[[13.33508,66.83875],[13.33327,66.83886],[13.33335,66.83962],[13.33804,66.84073],[13.33786,66.83965],[13.33508,66.83875]],[[13.24437,66.83567],[13.24476,66.83516],[13.24354,66.83492],[13.24258,66.83355],[13.24087,66.83345],[13.24043,66.83404],[13.242,66.83523],[13.24134,66.83557],[13.23965,66.83539],[13.24028,66.83885],[13.24144,66.83956],[13.24581,66.84023],[13.2464,66.83994],[13.24488,66.83886],[13.24549,66.83786],[13.24437,66.83567]],[[13.72151,66.83592],[13.73299,66.84001],[13.73731,66.84354],[13.74015,66.845]],[[13.75188,66.84512],[13.75327,66.84412],[13.76436,66.83978],[13.76797,66.83697],[13.76857,66.83509],[13.76489,66.83457],[13.76185,66.83498],[13.75386,66.83445],[13.7471,66.83338]],[[13.38425,66.83687],[13.38611,66.83826],[13.38744,66.8383],[13.38838,66.83768],[13.39845,66.83922],[13.40127,66.84225],[13.40337,66.84297],[13.40463,66.84175],[13.40388,66.84005]],[[13.24071,66.84019],[13.23866,66.83986],[13.23854,66.84098],[13.24373,66.84156],[13.24535,66.84125],[13.24427,66.84065],[13.24071,66.84019]],[[13.25632,66.84155],[13.25668,66.84072],[13.25568,66.84052],[13.25322,66.84085],[13.252,66.83926],[13.2493,66.83959],[13.24903,66.84039],[13.25146,66.84159],[13.25267,66.8418],[13.2536,66.84151],[13.25478,66.84191],[13.25632,66.84155]],[[13.22488,66.84019],[13.2235,66.84015],[13.22245,66.8406],[13.22253,66.84173],[13.22592,66.84065],[13.22488,66.84019]],[[13.41589,66.84514],[13.41556,66.84442],[13.41419,66.84391],[13.41298,66.84397],[13.41107,66.84293]],[[13.42577,66.84523],[13.42946,66.845]],[[13.46211,66.84559],[13.45235,66.84515],[13.44641,66.84544]],[[13.52412,66.84618],[13.54235,66.84349],[13.54865,66.84328],[13.5529,66.8424],[13.56321,66.84138],[13.56584,66.8408],[13.57061,66.84055],[13.57446,66.83994],[13.5762,66.83913],[13.57545,66.83872],[13.5697,66.83796],[13.56824,66.83731],[13.56863,66.83677],[13.56339,66.83559],[13.56262,66.83475],[13.55453,66.83226],[13.55361,66.83133],[13.55472,66.83049],[13.55418,66.82944],[13.55064,66.82898],[13.54891,66.82913],[13.54981,66.82972],[13.55334,66.83009],[13.55273,66.83063],[13.55164,66.83072],[13.51963,66.82748]],[[13.61099,66.84697],[13.60972,66.84448],[13.61082,66.84379],[13.61666,66.84455],[13.61937,66.84419],[13.61881,66.84304],[13.61664,66.84248],[13.61312,66.84048],[13.61505,66.83976],[13.61476,66.83628],[13.62344,66.83537],[13.63307,66.83557]],[[13.6795,66.84756],[13.67934,66.84585],[13.67781,66.8439],[13.67241,66.84127],[13.66814,66.83803],[13.66269,66.83706],[13.66082,66.83619],[13.65782,66.83563],[13.65447,66.83568],[13.643,66.83449],[13.63307,66.83557]],[[13.7038,66.84776],[13.70644,66.84508],[13.71192,66.84392],[13.72442,66.84428],[13.72537,66.8432],[13.7248,66.84241],[13.71651,66.84039]],[[13.41589,66.84514],[13.41884,66.84572]],[[13.41884,66.84572],[13.42132,66.84594],[13.42577,66.84523]],[[13.50417,66.84696],[13.51502,66.84729],[13.5173,66.84708]],[[13.43276,66.8453],[13.4334,66.84554],[13.43307,66.84673],[13.43568,66.84708],[13.43743,66.84703],[13.44222,66.84568],[13.44641,66.84544]],[[13.46211,66.84559],[13.46498,66.84644],[13.48013,66.84592],[13.48994,66.84783],[13.49683,66.84709],[13.50417,66.84696]],[[13.35598,66.84687],[13.35485,66.84683],[13.35568,66.84794],[13.35688,66.84829],[13.35932,66.84825],[13.35988,66.84796],[13.35888,66.84706],[13.35598,66.84687]],[[13.28751,66.85174],[13.28556,66.85036],[13.27786,66.84959],[13.27797,66.85056],[13.27961,66.8511],[13.28305,66.85128],[13.28638,66.85196],[13.28751,66.85174]],[[13.69787,66.855],[13.69582,66.85488],[13.6964,66.85597],[13.6985,66.85657],[13.70084,66.85663],[13.69787,66.855]],[[13.61099,66.84697],[13.61373,66.84984],[13.61812,66.85225],[13.63188,66.85686]],[[13.28622,66.85248],[13.28353,66.85227],[13.28184,66.85285],[13.28591,66.85383],[13.28679,66.85281],[13.28622,66.85248]],[[13.63188,66.85686],[13.63527,66.85795]],[[13.7038,66.84776],[13.70411,66.8484],[13.70035,66.84899],[13.69935,66.84955],[13.69994,66.85085],[13.69782,66.85201],[13.69561,66.8525],[13.69521,66.85317],[13.70099,66.85591],[13.70791,66.85722],[13.70922,66.85876],[13.71155,66.85907]],[[13.71155,66.85907],[13.71426,66.8585],[13.72416,66.85903],[13.72518,66.85957],[13.72749,66.85943],[13.72919,66.85878],[13.73343,66.85964]],[[13.27327,66.8543],[13.27105,66.85398],[13.27178,66.85498],[13.27596,66.85605],[13.27327,66.8543]],[[13.28007,66.85528],[13.27634,66.85458],[13.27842,66.85614],[13.27949,66.85605],[13.28007,66.85528]],[[13.73444,66.85998],[13.73382,66.86108],[13.73184,66.86084],[13.72839,66.86107],[13.7253,66.86058]],[[13.27664,66.85694],[13.272,66.85663],[13.2757,66.85866],[13.27746,66.85881],[13.27805,66.85827],[13.27664,66.85694]],[[13.63527,66.85795],[13.63498,66.85857],[13.63244,66.85823],[13.63203,66.85927],[13.63793,66.86197],[13.64087,66.86238]],[[13.28249,66.86103],[13.2829,66.86034],[13.2792,66.85933],[13.27536,66.86022],[13.2767,66.86122],[13.27854,66.86097],[13.28034,66.86148],[13.28249,66.86103]],[[13.26987,66.86082],[13.26558,66.8611],[13.26514,66.86205],[13.26609,66.86224],[13.26862,66.86182],[13.26987,66.86082]],[[13.23758,66.86137],[13.23461,66.86126],[13.23636,66.86224],[13.23828,66.86216],[13.23758,66.86137]],[[13.45173,66.87137],[13.45018,66.87122],[13.45071,66.87225],[13.45254,66.87341],[13.45536,66.8739],[13.45173,66.87137]],[[13.64118,66.87412],[13.63892,66.8743],[13.63857,66.87499],[13.64111,66.8762],[13.64293,66.87629],[13.64377,66.87577],[13.64118,66.87412]],[[13.50779,66.87464],[13.50429,66.87437],[13.50615,66.8759],[13.50941,66.8755],[13.50779,66.87464]],[[13.25659,66.86101],[13.25513,66.85956],[13.25675,66.85821],[13.25493,66.85774],[13.25671,66.85703],[13.25638,66.85556],[13.25405,66.85318],[13.25238,66.85231],[13.24889,66.85195],[13.24668,66.85116],[13.24347,66.85158],[13.24247,66.85061],[13.24147,66.85056],[13.23925,66.85114],[13.23934,66.85163],[13.24198,66.8521],[13.24139,66.85272],[13.24475,66.85599],[13.24795,66.8573],[13.24329,66.85639],[13.24255,66.85672],[13.24757,66.8591],[13.24816,66.85913],[13.2487,66.85795],[13.25152,66.85841],[13.2539,66.85813],[13.25425,66.85869],[13.2534,66.85909],[13.24823,66.85917],[13.24881,66.85971],[13.2529,66.86063],[13.25109,66.86098],[13.25229,66.86216],[13.25406,66.86256],[13.25681,66.86186],[13.25659,66.86101]],[[13.7253,66.86058],[13.71747,66.86142],[13.71553,66.86087],[13.71313,66.86173],[13.719,66.86425],[13.71893,66.86607],[13.71792,66.86653],[13.70504,66.86751]],[[13.26221,66.862],[13.26113,66.86192],[13.261,66.86291],[13.26373,66.86358],[13.26407,66.86298],[13.26205,66.86263],[13.26221,66.862]],[[13.28665,66.86332],[13.28391,66.86336],[13.28219,66.8639],[13.28491,66.86448],[13.28703,66.86383],[13.28665,66.86332]],[[13.64087,66.86238],[13.65114,66.86436],[13.65764,66.86449],[13.65984,66.86364],[13.66092,66.8637],[13.66218,66.86414],[13.66497,66.86688],[13.66738,66.86785],[13.67434,66.86766],[13.67942,66.86866],[13.68743,66.86663],[13.68533,66.86364],[13.68218,66.862],[13.67853,66.8613],[13.67205,66.86158],[13.67543,66.85977],[13.67528,66.8589],[13.67734,66.85716],[13.67631,66.85556],[13.67042,66.85463],[13.66868,66.8547],[13.66816,66.85504],[13.67057,66.8556],[13.66918,66.85624],[13.66596,66.85547],[13.66444,66.85395],[13.66529,66.8534],[13.66677,66.85339],[13.6751,66.85416],[13.68005,66.85553],[13.68235,66.85522],[13.68314,66.85446],[13.68198,66.85402],[13.67971,66.85416],[13.67833,66.85309],[13.67828,66.85213],[13.68069,66.85083],[13.6795,66.84756]],[[13.6756,66.86901],[13.66998,66.86904],[13.66791,66.86973],[13.66798,66.87062],[13.67436,66.87141],[13.67734,66.87231],[13.68015,66.87259],[13.68059,66.87142],[13.6756,66.86901]],[[13.58322,66.8654],[13.57937,66.86417],[13.57734,66.86402],[13.57649,66.86438],[13.57667,66.8658],[13.57479,66.86601],[13.57391,66.86686],[13.57463,66.86826],[13.5727,66.86944],[13.57344,66.87103],[13.57294,66.87176]],[[13.41677,66.87079],[13.41108,66.87073],[13.41047,66.87104],[13.41459,66.87214],[13.41757,66.87173],[13.41677,66.87079]],[[13.70504,66.86751],[13.70365,66.86753],[13.70232,66.86848],[13.70592,66.87031],[13.70487,66.87375],[13.70114,66.87571]],[[13.47461,66.8743],[13.47313,66.87445],[13.47382,66.87532],[13.47952,66.8769],[13.48122,66.87801],[13.48289,66.87799],[13.48387,66.87709],[13.48157,66.87595],[13.47461,66.8743]],[[13.66162,66.87833],[13.66081,66.87799],[13.65746,66.87814],[13.65469,66.87732],[13.65055,66.87769],[13.64815,66.87689],[13.64533,66.87671],[13.64371,66.87678],[13.64264,66.87744],[13.64662,66.87914],[13.65518,66.8798],[13.6588,66.87889],[13.66107,66.87886],[13.66162,66.87833]],[[13.49334,66.87498],[13.49027,66.87486],[13.48526,66.87561],[13.49389,66.87855],[13.49642,66.8782],[13.49679,66.87751],[13.49334,66.87498]],[[13.58322,66.8654],[13.58674,66.86662],[13.59322,66.87152],[13.59918,66.87386],[13.60313,66.87605],[13.61126,66.87585],[13.61224,66.87444],[13.61484,66.8739],[13.63058,66.88018]],[[13.44145,66.87671],[13.44024,66.8766],[13.44026,66.87707],[13.44727,66.881],[13.44963,66.88151],[13.45609,66.88078],[13.45329,66.87967],[13.44629,66.87836],[13.44145,66.87671]],[[13.48123,66.88035],[13.4829,66.88025],[13.4853,66.88134],[13.48878,66.87917],[13.48711,66.87861],[13.48019,66.87811],[13.47707,66.87677],[13.4747,66.87675],[13.46556,66.87311],[13.46247,66.87241],[13.45345,66.87128],[13.45458,66.8726],[13.45968,66.87526],[13.45983,66.87596],[13.45724,66.87463],[13.45453,66.87469],[13.45189,66.87392],[13.44692,66.87142],[13.44532,66.87156],[13.44735,66.87301],[13.44693,66.87324],[13.44358,66.87155],[13.44215,66.87214],[13.43547,66.87116],[13.43586,66.87168],[13.4404,66.87292],[13.43655,66.8731],[13.43585,66.87345],[13.43389,66.87215],[13.43136,66.87195],[13.4314,66.8725],[13.43352,66.87357],[13.43678,66.87403],[13.44146,66.8757],[13.44685,66.87688],[13.44924,66.87815],[13.4528,66.87846],[13.46195,66.88051],[13.46431,66.88045],[13.46984,66.87889],[13.47312,66.88069],[13.47799,66.88168],[13.48019,66.88158],[13.48123,66.88035]],[[13.44298,66.87981],[13.43672,66.87661],[13.43279,66.87606],[13.43396,66.8776],[13.43701,66.87945],[13.4459,66.88241],[13.44655,66.88205],[13.44298,66.87981]],[[13.42334,66.90612],[13.42157,66.9046],[13.42015,66.90475],[13.41988,66.90542],[13.42203,66.90579],[13.42235,66.90684],[13.42334,66.90612]],[[13.35061,66.89917],[13.3521,66.89904],[13.34945,66.89721],[13.34765,66.89781],[13.34382,66.89726],[13.34537,66.89821],[13.34842,66.89888],[13.34646,66.89929],[13.34636,66.90018],[13.34822,66.90027],[13.34874,66.90129],[13.35117,66.90151],[13.35425,66.90273],[13.3546,66.90208],[13.35307,66.90155],[13.35306,66.9007],[13.35061,66.89917]],[[13.43872,66.8811],[13.43153,66.87773],[13.42939,66.87733],[13.42725,66.87563],[13.4251,66.87537],[13.42271,66.87444],[13.42145,66.87445],[13.42147,66.87539],[13.41811,66.87421],[13.41464,66.87466],[13.4133,66.87434],[13.4105,66.87448],[13.40822,66.87537],[13.4285,66.88306],[13.43057,66.88245],[13.42835,66.88193],[13.42777,66.88077],[13.42841,66.88043],[13.42944,66.88043],[13.43335,66.88266],[13.43699,66.88358],[13.44163,66.88257],[13.43872,66.8811]],[[13.49305,66.88491],[13.48743,66.885],[13.48622,66.88535],[13.48613,66.88588],[13.49166,66.88603],[13.49352,66.88535],[13.49305,66.88491]],[[13.6301,66.88864],[13.63683,66.88867],[13.63905,66.88788],[13.64208,66.8878],[13.64362,66.8865],[13.64221,66.88573],[13.63541,66.88453],[13.6323,66.88084],[13.63058,66.88018]],[[13.60245,66.89176],[13.59682,66.89047],[13.58765,66.88948],[13.58486,66.88881],[13.58279,66.88784],[13.57916,66.88487],[13.57665,66.88463],[13.57673,66.88416],[13.57804,66.884],[13.57688,66.88316],[13.57081,66.88121],[13.57011,66.88057],[13.57155,66.87988],[13.57071,66.87888],[13.57446,66.87747],[13.57145,66.87651],[13.57033,66.87553],[13.57292,66.87431],[13.57294,66.87176]],[[13.6181,66.89189],[13.62347,66.89047],[13.62607,66.88889],[13.6301,66.88864]],[[13.64904,66.89216],[13.65187,66.88853],[13.65528,66.88639],[13.65607,66.88302],[13.65861,66.88291],[13.66404,66.88141],[13.67063,66.88149],[13.67474,66.88103],[13.67867,66.87987],[13.67944,66.87929],[13.67902,66.87866],[13.68184,66.87855],[13.68352,66.87731],[13.68599,66.8764],[13.69255,66.87602],[13.69899,66.8761],[13.70114,66.87571]],[[13.60245,66.89176],[13.60674,66.89251],[13.61283,66.89263],[13.61562,66.8926],[13.6181,66.89189]],[[13.36194,66.89867],[13.36328,66.89883],[13.36366,66.89854],[13.36076,66.89689],[13.36009,66.89734],[13.36044,66.89904],[13.36221,66.90047],[13.36194,66.89867]],[[13.39375,66.89858],[13.39178,66.89874],[13.39156,66.8991],[13.39944,66.90098],[13.40034,66.90064],[13.39783,66.89923],[13.39375,66.89858]],[[13.40842,66.89765],[13.40719,66.8978],[13.41671,66.90129],[13.41994,66.90188],[13.4199,66.90087],[13.40842,66.89765]],[[13.38035,66.9002],[13.37978,66.89851],[13.3751,66.89608],[13.3727,66.89617],[13.37265,66.89717],[13.37108,66.89578],[13.36968,66.89572],[13.36878,66.89672],[13.37075,66.89786],[13.37919,66.89922],[13.37721,66.8997],[13.3743,66.89935],[13.3737,66.8996],[13.37974,66.90295],[13.38036,66.90277],[13.38035,66.9002]],[[13.3688,66.90077],[13.36738,66.90084],[13.36901,66.90244],[13.3708,66.90335],[13.37356,66.90393],[13.37317,66.90281],[13.37076,66.90128],[13.3688,66.90077]],[[13.54791,66.90058],[13.543,66.90154],[13.53993,66.9014],[13.53933,66.90173],[13.53986,66.90252],[13.5344,66.90327],[13.53388,66.90359],[13.5353,66.90609]],[[13.38879,66.9021],[13.38691,66.90259],[13.38862,66.90298],[13.38983,66.90394],[13.39171,66.90428],[13.39192,66.90531],[13.39258,66.90551],[13.39491,66.90514],[13.39525,66.90458],[13.39172,66.90374],[13.38879,66.9021]],[[13.36637,66.90488],[13.36256,66.90434],[13.36155,66.90461],[13.36307,66.90549],[13.36831,66.90587],[13.36637,66.90488]],[[13.60572,66.90859],[13.60027,66.90794],[13.59512,66.90786],[13.58114,66.90602],[13.57611,66.90614],[13.56924,66.90562]],[[13.60572,66.90859],[13.61119,66.90832],[13.62586,66.90847]],[[13.35784,66.90703],[13.3536,66.90595],[13.35237,66.90612],[13.35824,66.90768],[13.35869,66.90744],[13.35784,66.90703]],[[13.42229,66.90747],[13.41945,66.90719],[13.4215,66.90859],[13.42429,66.90869],[13.42409,66.90794],[13.42229,66.90747]],[[13.40077,66.90358],[13.39222,66.9],[13.38988,66.89965],[13.38825,66.90002],[13.3862,66.89879],[13.38393,66.8984],[13.38266,66.89867],[13.38406,66.90047],[13.38322,66.90082],[13.38578,66.90204],[13.38291,66.90218],[13.38493,66.90361],[13.38497,66.90428],[13.38843,66.90518],[13.3899,66.90508],[13.3919,66.90584],[13.39242,66.90692],[13.39529,66.90832],[13.3977,66.90848],[13.40039,66.90942]],[[13.37432,66.91023],[13.37124,66.91011],[13.37095,66.91126],[13.3729,66.91118],[13.37469,66.91051],[13.37432,66.91023]],[[13.40023,66.91182],[13.3983,66.91048],[13.39265,66.9102],[13.39444,66.91132],[13.39706,66.91167],[13.40012,66.91361]],[[13.35507,66.91084],[13.35112,66.91054],[13.35106,66.91138],[13.35327,66.91206],[13.35461,66.91345],[13.35553,66.91329],[13.35577,66.91271],[13.35507,66.91084]],[[13.53674,66.91533],[13.53866,66.9115],[13.5353,66.90609]],[[13.40012,66.91361],[13.40288,66.91422],[13.40513,66.91408],[13.40023,66.91182]],[[13.40039,66.90942],[13.40292,66.91035],[13.405,66.91216],[13.41035,66.91439],[13.41432,66.9151],[13.41584,66.91494],[13.41737,66.9142],[13.4197,66.91407],[13.422,66.91564],[13.42346,66.91572],[13.42319,66.91487],[13.42493,66.91373],[13.4239,66.91249],[13.41984,66.91087],[13.41981,66.90989],[13.4153,66.90658],[13.41553,66.90573],[13.41788,66.90467],[13.41835,66.90291],[13.40915,66.89961],[13.4072,66.89954],[13.40614,66.89992],[13.40862,66.90172],[13.41023,66.90214],[13.4125,66.90483],[13.41106,66.90506],[13.40848,66.90437],[13.40652,66.903],[13.40393,66.90225],[13.40244,66.90316],[13.40408,66.90401],[13.40381,66.90441],[13.40077,66.90358]],[[13.37334,66.91463],[13.37477,66.91442],[13.37568,66.91377],[13.37424,66.91239],[13.37137,66.91198],[13.3671,66.91017],[13.36218,66.90919],[13.35654,66.90878],[13.35597,66.90946],[13.36108,66.91348],[13.36227,66.91518],[13.36487,66.91531],[13.36175,66.91362],[13.36205,66.91334],[13.36463,66.91369],[13.36683,66.91502],[13.36639,66.91548],[13.36722,66.9161],[13.37113,66.91689],[13.3738,66.91687],[13.37334,66.91463]],[[13.53674,66.91533],[13.536,66.91949],[13.53788,66.92175],[13.54144,66.92413]],[[13.46825,66.92623],[13.46613,66.9263],[13.46386,66.92699],[13.46395,66.92732],[13.46575,66.9277],[13.4683,66.92731],[13.46825,66.92623]],[[13.52758,66.93594],[13.52535,66.93521],[13.52491,66.93364],[13.5233,66.93297],[13.51936,66.93244],[13.51324,66.93281]],[[13.4439,66.92702],[13.44275,66.92669],[13.4409,66.92697],[13.43945,66.92619],[13.43585,66.92583],[13.43404,66.92494],[13.43296,66.92497],[13.43397,66.92601],[13.4411,66.92903],[13.44663,66.92994],[13.44742,66.92967],[13.44653,66.92859],[13.4439,66.92702]],[[13.55761,66.93622],[13.56122,66.93837]],[[13.38947,66.92838],[13.3893,66.92808],[13.38665,66.92797],[13.37854,66.92484],[13.37613,66.92465],[13.3727,66.92181],[13.37081,66.92129],[13.36872,66.92134],[13.37055,66.92361],[13.37328,66.92527],[13.37638,66.92551],[13.38577,66.92888],[13.38947,66.92838]],[[13.42216,66.93493],[13.42864,66.93612],[13.43524,66.93641],[13.43985,66.93797],[13.44521,66.93875],[13.44836,66.938],[13.44859,66.93703],[13.45057,66.93666],[13.44709,66.93596],[13.44564,66.93516]],[[13.63588,66.95014],[13.64972,66.94956],[13.68035,66.94955]],[[13.39847,66.93876],[13.39493,66.93797],[13.39349,66.93875],[13.39713,66.93969],[13.39842,66.93949]],[[13.56122,66.93837],[13.56726,66.93969],[13.57239,66.94149]],[[13.22731,66.94046],[13.22438,66.93976],[13.22362,66.93992],[13.22803,66.94181],[13.22821,66.94075],[13.22731,66.94046]],[[13.43755,66.94109],[13.43626,66.94115],[13.44352,66.94455],[13.4411,66.94189],[13.43755,66.94109]],[[13.73548,66.94752],[13.74123,66.94785]],[[13.72335,66.94879],[13.72906,66.94897],[13.73548,66.94752]],[[13.68035,66.94955],[13.68677,66.94813],[13.69699,66.94803],[13.70108,66.94637],[13.70731,66.94672],[13.71889,66.94919],[13.72335,66.94879]],[[13.45861,66.9471],[13.45677,66.94684],[13.45689,66.94817],[13.45835,66.94874],[13.45928,66.94771],[13.45861,66.9471]],[[13.57239,66.94149],[13.57698,66.94377],[13.58265,66.94524],[13.58704,66.94823],[13.60108,66.95096],[13.6055,66.95123]],[[13.6055,66.95123],[13.61145,66.95201],[13.62659,66.95115]],[[13.46208,66.92594],[13.46156,66.9248],[13.46221,66.92456],[13.46351,66.9248],[13.46389,66.92604],[13.46521,66.92618],[13.46755,66.92573],[13.46871,66.92533],[13.46814,66.92381],[13.46897,66.92328],[13.47077,66.92281],[13.47255,66.9231],[13.47287,66.92248],[13.4761,66.92138],[13.47493,66.91976],[13.47293,66.91955],[13.47171,66.92052],[13.47014,66.92081],[13.46691,66.91856],[13.46763,66.9182],[13.46941,66.91836],[13.47271,66.9193],[13.47327,66.91801],[13.47265,66.91706],[13.47128,66.91715],[13.46957,66.91666],[13.46982,66.91589],[13.46758,66.91471],[13.46658,66.9152],[13.46739,66.9167],[13.46672,66.917],[13.46441,66.91607],[13.46487,66.91511],[13.4641,66.9143],[13.46191,66.91354],[13.46054,66.91381],[13.45481,66.91163],[13.45111,66.91099],[13.44915,66.91102],[13.44792,66.90913],[13.44698,66.90916],[13.44633,66.90969],[13.44222,66.90834],[13.44043,66.90885],[13.43638,66.90718],[13.43188,66.90608],[13.42916,66.90593],[13.42913,66.907],[13.43777,66.91091],[13.43633,66.91211],[13.43734,66.91392],[13.43633,66.91466],[13.4388,66.91637],[13.43659,66.91667],[13.43413,66.91813],[13.43469,66.91918],[13.43605,66.91929],[13.43583,66.9196],[13.4335,66.91943],[13.43211,66.91801],[13.43085,66.91793],[13.42984,66.91843],[13.4277,66.91811],[13.42862,66.91944],[13.43042,66.92045],[13.43076,66.92158],[13.43179,66.9221],[13.4339,66.92224],[13.4358,66.92361],[13.44178,66.92573],[13.44491,66.92588],[13.44612,66.92719],[13.45092,66.92883],[13.45408,66.93051],[13.45651,66.93067],[13.46068,66.92917],[13.46205,66.92799],[13.46208,66.92594]],[[13.38956,66.9289],[13.38778,66.92871],[13.38736,66.92941],[13.39027,66.93054],[13.38956,66.9289]],[[13.53782,66.93127],[13.53547,66.93038],[13.53249,66.93094],[13.53108,66.93077],[13.53204,66.93192],[13.53604,66.93214],[13.53693,66.93252],[13.53905,66.93217],[13.53782,66.93127]],[[13.44564,66.93516],[13.44274,66.93354],[13.44394,66.93261],[13.43869,66.92942],[13.42891,66.92512],[13.42578,66.92566],[13.42424,66.92459],[13.42093,66.92372],[13.42138,66.92332],[13.42015,66.92262],[13.41644,66.92234],[13.41599,66.92264],[13.41678,66.92307],[13.41434,66.92394],[13.41616,66.92434],[13.41837,66.92422],[13.41861,66.92451],[13.40912,66.92486],[13.40691,66.92589],[13.40658,66.92855],[13.41009,66.93087],[13.41303,66.93152],[13.42216,66.93493]],[[13.49735,66.93566],[13.49955,66.9342],[13.50726,66.93308]],[[13.53459,66.93601],[13.53997,66.93564],[13.54328,66.93431],[13.54133,66.93223],[13.54437,66.93018],[13.54444,66.92875],[13.54216,66.92681],[13.54277,66.92495],[13.54144,66.92413]],[[13.52817,66.9361],[13.53257,66.93634],[13.53459,66.93601]],[[13.49735,66.93566],[13.49581,66.93743],[13.49559,66.939]],[[13.76287,66.98281],[13.74598,66.98193],[13.73956,66.98005]],[[13.53489,66.95378],[13.53882,66.95445],[13.54522,66.95455],[13.55318,66.95203],[13.55602,66.94897],[13.55283,66.94505],[13.55116,66.94449],[13.54593,66.94399],[13.54007,66.9422],[13.53951,66.94115],[13.54053,66.93978]],[[13.2541,66.9508],[13.25156,66.95051],[13.25146,66.95167],[13.25305,66.95183],[13.2541,66.9508]],[[13.49559,66.939],[13.49342,66.94101],[13.49333,66.94292],[13.49482,66.9441],[13.4944,66.94675],[13.49224,66.94901],[13.49361,66.95196],[13.4969,66.95315],[13.49985,66.95335],[13.50469,66.95485],[13.50816,66.95522],[13.51189,66.95506]],[[13.51189,66.95506],[13.51494,66.95553],[13.51815,66.95515],[13.51942,66.95541],[13.52177,66.95519],[13.524,66.95445]],[[13.26517,66.95342],[13.26084,66.95327],[13.2605,66.95411],[13.26396,66.95471],[13.26562,66.9539],[13.26517,66.95342]],[[13.80194,66.96334],[13.80044,66.95946],[13.7835,66.95794],[13.77792,66.95711],[13.76182,66.95218],[13.75518,66.95122],[13.75332,66.95042],[13.74941,66.94961]],[[13.96928,66.96753],[13.97099,66.96718],[13.96932,66.96658]],[[13.96928,66.96753],[13.96866,66.96805],[13.96925,66.96837]],[[13.27255,66.96315],[13.27,66.96316],[13.27048,66.96368],[13.27311,66.9643],[13.27408,66.96391],[13.27255,66.96315]],[[13.74007,66.97024],[13.74998,66.96885],[13.7538,66.96872],[13.76477,66.9693],[13.78661,66.96947],[13.79044,66.96983],[13.79327,66.96968],[13.79716,66.96887]],[[13.74007,66.97024],[13.73689,66.97019],[13.73412,66.97064]],[[13.73412,66.97064],[13.73029,66.97231],[13.72883,66.9738],[13.72665,66.97443],[13.72644,66.97534],[13.72765,66.97624]],[[13.2785,66.97211],[13.27554,66.97127],[13.2761,66.9723],[13.28005,66.97339],[13.2785,66.97211]],[[13.97988,66.97956],[13.97763,66.97896],[13.97143,66.97431],[13.97151,66.97384],[13.97302,66.97335],[13.97302,66.97166],[13.97574,66.97152],[13.973,66.96944],[13.96925,66.96837]],[[13.72765,66.97624],[13.7305,66.9784],[13.73362,66.97925],[13.73956,66.98005]],[[13.96572,66.98426],[13.96063,66.9823],[13.95666,66.97801],[13.9519,66.97454],[13.95039,66.97141],[13.94698,66.96919],[13.94371,66.96803],[13.93912,66.96788],[13.92918,66.96667],[13.92799,66.96681],[13.9256,66.96863],[13.91802,66.96936],[13.90449,66.9717],[13.89868,66.97203],[13.89368,66.97148],[13.89301,66.96941],[13.90028,66.96838],[13.90333,66.9659],[13.90879,66.964],[13.90939,66.9621],[13.90811,66.95765],[13.90504,66.95448],[13.90532,66.94776],[13.90863,66.94765],[13.91459,66.94989],[13.92274,66.94994],[13.92387,66.95095],[13.92186,66.95044],[13.9211,66.95063],[13.92256,66.95139],[13.92683,66.95116],[13.93602,66.95141],[13.9445,66.95219],[13.94536,66.95308],[13.94372,66.95336],[13.94354,66.95376],[13.94558,66.95492],[13.94913,66.95558],[13.95063,66.95461],[13.95208,66.95533],[13.95219,66.9559],[13.94994,66.95655],[13.94927,66.9574],[13.9501,66.95828],[13.94933,66.95912],[13.96012,66.9628],[13.9624,66.96533],[13.96506,66.96671],[13.96631,66.96688],[13.96716,66.96623],[13.96932,66.96658]],[[14.00188,66.98271],[13.99871,66.98147],[13.99582,66.98127],[13.9923,66.98031],[13.99129,66.98088],[13.99228,66.98243],[13.99173,66.98262],[13.98975,66.98237],[13.98871,66.98144],[13.9834,66.98042]],[[13.84941,66.98346],[13.854,66.98351]],[[13.854,66.98351],[13.85761,66.98352]],[[13.76287,66.98281],[13.76505,66.98283]],[[13.83042,66.98425],[13.8395,66.9839],[13.84045,66.98339]],[[13.81795,66.98524],[13.82006,66.98465],[13.82384,66.98456],[13.82768,66.9839],[13.83042,66.98425]],[[13.86502,66.98357],[13.86775,66.98458],[13.86889,66.98576]],[[13.618,66.9829],[13.6207,66.98299],[13.61952,66.9823],[13.61583,66.98236],[13.6164,66.98363],[13.61796,66.98393],[13.61879,66.98372],[13.618,66.9829]],[[13.79103,66.98302],[13.79425,66.98341],[13.7992,66.98495],[13.80885,66.98598],[13.81568,66.98595],[13.81795,66.98524]],[[14.00052,67.00072],[13.99598,66.99741],[13.98954,66.99537],[13.97664,66.99017],[13.97665,66.98932],[13.96852,66.98564]],[[13.86889,66.98576],[13.87004,66.9875],[13.86815,66.98825],[13.86905,66.9928],[13.86309,66.99519],[13.8687,66.99731],[13.86836,66.99911],[13.87338,67.00153]],[[13.09179,66.49593],[13.09469,66.49867],[13.09915,66.49903],[13.10111,66.49826],[13.10413,66.49852],[13.10385,66.49818],[13.09814,66.49702],[13.09587,66.49596]]]}}]}