{"type":"FeatureCollection","features":[{"type":"Feature","properties":{},"geometry":{"type":"MultiLineString","coordinates":[[[15.16603,67.25664],[15.16217,67.25758]],[[15,67.64058],[15.00159,67.64054],[15.00234,67.63978],[15,67.63827]],[[15.15429,67.20839],[15.15936,67.20867],[15.16199,67.21029],[15.16439,67.21017]],[[15.16016,67.2118],[15.16128,67.2108],[15.16439,67.21017]],[[15,67.21792],[15.00407,67.21835],[15.00557,67.218],[15.01046,67.21895],[15.01488,67.22034],[15.01835,67.22226],[15.02055,67.22445],[15.02506,67.22669]],[[15.25925,67.2348],[15.25694,67.23468]],[[15.25769,67.24105],[15.25932,67.24148]],[[15.18386,67.25662],[15.18162,67.25573]],[[15.20429,67.2566],[15.19932,67.25661]],[[15.21378,67.25659],[15.21792,67.25658]],[[15.19395,67.25661],[15.19932,67.25661]],[[15.20429,67.2566],[15.20834,67.25688]],[[15.18386,67.25662],[15.18793,67.25707],[15.1901,67.25662]],[[15.21747,67.30673],[15.22243,67.30844],[15.22666,67.30617],[15.23228,67.3071]],[[15.2596,67.2694],[15.25962,67.2694]],[[15.12486,67.27036],[15.1259,67.26975],[15.13616,67.26881],[15.14252,67.26783]],[[15.10101,67.27329],[15.10646,67.27417],[15.1091,67.27428],[15.11063,67.27393],[15.11386,67.27447],[15.11598,67.27401]],[[15.25683,67.32334],[15.2565,67.32293],[15.25423,67.32263],[15.2528,67.32159],[15.25329,67.32126],[15.25549,67.32129],[15.25832,67.31943],[15.25942,67.31574],[15.25802,67.31454]],[[15,67.29556],[15.00022,67.29555]],[[15.2315,67.34381],[15.23264,67.34434]],[[15.23122,67.34181],[15.23261,67.34164]],[[15.23122,67.34181],[15.22988,67.34224],[15.2315,67.34381]],[[15.23264,67.34434],[15.23877,67.34446],[15.24097,67.3453]],[[15.24097,67.3453],[15.24592,67.3448],[15.24866,67.3438],[15.24977,67.34215],[15.24803,67.34092]],[[15.04763,67.45135],[15.04276,67.45145]],[[15.23465,67.54959],[15.23397,67.54981]],[[15.26213,67.49912],[15.26214,67.49965]],[[15.11568,67.51883],[15.11718,67.51915]],[[15.20122,67.51915],[15.2001,67.51659],[15.20138,67.51557],[15.20412,67.51513]],[[15.13204,67.52347],[15.12886,67.52207]],[[15.13932,67.52577],[15.13204,67.52347]],[[15.21622,67.56373],[15.21624,67.56381]],[[15.22162,67.57053],[15.22256,67.57093]],[[15.16413,67.63238],[15.16428,67.63235]],[[15.15485,67.61545],[15.14881,67.61546]],[[15.16082,67.61587],[15.16106,67.6163]],[[15.09153,67.64677],[15.09199,67.64683]],[[15.11558,67.65814],[15.11653,67.65867]],[[15.11787,67.65899],[15.11653,67.65867]],[[15.0506,67.66037],[15.04952,67.6596]],[[15.11787,67.65899],[15.12018,67.66033]],[[15.0318,67.68372],[15.03012,67.68417]],[[15.26424,67.68854],[15.2595,67.6883],[15.248,67.68652],[15.23601,67.68612]],[[15.19645,67.74273],[15.19693,67.7427]],[[15.01619,67.74896],[15.01394,67.74841],[15.01297,67.7495],[15.01478,67.7498],[15.01619,67.74896]],[[15.13299,67.76171],[15.13436,67.76141],[15.13543,67.76223],[15.14107,67.76326],[15.14319,67.76328]],[[15.00146,67.76989],[15,67.76952]],[[15.0249,67.77132],[15.02983,67.7719],[15.03118,67.77135]],[[15.02969,67.79492],[15.0312,67.79492]],[[15,67.86666],[15.00069,67.86672]],[[15.23799,67.88094],[15.24204,67.88183],[15.2466,67.88443]],[[15.20042,67.89422],[15.20025,67.8929]],[[15.2666,67.89663],[15.26583,67.89683],[15.2666,67.89728]],[[15.11053,67.90771],[15.10649,67.90651],[15.1054,67.90694],[15.1063,67.90762],[15.10939,67.90812],[15.11053,67.90771]],[[15.00987,67.9128],[15.00865,67.91288],[15.00972,67.91344],[15.01458,67.91363],[15.00987,67.9128]],[[15.21164,67.91433],[15.21028,67.91433],[15.2105,67.91489],[15.2134,67.91542],[15.21549,67.91516],[15.21434,67.91448],[15.21164,67.91433]],[[15.25155,67.92996],[15.25243,67.93014]],[[15.23862,67.94249],[15.23945,67.94114],[15.2386,67.94059]],[[15.23893,67.97306],[15.23765,67.97282]],[[15.18368,67.97421],[15.18327,67.97387]],[[15.06514,67.9743],[15.06376,67.97526]],[[15.34764,67.25305],[15.35039,67.25378]],[[15.34746,67.25302],[15.34764,67.25305]],[[15.26644,67.23414],[15.25925,67.2348]],[[15.43557,67.25281],[15.43829,67.25279],[15.44015,67.25206]],[[15.50044,67.24736],[15.50544,67.2465],[15.51009,67.24492]],[[15.36379,67.25108],[15.361,67.2501],[15.35835,67.24991]],[[15.44015,67.25206],[15.44252,67.25036],[15.44539,67.24693],[15.45207,67.24386],[15.45457,67.24332],[15.45793,67.24339],[15.46079,67.24467],[15.46336,67.245]],[[15.35214,67.25634],[15.3521,67.25458]],[[15.34318,67.26478],[15.3478,67.26412]],[[15.58176,67.35048],[15.58176,67.35065]],[[15.58641,67.35692],[15.5841,67.35138],[15.58176,67.35065]],[[15.68843,67.43466],[15.68882,67.43473]],[[15.47628,67.4515],[15.47465,67.4512]],[[15.45568,67.48044],[15.45582,67.48034]],[[15.5843,67.47992],[15.58493,67.48021]],[[15.51152,67.51529],[15.51032,67.51631],[15.50772,67.5173]],[[15.46897,67.53259],[15.46899,67.53318]],[[15.46899,67.53318],[15.46899,67.53322]],[[15.54918,67.5249],[15.56758,67.53118],[15.57723,67.53345],[15.58633,67.53715]],[[15.77555,67.57855],[15.77522,67.57798]],[[15.62377,67.53051],[15.62711,67.5323],[15.64198,67.53711],[15.64419,67.53823]],[[15.77188,67.57455],[15.77064,67.57465],[15.76676,67.57383]],[[15.35288,67.60992],[15.35287,67.60955]],[[15.3528,67.60949],[15.35287,67.60955]],[[15.38343,67.61507],[15.38107,67.61662]],[[15.56873,67.70423],[15.57374,67.70269],[15.57829,67.70048],[15.582,67.6996],[15.58765,67.69899],[15.59033,67.69771]],[[15.592,67.76379],[15.59473,67.7644],[15.59857,67.76464],[15.60373,67.76384]],[[15.59167,67.76373],[15.592,67.76379]],[[15.2747,67.88611],[15.27519,67.88846],[15.27388,67.88913]],[[15.38804,67.97897],[15.38653,67.97884],[15.38468,67.97978],[15.38774,67.97997],[15.38908,67.97952],[15.38804,67.97897]],[[15.27173,67.88439],[15.2747,67.88611]],[[15.35759,67.92107],[15.35319,67.92],[15.35204,67.92029],[15.3576,67.92173]],[[15.3576,67.92173],[15.35822,67.92149],[15.35759,67.92107]],[[15.38716,67.92382],[15.38292,67.92342],[15.3823,67.92377],[15.38695,67.92483],[15.38927,67.92474],[15.3894,67.92436],[15.38716,67.92382]],[[15.51284,67.98302],[15.50908,67.98325],[15.5092,67.98436],[15.51223,67.98391],[15.51284,67.98302]],[[15.27449,67.9426],[15.27607,67.94367],[15.27828,67.94403]],[[15.42041,67.97978],[15.41621,67.97993],[15.4163,67.98083],[15.41995,67.98059],[15.42091,67.98012],[15.42041,67.97978]],[[15.56639,67.98967],[15.56968,67.98871],[15.57705,67.98875],[15.58551,67.9879],[15.59175,67.98839],[15.59771,67.98773]],[[15.5163,67.98871],[15.51389,67.98879],[15.5165,67.99059],[15.51749,67.98977],[15.5163,67.98871]],[[15.56078,67.99084],[15.56639,67.98967]],[[15.4311,67.99141],[15.42941,67.99096],[15.4275,67.99133],[15.42954,67.99206],[15.4333,67.99236],[15.43637,67.99213],[15.43266,67.99188],[15.4311,67.99141]],[[15.92681,67.98784],[15.92482,67.98802],[15.92341,67.99069],[15.92681,67.98784]],[[15.4926,67.99245],[15.48895,67.99217],[15.48769,67.99307],[15.49038,67.9933],[15.49275,67.99295],[15.4926,67.99245]],[[15.71794,67.99301],[15.71741,67.9929]],[[15.71794,67.99377],[15.71863,67.9934],[15.71794,67.99301]],[[15.71744,67.99382],[15.71794,67.99377]],[[15.47841,67.99961],[15.48096,67.99877],[15.48357,67.99867],[15.48987,67.99942]],[[15.12145,67.52011],[15.12886,67.52207]],[[15.2706,67.89644],[15.2666,67.89663]],[[15.26214,67.49965],[15.26422,67.50167],[15.27394,67.50445],[15.27659,67.50635],[15.27768,67.50655],[15.28065,67.50551],[15.28188,67.50364],[15.28,67.50248],[15.27375,67.50094]],[[15.26777,67.99881],[15.26379,67.99817]],[[15.26301,67.49896],[15.26213,67.49912]],[[15.2666,67.89728],[15.2702,67.89778],[15.27014,67.89903],[15.27176,67.89895],[15.27314,67.89716],[15.2706,67.89644]],[[15.02335,67.92209],[15.02553,67.92221]],[[15.11747,67.57911],[15.12247,67.57828],[15.1238,67.57757],[15.12216,67.57565]],[[15.10454,67.58223],[15.11223,67.58265],[15.11449,67.58057],[15.11629,67.58018],[15.11747,67.57911]],[[15.09705,67.58667],[15.09854,67.586],[15.09652,67.58445],[15.09746,67.58365],[15.10066,67.58216],[15.10322,67.58191],[15.10454,67.58223]],[[15.26305,67.58206],[15.26059,67.58205],[15.25675,67.58345],[15.25002,67.58733],[15.24985,67.58907],[15.24589,67.59041],[15.24329,67.59198],[15.23997,67.59174],[15.23508,67.59266]],[[15.26062,67.5928],[15.26316,67.59241]],[[15.22256,67.57093],[15.22501,67.57175],[15.22501,67.57273],[15.21674,67.57571],[15.21454,67.57733],[15.21691,67.57843],[15.2238,67.5791],[15.2289,67.58079],[15.22991,67.5816],[15.22996,67.58378],[15.22888,67.58462],[15.22138,67.58553],[15.22003,67.58539],[15.21729,67.58627],[15.21402,67.58665],[15.21315,67.58698],[15.21378,67.58754]],[[15.21378,67.58754],[15.21388,67.58786],[15.21289,67.58792]],[[15.21289,67.58792],[15.21149,67.58775],[15.21076,67.58823],[15.21078,67.59031],[15.21278,67.59077],[15.21443,67.59005]],[[15.21443,67.59005],[15.21598,67.58983],[15.22198,67.59179]],[[15.18545,67.61542],[15.19588,67.61061]],[[15,67.58581],[15.00646,67.58692],[15.02011,67.58832],[15.0241,67.58969],[15.03795,67.59165],[15.04429,67.59229],[15.04647,67.59198]],[[15,67.5776],[15.00385,67.57857],[15.00724,67.57879],[15.02048,67.5776],[15.02147,67.57718],[15.02061,67.57643],[15.02091,67.57532],[15.02381,67.57403],[15.03116,67.57243],[15.03556,67.57198],[15.0383,67.57067]],[[15.04647,67.59198],[15.04887,67.59146],[15.0495,67.59241]],[[15.25576,67.60794],[15.25566,67.60713],[15.25357,67.60596],[15.24302,67.60569],[15.2352,67.60453]],[[15.0495,67.59241],[15.05718,67.59408],[15.05972,67.59401],[15.06146,67.59346],[15.06602,67.59368],[15.07478,67.59243],[15.09224,67.58829],[15.09705,67.58667]],[[15.22198,67.59179],[15.22052,67.5925],[15.2251,67.59416],[15.22884,67.59387],[15.23113,67.59283],[15.23508,67.59266]],[[15.23509,67.59312],[15.24132,67.59327],[15.24325,67.59419],[15.24739,67.59439],[15.25249,67.59519],[15.25736,67.5933],[15.26062,67.5928]],[[15.23509,67.59312],[15.23384,67.59327],[15.23411,67.59425],[15.2333,67.59481],[15.23215,67.5949],[15.23225,67.59442],[15.23111,67.59405],[15.22908,67.59473],[15.22612,67.59495],[15.22228,67.59657],[15.21795,67.59715],[15.2152,67.59865],[15.21661,67.60014],[15.22092,67.60196],[15.22439,67.60416],[15.22763,67.60379],[15.2352,67.60453]],[[15.19588,67.61061],[15.2057,67.60721],[15.21029,67.60466],[15.21049,67.60398],[15.20693,67.60201],[15.20175,67.60094],[15.19949,67.59957],[15.19615,67.60047],[15.18124,67.60019],[15.17952,67.60077]],[[15.17952,67.60077],[15.16792,67.60243],[15.1526,67.60328],[15.14765,67.60411],[15.13949,67.6075],[15.13532,67.61024],[15.13462,67.61276],[15.13661,67.61547]],[[15.23849,67.61535],[15.23766,67.61406],[15.24068,67.61354],[15.23871,67.61282],[15.23892,67.61249],[15.2421,67.61162],[15.24933,67.61113],[15.25067,67.60965],[15.25576,67.60794]],[[15.15485,67.61545],[15.15946,67.61554],[15.16082,67.61587]],[[15.13661,67.61547],[15.13765,67.61595],[15.14179,67.61552],[15.14881,67.61546]],[[15.23849,67.61535],[15.23967,67.61626],[15.2415,67.61674],[15.24652,67.61699],[15.24943,67.61645],[15.25274,67.61654]],[[15.16106,67.6163],[15.16075,67.61678],[15.15785,67.61707],[15.15637,67.61785],[15.16032,67.61814],[15.16115,67.61741],[15.16227,67.61729],[15.16546,67.61787],[15.16833,67.61785],[15.18146,67.61653],[15.18545,67.61542]],[[15.25274,67.61654],[15.25609,67.61714],[15.25667,67.61693],[15.2604,67.61732],[15.26344,67.61684]],[[15.20027,67.62573],[15.20246,67.62555],[15.20982,67.62621],[15.21406,67.62708],[15.21891,67.62752],[15.23542,67.62708]],[[15.20027,67.62573],[15.19618,67.62624],[15.19122,67.62591],[15.17911,67.62751],[15.17514,67.62867],[15.17445,67.62955],[15.1652,67.63074],[15.16375,67.6314],[15.16428,67.63235]],[[15.23542,67.62708],[15.24533,67.6278],[15.25135,67.62982],[15.25367,67.6307],[15.25709,67.63303],[15.25999,67.63576],[15.26366,67.63742]],[[15.16413,67.63238],[15.16213,67.63236],[15.161,67.63286],[15.16242,67.63472],[15.17301,67.64325],[15.17613,67.64433]],[[15.06074,67.64458],[15.06199,67.64402]],[[15.09153,67.64677],[15.08692,67.64527],[15.08048,67.64495],[15.07776,67.64437],[15.0764,67.64373],[15.0765,67.64259],[15.07215,67.64132],[15.07241,67.64051],[15.07147,67.64009],[15.06639,67.64011],[15.06609,67.64077],[15.06759,67.64178],[15.06645,67.64239],[15.06119,67.64179],[15.06076,67.64283],[15.06199,67.64402]],[[15.06074,67.64458],[15.05795,67.64488],[15.05518,67.64439],[15.04827,67.64232],[15.04111,67.64138],[15.03807,67.63985],[15.03196,67.63891],[15.02829,67.63784],[15.02489,67.63747],[15.023,67.63893],[15.01519,67.63753],[15.01048,67.63762],[15.01141,67.64011],[15.00971,67.64201],[15.01781,67.64734],[15.02227,67.64887]],[[15.00762,67.64953],[15.0039,67.64976],[15.00444,67.65011],[15.01173,67.65081],[15.00762,67.64953]],[[15.05175,67.65432],[15.04665,67.65385],[15.04311,67.65429],[15.03965,67.65381],[15.03621,67.65278],[15.03879,67.6527],[15.03904,67.6524],[15.03438,67.65128],[15.03175,67.6514],[15.03063,67.65276],[15.02197,67.65226],[15.02046,67.65063],[15.01516,67.64897],[15.01696,67.64851],[15.02121,67.64948],[15.02227,67.64887]],[[15.05175,67.65432],[15.05346,67.65468],[15.05355,67.65612],[15.05199,67.65749],[15.05016,67.65762]],[[15.11558,67.65814],[15.11182,67.65535],[15.11126,67.6525],[15.11025,67.6517],[15.10741,67.6514],[15.10707,67.6505],[15.10374,67.64867],[15.0997,67.64753],[15.09628,67.64574],[15.09383,67.64567],[15.09342,67.64663],[15.09199,67.64683]],[[15.04952,67.6596],[15.04835,67.65883],[15.04244,67.65908],[15.04062,67.65844],[15.034,67.65791],[15.03233,67.65709],[15.03406,67.6563],[15.03625,67.65692],[15.04159,67.65666],[15.04586,67.65753],[15.05016,67.65762]],[[15.02613,67.65922],[15.03158,67.65888],[15.02681,67.65728],[15.02423,67.657],[15.02334,67.65734],[15.01845,67.65642],[15.01756,67.65768],[15.00887,67.65671],[15.00683,67.65698],[15.00741,67.65747],[15.01311,67.6586],[15.01847,67.66018],[15.0239,67.65984],[15.02613,67.65922]],[[15.19199,67.66026],[15.18669,67.65969],[15.18489,67.65876],[15.18547,67.65602],[15.17944,67.65285],[15.17791,67.65089],[15.17501,67.64972],[15.17525,67.64903],[15.17795,67.6485],[15.17874,67.6474],[15.17846,67.64593],[15.17613,67.64433]],[[15.0506,67.66037],[15.05772,67.66198],[15.06288,67.66215],[15.06669,67.66315],[15.0835,67.66486]],[[15.11791,67.66704],[15.12152,67.66663],[15.12737,67.66711],[15.12943,67.66668],[15.12713,67.66227],[15.12602,67.66166],[15.12147,67.66094],[15.12018,67.66033]],[[15.11623,67.66714],[15.11791,67.66704]],[[15.0835,67.66486],[15.09423,67.66605],[15.10153,67.6662],[15.10777,67.66746],[15.11623,67.66714]],[[15.03012,67.68417],[15.02701,67.68312],[15.02573,67.68204],[15.0209,67.68155],[15.01642,67.68188],[15.00925,67.67904],[15.00722,67.67974],[15,67.67792]],[[15.19199,67.66026],[15.19477,67.6614],[15.19362,67.66305],[15.1967,67.66346],[15.20064,67.66319],[15.21235,67.66806],[15.2132,67.66903],[15.21591,67.66956],[15.21743,67.67034],[15.22285,67.67484],[15.22476,67.67832],[15.23096,67.68363],[15.23159,67.68561],[15.23601,67.68612]],[[15.07944,67.69965],[15.07919,67.69848],[15.0737,67.69596],[15.06506,67.69368],[15.06059,67.69166],[15.06017,67.69106],[15.0611,67.6907],[15.05917,67.68942],[15.05345,67.68805],[15.04774,67.68781],[15.04613,67.68738],[15.0439,67.68772],[15.04068,67.68691],[15.03803,67.68708],[15.03529,67.68581],[15.03541,67.68532],[15.0371,67.685],[15.0319,67.683],[15.0318,67.68372]],[[15.19693,67.7427],[15.2051,67.74336],[15.20595,67.74281],[15.2047,67.74152],[15.19764,67.73896],[15.19939,67.73874]],[[15.07944,67.69965],[15.08057,67.70019],[15.08325,67.7],[15.09185,67.70168],[15.09292,67.70272],[15.09839,67.70519]],[[15.25216,67.70503],[15.24781,67.70296],[15.24722,67.70181],[15.24872,67.70165],[15.25351,67.69993],[15.25728,67.69997],[15.26435,67.69874]],[[15.09784,67.70636],[15.09451,67.70535],[15.09601,67.70528],[15.09842,67.7059],[15.09839,67.70519]],[[15.11812,67.70772],[15.11004,67.70604],[15.11349,67.70791]],[[15.11371,67.70973],[15.11349,67.70791]],[[15.09784,67.70636],[15.09942,67.70723],[15.09909,67.7077],[15.10679,67.70985],[15.11322,67.71041],[15.11371,67.70973]],[[15.25216,67.70503],[15.25428,67.70595],[15.2611,67.70767],[15.26072,67.70881],[15.25722,67.70875],[15.2615,67.71141],[15.26072,67.71176]],[[15.26072,67.71176],[15.26004,67.71218],[15.26055,67.71647],[15.26318,67.7185],[15.26458,67.71882]],[[15.14499,67.7194],[15.14001,67.71762],[15.12875,67.71165],[15.11812,67.70772]],[[15.15639,67.71626],[15.15319,67.71531],[15.15092,67.71523],[15.15325,67.7167],[15.15077,67.71773],[15.15046,67.719],[15.14777,67.71948],[15.14499,67.7194]],[[15.2291,67.76148],[15.23678,67.76184]],[[15.13764,67.76083],[15.13848,67.76131],[15.14237,67.7618],[15.14331,67.76271]],[[15.18372,67.72754],[15.18326,67.72703],[15.18402,67.72729],[15.18095,67.7258],[15.17717,67.72487],[15.17193,67.7223],[15.17052,67.72087],[15.16769,67.71955],[15.16849,67.71809],[15.16541,67.71735],[15.16015,67.71708],[15.15639,67.71626]],[[15.19939,67.73874],[15.20181,67.73877],[15.2054,67.73963],[15.2083,67.73961],[15.20762,67.73879],[15.1927,67.73234],[15.19191,67.73113],[15.18708,67.7303],[15.18372,67.72754]],[[15.00597,67.75007],[15.00408,67.74948],[15.00627,67.74887],[15.00601,67.74861],[15.00087,67.74858],[15,67.749]],[[15.03757,67.74417],[15.03517,67.74586],[15.03375,67.7458],[15.03192,67.74494],[15.03224,67.74654],[15.03093,67.7473],[15.02325,67.74619],[15.01871,67.74753],[15.01709,67.74722],[15.01643,67.74632],[15.0135,67.74606],[15.01335,67.74658],[15.01444,67.74701],[15.01198,67.74767],[15.01215,67.74845],[15.01048,67.74919],[15.01148,67.75007]],[[15.04506,67.75007],[15.04699,67.74881],[15.05018,67.7484],[15.05032,67.74802],[15.04713,67.74796],[15.0436,67.74637],[15.04198,67.74693],[15.04033,67.74682],[15.03915,67.74535],[15.04018,67.74455],[15.03929,67.74423]],[[15.06752,67.75006],[15.06318,67.74991],[15.06121,67.74933],[15.05902,67.7499],[15.05337,67.74976],[15.05143,67.75006]],[[15.19146,67.74996],[15.18879,67.74884],[15.19218,67.74846],[15.19303,67.74804],[15.19348,67.74583],[15.19287,67.74539],[15.19013,67.745],[15.19373,67.74456],[15.19437,67.74337],[15.19645,67.74273]],[[15.00597,67.75007],[15.01136,67.75054],[15.01148,67.75007]],[[15.04506,67.75007],[15.04697,67.75123],[15.04963,67.75081],[15.05143,67.75006]],[[15.01061,67.75225],[15.00752,67.75135],[15.00409,67.75365],[15.00544,67.75394],[15.00897,67.75325],[15.01035,67.75288],[15.01061,67.75225]],[[15.06752,67.75006],[15.07016,67.7507],[15.06965,67.75159],[15.07133,67.75229],[15.07586,67.75074],[15.08254,67.75145],[15.08726,67.75082],[15.0965,67.75153],[15.10352,67.7529],[15.1098,67.75542],[15.11301,67.75604],[15.11335,67.75657],[15.11837,67.75741]],[[15.19146,67.74996],[15.19396,67.75279],[15.19851,67.75488],[15.19974,67.7552],[15.20246,67.75466],[15.20624,67.75479],[15.20917,67.7579],[15.21437,67.75904]],[[15.13764,67.76083],[15.13309,67.7601],[15.12885,67.76041],[15.12355,67.75847],[15.11837,67.75741]],[[15.21437,67.75904],[15.22129,67.7605],[15.22721,67.76055],[15.2291,67.76148]],[[15.13161,67.76174],[15.13311,67.76118],[15.13299,67.76171]],[[15.13161,67.76174],[15.13079,67.76112],[15.12853,67.76105],[15.12798,67.76156],[15.12898,67.7628]],[[15.14319,67.76328],[15.14331,67.76271]],[[15.11839,67.76265],[15.12588,67.76367],[15.12854,67.76352],[15.12898,67.7628]],[[15.02038,67.76179],[15.01875,67.76022],[15.02057,67.75992],[15.01839,67.75941],[15.01898,67.75893],[15.02064,67.75871],[15.03643,67.76048],[15.04385,67.76045],[15.04667,67.76096],[15.04865,67.76078],[15.05702,67.76232],[15.06032,67.76189],[15.06381,67.76299],[15.0673,67.76318],[15.07119,67.76394],[15.07478,67.76302],[15.07811,67.76359],[15.08229,67.76318],[15.08396,67.76384],[15.09479,67.76329],[15.10136,67.76335],[15.10342,67.76371],[15.10901,67.76255],[15.11143,67.76299],[15.1159,67.76477],[15.11713,67.76378],[15.11638,67.76298],[15.11839,67.76265]],[[15.24282,67.7653],[15.24306,67.76425],[15.24016,67.76351],[15.23775,67.76191],[15.23678,67.76184]],[[15.00093,67.77363],[15.00461,67.77354],[15,67.77242]],[[15.00146,67.76989],[15.01125,67.77119],[15.01269,67.77043],[15.01082,67.76972],[15.01188,67.76908],[15.01305,67.76994],[15.0249,67.77132]],[[15.03118,67.77135],[15.03161,67.77038],[15.03455,67.77081],[15.03645,67.7705],[15.03767,67.76804],[15.02932,67.7665],[15.02636,67.76487],[15.02149,67.76312],[15.02214,67.76252],[15.02038,67.76179]],[[15,67.7736],[15.00093,67.77363]],[[15.04277,67.79009],[15.03694,67.78795],[15.03207,67.7871],[15.02824,67.78559],[15.01468,67.78377],[15.01057,67.78288],[15.0076,67.78059],[15.00372,67.77948],[15.00261,67.7766],[15,67.77573]],[[15,67.79025],[15.00205,67.79028],[15,67.78962]],[[15.26518,67.77208],[15.26388,67.77145],[15.26065,67.77137],[15.25584,67.77033],[15.25438,67.76873],[15.25257,67.76796],[15.24872,67.76766],[15.24945,67.76643],[15.24819,67.76629],[15.2472,67.76693],[15.24514,67.76665],[15.24282,67.7653]],[[15.02452,67.79364],[15.02037,67.79282],[15.01728,67.79274],[15.01186,67.79059],[15.00995,67.79046],[15.00982,67.79101],[15.00839,67.79097],[15.00588,67.79059],[15.00438,67.78968],[15,67.78932]],[[15.0312,67.79492],[15.0326,67.79474],[15.03364,67.79393],[15.03286,67.7927],[15.03349,67.79238],[15.04116,67.79295],[15.05076,67.79467],[15.05011,67.79279],[15.04593,67.79174],[15.04277,67.79009]],[[15.02452,67.79364],[15.02969,67.79492]],[[15.17863,67.8499],[15.1826,67.85128],[15.18849,67.85217],[15.19076,67.85149]],[[15.18246,67.85408],[15.18145,67.85276],[15.17986,67.85251],[15.17696,67.8505]],[[15.21299,67.86067],[15.22764,67.86691],[15.23066,67.86915],[15.23788,67.87101]],[[15.08539,67.85549],[15.08465,67.85496]],[[15.18246,67.85408],[15.18531,67.85716]],[[15.19076,67.85149],[15.19721,67.85335],[15.19863,67.85503],[15.198,67.85593],[15.20077,67.8569],[15.20123,67.85636],[15.20272,67.85652],[15.20501,67.85804]],[[15.21101,67.86044],[15.21166,67.86017],[15.21299,67.86067]],[[15.20501,67.85804],[15.20892,67.86109],[15.21077,67.86107],[15.21101,67.86044]],[[15.19262,67.86345],[15.19323,67.86274],[15.19485,67.86303],[15.19458,67.86251],[15.18531,67.85716]],[[15,67.85465],[15.00551,67.85445],[15.01164,67.85596],[15.01537,67.85776],[15.01822,67.85836],[15.02179,67.85989],[15.02228,67.86108],[15.02628,67.86212],[15.03404,67.86306],[15.04062,67.86323],[15.04755,67.86531],[15.05615,67.86719],[15.06782,67.86611],[15.07284,67.86419],[15.07304,67.8632],[15.06829,67.86113],[15.06896,67.85926],[15.07188,67.85974],[15.08311,67.86309],[15.09089,67.86097],[15.09245,67.86001],[15.09111,67.8582],[15.08539,67.85549]],[[15.02922,67.86927],[15.02791,67.86875],[15.02521,67.86845],[15.01609,67.86869],[15.00489,67.86749],[15.00257,67.86668],[15.00069,67.86672]],[[15.08465,67.85496],[15.08662,67.85369],[15.08806,67.85431],[15.08881,67.85342],[15.09309,67.85319],[15.09592,67.85263],[15.09802,67.85287],[15.09997,67.85432],[15.10117,67.85333],[15.10244,67.85331],[15.10196,67.85625],[15.10379,67.85807],[15.10285,67.85994],[15.10271,67.86419],[15.10675,67.86531],[15.11033,67.86577],[15.11133,67.86636],[15.11254,67.86921],[15.11637,67.87107],[15.11894,67.87134]],[[15.19262,67.86345],[15.19485,67.86692],[15.19213,67.86685],[15.19078,67.86772],[15.18706,67.86871],[15.19362,67.86947],[15.19664,67.87047],[15.19955,67.87015],[15.20239,67.87042],[15.20506,67.87209],[15.20858,67.87011],[15.21207,67.87165],[15.21731,67.87315]],[[15.11896,67.8737],[15.12065,67.87324],[15.12122,67.8717],[15.12442,67.8701],[15.12914,67.87022],[15.13268,67.87092],[15.13521,67.87085],[15.1366,67.86862],[15.13617,67.86702],[15.13398,67.86573],[15.13097,67.86521],[15.12779,67.86676],[15.12473,67.86643],[15.12526,67.86736],[15.12164,67.86914],[15.11995,67.87125],[15.11894,67.87134]],[[15.02922,67.86927],[15.03136,67.86934],[15.03263,67.86879],[15.0344,67.86878],[15.03966,67.86967],[15.04455,67.86987],[15.05316,67.87198],[15.06319,67.87315],[15.08847,67.87365],[15.09155,67.87427],[15.08913,67.87516],[15.09299,67.87549],[15.09899,67.87505],[15.10449,67.87365],[15.10511,67.87182],[15.1029,67.8713],[15.10298,67.87085],[15.10769,67.86927],[15.10996,67.86988],[15.1104,67.8711],[15.11337,67.87071],[15.11089,67.87245],[15.11487,67.87368],[15.1152,67.87452],[15.10759,67.87526],[15.10738,67.87561],[15.11394,67.87618],[15.11779,67.87583],[15.1186,67.87561],[15.11779,67.87488],[15.11896,67.8737]],[[15.21731,67.87315],[15.22441,67.8761],[15.22837,67.87724],[15.22893,67.87791],[15.23234,67.87917]],[[15.23234,67.87917],[15.23799,67.88094]],[[15.26644,67.8827],[15.25024,67.87677],[15.23788,67.87101]],[[15.21968,67.88721],[15.21997,67.8873]],[[15.25001,67.88764],[15.25243,67.88715],[15.2523,67.88653],[15.25122,67.88576],[15.2466,67.88443]],[[15.21997,67.8873],[15.21954,67.88875],[15.22603,67.89129],[15.22812,67.89145],[15.23534,67.89002],[15.23809,67.89097]],[[15.23809,67.89097],[15.24192,67.89198],[15.24602,67.89208],[15.24911,67.89176],[15.25065,67.88956],[15.25001,67.88764]],[[15.20025,67.8929],[15.20068,67.89122],[15.2018,67.89078],[15.20622,67.89222],[15.2091,67.89114],[15.2075,67.89041],[15.20788,67.89002],[15.21265,67.891],[15.21447,67.89013],[15.21612,67.89022],[15.21641,67.88971],[15.21385,67.88729],[15.21697,67.88753],[15.21968,67.88721]],[[15.15546,67.89385],[15.15564,67.8934]],[[15.10232,67.92128],[15.11172,67.9188],[15.11919,67.91862]],[[15.12254,67.89509],[15.13195,67.8921],[15.13694,67.89293],[15.14515,67.89303],[15.15236,67.89432],[15.156,67.89416],[15.15546,67.89385]],[[15.11907,67.89573],[15.12254,67.89509]],[[15.15564,67.8934],[15.15869,67.89312],[15.16966,67.89529],[15.17346,67.89523],[15.18218,67.89647],[15.18242,67.8973],[15.17561,67.8973],[15.17921,67.89822]],[[15.11566,67.89841],[15.11682,67.89836],[15.11864,67.8971],[15.11828,67.89629],[15.11907,67.89573]],[[15.08924,67.90176],[15.08729,67.8992],[15.09308,67.90026],[15.09698,67.90025],[15.10783,67.89896],[15.11418,67.89898],[15.11566,67.89841]],[[15.17921,67.89822],[15.18204,67.89882],[15.18228,67.89967],[15.18451,67.89957],[15.18395,67.90157],[15.188,67.90168],[15.18837,67.90032],[15.19106,67.89907],[15.193,67.90042],[15.19866,67.9003]],[[15.19866,67.9003],[15.2113,67.90105],[15.21392,67.90221],[15.21811,67.90301],[15.22869,67.90407],[15.23136,67.90379],[15.23101,67.90331],[15.22192,67.90092],[15.21958,67.89917],[15.21368,67.89881],[15.21018,67.89928],[15.20813,67.89888],[15.20482,67.89679],[15.20177,67.89601],[15.20042,67.89422]],[[15.18396,67.90274],[15.17768,67.9027],[15.17945,67.90335],[15.18591,67.90424],[15.18396,67.90274]],[[15.08903,67.90441],[15.08844,67.90366],[15.08924,67.90176]],[[15.16068,67.90472],[15.15567,67.90351],[15.14958,67.90356],[15.15055,67.90437],[15.16013,67.90504],[15.16068,67.90472]],[[15.18003,67.90537],[15.17889,67.90536],[15.17857,67.90576],[15.18062,67.90711],[15.18407,67.90787],[15.18712,67.90747],[15.18532,67.90662],[15.18114,67.90612],[15.18003,67.90537]],[[15.21363,67.91733],[15.21867,67.91811],[15.21976,67.91742],[15.22111,67.9173],[15.22585,67.91778],[15.23104,67.91754],[15.23292,67.9186],[15.23838,67.91994]],[[15,67.90558],[15.00451,67.9062],[15.01936,67.90625],[15.03058,67.90711],[15.04208,67.90658],[15.05616,67.90802],[15.06446,67.90755],[15.07494,67.90758],[15.08196,67.9071],[15.09765,67.90777],[15.10118,67.90739],[15.0977,67.90638],[15.09449,67.90632],[15.08903,67.90441]],[[15.26596,67.92155],[15.26249,67.91902],[15.25873,67.91748],[15.25403,67.9165],[15.2507,67.91663],[15.24539,67.91534],[15.2434,67.91522],[15.24286,67.91576],[15.24648,67.91757],[15.25099,67.91877],[15.25186,67.9201]],[[15.05501,67.91892],[15.05648,67.91871],[15.05697,67.91787],[15.05125,67.91725],[15.05043,67.91693],[15.05081,67.91655],[15.05275,67.91634],[15.0775,67.91784],[15.09894,67.92109],[15.10232,67.92128]],[[15.17691,67.9121],[15.17849,67.91173],[15.18017,67.91181],[15.18149,67.91295],[15.18103,67.9135],[15.17985,67.91367],[15.18009,67.91454],[15.1844,67.91541],[15.18799,67.9156],[15.19535,67.91507],[15.20551,67.91674],[15.21363,67.91733]],[[15.25186,67.9201],[15.25143,67.92173],[15.25337,67.92261],[15.25103,67.92332],[15.24859,67.92304],[15.24056,67.92011],[15.23838,67.91994]],[[15.26689,67.92212],[15.26596,67.92155]],[[15.17691,67.9121],[15.17569,67.91148],[15.16826,67.91043],[15.15968,67.91079],[15.15772,67.91116],[15.15938,67.91262],[15.15646,67.913],[15.15277,67.91197],[15.14274,67.91029],[15.1295,67.91013],[15.12647,67.90952],[15.12515,67.91015],[15.12957,67.91075],[15.13198,67.9122],[15.13155,67.91313],[15.1252,67.91374],[15.12133,67.91345],[15.12023,67.91373],[15.13109,67.91583],[15.13169,67.91664],[15.12994,67.9165],[15.12896,67.91685],[15.1298,67.9175],[15.13301,67.91813],[15.13248,67.91868]],[[15.11919,67.91862],[15.12285,67.91877],[15.12904,67.91824],[15.13248,67.91868]],[[15,67.91944],[15.01133,67.92021],[15.02335,67.92209]],[[15.02553,67.92221],[15.02889,67.92043],[15.0277,67.91928],[15.02993,67.91877],[15.03081,67.91772],[15.02924,67.9171],[15.03107,67.91671],[15.03479,67.91724],[15.04115,67.91704],[15.04575,67.91812],[15.0507,67.91828],[15.05369,67.91902],[15.05501,67.91892]],[[15.25243,67.93014],[15.2573,67.93127],[15.2597,67.93159],[15.26382,67.9315],[15.267,67.93212]],[[15.24879,67.93667],[15.24803,67.93583],[15.24848,67.93327],[15.24759,67.93255],[15.24994,67.93034],[15.25155,67.92996]],[[15.23858,67.93858],[15.23695,67.93745],[15.23338,67.93616],[15.23212,67.93474],[15.2297,67.93389],[15.21943,67.93175],[15.21658,67.93211],[15.21686,67.93388],[15.22144,67.93756],[15.22316,67.94097],[15.22594,67.94138],[15.22761,67.94057],[15.23263,67.93977],[15.2349,67.94107],[15.2386,67.94059]],[[15.23862,67.94249],[15.23543,67.94389],[15.22959,67.94341],[15.23224,67.94468],[15.2296,67.94745],[15.23128,67.94755],[15.2367,67.94527],[15.23864,67.94503]],[[15.23858,67.93858],[15.24087,67.93866],[15.2431,67.93808],[15.24655,67.94018],[15.24504,67.94154],[15.24726,67.94423],[15.25223,67.94291],[15.25356,67.94552],[15.25761,67.94708],[15.25719,67.94814],[15.25886,67.94858],[15.2604,67.94847],[15.26299,67.94702],[15.26189,67.94604],[15.25815,67.94511],[15.25823,67.94391],[15.26069,67.94287],[15.2616,67.94181],[15.2601,67.94079],[15.25918,67.93817],[15.2572,67.93723],[15.25563,67.93754],[15.25877,67.94023],[15.25791,67.94077],[15.25247,67.93932],[15.24879,67.93667]],[[15.2387,67.95034],[15.24114,67.94962],[15.24294,67.94835],[15.24143,67.94699],[15.23917,67.94688],[15.23979,67.9453],[15.23864,67.94503]],[[15.16308,67.95569],[15.16171,67.95544],[15.15917,67.95623],[15.1602,67.95754],[15.16159,67.95798],[15.16357,67.95678],[15.16308,67.95569]],[[15.26741,67.96782],[15.2644,67.96743],[15.26245,67.96789],[15.262,67.96971]],[[15.1228,67.95866],[15.12455,67.95636],[15.12795,67.95547],[15.13545,67.95586],[15.13624,67.95442],[15.13847,67.95467],[15.1367,67.95589],[15.13754,67.9565],[15.14227,67.95524],[15.14904,67.95496],[15.15578,67.95355],[15.1603,67.95439],[15.16238,67.95357],[15.16843,67.95392],[15.17678,67.9521],[15.17753,67.95242],[15.17658,67.95313],[15.17763,67.95386],[15.17545,67.95482],[15.17451,67.95648],[15.17533,67.95704],[15.17723,67.95721],[15.18076,67.95633],[15.1848,67.95632],[15.18928,67.95543],[15.19252,67.95207],[15.19533,67.95025],[15.19815,67.95089],[15.20453,67.9513],[15.2108,67.95093],[15.22076,67.95159],[15.22901,67.9517],[15.2387,67.95034]],[[15.11944,67.96731],[15.12652,67.96509],[15.12858,67.96348],[15.13022,67.96368],[15.13673,67.96133],[15.1397,67.96073],[15.14032,67.96004],[15.13892,67.95929],[15.13746,67.95911],[15.12772,67.95967],[15.1228,67.95866]],[[15.262,67.96971],[15.26018,67.97022],[15.25738,67.9686]],[[15.11661,67.9704],[15.11884,67.96944],[15.11841,67.96848],[15.11944,67.96731]],[[15.18113,67.97252],[15.18061,67.97155],[15.17722,67.97057],[15.17726,67.97005],[15.18033,67.96982],[15.18423,67.96819],[15.1895,67.96684],[15.20148,67.96752],[15.20451,67.96846],[15.20615,67.96822],[15.2113,67.97039],[15.21154,67.97127],[15.21325,67.97148],[15.21516,67.97112],[15.21187,67.96961],[15.21248,67.96913],[15.21669,67.96761],[15.2195,67.96712],[15.22296,67.96846],[15.22827,67.96921],[15.23194,67.96882],[15.23532,67.97145],[15.23615,67.97131],[15.23758,67.97171],[15.23765,67.97282]],[[15.25738,67.9686],[15.25543,67.96611],[15.25214,67.96549],[15.24939,67.96552],[15.24805,67.96589],[15.24568,67.96563],[15.23987,67.96642],[15.24069,67.97159],[15.24033,67.97275],[15.23893,67.97306]],[[15,67.97134],[15.00256,67.97049],[15.00811,67.97122],[15.01162,67.97119],[15.01386,67.97188],[15.01384,67.97238],[15.01085,67.97293],[15.01363,67.97358],[15.01557,67.9732],[15.01819,67.9715],[15.01941,67.97153]],[[15.18113,67.97252],[15.18327,67.97387]],[[15.06514,67.9743],[15.0672,67.97318],[15.06687,67.97261],[15.05956,67.96873],[15.0566,67.96869],[15.04554,67.9667],[15.03843,67.96669],[15.03759,67.96745],[15.03184,67.96925],[15.02451,67.9726],[15.02383,67.97245],[15.02389,67.97119],[15.02263,67.97107],[15.02131,67.9719],[15.01941,67.97153]],[[15.11356,67.97427],[15.11415,67.97358],[15.11763,67.97252],[15.11583,67.97162],[15.11661,67.9704]],[[15.06376,67.97526],[15.05922,67.97652]],[[15.11356,67.97427],[15.11179,67.97509],[15.10839,67.9748],[15.10504,67.97505],[15.10223,67.97612],[15.10181,67.97726]],[[15.18496,67.98116],[15.18573,67.98066],[15.18392,67.98059],[15.18167,67.97911],[15.1799,67.9786],[15.17248,67.98015],[15.17055,67.97984],[15.1708,67.97872],[15.17355,67.97744],[15.1724,67.9754],[15.17436,67.97531],[15.17537,67.97704],[15.17782,67.97716],[15.18018,67.9764],[15.18004,67.97521],[15.18273,67.97479],[15.18368,67.97421]],[[15.09611,67.98225],[15.09488,67.98103],[15.0955,67.97986],[15.0977,67.97938],[15.10186,67.97953],[15.10398,67.97899],[15.10181,67.97726]],[[15.07328,67.98319],[15.07539,67.98272],[15.07675,67.98296],[15.07978,67.98211],[15.08191,67.98286]],[[15.05922,67.97652],[15.05697,67.97603],[15.0553,67.97752],[15.05931,67.98221],[15.06589,67.9836],[15.06869,67.98466],[15.07328,67.98319]],[[15.09611,67.98225],[15.10582,67.98477]],[[15.10582,67.98477],[15.11955,67.98969]],[[15.12252,67.99201],[15.1213,67.9916],[15.11955,67.98969]],[[15.08191,67.98286],[15.08065,67.98372],[15.08384,67.98533],[15.08409,67.98651],[15.08206,67.98734],[15.08099,67.98858],[15.08432,67.98904],[15.08182,67.98975],[15.0822,67.99021],[15.08099,67.9906],[15.08107,67.99117],[15.08509,67.99153],[15.08443,67.99227],[15.08867,67.99329],[15.09361,67.99321],[15.09444,67.99379],[15.09173,67.99377],[15.0913,67.99421],[15.09565,67.99534],[15.09826,67.99468]],[[15.09826,67.99468],[15.09923,67.99329],[15.10174,67.99512],[15.10471,67.99554],[15.10441,67.9959]],[[15.18496,67.98116],[15.1821,67.9822],[15.1831,67.98328],[15.18052,67.98495],[15.18092,67.98611],[15.17939,67.98627],[15.17642,67.98546],[15.17635,67.98484],[15.17523,67.98493],[15.16926,67.99047],[15.17102,67.99158],[15.16992,67.9927],[15.16904,67.99323],[15.16641,67.99359],[15.16535,67.99469],[15.16083,67.99561],[15.16005,67.99641],[15.1609,67.99762]],[[15.26379,67.99817],[15.26339,67.99717],[15.26417,67.99655],[15.26775,67.99721]],[[15.1196,67.99917],[15.12288,67.99881],[15.12413,67.99832],[15.12361,67.99676],[15.12676,67.99339],[15.12421,67.99205],[15.12252,67.99201]],[[15.11708,67.99976],[15.1196,67.99917]],[[15.09464,67.99977],[15.09689,67.99697],[15.09566,67.99604],[15.0932,67.99537],[15.08559,67.9947],[15.08518,67.99504],[15.08675,67.99627],[15.0862,67.99646],[15.08364,67.99494],[15.08208,67.99484],[15.07966,67.99532],[15.07927,67.99623],[15.07718,67.9963],[15.07766,67.99743],[15.07939,67.99826],[15.08313,67.99862],[15.08814,67.99993],[15.08703,67.99993],[15.09464,67.99977]],[[15.16776,68.00008],[15.16429,67.99967],[15.16186,68.00064]],[[15.15963,68.00046],[15.15937,67.9989],[15.16443,67.9986],[15.16802,67.99794],[15.16507,67.99724],[15.1609,67.99762]],[[15.07276,68.0003],[15.07076,67.99971],[15.06921,67.99999],[15.06945,68.00052]],[[15.10441,67.9959],[15.10424,67.99691],[15.10657,67.99789],[15.1046,67.99829],[15.105,67.99996],[15.09895,68.00071]],[[15.11643,68.0004],[15.11708,67.99976]],[[15.46658,67.6952],[15.4701,67.69595],[15.4712,67.69782],[15.47227,67.6981]],[[15.82253,67.58489],[15.8278,67.58519],[15.82998,67.58496],[15.83326,67.58385],[15.83683,67.5839],[15.84709,67.58627],[15.84839,67.58779],[15.84836,67.58909],[15.84709,67.58983],[15.84815,67.59029],[15.86353,67.59198],[15.86984,67.59132],[15.87333,67.59219],[15.87915,67.59282]],[[15.26435,67.69874],[15.2665,67.69831],[15.29043,67.6984],[15.30904,67.69946],[15.31831,67.69962],[15.32893,67.69886],[15.33464,67.69797],[15.33926,67.69394],[15.33845,67.69196],[15.33523,67.69121],[15.33354,67.6892],[15.33097,67.68798],[15.32695,67.6873],[15.31945,67.68726]],[[15.43287,67.58523],[15.43236,67.58561],[15.43452,67.58713],[15.43371,67.58816],[15.43223,67.58844],[15.43434,67.59362],[15.43406,67.59957],[15.4313,67.60027],[15.42719,67.59986],[15.42205,67.59811],[15.4131,67.59924],[15.40951,67.59861],[15.40446,67.59995],[15.40057,67.59976],[15.39971,67.59908],[15.39843,67.59893],[15.39809,67.60011],[15.38727,67.6032]],[[15.36739,67.6039],[15.37903,67.60472],[15.38727,67.6032]],[[15.45081,67.83973],[15.45076,67.84152],[15.45366,67.84349],[15.45396,67.84558]],[[15.77522,67.57798],[15.77628,67.5777],[15.78069,67.57789],[15.78221,67.57624],[15.77705,67.5746],[15.77188,67.57455]],[[15.82211,67.57273],[15.8307,67.5721],[15.84174,67.57254],[15.84699,67.57514],[15.85194,67.576],[15.85363,67.5761],[15.86043,67.57506],[15.86561,67.57498],[15.86994,67.57552],[15.8764,67.57556],[15.88086,67.57631],[15.88379,67.57762],[15.88822,67.57821]],[[15.77555,67.57855],[15.77627,67.58013],[15.77804,67.58138],[15.78264,67.58227],[15.78738,67.58122],[15.78828,67.58],[15.78979,67.5795],[15.79971,67.57912],[15.80595,67.5802],[15.81339,67.58395],[15.82253,67.58489]],[[15.2704,67.58414],[15.27223,67.58615],[15.27726,67.5887]],[[15.27558,67.59073],[15.27795,67.58933],[15.27726,67.5887]],[[15.2704,67.58414],[15.26749,67.58273],[15.26305,67.58206]],[[15.26316,67.59241],[15.27558,67.59073]],[[15.87987,67.59206],[15.87683,67.5917],[15.87515,67.59099],[15.87499,67.59028],[15.87205,67.58858],[15.86367,67.58833],[15.85837,67.58727],[15.8562,67.58495],[15.85602,67.58329],[15.85786,67.58271],[15.87044,67.58392],[15.87955,67.58281],[15.88022,67.58194],[15.88134,67.58172],[15.89088,67.58272],[15.89114,67.58142],[15.88708,67.57959],[15.88772,67.57895]],[[15.43439,67.60468],[15.43253,67.60373],[15.43219,67.60255],[15.43364,67.60038],[15.43759,67.59926],[15.44268,67.59705],[15.45263,67.59649],[15.45471,67.59576],[15.45525,67.59504],[15.45445,67.59396],[15.45057,67.59217],[15.45008,67.59115],[15.45173,67.58895],[15.44591,67.58467],[15.44722,67.58075],[15.44579,67.57977],[15.441,67.57811],[15.43684,67.5795],[15.4385,67.58259],[15.43942,67.58755],[15.43514,67.58633],[15.43387,67.58531]],[[15.43439,67.60468],[15.43443,67.60526],[15.43206,67.60546],[15.4329,67.60635]],[[15.38343,67.61507],[15.38142,67.612],[15.38195,67.61163],[15.38691,67.61062],[15.39238,67.61042],[15.39641,67.60966],[15.40071,67.60943],[15.40314,67.60823]],[[15.35287,67.60922],[15.356,67.60812],[15.36114,67.60709],[15.36619,67.60391],[15.36739,67.6039]],[[15.35287,67.60922],[15.3528,67.60949]],[[15.40314,67.60823],[15.407,67.60679],[15.41013,67.60665],[15.41455,67.60752],[15.41664,67.60889],[15.42232,67.61038],[15.43212,67.6105],[15.43799,67.61146],[15.43904,67.61102],[15.43804,67.61024],[15.43412,67.60951],[15.43092,67.60798],[15.43264,67.60737],[15.43523,67.60715],[15.4329,67.60635]],[[15.60086,67.78471],[15.59244,67.78139]],[[15.32316,67.61415],[15.33254,67.61375],[15.33842,67.61255],[15.33872,67.61171],[15.34139,67.61105],[15.34606,67.61064],[15.34989,67.61075],[15.35288,67.60992]],[[15.32095,67.6144],[15.32316,67.61415]],[[15.32146,67.61521],[15.32095,67.6144]],[[15.353,67.61764],[15.36115,67.61765],[15.37046,67.61841]],[[15.353,67.61764],[15.34697,67.61811],[15.34516,67.61878]],[[15.37902,67.61694],[15.38107,67.61662]],[[15.37046,67.61841],[15.37426,67.61717],[15.37902,67.61694]],[[15.26344,67.61684],[15.26462,67.61679],[15.26511,67.61742],[15.26681,67.61789],[15.27608,67.61906],[15.27884,67.61903]],[[15.27884,67.61903],[15.28396,67.61956],[15.28572,67.62051],[15.28745,67.62071],[15.30631,67.62073],[15.31307,67.61984],[15.31771,67.61831],[15.32017,67.61804],[15.32247,67.61658],[15.32146,67.61521]],[[15.27647,67.64],[15.28217,67.63851],[15.28526,67.63949],[15.28674,67.63917],[15.28422,67.63644],[15.28891,67.63472],[15.28971,67.63249],[15.29689,67.63127],[15.30363,67.63087],[15.31506,67.62935],[15.3241,67.62782],[15.33833,67.62404],[15.34069,67.62083],[15.34516,67.61878]],[[15.26366,67.63742],[15.2713,67.63991],[15.27647,67.64]],[[15.31815,67.68741],[15.30399,67.6883],[15.29407,67.69002],[15.28697,67.69044],[15.2779,67.69153],[15.27454,67.69098],[15.26967,67.68917],[15.26424,67.68854]],[[15.8079,67.68968],[15.81341,67.69021],[15.81519,67.69162],[15.81718,67.69143],[15.82164,67.68713],[15.82419,67.68534],[15.82603,67.68492]],[[15.41246,67.7047],[15.41378,67.7031],[15.42238,67.70278],[15.43308,67.70128],[15.43562,67.70194],[15.43842,67.70201],[15.44544,67.70052],[15.4519,67.69789],[15.46053,67.69682],[15.46197,67.69544]],[[15.51113,67.70442],[15.50624,67.70371],[15.50303,67.70195],[15.50551,67.69866],[15.51486,67.6941],[15.51622,67.69144],[15.51851,67.69089],[15.52417,67.68831],[15.5341,67.68564],[15.53668,67.68445],[15.5378,67.68249],[15.53638,67.68199],[15.53069,67.68165],[15.52368,67.68224],[15.51768,67.68401],[15.50754,67.68553],[15.50101,67.68838],[15.49951,67.69029],[15.49612,67.69155],[15.49284,67.69195],[15.48884,67.69495],[15.48635,67.69513],[15.47227,67.6981]],[[15.60648,67.7041],[15.61266,67.70229],[15.61918,67.69792],[15.62419,67.6972],[15.63482,67.69409],[15.64387,67.69321],[15.65166,67.69147],[15.65455,67.69016],[15.65484,67.68902],[15.65353,67.68685],[15.64087,67.68634],[15.6385,67.6866],[15.63614,67.68749],[15.62775,67.68749],[15.62432,67.689],[15.62094,67.68897],[15.61844,67.6896],[15.61716,67.69044],[15.60758,67.6918],[15.59413,67.69607],[15.59033,67.69771]],[[15.77292,67.70339],[15.77654,67.70189],[15.78219,67.7004],[15.78611,67.70055],[15.78715,67.70127],[15.79634,67.70031],[15.79973,67.6956],[15.80259,67.69317],[15.80435,67.69189],[15.80849,67.69051]],[[15.84379,67.70304],[15.84254,67.70121],[15.84446,67.6979],[15.84403,67.69545],[15.84172,67.69495],[15.83053,67.69571],[15.82816,67.69386],[15.83031,67.69169],[15.83756,67.69033],[15.84011,67.6893],[15.8407,67.68687],[15.84188,67.68594],[15.83942,67.6852],[15.83129,67.68594],[15.829,67.68482],[15.82603,67.68492]],[[15.31361,67.73843],[15.32502,67.73494],[15.33198,67.73487],[15.33704,67.73309],[15.34818,67.73201],[15.34883,67.73049],[15.35468,67.72969]],[[15.51113,67.70442],[15.52058,67.70673],[15.52939,67.70775],[15.53753,67.70977],[15.5544,67.70909],[15.56054,67.70632],[15.56447,67.7058],[15.56873,67.70423]],[[15.59063,67.70973],[15.5951,67.70885],[15.6022,67.70641],[15.60648,67.7041]],[[15.85432,67.70909],[15.85266,67.70812],[15.85301,67.70729],[15.84445,67.70389],[15.84379,67.70304]],[[15.82677,67.70617],[15.83508,67.70804],[15.84738,67.70946],[15.84952,67.71002],[15.85504,67.71026]],[[15.26458,67.71882],[15.26579,67.7191]],[[15.47266,67.7174],[15.47784,67.71599],[15.48599,67.71617],[15.49526,67.71683],[15.52257,67.72085],[15.53783,67.72163],[15.54537,67.72162],[15.54762,67.72076],[15.55337,67.71992],[15.55838,67.71991],[15.56724,67.71838],[15.57438,67.71624],[15.57661,67.71513],[15.58196,67.71376],[15.58664,67.71084],[15.59063,67.70973]],[[15.26579,67.7191],[15.27121,67.72018],[15.27607,67.72065],[15.28064,67.72268],[15.28252,67.72271],[15.28348,67.72179]],[[15.28495,67.72209],[15.28709,67.7236],[15.28755,67.72555],[15.28969,67.72773]],[[15.35468,67.72969],[15.35993,67.72779],[15.36085,67.72614],[15.36363,67.72426],[15.36834,67.72375],[15.37542,67.72444],[15.37596,67.72411],[15.37485,67.72319],[15.37889,67.72216],[15.37895,67.7211],[15.38249,67.72027],[15.38678,67.7207],[15.3884,67.7204],[15.38799,67.719],[15.4011,67.71227],[15.40215,67.71055],[15.40035,67.70828],[15.4,67.70639],[15.40136,67.70524],[15.40438,67.70521],[15.4111,67.70616],[15.41276,67.70517],[15.41246,67.7047]],[[15.30366,67.73637],[15.30549,67.73746],[15.30993,67.73789],[15.31209,67.73849],[15.31361,67.73843]],[[15.70945,67.73233],[15.71139,67.73164],[15.71653,67.73097],[15.72603,67.73019],[15.74678,67.73144],[15.7546,67.73143],[15.75748,67.73109],[15.75884,67.73039],[15.75977,67.72884],[15.75928,67.72691],[15.76048,67.72322],[15.7592,67.71786],[15.75958,67.71604],[15.76207,67.71244],[15.76677,67.70859],[15.76999,67.70805],[15.76913,67.70715],[15.77213,67.70561],[15.77292,67.70339]],[[15.28969,67.72773],[15.29292,67.73309],[15.29528,67.73471],[15.29809,67.73525],[15.30201,67.73501],[15.30366,67.73637]],[[15.40722,67.74956],[15.40524,67.74813],[15.40921,67.74575],[15.41635,67.74373],[15.42046,67.74171],[15.42317,67.74092],[15.4242,67.73919],[15.43284,67.73808],[15.44486,67.73389],[15.4633,67.72361],[15.4654,67.72162],[15.46536,67.71955],[15.46875,67.71824],[15.47266,67.7174]],[[15.6445,67.7488],[15.65846,67.74457],[15.66985,67.74263],[15.67238,67.74014],[15.67449,67.73918],[15.6822,67.73765],[15.68637,67.7374],[15.69152,67.73521],[15.69329,67.73538],[15.69614,67.73482],[15.70208,67.73226],[15.70815,67.73262],[15.70945,67.73233]],[[15.72993,67.74844],[15.731,67.74813],[15.7355,67.74808],[15.73847,67.74698],[15.74285,67.74681],[15.74955,67.74579],[15.75715,67.74516],[15.75961,67.74512],[15.76344,67.74574],[15.76878,67.74538],[15.77309,67.74405],[15.78667,67.7384],[15.78811,67.73749],[15.78867,67.73474],[15.79056,67.73326],[15.79086,67.73212],[15.78881,67.73078],[15.78965,67.72925],[15.78631,67.72675],[15.78392,67.72384],[15.78333,67.722],[15.78448,67.71945],[15.78283,67.71665],[15.78863,67.71312],[15.79129,67.71288],[15.79725,67.71089],[15.80181,67.71018],[15.80602,67.70813],[15.80965,67.70805],[15.81686,67.70557],[15.82077,67.7051],[15.82677,67.70617]],[[15.71016,67.75578],[15.71301,67.75491],[15.71498,67.75373],[15.72024,67.75313],[15.72304,67.75131],[15.72993,67.74844]],[[15.40722,67.74956],[15.40855,67.75233],[15.41147,67.75416],[15.42226,67.75513],[15.42836,67.75783],[15.44016,67.7575],[15.441,67.75702],[15.43785,67.7562],[15.43823,67.75573],[15.44538,67.75561],[15.44938,67.75601],[15.45721,67.75838],[15.46125,67.75894]],[[15.46125,67.75894],[15.46396,67.75991],[15.46951,67.76068],[15.46907,67.76159],[15.4704,67.7625],[15.47356,67.76225]],[[15.48382,67.76368],[15.48462,67.76326],[15.48612,67.76337]],[[15.47356,67.76225],[15.47559,67.7619],[15.4781,67.76212],[15.48221,67.76415],[15.48342,67.76408],[15.48382,67.76368]],[[15.60373,67.76384],[15.61596,67.76178],[15.62116,67.75783],[15.62629,67.75537],[15.63441,67.75193],[15.64223,67.75046],[15.6445,67.7488]],[[15.48612,67.76337],[15.49244,67.7654],[15.49566,67.76489]],[[15.49566,67.76489],[15.49775,67.7644],[15.50312,67.76452],[15.50349,67.76493],[15.50098,67.76526],[15.50446,67.766]],[[15.50446,67.766],[15.50565,67.76698],[15.50945,67.76829],[15.51238,67.76812],[15.51332,67.76757],[15.51797,67.76835],[15.5258,67.76786]],[[15.5258,67.76786],[15.53153,67.76907],[15.5393,67.76926],[15.54127,67.76905],[15.54478,67.76782],[15.54969,67.76796],[15.55424,67.76716],[15.5577,67.76729],[15.56237,67.76674],[15.56739,67.765],[15.57471,67.76477],[15.57925,67.76389],[15.58137,67.76298],[15.5832,67.76299],[15.58829,67.76399],[15.59167,67.76373]],[[15.5673,67.78278],[15.57092,67.78176],[15.5867,67.7798],[15.58906,67.77988],[15.59244,67.78139]],[[15.61169,67.78589],[15.61213,67.78553],[15.60805,67.78477],[15.60577,67.78385],[15.60989,67.78194],[15.61294,67.78179],[15.61594,67.77935],[15.62351,67.77754],[15.62966,67.77714],[15.64147,67.77566],[15.65078,67.77357],[15.66191,67.77329],[15.66461,67.77221],[15.66605,67.77021],[15.66744,67.7695],[15.67334,67.76819],[15.68386,67.76424],[15.68823,67.76196],[15.69246,67.76125],[15.69827,67.75871],[15.71016,67.75578]],[[15.60086,67.78471],[15.60813,67.78794],[15.61122,67.78851],[15.61205,67.78796],[15.61077,67.78706]],[[15.3078,67.79109],[15.30232,67.78645],[15.30187,67.78522],[15.29635,67.78207],[15.29426,67.7817],[15.28789,67.77902],[15.28519,67.77728],[15.2669,67.77347],[15.26518,67.77208]],[[15.33493,67.79458],[15.32823,67.79291],[15.32167,67.79251],[15.31608,67.7932],[15.31223,67.79268],[15.30783,67.79139]],[[15.50305,67.79415],[15.51193,67.79135],[15.5161,67.79154],[15.51806,67.79064],[15.52108,67.79052],[15.52623,67.78925],[15.54019,67.78794],[15.54738,67.78678],[15.55964,67.78381],[15.5658,67.78338],[15.5673,67.78278]],[[15.33493,67.79458],[15.35218,67.8001]],[[15.36045,67.80046],[15.35575,67.80037]],[[15.35218,67.8001],[15.35384,67.80047],[15.35575,67.80037]],[[15.47437,67.80197],[15.47934,67.80076],[15.4838,67.80096],[15.48658,67.80064],[15.49065,67.79866],[15.49511,67.79905],[15.50024,67.79838],[15.50317,67.79628],[15.50052,67.79505],[15.50305,67.79415]],[[15.47437,67.80197],[15.46302,67.80349],[15.45842,67.80519],[15.457,67.80762],[15.45865,67.80952],[15.45812,67.81025],[15.45957,67.81042],[15.4604,67.81209],[15.45761,67.8134]],[[15.42122,67.81863],[15.42245,67.81791],[15.42386,67.81481],[15.42734,67.81429],[15.42997,67.81275],[15.43091,67.81136],[15.43727,67.80962],[15.43883,67.80943],[15.44981,67.81088],[15.45222,67.81144],[15.45293,67.81309],[15.45419,67.81285],[15.45644,67.81335]],[[15.42122,67.81863],[15.4194,67.81892],[15.41594,67.82057],[15.41512,67.82119],[15.41556,67.82309],[15.41257,67.82469],[15.41908,67.83083],[15.41958,67.8321],[15.42252,67.83349],[15.42502,67.83154],[15.41882,67.82536],[15.42081,67.82366],[15.42297,67.82333],[15.42437,67.82385]],[[15.38327,67.83932],[15.38607,67.83813],[15.39629,67.83615],[15.39786,67.83466],[15.39756,67.83359],[15.39486,67.83072],[15.39051,67.82823],[15.38823,67.82572],[15.38768,67.8236],[15.38339,67.81921],[15.38199,67.81418],[15.37758,67.80945],[15.37747,67.80693],[15.37888,67.80675],[15.37939,67.80621],[15.37784,67.80342],[15.36977,67.80217],[15.36942,67.80109],[15.36045,67.80046]],[[15.45099,67.83915],[15.45204,67.83656],[15.45043,67.83477],[15.43143,67.82737],[15.42437,67.82385]],[[15.45099,67.83915],[15.45081,67.83973]],[[15.45396,67.84558],[15.45071,67.84682],[15.45041,67.84774],[15.45227,67.85099],[15.45457,67.85216],[15.45069,67.85358]],[[15.38327,67.83932],[15.37943,67.84238],[15.38124,67.8474],[15.37815,67.8509],[15.37892,67.85299],[15.37575,67.85472],[15.37713,67.85722],[15.37432,67.8582],[15.37193,67.8637],[15.37229,67.86489],[15.37458,67.86668],[15.37536,67.86872],[15.37392,67.87075],[15.36274,67.87626],[15.36354,67.87825],[15.36524,67.87913],[15.37186,67.87887],[15.37505,67.87716],[15.38214,67.87521],[15.3846,67.87401],[15.38394,67.87197],[15.38757,67.8711],[15.38794,67.86722],[15.39079,67.86415],[15.38758,67.85738],[15.39419,67.85194],[15.39413,67.8479],[15.39723,67.84529],[15.39814,67.84337],[15.39984,67.84244],[15.40456,67.84218],[15.40689,67.84254],[15.41353,67.84469],[15.41766,67.84687],[15.42277,67.84608],[15.42474,67.84636],[15.42765,67.84747],[15.43164,67.85109],[15.43266,67.85408],[15.42905,67.8554],[15.42359,67.85639],[15.42182,67.85984],[15.42403,67.86616],[15.42287,67.86846],[15.42415,67.87149],[15.4236,67.87344],[15.42505,67.87441],[15.42864,67.87243],[15.42906,67.8711],[15.43163,67.86868],[15.4363,67.8659],[15.43633,67.86328],[15.43782,67.86223],[15.43953,67.85817],[15.44275,67.85602],[15.44249,67.85359],[15.44708,67.85231],[15.4474,67.8527],[15.44611,67.85354],[15.44695,67.85386]],[[15.27173,67.88439],[15.26968,67.88418],[15.26644,67.8827]],[[15.27388,67.88913],[15.27239,67.88948],[15.2732,67.89113],[15.27387,67.89173],[15.27773,67.8924],[15.27722,67.89404],[15.2788,67.89442],[15.28053,67.89694],[15.28038,67.89767],[15.27815,67.89731],[15.27766,67.89754],[15.28251,67.89935],[15.28253,67.90005],[15.28478,67.90061]],[[15.35739,67.9075],[15.33303,67.90152],[15.33179,67.90202],[15.33282,67.90307],[15.33004,67.90371],[15.3329,67.90553],[15.33367,67.90753]],[[15.34536,67.9138],[15.344,67.91246],[15.33367,67.90753]],[[15.34536,67.9138],[15.35116,67.91548],[15.3544,67.91569],[15.35753,67.91658]],[[15.35753,67.91716],[15.35753,67.91658]],[[15.28478,67.90061],[15.28701,67.90106],[15.28844,67.90259],[15.29389,67.90278],[15.29655,67.90369],[15.29935,67.90587],[15.3,67.90852],[15.30627,67.91],[15.30729,67.91139],[15.30884,67.91211],[15.32074,67.91472],[15.32435,67.91625],[15.32815,67.91714],[15.33153,67.91748],[15.33115,67.91669],[15.3326,67.91635]],[[15.84703,67.91443],[15.84801,67.91697],[15.85064,67.9153],[15.85203,67.91542],[15.85409,67.91501],[15.85754,67.91713],[15.86008,67.91704],[15.86049,67.91617]],[[15.27426,67.9237],[15.27291,67.92381],[15.26689,67.92212]],[[15.3326,67.91635],[15.33656,67.91586],[15.34481,67.91721],[15.34965,67.91716],[15.35156,67.91794],[15.35221,67.91913],[15.35501,67.91969],[15.35753,67.91716]],[[15.55115,67.92854],[15.55087,67.92772],[15.5472,67.92761],[15.54534,67.92682],[15.54498,67.926],[15.54178,67.92442],[15.53809,67.92082],[15.53503,67.91889],[15.53759,67.9171],[15.5371,67.91588],[15.53982,67.91479],[15.53728,67.91497],[15.53517,67.91558],[15.53231,67.91485],[15.53059,67.913],[15.52666,67.91107],[15.52769,67.90923]],[[15.45993,67.92693],[15.4618,67.92691],[15.46069,67.92638],[15.45645,67.92585],[15.45551,67.92487],[15.454,67.92452],[15.45041,67.92446],[15.44156,67.92343],[15.42966,67.92289],[15.41947,67.92125],[15.41542,67.91958],[15.41223,67.91895],[15.40892,67.91887],[15.40502,67.9194],[15.39834,67.91854],[15.38898,67.91645],[15.38405,67.91591],[15.37923,67.91453],[15.37543,67.91212],[15.37048,67.9113],[15.35739,67.9075]],[[15.29915,67.92919],[15.29691,67.92823],[15.29192,67.92779],[15.28896,67.92648],[15.28438,67.92637],[15.28138,67.92538],[15.27938,67.92362],[15.27606,67.92303],[15.27426,67.9237]],[[15.44203,67.92887],[15.44208,67.92847],[15.44616,67.92821],[15.45112,67.92735],[15.45993,67.92693]],[[15.58398,67.92842],[15.58126,67.92732],[15.57488,67.92648],[15.57196,67.92663],[15.56979,67.92788],[15.56797,67.92793],[15.56588,67.92676],[15.56041,67.92562],[15.55668,67.92549],[15.55353,67.92636],[15.55253,67.92548],[15.54781,67.92512],[15.55011,67.92422],[15.55108,67.92195],[15.54954,67.91924],[15.54814,67.91851],[15.54633,67.91611],[15.53782,67.91171],[15.53497,67.91129],[15.52874,67.90918]],[[15.84703,67.91443],[15.84267,67.91516],[15.84105,67.91753],[15.83946,67.92732]],[[15.87618,67.92713],[15.87858,67.92598],[15.88706,67.92528],[15.88935,67.92423],[15.88911,67.92327],[15.88649,67.92209],[15.88348,67.92191],[15.88001,67.92238],[15.87449,67.92118],[15.87298,67.92128],[15.87174,67.92063],[15.87124,67.91673],[15.87236,67.91688],[15.87486,67.9184],[15.87956,67.91851],[15.88434,67.91546],[15.88415,67.91454],[15.88346,67.91401],[15.88125,67.91392],[15.87603,67.91285],[15.87429,67.91093],[15.87302,67.91122],[15.87237,67.91095],[15.86827,67.90635],[15.86516,67.90556],[15.86451,67.90573],[15.86532,67.90658],[15.867,67.90646],[15.86759,67.90677],[15.86607,67.90745],[15.86619,67.90811],[15.86845,67.91094],[15.87002,67.9151],[15.86744,67.91594],[15.86674,67.91454],[15.86738,67.91318],[15.86664,67.91277],[15.86391,67.91271],[15.86172,67.91184],[15.86049,67.91617]],[[15.30375,67.93206],[15.29965,67.93055],[15.29915,67.92919]],[[15.46845,67.93127],[15.47702,67.932]],[[15.44203,67.92887],[15.44359,67.92957],[15.45741,67.93132],[15.46006,67.93223],[15.46085,67.93172],[15.46577,67.93186],[15.46845,67.93127]],[[15.267,67.93212],[15.27314,67.93305],[15.27757,67.93492]],[[15.83484,67.93315],[15.83946,67.92732]],[[15.87482,67.9331],[15.87329,67.93081],[15.87397,67.92909],[15.87618,67.92713]],[[15.27757,67.93492],[15.27962,67.93527],[15.28294,67.93472],[15.28861,67.93574]],[[15.28861,67.93574],[15.30046,67.93859]],[[15.30046,67.93859],[15.30678,67.93985]],[[15.31306,67.93993],[15.31361,67.93962],[15.3178,67.93962],[15.32103,67.93888],[15.32123,67.93767],[15.32239,67.93734],[15.32204,67.93673],[15.31678,67.93535],[15.31444,67.93374],[15.31457,67.93321],[15.31636,67.93292],[15.31592,67.93236],[15.31161,67.9308],[15.30853,67.93089],[15.3085,67.93201],[15.30756,67.93226],[15.30512,67.9324],[15.30375,67.93206]],[[15.87482,67.9331],[15.87072,67.93601],[15.86987,67.93823]],[[15.47702,67.932],[15.4818,67.93229],[15.48695,67.93465],[15.48933,67.93528],[15.49078,67.93494],[15.4933,67.93534],[15.49864,67.93701],[15.50156,67.93687],[15.50392,67.93588],[15.50995,67.9369],[15.51278,67.93755],[15.51688,67.94025],[15.51971,67.94048],[15.52365,67.94151],[15.52993,67.94083],[15.54525,67.94182],[15.55227,67.93886],[15.55883,67.93671],[15.56114,67.93437],[15.5589,67.93351],[15.557,67.93097],[15.55399,67.93025],[15.55115,67.92854]],[[15.88377,67.97194],[15.88517,67.97099],[15.89568,67.97045],[15.90512,67.96711],[15.907,67.96804],[15.90761,67.96959]],[[15.91448,67.97177],[15.9138,67.97136],[15.91036,67.97089],[15.91022,67.97179]],[[15.30678,67.93985],[15.3064,67.94111],[15.3046,67.9408],[15.30441,67.94152],[15.30276,67.94173],[15.30004,67.94156],[15.29764,67.94057],[15.29348,67.93989],[15.2926,67.94174],[15.29081,67.94227],[15.28917,67.94348],[15.28516,67.942],[15.28204,67.94234],[15.28148,67.94041],[15.28301,67.9402],[15.28333,67.93969],[15.28045,67.93905],[15.2799,67.93793],[15.2786,67.93741],[15.27619,67.93785],[15.27244,67.9394],[15.27246,67.94057],[15.27449,67.9426]],[[15.27828,67.94403],[15.28141,67.94434],[15.28301,67.94489],[15.28572,67.94443],[15.28696,67.94513],[15.29194,67.94557],[15.29451,67.94683],[15.29658,67.94721],[15.30179,67.94719],[15.3052,67.94568],[15.30776,67.9456],[15.30863,67.94614],[15.31083,67.9455],[15.3092,67.94448],[15.31141,67.94307],[15.31169,67.9413],[15.31306,67.93993]],[[15.58398,67.92842],[15.58867,67.93182],[15.58997,67.93367],[15.59065,67.9371],[15.5875,67.94347],[15.5887,67.94723],[15.58697,67.94868],[15.59676,67.95098]],[[15.87181,67.95142],[15.87621,67.95111],[15.87888,67.94966],[15.87967,67.94757],[15.87789,67.94593],[15.87616,67.94534],[15.87181,67.94532],[15.87094,67.94584],[15.86823,67.94556],[15.8667,67.94581],[15.86624,67.9505],[15.86703,67.95152],[15.87181,67.95142]],[[15.59676,67.95098],[15.60414,67.95268],[15.6096,67.95312],[15.61453,67.95295],[15.62758,67.9512],[15.63268,67.95146],[15.6361,67.95077],[15.64023,67.95245],[15.64148,67.95202],[15.64812,67.95159],[15.6505,67.95093],[15.65229,67.95145]],[[15.92132,67.96206],[15.91811,67.95961],[15.91103,67.9568],[15.9047,67.95516],[15.90114,67.95331],[15.8973,67.95243],[15.89765,67.95145],[15.89534,67.95001],[15.89007,67.94853],[15.88968,67.94788],[15.89115,67.94565],[15.8899,67.94391],[15.88745,67.94301],[15.87923,67.94145],[15.87105,67.94052],[15.86987,67.93823]],[[15.92132,67.96206],[15.92464,67.96386],[15.92608,67.96425],[15.92819,67.96413],[15.92906,67.96472]],[[15.39828,67.96919],[15.40193,67.96899],[15.40088,67.96783],[15.40187,67.96667],[15.39978,67.96496],[15.39819,67.96459],[15.39594,67.96313],[15.39454,67.96291],[15.3939,67.96371],[15.39169,67.96404],[15.39148,67.96614],[15.39298,67.96789],[15.39828,67.96919]],[[15.65259,67.95225],[15.64734,67.95471],[15.64592,67.95598],[15.64355,67.9568],[15.64276,67.95918],[15.65354,67.96036],[15.66548,67.96289],[15.67361,67.964],[15.68646,67.96528],[15.69437,67.96647],[15.71666,67.96835]],[[15.27233,67.96931],[15.27175,67.96903],[15.27242,67.96766],[15.27129,67.96765],[15.27132,67.96814],[15.26998,67.96838],[15.26786,67.9682],[15.26741,67.96782]],[[15.27573,67.96975],[15.27233,67.96931]],[[15.94689,67.97159],[15.94432,67.97077],[15.94205,67.96935],[15.93973,67.9688],[15.93219,67.97167]],[[15.71666,67.96835],[15.73192,67.96898],[15.73363,67.96955],[15.74444,67.96998],[15.76031,67.96922],[15.77484,67.96794],[15.78115,67.96714],[15.79117,67.96501],[15.81028,67.95824],[15.83067,67.93978],[15.8315,67.93761],[15.83422,67.93602],[15.83357,67.93481],[15.83484,67.93315]],[[15.31001,67.96954],[15.30975,67.96826],[15.30696,67.96828],[15.30763,67.96686],[15.30859,67.96678],[15.30952,67.9672],[15.31028,67.96693],[15.30977,67.96543],[15.30827,67.96545],[15.30255,67.96355],[15.29231,67.96341],[15.29268,67.9644],[15.2896,67.96599],[15.29016,67.96682],[15.30327,67.96848],[15.30596,67.96923],[15.30802,67.97165],[15.31001,67.96954]],[[15.29879,67.97183],[15.29915,67.97106],[15.30064,67.97083],[15.29897,67.97002],[15.29282,67.96973],[15.29468,67.97179],[15.29432,67.97218],[15.29288,67.97227],[15.29144,67.97018],[15.28904,67.96903],[15.28867,67.96694],[15.28456,67.96786],[15.27793,67.96812],[15.27573,67.96975]],[[15.90761,67.96959],[15.90921,67.97073],[15.91608,67.96749],[15.91825,67.96785],[15.92032,67.96749],[15.92717,67.96749],[15.92906,67.96472]],[[15.43097,67.97306],[15.43631,67.97222],[15.43599,67.97164],[15.43352,67.97157],[15.4328,67.9704],[15.43077,67.97073],[15.4303,67.97235],[15.43097,67.97306]],[[15.30078,67.97403],[15.29879,67.97183]],[[15.38992,67.97385],[15.39337,67.9733],[15.39669,67.97111],[15.39576,67.97062],[15.39419,67.97065],[15.3912,67.96902],[15.38934,67.97005],[15.38784,67.97223],[15.38598,67.973],[15.38348,67.97225],[15.38383,67.97147],[15.38265,67.9712],[15.37992,67.97213],[15.37872,67.97387]],[[15.91162,67.97475],[15.91256,67.97301],[15.91216,67.97235],[15.91022,67.97179]],[[15.37872,67.97387],[15.3788,67.97482],[15.37976,67.97502],[15.38327,67.97431],[15.38619,67.97438],[15.38992,67.97385]],[[15.91448,67.97177],[15.91842,67.97221],[15.91849,67.97432],[15.91975,67.97515],[15.92229,67.97452],[15.92376,67.9754],[15.92719,67.97361],[15.92986,67.97364],[15.93219,67.97167]],[[15.88377,67.97194],[15.88362,67.97376],[15.87805,67.97569],[15.87962,67.97664],[15.88187,67.97646]],[[15.39836,67.97845],[15.3975,67.97793],[15.39613,67.97803],[15.39389,67.97744],[15.39321,67.97668],[15.39371,67.97563],[15.3972,67.97496],[15.39532,67.9742],[15.39135,67.97573],[15.38652,67.9754],[15.38486,67.97564],[15.38847,67.97688],[15.39093,67.97653],[15.39202,67.97672],[15.39026,67.97777],[15.3905,67.97826],[15.39696,67.97892],[15.39836,67.97845]],[[15.49764,67.97627],[15.49402,67.97648],[15.49229,67.97773],[15.49316,67.97821],[15.50015,67.9788],[15.50071,67.97849],[15.49955,67.97819],[15.49764,67.97627]],[[15.29605,67.97936],[15.29753,67.97746],[15.29645,67.97491],[15.30084,67.97476],[15.30078,67.97403]],[[15.90843,67.97834],[15.9126,67.97873],[15.91498,67.97809],[15.91579,67.97511],[15.91449,67.97497],[15.91285,67.97557],[15.91162,67.97475]],[[15.478,67.9799],[15.47402,67.98004],[15.47183,67.97943],[15.47163,67.97852],[15.47281,67.97801],[15.47734,67.9775],[15.47607,67.97696],[15.47429,67.97702],[15.47054,67.97576],[15.46997,67.97777],[15.46532,67.97806],[15.46112,67.97749],[15.45953,67.9776],[15.45672,67.97873],[15.45607,67.97996],[15.4525,67.97984],[15.44798,67.97914],[15.44732,67.97816],[15.44479,67.97848],[15.44201,67.97942],[15.43689,67.97991],[15.43637,67.98038],[15.43321,67.97929],[15.43273,67.97989],[15.43519,67.98108],[15.4349,67.98152]],[[15.9743,67.97706],[15.97127,67.97578],[15.96673,67.97562],[15.96476,67.97608],[15.96366,67.97794],[15.95995,67.97802],[15.95905,67.97887],[15.95602,67.97958]],[[15.50752,67.98041],[15.50227,67.97983],[15.50135,67.98052],[15.50878,67.98124],[15.50978,67.98193],[15.51073,67.98196],[15.51149,67.98106],[15.51077,67.9806],[15.50752,67.98041]],[[15.51337,67.97924],[15.51574,67.97923],[15.51831,67.98069],[15.52002,67.97918],[15.51899,67.97868],[15.51382,67.97834],[15.51263,67.97895],[15.51031,67.97795],[15.50538,67.97718],[15.50344,67.97735],[15.50339,67.97768],[15.50586,67.97829],[15.51057,67.97883],[15.50972,67.97964],[15.51212,67.98057],[15.51243,67.98212],[15.51671,67.98223],[15.51886,67.98185],[15.51317,67.97962],[15.51337,67.97924]],[[15.67561,67.99166],[15.67525,67.99029],[15.67072,67.98957],[15.66341,67.98951],[15.65717,67.99003]],[[15.88187,67.97646],[15.88441,67.97621],[15.88943,67.97803],[15.89005,67.98025],[15.89255,67.98175],[15.90199,67.98181],[15.90578,67.9791],[15.90843,67.97834]],[[15.94689,67.97159],[15.9473,67.97197],[15.94554,67.97376],[15.94719,67.97547],[15.94424,67.97681],[15.94442,67.97843],[15.93982,67.97796],[15.935,67.97883],[15.93307,67.9799],[15.93311,67.98051],[15.93673,67.98173],[15.94113,67.98145],[15.94603,67.98009],[15.94937,67.97819],[15.952,67.97778],[15.95295,67.97821],[15.95253,67.97929],[15.95381,67.97976],[15.95602,67.97958]],[[15.49287,67.9842],[15.49521,67.9838],[15.49633,67.98289],[15.49446,67.98171],[15.49147,67.98148],[15.48973,67.98183],[15.48432,67.98095],[15.48139,67.97998],[15.478,67.9799]],[[15.88036,67.98053],[15.87741,67.97952],[15.87475,67.97978],[15.87049,67.97942],[15.86723,67.97958],[15.86322,67.98051],[15.84857,67.97953],[15.84386,67.98019],[15.83955,67.98209],[15.84074,67.98313]],[[15.4349,67.98152],[15.43785,67.98435],[15.44621,67.98576]],[[15.84074,67.98313],[15.8388,67.98421],[15.83667,67.98397]],[[15.95619,67.98369],[15.96253,67.98335],[15.96594,67.98245],[15.96399,67.98191],[15.9623,67.98217],[15.96017,67.98186],[15.95933,67.98086],[15.96111,67.98052],[15.96509,67.98089],[15.97279,67.98006],[15.97496,67.979],[15.97366,67.9779]],[[15.53191,67.98409],[15.52939,67.98366],[15.52442,67.98483],[15.52756,67.98586],[15.5305,67.98563],[15.53237,67.98458],[15.53191,67.98409]],[[15.47819,67.98889],[15.48012,67.98847],[15.48012,67.98788],[15.48246,67.98648],[15.48207,67.98617],[15.49,67.9855],[15.49287,67.9842]],[[15.39218,67.98405],[15.38725,67.98222],[15.38624,67.98223],[15.38137,67.98304],[15.38044,67.98447],[15.38404,67.98647],[15.38637,67.9872],[15.38788,67.98723],[15.39216,67.98657],[15.39218,67.98405]],[[15.59771,67.98773],[15.60035,67.987],[15.60409,67.9868],[15.61254,67.98769]],[[15.63442,67.98855],[15.63686,67.98759],[15.63523,67.98687],[15.63172,67.98745],[15.62486,67.9873],[15.61816,67.98667],[15.61254,67.98769]],[[15.46993,67.98981],[15.46953,67.9894],[15.47235,67.98827],[15.47568,67.98817],[15.47516,67.98899],[15.47819,67.98889]],[[15.63442,67.98855],[15.63447,67.98922],[15.64365,67.99105],[15.64653,67.98859],[15.64604,67.98765],[15.64725,67.98747],[15.65447,67.98877],[15.6547,67.98992],[15.65717,67.99003]],[[15.44621,67.98576],[15.44344,67.98654],[15.44735,67.98677],[15.44701,67.98785],[15.44891,67.98877],[15.44849,67.98947],[15.45137,67.99004],[15.45235,67.98951],[15.45369,67.98961],[15.45398,67.99057],[15.45887,67.99201],[15.46013,67.99197],[15.46021,67.99078],[15.46222,67.99017],[15.46521,67.99042],[15.46407,67.99228],[15.46754,67.99177],[15.4681,67.99095],[15.47061,67.99133],[15.46993,67.98981]],[[15.4185,67.99101],[15.4165,67.99102],[15.41597,67.99185],[15.41701,67.99223],[15.42027,67.99273],[15.42269,67.99251],[15.4232,67.99194],[15.4185,67.99101]],[[15.45025,67.99228],[15.45222,67.99152],[15.45147,67.99101],[15.44424,67.99126],[15.44082,67.9889],[15.43534,67.98971],[15.43391,67.99047],[15.43706,67.99128],[15.43825,67.99225],[15.44144,67.992],[15.44133,67.99312],[15.44528,67.99311],[15.45025,67.99228]],[[15.71741,67.9929],[15.71483,67.99268],[15.71436,67.99324],[15.71744,67.99382]],[[15.95619,67.98369],[15.95167,67.98453],[15.95588,67.98634],[15.95524,67.98751],[15.94973,67.98788],[15.94746,67.98921],[15.94783,67.99241],[15.95262,67.99332],[15.95659,67.99336]],[[15.53373,67.99484],[15.53666,67.99535],[15.54665,67.9939],[15.54998,67.99367],[15.55279,67.99399],[15.55477,67.99309],[15.55698,67.99244],[15.55918,67.99234],[15.55959,67.99193]],[[15.26775,67.99721],[15.26901,67.99736],[15.27128,67.99677],[15.27488,67.99683],[15.27745,67.99647],[15.28167,67.99511],[15.28463,67.99329],[15.29011,67.98732],[15.28745,67.98561],[15.28941,67.98507],[15.29198,67.98556],[15.29376,67.98498],[15.29344,67.98393],[15.29574,67.98221],[15.29605,67.97936]],[[15.77334,67.99748],[15.77509,67.99721],[15.77619,67.99643],[15.78013,67.99597],[15.78181,67.99653],[15.78582,67.99608],[15.78681,67.99377],[15.78484,67.99329],[15.78498,67.99299],[15.79634,67.99179],[15.80173,67.99164],[15.80309,67.99214],[15.80556,67.99148],[15.80415,67.99112],[15.80453,67.99077],[15.81611,67.98919],[15.81884,67.98839],[15.82366,67.9882],[15.829,67.98724],[15.83335,67.98468],[15.83667,67.98397]],[[15.76417,67.99706],[15.76255,67.99618],[15.75874,67.99696],[15.75433,67.99616],[15.75107,67.99647],[15.75209,67.99716],[15.75697,67.9979],[15.76417,67.99706]],[[15.70374,67.99789],[15.70908,67.99791],[15.71213,67.99761],[15.71242,67.99721],[15.70932,67.99622],[15.70465,67.9958],[15.70499,67.99652],[15.70786,67.99687],[15.70543,67.99732],[15.70238,67.99724],[15.70275,67.99817],[15.70374,67.99789]],[[15.48987,67.99942],[15.49297,67.99958],[15.49832,67.99906],[15.50042,67.99747],[15.50469,67.99607],[15.50648,67.99602],[15.5079,67.99662],[15.51194,67.996],[15.51643,67.99334],[15.51718,67.99176],[15.51978,67.98986],[15.52358,67.98978],[15.52475,67.98938],[15.52218,67.9895],[15.52159,67.98907],[15.52353,67.98858],[15.52392,67.98773],[15.52655,67.98676],[15.52731,67.98886],[15.52672,67.99042],[15.52974,67.99124],[15.53126,67.9933],[15.53373,67.99484]],[[15.95673,67.99676],[15.96009,67.99682],[15.96126,67.99608],[15.9622,67.99711],[15.96353,67.99732],[15.96812,67.9963],[15.97115,67.99719],[15.97336,67.99864],[15.97571,67.99823],[15.97792,67.99631],[15.98017,67.99591],[15.98145,67.99631],[15.98013,67.99741],[15.98046,67.99795],[15.98298,67.99829],[15.98506,67.99799],[15.98518,67.99706],[15.98831,67.99608],[15.99323,67.99599],[15.99963,67.99679],[16.0009,67.99612]],[[16.0009,67.99612],[15.99991,67.99462],[15.99415,67.99531],[15.99306,67.99392],[15.99346,67.99266],[15.99127,67.99355],[15.98903,67.99328],[15.98964,67.99178],[15.98819,67.99155],[15.98636,67.99205],[15.9815,67.99176],[15.97628,67.99043],[15.9727,67.9884],[15.97136,67.98823],[15.96923,67.98861],[15.96931,67.98904],[15.96758,67.98962],[15.96765,67.99039],[15.97069,67.99206],[15.97606,67.99323],[15.97567,67.99364],[15.97379,67.99381],[15.95926,67.99309],[15.95659,67.99336]],[[15.67561,67.99166],[15.67621,67.99219],[15.68064,67.99317],[15.68125,67.99466],[15.68345,67.99444],[15.68881,67.99509],[15.68973,67.99479],[15.6878,67.99392],[15.69258,67.99415],[15.69232,67.99537],[15.69372,67.9974],[15.6978,67.99927],[15.69818,68.00017]],[[15.70069,68.00024],[15.70404,67.99954],[15.70315,67.99867],[15.70454,67.99827],[15.70738,67.99858],[15.70965,67.99949],[15.71761,67.99908]],[[15.42424,68.00166],[15.42443,67.99994],[15.42105,67.99989],[15.41741,67.99903],[15.41695,67.99841],[15.41784,67.99776],[15.41504,67.99577],[15.40788,67.99553],[15.40541,67.99512],[15.40336,67.99597],[15.40305,67.9967],[15.40536,67.99715],[15.40754,67.99815],[15.40479,67.99981],[15.40579,68.001]],[[15.77334,67.99748],[15.76684,67.99861],[15.76574,67.9996],[15.76136,68.00082]],[[15.72773,68.00038],[15.72535,67.99832],[15.72132,67.99841],[15.71761,67.99908]],[[15.95673,67.99676],[15.95159,67.99649],[15.94906,67.99734],[15.94979,68]],[[15.47841,67.99961],[15.47459,68.00052]],[[15.26779,68.0004],[15.26777,67.99881]],[[15.93069,68.00011],[15.93172,67.99939],[15.93598,67.99838],[15.93838,67.99696],[15.93714,67.99542],[15.93806,67.99494],[15.93738,67.99456],[15.9346,67.99467],[15.9334,67.99503],[15.93369,67.99631],[15.9313,67.99671],[15.92786,67.9959],[15.92315,67.99377],[15.92279,67.99304],[15.92088,67.99296],[15.91684,67.99383],[15.9167,67.99278],[15.91438,67.99255],[15.91418,67.9905],[15.91334,67.99008],[15.91142,67.99007],[15.91048,67.98952],[15.90466,67.98882],[15.90536,67.98816],[15.89805,67.98622],[15.89709,67.98335],[15.89026,67.98262],[15.88997,67.98319],[15.88855,67.98317],[15.88919,67.98208],[15.88198,67.98113],[15.88036,67.98053]],[[15,67.2408],[15.0067,67.24068],[15.00564,67.24012],[15.0066,67.23936],[15.0055,67.23876],[15,67.23802]],[[15,67.12184],[15.00053,67.12143]],[[15,67.12422],[15.00096,67.1242],[15.00123,67.12365],[15,67.12354]],[[15.2524,67.21168],[15.25894,67.20624]],[[15.15429,67.20839],[15.15324,67.20904],[15.14689,67.20944]],[[15.14344,67.20953],[15.13857,67.20971],[15.13601,67.21043],[15.13385,67.21182]],[[15.00394,67.21188],[15.00252,67.21155],[15,67.20925]],[[15,67.2158],[15.00261,67.21569],[15.0082,67.21688],[15.01033,67.21648],[15.01157,67.21565],[15.011,67.21327],[15.00394,67.21188]],[[15.23142,67.21758],[15.23425,67.21762],[15.23832,67.21829],[15.24008,67.21712],[15.23988,67.2153],[15.24517,67.21414],[15.2524,67.21168]],[[15.16016,67.2118],[15.16016,67.21221],[15.17076,67.21416],[15.17806,67.21402],[15.18087,67.21465],[15.1925,67.21466],[15.19796,67.21608],[15.20008,67.2178],[15.21143,67.22131],[15.22146,67.22103],[15.22334,67.21929],[15.23142,67.21758]],[[15.11577,67.23084],[15.12417,67.22792],[15.12757,67.22485],[15.12706,67.22344],[15.13038,67.21513],[15.13385,67.21182]],[[15.02506,67.22669],[15.02586,67.22878],[15.02284,67.23036],[15.01602,67.23068],[15.01358,67.22949],[15.01083,67.2289],[15.00773,67.22999],[15.00503,67.23209],[15.0084,67.23383],[15.01175,67.23473],[15.02244,67.23584],[15.02539,67.23438],[15.02788,67.23387],[15.03477,67.23458]],[[15.03477,67.23458],[15.03754,67.23593],[15.04122,67.23651],[15.04849,67.23544],[15.05373,67.2334],[15.05614,67.23311],[15.06847,67.23655],[15.07858,67.23693],[15.08468,67.23595],[15.0924,67.23609],[15.10899,67.23193],[15.11577,67.23084]],[[15.25694,67.23468],[15.24894,67.23308],[15.24411,67.23382],[15.24777,67.23792]],[[15.24777,67.23792],[15.25031,67.23999],[15.25432,67.24023],[15.25769,67.24105]],[[15.16603,67.25664],[15.17163,67.25383],[15.176,67.25399],[15.17991,67.25477],[15.18162,67.25573]],[[15.19395,67.25661],[15.19131,67.25638],[15.1901,67.25662]],[[15.20834,67.25688],[15.21111,67.25696],[15.21378,67.25659]],[[15.15286,67.25969],[15.15971,67.25712],[15.16121,67.2571],[15.16217,67.25758]],[[15.25279,67.3342],[15.24934,67.33475],[15.24604,67.33462],[15.24658,67.33664],[15.24565,67.33699],[15.2425,67.33662],[15.24042,67.33705],[15.24042,67.33926]],[[15.21792,67.25658],[15.22185,67.25696],[15.22449,67.25865],[15.22787,67.25918],[15.23008,67.26008],[15.23054,67.26473],[15.2298,67.26568],[15.23189,67.26671]],[[15.15286,67.25969],[15.14832,67.26135],[15.14858,67.26096],[15.14337,67.26192],[15.14505,67.26234],[15.14502,67.26283],[15.13934,67.26413],[15.14138,67.26528],[15.14443,67.26482],[15.14563,67.26543],[15.14252,67.26783]],[[15.23189,67.26671],[15.23387,67.2675],[15.23462,67.26892],[15.23614,67.26924],[15.24649,67.26887],[15.25178,67.26998],[15.25342,67.27089],[15.2596,67.2694]],[[15.11598,67.27401],[15.11839,67.27313],[15.11954,67.27152],[15.12486,67.27036]],[[15.23261,67.34164],[15.23575,67.34074],[15.2376,67.33942],[15.23532,67.33789],[15.23535,67.337],[15.23254,67.33448]],[[15.11215,67.28287],[15.10826,67.28267]],[[15.11215,67.28287],[15.11128,67.28392]],[[15.10101,67.27329],[15.097,67.2723],[15.09419,67.27213],[15.09177,67.27289],[15.08759,67.27241],[15.08718,67.27271],[15.08283,67.27293],[15.0737,67.27282],[15.05967,67.27156],[15.05124,67.2716],[15.04475,67.27065],[15.04207,67.27235],[15.04022,67.27261],[15.0384,67.27229],[15.03754,67.27263],[15.03867,67.27324],[15.03806,67.27513],[15.03907,67.27572],[15.04374,67.27583],[15.05213,67.27845],[15.06615,67.28054],[15.0781,67.28411],[15.08258,67.28386],[15.08418,67.28012],[15.08766,67.27931],[15.09236,67.2795],[15.09256,67.28049],[15.09468,67.28046],[15.1041,67.28251],[15.10826,67.28267]],[[15.11605,67.28776],[15.11422,67.28642],[15.10912,67.28478],[15.11128,67.28392]],[[15.17209,67.29368],[15.17021,67.29313],[15.16966,67.29231],[15.16576,67.29053],[15.16084,67.28967],[15.15894,67.28999],[15.15632,67.28848],[15.14963,67.29111],[15.1489,67.29232],[15.14712,67.29239],[15.13984,67.29038],[15.13731,67.29119],[15.13326,67.29171],[15.13371,67.29074],[15.1367,67.28983],[15.13632,67.28903],[15.13025,67.28875],[15.12714,67.2871],[15.12414,67.2871],[15.12237,67.28828],[15.11605,67.28776]],[[15.17209,67.29368],[15.17218,67.29677],[15.17751,67.29815]],[[15.00022,67.29555],[15.00515,67.29566],[15.00749,67.29525],[15.00774,67.29452],[15.00915,67.29419],[15.01398,67.294],[15.01598,67.29453],[15.01864,67.29442],[15.02095,67.29356],[15.02418,67.29496],[15.02678,67.29787],[15.02835,67.29828],[15.03071,67.29763],[15.03055,67.29549],[15.02907,67.2946],[15.02629,67.29444],[15.02602,67.29384],[15.02766,67.29368],[15.02773,67.29327],[15.0248,67.29196],[15.02319,67.29191],[15.02415,67.29225],[15.02337,67.29305],[15.01968,67.29208],[15.01637,67.29337],[15.01461,67.29293],[15.01366,67.29201],[15.00352,67.29046],[15,67.29053]],[[15.25683,67.32334],[15.25691,67.32461],[15.25984,67.32653],[15.25965,67.32854],[15.25784,67.33101],[15.25852,67.33314]],[[15.18254,67.30148],[15.18071,67.30049],[15.17441,67.29908],[15.16952,67.29655],[15.1524,67.29384],[15.14924,67.29421],[15.15067,67.29498],[15.15033,67.29593],[15.14896,67.29603],[15.14557,67.29495],[15.14478,67.29552],[15.14919,67.29835],[15.15134,67.29731],[15.15306,67.29762],[15.15491,67.29947],[15.15317,67.29995],[15.1526,67.30151]],[[15.18465,67.30147],[15.18057,67.29886],[15.17751,67.29815]],[[15.18465,67.30147],[15.19266,67.30515],[15.1983,67.30702],[15.19957,67.30708],[15.20164,67.30639],[15.20241,67.30476],[15.2034,67.30448],[15.20703,67.30554],[15.20966,67.30693],[15.21196,67.30586],[15.21747,67.30673]],[[15.07697,67.31001],[15.0759,67.31003],[15.0753,67.31073],[15.07683,67.31133],[15.07893,67.31149],[15.07921,67.31113],[15.07697,67.31001]],[[15.18254,67.30148],[15.18775,67.30472],[15.1891,67.3072],[15.18881,67.30782],[15.1822,67.3089],[15.18092,67.3132],[15.19044,67.31516],[15.20043,67.31912],[15.2052,67.32538],[15.20384,67.32639],[15.20398,67.32733],[15.20488,67.32858],[15.20656,67.32932],[15.2126,67.32996],[15.21371,67.33113],[15.21561,67.33165],[15.2196,67.33173],[15.22207,67.33122],[15.22497,67.33148],[15.22965,67.33298],[15.2303,67.33403],[15.23254,67.33448]],[[15.25802,67.31454],[15.25319,67.31244],[15.24974,67.31146],[15.2443,67.31093],[15.2425,67.30974],[15.23698,67.30861],[15.23228,67.3071]],[[15.0731,67.31456],[15.07174,67.31439],[15.07092,67.31466],[15.07406,67.31628],[15.07408,67.31706],[15.07561,67.31756],[15.07748,67.3174],[15.07813,67.31691],[15.07707,67.31614],[15.07541,67.31589],[15.0731,67.31456]],[[15,67.30778],[15.00196,67.30784],[15.00416,67.30864],[15.00392,67.30926],[15.00587,67.3101],[15.00794,67.30987],[15.01268,67.31167],[15.01618,67.31206],[15.02144,67.31501],[15.0239,67.31579],[15.02759,67.3194],[15.0332,67.32112],[15.03795,67.32201],[15.0471,67.32169],[15.05456,67.32254],[15.06816,67.32234],[15.07045,67.32203],[15.07513,67.32054],[15.08033,67.32018],[15.08712,67.3217],[15.09882,67.3225],[15.10428,67.32201],[15.11622,67.32335]],[[15.11622,67.32335],[15.11896,67.3234],[15.12084,67.32424],[15.13005,67.32525],[15.13731,67.3282],[15.14412,67.32928],[15.14709,67.32868],[15.15355,67.33019],[15.1583,67.3303],[15.15946,67.32989],[15.16305,67.32973],[15.16501,67.32857],[15.16958,67.32984],[15.17184,67.32979],[15.17515,67.32585],[15.17289,67.32444],[15.17085,67.32494],[15.1688,67.32427],[15.16868,67.32331],[15.16996,67.32223],[15.16823,67.3209],[15.16899,67.31947],[15.16108,67.31369],[15.16105,67.31162],[15.15716,67.30948],[15.15619,67.30701],[15.15719,67.30552],[15.15627,67.3041],[15.15457,67.30382],[15.1526,67.30151]],[[15.14775,67.43606],[15.14732,67.43273],[15.13976,67.43148],[15.13854,67.43191],[15.13956,67.4327],[15.13737,67.43412],[15.13601,67.43429],[15.13554,67.43607]],[[15,67.44894],[15.01633,67.44873],[15.02323,67.44967],[15.02775,67.44952],[15.03432,67.45119],[15.04276,67.45145]],[[15,67.45653],[15.02217,67.45798],[15.03584,67.45735],[15.05222,67.45771],[15.05365,67.45744],[15.05467,67.45644],[15.05573,67.45451],[15.05517,67.4527],[15.05408,67.45197],[15.04763,67.45135]],[[15.17517,67.48088],[15.17703,67.47608],[15.17643,67.4754],[15.16886,67.4707],[15.16544,67.46953],[15.16091,67.46638],[15.1558,67.46456],[15.14991,67.46318],[15.142,67.46196],[15.13646,67.46182],[15.13322,67.46131],[15.13221,67.46092],[15.13213,67.45926],[15.1288,67.45765],[15.12972,67.45624],[15.13389,67.45533],[15.13797,67.45319],[15.13746,67.45022],[15.13929,67.44928],[15.14172,67.44921],[15.14249,67.44786],[15.14034,67.44543],[15.14056,67.44422],[15.13824,67.44313],[15.13903,67.44188],[15.1358,67.4388],[15.13554,67.43607]],[[15.22656,67.48082],[15.22306,67.47715],[15.22235,67.47521],[15.21799,67.47351],[15.21587,67.47166],[15.21204,67.47027],[15.2035,67.46473],[15.19926,67.46272],[15.18897,67.46021],[15.18655,67.45987],[15.18297,67.46014],[15.18014,67.45971],[15.16885,67.45697],[15.16054,67.45543],[15.1526,67.45299],[15.15121,67.45028],[15.15508,67.44987],[15.15893,67.45039],[15.15924,67.44955],[15.15842,67.44894],[15.16024,67.44716],[15.15776,67.44514],[15.15154,67.44371],[15.15045,67.4429],[15.15045,67.44197],[15.15193,67.44136],[15.14775,67.43606]],[[15.16042,67.48738],[15.17193,67.48489],[15.17517,67.48088]],[[15.14802,67.48937],[15.16042,67.48738]],[[15,67.48865],[15.00077,67.48902],[15.01202,67.49052],[15.01358,67.49132],[15.01437,67.4933]],[[15.01437,67.4933],[15.01234,67.49556],[15.01287,67.49591],[15.01457,67.49618],[15.0204,67.49577],[15.027,67.49649]],[[15.22656,67.48082],[15.22591,67.48222],[15.22176,67.483],[15.22011,67.48421],[15.21957,67.48828],[15.23411,67.49455]],[[15.14802,67.48937],[15.14486,67.49041],[15.14556,67.49183],[15.14384,67.4947],[15.14686,67.49674],[15.15564,67.49921],[15.16599,67.50033],[15.18153,67.49861],[15.19145,67.49867],[15.1967,67.49934],[15.20896,67.50297],[15.22105,67.50518],[15.2269,67.5055],[15.23421,67.50509]],[[15.23411,67.49455],[15.24042,67.49666],[15.25162,67.49813],[15.25583,67.49789],[15.25849,67.49825],[15.26211,67.49749]],[[15.23426,67.50974],[15.23725,67.50968],[15.24134,67.50872],[15.2419,67.50805],[15.23639,67.50554],[15.23421,67.50509]],[[15.23013,67.50949],[15.23426,67.50974]],[[15.20412,67.51513],[15.2066,67.51485],[15.21437,67.51283],[15.22041,67.51075],[15.2229,67.50906],[15.23013,67.50949]],[[15.027,67.49649],[15.02865,67.49856],[15.03217,67.49957],[15.03862,67.50449],[15.04362,67.50548],[15.04614,67.50794],[15.0542,67.51099],[15.06067,67.51163],[15.06246,67.51112],[15.06653,67.51185],[15.07686,67.51084],[15.08222,67.51099],[15.08664,67.51024],[15.09044,67.51006],[15.09331,67.51065],[15.09521,67.51241],[15.09871,67.51335],[15.10103,67.51656],[15.10947,67.51762],[15.11568,67.51883]],[[15.12145,67.52011],[15.11718,67.51915]],[[15.06924,67.52581],[15.06465,67.5246],[15.05909,67.52374],[15.04585,67.51963],[15.04132,67.51791],[15.03785,67.51592],[15.03148,67.51369],[15.03044,67.51267],[15.02689,67.51151],[15.02449,67.50974],[15.01875,67.50322],[15.01096,67.49908],[15.01109,67.49698],[15.00785,67.49647],[15.00357,67.49808],[15,67.49827]],[[15.20433,67.5257],[15.20525,67.52334],[15.20122,67.51915]],[[15.13932,67.52577],[15.14233,67.52638],[15.14677,67.52811],[15.15274,67.52926]],[[15.18733,67.53201],[15.18969,67.53232],[15.19281,67.53209],[15.19873,67.53074],[15.20098,67.5297],[15.20433,67.5257]],[[15.18325,67.53271],[15.18493,67.53216],[15.18733,67.53201]],[[15.15274,67.52926],[15.15295,67.53212],[15.15366,67.53248],[15.15839,67.53245],[15.16376,67.53183],[15.16829,67.53207],[15.17247,67.53183],[15.17331,67.53219],[15.1734,67.53327],[15.1759,67.53428],[15.18325,67.53271]],[[15.26261,67.54266],[15.26065,67.54308],[15.25983,67.54449],[15.25795,67.54505]],[[15.13089,67.54523],[15.12937,67.54539],[15.12187,67.54306],[15.1173,67.54329]],[[15.23465,67.54959],[15.23645,67.54816],[15.23839,67.54752],[15.24936,67.54619],[15.25391,67.54499],[15.2561,67.5448],[15.25795,67.54505]],[[15.06703,67.55279],[15.07014,67.55204],[15.07659,67.54691],[15.09111,67.54303],[15.09828,67.54354],[15.09836,67.54286],[15.1004,67.54215],[15.10731,67.54161],[15.1173,67.54329]],[[15.0579,67.55756],[15.06004,67.5544],[15.06703,67.55279]],[[15.23397,67.54981],[15.22969,67.55044],[15.21456,67.55721],[15.21155,67.56109],[15.21622,67.56373]],[[15,67.55719],[15.00374,67.5574],[15.00634,67.55682],[15.01024,67.55712],[15.01435,67.55986],[15.02939,67.55618],[15.02995,67.55539],[15.02819,67.55465],[15.02767,67.55374],[15.02674,67.54754],[15.02862,67.54284],[15.04096,67.53825],[15.04622,67.53728],[15.04876,67.53765],[15.0524,67.53705],[15.06152,67.53473],[15.06982,67.53201],[15.07253,67.5315],[15.07772,67.53128],[15.08073,67.53004],[15.07995,67.52895],[15.077,67.52896],[15.06924,67.52581]],[[15.12216,67.57565],[15.12196,67.57385],[15.11949,67.57261],[15.11945,67.57063]],[[15.12668,67.56624],[15.13429,67.56561],[15.13632,67.56594],[15.14029,67.56527],[15.14273,67.56619],[15.14632,67.56637],[15.14864,67.56568],[15.15229,67.56541],[15.15353,67.56453],[15.15406,67.56266],[15.15017,67.55356],[15.15194,67.55069],[15.15049,67.54854],[15.14674,67.54696],[15.14467,67.54664],[15.14321,67.54689],[15.13356,67.54464],[15.13207,67.54465],[15.13089,67.54523]],[[15.11999,67.5679],[15.12016,67.56682],[15.12226,67.56636],[15.12347,67.56847],[15.12477,67.5689],[15.13028,67.56876],[15.13069,67.56805],[15.12651,67.56714],[15.12668,67.56624]],[[15.0383,67.57067],[15.03964,67.56994],[15.04264,67.56929],[15.04338,67.56679],[15.0455,67.56462],[15.04804,67.56281],[15.05071,67.56266],[15.05368,67.56144],[15.05397,67.55997],[15.05493,67.55934],[15.05754,67.55897],[15.0579,67.55756]],[[15.11945,67.57063],[15.11999,67.5679]],[[15.22162,67.57053],[15.21548,67.56851],[15.21496,67.56746],[15.21637,67.56572],[15.21624,67.56381]],[[15,67.57621],[15.00083,67.57595],[15,67.57512]],[[15.58237,67.37561],[15.58557,67.37131],[15.58534,67.36902],[15.58214,67.36642]],[[15.54173,67.39037],[15.54141,67.38352],[15.54438,67.38276],[15.54336,67.3814]],[[15.5445,67.37126],[15.54502,67.37103],[15.55326,67.37233],[15.56245,67.376],[15.56942,67.37743],[15.57381,67.37691],[15.57498,67.3761],[15.57993,67.37601],[15.58237,67.37561]],[[15.60218,67.39016],[15.60143,67.38992],[15.60067,67.39016]],[[15.4697,67.09798],[15.46051,67.09617]],[[15.42409,67.10194],[15.42931,67.10358]],[[15.39126,67.10379],[15.39608,67.1032],[15.39908,67.10374],[15.4033,67.10353]],[[15.4033,67.10353],[15.40745,67.10392],[15.41003,67.10478],[15.41257,67.10343],[15.41502,67.10467],[15.41889,67.10388],[15.41773,67.1026],[15.42011,67.10207]],[[15.42931,67.10358],[15.43379,67.10495],[15.43765,67.10336],[15.44351,67.0994],[15.44525,67.09902],[15.4495,67.09897],[15.45011,67.09722],[15.45216,67.09629],[15.45542,67.09556],[15.45803,67.09563],[15.46051,67.09617]],[[15.42815,67.10426],[15.42367,67.10354],[15.42532,67.10499],[15.42817,67.10462],[15.42815,67.10426]],[[15.46069,67.10529],[15.46143,67.10498],[15.4607,67.10328],[15.46203,67.10271],[15.46482,67.10318],[15.46615,67.10407],[15.46819,67.10326],[15.47184,67.09995],[15.47172,67.09897],[15.47029,67.0981]],[[15.40014,67.12167],[15.39463,67.11834],[15.39399,67.11598],[15.38973,67.11326],[15.38906,67.10918],[15.38998,67.10815],[15.38871,67.10542],[15.38922,67.10439],[15.39126,67.10379]],[[15.453,67.12153],[15.45265,67.11914],[15.45046,67.11746],[15.44368,67.11648],[15.43955,67.11713],[15.43516,67.11617],[15.43446,67.11506],[15.43518,67.11382],[15.43773,67.11225],[15.44729,67.10827],[15.44946,67.10776],[15.45379,67.10744],[15.46069,67.10529]],[[15.58205,67.36255],[15.5856,67.364],[15.58551,67.36503],[15.58653,67.36569],[15.58837,67.3661],[15.59264,67.36465],[15.59262,67.36344],[15.5904,67.36181],[15.59001,67.35893],[15.58814,67.35748],[15.58641,67.35692]],[[15.46383,67.48031],[15.46137,67.47849],[15.45669,67.47948],[15.45582,67.48034]],[[15.38988,67.125],[15.3911,67.12611],[15.40562,67.1303],[15.40724,67.13043],[15.40958,67.13163],[15.41144,67.13422],[15.41433,67.13566],[15.41592,67.1357],[15.41554,67.13493],[15.41318,67.13413],[15.41307,67.13297],[15.41072,67.13067],[15.40763,67.1287],[15.40365,67.12729],[15.40183,67.12463],[15.40193,67.12314],[15.40014,67.12167]],[[15.453,67.12153],[15.45198,67.12328],[15.44725,67.12694],[15.44706,67.13216],[15.44621,67.13253],[15.44471,67.13246],[15.44434,67.13295],[15.44636,67.13309],[15.44732,67.13369],[15.4457,67.13623],[15.44987,67.13906],[15.4503,67.14435],[15.44852,67.14478],[15.44485,67.14414],[15.44336,67.14467],[15.44338,67.14514],[15.44544,67.14704],[15.44891,67.14845],[15.45156,67.15027],[15.45501,67.1504],[15.46157,67.1516]],[[15.40376,67.15759],[15.40271,67.15462],[15.40554,67.15149],[15.40475,67.1494],[15.39702,67.14308],[15.39684,67.14155],[15.39759,67.14097],[15.39438,67.1389],[15.39337,67.13589],[15.39401,67.13497],[15.3826,67.12638],[15.38423,67.12524],[15.38833,67.12491]],[[15.40787,67.1625],[15.40825,67.16012],[15.40376,67.15759]],[[15.48127,67.16245],[15.47881,67.16244],[15.47526,67.16322],[15.47198,67.16256],[15.47055,67.16138],[15.47001,67.1582],[15.46744,67.15618],[15.46613,67.15404],[15.46157,67.1516]],[[15.4172,67.16648],[15.40787,67.1625]],[[15.48478,67.16629],[15.48465,67.16293],[15.48405,67.16256],[15.48127,67.16245]],[[15.48478,67.16629],[15.48224,67.1689]],[[15.34671,67.18895],[15.35193,67.18753],[15.35424,67.18781],[15.35668,67.18908],[15.35812,67.18929],[15.3711,67.18804],[15.37341,67.18917],[15.38356,67.18985],[15.38695,67.18888],[15.38967,67.18878],[15.39051,67.188],[15.39034,67.18652],[15.3928,67.18498],[15.39763,67.18412],[15.40275,67.18418],[15.4051,67.1831],[15.40526,67.18154],[15.40199,67.17899],[15.40122,67.17715],[15.40182,67.17562],[15.40302,67.17486],[15.40642,67.17424],[15.40895,67.17253],[15.41336,67.17139],[15.41932,67.16872],[15.4197,67.16775],[15.4172,67.16648]],[[15.46239,67.19471],[15.46679,67.19308],[15.46706,67.19208],[15.46553,67.19092],[15.46578,67.19026],[15.47001,67.18939],[15.4741,67.18799],[15.48144,67.18443],[15.48121,67.18192],[15.47918,67.18027],[15.47276,67.17761],[15.47142,67.17651],[15.47134,67.17475],[15.47236,67.17397],[15.47328,67.17101],[15.47552,67.17014],[15.48224,67.1689]],[[15.57975,67.36043],[15.58048,67.35941],[15.578,67.35789],[15.57732,67.36235],[15.58214,67.36642]],[[15.54336,67.3814],[15.54579,67.37976],[15.54625,67.37682],[15.54734,67.37596],[15.54704,67.37466],[15.54839,67.37433],[15.54797,67.37345],[15.5445,67.37126]],[[15.25894,67.20624],[15.26475,67.20141],[15.26769,67.19972],[15.2714,67.19877],[15.27697,67.19825],[15.27964,67.19829],[15.28221,67.199],[15.28418,67.19821],[15.2894,67.19735],[15.29287,67.19724],[15.29486,67.19609],[15.29483,67.1943],[15.29735,67.19244],[15.3004,67.19166],[15.30324,67.19192],[15.30473,67.19245],[15.30779,67.19218],[15.31504,67.19247],[15.31964,67.19211],[15.3276,67.1907],[15.33365,67.19206],[15.33725,67.19205],[15.34383,67.19093],[15.34671,67.18895]],[[15.42618,67.21131],[15.42944,67.20967],[15.43291,67.20945],[15.43615,67.2085],[15.44059,67.20242],[15.44028,67.20046],[15.44343,67.19868],[15.4496,67.19672],[15.46239,67.19471]],[[15.42618,67.21131],[15.42373,67.21169],[15.42056,67.21313],[15.41805,67.2137],[15.40899,67.21479],[15.40563,67.21497],[15.40043,67.21452],[15.39448,67.21492],[15.39372,67.21558],[15.39593,67.21701],[15.39494,67.21763],[15.39147,67.21768],[15.39146,67.21841],[15.39326,67.21917],[15.40266,67.22129],[15.40493,67.22256],[15.40133,67.22319],[15.3995,67.22296]],[[15.3995,67.22296],[15.39657,67.22236],[15.39667,67.22321],[15.39589,67.22334],[15.38968,67.22176],[15.38218,67.22113],[15.37922,67.21963],[15.36672,67.21743],[15.36627,67.21768],[15.36807,67.2184],[15.36758,67.22034],[15.36648,67.22107],[15.36303,67.22156]],[[15.42718,67.24839],[15.42958,67.24917],[15.43196,67.25174],[15.43557,67.25281]],[[15.46307,67.2298],[15.46583,67.22974],[15.46939,67.23038],[15.4736,67.23225],[15.47964,67.23355],[15.48325,67.23412],[15.48698,67.23406],[15.49075,67.23454],[15.49252,67.2356]],[[15.33911,67.2418],[15.33554,67.24057],[15.33064,67.23696],[15.32697,67.23561],[15.31314,67.23334],[15.29938,67.22876],[15.29531,67.22864],[15.29327,67.22922],[15.29095,67.23102],[15.28753,67.23149],[15.28403,67.23303],[15.28066,67.23367],[15.27926,67.23386],[15.27505,67.23348],[15.26644,67.23414]],[[15.49252,67.2356],[15.49393,67.23708],[15.49006,67.24198],[15.49159,67.2429],[15.49633,67.24414],[15.50413,67.243],[15.50629,67.24308]],[[15.42718,67.25616],[15.42874,67.25468],[15.42684,67.25317]],[[15.50911,67.242],[15.50871,67.24281],[15.50999,67.24363],[15.51009,67.24492]],[[15.46336,67.245],[15.47042,67.2464],[15.48064,67.246],[15.48524,67.24641]],[[15.34756,67.24768],[15.34565,67.24577],[15.34673,67.24502],[15.33911,67.2418]],[[15.48524,67.24641],[15.49132,67.24671],[15.49613,67.24761],[15.50044,67.24736]],[[15.4255,67.2484],[15.42304,67.24883],[15.42309,67.25019],[15.42362,67.25129],[15.42684,67.25317]],[[15.63245,67.37329],[15.63449,67.37094],[15.6342,67.36965],[15.63094,67.36848],[15.62834,67.36881],[15.62656,67.36857],[15.62624,67.3678],[15.62823,67.36716],[15.62779,67.36653],[15.6193,67.36309],[15.61383,67.35918],[15.60899,67.35703],[15.59805,67.35411],[15.59302,67.35209],[15.59032,67.35066],[15.59119,67.34916]],[[15.42718,67.24839],[15.42726,67.24805],[15.42998,67.24765],[15.43268,67.24612],[15.43236,67.24496],[15.42989,67.24284],[15.43019,67.24135],[15.43761,67.24156],[15.43814,67.24023],[15.4407,67.23991],[15.44236,67.23827],[15.4445,67.23816],[15.44506,67.23778],[15.44381,67.23607],[15.43862,67.23517],[15.43851,67.23595],[15.4376,67.23619],[15.43383,67.2361],[15.42776,67.23388],[15.42374,67.2329],[15.42173,67.23118],[15.42232,67.22913],[15.42371,67.22824],[15.42475,67.22813],[15.43452,67.2301],[15.43549,67.23129],[15.43802,67.23195],[15.44184,67.2318],[15.44203,67.23095],[15.44555,67.22918],[15.45753,67.23005],[15.46307,67.2298]],[[15.36303,67.22156],[15.35719,67.22166],[15.35111,67.22126],[15.34896,67.22201],[15.3526,67.22384],[15.36828,67.22926],[15.36895,67.23003],[15.37418,67.23169],[15.38001,67.23289],[15.38126,67.23348],[15.38062,67.2339],[15.38196,67.23482],[15.38981,67.23755],[15.40066,67.23997],[15.4134,67.24047],[15.415,67.24107],[15.41494,67.2421],[15.41727,67.24422],[15.42235,67.24636],[15.42242,67.24777],[15.42536,67.24807],[15.4255,67.2484]],[[15.25932,67.24148],[15.26277,67.24203],[15.26812,67.24396],[15.27058,67.24369],[15.27739,67.24404],[15.28223,67.24489],[15.29831,67.24459],[15.30596,67.24321],[15.30852,67.24331],[15.31164,67.24286],[15.31812,67.24366],[15.32466,67.24389],[15.33177,67.24642],[15.33834,67.24794],[15.34203,67.2499]],[[15.35835,67.24991],[15.35495,67.24846],[15.34756,67.24768]],[[15.34203,67.2499],[15.34746,67.25302]],[[15.35039,67.25378],[15.3521,67.25458]],[[15.36379,67.25108],[15.36798,67.25219],[15.37233,67.2527],[15.37814,67.25471],[15.37772,67.25577],[15.38003,67.25578],[15.38124,67.25628]],[[15.38124,67.25628],[15.38197,67.25679],[15.40326,67.2586],[15.41091,67.25985],[15.41539,67.26118],[15.42092,67.26186],[15.42435,67.26143],[15.4273,67.26053],[15.42927,67.26059],[15.43061,67.26025],[15.42718,67.25616]],[[15.3478,67.26412],[15.35062,67.26014],[15.35062,67.25862],[15.35214,67.25634]],[[15.32212,67.2655],[15.3196,67.2648],[15.30941,67.26455],[15.3037,67.26562]],[[15.32212,67.2655],[15.32479,67.26615],[15.32826,67.26596],[15.33129,67.26684]],[[15.33129,67.26684],[15.33433,67.26699],[15.33854,67.26531],[15.34318,67.26478]],[[15.25962,67.2694],[15.26519,67.26717],[15.27095,67.2668],[15.27776,67.26527],[15.27964,67.26444],[15.28027,67.26331],[15.28837,67.26403],[15.29415,67.26519],[15.30171,67.26488],[15.3018,67.26566],[15.3037,67.26562]],[[15.59191,67.34722],[15.59378,67.34749],[15.59119,67.34916]],[[15.58176,67.35048],[15.58597,67.34989],[15.58472,67.34941],[15.58479,67.34893],[15.58933,67.34825],[15.59076,67.34779],[15.59076,67.34724],[15.59191,67.34722]],[[15.57975,67.36043],[15.58205,67.36255]],[[15.63245,67.37329],[15.62762,67.37382]],[[15.60404,67.39015],[15.60439,67.38967],[15.60929,67.38913],[15.61056,67.38809],[15.6066,67.38627],[15.60579,67.38533],[15.60792,67.38479],[15.6118,67.3852],[15.61264,67.38397],[15.60549,67.37869],[15.60358,67.37647],[15.60807,67.37595],[15.61149,67.37253],[15.61746,67.37339],[15.62518,67.37342],[15.62762,67.37382]],[[15.60218,67.39016],[15.60346,67.39065],[15.60404,67.39015]],[[15.60067,67.39016],[15.59705,67.39132],[15.59823,67.39189],[15.60404,67.39157],[15.60343,67.39319],[15.60169,67.39377]],[[15.60169,67.39377],[15.59714,67.39472],[15.59481,67.39597],[15.5978,67.39713],[15.59338,67.39853],[15.5934,67.39917],[15.59469,67.3996]],[[15.68891,67.39552],[15.69427,67.39557],[15.69831,67.39685],[15.69775,67.39727],[15.69548,67.3972],[15.69779,67.39855],[15.69713,67.39914],[15.69425,67.39927],[15.69266,67.39892]],[[15.65134,67.4029],[15.65192,67.40267],[15.65533,67.40303],[15.6584,67.40248],[15.66887,67.40309],[15.67122,67.40253],[15.67217,67.40174],[15.68048,67.40144],[15.68186,67.39917],[15.68489,67.39778],[15.68532,67.39604],[15.68891,67.39552]],[[15.66089,67.40366],[15.66678,67.40355]],[[15.66089,67.40366],[15.65691,67.40381]],[[15.69266,67.39892],[15.68676,67.39992],[15.68461,67.40064],[15.68514,67.40137],[15.68361,67.4021],[15.67558,67.40299],[15.67114,67.40394],[15.66678,67.40355]],[[15.59469,67.3996],[15.5964,67.40111],[15.59596,67.4017],[15.59823,67.40283],[15.60978,67.40411],[15.61925,67.4046],[15.63627,67.40667],[15.63714,67.40647],[15.63656,67.40583],[15.64082,67.4057],[15.64484,67.40409],[15.65134,67.4029]],[[15.6917,67.43423],[15.69187,67.43377],[15.69413,67.43343],[15.69477,67.43288],[15.69067,67.43035],[15.67587,67.42671],[15.66699,67.4235],[15.66737,67.4216],[15.67181,67.42119],[15.67067,67.41579],[15.6683,67.41524],[15.66358,67.41509],[15.66006,67.41435],[15.65526,67.41253],[15.65364,67.41092],[15.64724,67.40942],[15.6439,67.40818],[15.64392,67.40755],[15.64919,67.40674],[15.65264,67.40502],[15.65691,67.40381]],[[15.47507,67.48028],[15.47877,67.47915],[15.47897,67.47733]],[[15.50485,67.43534],[15.50714,67.43391],[15.51114,67.43254],[15.51757,67.43107],[15.51984,67.4272],[15.52613,67.42124],[15.52531,67.41993],[15.52979,67.4141],[15.53033,67.41084],[15.53346,67.40941],[15.53723,67.40974],[15.54153,67.40683],[15.54314,67.40456],[15.54257,67.40128],[15.54394,67.40079],[15.54421,67.39971],[15.54193,67.3964],[15.5426,67.39502],[15.54125,67.39348],[15.54173,67.39037]],[[15.5509,67.43519],[15.55385,67.43362],[15.55311,67.43228],[15.55311,67.42518],[15.55984,67.42132],[15.56677,67.41954],[15.57453,67.41838],[15.57848,67.41718],[15.57921,67.41622],[15.57529,67.41477],[15.57469,67.41285],[15.58003,67.41015],[15.5832,67.40972]],[[15.68843,67.43466],[15.68228,67.43371],[15.67633,67.43223],[15.66534,67.43049],[15.66324,67.42971],[15.65991,67.42629],[15.65994,67.42538],[15.66561,67.4208],[15.66238,67.41951],[15.65385,67.41753],[15.65044,67.41742],[15.64571,67.41417],[15.63915,67.41323],[15.63651,67.41168],[15.63518,67.41175],[15.63707,67.41263],[15.63647,67.41296],[15.62614,67.41141],[15.61923,67.41133],[15.60493,67.4103],[15.59491,67.41007],[15.59323,67.40973],[15.5832,67.40972]],[[15.48301,67.44061],[15.49186,67.43695],[15.49352,67.43695],[15.49388,67.43747]],[[15.49388,67.43747],[15.49281,67.43912],[15.49472,67.44082],[15.49726,67.44055],[15.50001,67.43969],[15.50148,67.43747],[15.50485,67.43534]],[[15.47465,67.4512],[15.47501,67.44834],[15.47416,67.4451],[15.48004,67.44257],[15.48301,67.44061]],[[15.47897,67.47733],[15.47715,67.47085],[15.47903,67.46814],[15.47562,67.46357],[15.47614,67.4618],[15.47451,67.45855],[15.47942,67.45327],[15.47861,67.45152],[15.47628,67.4515]],[[15.5509,67.43519],[15.54923,67.43647],[15.5468,67.43524],[15.54263,67.4364],[15.53959,67.43825],[15.53495,67.43836],[15.53038,67.4394],[15.52757,67.44114],[15.524,67.44146],[15.51679,67.44622],[15.51513,67.44788],[15.51588,67.45002],[15.51778,67.45187],[15.51574,67.45659],[15.51589,67.46035],[15.52054,67.4617],[15.52533,67.46137],[15.53862,67.46259],[15.54649,67.46414],[15.55147,67.46429],[15.5541,67.46527],[15.56154,67.46632],[15.57435,67.47312],[15.58485,67.47702]],[[15.5843,67.47992],[15.56557,67.47481],[15.56299,67.47328],[15.55821,67.47182],[15.55465,67.47138],[15.55225,67.47215],[15.54798,67.4726],[15.54686,67.47343],[15.54434,67.47417],[15.53891,67.47447],[15.53559,67.47569],[15.53002,67.47667],[15.52727,67.47825],[15.52754,67.48012]],[[15.59367,67.47989],[15.59167,67.47857],[15.58485,67.47702]],[[15.58493,67.48021],[15.59122,67.48116],[15.59367,67.47989]],[[15.46383,67.48031],[15.46553,67.48147],[15.46797,67.48185]],[[15.46797,67.48185],[15.47507,67.48028]],[[15.27375,67.50094],[15.27014,67.49989],[15.26894,67.49911],[15.26867,67.49697],[15.2707,67.49626],[15.27636,67.49638],[15.28289,67.49931],[15.28387,67.50025]],[[15.26211,67.49749],[15.26323,67.49726],[15.26682,67.49818],[15.26301,67.49896]],[[15.28387,67.50025],[15.28896,67.5025],[15.28832,67.5044]],[[15.35131,67.50455],[15.35403,67.50398],[15.35779,67.50229],[15.3672,67.50126],[15.37555,67.50556],[15.3769,67.505],[15.37688,67.50388],[15.37465,67.50117],[15.3764,67.50043],[15.38068,67.49965],[15.384,67.50128],[15.38707,67.50155],[15.38907,67.50081],[15.38915,67.4996],[15.39269,67.49922],[15.39666,67.49967],[15.39889,67.49921],[15.40246,67.5],[15.40692,67.50038],[15.40965,67.49929],[15.41363,67.49976],[15.41571,67.49849],[15.42128,67.49811],[15.43472,67.49637],[15.44017,67.49495],[15.4462,67.4948],[15.45337,67.49239],[15.45413,67.49146],[15.45426,67.48693],[15.45682,67.48276],[15.45568,67.48044]],[[15.29782,67.50596],[15.30725,67.50457],[15.31745,67.50386],[15.32317,67.50378],[15.32772,67.50418],[15.33077,67.50385],[15.33678,67.50469],[15.35131,67.50455]],[[15.28832,67.5044],[15.28835,67.50525],[15.28627,67.5049],[15.28451,67.50536],[15.28456,67.50732]],[[15.49013,67.52384],[15.48851,67.52415],[15.48447,67.52395],[15.47853,67.52465]],[[15.28456,67.50732],[15.28096,67.50785],[15.28246,67.5092],[15.28452,67.50967],[15.28674,67.50948],[15.29247,67.50801],[15.29782,67.50596]],[[15.64419,67.53823],[15.64622,67.54088],[15.65951,67.54568],[15.66221,67.54795],[15.66848,67.54985],[15.67428,67.55246],[15.7042,67.55732]],[[15.52754,67.48012],[15.52987,67.4808],[15.53109,67.48168],[15.53214,67.48296],[15.53061,67.48453],[15.53626,67.48955],[15.53983,67.49132],[15.54083,67.49313],[15.5442,67.49335],[15.54674,67.49466],[15.55105,67.49527],[15.55227,67.49679],[15.55991,67.49981],[15.56103,67.50063],[15.56034,67.50216],[15.56835,67.50453],[15.57014,67.50636],[15.56908,67.50719],[15.56943,67.50797],[15.57417,67.50993],[15.57785,67.51267],[15.58114,67.51413],[15.58296,67.51616],[15.58584,67.51704]],[[15.50772,67.5173],[15.50346,67.51696],[15.5014,67.51731],[15.50067,67.51988],[15.4984,67.52049],[15.49748,67.52132]],[[15.49013,67.52384],[15.49748,67.52132]],[[15.47853,67.52465],[15.47381,67.52458],[15.47233,67.52514]],[[15.54918,67.5249],[15.54381,67.52229],[15.53815,67.51741],[15.5363,67.517],[15.53116,67.5139],[15.5239,67.51071],[15.5215,67.51036],[15.51626,67.51052],[15.51838,67.51146],[15.51812,67.51358],[15.51645,67.51396],[15.51497,67.51365],[15.51274,67.51414],[15.51152,67.51529]],[[15.60419,67.5247],[15.59643,67.52186],[15.59448,67.51958],[15.5889,67.51869],[15.58584,67.51704]],[[15.60419,67.5247],[15.60676,67.52544],[15.61478,67.52666],[15.61936,67.52816],[15.62377,67.53051]],[[15.35171,67.53129],[15.34571,67.53135],[15.34136,67.53193],[15.33342,67.53234]],[[15.46897,67.53259],[15.47224,67.53053],[15.47084,67.52792],[15.47137,67.52568],[15.47233,67.52514]],[[15.32329,67.53532],[15.32578,67.53382],[15.33342,67.53234]],[[15.45641,67.53607],[15.45772,67.53476],[15.45467,67.53283],[15.45574,67.53243],[15.46019,67.53389],[15.46818,67.53349]],[[15.35171,67.53129],[15.36398,67.53207],[15.37202,67.53309],[15.37697,67.53479],[15.38084,67.53688],[15.38361,67.53766],[15.38756,67.53793],[15.3931,67.5366],[15.39578,67.53532],[15.40039,67.53554],[15.39801,67.53243],[15.40247,67.53052],[15.40508,67.53019],[15.41012,67.53074],[15.41848,67.53092],[15.42636,67.53178],[15.42821,67.53155],[15.43063,67.52975],[15.43294,67.52967],[15.43437,67.52995],[15.44028,67.53311],[15.45316,67.5359],[15.45641,67.53607]],[[15.26769,67.54152],[15.26933,67.54011],[15.27525,67.53818],[15.27664,67.53826],[15.28128,67.53659],[15.29284,67.53456],[15.29475,67.53461],[15.29691,67.5355],[15.29687,67.53744],[15.30195,67.5385],[15.3055,67.53856],[15.31105,67.53802],[15.31723,67.53656],[15.32215,67.53598],[15.32329,67.53532]],[[15.26769,67.54152],[15.26649,67.54249],[15.26261,67.54266]],[[15.58633,67.53715],[15.59173,67.53961],[15.59802,67.54131],[15.60277,67.5419],[15.6066,67.54295],[15.60782,67.54406],[15.61514,67.54734],[15.6186,67.54813],[15.62966,67.55209],[15.65,67.5575],[15.65482,67.5598],[15.6621,67.56191],[15.69512,67.56731],[15.69996,67.56756],[15.70448,67.56675]],[[15.72657,67.56905],[15.71836,67.56848],[15.70448,67.56675]],[[15.78216,67.56879],[15.77823,67.56783],[15.77816,67.56578],[15.77258,67.5651],[15.76744,67.56377],[15.76519,67.56378],[15.76189,67.56542],[15.75782,67.56612],[15.74404,67.56417],[15.73964,67.56328],[15.73849,67.56256],[15.73262,67.56157],[15.72608,67.56085],[15.7236,67.55972],[15.7042,67.55732]],[[15.72657,67.56905],[15.72812,67.56959],[15.7281,67.5707],[15.731,67.57229]],[[15.73278,67.57193],[15.73358,67.57101],[15.73475,67.57088],[15.74548,67.5717],[15.74817,67.57157],[15.75341,67.57317],[15.76375,67.57338],[15.76676,67.57383]],[[15.78216,67.56879],[15.79835,67.57251],[15.81344,67.57418],[15.81579,67.57422],[15.81848,67.57316],[15.82211,67.57273]]]}}]}