{"type":"FeatureCollection","features":[{"type":"Feature","properties":{},"geometry":{"type":"MultiLineString","coordinates":[[[14.32245,67.2553],[14.32627,67.25592],[14.32575,67.2569],[14.32486,67.25709]],[[14.98677,67.298],[14.98629,67.29899]],[[15,67.64058],[15.00159,67.64054]],[[15.00234,67.63978],[15,67.63827]],[[14.00525,67.14006],[14.00346,67.13982],[14.00331,67.14058],[14.00516,67.14175],[14.00739,67.14238],[14.00785,67.14159],[14.00525,67.14006]],[[14.59755,67.74212],[14.59543,67.74217],[14.59506,67.74259],[14.59894,67.74355],[14.59755,67.74212]],[[14.23341,67.02875],[14.23223,67.02887],[14.23259,67.02971],[14.23505,67.03046],[14.23595,67.02993],[14.23341,67.02875]],[[14.61011,67.03199],[14.60943,67.03142]],[[14.25544,67.04837],[14.25378,67.04849],[14.25512,67.05021],[14.25611,67.05048],[14.25544,67.04837]],[[14.03008,67.05172],[14.02831,67.05204],[14.02929,67.05409],[14.03008,67.05172]],[[14.04048,67.052],[14.03902,67.06267]],[[14.44662,67.07636],[14.44859,67.0757],[14.45193,67.07588]],[[14.31012,67.07042],[14.30996,67.07029]],[[14.32335,67.07222],[14.32479,67.07328],[14.32929,67.07373]],[[14.30987,67.07335],[14.31251,67.07358],[14.31187,67.0722],[14.30991,67.07192]],[[14.04212,67.07445],[14.04302,67.07365],[14.04197,67.07317],[14.04049,67.07444]],[[14.44047,67.07634],[14.44118,67.07536],[14.43935,67.07382]],[[14.04049,67.07444],[14.04078,67.07521],[14.04212,67.07445]],[[14.32024,67.0775],[14.30975,67.07765]],[[14.30971,67.07922],[14.32147,67.08009],[14.32634,67.08116]],[[14.2086,67.09418],[14.20827,67.09282],[14.21003,67.09105],[14.20894,67.08955],[14.21105,67.08893]],[[14.3084,67.12068],[14.30854,67.12028]],[[14.30717,67.12067],[14.3084,67.12068]],[[14.04497,67.11932],[14.04622,67.11967],[14.04682,67.11933]],[[14.04223,67.13256],[14.04148,67.13272],[14.04194,67.13377],[14.04458,67.1349],[14.04596,67.13485],[14.0442,67.13324],[14.04223,67.13256]],[[14.19264,67.13977],[14.19066,67.14055],[14.19258,67.14147]],[[14.20029,67.13713],[14.19281,67.13458]],[[14.18802,67.16497],[14.18712,67.16449],[14.18571,67.16496]],[[14.36723,67.18752],[14.37077,67.18868]],[[14.24305,67.18809],[14.24375,67.1876],[14.24562,67.1892]],[[14.0674,67.16431],[14.06782,67.16431]],[[14.20297,67.18342],[14.20006,67.18378],[14.20121,67.18512],[14.20344,67.18427],[14.20297,67.18342]],[[14.53586,67.18102],[14.53788,67.18064]],[[14.21558,67.1864],[14.21361,67.18641],[14.21298,67.18675],[14.21222,67.18753],[14.21274,67.18824],[14.21537,67.18724],[14.21558,67.1864]],[[14.66956,67.19699],[14.67051,67.19706]],[[14.21003,67.18462],[14.20923,67.18452],[14.20584,67.18599],[14.20605,67.18669],[14.20706,67.18676],[14.20883,67.18617],[14.21003,67.18462]],[[14.23544,67.18923],[14.2337,67.18896],[14.23277,67.18939],[14.23622,67.1904],[14.23672,67.19013],[14.23544,67.18923]],[[14.92762,67.1932],[14.92315,67.1909],[14.92098,67.18793]],[[14.48502,67.19355],[14.48756,67.19607],[14.4891,67.19627]],[[14.46046,67.1967],[14.46007,67.19734]],[[14.42194,67.19728],[14.41672,67.19591],[14.40849,67.19298],[14.37467,67.18388]],[[14.45095,67.19604],[14.44941,67.19624],[14.45232,67.19794],[14.4548,67.19669],[14.45095,67.19604]],[[14.48887,67.19869],[14.48737,67.19847],[14.48648,67.19925],[14.48897,67.20105],[14.4901,67.20086],[14.4903,67.20032],[14.48867,67.19924],[14.48887,67.19869]],[[14.68355,67.21157],[14.681,67.21114]],[[14.53252,67.21153],[14.53728,67.21184]],[[14.36994,67.212],[14.37302,67.21232]],[[15,67.21792],[15.00407,67.21835]],[[14.28462,67.25513],[14.2779,67.25435],[14.2776,67.25471],[14.27864,67.25511]],[[14.7002,67.25645],[14.70021,67.25649]],[[14.27864,67.25511],[14.28614,67.25575],[14.28462,67.25513]],[[14.28692,67.25673],[14.28466,67.25643],[14.28341,67.25675],[14.28848,67.25806],[14.28729,67.25902],[14.29199,67.25956],[14.29179,67.25892],[14.28692,67.25673]],[[14.25576,67.26194],[14.25371,67.26179],[14.25601,67.26293],[14.2596,67.26348],[14.2585,67.26265],[14.25576,67.26194]],[[14.70085,67.3013],[14.70232,67.3013]],[[14.42432,67.30727],[14.42164,67.30696],[14.41928,67.3077]],[[14.41542,67.26557],[14.41354,67.26527],[14.41294,67.26548],[14.41383,67.2662],[14.41669,67.26675],[14.41703,67.26624],[14.41542,67.26557]],[[14.29003,67.26774],[14.28731,67.26756],[14.28474,67.26809],[14.29066,67.26848],[14.2911,67.26822],[14.29003,67.26774]],[[14.29082,67.27964],[14.28895,67.27951],[14.28849,67.2803],[14.29164,67.28118],[14.29211,67.28049],[14.29082,67.27964]],[[14.30387,67.28252],[14.30388,67.28212]],[[14.59875,67.28463],[14.5962,67.28479],[14.59867,67.28549],[14.59918,67.28656]],[[15,67.29556],[15.00022,67.29555]],[[14.38771,67.30041],[14.38368,67.3004]],[[14.70441,67.30131],[14.70232,67.3013]],[[14.4972,67.34058],[14.49369,67.33973],[14.49383,67.3404],[14.49549,67.34115],[14.49722,67.34125],[14.4972,67.34058]],[[14.52888,67.34621],[14.53134,67.34721],[14.53465,67.34767]],[[14.53463,67.34892],[14.53266,67.3491],[14.5346,67.3504]],[[14.5346,67.3504],[14.54055,67.35251],[14.54679,67.35329]],[[14.33307,67.36133],[14.3315,67.36035],[14.32775,67.35994],[14.32977,67.36131],[14.33117,67.36111],[14.33231,67.36167],[14.33307,67.36133]],[[14.31049,67.38233],[14.30845,67.38256],[14.30829,67.38324],[14.31161,67.38408],[14.3118,67.38306],[14.31049,67.38233]],[[14.35962,67.37988],[14.35744,67.37987],[14.35921,67.38099],[14.36084,67.38127],[14.36086,67.38028],[14.35962,67.37988]],[[14.22593,67.38942],[14.22229,67.38886],[14.22185,67.3894]],[[14.59316,67.39077],[14.59086,67.39012],[14.59143,67.39076]],[[14.22185,67.3894],[14.22275,67.39079],[14.22609,67.39059],[14.22665,67.39093],[14.22544,67.39147],[14.23011,67.39286],[14.23028,67.39199],[14.2283,67.38985],[14.22593,67.38942]],[[14.25767,67.40137],[14.25736,67.40075],[14.25601,67.40043],[14.25398,67.40065],[14.25235,67.40008],[14.2506,67.40015],[14.25131,67.40114],[14.25363,67.40212],[14.25521,67.4013],[14.25665,67.4016],[14.25618,67.40217],[14.25746,67.40255],[14.25767,67.40137]],[[14.25645,67.4095],[14.2535,67.40948],[14.2561,67.4108],[14.25771,67.41025],[14.25645,67.4095]],[[14.62128,67.41577],[14.619,67.41548],[14.62007,67.41699],[14.62213,67.41688],[14.62128,67.41577]],[[14.95563,67.43612],[14.95746,67.43736]],[[14.93867,67.44819],[14.94395,67.44764],[14.94901,67.44802]],[[14.36848,67.45098],[14.36742,67.4509],[14.36618,67.45144],[14.36824,67.45179],[14.37151,67.45172],[14.36848,67.45098]],[[14.66612,67.48515],[14.66498,67.48444],[14.66406,67.48497],[14.66275,67.48482],[14.66516,67.48624],[14.66612,67.48515]],[[14.61665,67.54733],[14.6132,67.54747],[14.61196,67.54798],[14.61895,67.54868],[14.6185,67.54779],[14.61665,67.54733]],[[14.66256,67.48633],[14.66187,67.48525],[14.65971,67.48461],[14.66152,67.48608],[14.66064,67.48627],[14.65937,67.48569],[14.65933,67.48654],[14.66169,67.48727],[14.66256,67.48633]],[[14.7177,67.50581],[14.71555,67.50573],[14.71447,67.50605],[14.7153,67.507],[14.71755,67.50638],[14.7177,67.50581]],[[14.62409,67.54208],[14.61931,67.54153],[14.61351,67.54208],[14.61579,67.54291],[14.62467,67.54246],[14.62409,67.54208]],[[14.64294,67.54513],[14.63967,67.54473],[14.63578,67.54481],[14.63993,67.54559],[14.64294,67.54546],[14.64294,67.54513]],[[14.62426,67.54563],[14.62199,67.54546],[14.61921,67.5459],[14.62573,67.54621],[14.62426,67.54563]],[[14.64698,67.54654],[14.64668,67.54616],[14.64483,67.546],[14.63931,67.54658],[14.6424,67.54761],[14.6473,67.54832],[14.64561,67.54683],[14.64698,67.54654]],[[14.60369,67.55248],[14.60139,67.55245],[14.59981,67.5515],[14.59747,67.55133],[14.59996,67.55262],[14.6025,67.55293],[14.60369,67.55248]],[[14.57566,67.55143],[14.57308,67.55147],[14.58059,67.5533],[14.5791,67.55219],[14.57566,67.55143]],[[14.59206,67.55351],[14.5899,67.55326],[14.59408,67.5551],[14.59766,67.55531],[14.59763,67.55479],[14.5928,67.55397],[14.59206,67.55351]],[[14.6479,67.55775],[14.64717,67.55795],[14.64789,67.55818]],[[14.58133,67.55686],[14.58013,67.55684],[14.58057,67.5575],[14.58252,67.55826],[14.58454,67.55843],[14.58428,67.55775],[14.58133,67.55686]],[[14.64789,67.55818],[14.65519,67.55868],[14.6543,67.55723],[14.65206,67.55735],[14.6532,67.55782],[14.6479,67.55775]],[[14.64787,67.55988],[14.64957,67.55986],[14.65001,67.56042],[14.65631,67.55994],[14.65296,67.55931],[14.64788,67.55906]],[[14.67062,67.56966],[14.66865,67.56925],[14.66215,67.56968],[14.66984,67.57013],[14.67062,67.56966]],[[14.66509,67.57997],[14.66344,67.57964],[14.66248,67.57994],[14.66072,67.57976],[14.66033,67.58016],[14.66097,67.58065],[14.66269,67.58087],[14.66514,67.58027],[14.66509,67.57997]],[[15,67.57621],[14.99925,67.57692],[15,67.5776]],[[14.68899,67.57157],[14.68711,67.57139],[14.68505,67.57175],[14.68545,67.57213],[14.69068,67.5724],[14.69088,67.57212],[14.68899,67.57157]],[[14.99583,67.57068],[15,67.57512]],[[14.64739,67.59188],[14.64738,67.59262]],[[14.70262,67.59182],[14.69811,67.59082],[14.69839,67.59196],[14.70161,67.59308],[14.70262,67.59182]],[[14.64738,67.59262],[14.65252,67.59325],[14.65324,67.59302],[14.65045,67.59175],[14.64739,67.59188]],[[14.6473,67.59764],[14.6473,67.59799]],[[14.64729,67.59845],[14.64838,67.59824],[14.6473,67.59799]],[[14.64729,67.59845],[14.6466,67.59862],[14.64728,67.59892]],[[14.6575,67.59442],[14.6522,67.59414],[14.6571,67.59513],[14.65588,67.59561],[14.65801,67.59771],[14.66447,67.59869],[14.6643,67.59925],[14.6672,67.60032],[14.67171,67.60132],[14.673,67.60072],[14.67256,67.60032],[14.66883,67.59913],[14.6653,67.59723],[14.65906,67.59564],[14.65933,67.59513],[14.6575,67.59442]],[[14.64728,67.59892],[14.65392,67.60003],[14.65517,67.60071],[14.66083,67.60109],[14.66078,67.60166],[14.66423,67.60278],[14.66706,67.60307],[14.66931,67.6029],[14.66714,67.60181],[14.66203,67.60076],[14.66154,67.6001],[14.65571,67.59926],[14.65223,67.5983],[14.65124,67.59908],[14.6487,67.59779],[14.6473,67.59764]],[[14.68533,67.60662],[14.68796,67.6064],[14.68503,67.60452],[14.68196,67.60432],[14.67689,67.60278],[14.67534,67.60289],[14.67707,67.60461],[14.67906,67.60468],[14.68334,67.60592],[14.68376,67.6065],[14.68533,67.60662]],[[14.67142,67.60931],[14.66623,67.6086],[14.67066,67.611],[14.67411,67.612],[14.67783,67.61229],[14.67525,67.61112],[14.6747,67.61034],[14.67142,67.60931]],[[14.66726,67.61313],[14.665,67.61335],[14.66596,67.61432],[14.66782,67.6149],[14.66938,67.6148],[14.66937,67.61407],[14.66726,67.61313]],[[14.58532,67.63721],[14.58254,67.63717],[14.58256,67.63792],[14.58631,67.64029],[14.58707,67.63956],[14.58444,67.63783],[14.58532,67.63721]],[[14.59526,67.6416],[14.59261,67.64053],[14.5895,67.64115],[14.5923,67.64328],[14.59504,67.64242],[14.59526,67.6416]],[[14.57941,67.64021],[14.57728,67.63977],[14.58024,67.64188],[14.58767,67.64346],[14.58704,67.64272],[14.57941,67.64021]],[[14.47769,67.64299],[14.47312,67.6424],[14.47408,67.64313],[14.478,67.64379],[14.47769,67.64299]],[[14.45845,67.64334],[14.45637,67.64325],[14.45609,67.64368],[14.4569,67.6442],[14.46078,67.64484],[14.46012,67.64367],[14.45845,67.64334]],[[14.71406,67.66441],[14.71229,67.66403],[14.7112,67.66421],[14.71182,67.66498],[14.71356,67.66538],[14.71477,67.66507],[14.71406,67.66441]],[[14.57882,67.65033],[14.57663,67.65008],[14.57609,67.65087],[14.57962,67.65333],[14.58198,67.65283],[14.58289,67.65177],[14.57882,67.65033]],[[14.7641,67.6602],[14.76424,67.66054]],[[14.90954,67.66035],[14.90813,67.66035]],[[14.41004,67.68283],[14.41069,67.68219],[14.41007,67.68178]],[[14.80863,67.66026],[14.80863,67.66053]],[[14.90179,67.66035],[14.90486,67.66069]],[[14.80794,67.66093],[14.80863,67.66053]],[[14.80253,67.66026],[14.80612,67.66112],[14.80794,67.66093]],[[14.68755,67.66348],[14.68544,67.66344],[14.68533,67.66411],[14.68668,67.66464],[14.68873,67.66449],[14.68755,67.66348]],[[14.60592,67.66474],[14.60356,67.66407],[14.6021,67.66456],[14.60309,67.66569],[14.60498,67.66568],[14.60615,67.6652],[14.60592,67.66474]],[[14.62312,67.66511],[14.61803,67.66502],[14.61683,67.66576],[14.61806,67.66629],[14.62287,67.66612],[14.62312,67.66511]],[[14.64627,67.6666],[14.64431,67.66673],[14.64626,67.66765]],[[14.64626,67.66765],[14.64801,67.66789],[14.64863,67.66738],[14.64627,67.6666]],[[14.63352,67.66561],[14.63161,67.66568],[14.6344,67.66786],[14.63475,67.66634],[14.63352,67.66561]],[[14.68777,67.66878],[14.68383,67.66895],[14.6874,67.66987],[14.68889,67.66985],[14.68777,67.66878]],[[14.70151,67.66769],[14.69991,67.66772],[14.69897,67.66843],[14.70036,67.67057],[14.70605,67.67144],[14.70817,67.67141],[14.70878,67.6708],[14.7065,67.66886],[14.70151,67.66769]],[[14.69143,67.67062],[14.68779,67.67072],[14.6865,67.67159],[14.69305,67.67224],[14.69334,67.67175],[14.69143,67.67062]],[[14.62587,67.67713],[14.6247,67.67705],[14.62439,67.67777],[14.62601,67.67851],[14.6276,67.67862],[14.62801,67.67802],[14.62587,67.67713]],[[14.68618,67.67331],[14.6792,67.67327],[14.67836,67.67421],[14.67907,67.67496],[14.68306,67.67588],[14.68851,67.67628],[14.68751,67.67392],[14.68618,67.67331]],[[14.69739,67.67506],[14.69261,67.67419],[14.69177,67.67538],[14.69268,67.67618],[14.6981,67.67799],[14.70055,67.67736],[14.69901,67.67556],[14.69739,67.67506]],[[14.41007,67.68178],[14.40927,67.68082],[14.40666,67.68134],[14.40895,67.68296],[14.41004,67.68283]],[[14.88015,67.70518],[14.88189,67.70599]],[[14.60466,67.70965],[14.60126,67.70985],[14.60145,67.71098],[14.60351,67.71102],[14.60606,67.71042],[14.60466,67.70965]],[[14.83414,67.7185],[14.83513,67.71793],[14.83389,67.71738],[14.83062,67.7179],[14.83074,67.71842],[14.83414,67.7185]],[[14.82337,67.71776],[14.82049,67.71768],[14.81969,67.71818],[14.82118,67.71885],[14.82342,67.71841],[14.82337,67.71776]],[[14.56901,67.71642],[14.56591,67.71622],[14.5642,67.7173],[14.56713,67.72056],[14.56984,67.72045],[14.57138,67.71991],[14.56985,67.71919],[14.57051,67.71772],[14.56901,67.71642]],[[14.77526,67.72116],[14.7725,67.72141],[14.77265,67.72187],[14.77511,67.72244],[14.77526,67.72116]],[[14.57755,67.72142],[14.57677,67.72121],[14.57584,67.72162],[14.57705,67.723],[14.57929,67.72247],[14.57755,67.72142]],[[14.58325,67.72021],[14.57921,67.72083],[14.58094,67.72244],[14.5849,67.72181],[14.58325,67.72021]],[[14.55835,67.72073],[14.55341,67.72084],[14.55591,67.72271],[14.55895,67.72228],[14.55835,67.72073]],[[14.57304,67.72083],[14.5716,67.7208],[14.57025,67.72137],[14.57143,67.72331],[14.57256,67.72309],[14.57356,67.7221],[14.57304,67.72083]],[[14.63393,67.72282],[14.63243,67.72296],[14.6324,67.72329],[14.63488,67.72468],[14.63562,67.72412],[14.63393,67.72282]],[[14.6092,67.72335],[14.60773,67.72313],[14.6071,67.72371],[14.60989,67.72486],[14.6092,67.72335]],[[14.58379,67.7242],[14.58227,67.72375],[14.5798,67.72414],[14.58236,67.72496],[14.58379,67.7242]],[[14.61598,67.72381],[14.61524,67.72427],[14.61923,67.72599],[14.61958,67.72553],[14.61598,67.72381]],[[14.63978,67.72533],[14.63841,67.72504],[14.63781,67.72553],[14.63869,67.72626],[14.64144,67.72706],[14.63978,67.72533]],[[14.60739,67.72556],[14.60588,67.72576],[14.6048,67.72646],[14.60498,67.72724],[14.60855,67.72845],[14.60977,67.72841],[14.60965,67.72663],[14.60739,67.72556]],[[14.61313,67.72615],[14.6124,67.72592],[14.61128,67.72621],[14.61249,67.72896],[14.61313,67.72615]],[[14.64532,67.73003],[14.6441,67.72989],[14.64355,67.73061],[14.64531,67.73077]],[[14.62392,67.7262],[14.62241,67.72627],[14.6228,67.72703],[14.62558,67.72831],[14.62766,67.72818],[14.62746,67.7272],[14.62392,67.7262]],[[14.69679,67.72603],[14.69479,67.72567],[14.69444,67.72401],[14.69372,67.7239],[14.69291,67.72434],[14.69347,67.72664],[14.69671,67.72841],[14.69934,67.72908],[14.69994,67.72873],[14.69842,67.72689],[14.69679,67.72603]],[[14.64534,67.72825],[14.64333,67.72906],[14.64378,67.72948],[14.64533,67.72943]],[[14.64532,67.73003],[14.64627,67.7296],[14.64533,67.72943]],[[14.68573,67.72621],[14.6851,67.72633],[14.68536,67.72763],[14.68919,67.72962],[14.69141,67.73014],[14.69482,67.72982],[14.68573,67.72621]],[[14.6223,67.73136],[14.62618,67.731],[14.62625,67.73006],[14.62556,67.72979],[14.62422,67.73007],[14.62138,67.72948],[14.62292,67.72821],[14.6198,67.72653],[14.61831,67.72643],[14.61872,67.72782],[14.6168,67.72807],[14.6163,67.72941],[14.61723,67.72974],[14.62014,67.72973],[14.62045,67.73102],[14.6223,67.73136]],[[14.57264,67.73021],[14.56871,67.72953],[14.56807,67.7298],[14.5753,67.73271],[14.57575,67.73205],[14.57447,67.73072],[14.57264,67.73021]],[[14.6991,67.73116],[14.69721,67.73125],[14.69637,67.73203],[14.69896,67.73375],[14.69995,67.73258],[14.6991,67.73116]],[[14.68935,67.73161],[14.68667,67.7318],[14.68602,67.73247],[14.68994,67.73462],[14.69127,67.7348],[14.69471,67.73429],[14.69353,67.73321],[14.68935,67.73161]],[[14.56067,67.73181],[14.55882,67.73182],[14.55738,67.73309],[14.56231,67.73509],[14.56282,67.73432],[14.56186,67.73244],[14.56067,67.73181]],[[14.56303,67.73712],[14.56097,67.73698],[14.55991,67.73786],[14.56107,67.7393],[14.56303,67.73712]],[[14.55915,67.73561],[14.55743,67.73513],[14.5559,67.73539],[14.55984,67.73732],[14.55915,67.73561]],[[14.7138,67.73488],[14.7114,67.73539],[14.71474,67.73825],[14.71676,67.73872],[14.71797,67.73835],[14.71716,67.73671],[14.7138,67.73488]],[[14.60118,67.73362],[14.60085,67.73091],[14.59878,67.7295],[14.59973,67.72837],[14.59668,67.72741],[14.59588,67.7267],[14.59667,67.72559],[14.59328,67.72406],[14.59214,67.72391],[14.59116,67.72427],[14.58967,67.72396],[14.58606,67.7244],[14.58173,67.72567],[14.57941,67.72526],[14.57728,67.72574],[14.57641,67.72808],[14.57832,67.72937],[14.58259,67.73105],[14.58524,67.73065],[14.59143,67.73076],[14.59319,67.7316],[14.59276,67.7321],[14.58824,67.73119],[14.58621,67.73158],[14.58623,67.73197],[14.58882,67.73357],[14.60167,67.73855],[14.60479,67.73809],[14.60512,67.73773],[14.60198,67.73564],[14.60118,67.73362]],[[14.59278,67.7373],[14.59071,67.73678],[14.58936,67.73789],[14.59101,67.739],[14.59435,67.73974],[14.59421,67.73791],[14.59278,67.7373]],[[14.56562,67.73799],[14.56394,67.73779],[14.56321,67.73827],[14.56325,67.7396],[14.56566,67.74006],[14.56667,67.73875],[14.56562,67.73799]],[[14.55666,67.74066],[14.55605,67.73988],[14.55441,67.74003],[14.55346,67.73874],[14.55209,67.73861],[14.55229,67.73949],[14.55504,67.74159],[14.55672,67.74134],[14.55666,67.74066]],[[14.56345,67.74539],[14.5621,67.74572],[14.56471,67.74737],[14.56753,67.74827],[14.56966,67.74804],[14.57004,67.74764],[14.56816,67.74655],[14.56345,67.74539]],[[14.57483,67.74952],[14.57429,67.74894],[14.57173,67.74838],[14.56947,67.74857],[14.56981,67.74918],[14.57125,67.74951]],[[14.59426,67.74957],[14.58889,67.74828],[14.58389,67.7481],[14.58458,67.7488],[14.58687,67.74955]],[[14.96026,67.75007],[14.96739,67.75121],[14.97501,67.75139],[14.97751,67.75026],[14.97943,67.75007]],[[14.71823,67.78771],[14.71792,67.78865],[14.71823,67.78771]],[[14.57125,67.74951],[14.57338,67.74987],[14.57483,67.74952]],[[14.58687,67.74955],[14.59235,67.7514],[14.58941,67.75226],[14.58932,67.75296],[14.595,67.7539],[14.59936,67.75388],[14.60068,67.75202],[14.59826,67.75073],[14.59426,67.74957]],[[14.64231,67.75567],[14.64265,67.75474],[14.64038,67.7537],[14.63682,67.75311],[14.63744,67.75271],[14.63659,67.75222],[14.63391,67.75153],[14.63271,67.7515],[14.63267,67.75185],[14.6321,67.75147],[14.63114,67.75166],[14.63105,67.75254],[14.63649,67.75516],[14.63841,67.75569],[14.64231,67.75567]],[[14.77604,67.76381],[14.77339,67.76374],[14.77277,67.76459],[14.77631,67.76476],[14.77702,67.76431],[14.77604,67.76381]],[[15.00146,67.76989],[15,67.76952]],[[14.76308,67.77631],[14.76693,67.7766],[14.76819,67.77608],[14.76758,67.77553],[14.7631,67.77438]],[[14.56609,67.78493],[14.55945,67.78296],[14.55776,67.78295],[14.5577,67.78342],[14.55899,67.78391],[14.55787,67.78363],[14.55874,67.78514],[14.56066,67.78683],[14.56316,67.78763],[14.56861,67.78785],[14.56609,67.78493]],[[14.83033,67.79552],[14.82944,67.79483]],[[14.831,67.79614],[14.83401,67.79698],[14.8353,67.79681],[14.8319,67.79483]],[[14.76286,67.79824],[14.76493,67.7988],[14.76573,67.79857],[14.7651,67.79699],[14.76289,67.79532]],[[14.76282,67.80192],[14.76876,67.80422]],[[14.74257,67.80515],[14.74014,67.80485],[14.74009,67.80566],[14.74371,67.80622],[14.74257,67.80515]],[[14.78298,67.80948],[14.77604,67.80752],[14.76876,67.80422]],[[14.88641,67.88372],[14.88734,67.88406],[14.88826,67.88381],[14.88732,67.88323]],[[14.75246,67.8239],[14.75129,67.82373],[14.75048,67.82416],[14.75101,67.82501],[14.75342,67.82563],[14.75246,67.8239]],[[14.71413,67.81965],[14.71168,67.81652],[14.71041,67.81663],[14.70898,67.81618],[14.70839,67.81469],[14.70693,67.81454],[14.70834,67.81343],[14.70598,67.81167],[14.70789,67.81128],[14.70811,67.81064],[14.70433,67.80806],[14.70336,67.80821],[14.70212,67.80958],[14.70288,67.81038],[14.70175,67.81067],[14.69987,67.81027],[14.699,67.80916],[14.70153,67.80839],[14.70166,67.80689],[14.69204,67.80496],[14.68882,67.80526],[14.68612,67.8049],[14.6863,67.80579],[14.6895,67.80719],[14.68675,67.80794],[14.68484,67.80753],[14.68497,67.80868],[14.6863,67.80968],[14.68554,67.80976],[14.68154,67.8052],[14.67969,67.80543],[14.67924,67.80602],[14.67643,67.80555],[14.67537,67.80643],[14.67688,67.80812],[14.67611,67.8083],[14.67444,67.8066],[14.67173,67.80596],[14.67121,67.80627],[14.67026,67.80612],[14.66955,67.80444],[14.66653,67.80263],[14.65577,67.80124],[14.65366,67.80145],[14.65268,67.80225],[14.65365,67.80349],[14.65267,67.80599],[14.6558,67.80874],[14.65735,67.80887],[14.65939,67.80797],[14.66389,67.80737],[14.66766,67.80731],[14.66894,67.80778],[14.66879,67.80882],[14.67144,67.80874],[14.67215,67.80905],[14.66718,67.81163],[14.67024,67.81196],[14.67177,67.81126],[14.67146,67.81166],[14.67427,67.81324],[14.67661,67.81264],[14.6799,67.81286],[14.68009,67.81313],[14.67748,67.81327],[14.67722,67.81377],[14.68195,67.81291],[14.68286,67.81157],[14.68482,67.81148],[14.68438,67.81194],[14.68682,67.8123],[14.68872,67.81317],[14.69389,67.81383],[14.69476,67.81467],[14.69428,67.81537],[14.70239,67.81793],[14.70491,67.81926],[14.70675,67.81924],[14.7071,67.81893],[14.7094,67.8206],[14.71496,67.82181],[14.71542,67.8211],[14.71413,67.81965]],[[14.71059,67.83085],[14.71053,67.83039],[14.69732,67.82426],[14.68877,67.82198],[14.69493,67.82629],[14.70037,67.82893],[14.70764,67.83103],[14.70877,67.83083],[14.70958,67.83114],[14.71059,67.83085]],[[14.77636,67.83962],[14.77738,67.83962]],[[14.7654,67.84287],[14.7636,67.84281],[14.76812,67.84417],[14.76966,67.84425],[14.7654,67.84287]],[[14.73295,67.84581],[14.72202,67.84203],[14.72722,67.84453],[14.73198,67.84631],[14.73429,67.8467],[14.73295,67.84581]],[[15,67.86666],[15.00069,67.86672]],[[14.88104,67.8751],[14.88567,67.87561],[14.8905,67.87558],[14.89139,67.87533],[14.89101,67.87416],[14.88984,67.87376]],[[14.881,67.88265],[14.88641,67.88372]],[[14.89103,67.88458],[14.89923,67.88682]],[[14.75523,67.89309],[14.74964,67.89228],[14.75357,67.89359],[14.75572,67.89359],[14.75523,67.89309]],[[14.86568,67.91925],[14.86265,67.91887],[14.86212,67.91922],[14.86522,67.92046],[14.8661,67.92014],[14.86568,67.91925]],[[14.87002,67.90241],[14.8684,67.90234],[14.86803,67.90284],[14.87308,67.90417],[14.87327,67.90371],[14.87002,67.90241]],[[14.77082,67.90393],[14.7701,67.90356],[14.7672,67.90336],[14.77054,67.90557],[14.7723,67.90597],[14.77082,67.90393]],[[14.82655,67.91222],[14.82424,67.91127],[14.82602,67.91077]],[[14.91618,67.91368],[14.91511,67.91367],[14.91497,67.914],[14.91836,67.91572],[14.9185,67.91514],[14.91618,67.91368]],[[14.79083,67.92709],[14.78936,67.92723],[14.7894,67.92875],[14.79098,67.92902],[14.79176,67.92842],[14.79083,67.92709]],[[14.90367,67.93244],[14.90256,67.93194],[14.90156,67.93211],[14.90165,67.93274],[14.9005,67.93328],[14.90166,67.93414],[14.90427,67.93338],[14.90367,67.93244]],[[14.85849,67.93372],[14.85756,67.93389],[14.86088,67.9358],[14.86073,67.93464],[14.85849,67.93372]],[[14.88621,67.93738],[14.88213,67.93645],[14.88809,67.93933],[14.88816,67.93847],[14.88621,67.93738]],[[14.97196,67.93671],[14.96384,67.94015]],[[14.89546,67.94112],[14.89469,67.94192],[14.89664,67.94325],[14.89708,67.94232],[14.89546,67.94112]],[[14.91837,67.94236],[14.91741,67.94283],[14.91862,67.94379],[14.9219,67.94442],[14.92192,67.94395],[14.91837,67.94236]],[[14.87598,67.94376],[14.87465,67.94396],[14.87534,67.94511],[14.87738,67.94572],[14.87836,67.94521],[14.87598,67.94376]],[[14.91811,67.96218],[14.91152,67.96155],[14.91182,67.9619],[14.91677,67.9626],[14.91796,67.96263],[14.91811,67.96218]],[[14.99919,67.97264],[15,67.97134]],[[14.95511,67.9743],[14.95302,67.97355],[14.95239,67.97378],[14.95298,67.9743]],[[14.99668,67.97431],[14.99919,67.97264]],[[14.95298,67.9743],[14.95555,67.97554],[14.95638,67.97492],[14.95511,67.9743]],[[14.7916,67.79479],[14.78849,67.79418],[14.787,67.79431],[14.78689,67.79478]],[[14.80089,67.7948],[14.79807,67.79435],[14.79712,67.79479]],[[14.82805,67.79483],[14.82662,67.79439],[14.82425,67.79483]],[[14.92252,67.57066],[14.92424,67.57219],[14.93085,67.57436],[14.92889,67.57514],[14.93071,67.57568],[14.93293,67.57586],[14.93425,67.57531],[14.94133,67.57678],[14.94435,67.57681],[14.94821,67.57819],[14.95306,67.57881],[14.95417,67.57824],[14.96035,67.57811],[14.96675,67.57906]],[[14.76415,67.66954],[14.76284,67.67037],[14.75899,67.67038],[14.75362,67.66921],[14.74532,67.66804],[14.74208,67.66813],[14.74298,67.66881]],[[14.8319,67.79483],[14.82902,67.79317],[14.82669,67.79289],[14.82442,67.79326],[14.82403,67.79361],[14.82782,67.79403],[14.82944,67.79483]],[[14.96675,67.57906],[14.98514,67.58295],[14.99061,67.58471],[15,67.58581]],[[14.75851,67.60776],[14.75634,67.6078],[14.75651,67.60838],[14.75769,67.60887],[14.76011,67.60894],[14.76041,67.60845],[14.75851,67.60776]],[[15,67.58581],[15.00646,67.58692]],[[15,67.5776],[15.00385,67.57857]],[[14.72166,67.60518],[14.71828,67.60496],[14.71633,67.60547],[14.71609,67.60593],[14.71882,67.60689],[14.72324,67.60641],[14.7234,67.60557],[14.72166,67.60518]],[[14.7317,67.59376],[14.72976,67.59232],[14.7252,67.59118],[14.723,67.59117]],[[14.723,67.59117],[14.71616,67.59068],[14.71384,67.59168],[14.71659,67.5949],[14.71892,67.59589],[14.71846,67.59616],[14.71698,67.59596],[14.71721,67.59639],[14.74456,67.60134],[14.74915,67.6025],[14.75225,67.60276],[14.75271,67.60018],[14.74941,67.59882],[14.74001,67.59784],[14.7317,67.59376]],[[14.7358,67.60198],[14.73299,67.6019],[14.73248,67.60238],[14.73488,67.60369],[14.73744,67.60394],[14.73767,67.60255],[14.7358,67.60198]],[[14.71766,67.6023],[14.7153,67.60249],[14.71695,67.60341],[14.72247,67.60418],[14.72476,67.60413],[14.72407,67.60348],[14.72127,67.60268],[14.71766,67.6023]],[[14.75306,67.60836],[14.7499,67.60831],[14.74956,67.60857],[14.75249,67.60923],[14.75417,67.60913],[14.75306,67.60836]],[[14.74839,67.61011],[14.74537,67.61028],[14.74387,67.61084],[14.74422,67.61123],[14.74839,67.61105],[14.74902,67.6103],[14.74839,67.61011]],[[15,67.63827],[14.99599,67.63698],[14.99399,67.6371],[14.99331,67.63771],[14.99098,67.63767],[14.98871,67.63826],[14.99013,67.63926],[14.99457,67.63957],[15,67.64058]],[[14.88214,67.65637],[14.88545,67.65625],[14.8839,67.65548],[14.88215,67.65549]],[[14.99704,67.65003],[14.99095,67.64594],[14.98927,67.64557],[14.98148,67.64536],[14.97602,67.64423],[14.97405,67.64444],[14.974,67.64526],[14.97647,67.64695],[14.98027,67.64696],[14.98523,67.64884],[14.98784,67.649],[14.99011,67.65007],[14.99609,67.65032],[14.99704,67.65003]],[[14.89623,67.65466],[14.89504,67.65476],[14.89524,67.65531],[14.89705,67.65613],[14.89924,67.65633],[14.89983,67.6557],[14.89623,67.65466]],[[14.88215,67.65549],[14.87774,67.65517],[14.87897,67.65584],[14.88214,67.65637]],[[14.78327,67.66023],[14.78195,67.66023]],[[14.84725,67.65587],[14.86333,67.6583],[14.86612,67.65838],[14.86732,67.65787],[14.87277,67.65857],[14.87282,67.65793],[14.87481,67.65773],[14.88213,67.65839]],[[14.72579,67.66014],[14.72396,67.65948],[14.72091,67.65969],[14.72082,67.66014]],[[14.74903,67.66018],[14.74702,67.66018]],[[14.75455,67.66019],[14.75308,67.65896],[14.75088,67.65866],[14.75021,67.65968],[14.75141,67.66019]],[[14.7641,67.6602],[14.76426,67.65857]],[[14.77782,67.66022],[14.77792,67.65851],[14.77716,67.65829],[14.76426,67.65857]],[[14.80253,67.66026],[14.7984,67.65883],[14.78837,67.65793],[14.78721,67.65897],[14.78956,67.66024]],[[14.80863,67.66026],[14.80929,67.65916],[14.81772,67.65768],[14.83277,67.65741],[14.83319,67.65564],[14.83504,67.65529],[14.84725,67.65587]],[[14.90179,67.66035],[14.89612,67.66027],[14.89106,67.65917],[14.88213,67.65839]],[[14.9233,67.66036],[14.91783,67.6589],[14.91347,67.65855],[14.91315,67.65885],[14.91527,67.65941],[14.91424,67.66035]],[[14.90954,67.66035],[14.91302,67.66062],[14.91424,67.66035]],[[14.90486,67.66069],[14.90813,67.66035]],[[14.75141,67.66019],[14.75336,67.66078],[14.75455,67.66019]],[[14.78327,67.66023],[14.7879,67.66085],[14.78956,67.66024]],[[14.77782,67.66022],[14.77969,67.66134],[14.78195,67.66023]],[[14.73492,67.66079],[14.73108,67.66047],[14.72967,67.66102],[14.73017,67.66142],[14.73203,67.66151],[14.73518,67.66126],[14.73492,67.66079]],[[14.72082,67.66014],[14.72256,67.66107],[14.72615,67.66155],[14.72683,67.66132],[14.72579,67.66014]],[[14.74702,67.66018],[14.74768,67.66138],[14.75588,67.66248],[14.75567,67.66176],[14.74903,67.66018]],[[14.93221,67.6635],[14.92819,67.66294],[14.92308,67.66068],[14.9233,67.66036]],[[14.76424,67.66054],[14.76511,67.66137],[14.77085,67.66293],[14.77327,67.66461],[14.77598,67.66489]],[[14.77842,67.66526],[14.77598,67.66489]],[[14.76419,67.66599],[14.76038,67.66583],[14.76418,67.66672]],[[14.76418,67.66688],[14.76418,67.66672]],[[14.74119,67.66577],[14.73854,67.6652],[14.73661,67.66587],[14.73988,67.66682],[14.74422,67.66709],[14.74119,67.66577]],[[14.76419,67.66599],[14.77035,67.6677],[14.77288,67.66712],[14.77552,67.66763],[14.7778,67.66705],[14.77842,67.66526]],[[14.76418,67.66688],[14.76185,67.66699],[14.75737,67.66625],[14.75612,67.66638],[14.7569,67.6672],[14.76416,67.66871]],[[14.76415,67.66954],[14.76416,67.66871]],[[14.72717,67.66846],[14.72613,67.66853],[14.7261,67.66908],[14.72923,67.67097],[14.7319,67.67137],[14.73191,67.67057],[14.73019,67.66999],[14.729,67.66883],[14.72717,67.66846]],[[14.74298,67.66881],[14.74761,67.66986],[14.74756,67.67025],[14.74296,67.66987],[14.73653,67.66854],[14.73549,67.66865],[14.74231,67.67198],[14.74181,67.67237],[14.73729,67.67306],[14.73679,67.67448],[14.73843,67.6753],[14.73694,67.67541]],[[14.93221,67.6635],[14.93481,67.66323],[14.93484,67.66249],[14.93654,67.66261],[14.95146,67.6663],[14.95393,67.66736],[14.95249,67.66785],[14.95261,67.66878],[14.95607,67.66988],[14.96117,67.67275],[14.96679,67.67332],[14.97019,67.67409],[14.97322,67.67597],[14.98397,67.67733],[14.98663,67.67856],[14.99179,67.67778],[14.99097,67.67694],[15,67.67792]],[[14.72544,67.68138],[14.72829,67.67954],[14.72524,67.67661],[14.72912,67.67424],[14.72686,67.67233],[14.72497,67.67214],[14.72451,67.67298],[14.72103,67.67188],[14.71768,67.67187],[14.71672,67.67334],[14.72106,67.67525],[14.71877,67.67536]],[[14.71877,67.67536],[14.71689,67.67548],[14.71811,67.67663],[14.71552,67.67709],[14.71536,67.6776],[14.72144,67.68139],[14.72298,67.68169],[14.72544,67.68138]],[[14.73694,67.67541],[14.7353,67.67492],[14.73512,67.67593],[14.73793,67.67818],[14.74042,67.67942],[14.74906,67.68193],[14.75113,67.68228],[14.75417,67.6818],[14.75791,67.68177],[14.76402,67.68267]],[[14.76402,67.68267],[14.76541,67.68293]],[[15.00722,67.67974],[15,67.67792]],[[14.74016,67.81524],[14.73919,67.81566],[14.73962,67.81684],[14.74331,67.81845],[14.74354,67.81693],[14.74016,67.81524]],[[14.88015,67.70518],[14.87637,67.7041],[14.85258,67.70025],[14.83279,67.69472],[14.8235,67.69486],[14.81506,67.69286],[14.81001,67.69241],[14.80769,67.69293],[14.79173,67.68938],[14.784,67.68915],[14.77805,67.68807],[14.77297,67.68672],[14.76784,67.6842],[14.7645,67.68386],[14.76593,67.68319],[14.76541,67.68293]],[[14.89472,67.71398],[14.89528,67.71196],[14.89299,67.70998],[14.88753,67.70746],[14.88189,67.70599]],[[14.74431,67.71411],[14.74217,67.71421],[14.7415,67.71488],[14.74383,67.7156],[14.74656,67.71546],[14.74431,67.71411]],[[14.81041,67.71509],[14.80806,67.71534],[14.80922,67.71642],[14.81217,67.71621],[14.81041,67.71509]],[[14.83557,67.71618],[14.83126,67.71608],[14.83096,67.71673],[14.83475,67.71679],[14.83593,67.71658],[14.83557,67.71618]],[[14.8566,67.71533],[14.85386,67.7151],[14.85284,67.71542],[14.85463,67.7168],[14.85704,67.71739],[14.85889,67.71649],[14.8566,67.71533]],[[14.77219,67.71714],[14.77084,67.71734],[14.77288,67.71895],[14.77614,67.71964],[14.7778,67.7195],[14.77219,67.71714]],[[14.82374,67.71974],[14.8188,67.71901],[14.81687,67.71738],[14.81488,67.7166],[14.80852,67.71718],[14.8065,67.71701],[14.8049,67.71603],[14.79943,67.71605],[14.79777,67.71644],[14.79725,67.71734],[14.80191,67.71842],[14.80439,67.7198],[14.80785,67.71969]],[[14.76366,67.71841],[14.76087,67.7176],[14.76027,67.71844],[14.76364,67.72045]],[[14.79135,67.71883],[14.78945,67.71887],[14.78897,67.71919],[14.79372,67.72069],[14.79363,67.72004],[14.79135,67.71883]],[[14.88182,67.72097],[14.88492,67.72019],[14.89117,67.71745],[14.89472,67.71398]],[[14.76364,67.72045],[14.76563,67.72086],[14.76801,67.72037],[14.76659,67.7188],[14.76366,67.71841]],[[14.84915,67.71998],[14.84574,67.72063],[14.84394,67.7201],[14.84403,67.71916],[14.8394,67.71867],[14.84075,67.71988],[14.84005,67.72027],[14.8384,67.72022],[14.83605,67.71902],[14.83163,67.71953],[14.832,67.72008],[14.83389,67.72066],[14.8324,67.72127],[14.82942,67.71964],[14.82374,67.71974]],[[14.88182,67.72097],[14.87549,67.72185],[14.8716,67.72084],[14.87045,67.72166],[14.86739,67.72172],[14.86222,67.71933],[14.85727,67.71895],[14.85555,67.71993],[14.84915,67.71998]],[[14.76363,67.72204],[14.7619,67.72205],[14.76135,67.72285],[14.76361,67.72358]],[[14.76361,67.72358],[14.76487,67.72324],[14.76363,67.72204]],[[14.74973,67.71612],[14.74846,67.71567],[14.74699,67.71573],[14.74411,67.71636],[14.74876,67.71921],[14.75555,67.72173],[14.75803,67.72337],[14.76002,67.72358],[14.75984,67.72214],[14.75718,67.72118],[14.75582,67.71873],[14.74973,67.71612]],[[14.74628,67.72282],[14.74076,67.72057],[14.7434,67.72321],[14.7455,67.72356],[14.74628,67.72282]],[[14.79092,67.72343],[14.78651,67.72312],[14.78594,67.72363],[14.78716,67.72507],[14.79339,67.725],[14.79092,67.72343]],[[14.76983,67.72155],[14.76662,67.72199],[14.76624,67.72269],[14.76919,67.72368],[14.77335,67.72618],[14.77584,67.72684],[14.77465,67.72466],[14.76983,67.72155]],[[14.73872,67.72666],[14.73779,67.72635],[14.73686,67.72655],[14.73697,67.72795],[14.73787,67.72902],[14.7399,67.72969],[14.74123,67.72912],[14.74092,67.72817],[14.73872,67.72666]],[[14.72988,67.72916],[14.72781,67.72906],[14.72525,67.72722],[14.72415,67.72721],[14.72541,67.72925],[14.73109,67.73135],[14.73171,67.73036],[14.72988,67.72916]],[[14.81122,67.77334],[14.80962,67.77341],[14.80978,67.7739],[14.81407,67.77624],[14.81406,67.77503],[14.81122,67.77334]],[[14.76356,67.72878],[14.7598,67.72623],[14.76002,67.72575],[14.75174,67.72466],[14.74946,67.72319],[14.74811,67.72323],[14.74735,67.72429],[14.75131,67.72533],[14.75268,67.72749],[14.76353,67.73182]],[[14.75234,67.731],[14.75256,67.73059],[14.75119,67.73],[14.74987,67.7309],[14.74503,67.72835],[14.74313,67.72805],[14.74314,67.72923],[14.74539,67.72951],[14.74627,67.73099],[14.7456,67.73147],[14.74913,67.73202],[14.75234,67.731]],[[14.76353,67.73182],[14.76508,67.73176],[14.76846,67.73319],[14.76642,67.73117],[14.76491,67.73094],[14.76356,67.72878]],[[14.74958,67.73504],[14.74755,67.7334],[14.74527,67.73304],[14.74306,67.73325],[14.74239,67.73393],[14.74341,67.73444],[14.74768,67.73492],[14.74779,67.73541],[14.74896,67.73568],[14.75043,67.73547],[14.74958,67.73504]],[[14.80785,67.71969],[14.80913,67.72005],[14.80813,67.72049],[14.80819,67.72151],[14.81322,67.72186],[14.81354,67.72214],[14.811,67.72276],[14.81176,67.72364],[14.81097,67.72386],[14.80822,67.72279],[14.80557,67.72294],[14.80829,67.7267],[14.8074,67.7269],[14.80594,67.72641],[14.80484,67.72684],[14.8047,67.7273],[14.80643,67.72792],[14.80433,67.72885],[14.80039,67.72819],[14.79828,67.72657],[14.79588,67.72562],[14.79406,67.72549],[14.7884,67.72615],[14.7894,67.72735],[14.79179,67.72824],[14.79058,67.72859],[14.78517,67.72579],[14.78376,67.72594],[14.78353,67.7269],[14.78242,67.72666],[14.78133,67.72543],[14.77949,67.72483],[14.77914,67.72386],[14.77763,67.72331],[14.77616,67.72392],[14.77741,67.7267],[14.77967,67.72703],[14.78489,67.72993],[14.78118,67.73065],[14.77807,67.73078],[14.77757,67.72912],[14.77594,67.72896],[14.77501,67.72749],[14.7702,67.7263],[14.76459,67.72632],[14.76488,67.72752],[14.76582,67.72834],[14.76808,67.72892],[14.77061,67.73198],[14.77942,67.73593],[14.78289,67.73629],[14.78589,67.73789],[14.79071,67.73889],[14.79483,67.73912],[14.79856,67.73917],[14.80386,67.73832],[14.81222,67.7392],[14.81295,67.73851],[14.81163,67.73786],[14.81207,67.73705],[14.81382,67.736],[14.81601,67.7355],[14.83231,67.73894],[14.84249,67.73955],[14.85479,67.73799],[14.85962,67.73837],[14.86872,67.73684],[14.87155,67.73706],[14.87175,67.73775],[14.87316,67.73814],[14.87475,67.73759],[14.87646,67.73759],[14.87772,67.73694],[14.88174,67.7372]],[[14.80041,67.74038],[14.79563,67.74032],[14.79534,67.7406],[14.7984,67.74141],[14.80197,67.74155],[14.80139,67.74057],[14.80041,67.74038]],[[14.96026,67.75007],[14.95327,67.74835],[14.94477,67.74795],[14.9325,67.74628],[14.92483,67.7444],[14.92168,67.74443],[14.91981,67.74301],[14.91389,67.74078],[14.90777,67.73918],[14.90099,67.73852],[14.89223,67.73525],[14.89086,67.73511],[14.8884,67.73646],[14.88568,67.73707],[14.88174,67.7372]],[[14.98301,67.75007],[14.97943,67.75007]],[[14.99502,67.75007],[14.99632,67.74903],[15,67.749]],[[15.00087,67.74858],[15,67.749]],[[14.98301,67.75007],[14.99139,67.75112],[14.99388,67.75076],[14.99502,67.75007]],[[14.84994,67.75808],[14.84829,67.75798],[14.84768,67.75875],[14.85193,67.75958],[14.85223,67.75923],[14.84994,67.75808]],[[15,67.76952],[14.99565,67.76863],[14.99496,67.76891],[14.99535,67.76956],[14.99135,67.7694],[14.99561,67.77057]],[[15.00461,67.77354],[15,67.77242]],[[14.97494,67.7687],[14.97363,67.768],[14.97108,67.76808],[14.97084,67.76756],[14.96927,67.7671],[14.96728,67.76782],[14.96749,67.76859],[14.9627,67.76718],[14.96201,67.76735],[14.96348,67.76865],[14.95998,67.76735],[14.95878,67.76713],[14.95769,67.76737],[14.95956,67.76918],[14.9624,67.76965],[14.97336,67.77024],[14.97502,67.76954],[14.97494,67.7687]],[[15,67.7736],[14.99723,67.773],[14.99786,67.77454],[15,67.77573]],[[14.75043,67.77006],[14.7479,67.77027],[14.74928,67.77148],[14.75233,67.7721],[14.75595,67.77194],[14.75288,67.77076],[14.75279,67.77031],[14.75043,67.77006]],[[14.99561,67.77057],[14.99818,67.77108],[14.99619,67.77114],[14.99677,67.77182],[15,67.77242]],[[14.76313,67.77095],[14.76081,67.7707],[14.76312,67.77254]],[[14.96053,67.77076],[14.95881,67.77069],[14.95805,67.77104],[14.96113,67.77251],[14.96433,67.77307],[14.96682,67.77277],[14.96249,67.77106],[14.96053,67.77076]],[[15,67.7736],[15.00093,67.77363]],[[14.7806,67.77274],[14.77917,67.7727],[14.77822,67.77318],[14.78037,67.77403],[14.78853,67.77471],[14.78618,67.77336],[14.7806,67.77274]],[[14.7631,67.77438],[14.75674,67.77336],[14.7561,67.77356],[14.76308,67.77631]],[[14.88154,67.77644],[14.87901,67.77613],[14.8782,67.77695],[14.88044,67.77809],[14.88153,67.77817]],[[14.80493,67.77373],[14.80268,67.77394],[14.80746,67.77644],[14.81116,67.77791],[14.8127,67.77801],[14.81167,67.77625],[14.80493,67.77373]],[[14.88154,67.77644],[14.88844,67.77758],[14.89929,67.7811],[14.89667,67.77928]],[[14.78973,67.77912],[14.78733,67.7792],[14.78955,67.78111],[14.79245,67.78061],[14.78973,67.77912]],[[14.91431,67.78058],[14.91747,67.78146],[14.91865,67.78086],[14.92293,67.78134]],[[14.78594,67.77496],[14.78183,67.77498],[14.78099,67.7754],[14.78618,67.77747],[14.79356,67.77859],[14.79595,67.77952],[14.79712,67.77894],[14.79412,67.7769],[14.78594,67.77496]],[[14.87187,67.78009],[14.86864,67.77787],[14.8653,67.77662],[14.85597,67.77562],[14.83788,67.77147],[14.83333,67.77136],[14.8307,67.77045],[14.82838,67.77022],[14.82768,67.77067],[14.82899,67.77133]],[[14.87187,67.78009],[14.873,67.77984],[14.8706,67.77843],[14.87115,67.77752],[14.88152,67.77962]],[[14.76312,67.77254],[14.77203,67.7756],[14.77456,67.77786],[14.78332,67.78004],[14.78553,67.77991],[14.78519,67.77917],[14.77891,67.77588],[14.777,67.77425],[14.77436,67.77351],[14.77283,67.77391],[14.76958,67.77195],[14.76313,67.77095]],[[14.84473,67.78019],[14.84153,67.78019],[14.83764,67.77922],[14.83478,67.77901],[14.82927,67.77656],[14.82379,67.77521],[14.8207,67.77252],[14.82084,67.77164],[14.82285,67.77053],[14.82457,67.77088],[14.82642,67.772],[14.83045,67.7728],[14.83095,67.77336],[14.83473,67.77373],[14.83174,67.77289],[14.82899,67.77133]],[[14.82705,67.77734],[14.81694,67.77385],[14.81767,67.77473],[14.82572,67.77856],[14.82821,67.78026],[14.83048,67.78041],[14.83117,67.77981],[14.83058,67.77906],[14.82705,67.77734]],[[14.91431,67.78058],[14.90505,67.7786],[14.89483,67.77772],[14.89667,67.77928]],[[14.94632,67.78439],[14.94356,67.78362],[14.93439,67.78222],[14.92851,67.7816],[14.92889,67.78258],[14.92293,67.78134]],[[14.7793,67.79477],[14.77875,67.79454],[14.77797,67.79477]],[[14.84473,67.78019],[14.84538,67.78109],[14.8473,67.78179],[14.85895,67.78394],[14.86628,67.78488]],[[14.8462,67.78459],[14.84837,67.78499],[14.84968,67.78466],[14.84791,67.78389],[14.84754,67.78306],[14.84565,67.78268],[14.84457,67.78326],[14.84004,67.78092],[14.83778,67.78079],[14.83822,67.78147],[14.8412,67.78214],[14.84295,67.78425],[14.8454,67.78504],[14.8462,67.78459]],[[14.8416,67.78527],[14.83789,67.78225],[14.83474,67.78174],[14.83382,67.78215],[14.8309,67.78167],[14.82959,67.78189],[14.83295,67.7854],[14.83608,67.78524],[14.8409,67.78569],[14.8416,67.78527]],[[14.94632,67.78439],[14.95494,67.7864]],[[14.90495,67.78687],[14.9031,67.78699],[14.90358,67.78676],[14.88923,67.78176],[14.8864,67.77954],[14.88153,67.77817]],[[14.88152,67.77962],[14.88545,67.78057],[14.88617,67.78149],[14.8919,67.78359],[14.89314,67.78477],[14.89268,67.78627],[14.89641,67.78668],[14.89783,67.78575],[14.89924,67.78631],[14.89881,67.78712],[14.90456,67.78734]],[[14.96441,67.788],[14.95494,67.7864]],[[14.98829,67.78842],[14.98897,67.78824]],[[14.98083,67.78907],[14.97603,67.78787],[14.96865,67.78711],[14.9662,67.7857],[14.96179,67.78509],[14.96085,67.78462],[14.96937,67.78539],[14.97368,67.78671],[14.97694,67.78648],[14.98517,67.78753],[14.98829,67.78842]],[[15,67.78932],[15,67.78962]],[[14.96441,67.788],[14.97069,67.78857],[14.9759,67.78968],[14.97868,67.78921]],[[15.00261,67.7766],[15,67.77573]],[[14.98897,67.78824],[14.98901,67.78772],[14.99188,67.78796],[14.99818,67.78938],[15,67.79025]],[[15,67.79025],[15.00205,67.79028]],[[15.00205,67.79028],[15,67.78962]],[[15.00438,67.78968],[15,67.78932]],[[14.77252,67.79476],[14.77086,67.79391],[14.76864,67.79427],[14.76826,67.79476]],[[14.83918,67.79484],[14.83482,67.79187],[14.83897,67.7912],[14.84194,67.79138],[14.84276,67.79111],[14.83583,67.78944],[14.83578,67.78883],[14.84151,67.78924],[14.84633,67.79077],[14.84998,67.79066],[14.85418,67.79108],[14.85461,67.79084],[14.85344,67.79034],[14.84525,67.78841],[14.84835,67.78808],[14.85381,67.7888],[14.85903,67.78869],[14.86417,67.78911],[14.87386,67.79107],[14.87262,67.78955],[14.8685,67.78858],[14.86774,67.78785],[14.86439,67.78725],[14.86758,67.78685],[14.87267,67.78717],[14.87491,67.78686],[14.87515,67.78639],[14.86628,67.78488]],[[14.76289,67.79532],[14.76047,67.79598],[14.76286,67.79824]],[[14.82805,67.79483],[14.82953,67.79565],[14.83033,67.79552]],[[14.82425,67.79483],[14.82486,67.79583],[14.8292,67.79645],[14.831,67.79614]],[[14.7793,67.79477],[14.78007,67.79567],[14.78096,67.79509],[14.78411,67.79533],[14.78756,67.79642],[14.78689,67.79478]],[[14.7916,67.79479],[14.79837,67.79662],[14.79712,67.79479]],[[14.76826,67.79476],[14.77259,67.79859],[14.77748,67.79924],[14.77796,67.79896],[14.77671,67.79761],[14.77252,67.79476]],[[14.83232,67.79762],[14.83057,67.79761],[14.82937,67.79811],[14.83325,67.79989],[14.83536,67.79913],[14.83232,67.79762]],[[14.76872,67.79682],[14.76737,67.79664],[14.76871,67.79969],[14.77189,67.80042],[14.77195,67.79908],[14.76872,67.79682]],[[14.76285,67.79915],[14.75843,67.79821],[14.75683,67.79911],[14.76282,67.80192]],[[14.76285,67.79915],[14.76494,67.79956],[14.76737,67.8024],[14.76813,67.80225],[14.76773,67.80094],[14.76978,67.80091]],[[14.84901,67.80313],[14.84541,67.80269],[14.84312,67.80066],[14.83905,67.79895],[14.83758,67.79781],[14.83675,67.79623],[14.84495,67.79726],[14.84104,67.79598],[14.83918,67.79484]],[[14.77139,67.8174],[14.76946,67.81746],[14.7688,67.81852],[14.77276,67.8205],[14.77322,67.81914],[14.77139,67.8174]],[[14.76705,67.8185],[14.76564,67.81844],[14.7657,67.81891],[14.7686,67.82065],[14.76705,67.8185]],[[14.73684,67.82403],[14.73518,67.82395],[14.73486,67.82445],[14.73625,67.82587],[14.73937,67.82663],[14.73684,67.82403]],[[14.76978,67.80091],[14.7715,67.80254],[14.77408,67.8017],[14.77788,67.80386],[14.77823,67.80327],[14.77334,67.80029],[14.77466,67.79961],[14.77915,67.80002],[14.78264,67.80224],[14.78367,67.80266],[14.78516,67.80263],[14.78278,67.80087],[14.78581,67.80054],[14.78176,67.7985],[14.78039,67.79893],[14.77947,67.7986],[14.77717,67.79629],[14.77797,67.79477]],[[14.80089,67.7948],[14.8079,67.79675],[14.81477,67.79804],[14.8264,67.80271],[14.83574,67.80523]],[[14.83574,67.80523],[14.84075,67.80609],[14.8437,67.80522],[14.84597,67.80382]],[[14.75028,67.80435],[14.74823,67.80429],[14.74721,67.80498],[14.75079,67.80658],[14.75194,67.80587],[14.75028,67.80435]],[[14.7678,67.80512],[14.7664,67.80482],[14.76574,67.80519],[14.76832,67.8064],[14.77188,67.80696],[14.7678,67.80512]],[[14.76273,67.81108],[14.76492,67.81146],[14.76274,67.8099]],[[14.76278,67.80534],[14.75709,67.80429],[14.75894,67.80678],[14.76275,67.8086]],[[14.74944,67.80947],[14.74711,67.80762],[14.7445,67.80698],[14.74356,67.8071],[14.74366,67.80805],[14.74551,67.80886],[14.74756,67.80947],[14.74944,67.80947]],[[14.76278,67.80534],[14.7679,67.80742],[14.77424,67.80787],[14.78299,67.81012]],[[14.78299,67.81012],[14.78715,67.81074],[14.78518,67.80967],[14.78298,67.80948]],[[14.76274,67.8099],[14.76027,67.80864],[14.75829,67.80864],[14.75918,67.80979],[14.76273,67.81108]],[[14.73791,67.80835],[14.73648,67.80844],[14.73726,67.80911],[14.74123,67.8107],[14.74353,67.81101],[14.74069,67.80928],[14.73791,67.80835]],[[14.77009,67.81256],[14.76714,67.81175],[14.76275,67.8086]],[[14.75242,67.80835],[14.75184,67.80884],[14.75298,67.80955],[14.75219,67.81055],[14.75592,67.81141],[14.75842,67.81372],[14.76167,67.81461],[14.76231,67.81429],[14.76185,67.81281],[14.7595,67.81117],[14.75242,67.80835]],[[14.72964,67.81451],[14.72794,67.81425],[14.72761,67.81546],[14.73209,67.81672],[14.72964,67.81451]],[[14.74346,67.81273],[14.74146,67.8126],[14.74079,67.81308],[14.74265,67.81501],[14.74457,67.81586],[14.74886,67.81676],[14.75004,67.81666],[14.75126,67.81572],[14.74915,67.81407],[14.74346,67.81273]],[[14.77009,67.81256],[14.77313,67.81416],[14.77705,67.81498],[14.77773,67.81575],[14.77531,67.81561],[14.7751,67.81597],[14.77987,67.81758]],[[14.76449,67.81498],[14.76273,67.81457],[14.7675,67.81775],[14.76785,67.81714],[14.76449,67.81498]],[[14.7723,67.82251],[14.77076,67.8226],[14.7714,67.82314],[14.77561,67.82425],[14.7723,67.82251]],[[14.77738,67.83962],[14.77743,67.83881],[14.77063,67.83714],[14.77294,67.83862],[14.77636,67.83962]],[[14.76263,67.82057],[14.75823,67.81816],[14.75652,67.81773],[14.75167,67.81756],[14.74914,67.81787],[14.75,67.82046],[14.75282,67.82248],[14.75964,67.82352],[14.76259,67.82479]],[[14.76259,67.82479],[14.76725,67.82564],[14.77088,67.82456],[14.76827,67.82252],[14.76581,67.82273],[14.76263,67.82057]],[[14.78872,67.82604],[14.77974,67.82466],[14.77749,67.82386],[14.77428,67.8217],[14.77439,67.82107],[14.77662,67.81993],[14.77808,67.82098],[14.78083,67.82106],[14.77959,67.81932],[14.782,67.81858],[14.78197,67.81802],[14.77987,67.81758]],[[14.76257,67.8261],[14.75637,67.82466],[14.7553,67.82489],[14.75484,67.82554],[14.75647,67.8271],[14.76089,67.8271],[14.76107,67.82759],[14.76255,67.82799]],[[14.76255,67.82799],[14.76594,67.82841],[14.76817,67.82778],[14.76257,67.8261]],[[14.73167,67.82504],[14.73046,67.825],[14.72974,67.82553],[14.73108,67.82677],[14.73443,67.82842],[14.73718,67.82862],[14.7364,67.8276],[14.73167,67.82504]],[[14.72295,67.8287],[14.71878,67.82521],[14.71625,67.82466],[14.71526,67.82332],[14.70416,67.82044],[14.70034,67.81864],[14.69825,67.8184],[14.69484,67.81862],[14.69597,67.82002],[14.69849,67.82026],[14.70067,67.82173],[14.70069,67.82225],[14.69901,67.82169],[14.69821,67.82184],[14.69874,67.82298],[14.70113,67.82465],[14.7096,67.82761],[14.71168,67.82886],[14.71295,67.82879]],[[14.76255,67.82851],[14.76009,67.82849],[14.75909,67.82901],[14.76253,67.83033]],[[14.76253,67.83033],[14.76524,67.83084],[14.76836,67.8296],[14.76715,67.82865],[14.76255,67.82851]],[[14.80508,67.83965],[14.80532,67.83889],[14.80863,67.8386],[14.8071,67.83553],[14.80952,67.83455]],[[14.78872,67.82604],[14.78857,67.82631],[14.78607,67.82648],[14.78324,67.82799],[14.77981,67.82819],[14.77566,67.82791],[14.77125,67.82851],[14.77146,67.82968],[14.77587,67.83026],[14.77745,67.83253]],[[14.72793,67.83328],[14.72375,67.8316],[14.72516,67.8308],[14.72295,67.8287]],[[14.79042,67.83353],[14.79345,67.83267],[14.79342,67.83197],[14.7981,67.83201]],[[14.71295,67.82879],[14.71734,67.82982],[14.72201,67.83189],[14.72722,67.83345]],[[14.72922,67.82883],[14.72921,67.82957],[14.73218,67.83108],[14.73827,67.83395],[14.74025,67.83406],[14.73494,67.83045],[14.72922,67.82883]],[[14.80952,67.83455],[14.80864,67.83348],[14.7981,67.83201]],[[14.79042,67.83353],[14.78927,67.8346],[14.78759,67.83511],[14.78206,67.83433],[14.77745,67.83253]],[[14.72722,67.83345],[14.72876,67.83432],[14.7342,67.83575],[14.72793,67.83328]],[[14.76933,67.83372],[14.76743,67.83373],[14.77374,67.83598],[14.77825,67.83604],[14.77828,67.83566],[14.772,67.83387],[14.76933,67.83372]],[[14.88126,67.83047],[14.8851,67.83084],[14.88953,67.83188],[14.8955,67.83402],[14.89695,67.83536],[14.89693,67.83667]],[[14.73087,67.83118],[14.72875,67.83111],[14.73334,67.8339],[14.74271,67.83803],[14.74159,67.83651],[14.73672,67.83471],[14.73702,67.83417],[14.73087,67.83118]],[[14.76244,67.83953],[14.76562,67.83894],[14.77228,67.83931],[14.76725,67.83638],[14.76248,67.83504]],[[14.76248,67.83504],[14.75871,67.83389],[14.75151,67.83255],[14.74278,67.83008],[14.73854,67.82938],[14.7385,67.83082],[14.73945,67.83167],[14.75074,67.83715],[14.76244,67.83953]],[[14.75094,67.83958],[14.74935,67.83894],[14.74809,67.83912],[14.74812,67.83957]],[[14.85246,67.8397],[14.86686,67.83477],[14.87295,67.83182],[14.87745,67.83059],[14.88126,67.83047]],[[14.88993,67.83973],[14.89693,67.83667]],[[14.88993,67.83973],[14.888,67.84044]],[[14.80508,67.83965],[14.80538,67.84022],[14.80276,67.84064]],[[14.77485,67.83996],[14.77394,67.83978],[14.77256,67.84023],[14.77284,67.84076],[14.77496,67.84145],[14.77759,67.8413],[14.77485,67.83996]],[[14.87608,67.88457],[14.88098,67.88599]],[[14.84065,67.84241],[14.85246,67.8397]],[[14.83743,67.84313],[14.84065,67.84241]],[[14.74812,67.83957],[14.75079,67.84121],[14.75612,67.84338],[14.75717,67.84342],[14.75823,67.84279],[14.75759,67.84221],[14.75389,67.84033],[14.75094,67.83958]],[[14.7624,67.84349],[14.75851,67.84295],[14.75915,67.84407],[14.76238,67.84525]],[[14.82207,67.84644],[14.82845,67.84556],[14.83743,67.84313]],[[14.76238,67.84525],[14.76857,67.84691],[14.77098,67.84657],[14.76856,67.84529],[14.7624,67.84349]],[[14.80276,67.84064],[14.79912,67.8402],[14.79872,67.84159],[14.79966,67.84178],[14.80111,67.84149],[14.81066,67.84409],[14.81425,67.8466],[14.81417,67.84744],[14.81664,67.84746],[14.82207,67.84644]],[[14.78233,67.84624],[14.78101,67.84642],[14.78221,67.84747],[14.79228,67.84955],[14.79224,67.84906],[14.78233,67.84624]],[[14.82163,67.90817],[14.81894,67.90656],[14.8197,67.90762]],[[14.71602,67.84324],[14.71485,67.8428],[14.7128,67.84315],[14.71381,67.84398],[14.71575,67.84436],[14.71638,67.84555],[14.71934,67.84695],[14.72591,67.84919],[14.73172,67.85058],[14.73432,67.85083],[14.73086,67.849],[14.72463,67.84691],[14.72164,67.84524],[14.71602,67.84324]],[[14.888,67.84044],[14.88459,67.84127],[14.88382,67.84184],[14.88429,67.84251],[14.88653,67.84311],[14.90154,67.84583],[14.91071,67.8468],[14.92913,67.84983],[14.93779,67.85167],[14.94321,67.85335],[14.94603,67.85346],[14.9517,67.85274]],[[14.9517,67.85274],[14.95909,67.85255],[14.96486,67.85281],[14.97335,67.85415],[14.9831,67.85407],[14.99,67.85496],[15,67.85465]],[[14.92402,67.8608],[14.91645,67.85974],[14.91262,67.85978],[14.90977,67.85932],[14.90892,67.86063],[14.90394,67.8603],[14.89734,67.85905],[14.88112,67.85866]],[[14.88112,67.85866],[14.86916,67.85798],[14.8611,67.85704],[14.84777,67.85682],[14.84704,67.85728],[14.84967,67.85775],[14.84963,67.85805],[14.84749,67.85817],[14.84473,67.85757],[14.84235,67.85779],[14.84545,67.85943],[14.83929,67.85875],[14.8394,67.85908],[14.84321,67.85993],[14.84264,67.86048],[14.84513,67.86098],[14.84447,67.86135],[14.841,67.86065],[14.83822,67.86081],[14.8318,67.85935],[14.82939,67.85924],[14.82867,67.86021],[14.83321,67.86083],[14.84221,67.86344],[14.84785,67.86353],[14.86552,67.8668],[14.86835,67.86688]],[[14.88984,67.87376],[14.88838,67.87356],[14.88773,67.87388],[14.88357,67.87317],[14.88277,67.87271],[14.88352,67.87189],[14.89182,67.8721],[14.898,67.87269]],[[14.88098,67.88599],[14.88294,67.8861],[14.88214,67.88502],[14.88294,67.88457]],[[14.89764,67.93908],[14.89626,67.93864],[14.90116,67.94196],[14.90414,67.94288],[14.90415,67.94136],[14.89976,67.93946],[14.89764,67.93908]],[[15,67.85465],[15.00551,67.85445]],[[14.88101,67.8797],[14.8847,67.88088],[14.88817,67.8814],[14.88679,67.88189],[14.88732,67.88323]],[[14.92402,67.8608],[14.93057,67.86172],[14.93602,67.86318],[14.9395,67.86328],[14.94951,67.86467],[14.95776,67.86463],[14.96167,67.86576],[14.96317,67.86767],[14.96435,67.86793],[14.96658,67.86791],[14.9643,67.86721],[14.96517,67.86552],[14.96847,67.86505],[14.96928,67.86424],[14.97174,67.8636],[14.97566,67.86321],[14.99384,67.86545],[15,67.86666]],[[14.86835,67.86688],[14.87912,67.86772],[14.88107,67.86822]],[[14.89821,67.87178],[14.8939,67.87107],[14.89356,67.87041],[14.89602,67.87072],[14.89665,67.87045],[14.89264,67.86974],[14.89125,67.86923],[14.89131,67.86861],[14.88584,67.86879],[14.88107,67.86822]],[[15,67.91944],[14.99773,67.91886],[14.99707,67.91941],[14.99517,67.91938],[14.97932,67.91674],[14.976,67.91667]],[[14.87892,67.87632],[14.87955,67.87533],[14.87773,67.87461],[14.87865,67.87445],[14.88104,67.8751]],[[14.96193,67.92946],[14.96355,67.92946]],[[14.87892,67.87632],[14.87144,67.8756],[14.87076,67.87589],[14.88101,67.8797]],[[14.87608,67.88457],[14.86213,67.88027],[14.85359,67.87886],[14.84915,67.8777],[14.84779,67.87716],[14.84597,67.87512],[14.86963,67.8805],[14.87239,67.88075],[14.87758,67.88218],[14.881,67.88265]],[[14.89103,67.88458],[14.889,67.88425],[14.88699,67.88453],[14.88385,67.88428],[14.88294,67.88457]],[[14.93823,67.92945],[14.94375,67.92998],[14.9466,67.92945]],[[14.89923,67.88682],[14.90303,67.88728],[14.90518,67.88717],[14.9077,67.88768],[14.91643,67.89109],[14.92462,67.89089],[14.93061,67.89242],[14.94199,67.89341],[14.95571,67.89746],[14.97726,67.90182],[14.99221,67.90358],[15,67.90558]],[[14.83148,67.90494],[14.82721,67.9041],[14.83052,67.90609],[14.83207,67.90549],[14.83148,67.90494]],[[14.86745,67.90768],[14.86342,67.90624],[14.86613,67.90581],[14.86291,67.90326],[14.86004,67.9022],[14.85809,67.9021],[14.85772,67.90294],[14.85877,67.90423],[14.86144,67.90572],[14.8588,67.90661],[14.8596,67.90759],[14.86701,67.90793],[14.86745,67.90768]],[[15,67.90558],[15.00451,67.9062]],[[14.88089,67.90396],[14.87807,67.90412],[14.87491,67.90348],[14.87443,67.9045],[14.87796,67.9059],[14.87652,67.90636],[14.87721,67.90725],[14.88087,67.90861]],[[14.84794,67.90903],[14.84579,67.90748],[14.84393,67.90772],[14.84398,67.9084],[14.84521,67.90898],[14.84762,67.90926],[14.84794,67.90903]],[[14.8197,67.90762],[14.82296,67.9103],[14.82163,67.90817]],[[14.83489,67.90694],[14.83291,67.90617],[14.83164,67.9067],[14.83248,67.9086],[14.83372,67.90948],[14.83809,67.9109],[14.83699,67.90843],[14.83489,67.90694]],[[14.82602,67.91077],[14.82558,67.90882],[14.82017,67.90607],[14.81929,67.90496],[14.81614,67.90409],[14.81653,67.90516],[14.81577,67.90529],[14.80993,67.90186],[14.80449,67.90002],[14.80276,67.89998],[14.80375,67.90334],[14.80831,67.90707],[14.81555,67.91106],[14.81894,67.91111]],[[14.81894,67.91111],[14.82007,67.9115]],[[14.80225,67.90943],[14.80112,67.90922],[14.79871,67.90968],[14.80343,67.91188],[14.80635,67.91235],[14.8048,67.91068],[14.80225,67.90943]],[[14.88087,67.90861],[14.89363,67.9136],[14.89603,67.91376],[14.895,67.911],[14.89374,67.90993],[14.88987,67.90791],[14.88538,67.90709],[14.88089,67.90396]],[[14.80535,67.90812],[14.80386,67.90805],[14.80386,67.90889],[14.81011,67.91305],[14.81488,67.91378],[14.81456,67.91265],[14.81181,67.91173],[14.80535,67.90812]],[[14.90051,67.912],[14.89757,67.91197],[14.89836,67.91326],[14.90464,67.91496],[14.90051,67.912]],[[14.84497,67.9106],[14.84094,67.91036],[14.84355,67.91301],[14.84904,67.91516],[14.85232,67.91576],[14.85424,67.91543],[14.84891,67.91295],[14.84707,67.91101],[14.84497,67.9106]],[[14.83713,67.91414],[14.83624,67.91434],[14.83632,67.91565],[14.83807,67.91636],[14.83937,67.91532],[14.83713,67.91414]],[[14.9357,67.91291],[14.92406,67.90919],[14.92176,67.91025],[14.92067,67.91019],[14.91943,67.90908],[14.91555,67.90766],[14.91246,67.90736],[14.91428,67.90874],[14.92113,67.91095],[14.93172,67.91559],[14.93522,67.91663]],[[14.82007,67.9115],[14.82028,67.91224],[14.82554,67.91584],[14.82786,67.91567],[14.8297,67.91685],[14.83124,67.91697],[14.83222,67.91676],[14.83233,67.91606],[14.82655,67.91222]],[[14.88086,67.91055],[14.87777,67.90976],[14.86984,67.9059],[14.86848,67.90679],[14.86887,67.90804],[14.86761,67.90815],[14.86745,67.90875],[14.86593,67.90915],[14.86335,67.90852],[14.8616,67.9094],[14.86492,67.9128],[14.86691,67.91386],[14.87416,67.91634],[14.88082,67.91715]],[[14.96295,67.91735],[14.96165,67.91609],[14.95801,67.91532],[14.96099,67.91696],[14.96295,67.91735]],[[14.9369,67.93101],[14.93486,67.93128],[14.93441,67.93189],[14.93636,67.93293],[14.93908,67.93354],[14.93845,67.93162],[14.9369,67.93101]],[[14.88082,67.91715],[14.88836,67.91877],[14.88925,67.91847],[14.88912,67.91669],[14.89154,67.91613],[14.88924,67.91354],[14.88086,67.91055]],[[15,67.91944],[15.01133,67.92021]],[[14.97221,67.922],[14.97379,67.92303],[14.97484,67.92296],[14.97538,67.9221],[14.97454,67.92098],[14.96626,67.91886],[14.96312,67.9174],[14.96663,67.91791],[14.97851,67.92121],[14.98203,67.92163],[14.98342,67.92133],[14.97511,67.9191],[14.97439,67.91807],[14.97288,67.91748],[14.97138,67.91718],[14.97099,67.91767],[14.96423,67.91465],[14.96514,67.91439],[14.97128,67.91546],[14.97291,67.91629],[14.976,67.91667]],[[14.91305,67.91889],[14.91102,67.91887],[14.91063,67.91919],[14.91388,67.92013],[14.9143,67.92149],[14.917,67.92275],[14.92507,67.92423],[14.92602,67.9241],[14.92479,67.92282],[14.91305,67.91889]],[[14.93522,67.91663],[14.94299,67.91937],[14.94518,67.92145],[14.95138,67.92221],[14.95808,67.92444],[14.95697,67.92289],[14.94174,67.91614],[14.9357,67.91291]],[[14.95193,67.92321],[14.94926,67.92309],[14.95015,67.92374],[14.95351,67.92469],[14.95463,67.92424],[14.95193,67.92321]],[[14.78777,67.92658],[14.7889,67.92541],[14.78681,67.92341],[14.78421,67.92219],[14.78149,67.92168],[14.78007,67.92186],[14.76833,67.91873],[14.76521,67.91897],[14.76457,67.9207],[14.76258,67.92019],[14.76296,67.92146],[14.76543,67.92376],[14.76977,67.92406],[14.77225,67.92481],[14.7771,67.92551],[14.77871,67.92646],[14.78405,67.9264],[14.78655,67.92697],[14.78777,67.92658]],[[14.95485,67.92589],[14.95347,67.92595],[14.95457,67.92642],[14.95416,67.92738],[14.95857,67.92843],[14.9582,67.92717],[14.95485,67.92589]],[[14.9466,67.92945],[14.94812,67.929],[14.94709,67.92833],[14.94301,67.92742],[14.93854,67.92511],[14.93623,67.92512],[14.93988,67.92706],[14.93952,67.92729],[14.93365,67.92423],[14.93118,67.92391],[14.93072,67.9245],[14.93239,67.92507],[14.93083,67.92557],[14.93074,67.92608],[14.93823,67.92945]],[[14.96355,67.92946],[14.96372,67.92857],[14.96218,67.9274],[14.95989,67.92685],[14.96075,67.92911],[14.96193,67.92946]],[[14.97131,67.92946],[14.96412,67.92667],[14.96481,67.9265],[14.96933,67.9277],[14.97188,67.927],[14.9708,67.92614],[14.96678,67.92478],[14.96705,67.92425],[14.96911,67.92398],[14.96716,67.92307],[14.9664,67.92171],[14.96715,67.92149],[14.97221,67.922]],[[14.922,67.93248],[14.92017,67.93248],[14.91965,67.93182],[14.91731,67.93165],[14.91698,67.93233],[14.91889,67.93392],[14.92221,67.9338],[14.92306,67.93346],[14.922,67.93248]],[[14.88765,67.93026],[14.88644,67.93027],[14.88598,67.93064],[14.88763,67.93094],[14.88817,67.93165],[14.89159,67.9332],[14.89156,67.93376],[14.89401,67.9344],[14.89602,67.93418],[14.8956,67.9334],[14.89306,67.93265],[14.89185,67.93141],[14.88765,67.93026]],[[14.94764,67.93297],[14.94579,67.93263],[14.94348,67.93098],[14.94052,67.93115],[14.94102,67.93383],[14.94518,67.93451]],[[14.96552,67.9322],[14.96362,67.93146],[14.96251,67.93216],[14.95693,67.93065],[14.96026,67.93312],[14.96388,67.93483],[14.96627,67.93534],[14.96749,67.93494],[14.96552,67.9322]],[[14.91486,67.93366],[14.91717,67.93341],[14.91473,67.9317],[14.90865,67.9304],[14.90451,67.93012],[14.90389,67.93079],[14.90531,67.93172],[14.9069,67.93504],[14.90821,67.93604],[14.91026,67.93607],[14.91486,67.93366]],[[14.97131,67.92946],[14.97559,67.93121],[14.9736,67.93584],[14.97196,67.93671]],[[14.868,67.93278],[14.86708,67.93298],[14.86921,67.93379],[14.8695,67.93448],[14.87196,67.93521],[14.87459,67.93693],[14.87578,67.93685],[14.87567,67.93575],[14.87219,67.93443],[14.87174,67.93351],[14.868,67.93278]],[[14.94518,67.93451],[14.94407,67.93501],[14.945,67.93559],[14.94892,67.93564],[14.95138,67.93731],[14.95661,67.93823],[14.95736,67.93578],[14.95481,67.93354],[14.95372,67.93311],[14.95046,67.93296],[14.9485,67.9319],[14.94764,67.93297]],[[14.8607,67.93288],[14.86031,67.93311],[14.86322,67.93406],[14.86305,67.93596],[14.87284,67.94034],[14.87388,67.94044],[14.87339,67.93805],[14.87119,67.93637],[14.86266,67.93319],[14.8607,67.93288]],[[14.88065,67.9507],[14.87802,67.9503],[14.87745,67.95083],[14.87803,67.95161],[14.88064,67.95208]],[[14.86742,67.93866],[14.86383,67.93772],[14.86277,67.93827],[14.86712,67.94046],[14.87356,67.94209],[14.87371,67.94115],[14.86742,67.93866]],[[14.91972,67.9406],[14.91805,67.94105],[14.91784,67.94159],[14.9223,67.94285],[14.92248,67.94212],[14.91972,67.9406]],[[14.85932,67.94063],[14.85561,67.9397],[14.85547,67.93898],[14.85365,67.9385],[14.84969,67.93863],[14.84638,67.93786],[14.84717,67.93892],[14.85065,67.93971],[14.85194,67.94042],[14.85471,67.94054],[14.85836,67.94255],[14.86061,67.94314],[14.86109,67.94183],[14.85932,67.94063]],[[14.8682,67.94156],[14.86626,67.94169],[14.86655,67.94314],[14.87223,67.94439],[14.87385,67.94434],[14.87343,67.94275],[14.8682,67.94156]],[[14.8827,67.94125],[14.88109,67.94118],[14.88094,67.94163],[14.88437,67.94399],[14.88431,67.9453],[14.88692,67.94567],[14.8886,67.94513],[14.8881,67.94399],[14.88886,67.94309],[14.88768,67.94239],[14.8827,67.94125]],[[14.90075,67.94336],[14.89953,67.94352],[14.90031,67.94459],[14.90366,67.94671],[14.90619,67.94717],[14.90684,67.94661],[14.90483,67.94616],[14.90075,67.94336]],[[14.88066,67.94831],[14.87916,67.94838],[14.87993,67.94766],[14.87926,67.94704],[14.87485,67.94623],[14.87192,67.94512],[14.86954,67.9453],[14.86933,67.94657],[14.8708,67.9483],[14.87783,67.94844],[14.87782,67.94937],[14.88065,67.95008]],[[14.92765,67.94906],[14.92597,67.94779],[14.92949,67.9472],[14.92777,67.94482],[14.92624,67.94459],[14.92557,67.9453],[14.92359,67.94555],[14.91572,67.9453],[14.91685,67.9463],[14.91965,67.94672],[14.91828,67.94716],[14.91838,67.9478],[14.92169,67.94882],[14.92066,67.94918],[14.92284,67.95044],[14.92758,67.95073],[14.92765,67.94906]],[[14.88065,67.95008],[14.88549,67.95111],[14.88652,67.95095],[14.8867,67.95005],[14.88509,67.94903],[14.88228,67.94811],[14.88066,67.94831]],[[14.87092,67.95066],[14.86101,67.94629],[14.85752,67.94588],[14.8594,67.9474],[14.86409,67.94912],[14.8666,67.95066],[14.86797,67.95061],[14.87022,67.95134],[14.87092,67.95066]],[[14.88064,67.95208],[14.8844,67.95237],[14.88419,67.95163],[14.88065,67.9507]],[[14.98335,67.95329],[14.97804,67.95503],[14.97371,67.9559],[14.97187,67.95474],[14.97023,67.9544],[14.96082,67.95398],[14.9557,67.95217],[14.95108,67.94972],[14.95039,67.94879],[14.95113,67.94773],[14.96384,67.94015]],[[14.93385,67.9544],[14.93176,67.95436],[14.93217,67.95526],[14.93569,67.95599],[14.93553,67.95539],[14.93361,67.95515],[14.93385,67.9544]],[[14.98335,67.95329],[14.98632,67.95327],[14.98897,67.95431],[14.98385,67.95515],[14.98269,67.95583],[14.98413,67.95782],[14.97964,67.95793],[14.97887,67.959],[14.97712,67.95923],[14.97907,67.96067]],[[14.91016,67.95928],[14.90875,67.95935],[14.9089,67.9597],[14.91286,67.96066],[14.91622,67.96091],[14.91486,67.96012],[14.91016,67.95928]],[[14.95297,67.96255],[14.95061,67.96204],[14.94982,67.9624],[14.95179,67.9646],[14.95611,67.96393],[14.95297,67.96255]],[[14.97839,67.96675],[14.98385,67.96545],[14.98473,67.96495],[14.98457,67.96406],[14.98814,67.96503],[14.98885,67.96488],[14.98863,67.96408],[14.98081,67.96222],[14.97907,67.96067]],[[14.93296,67.96835],[14.93097,67.96827],[14.93019,67.96885],[14.93457,67.97017],[14.93585,67.96963],[14.93296,67.96835]],[[14.96364,67.96777],[14.96079,67.96604],[14.95712,67.96466],[14.9556,67.96521],[14.95447,67.96649],[14.95239,67.96646],[14.95461,67.96749],[14.9556,67.96678],[14.95742,67.96706],[14.95623,67.96785],[14.95673,67.96832],[14.9625,67.9702],[14.96665,67.96922],[14.96364,67.96777]],[[15,67.97134],[15.00256,67.97049]],[[14.97839,67.96675],[14.97155,67.96575],[14.96763,67.9645],[14.96199,67.96406],[14.96271,67.96482],[14.96508,67.96519],[14.96627,67.96592],[14.96571,67.96615],[14.96423,67.96566],[14.96269,67.96576],[14.96378,67.96687],[14.96498,67.96715],[14.96721,67.96668],[14.96861,67.968],[14.9688,67.97074],[14.96622,67.97025],[14.96466,67.97057],[14.96577,67.97123],[14.96832,67.97177],[14.97002,67.97141],[14.97225,67.97214],[14.97619,67.97255],[14.98112,67.974],[14.98251,67.97379],[14.98252,67.97321],[14.98333,67.97326]],[[14.98509,67.97431],[14.98333,67.97326]],[[14.98509,67.97431],[14.98582,67.97481],[14.98723,67.97468],[14.98954,67.97518],[14.99076,67.97486],[14.99514,67.97488],[14.99668,67.97431]],[[14.01972,67.03275],[14.02419,67.03554],[14.02749,67.0363],[14.02814,67.03793]],[[14.55412,67.23487],[14.55779,67.23549],[14.55883,67.23658],[14.56554,67.23652],[14.56959,67.23694]],[[14.16406,67.00046],[14.16915,67.00168],[14.16944,67.00119],[14.16568,66.99931]],[[14.14055,67.0006],[14.13957,66.99912]],[[14.14839,66.99847],[14.15152,67.00063],[14.15327,67.00271]],[[14.19707,67.00612],[14.19531,67.00615],[14.18872,67.0041],[14.18554,67.00439],[14.1837,67.004],[14.18189,67.00461]],[[14.15327,67.00271],[14.15659,67.00613],[14.1588,67.00672],[14.16052,67.00573],[14.16167,67.00585],[14.16348,67.0053],[14.16303,67.00234],[14.16406,67.00046]],[[14.21197,67.01359],[14.21134,67.01198]],[[14.21134,67.01198],[14.20928,67.01098],[14.20977,67.01052],[14.20847,67.00953],[14.19836,67.00618],[14.19707,67.00612]],[[14.13345,67.01167],[14.13547,67.01129],[14.13552,67.00879],[14.13959,67.00796],[14.14017,67.00715],[14.1419,67.00692],[14.14257,67.00592],[14.14228,67.00203],[14.14055,67.0006]],[[14.21129,67.07414],[14.20967,67.07202],[14.21319,67.06499],[14.21496,67.0638],[14.21747,67.06324],[14.22032,67.0632],[14.22513,67.06393]],[[13.99732,67.00744],[14.00235,67.00394],[14.00052,67.00072],[13.99598,66.99741]],[[14.23239,67.02352],[14.23124,67.02377],[14.23293,67.02761],[14.2414,67.03018],[14.24085,67.02831],[14.23239,67.02352]],[[14.01996,67.02946],[14.01878,67.02945]],[[14.02258,67.02947],[14.02483,67.02797],[14.02227,67.0262],[14.02401,67.02314],[14.02583,67.02129],[14.0327,67.01731],[14.03392,67.01394],[14.03837,67.00934],[14.04021,67.00942],[14.04222,67.01135],[14.04489,67.0128],[14.04572,67.01277],[14.0468,67.01167],[14.04459,67.00846],[14.04653,67.0062],[14.04362,67.00409],[14.04378,67.00315],[14.04705,67.00288],[14.04772,67.00058],[14.05315,66.99824]],[[14.11817,67.03003],[14.11776,67.02672],[14.1201,67.02468],[14.12023,67.02176],[14.12333,67.01815],[14.12613,67.01669],[14.12766,67.01447],[14.13103,67.01185],[14.13345,67.01167]],[[14.14813,67.03019],[14.14909,67.02474],[14.14983,67.02467],[14.15411,67.02645],[14.1553,67.02571],[14.15553,67.02076],[14.15886,67.01589],[14.16082,67.01482],[14.1616,67.01251],[14.1624,67.01255],[14.16364,67.01457],[14.16541,67.01581],[14.16776,67.01621],[14.17017,67.01559],[14.17405,67.01191],[14.18103,67.00905],[14.181,67.00753],[14.17779,67.00566],[14.17987,67.0054],[14.18189,67.00461]],[[14.22993,67.03061],[14.22897,67.02897],[14.22694,67.02869],[14.22385,67.02671],[14.22037,67.02672],[14.2186,67.02457],[14.21893,67.02404],[14.22223,67.02456],[14.22951,67.02724],[14.2292,67.02623],[14.22703,67.02471],[14.22221,67.0226],[14.22095,67.02033],[14.22323,67.01889],[14.22176,67.01735],[14.21197,67.01359]],[[14.25941,67.03075],[14.25262,67.02239],[14.2411,67.01492],[14.24179,67.01218],[14.24092,67.01074],[14.23794,67.00964],[14.2281,67.00765],[14.22652,67.00784],[14.22553,67.00695],[14.22586,67.00538],[14.23601,67.00337],[14.24076,67.00146],[14.24126,67.00056],[14.23871,66.99962]],[[14.60031,67.03197],[14.60026,67.03107],[14.60212,67.03041],[14.60494,67.03108],[14.6071,67.0304],[14.60943,67.03142]],[[14.01996,67.02946],[14.01951,67.03059],[14.02047,67.03099],[14.02258,67.02947]],[[14.58691,67.03343],[14.59066,67.03439],[14.60031,67.03197]],[[14.01972,67.03275],[14.01711,67.03056],[14.01878,67.02945]],[[14.42458,67.08674],[14.42457,67.08705]],[[14.61011,67.03199],[14.61294,67.03478],[14.61085,67.03799],[14.60712,67.0396]],[[14.21853,67.03961],[14.21736,67.03782],[14.21895,67.03641],[14.21903,67.0336],[14.22197,67.03459],[14.22444,67.03437],[14.225,67.03361],[14.22344,67.03275],[14.22345,67.03209],[14.22637,67.03125],[14.22785,67.03137],[14.22993,67.03061]],[[14.22024,67.04048],[14.21853,67.03961]],[[14.10853,67.046],[14.1127,67.0439],[14.11301,67.04134],[14.11519,67.04115],[14.11739,67.04036],[14.11554,67.03754],[14.11693,67.03579],[14.11567,67.03355],[14.11817,67.03003]],[[14.02814,67.03793],[14.02842,67.03854],[14.02715,67.03903],[14.02629,67.03782],[14.0204,67.03423],[14.01858,67.03419],[14.01766,67.03474],[14.01746,67.03851],[14.01966,67.04003],[14.01892,67.0416],[14.0204,67.04339],[14.01979,67.04638],[14.02106,67.04684],[14.0221,67.04645]],[[14.60712,67.0396],[14.60285,67.04144],[14.6026,67.04212],[14.60886,67.04433],[14.61025,67.04963]],[[14.04048,67.052],[14.04157,67.04888],[14.04119,67.04728],[14.03999,67.04665],[14.04055,67.04367],[14.03963,67.0429],[14.03817,67.04281],[14.03695,67.04447],[14.03568,67.05081],[14.03354,67.0502],[14.03258,67.04932],[14.03168,67.04964],[14.02883,67.04868],[14.02853,67.04815],[14.02358,67.04655],[14.0221,67.04645]],[[14.09704,67.05857],[14.09843,67.05883],[14.10122,67.05815],[14.1046,67.05121],[14.10441,67.04989],[14.10853,67.046]],[[14.05968,67.07455],[14.06101,67.07366],[14.06302,67.07346],[14.0648,67.07269],[14.06849,67.06898],[14.07403,67.0667],[14.07723,67.06457],[14.08016,67.06436]],[[14.54013,67.06221],[14.54993,67.05797],[14.55436,67.05662],[14.55513,67.05523],[14.55708,67.05427],[14.56478,67.05328],[14.57194,67.05282],[14.57115,67.05187],[14.57155,67.05048],[14.57458,67.04913],[14.56638,67.04453],[14.56993,67.04435],[14.57384,67.04366],[14.5785,67.04253],[14.58371,67.04052],[14.58379,67.03847],[14.58194,67.03631],[14.582,67.03482]],[[14.02429,67.04899],[14.02379,67.04858],[14.02204,67.04843],[14.02155,67.04763],[14.01854,67.04664],[14.02,67.05086],[14.02016,67.05545],[14.01928,67.05687],[14.02048,67.06007],[14.02236,67.05842],[14.02296,67.05517],[14.02184,67.05182],[14.02402,67.05054],[14.02429,67.04899]],[[14.25604,67.06532],[14.26351,67.06404],[14.26462,67.06437],[14.26561,67.06413],[14.26331,67.06281],[14.26029,67.06277],[14.25814,67.06328],[14.25642,67.06323],[14.25526,67.06133],[14.2564,67.05954],[14.2582,67.05905],[14.2625,67.05903],[14.26551,67.05793],[14.27042,67.05687],[14.2719,67.05589],[14.27489,67.05584],[14.27668,67.0554],[14.2746,67.05286],[14.27174,67.05174],[14.27082,67.05079],[14.27046,67.04992],[14.27232,67.04953],[14.27219,67.04894],[14.26931,67.04818],[14.26822,67.0472],[14.26894,67.04306],[14.26766,67.04218],[14.26852,67.04136],[14.26905,67.03655],[14.26839,67.03604],[14.26529,67.03531],[14.26404,67.03402],[14.26168,67.03289],[14.2575,67.03158],[14.25899,67.03134],[14.25941,67.03075]],[[14.08016,67.06436],[14.08732,67.06431],[14.09034,67.06238],[14.08978,67.061],[14.09042,67.05888],[14.09545,67.05809],[14.09704,67.05857]],[[14.10218,67.0748],[14.09602,67.07423],[14.09264,67.07474]],[[14.48398,67.05757],[14.48645,67.05794],[14.49418,67.05743],[14.49783,67.0539],[14.49991,67.05634],[14.50369,67.05875],[14.50569,67.05943],[14.51365,67.05767],[14.51879,67.05797],[14.52225,67.05899],[14.5234,67.05992],[14.52306,67.06059],[14.52035,67.06184],[14.52051,67.06299],[14.52423,67.06575],[14.52752,67.06644],[14.53161,67.06655],[14.53439,67.06571],[14.53746,67.06326],[14.54013,67.06221]],[[14.22513,67.06393],[14.22949,67.06576],[14.23293,67.06469],[14.23565,67.06209],[14.23996,67.06354],[14.24092,67.06349],[14.24282,67.06228],[14.24229,67.06089],[14.24086,67.05992],[14.24246,67.05771],[14.24143,67.05689],[14.23462,67.05682],[14.22845,67.05484],[14.23061,67.05459],[14.23149,67.05358],[14.23749,67.05381],[14.23745,67.05252],[14.23554,67.05121],[14.23559,67.0502],[14.23213,67.04941],[14.23412,67.04751],[14.23377,67.04672],[14.232,67.04572],[14.22573,67.04399],[14.22486,67.04325],[14.22346,67.04322],[14.22198,67.04119],[14.22024,67.04048]],[[14.30998,67.06964],[14.31081,67.06984],[14.31237,67.06892]],[[14.30994,67.07106],[14.30895,67.07172],[14.30991,67.07192]],[[14.30998,67.06964],[14.30929,67.06978],[14.30996,67.07029]],[[14.30994,67.07106],[14.31012,67.07042]],[[14.32335,67.07222],[14.32277,67.07117],[14.32548,67.07031],[14.32537,67.07],[14.32411,67.06981],[14.32284,67.07018],[14.31946,67.0693],[14.31237,67.06892]],[[14.53996,67.0714],[14.54525,67.0718],[14.54901,67.07128],[14.55806,67.07348],[14.56309,67.07367],[14.56625,67.07343],[14.57292,67.07196],[14.58058,67.07164],[14.58573,67.07067],[14.58839,67.06721],[14.59357,67.06542],[14.59546,67.06431],[14.59546,67.06292],[14.6016,67.06026],[14.60546,67.05929],[14.60836,67.05776],[14.60896,67.05219],[14.61025,67.04963]],[[14.22566,67.07239],[14.22389,67.0703],[14.22588,67.06872],[14.23533,67.0691],[14.24174,67.0704],[14.24446,67.06868],[14.24883,67.06956],[14.25075,67.06793],[14.25604,67.06532]],[[14.43935,67.07382],[14.44354,67.0718],[14.44674,67.07093],[14.45853,67.06861],[14.46697,67.0679],[14.47112,67.06623],[14.48134,67.06393],[14.48538,67.06123],[14.48336,67.05837]],[[14.11024,67.07484],[14.10777,67.07483]],[[14.29545,67.07566],[14.29391,67.07525],[14.29413,67.07431],[14.29922,67.07334],[14.30288,67.07299],[14.30987,67.07335]],[[14.45193,67.07588],[14.45956,67.07616],[14.46198,67.07582],[14.46977,67.07227],[14.47649,67.07124],[14.47922,67.07002],[14.48304,67.06992],[14.48374,67.0694],[14.48333,67.06852],[14.48479,67.06814],[14.48686,67.06862],[14.49127,67.0707],[14.49737,67.07553],[14.50126,67.07619],[14.50539,67.07586],[14.50712,67.07503],[14.51731,67.07651],[14.51967,67.07649],[14.52749,67.07459],[14.52846,67.07383],[14.52803,67.07333],[14.53224,67.07162],[14.53996,67.0714]],[[14.04688,67.07448],[14.04604,67.07347],[14.0443,67.07299],[14.04311,67.07307],[14.04191,67.07193],[14.04166,67.07066],[14.04254,67.06996],[14.03965,67.06629],[14.03868,67.06428],[14.03967,67.06348],[14.03902,67.06267]],[[15,67.2408],[15.0067,67.24068]],[[15.0055,67.23876],[15,67.23802]],[[14.11335,67.07486],[14.11729,67.07437],[14.11964,67.07279],[14.12414,67.07195],[14.13148,67.06776],[14.13291,67.06596],[14.1318,67.06229],[14.1331,67.0608],[14.13766,67.05799],[14.1382,67.05657],[14.13749,67.05419],[14.13928,67.0513],[14.14345,67.04836],[14.14729,67.04744],[14.15437,67.04397],[14.15518,67.04312],[14.15583,67.0413],[14.15517,67.04012],[14.15037,67.03755],[14.14813,67.03019]],[[14.21615,67.0754],[14.21476,67.07464],[14.21184,67.07497],[14.21129,67.07414]],[[14.22783,67.07546],[14.22566,67.07239]],[[14.2449,67.07554],[14.24745,67.07358],[14.25674,67.07483],[14.25963,67.07412],[14.26455,67.07385]],[[14.2667,67.07564],[14.26455,67.07385]],[[14.26999,67.07565],[14.26776,67.07564]],[[14.2965,67.07577],[14.29545,67.07566]],[[14.34664,67.07599],[14.344,67.07465],[14.34014,67.07378],[14.32929,67.07373]],[[14.40347,67.07621],[14.40551,67.07591],[14.40685,67.0761]],[[14.41546,67.07625],[14.4131,67.07594],[14.40685,67.0761]],[[14.11024,67.07484],[14.11335,67.07486]],[[14.2667,67.07564],[14.26776,67.07564]],[[14.10218,67.0748],[14.10557,67.07547],[14.10777,67.07483]],[[14.04688,67.07448],[14.04864,67.07525]],[[14.23935,67.07676],[14.24234,67.07648],[14.2449,67.07554]],[[14.22783,67.07546],[14.2308,67.07714],[14.23347,67.07724],[14.23495,67.07773],[14.23935,67.07676]],[[14.34664,67.07599],[14.35482,67.07839],[14.36277,67.07795]],[[14.30975,67.07765],[14.30689,67.07777],[14.30499,67.07873],[14.30617,67.07925],[14.30971,67.07922]],[[14.26999,67.07565],[14.27115,67.07657],[14.26816,67.07775],[14.26723,67.0788],[14.2689,67.07927],[14.27533,67.07884],[14.27747,67.07935],[14.28756,67.07835]],[[14.28756,67.07835],[14.28857,67.07817],[14.28918,67.07857],[14.28848,67.07944],[14.29091,67.07982],[14.29801,67.07856],[14.29895,67.07796],[14.29813,67.07719],[14.29877,67.07672],[14.29827,67.07614],[14.2965,67.07577]],[[14.36277,67.07795],[14.37091,67.07803],[14.37421,67.07839],[14.37525,67.07809],[14.38705,67.08035],[14.3893,67.08121],[14.39102,67.08109],[14.39054,67.07989],[14.39117,67.0791],[14.39359,67.07982],[14.39521,67.07982],[14.39599,67.07938],[14.39593,67.07795],[14.40347,67.07621]],[[14.04864,67.07525],[14.04798,67.07594],[14.04636,67.07503],[14.04471,67.07505],[14.04288,67.07659],[14.04103,67.0768],[14.04108,67.0775],[14.03943,67.07729],[14.03811,67.07819],[14.0388,67.07921],[14.04165,67.07879],[14.04348,67.07981],[14.04917,67.07775],[14.04902,67.07894],[14.04676,67.07942],[14.04771,67.08014]],[[14.21996,67.08129],[14.2196,67.07998],[14.21744,67.07879],[14.21804,67.07685],[14.21615,67.0754]],[[14.39752,67.08028],[14.3954,67.08079],[14.39341,67.0825]],[[14.04771,67.08014],[14.05159,67.08194],[14.05504,67.08061],[14.05776,67.07864],[14.057,67.07686],[14.05968,67.07455]],[[14.45343,67.08413],[14.4448,67.08362],[14.44009,67.0828],[14.4381,67.08169],[14.43986,67.08027],[14.44471,67.07887],[14.44662,67.07636]],[[14.07947,67.08251],[14.08173,67.08112],[14.08563,67.0765],[14.08889,67.0754],[14.09264,67.07474]],[[14.41546,67.07625],[14.41783,67.07684],[14.41999,67.07802],[14.42462,67.08515]],[[14.42462,67.08515],[14.42971,67.0851],[14.43117,67.0844],[14.43143,67.08364],[14.42835,67.08267],[14.4273,67.08108],[14.43545,67.07875],[14.44047,67.07634]],[[14.30954,67.08521],[14.31752,67.08436],[14.3202,67.08368],[14.32586,67.08327],[14.32779,67.08233],[14.32771,67.0817],[14.32634,67.08116]],[[14.44592,67.0872],[14.45389,67.08528],[14.45343,67.08413]],[[14.42458,67.08674],[14.42602,67.08603],[14.43153,67.08596],[14.43775,67.08719],[14.44037,67.08691],[14.44592,67.0872]],[[14.40707,67.08731],[14.40667,67.08518],[14.40853,67.08416],[14.40699,67.0826],[14.40161,67.08027],[14.39947,67.07989],[14.39752,67.08028]],[[14.30954,67.08521],[14.30508,67.08664],[14.30664,67.0871],[14.30948,67.08717]],[[14.21368,67.08612],[14.2159,67.08603],[14.21779,67.08675],[14.21995,67.08701],[14.21996,67.08129]],[[14.30945,67.08837],[14.31071,67.08771],[14.30948,67.08717]],[[14.2819,67.09023],[14.28266,67.08943],[14.28431,67.08915],[14.28546,67.08839],[14.28306,67.08819],[14.2788,67.08885]],[[14.41411,67.09088],[14.41914,67.09068],[14.42451,67.08987]],[[14.42457,67.08705],[14.42571,67.08909],[14.42501,67.08976]],[[14.42451,67.08987],[14.42501,67.08976]],[[14.24604,67.1204],[14.23993,67.11453],[14.22998,67.11128],[14.22555,67.10795],[14.22309,67.10752],[14.22123,67.10767],[14.21578,67.10486],[14.21228,67.10407],[14.20884,67.10215],[14.20668,67.09816],[14.20925,67.09665],[14.2086,67.09418]],[[14.21105,67.08893],[14.21349,67.08948],[14.21368,67.08612]],[[14.30945,67.08837],[14.3026,67.08886],[14.30299,67.08944],[14.30571,67.09006],[14.30611,67.09075]],[[14.30611,67.09075],[14.30542,67.09144]],[[14.39341,67.0825],[14.39052,67.0827],[14.39304,67.08536],[14.39224,67.0861],[14.38976,67.08668],[14.39416,67.08875],[14.39724,67.09189],[14.39862,67.09189],[14.40675,67.08898],[14.40707,67.08731]],[[14.40264,67.09238],[14.40891,67.09067],[14.41216,67.09055],[14.41411,67.09088]],[[14.30542,67.09144],[14.30065,67.09223],[14.29883,67.09116],[14.2966,67.09162],[14.29719,67.09008],[14.29923,67.08935],[14.2978,67.08884],[14.29343,67.08925],[14.29157,67.0888],[14.29029,67.08923],[14.28897,67.09065],[14.28575,67.09114],[14.28268,67.09085],[14.2819,67.09023]],[[14.32024,67.0775],[14.32731,67.07657],[14.34119,67.07852],[14.34268,67.07824],[14.34637,67.0793],[14.34622,67.07988],[14.35335,67.0825],[14.35599,67.08227],[14.36209,67.08374],[14.36381,67.08477],[14.36336,67.08524],[14.36607,67.08623],[14.39558,67.09568],[14.39899,67.09599],[14.40091,67.09524],[14.40264,67.09238]],[[14.0467,67.11901],[14.04682,67.11933]],[[14.02096,67.10942],[14.01685,67.1088],[14.01531,67.1064],[14.01182,67.10443],[14.01385,67.10326],[14.0136,67.10149],[14.00938,67.09733],[14.00976,67.09379],[14.00778,67.09235],[14.00996,67.09043],[14.01613,67.08788],[14.02274,67.08602],[14.02448,67.08459],[14.02563,67.08635],[14.0303,67.08972],[14.03891,67.09152],[14.04284,67.09113],[14.04601,67.09017],[14.04889,67.09124],[14.04836,67.0922],[14.04966,67.09324],[14.05416,67.0934],[14.05552,67.09306],[14.06061,67.08883],[14.06504,67.08719],[14.07315,67.0863],[14.07947,67.08251]],[[14.00746,67.10912],[14.00612,67.10649],[14.00463,67.10601],[14.00387,67.10506],[14.00535,67.10398],[14.00356,67.10009],[14.00032,67.09961],[13.99449,67.09976]],[[13.99952,67.11125],[14.00353,67.11146],[14.00537,67.11078],[14.00746,67.10912]],[[15,67.12184],[15.00053,67.12143]],[[14.0485,67.11934],[14.04731,67.11873],[14.0467,67.11901]],[[14.04497,67.11932],[14.0434,67.11829],[14.03967,67.11804],[14.03735,67.11668],[14.03415,67.11662],[14.03323,67.11629],[14.03032,67.11359],[14.03111,67.11188],[14.02887,67.11115],[14.0278,67.1102],[14.02537,67.10965],[14.02096,67.10942]],[[14.30717,67.12067],[14.30248,67.11493],[14.30202,67.11274],[14.29943,67.11035],[14.29943,67.10637],[14.29707,67.10437],[14.29316,67.10424],[14.29411,67.10622],[14.29258,67.10625],[14.28724,67.1081],[14.28482,67.10959],[14.27706,67.11084],[14.27551,67.10901],[14.27506,67.107],[14.27751,67.10189],[14.27425,67.09982],[14.27401,67.09833],[14.27181,67.0977],[14.26798,67.09749],[14.25715,67.09294],[14.25453,67.09329],[14.25131,67.09452],[14.24332,67.09479],[14.2405,67.09365],[14.23938,67.09262],[14.23965,67.09203],[14.24252,67.09134],[14.24587,67.0893],[14.25147,67.0888],[14.25603,67.08669],[14.25885,67.08765],[14.2639,67.08764],[14.27406,67.08897],[14.2788,67.08885]],[[14.31359,67.1207],[14.31136,67.11943],[14.30971,67.11938],[14.30854,67.12028]],[[14.96615,67.12217],[14.967,67.12069],[14.96866,67.11981],[14.96998,67.11944],[14.97523,67.11923],[14.98771,67.1202],[14.99218,67.12129],[14.99956,67.12103]],[[14.99955,67.12218],[15,67.12184]],[[14.99955,67.12218],[14.99889,67.12305],[15,67.12354]],[[14.30847,67.12269],[14.31365,67.12154],[14.3159,67.12165],[14.31653,67.121],[14.31426,67.12114],[14.31359,67.1207]],[[15,67.12422],[15.00096,67.1242]],[[15.00123,67.12365],[15,67.12354]],[[14.30847,67.12269],[14.30765,67.1244],[14.30836,67.12633]],[[15,67.12422],[14.99737,67.12523],[14.9964,67.12672],[14.9968,67.12814]],[[14.25135,67.12642],[14.24888,67.1236],[14.24786,67.12083],[14.24604,67.1204]],[[14.9968,67.12814],[14.99644,67.12901],[14.99426,67.13029],[14.99415,67.13207]],[[14.0485,67.11934],[14.04931,67.1202],[14.04668,67.12154],[14.04817,67.12181],[14.04825,67.12263],[14.04606,67.12298],[14.04718,67.12384],[14.04712,67.12557],[14.05279,67.12889],[14.05602,67.12968]],[[14.05602,67.12968],[14.0578,67.13083],[14.05322,67.12984],[14.05154,67.13018],[14.05099,67.13087]],[[14.27166,67.14722],[14.27051,67.14503],[14.266,67.14318],[14.26335,67.14322],[14.26102,67.14204]],[[14.00432,67.12583],[14.00269,67.12465],[13.99874,67.12333]],[[13.99746,67.12586],[14.00003,67.12574],[14.00509,67.13024],[14.00888,67.13145],[14.00979,67.13095],[14.00685,67.12918],[14.00432,67.12583]],[[14.13908,67.13359],[14.14199,67.13214],[14.14638,67.13162],[14.14681,67.1312]],[[14.00628,67.13518],[14.00372,67.13543],[14.00484,67.13828],[14.01009,67.14174],[14.01281,67.1424],[14.01234,67.13917],[14.01013,67.1372],[14.00628,67.13518]],[[14.14681,67.1312],[14.14754,67.13044],[14.15241,67.13065],[14.15458,67.12998],[14.1552,67.12881],[14.15161,67.12713],[14.14897,67.12295],[14.14929,67.12256],[14.15487,67.12186],[14.16799,67.12543],[14.17164,67.12938],[14.17557,67.13039],[14.17506,67.12907],[14.17725,67.12867],[14.18382,67.13156],[14.19281,67.13458]],[[14.18118,67.1326],[14.17891,67.13245],[14.17832,67.1335],[14.17865,67.13413],[14.18198,67.13545],[14.1856,67.1346],[14.18118,67.1326]],[[14.13623,67.13611],[14.13708,67.13603],[14.13908,67.13359]],[[13.99964,67.13707],[14.00196,67.13733],[14.00166,67.1365],[13.99725,67.13346]],[[14.19264,67.13977],[14.19481,67.13957],[14.19476,67.1381],[14.19691,67.13827],[14.20018,67.13797],[14.20064,67.13762]],[[14.18229,67.16494],[14.1841,67.16555],[14.18571,67.16496]],[[14.05199,67.13684],[14.05023,67.13629],[14.05218,67.13758],[14.05808,67.13917],[14.05199,67.13684]],[[14.119,67.14059],[14.12259,67.14051],[14.12618,67.13952],[14.13324,67.14012],[14.13469,67.13951],[14.13464,67.13739],[14.13623,67.13611]],[[14.26102,67.14204],[14.25504,67.13791],[14.25493,67.13661],[14.25592,67.1354],[14.2596,67.13377],[14.25891,67.13253],[14.26035,67.13237],[14.26067,67.13157],[14.25696,67.13058],[14.25594,67.12884],[14.25135,67.12642]],[[14.11564,67.14201],[14.11556,67.14128],[14.119,67.14059]],[[14.28065,67.15091],[14.27402,67.14884],[14.27166,67.14722]],[[14.90717,67.15549],[14.90882,67.15514],[14.91132,67.15339],[14.91615,67.15268],[14.91884,67.15325],[14.92034,67.15207],[14.92617,67.15413],[14.9322,67.15461],[14.93399,67.1551],[14.93958,67.1551],[14.94753,67.15294],[14.9481,67.15198],[14.94725,67.14933],[14.94398,67.14723],[14.9469,67.13896],[14.95174,67.13589],[14.95272,67.13202],[14.95391,67.13074],[14.9572,67.12849],[14.96272,67.12727],[14.96363,67.12667],[14.96615,67.12217]],[[14.19258,67.14147],[14.19613,67.14235],[14.20467,67.14596],[14.20524,67.14682],[14.20373,67.14729],[14.20716,67.14884],[14.20411,67.15009],[14.20408,67.15052],[14.21023,67.15592]],[[13.99907,67.14545],[14.00073,67.14535],[14.00099,67.14496],[14.00062,67.14457],[13.99777,67.14405]],[[14.89673,67.1588],[14.89837,67.15831],[14.89969,67.15708],[14.90284,67.15701],[14.90717,67.15549]],[[14.89729,67.15951],[14.89673,67.1588]],[[14.52996,67.21119],[14.53252,67.21153]],[[14.07633,67.16508],[14.0786,67.16437]],[[14.17329,67.16489],[14.18287,67.16786],[14.18483,67.16783],[14.18666,67.16711],[14.18875,67.16722],[14.18802,67.16497]],[[14.05099,67.13087],[14.04899,67.13082],[14.04742,67.1301],[14.04514,67.12794],[14.04376,67.12795],[14.04248,67.12872],[14.04073,67.1271],[14.03787,67.12651],[14.03755,67.12801],[14.03831,67.12872],[14.04842,67.13486],[14.0471,67.13511],[14.04647,67.13603],[14.04355,67.13521],[14.04122,67.13625],[14.04004,67.13513],[14.03896,67.13531],[14.03986,67.1367],[14.04225,67.13756],[14.04376,67.14013],[14.04452,67.14032],[14.04643,67.14],[14.04991,67.14077],[14.05234,67.14188],[14.05395,67.14292],[14.05502,67.14534],[14.06225,67.14888],[14.07249,67.15046],[14.07199,67.15071],[14.06741,67.15029],[14.06055,67.15027],[14.05874,67.15171],[14.05698,67.15217],[14.05681,67.15327],[14.06165,67.15741],[14.06262,67.15901],[14.06681,67.16114],[14.07053,67.16229],[14.07366,67.16159],[14.07469,67.16178],[14.07438,67.16288],[14.07639,67.16351]],[[14.07639,67.16351],[14.07946,67.16351],[14.0831,67.16191],[14.08696,67.15744],[14.09233,67.15467],[14.09174,67.15085],[14.09505,67.15034],[14.09831,67.15141],[14.09913,67.14963],[14.10151,67.15012],[14.10384,67.15005],[14.10423,67.14973],[14.10299,67.14909],[14.10529,67.14888],[14.11052,67.14996],[14.11261,67.1475],[14.11291,67.14457],[14.11502,67.14442],[14.11557,67.14391],[14.11564,67.14201]],[[13.99159,67.1674],[14.00347,67.16764],[14.00943,67.16826],[14.01511,67.1665],[14.01511,67.164]],[[14.01511,67.164],[14.01557,67.16295],[14.01824,67.16352],[14.01918,67.162],[14.01807,67.15963],[14.01378,67.15727],[14.01257,67.15576],[14.01109,67.15527],[14.00925,67.15538],[14.00688,67.15487],[14.00627,67.15506],[14.00716,67.1557],[14.00639,67.1558],[14.00364,67.15463],[14.00439,67.15418],[14.00625,67.1544],[14.00711,67.15291],[14.0019,67.1515],[14.0014,67.15191],[14.0033,67.15371],[14.0022,67.15365],[13.99987,67.1521]],[[14.06782,67.16431],[14.06929,67.1638],[14.06936,67.16268],[14.06482,67.16119],[14.06246,67.16093],[14.06181,67.16252],[14.0674,67.16431]],[[14.07253,67.16434],[14.07283,67.16335],[14.07637,67.16386]],[[14.0786,67.16437],[14.07884,67.16388],[14.07637,67.16386]],[[14.18229,67.16494],[14.17447,67.16303],[14.17329,67.16489]],[[14.22178,67.16513],[14.219,67.16275],[14.21774,67.15801],[14.2125,67.15756],[14.21023,67.15592]],[[14.28328,67.16542],[14.28429,67.16402],[14.28464,67.15967],[14.28589,67.15787],[14.28785,67.15673],[14.28866,67.15499],[14.29144,67.15368],[14.29178,67.15274],[14.28756,67.15165],[14.28065,67.15091]],[[14.32607,67.16561],[14.32101,67.16015],[14.3209,67.15845],[14.32412,67.15578],[14.32423,67.15506],[14.3229,67.15403],[14.32342,67.15272],[14.32553,67.15151],[14.33356,67.15068],[14.33775,67.14969],[14.34197,67.14761],[14.33993,67.14652],[14.33543,67.14642],[14.33354,67.1453],[14.33151,67.14263],[14.32611,67.14127],[14.32392,67.1403],[14.32229,67.13823],[14.32201,67.13452],[14.31701,67.13122],[14.31089,67.12839],[14.30836,67.12633]],[[14.88642,67.16699],[14.88821,67.162],[14.896,67.16027]],[[14.07253,67.16434],[14.07184,67.16556],[14.07633,67.16508]],[[14.91749,67.16701],[14.91802,67.16557],[14.92618,67.16277],[14.94094,67.16267],[14.94942,67.16171],[14.9585,67.15959],[14.96249,67.15968],[14.96461,67.15932],[14.97517,67.15611],[14.97688,67.15447],[14.97702,67.15191],[14.97465,67.14945],[14.97084,67.14739],[14.97016,67.14544],[14.97138,67.1451],[14.97487,67.14675],[14.97601,67.14671],[14.97796,67.14504],[14.97698,67.14252],[14.97933,67.14144],[14.99069,67.13995],[14.9946,67.13879],[14.99528,67.13769],[14.99453,67.13557],[14.9938,67.13627],[14.99367,67.13544],[14.99509,67.13292],[14.99415,67.13207]],[[14.18739,67.16993],[14.18865,67.17009],[14.18948,67.17202],[14.1906,67.17205],[14.19127,67.17016],[14.18918,67.16891],[14.18702,67.16866],[14.18355,67.1692],[14.18038,67.16797],[14.17571,67.16693],[14.17317,67.16823],[14.17454,67.16969],[14.17736,67.16992],[14.1808,67.17097],[14.18431,67.17114],[14.18502,67.17201],[14.18307,67.17255],[14.18529,67.1737],[14.18621,67.17361],[14.18715,67.17272],[14.18739,67.16993]],[[14.17295,67.17437],[14.17483,67.17357],[14.17609,67.17418],[14.17794,67.17402],[14.17746,67.17218],[14.17618,67.17144],[14.17303,67.1713],[14.17063,67.17203],[14.17013,67.17343],[14.17216,67.1745],[14.17295,67.17437]],[[14.6534,67.1813],[14.65374,67.18049],[14.65514,67.17989],[14.66268,67.18109],[14.66589,67.18071],[14.66747,67.17988],[14.6726,67.17889],[14.67982,67.17801],[14.68148,67.17852]],[[14.22178,67.16513],[14.22805,67.17086],[14.22853,67.17194],[14.22668,67.17221],[14.22642,67.17399],[14.23205,67.17642],[14.23459,67.17682],[14.23313,67.17792],[14.2306,67.17783],[14.23046,67.17924],[14.22817,67.17964],[14.23143,67.18055],[14.23157,67.1811]],[[14.3481,67.17693],[14.33958,67.1765],[14.33836,67.17707],[14.34574,67.17938],[14.34255,67.18113],[14.34268,67.18173],[14.34452,67.18248],[14.34977,67.18229],[14.3528,67.18182],[14.35488,67.18094],[14.35282,67.1799],[14.35356,67.17821],[14.35251,67.17728],[14.3481,67.17693]],[[14.20562,67.17935],[14.20476,67.17933],[14.20156,67.18077],[14.20143,67.18163],[14.20405,67.18206],[14.20524,67.18178],[14.20631,67.18042],[14.20562,67.17935]],[[14.51474,67.18229],[14.5145,67.18148],[14.52297,67.18274],[14.52969,67.18268],[14.53161,67.18339],[14.53405,67.18285],[14.53586,67.18102]],[[14.4586,67.18063],[14.46226,67.18066],[14.46489,67.18187],[14.47278,67.18206],[14.4848,67.18352],[14.4901,67.18277],[14.49885,67.18424],[14.50118,67.18337]],[[14.23157,67.1811],[14.23593,67.18292],[14.23469,67.18337],[14.23044,67.18233]],[[14.92098,67.18793],[14.91921,67.18727],[14.91708,67.18705],[14.90975,67.1845],[14.90257,67.18286],[14.90086,67.18208],[14.90013,67.1792],[14.89706,67.17629],[14.88781,67.17347],[14.88625,67.17239],[14.88535,67.16952],[14.88642,67.16699]],[[14.50118,67.18337],[14.50201,67.18345],[14.50237,67.18407],[14.50153,67.18552],[14.50657,67.18736],[14.50874,67.18675],[14.50998,67.18537],[14.5053,67.18309],[14.50824,67.18285],[14.50898,67.18385],[14.51028,67.18417],[14.51457,67.18269],[14.51474,67.18229]],[[14.37467,67.18388],[14.37021,67.18372],[14.37021,67.1848],[14.36876,67.18548],[14.36459,67.18517],[14.36225,67.1855],[14.3612,67.18653],[14.36723,67.18752]],[[14.23044,67.18233],[14.22888,67.1826],[14.22853,67.18437],[14.23043,67.18614],[14.23478,67.18693],[14.23731,67.18635],[14.23777,67.18669],[14.2354,67.18754],[14.23569,67.18806],[14.23779,67.1887],[14.23913,67.18818],[14.24035,67.18824],[14.2407,67.18908],[14.24328,67.1895],[14.24305,67.18809]],[[14.74496,67.18895],[14.74456,67.18867],[14.7348,67.18812],[14.72395,67.18634],[14.71978,67.18648],[14.71775,67.18589],[14.70975,67.18589],[14.70629,67.18545],[14.70603,67.18492],[14.70933,67.18385],[14.71733,67.18453],[14.72204,67.18405],[14.7171,67.1822],[14.71526,67.18075],[14.70545,67.17993],[14.70216,67.18078],[14.70088,67.18236],[14.69935,67.18298],[14.68483,67.18227],[14.68213,67.18139],[14.68305,67.1807],[14.68124,67.17924],[14.68148,67.17852]],[[14.72969,67.18926],[14.73568,67.19024],[14.74474,67.18992]],[[14.6971,67.18912],[14.70447,67.1896],[14.70844,67.19057],[14.71619,67.18939],[14.72149,67.1898],[14.72429,67.18934],[14.72969,67.18926]],[[14.32607,67.16561],[14.32714,67.16749],[14.34284,67.17463],[14.35458,67.17501],[14.35924,67.17634],[14.36344,67.17606],[14.36788,67.1776],[14.36912,67.17757],[14.37026,67.17643],[14.3742,67.17496],[14.37615,67.17467],[14.38692,67.17546],[14.39515,67.17715],[14.39749,67.17934],[14.39763,67.18042],[14.39999,67.18151],[14.40016,67.18253],[14.40299,67.1845],[14.41292,67.18878],[14.41712,67.19],[14.4221,67.19076]],[[14.28874,67.19077],[14.29304,67.18985],[14.29545,67.19019],[14.29742,67.18988],[14.29999,67.18786],[14.30229,67.18726],[14.30253,67.18661],[14.29808,67.18212],[14.29424,67.18016],[14.2829,67.17591],[14.28245,67.17378],[14.28035,67.17092],[14.28083,67.16968],[14.28324,67.16938],[14.28328,67.16542]],[[14.28851,67.19158],[14.28874,67.19077]],[[14.49523,67.18839],[14.49289,67.18822],[14.49244,67.18768],[14.4911,67.18762],[14.48537,67.18812],[14.48394,67.1906],[14.48502,67.19355]],[[14.68144,67.21332],[14.67863,67.21217],[14.67899,67.21156]],[[14.60828,67.20388],[14.61189,67.20435],[14.61547,67.20378],[14.6192,67.20412],[14.62219,67.20336],[14.62541,67.2031],[14.62895,67.20211],[14.63284,67.20075],[14.63363,67.20001],[14.63338,67.19853],[14.63519,67.19838],[14.63706,67.1974],[14.63881,67.19531],[14.64252,67.19266],[14.64826,67.19102],[14.65326,67.19084]],[[14.53788,67.18064],[14.54117,67.1806],[14.54844,67.17907],[14.55187,67.17895],[14.5563,67.17966],[14.5574,67.1811],[14.56286,67.18119],[14.56533,67.18079],[14.56588,67.18011],[14.5651,67.17937],[14.56238,67.17976],[14.56033,67.17962],[14.55797,67.17876],[14.56097,67.17856],[14.56725,67.17892],[14.57089,67.1799],[14.57769,67.17784],[14.57715,67.17885],[14.57517,67.17995],[14.56963,67.18218],[14.56908,67.18367],[14.57109,67.18499],[14.57036,67.18662],[14.57211,67.18784],[14.58,67.19058],[14.58793,67.1921],[14.5942,67.19401],[14.6002,67.19454],[14.60053,67.19296],[14.60168,67.19281],[14.60222,67.19428],[14.60963,67.19674],[14.61673,67.19671]],[[14.65326,67.19084],[14.65489,67.19105],[14.65569,67.19167],[14.66324,67.19415],[14.66617,67.19604],[14.66956,67.19699]],[[14.67051,67.19706],[14.67032,67.19579],[14.67373,67.19427],[14.67282,67.19115],[14.67473,67.18964],[14.68034,67.18885],[14.69503,67.18936],[14.6971,67.18912]],[[14.4221,67.19076],[14.42628,67.19098],[14.42898,67.19013],[14.4309,67.19279],[14.43616,67.19427],[14.44543,67.19562],[14.44842,67.19512],[14.45323,67.19547],[14.45583,67.19512],[14.46046,67.1967]],[[14.4891,67.19627],[14.48982,67.19692]],[[14.61673,67.19671],[14.62081,67.19755],[14.62688,67.19661],[14.63025,67.19709],[14.62853,67.19553],[14.62962,67.19511],[14.63004,67.19259],[14.63315,67.19044],[14.6327,67.18854],[14.63448,67.18665],[14.63359,67.18579],[14.63403,67.18491],[14.6366,67.18423],[14.64101,67.18402],[14.64144,67.1828],[14.6443,67.18163],[14.6534,67.1813]],[[14.50914,67.20553],[14.51529,67.20306],[14.51786,67.20132],[14.51694,67.20043],[14.51264,67.19885],[14.50949,67.19819]],[[14.48982,67.19692],[14.49382,67.19995],[14.49133,67.20224],[14.49314,67.20372],[14.4993,67.20534],[14.50914,67.20553]],[[14.50949,67.19819],[14.50866,67.19713],[14.51385,67.19678],[14.5153,67.19629],[14.51308,67.19399],[14.51591,67.19421],[14.51731,67.19298],[14.5135,67.19175],[14.51099,67.19168],[14.50712,67.1909],[14.50005,67.18769],[14.49554,67.1876],[14.49523,67.18839]],[[14.91749,67.16701],[14.91876,67.16887],[14.92396,67.17177],[14.93026,67.17772],[14.93539,67.18183],[14.93773,67.18298],[14.9383,67.18395],[14.94236,67.18499],[14.94515,67.18678],[14.94961,67.18823],[14.95181,67.18971],[14.95185,67.19066],[14.94985,67.19152],[14.94651,67.1915],[14.94102,67.19082],[14.94092,67.19159],[14.94287,67.19247],[14.94335,67.19354],[14.94832,67.19497],[14.95417,67.19587],[14.95598,67.19656],[14.96038,67.197],[14.96472,67.19861],[14.96679,67.20036]],[[14.24562,67.1892],[14.24669,67.18996],[14.25026,67.19044],[14.25098,67.19013],[14.25078,67.18893],[14.25219,67.18878],[14.25377,67.1892],[14.25582,67.19175],[14.26157,67.19478],[14.26734,67.19581],[14.2709,67.19828],[14.27421,67.19903],[14.27846,67.19903],[14.28167,67.19857],[14.28228,67.19757],[14.28546,67.19703],[14.28814,67.19583],[14.28905,67.19488],[14.28824,67.19371],[14.28851,67.19158]],[[14.46007,67.19734],[14.45672,67.19801],[14.45597,67.19884],[14.45978,67.19949],[14.46237,67.19943],[14.46688,67.20119],[14.46983,67.2004],[14.4701,67.19942],[14.4678,67.19805],[14.46639,67.19617],[14.46891,67.19567],[14.47021,67.19628],[14.4743,67.19658],[14.4768,67.19822],[14.48099,67.1984],[14.48251,67.19809],[14.48469,67.19605],[14.48169,67.1946],[14.48174,67.19349],[14.48033,67.19237],[14.47904,67.18939],[14.47588,67.18799],[14.4708,67.18664],[14.46435,67.18265],[14.45887,67.18123]],[[14.96679,67.20036],[14.96822,67.20296],[14.97403,67.20345]],[[14.58605,67.2021],[14.59013,67.20242],[14.59541,67.20126],[14.60102,67.20332],[14.60828,67.20388]],[[14.57855,67.20408],[14.58137,67.2039],[14.58444,67.20217],[14.58605,67.2021]],[[14.53744,67.20311],[14.54051,67.2042],[14.54493,67.20472],[14.54539,67.20447],[14.54396,67.20417],[14.54404,67.20378],[14.54625,67.20348],[14.55154,67.20353],[14.55225,67.20285],[14.55106,67.2015],[14.54746,67.20056],[14.54663,67.19988],[14.54937,67.19805],[14.55364,67.19872],[14.56549,67.20191],[14.56988,67.20278],[14.57445,67.203],[14.57855,67.20408]],[[14.53744,67.20311],[14.52812,67.20033],[14.52642,67.20211],[14.52138,67.20408],[14.51794,67.2046],[14.51295,67.20702]],[[14.97403,67.20345],[14.98138,67.20553],[14.9847,67.20544],[14.99031,67.20605],[15,67.20925]],[[14.96986,67.21039],[14.97168,67.21],[14.97153,67.20946],[14.96933,67.20841],[14.96824,67.20713],[14.96623,67.20638],[14.96084,67.20531],[14.95683,67.20537],[14.955,67.20602],[14.95393,67.20699],[14.95968,67.21001],[14.96526,67.21047],[14.96986,67.21039]],[[14.36249,67.21061],[14.35924,67.20972],[14.3582,67.21024],[14.35618,67.21032],[14.35585,67.20925],[14.35467,67.20889],[14.3525,67.20914],[14.35192,67.20875],[14.35212,67.20817],[14.35446,67.20709],[14.35674,67.20338],[14.35829,67.20249],[14.35842,67.1999],[14.36077,67.19787],[14.36213,67.19516],[14.35901,67.19295],[14.35738,67.1926],[14.35493,67.19114],[14.35495,67.19063],[14.35744,67.18976],[14.36653,67.18932],[14.36923,67.1896],[14.37131,67.18905],[14.37077,67.18868]],[[14.5243,67.21117],[14.5198,67.21019],[14.4996,67.2078],[14.49682,67.20808],[14.49561,67.20886],[14.48867,67.20867],[14.48437,67.20693],[14.48,67.20649],[14.47561,67.20545],[14.47245,67.20547],[14.46775,67.20419],[14.45879,67.2027],[14.45585,67.20252],[14.45404,67.20323],[14.42709,67.19965],[14.42327,67.19867],[14.4239,67.19766],[14.42194,67.19728]],[[14.52996,67.21119],[14.5249,67.20998],[14.51567,67.20935],[14.51161,67.20793],[14.51161,67.20743],[14.51295,67.20702]],[[14.681,67.21114],[14.67899,67.21156]],[[14.70972,67.21162],[14.70623,67.21132],[14.70417,67.21161]],[[14.95017,67.21187],[14.94981,67.20797],[14.95097,67.2075],[14.95165,67.20625],[14.95002,67.20353],[14.94104,67.20031],[14.93551,67.19575],[14.92762,67.1932]],[[15.00252,67.21155],[15,67.20925]],[[14.36249,67.21061],[14.36171,67.21223],[14.36377,67.21249],[14.36719,67.21183],[14.36994,67.212]],[[14.68497,67.21458],[14.68696,67.21466],[14.68144,67.21332]],[[14.5243,67.21117],[14.52754,67.21286],[14.53338,67.21365],[14.53722,67.21474]],[[14.53728,67.21184],[14.54379,67.21213],[14.56576,67.2149]],[[14.96202,67.21367],[14.9593,67.21341],[14.95861,67.21368],[14.95895,67.21464],[14.96389,67.21601],[14.96661,67.21615],[14.96788,67.21578],[14.96815,67.21541],[14.96684,67.21487],[14.96435,67.21453],[14.96202,67.21367]],[[14.67966,67.21585],[14.68297,67.21473],[14.68497,67.21458]],[[14.68355,67.21157],[14.69174,67.2143],[14.70107,67.21643],[14.70255,67.21594],[14.70067,67.215],[14.70039,67.21393],[14.70194,67.2125],[14.70417,67.21161]],[[15,67.2158],[15.00261,67.21569]],[[15,67.2158],[14.99818,67.21638],[15,67.21792]],[[14.65716,67.21987],[14.67196,67.21832],[14.67966,67.21585]],[[14.56576,67.2149],[14.57773,67.21675],[14.58464,67.2169],[14.59363,67.21849],[14.60475,67.2199]],[[14.65283,67.22045],[14.65508,67.22042],[14.65716,67.21987]],[[14.60475,67.2199],[14.61002,67.22124],[14.61164,67.22216],[14.61892,67.22085],[14.62866,67.22242],[14.63119,67.22226],[14.63511,67.22126],[14.6458,67.22185],[14.64981,67.22075],[14.65283,67.22045]],[[14.37302,67.21232],[14.37529,67.2131],[14.37504,67.2149],[14.37657,67.2156],[14.37938,67.2154],[14.38314,67.21682],[14.38512,67.21659],[14.38716,67.21681],[14.39114,67.21891],[14.3951,67.21955],[14.399,67.21948],[14.40137,67.22006],[14.40035,67.22061],[14.40086,67.22089],[14.40458,67.22141],[14.4081,67.22135],[14.4213,67.22424]],[[14.65273,67.22797],[14.65086,67.22811],[14.64322,67.22683],[14.6273,67.22685],[14.6266,67.22766],[14.62084,67.22834],[14.62279,67.2305]],[[14.88424,67.22828],[14.8857,67.22835],[14.88782,67.2292],[14.89066,67.22908],[14.90073,67.23011]],[[14.60705,67.23006],[14.60829,67.22761],[14.61463,67.22662],[14.61664,67.22547],[14.61455,67.22461],[14.59734,67.2222],[14.58745,67.22131],[14.58003,67.22003],[14.55623,67.21793],[14.53722,67.21474]],[[14.61087,67.22981],[14.60844,67.2304],[14.60993,67.23146],[14.61211,67.23102],[14.61087,67.22981]],[[14.48372,67.23146],[14.49029,67.2324]],[[14.70972,67.21162],[14.712,67.21193],[14.73661,67.21864],[14.73854,67.22001],[14.73759,67.22192],[14.73822,67.22261],[14.74713,67.22368],[14.75275,67.22604],[14.74929,67.22779],[14.75044,67.22873],[14.75564,67.23042],[14.76843,67.23351]],[[14.56959,67.23694],[14.57422,67.23784],[14.57648,67.23759]],[[14.90073,67.23011],[14.90479,67.23049],[14.90821,67.23018],[14.91147,67.23361],[14.91341,67.23427],[14.91613,67.23439],[14.91948,67.23523]],[[14.54729,67.23602],[14.55143,67.23503],[14.55412,67.23487]],[[14.82623,67.23685],[14.82886,67.23615],[14.84554,67.23464],[14.84598,67.23352],[14.84224,67.22929],[14.84193,67.22822],[14.84298,67.22798],[14.85162,67.22882],[14.85933,67.22842],[14.87454,67.22934],[14.88424,67.22828]],[[14.49029,67.2324],[14.49479,67.23272],[14.49628,67.23234],[14.50192,67.23338],[14.50491,67.23462],[14.51295,67.23614],[14.52262,67.23627],[14.52787,67.23695],[14.53679,67.23722]],[[14.95017,67.21187],[14.94732,67.21732],[14.94602,67.21821],[14.9432,67.21867],[14.94242,67.22022],[14.94026,67.22186],[14.94137,67.22492],[14.94657,67.22727],[14.9489,67.22705],[14.95108,67.22627],[14.9517,67.2235],[14.95354,67.22297],[14.96409,67.22496],[14.97907,67.22966],[14.98465,67.23013],[14.98647,67.23174],[14.99321,67.23433],[14.99469,67.23461],[14.99833,67.23447],[14.99742,67.23631],[15,67.23802]],[[14.53679,67.23722],[14.54742,67.23752],[14.5483,67.23725],[14.54681,67.23669],[14.54729,67.23602]],[[14.65259,67.23768],[14.65883,67.23731],[14.6627,67.23763],[14.66532,67.23721],[14.6686,67.23809],[14.67348,67.23779],[14.6814,67.23825]],[[14.82666,67.2391],[14.82494,67.23803],[14.82623,67.23685]],[[14.71258,67.23812],[14.71376,67.23816],[14.71349,67.23891],[14.71884,67.23938],[14.71925,67.239],[14.71623,67.2381],[14.72256,67.23792],[14.72422,67.23731],[14.71999,67.23499],[14.72092,67.23428],[14.71945,67.23294],[14.71185,67.22864],[14.70886,67.22609],[14.70433,67.22508],[14.69185,67.22519],[14.68736,67.22452],[14.67857,67.2253],[14.66761,67.22527],[14.65841,67.22657],[14.65273,67.22797]],[[14.57648,67.23759],[14.57887,67.23863],[14.5866,67.23818],[14.58872,67.23835],[14.59093,67.2393],[14.5952,67.23802],[14.60051,67.23722],[14.60185,67.23634],[14.60205,67.23523],[14.60376,67.23474],[14.60455,67.23378],[14.60527,67.23083],[14.60705,67.23006]],[[14.4213,67.22424],[14.42698,67.22424],[14.43562,67.22612],[14.4426,67.22706],[14.44566,67.22784],[14.44548,67.22876],[14.45639,67.23022],[14.46336,67.23177],[14.46813,67.23209],[14.47254,67.23361],[14.47494,67.23384],[14.48023,67.23578],[14.48453,67.23607],[14.49668,67.23865],[14.50325,67.23907],[14.50423,67.23862],[14.5104,67.23894],[14.50959,67.23843],[14.50687,67.23833],[14.5025,67.23737],[14.50036,67.23621],[14.49563,67.23471],[14.49527,67.23381],[14.48865,67.23376],[14.48842,67.23306],[14.48577,67.23283],[14.48224,67.23192],[14.48237,67.23144],[14.48372,67.23146]],[[14.76843,67.23351],[14.77845,67.23641],[14.78497,67.23716],[14.79817,67.24],[14.81464,67.24072],[14.81854,67.24051],[14.82389,67.2411],[14.82671,67.24081],[14.82666,67.2391]],[[14.6814,67.23825],[14.6859,67.23926],[14.68905,67.23883],[14.69177,67.23935],[14.694,67.23933],[14.6959,67.23865],[14.69596,67.24031],[14.70096,67.24094],[14.70572,67.23924],[14.70875,67.23921],[14.71258,67.23812]],[[14.63328,67.24093],[14.63827,67.24062],[14.64375,67.23902],[14.65259,67.23768]],[[14.68973,67.24038],[14.68354,67.24017],[14.68182,67.24067],[14.68418,67.24109],[14.68973,67.24038]],[[14.7289,67.2414],[14.7284,67.24095],[14.72495,67.24102],[14.7203,67.24006],[14.71893,67.24099],[14.72178,67.24197],[14.72843,67.24168],[14.7289,67.2414]],[[14.97987,67.24225],[14.98239,67.24129],[14.98372,67.23985],[14.99586,67.24091],[15,67.2408]],[[14.95342,67.2435],[14.95771,67.2444],[14.95992,67.24455],[14.96167,67.24421],[14.96454,67.24488],[14.96679,67.24638],[14.96702,67.24801],[14.97279,67.24919],[14.97469,67.24878],[14.97921,67.24875],[14.98251,67.24621],[14.98219,67.2452],[14.97987,67.24494],[14.97987,67.24225]],[[14.69682,67.24127],[14.69295,67.24151],[14.68967,67.2423],[14.69181,67.24268],[14.6989,67.24189],[14.69682,67.24127]],[[14.91948,67.23523],[14.93419,67.23844],[14.93687,67.23949],[14.94349,67.24089],[14.94785,67.24246],[14.95342,67.2435]],[[14.62279,67.2305],[14.62296,67.2309],[14.62117,67.23143],[14.61549,67.23148],[14.61367,67.23326],[14.61429,67.2339],[14.61263,67.2407],[14.61326,67.24098],[14.61522,67.24069],[14.61589,67.2412],[14.61747,67.2408],[14.62028,67.24118],[14.61849,67.24383]],[[14.61849,67.24383],[14.62166,67.2441],[14.62429,67.24388],[14.63328,67.24093]],[[14.73308,67.24399],[14.72903,67.24218],[14.72212,67.2424],[14.71794,67.24105],[14.71201,67.24015],[14.71172,67.24043],[14.71428,67.24152],[14.71305,67.24204],[14.7139,67.24346],[14.71214,67.24363],[14.71071,67.24431],[14.71485,67.2449]],[[14.71485,67.2449],[14.71692,67.24463],[14.71856,67.24532],[14.71355,67.24597]],[[14.71355,67.24597],[14.71113,67.24599],[14.70972,67.24676],[14.70378,67.24738],[14.70318,67.24864],[14.70131,67.24937],[14.70166,67.24983]],[[14.92746,67.25289],[14.933,67.25193],[14.93266,67.25044],[14.93064,67.24774],[14.92882,67.24657],[14.92498,67.24562],[14.92286,67.24412],[14.92213,67.24419],[14.92017,67.24666],[14.91868,67.2472],[14.90934,67.24588],[14.90702,67.24636],[14.90906,67.24767],[14.91304,67.24784],[14.91372,67.2489],[14.91744,67.25012],[14.92099,67.25049],[14.92345,67.25006],[14.9243,67.25128],[14.92201,67.25128],[14.9217,67.25163],[14.92429,67.2526],[14.92746,67.25289]],[[14.33146,67.25534],[14.32575,67.25406],[14.31961,67.25336],[14.31603,67.25337],[14.31723,67.25425],[14.32245,67.2553]],[[14.3436,67.25539],[14.33901,67.25491],[14.33965,67.25537]],[[14.70166,67.24983],[14.69998,67.25028],[14.69193,67.25052],[14.68951,67.25191],[14.69114,67.25352],[14.69403,67.25443],[14.6974,67.25493],[14.69978,67.25576],[14.7002,67.25645]],[[14.7679,67.25656],[14.75675,67.25184],[14.75275,67.25088],[14.74737,67.24847],[14.74417,67.24775],[14.74426,67.24672],[14.74529,67.24632],[14.74415,67.24582],[14.74063,67.24557],[14.73308,67.24399]],[[14.7679,67.25656],[14.76821,67.25674]],[[14.33965,67.25537],[14.34738,67.25701],[14.34879,67.25671],[14.34826,67.25605],[14.3436,67.25539]],[[14.70021,67.25649],[14.69712,67.25757],[14.70776,67.25794],[14.7111,67.25861],[14.71075,67.25954],[14.70848,67.26053],[14.70888,67.26082],[14.71671,67.26099]],[[14.36754,67.26019],[14.36538,67.26018],[14.36503,67.26159],[14.36348,67.26117],[14.36227,67.25954],[14.35904,67.2592],[14.35853,67.25799],[14.35624,67.25748],[14.35433,67.25752],[14.35636,67.2588],[14.35493,67.25908],[14.34556,67.25752],[14.33752,67.25672],[14.33146,67.25534]],[[14.72231,67.26292],[14.71671,67.26099]],[[14.36754,67.26019],[14.3701,67.26059],[14.37178,67.26159],[14.37817,67.26322],[14.38232,67.26385]],[[14.28622,67.26207],[14.28397,67.26182],[14.28319,67.26208],[14.28629,67.2632],[14.28967,67.2635],[14.29641,67.26514],[14.30028,67.26545],[14.29538,67.26396],[14.28622,67.26207]],[[14.40085,67.26625],[14.39569,67.26464],[14.38959,67.26343],[14.38731,67.2634],[14.3877,67.26422],[14.38662,67.26463],[14.38232,67.26385]],[[14.26675,67.26505],[14.26404,67.26483],[14.26238,67.26514],[14.26439,67.26619],[14.27059,67.26712],[14.27283,67.26708],[14.2706,67.26599],[14.26675,67.26505]],[[14.44083,67.26794],[14.42915,67.26728]],[[14.40085,67.26625],[14.40572,67.26718],[14.41007,67.26856],[14.41228,67.26874]],[[14.76821,67.25674],[14.77522,67.25943],[14.78239,67.26095],[14.78772,67.26254],[14.79591,67.26406],[14.79899,67.26446],[14.80372,67.26417],[14.80918,67.26513],[14.81748,67.26559],[14.83084,67.26705],[14.83777,67.26856],[14.84015,67.26975]],[[14.42915,67.26728],[14.42418,67.26656],[14.42401,67.26692],[14.42683,67.26739],[14.42695,67.26775],[14.42461,67.26784],[14.42186,67.26879],[14.42023,67.26831]],[[14.41228,67.26874],[14.41441,67.26866],[14.41307,67.26725],[14.41032,67.2665],[14.41066,67.26622],[14.41734,67.26731],[14.42023,67.26831]],[[14.46609,67.27267],[14.45488,67.27075],[14.44658,67.26863],[14.44083,67.26794]],[[14.30233,67.27193],[14.29997,67.2714],[14.29815,67.27167],[14.29717,67.27067],[14.29278,67.26922],[14.29194,67.26971],[14.28909,67.26953],[14.29069,67.27054],[14.29376,67.27041],[14.29703,67.27206],[14.30211,67.27321],[14.30233,67.27193]],[[14.72231,67.26292],[14.72244,67.26369],[14.72038,67.26474],[14.71867,67.26495],[14.71576,67.26447],[14.71386,67.26487],[14.71533,67.26549],[14.71499,67.26576],[14.70956,67.26568],[14.70845,67.26603],[14.70868,67.2663],[14.71529,67.26701],[14.70802,67.26847],[14.70713,67.26899],[14.70828,67.26983],[14.70542,67.27037],[14.70765,67.27143],[14.71015,67.27161],[14.70897,67.27204],[14.70633,67.27205],[14.70657,67.27247],[14.71057,67.27309],[14.71445,67.27423],[14.71161,67.27435],[14.71015,67.27608],[14.71408,67.27573],[14.71624,67.27464],[14.71882,67.27488]],[[14.46609,67.27267],[14.47008,67.2732],[14.47065,67.27285],[14.46981,67.27235],[14.4712,67.2719],[14.47515,67.273],[14.4795,67.27295],[14.48678,67.2741],[14.48883,67.274],[14.48705,67.27338],[14.48862,67.27319],[14.49942,67.27446],[14.50202,67.27408],[14.50778,67.27475],[14.51635,67.27514],[14.51987,67.27571],[14.51733,67.27585],[14.52056,67.27636]],[[14.52056,67.27636],[14.52811,67.27682],[14.53007,67.27594],[14.53604,67.27597]],[[14.05667,67.27554],[14.05698,67.27521],[14.05445,67.27502],[14.0566,67.27496],[14.05676,67.27446],[14.058,67.27461],[14.0586,67.27422],[14.05747,67.2738],[14.05789,67.27325],[14.05128,67.27088],[14.04725,67.27113],[14.04643,67.2721],[14.05153,67.27306],[14.05167,67.27466],[14.05462,67.27552],[14.05667,67.27554]],[[14.16481,67.27628],[14.16209,67.27566],[14.16447,67.27581],[14.15952,67.27289],[14.15497,67.27144],[14.15413,67.2715],[14.15421,67.27215],[14.15279,67.27175],[14.1528,67.27251],[14.15529,67.27312],[14.15917,67.27566],[14.1615,67.27606],[14.16212,67.27581],[14.16345,67.27684],[14.16481,67.27628]],[[14.58766,67.27768],[14.58538,67.27651],[14.58116,67.27604],[14.5808,67.27641],[14.57759,67.27655],[14.57714,67.27718],[14.57155,67.27616],[14.56819,67.27635],[14.56142,67.27441],[14.55997,67.27446],[14.5596,67.27545],[14.55711,67.2758],[14.56173,67.2772],[14.56126,67.27744],[14.56201,67.27757],[14.56044,67.2779],[14.56009,67.27852],[14.55128,67.27673],[14.53604,67.27597]],[[14.86332,67.28063],[14.8633,67.2789],[14.85614,67.27641],[14.85294,67.27321],[14.84314,67.27119],[14.84015,67.26975]],[[14.60667,67.28103],[14.60546,67.28029],[14.60575,67.27939],[14.60379,67.27891],[14.60168,67.27879],[14.60173,67.27947],[14.60057,67.27957],[14.59944,67.27942],[14.59757,67.27823],[14.59519,67.27888],[14.59413,67.27831],[14.59553,67.27793],[14.59431,67.27752],[14.58766,67.27768]],[[14.30391,67.28097],[14.30153,67.28046],[14.29813,67.28041],[14.29881,67.28112],[14.30388,67.28212]],[[14.72766,67.28427],[14.73039,67.28421],[14.7331,67.28334],[14.73219,67.2827],[14.72697,67.28245],[14.72237,67.28108],[14.71882,67.27842],[14.72037,67.27724],[14.71915,67.2755],[14.71997,67.27512],[14.71882,67.27488]],[[14.66967,67.29446],[14.66242,67.29361],[14.66138,67.29377],[14.6518,67.29228]],[[14.88391,67.29749],[14.88755,67.29685],[14.89254,67.29761],[14.8954,67.29742],[14.90699,67.29309],[14.91225,67.2925],[14.91622,67.29249],[14.92746,67.29098],[14.93286,67.291],[14.93838,67.29151],[14.9444,67.29309],[14.95233,67.29394]],[[14.64798,67.39514],[14.64768,67.39544],[14.64464,67.39522],[14.63998,67.39588],[14.63634,67.39557]],[[14.59875,67.28463],[14.60204,67.28542],[14.60444,67.28547],[14.61332,67.28752],[14.61662,67.28738],[14.61772,67.28646],[14.61935,67.28665]],[[14.38778,67.28687],[14.38361,67.28563],[14.37678,67.28451],[14.37285,67.28331],[14.37257,67.28114],[14.36256,67.27885],[14.36001,67.27622],[14.35359,67.27498],[14.35254,67.27445]],[[14.61935,67.28665],[14.62172,67.2875],[14.62881,67.28799],[14.63486,67.28731],[14.63446,67.28614],[14.6329,67.28538],[14.63062,67.285],[14.63025,67.28542],[14.62752,67.28497],[14.6221,67.28255],[14.61716,67.28186],[14.61465,67.28192],[14.61502,67.28152],[14.61298,67.28085],[14.60667,67.28103]],[[14.83309,67.28838],[14.84703,67.2881],[14.85567,67.28763],[14.86014,67.28692],[14.86181,67.28618],[14.8645,67.28577],[14.86977,67.28339],[14.86643,67.28336],[14.86332,67.28063]],[[14.82264,67.28341],[14.82708,67.28475],[14.82971,67.28631],[14.82976,67.28717],[14.82675,67.28819],[14.82662,67.28872],[14.83309,67.28838]],[[14.00422,67.28658],[14.00561,67.2865]],[[14.72766,67.28427],[14.72576,67.28405],[14.72443,67.28478],[14.72177,67.28478],[14.72028,67.28667],[14.71696,67.28585],[14.71505,67.28577],[14.71413,67.28618],[14.71741,67.28812],[14.7193,67.28808],[14.72059,67.28954]],[[14.30387,67.28252],[14.2933,67.2818],[14.2907,67.28128],[14.28957,67.28153],[14.28923,67.28212],[14.29667,67.28519],[14.29588,67.28582],[14.29031,67.28429],[14.2897,67.28364],[14.28513,67.28192],[14.28402,67.28172],[14.2834,67.2821],[14.28492,67.2834],[14.29328,67.28708],[14.29246,67.28737],[14.2878,67.28618],[14.28657,67.28687],[14.2925,67.29003],[14.2953,67.29076],[14.29691,67.29062],[14.29457,67.28855],[14.29519,67.28815],[14.29881,67.28861],[14.30109,67.28829],[14.30367,67.28934]],[[13.99975,67.28727],[14.00422,67.28658]],[[14.59918,67.28656],[14.6008,67.28666],[14.6023,67.2861],[14.60351,67.28631],[14.60346,67.28681],[14.60621,67.28833],[14.61189,67.28968],[14.61317,67.28929],[14.62124,67.28982],[14.622,67.28947],[14.62144,67.28876],[14.62236,67.28868],[14.62856,67.28925],[14.63077,67.29043],[14.63626,67.29144],[14.64707,67.29144],[14.6518,67.29228]],[[14.71766,67.29494],[14.71854,67.29485],[14.71761,67.29329],[14.71878,67.29207],[14.7209,67.29205],[14.72059,67.28954]],[[14.95233,67.29394],[14.95507,67.29452],[14.97468,67.29539]],[[14.97468,67.29539],[14.97628,67.29538],[14.97712,67.29431],[14.98139,67.29301],[14.98639,67.28982],[14.98912,67.28972],[15,67.29053]],[[14.8524,67.29445],[14.84239,67.29422],[14.84113,67.29204],[14.84022,67.29176],[14.83056,67.29083],[14.82767,67.2919]],[[14.99555,67.29503],[14.99631,67.29572],[14.99878,67.29591],[15,67.29556]],[[14.00561,67.2865],[14.00657,67.28681],[14.00751,67.28645],[14.01045,67.28661],[14.00955,67.28715],[14.00689,67.28681],[14.00642,67.28734],[14,67.2879],[13.99994,67.28831]],[[13.99946,67.2898],[14.0011,67.28972],[13.99969,67.28946]],[[13.99969,67.28946],[14.00075,67.2893],[14.00045,67.28883],[14.00642,67.28776],[14.00964,67.28806],[14.01097,67.28775],[14.01028,67.28759],[14.01416,67.287],[14.01456,67.28621],[14.01368,67.28598],[14.01636,67.28503],[14.01565,67.28367],[14.01779,67.28315],[14.02018,67.28361],[14.02064,67.28501],[14.01946,67.28542],[14.02012,67.28571],[14.01954,67.28605],[14.02057,67.28616],[14.02018,67.2868],[14.02493,67.28618],[14.02191,67.28581],[14.02444,67.28519],[14.02339,67.28474],[14.026,67.28502],[14.02741,67.28448],[14.02151,67.28463],[14.02149,67.2842],[14.02682,67.28411],[14.02684,67.28376],[14.02289,67.28374],[14.02174,67.28316],[14.02174,67.28217],[14.01691,67.28038],[14.01426,67.28037],[14.01196,67.27889],[14.0059,67.27706],[14.00645,67.27691],[14.0051,67.27509],[14.00266,67.27431],[14.00122,67.27326],[13.99683,67.2722]],[[13.99707,67.27589],[14.00008,67.27696],[13.9919,67.27584]],[[14.82264,67.28341],[14.8219,67.28323],[14.82124,67.28397],[14.81735,67.28522],[14.80962,67.28707],[14.80326,67.28635],[14.79864,67.28642],[14.79691,67.28739],[14.79269,67.28845],[14.79584,67.28929],[14.80829,67.29129],[14.81199,67.29222],[14.81386,67.29314],[14.82301,67.29323],[14.82767,67.2919]],[[14.71766,67.29494],[14.71142,67.29278],[14.70877,67.29381],[14.70896,67.29429],[14.71219,67.29456],[14.71398,67.29522],[14.71594,67.29504],[14.71624,67.29573]],[[14.3709,67.29552],[14.36541,67.29047],[14.35941,67.28863],[14.33883,67.2848],[14.33278,67.28328],[14.32373,67.28207],[14.32846,67.28472],[14.33455,67.28615],[14.34037,67.28916],[14.34712,67.29005],[14.3489,67.29065],[14.34997,67.29233],[14.35386,67.29503],[14.35654,67.29543],[14.3644,67.29502],[14.37082,67.2967],[14.37165,67.2965],[14.3709,67.29552]],[[14.98677,67.298],[14.98895,67.29641],[14.99555,67.29503]],[[14.3198,67.30014],[14.31365,67.29827],[14.31199,67.2984],[14.31128,67.29893],[14.31294,67.30011]],[[15.00352,67.29046],[15,67.29053]],[[14.8524,67.29445],[14.8537,67.29382],[14.85528,67.29383],[14.85644,67.2944],[14.8579,67.29362],[14.86322,67.2937],[14.86322,67.29478],[14.86037,67.29478],[14.85964,67.29522],[14.85988,67.29733],[14.86158,67.29795],[14.86733,67.2977],[14.8706,67.29817],[14.87618,67.29826],[14.88391,67.29749]],[[14.38778,67.28687],[14.38961,67.28835],[14.39373,67.2883],[14.39509,67.28859],[14.40224,67.29449],[14.40129,67.29508],[14.3943,67.29695],[14.3912,67.2966],[14.38977,67.29598],[14.38386,67.29046],[14.38086,67.28965],[14.37594,67.28942],[14.37262,67.28757],[14.36966,67.28747],[14.36541,67.2864],[14.36464,67.28653],[14.36738,67.28814],[14.37593,67.28946],[14.37559,67.29022],[14.37257,67.29057],[14.37242,67.29089],[14.37401,67.29149],[14.37642,67.29119],[14.37919,67.29147],[14.38265,67.29393],[14.38219,67.29448],[14.38341,67.2954],[14.38919,67.29776]],[[14.32691,67.30017],[14.32593,67.29844],[14.31929,67.29564],[14.31605,67.29459],[14.31514,67.29516],[14.3137,67.2951],[14.30763,67.2934],[14.30565,67.292],[14.30586,67.29068],[14.30367,67.28934]],[[14.35176,67.30027],[14.34873,67.29937],[14.34404,67.29888],[14.34201,67.29721],[14.33354,67.29405],[14.33073,67.29204],[14.32849,67.29175],[14.32644,67.28934],[14.31547,67.28382],[14.31325,67.28332],[14.30717,67.28309],[14.30509,67.28222],[14.30391,67.28097]],[[14.39408,67.30044],[14.38919,67.29776]],[[14.70085,67.3013],[14.69687,67.29977],[14.69744,67.29932],[14.69624,67.29882],[14.69525,67.2995],[14.69279,67.29871],[14.69077,67.29853],[14.69076,67.29935],[14.68924,67.29944],[14.68485,67.29862],[14.68067,67.29663],[14.67603,67.29511],[14.67281,67.29437],[14.66967,67.29446]],[[14.7308,67.30135],[14.72392,67.29982],[14.72146,67.29854],[14.72072,67.29709],[14.71796,67.29613],[14.71606,67.29643],[14.71624,67.29573]],[[14.98902,67.30158],[14.98723,67.30061],[14.98629,67.29899]],[[14.39286,67.30161],[14.39474,67.301],[14.39408,67.30044]],[[14.38771,67.30041],[14.39186,67.30172],[14.39286,67.30161]],[[14.7308,67.30135],[14.73256,67.30221],[14.73251,67.30303],[14.73397,67.30327]],[[14.31294,67.30011],[14.31657,67.30304],[14.31867,67.30377],[14.31726,67.30417],[14.31796,67.30481],[14.3244,67.30611],[14.32985,67.30619],[14.32663,67.30466],[14.32317,67.30397],[14.32376,67.30292],[14.32554,67.30238],[14.3198,67.30014]],[[14.98902,67.30158],[14.99509,67.30456],[14.9947,67.30482],[14.99184,67.30466],[14.9917,67.30515],[14.99454,67.30657],[15,67.30778]],[[14.32691,67.30017],[14.32933,67.30275],[14.33317,67.30372],[14.33379,67.30289],[14.33496,67.30273],[14.34856,67.30799],[14.35154,67.30763],[14.35263,67.30699],[14.35028,67.3044],[14.35007,67.30311],[14.3549,67.30402],[14.35632,67.3036],[14.35579,67.30164],[14.35176,67.30027]],[[14.4151,67.30854],[14.41769,67.30856],[14.41928,67.3077]],[[14.42432,67.30727],[14.42525,67.3085],[14.42924,67.30874],[14.43344,67.30958],[14.43331,67.30903]],[[14.38368,67.3004],[14.38439,67.30193],[14.38658,67.30328],[14.38638,67.30459],[14.38854,67.30662],[14.39994,67.31061],[14.40652,67.3108],[14.41198,67.31019],[14.4151,67.30854]],[[14.44447,67.31276],[14.43454,67.30854],[14.43331,67.30903]],[[14.44447,67.31276],[14.44601,67.31389],[14.44971,67.31477],[14.45701,67.31829]],[[14.16717,67.32037],[14.16777,67.32007],[14.16975,67.32014],[14.16735,67.3197],[14.16929,67.31971],[14.16872,67.31842],[14.16498,67.31613],[14.16297,67.31525],[14.16071,67.31487],[14.16288,67.31861],[14.16717,67.32037]],[[14.52674,67.34573],[14.52482,67.34573]],[[15,67.30778],[15.00196,67.30784]],[[14.48011,67.32616],[14.48027,67.32428],[14.47627,67.3218],[14.46467,67.32239],[14.46351,67.32279],[14.46316,67.32364],[14.4538,67.3217],[14.4542,67.32031],[14.45845,67.31965],[14.45701,67.31829]],[[14.48011,67.32616],[14.48338,67.32851]],[[14.39995,67.33817],[14.39745,67.33824],[14.39764,67.33906],[14.40516,67.34193],[14.40671,67.34184],[14.40549,67.34007],[14.39995,67.33817]],[[14.48338,67.32851],[14.4847,67.32914],[14.48363,67.32992],[14.47918,67.32969],[14.48391,67.33289],[14.48737,67.33339],[14.48988,67.33314],[14.4918,67.33377],[14.49042,67.33513],[14.48601,67.33447],[14.48509,67.33486],[14.48576,67.33532],[14.49679,67.33878],[14.50042,67.34091],[14.50416,67.34238],[14.5173,67.34516],[14.51829,67.34467],[14.51601,67.34328],[14.51736,67.3427]],[[14.49156,67.34563],[14.49235,67.34532],[14.49135,67.34469],[14.48427,67.34313],[14.48312,67.34196],[14.48175,67.34201],[14.47939,67.34285],[14.47952,67.34326],[14.48897,67.34562]],[[14.52272,67.34572],[14.52094,67.34498],[14.51862,67.34276],[14.51736,67.3427]],[[14.48897,67.34562],[14.49033,67.34587],[14.49156,67.34563]],[[14.52272,67.34572],[14.52416,67.34598],[14.52482,67.34573]],[[14.52674,67.34573],[14.52888,67.34621]],[[14.53463,67.34892],[14.53805,67.34875],[14.54053,67.34943],[14.54123,67.34923],[14.53833,67.34801],[14.53627,67.34808],[14.53465,67.34767]],[[14.54679,67.35329],[14.54817,67.35325],[14.54928,67.35373]],[[14.27003,67.35492],[14.26705,67.35478],[14.26678,67.35503],[14.27088,67.35636],[14.27125,67.35576],[14.27003,67.35492]],[[14.26152,67.35831],[14.26053,67.35839],[14.26038,67.35897],[14.26195,67.35955],[14.26716,67.36059],[14.26996,67.36052],[14.26691,67.35893],[14.26152,67.35831]],[[14.57189,67.36244],[14.57226,67.36144],[14.56947,67.3595],[14.56204,67.35705],[14.55708,67.35612],[14.54928,67.35373]],[[14.54155,67.36466],[14.53874,67.36439],[14.54203,67.36586],[14.5419,67.36665],[14.54305,67.36749],[14.54523,67.36779],[14.54155,67.36466]],[[14.55502,67.36529],[14.55168,67.3641],[14.55036,67.36422],[14.55113,67.36509],[14.54623,67.36486],[14.54815,67.36707],[14.54981,67.36752],[14.55608,67.36799],[14.55502,67.36529]],[[14.50036,67.36855],[14.49949,67.36843],[14.49922,67.36919],[14.50197,67.37057],[14.50036,67.36855]],[[14.54938,67.369],[14.54627,67.3689],[14.54598,67.36917],[14.55025,67.37065],[14.55214,67.37072],[14.55191,67.37015],[14.54938,67.369]],[[14.53426,67.36777],[14.52739,67.36576],[14.52652,67.36365],[14.52163,67.36252],[14.51732,67.36082],[14.51614,67.36097],[14.51719,67.36188],[14.51656,67.36252],[14.51806,67.36367],[14.51971,67.36415],[14.5213,67.36539],[14.52532,67.366],[14.52696,67.36692],[14.52261,67.3665],[14.52197,67.3668],[14.53417,67.37233]],[[14.50771,67.3701],[14.50679,67.37034],[14.50748,67.37181],[14.51286,67.37354],[14.51285,67.37239],[14.50771,67.3701]],[[14.48952,67.37225],[14.48773,67.37238],[14.48877,67.37366],[14.49282,67.37547],[14.49474,67.37523],[14.49385,67.37414],[14.48952,67.37225]],[[14.51703,67.37539],[14.51449,67.37515],[14.51534,67.37656],[14.51831,67.37765],[14.52316,67.37853],[14.52198,67.37738],[14.51703,67.37539]],[[14.49876,67.37248],[14.49659,67.37238],[14.49471,67.3704],[14.49202,67.36984],[14.49197,67.37062],[14.49498,67.37313],[14.49676,67.37397],[14.49975,67.37453],[14.50083,67.37635],[14.50318,67.3769],[14.50399,67.37648],[14.50237,67.37459],[14.49864,67.37309],[14.49876,67.37248]],[[14.53413,67.37432],[14.52681,67.37041],[14.51783,67.3673],[14.51613,67.36737],[14.51787,67.36921],[14.52529,67.37266],[14.52684,67.37538],[14.52773,67.37567],[14.52763,67.37674],[14.53407,67.37772]],[[14.53407,67.37772],[14.53633,67.37782],[14.53679,67.37724],[14.53494,67.37608],[14.53413,67.37432]],[[14.57189,67.36244],[14.56962,67.36419],[14.56757,67.36392],[14.56052,67.36425],[14.56133,67.36529],[14.57012,67.3678],[14.56946,67.36881],[14.56602,67.36921],[14.56567,67.36972],[14.56875,67.37087],[14.57277,67.37085],[14.57325,67.37221],[14.57757,67.37379],[14.57986,67.37284],[14.57819,67.37184],[14.57923,67.37151],[14.58155,67.37182],[14.58199,67.37327],[14.58411,67.3733],[14.58398,67.37217],[14.58271,67.37162],[14.58391,67.36942],[14.58509,67.36937],[14.58935,67.37126],[14.58886,67.37158],[14.58528,67.37188],[14.58663,67.3739],[14.59018,67.37575],[14.5933,67.37614],[14.58897,67.3771],[14.5924,67.37776],[14.59245,67.37714],[14.59366,67.37685],[14.59914,67.37864],[14.60326,67.37876]],[[14.50712,67.37399],[14.50596,67.37401],[14.50982,67.37708],[14.51399,67.37891],[14.51571,67.37905],[14.51539,67.37797],[14.50712,67.37399]],[[14.36941,67.37779],[14.36652,67.37688],[14.36663,67.37836],[14.37119,67.38014],[14.37217,67.37972],[14.37126,67.37833],[14.36941,67.37779]],[[14.53417,67.37233],[14.53577,67.37314],[14.53728,67.37577],[14.53992,67.37748],[14.54137,67.37815],[14.54283,67.37794],[14.546,67.37909],[14.54891,67.3796],[14.55129,67.38124],[14.55476,67.3808],[14.55033,67.37939],[14.55098,67.37893],[14.55576,67.38012],[14.55992,67.37997],[14.55949,67.38075],[14.56044,67.3811],[14.56732,67.38119],[14.5691,67.37981],[14.56838,67.37899],[14.56639,67.37726],[14.56049,67.37484],[14.55836,67.37331],[14.55497,67.37278],[14.54522,67.36998],[14.54024,67.3679],[14.53426,67.36777]],[[14.28979,67.37789],[14.28597,67.37805],[14.28686,67.37901],[14.2889,67.37975],[14.29416,67.38037],[14.29683,67.38024],[14.29664,67.37962],[14.29516,67.37908],[14.28979,67.37789]],[[14.33102,67.3786],[14.32848,67.37887],[14.32913,67.37998],[14.33194,67.38107],[14.33413,67.38118],[14.33313,67.37958],[14.33102,67.3786]],[[14.46472,67.38079],[14.4631,67.38094],[14.46347,67.38164],[14.46739,67.38293],[14.46642,67.3815],[14.46472,67.38079]],[[14.36421,67.38059],[14.36313,67.38083],[14.36338,67.38137],[14.36699,67.383],[14.36637,67.38175],[14.36421,67.38059]],[[14.82027,67.38715],[14.82017,67.38733]],[[14.22211,67.38579],[14.2164,67.38297],[14.21374,67.37917],[14.21046,67.37746],[14.20949,67.37599],[14.20856,67.37601],[14.20989,67.38089],[14.21194,67.3829],[14.21444,67.38325],[14.21332,67.38453],[14.21477,67.38487],[14.21413,67.38531],[14.22023,67.38662],[14.22215,67.38646],[14.22211,67.38579]],[[14.62625,67.38831],[14.63104,67.3887],[14.63084,67.38796],[14.63348,67.38539],[14.62959,67.3843],[14.6223,67.38352],[14.62116,67.38395],[14.61982,67.3838],[14.61885,67.38344],[14.61958,67.38276],[14.61754,67.3828],[14.61583,67.38339],[14.61302,67.38311],[14.61248,67.38245],[14.61582,67.3823],[14.61636,67.38198],[14.61622,67.38119],[14.6149,67.38098],[14.6148,67.38053],[14.60973,67.37899],[14.60326,67.37876]],[[14.36533,67.38688],[14.36146,67.3859],[14.35879,67.3862],[14.36324,67.38851],[14.36614,67.38807],[14.36533,67.38688]],[[14.82027,67.38715],[14.82104,67.38691],[14.82631,67.38721],[14.83323,67.38845],[14.83886,67.38867],[14.84563,67.39032],[14.84696,67.38929],[14.84951,67.38959],[14.8469,67.38627]],[[14.23955,67.38949],[14.22933,67.38787],[14.22984,67.38871],[14.23256,67.38945]],[[14.41014,67.3938],[14.40844,67.3937],[14.40905,67.39504],[14.41227,67.39586],[14.41222,67.39487],[14.41014,67.3938]],[[14.25006,67.38954],[14.25027,67.38758],[14.24731,67.38881],[14.24371,67.38928],[14.2332,67.38733],[14.22976,67.38598],[14.22487,67.38534],[14.21953,67.38241],[14.21738,67.37882],[14.21479,67.37631],[14.21608,67.37585],[14.21439,67.37545],[14.21426,67.37431],[14.21521,67.37438],[14.2152,67.37487],[14.21589,67.37455],[14.21793,67.37482],[14.21807,67.37421],[14.2194,67.37392],[14.22163,67.37436],[14.22326,67.37532],[14.22327,67.37643],[14.22867,67.37848],[14.22987,67.37787],[14.22817,67.37767],[14.22579,67.37653],[14.224,67.37349],[14.22539,67.37332],[14.22711,67.37514],[14.22723,67.37349],[14.22907,67.37348],[14.23187,67.37525],[14.23381,67.3756],[14.2357,67.37527],[14.23739,67.37552],[14.24078,67.37832],[14.24123,67.37673],[14.24378,67.37773],[14.24497,67.37726],[14.24174,67.37479],[14.24237,67.37406],[14.24507,67.37396],[14.2424,67.37327],[14.24205,67.3726],[14.24625,67.37238],[14.24991,67.3739],[14.25226,67.37569],[14.25342,67.37526],[14.2508,67.3731],[14.252,67.37277],[14.25486,67.37371],[14.25877,67.37428],[14.25977,67.3738],[14.26139,67.37418],[14.26291,67.37523],[14.2602,67.37521],[14.26102,67.3766],[14.26187,67.37674],[14.26222,67.37629],[14.26412,67.37602],[14.26563,67.37664],[14.2664,67.37826],[14.26908,67.37832],[14.26904,67.37679],[14.26698,67.37557],[14.2675,67.37531],[14.27057,67.37604],[14.28058,67.37983],[14.28667,67.38274],[14.28823,67.38219],[14.28763,67.38151],[14.29066,67.38161],[14.2944,67.38259],[14.2959,67.38344],[14.3009,67.38448]],[[14.35318,67.38998],[14.34862,67.3887],[14.34509,67.38646],[14.34321,67.38628],[14.34397,67.38733],[14.34195,67.38732],[14.32978,67.38495],[14.32531,67.38531],[14.32549,67.38684],[14.32212,67.38778],[14.31556,67.38856],[14.31263,67.38802],[14.30937,67.38817],[14.30359,67.38623],[14.3009,67.38448]],[[14.62571,67.39085],[14.62183,67.38985],[14.61719,67.38786],[14.6208,67.38776],[14.62625,67.38831]],[[14.82877,67.39119],[14.82436,67.39056],[14.82381,67.3899],[14.82608,67.39038],[14.82649,67.38995],[14.82181,67.38857],[14.82017,67.38733]],[[14.86655,67.39122],[14.86793,67.38762],[14.86674,67.38649],[14.86327,67.38502],[14.86044,67.38459],[14.85541,67.38476],[14.85339,67.38524],[14.85279,67.38631],[14.851,67.38651],[14.84626,67.38559],[14.8469,67.38627]],[[14.23256,67.38945],[14.23805,67.39025],[14.24056,67.38992],[14.23955,67.38949]],[[14.59143,67.39076],[14.59608,67.39358],[14.59866,67.39388],[14.59826,67.39294],[14.59468,67.39175],[14.59316,67.39077]],[[14.39508,67.39186],[14.39399,67.39199],[14.39455,67.39315],[14.39907,67.39344],[14.39847,67.39278],[14.39508,67.39186]],[[14.62571,67.39085],[14.64798,67.39514]],[[14.24148,67.39449],[14.23767,67.3939],[14.23648,67.3947],[14.24332,67.39788],[14.24904,67.39815],[14.25108,67.39705],[14.24904,67.39552],[14.24148,67.39449]],[[14.16017,67.39806],[14.16085,67.3982],[14.16166,67.39771],[14.16007,67.397],[14.16085,67.39671],[14.16133,67.39428],[14.15903,67.39275],[14.15828,67.3928],[14.15791,67.39135],[14.15629,67.3911],[14.15553,67.39124],[14.15615,67.39228],[14.15545,67.39204],[14.15406,67.39233],[14.15423,67.39415],[14.15615,67.3941],[14.15525,67.39446],[14.15848,67.39606],[14.15668,67.39559],[14.15618,67.39579],[14.1576,67.39744],[14.15921,67.3982],[14.16017,67.39806]],[[14.60127,67.40141],[14.5996,67.40193],[14.59869,67.40174]],[[14.63634,67.39557],[14.63367,67.39527],[14.63367,67.39697],[14.6383,67.39929],[14.63977,67.4008],[14.64217,67.40165],[14.6417,67.40232],[14.63878,67.4014],[14.63646,67.40121],[14.63621,67.40159],[14.63768,67.4019],[14.63756,67.40231]],[[14.63055,67.40257],[14.61538,67.40106],[14.61011,67.39973],[14.60339,67.40033],[14.60127,67.40141]],[[14.86655,67.39122],[14.86336,67.39611],[14.8617,67.39691],[14.86129,67.39864],[14.86003,67.39931],[14.86553,67.4018],[14.86574,67.40306]],[[14.63423,67.40337],[14.63055,67.40257]],[[14.63756,67.40231],[14.63423,67.40337]],[[14.40256,67.39891],[14.40171,67.39894],[14.40164,67.39944],[14.40333,67.40068],[14.40722,67.40281],[14.40866,67.40297],[14.40684,67.40122],[14.40256,67.39891]],[[14.41428,67.40034],[14.41216,67.40077],[14.41225,67.40211],[14.41337,67.40309],[14.41532,67.40324],[14.41603,67.40281],[14.41428,67.40034]],[[14.26163,67.40112],[14.26007,67.40121],[14.26,67.40241],[14.26391,67.40359],[14.26353,67.40243],[14.26163,67.40112]],[[14.23778,67.40353],[14.24029,67.40373],[14.24108,67.40348],[14.23986,67.40207],[14.23684,67.40302],[14.23462,67.40076],[14.23317,67.40247],[14.23433,67.40437],[14.2364,67.40506],[14.23858,67.40453],[14.23778,67.40353]],[[14.26285,67.40808],[14.26144,67.407],[14.25886,67.40617],[14.25741,67.40642],[14.25484,67.40457],[14.25332,67.4043],[14.25379,67.40501],[14.25303,67.4054],[14.25478,67.4073],[14.25629,67.40793],[14.25897,67.40858],[14.25992,67.40774],[14.26253,67.40908],[14.26331,67.40875],[14.26285,67.40808]],[[14.86574,67.40306],[14.86534,67.40549],[14.86669,67.40765],[14.8714,67.41035],[14.87537,67.41087]],[[14.59869,67.40174],[14.59667,67.40158],[14.59384,67.40252],[14.59029,67.40249],[14.58479,67.4014],[14.58295,67.40148],[14.58047,67.40185],[14.57823,67.40316],[14.57312,67.40323],[14.57354,67.40458],[14.57695,67.40789],[14.58169,67.41038],[14.58339,67.41024]],[[14.25006,67.38954],[14.25098,67.39221],[14.24964,67.39208],[14.24786,67.39052],[14.24561,67.39043],[14.24432,67.3914],[14.24097,67.39225],[14.2406,67.39295],[14.24701,67.39495],[14.24815,67.39492],[14.24884,67.39426],[14.25032,67.39449],[14.25172,67.39654],[14.25601,67.39891],[14.2573,67.39903],[14.25808,67.39858],[14.2547,67.39604],[14.25553,67.39495],[14.25934,67.39479],[14.26096,67.39451],[14.26171,67.39392],[14.26469,67.39427],[14.26424,67.39557],[14.26524,67.39757],[14.26352,67.39839],[14.26209,67.40019],[14.26383,67.40194],[14.26852,67.40303],[14.27084,67.4041],[14.27165,67.40655],[14.26839,67.40726],[14.26621,67.40564],[14.26547,67.40587],[14.26747,67.40807],[14.26929,67.409],[14.27094,67.4091],[14.27331,67.4083],[14.27655,67.40938]],[[14.27655,67.40938],[14.27975,67.41073],[14.28585,67.4118],[14.28788,67.41272]],[[14.58339,67.41024],[14.58536,67.41007],[14.58805,67.41073],[14.59023,67.41053],[14.5934,67.41111],[14.5965,67.41034],[14.59821,67.41037],[14.59987,67.40941],[14.60096,67.40934]],[[14.87537,67.41087],[14.8784,67.41228],[14.88332,67.4172]],[[14.57307,67.40692],[14.5718,67.4067],[14.57063,67.4073],[14.57063,67.4101],[14.57241,67.41138],[14.57559,67.41175],[14.57637,67.4112],[14.57581,67.40916],[14.57307,67.40692]],[[14.38959,67.42083],[14.39211,67.42184],[14.39383,67.42125],[14.40056,67.42175],[14.40323,67.42297],[14.40339,67.42455],[14.41072,67.42684],[14.41132,67.42665],[14.41,67.42587],[14.4103,67.42532],[14.41296,67.42488],[14.41305,67.4235],[14.41465,67.42326],[14.41645,67.42389]],[[14.40385,67.42546],[14.40243,67.42529],[14.40233,67.42627],[14.40384,67.42712],[14.40599,67.42751],[14.4064,67.42636],[14.40385,67.42546]],[[14.06592,67.43385],[14.07449,67.43549],[14.07511,67.43475],[14.07462,67.43381],[14.07352,67.43347]],[[14.38768,67.42336],[14.38635,67.42227],[14.38767,67.42124],[14.38959,67.42083]],[[14.85649,67.42178],[14.85616,67.41787],[14.85504,67.41629],[14.8569,67.41585],[14.85718,67.41483],[14.85454,67.40685],[14.85342,67.40664],[14.85236,67.40456],[14.8503,67.40342],[14.84603,67.40148],[14.8412,67.40005],[14.84212,67.39879],[14.83958,67.39644],[14.83301,67.39483],[14.8316,67.39408],[14.83128,67.39225],[14.82877,67.39119]],[[14.4219,67.41681],[14.41976,67.41632],[14.41856,67.41726],[14.42508,67.41951],[14.43034,67.4208],[14.43186,67.42083],[14.42768,67.41798],[14.4219,67.41681]],[[14.28788,67.41272],[14.29102,67.41637],[14.29552,67.41946],[14.29981,67.42152]],[[14.35318,67.38998],[14.36408,67.39162],[14.3662,67.39099],[14.36834,67.39126],[14.37073,67.39268],[14.36851,67.39335],[14.36932,67.39445],[14.37035,67.39498],[14.37545,67.39561],[14.3787,67.39544],[14.37818,67.39484],[14.37904,67.39405],[14.38419,67.39513],[14.37984,67.39282],[14.38066,67.3917],[14.38278,67.39176],[14.38617,67.39268],[14.38827,67.39509],[14.38703,67.39582],[14.38792,67.3965],[14.39171,67.39735],[14.39158,67.39829],[14.39344,67.39959],[14.39194,67.40184],[14.39257,67.40286],[14.39687,67.40512],[14.40607,67.41148],[14.4077,67.4123],[14.40924,67.41203],[14.41188,67.41346],[14.41161,67.41561],[14.41292,67.41636],[14.41112,67.41635],[14.41043,67.41682],[14.41178,67.41796],[14.41453,67.4189],[14.4127,67.41998],[14.41649,67.42225]],[[14.41645,67.42389],[14.42046,67.42541],[14.42228,67.42486],[14.42053,67.4233],[14.42391,67.42418],[14.42562,67.4242],[14.41876,67.42095],[14.41755,67.42096],[14.41649,67.42225]],[[14.7021,67.44263],[14.70725,67.44026],[14.70663,67.43886],[14.70889,67.43854]],[[14.86043,67.43607],[14.86786,67.43322],[14.86948,67.43198],[14.86953,67.43069],[14.86646,67.42819],[14.86575,67.42666],[14.86126,67.42481],[14.85649,67.42178]],[[14.05383,67.42809],[14.05278,67.42679],[14.05717,67.428],[14.0576,67.42778],[14.05592,67.42727],[14.05641,67.42695],[14.04799,67.42455],[14.04691,67.42477],[14.04589,67.42413],[14.04316,67.42372],[14.04357,67.42429],[14.04546,67.42468],[14.04443,67.42543],[14.04568,67.42645],[14.04869,67.42762],[14.05102,67.42816],[14.05178,67.42788],[14.05162,67.42827],[14.05488,67.42909],[14.05383,67.42809]],[[14.95563,67.43612],[14.95239,67.43431],[14.95345,67.4306],[14.95049,67.42904],[14.9478,67.42874],[14.94171,67.42929],[14.92746,67.43169],[14.91473,67.43208],[14.90725,67.4312],[14.90527,67.43017],[14.9052,67.43046],[14.90313,67.42826],[14.89962,67.42601],[14.89057,67.42193],[14.88778,67.42],[14.88454,67.41883],[14.88332,67.4172]],[[14.06323,67.43341],[14.06592,67.43385]],[[14.85352,67.43645],[14.85711,67.43673],[14.86043,67.43607]],[[14.73911,67.43592],[14.74055,67.43649],[14.74578,67.4373],[14.7486,67.43711],[14.74537,67.43646],[14.74824,67.43593]],[[14.84091,67.43795],[14.84762,67.43689],[14.85352,67.43645]],[[14.06323,67.43341],[14.06045,67.43164],[14.06209,67.43149],[14.06599,67.4321]],[[14.07352,67.43347],[14.07134,67.43271],[14.06599,67.4321]],[[14.34059,67.43478],[14.33566,67.43267],[14.33579,67.43171],[14.33129,67.43119],[14.32894,67.43041],[14.32846,67.42837],[14.32399,67.4272],[14.31792,67.42702],[14.31436,67.42654],[14.31014,67.42511],[14.30557,67.42426],[14.29981,67.42152]],[[14.4018,67.43502],[14.40086,67.43365],[14.40247,67.43358],[14.40465,67.43433],[14.4059,67.4338],[14.40365,67.43245],[14.4023,67.43046],[14.40058,67.4296],[14.39872,67.42979],[14.39683,67.42904],[14.39615,67.42824],[14.39711,67.4272],[14.38768,67.42336]],[[14.63329,67.43571],[14.63448,67.43461],[14.63357,67.43202],[14.63553,67.43078],[14.63595,67.42942],[14.6377,67.42905],[14.6381,67.42848],[14.63689,67.42597],[14.63719,67.42476],[14.63222,67.42187],[14.62671,67.42197],[14.62533,67.42169],[14.62302,67.41928],[14.6244,67.41794],[14.62752,67.41953],[14.63213,67.41892],[14.63093,67.41622],[14.63269,67.41351],[14.63163,67.41299],[14.62377,67.41139],[14.6185,67.41325],[14.61727,67.41263],[14.61765,67.41188],[14.61619,67.41062],[14.61046,67.40931],[14.60096,67.40934]],[[14.73911,67.43592],[14.73367,67.4353],[14.73268,67.43591]],[[14.76176,67.43595],[14.76165,67.43552],[14.75656,67.43454],[14.75495,67.43535],[14.74824,67.43593]],[[14.76176,67.43595],[14.75946,67.4368],[14.75431,67.43685],[14.75313,67.43732],[14.75593,67.43815],[14.76203,67.43859],[14.76645,67.43801]],[[14.70889,67.43854],[14.7207,67.43862],[14.72875,67.44118],[14.73658,67.44226],[14.74366,67.44256],[14.74566,67.44203]],[[14.95746,67.43736],[14.96225,67.43891]],[[14.63329,67.43571],[14.63331,67.43688],[14.63758,67.43826],[14.63919,67.43834],[14.6404,67.43712],[14.64381,67.43767],[14.64855,67.43988],[14.64937,67.4405],[14.64792,67.44096],[14.64962,67.44135]],[[14.74566,67.44203],[14.74833,67.44059],[14.75143,67.44067],[14.75174,67.43962],[14.74921,67.4392],[14.74655,67.43928],[14.74194,67.43827],[14.72701,67.4364],[14.73268,67.43591]],[[14.34059,67.43478],[14.34395,67.43608],[14.35001,67.43756],[14.35829,67.43777],[14.35771,67.43879],[14.35959,67.43989],[14.36595,67.44091],[14.37193,67.44121],[14.37458,67.44256],[14.38111,67.44478],[14.38379,67.44471],[14.38581,67.44512],[14.38765,67.44287],[14.3855,67.44149],[14.389,67.43997],[14.39345,67.44066],[14.39487,67.44051],[14.39614,67.44098],[14.39962,67.44086],[14.39874,67.44024],[14.39377,67.4393],[14.39376,67.43887],[14.39534,67.43815],[14.39745,67.43878],[14.39922,67.43856],[14.4018,67.43886],[14.39914,67.43713],[14.4023,67.43703],[14.40272,67.43592],[14.4018,67.43502]],[[14.59957,67.52533],[14.60911,67.52651],[14.60945,67.52602],[14.6079,67.52535]],[[14.64962,67.44135],[14.65224,67.44139],[14.6556,67.43959],[14.65711,67.43971],[14.65991,67.44082],[14.66284,67.44109],[14.6661,67.44074],[14.66715,67.44021],[14.67127,67.44043],[14.6761,67.4428],[14.67759,67.44431],[14.68262,67.44607],[14.68792,67.44528],[14.6921,67.44316],[14.69812,67.44318],[14.7021,67.44263]],[[14.76645,67.43801],[14.77273,67.43704],[14.77661,67.4369],[14.78397,67.43826],[14.79261,67.43929],[14.79361,67.44141],[14.79201,67.44509],[14.79504,67.44623],[14.80476,67.44754],[14.8075,67.44643],[14.8228,67.44362],[14.82793,67.44158],[14.84091,67.43795]],[[14.67355,67.44516],[14.66933,67.44552],[14.66641,67.44633],[14.67089,67.44733],[14.67146,67.4465],[14.67539,67.44598],[14.67355,67.44516]],[[14.96225,67.43891],[14.96777,67.44223],[14.97015,67.44615],[14.97695,67.44858],[14.99021,67.44936],[14.99449,67.44895],[15,67.44894]],[[14.38244,67.44672],[14.38083,67.44684],[14.38324,67.44808],[14.38525,67.44838],[14.38244,67.44672]],[[14.37789,67.44672],[14.37631,67.4467],[14.37696,67.44763],[14.37956,67.44874],[14.38205,67.44881],[14.38126,67.44773],[14.37789,67.44672]],[[15,67.44894],[15.01633,67.44873]],[[14.72112,67.45307],[14.73371,67.45271],[14.75578,67.45337],[14.7663,67.45305]],[[14.88314,67.45483],[14.8975,67.45279],[14.91223,67.45217],[14.92047,67.45134],[14.92584,67.45012],[14.93867,67.44819]],[[14.94901,67.44802],[14.95913,67.44977],[14.96576,67.45026],[14.98269,67.45468],[15,67.45653]],[[15,67.45653],[15.02217,67.45798]],[[14.65681,67.46061],[14.65281,67.46101],[14.65741,67.46295],[14.66123,67.46336],[14.65982,67.46188],[14.65681,67.46061]],[[14.7663,67.45305],[14.77224,67.45292],[14.7803,67.45363],[14.8049,67.45972],[14.81858,67.46138],[14.83165,67.46116],[14.85483,67.4594],[14.86978,67.45741],[14.88314,67.45483]],[[14.72112,67.45307],[14.71786,67.45219],[14.71563,67.45254],[14.71456,67.45477],[14.71057,67.45566],[14.70802,67.45798],[14.70614,67.45817],[14.70352,67.45917],[14.69829,67.45991],[14.69624,67.46073],[14.69614,67.4615],[14.69363,67.46221]],[[14.6809,67.45841],[14.6786,67.45739],[14.67496,67.45764],[14.66802,67.45627],[14.66431,67.45678],[14.66287,67.456],[14.65896,67.45541],[14.65794,67.45572],[14.65903,67.45662],[14.6567,67.45701],[14.65708,67.45824],[14.66191,67.46218],[14.66646,67.46371],[14.67656,67.46033],[14.67873,67.46004],[14.68131,67.45896],[14.6809,67.45841]],[[14.66824,67.47373],[14.67334,67.47176],[14.67342,67.47131],[14.67126,67.47082],[14.67162,67.47031],[14.67544,67.4706],[14.67816,67.47033],[14.68119,67.46763],[14.67938,67.46666],[14.67984,67.46558],[14.68546,67.46356],[14.69363,67.46221]],[[14.6491,67.47636],[14.64978,67.4757],[14.64913,67.47422]],[[14.64913,67.47422],[14.64648,67.47196],[14.64437,67.472],[14.64483,67.47313],[14.64376,67.47331],[14.64284,67.47287],[14.6426,67.47169],[14.63589,67.47022],[14.63546,67.47128],[14.64072,67.47415],[14.64808,67.47658],[14.6491,67.47636]],[[14.66096,67.48062],[14.65845,67.47927],[14.65089,67.47691],[14.65333,67.47651],[14.65267,67.47558],[14.65461,67.47452],[14.66824,67.47373]],[[14.93101,67.491],[14.93155,67.49057],[14.93294,67.49072],[14.93554,67.49281],[14.94088,67.49346],[14.94439,67.49507],[14.94851,67.49574],[14.95125,67.49567],[14.95285,67.49481],[14.95276,67.49351],[14.95352,67.49313],[14.95611,67.49514],[14.95736,67.49545],[14.96419,67.4959],[14.97,67.49557],[14.97784,67.49765],[14.98475,67.49687],[14.98722,67.49717],[14.99426,67.49712],[14.99688,67.49792],[15,67.49827]],[[14.65494,67.48642],[14.65295,67.48585],[14.65103,67.48611],[14.65372,67.48743],[14.65724,67.48801],[14.6574,67.48758],[14.65494,67.48642]],[[14.93101,67.491],[14.92703,67.49031]],[[15,67.48865],[14.9958,67.48642],[14.9919,67.4859],[14.98762,67.48572],[14.98201,67.4863],[14.9745,67.48643],[14.97274,67.48679],[14.96526,67.48623],[14.95923,67.4872],[14.94814,67.48993],[14.94585,67.49],[14.94261,67.48927],[14.93819,67.4889],[14.93515,67.4893],[14.92787,67.48934],[14.92703,67.49031]],[[15,67.48865],[15.00077,67.48902]],[[14.66096,67.49255],[14.65297,67.49214],[14.65838,67.49384],[14.66252,67.49412],[14.66252,67.4934],[14.66096,67.49255]],[[14.68716,67.50123],[14.68441,67.50121],[14.68359,67.5017],[14.68826,67.50277],[14.68905,67.50243],[14.68716,67.50123]],[[14.66096,67.48062],[14.66479,67.48139],[14.66814,67.48291],[14.67016,67.48309],[14.67179,67.48401],[14.67276,67.48587],[14.67456,67.4868],[14.67794,67.48789],[14.68237,67.48815],[14.68441,67.48991],[14.68256,67.48991],[14.6824,67.49094],[14.68604,67.49145],[14.68805,67.49129],[14.6888,67.49203],[14.69035,67.49192],[14.69373,67.49257],[14.69324,67.49336],[14.69599,67.49402],[14.69995,67.4942],[14.69891,67.4958],[14.69699,67.49567],[14.693,67.49694],[14.68917,67.49602],[14.68577,67.49618],[14.68517,67.49657],[14.68598,67.497],[14.69437,67.49903],[14.70454,67.49872],[14.70645,67.4999],[14.70695,67.5037],[14.71007,67.50376],[14.71049,67.50312],[14.7116,67.50298],[14.71482,67.5036]],[[14.68427,67.50296],[14.67901,67.50251],[14.6773,67.50276],[14.67785,67.50328],[14.68211,67.50386],[14.68545,67.50339],[14.68427,67.50296]],[[14.75915,67.51643],[14.75014,67.51633],[14.75109,67.51717],[14.75693,67.51782],[14.75765,67.51838],[14.7571,67.5189],[14.75322,67.51821],[14.75151,67.51864],[14.76342,67.52184],[14.76562,67.52192]],[[14.6988,67.50673],[14.69538,67.50666],[14.69679,67.50806],[14.69887,67.50821],[14.70182,67.50764],[14.6988,67.50673]],[[14.7155,67.50385],[14.71793,67.50508],[14.72329,67.50577],[14.73042,67.50861],[14.73862,67.50932],[14.73905,67.51],[14.7373,67.51037],[14.73649,67.51116],[14.73957,67.512],[14.74684,67.51059],[14.75185,67.51162],[14.75385,67.5133],[14.75345,67.51395],[14.7561,67.51497],[14.75478,67.51546],[14.75169,67.51495],[14.75164,67.51561],[14.75922,67.51611]],[[14.75922,67.51611],[14.75915,67.51643]],[[14.74233,67.51603],[14.74042,67.51574],[14.7388,67.51642],[14.74056,67.51692],[14.74331,67.51704],[14.74394,67.51663],[14.74233,67.51603]],[[14.75574,67.52197],[14.75676,67.52108],[14.75196,67.52029],[14.74639,67.51781],[14.74399,67.51753]],[[14.74585,67.52173],[14.74221,67.52078],[14.73394,67.52017],[14.73921,67.52173],[14.74394,67.52182],[14.74685,67.52264],[14.74585,67.52173]],[[14.60237,67.51999],[14.59947,67.52011],[14.598,67.52084],[14.59994,67.52174],[14.60045,67.52269],[14.60382,67.52364],[14.60926,67.5235],[14.60866,67.52263],[14.60342,67.52129],[14.6037,67.52068],[14.60237,67.51999]],[[14.74399,67.51753],[14.73581,67.51697],[14.73869,67.51841],[14.74604,67.52033],[14.74598,67.52102],[14.75018,67.52341],[14.75603,67.52436],[14.76207,67.52432],[14.76034,67.52362],[14.75583,67.52332],[14.75574,67.52197]],[[14.62669,67.5254],[14.62622,67.52457],[14.62312,67.52379],[14.61658,67.52406],[14.61509,67.52458],[14.61501,67.52537]],[[14.78206,67.52568],[14.77926,67.52513],[14.77836,67.52434],[14.7712,67.52337],[14.76922,67.52231],[14.76562,67.52192]],[[14.59333,67.52532],[14.58761,67.52256],[14.58578,67.52239],[14.58216,67.5226],[14.58064,67.52312],[14.58262,67.52529]],[[14.6079,67.52535],[14.60563,67.5248],[14.59957,67.52533]],[[15.00357,67.49808],[15,67.49827]],[[14.46124,67.52613],[14.45822,67.52644],[14.45852,67.52728],[14.46205,67.52669],[14.46124,67.52613]],[[14.58262,67.52529],[14.58516,67.52668],[14.58863,67.52749],[14.58756,67.52836],[14.59082,67.52904],[14.59462,67.52834],[14.59513,67.52741],[14.59333,67.52532]],[[14.46373,67.52756],[14.46035,67.52813],[14.46146,67.52932],[14.46578,67.52857],[14.46373,67.52756]],[[14.61501,67.52537],[14.61963,67.52713],[14.6185,67.52735],[14.61344,67.52669],[14.61154,67.52678],[14.61169,67.52783],[14.61315,67.52878],[14.61703,67.52956],[14.62265,67.52989],[14.62638,67.52928],[14.62855,67.52792],[14.62453,67.52711],[14.62151,67.52699],[14.62174,67.52671],[14.6245,67.5266],[14.62669,67.5254]],[[14.60124,67.52948],[14.59935,67.52949],[14.59881,67.5299],[14.59865,67.53097],[14.59977,67.53179],[14.60267,67.53199],[14.60577,67.53154],[14.60566,67.53057],[14.60124,67.52948]],[[14.59528,67.53223],[14.5962,67.53129],[14.59485,67.53058],[14.59187,67.52997],[14.58923,67.53055],[14.59014,67.53164],[14.58871,67.53179],[14.58958,67.53217],[14.59528,67.53223]],[[14.63023,67.53397],[14.6375,67.53324],[14.63597,67.53261],[14.63323,67.53239],[14.63392,67.53177],[14.63247,67.53079],[14.6302,67.53043],[14.62774,67.53055],[14.61934,67.53227],[14.61995,67.53266],[14.62236,67.53261],[14.62308,67.53357],[14.62566,67.53427],[14.63023,67.53397]],[[14.61351,67.53328],[14.60919,67.53283],[14.60534,67.53289],[14.60198,67.53403],[14.60274,67.53445],[14.6069,67.53486],[14.61455,67.53402],[14.61351,67.53328]],[[14.59205,67.53567],[14.58954,67.53522],[14.58561,67.53546],[14.58773,67.53638],[14.59088,67.53651],[14.59278,67.53623],[14.59205,67.53567]],[[14.56745,67.53669],[14.56134,67.53357],[14.55949,67.53343],[14.55822,67.53379],[14.55891,67.53566],[14.56103,67.53687],[14.56398,67.53668],[14.56659,67.537],[14.56745,67.53669]],[[14.56964,67.53256],[14.56702,67.53245],[14.56674,67.53307],[14.57041,67.53485],[14.57304,67.53711],[14.57782,67.53727],[14.57819,67.53673],[14.5763,67.53475],[14.57378,67.53404],[14.57498,67.53339],[14.56964,67.53256]],[[14.83713,67.54026],[14.83972,67.5401],[14.84004,67.54039]],[[14.78206,67.52568],[14.78893,67.52622],[14.78967,67.5269],[14.79249,67.52778],[14.79527,67.52772],[14.79637,67.52704],[14.80393,67.5291],[14.80332,67.52943],[14.79687,67.52836],[14.80401,67.53078],[14.80356,67.53105],[14.79943,67.53072],[14.80564,67.53245],[14.80537,67.53274],[14.80392,67.53265],[14.80381,67.53301],[14.81161,67.53394],[14.81514,67.5349],[14.81464,67.53518],[14.81093,67.53473],[14.81011,67.53562],[14.81661,67.53818],[14.81917,67.53865],[14.82188,67.53804],[14.82397,67.53925],[14.82997,67.54053],[14.83713,67.54026]],[[14.64814,67.54126],[14.65346,67.54009],[14.65326,67.53915],[14.64875,67.53897],[14.64819,67.53829]],[[14.64819,67.53829],[14.64168,67.53788],[14.63845,67.53827],[14.63934,67.53878],[14.64449,67.53929],[14.64419,67.53995],[14.64226,67.54024],[14.63941,67.53973],[14.63897,67.53917],[14.6351,67.53869],[14.62836,67.53948],[14.63079,67.53983],[14.63668,67.53952],[14.63637,67.54036],[14.64038,67.54113],[14.64814,67.54126]],[[14.62963,67.54223],[14.6343,67.54187],[14.63285,67.54145],[14.6297,67.54147],[14.62803,67.54188],[14.62781,67.54278],[14.62935,67.54273],[14.62963,67.54223]],[[14.60998,67.54225],[14.60474,67.54229],[14.60147,67.54273],[14.60356,67.54377],[14.60564,67.54391],[14.61344,67.54343],[14.61364,67.54288],[14.60998,67.54225]],[[14.68993,67.57038],[14.68884,67.56981],[14.68401,67.56907],[14.67826,67.56916],[14.67766,67.56993],[14.67873,67.57036]],[[14.6481,67.54407],[14.6458,67.54424],[14.64809,67.54511]],[[14.64809,67.54511],[14.65914,67.54573]],[[14.66621,67.54662],[14.66818,67.54636],[14.66773,67.54583],[14.66238,67.54477],[14.65587,67.54408],[14.6534,67.54407],[14.65281,67.54461],[14.6481,67.54407]],[[14.63929,67.54896],[14.64187,67.54832],[14.63971,67.54807],[14.63979,67.54748],[14.63552,67.54697],[14.63348,67.54703],[14.63511,67.54774],[14.63431,67.54793],[14.62561,67.54707],[14.62246,67.54716],[14.62075,67.54765],[14.62121,67.54827],[14.62411,67.54889],[14.63929,67.54896]],[[14.64799,67.5516],[14.65733,67.55157],[14.65094,67.54998],[14.6494,67.55001],[14.64958,67.5509],[14.648,67.55053]],[[14.65914,67.54573],[14.65914,67.54608],[14.64969,67.54662],[14.64986,67.54734],[14.65322,67.54775],[14.65432,67.54871],[14.66003,67.54916],[14.65967,67.54951],[14.65798,67.54958],[14.6526,67.54922],[14.65165,67.54951],[14.65279,67.54988],[14.65968,67.55018],[14.66023,67.55067],[14.6638,67.55048],[14.66427,67.55007],[14.6682,67.54927],[14.66872,67.54878],[14.66795,67.54814],[14.66413,67.54736],[14.66621,67.54662]],[[14.64795,67.55455],[14.64002,67.55448],[14.63795,67.55479],[14.64053,67.55584],[14.64487,67.55573],[14.64792,67.55617]],[[14.648,67.55053],[14.64412,67.54941],[14.64226,67.54928],[14.63792,67.54953],[14.6383,67.55033],[14.63528,67.54972],[14.63059,67.54951],[14.62575,67.5498],[14.62709,67.5503],[14.63209,67.55095],[14.63976,67.5514],[14.64041,67.55171],[14.64799,67.5516]],[[14.63684,67.55527],[14.635,67.55499],[14.63272,67.5552],[14.63573,67.5561],[14.63871,67.55597],[14.63684,67.55527]],[[14.84004,67.54039],[14.83948,67.54091],[14.84122,67.54144],[14.84063,67.54223],[14.83594,67.54312],[14.83321,67.54324],[14.83334,67.54405],[14.83542,67.54463],[14.83738,67.54458],[14.83847,67.5454],[14.8417,67.5464],[14.84767,67.54708],[14.8477,67.54736],[14.84359,67.54793],[14.8456,67.54889],[14.8486,67.54925],[14.84946,67.55056],[14.85103,67.55122],[14.85626,67.55179],[14.8587,67.55166],[14.86113,67.55229],[14.86294,67.55156],[14.86272,67.551],[14.86426,67.55074]],[[14.86426,67.55074],[14.86951,67.55027],[14.87171,67.55048],[14.87419,67.5516],[14.87379,67.55283]],[[14.67893,67.55367],[14.66757,67.55343],[14.66815,67.55383],[14.67226,67.5545],[14.67858,67.55395],[14.67893,67.55367]],[[14.63091,67.5548],[14.63171,67.55369],[14.62713,67.55269],[14.62274,67.55239],[14.61973,67.55271],[14.62088,67.5533],[14.62544,67.55384],[14.62325,67.55415],[14.62413,67.55465],[14.63091,67.5548]],[[14.60918,67.55498],[14.60747,67.55426],[14.60635,67.55454],[14.60272,67.55381],[14.60182,67.55393],[14.60362,67.55479],[14.60627,67.55525],[14.60929,67.55558],[14.60918,67.55498]],[[14.66536,67.55507],[14.66881,67.55458],[14.66476,67.55393],[14.66442,67.55333],[14.66225,67.55321],[14.65707,67.55369],[14.65699,67.55411],[14.66031,67.55497],[14.65422,67.55434],[14.65372,67.55538],[14.65449,67.55589],[14.66536,67.55507]],[[14.64792,67.55617],[14.65322,67.55585],[14.65212,67.55544],[14.6525,67.55501],[14.65145,67.55416],[14.64914,67.55406],[14.64795,67.55455]],[[14.87379,67.55283],[14.87742,67.55574],[14.88264,67.55675]],[[14.61173,67.55281],[14.60951,67.55282],[14.60915,67.5531],[14.61822,67.5563],[14.62082,67.55652],[14.62133,67.55586],[14.61881,67.55519],[14.61627,67.5538],[14.61173,67.55281]],[[14.61519,67.5562],[14.61324,67.55564],[14.61066,67.55618],[14.6062,67.55579],[14.61043,67.55711],[14.6127,67.55726],[14.61616,67.55713],[14.61519,67.5562]],[[14.66574,67.56314],[14.66954,67.56299],[14.67002,67.56257],[14.66456,67.56141],[14.65835,67.56086],[14.64797,67.56182],[14.65266,67.5621],[14.65342,67.56243],[14.65175,67.56249],[14.65091,67.5629],[14.65461,67.56328],[14.66574,67.56314]],[[14.88261,67.56321],[14.88098,67.56288],[14.87987,67.56306],[14.8826,67.5641]],[[14.68802,67.56307],[14.69113,67.56381],[14.6893,67.56402]],[[14.8826,67.5641],[14.88951,67.56579],[14.89426,67.56622],[14.8957,67.56604],[14.89532,67.56567],[14.89342,67.56557],[14.88261,67.56321]],[[14.69832,67.5661],[14.70067,67.56608]],[[14.71321,67.57042],[14.713,67.56966],[14.71156,67.56913],[14.70347,67.56869],[14.6961,67.56903],[14.69748,67.57011],[14.69911,67.5704]],[[15,67.55719],[15.00374,67.5574]],[[14.88262,67.56026],[14.88262,67.56044]],[[14.64788,67.55906],[14.64402,67.55927],[14.6379,67.55885],[14.63588,67.55916],[14.63728,67.55969],[14.64211,67.56024],[14.64787,67.55988]],[[14.88262,67.56026],[14.88399,67.56015],[14.89032,67.56116],[14.89443,67.56121],[14.89541,67.56075],[14.89471,67.56019],[14.88854,67.55897],[14.88264,67.55675]],[[14.72242,67.5743],[14.7223,67.5735],[14.71992,67.57291],[14.71572,67.57281],[14.71069,67.57192],[14.70915,67.5722],[14.7107,67.57324],[14.71321,67.5739],[14.72058,67.57498],[14.72259,67.57477],[14.72242,67.5743]],[[14.69412,67.57101],[14.69018,67.57095],[14.69002,67.57118],[14.69198,67.57166],[14.69214,67.57228],[14.69529,67.57336],[14.70508,67.57485],[14.71055,67.57513],[14.71081,67.57468],[14.70928,67.57426],[14.70808,67.57307],[14.70561,67.5723],[14.69412,67.57101]],[[14.70067,67.56608],[14.70588,67.56607],[14.7097,67.56577],[14.71037,67.56536],[14.70709,67.56338],[14.70097,67.5612],[14.69785,67.5612],[14.69637,67.56077],[14.69565,67.55996],[14.69082,67.55941],[14.69184,67.55847],[14.688,67.55793],[14.68747,67.55747],[14.68257,67.55682],[14.67979,67.55739],[14.67721,67.55651],[14.67207,67.55617],[14.66856,67.55627],[14.66758,67.55666],[14.66288,67.55649],[14.6552,67.55711],[14.65604,67.55763],[14.65561,67.55856],[14.65753,67.55919],[14.66199,67.55966],[14.66892,67.55948],[14.66953,67.56001],[14.67255,67.56013],[14.67201,67.56054],[14.66936,67.56059],[14.67,67.56172],[14.67256,67.56206],[14.67752,67.5619],[14.68802,67.56307]],[[14.6893,67.56402],[14.68478,67.56397],[14.68437,67.56344],[14.67839,67.56268],[14.67638,67.56313],[14.68119,67.56349],[14.68146,67.56394],[14.67093,67.5635],[14.66875,67.56359],[14.66817,67.56413],[14.66163,67.56403],[14.66201,67.56481],[14.65836,67.56464],[14.657,67.56512],[14.64871,67.56473],[14.64802,67.565],[14.65373,67.56633],[14.66286,67.56635],[14.66318,67.56661],[14.69832,67.5661]],[[14.92252,67.57066],[14.91437,67.56996],[14.91193,67.56921],[14.90712,67.56902],[14.89889,67.56722],[14.89734,67.56638],[14.89779,67.56487],[14.89576,67.56382],[14.89138,67.5633],[14.88961,67.56238],[14.88447,67.56174],[14.88262,67.56044]],[[14.99583,67.57068],[14.99401,67.5693],[14.99458,67.56675],[14.99316,67.56276],[14.99422,67.56037],[14.99731,67.55951],[14.99825,67.55771],[15,67.55719]],[[14.69911,67.5704],[14.70746,67.57088],[14.71199,67.57077],[14.71321,67.57042]],[[14.67873,67.57036],[14.689,67.57111],[14.68993,67.57038]],[[15,67.57621],[15.00083,67.57595]],[[15.00083,67.57595],[15,67.57512]],[[14.68435,67.60003],[14.68227,67.59919],[14.67905,67.59969],[14.67881,67.59889],[14.67736,67.59843],[14.67574,67.59896],[14.67526,67.59681],[14.67428,67.5965],[14.66598,67.59561],[14.66986,67.59802],[14.67381,67.59953],[14.67698,67.60018],[14.67859,67.60158],[14.68258,67.6031],[14.68805,67.60376],[14.68989,67.6034],[14.6896,67.60266],[14.68496,67.60107],[14.68435,67.60003]],[[14.57249,67.72843],[14.57108,67.72803],[14.56987,67.72843],[14.5741,67.72992],[14.5739,67.72905],[14.57249,67.72843]],[[14.64531,67.73077],[14.64975,67.72977],[14.6479,67.72936],[14.64955,67.72874],[14.6493,67.72833],[14.64534,67.72825]],[[14.32486,67.25709],[14.31544,67.25775],[14.3134,67.25648],[14.31214,67.25631],[14.31021,67.25679],[14.30532,67.25633],[14.30221,67.25641],[14.30033,67.25686],[14.29385,67.25686],[14.29735,67.25856],[14.29968,67.25855],[14.30091,67.259],[14.30314,67.25911],[14.30534,67.25879],[14.31064,67.2592],[14.31137,67.25999],[14.31402,67.26067],[14.31405,67.26101],[14.31259,67.26226],[14.30848,67.26381],[14.31458,67.26574],[14.31652,67.26558],[14.32046,67.267],[14.32461,67.26694],[14.33389,67.26912],[14.33532,67.27043],[14.33898,67.2719],[14.34545,67.27267],[14.34485,67.27368],[14.34729,67.27456],[14.35254,67.27445]],[[14.70441,67.30131],[14.71293,67.30321],[14.71897,67.30621],[14.72438,67.31057],[14.72858,67.31504],[14.73145,67.31373],[14.73285,67.31369],[14.73545,67.31481],[14.73636,67.31452],[14.73182,67.31217],[14.73354,67.31157],[14.73294,67.30962],[14.73373,67.30684],[14.73087,67.30461],[14.72761,67.30322],[14.72858,67.3031],[14.73074,67.30369],[14.73397,67.30327]]]}}]}