{"type":"FeatureCollection","features":[{"type":"Feature","properties":{},"geometry":{"type":"MultiLineString","coordinates":[[[15.62495,68.99467],[15.62796,68.99429]],[[15.24624,68.02163],[15.24646,68.01897]],[[15.12093,68.25331],[15.12191,68.25333],[15.12217,68.25248],[15.12091,68.25077]],[[15.24187,68.25486],[15.2433,68.25416],[15.24185,68.25309]],[[15.01189,68.26384],[15.01021,68.26351],[15.00875,68.26373],[15.01126,68.26495],[15.01255,68.26437],[15.01189,68.26384]],[[15.24208,68.27506],[15.24207,68.27372]],[[15.12102,68.27114],[15.12222,68.27071],[15.12101,68.26983]],[[15.19217,68.32576],[15.19271,68.32567]],[[15,68.33314],[15.00012,68.33308]],[[15.02203,68.33307],[15.02197,68.33294]],[[15.24289,68.35115],[15.2435,68.3506],[15.24288,68.34993]],[[15.24289,68.35115],[15.2429,68.35146]],[[15.0008,68.36993],[15,68.36922]],[[15.01262,68.37792],[15.01137,68.37792]],[[15.12171,68.40032],[15.1199,68.40038]],[[15,68.44224],[15.00116,68.44171]],[[15.25513,68.46634],[15.2544,68.46742]],[[15.24416,68.46933],[15.25259,68.46862],[15.2544,68.46742]],[[15.24438,68.48914],[15.24328,68.48945]],[[15.26598,68.52779],[15.27401,68.52505]],[[15.00005,68.5573],[15,68.55726]],[[15.21189,68.55716],[15.21312,68.55875]],[[15,68.67437],[15.01374,68.67531]],[[15.06972,68.73478],[15.06736,68.73389],[15.06878,68.73272]],[[15.13841,68.73661],[15.13715,68.7356],[15.13591,68.73609],[15.13628,68.73661]],[[15.13628,68.73661],[15.13412,68.73662]],[[15.73902,68.996],[15.74035,68.99733],[15.74589,68.99931]],[[15.74589,68.99931],[15.75012,68.9998]],[[15.24599,68.82293],[15.24805,68.82317]],[[15.24807,68.82571],[15.24807,68.82569]],[[15.12627,68.82631],[15.12466,68.82631]],[[15.24599,68.82686],[15.24809,68.82758]],[[15,68.84509],[15.00044,68.84497]],[[15.14819,68.84793],[15.14402,68.85102],[15.13426,68.85286]],[[15.08284,68.87866],[15.08599,68.88002],[15.08763,68.88393]],[[15.08939,68.90433],[15.09197,68.90603],[15.09073,68.90657]],[[15.05412,68.90905],[15.05483,68.90931]],[[15.27191,68.91096],[15.2711,68.91109]],[[15.24774,68.91586],[15.24908,68.91552]],[[15.04751,68.92944],[15.04368,68.93384],[15.04186,68.93482]],[[15.17712,68.95826],[15.18561,68.95972]],[[15.24941,68.94486],[15.24812,68.94474]],[[15.14325,68.94941],[15.14281,68.95143],[15.14653,68.95416],[15.14703,68.95527]],[[15.14373,68.9646],[15.13833,68.9651]],[[15.18598,68.99298],[15.18504,68.99146],[15.18189,68.9903],[15.18123,68.98857]],[[15.27693,68.98855],[15.27456,68.98843],[15.27517,68.98964],[15.27723,68.99081],[15.27693,68.98855]],[[15.05417,68.9997],[15.05711,68.99976],[15.05835,69.00044]],[[15.91889,68.91289],[15.9203,68.91084]],[[15.28233,68.95762],[15.28309,68.95741]],[[15.71783,68.00645],[15.71782,68.00593]],[[15.35897,68.01035],[15.35784,68.01079],[15.359,68.01195]],[[15.37941,68.01955],[15.37887,68.01872]],[[15.40235,68.04043],[15.40151,68.04039]],[[15.64178,68.05595],[15.64218,68.05593]],[[15.53487,68.05938],[15.53306,68.05932],[15.53265,68.05973],[15.53648,68.06187],[15.53804,68.06192],[15.5382,68.06118],[15.53487,68.05938]],[[15.32001,68.06369],[15.31886,68.06369]],[[15.28174,68.06376],[15.28393,68.06431],[15.29001,68.06421]],[[15.97295,68.40388],[15.97387,68.40416]],[[15.52397,68.10802],[15.52228,68.10752],[15.52145,68.10803]],[[15.52031,68.10891],[15.52083,68.10852]],[[15.89602,68.13551],[15.89335,68.13626]],[[15.44955,68.15308],[15.45181,68.15308]],[[15.72265,68.16058],[15.72478,68.1602],[15.72262,68.15983]],[[15.84312,68.16146],[15.8472,68.16008],[15.84381,68.15935],[15.84437,68.15836],[15.84295,68.15681]],[[15.72271,68.16271],[15.7227,68.16242]],[[15.61341,68.91493],[15.60787,68.91751]],[[15.60279,68.18288],[15.6028,68.18327]],[[15.56385,68.91881],[15.55989,68.91512]],[[15.5713,68.92655],[15.57099,68.92582]],[[15.31922,68.28792],[15.32171,68.28792]],[[15.48389,68.28753],[15.48445,68.28816]],[[15.4027,68.29424],[15.40077,68.29444],[15.40174,68.29651],[15.4027,68.29424]],[[15.64813,68.31089],[15.64651,68.31088],[15.64705,68.31039]],[[15.54577,68.31505],[15.54535,68.31462],[15.5434,68.31506]],[[15.6331,68.98681],[15.63254,68.986]],[[15.29601,68.96062],[15.29558,68.96062]],[[15.80617,68.95898],[15.80049,68.95649],[15.79642,68.95561]],[[15.76771,68.95915],[15.76971,68.95957]],[[15.44031,68.96031],[15.44121,68.96301]],[[15.42372,68.31541],[15.42472,68.31573],[15.42567,68.3154]],[[15.69223,68.32172],[15.69275,68.3213],[15.69065,68.32035],[15.68743,68.32007],[15.6893,68.32098],[15.68831,68.32148],[15.68677,68.32136],[15.68673,68.32169],[15.68906,68.32206],[15.69223,68.32172]],[[15.51768,68.33227],[15.51571,68.33228]],[[15.31771,68.33277],[15.31779,68.33277]],[[15.52575,68.33407],[15.52809,68.33526]],[[15.55162,68.33892],[15.54943,68.33779]],[[15.50669,68.34242],[15.50673,68.34218]],[[15.50923,68.35391],[15.50852,68.35183],[15.5065,68.35034],[15.50682,68.34864],[15.50511,68.34809]],[[15.68564,68.37651],[15.68852,68.3765]],[[15.27436,68.37769],[15.2722,68.37494]],[[15.28177,68.37768],[15.28029,68.37712],[15.27894,68.37769]],[[15.69141,68.37649],[15.68852,68.3765]],[[15.33893,68.37758],[15.33983,68.37788],[15.3402,68.37757]],[[15.69141,68.37649],[15.69209,68.37649]],[[15.7175,68.37638],[15.719,68.37688],[15.7206,68.37691],[15.72108,68.37636]],[[15.96334,68.39903],[15.96869,68.40083],[15.97282,68.40047],[15.97373,68.40087]],[[15.82873,68.42695],[15.83106,68.42771]],[[15.85316,68.43164],[15.85316,68.43153]],[[15.52727,68.47209],[15.52518,68.47088],[15.52132,68.46974]],[[15.58366,68.50084],[15.58576,68.50188]],[[15.87049,68.5102],[15.86976,68.51122]],[[15.47423,68.64632],[15.47357,68.64588],[15.46949,68.64581],[15.4618,68.64635]],[[15.62464,68.98383],[15.62464,68.98385]],[[15.62922,68.98865],[15.63191,68.98767]],[[15.47208,68.66839],[15.47361,68.67017]],[[15.70928,68.98735],[15.70803,68.98749],[15.70699,68.98917],[15.70957,68.98875],[15.70928,68.98735]],[[15.71751,68.69173],[15.71916,68.69197]],[[15.66782,68.98902],[15.67252,68.98878],[15.67528,68.98949],[15.67662,68.98936],[15.67812,68.98985],[15.67804,68.99026]],[[15.44406,68.72147],[15.44576,68.72246],[15.44955,68.7235]],[[15.54973,68.73578],[15.54524,68.73505]],[[15.62796,68.99429],[15.6282,68.99372]],[[15.61225,68.73556],[15.61225,68.73556]],[[15.55362,68.73688],[15.54973,68.73578]],[[15.86567,68.75874],[15.86871,68.75938]],[[15.86706,68.77796],[15.86641,68.77783]],[[15.31357,68.78122],[15.31357,68.78057]],[[15.88608,68.79064],[15.88482,68.78906]],[[15.95033,68.79155],[15.95201,68.79397]],[[15.4664,68.81243],[15.46681,68.81241]],[[15.37014,68.82421],[15.37209,68.82445]],[[15.61983,68.8186],[15.61999,68.81855]],[[15.90084,68.82397],[15.89998,68.82182]],[[15.65507,68.82509],[15.65499,68.82544]],[[15.55682,68.82544],[15.55988,68.82594],[15.56254,68.82542]],[[15.62045,68.83489],[15.6175,68.83518],[15.60741,68.83741]],[[15.60741,68.83741],[15.60502,68.83778]],[[15.34706,68.84258],[15.34693,68.84303],[15.34792,68.84323],[15.35105,68.8425]],[[15.3458,68.84362],[15.34706,68.84258]],[[15.34767,68.8496],[15.34511,68.8462]],[[15.55397,68.85623],[15.55859,68.85386],[15.56696,68.85161]],[[15.55397,68.85623],[15.55406,68.85853]],[[15.56093,68.87027],[15.56445,68.87423]],[[15.56445,68.87423],[15.5663,68.87565],[15.5671,68.87879],[15.57036,68.88275]],[[15.28141,68.89915],[15.28102,68.89798],[15.28195,68.89753],[15.28801,68.89849]],[[15.91831,68.91357],[15.91889,68.91289]],[[15.58499,68.31207],[15.58625,68.3127],[15.58462,68.31367],[15.57949,68.31257],[15.57806,68.31283],[15.57808,68.31325],[15.58016,68.31338],[15.58091,68.31404],[15.58093,68.31449],[15.57935,68.31494]],[[15.42567,68.3154],[15.42565,68.31406]],[[15.2714,68.30839],[15.27218,68.30916],[15.27141,68.30928]],[[15.55073,68.31504],[15.54948,68.31386]],[[15.30778,68.31964],[15.31118,68.3201],[15.3124,68.31748],[15.31163,68.31684],[15.30886,68.31651],[15.30638,68.31566]],[[15.34815,68.31558],[15.3468,68.31507]],[[15.31918,68.31564],[15.31929,68.31842],[15.32168,68.31891],[15.32417,68.32015],[15.32713,68.31957],[15.32682,68.31772]],[[15.57111,68.31497],[15.56876,68.31296],[15.56482,68.31208],[15.56372,68.31359],[15.56568,68.31499]],[[15.41695,68.31467],[15.41457,68.31464],[15.41495,68.31543]],[[15.56568,68.31499],[15.56539,68.31553],[15.56449,68.31499]],[[15.29813,68.31568],[15.29735,68.31633],[15.29828,68.31724],[15.29769,68.32014],[15.29585,68.31876]],[[15.5434,68.31506],[15.5409,68.31556],[15.54134,68.31739],[15.54695,68.31723],[15.54768,68.3167]],[[15.29585,68.31876],[15.29462,68.31767],[15.29644,68.31759],[15.2961,68.31568]],[[15.27384,68.51139],[15.27384,68.51159]],[[15.27443,68.31974],[15.27155,68.32081]],[[15.56449,68.31499],[15.5599,68.31277],[15.55584,68.31248],[15.55543,68.31288],[15.55843,68.31501]],[[15.54768,68.3167],[15.54404,68.31625],[15.54651,68.31548],[15.54577,68.31505]],[[15.57935,68.31494],[15.58226,68.32018],[15.57549,68.31737],[15.57308,68.31764],[15.57423,68.31646],[15.57111,68.31497]],[[15.32529,68.31563],[15.32532,68.31492],[15.32153,68.31333],[15.32092,68.3144],[15.32337,68.31563]],[[15.30883,68.31883],[15.30836,68.31827],[15.30599,68.31807],[15.30396,68.31864],[15.30482,68.32116],[15.30389,68.32127],[15.30197,68.3198],[15.30127,68.31567]],[[15.28924,68.5122],[15.28854,68.50962],[15.28152,68.50828],[15.28185,68.50711],[15.28317,68.50636],[15.28512,68.50636],[15.28643,68.50593],[15.28725,68.50493],[15.29717,68.50477],[15.30215,68.50283],[15.30353,68.50301],[15.30323,68.50415],[15.30638,68.50449],[15.30853,68.50389],[15.31471,68.50447],[15.31708,68.50305],[15.31843,68.50301],[15.32665,68.50491],[15.33967,68.50597],[15.34912,68.50534],[15.35022,68.50477],[15.3488,68.50315],[15.35242,68.50214],[15.35612,68.50176],[15.3642,68.50261],[15.36651,68.50256],[15.36599,68.50009],[15.36349,68.4994],[15.35801,68.49901],[15.35951,68.49804],[15.35875,68.49454],[15.35445,68.49386],[15.35008,68.49491],[15.34813,68.4971],[15.34691,68.49748],[15.34081,68.4982],[15.33443,68.49818],[15.33122,68.49959],[15.32967,68.49947],[15.33001,68.49869],[15.32789,68.49754],[15.32653,68.49563],[15.32526,68.4953],[15.32257,68.49538],[15.31846,68.49611],[15.31064,68.49605],[15.30752,68.4967],[15.30486,68.49838],[15.30694,68.49968],[15.30361,68.50049],[15.29686,68.50047],[15.29545,68.49879],[15.28646,68.49822],[15.28359,68.4991],[15.27863,68.50211],[15.27763,68.50303],[15.27839,68.50511],[15.2738,68.50802]],[[15.2714,68.30812],[15.2714,68.30839]],[[15.53356,68.31188],[15.53269,68.31194],[15.53224,68.3151]],[[15.32337,68.31563],[15.32328,68.31623],[15.3214,68.31564]],[[15.3468,68.31507],[15.34536,68.31505],[15.3451,68.31559]],[[15.24646,68.01897],[15.24752,68.01711],[15.24899,68.01696],[15.24993,68.01633],[15.24997,68.01398],[15.25741,68.01023],[15.25728,68.00864],[15.25576,68.00702],[15.2595,68.0043],[15.26242,68.00329],[15.26779,68.0004]],[[15.27156,68.32192],[15.27266,68.32163],[15.27449,68.32221],[15.27597,68.32218],[15.27692,68.32168],[15.27563,68.32092],[15.27638,68.32036]],[[15.54948,68.31386],[15.54809,68.3138],[15.54721,68.31453],[15.5478,68.31505]],[[15.27384,68.51159],[15.2729,68.51202],[15.27005,68.51192],[15.26875,68.51224]],[[15.41753,68.31542],[15.41695,68.31467]],[[15.3214,68.31564],[15.31948,68.31486],[15.31918,68.31564]],[[15.29316,68.31569],[15.29284,68.31569]],[[15.2961,68.31568],[15.29469,68.31417],[15.29316,68.31569]],[[15.2738,68.50802],[15.27257,68.50977],[15.27266,68.51101],[15.27384,68.51139]],[[15.29284,68.31569],[15.28981,68.31471],[15.28643,68.31423],[15.28456,68.31339],[15.28367,68.31282],[15.28351,68.31097],[15.28077,68.31076],[15.28011,68.3116],[15.27894,68.31171],[15.27714,68.31092],[15.2777,68.31019],[15.27973,68.31023],[15.28187,68.30901],[15.27956,68.30843],[15.2772,68.30707],[15.27306,68.30684],[15.2714,68.30812]],[[15.55843,68.31501],[15.55999,68.31591],[15.5631,68.31658],[15.56805,68.31685],[15.57157,68.31785],[15.57104,68.31809],[15.56936,68.31777],[15.56805,68.31876],[15.5689,68.31929],[15.57241,68.31884],[15.57288,68.31979],[15.57217,68.32023],[15.56931,68.32001],[15.57066,68.32367],[15.57202,68.3246],[15.57331,68.32456],[15.57485,68.32392],[15.57887,68.32457],[15.58202,68.32428],[15.58232,68.32277],[15.5837,68.32287],[15.58633,68.32424],[15.592,68.32491],[15.59613,68.32499],[15.60075,68.32423]],[[15.5356,68.31508],[15.53356,68.31188]],[[15.32682,68.31772],[15.32826,68.31617],[15.32731,68.31605],[15.32621,68.31703],[15.32546,68.3169],[15.32529,68.31563]],[[15.3026,68.31567],[15.30335,68.31662],[15.30626,68.3176],[15.30969,68.31807],[15.30984,68.31886],[15.30883,68.31883]],[[15.27141,68.30928],[15.27014,68.30901],[15.2685,68.30764],[15.2623,68.30525],[15.2602,68.30485],[15.25826,68.30499],[15.25595,68.30365],[15.25511,68.30147],[15.24916,68.29866],[15.24492,68.29892],[15.25179,68.3033],[15.25456,68.30427],[15.25613,68.30585],[15.2554,68.30593],[15.25216,68.30456],[15.2502,68.30545],[15.2479,68.30493],[15.2464,68.30543],[15.24485,68.30492],[15.24737,68.30595],[15.24698,68.30638],[15.24618,68.30615],[15.24553,68.3064],[15.24241,68.30547]],[[15.69355,68.31589],[15.68891,68.31452]],[[15.68543,68.31454],[15.68534,68.31516],[15.68923,68.31588],[15.69322,68.31619],[15.69355,68.31589]],[[15.42565,68.31406],[15.42407,68.3139],[15.42312,68.31496],[15.42372,68.31541]],[[15.28099,68.92325],[15.2803,68.92229],[15.27892,68.92232]],[[15.29229,68.87094],[15.29067,68.87043],[15.28954,68.86846],[15.28631,68.86671],[15.28727,68.86505],[15.29053,68.86412],[15.28608,68.86264],[15.27815,68.86104]],[[15.27905,68.93227],[15.2772,68.93202],[15.2746,68.93299],[15.27127,68.93299],[15.26937,68.93235],[15.2688,68.93113],[15.26618,68.93062],[15.26417,68.93079],[15.2601,68.93239]],[[15.27913,68.93868],[15.27523,68.93831],[15.27417,68.93739],[15.27488,68.93585],[15.27761,68.93561],[15.27908,68.93464]],[[15.28309,68.94036],[15.27913,68.93868]],[[15.2781,68.8568],[15.28,68.8563],[15.28134,68.85775],[15.28397,68.85767],[15.28625,68.85861],[15.29169,68.85929],[15.29301,68.85889],[15.2878,68.85459],[15.28368,68.85457],[15.2802,68.85569],[15.27936,68.85562],[15.2791,68.85509],[15.28566,68.85058],[15.28467,68.84886],[15.28314,68.8487],[15.27804,68.85165]],[[15.27894,68.92332],[15.28099,68.92325]],[[15.27908,68.93464],[15.28012,68.93309],[15.27905,68.93227]],[[15.31357,68.78122],[15.31065,68.78345],[15.30306,68.78549],[15.30102,68.78727],[15.29745,68.78819],[15.29266,68.79032],[15.28994,68.79093],[15.28362,68.79082],[15.27728,68.7912]],[[15.27815,68.86104],[15.27539,68.85839],[15.2781,68.8568]],[[15.27804,68.85165],[15.27172,68.85624],[15.27063,68.85655],[15.26908,68.85628],[15.26807,68.85531],[15.26537,68.85492],[15.26548,68.85428],[15.26734,68.85401],[15.26891,68.85248],[15.26604,68.85021],[15.27061,68.84903],[15.27113,68.84598],[15.26777,68.84546],[15.25747,68.84521]],[[15.27737,68.79828],[15.28161,68.79751],[15.28688,68.79803],[15.29688,68.79998],[15.30391,68.7997]],[[15.17158,68.70132],[15.16707,68.70288],[15.16421,68.70336]],[[15.72186,68.1356],[15.71953,68.137],[15.72191,68.13705]],[[15.94902,68.24068],[15.95915,68.23799]],[[15.01242,68.9989],[15.01346,68.99849],[15.01559,68.99849],[15.01671,68.99727],[15.01622,68.99627],[15.01413,68.99551],[15.01024,68.99503],[15.01079,68.99467],[15.01537,68.99511],[15.01069,68.99369],[15.00971,68.99383],[15.00886,68.99487],[15.00586,68.99503],[15.00512,68.99557],[15.00572,68.99638],[15.00848,68.9976],[15.00969,68.99924],[15.01231,68.99954],[15.01242,68.9989]],[[15.05417,68.9997],[15.04964,69.00095]],[[15.01109,68.97663],[15.01322,68.97642],[15.01461,68.97575],[15.01152,68.97483],[15.00832,68.97451],[15.00372,68.97482],[15.00011,68.97466],[15.00041,68.97545],[15.00419,68.97678],[15.00845,68.97704],[15.01109,68.97663]],[[15.0415,69.00033],[15.03842,68.99991],[15.03592,68.99804],[15.03441,68.99787],[15.03339,68.99835],[15.0285,68.9991],[15.02755,69.00222]],[[15.01701,69.00103],[15.01752,68.99968],[15.02054,68.99917],[15.02311,68.99738],[15.01785,68.99543],[15.01799,68.99288],[15.01583,68.99143],[15.018,68.99091],[15.02206,68.99121],[15.02684,68.99053],[15.03053,68.98844],[15.0288,68.98679],[15.02595,68.98605],[15.02704,68.98555],[15.02683,68.98479],[15.02338,68.98481],[15.02259,68.98444],[15.02439,68.98414],[15.02539,68.98295],[15.02255,68.97911],[15.01781,68.97819],[15.01686,68.97536],[15.01851,68.97277],[15.016,68.97161],[15.01783,68.97035],[15.01783,68.96861],[15.01647,68.96702],[15.01328,68.96647],[15.01075,68.96473],[15.01311,68.96321],[15.01402,68.96088]],[[15,68.99656],[15.00239,68.99687],[15.00422,68.99636],[15.00277,68.9944],[15.00102,68.99392],[15,68.99414]],[[15.08844,68.7573],[15.08664,68.75864],[15.08392,68.75907],[15.08424,68.75958]],[[15.27926,68.94919],[15.27731,68.94986],[15.27628,68.94975]],[[15.26697,68.96067],[15.2684,68.96067]],[[15.1784,68.0102],[15.17985,68.00691],[15.17933,68.00494],[15.18123,68.00424]],[[15.075,68.22966],[15.0741,68.22976],[15.07505,68.23116],[15.07831,68.23183],[15.07809,68.23112],[15.075,68.22966]],[[15.16903,68.00076],[15.16776,68.00008],[15.16429,67.99967]],[[15.16429,67.99967],[15.16186,68.00064],[15.15963,68.00046],[15.15937,67.9989]],[[15.07276,68.0003],[15.07076,67.99971]],[[15.06921,67.99999],[15.06945,68.00052],[15.07335,68.00109],[15.07391,68.00045],[15.07276,68.0003]],[[15.105,67.99996],[15.09895,68.00071],[15.09984,68.00223],[15.10271,68.00258],[15.10476,68.00125],[15.1089,68.00055],[15.11287,68.00083],[15.11643,68.0004],[15.11708,67.99976]],[[15.08245,68.0021],[15.08375,68.00188],[15.08277,68.00123],[15.07656,68.00097],[15.07673,68.00148],[15.08074,68.00262],[15.08167,68.00265],[15.08245,68.0021]],[[15.07594,68.00261],[15.0724,68.00261],[15.07194,68.00312],[15.0737,68.00366],[15.07654,68.00377],[15.07594,68.00261]],[[15.16903,68.00076],[15.16942,68.00146],[15.17072,68.00177],[15.17202,68.00176],[15.17552,68.00059],[15.17781,68.00095],[15.17428,68.00205],[15.17175,68.00373],[15.17073,68.00588],[15.17329,68.00624],[15.17547,68.00439],[15.17891,68.00297],[15.18083,68.0029],[15.182,68.00326],[15.18123,68.00424]],[[15.17057,68.00682],[15.16582,68.00728],[15.16452,68.00786],[15.16454,68.00857],[15.16973,68.00896],[15.17147,68.00715],[15.17057,68.00682]],[[15.10947,68.00581],[15.10669,68.005],[15.10384,68.00568],[15.09986,68.00546],[15.09894,68.00634],[15.1115,68.00914],[15.11383,68.00921],[15.11433,68.00823],[15.10947,68.00581]],[[15.11964,68.00663],[15.11648,68.00719],[15.11624,68.00785],[15.11835,68.00921],[15.11965,68.0092]],[[15.11965,68.0092],[15.12391,68.00926],[15.12531,68.00876],[15.12508,68.00772],[15.12326,68.00678],[15.12094,68.00642],[15.11964,68.00663]],[[15.10879,68.00998],[15.10126,68.00957],[15.09553,68.00859],[15.0944,68.01046],[15.09608,68.0114],[15.10068,68.01194],[15.10104,68.01276],[15.10673,68.01318],[15.11044,68.01229],[15.10879,68.00998]],[[15.09267,68.01323],[15.09307,68.01239],[15.09028,68.01314],[15.08697,68.0117],[15.08737,68.01146],[15.09162,68.01179],[15.0913,68.00889],[15.08922,68.00811],[15.08668,68.0079],[15.08627,68.00864],[15.08401,68.00879],[15.08166,68.00834],[15.08028,68.00728],[15.07818,68.0067],[15.0732,68.00629],[15.07206,68.00659],[15.07253,68.00711],[15.07802,68.00817],[15.07825,68.00928],[15.08234,68.01094],[15.08058,68.01113],[15.07379,68.00787],[15.06945,68.00755],[15.06759,68.00689],[15.06654,68.00715],[15.06627,68.00812],[15.06789,68.00799],[15.06923,68.00842],[15.07283,68.01116],[15.07505,68.01172],[15.079,68.01123],[15.08322,68.01343],[15.09434,68.01489],[15.09436,68.01443],[15.09207,68.01393],[15.09267,68.01323]],[[15.1784,68.0102],[15.1754,68.01176],[15.17497,68.01278],[15.17374,68.01296],[15.17263,68.01255],[15.17171,68.0128],[15.17247,68.01527],[15.17569,68.01585],[15.1822,68.01499],[15.18565,68.01512],[15.1935,68.01701]],[[15.11969,68.01673],[15.11586,68.01656],[15.11543,68.01705],[15.1167,68.01748],[15.11969,68.01766]],[[15.11969,68.01766],[15.12302,68.01715],[15.11969,68.01673]],[[15.1154,68.01912],[15.11552,68.01875],[15.1197,68.01861]],[[15.12413,68.01911],[15.12348,68.01871],[15.1197,68.01861]],[[15.18639,68.01905],[15.18502,68.01809],[15.18149,68.01906]],[[15.19938,68.01904],[15.19751,68.01741],[15.1935,68.01701]],[[15.18149,68.01906],[15.18209,68.0208],[15.18513,68.02133],[15.18683,68.02065],[15.18639,68.01905]],[[15.1154,68.01912],[15.11738,68.01954],[15.11491,68.01998],[15.11467,68.02035],[15.11684,68.02136],[15.11972,68.02173]],[[15.11972,68.02173],[15.12419,68.02226],[15.12685,68.02157],[15.12646,68.02047],[15.12403,68.01951],[15.12413,68.01911]],[[15.19938,68.01904],[15.20272,68.02236],[15.2068,68.02456],[15.21726,68.02596],[15.22242,68.02616],[15.22367,68.02675]],[[15.23953,68.03154],[15.24246,68.03114],[15.24356,68.03027],[15.24673,68.02436],[15.24624,68.02163]],[[15.22367,68.02675],[15.22437,68.02725],[15.22241,68.02833],[15.22231,68.02913],[15.22516,68.03014],[15.22568,68.03084],[15.22382,68.03073],[15.22326,68.03148],[15.22812,68.0341],[15.22821,68.0348],[15.22717,68.03488],[15.22443,68.03355],[15.2231,68.03446],[15.21942,68.03318],[15.21795,68.03472],[15.21668,68.03409],[15.21554,68.03408],[15.2139,68.03455],[15.21351,68.03517],[15.21445,68.0354],[15.21569,68.03508],[15.21724,68.03543],[15.21777,68.0383],[15.22016,68.03814],[15.22142,68.03879],[15.22389,68.0438],[15.22302,68.04468],[15.22353,68.04542],[15.22475,68.04495],[15.22766,68.04476],[15.22899,68.04402],[15.22858,68.04199],[15.23015,68.03836],[15.23363,68.03577],[15.2344,68.03284],[15.23606,68.03206],[15.23953,68.03154]],[[15.03875,68.22222],[15.03756,68.2218],[15.03604,68.22211],[15.03469,68.21981],[15.03166,68.21835],[15.03021,68.21796],[15.02656,68.21837],[15.027,68.21977],[15.02996,68.22186],[15.03522,68.22327],[15.03562,68.22438],[15.03738,68.22433],[15.03903,68.22352],[15.03875,68.22222]],[[15.72108,68.37636],[15.71966,68.37558],[15.71279,68.37501],[15.70797,68.37542],[15.70652,68.375]],[[15.01697,68.23553],[15.01573,68.23419],[15.01317,68.23392],[15.01312,68.23436],[15.01541,68.23516],[15.01343,68.23516],[15.01235,68.23569],[15.01366,68.23827],[15.01697,68.23553]],[[15.10019,68.24546],[15.09652,68.2451],[15.09663,68.24621],[15.09918,68.24681],[15.10095,68.24622],[15.10019,68.24546]],[[15.12694,68.24918],[15.12502,68.24934],[15.1257,68.25123],[15.12744,68.25117],[15.12694,68.24918]],[[15.06219,68.25154],[15.06047,68.25078],[15.05911,68.25095],[15.06113,68.25225],[15.06273,68.25213],[15.06219,68.25154]],[[15.03304,68.25273],[15.03348,68.2524],[15.03554,68.25275],[15.03567,68.25185],[15.03086,68.25027],[15.03108,68.25188],[15.03304,68.25273]],[[15.06214,68.24788],[15.06108,68.24792],[15.06086,68.24891],[15.06548,68.25114],[15.07109,68.25198],[15.07194,68.25263],[15.07524,68.25297],[15.07598,68.25244],[15.07205,68.25156],[15.06214,68.24788]],[[15.12091,68.25077],[15.11528,68.24944],[15.11536,68.2503],[15.12093,68.25331]],[[15.09533,68.25871],[15.09438,68.25844],[15.09308,68.2587],[15.09346,68.26013],[15.0945,68.26009],[15.09533,68.25871]],[[15.03931,68.2532],[15.03764,68.2528],[15.03424,68.25319],[15.03382,68.25354],[15.03583,68.25436],[15.03776,68.25448],[15.03892,68.2542],[15.03931,68.2532]],[[15.13073,68.24995],[15.12914,68.25016],[15.12859,68.25078],[15.12926,68.25331],[15.13034,68.25437],[15.13327,68.2547],[15.13511,68.25403],[15.13555,68.25304],[15.13346,68.2508],[15.13073,68.24995]],[[15.24185,68.25309],[15.24049,68.25275],[15.23991,68.25165],[15.23662,68.25091],[15.22799,68.25074],[15.22984,68.25284],[15.23276,68.25419],[15.23609,68.25422],[15.23909,68.25517],[15.24187,68.25486]],[[15.21525,68.25223],[15.21232,68.25168],[15.21499,68.25367],[15.22119,68.25536],[15.22039,68.25577],[15.22121,68.25618],[15.22363,68.25601],[15.22466,68.25481],[15.22193,68.25451],[15.21912,68.25299],[15.21525,68.25223]],[[15.04814,68.25539],[15.04518,68.25501],[15.0445,68.25549],[15.04769,68.25701],[15.04937,68.25611],[15.04814,68.25539]],[[15.2157,68.25559],[15.21257,68.25554],[15.21473,68.25695],[15.21889,68.25728],[15.21885,68.25685],[15.2157,68.25559]],[[15.07847,68.25571],[15.07928,68.25567],[15.07717,68.25481],[15.07645,68.25497],[15.07493,68.25443],[15.07244,68.25529],[15.07435,68.25684],[15.07835,68.25846],[15.07971,68.25758],[15.07847,68.25571]],[[15.11476,68.25771],[15.11221,68.25744],[15.11136,68.25815],[15.11249,68.25954],[15.11404,68.26013],[15.11709,68.25997],[15.11738,68.25969],[15.11702,68.25836],[15.11476,68.25771]],[[15.07108,68.26337],[15.07056,68.2626],[15.0679,68.26203],[15.06786,68.26298],[15.06679,68.26287],[15.06391,68.26008],[15.05942,68.2575],[15.05696,68.25712],[15.05326,68.25724],[15.05808,68.26047],[15.06419,68.26291],[15.06631,68.26431],[15.07039,68.26413],[15.07108,68.26337]],[[15.24207,68.27372],[15.23719,68.27287],[15.23537,68.27322],[15.23654,68.27434],[15.23847,68.27439],[15.23784,68.27529],[15.24155,68.2754],[15.24208,68.27506]],[[15.06495,68.26417],[15.04939,68.25894],[15.04744,68.25934],[15.0482,68.26028],[15.05663,68.26331],[15.05626,68.26353],[15.05362,68.26287],[15.05218,68.26294],[15.05534,68.26469],[15.06438,68.26455],[15.06495,68.26417]],[[15.21235,68.26402],[15.21012,68.26344],[15.20862,68.26364],[15.21026,68.26515],[15.21344,68.26587],[15.21403,68.26553],[15.21235,68.26402]],[[15.14385,68.26816],[15.1392,68.26772],[15.13853,68.26868],[15.14099,68.26903],[15.14379,68.26884],[15.14385,68.26816]],[[15.00617,68.26712],[15.00828,68.26768],[15.01001,68.26925],[15.00451,68.26734],[15,68.26654]],[[15.121,68.26771],[15.12038,68.26691],[15.11691,68.26554],[15.11492,68.26529],[15.11622,68.26727],[15.12101,68.26928]],[[15.19961,68.26758],[15.19864,68.26487],[15.19484,68.26506],[15.1961,68.26597],[15.19603,68.26691],[15.19405,68.26678],[15.19226,68.26563],[15.19148,68.26563],[15.19389,68.26834],[15.19684,68.26752],[15.19807,68.2689],[15.20292,68.26931],[15.20309,68.2689],[15.19961,68.26758]],[[15.1074,68.26828],[15.10546,68.26784],[15.10625,68.26946],[15.10974,68.27038],[15.11149,68.27043],[15.1074,68.26828]],[[15.12101,68.26983],[15.1158,68.26773],[15.11414,68.26758],[15.111,68.26477],[15.10854,68.26394],[15.11048,68.2653],[15.10914,68.26587],[15.10931,68.26664],[15.11262,68.26912],[15.11611,68.27088],[15.12102,68.27114]],[[15.12101,68.26928],[15.12426,68.27041],[15.12434,68.27148],[15.12822,68.27096],[15.12698,68.26926],[15.121,68.26771]],[[15.13243,68.27037],[15.13097,68.27026],[15.13049,68.27072],[15.13192,68.27153],[15.13367,68.2713],[15.13401,68.27079],[15.13243,68.27037]],[[15.0047,68.2717],[15.00571,68.27161],[15.00578,68.27123],[15,68.2692]],[[15,68.27108],[15.0047,68.2717]],[[15.15701,68.27667],[15.15497,68.27652],[15.1582,68.27776],[15.1584,68.27826],[15.16031,68.27844],[15.16054,68.27811],[15.15701,68.27667]],[[15.03636,68.27217],[15.03387,68.27131],[15.03111,68.27136],[15.02727,68.27061],[15.02713,68.27003],[15.02857,68.26997],[15.02866,68.26965],[15.02638,68.26886],[15.02516,68.26949],[15.02266,68.2687],[15.01928,68.26629],[15.01608,68.26649],[15.01576,68.26575],[15.01831,68.26563],[15.01808,68.26487],[15.0162,68.26434],[15.01481,68.26453],[15.01508,68.26519],[15.01266,68.26533],[15.01244,68.26606],[15.00534,68.26534],[15.00481,68.26658],[15.00617,68.26712]],[[15.14322,68.27627],[15.14181,68.27561],[15.14002,68.27627],[15.13846,68.27567],[15.1371,68.27643],[15.13749,68.27717],[15.14353,68.27938],[15.14478,68.27844],[15.14322,68.27627]],[[15.12106,68.27869],[15.12061,68.27727],[15.11767,68.27654],[15.11708,68.27795],[15.12107,68.27987]],[[15.12107,68.27987],[15.12226,68.28015],[15.12306,68.27989],[15.12106,68.27869]],[[15.22208,68.27984],[15.21991,68.27948],[15.21871,68.28037],[15.22176,68.282],[15.22455,68.28122],[15.22208,68.27984]],[[15.25128,68.28483],[15.24848,68.28495],[15.24968,68.28568],[15.25205,68.28611],[15.25128,68.28483]],[[15.07782,68.28602],[15.07846,68.28695],[15.07445,68.28576],[15.06942,68.28586],[15.06691,68.28444],[15.06507,68.28413],[15.06418,68.28363],[15.06338,68.28088],[15.06176,68.28004],[15.05954,68.28016],[15.05369,68.276],[15.04926,68.27376],[15.04235,68.27202],[15.04042,68.27207],[15.03892,68.27283],[15.03636,68.27217]],[[15.09084,68.28821],[15.08681,68.28739],[15.08582,68.28533],[15.07799,68.28453],[15.07676,68.28543],[15.07782,68.28602]],[[15.2369,68.28806],[15.23514,68.28779],[15.23373,68.28807]],[[15.23373,68.28807],[15.23876,68.2893],[15.23916,68.28884],[15.2369,68.28806]],[[15.21758,68.2883],[15.21644,68.28815],[15.21496,68.28853],[15.21551,68.29045],[15.2176,68.29225],[15.22051,68.29283],[15.22126,68.29211],[15.22082,68.28945],[15.21758,68.2883]],[[15.215,68.29111],[15.21279,68.29117],[15.21407,68.29257],[15.21628,68.29287],[15.215,68.29111]],[[15.19818,68.29176],[15.19566,68.29175],[15.19522,68.29269],[15.1976,68.29297],[15.19871,68.29223],[15.19818,68.29176]],[[15.18163,68.29714],[15.18015,68.29707],[15.1784,68.29792],[15.17872,68.29821],[15.18189,68.29814],[15.18163,68.29714]],[[15.05542,68.29901],[15.06276,68.29773],[15.07252,68.29791],[15.07536,68.29825],[15.08101,68.29711],[15.08505,68.29732],[15.08782,68.29684],[15.09008,68.29711],[15.09236,68.29685],[15.09582,68.29465],[15.09597,68.29351],[15.09848,68.29141],[15.09084,68.28821]],[[15.18888,68.29922],[15.18262,68.29883],[15.18211,68.29963],[15.1871,68.30025],[15.1894,68.3],[15.18888,68.29922]],[[15.23956,68.30031],[15.24024,68.29952],[15.23881,68.2988],[15.23224,68.29915],[15.23516,68.30026],[15.23713,68.30014],[15.23877,68.30057],[15.23956,68.30031]],[[15.25777,68.29859],[15.25344,68.29867],[15.25424,68.29954],[15.25757,68.30085],[15.2618,68.3011],[15.26033,68.29939],[15.25777,68.29859]],[[15.08061,68.30035],[15.07894,68.30039],[15.07869,68.30085],[15.08039,68.30155],[15.08333,68.30121],[15.08318,68.30053],[15.08061,68.30035]],[[15,68.30165],[15.00504,68.30098],[15.00407,68.30032],[15,68.29927]],[[15.05516,68.30106],[15.05201,68.30122],[15.05267,68.30212],[15.05643,68.30236],[15.05806,68.30213],[15.05516,68.30106]],[[15.18997,68.30092],[15.18865,68.30074],[15.18632,68.30111],[15.18491,68.30183],[15.18745,68.30325],[15.19053,68.30368],[15.19237,68.30322],[15.19275,68.30215],[15.18997,68.30092]],[[15.10165,68.30433],[15.10004,68.30423],[15.09969,68.30363]],[[15.10165,68.30433],[15.10475,68.30382],[15.10642,68.30295],[15.10355,68.30026],[15.10389,68.29959],[15.10598,68.29927],[15.11291,68.30016],[15.11399,68.30231],[15.12119,68.30367]],[[15,68.30446],[15.00687,68.30451],[15.01109,68.30364],[15.01116,68.30319],[15.00614,68.30266],[15.00587,68.30199],[15.00693,68.30156],[15.02462,68.30099],[15.02986,68.30064],[15.03228,68.30009],[15.03133,68.29938],[15.02632,68.29893],[15.0244,68.29928],[15.02226,68.29891],[15.02306,68.29773],[15.02073,68.29701],[15.0095,68.29586],[15.00492,68.29362],[15.00261,68.29312],[15,68.2912]],[[15.22352,68.30168],[15.22238,68.30157],[15.22009,68.30249],[15.22226,68.30474],[15.22385,68.30505],[15.22512,68.30438],[15.22352,68.30168]],[[15.19582,68.30186],[15.19457,68.3019],[15.19429,68.30323],[15.19601,68.3038],[15.19785,68.30566],[15.19939,68.30604],[15.20196,68.30596],[15.20181,68.30367],[15.19722,68.30262],[15.19582,68.30186]],[[15.21754,68.30532],[15.2139,68.30486],[15.20909,68.30163],[15.20377,68.3005],[15.20287,68.3006],[15.20286,68.3012],[15.20198,68.3012],[15.19895,68.29975],[15.19707,68.30006],[15.19862,68.30132],[15.20646,68.30503],[15.21412,68.30606],[15.21752,68.30594],[15.21754,68.30532]],[[15.24241,68.30547],[15.24071,68.30473],[15.23919,68.30483],[15.23956,68.30574],[15.24242,68.30701]],[[15.26978,68.30545],[15.26887,68.30519],[15.26704,68.30566],[15.26994,68.30768],[15.26978,68.30545]],[[15.24243,68.30746],[15.23866,68.30681],[15.24244,68.30885]],[[15.24242,68.30701],[15.25526,68.30895],[15.25702,68.30819],[15.25625,68.30684],[15.2584,68.30608],[15.26005,68.30852]],[[15.24244,68.30885],[15.24555,68.30912],[15.24523,68.30809],[15.24243,68.30746]],[[15.14923,68.31548],[15.14831,68.31549],[15.14781,68.31612],[15.14989,68.31701],[15.15103,68.31583],[15.14923,68.31548]],[[15.05542,68.29901],[15.05333,68.29934],[15.05434,68.30003],[15.05662,68.29932],[15.05933,68.29958],[15.05963,68.29996],[15.0529,68.30058],[15.04992,68.29989],[15.04825,68.30022],[15.04273,68.29911],[15.04016,68.29902],[15.03503,68.29734],[15.03178,68.29696],[15.03263,68.29862],[15.03572,68.29867],[15.04453,68.30268],[15.04831,68.30368],[15.04976,68.30385],[15.05133,68.30349],[15.05333,68.30396],[15.05388,68.30539],[15.05562,68.30644],[15.05411,68.30806],[15.05839,68.31051],[15.06089,68.31097],[15.06173,68.31088],[15.0621,68.3095],[15.05905,68.3085],[15.05754,68.30646],[15.05549,68.30538],[15.05572,68.30446],[15.05668,68.30432],[15.05834,68.30479],[15.05912,68.30424],[15.06197,68.30469],[15.063,68.30585],[15.05969,68.30526],[15.05988,68.30601],[15.06691,68.30875],[15.06788,68.30867],[15.06747,68.30695],[15.06452,68.30558],[15.06504,68.30426],[15.06152,68.30276],[15.06068,68.30166],[15.06142,68.30088],[15.06651,68.3],[15.07213,68.30001],[15.0776,68.30231],[15.08247,68.30311],[15.08524,68.29988],[15.08789,68.29951],[15.09287,68.30051],[15.0935,68.30104],[15.09526,68.30103],[15.09603,68.29953],[15.09841,68.29928],[15.10002,68.29993],[15.09906,68.3007],[15.10254,68.30211],[15.09982,68.30289],[15.09969,68.30363]],[[15.25662,68.31099],[15.25446,68.30919],[15.25147,68.3091],[15.24819,68.30828],[15.24659,68.30827],[15.24691,68.30936],[15.25091,68.31069],[15.25366,68.31049],[15.25545,68.31115],[15.25662,68.31099]],[[15.12675,68.31344],[15.12888,68.31178],[15.12925,68.30846],[15.12532,68.30544],[15.1252,68.30435],[15.12284,68.30365],[15.12119,68.30367]],[[15.14009,68.31067],[15.1369,68.31075],[15.13667,68.31108],[15.14044,68.31432],[15.14208,68.31266],[15.14009,68.31067]],[[15.26005,68.30852],[15.25892,68.30932],[15.26271,68.31174],[15.26191,68.31192],[15.26021,68.31102],[15.25951,68.3111],[15.26081,68.31364],[15.26191,68.31423],[15.26465,68.3143],[15.26862,68.31532],[15.26932,68.31687],[15.27151,68.31783]],[[15,68.32012],[15.00136,68.31972],[15,68.31911]],[[15.13811,68.32159],[15.13653,68.32019],[15.13692,68.31941],[15.13896,68.31925],[15.14023,68.31845],[15.13867,68.31646],[15.13357,68.31542],[15.13443,68.31459],[15.13297,68.31385],[15.13536,68.3124],[15.13429,68.31041],[15.1323,68.31029],[15.13165,68.31159],[15.12932,68.31275],[15.13048,68.31498],[15.12978,68.31532],[15.12754,68.31525],[15.12695,68.3166],[15.12581,68.31704],[15.12362,68.3167],[15.12675,68.31344]],[[15.27155,68.32081],[15.26883,68.32011],[15.26476,68.31813],[15.26284,68.31816],[15.2625,68.31961],[15.26566,68.32019],[15.26874,68.32187],[15.27156,68.32192]],[[15.15866,68.31919],[15.15652,68.317],[15.15481,68.31754],[15.15427,68.31676],[15.15304,68.3168],[15.1527,68.31889],[15.15252,68.31916],[15.1509,68.31889],[15.15088,68.32012],[15.15169,68.32171],[15.15527,68.32327],[15.15815,68.32192],[15.15866,68.31919]],[[15.1478,68.32349],[15.14735,68.32184],[15.14539,68.32214],[15.14403,68.32149],[15.14287,68.32147],[15.14235,68.32229],[15.14309,68.32344],[15.1478,68.32349]],[[15.16463,68.32305],[15.16344,68.32276],[15.16278,68.32394],[15.16318,68.32508],[15.16453,68.32541],[15.16654,68.32487],[15.16622,68.32371],[15.16463,68.32305]],[[15.19271,68.32567],[15.194,68.32528],[15.19408,68.32421],[15.18961,68.3216],[15.18905,68.32047],[15.18622,68.31977],[15.18644,68.31867],[15.18335,68.31623],[15.1776,68.31344],[15.17349,68.31322],[15.17193,68.31369],[15.17401,68.31731],[15.18105,68.31908],[15.18098,68.32058],[15.1781,68.3208],[15.17575,68.32043],[15.1756,68.32088]],[[15.1756,68.32088],[15.17522,68.32145],[15.17426,68.32057],[15.17071,68.31977],[15.16996,68.3189],[15.16754,68.31875],[15.16661,68.31962],[15.16792,68.32129],[15.1717,68.32225],[15.17418,68.32478],[15.17972,68.32588],[15.18112,68.32658],[15.18053,68.32681],[15.17876,68.32666],[15.17662,68.32587],[15.17184,68.32548],[15.16906,68.32722],[15.16531,68.32588],[15.16206,68.32574],[15.15752,68.32674],[15.15454,68.32658],[15.15412,68.32555],[15.14932,68.32565],[15.14777,68.32606],[15.14749,68.32521],[15.14873,68.32458],[15.14755,68.32388],[15.14245,68.3245],[15.13836,68.32419],[15.13779,68.32376],[15.13928,68.32263],[15.13811,68.32159]],[[15.02197,68.33294],[15.01516,68.33059],[15.01379,68.32937],[15.01431,68.32843],[15.00533,68.3249],[15.00536,68.32298],[15.00239,68.32251],[15,68.32277]],[[15.00012,68.33308],[15.00099,68.33253],[15,68.33238]],[[15.20922,68.33294],[15.20682,68.33136],[15.20569,68.33168],[15.20342,68.33163],[15.19882,68.33115],[15.19144,68.32634],[15.19217,68.32576]],[[15.02203,68.33307],[15.02351,68.33431],[15.02755,68.33565],[15.03074,68.33597],[15.03926,68.33848]],[[15.22219,68.33901],[15.21844,68.33698],[15.21823,68.33651],[15.2203,68.3361],[15.21804,68.33457],[15.21642,68.33443],[15.21663,68.33562],[15.21521,68.33572],[15.21296,68.33511],[15.20922,68.33294]],[[15.01069,68.34055],[15.00951,68.34027],[15.00836,68.34063],[15.01082,68.34268],[15.01165,68.34217],[15.01069,68.34055]],[[15.00664,68.34281],[15.00606,68.34094],[15.00445,68.34025],[15.00118,68.33999],[15,68.33808]],[[15.01456,68.34454],[15.01208,68.34474],[15.01584,68.34608],[15.01656,68.34572],[15.01456,68.34454]],[[15,68.34467],[15.00189,68.34508],[15.00182,68.34553],[15.00437,68.34683],[15.01121,68.34741],[15.01358,68.34651],[15.00664,68.34281]],[[15.05882,68.36808],[15.05605,68.3681],[15.06034,68.36954],[15.06172,68.36956],[15.06159,68.36893],[15.05882,68.36808]],[[15.22219,68.33901],[15.2236,68.33951],[15.2232,68.33845],[15.22434,68.33741],[15.22258,68.33599],[15.22476,68.33525],[15.22767,68.33624],[15.23001,68.33923],[15.23335,68.34025],[15.23757,68.34261],[15.23832,68.34646],[15.24288,68.34993]],[[15.24301,68.36179],[15.24463,68.36127],[15.24538,68.36024],[15.25099,68.36007],[15.2523,68.35915],[15.25431,68.35938],[15.25495,68.35873],[15.2525,68.35787],[15.25341,68.35688],[15.25185,68.35533],[15.24944,68.35451],[15.24722,68.35291],[15.2429,68.35146]],[[15.03597,68.36694],[15.0379,68.3658],[15.04226,68.36628],[15.04452,68.36616],[15.04364,68.36461],[15.04428,68.36327],[15.04084,68.36079],[15.04215,68.36016],[15.03841,68.35892],[15.03794,68.35775],[15.03208,68.356],[15.03222,68.35467],[15.03347,68.35411],[15.03137,68.35321],[15.02867,68.35275],[15.0279,68.35182],[15.02235,68.34961],[15.01812,68.34957],[15.01749,68.35006],[15.01862,68.35089],[15.01796,68.35112],[15.01331,68.35006],[15.01148,68.34874],[15.0033,68.34821],[15.00208,68.34981],[15.00214,68.35167],[15.00936,68.35258],[15.00861,68.35479],[15.01155,68.35685],[15.01046,68.35752],[15.00831,68.35783],[15.00972,68.36006],[15.0194,68.36333],[15.02314,68.36412],[15.02092,68.36465],[15.02079,68.36508],[15.02449,68.36647],[15.02812,68.36698],[15.03597,68.36694]],[[15.2722,68.37494],[15.26872,68.37284],[15.26689,68.37307],[15.26216,68.3722],[15.26193,68.37092],[15.25887,68.37025],[15.26002,68.36929],[15.25964,68.36865],[15.25728,68.36786],[15.24576,68.36828],[15.24309,68.36926]],[[15.00589,68.37792],[15.00532,68.3787],[15.00722,68.38057],[15.00839,68.38017],[15.00841,68.37922],[15.01137,68.37792]],[[15,68.38225],[15.00322,68.38124],[15.0018,68.38044],[15.00313,68.37792]],[[15,68.3837],[15.00359,68.38361],[15.00523,68.38395],[15.00999,68.38219],[15.01262,68.37792]],[[15.24301,68.36179],[15.23722,68.36363],[15.2308,68.36356],[15.22991,68.36414],[15.23197,68.36468],[15.23353,68.366],[15.23094,68.36641],[15.2214,68.36597],[15.21813,68.36654],[15.21198,68.36524],[15.21179,68.36451],[15.21337,68.36444],[15.21345,68.36408],[15.21199,68.36352],[15.21004,68.36355],[15.21041,68.36447],[15.20758,68.36438],[15.20416,68.36513],[15.2044,68.36768],[15.20032,68.36751],[15.19648,68.36911],[15.19485,68.36929],[15.19114,68.36838],[15.19305,68.36664],[15.19634,68.36523],[15.19352,68.36487],[15.18749,68.36494],[15.18279,68.36386],[15.1823,68.36418],[15.18353,68.36477],[15.18232,68.36555],[15.17893,68.36586],[15.17917,68.36744],[15.18032,68.36819],[15.17994,68.36961],[15.1864,68.37085],[15.18843,68.37276],[15.19723,68.37191],[15.20741,68.37166],[15.22254,68.36989],[15.22723,68.37008],[15.22749,68.37127],[15.22851,68.37178],[15.23158,68.37006],[15.23371,68.36968],[15.23591,68.36989],[15.23827,68.37124],[15.24123,68.37067],[15.24309,68.36926]],[[15.01855,68.37285],[15.01409,68.37486],[15.01327,68.3759]],[[15.00313,68.37792],[15.00208,68.37514],[15.00334,68.37223],[15.0008,68.36993]],[[15.01327,68.3759],[15.00946,68.37599],[15.00589,68.37792]],[[15.06095,68.37791],[15.05451,68.37619],[15.04997,68.37271],[15.04074,68.37032],[15.03651,68.36988],[15.03043,68.36796],[15.02239,68.3688],[15.02196,68.36971],[15.01979,68.3707],[15.01855,68.37285]],[[15.08286,68.3779],[15.07636,68.37373],[15.07297,68.37014],[15.07288,68.36919],[15.06798,68.36611],[15.06764,68.36494],[15.06534,68.36322],[15.06894,68.36193],[15.06888,68.36145],[15.06263,68.35953],[15.06136,68.35874],[15.06306,68.35715],[15.06304,68.35586],[15.06685,68.35621],[15.07022,68.35717],[15.0729,68.35732],[15.07361,68.35565],[15.07984,68.35639],[15.08146,68.35473],[15.07727,68.35444],[15.07272,68.35354],[15.07005,68.35383],[15.06753,68.35298],[15.06607,68.35374],[15.06369,68.35363],[15.05942,68.35252],[15.05598,68.35301],[15.05588,68.35122],[15.05808,68.34958],[15.05737,68.34869],[15.0543,68.34842],[15.05191,68.34772],[15.0524,68.34644],[15.05065,68.34546],[15.05077,68.34335],[15.04945,68.34286],[15.0464,68.34278],[15.04408,68.3415],[15.04436,68.34017],[15.04662,68.3395],[15.03926,68.33848]],[[15.07772,68.38829],[15.07371,68.38619],[15.07124,68.38379],[15.06722,68.38243],[15.06225,68.37996],[15.06095,68.37791]],[[15.08286,68.3779],[15.08915,68.38199],[15.08981,68.38492],[15.09168,68.3867],[15.09518,68.38746],[15.10255,68.39209],[15.10728,68.39312],[15.10463,68.39585],[15.10637,68.39566],[15.1084,68.39452],[15.11029,68.39422],[15.11459,68.39456],[15.1173,68.39555],[15.12168,68.39561]],[[15.13197,68.39632],[15.12932,68.39579],[15.12168,68.39561]],[[15.07772,68.38829],[15.07993,68.38944],[15.08123,68.39183],[15.08332,68.39347],[15.08384,68.39476],[15.08213,68.39644]],[[15.12171,68.40032],[15.12316,68.4],[15.12422,68.39864],[15.13258,68.39771],[15.13197,68.39632]],[[15.1199,68.40038],[15.11734,68.40023],[15.1132,68.40115],[15.10952,68.40079],[15.11309,68.40338],[15.12175,68.40781]],[[15.08213,68.39644],[15.0824,68.39769],[15.08533,68.39844],[15.08985,68.39807],[15.09398,68.39703],[15.09528,68.39869],[15.10152,68.40298],[15.10714,68.40466],[15.11195,68.4084],[15.12178,68.41274]],[[15.15017,68.42141],[15.14759,68.41847],[15.14534,68.41955],[15.14511,68.42123],[15.14332,68.42109],[15.13219,68.41301],[15.12624,68.40963],[15.12175,68.40781]],[[15.20633,68.46748],[15.2075,68.46748]],[[15.15723,68.42269],[15.15323,68.42185],[15.1508,68.42178],[15.15017,68.42141]],[[15.13071,68.42271],[15.12986,68.4221],[15.13113,68.41924],[15.13089,68.4164],[15.12178,68.41274]],[[15.15723,68.42269],[15.15851,68.42323]],[[15.15623,68.43927],[15.15352,68.43886],[15.14993,68.437],[15.14694,68.43629],[15.14531,68.43378],[15.14144,68.4329],[15.13707,68.42898],[15.13655,68.42537],[15.13071,68.42271]],[[15.02236,68.45998],[15.02262,68.45827],[15.01987,68.45908],[15.0156,68.45888],[15.0139,68.45924],[15.0156,68.46122],[15.01839,68.46141],[15.02236,68.45998]],[[15.00116,68.44171],[15.00351,68.4372],[15.00192,68.43639],[15,68.4361]],[[15,68.44438],[15.00065,68.44386],[15,68.44272]],[[15.03351,68.44835],[15.03446,68.44757],[15.03843,68.44726],[15.04042,68.44738],[15.0434,68.4484]],[[15,68.45315],[15.00608,68.4534],[15.014,68.45461],[15.02101,68.45453],[15.0235,68.45528],[15.02918,68.45509],[15.03002,68.4548],[15.03062,68.45059],[15.03366,68.44936],[15.03351,68.44835]],[[15.02254,68.45654],[15.02095,68.4564],[15.01928,68.45683],[15.02313,68.45787],[15.02424,68.45692],[15.02254,68.45654]],[[15.18851,68.46005],[15.1832,68.45651],[15.17951,68.45583],[15.17837,68.45502],[15.17747,68.45301],[15.17203,68.44974],[15.16979,68.44648],[15.16608,68.44301],[15.15987,68.43989],[15.15623,68.43927]],[[15.0434,68.4484],[15.0482,68.45104],[15.04599,68.45564],[15.048,68.45784],[15.04487,68.46019],[15.04697,68.46099],[15.05435,68.46234],[15.06826,68.46319],[15.07769,68.4633],[15.09116,68.46251],[15.10775,68.46357],[15.11465,68.46268],[15.11684,68.46298],[15.11815,68.46371],[15.12023,68.46346],[15.12205,68.4637]],[[15.27331,68.46739],[15.2708,68.46622],[15.26642,68.4673],[15.26517,68.46729],[15.26246,68.46636]],[[15.27331,68.46739],[15.27179,68.46793],[15.27177,68.46926],[15.27333,68.46953]],[[15.25513,68.46634],[15.25621,68.4649],[15.25789,68.46442],[15.26009,68.46498],[15.26246,68.46636]],[[15.15534,68.46754],[15.15494,68.4668],[15.15591,68.46632],[15.15164,68.46513],[15.14447,68.46611],[15.14213,68.46437],[15.13483,68.46507],[15.12966,68.46357],[15.12205,68.4637]],[[15.19298,68.4675],[15.19383,68.46671],[15.19375,68.46458],[15.18851,68.46005]],[[15.2075,68.46748],[15.20853,68.46701],[15.20774,68.4662],[15.20596,68.46568],[15.20532,68.46709],[15.20633,68.46748]],[[15.14861,68.4836],[15.14945,68.4846],[15.14866,68.48709],[15.14985,68.48765],[15.15142,68.48794],[15.15428,68.48707],[15.15269,68.48632],[15.15312,68.48556],[15.15648,68.48669]],[[15.21599,68.46747],[15.21525,68.4668],[15.21124,68.46547],[15.20811,68.46341],[15.20585,68.46279],[15.20503,68.46174],[15.20612,68.4611],[15.20589,68.46041],[15.20244,68.46048],[15.20181,68.45955],[15.19815,68.45805],[15.19268,68.45308],[15.20131,68.4483],[15.19971,68.44451],[15.19861,68.44414],[15.1957,68.44435],[15.19589,68.44171],[15.19357,68.44106],[15.19167,68.44135],[15.18909,68.44088],[15.18101,68.43761],[15.18102,68.43632],[15.17923,68.43568],[15.17409,68.43502],[15.17309,68.43418],[15.16949,68.43412],[15.16752,68.43516],[15.16513,68.43438],[15.16559,68.43341],[15.16281,68.43022],[15.16154,68.4262],[15.15437,68.4256],[15.1524,68.42512],[15.15625,68.4245],[15.15851,68.42323]],[[15.21599,68.46747],[15.22263,68.46841],[15.22303,68.46965],[15.22797,68.47055],[15.23711,68.47022],[15.24014,68.46949],[15.24259,68.4697],[15.24416,68.46933]],[[15.15534,68.46754],[15.15752,68.46799],[15.16463,68.46829],[15.16384,68.46878],[15.15856,68.46873],[15.1565,68.46946],[15.15287,68.46973],[15.15284,68.47111],[15.15485,68.47212],[15.15733,68.47197],[15.16038,68.47314],[15.16247,68.47346],[15.16767,68.47335],[15.17109,68.47463],[15.17714,68.47341],[15.17936,68.47362],[15.18286,68.47231],[15.19118,68.47623],[15.19336,68.47536],[15.19482,68.47526],[15.19471,68.47351],[15.1869,68.471],[15.18207,68.47145],[15.17878,68.47027],[15.18096,68.46941],[15.18088,68.46827],[15.18443,68.46885],[15.19184,68.4683],[15.19298,68.4675]],[[15.14812,68.47869],[15.14696,68.47849]],[[15,68.47948],[15.0037,68.47919],[15.00251,68.4786],[15,68.4785]],[[15.14684,68.48361],[15.14861,68.4836]],[[15.1865,68.48232],[15.19542,68.48143],[15.19687,68.48182],[15.19654,68.48309],[15.19982,68.48341],[15.20062,68.4839],[15.20303,68.48369],[15.20415,68.48288],[15.20306,68.48139],[15.2035,68.48074],[15.20143,68.47981],[15.19906,68.47956],[15.19027,68.47924],[15.1865,68.47864],[15.17982,68.47892],[15.16468,68.47807],[15.16313,68.47818],[15.16017,68.47941],[15.15442,68.47771],[15.15295,68.47819],[15.14812,68.47869]],[[15.14696,68.47849],[15.14508,68.47695],[15.1421,68.47656],[15.14054,68.47689],[15.13502,68.48004],[15.13372,68.48463],[15.13612,68.4855],[15.14103,68.4854],[15.14291,68.48515],[15.14684,68.48361]],[[15.20161,68.48526],[15.19769,68.48579],[15.19756,68.48714],[15.20166,68.48614],[15.20161,68.48526]],[[15.19158,68.48857],[15.19406,68.48906],[15.19575,68.48872],[15.19402,68.48612],[15.1957,68.48411],[15.19209,68.48325],[15.19323,68.4826],[15.1923,68.48239],[15.18951,68.48355],[15.19047,68.48455],[15.18977,68.48475],[15.1865,68.48232]],[[15.24438,68.48914],[15.24744,68.4882],[15.25101,68.4858],[15.2555,68.4844],[15.2559,68.48341],[15.25462,68.4826],[15.25465,68.48122],[15.26071,68.4791],[15.2684,68.47908],[15.27109,68.47803],[15.27343,68.47776]],[[15.15648,68.48669],[15.15806,68.48786],[15.16131,68.48838],[15.16285,68.48996],[15.16476,68.49014],[15.16588,68.48941],[15.16998,68.49019]],[[15.16998,68.49019],[15.17236,68.49169],[15.17383,68.49201],[15.17799,68.49181],[15.1792,68.49207],[15.18126,68.49128],[15.18308,68.48971],[15.18543,68.48976],[15.18862,68.48881],[15.19158,68.48857]],[[15.2185,68.49376],[15.2201,68.49279],[15.21955,68.49105],[15.21476,68.48946],[15.21371,68.49031],[15.21055,68.49005],[15.20618,68.49106],[15.20572,68.49159],[15.20652,68.49191],[15.20822,68.49125],[15.20986,68.49177],[15.20864,68.49285],[15.20932,68.49353],[15.21296,68.4935],[15.2143,68.49386],[15.21658,68.49364],[15.21758,68.494],[15.2185,68.49376]],[[15.24457,68.50741],[15.24682,68.50724],[15.2478,68.50628],[15.24453,68.50385]],[[15.24328,68.48945],[15.24067,68.48973],[15.23993,68.4929],[15.23679,68.49537],[15.23483,68.49551],[15.22906,68.49378],[15.22718,68.49382],[15.22887,68.49678],[15.22375,68.49845],[15.22083,68.49798],[15.21935,68.49875],[15.22001,68.49943],[15.22176,68.49931],[15.22251,68.49959],[15.22302,68.50044]],[[15.23085,68.5043],[15.23349,68.50412],[15.24098,68.50251],[15.24391,68.50316],[15.24453,68.50385]],[[15.22302,68.50044],[15.2201,68.50022],[15.21699,68.50181],[15.21676,68.50284],[15.22143,68.50403],[15.22694,68.50456],[15.23085,68.5043]],[[15.18682,68.50788],[15.19244,68.5078],[15.19471,68.5064],[15.19223,68.50481],[15.19073,68.50498],[15.19004,68.5043],[15.18723,68.5039],[15.1887,68.50343],[15.18837,68.50287],[15.1852,68.50202],[15.18428,68.50262],[15.18618,68.50329],[15.18256,68.50344],[15.18206,68.50391],[15.18542,68.50464],[15.18618,68.50612],[15.18843,68.50636],[15.18608,68.50723],[15.18682,68.50788]],[[15.23726,68.51229],[15.23776,68.51196],[15.23554,68.51105],[15.23634,68.51067],[15.23592,68.51014],[15.23411,68.50941],[15.23516,68.50908],[15.23753,68.50966],[15.23922,68.50963],[15.24157,68.50823],[15.24457,68.50741]],[[15.23726,68.51229],[15.23337,68.51297],[15.23251,68.51382],[15.23378,68.51451],[15.23657,68.5148],[15.24054,68.5138],[15.24249,68.51373],[15.24465,68.51497]],[[15.17815,68.51429],[15.17689,68.51403],[15.17654,68.51516],[15.17862,68.51577],[15.1799,68.51553],[15.17815,68.51429]],[[15.24465,68.51497],[15.24678,68.51706],[15.25208,68.51792],[15.25985,68.52175],[15.26394,68.51997],[15.26444,68.51904],[15.26361,68.51809],[15.25944,68.51647],[15.25915,68.51583],[15.26088,68.51547],[15.26117,68.51633],[15.264,68.51626],[15.26612,68.5129],[15.26875,68.51224]],[[15.21087,68.52354],[15.208,68.5237],[15.20784,68.52417],[15.21291,68.52415],[15.21236,68.52369],[15.21087,68.52354]],[[15.24482,68.53064],[15.25725,68.53037],[15.26598,68.52779]],[[15.24482,68.53064],[15.2395,68.5317],[15.23711,68.53168],[15.2354,68.53106],[15.23409,68.53144],[15.23128,68.53132],[15.22929,68.5306],[15.22197,68.53053],[15.2155,68.53119],[15.21103,68.53102],[15.20321,68.5319],[15.19181,68.53196],[15.18584,68.53225],[15.18271,68.53278],[15.17815,68.53282],[15.17735,68.53318],[15.1782,68.53411],[15.18142,68.5353],[15.18036,68.53624],[15.18084,68.5368],[15.18556,68.53769],[15.18934,68.53936],[15.19064,68.5406],[15.19058,68.54256]],[[15.0556,68.53807],[15.0547,68.53797],[15.05331,68.53889],[15.0552,68.53964],[15.05421,68.54193],[15.056,68.54338],[15.05716,68.54318],[15.05856,68.54183],[15.0556,68.53807]],[[15,68.55082],[15.00124,68.54852],[15,68.54411]],[[15.00865,68.5573],[15.00511,68.55614],[15,68.55658]],[[15.21189,68.55716],[15.20937,68.55596],[15.19507,68.55158],[15.19185,68.54756],[15.19058,68.54256]],[[15.00005,68.5573],[15.00094,68.5586],[15.00265,68.55922],[15.0099,68.55992],[15.01387,68.55809],[15.00865,68.5573]],[[15.21516,68.57342],[15.21726,68.57344],[15.22084,68.57436]],[[15.21312,68.55875],[15.21179,68.56014],[15.20978,68.56102],[15.20929,68.56376],[15.2053,68.56482],[15.20669,68.56685],[15.20452,68.57239],[15.20544,68.57388],[15.20756,68.57456],[15.21516,68.57342]],[[15.23544,68.57646],[15.24534,68.5784]],[[15.23343,68.57891],[15.23332,68.57797],[15.23164,68.57678],[15.23355,68.57635],[15.23544,68.57646]],[[15.22084,68.57436],[15.23135,68.58002],[15.23305,68.57978],[15.23343,68.57891]],[[15.03252,68.57813],[15.02895,68.57906],[15.02848,68.58006],[15.02676,68.5803],[15.01325,68.58036],[15.0112,68.57992],[15.00749,68.57978],[15.00644,68.58079],[15.0074,68.58139]],[[15,68.58451],[15.00342,68.58264],[15.00677,68.58195],[15.0074,68.58139]],[[15.03252,68.57813],[15.0345,68.57801],[15.03976,68.57914],[15.0443,68.5794],[15.0487,68.58023],[15.05784,68.58766],[15.06119,68.58933],[15.06754,68.59093],[15.06979,68.5935],[15.07211,68.59473],[15.08225,68.59826],[15.08807,68.59971],[15.09185,68.60172],[15.09695,68.60211]],[[15.27464,68.57749],[15.26992,68.57804],[15.24534,68.5784]],[[15.09695,68.60211],[15.09884,68.60292],[15.10279,68.60353],[15.1048,68.60462],[15.11803,68.60641],[15.12283,68.60664]],[[15.12283,68.60664],[15.12626,68.60739],[15.13036,68.60895],[15.13093,68.61028],[15.13264,68.61104],[15.13216,68.61181],[15.12846,68.61078],[15.12742,68.61231],[15.13089,68.6121],[15.13755,68.61471],[15.1408,68.61497],[15.14462,68.61467],[15.14708,68.61415],[15.14656,68.61282],[15.14781,68.61238],[15.1553,68.61166],[15.15987,68.61183],[15.16626,68.61332],[15.17321,68.61408],[15.17596,68.61467],[15.1769,68.61538],[15.17671,68.61767],[15.1776,68.61903],[15.18174,68.62114],[15.1928,68.62414],[15.196,68.6263],[15.20191,68.6277],[15.21002,68.62857],[15.2104,68.62907],[15.22224,68.63137],[15.22468,68.63094],[15.22292,68.6295],[15.22348,68.62927],[15.2313,68.63122],[15.23476,68.63094],[15.23555,68.63159],[15.2398,68.63142],[15.24456,68.63216],[15.24595,68.63361]],[[15.24595,68.63361],[15.24933,68.63413],[15.25455,68.63382],[15.25893,68.63412],[15.26157,68.63516],[15.26174,68.63707],[15.27068,68.63912],[15.2733,68.64097],[15.2726,68.64189],[15.27544,68.64208]],[[15.06587,68.67726],[15.06655,68.6765],[15.06585,68.67636],[15.06353,68.67756],[15.06,68.67689],[15.05824,68.6781],[15.05193,68.67831],[15.05165,68.6769],[15.05465,68.67702],[15.05617,68.67645],[15.0483,68.67584],[15.04725,68.67623],[15.0468,68.6782],[15.04379,68.67848],[15.04208,68.68024],[15.0387,68.68109],[15.03717,68.68101],[15.03659,68.68001],[15.04146,68.67921],[15.0427,68.67786],[15.04113,68.67753],[15.03782,68.6779],[15.03496,68.67717],[15.0373,68.67636],[15.04225,68.6758],[15.04425,68.67369],[15.03852,68.67157],[15.03839,68.67109],[15.0405,68.67005],[15.0344,68.66929],[15.03323,68.66966],[15.03455,68.67142],[15.03175,68.67137],[15.0312,68.67244],[15.02731,68.6725],[15.02589,68.67379],[15.02331,68.67469],[15.01374,68.67531]],[[15.06587,68.67726],[15.06432,68.67852],[15.06478,68.68009],[15.06354,68.68137],[15.06189,68.68182],[15.05435,68.6823]],[[15.05346,68.69182],[15.052,68.69079],[15.05429,68.68724],[15.05142,68.6866],[15.05064,68.68603],[15.05,68.68341],[15.05185,68.68264],[15.05435,68.6823]],[[15.16392,68.6979],[15.16422,68.69718],[15.16987,68.69577],[15.16956,68.69518],[15.17244,68.69536]],[[15.17357,68.69622],[15.17163,68.69724],[15.17184,68.69779],[15.17427,68.69773],[15.17682,68.69911],[15.17158,68.70132]],[[15.12337,68.70487],[15.13448,68.70401],[15.13818,68.70509],[15.14134,68.7053],[15.15019,68.70291],[15.15128,68.70144],[15.14668,68.70044],[15.14456,68.69893],[15.14483,68.69795],[15.14703,68.69675],[15.1479,68.69692],[15.14784,68.69804],[15.15186,68.70038],[15.15555,68.70006],[15.16352,68.6984],[15.16392,68.6979]],[[15.12337,68.70487],[15.11851,68.70528],[15.11487,68.70447],[15.11106,68.70474],[15.11462,68.70662],[15.12164,68.70658],[15.12338,68.70699]],[[15.0176,68.70643],[15.0159,68.70652],[15.01586,68.70736],[15.01678,68.7078],[15.01837,68.70782],[15.01931,68.70723],[15.0176,68.70643]],[[15.12339,68.70843],[15.12548,68.7078],[15.12965,68.70757],[15.13111,68.70697],[15.12992,68.70657],[15.1263,68.70704],[15.12338,68.70699]],[[15.13778,68.70724],[15.13397,68.70769],[15.13355,68.70851],[15.13511,68.70865],[15.1384,68.70743],[15.13778,68.70724]],[[15.12365,68.7567],[15.12118,68.75736],[15.11823,68.75748],[15.11486,68.75664],[15.10956,68.75685],[15.1087,68.75591],[15.1057,68.75621],[15.10357,68.75685],[15.09992,68.75995],[15.09713,68.76003],[15.09602,68.75911],[15.09219,68.75903],[15.08424,68.75958]],[[15.05346,68.69182],[15.05548,68.69298],[15.05933,68.69403],[15.06847,68.69545],[15.07041,68.69634],[15.07052,68.69747],[15.07187,68.69826],[15.07798,68.70081],[15.07762,68.70162],[15.0808,68.70321],[15.08116,68.70409],[15.08667,68.70582],[15.08784,68.70647],[15.08785,68.70745],[15.09329,68.70935],[15.09707,68.70972],[15.09819,68.71064],[15.10073,68.71124],[15.10107,68.71255],[15.10698,68.71257],[15.1122,68.71157],[15.11579,68.71147],[15.12339,68.70843]],[[15.16421,68.70336],[15.15381,68.70397],[15.13878,68.70743],[15.14124,68.70965],[15.14523,68.71029],[15.15016,68.71324],[15.15205,68.71357]],[[15.15205,68.71357],[15.15149,68.71457],[15.14928,68.71505],[15.14913,68.7159],[15.14963,68.71706],[15.15243,68.71763]],[[15.15243,68.71763],[15.15449,68.71808],[15.15491,68.71889],[15.15058,68.71986],[15.14875,68.72113],[15.14526,68.72143],[15.14483,68.72306],[15.14348,68.72341],[15.14202,68.72572]],[[15.07819,68.73279],[15.07689,68.7319],[15.07249,68.7316],[15.06878,68.73],[15.06629,68.72945],[15.06687,68.7292],[15.06526,68.72867],[15.06385,68.72884],[15.06062,68.72787],[15.0578,68.72794],[15.06351,68.73136],[15.06909,68.73185],[15.06878,68.73272]],[[15.04668,68.73374],[15.04838,68.73347],[15.05276,68.73412],[15.05517,68.73353],[15.05396,68.73193],[15.05596,68.7309],[15.05353,68.72983],[15.05244,68.72805],[15.04615,68.72749],[15.04461,68.72705],[15.04327,68.72455],[15.04112,68.72338],[15.03974,68.72367],[15.03958,68.72447],[15.03786,68.72455],[15.03705,68.72365],[15.03759,68.72241],[15.03676,68.72129],[15.03398,68.71994],[15.03296,68.71704],[15.03033,68.71467],[15.02556,68.71281],[15.02604,68.71248],[15.02829,68.71267],[15.02801,68.71117],[15.02525,68.71117],[15.02172,68.70993],[15.01769,68.70958],[15.00745,68.70413],[15.00151,68.70229],[15.00247,68.70156],[15.00464,68.70183],[15.00537,68.70123],[15.01093,68.70253],[15.01094,68.70163],[15.00508,68.7004],[15.00245,68.70027],[15.00144,68.7007],[15,68.70039]],[[15.06972,68.73478],[15.06982,68.73512],[15.06831,68.73548],[15.06426,68.73543],[15.06087,68.73428],[15.05879,68.73589],[15.05526,68.73564],[15.05354,68.73602]],[[15.05354,68.73602],[15.04959,68.73577],[15.04668,68.73374]],[[15.13412,68.73662],[15.12863,68.73526],[15.12716,68.73435],[15.12694,68.73318],[15.1289,68.73211],[15.13595,68.73051],[15.13921,68.72921],[15.13958,68.72867],[15.13784,68.72717],[15.14218,68.72638],[15.14202,68.72572]],[[15.12365,68.7567],[15.12611,68.75685],[15.13104,68.75614],[15.13628,68.75684],[15.14153,68.75651],[15.14077,68.75552],[15.14629,68.75357],[15.14908,68.75311],[15.14881,68.75267],[15.1456,68.75233],[15.13367,68.75261],[15.13368,68.75173],[15.13773,68.74809],[15.14011,68.74771],[15.14143,68.74693],[15.13892,68.74484],[15.13764,68.74465],[15.13709,68.74359],[15.13791,68.74226],[15.13455,68.74212],[15.13488,68.74036],[15.13865,68.73788],[15.13841,68.73661]],[[15.07819,68.73279],[15.08036,68.7357],[15.07664,68.73665]],[[15.06817,68.74006],[15.07062,68.73861],[15.07364,68.73869],[15.07588,68.73948]],[[15.07588,68.73948],[15.08101,68.7403],[15.08341,68.74015],[15.08436,68.73925],[15.08349,68.7379],[15.07562,68.73803],[15.07664,68.73665]],[[15.06364,68.74231],[15.06748,68.74287],[15.06873,68.74264],[15.06949,68.74157],[15.06817,68.74006]],[[15.05758,68.74971],[15.05536,68.74919],[15.054,68.75017],[15.05556,68.75045],[15.05739,68.75013],[15.05758,68.74971]],[[15.05277,68.75311],[15.05177,68.75289],[15.04989,68.75319],[15.04916,68.75401],[15.05124,68.75415],[15.05277,68.75311]],[[15.27581,68.75299],[15.27533,68.75374],[15.27682,68.75393]],[[15.26288,68.75524],[15.26848,68.75452],[15.27151,68.7536],[15.27581,68.75299]],[[15.08844,68.7573],[15.09182,68.75512],[15.09207,68.75386],[15.09072,68.75304],[15.08939,68.75315],[15.08485,68.75486],[15.0799,68.75492],[15.07782,68.75545],[15.07551,68.75486],[15.07396,68.75638],[15.07201,68.75584],[15.0695,68.75712],[15.0702,68.75766],[15.07296,68.7577],[15.07297,68.75868],[15.06845,68.76033]],[[15.05516,68.75717],[15.04625,68.75939],[15.04155,68.75984],[15.03737,68.76121],[15.03696,68.76245],[15.04178,68.76249],[15.04603,68.76056],[15.04941,68.75975],[15.05046,68.75898],[15.05445,68.75779],[15.05516,68.75717]],[[15.01785,68.76328],[15.02642,68.76291],[15.02832,68.76254],[15.03049,68.76112],[15.03546,68.75966],[15.03618,68.7588],[15.04734,68.75393],[15.04488,68.75238],[15.04897,68.75289],[15.05079,68.75231],[15.05091,68.75174],[15.04662,68.75108],[15.04943,68.75096],[15.05018,68.75057],[15.04865,68.74863],[15.05008,68.748],[15.05158,68.74591],[15.05049,68.74484],[15.04843,68.74455],[15.04717,68.74255],[15.05639,68.74431],[15.06129,68.74451],[15.06364,68.74231]],[[15.01336,68.7625],[15.01785,68.76328]],[[15,68.76535],[15.00759,68.76408],[15.01202,68.76236],[15.01336,68.7625]],[[15,68.76613],[15.0026,68.76601],[15.00119,68.7678],[15.00255,68.76803]],[[15.00255,68.76803],[15.0039,68.76765],[15.00393,68.76648],[15.00539,68.76569],[15.00779,68.7664],[15.00985,68.7663],[15.01361,68.76688],[15.02012,68.76718],[15.02963,68.76626],[15.03562,68.76427],[15.03996,68.76349],[15.04446,68.76368],[15.04549,68.76257],[15.05326,68.76082],[15.05704,68.75954],[15.06131,68.75889],[15.06611,68.75876],[15.06703,68.75914],[15.06641,68.75992],[15.06845,68.76033]],[[15.27685,68.75681],[15.27499,68.75634],[15.26261,68.75574]],[[15.02008,68.79984],[15.02582,68.79872],[15.0334,68.79616],[15.03643,68.7958],[15.0389,68.79463],[15.03996,68.79468],[15.042,68.79588]],[[15.27728,68.7912],[15.27351,68.79209],[15.26679,68.79512],[15.27177,68.79856],[15.27428,68.79897],[15.27737,68.79828]],[[15.12076,68.82631],[15.1221,68.8251],[15.12188,68.82344],[15.12402,68.82291]],[[15.04149,68.81705],[15.03572,68.81369],[15.03698,68.81111],[15.03551,68.80919],[15.03604,68.80693],[15.03472,68.8032],[15.03593,68.80148],[15.03934,68.79994],[15.042,68.79588]],[[15.12076,68.82631],[15.11818,68.82789],[15.11851,68.82835],[15.12205,68.82788],[15.12404,68.82708]],[[15.15489,68.81984],[15.14733,68.81989],[15.15276,68.81753],[15.15065,68.81739],[15.14798,68.81794],[15.14637,68.81759],[15.15169,68.8165],[15.15394,68.81489],[15.15572,68.81448],[15.15343,68.81354],[15.15712,68.81282],[15.15527,68.8125],[15.14836,68.81322],[15.14427,68.81292],[15.13945,68.81411],[15.13428,68.81638],[15.12841,68.81758],[15.124,68.81929]],[[15.124,68.81929],[15.12259,68.82004],[15.12401,68.82024]],[[15.15489,68.81984],[15.15514,68.82035]],[[15.04149,68.81705],[15.03977,68.81971],[15.04137,68.82084],[15.04058,68.82129]],[[15.12402,68.82291],[15.12732,68.82238],[15.12873,68.8211],[15.1268,68.82001],[15.12558,68.81988],[15.12401,68.82024]],[[15.24805,68.82317],[15.24993,68.82347]],[[15.24599,68.82293],[15.24472,68.82367],[15.24517,68.82515],[15.24735,68.82514],[15.24807,68.82569]],[[15.0208,68.82635],[15.01883,68.82404],[15.0139,68.82252],[15.01288,68.82136],[15.01344,68.82003],[15.01142,68.81901],[15.00873,68.81842],[15.00966,68.81814],[15.01319,68.81835],[15.01526,68.81793],[15.01718,68.81736],[15.01777,68.81657],[15.02065,68.81607],[15.02231,68.81522],[15.02083,68.81271],[15.01737,68.81109],[15.018,68.80951],[15.01734,68.80867],[15.01445,68.80701],[15.01471,68.80534],[15.0167,68.80429],[15.01678,68.80241],[15.01891,68.80132],[15.02008,68.79984]],[[15.03553,68.82635],[15.03938,68.82512],[15.03917,68.82364],[15.04058,68.82129]],[[15.14349,68.82629],[15.14405,68.82561],[15.14579,68.82571],[15.14621,68.82535],[15.14358,68.82395],[15.14334,68.82322],[15.15514,68.82035]],[[15.24595,68.82618],[15.24807,68.82571]],[[15.25791,68.82616],[15.25377,68.82516],[15.24993,68.82347]],[[15.24595,68.82618],[15.24599,68.82686]],[[15.12404,68.82708],[15.12466,68.82631]],[[15.12408,68.83265],[15.12797,68.83095],[15.12939,68.82973],[15.12627,68.82631]],[[15.25694,68.83589],[15.25495,68.83505],[15.25518,68.83411],[15.25915,68.83364],[15.25886,68.83281],[15.25588,68.83203],[15.25642,68.83088],[15.25488,68.82983],[15.24809,68.82758]],[[15.24812,68.94474],[15.24428,68.94427],[15.24464,68.94335],[15.24173,68.94089],[15.23457,68.93753]],[[15.266,68.84425],[15.26739,68.84389],[15.26824,68.8424],[15.26738,68.84197],[15.26591,68.84217],[15.26495,68.84189],[15.26514,68.84128],[15.26661,68.84082],[15.26584,68.83891],[15.25694,68.83589]],[[15.00044,68.84497],[15.00347,68.84519]],[[15.25747,68.84521],[15.25797,68.84434],[15.26468,68.84457],[15.266,68.84425]],[[15.00347,68.84519],[15.00864,68.84569],[15.01296,68.84461],[15.0163,68.8446],[15.01833,68.84343],[15.0174,68.84239],[15.01515,68.84225],[15.01208,68.84341],[15.0108,68.84494],[15.00996,68.84495],[15.01126,68.84242],[15.00515,68.84053],[15.00437,68.83984],[15.00555,68.83673],[15.00872,68.83689],[15.01439,68.83849],[15.01568,68.83821],[15.01697,68.83678],[15.01947,68.83657],[15.02282,68.83743],[15.02415,68.8373],[15.02027,68.83607],[15.0217,68.83462],[15.01966,68.83259],[15.01508,68.83098],[15.01574,68.82937],[15.02048,68.82719],[15.0208,68.82635]],[[15.11578,68.84534],[15.11327,68.84617],[15.11422,68.84665],[15.11629,68.84658],[15.11692,68.84611],[15.11578,68.84534]],[[15.14819,68.84793],[15.14703,68.84583],[15.14334,68.84464],[15.14202,68.84355],[15.14462,68.84254],[15.14387,68.83941],[15.14507,68.83829],[15.14883,68.83687],[15.146,68.83517],[15.14758,68.83465],[15.14772,68.83314],[15.14506,68.83217],[15.14432,68.82939],[15.14118,68.82853],[15.14349,68.82629]],[[15.00739,68.84586],[15.00613,68.84584],[15.00548,68.84634],[15.00445,68.84829],[15.00667,68.8484],[15.00835,68.84747],[15.00739,68.84586]],[[15.12419,68.85402],[15.13426,68.85286]],[[15.06442,68.87118],[15.06051,68.87068],[15.06125,68.86968],[15.06702,68.86972],[15.07527,68.86817],[15.07898,68.86789]],[[15.07986,68.87118],[15.0762,68.87019],[15.07498,68.87048],[15.07501,68.87118]],[[15.03553,68.82635],[15.03438,68.82719],[15.03506,68.82832],[15.03909,68.8296],[15.04038,68.83058],[15.04337,68.83645],[15.0422,68.83841],[15.04229,68.84088],[15.04372,68.84189],[15.0422,68.84366],[15.04217,68.84587],[15.04351,68.84702],[15.04007,68.85002],[15.04308,68.85206],[15.04012,68.85436],[15.04296,68.85601],[15.04889,68.85754],[15.05193,68.85759],[15.057,68.85685],[15.06465,68.85655],[15.07492,68.85764],[15.07918,68.85688],[15.08261,68.85554],[15.08852,68.85431],[15.09029,68.85317],[15.09027,68.85188],[15.09134,68.85104],[15.09851,68.84939],[15.09921,68.84815],[15.09866,68.84478],[15.1073,68.84161],[15.11138,68.84119],[15.11651,68.84201],[15.11996,68.842],[15.11933,68.83963],[15.11333,68.83496],[15.11592,68.83395],[15.12024,68.83405],[15.12152,68.83318],[15.12408,68.83265]],[[15.25791,68.82616],[15.26083,68.82799],[15.26439,68.83177],[15.27477,68.83474],[15.27783,68.83501]],[[15.08763,68.88393],[15.08671,68.88642],[15.08725,68.88713],[15.08779,68.88756],[15.09219,68.88851],[15.0901,68.889],[15.0904,68.89047],[15.08889,68.8913],[15.08312,68.89254],[15.08829,68.89323]],[[15.07898,68.86789],[15.08486,68.86787],[15.08546,68.86758],[15.08438,68.86654],[15.09076,68.86615],[15.09291,68.8664],[15.09548,68.86495],[15.09928,68.86488],[15.09963,68.86389],[15.09722,68.86254],[15.10328,68.8623],[15.10392,68.86171],[15.11121,68.86059],[15.11248,68.85977],[15.10892,68.85929],[15.10861,68.85894],[15.1091,68.85865],[15.11207,68.85889],[15.10992,68.85762],[15.11031,68.85704],[15.11276,68.85684],[15.11391,68.85545],[15.12126,68.85483],[15.12419,68.85402]],[[15.06442,68.87118],[15.06752,68.87229],[15.06746,68.8728],[15.07001,68.87291],[15.07446,68.87248],[15.07501,68.87118]],[[15.25321,68.94876],[15.25213,68.94847],[15.25113,68.94876],[15.24945,68.94829]],[[15.05729,68.87617],[15.06469,68.87643],[15.06529,68.87589],[15.05997,68.87348],[15.05711,68.87301],[15.05496,68.87411],[15.05286,68.87644],[15.05504,68.87742],[15.0572,68.87748],[15.05791,68.87689],[15.05729,68.87617]],[[15.07102,68.87718],[15.06651,68.87717],[15.07111,68.87847],[15.07211,68.8782],[15.07102,68.87718]],[[15.07986,68.87118],[15.08102,68.87193],[15.0808,68.87289],[15.07845,68.87418],[15.07523,68.87361],[15.07366,68.8741],[15.08131,68.87557],[15.08128,68.87744],[15.07974,68.87766],[15.07849,68.87665],[15.07687,68.87636],[15.07629,68.87731],[15.07763,68.87777],[15.08004,68.87775],[15.08284,68.87866]],[[15.02761,68.886],[15.03133,68.88569],[15.03029,68.8834],[15.02373,68.88376],[15.01741,68.88242],[15.01648,68.88138],[15.01091,68.87942],[15.00766,68.87884],[15.00467,68.87914],[15.00415,68.88004],[15.00535,68.88171],[15.00882,68.88307],[15.01227,68.88368],[15.01516,68.88525],[15.01318,68.88589],[15.0137,68.88635],[15.01795,68.88633],[15.01967,68.88598],[15.02363,68.88625],[15.02718,68.88807],[15.02861,68.88822],[15.02916,68.88771],[15.02761,68.886]],[[15,68.8913],[15.00228,68.88992],[15,68.88855]],[[15.08829,68.89323],[15.09043,68.89387],[15.08918,68.89559]],[[15,68.90234],[15.00243,68.90247],[15.00342,68.90099],[15.00242,68.89933],[15,68.89773]],[[15.25625,68.91216],[15.26535,68.91175],[15.26374,68.90916]],[[15.27794,68.90631],[15.27734,68.90357],[15.27868,68.90297]],[[15.08946,68.90898],[15.09265,68.90844],[15.08897,68.90718],[15.09073,68.90657]],[[15.25508,68.91237],[15.25625,68.91216]],[[15.08918,68.89559],[15.08914,68.8976],[15.08683,68.8978],[15.08587,68.89735],[15.08367,68.89717],[15.08105,68.89759],[15.08126,68.89846],[15.07861,68.8986],[15.07821,68.89618],[15.07521,68.89489],[15.0677,68.8945],[15.06103,68.89263],[15.05834,68.89049],[15.05546,68.88977],[15.0526,68.88801],[15.04807,68.88629],[15.04187,68.88583],[15.03948,68.88629],[15.03863,68.88676],[15.03994,68.88802],[15.03965,68.88905],[15.03814,68.8891],[15.03635,68.88804],[15.03377,68.88932],[15.03585,68.88993],[15.03512,68.89125],[15.04165,68.89244],[15.04297,68.89122],[15.04666,68.8915],[15.04837,68.89344],[15.04712,68.89367],[15.04266,68.89314],[15.04308,68.89433],[15.04784,68.89593],[15.05328,68.89678],[15.05278,68.89799],[15.05549,68.89822],[15.05672,68.89934],[15.05611,68.90015],[15.05282,68.90161],[15.04624,68.90338],[15.04421,68.90355],[15.0423,68.90591],[15.03809,68.90766],[15.04378,68.90748],[15.05412,68.90905]],[[15.26374,68.90916],[15.27038,68.90829],[15.27187,68.90726],[15.27598,68.9072],[15.27629,68.90749],[15.27794,68.90631]],[[15.06997,68.90937],[15.0753,68.90792],[15.07641,68.90587],[15.07858,68.90476],[15.07865,68.90387],[15.07744,68.90325],[15.07896,68.90253],[15.07747,68.90171],[15.07767,68.90105],[15.08068,68.90142],[15.08137,68.9033],[15.08246,68.90393],[15.0862,68.90384],[15.08939,68.90433]],[[15.24951,68.95346],[15.25122,68.95341],[15.25282,68.95233],[15.25215,68.95068],[15.25321,68.94876]],[[15.06467,68.91128],[15.06997,68.90937]],[[15.05483,68.90931],[15.05532,68.90999],[15.05347,68.91201],[15.05749,68.91363],[15.06103,68.91404],[15.06443,68.91343],[15.06543,68.9127],[15.06423,68.91193],[15.06467,68.91128]],[[15.24908,68.91552],[15.25184,68.91481],[15.25508,68.91237]],[[15.06108,68.91603],[15.06279,68.91552],[15.06314,68.91482],[15.07899,68.91198],[15.07925,68.91134],[15.07645,68.90949],[15.07712,68.9091],[15.08122,68.90894],[15.08734,68.90947],[15.08946,68.90898]],[[15.2711,68.91109],[15.26741,68.91349],[15.25866,68.91584]],[[15.27874,68.90804],[15.27636,68.90793],[15.27417,68.91006],[15.27191,68.91096]],[[15.23486,68.91677],[15.23945,68.91797],[15.24291,68.91787],[15.24426,68.91772],[15.24574,68.91648],[15.24774,68.91586]],[[15.2493,68.935],[15.24435,68.93724],[15.24387,68.93855],[15.24439,68.93939],[15.24937,68.94138]],[[15.20868,68.92039],[15.21027,68.91918],[15.21347,68.91846],[15.21816,68.91899],[15.22062,68.918],[15.22697,68.92],[15.23183,68.92073],[15.23324,68.91864],[15.23518,68.91835],[15.23407,68.91701]],[[15.06108,68.91603],[15.06018,68.91672],[15.06171,68.91699],[15.06205,68.91751],[15.06079,68.91839],[15.05424,68.91924],[15.05172,68.9201],[15.04964,68.92175],[15.05071,68.92217]],[[15.26875,68.92261],[15.27126,68.92103],[15.27573,68.92004],[15.27891,68.9212]],[[15.25866,68.91584],[15.25717,68.91768],[15.26096,68.92136],[15.26914,68.92314],[15.27065,68.92272],[15.26875,68.92261]],[[15.27892,68.92232],[15.2742,68.92151],[15.27281,68.92223],[15.27511,68.92332],[15.27894,68.92332]],[[15.04459,68.92678],[15.04378,68.92569],[15.04539,68.92388],[15.05071,68.92217]],[[15.04459,68.92678],[15.04751,68.92944]],[[15.2601,68.93239],[15.2567,68.93259],[15.25358,68.93324],[15.2493,68.935]],[[15.27384,68.947],[15.27753,68.94812],[15.27925,68.94814]],[[15.20111,68.94379],[15.19736,68.94305],[15.19585,68.94328],[15.19802,68.94482],[15.20193,68.94439],[15.20111,68.94379]],[[15.24941,68.94486],[15.25623,68.94512],[15.25683,68.94461],[15.25625,68.94364],[15.25267,68.94298],[15.24937,68.94138]],[[15.21171,68.94405],[15.20907,68.94431],[15.21072,68.94622],[15.21222,68.94661],[15.2128,68.94545],[15.21171,68.94405]],[[15.17338,68.95456],[15.1693,68.95218],[15.1751,68.95193],[15.17687,68.95228],[15.17818,68.95133],[15.18052,68.95072],[15.18329,68.95079],[15.18086,68.94897],[15.18432,68.94805],[15.18131,68.94743],[15.18093,68.94683]],[[15.24951,68.95346],[15.24865,68.95378],[15.24952,68.95453]],[[15.18093,68.94683],[15.18082,68.94609],[15.18198,68.94537],[15.18783,68.94512],[15.19012,68.94419],[15.19181,68.9442],[15.1926,68.94296],[15.20269,68.94157],[15.20675,68.94168],[15.21291,68.94111],[15.21263,68.93936],[15.21476,68.9383],[15.21415,68.93587],[15.2208,68.93525],[15.22284,68.93474],[15.22147,68.93449],[15.21713,68.93489],[15.21513,68.93373],[15.21018,68.93276],[15.20936,68.93355],[15.20848,68.93357],[15.20807,68.93495],[15.1978,68.93718],[15.19745,68.93773],[15.19568,68.93759],[15.19271,68.93655],[15.19179,68.93734],[15.18473,68.93805],[15.17501,68.93697],[15.17933,68.93463],[15.17507,68.93361],[15.17435,68.93241],[15.17631,68.93079],[15.17486,68.93036],[15.1745,68.92946],[15.18152,68.92839],[15.18463,68.92855],[15.18962,68.9301],[15.19071,68.93119],[15.19404,68.93061],[15.19247,68.92973],[15.19234,68.92775],[15.1969,68.92583],[15.19818,68.92628],[15.20291,68.92619],[15.20378,68.92557],[15.20967,68.92825],[15.21081,68.92764],[15.20928,68.92749],[15.20929,68.92692],[15.21239,68.9274],[15.21364,68.92711],[15.21461,68.9277],[15.21659,68.9273],[15.21404,68.92662],[15.21395,68.92523],[15.21128,68.92396],[15.21439,68.92422],[15.21654,68.92515],[15.21659,68.92414],[15.21475,68.92385],[15.20895,68.92158],[15.20766,68.92219],[15.2062,68.92184],[15.20766,68.92144],[15.20868,68.92039]],[[15.01784,68.94715],[15.01253,68.94498],[15.00989,68.94555],[15.01065,68.9464],[15.00916,68.94724],[15.00543,68.94683],[15.00381,68.94602],[15.00592,68.94525],[15.00425,68.94391],[15.00466,68.94321],[15.00583,68.9431],[15.00725,68.94401],[15.0102,68.94371],[15.0094,68.94163],[15.01242,68.9405],[15.01456,68.93896],[15.02098,68.93811],[15.02842,68.93644],[15.04186,68.93482]],[[15.27628,68.94975],[15.2725,68.94885],[15.26776,68.94898],[15.26754,68.94802],[15.27283,68.94691],[15.27384,68.947]],[[15.13885,68.95041],[15.13934,68.94962],[15.14176,68.94925],[15.14325,68.94941]],[[15.23457,68.93753],[15.23353,68.93716],[15.23187,68.93811],[15.23208,68.94164],[15.23119,68.94245],[15.22787,68.94359],[15.224,68.94302],[15.2209,68.94477],[15.22126,68.94582],[15.22407,68.94758],[15.22381,68.94794],[15.22015,68.94849],[15.22056,68.95039],[15.22155,68.95091],[15.22443,68.9513],[15.22757,68.95329],[15.22973,68.9532],[15.23372,68.95502],[15.23571,68.95479],[15.23691,68.95402],[15.23618,68.9506],[15.23487,68.94946],[15.23593,68.94824],[15.2387,68.94805],[15.24012,68.94874],[15.24422,68.94907],[15.24643,68.94827],[15.24945,68.94829]],[[15.12476,68.95385],[15.12852,68.95504],[15.13049,68.95521],[15.13992,68.95223],[15.13885,68.95041]],[[15.18312,68.95413],[15.18092,68.95357],[15.17915,68.95374],[15.17766,68.95455],[15.18172,68.95563],[15.18312,68.95503],[15.18312,68.95413]],[[15.12476,68.95385],[15.11273,68.95253],[15.11035,68.95188],[15.10996,68.95087],[15.10866,68.95055],[15.10576,68.95197],[15.09786,68.95228],[15.09372,68.95293],[15.08729,68.95159],[15.08468,68.9517],[15.08325,68.9523],[15.08435,68.95263],[15.08651,68.95242],[15.09043,68.95281],[15.09235,68.95373],[15.09596,68.95414],[15.09814,68.95501],[15.1041,68.95435],[15.1013,68.95302],[15.1019,68.9527],[15.10904,68.95261],[15.11242,68.95447],[15.11723,68.95524],[15.12477,68.95576]],[[15.01666,68.9564],[15.01892,68.9551],[15.01728,68.9537],[15.02092,68.95325],[15.02292,68.95101],[15.02144,68.94893],[15.01784,68.94715]],[[15.17712,68.95826],[15.17838,68.95651],[15.17338,68.95456]],[[15.15087,68.95742],[15.14953,68.95735],[15.14426,68.95832],[15.14295,68.95667],[15.14378,68.95645],[15.14605,68.95712],[15.14781,68.95591],[15.14703,68.95527]],[[15.01402,68.96088],[15.01271,68.95717],[15.01345,68.95673],[15.01666,68.9564]],[[15.13621,68.96082],[15.13821,68.96013],[15.13774,68.95909],[15.13144,68.95761],[15.12781,68.95725],[15.12668,68.95686],[15.12654,68.95614],[15.12477,68.95576]],[[15.1657,68.9608],[15.1638,68.9597],[15.15867,68.96054],[15.15515,68.96028]],[[15.18909,68.96077],[15.18561,68.95972]],[[15.26697,68.96067],[15.25501,68.95736],[15.25272,68.95751],[15.25199,68.95693],[15.255,68.95588],[15.25448,68.95507],[15.25347,68.9547],[15.25149,68.95494],[15.24952,68.95453]],[[15.2684,68.96067],[15.2684,68.95937],[15.27155,68.95753],[15.27362,68.95811],[15.27616,68.95819],[15.27939,68.95933]],[[15.18821,68.96334],[15.18565,68.96324],[15.18595,68.96441],[15.18724,68.96495],[15.18884,68.96366],[15.18821,68.96334]],[[15.13833,68.9651],[15.13757,68.9649],[15.13864,68.96375],[15.13807,68.96257],[15.13575,68.96152],[15.13621,68.96082]],[[15.1657,68.9608],[15.16507,68.96219],[15.17093,68.96255],[15.17287,68.96398],[15.182,68.96587],[15.18277,68.96562],[15.1803,68.96469],[15.17987,68.96356],[15.18909,68.96077]],[[15.23355,68.9687],[15.23563,68.96894],[15.23763,68.96855],[15.23414,68.9679],[15.23173,68.96905],[15.23302,68.96912],[15.23355,68.9687]],[[15,68.9698],[15.00147,68.96927],[15.00192,68.96705],[15.00156,68.96628],[15,68.96576]],[[15.20747,68.96765],[15.20479,68.96723],[15.2013,68.9676],[15.2015,68.96968],[15.20049,68.97034],[15.20565,68.97216],[15.20747,68.97235],[15.21305,68.97066],[15.20747,68.96765]],[[15.20927,68.97424],[15.21208,68.97387],[15.21197,68.97346],[15.20774,68.97277],[15.20739,68.97357],[15.20927,68.97424]],[[15.24974,68.97402],[15.248,68.97387],[15.24754,68.97416],[15.24976,68.97533]],[[15.24976,68.97533],[15.25321,68.97591],[15.2543,68.975],[15.25588,68.97472],[15.25606,68.97392],[15.25398,68.97338],[15.24974,68.97402]],[[15.16664,68.97822],[15.16661,68.97721],[15.16365,68.97703],[15.16182,68.97634],[15.16168,68.97573],[15.16473,68.97546],[15.15934,68.97306],[15.15851,68.97211],[15.1593,68.97193],[15.16248,68.97276],[15.16571,68.97267],[15.171,68.96946],[15.1711,68.96861],[15.16827,68.9678],[15.16552,68.96855],[15.16281,68.97029],[15.16057,68.97001],[15.1606,68.9689],[15.15658,68.96932],[15.15521,68.96991],[15.15226,68.96987],[15.15203,68.96813],[15.15013,68.96804],[15.14852,68.96749],[15.14732,68.96562],[15.14373,68.9646]],[[15.21549,68.97821],[15.22184,68.97882],[15.22132,68.97778],[15.21947,68.97694],[15.21378,68.97547],[15.21227,68.97544],[15.2106,68.97624],[15.21039,68.97704],[15.21527,68.9794],[15.21549,68.97821]],[[15.17005,68.98312],[15.16946,68.98411],[15.16794,68.98207],[15.17095,68.98066],[15.16632,68.97896],[15.16664,68.97822]],[[15.27098,68.98526],[15.271,68.98495],[15.26735,68.98395],[15.26369,68.9834],[15.26267,68.98372],[15.26409,68.98421],[15.26471,68.98526],[15.26721,68.98501],[15.27098,68.98526]],[[15.18123,68.98857],[15.17996,68.98617],[15.17998,68.9855],[15.18139,68.98485],[15.18074,68.98321],[15.18201,68.98284],[15.18385,68.98309],[15.18549,68.98261],[15.17927,68.9797],[15.18169,68.97925],[15.18767,68.9802],[15.18955,68.98095],[15.19197,68.98022],[15.19254,68.97935],[15.18828,68.9775],[15.18435,68.97722],[15.18279,68.97463],[15.1795,68.97431],[15.17583,68.97259],[15.17307,68.97271],[15.17122,68.97356],[15.17182,68.97486],[15.17387,68.97577],[15.17065,68.97846],[15.17411,68.98056],[15.16999,68.98183],[15.17005,68.98312]],[[15.18905,69.00295],[15.1883,68.99999],[15.1838,68.99897],[15.18241,68.99771],[15.18344,68.99617],[15.18598,68.99542],[15.18598,68.99298]],[[15.75092,68.13686],[15.74612,68.13736],[15.74582,68.13797],[15.75004,68.13756],[15.75092,68.13686]],[[15.60087,68.10967],[15.60209,68.10933],[15.60518,68.1094],[15.60595,68.10774]],[[15.7182,68.01831],[15.72059,68.0183],[15.72379,68.01904],[15.72546,68.01756]],[[15.359,68.01195],[15.36117,68.01302],[15.36476,68.0129],[15.36137,68.01146],[15.36056,68.01036],[15.35897,68.01035]],[[15.75114,68.10714],[15.74923,68.10739],[15.74875,68.10789],[15.75009,68.10897],[15.75176,68.10918],[15.75734,68.10869],[15.76155,68.1071]],[[15.42343,68.0092],[15.42251,68.0086],[15.41393,68.00843],[15.41409,68.00789],[15.41765,68.00685],[15.41739,68.00513]],[[15.6978,67.99927],[15.69818,68.00017],[15.70069,68.00024],[15.70404,67.99954]],[[15.50269,68.00341],[15.5061,68.00418]],[[15.37839,68.10842],[15.37644,68.11073]],[[15.41739,68.00513],[15.41805,68.00443],[15.42144,68.004],[15.42234,68.00317],[15.42092,68.00236],[15.42141,68.00195],[15.42424,68.00166],[15.42443,67.99994]],[[15.40479,67.99981],[15.40579,68.001],[15.40379,68.00399],[15.40108,68.00448],[15.3994,68.00415],[15.39949,68.00343],[15.40165,68.00229],[15.40124,68.00203],[15.39816,68.00259],[15.39724,68.00334],[15.3959,68.00248],[15.39312,68.00241],[15.38979,68.00432],[15.38927,68.00387]],[[15.76574,67.9996],[15.76136,68.00082],[15.76384,68.002],[15.76781,68.00261],[15.7665,68.00315],[15.7636,68.00319],[15.76205,68.00396]],[[15.7178,68.00523],[15.71699,68.00524],[15.71679,68.00569],[15.71782,68.00593]],[[15.47857,68.00713],[15.47894,68.00657],[15.48137,68.00661],[15.48298,68.00578],[15.48864,68.00469],[15.49002,68.00472],[15.49171,68.00559],[15.49813,68.00558],[15.50017,68.00479],[15.50092,68.00353],[15.50269,68.00341]],[[15.7178,68.00523],[15.72053,68.00642],[15.72615,68.00572],[15.72784,68.00592],[15.73063,68.00118],[15.72773,68.00038],[15.72535,67.99832]],[[15.38927,68.00387],[15.39043,68.00153],[15.38614,68.00093],[15.38268,68.00213],[15.38028,68.0038],[15.37481,68.00426],[15.37002,68.0055],[15.36866,68.00632],[15.36887,68.0077],[15.37174,68.00819],[15.37642,68.00666],[15.37882,68.00812],[15.38106,68.00749]],[[15.94906,67.99734],[15.94979,68],[15.94761,68.00312],[15.94702,68.00557],[15.94866,68.00635],[15.94789,68.00714],[15.94882,68.00773],[15.95015,68.00693],[15.95156,68.00686],[15.9572,68.00827]],[[15.47841,67.99961],[15.47459,68.00052],[15.47579,68.00186],[15.4752,68.00264],[15.47366,68.00249],[15.47206,68.00312],[15.47443,68.00358],[15.47289,68.00428],[15.4737,68.00495],[15.47273,68.00553],[15.47059,68.00587],[15.47035,68.00637],[15.46816,68.00598],[15.46729,68.00543],[15.46265,68.00616],[15.46369,68.00656],[15.46676,68.00672],[15.46812,68.00776],[15.47004,68.00716],[15.47088,68.00749],[15.47231,68.00861],[15.47177,68.00888],[15.46697,68.00796],[15.4658,68.0082],[15.4658,68.00867],[15.47015,68.00967],[15.47131,68.01108],[15.47408,68.00993],[15.47286,68.00841],[15.47594,68.00826],[15.47857,68.00713]],[[15.51896,68.01184],[15.51871,68.01141],[15.51313,68.011],[15.51084,68.00919],[15.51034,68.00821],[15.51109,68.0074],[15.51203,68.00709],[15.51459,68.00722],[15.51521,68.00663],[15.51442,68.00602],[15.50907,68.00523],[15.5061,68.00418]],[[15.37565,68.01175],[15.37337,68.01154],[15.37238,68.01217],[15.37265,68.01292],[15.36985,68.01441],[15.37011,68.01476],[15.37303,68.01391],[15.37658,68.01351],[15.37466,68.01263],[15.37565,68.01175]],[[15.35904,68.01485],[15.35683,68.01449],[15.3525,68.01449],[15.35,68.01501]],[[15.51635,68.01468],[15.51677,68.01335],[15.51896,68.01184]],[[15.47135,68.01412],[15.46843,68.01426],[15.47076,68.01534],[15.47194,68.01496],[15.47135,68.01412]],[[15.33759,68.01721],[15.33955,68.01771],[15.34111,68.01686],[15.35,68.01501]],[[15.38106,68.00749],[15.38304,68.00712],[15.38234,68.00781],[15.38363,68.00846],[15.3817,68.00889],[15.38001,68.00992],[15.38162,68.01286],[15.38112,68.01437],[15.37922,68.01479],[15.38128,68.01576],[15.38307,68.01586],[15.38302,68.01626]],[[15.38302,68.01626],[15.38125,68.01604],[15.37918,68.01626],[15.37914,68.01771],[15.37629,68.01823],[15.37887,68.01872]],[[15.32533,68.01488],[15.32951,68.01449],[15.33049,68.01397],[15.33456,68.01328],[15.3362,68.01385],[15.33663,68.01472],[15.33489,68.01546],[15.33799,68.01617],[15.33759,68.01721]],[[15.26779,68.0004],[15.26777,67.99881]],[[15.30458,68.01887],[15.30731,68.01811],[15.30916,68.0185],[15.31332,68.01622],[15.3152,68.01578],[15.31909,68.01524],[15.32263,68.01594],[15.32494,68.0156],[15.32533,68.01488]],[[15.37138,68.01874],[15.36934,68.01811],[15.36862,68.01712],[15.35904,68.01485]],[[15.43653,68.01858],[15.44044,68.01693],[15.43805,68.01509],[15.43564,68.01485],[15.4347,68.01367],[15.43137,68.01261],[15.43092,68.01132],[15.43425,68.01006],[15.4252,68.01036],[15.42417,68.01017],[15.42343,68.0092]],[[15.51921,68.01834],[15.51849,68.01752],[15.51517,68.017],[15.51466,68.01648],[15.51487,68.01508],[15.51635,68.01468]],[[15.70554,68.01765],[15.69105,68.0131],[15.68951,68.01139],[15.68861,68.00801],[15.68602,68.00838],[15.68416,68.00708],[15.68628,68.00459],[15.68842,68.00338],[15.69254,68.00262],[15.69448,68.00261],[15.69626,68.00332],[15.70104,68.00366],[15.70051,68.00452],[15.70113,68.00478],[15.70531,68.00435],[15.70727,68.00361],[15.71183,68.00326],[15.71413,68.004],[15.71213,68.00442],[15.71334,68.00503],[15.71178,68.00554],[15.71274,68.0062],[15.71566,68.00664],[15.71783,68.00645]],[[15.72546,68.01756],[15.72744,68.01678],[15.72815,68.01458],[15.73117,68.01319],[15.73976,68.01182],[15.74162,68.01022],[15.75064,68.00838],[15.75003,68.00671],[15.74737,68.00608],[15.7485,68.00466],[15.75108,68.00363],[15.75797,68.00327],[15.76029,68.00398],[15.76205,68.00396]],[[15.90362,68.01668],[15.90293,68.01599],[15.90148,68.01586],[15.89486,68.01673]],[[15.91473,68.01662],[15.91637,68.01492],[15.92358,68.0128],[15.93061,68.00877],[15.92994,68.0072],[15.92376,68.00451],[15.9269,68.00358],[15.93182,68.00405],[15.93514,68.00319],[15.93451,68.0024],[15.9318,68.00203],[15.93069,68.00011],[15.93172,67.99939]],[[15.97017,68.0163],[15.97134,68.01516],[15.97374,68.01475],[15.97913,68.01224],[15.9798,68.01151],[15.97914,68.01015],[15.97059,68.00942],[15.96441,68.00982],[15.9572,68.00827]],[[15.31531,68.06856],[15.31306,68.06761],[15.31164,68.06778],[15.31135,68.06848],[15.31347,68.06869],[15.31522,68.0696],[15.31531,68.06856]],[[15.60087,68.10967],[15.59767,68.1117],[15.60092,68.1115]],[[15.70554,68.01765],[15.70827,68.01855],[15.7182,68.01831]],[[15.95755,68.01665],[15.95899,68.01663],[15.96083,68.01735],[15.97017,68.0163]],[[15.37138,68.01874],[15.37651,68.02046],[15.37776,68.02049],[15.37941,68.01955]],[[15.90362,68.01668],[15.90397,68.01782],[15.90774,68.01941],[15.91312,68.01781],[15.91473,68.01662]],[[15.95755,68.01665],[15.95232,68.01651],[15.95037,68.01819],[15.95158,68.02022],[15.95418,68.02132],[15.9543,68.02297]],[[15.72203,68.14107],[15.72019,68.14239],[15.72213,68.14426]],[[15.55132,68.02354],[15.55036,68.02332],[15.54739,68.02359],[15.54794,68.02493],[15.55538,68.02577],[15.55505,68.02466],[15.55132,68.02354]],[[15.47891,68.024],[15.47744,68.02418],[15.47641,68.02493],[15.47713,68.02574],[15.47896,68.02606]],[[15.47896,68.02606],[15.47927,68.02761],[15.48062,68.02767],[15.48155,68.02615],[15.48438,68.02516],[15.48304,68.02389],[15.47891,68.024]],[[15.43653,68.01858],[15.43791,68.01921],[15.43795,68.02023],[15.43698,68.02151],[15.43516,68.02188],[15.43322,68.02342],[15.43459,68.02506],[15.43789,68.02363],[15.43778,68.02248],[15.43936,68.02236],[15.43984,68.02532],[15.43744,68.02653],[15.43586,68.02601],[15.43414,68.0264],[15.43022,68.02588],[15.4274,68.02667],[15.42521,68.02611],[15.42274,68.02738],[15.41934,68.0284],[15.41754,68.02853],[15.41521,68.02716],[15.41321,68.02712],[15.41236,68.02434],[15.41159,68.02435],[15.4098,68.02584],[15.40771,68.02591]],[[15.51921,68.01834],[15.52099,68.01926],[15.52656,68.02043],[15.53594,68.0215],[15.53897,68.02135],[15.54879,68.0197],[15.55143,68.01973],[15.55865,68.02118],[15.5595,68.0219],[15.55768,68.023],[15.55868,68.0233],[15.56287,68.0229],[15.56763,68.02315],[15.572,68.02433],[15.58016,68.02571],[15.58592,68.02782],[15.59384,68.0286],[15.59876,68.02843]],[[15.83826,68.02798],[15.84906,68.02843],[15.85779,68.02695],[15.86092,68.02593],[15.86172,68.02496],[15.86451,68.02465],[15.87143,68.02502],[15.87266,68.02672],[15.87482,68.02695],[15.87881,68.02539],[15.88741,68.02301],[15.89227,68.02277],[15.89245,68.02182],[15.88995,68.02146],[15.88894,68.02054],[15.89099,68.0205],[15.89255,68.01771],[15.89486,68.01673]],[[15.40568,68.03019],[15.40831,68.02991],[15.40976,68.02872],[15.40616,68.02886],[15.40293,68.03089],[15.40409,68.03093],[15.40568,68.03019]],[[15.51769,68.03089],[15.5154,68.0305],[15.51522,68.0318],[15.51775,68.03183],[15.51769,68.03089]],[[15.50845,68.03192],[15.51226,68.02995],[15.5097,68.0301],[15.50721,68.0289],[15.50198,68.02938],[15.50235,68.03082],[15.50396,68.03165],[15.50676,68.03194],[15.50765,68.03249],[15.50845,68.03192]],[[15.71857,68.03011],[15.73039,68.02744],[15.73344,68.02731],[15.74132,68.02788],[15.75124,68.02673],[15.75598,68.02658],[15.76344,68.02504],[15.76487,68.02509],[15.76609,68.02583],[15.76481,68.02658],[15.76728,68.0292],[15.77356,68.03088],[15.77752,68.03129],[15.78908,68.03138],[15.79251,68.02909],[15.79588,68.02928],[15.80357,68.02722],[15.80923,68.02731],[15.81093,68.0283],[15.81969,68.02993],[15.82122,68.03109],[15.82461,68.03126],[15.83283,68.02819],[15.83826,68.02798]],[[15.34141,68.06978],[15.3453,68.07004],[15.34304,68.07068],[15.33994,68.07095],[15.33988,68.07001]],[[15.42596,68.03529],[15.43129,68.03535],[15.43197,68.03399],[15.43647,68.03305],[15.43955,68.03303],[15.44012,68.0338],[15.43698,68.03449],[15.43697,68.03498],[15.44032,68.03554],[15.44542,68.0357],[15.44598,68.03367],[15.44838,68.03114],[15.45687,68.03153],[15.46064,68.02995],[15.46005,68.02827],[15.45719,68.02588],[15.45496,68.02561],[15.45154,68.02616],[15.44794,68.02616],[15.44606,68.02672],[15.44549,68.02764],[15.44266,68.02839],[15.43976,68.02741],[15.43744,68.02733],[15.43533,68.02821],[15.4293,68.02932],[15.42499,68.03128],[15.42218,68.03107],[15.42121,68.03011],[15.41958,68.03019],[15.41899,68.0313],[15.41606,68.03067],[15.41441,68.03225],[15.41257,68.03278],[15.41041,68.03268],[15.41007,68.03124],[15.41211,68.03046],[15.41161,68.03014],[15.407,68.03097],[15.40602,68.03153],[15.40861,68.03203],[15.40598,68.03507],[15.40696,68.03593],[15.40894,68.03584],[15.41056,68.03517],[15.41109,68.03374],[15.41402,68.0344],[15.41678,68.03638],[15.41933,68.03667],[15.42596,68.03529]],[[15.59876,68.02843],[15.60208,68.02824],[15.60772,68.02866],[15.61315,68.02769],[15.61387,68.02816],[15.61317,68.02963],[15.61117,68.03042],[15.61239,68.0313],[15.63117,68.03145],[15.63541,68.03273],[15.63965,68.03288],[15.64872,68.03023],[15.65715,68.02891],[15.66265,68.02868],[15.66462,68.02914],[15.67091,68.03208],[15.67192,68.03288],[15.67135,68.03375],[15.67862,68.03645],[15.69576,68.03277],[15.69905,68.03314],[15.69937,68.03235],[15.70491,68.03208],[15.70778,68.03156],[15.71321,68.0297],[15.71685,68.03038],[15.71857,68.03011]],[[15.49658,68.03676],[15.50366,68.0371],[15.50205,68.03611],[15.50361,68.03475],[15.50309,68.03441],[15.49895,68.03554],[15.49509,68.03446],[15.48733,68.03535],[15.48693,68.03671],[15.48902,68.03738],[15.4935,68.03748],[15.49658,68.03676]],[[15.40987,68.0374],[15.40887,68.03721],[15.40543,68.03767],[15.40478,68.03852],[15.40781,68.03878],[15.4098,68.03802],[15.40987,68.0374]],[[15.30022,68.07022],[15.29677,68.07008],[15.29504,68.07065],[15.29844,68.07131],[15.30022,68.07022]],[[15.40641,68.02718],[15.40661,68.02812],[15.40441,68.02838],[15.40316,68.02913],[15.39993,68.02937],[15.40223,68.02995],[15.40131,68.03065],[15.40177,68.0315],[15.40432,68.03157],[15.40284,68.03388],[15.39522,68.03642],[15.39747,68.03751],[15.39709,68.03869],[15.40048,68.03932],[15.40151,68.04039]],[[15.57131,68.04475],[15.5725,68.04332],[15.57082,68.0424],[15.56744,68.0424],[15.5622,68.04058],[15.55853,68.04121],[15.5582,68.04207],[15.55998,68.04323],[15.56272,68.04349],[15.56644,68.04514],[15.56787,68.04474],[15.56931,68.0449],[15.56974,68.04558],[15.57099,68.04585],[15.57131,68.04475]],[[15.40235,68.04043],[15.40314,68.03968],[15.40479,68.03941],[15.40769,68.03963],[15.41128,68.03869],[15.41274,68.03899],[15.41357,68.03865],[15.41858,68.0387],[15.42208,68.03916],[15.422,68.04215],[15.42646,68.0461],[15.42842,68.04695],[15.435,68.04631],[15.43836,68.04533],[15.4399,68.04449],[15.44017,68.04355],[15.44191,68.04327],[15.44386,68.04338],[15.44613,68.04437],[15.44893,68.04488]],[[15.49329,68.04571],[15.49079,68.04562],[15.48815,68.04603],[15.48994,68.04681],[15.49293,68.04713],[15.49466,68.04664],[15.49329,68.04571]],[[15.46063,68.0474],[15.45955,68.04698],[15.46109,68.04674],[15.46067,68.04631],[15.45806,68.0465],[15.44893,68.04488]],[[15.78231,68.0464],[15.78526,68.04641],[15.78334,68.04515],[15.7837,68.04467],[15.7809,68.04355],[15.77886,68.04342],[15.78076,68.045],[15.78074,68.04591],[15.77972,68.04636],[15.78082,68.04661],[15.78231,68.0464]],[[15.57683,68.04842],[15.5797,68.04811],[15.57922,68.04753],[15.57592,68.04743],[15.57683,68.04842]],[[15.36747,68.10844],[15.36658,68.10795],[15.3652,68.10815]],[[15.59924,68.04695],[15.60312,68.04732],[15.60829,68.04841],[15.61195,68.04777],[15.61709,68.04841],[15.63349,68.04767],[15.63279,68.04655],[15.63537,68.04666],[15.63615,68.04589],[15.6297,68.04434],[15.63137,68.04294],[15.63378,68.0432],[15.63607,68.04486],[15.63844,68.04559],[15.64117,68.04537],[15.64123,68.04469],[15.64768,68.04445],[15.6535,68.04528],[15.65537,68.04636],[15.65768,68.04687],[15.6666,68.04735],[15.68827,68.04678],[15.69183,68.04587],[15.69476,68.04558],[15.70269,68.04732],[15.70759,68.04746],[15.71018,68.04718],[15.71091,68.04596],[15.71407,68.04381],[15.71894,68.04215]],[[15.57196,68.04857],[15.56944,68.04868],[15.57037,68.04964],[15.57173,68.0498],[15.57318,68.04926],[15.57196,68.04857]],[[15.83901,68.04883],[15.84266,68.04837],[15.84479,68.04656],[15.85119,68.04464],[15.85776,68.03985],[15.86334,68.03887],[15.86319,68.0386],[15.85977,68.03833],[15.85684,68.03728],[15.8709,68.03575],[15.87368,68.03559],[15.87648,68.03599],[15.88672,68.03535],[15.88579,68.03434],[15.89176,68.03463],[15.89935,68.03401],[15.90123,68.03363],[15.90294,68.03268],[15.90547,68.03228],[15.91726,68.03239],[15.92193,68.03327],[15.92521,68.03293],[15.92801,68.03078],[15.93157,68.03021],[15.93786,68.03008],[15.94451,68.02632],[15.94381,68.02427],[15.93995,68.02378],[15.93925,68.02297],[15.94053,68.02189],[15.94015,68.01967],[15.94288,68.0186],[15.94564,68.01826],[15.94667,68.01879],[15.94852,68.02315],[15.95152,68.02393],[15.95284,68.02389],[15.95338,68.0235]],[[15.56727,68.05277],[15.56689,68.05191],[15.56289,68.0513],[15.55578,68.04843],[15.55207,68.04796],[15.54753,68.04825],[15.54726,68.04881],[15.54851,68.04928],[15.55428,68.04979],[15.55988,68.05078],[15.56013,68.0512],[15.55815,68.05157],[15.55943,68.05241],[15.56173,68.05265],[15.5632,68.05243],[15.56836,68.05386],[15.56727,68.05277]],[[15.46063,68.0474],[15.46319,68.04652],[15.46661,68.04741],[15.47007,68.04692],[15.47285,68.04729],[15.46812,68.05121],[15.47074,68.05135],[15.47618,68.0509],[15.47658,68.05163],[15.46921,68.05278],[15.46774,68.05321],[15.46784,68.05361],[15.47052,68.0533],[15.47387,68.05451],[15.47529,68.05398],[15.47656,68.05398],[15.47806,68.05465],[15.47954,68.05426]],[[15.48722,68.0551],[15.48324,68.0547],[15.48119,68.05385],[15.47954,68.05426]],[[15.27776,68.05563],[15.27772,68.05382],[15.27988,68.0524],[15.27564,68.05043],[15.27898,68.04825],[15.27714,68.04752],[15.27812,68.04567],[15.28297,68.0426],[15.28781,68.04088],[15.28829,68.03847],[15.29211,68.03655],[15.29321,68.03528],[15.29866,68.0337],[15.29857,68.03225],[15.29752,68.0317],[15.29463,68.03113],[15.29155,68.03108],[15.29399,68.02955],[15.29299,68.02859],[15.29524,68.02729],[15.29222,68.02687],[15.29112,68.02615],[15.29239,68.02547],[15.29382,68.02538],[15.29865,68.02281],[15.30152,68.02248],[15.30447,68.02284],[15.30763,68.0215],[15.30749,68.02045],[15.30538,68.02034],[15.30391,68.01959],[15.30458,68.01887]],[[15.49098,68.05579],[15.50431,68.05491],[15.50655,68.05394],[15.49804,68.05314],[15.49503,68.0517],[15.49628,68.05029],[15.49375,68.04989],[15.49101,68.05136],[15.4886,68.05061],[15.48704,68.05076],[15.49233,68.05394],[15.49164,68.05435],[15.48991,68.05422],[15.48843,68.05455],[15.48722,68.0551]],[[15.53806,68.05507],[15.53711,68.05476],[15.53467,68.05486],[15.53442,68.05527],[15.53732,68.05592],[15.53806,68.05507]],[[15.28174,68.06376],[15.27727,68.06086],[15.27834,68.06008],[15.28115,68.06099],[15.28193,68.06087],[15.2784,68.05737],[15.27776,68.05563]],[[15.32001,68.06369],[15.32443,68.06409],[15.33217,68.06382],[15.33355,68.06491],[15.33489,68.06507],[15.33726,68.06506],[15.33958,68.06401],[15.35029,68.06473],[15.35182,68.06587],[15.34478,68.06592],[15.34271,68.06661],[15.34288,68.06867],[15.34141,68.06978]],[[15.71894,68.04215],[15.72186,68.04296],[15.72863,68.04251],[15.73627,68.04302],[15.74164,68.04247],[15.74236,68.04094],[15.73856,68.0406],[15.73508,68.03792],[15.73578,68.03581],[15.75292,68.03328],[15.76618,68.03237],[15.77044,68.03293],[15.78447,68.03368],[15.80746,68.03436],[15.81073,68.03418],[15.81069,68.03384],[15.80224,68.03348],[15.79624,68.03272],[15.79462,68.03196],[15.79614,68.03114],[15.79822,68.03105],[15.80112,68.03023],[15.80239,68.03021],[15.80278,68.03076],[15.80382,68.03078],[15.80725,68.0298],[15.81051,68.0295],[15.81903,68.03133],[15.82146,68.03262],[15.82552,68.03327],[15.82609,68.03402],[15.82542,68.03455],[15.82246,68.03506],[15.82555,68.0364],[15.82561,68.03719],[15.8287,68.03829],[15.82965,68.03942],[15.81484,68.04028],[15.81452,68.0419],[15.81152,68.0438],[15.8043,68.04479],[15.78393,68.04003],[15.77737,68.04125],[15.77779,68.0418],[15.77679,68.04202],[15.76871,68.04185],[15.76779,68.04105],[15.75633,68.04313],[15.75492,68.044],[15.76064,68.04538],[15.76396,68.04541],[15.77046,68.04745],[15.76755,68.04852],[15.76784,68.04926],[15.77047,68.0507],[15.77186,68.05263],[15.77949,68.05591],[15.78098,68.05582],[15.78408,68.0547],[15.78587,68.05306],[15.78972,68.05225],[15.78866,68.05101],[15.79604,68.04873],[15.79652,68.04763],[15.79748,68.04741],[15.80473,68.04814],[15.81018,68.04825],[15.81046,68.0495],[15.81362,68.04996],[15.8126,68.05063],[15.81405,68.05101],[15.81083,68.05226],[15.82012,68.05437],[15.83037,68.05566],[15.8356,68.05513],[15.82809,68.05228],[15.82359,68.05142],[15.8224,68.05073],[15.82322,68.05089],[15.8231,68.05025],[15.82424,68.04986],[15.82944,68.04984],[15.83901,68.04883]],[[15.51959,68.06318],[15.51944,68.06252],[15.51521,68.06007],[15.51372,68.06045],[15.51359,68.06265],[15.51144,68.06217],[15.50921,68.06056],[15.5103,68.05979],[15.50539,68.05944],[15.50564,68.05904],[15.51012,68.05869],[15.51117,68.05775],[15.51017,68.05714],[15.50855,68.057],[15.50689,68.05873],[15.5054,68.05851],[15.50536,68.05724],[15.50399,68.05797],[15.50117,68.0576],[15.49827,68.05858],[15.49394,68.05848],[15.49235,68.0578],[15.49357,68.05744],[15.49817,68.05727],[15.49984,68.05661],[15.49986,68.0559],[15.49313,68.05736],[15.49145,68.05728],[15.48945,68.05638],[15.49098,68.05579]],[[15.53492,68.06314],[15.53467,68.06204],[15.53252,68.06094],[15.52638,68.06006],[15.52381,68.05921],[15.52285,68.05721],[15.52079,68.05632],[15.51706,68.05683],[15.51257,68.05668],[15.51227,68.05748],[15.51418,68.05725],[15.51658,68.05777],[15.51745,68.0591],[15.5208,68.05878],[15.52078,68.05958],[15.5182,68.05963],[15.51797,68.0599],[15.52423,68.06139],[15.52735,68.0617],[15.5287,68.06316]],[[15.58647,68.06296],[15.58263,68.06137],[15.58113,68.06017],[15.57603,68.05938],[15.5731,68.05972],[15.57154,68.05935],[15.57069,68.05735],[15.56884,68.05693],[15.56541,68.05694],[15.56198,68.05599],[15.56392,68.05518],[15.5667,68.05524],[15.5711,68.05617],[15.57383,68.05722],[15.57754,68.05778],[15.58048,68.05931],[15.58198,68.05923],[15.58485,68.05592],[15.58878,68.05391],[15.58773,68.05338],[15.58315,68.05325],[15.58325,68.05246],[15.58863,68.05035],[15.58819,68.04976],[15.58438,68.04908],[15.58417,68.04831],[15.57956,68.04684],[15.57723,68.04488],[15.58016,68.04505],[15.58217,68.04475],[15.58574,68.04538],[15.58812,68.045],[15.59924,68.04695]],[[15.64178,68.05595],[15.63972,68.05575],[15.63759,68.05677],[15.63582,68.05695],[15.63432,68.05668],[15.6323,68.05684],[15.63175,68.05775],[15.62904,68.05853],[15.63162,68.06],[15.63031,68.06033],[15.62876,68.05976],[15.62729,68.05986],[15.63058,68.0619],[15.63663,68.06237],[15.63741,68.06277]],[[15.65526,68.0627],[15.6578,68.06211],[15.6589,68.06118],[15.65627,68.05905],[15.65439,68.05812],[15.64641,68.05606],[15.64218,68.05593]],[[15.29001,68.06421],[15.29529,68.0648],[15.29669,68.06545],[15.29626,68.06667],[15.29751,68.0672],[15.3016,68.06703],[15.30097,68.06576],[15.30385,68.06536],[15.30628,68.06558],[15.30942,68.06658],[15.31174,68.06513],[15.31465,68.06418],[15.31886,68.06369]],[[15.5287,68.06316],[15.52907,68.06456],[15.53209,68.06712],[15.53383,68.06673],[15.53482,68.06598],[15.53492,68.06314]],[[15.63982,68.06468],[15.63715,68.06533],[15.63725,68.06627],[15.63991,68.06748],[15.64275,68.06813],[15.64218,68.06586],[15.63982,68.06468]],[[15.30547,68.07128],[15.30542,68.07095],[15.30757,68.07117],[15.30802,68.07093],[15.30309,68.07008],[15.30264,68.07048],[15.30394,68.0714],[15.30547,68.07128]],[[15.30027,68.07458],[15.30729,68.07471],[15.31068,68.07428],[15.31135,68.07395],[15.31066,68.07264],[15.30729,68.07219],[15.30278,68.07229],[15.30065,68.07268],[15.30002,68.07345],[15.29926,68.07266],[15.29717,68.07249],[15.29585,68.07358],[15.29923,68.07472],[15.30027,68.07458]],[[15.52925,68.07185],[15.52761,68.07178],[15.5267,68.07213],[15.52484,68.07376],[15.52776,68.0743],[15.53244,68.07347],[15.52925,68.07185]],[[15.63652,68.07404],[15.6342,68.0734],[15.63349,68.07357],[15.63449,68.07468],[15.6363,68.07496],[15.63811,68.07437],[15.63652,68.07404]],[[15.64938,68.08373],[15.64655,68.08328],[15.64593,68.08269]],[[15.64593,68.08269],[15.64348,68.08125],[15.6413,68.08065],[15.64059,68.07962],[15.63849,68.07926],[15.63213,68.07922],[15.6285,68.07724],[15.62556,68.07651],[15.61965,68.0771],[15.61658,68.07695],[15.60873,68.07427],[15.61138,68.07344],[15.61408,68.07403],[15.61579,68.07322],[15.61602,68.07183],[15.61324,68.07182],[15.61064,68.07025],[15.61318,68.06978],[15.61672,68.06995],[15.61912,68.06927],[15.62299,68.06704],[15.62588,68.06794],[15.62611,68.06716],[15.62742,68.06699],[15.62887,68.06711],[15.62873,68.06785],[15.63128,68.06792],[15.63431,68.06747],[15.63486,68.06837],[15.63646,68.06836],[15.63746,68.06717],[15.63586,68.06578],[15.63759,68.06399],[15.63741,68.06277]],[[15.50404,68.12383],[15.50217,68.12387],[15.50014,68.12493],[15.50305,68.12502],[15.50404,68.12383]],[[15.38552,68.12828],[15.3821,68.12855],[15.38388,68.12967],[15.38686,68.12907],[15.38552,68.12828]],[[15.65526,68.0627],[15.65239,68.0633],[15.64954,68.06289],[15.64813,68.0641],[15.65111,68.0642],[15.65232,68.0659],[15.65504,68.06636],[15.65959,68.06636],[15.66223,68.06713],[15.66337,68.06953],[15.66225,68.07237],[15.66106,68.07308],[15.65557,68.07422],[15.64768,68.07665],[15.64791,68.07843],[15.64606,68.07957],[15.65185,68.08202],[15.659,68.08265],[15.66315,68.08523],[15.66491,68.08795],[15.67077,68.0892],[15.6789,68.08945],[15.68293,68.08917],[15.68481,68.08744],[15.68774,68.08693],[15.69456,68.08683],[15.69872,68.0877],[15.70524,68.08827],[15.70786,68.08722],[15.71033,68.08705],[15.72037,68.0878]],[[15.37839,68.10842],[15.38002,68.10742],[15.37948,68.10664],[15.37813,68.10645],[15.37885,68.10518],[15.38011,68.10499],[15.38216,68.10556],[15.3855,68.10478],[15.38493,68.10406],[15.38282,68.10442],[15.38026,68.10359],[15.37744,68.10348],[15.37448,68.10393],[15.37249,68.10481],[15.37209,68.10635],[15.37103,68.10671],[15.36965,68.10622],[15.36854,68.10684],[15.36894,68.10757],[15.37137,68.10746],[15.37172,68.10843]],[[15.52083,68.10852],[15.52145,68.10803]],[[15.33988,68.07001],[15.33675,68.06871],[15.33452,68.0683],[15.32878,68.0677],[15.32681,68.06769],[15.32587,68.0681],[15.326,68.07066],[15.32912,68.07048],[15.33058,68.06992],[15.33185,68.07042],[15.33199,68.07113],[15.32563,68.07175],[15.32168,68.07277],[15.32743,68.07337],[15.32898,68.07294],[15.3304,68.0731],[15.33119,68.075],[15.32772,68.07573],[15.32759,68.07638],[15.32857,68.07852],[15.33159,68.07904],[15.33039,68.07978],[15.32875,68.07996],[15.32601,68.07802],[15.32121,68.07732],[15.31803,68.07834],[15.31437,68.07684],[15.31195,68.07762],[15.31342,68.08104],[15.31516,68.08231],[15.31685,68.08266],[15.31895,68.08226],[15.32059,68.08033],[15.32277,68.08047],[15.32392,68.07937],[15.325,68.07927],[15.32649,68.08187],[15.32454,68.0826],[15.32453,68.08321],[15.32606,68.08427],[15.33057,68.08444],[15.3322,68.08555],[15.33209,68.08712],[15.3333,68.0888],[15.33611,68.09101],[15.33488,68.09306],[15.33822,68.09561],[15.33886,68.09757]],[[15.36747,68.10844],[15.36742,68.10882],[15.36909,68.10931],[15.37126,68.10912],[15.37172,68.10843]],[[15.51959,68.06318],[15.52082,68.06489],[15.52295,68.06513],[15.52633,68.06457],[15.52563,68.06532],[15.52757,68.06616],[15.52732,68.068],[15.52245,68.06967],[15.52307,68.07093],[15.51902,68.07049],[15.51761,68.07095],[15.51849,68.07197],[15.51853,68.07454],[15.51251,68.07692],[15.51463,68.07707],[15.51771,68.07657],[15.52146,68.07474],[15.52343,68.07487],[15.52555,68.07567],[15.52939,68.07492],[15.53071,68.07581],[15.52509,68.08044],[15.52081,68.08194],[15.51742,68.08376],[15.51888,68.08511],[15.51694,68.08638],[15.51997,68.0865],[15.52043,68.0868],[15.51966,68.08811],[15.51633,68.08923],[15.5148,68.09249],[15.51801,68.09476],[15.51888,68.09771],[15.51745,68.09952],[15.5195,68.1014],[15.52116,68.10101],[15.51971,68.09966],[15.52123,68.09763],[15.52122,68.09606],[15.5246,68.09515],[15.52662,68.09512],[15.52886,68.09562],[15.52969,68.09539],[15.52849,68.09492],[15.52889,68.09362],[15.53201,68.09271],[15.53385,68.08945],[15.53623,68.08766],[15.54041,68.08613],[15.54985,68.08433],[15.55263,68.08415],[15.55534,68.08458],[15.5576,68.08451],[15.56621,68.08303],[15.574,68.08226],[15.5749,68.08185],[15.57533,68.07969],[15.57699,68.07939],[15.57666,68.07833],[15.57489,68.07856],[15.574,68.07828],[15.57512,68.07686],[15.57628,68.07673],[15.57808,68.07761],[15.58158,68.0776],[15.58604,68.07562],[15.59401,68.07453],[15.59774,68.07361],[15.59769,68.07279],[15.59219,68.07052],[15.58982,68.06868],[15.58562,68.06911],[15.58079,68.07046],[15.58006,68.07013],[15.58109,68.06937],[15.57865,68.06897],[15.57063,68.07013],[15.56978,68.06917],[15.57047,68.06751],[15.57537,68.06697],[15.58426,68.06699],[15.5833,68.06519],[15.58648,68.06415],[15.58647,68.06296]],[[15.6386,68.10363],[15.64337,68.10285],[15.64279,68.10166],[15.64003,68.10176],[15.63327,68.10343],[15.63097,68.10356],[15.63164,68.10474],[15.6307,68.10543],[15.6316,68.10619],[15.63116,68.10711],[15.63231,68.10727],[15.63499,68.10615],[15.63421,68.10534],[15.6386,68.10363]],[[15.33886,68.09757],[15.33668,68.09803],[15.33592,68.09866],[15.33675,68.09922],[15.34175,68.10052],[15.34148,68.10169],[15.3395,68.10218],[15.34007,68.10263],[15.34313,68.10313],[15.34352,68.10353],[15.34244,68.10436],[15.3513,68.10546],[15.35599,68.10725],[15.35604,68.1079],[15.3605,68.10819]],[[15.3605,68.10819],[15.3652,68.10815]],[[15.60595,68.10774],[15.60545,68.10731],[15.60643,68.1068],[15.61388,68.10592],[15.62715,68.1031],[15.6293,68.10234],[15.62886,68.10141],[15.63,68.10084],[15.63453,68.10054],[15.63599,68.10082],[15.64284,68.09947],[15.64354,68.09845],[15.64122,68.09757],[15.63613,68.09743],[15.63421,68.09796],[15.63347,68.09884],[15.63268,68.09785],[15.6286,68.09653],[15.62636,68.09652],[15.62084,68.09733],[15.62005,68.09682],[15.62401,68.09554],[15.62797,68.09545],[15.63147,68.09338],[15.63274,68.09329],[15.6416,68.09014],[15.64967,68.0867],[15.6542,68.08559],[15.65332,68.08439],[15.64938,68.08373]],[[15.71385,68.10731],[15.70946,68.1056],[15.70447,68.10487],[15.69877,68.10514],[15.69373,68.10494],[15.69054,68.10605],[15.6872,68.10617],[15.68351,68.10571],[15.67864,68.1067],[15.67128,68.10601],[15.66959,68.1063],[15.66739,68.10605],[15.6589,68.10754]],[[15.75114,68.10714],[15.75242,68.10561],[15.75601,68.10569],[15.75652,68.10523],[15.7533,68.10386],[15.74762,68.10361],[15.7453,68.10306],[15.74712,68.10179],[15.74556,68.10159],[15.74092,68.10191],[15.73675,68.10272],[15.73425,68.10281],[15.72955,68.10237],[15.72481,68.10097],[15.73169,68.09903],[15.73163,68.09832],[15.72974,68.09766],[15.72766,68.09525],[15.72813,68.09452],[15.74412,68.08814],[15.74323,68.08769],[15.74018,68.08771],[15.73661,68.0865],[15.73504,68.08639],[15.72841,68.08661],[15.72037,68.0878]],[[15.80227,68.1069],[15.80455,68.10494],[15.8036,68.10225],[15.80729,68.09958],[15.80768,68.09826],[15.80558,68.09652],[15.79309,68.09642],[15.7761,68.09891],[15.76714,68.09932],[15.7647,68.09987],[15.7622,68.10162],[15.76522,68.1027],[15.76404,68.10413],[15.76568,68.10472],[15.76139,68.10558],[15.76155,68.1071]],[[15.60092,68.1115],[15.60364,68.11086],[15.60582,68.11075],[15.60651,68.11101],[15.60287,68.11266],[15.60691,68.11306],[15.60489,68.11541],[15.60713,68.11574],[15.61529,68.10848],[15.61711,68.10829],[15.61883,68.10887],[15.62066,68.11165],[15.62701,68.11091],[15.6257,68.10892],[15.62886,68.10804],[15.63078,68.10791],[15.63548,68.10861],[15.63556,68.10942],[15.63829,68.11033],[15.6401,68.10925],[15.64436,68.10847],[15.65088,68.10889],[15.6589,68.10754]],[[15.52397,68.10802],[15.52888,68.11218],[15.53074,68.1125],[15.53441,68.11245],[15.53522,68.11297],[15.53332,68.11436],[15.53376,68.11487],[15.53153,68.11513],[15.529,68.11646]],[[15.71385,68.10731],[15.71854,68.11029],[15.71897,68.11524],[15.71972,68.11634],[15.72127,68.11681]],[[15.51394,68.11686],[15.51144,68.11708],[15.51147,68.11816],[15.51031,68.11846],[15.51029,68.11906],[15.51313,68.11861],[15.51394,68.11686]],[[15.80227,68.1069],[15.7972,68.1096],[15.79706,68.11057],[15.80964,68.11094],[15.81431,68.11153],[15.81664,68.11248],[15.81885,68.11443],[15.81908,68.11539],[15.81712,68.11645],[15.81692,68.11718],[15.81101,68.11731],[15.80713,68.11794],[15.80796,68.11847],[15.81322,68.11877],[15.81792,68.11833],[15.82287,68.11643],[15.82421,68.11542],[15.83159,68.11436],[15.84132,68.11208]],[[15.86364,68.12102],[15.86293,68.12033],[15.86348,68.11954],[15.86136,68.1188],[15.86419,68.11692],[15.86337,68.11539],[15.8607,68.11486],[15.85483,68.11443],[15.85052,68.11351],[15.84712,68.11259],[15.84499,68.11093],[15.84132,68.11208]],[[15.72143,68.12171],[15.72544,68.11969],[15.72799,68.11989],[15.72851,68.11948],[15.72782,68.11911],[15.72591,68.11908],[15.72127,68.11681]],[[15.74406,68.11948],[15.73782,68.11995],[15.73493,68.12134],[15.73873,68.12164],[15.74341,68.12083],[15.74406,68.11948]],[[15.529,68.11646],[15.52826,68.11628],[15.53177,68.11404],[15.52842,68.11288],[15.52706,68.11331],[15.52799,68.11414],[15.52657,68.11502],[15.52251,68.11499],[15.52247,68.11612],[15.52443,68.11629],[15.51776,68.11952],[15.51889,68.11962],[15.5238,68.11753],[15.5255,68.11752],[15.52142,68.11957],[15.51914,68.12163],[15.51966,68.1224],[15.52126,68.12268]],[[15.57277,68.11974],[15.57175,68.11959],[15.5665,68.12088],[15.56826,68.12118],[15.5693,68.12268],[15.57107,68.12321],[15.57399,68.12275],[15.56925,68.12139],[15.57197,68.12051],[15.57277,68.11974]],[[15.39921,68.12238],[15.3982,68.12203],[15.39377,68.12289],[15.3969,68.12375],[15.39926,68.12336],[15.39921,68.12238]],[[15.86364,68.12102],[15.86483,68.12269],[15.86691,68.12303],[15.87447,68.12171]],[[15.52126,68.12268],[15.51582,68.12425],[15.51561,68.1252],[15.51879,68.12473],[15.52118,68.12504],[15.52558,68.12388],[15.52631,68.12462]],[[15.9245,68.19597],[15.92724,68.1963],[15.92943,68.19758],[15.93319,68.19842]],[[15.37644,68.11073],[15.37622,68.11164],[15.3783,68.11252],[15.38428,68.11273],[15.38879,68.11357],[15.39808,68.11615],[15.40023,68.11906],[15.40416,68.12202],[15.40581,68.12474],[15.40938,68.1263],[15.41127,68.12656]],[[15.41127,68.12656],[15.41449,68.12656],[15.41737,68.12563]],[[15.48104,68.1261],[15.48934,68.12673],[15.49067,68.12601],[15.49405,68.12585],[15.49422,68.12513],[15.49154,68.12459],[15.49116,68.12405],[15.49167,68.12362],[15.49455,68.12335],[15.49655,68.12273],[15.49591,68.12155],[15.49274,68.12082],[15.49398,68.11696],[15.49778,68.11441],[15.50011,68.11381],[15.50386,68.1115],[15.50691,68.11083],[15.50913,68.11089],[15.5111,68.11149],[15.51343,68.10975],[15.51963,68.10929],[15.52031,68.10891]],[[15.53061,68.12698],[15.53326,68.12535],[15.5364,68.12496],[15.53583,68.12447],[15.5368,68.12367],[15.52855,68.12447]],[[15.52855,68.12447],[15.52874,68.12553],[15.52622,68.1263],[15.52775,68.12657],[15.52984,68.12624],[15.52982,68.12692],[15.53061,68.12698]],[[15.48104,68.1261],[15.47986,68.12666],[15.48106,68.1272]],[[15.38245,68.12475],[15.38074,68.12499],[15.38055,68.1259],[15.38224,68.12714],[15.38099,68.12748],[15.38542,68.12758],[15.38571,68.12572],[15.38245,68.12475]],[[15.51199,68.12659],[15.50933,68.12588],[15.5098,68.12502],[15.50848,68.12401],[15.50579,68.12488],[15.50603,68.12608],[15.50204,68.12654],[15.50419,68.12699],[15.50619,68.12659],[15.50819,68.12752],[15.51019,68.12764],[15.51199,68.12659]],[[15.52631,68.12462],[15.52241,68.12604],[15.52148,68.1275],[15.52415,68.12753],[15.52418,68.12862],[15.52877,68.12835],[15.5309,68.12878]],[[15.51754,68.12869],[15.5148,68.12888],[15.51463,68.12928],[15.51973,68.13005],[15.52035,68.1295],[15.51754,68.12869]],[[15.4062,68.13197],[15.4135,68.12934],[15.4132,68.12812],[15.40792,68.12719]],[[15.5035,68.13056],[15.50138,68.13053],[15.49983,68.13192],[15.50147,68.13268],[15.5035,68.13056]],[[15.41666,68.13424],[15.41649,68.13469]],[[15.6017,68.14159],[15.59912,68.1415],[15.59297,68.14224],[15.59702,68.14303],[15.60179,68.1449]],[[15.55867,68.13161],[15.55339,68.1321],[15.55019,68.13286],[15.54991,68.1335],[15.5534,68.1333],[15.55867,68.13161]],[[15.75939,68.13025],[15.75806,68.13029],[15.75607,68.13117],[15.75247,68.13132],[15.75173,68.13229],[15.75396,68.13293],[15.75648,68.13294],[15.75971,68.13236],[15.76123,68.13161],[15.75939,68.13025]],[[15.41737,68.12563],[15.42336,68.12478],[15.42404,68.12398],[15.42546,68.12396],[15.42247,68.12672],[15.41896,68.12693],[15.41662,68.12836],[15.41997,68.13095],[15.41308,68.13122],[15.41317,68.13325],[15.41666,68.13424]],[[15.40792,68.12719],[15.40409,68.12577],[15.39682,68.12459],[15.39022,68.12486],[15.38776,68.12663],[15.38787,68.12785],[15.39013,68.13055],[15.3888,68.13131],[15.38854,68.13312],[15.39021,68.13383],[15.39315,68.13431],[15.39309,68.13491],[15.39745,68.13466],[15.39979,68.13519],[15.40075,68.13425],[15.40291,68.13512],[15.40464,68.13521],[15.40624,68.13419],[15.40533,68.13303],[15.4062,68.13197]],[[15.41259,68.13373],[15.41061,68.13368],[15.40813,68.13439],[15.40929,68.13566],[15.41073,68.13574],[15.41492,68.13485],[15.41259,68.13373]],[[15.89602,68.13551],[15.89782,68.13441],[15.89458,68.13149],[15.89147,68.13065],[15.88812,68.1303],[15.8863,68.1295],[15.87989,68.12809],[15.87464,68.1255],[15.87199,68.12543],[15.87457,68.12398],[15.8797,68.12262],[15.87447,68.12171]],[[15.57578,68.13317],[15.57426,68.13327],[15.57423,68.13369],[15.57689,68.13628],[15.58141,68.13699],[15.58286,68.13669],[15.58333,68.13623],[15.58219,68.13515],[15.57578,68.13317]],[[15.74606,68.13344],[15.7428,68.1341],[15.74172,68.13493],[15.74323,68.13613],[15.74717,68.1365],[15.7499,68.13541],[15.74759,68.13494],[15.74606,68.13344]],[[15.72191,68.13705],[15.72407,68.13613],[15.72186,68.1356]],[[15.56904,68.13853],[15.57115,68.13625],[15.57047,68.13537],[15.56849,68.13482],[15.56485,68.13471],[15.56271,68.1349],[15.55726,68.13635],[15.55412,68.13897],[15.55522,68.13951],[15.5589,68.13957],[15.56904,68.13853]],[[15.51551,68.13675],[15.51461,68.13681],[15.51477,68.13789],[15.51651,68.13966],[15.51765,68.13986],[15.51799,68.13891],[15.51551,68.13675]],[[15.5209,68.13775],[15.51971,68.13774],[15.51878,68.13903],[15.52013,68.13994],[15.52369,68.14044],[15.52474,68.13919],[15.5209,68.13775]],[[15.57107,68.14138],[15.57053,68.14072],[15.56916,68.1413],[15.56808,68.14003],[15.56369,68.14138],[15.56727,68.14227],[15.57107,68.14138]],[[15.42469,68.14089],[15.42693,68.14054],[15.42571,68.14138]],[[15.57888,68.14003],[15.57391,68.1405],[15.57546,68.14129],[15.57888,68.14003]],[[15.5309,68.12878],[15.5324,68.12918],[15.53239,68.13007],[15.53208,68.13107],[15.53042,68.13169],[15.53135,68.13188],[15.53004,68.134],[15.53307,68.13499],[15.5358,68.13456],[15.53813,68.13491],[15.54377,68.1342],[15.54605,68.13325],[15.5452,68.13136],[15.5464,68.131],[15.55187,68.13113],[15.55479,68.13044],[15.55926,68.13125],[15.5606,68.13072],[15.55824,68.13015],[15.55973,68.1257],[15.55878,68.1252],[15.55932,68.12313],[15.56216,68.12105],[15.56515,68.12125],[15.56494,68.12203],[15.56646,68.1226],[15.56631,68.12338],[15.56237,68.12419],[15.5606,68.12561],[15.56132,68.13],[15.56502,68.13035],[15.56955,68.12947],[15.56913,68.12862],[15.57096,68.12866],[15.57192,68.12912],[15.57688,68.12906],[15.5777,68.12947],[15.5773,68.12992],[15.57086,68.13001],[15.56662,68.13098],[15.57767,68.1324],[15.58258,68.1323],[15.58545,68.13288],[15.58916,68.13305],[15.59179,68.13379],[15.59159,68.13414],[15.58421,68.13609],[15.58337,68.13816],[15.58401,68.13976],[15.58336,68.13989],[15.58399,68.14043],[15.58574,68.1403],[15.5867,68.14086],[15.58363,68.14137]],[[15.61716,68.14177],[15.61882,68.14147],[15.61979,68.14182],[15.62247,68.14169],[15.62372,68.1414],[15.62457,68.14047],[15.6282,68.14091]],[[15.34345,68.28788],[15.34325,68.28747],[15.34025,68.28761],[15.33936,68.28682],[15.33752,68.28789]],[[15.55087,68.14151],[15.54785,68.14156],[15.54968,68.1425],[15.55492,68.1428],[15.55087,68.14151]],[[15.61716,68.14177],[15.61603,68.14265],[15.6017,68.14159]],[[15.41649,68.13469],[15.41246,68.13709],[15.40866,68.13645],[15.40748,68.13664],[15.40948,68.13799],[15.40997,68.13915],[15.40582,68.13761],[15.40413,68.13755],[15.40295,68.13804],[15.40575,68.14145],[15.40526,68.14168],[15.40275,68.1414],[15.404,68.14349],[15.40523,68.1435],[15.40844,68.14159],[15.4104,68.14192],[15.4122,68.14134],[15.41574,68.14119],[15.41709,68.14152],[15.41785,68.14079],[15.42052,68.14013],[15.42087,68.14184],[15.42352,68.14172],[15.42469,68.14089]],[[15.72213,68.14426],[15.72333,68.14448],[15.72577,68.14404],[15.72997,68.14461],[15.73182,68.14308],[15.73224,68.14123],[15.72844,68.13916],[15.72701,68.13942],[15.726,68.14043],[15.72382,68.14044],[15.72203,68.14107]],[[15.58363,68.14137],[15.57576,68.1416],[15.57298,68.14218],[15.57135,68.14359],[15.56441,68.14309],[15.55937,68.14331],[15.56027,68.14398],[15.56611,68.14551],[15.56811,68.14723],[15.57393,68.14743],[15.57588,68.14694],[15.57419,68.14427],[15.57335,68.14404],[15.57461,68.1436],[15.57917,68.14366],[15.57919,68.14544],[15.58081,68.14616]],[[15.60187,68.14789],[15.60319,68.14648],[15.60179,68.1449]],[[15.72777,68.14677],[15.7273,68.14613],[15.72382,68.14632],[15.72417,68.14716],[15.72645,68.14756],[15.72777,68.14677]],[[15.73453,68.14484],[15.73354,68.14493],[15.73325,68.14632],[15.73611,68.14754],[15.7376,68.14738],[15.7377,68.14566],[15.73453,68.14484]],[[15.68748,68.146],[15.68609,68.14603],[15.68465,68.14679],[15.68564,68.14786],[15.68856,68.14851],[15.69042,68.14834],[15.69121,68.14791],[15.68795,68.14697],[15.68748,68.146]],[[15.58081,68.14616],[15.58228,68.14731],[15.58475,68.14732],[15.58135,68.14852],[15.58537,68.14991],[15.59007,68.1501],[15.5929,68.14955],[15.59701,68.14973],[15.60117,68.1486],[15.60187,68.14789]],[[15.8161,68.15168],[15.81584,68.15339],[15.81876,68.15496],[15.81851,68.15543],[15.82275,68.15628],[15.82389,68.15703],[15.82759,68.15553],[15.83217,68.15471],[15.83051,68.15372],[15.83099,68.1529],[15.83381,68.15304],[15.83525,68.15349],[15.83369,68.15483],[15.83467,68.15577],[15.83831,68.15464],[15.83912,68.15364],[15.84102,68.15382],[15.84295,68.15681]],[[15.7225,68.1561],[15.72034,68.15786],[15.72256,68.1579]],[[15.50712,68.15021],[15.51064,68.15078],[15.51755,68.14965],[15.51714,68.14911],[15.51336,68.14789],[15.51601,68.1472],[15.52092,68.1483],[15.52027,68.14726],[15.51472,68.14627],[15.51375,68.14549],[15.51532,68.14563],[15.51799,68.14473],[15.51846,68.14369],[15.51996,68.14348],[15.52067,68.14175],[15.52302,68.14236],[15.52347,68.1434],[15.52587,68.14419],[15.52729,68.14263],[15.52557,68.14073],[15.52462,68.14052],[15.52312,68.14109],[15.5192,68.14126],[15.51558,68.14096],[15.51237,68.14175],[15.51027,68.14027],[15.50264,68.13947],[15.50288,68.13898],[15.50529,68.13829],[15.50856,68.13875],[15.5102,68.13842],[15.51006,68.13708],[15.50514,68.13331],[15.50691,68.13327],[15.50899,68.13447],[15.51007,68.13357],[15.50964,68.13169],[15.50413,68.13136],[15.50267,68.13237],[15.50302,68.13341],[15.4994,68.13335],[15.49858,68.13281],[15.49864,68.12991],[15.49734,68.12852],[15.49986,68.128],[15.50003,68.12739],[15.49055,68.12786],[15.48106,68.1272]],[[15.72143,68.12171],[15.72089,68.12236],[15.71761,68.12343],[15.71616,68.12681],[15.71357,68.12856],[15.7135,68.12958],[15.71472,68.13058],[15.71275,68.13269],[15.71442,68.13283],[15.71494,68.13377],[15.71055,68.13425],[15.71053,68.13479],[15.70676,68.1356],[15.71502,68.13648],[15.71746,68.13564],[15.71884,68.13559],[15.71906,68.13619],[15.71549,68.13794],[15.71132,68.1391],[15.71323,68.13984],[15.71262,68.14088],[15.70858,68.14145],[15.7021,68.14341],[15.69691,68.14394],[15.69388,68.14368],[15.6901,68.1442],[15.68932,68.14478],[15.69234,68.14539],[15.69309,68.14649],[15.69282,68.1474],[15.69163,68.1479],[15.69238,68.14905],[15.68993,68.15029],[15.68736,68.14994],[15.6857,68.15048],[15.68673,68.15123],[15.69359,68.15121],[15.69747,68.15066],[15.69879,68.15084],[15.69996,68.14962],[15.70235,68.14867],[15.70747,68.14798],[15.71042,68.14643],[15.7127,68.14664],[15.71509,68.14774],[15.71813,68.14826],[15.71947,68.14753],[15.72227,68.14866]],[[15.45181,68.15308],[15.45236,68.15275],[15.45085,68.1522],[15.44749,68.15202],[15.44955,68.15308]],[[15.48164,68.15511],[15.47754,68.15537],[15.47906,68.156],[15.47807,68.15653],[15.47518,68.15595],[15.47472,68.15542],[15.47239,68.15562],[15.47654,68.15726],[15.47891,68.15717],[15.47908,68.15809],[15.48173,68.15909]],[[15.48174,68.15953],[15.4841,68.15959],[15.48173,68.15909]],[[15.72261,68.15954],[15.72469,68.15809],[15.72419,68.15781],[15.72256,68.1579]],[[15.48174,68.15953],[15.48,68.15921],[15.47769,68.15939],[15.47835,68.15994],[15.48176,68.16057]],[[15.72261,68.15954],[15.72262,68.15983]],[[15.47472,68.15301],[15.47661,68.15232],[15.4791,68.1522],[15.47954,68.15165],[15.47463,68.15148],[15.47063,68.15063],[15.46679,68.15059],[15.46623,68.15004],[15.45807,68.15109],[15.45148,68.15097],[15.44685,68.15033],[15.44797,68.14981],[15.45163,68.14963],[15.4532,68.15021],[15.45909,68.15049],[15.4614,68.1498],[15.45966,68.14914],[15.46168,68.14832],[15.46107,68.14783],[15.45315,68.14876],[15.45206,68.14839],[15.45295,68.14797],[15.45632,68.14765],[15.45161,68.14708],[15.4521,68.14642],[15.45382,68.14611],[15.45642,68.14627],[15.45752,68.14581],[15.45662,68.14524],[15.44378,68.14712],[15.44077,68.14724],[15.44038,68.14677],[15.44547,68.14565],[15.44524,68.14532],[15.44177,68.14557],[15.43632,68.14667],[15.43295,68.14641],[15.43311,68.14585],[15.43707,68.14464],[15.42714,68.1455],[15.42657,68.14413],[15.42367,68.14253],[15.42571,68.14138]],[[15.49082,68.15297],[15.48813,68.15157],[15.4896,68.15105],[15.49249,68.15091],[15.49714,68.15178],[15.50426,68.15125],[15.50608,68.1521],[15.50661,68.15168],[15.5056,68.15101],[15.50712,68.15021]],[[15.5714,68.15271],[15.5719,68.15236],[15.56906,68.15068],[15.56366,68.14904],[15.55836,68.14545],[15.56148,68.14577],[15.56327,68.14661],[15.56384,68.14811],[15.56649,68.14877],[15.56739,68.14854],[15.56613,68.148],[15.56618,68.14689],[15.56326,68.14549],[15.5589,68.1442],[15.55567,68.14395],[15.5538,68.14464],[15.55405,68.14505],[15.5501,68.14477],[15.54509,68.14503],[15.54457,68.14562],[15.54726,68.14727],[15.5444,68.1481],[15.5449,68.14889],[15.55442,68.15005],[15.55518,68.15117],[15.55802,68.15098],[15.5641,68.15175],[15.56519,68.15273]],[[15.62954,68.1525],[15.63039,68.15113],[15.62831,68.15039],[15.62906,68.14978],[15.62687,68.14866],[15.62716,68.14712],[15.62948,68.14492],[15.62779,68.14357],[15.6282,68.14091]],[[15.72304,68.15212],[15.72502,68.15163],[15.72565,68.15028],[15.72227,68.14866]],[[15.78449,68.15184],[15.78696,68.15008],[15.78578,68.1497],[15.7835,68.14994],[15.78323,68.15077],[15.78052,68.15186]],[[15.37301,68.28781],[15.37257,68.28702],[15.36806,68.28584],[15.36631,68.28676],[15.36678,68.28783]],[[15.8161,68.15168],[15.81859,68.15036],[15.82104,68.15045],[15.82046,68.14937],[15.82125,68.14878],[15.82247,68.14858],[15.8275,68.14897],[15.83012,68.14868],[15.83425,68.14211],[15.83202,68.14079],[15.82623,68.14076],[15.82164,68.14125],[15.81879,68.14],[15.81394,68.13952],[15.815,68.13779],[15.81285,68.13702],[15.81052,68.13684],[15.81022,68.1364],[15.81596,68.1362],[15.82107,68.13716],[15.82788,68.13685],[15.82933,68.13731],[15.82919,68.13818],[15.83127,68.13856],[15.83344,68.13832],[15.83734,68.13713],[15.83657,68.13549],[15.83417,68.13503],[15.83218,68.13498],[15.83074,68.13601],[15.82832,68.13558],[15.83023,68.13342],[15.82558,68.13317],[15.82446,68.13197],[15.81928,68.13068],[15.81539,68.13029],[15.8161,68.12981],[15.82174,68.12915],[15.8246,68.12968],[15.82819,68.12915],[15.8284,68.12884],[15.82703,68.12846],[15.82216,68.12838],[15.82918,68.12578],[15.82783,68.12443],[15.82454,68.12362],[15.82049,68.12383],[15.81381,68.1234],[15.80262,68.12594],[15.7994,68.1279],[15.7967,68.12856],[15.79856,68.1304],[15.79758,68.13077],[15.79474,68.13084],[15.79596,68.13199],[15.79315,68.13387],[15.7893,68.13403],[15.78784,68.13325],[15.78939,68.1329],[15.78939,68.13245],[15.78798,68.13205],[15.78445,68.13196],[15.78139,68.13239],[15.78,68.13334],[15.77703,68.13375],[15.76907,68.13393],[15.7649,68.13345],[15.75865,68.13581],[15.7587,68.13768],[15.7543,68.13762],[15.74715,68.13879],[15.7456,68.14079],[15.74662,68.1426],[15.74894,68.14308],[15.75221,68.14608],[15.75608,68.14638],[15.75801,68.14565],[15.75858,68.14743],[15.76134,68.14769],[15.76255,68.14829],[15.76037,68.14944],[15.76252,68.15091],[15.76478,68.15149],[15.76698,68.15126],[15.77037,68.15019],[15.77199,68.1519]],[[15.89281,68.15129],[15.88966,68.15005],[15.88427,68.15092],[15.87976,68.15047],[15.87893,68.14981],[15.88073,68.1491],[15.87901,68.14839],[15.88557,68.14567],[15.88871,68.14568],[15.89371,68.14658],[15.89493,68.1465],[15.89491,68.14597],[15.89768,68.14586],[15.89833,68.14462],[15.89644,68.14299],[15.89138,68.14144],[15.88636,68.14091],[15.87062,68.14206],[15.86832,68.14184],[15.87143,68.14104],[15.87764,68.14074],[15.87941,68.13905],[15.88484,68.13697],[15.88705,68.1365],[15.89335,68.13626]],[[15.94071,68.15102],[15.93571,68.15027],[15.92234,68.14975],[15.92188,68.14925],[15.91955,68.14922],[15.91256,68.14748],[15.90975,68.14734],[15.90699,68.14758],[15.90816,68.14791],[15.90837,68.14852],[15.90741,68.14891],[15.90709,68.15053],[15.90481,68.15122]],[[15.56519,68.15273],[15.56597,68.15332],[15.56867,68.15335],[15.5714,68.15271]],[[15.72241,68.15298],[15.72304,68.15212]],[[15.77199,68.1519],[15.7726,68.15274],[15.77422,68.15303],[15.78052,68.15186]],[[15.89281,68.15129],[15.89606,68.1526],[15.90481,68.15122]],[[15.47472,68.15301],[15.47409,68.15375],[15.47506,68.15439],[15.47973,68.15378],[15.48163,68.15446]],[[15.48164,68.15511],[15.48716,68.15507],[15.48882,68.15403],[15.48716,68.15356],[15.48396,68.15444],[15.48163,68.15446]],[[15.72241,68.15298],[15.72162,68.15359],[15.72245,68.1544]],[[15.7225,68.1561],[15.72518,68.15463],[15.72477,68.1543],[15.72245,68.1544]],[[15.48176,68.16057],[15.48754,68.16107],[15.48816,68.1608],[15.48657,68.16026],[15.48711,68.15985],[15.49306,68.15954],[15.49461,68.15898],[15.49613,68.16038],[15.49848,68.1611],[15.50366,68.16205],[15.50553,68.16125],[15.50552,68.16064],[15.50201,68.16047],[15.49975,68.15917],[15.49731,68.1593],[15.49402,68.15846],[15.49358,68.15759],[15.49528,68.15711],[15.49419,68.15599],[15.4964,68.15615],[15.49717,68.15588],[15.49575,68.15507],[15.49224,68.15464],[15.49081,68.15411],[15.49143,68.15322],[15.49082,68.15297]],[[15.72265,68.16058],[15.72149,68.16068],[15.72057,68.16141],[15.7227,68.16242]],[[15.60232,68.16522],[15.59862,68.16578],[15.59797,68.16626],[15.5995,68.16689],[15.60237,68.16703]],[[15.616,68.1667],[15.61792,68.16681],[15.61784,68.16639],[15.61649,68.16644],[15.61346,68.16559],[15.61219,68.16606],[15.61587,68.16744],[15.616,68.1667]],[[15.78449,68.15184],[15.78465,68.1524],[15.78286,68.15339],[15.78298,68.15437],[15.78463,68.15479],[15.78827,68.1549],[15.78866,68.15589],[15.78442,68.15509],[15.78155,68.15523],[15.77699,68.15627],[15.78016,68.15708],[15.78455,68.15757],[15.7882,68.15895],[15.7945,68.15801],[15.79388,68.15936],[15.7959,68.16054],[15.80081,68.1599],[15.80272,68.16001],[15.80549,68.16202],[15.80688,68.16209],[15.81494,68.16154],[15.81726,68.16093],[15.81808,68.16267],[15.82284,68.16276],[15.82447,68.1623],[15.82628,68.1604],[15.82639,68.15982],[15.82408,68.15826],[15.82522,68.15774],[15.82668,68.15848],[15.82953,68.15895],[15.83411,68.15794],[15.83486,68.15967],[15.83908,68.16165],[15.84141,68.16206],[15.84312,68.16146]],[[15.77862,68.16266],[15.77523,68.16273],[15.77513,68.16365],[15.77811,68.16416],[15.77981,68.16402],[15.77979,68.16296],[15.77862,68.16266]],[[15.60237,68.16703],[15.60473,68.16708],[15.60796,68.16614],[15.60736,68.16558],[15.60232,68.16522]],[[15.6182,68.17001],[15.61765,68.16845],[15.61306,68.16837],[15.6114,68.16751],[15.6084,68.16696],[15.60337,68.16786],[15.60462,68.16816],[15.60505,68.16881],[15.60327,68.16946],[15.60721,68.16922],[15.60959,68.17054],[15.61105,68.1704],[15.6124,68.16874],[15.61339,68.17028],[15.616,68.16992],[15.61681,68.1706],[15.61851,68.17038],[15.6182,68.17001]],[[15.66904,68.17063],[15.67352,68.17163],[15.6789,68.17131],[15.68366,68.17209],[15.68656,68.17086],[15.68409,68.16908],[15.68244,68.16883],[15.67722,68.16924],[15.67459,68.1689],[15.67386,68.16934],[15.67127,68.16964],[15.6679,68.16921],[15.66618,68.1685],[15.66539,68.16714],[15.66724,68.16662],[15.66875,68.16748],[15.67184,68.1661]],[[15.78018,68.17146],[15.78279,68.16998],[15.78981,68.16956],[15.79432,68.16864],[15.79742,68.16907],[15.7984,68.16888],[15.79726,68.16789],[15.79827,68.16578],[15.79663,68.16532],[15.79402,68.16533],[15.79217,68.16587],[15.7923,68.16662],[15.78984,68.16721],[15.78645,68.16673],[15.78613,68.1658],[15.78392,68.16553],[15.78097,68.16553],[15.77896,68.1666],[15.77584,68.16658],[15.77173,68.16723],[15.76488,68.16683],[15.76326,68.16818],[15.76507,68.16836],[15.76894,68.16778],[15.76948,68.16831],[15.76863,68.16973],[15.77217,68.17027],[15.77147,68.17074],[15.77289,68.17133],[15.77457,68.17148],[15.77659,68.17116],[15.78022,68.17172],[15.78018,68.17146]],[[15.67184,68.1661],[15.67584,68.16643],[15.67775,68.16773],[15.68217,68.16836],[15.68559,68.16621],[15.68359,68.16471],[15.68593,68.16353],[15.68876,68.16288],[15.6924,68.1633],[15.69394,68.16306],[15.69504,68.16217],[15.69204,68.16167],[15.69061,68.16068],[15.69111,68.16044],[15.69436,68.16079],[15.69845,68.16179],[15.69947,68.16254],[15.69871,68.1637],[15.6918,68.16502],[15.68858,68.16679],[15.68977,68.16794],[15.69136,68.16808],[15.69096,68.1689],[15.6878,68.16892],[15.69024,68.17177],[15.69352,68.17195],[15.69549,68.17267],[15.70218,68.17143],[15.70067,68.17121],[15.699,68.17031],[15.70089,68.16959],[15.70449,68.17067],[15.70783,68.17074],[15.70807,68.17118],[15.70648,68.17148],[15.70637,68.17218],[15.70694,68.17258],[15.7084,68.17255],[15.71419,68.17084],[15.71829,68.1705],[15.71777,68.17009],[15.71544,68.16995],[15.71452,68.16952],[15.71193,68.16959],[15.70928,68.16815],[15.71088,68.1662],[15.71424,68.16621],[15.71885,68.16535],[15.71829,68.16273],[15.72271,68.16271]],[[15.62954,68.1525],[15.63182,68.15336],[15.63193,68.1546],[15.62954,68.15418],[15.6256,68.15413],[15.62403,68.15497],[15.62502,68.15584],[15.62832,68.15608],[15.62885,68.1571],[15.63141,68.15773],[15.63155,68.15812],[15.62469,68.16045],[15.62702,68.1612],[15.62254,68.16198],[15.62464,68.16367],[15.62147,68.16334],[15.62035,68.16389],[15.62193,68.16508],[15.62366,68.16552],[15.62785,68.16598],[15.63118,68.16591],[15.63214,68.16716],[15.62966,68.16688],[15.62744,68.16784],[15.62359,68.16829],[15.62339,68.17032],[15.62458,68.17055],[15.62946,68.16998],[15.62848,68.17069],[15.62301,68.1711],[15.613,68.17294],[15.62382,68.17351],[15.62683,68.1733],[15.62886,68.17373],[15.62422,68.17387],[15.62812,68.17475],[15.63531,68.17482],[15.6298,68.17552]],[[15.64775,68.17729],[15.64809,68.1768],[15.65169,68.17646],[15.65394,68.1758],[15.65688,68.17655],[15.65832,68.17559],[15.6561,68.175],[15.65627,68.1747],[15.65967,68.17439],[15.66085,68.17565],[15.66726,68.17492],[15.67093,68.17378],[15.67154,68.17256],[15.67357,68.17328],[15.677,68.17357],[15.67629,68.17265],[15.66974,68.17161],[15.66855,68.17086],[15.66904,68.17063]],[[15.67005,68.18012],[15.67159,68.17936],[15.66238,68.17645],[15.66105,68.1765],[15.65844,68.17759],[15.65641,68.17774],[15.6552,68.17824],[15.65556,68.17881],[15.65325,68.17916],[15.64844,68.17835],[15.64775,68.17729]],[[15.61703,68.17968],[15.61305,68.17942],[15.60965,68.17845],[15.60657,68.17895],[15.61001,68.18019],[15.61546,68.18047],[15.61665,68.18026],[15.61703,68.17968]],[[15.67118,68.18099],[15.66976,68.18085],[15.67005,68.18012]],[[15.6027,68.17958],[15.60385,68.1797],[15.60605,68.1811],[15.6098,68.18117],[15.61688,68.1821],[15.61595,68.18113],[15.62303,68.18056],[15.63123,68.17929],[15.6301,68.17909],[15.62198,68.17997],[15.62106,68.17931],[15.62271,68.17931],[15.62356,68.17884],[15.61707,68.17899],[15.61317,68.17807],[15.61267,68.17729],[15.61573,68.1763],[15.62644,68.17598],[15.62898,68.17637],[15.6298,68.17552]],[[15.6027,68.17958],[15.59878,68.1802],[15.59739,68.18094],[15.59319,68.18099],[15.59218,68.18189],[15.60277,68.1822]],[[15.60279,68.18288],[15.60616,68.18263],[15.60653,68.18221],[15.60277,68.1822]],[[15.60081,68.18302],[15.59868,68.18299],[15.59778,68.18337],[15.59837,68.18394],[15.59661,68.18395],[15.59652,68.18429],[15.59941,68.18466],[15.601,68.18446],[15.60081,68.18302]],[[15.66445,68.18436],[15.66792,68.18491],[15.67399,68.18424],[15.67343,68.18347],[15.67156,68.18279],[15.67375,68.18196],[15.67331,68.18119],[15.67118,68.18099]],[[15.66178,68.18577],[15.66288,68.18487],[15.66209,68.18448],[15.66445,68.18436]],[[15.6028,68.18327],[15.60346,68.18376],[15.60543,68.18397],[15.60529,68.18485],[15.60856,68.18513],[15.61396,68.18492],[15.6141,68.18522],[15.61213,68.18545],[15.61268,68.18623],[15.61614,68.18661],[15.6165,68.18716],[15.6198,68.18739],[15.62283,68.18859],[15.62888,68.18847],[15.63636,68.18885],[15.64089,68.18756],[15.64467,68.18803],[15.64733,68.18796],[15.6484,68.18622],[15.64584,68.18573],[15.6402,68.18544],[15.64293,68.18494],[15.64278,68.18353],[15.6451,68.18395],[15.64509,68.1845],[15.64702,68.1852],[15.65074,68.18556],[15.6499,68.18613],[15.65165,68.18652],[15.65639,68.18708],[15.65862,68.18629],[15.66271,68.18787],[15.66795,68.18688],[15.66746,68.18617],[15.66312,68.1861],[15.66178,68.18577]],[[15.8514,68.19636],[15.85165,68.19981],[15.85621,68.20196],[15.85919,68.20221],[15.85937,68.20276],[15.86825,68.20362],[15.87571,68.20494]],[[15.8514,68.19636],[15.8526,68.194],[15.84764,68.19155],[15.84804,68.19024],[15.84961,68.1891],[15.84796,68.18562],[15.84897,68.18441],[15.8568,68.18258],[15.8558,68.17903],[15.85712,68.17739],[15.86477,68.1762],[15.87047,68.17592],[15.8763,68.17439],[15.88501,68.17337],[15.8886,68.17247],[15.88752,68.17107],[15.89016,68.16828],[15.88945,68.16725],[15.88746,68.16681],[15.88142,68.16754],[15.87853,68.16691],[15.87399,68.16434],[15.87528,68.16204],[15.87083,68.1629],[15.87131,68.16139],[15.87514,68.16107],[15.87872,68.15971],[15.893,68.15781],[15.90446,68.15815],[15.90959,68.15912],[15.91603,68.15853],[15.91568,68.15675],[15.92127,68.15535],[15.93217,68.1544],[15.93794,68.15459],[15.94455,68.15306],[15.94352,68.15173],[15.94071,68.15102]],[[15.91007,68.19605],[15.90834,68.19544],[15.90534,68.19607]],[[15.9245,68.19597],[15.9212,68.19598]],[[15.91007,68.19605],[15.91339,68.19774],[15.91504,68.19781],[15.9212,68.19598]],[[15.89278,68.20221],[15.89119,68.20043],[15.89339,68.19814],[15.89683,68.19706],[15.90534,68.19607]],[[15.93319,68.19842],[15.94232,68.19964],[15.9428,68.2],[15.94122,68.20171],[15.93583,68.20243],[15.93621,68.20292],[15.93783,68.20243],[15.93981,68.20291],[15.93732,68.20391],[15.93849,68.20422],[15.93965,68.20403],[15.94009,68.20434],[15.93999,68.20475],[15.93806,68.20495],[15.93861,68.20572],[15.94126,68.20521],[15.94247,68.20437],[15.94535,68.20442],[15.94558,68.20523],[15.95004,68.2043],[15.9538,68.20444],[15.95631,68.20376],[15.9588,68.2045]],[[15.87571,68.20494],[15.8777,68.2077],[15.87479,68.20781],[15.87329,68.20846],[15.87779,68.20901],[15.88351,68.2087],[15.88991,68.20643],[15.89676,68.20588],[15.89384,68.20524],[15.89583,68.20464],[15.89381,68.20363],[15.89439,68.20316],[15.89278,68.20221]],[[15.9321,68.21101],[15.93092,68.21087],[15.9275,68.21193],[15.92618,68.21254],[15.92674,68.21303],[15.93168,68.21222],[15.9321,68.21101]],[[15.9588,68.2045],[15.9632,68.20705],[15.96455,68.2089],[15.95861,68.21061],[15.95476,68.21307],[15.95505,68.21459],[15.96022,68.21606],[15.95974,68.21688],[15.96109,68.21793],[15.96096,68.21916],[15.95946,68.22071],[15.96044,68.22225],[15.96185,68.22257],[15.96239,68.22337],[15.95958,68.22491],[15.96018,68.22713],[15.95732,68.22966]],[[15.95732,68.22966],[15.95074,68.23114],[15.94981,68.2318],[15.95039,68.23247],[15.94305,68.2347],[15.94914,68.23634],[15.95473,68.23637]],[[15.95473,68.23637],[15.95964,68.23654]],[[15.95964,68.23654],[15.96016,68.23745],[15.95915,68.23799]],[[15.94902,68.24068],[15.94825,68.24093],[15.94898,68.24145],[15.94764,68.2422],[15.94859,68.24251],[15.94822,68.24331]],[[15.93187,68.24941],[15.92868,68.24892],[15.92791,68.24923],[15.93384,68.25055],[15.93414,68.25018],[15.93187,68.24941]],[[15.32171,68.28792],[15.32223,68.28595],[15.32098,68.28495],[15.32077,68.28565],[15.31873,68.28649],[15.31922,68.28792]],[[15.94822,68.24331],[15.94315,68.2432],[15.94155,68.24353],[15.94138,68.24388],[15.94307,68.24425],[15.9425,68.24587],[15.9391,68.24756],[15.94079,68.25029],[15.94278,68.25078],[15.94394,68.25178],[15.94059,68.25181],[15.93574,68.25245],[15.93632,68.25308],[15.94134,68.25422],[15.94018,68.25443],[15.9331,68.25302],[15.93096,68.25306],[15.93458,68.25433],[15.94443,68.25588],[15.94686,68.25487],[15.94876,68.25475]],[[15.94876,68.25475],[15.95208,68.25488],[15.95539,68.25586]],[[15.95539,68.25586],[15.95182,68.25641],[15.95189,68.25818],[15.94907,68.25823],[15.94362,68.25715],[15.93552,68.25733],[15.93445,68.25768],[15.94377,68.25887],[15.96323,68.26294]],[[15.94881,68.2635],[15.94997,68.26182],[15.94767,68.26173],[15.93729,68.25922],[15.93026,68.25902],[15.92795,68.2595],[15.92838,68.26016],[15.93107,68.26038],[15.93325,68.26122],[15.94354,68.26274],[15.9432,68.26312],[15.94142,68.2631],[15.94317,68.26374],[15.94799,68.26432],[15.94881,68.2635]],[[15.31272,68.26648],[15.30932,68.26544],[15.3073,68.26563],[15.30777,68.26628],[15.30935,68.26641],[15.30813,68.26692],[15.31089,68.26751],[15.31249,68.26725],[15.31272,68.26648]],[[15.99654,68.26474],[16.00124,68.26515]],[[15.96794,68.26501],[15.96796,68.26546]],[[15.96794,68.26501],[15.97593,68.26567],[15.98561,68.26292]],[[15.98561,68.26292],[15.98886,68.26396],[15.98902,68.26439],[15.98721,68.26514],[15.98911,68.26575],[15.99042,68.26568],[15.99233,68.26456],[15.99654,68.26474]],[[15.96323,68.26294],[15.96477,68.26333],[15.96626,68.26587],[15.96799,68.26607]],[[15.96799,68.26607],[15.96862,68.26579],[15.96796,68.26546]],[[15.9607,68.26615],[15.95718,68.26444],[15.95242,68.26423],[15.9498,68.26466],[15.95386,68.26578],[15.95997,68.2666],[15.9607,68.26615]],[[15.37849,68.2878],[15.37747,68.28726],[15.37436,68.28781]],[[15.64135,68.2714],[15.63862,68.27115],[15.63783,68.27157],[15.64245,68.27233],[15.64135,68.2714]],[[15.31993,68.27228],[15.31772,68.27245],[15.31687,68.273],[15.31886,68.27349],[15.31848,68.27424],[15.3221,68.27487],[15.32249,68.27461],[15.32027,68.27362],[15.31993,68.27228]],[[15.64519,68.27475],[15.64411,68.27486],[15.64503,68.27578],[15.64789,68.27642],[15.6478,68.27589],[15.64519,68.27475]],[[15.67937,68.2752],[15.67799,68.27505],[15.67732,68.27548],[15.6786,68.27677],[15.67986,68.27721],[15.68126,68.27711],[15.68108,68.27565],[15.67937,68.2752]],[[15.67498,68.27686],[15.67245,68.27377],[15.66919,68.27221],[15.667,68.27227],[15.66589,68.27364],[15.67036,68.27397],[15.66827,68.27432],[15.66805,68.27523],[15.665,68.27488],[15.66404,68.27512],[15.66396,68.27733],[15.66963,68.27777],[15.67498,68.27686]],[[15.33515,68.28789],[15.33703,68.28607],[15.32981,68.28469],[15.32873,68.28478],[15.32801,68.28553],[15.32831,68.28709],[15.3264,68.28602],[15.32447,68.28609],[15.32654,68.28791]],[[15.58226,68.27471],[15.57942,68.2743],[15.57349,68.27662],[15.57372,68.27856],[15.57654,68.28006],[15.58357,68.27953],[15.58612,68.27756],[15.5835,68.27509],[15.58226,68.27471]],[[15.29901,68.27914],[15.29735,68.27941],[15.29842,68.28083],[15.29971,68.28113],[15.30016,68.27982],[15.29901,68.27914]],[[15.30842,68.28115],[15.30591,68.27991],[15.30411,68.28077],[15.30253,68.2805],[15.3016,68.2813],[15.30298,68.28202],[15.30623,68.28212],[15.30739,68.28199],[15.30842,68.28115]],[[15.49773,68.2785],[15.49637,68.27754],[15.49488,68.27785],[15.49439,68.27724],[15.49276,68.27783],[15.49096,68.27657],[15.48886,68.27677],[15.48755,68.2778],[15.48892,68.27867],[15.49098,68.27865],[15.49314,68.28214],[15.49545,68.28279],[15.49817,68.28056],[15.49773,68.2785]],[[15.33424,68.28088],[15.33261,68.28143],[15.3347,68.28332],[15.33726,68.28412],[15.33695,68.28201],[15.33424,68.28088]],[[15.31363,68.2834],[15.31106,68.28359],[15.31363,68.28482],[15.315,68.28439],[15.31363,68.2834]],[[15.50874,68.28445],[15.50676,68.28347],[15.50802,68.28305],[15.50682,68.2828],[15.50452,68.28284],[15.50509,68.28366],[15.50668,68.28403],[15.50652,68.28444],[15.50253,68.2835],[15.50113,68.28385],[15.50129,68.28452],[15.50543,68.28534],[15.5082,68.28515],[15.50874,68.28445]],[[15.30811,68.28499],[15.30358,68.28466],[15.30245,68.28621],[15.30481,68.28651],[15.30878,68.28621],[15.30811,68.28499]],[[15.30845,68.28794],[15.30752,68.28718],[15.30378,68.28742],[15.30299,68.28795]],[[15.31731,68.28793],[15.31676,68.28503],[15.31404,68.28556],[15.31454,68.28635],[15.31125,68.28571],[15.31047,68.28794]],[[15.41616,68.28771],[15.41526,68.28611],[15.4125,68.28574],[15.41213,68.28672],[15.41333,68.28658],[15.41456,68.28771]],[[15.48389,68.28753],[15.48285,68.28567],[15.48325,68.2836],[15.478,68.28304],[15.47462,68.28316],[15.47228,68.28378],[15.47255,68.28546],[15.47487,68.28693],[15.47381,68.28756]],[[15.33752,68.28789],[15.33821,68.28995],[15.34294,68.28864],[15.34345,68.28788]],[[15.32654,68.28791],[15.32928,68.28966],[15.33188,68.28998],[15.33345,68.28976],[15.33515,68.28789]],[[15.30845,68.28794],[15.30816,68.28946],[15.31047,68.28794]],[[15.36678,68.28783],[15.36864,68.28818],[15.37084,68.28929],[15.37195,68.28912],[15.37301,68.28781]],[[15.54345,68.28919],[15.54045,68.28859],[15.53918,68.28922],[15.54163,68.29033],[15.54468,68.29037],[15.54476,68.28978],[15.54345,68.28919]],[[15.37436,68.28781],[15.37342,68.28983],[15.37501,68.29098],[15.37853,68.29056],[15.3794,68.28881],[15.37849,68.2878]],[[15.33427,68.29029],[15.33384,68.28999],[15.33258,68.29035],[15.33317,68.29127],[15.33698,68.29084],[15.33427,68.29029]],[[15.47381,68.28756],[15.47398,68.28997],[15.47553,68.29094],[15.47803,68.29154],[15.48453,68.29212]],[[15.48453,68.29212],[15.48726,68.29153],[15.48748,68.29044],[15.48603,68.28865],[15.48445,68.28816]],[[15.38792,68.29193],[15.38796,68.29075],[15.38495,68.28978],[15.38341,68.28977],[15.38311,68.29032],[15.3865,68.29141],[15.38601,68.29181],[15.3846,68.29185],[15.38434,68.29127],[15.38295,68.29135],[15.38339,68.29237],[15.38636,68.29257],[15.38792,68.29193]],[[15.35514,68.29182],[15.3511,68.29098],[15.35009,68.29138],[15.35037,68.29225],[15.35298,68.29289],[15.35526,68.29259],[15.35514,68.29182]],[[15.39951,68.28997],[15.3986,68.28994],[15.39791,68.29094],[15.39867,68.29161],[15.40028,68.29176],[15.39923,68.2924],[15.4039,68.29288],[15.40368,68.29109],[15.39951,68.28997]],[[15.42241,68.29003],[15.42105,68.29003],[15.42115,68.29199],[15.42266,68.29282],[15.42425,68.2929],[15.42566,68.29189],[15.42545,68.29094],[15.42241,68.29003]],[[15.41456,68.28771],[15.41367,68.28897],[15.41458,68.29051],[15.41403,68.29117],[15.41958,68.29343],[15.41924,68.29055],[15.41616,68.28771]],[[15.30299,68.28795],[15.30271,68.2893],[15.3053,68.29115],[15.30704,68.29104],[15.31034,68.29398],[15.31746,68.29451],[15.32492,68.29431],[15.3278,68.29364],[15.32679,68.29317],[15.32725,68.29291],[15.33312,68.29395],[15.33465,68.29388],[15.3358,68.29312],[15.33513,68.29269],[15.33223,68.29298],[15.32909,68.29209],[15.33135,68.29152],[15.33131,68.29066],[15.32873,68.29008],[15.32537,68.28824],[15.32297,68.28859],[15.32232,68.29002],[15.31983,68.29015],[15.31871,68.28985],[15.31898,68.2884],[15.31731,68.28793]],[[15.34185,68.29306],[15.34079,68.29347],[15.3421,68.29454],[15.34558,68.29493],[15.34602,68.29389],[15.34515,68.29339],[15.34185,68.29306]],[[15.41831,68.29377],[15.41435,68.29279],[15.41635,68.29421],[15.41965,68.2949],[15.41831,68.29377]],[[15.42474,68.29352],[15.42268,68.29379],[15.42294,68.29513],[15.42452,68.29607],[15.42627,68.29631],[15.42658,68.29468],[15.42538,68.29444],[15.42474,68.29352]],[[15.3735,68.29526],[15.37155,68.2955],[15.37307,68.29741],[15.3749,68.29712],[15.3735,68.29526]],[[15.43629,68.29589],[15.43381,68.29624],[15.43386,68.29764],[15.43469,68.298],[15.43724,68.29668],[15.43629,68.29589]],[[15.38567,68.29457],[15.38267,68.29417],[15.38202,68.29431],[15.38253,68.29524],[15.37944,68.2959],[15.37944,68.29757],[15.38193,68.29863],[15.38489,68.2976],[15.38431,68.29603],[15.38613,68.29552],[15.38567,68.29457]],[[15.32893,68.29765],[15.3316,68.29785],[15.33203,68.2976],[15.32917,68.2957],[15.32537,68.29577],[15.32612,68.29749],[15.32475,68.29704],[15.32393,68.29602],[15.32182,68.29624],[15.32,68.29531],[15.31827,68.29583],[15.31986,68.29675],[15.32556,68.29813],[15.32708,68.29913],[15.32817,68.29903],[15.32893,68.29765]],[[15.40901,68.29727],[15.40713,68.29708],[15.40679,68.29811],[15.40846,68.29918],[15.41001,68.29892],[15.41038,68.29841],[15.40901,68.29727]],[[15.43974,68.29805],[15.43804,68.29789],[15.43734,68.29856],[15.43813,68.29963],[15.43969,68.29944],[15.43974,68.29805]],[[15.32032,68.29847],[15.31954,68.2987],[15.32096,68.29938],[15.32421,68.30011],[15.32341,68.29904],[15.32032,68.29847]],[[15.34572,68.30173],[15.34665,68.30138],[15.34825,68.3016],[15.34783,68.30086],[15.34224,68.29971],[15.34015,68.2999],[15.34178,68.29733],[15.33741,68.29571],[15.33571,68.29581],[15.33468,68.29618],[15.33518,68.29741],[15.33687,68.29842],[15.33924,68.29892],[15.33707,68.29958],[15.33319,68.29857],[15.331,68.29842],[15.33085,68.29977],[15.33616,68.30027],[15.33686,68.30146],[15.33937,68.30196],[15.34572,68.30173]],[[15.40568,68.30017],[15.40373,68.3005],[15.40581,68.30207],[15.40662,68.30172],[15.40568,68.30017]],[[15.33513,68.30199],[15.33502,68.30145],[15.33373,68.30173],[15.33201,68.30151],[15.33102,68.30052],[15.32812,68.30119],[15.329,68.30226],[15.33533,68.30339],[15.33659,68.30306],[15.33431,68.30233],[15.33513,68.30199]],[[15.43018,68.30102],[15.42893,68.30092],[15.42907,68.30151],[15.4327,68.3031],[15.43397,68.30316],[15.43391,68.30268],[15.43264,68.30257],[15.43286,68.30203],[15.43018,68.30102]],[[15.66114,68.3018],[15.65786,68.30179],[15.65408,68.30103],[15.65235,68.3018],[15.65342,68.30218],[15.6604,68.30267],[15.66208,68.30219],[15.66114,68.3018]],[[15.64912,68.30312],[15.64604,68.30311],[15.64695,68.30407],[15.65331,68.30419],[15.65301,68.30374],[15.64912,68.30312]],[[15.64336,68.30357],[15.64165,68.30347],[15.642,68.30419],[15.64574,68.30497],[15.64336,68.30357]],[[15.33042,68.30438],[15.32852,68.30432],[15.32937,68.30583],[15.33062,68.30671],[15.33305,68.30657],[15.33304,68.30582],[15.33042,68.30438]],[[15.42471,68.30718],[15.42589,68.30657],[15.42398,68.30643],[15.42346,68.30594],[15.42036,68.30584],[15.41887,68.30507],[15.42412,68.3044],[15.42415,68.30394],[15.42638,68.30377],[15.42663,68.30303],[15.42043,68.30259],[15.41862,68.30116],[15.41661,68.3006],[15.42046,68.29998],[15.41647,68.29747],[15.41425,68.29757],[15.41101,68.29995],[15.41404,68.30076],[15.41161,68.30129],[15.41163,68.30211],[15.41575,68.30242],[15.41501,68.30285],[15.41183,68.30307],[15.41323,68.30491],[15.4165,68.30518],[15.41778,68.30675],[15.42061,68.30716],[15.42471,68.30718]],[[15.34584,68.30605],[15.34376,68.30492],[15.34109,68.30428],[15.33856,68.30421],[15.33698,68.30492],[15.33727,68.30524],[15.34024,68.30524],[15.34051,68.30642],[15.34393,68.30787],[15.34663,68.30718],[15.34584,68.30605]],[[15.30302,68.30701],[15.30459,68.30691],[15.3048,68.3063],[15.30417,68.3059],[15.3018,68.30575],[15.30185,68.30724],[15.30385,68.30865],[15.30456,68.30803],[15.30302,68.30701]],[[15.63874,68.30738],[15.64059,68.30706],[15.64195,68.30722],[15.64267,68.30684],[15.63688,68.30612],[15.63559,68.30631],[15.63594,68.30703],[15.6385,68.30783],[15.63874,68.30738]],[[15.35369,68.30636],[15.35001,68.30593],[15.34947,68.30675],[15.35236,68.30845],[15.3551,68.30907],[15.3557,68.30722],[15.35369,68.30636]],[[15.36095,68.30715],[15.35888,68.30632],[15.35696,68.30621],[15.35816,68.30791],[15.35762,68.30847],[15.3594,68.30922],[15.36004,68.30853],[15.36184,68.30813],[15.36095,68.30715]],[[15.60155,68.30839],[15.59844,68.30826],[15.59728,68.30855],[15.59947,68.3094],[15.60377,68.3096],[15.60389,68.309],[15.60155,68.30839]],[[15.64705,68.31039],[15.64788,68.30994],[15.65252,68.30984],[15.65188,68.30932],[15.65269,68.30862],[15.6464,68.30883],[15.63604,68.30808],[15.63493,68.30783],[15.63339,68.30624],[15.62501,68.30588],[15.62419,68.30636],[15.62661,68.30755],[15.6258,68.30787],[15.62057,68.30783],[15.6219,68.30707],[15.61698,68.30637],[15.61676,68.30712],[15.6214,68.30899],[15.61333,68.30834],[15.6161,68.31016]],[[15.61305,68.31041],[15.6135,68.30965],[15.61214,68.30877],[15.61045,68.30949],[15.60722,68.30991],[15.60757,68.31021],[15.61129,68.31055],[15.61305,68.31041]],[[15.49084,68.30993],[15.48634,68.31011],[15.48562,68.31077],[15.49028,68.31123],[15.49084,68.30993]],[[15.66868,68.31022],[15.66561,68.31],[15.66387,68.31024],[15.66679,68.31106],[15.66864,68.31089],[15.66868,68.31022]],[[15.58245,68.31168],[15.58499,68.31207]],[[15.35502,68.31157],[15.35346,68.31133],[15.34781,68.30889],[15.34474,68.3087],[15.34051,68.30739],[15.34237,68.30878],[15.34172,68.30986],[15.3428,68.31121],[15.3454,68.31208],[15.35144,68.31287],[15.35382,68.31265],[15.35502,68.31157]],[[15.54822,68.31072],[15.54612,68.31091],[15.54597,68.31151],[15.54852,68.31285],[15.54989,68.3123],[15.54822,68.31072]],[[15.59498,68.31281],[15.59341,68.31209],[15.59194,68.30987],[15.58823,68.30869],[15.5858,68.30886],[15.58111,68.30833],[15.57979,68.30853],[15.58267,68.3094],[15.5831,68.31]],[[15.39826,68.31032],[15.39694,68.31017],[15.39571,68.31049],[15.39644,68.31198],[15.39793,68.31287],[15.40161,68.31355],[15.40173,68.31311],[15.39954,68.31219],[15.39826,68.31032]],[[15.60618,68.31135],[15.60459,68.31262],[15.60342,68.31126],[15.60026,68.31119],[15.59875,68.31153],[15.59834,68.31215],[15.5966,68.31237],[15.59638,68.31306],[15.59498,68.31281]],[[15.6161,68.31016],[15.62106,68.31214],[15.62065,68.31315],[15.61874,68.31232],[15.61595,68.31219],[15.61416,68.31136],[15.60832,68.31064],[15.60705,68.31069],[15.60618,68.31135]],[[15.28765,68.31211],[15.28616,68.31249],[15.28736,68.31405],[15.28859,68.31444],[15.28914,68.31416],[15.28765,68.31211]],[[15.36372,68.31249],[15.36249,68.31185],[15.3623,68.31388],[15.36375,68.3143]],[[15.36375,68.3143],[15.36474,68.31403],[15.36372,68.31249]],[[15.49046,68.31258],[15.48926,68.31233],[15.48748,68.31253],[15.48725,68.31295],[15.48979,68.31432],[15.49155,68.3134],[15.49046,68.31258]],[[15.54512,68.31374],[15.54521,68.31267],[15.54299,68.31303],[15.5402,68.31161],[15.53737,68.31142],[15.53666,68.31302],[15.53913,68.31473],[15.54025,68.31494],[15.54512,68.31374]],[[15.68891,68.31452],[15.68674,68.31426],[15.68543,68.31454]],[[15.6614,68.31463],[15.66178,68.31429],[15.66673,68.31444],[15.66674,68.31392],[15.66359,68.31211],[15.65367,68.31045],[15.64813,68.31089]],[[15.30638,68.31566],[15.30556,68.31469],[15.30356,68.31418],[15.3026,68.31567]],[[15.30127,68.31567],[15.29978,68.31483],[15.29813,68.31568]],[[15.82914,68.42071],[15.8299,68.42128],[15.83211,68.42099],[15.83432,68.42185],[15.83603,68.42171],[15.83608,68.42068]],[[15.63495,68.32103],[15.6348,68.32053],[15.63657,68.32002],[15.64025,68.32033],[15.64261,68.32176],[15.65341,68.32131],[15.65515,68.32069],[15.6517,68.31907],[15.6495,68.31844],[15.6451,68.3185],[15.64663,68.31753],[15.6486,68.31738],[15.65263,68.31781]],[[15.32972,68.32247],[15.32814,68.32229],[15.32706,68.32338],[15.32983,68.32355],[15.33063,68.32303],[15.32972,68.32247]],[[15.87391,68.96872],[15.88304,68.96893],[15.89443,68.9673]],[[15.30845,68.32535],[15.30697,68.32559],[15.30578,68.32532],[15.30684,68.32292],[15.30641,68.32175],[15.30778,68.31964]],[[15.36654,68.32267],[15.36556,68.32274],[15.36495,68.32335],[15.36547,68.32419],[15.36884,68.32445],[15.36908,68.32402],[15.36654,68.32267]],[[15.63272,68.32375],[15.63325,68.32325],[15.63815,68.32284],[15.63778,68.32134],[15.63495,68.32103]],[[15.65263,68.31781],[15.65437,68.31805],[15.65735,68.31711],[15.6627,68.31662],[15.66288,68.31551],[15.6614,68.31463]],[[15.27151,68.31783],[15.27443,68.31974]],[[15.40198,68.32002],[15.39935,68.32012],[15.39954,68.32158],[15.40039,68.322],[15.4018,68.32183],[15.40368,68.32055],[15.40198,68.32002]],[[15.3255,68.32119],[15.32439,68.32119],[15.32175,68.31981],[15.32056,68.31972],[15.32016,68.32049],[15.32254,68.32213],[15.32517,68.3219],[15.3255,68.32119]],[[15.69228,68.31829],[15.6935,68.31705],[15.68913,68.31639],[15.68592,68.31639],[15.68372,68.31684],[15.68328,68.31756],[15.67846,68.31754],[15.67696,68.31828],[15.67504,68.31803],[15.67396,68.31851],[15.67887,68.31922],[15.67906,68.31998],[15.6777,68.32045],[15.68054,68.32118],[15.68194,68.32089],[15.68276,68.31966],[15.69228,68.31829]],[[15.52514,68.32049],[15.52205,68.31994],[15.51994,68.32138],[15.5234,68.32202],[15.52514,68.32049]],[[15.5478,68.31505],[15.55,68.31554],[15.55073,68.31504]],[[15.53224,68.3151],[15.53363,68.31565],[15.5356,68.31508]],[[15.3451,68.31559],[15.34809,68.31671],[15.34815,68.31558]],[[15.41495,68.31543],[15.41564,68.31612],[15.41754,68.31656],[15.41753,68.31542]],[[15.6969,68.31507],[15.69418,68.3147],[15.69569,68.31643],[15.69925,68.31652],[15.70202,68.31607],[15.69982,68.31525],[15.6969,68.31507]],[[15.42215,68.3172],[15.42046,68.3167],[15.41707,68.31703],[15.41841,68.31811],[15.42184,68.31865],[15.42346,68.31831],[15.42215,68.3172]],[[15.64278,68.32275],[15.6387,68.32291],[15.63798,68.32398],[15.64291,68.32368],[15.64278,68.32275]],[[15.55291,68.32425],[15.55545,68.32418],[15.55669,68.32349],[15.5565,68.32223],[15.55741,68.32152],[15.55595,68.32075],[15.55748,68.32011],[15.55671,68.31905],[15.55293,68.31812],[15.54922,68.3177],[15.54072,68.31874],[15.54019,68.31964],[15.54203,68.32013],[15.54007,68.32033],[15.5396,68.3209],[15.54099,68.32265],[15.54243,68.32304],[15.54441,68.32273],[15.54615,68.32294],[15.55082,68.32441],[15.55291,68.32425]],[[15.40606,68.32281],[15.40565,68.32107],[15.40475,68.32088],[15.40421,68.32188],[15.40231,68.32202],[15.40073,68.32271],[15.40138,68.32415],[15.40396,68.32496],[15.40583,68.32451],[15.40606,68.32281]],[[15.27638,68.32036],[15.28182,68.32262],[15.28712,68.32339],[15.28802,68.32378],[15.28784,68.32445],[15.29255,68.32484],[15.29266,68.32561],[15.29069,68.32563],[15.28915,68.32513],[15.29409,68.327],[15.29617,68.32719],[15.29733,68.32671],[15.30296,68.32645],[15.30871,68.32657],[15.31207,68.3273],[15.31373,68.32729]],[[15.60075,68.32423],[15.6014,68.32457],[15.59988,68.32504],[15.59872,68.32659]],[[15.32134,68.33277],[15.32012,68.33235],[15.31779,68.33277]],[[15.31373,68.32729],[15.32017,68.32754],[15.32317,68.32686],[15.32291,68.32636],[15.32131,68.32611],[15.31628,68.32601],[15.31647,68.32574],[15.32029,68.32548],[15.32101,68.32508],[15.31797,68.32288],[15.31674,68.32276],[15.31692,68.3241],[15.31433,68.32468],[15.31333,68.3243],[15.31061,68.32489],[15.3098,68.32415],[15.30862,68.32406],[15.30845,68.32535]],[[15.5955,68.32693],[15.59662,68.32709],[15.59872,68.32659]],[[15.3427,68.32772],[15.34509,68.32727],[15.3457,68.32676],[15.34425,68.32447],[15.34314,68.32456],[15.34261,68.32538],[15.3441,68.32611],[15.3431,68.32645],[15.34114,68.32495],[15.33643,68.32321],[15.33492,68.32415],[15.33502,68.32482],[15.3366,68.32523],[15.33862,68.32493],[15.33927,68.32537],[15.33668,68.32565],[15.3359,68.32684],[15.3395,68.32846],[15.34258,68.32838],[15.3427,68.32772]],[[15.54773,68.32724],[15.54647,68.32695],[15.54522,68.32723],[15.54403,68.3285],[15.54493,68.32961],[15.54804,68.33003],[15.54964,68.32848],[15.54773,68.32724]],[[15.53646,68.33023],[15.53803,68.32963],[15.53633,68.32946],[15.53588,68.32852],[15.53324,68.328],[15.53169,68.32853],[15.53212,68.33009],[15.53646,68.33023]],[[15.53928,68.33088],[15.53574,68.33098],[15.53558,68.33151],[15.53853,68.33218],[15.54134,68.33176],[15.53928,68.33088]],[[15.31771,68.33277],[15.31595,68.33207],[15.31434,68.33212],[15.31334,68.33278]],[[15.56146,68.33213],[15.56076,68.33168],[15.55242,68.3309],[15.54927,68.33113],[15.54928,68.33157],[15.55331,68.33216]],[[15.5877,68.33204],[15.58561,68.33136],[15.57764,68.3311],[15.57344,68.32831],[15.57097,68.32878],[15.57363,68.32921],[15.57156,68.3308],[15.57219,68.3318],[15.57105,68.3321]],[[15.59265,68.33202],[15.59324,68.33104],[15.59236,68.33019],[15.59273,68.32886],[15.5916,68.32797],[15.59252,68.32732],[15.59169,68.32622],[15.59317,68.32554],[15.59548,68.32591],[15.59485,68.32668],[15.5955,68.32693]],[[15.64524,68.33183],[15.6452,68.331],[15.64189,68.33115],[15.64075,68.3301],[15.64435,68.33008],[15.64695,68.32934],[15.65286,68.32854],[15.6497,68.32669],[15.65038,68.32647],[15.65215,68.32706],[15.65304,68.32691],[15.65192,68.32548],[15.6487,68.32529],[15.64722,68.32476],[15.6444,68.32525],[15.64347,68.3263],[15.64245,68.32645],[15.64142,68.32478],[15.63686,68.32499],[15.63272,68.32375]],[[15.5877,68.33204],[15.59156,68.33279],[15.59265,68.33202]],[[15.51571,68.33228],[15.51682,68.33277],[15.52218,68.33317],[15.52187,68.33282],[15.51768,68.33227]],[[15.31334,68.33278],[15.31374,68.3336],[15.3174,68.33519],[15.31944,68.33536],[15.32229,68.33428],[15.32102,68.33378],[15.32181,68.33337],[15.32134,68.33277]],[[15.65654,68.3329],[15.65693,68.33399],[15.65409,68.33306],[15.64791,68.33302],[15.6467,68.33334],[15.6469,68.33432],[15.64539,68.33444],[15.64284,68.33272],[15.64122,68.3323],[15.64524,68.33183]],[[15.56146,68.33213],[15.56277,68.33292],[15.56711,68.33356],[15.56937,68.3348],[15.57146,68.33428],[15.57244,68.33347],[15.5698,68.33265],[15.57105,68.3321]],[[15.31064,68.33628],[15.30775,68.33402],[15.30609,68.33361],[15.30456,68.33383],[15.30495,68.3347],[15.30909,68.33622],[15.30837,68.33637],[15.30906,68.33694],[15.31064,68.33628]],[[15.67839,68.33642],[15.67746,68.33681],[15.66787,68.33422],[15.66597,68.3343],[15.65922,68.33223],[15.65745,68.33219],[15.65654,68.3329]],[[15.54943,68.33779],[15.54634,68.3354],[15.53905,68.33288],[15.53596,68.33242],[15.52637,68.33241],[15.52624,68.3331],[15.52997,68.33371]],[[15.55162,68.33892],[15.55271,68.3392],[15.55327,68.33857],[15.55128,68.33803],[15.55165,68.33705],[15.55048,68.33528],[15.5481,68.33414],[15.54781,68.33328],[15.54817,68.33272],[15.55,68.33223],[15.5529,68.3324],[15.55331,68.33216]],[[15.52997,68.33371],[15.52948,68.33458],[15.53065,68.33567],[15.53604,68.33701],[15.53624,68.33983],[15.5331,68.33787],[15.53158,68.33812],[15.5294,68.33769],[15.53005,68.33679],[15.52809,68.33526]],[[15.29641,68.33993],[15.29304,68.33988],[15.29295,68.34109],[15.29621,68.34216],[15.29702,68.34169],[15.29616,68.34111],[15.29763,68.34063],[15.29641,68.33993]],[[15.4555,68.33988],[15.4522,68.33806],[15.44815,68.33767],[15.44802,68.33811],[15.45256,68.3395],[15.45032,68.33942],[15.44807,68.34039],[15.44937,68.34138],[15.45268,68.34229],[15.45593,68.34186],[15.4555,68.33988]],[[15.52575,68.33407],[15.51283,68.33326],[15.50772,68.33639],[15.50673,68.34218]],[[15.39813,68.33993],[15.39697,68.3399],[15.39616,68.34035],[15.39627,68.34247],[15.39787,68.34289],[15.39813,68.33993]],[[15.46044,68.34385],[15.45994,68.34384]],[[15.40401,68.34114],[15.40218,68.34108],[15.40272,68.34254],[15.40361,68.34391],[15.40543,68.3442],[15.40622,68.34229],[15.40401,68.34114]],[[15.41654,68.34047],[15.41462,68.34093],[15.41411,68.34188],[15.41461,68.34429],[15.41641,68.34372],[15.41819,68.34222],[15.41654,68.34047]],[[15.47217,68.34583],[15.47535,68.34514],[15.4761,68.34457],[15.47357,68.34141],[15.4711,68.34031],[15.46751,68.34084],[15.46285,68.34061],[15.46274,68.34126],[15.46522,68.34287],[15.46044,68.34385]],[[15.43853,68.34465],[15.43534,68.34185],[15.43184,68.34168],[15.42807,68.34496],[15.42875,68.34614]],[[15.40152,68.34466],[15.40066,68.34413],[15.39975,68.34461],[15.39821,68.34436],[15.39819,68.34322],[15.3969,68.34313],[15.39731,68.34414],[15.39575,68.34514],[15.3974,68.3459],[15.40067,68.34633],[15.40152,68.34466]],[[15.71318,68.34467],[15.70954,68.34308],[15.7069,68.3433],[15.70758,68.34407],[15.70688,68.34431],[15.70437,68.34354],[15.70264,68.34495],[15.70853,68.34556],[15.71184,68.34554],[15.71301,68.34528],[15.71318,68.34467]],[[15.47308,68.34703],[15.47121,68.3461],[15.47217,68.34583]],[[15.72081,68.34513],[15.71795,68.34503],[15.71614,68.34546],[15.71571,68.34624],[15.72048,68.34661],[15.72286,68.3459],[15.72081,68.34513]],[[15.7267,68.34384],[15.72403,68.34386],[15.72339,68.34435],[15.72502,68.34681],[15.7285,68.34615],[15.72604,68.34435],[15.7267,68.34384]],[[15.50669,68.34242],[15.50626,68.34318],[15.50382,68.34287],[15.50153,68.34334],[15.49948,68.34484],[15.50019,68.34556],[15.50301,68.34653],[15.50386,68.34806],[15.50511,68.34809]],[[15.42554,68.34331],[15.42125,68.34332],[15.42004,68.34385],[15.41991,68.34542],[15.42385,68.34851],[15.42519,68.34768],[15.42437,68.34489],[15.42554,68.34331]],[[15.70277,68.34639],[15.70397,68.34784],[15.70361,68.34848],[15.70191,68.34844],[15.70006,68.34572],[15.69864,68.34535],[15.69707,68.34574],[15.69712,68.34695],[15.69521,68.3478],[15.69234,68.34832],[15.68969,68.34733],[15.69101,68.34604],[15.69316,68.34531],[15.69298,68.34426],[15.69404,68.34367],[15.68758,68.34112],[15.68869,68.34083],[15.69291,68.3412],[15.69522,68.3399],[15.68673,68.33767],[15.69096,68.33764],[15.69105,68.33605],[15.6928,68.33515],[15.68646,68.33393],[15.68356,68.33437],[15.6767,68.33405],[15.67602,68.33518],[15.67839,68.33642]],[[15.42058,68.34777],[15.41811,68.34723],[15.4171,68.34746],[15.41907,68.34932],[15.42048,68.34966],[15.42152,68.34863],[15.42058,68.34777]],[[15.41091,68.34983],[15.40928,68.35012],[15.40749,68.35241],[15.40989,68.35396],[15.41174,68.35104],[15.41091,68.34983]],[[15.39583,68.34775],[15.39236,68.3476],[15.39184,68.34793],[15.39408,68.35069],[15.39569,68.35087],[15.39732,68.35068],[15.39832,68.34873],[15.39583,68.34775]],[[15.47308,68.34703],[15.47505,68.3475],[15.4768,68.34915],[15.47792,68.35183],[15.48168,68.35412],[15.48353,68.35412],[15.48285,68.35329],[15.48583,68.3531]],[[15.36421,68.34285],[15.36163,68.3421],[15.36042,68.34319],[15.35894,68.34345],[15.35697,68.34325],[15.35511,68.34411],[15.354,68.34387],[15.35047,68.34446],[15.34887,68.34404],[15.34566,68.34415],[15.34458,68.34534],[15.34495,68.34673],[15.34398,68.34677],[15.34386,68.34591],[15.34264,68.34532],[15.34021,68.34693],[15.33934,68.34824],[15.34075,68.34916],[15.34087,68.35028],[15.33866,68.34937],[15.33569,68.349],[15.33747,68.34863],[15.33829,68.34787],[15.33765,68.34638],[15.33683,68.3463],[15.33632,68.34753],[15.33495,68.34796],[15.33373,68.34762],[15.33263,68.34821],[15.33319,68.34864],[15.3312,68.34961],[15.33111,68.35134]],[[15.4468,68.35334],[15.44866,68.35261],[15.44833,68.35162],[15.44747,68.35145],[15.44502,68.35224],[15.4452,68.35307],[15.4468,68.35334]],[[15.43853,68.34465],[15.44194,68.34674],[15.44196,68.34806],[15.43899,68.34927],[15.43798,68.35116],[15.43503,68.35292],[15.43615,68.35337],[15.43677,68.35478],[15.44226,68.35738],[15.44211,68.35624],[15.44506,68.35527],[15.44483,68.35433],[15.44631,68.35402],[15.44781,68.35426],[15.45012,68.35316],[15.44945,68.34873],[15.44489,68.34835],[15.44549,68.34698],[15.44175,68.34424],[15.44218,68.34206],[15.44376,68.34196],[15.44485,68.34037],[15.44782,68.34106],[15.44907,68.34362],[15.44738,68.34529],[15.44798,68.34647],[15.45044,68.34482],[15.45268,68.34478],[15.45469,68.34523],[15.45433,68.34413],[15.45551,68.34279],[15.45791,68.34264],[15.45994,68.34384]],[[15.72943,68.37403],[15.74356,68.37553],[15.74642,68.37556],[15.74724,68.37507],[15.74736,68.37333],[15.74618,68.37225],[15.74331,68.3727],[15.74064,68.37467],[15.74077,68.37333],[15.73972,68.37274],[15.73521,68.37294],[15.73253,68.37194],[15.72935,68.37158]],[[15.33717,68.37758],[15.33638,68.37679],[15.33351,68.37618],[15.33306,68.37492],[15.33091,68.37506],[15.32983,68.37583],[15.32729,68.37592],[15.32843,68.37698],[15.33071,68.37738],[15.33269,68.37725],[15.33343,68.37759]],[[15.36421,68.34285],[15.36461,68.34481],[15.36654,68.3444],[15.36865,68.34487],[15.36828,68.34382],[15.36933,68.34357],[15.36994,68.344],[15.36935,68.34681],[15.37031,68.3505],[15.37187,68.35156],[15.37302,68.35153],[15.37376,68.35099],[15.37249,68.34992],[15.37204,68.34692],[15.37414,68.34604],[15.37705,68.34637],[15.37724,68.34514],[15.37867,68.34484],[15.38092,68.3466],[15.38306,68.34654],[15.38799,68.34909],[15.38866,68.35092],[15.38766,68.35147],[15.39015,68.35302],[15.3919,68.35622],[15.39274,68.35619],[15.39318,68.35542],[15.39553,68.35509],[15.39608,68.35324],[15.39809,68.35298],[15.3988,68.35454],[15.40316,68.35609],[15.40466,68.35508],[15.4026,68.35494],[15.40039,68.35387],[15.4,68.35295],[15.40035,68.3526],[15.40562,68.35194],[15.40675,68.35651],[15.40615,68.35722],[15.40941,68.3582],[15.41029,68.35801],[15.40929,68.35614],[15.40979,68.35533],[15.41356,68.35385],[15.4157,68.3541],[15.41382,68.35053],[15.41933,68.35114],[15.42123,68.35103],[15.42257,68.35162],[15.42476,68.35136],[15.42741,68.35165],[15.42905,68.35091],[15.42951,68.35034],[15.42665,68.34955],[15.42644,68.34829],[15.42711,68.34759],[15.42986,68.34722],[15.42875,68.34614]],[[15.33111,68.35134],[15.33124,68.35268],[15.33339,68.35404],[15.33233,68.3545],[15.33306,68.35544],[15.33134,68.35564],[15.33288,68.35836],[15.33154,68.35858],[15.33063,68.35829],[15.33016,68.35729],[15.3287,68.35752],[15.32927,68.35822]],[[15.71252,68.35749],[15.71165,68.35652],[15.71186,68.35493],[15.71228,68.35429],[15.7144,68.35376],[15.71397,68.35265],[15.71563,68.35292],[15.71889,68.35221],[15.7184,68.35174],[15.71635,68.35139],[15.71613,68.3504],[15.71797,68.35006],[15.71838,68.34907],[15.71567,68.34839],[15.71757,68.34792],[15.71564,68.34739],[15.71462,68.34826],[15.7115,68.3481],[15.7108,68.34729],[15.70715,68.34641],[15.7032,68.34614],[15.70277,68.34639]],[[15.3402,68.37757],[15.33932,68.37678],[15.34043,68.37562],[15.33749,68.37528],[15.33768,68.37674],[15.33893,68.37758]],[[15.3503,68.37755],[15.34825,68.37677],[15.34535,68.37642],[15.34156,68.37701],[15.34201,68.37757]],[[15.69209,68.37649],[15.69574,68.3762],[15.6958,68.37573],[15.69432,68.3755],[15.69197,68.37595],[15.68958,68.37523],[15.68666,68.37587],[15.68516,68.37579],[15.68564,68.37651]],[[15.48583,68.3531],[15.48878,68.35396],[15.48863,68.35244],[15.49429,68.35377],[15.49266,68.35518],[15.49402,68.35551],[15.49542,68.35494],[15.49647,68.35513],[15.50008,68.35836],[15.50152,68.36129],[15.50325,68.3618],[15.50734,68.36177],[15.5083,68.36118],[15.504,68.35778],[15.50105,68.35639],[15.50081,68.35327],[15.50304,68.35276],[15.50528,68.3539],[15.50679,68.35409]],[[15.65777,68.37663],[15.66446,68.37716],[15.66609,68.37659]],[[15.70652,68.375],[15.70387,68.3743],[15.70051,68.37405],[15.69736,68.3751],[15.69594,68.37629],[15.69646,68.37647]],[[15.32927,68.35822],[15.3278,68.35871],[15.32838,68.3597],[15.32759,68.35993],[15.3274,68.36118],[15.32888,68.36213],[15.33644,68.36383],[15.33734,68.3632],[15.33602,68.36198],[15.33703,68.36183],[15.34117,68.3638],[15.34802,68.3659],[15.35233,68.36606],[15.35576,68.36556],[15.35691,68.36493],[15.35354,68.36068],[15.35734,68.36028],[15.35442,68.35956],[15.35324,68.35974],[15.35275,68.35933],[15.3539,68.35858],[15.35673,68.35952],[15.35743,68.35941],[15.35572,68.35669],[15.35591,68.3538],[15.35703,68.35341],[15.3582,68.35732],[15.36015,68.3589],[15.36054,68.36121],[15.36233,68.36174],[15.36236,68.36247],[15.36025,68.36341],[15.36106,68.36399],[15.3634,68.36421],[15.36456,68.36495]],[[15.94025,68.36649],[15.93925,68.36661],[15.93928,68.36746],[15.93656,68.36778],[15.93684,68.36821],[15.94112,68.36831],[15.94558,68.36787],[15.94025,68.36649]],[[15.36461,68.36805],[15.36806,68.36991],[15.37138,68.37107],[15.3734,68.37122],[15.37444,68.37066],[15.37386,68.37002],[15.37072,68.36868],[15.36966,68.3674],[15.3664,68.36636],[15.36456,68.36495]],[[15.93314,68.36931],[15.93433,68.36816],[15.93151,68.36703],[15.92898,68.36657],[15.92504,68.36717],[15.92553,68.36795],[15.92706,68.36813],[15.92685,68.36836],[15.92132,68.3687],[15.92242,68.36923],[15.93075,68.36904],[15.93314,68.36931]],[[15.91199,68.36841],[15.91001,68.36852],[15.9111,68.36943],[15.91454,68.36965],[15.91699,68.36909],[15.91637,68.36858],[15.91199,68.36841]],[[15.94529,68.369],[15.94324,68.36932],[15.94387,68.37026],[15.94752,68.36997],[15.9475,68.3695],[15.94529,68.369]],[[15.65777,68.37663],[15.65923,68.37586],[15.66562,68.37589],[15.66512,68.37548],[15.66159,68.37498],[15.65891,68.37377],[15.66076,68.37322],[15.6658,68.37327],[15.66876,68.37458],[15.67651,68.37385],[15.68109,68.37395],[15.68373,68.37441],[15.68687,68.37296],[15.68977,68.37269],[15.69008,68.3718]],[[15.67276,68.37657],[15.67228,68.37496],[15.67049,68.37513],[15.66609,68.37659]],[[15.7175,68.37638],[15.71479,68.376],[15.71062,68.37609],[15.71039,68.37641]],[[15.34848,68.36949],[15.35038,68.36876],[15.34922,68.3675],[15.34762,68.36693],[15.34554,68.36685],[15.34485,68.36724],[15.34529,68.36909],[15.34322,68.36947],[15.34344,68.36668],[15.34068,68.36664],[15.34148,68.36764],[15.34085,68.36791],[15.33924,68.36768],[15.33776,68.36637],[15.33474,68.36658],[15.33444,68.36731],[15.33917,68.36938],[15.34071,68.37089],[15.34654,68.37264],[15.35072,68.37222],[15.34848,68.36949]],[[15.69008,68.3718],[15.69211,68.37102],[15.69517,68.37098],[15.69778,68.37001],[15.6961,68.36904],[15.69425,68.36876],[15.68861,68.36937],[15.68826,68.36904],[15.69034,68.36827],[15.69019,68.36782],[15.68784,68.36699],[15.68683,68.36789],[15.68547,68.36677],[15.68761,68.36548],[15.69018,68.36561],[15.69781,68.36746],[15.69926,68.36852],[15.69832,68.36934],[15.69942,68.36968],[15.71071,68.37019],[15.7119,68.36937],[15.71037,68.36775],[15.71163,68.36744],[15.7131,68.36798],[15.71518,68.36994],[15.71749,68.37024],[15.72106,68.37003],[15.72409,68.36905],[15.72419,68.3685],[15.72253,68.36757],[15.72274,68.36575],[15.72122,68.36528],[15.7187,68.36532],[15.71738,68.36426],[15.71525,68.36088],[15.71627,68.35911],[15.71252,68.35749]],[[15.36845,68.37751],[15.36972,68.37689],[15.36752,68.37361],[15.36611,68.37376],[15.36621,68.3756],[15.36474,68.37591]],[[15.32737,68.3723],[15.33245,68.37175],[15.32957,68.36954],[15.32801,68.36903],[15.32755,68.36739],[15.31985,68.36594],[15.31973,68.36629],[15.32597,68.36763],[15.32457,68.36789],[15.31878,68.36762],[15.3186,68.36849],[15.31685,68.36855],[15.31896,68.36942],[15.32,68.37134],[15.32538,68.37232],[15.32389,68.37297],[15.32627,68.37487],[15.3283,68.37404],[15.32737,68.3723]],[[15.72935,68.37158],[15.72652,68.3708],[15.72247,68.37039],[15.7197,68.3718],[15.72199,68.37304],[15.72943,68.37403]],[[15.36461,68.36805],[15.36194,68.36664],[15.35973,68.36668],[15.35996,68.36824],[15.35692,68.36914],[15.35814,68.37008],[15.36001,68.37043],[15.36474,68.37591]],[[15.76081,68.37619],[15.76361,68.37508],[15.76272,68.37413],[15.76406,68.37269],[15.7629,68.37218],[15.75937,68.37245],[15.75789,68.37048],[15.75719,68.37141],[15.75561,68.3714],[15.75432,68.37055],[15.75127,68.37089],[15.75263,68.37231],[15.74937,68.37286],[15.74901,68.37417],[15.75156,68.37623]],[[15.33343,68.37759],[15.33381,68.37811],[15.33145,68.37797],[15.33262,68.37852],[15.33531,68.37791],[15.33689,68.3781],[15.33717,68.37758]],[[15.75156,68.37623],[15.75253,68.37657],[15.7558,68.37669],[15.75917,68.37752],[15.7611,68.3765],[15.76081,68.37619]],[[15.27436,68.37769],[15.27615,68.38029],[15.27894,68.37769]],[[15.67276,68.37657],[15.67375,68.37769],[15.6765,68.37861],[15.68032,68.37876],[15.68281,68.37821],[15.68905,68.37932],[15.69113,68.37923],[15.69564,68.3782],[15.70235,68.37785],[15.70432,68.37715],[15.70272,68.37668],[15.69954,68.37682],[15.69646,68.37647]],[[15.87849,68.37818],[15.87795,68.37769],[15.87578,68.37765],[15.87451,68.37715],[15.87319,68.37784],[15.87129,68.37781],[15.87642,68.37989],[15.87831,68.37917],[15.87849,68.37818]],[[15.71767,68.38164],[15.71878,68.38143],[15.71825,68.38118],[15.71925,68.38067],[15.71818,68.37917],[15.71454,68.37832],[15.71039,68.37641]],[[15.34201,68.37757],[15.34284,68.3782],[15.34154,68.37856],[15.34154,68.37919],[15.3454,68.38082],[15.34476,68.3818],[15.35617,68.38398],[15.35605,68.38217],[15.35475,68.38072],[15.3503,68.37755]],[[15.71767,68.38164],[15.71975,68.38283],[15.72672,68.38264],[15.72975,68.38421]],[[15.74507,68.38476],[15.74072,68.38363],[15.73523,68.38301],[15.73307,68.38323],[15.73174,68.38419],[15.72975,68.38421]],[[15.90685,68.38661],[15.90865,68.38616],[15.9123,68.38649],[15.91566,68.38618],[15.90901,68.38458],[15.90684,68.38352],[15.90629,68.38263],[15.90297,68.38362],[15.89804,68.38307],[15.89386,68.38335],[15.8896,68.38292],[15.88536,68.38113],[15.87639,68.38137],[15.87121,68.3807],[15.86899,68.38166],[15.86883,68.38227],[15.86703,68.3823],[15.86292,68.38332],[15.86353,68.38406],[15.86596,68.38441],[15.86565,68.38513],[15.86259,68.38652],[15.86299,68.38743],[15.86476,68.3877]],[[15.86806,68.3894],[15.86697,68.38777],[15.86476,68.3877]],[[15.75948,68.39338],[15.7583,68.39262],[15.76056,68.39222],[15.76058,68.39157],[15.75826,68.3902],[15.75757,68.38876],[15.75171,68.38553],[15.75274,68.3845],[15.75607,68.38316],[15.75629,68.38266],[15.75495,68.38216],[15.75543,68.3811],[15.75439,68.38086],[15.75286,68.38117],[15.75301,68.38214],[15.75108,68.3832],[15.74708,68.38301],[15.74507,68.38476]],[[15.96334,68.39903],[15.96106,68.39766],[15.96279,68.39592],[15.96278,68.39494],[15.95993,68.39409],[15.95762,68.39399],[15.95643,68.3943],[15.95509,68.39676],[15.95745,68.39887],[15.95585,68.39882]],[[15.90685,68.38661],[15.9039,68.38687],[15.91964,68.38962],[15.92781,68.39153],[15.92935,68.39292],[15.92311,68.39524],[15.92313,68.39616],[15.9274,68.39684],[15.9322,68.39646],[15.93231,68.39446],[15.93502,68.3938],[15.93719,68.39382],[15.93944,68.39525],[15.94197,68.3957],[15.94498,68.39525],[15.94931,68.39597],[15.95054,68.39549],[15.95187,68.39725],[15.95062,68.39898],[15.95203,68.39918],[15.95445,68.3987],[15.95585,68.39882]],[[15.86373,68.42054],[15.86244,68.4201],[15.86191,68.42055]],[[15.73806,68.40366],[15.73974,68.40305],[15.7386,68.40215],[15.74263,68.4008],[15.73871,68.40022],[15.73807,68.39926],[15.7433,68.40005],[15.7443,68.39972],[15.74293,68.39912],[15.74366,68.39876],[15.74988,68.39842],[15.74887,68.39782],[15.74519,68.39773],[15.74451,68.39706],[15.74914,68.39699],[15.75267,68.39645],[15.75583,68.39686],[15.75798,68.39646],[15.75725,68.39469],[15.75858,68.39431],[15.76141,68.39451],[15.75948,68.39338]],[[15.97381,68.40266],[15.975,68.40196],[15.97373,68.40087]],[[15.97381,68.40266],[15.97295,68.40388]],[[15.28177,68.37768],[15.28399,68.38041],[15.28374,68.38297],[15.28478,68.38422],[15.28605,68.3848],[15.28768,68.38484],[15.29147,68.38362],[15.29759,68.38591],[15.30161,68.38852],[15.30601,68.39002],[15.30666,68.38986],[15.30591,68.38909],[15.30675,68.38899],[15.31397,68.3948],[15.32027,68.39819],[15.32145,68.39756],[15.32316,68.3985],[15.32736,68.39801],[15.32416,68.39566],[15.32478,68.39546],[15.32626,68.39581],[15.32782,68.39722],[15.33327,68.39854],[15.33673,68.40199],[15.3415,68.40483],[15.34239,68.40438],[15.34212,68.40337],[15.33942,68.40295],[15.33742,68.40077],[15.33721,68.40015],[15.33861,68.39991],[15.33618,68.39672],[15.33753,68.39683],[15.34106,68.39962],[15.3431,68.39981],[15.3422,68.39899],[15.34274,68.39856],[15.34518,68.39842],[15.35123,68.40149],[15.35223,68.40295],[15.35129,68.40404],[15.35309,68.40427],[15.35501,68.40405],[15.35801,68.40648],[15.36027,68.40562],[15.36124,68.40576],[15.3651,68.40817],[15.36528,68.40944]],[[15.36539,68.41626],[15.36683,68.41418],[15.36534,68.41317]],[[15.86806,68.3894],[15.86845,68.39028],[15.86452,68.39433],[15.86834,68.39764],[15.86739,68.39958],[15.87023,68.39925],[15.87309,68.39946],[15.87623,68.40025],[15.87596,68.40098],[15.8726,68.40209],[15.87535,68.404],[15.87512,68.40499],[15.87603,68.40573],[15.87761,68.40621],[15.88005,68.40594],[15.88153,68.40646],[15.88032,68.40768],[15.88082,68.40861],[15.87756,68.40967],[15.87882,68.41083],[15.87756,68.41204],[15.87788,68.41291],[15.88024,68.41468]],[[15.36534,68.41317],[15.3629,68.41602],[15.36447,68.41757],[15.36539,68.41626]],[[15.8525,68.41407],[15.84985,68.41428],[15.84917,68.41489],[15.84976,68.41562],[15.85259,68.41626]],[[15.85259,68.41626],[15.85451,68.41635],[15.85432,68.41569],[15.85627,68.41564],[15.85683,68.41513],[15.85615,68.41369],[15.85502,68.41315],[15.85369,68.41421],[15.8525,68.41407]],[[15.97387,68.40416],[15.97752,68.40507],[15.97894,68.40504],[15.97989,68.40446],[15.98648,68.40479],[15.99492,68.40665],[15.99707,68.40813],[15.99617,68.40938],[15.99737,68.41029],[15.99928,68.41091],[16.00264,68.41104]],[[16.00222,68.41414],[15.9999,68.41439],[15.99697,68.41417],[15.99389,68.41533],[15.99009,68.41574],[15.9902,68.41633],[15.99384,68.41743]],[[15.85951,68.41843],[15.85715,68.41724],[15.85505,68.41812],[15.85691,68.41934],[15.85933,68.41881],[15.85951,68.41843]],[[15.36693,68.42236],[15.36598,68.42092],[15.37039,68.42023],[15.37075,68.41986],[15.37,68.41868],[15.36801,68.41824],[15.36876,68.41785],[15.36797,68.41727],[15.36819,68.41688],[15.36972,68.41664],[15.37033,68.41542],[15.36907,68.41363],[15.37107,68.41273],[15.37035,68.41133],[15.36528,68.40944]],[[15.42297,68.42223],[15.42034,68.4217],[15.41471,68.42178],[15.40858,68.4201],[15.40337,68.4173],[15.39886,68.4164],[15.39412,68.41616],[15.39264,68.41644],[15.39014,68.41845],[15.39174,68.42041],[15.3901,68.42075],[15.38741,68.42013],[15.38273,68.42118],[15.38042,68.42025],[15.3788,68.42234]],[[15.47228,68.4221],[15.46426,68.4183],[15.46339,68.41685],[15.45834,68.41515],[15.45579,68.41486],[15.45352,68.41367],[15.45164,68.41338],[15.44593,68.4111],[15.44485,68.40886],[15.43746,68.40808],[15.43458,68.40743],[15.42664,68.40415],[15.41817,68.40409],[15.41086,68.40042],[15.40576,68.39909],[15.40363,68.39698],[15.40066,68.39724],[15.39913,68.39701],[15.39244,68.3931],[15.38829,68.39176],[15.38196,68.38735],[15.37662,68.38488],[15.37559,68.38393],[15.37209,68.3847],[15.371,68.38429],[15.37103,68.38347],[15.37205,68.38316],[15.36908,68.38093],[15.36792,68.37851],[15.36845,68.37751]],[[15.88257,68.42044],[15.88024,68.41468]],[[15.75965,68.42104],[15.75748,68.41713],[15.75967,68.41662],[15.75901,68.41558],[15.75673,68.41518],[15.75468,68.41563],[15.75283,68.41495],[15.75483,68.41324],[15.75441,68.4126],[15.73675,68.41071],[15.7411,68.40979],[15.74191,68.40893],[15.73981,68.40648],[15.74164,68.40571],[15.74173,68.40504],[15.7382,68.40396]],[[15.78502,68.40792],[15.78108,68.40859],[15.77903,68.41081],[15.77942,68.41259],[15.7774,68.4155],[15.77875,68.41651],[15.77878,68.41803],[15.77731,68.41907],[15.77854,68.41966],[15.77851,68.42095]],[[15.86191,68.42055],[15.86489,68.42308],[15.8658,68.42272],[15.86549,68.4216],[15.86373,68.42054]],[[15.82914,68.42071],[15.83243,68.41993],[15.83471,68.41852],[15.83643,68.41927],[15.83872,68.41871],[15.8413,68.41981],[15.8423,68.41938],[15.83587,68.41442],[15.83689,68.41425],[15.83823,68.41505],[15.83926,68.41495],[15.83929,68.41425],[15.83699,68.41329],[15.83547,68.41177],[15.83639,68.41019],[15.83856,68.40888],[15.83804,68.40712],[15.82642,68.40275],[15.82475,68.40278],[15.82098,68.40415],[15.81393,68.40402],[15.80972,68.40438],[15.8084,68.40775],[15.80416,68.40726],[15.80078,68.40757],[15.80014,68.40733],[15.80409,68.40556],[15.80393,68.40465],[15.80558,68.40286],[15.80451,68.40266],[15.79726,68.40324],[15.79191,68.40488],[15.79123,68.40583],[15.79877,68.40751],[15.79825,68.40832],[15.78502,68.40792]],[[15.83821,68.42067],[15.83659,68.42022],[15.83608,68.42068]],[[15.99505,68.41981],[15.99961,68.41784],[15.99835,68.4172],[15.99611,68.41767],[15.99384,68.41743]],[[15.99774,68.4259],[15.99369,68.42273],[15.99105,68.42162],[15.99194,68.42056],[15.99505,68.41981]],[[15.85281,68.42219],[15.84933,68.42235],[15.84923,68.42429],[15.84834,68.42419],[15.84671,68.42235],[15.84589,68.42287],[15.84696,68.42415],[15.8454,68.42402],[15.84487,68.42333],[15.84263,68.42348],[15.8441,68.42539],[15.8459,68.42573],[15.84964,68.42487],[15.853,68.42714]],[[15.47228,68.4221],[15.47472,68.42401],[15.47958,68.42406],[15.48049,68.42581],[15.48746,68.429]],[[15.853,68.42714],[15.85528,68.42808],[15.85721,68.4281],[15.85775,68.42775],[15.85453,68.42651],[15.854,68.42547],[15.85491,68.42432],[15.85742,68.42391],[15.85998,68.42485],[15.86289,68.42496],[15.864,68.42417],[15.86324,68.42371],[15.85986,68.42334],[15.85929,68.4224],[15.85801,68.42213],[15.85698,68.42209],[15.85691,68.42289],[15.85592,68.42305],[15.85404,68.42225],[15.85281,68.42219]],[[15.36693,68.42236],[15.36784,68.42302],[15.37018,68.42345],[15.37138,68.4251],[15.37375,68.4251],[15.37421,68.4254],[15.37332,68.42597],[15.37193,68.42574],[15.37097,68.42599],[15.36688,68.42888],[15.36928,68.42999],[15.37205,68.43052],[15.3735,68.43019],[15.37465,68.42912],[15.37575,68.42952],[15.37895,68.42956],[15.38227,68.42938],[15.38366,68.42889],[15.38431,68.42686],[15.38185,68.42481],[15.38152,68.4236],[15.3788,68.42234]],[[15.84763,68.43049],[15.8464,68.4307],[15.84744,68.43166],[15.84939,68.43144],[15.84995,68.43077],[15.85316,68.43153]],[[15.84225,68.42974],[15.84731,68.42954],[15.84754,68.4291],[15.84558,68.42802],[15.84318,68.42788],[15.84016,68.42979],[15.84111,68.43022],[15.84225,68.42974]],[[15.84763,68.43049],[15.85049,68.43025],[15.84837,68.42957],[15.84987,68.42911],[15.84878,68.42755],[15.84609,68.42725],[15.84526,68.4264],[15.84236,68.42662],[15.84215,68.42772],[15.83917,68.42734],[15.84003,68.42605],[15.83775,68.42572],[15.83547,68.42481],[15.83413,68.42365],[15.83508,68.42294],[15.83722,68.42296],[15.8395,68.42393],[15.8421,68.42406],[15.8402,68.42333],[15.83821,68.42067]],[[15.88691,68.43051],[15.88965,68.42814],[15.88214,68.42286],[15.88257,68.42044]],[[15.83106,68.42771],[15.83159,68.42856],[15.83427,68.42983],[15.83919,68.42973],[15.8376,68.43068],[15.83833,68.43116]],[[15.88691,68.43051],[15.88488,68.43098],[15.88133,68.43399],[15.88007,68.43343],[15.87889,68.43364],[15.87774,68.43339],[15.87693,68.43267],[15.87611,68.43306],[15.87896,68.43561],[15.88008,68.44067],[15.88188,68.44131],[15.88598,68.44178]],[[15.75965,68.42104],[15.7635,68.42291],[15.76591,68.42344],[15.76586,68.4241],[15.7642,68.4247],[15.76541,68.43052],[15.76836,68.43441],[15.77033,68.43521],[15.7754,68.43581],[15.78006,68.43543],[15.78185,68.43365],[15.78154,68.42944],[15.78024,68.42842],[15.78155,68.42671],[15.77736,68.42298],[15.77904,68.42162],[15.77851,68.42095]],[[15.85316,68.43164],[15.85001,68.43209],[15.84652,68.43177],[15.84536,68.43276],[15.84587,68.43341],[15.8476,68.43364],[15.85136,68.43329],[15.8532,68.43262]],[[15.85859,68.43915],[15.85644,68.43718],[15.85738,68.43523],[15.85685,68.43441],[15.85403,68.43258],[15.8532,68.43262]],[[15.49232,68.65289],[15.48903,68.65277],[15.48872,68.65424],[15.48476,68.65569]],[[15.87328,68.44897],[15.86988,68.4445],[15.86378,68.44326],[15.86257,68.44144],[15.85859,68.43915]],[[15.50666,68.44994],[15.50399,68.44951],[15.50724,68.4518],[15.5102,68.45228],[15.50988,68.4516],[15.50666,68.44994]],[[15.42297,68.42223],[15.42384,68.42328],[15.42324,68.42309],[15.42149,68.42433],[15.42767,68.42489],[15.43035,68.42651],[15.43202,68.42677],[15.43693,68.42917],[15.44123,68.43055],[15.44215,68.43167],[15.44787,68.43311],[15.45155,68.43478],[15.45474,68.43544],[15.45975,68.43912],[15.46257,68.43978],[15.46394,68.44066],[15.46468,68.44309],[15.46764,68.44603],[15.47419,68.44956],[15.47622,68.45032],[15.47788,68.45039],[15.4796,68.45139],[15.48025,68.45365],[15.48214,68.45362],[15.48429,68.4525],[15.48521,68.45081],[15.48794,68.45124]],[[15.78823,68.45291],[15.78882,68.45236],[15.79257,68.45244],[15.79407,68.4505],[15.79741,68.44956],[15.79724,68.44912],[15.79337,68.4483],[15.79306,68.44735],[15.78918,68.4471],[15.78648,68.44638],[15.78724,68.44589],[15.79024,68.44551],[15.7859,68.44481],[15.78831,68.44188],[15.79054,68.44114],[15.79468,68.44223],[15.79666,68.44204],[15.79622,68.44076],[15.79871,68.44107],[15.8021,68.43975],[15.79691,68.4381],[15.79678,68.43768],[15.80116,68.43619],[15.80275,68.43484],[15.81189,68.43301],[15.82061,68.4328],[15.82272,68.43183],[15.82366,68.4287],[15.82661,68.42841],[15.82633,68.42794],[15.82873,68.42695]],[[15.78064,68.45738],[15.78473,68.45562],[15.78823,68.45291]],[[15.51261,68.45913],[15.51435,68.45852],[15.51419,68.45782],[15.51148,68.45622],[15.50695,68.45521],[15.50582,68.45411],[15.50178,68.45416],[15.50143,68.45454],[15.5065,68.45857],[15.51088,68.45943],[15.51261,68.45913]],[[15.78064,68.45738],[15.77727,68.45813],[15.7792,68.45981],[15.78438,68.45994],[15.78701,68.45928],[15.79054,68.4592],[15.79244,68.45876],[15.80872,68.44927],[15.80885,68.44688],[15.80791,68.44585],[15.8093,68.43984],[15.81093,68.43842],[15.81217,68.43779],[15.82117,68.43621],[15.82318,68.43513],[15.82253,68.43425],[15.82328,68.43382],[15.82572,68.43404],[15.82425,68.43466],[15.82723,68.43474],[15.82893,68.43772],[15.83224,68.43742],[15.83334,68.43672],[15.83401,68.43384],[15.83833,68.43116]],[[15.77172,68.46016],[15.77639,68.45979],[15.77499,68.45807],[15.76225,68.45812],[15.75818,68.45879],[15.75953,68.4604],[15.77172,68.46016]],[[16.01064,68.43233],[15.99774,68.4259]],[[15.49872,68.46687],[15.50187,68.46637],[15.50345,68.46485],[15.50729,68.46392],[15.50603,68.46044],[15.50487,68.45976],[15.50066,68.45899],[15.49993,68.45762],[15.49418,68.45503],[15.49117,68.45247],[15.48794,68.45124]],[[15.71675,68.69188],[15.71751,68.69173]],[[15.88845,68.45991],[15.88626,68.45985],[15.88435,68.46041],[15.88611,68.46225],[15.88845,68.45991]],[[15.32326,68.46568],[15.3217,68.46577],[15.31943,68.46696],[15.32298,68.46714],[15.3244,68.46644],[15.32326,68.46568]],[[15.29601,68.46735],[15.29709,68.46609],[15.2968,68.46486],[15.29594,68.46489],[15.29585,68.46566],[15.29447,68.46619],[15.28606,68.46508],[15.28373,68.46435],[15.28181,68.46431],[15.27901,68.46541],[15.28541,68.46682],[15.2864,68.46736]],[[15.30715,68.46733],[15.30877,68.4668],[15.30856,68.46581],[15.31243,68.46425],[15.31414,68.46433],[15.31447,68.46504],[15.31692,68.46545],[15.31849,68.46361],[15.32275,68.46229],[15.32446,68.46119],[15.33141,68.461],[15.33073,68.4621],[15.33616,68.46459],[15.35242,68.4651],[15.35864,68.46585],[15.36053,68.46536],[15.36103,68.46447],[15.36616,68.46395]],[[15.40195,68.46713],[15.39821,68.46581],[15.39812,68.46515],[15.39663,68.46475],[15.38942,68.46539],[15.3851,68.46495],[15.38095,68.46498],[15.37511,68.46414],[15.36616,68.46395]],[[15.53795,68.46675],[15.53481,68.46561],[15.531,68.46323],[15.52649,68.46219],[15.51946,68.45907],[15.51392,68.45401],[15.51046,68.45367],[15.51102,68.45246],[15.50912,68.44929],[15.50605,68.44818],[15.50427,68.44676],[15.50043,68.44502],[15.497,68.44238],[15.49699,68.44151],[15.50009,68.44009],[15.49939,68.4382],[15.50138,68.43656],[15.50071,68.43535],[15.49974,68.43456],[15.49635,68.43369],[15.49528,68.43228],[15.49136,68.43033],[15.48746,68.429]],[[15.87629,68.46532],[15.87881,68.46491],[15.88233,68.46512],[15.8848,68.46433],[15.8836,68.46331],[15.87726,68.46281],[15.8738,68.46031],[15.87547,68.4577],[15.87384,68.45578],[15.87517,68.45508],[15.87326,68.45281],[15.87484,68.4521],[15.87302,68.45111],[15.87462,68.44961],[15.87328,68.44897]],[[15.89585,68.46522],[15.8937,68.46381],[15.89744,68.46159],[15.89652,68.45971],[15.89717,68.45837],[15.89527,68.45447],[15.89313,68.45272],[15.8939,68.45053],[15.89068,68.44916],[15.89384,68.44753],[15.89248,68.44679],[15.89258,68.4462],[15.89355,68.4459],[15.89847,68.446],[15.90883,68.44729],[15.90978,68.44703],[15.90815,68.44628],[15.89748,68.4443],[15.89267,68.44488],[15.88598,68.44178]],[[15.36622,68.46774],[15.37752,68.46841]],[[15.36622,68.46774],[15.34951,68.46755],[15.34463,68.46855]],[[15.29601,68.46735],[15.29622,68.46849],[15.29918,68.46896],[15.30468,68.4681],[15.30715,68.46733]],[[15.37752,68.46841],[15.383,68.46828],[15.39499,68.46927],[15.40583,68.46798],[15.40195,68.46713]],[[15.27333,68.46953],[15.27909,68.46911],[15.28314,68.46944],[15.28745,68.46849],[15.2864,68.46736]],[[15.52132,68.46974],[15.51731,68.4691],[15.50116,68.46839],[15.49803,68.46777],[15.49872,68.46687]],[[15.2927,68.47184],[15.29546,68.47149],[15.29712,68.47],[15.29663,68.4693],[15.28767,68.46906],[15.28593,68.46999],[15.28557,68.47154],[15.28465,68.47173],[15.28053,68.47147],[15.2794,68.47019],[15.27462,68.47086],[15.27651,68.47163],[15.28016,68.47192],[15.28478,68.47392],[15.28579,68.47389],[15.28608,68.47305],[15.28774,68.47236],[15.29141,68.47223],[15.2927,68.47184]],[[15.29299,68.47401],[15.29693,68.47281],[15.30551,68.47164],[15.30714,68.47046],[15.30518,68.47063],[15.30482,68.47038],[15.30937,68.46879],[15.31122,68.46891],[15.31141,68.47097],[15.31699,68.46956],[15.31968,68.4693],[15.32765,68.47054],[15.33862,68.47012],[15.34463,68.46855]],[[15.53795,68.46675],[15.55144,68.47351],[15.55453,68.474],[15.56076,68.47773],[15.56081,68.47861],[15.5646,68.47946],[15.56893,68.48124],[15.58586,68.48626],[15.58934,68.48681],[15.60375,68.48742],[15.61087,68.48645]],[[15.27343,68.47776],[15.28324,68.47665],[15.2869,68.47561],[15.29047,68.47553],[15.29299,68.47401]],[[15.61101,68.49136],[15.61296,68.48971],[15.61172,68.48863],[15.61564,68.48669],[15.61278,68.48625],[15.61087,68.48645]],[[15.86602,68.49691],[15.86713,68.49645],[15.86693,68.49477],[15.87033,68.4914],[15.87258,68.49019],[15.87441,68.48719],[15.87301,68.48226],[15.86895,68.48035],[15.86993,68.47807],[15.86854,68.4762],[15.86932,68.47398],[15.8683,68.47202],[15.87143,68.46811],[15.87629,68.46532]],[[15.58366,68.50084],[15.58104,68.50031],[15.57952,68.49944],[15.57889,68.49538],[15.58909,68.49434],[15.59189,68.49483],[15.59505,68.49375],[15.59931,68.49373],[15.61101,68.49136]],[[15.54944,68.51155],[15.55156,68.51068],[15.55946,68.51029],[15.56981,68.50822],[15.57412,68.50603],[15.57501,68.50315],[15.57383,68.50215],[15.57215,68.50223],[15.5682,68.50153],[15.56602,68.50187],[15.56416,68.50147],[15.56311,68.49896],[15.56539,68.49852],[15.56558,68.49718],[15.56236,68.49464],[15.55992,68.49416],[15.5606,68.49258],[15.55985,68.49056],[15.55688,68.48933],[15.55212,68.48823],[15.54863,68.48621],[15.548,68.48517],[15.54362,68.48334],[15.54384,68.48092],[15.54142,68.47881],[15.53194,68.47311],[15.52727,68.47209]],[[15.57392,68.51147],[15.57657,68.51055],[15.58051,68.50734],[15.58361,68.50627],[15.58639,68.50441],[15.58633,68.50325],[15.58419,68.50234],[15.58576,68.50188]],[[15.87049,68.5102],[15.86705,68.50561],[15.86688,68.50161],[15.8655,68.50097],[15.86604,68.4994],[15.86804,68.49871],[15.86672,68.49795]],[[15.87548,68.51017],[15.8753,68.50765],[15.88139,68.50524],[15.87941,68.50321],[15.87973,68.49986],[15.87795,68.49809],[15.87811,68.49714],[15.87903,68.49648],[15.88071,68.49645],[15.88389,68.49518],[15.88579,68.492],[15.88616,68.48808],[15.88388,68.48478],[15.88646,68.48236],[15.88622,68.48098],[15.88087,68.4777],[15.88169,68.47371],[15.88388,68.47105],[15.88464,68.46802],[15.88689,68.46703],[15.88465,68.46591],[15.88554,68.46544],[15.88942,68.46529],[15.89168,68.46635],[15.89374,68.46642],[15.89578,68.46616],[15.89585,68.46522]],[[15.87167,68.51188],[15.87539,68.5117],[15.87548,68.51017]],[[15.54944,68.51155],[15.54884,68.51193],[15.54946,68.51231],[15.55358,68.51282],[15.5526,68.51365],[15.5491,68.51371],[15.54544,68.51315],[15.54067,68.51351],[15.53541,68.51333],[15.5307,68.51487],[15.53175,68.51676],[15.53345,68.51791],[15.53661,68.51814],[15.54107,68.51793],[15.54996,68.51702],[15.55737,68.51547],[15.55874,68.51465],[15.56518,68.51425],[15.56655,68.51351],[15.57196,68.51236],[15.57392,68.51147]],[[15.27401,68.52505],[15.27983,68.52264],[15.28165,68.51948],[15.28498,68.51813],[15.28965,68.51522],[15.28924,68.5122]],[[15.38224,68.59873],[15.38308,68.59771],[15.38022,68.5971],[15.37533,68.59723],[15.37407,68.59676],[15.37264,68.59677],[15.36833,68.5975]],[[15.36833,68.5975],[15.36683,68.59782],[15.36584,68.59865],[15.36836,68.59956]],[[15.38097,68.60171],[15.38215,68.60083],[15.37971,68.60057],[15.38131,68.59993],[15.38224,68.59873]],[[15.36839,68.60102],[15.37093,68.60093],[15.37266,68.5998],[15.36836,68.59956]],[[15.35369,68.60177],[15.35184,68.60061],[15.35377,68.59774],[15.3532,68.59685],[15.3519,68.59642],[15.34339,68.59574],[15.33853,68.59416],[15.32844,68.59313],[15.31689,68.59265],[15.31207,68.5911],[15.30938,68.58961],[15.31166,68.58461],[15.33088,68.57789],[15.33741,68.57423],[15.33737,68.57221],[15.33977,68.56984],[15.33961,68.56833],[15.33791,68.56662],[15.33487,68.56587],[15.32993,68.56608],[15.3276,68.56874],[15.32879,68.57235],[15.32694,68.57365],[15.32347,68.57325],[15.32075,68.57214],[15.3172,68.572],[15.31394,68.57053],[15.31065,68.57027],[15.30597,68.5714],[15.30112,68.5751],[15.29152,68.57485],[15.27464,68.57749]],[[15.35994,68.60176],[15.36413,68.59967],[15.36713,68.59997],[15.36839,68.60102]],[[15.38097,68.60171],[15.38696,68.6028]],[[15.37855,68.60317],[15.37996,68.6021],[15.37547,68.60243],[15.3741,68.60324],[15.37855,68.60317]],[[15.35369,68.60177],[15.35805,68.60271],[15.35797,68.60339],[15.35935,68.60325],[15.35893,68.60243],[15.35994,68.60176]],[[15.36844,68.60437],[15.37097,68.60353],[15.36842,68.60304]],[[15.36842,68.60304],[15.36614,68.60402],[15.36699,68.60446],[15.36844,68.60437]],[[15.45043,68.60867],[15.45339,68.60831],[15.44964,68.60702],[15.44759,68.60689],[15.4479,68.60815],[15.45043,68.60867]],[[15.38696,68.6028],[15.392,68.60537],[15.39683,68.60637],[15.39748,68.60786],[15.40028,68.61002],[15.39968,68.61079],[15.39677,68.61076],[15.39485,68.61156],[15.40704,68.6159]],[[15.61225,68.73556],[15.6177,68.73615]],[[15.40704,68.6159],[15.40755,68.61801],[15.40922,68.61879],[15.4185,68.62057],[15.42068,68.62053],[15.42329,68.61965],[15.43174,68.61943],[15.43086,68.61872],[15.42818,68.61806]],[[15.61448,68.61903],[15.62307,68.62102],[15.6255,68.62091],[15.63105,68.61814],[15.63141,68.61729],[15.62919,68.61693],[15.62438,68.61695],[15.61437,68.6151]],[[15.42818,68.61806],[15.4278,68.61739],[15.43178,68.61655],[15.43204,68.61609],[15.42644,68.6147],[15.42652,68.61443],[15.4302,68.61467],[15.43322,68.61387],[15.43846,68.61429],[15.44119,68.61416],[15.43872,68.61352],[15.43816,68.61279],[15.44092,68.61123],[15.43844,68.61043],[15.43789,68.60941],[15.43867,68.60676],[15.44176,68.60491],[15.44589,68.60481],[15.4534,68.60707],[15.45635,68.60656],[15.46213,68.6045],[15.4692,68.60413],[15.47436,68.60505],[15.47535,68.60579],[15.47025,68.60964],[15.46591,68.6115],[15.45228,68.61512],[15.4489,68.61646],[15.44737,68.61733],[15.44748,68.61861],[15.44392,68.6212],[15.44175,68.62169],[15.43783,68.62188],[15.43327,68.62129],[15.43105,68.62256],[15.43227,68.6232],[15.43258,68.6243],[15.42876,68.62433],[15.42881,68.62534],[15.43234,68.62618],[15.43471,68.62744],[15.44888,68.62835],[15.44958,68.62716],[15.45237,68.62676],[15.45457,68.627],[15.45701,68.62794],[15.45411,68.62853],[15.45424,68.63039],[15.45636,68.63112],[15.45907,68.63144],[15.46084,68.63146],[15.46222,68.63071],[15.46071,68.62863],[15.46416,68.62881],[15.46732,68.62969],[15.47132,68.62908],[15.47334,68.62766],[15.4774,68.62698],[15.48285,68.62659],[15.49175,68.62684]],[[15.49196,68.63618],[15.48602,68.63537],[15.4777,68.6371],[15.47805,68.63765],[15.48339,68.63957],[15.48366,68.64164],[15.48544,68.64251],[15.49208,68.64204]],[[15.49175,68.62684],[15.50464,68.62654],[15.51649,68.6268],[15.51813,68.62826],[15.52962,68.62955],[15.53502,68.62971],[15.54538,68.6287],[15.5502,68.62993],[15.54992,68.63288],[15.55132,68.63355],[15.5544,68.63416],[15.55842,68.63392],[15.56261,68.6346],[15.56649,68.6337],[15.56831,68.63199],[15.57142,68.63159],[15.56831,68.62716],[15.57006,68.62324],[15.56871,68.62073],[15.56955,68.61893],[15.57173,68.61805],[15.57338,68.61654],[15.57315,68.61558],[15.57479,68.61309],[15.58054,68.61192],[15.58348,68.61183],[15.58567,68.61431],[15.5893,68.61401],[15.59292,68.61469],[15.58914,68.61567],[15.58955,68.61649],[15.58742,68.61695],[15.58416,68.61706],[15.58227,68.61767],[15.58231,68.61872],[15.58504,68.61971],[15.58935,68.61955],[15.59266,68.61887],[15.60112,68.61545],[15.60935,68.61467],[15.61437,68.6151]],[[15.54914,68.64041],[15.54772,68.63997],[15.5468,68.63892],[15.54348,68.63859],[15.53676,68.64112],[15.53146,68.64135]],[[15.54914,68.64041],[15.55097,68.64086],[15.55386,68.64054],[15.5625,68.63857],[15.56686,68.63786],[15.57058,68.63779],[15.57851,68.63593],[15.58253,68.63369],[15.58479,68.6311],[15.58854,68.62938],[15.59082,68.62539],[15.58991,68.62416],[15.59058,68.62351],[15.59425,68.6227],[15.59974,68.62058],[15.60198,68.62023],[15.60518,68.61841],[15.60778,68.61825],[15.61448,68.61903]],[[15.49208,68.64204],[15.49569,68.64137],[15.49764,68.63937],[15.49617,68.63712],[15.49196,68.63618]],[[15.52232,68.64243],[15.52809,68.64204],[15.53146,68.64135]],[[15.27544,68.64208],[15.2764,68.64147],[15.27752,68.64141],[15.27743,68.64228],[15.27619,68.64278],[15.28015,68.6445],[15.28057,68.64526],[15.28246,68.64557],[15.28622,68.64526],[15.29296,68.64622]],[[15.50202,68.64624],[15.50451,68.64456],[15.51325,68.64288],[15.51475,68.64227],[15.52232,68.64243]],[[15.4837,68.65712],[15.47852,68.65973],[15.47568,68.66045]],[[15.4618,68.64635],[15.46043,68.64679],[15.46219,68.6474],[15.46258,68.64916],[15.45928,68.65023],[15.4589,68.65081],[15.47078,68.65217],[15.47204,68.65159],[15.47027,68.6508],[15.46923,68.64919],[15.47423,68.64632]],[[15.32711,68.65304],[15.31917,68.651],[15.31182,68.64994],[15.31028,68.65008],[15.30043,68.64895],[15.29776,68.64825]],[[15.49232,68.65289],[15.49673,68.65169],[15.49937,68.65037],[15.50202,68.64624]],[[15.35088,68.66129],[15.33329,68.65452],[15.32711,68.65304]],[[15.35088,68.66129],[15.35708,68.66301],[15.35879,68.66403],[15.36369,68.66548],[15.36564,68.66554],[15.36944,68.66487]],[[15.47258,68.66139],[15.47263,68.66212],[15.46361,68.6635],[15.4625,68.66506],[15.46345,68.66623],[15.46525,68.66698],[15.47208,68.66839]],[[15.38583,68.676],[15.38301,68.67482],[15.38288,68.67359],[15.38006,68.67283],[15.37787,68.66894],[15.37217,68.66448],[15.36944,68.66487]],[[15.47361,68.67017],[15.47455,68.672],[15.47713,68.67321],[15.47731,68.67395],[15.47585,68.67491],[15.47333,68.67519],[15.47542,68.67614],[15.46999,68.68267],[15.46222,68.68552]],[[15.45658,68.68986],[15.46093,68.68748],[15.46119,68.68591],[15.46222,68.68552]],[[15.90989,68.95875],[15.91023,68.95845]],[[15.38583,68.676],[15.39673,68.68074],[15.40387,68.68328],[15.40297,68.68362],[15.40513,68.68462],[15.40722,68.68465],[15.40878,68.68521],[15.40959,68.68633],[15.41443,68.6865],[15.41503,68.68819],[15.41689,68.68945],[15.41926,68.68971],[15.41994,68.6913]],[[15.45413,68.69122],[15.45658,68.68986]],[[15.45413,68.69122],[15.44425,68.70163]],[[15.41047,68.71267],[15.41561,68.70768],[15.41562,68.70346],[15.41918,68.70274],[15.42013,68.69736],[15.41778,68.69234],[15.41994,68.6913]],[[15.6177,68.73615],[15.62639,68.73551]],[[15.44425,68.70163],[15.44183,68.70501],[15.4377,68.70854],[15.43726,68.71348],[15.43799,68.71646],[15.44339,68.72028],[15.44406,68.72147]],[[15.48734,68.72416],[15.49388,68.72349]],[[15.48236,68.72502],[15.48734,68.72416]],[[15.46697,68.72427],[15.46941,68.72399],[15.47167,68.7245],[15.47629,68.72697],[15.47997,68.72637],[15.48236,68.72502]],[[15.44955,68.7235],[15.45303,68.72572],[15.45198,68.72687],[15.44991,68.72707],[15.45042,68.72791],[15.4519,68.72801],[15.45249,68.72713],[15.4537,68.7271],[15.4575,68.72971],[15.45893,68.72952],[15.4587,68.72814],[15.46022,68.72667],[15.46269,68.72569],[15.46566,68.72516],[15.46697,68.72427]],[[15.54524,68.73505],[15.53736,68.73417]],[[15.39759,68.73477],[15.40134,68.73406],[15.40194,68.73325],[15.40641,68.73161],[15.40682,68.72373],[15.40848,68.72003],[15.41094,68.7181],[15.41002,68.71535],[15.41047,68.71267]],[[15.39096,68.73622],[15.39234,68.7352],[15.39759,68.73477]],[[15.53736,68.73417],[15.53556,68.73355],[15.53283,68.73094],[15.52848,68.73061],[15.52466,68.7288],[15.52143,68.72854],[15.51825,68.72923],[15.51978,68.73025],[15.51919,68.73138],[15.51995,68.73244],[15.52195,68.73303],[15.52595,68.7328],[15.52635,68.73306],[15.52577,68.7335],[15.52305,68.73394],[15.5167,68.73311],[15.51483,68.73445],[15.51775,68.73588]],[[15.61225,68.73556],[15.60417,68.73363],[15.59871,68.73322],[15.59448,68.73203],[15.58839,68.73128],[15.58635,68.73072],[15.5841,68.72933],[15.5756,68.72813],[15.56866,68.72656],[15.55,68.72477],[15.54633,68.72399],[15.5398,68.72363],[15.53419,68.72445],[15.53007,68.72283],[15.52691,68.72308],[15.52389,68.72286],[15.52127,68.72206],[15.5115,68.72173],[15.49859,68.72221],[15.49388,68.72349]],[[15.62639,68.73551],[15.62879,68.73473],[15.63099,68.7296],[15.63505,68.7253],[15.64119,68.72154],[15.65504,68.71604],[15.66304,68.71149],[15.67446,68.70664],[15.68195,68.70248],[15.68969,68.69932],[15.70789,68.69484],[15.71157,68.69305],[15.7166,68.69294],[15.71675,68.69188]],[[15.64537,68.73544],[15.65296,68.72559],[15.66178,68.72042],[15.66977,68.71769],[15.67573,68.71473],[15.68129,68.71028],[15.69672,68.70255],[15.71567,68.69692],[15.71631,68.69636],[15.7147,68.69363],[15.72115,68.6931]],[[15.57562,68.73871],[15.55875,68.7385],[15.55362,68.73688]],[[15.77557,68.73769],[15.7687,68.73649],[15.77143,68.73611],[15.77439,68.73499],[15.77601,68.73532],[15.78487,68.73508],[15.78595,68.73572],[15.79884,68.73646],[15.80442,68.738],[15.80846,68.7382],[15.81005,68.73863]],[[15.50529,68.74076],[15.51125,68.73695],[15.51477,68.73749],[15.51463,68.73994],[15.51551,68.74001],[15.51639,68.73827],[15.51947,68.73615],[15.51775,68.73588]],[[15.37074,68.74368],[15.37238,68.74311],[15.3775,68.74293],[15.3792,68.74177],[15.38311,68.7416],[15.38391,68.74032],[15.38612,68.73978],[15.38757,68.73713],[15.39096,68.73622]],[[15.36992,68.74411],[15.37074,68.74368]],[[15.78956,68.74273],[15.78487,68.73932],[15.77897,68.73768],[15.77557,68.73769]],[[15.81005,68.73863],[15.82075,68.74114],[15.82721,68.74223],[15.82984,68.74222],[15.83209,68.74282]],[[15.60206,68.74451],[15.59633,68.74142],[15.59232,68.74037],[15.58812,68.7397],[15.57562,68.73871]],[[15.50529,68.74076],[15.50239,68.74292],[15.50198,68.74641]],[[15.60206,68.74451],[15.60388,68.74503],[15.61798,68.74633]],[[15.38249,68.74593],[15.37766,68.74576],[15.37706,68.74609],[15.37989,68.74706],[15.38285,68.74656],[15.38249,68.74593]],[[15.61798,68.74633],[15.623,68.74637],[15.63337,68.7457],[15.63704,68.74481],[15.64404,68.7441],[15.65126,68.74233],[15.65793,68.74283],[15.66085,68.74233],[15.66077,68.74186],[15.65679,68.74096],[15.64809,68.74003],[15.64563,68.73911],[15.6463,68.73735],[15.64537,68.73544]],[[15.33988,68.74645],[15.34177,68.74652],[15.34145,68.74686],[15.34463,68.74656],[15.34853,68.74738],[15.35182,68.74673],[15.34968,68.74576],[15.35024,68.74535],[15.35491,68.74529],[15.35814,68.74596],[15.36032,68.74573],[15.36185,68.7461],[15.36992,68.74411]],[[15.32358,68.74669],[15.32886,68.74823],[15.33286,68.74761],[15.3364,68.74814],[15.33679,68.74715],[15.33861,68.74713],[15.33988,68.74645]],[[15.49443,68.74847],[15.50004,68.74741],[15.50198,68.74641]],[[15.27682,68.75393],[15.28015,68.75383],[15.28502,68.75273],[15.2919,68.75274],[15.30523,68.75124],[15.30791,68.75067],[15.30558,68.7502],[15.30586,68.74992],[15.30969,68.75015],[15.3139,68.74971],[15.32125,68.74961],[15.32204,68.74935],[15.32077,68.74899],[15.32067,68.74807],[15.3225,68.74725],[15.32072,68.74693],[15.32358,68.74669]],[[15.46327,68.76281],[15.46007,68.76488],[15.46025,68.76602],[15.46178,68.767],[15.46058,68.7683],[15.46321,68.76981]],[[15.83209,68.74282],[15.83604,68.74415],[15.84049,68.74496],[15.84296,68.74677],[15.84335,68.74756],[15.84047,68.74973],[15.84082,68.75244],[15.84523,68.75292],[15.8482,68.7544],[15.85369,68.75573],[15.85646,68.75685]],[[15.85646,68.75685],[15.85966,68.75868],[15.86567,68.75874]],[[15.78956,68.74273],[15.79457,68.74398],[15.79991,68.74462],[15.80841,68.74635],[15.81257,68.74653],[15.81629,68.74922],[15.82,68.75073],[15.82603,68.75533],[15.82278,68.75887],[15.82311,68.75952]],[[15.49443,68.74847],[15.48958,68.74944],[15.48397,68.74975],[15.47767,68.75073],[15.47017,68.7529],[15.4678,68.75297],[15.46646,68.75399],[15.46507,68.75393],[15.46333,68.75254],[15.4625,68.75253],[15.46005,68.75441],[15.46153,68.75581],[15.46429,68.75585],[15.46508,68.75666],[15.46327,68.76281]],[[15.33473,68.7595],[15.32986,68.75919],[15.32953,68.75978],[15.33873,68.76354],[15.33988,68.76258],[15.33928,68.76174],[15.33473,68.7595]],[[15.45806,68.78089],[15.4585,68.77925],[15.46213,68.77862],[15.46318,68.77796],[15.45792,68.7759],[15.45681,68.7785],[15.45458,68.77889],[15.45071,68.77893],[15.45131,68.78091]],[[15.30259,68.76878],[15.30316,68.76517],[15.29861,68.76142],[15.29546,68.76018],[15.29108,68.76076],[15.28934,68.76021],[15.28645,68.76035],[15.28513,68.7575],[15.28004,68.7574],[15.27685,68.75681]],[[15.46321,68.76981],[15.46622,68.77067]],[[15.29855,68.77374],[15.30008,68.77213],[15.30254,68.77096],[15.30259,68.76878]],[[15.84672,68.77271],[15.84419,68.77083],[15.83924,68.76495],[15.83491,68.76388],[15.82878,68.76135],[15.8247,68.76056],[15.82311,68.75952]],[[15.92438,68.77271],[15.91702,68.7715],[15.90768,68.77177],[15.90123,68.77135],[15.891,68.76946],[15.88517,68.76796],[15.87948,68.7659],[15.86871,68.75938]],[[15.84672,68.77271],[15.85227,68.7744]],[[15.31357,68.78057],[15.31281,68.7776],[15.31003,68.77757],[15.30829,68.77681],[15.3043,68.77605],[15.30375,68.77565],[15.30492,68.77567],[15.30291,68.77474],[15.30044,68.77452],[15.29855,68.77374]],[[15.85227,68.7744],[15.85538,68.77443],[15.85516,68.77414],[15.86178,68.7748],[15.86641,68.77783]],[[15.88994,68.80128],[15.88854,68.79953],[15.88836,68.7932],[15.88608,68.79064]],[[15.48434,68.78082],[15.4833,68.77984],[15.48031,68.7787],[15.47983,68.77726],[15.47829,68.77661],[15.47873,68.7749],[15.47591,68.77365],[15.47487,68.77246],[15.47207,68.77225],[15.47157,68.77315],[15.47048,68.77345],[15.46844,68.77247],[15.46675,68.77302],[15.46368,68.7733],[15.46296,68.77197],[15.46484,68.77151],[15.46729,68.77229],[15.46972,68.77164],[15.46622,68.77067]],[[15.86971,68.77928],[15.86706,68.77796]],[[15.9362,68.77893],[15.93089,68.77503],[15.92438,68.77271]],[[15.45131,68.78091],[15.44808,68.78266],[15.44972,68.78381],[15.45246,68.78335],[15.45806,68.78089]],[[15.9993,68.78603],[15.99841,68.78483],[15.9989,68.78347],[15.99994,68.78313],[16.00288,68.78353]],[[15.88482,68.78906],[15.87813,68.78383],[15.86971,68.77928]],[[15.35789,68.79909],[15.36274,68.79884],[15.36856,68.79994],[15.36946,68.80102],[15.36845,68.80147],[15.37174,68.80344]],[[15.9362,68.77893],[15.94586,68.78463],[15.94839,68.79],[15.95033,68.79155]],[[15.98667,68.7922],[15.99085,68.79264]],[[15.99085,68.79264],[15.99293,68.79234],[15.99168,68.79109],[15.99271,68.79062],[15.99745,68.79002],[15.99997,68.78747],[15.9993,68.78603]],[[15.96169,68.79531],[15.9648,68.79399],[15.96893,68.79306],[15.97363,68.79256],[15.97775,68.79147],[15.98171,68.79207],[15.98667,68.7922]],[[15.33772,68.79682],[15.34328,68.79676],[15.35789,68.79909]],[[15.33772,68.79682],[15.32892,68.79605],[15.32479,68.79608],[15.31981,68.79692],[15.31752,68.79806],[15.30852,68.79871],[15.30391,68.7997]],[[15.48434,68.78082],[15.48422,68.78314],[15.48585,68.78459],[15.47952,68.78506],[15.47652,68.78587],[15.47324,68.78582],[15.47155,68.78621],[15.46999,68.78788],[15.46654,68.78856],[15.47001,68.79136],[15.47041,68.79308],[15.46944,68.79408],[15.47061,68.79916],[15.47155,68.79972],[15.47391,68.79995]],[[15.95201,68.79397],[15.95625,68.79794],[15.95926,68.79717],[15.96169,68.79531]],[[15.53528,68.80088],[15.53665,68.80073]],[[15.47391,68.79995],[15.47678,68.80034],[15.47754,68.80111],[15.47692,68.8013]],[[15.53665,68.80073],[15.53568,68.80192],[15.53956,68.80188],[15.5437,68.80259],[15.54465,68.80364]],[[15.47692,68.8013],[15.47366,68.80089],[15.47084,68.80001],[15.46907,68.79987],[15.46728,68.80032],[15.46957,68.80231],[15.47221,68.8032],[15.4726,68.80459],[15.47027,68.80626],[15.46648,68.80685]],[[15.46648,68.80685],[15.46618,68.8069]],[[15.54465,68.80364],[15.54418,68.80441],[15.54144,68.80516],[15.5401,68.80759]],[[15.37185,68.81006],[15.37376,68.81016],[15.37461,68.80986],[15.37565,68.80751],[15.37174,68.80344]],[[15.36117,68.81004],[15.36258,68.80927],[15.36505,68.80889],[15.37185,68.81006]],[[15.89559,68.8107],[15.89144,68.80802],[15.89037,68.80591],[15.89153,68.80365],[15.88994,68.80128]],[[15.48551,68.81366],[15.48956,68.81254],[15.49158,68.81269],[15.49324,68.81333],[15.49588,68.81341]],[[15.46618,68.8069],[15.46297,68.80785],[15.46184,68.8101],[15.45868,68.81266],[15.45895,68.81374],[15.4622,68.81406],[15.4664,68.81243]],[[15.49588,68.81341],[15.50419,68.81338],[15.50898,68.81525],[15.51676,68.81319],[15.52309,68.8109],[15.52041,68.80916],[15.52166,68.80815],[15.52844,68.80674],[15.53071,68.80564],[15.53112,68.80436],[15.53258,68.80348],[15.53284,68.80183],[15.53528,68.80088]],[[15.68334,68.81679],[15.6785,68.81494],[15.67803,68.81515],[15.67552,68.81457],[15.67314,68.81463],[15.67227,68.81415]],[[15.46681,68.81241],[15.46967,68.81328],[15.4703,68.8168],[15.47298,68.81871],[15.47473,68.81873],[15.47536,68.81826],[15.47536,68.81716],[15.47349,68.81612],[15.47534,68.815],[15.47695,68.8147],[15.48017,68.81489],[15.48551,68.81366]],[[15.66322,68.8129],[15.65916,68.8127],[15.65678,68.81376],[15.64898,68.81367],[15.64537,68.81397],[15.64426,68.81417],[15.64436,68.81461],[15.64204,68.815],[15.63855,68.81473],[15.6375,68.81519],[15.63273,68.81577],[15.62959,68.81752],[15.62727,68.81725],[15.62485,68.81865],[15.62156,68.81825],[15.61999,68.81855]],[[15.61983,68.8186],[15.62001,68.81912]],[[15.62002,68.81955],[15.62001,68.81912]],[[15.59816,68.81894],[15.60002,68.81883],[15.60726,68.81684],[15.6139,68.81771],[15.61879,68.81961],[15.62002,68.81955]],[[15.36117,68.81004],[15.35983,68.81173],[15.36488,68.81533],[15.36711,68.81891],[15.367,68.8205]],[[15.89998,68.82182],[15.89733,68.81302],[15.89559,68.8107]],[[15.57799,68.82325],[15.58604,68.82128],[15.58645,68.8208],[15.59068,68.81953],[15.59816,68.81894]],[[15.367,68.8205],[15.36783,68.82304],[15.37014,68.82421]],[[15.3737,68.82594],[15.37343,68.82465],[15.37209,68.82445]],[[15.51262,68.82558],[15.51161,68.82505],[15.51098,68.82559]],[[15.53231,68.82552],[15.53398,68.82488],[15.53281,68.82394],[15.53327,68.8234],[15.52989,68.8226],[15.52802,68.82338],[15.52532,68.82344],[15.51872,68.82556]],[[15.55682,68.82544],[15.55442,68.8242],[15.55432,68.82212],[15.55318,68.82116],[15.55122,68.82104],[15.55061,68.82169],[15.54793,68.82186],[15.53928,68.82179],[15.53919,68.8215],[15.54117,68.82108],[15.54027,68.82042],[15.54371,68.82033],[15.54351,68.81979],[15.54499,68.81939],[15.53529,68.81815],[15.53317,68.8172],[15.53283,68.81625],[15.53397,68.81526],[15.54006,68.81439],[15.53709,68.81271],[15.53886,68.81227],[15.5403,68.81121],[15.5386,68.80919],[15.5401,68.80759]],[[15.56254,68.82542],[15.56862,68.8232],[15.57527,68.82352],[15.57799,68.82325]],[[15.65499,68.82544],[15.65296,68.82659],[15.6509,68.82624],[15.64979,68.82652],[15.65069,68.82775],[15.65368,68.82838],[15.65535,68.82762],[15.65596,68.82842],[15.65826,68.82892],[15.6562,68.82917],[15.65604,68.82996]],[[15.65507,68.82509],[15.65476,68.82423],[15.65054,68.82336],[15.64961,68.82281],[15.65298,68.82208],[15.65319,68.82136],[15.65513,68.82043],[15.65928,68.81965],[15.66209,68.81946],[15.6649,68.82043],[15.6701,68.81939],[15.67216,68.81936],[15.67213,68.81902],[15.66724,68.81842],[15.66615,68.81779],[15.66672,68.8174],[15.67144,68.81776],[15.67621,68.81598],[15.67898,68.81652],[15.68177,68.81812],[15.68302,68.81801]],[[15.51262,68.82558],[15.51605,68.82595],[15.51872,68.82556]],[[15.51098,68.82559],[15.50929,68.82766],[15.51015,68.82861],[15.51169,68.82863],[15.51545,68.82711],[15.51726,68.82708],[15.51872,68.82763],[15.52171,68.82784],[15.52347,68.82713],[15.52497,68.82709],[15.5292,68.82777],[15.53272,68.82655],[15.53231,68.82552]],[[15.64007,68.83175],[15.645,68.83116],[15.64989,68.83182],[15.65292,68.83125]],[[15.62045,68.83489],[15.62936,68.83386],[15.63266,68.83225],[15.63306,68.83097],[15.63557,68.83053],[15.63765,68.8294],[15.63893,68.82977],[15.63856,68.83095],[15.64007,68.83175]],[[15.90639,68.83662],[15.90459,68.83081],[15.90084,68.82397]],[[15.4041,68.83946],[15.4034,68.83911],[15.40152,68.83925],[15.40082,68.83809],[15.39799,68.83768],[15.39842,68.83964],[15.39565,68.84012],[15.39439,68.84078],[15.3966,68.84231],[15.39923,68.84232],[15.40416,68.84024],[15.4041,68.83946]],[[15.92006,68.85285],[15.90972,68.8447],[15.90755,68.84134],[15.90639,68.83662]],[[15.34511,68.8462],[15.34694,68.84398],[15.3458,68.84362]],[[15.39149,68.85026],[15.38984,68.84611],[15.39243,68.84323],[15.38948,68.84119],[15.38907,68.83983],[15.3833,68.83859],[15.38253,68.83704],[15.3837,68.83431],[15.38207,68.83413],[15.38328,68.83255],[15.37993,68.82935],[15.37495,68.82745],[15.3737,68.82594]],[[15.60502,68.83778],[15.60312,68.83685],[15.60018,68.83674],[15.59944,68.83895],[15.59118,68.84092],[15.57765,68.84818],[15.56696,68.85161]],[[15.34933,68.85253],[15.34767,68.8496]],[[15.92946,68.86739],[15.92814,68.86672],[15.92908,68.86457],[15.9313,68.86308],[15.93069,68.86283]],[[15.28757,68.8534],[15.29087,68.85303],[15.29025,68.85216],[15.28699,68.85131],[15.28412,68.8534],[15.28466,68.8537],[15.28757,68.8534]],[[15.37259,68.85412],[15.37748,68.85416],[15.37845,68.85474]],[[15.35105,68.8425],[15.35424,68.84259],[15.35637,68.84313],[15.35768,68.84434],[15.35931,68.8521],[15.35645,68.854],[15.35728,68.85468],[15.36038,68.85527],[15.37259,68.85412]],[[15.37845,68.85474],[15.38435,68.85594],[15.38578,68.85588],[15.38672,68.85548],[15.38653,68.85485],[15.3893,68.85454],[15.39153,68.85266],[15.39149,68.85026]],[[15.27783,68.83501],[15.2818,68.83554],[15.28484,68.83834],[15.28554,68.84269],[15.28937,68.84487],[15.28878,68.84687],[15.29017,68.84905],[15.29496,68.85058],[15.29796,68.84966],[15.29798,68.84902],[15.30078,68.84897],[15.30283,68.85008],[15.30796,68.85154],[15.31359,68.85537],[15.31685,68.85612],[15.3187,68.85706],[15.32213,68.85936],[15.32193,68.86013],[15.32505,68.86192],[15.32518,68.86266]],[[15.93069,68.86283],[15.92437,68.85601],[15.92448,68.8548],[15.92294,68.85373],[15.92006,68.85285]],[[15.34087,68.86642],[15.34265,68.86638],[15.34716,68.86393],[15.34763,68.86267],[15.35428,68.85915],[15.35465,68.85747],[15.35239,68.85505],[15.35043,68.85497],[15.34834,68.85434],[15.34933,68.85253]],[[15.33306,68.86663],[15.33274,68.86493],[15.33595,68.86587],[15.33782,68.86724],[15.3405,68.86694],[15.34087,68.86642]],[[15.32518,68.86266],[15.32377,68.86446],[15.32426,68.86686],[15.32634,68.86734],[15.32863,68.86696],[15.33157,68.86723],[15.33306,68.86663]],[[15.34109,68.87085],[15.34146,68.86937],[15.33983,68.86882],[15.33686,68.86862],[15.33474,68.86971],[15.3343,68.87087]],[[15.56093,68.87027],[15.55718,68.86624],[15.55413,68.86421],[15.55225,68.86442],[15.54953,68.8637],[15.54957,68.86279],[15.55144,68.8627],[15.55261,68.86219],[15.55484,68.85935],[15.55406,68.85853]],[[15.93262,68.86864],[15.93229,68.8679],[15.92946,68.86739]],[[15.3343,68.87087],[15.33751,68.87248],[15.34074,68.8717],[15.34109,68.87085]],[[15.49738,68.88071],[15.49146,68.8781],[15.48983,68.87487]],[[15.29561,68.87944],[15.29518,68.87831],[15.2969,68.87521],[15.29229,68.87094]],[[15.94659,68.87726],[15.94359,68.8722],[15.94025,68.87101],[15.93393,68.87025],[15.93239,68.8692],[15.93262,68.86864]],[[15.29835,68.88214],[15.29561,68.87944]],[[15.61787,68.88598],[15.62188,68.88598]],[[15.59196,68.88611],[15.59495,68.88393],[15.6008,68.88404],[15.60712,68.8848]],[[15.60712,68.8848],[15.61164,68.8862],[15.61787,68.88598]],[[15.62188,68.88598],[15.62427,68.88667],[15.62964,68.88578],[15.63206,68.88479],[15.63575,68.88685]],[[15.43481,68.91548],[15.43332,68.9142],[15.4307,68.90914]],[[15.55989,68.91512],[15.55479,68.9107],[15.55127,68.90631],[15.54763,68.90467],[15.53997,68.89906]],[[15.95665,68.88602],[15.94898,68.8812],[15.94993,68.87972],[15.94659,68.87726]],[[15.62194,68.88823],[15.63161,68.8878],[15.63575,68.88685]],[[15.57036,68.88275],[15.57257,68.88708],[15.57572,68.88898],[15.57982,68.88965],[15.58329,68.88961],[15.58762,68.88747],[15.59163,68.88658],[15.59196,68.88611]],[[15.43272,68.89037],[15.43501,68.88905],[15.43748,68.88377],[15.45403,68.87874],[15.46271,68.8768],[15.47007,68.87585],[15.47443,68.8745],[15.47985,68.87392],[15.48079,68.87341],[15.4811,68.87159],[15.48277,68.87106],[15.4859,68.87156],[15.48983,68.87487]],[[15.62194,68.88823],[15.61916,68.88814],[15.61167,68.88956],[15.60822,68.891]],[[15.33786,68.88992],[15.33672,68.8901],[15.33635,68.89074],[15.33727,68.89188],[15.33911,68.89229],[15.33968,68.89178],[15.33786,68.88992]],[[15.29807,68.89242],[15.29612,68.89045],[15.29553,68.88828],[15.29747,68.88744],[15.30054,68.88695],[15.30278,68.88588],[15.29835,68.88214]],[[15.61341,68.91493],[15.61263,68.91258],[15.61267,68.90314]],[[15.53997,68.89906],[15.53031,68.89442],[15.52743,68.89173],[15.52446,68.89017],[15.52014,68.88928],[15.5126,68.8859],[15.50828,68.88451],[15.50686,68.8835],[15.50741,68.88272],[15.50188,68.88239],[15.49738,68.88071]],[[15.28801,68.89849],[15.29668,68.89989],[15.30194,68.89833],[15.30315,68.89607],[15.30153,68.89523],[15.30027,68.89558],[15.29863,68.89537],[15.29807,68.89242]],[[15.35126,68.9007],[15.35093,68.90036],[15.34894,68.9005],[15.34893,68.89957],[15.35174,68.89915],[15.35177,68.89878],[15.34828,68.89861],[15.34669,68.89934],[15.34664,68.90028],[15.34836,68.90138],[15.35012,68.90127],[15.35126,68.9007]],[[15.60822,68.891],[15.6064,68.89286],[15.60192,68.89511],[15.60138,68.89591],[15.60208,68.89668],[15.60627,68.8976],[15.61155,68.89963],[15.61185,68.90169],[15.6103,68.90184],[15.61042,68.90128],[15.60911,68.90127],[15.60854,68.90227],[15.61014,68.90309],[15.61203,68.9027],[15.61267,68.90314]],[[15.93948,68.90371],[15.94184,68.90327],[15.9412,68.90178],[15.94296,68.90162],[15.94463,68.90051],[15.94781,68.90058],[15.9519,68.89776],[15.95353,68.8974],[15.95614,68.89744],[15.95466,68.89557],[15.95682,68.89511],[15.95717,68.89242],[15.95592,68.89094],[15.95825,68.89067],[15.95878,68.88889],[15.95665,68.88602]],[[15.27868,68.90297],[15.28515,68.90197],[15.28493,68.90139],[15.28188,68.90015],[15.28277,68.89978],[15.28089,68.89959],[15.28141,68.89915]],[[15.43272,68.89037],[15.42809,68.89232],[15.42547,68.8941],[15.41854,68.89631],[15.41752,68.89896],[15.41539,68.90103],[15.41633,68.90184],[15.41933,68.90165],[15.42826,68.90378],[15.42876,68.90805],[15.4307,68.90914]],[[15.9203,68.91084],[15.92606,68.90625],[15.92999,68.9053],[15.93419,68.90508],[15.93624,68.90401],[15.93948,68.90371]],[[15.32778,68.91355],[15.33172,68.9133],[15.32491,68.91146],[15.32528,68.91089],[15.32733,68.91069],[15.32464,68.90904],[15.32967,68.91032],[15.3307,68.90989],[15.33043,68.90866],[15.32807,68.90843],[15.3276,68.90679],[15.3259,68.90667],[15.31924,68.90768],[15.31366,68.90653],[15.3103,68.90485],[15.30626,68.90514],[15.30153,68.90493],[15.2994,68.90542],[15.28991,68.90475],[15.29217,68.90609],[15.28881,68.90628],[15.28665,68.90749],[15.28936,68.90885],[15.29864,68.90985],[15.30122,68.90896],[15.30338,68.90998],[15.30601,68.90941],[15.30632,68.90885],[15.30809,68.90924],[15.30792,68.90975],[15.30651,68.90989],[15.30639,68.91076],[15.30874,68.91146],[15.31069,68.91148],[15.31125,68.91098],[15.31541,68.91128],[15.31603,68.91086],[15.31758,68.91085],[15.32183,68.91186],[15.32546,68.91356],[15.32778,68.91355]],[[15.30397,68.91577],[15.29282,68.91344],[15.29072,68.91213],[15.28728,68.91134],[15.28423,68.91144],[15.28277,68.91109],[15.28334,68.90983],[15.28201,68.90916],[15.28246,68.90859],[15.28104,68.90808],[15.27874,68.90804]],[[15.27891,68.9212],[15.28116,68.92116],[15.28507,68.91952]],[[15.28507,68.91952],[15.28808,68.91892],[15.29192,68.91875],[15.29972,68.92123],[15.30437,68.9219],[15.30613,68.92269],[15.30804,68.92166],[15.31155,68.92129],[15.31254,68.91933],[15.31664,68.91842],[15.31874,68.91734],[15.31612,68.9163],[15.3121,68.91682],[15.30397,68.91577]],[[15.57099,68.92582],[15.57082,68.92339],[15.56737,68.92162],[15.56385,68.91881]],[[15.57113,68.9285],[15.57245,68.92795],[15.5713,68.92655]],[[15.61292,68.92082],[15.61845,68.92496],[15.6196,68.9276],[15.62314,68.93067]],[[15.9838,68.93281],[15.98238,68.93287],[15.98218,68.9345],[15.98324,68.93766],[15.98383,68.938],[15.98704,68.93818],[15.98956,68.93723],[15.98983,68.93651],[15.98705,68.934],[15.9838,68.93281]],[[15.63735,68.94178],[15.63587,68.93994],[15.62827,68.93638],[15.62727,68.93341],[15.62593,68.93196],[15.62314,68.93067]],[[15.27925,68.94814],[15.28614,68.94821],[15.29118,68.94879],[15.29594,68.94801],[15.29828,68.9486],[15.29943,68.94771],[15.29858,68.94673],[15.29004,68.94432],[15.28721,68.94176],[15.28309,68.94036]],[[15.30481,68.94757],[15.30325,68.94775],[15.30326,68.94836],[15.3056,68.94974],[15.30737,68.94954],[15.3063,68.94877],[15.30858,68.94814],[15.30481,68.94757]],[[15.64147,68.94966],[15.63735,68.94178]],[[15.62365,68.94882],[15.62828,68.94864],[15.62959,68.94926],[15.63662,68.95028],[15.63698,68.95078],[15.64041,68.95057],[15.64147,68.94966]],[[15.29313,68.96063],[15.29205,68.95995],[15.28702,68.95882],[15.28309,68.95741]],[[15.62365,68.94882],[15.6226,68.94818],[15.62039,68.94859],[15.61828,68.95083],[15.61982,68.95282],[15.62193,68.95387],[15.6238,68.95413]],[[15.6238,68.95413],[15.62718,68.95409],[15.62823,68.95333],[15.63218,68.95291],[15.63556,68.95329],[15.63674,68.95297],[15.64064,68.95357],[15.64296,68.95304],[15.64683,68.95434],[15.64743,68.95581],[15.65318,68.9562]],[[15.79461,68.95575],[15.79642,68.95561]],[[15.65563,68.95962],[15.65517,68.95962]],[[15.58312,68.95847],[15.58083,68.95646],[15.57669,68.95557],[15.58337,68.95351],[15.58582,68.95316],[15.58586,68.95035],[15.58489,68.94887],[15.58227,68.94737],[15.57987,68.94254],[15.58028,68.94183],[15.57794,68.94003],[15.57585,68.93082],[15.57354,68.92909],[15.57113,68.9285]],[[15.27939,68.95933],[15.28257,68.96],[15.28428,68.95989],[15.28463,68.95909],[15.28233,68.95762]],[[15.29792,68.96062],[15.2941,68.95917],[15.29557,68.95715],[15.29201,68.95569],[15.29295,68.95508],[15.29732,68.95518],[15.29864,68.95465],[15.29717,68.95389],[15.2927,68.95319],[15.29294,68.95269],[15.29462,68.9525],[15.29481,68.95102],[15.28891,68.9497],[15.2857,68.94993],[15.28091,68.94905],[15.27926,68.94919]],[[15.44031,68.96031],[15.43849,68.95687],[15.44157,68.95201],[15.44085,68.94935],[15.4415,68.94801],[15.43834,68.94189],[15.44226,68.93361],[15.44271,68.92576],[15.44016,68.92197],[15.43972,68.91942],[15.43481,68.91548]],[[15.58278,68.95989],[15.58312,68.95847]],[[15.65284,68.95963],[15.65089,68.95937],[15.65028,68.95964]],[[15.67114,68.95956],[15.6721,68.95821],[15.66798,68.9569],[15.66427,68.95725],[15.66193,68.95589],[15.65984,68.95634],[15.6563,68.95587],[15.65318,68.9562]],[[15.67771,68.95953],[15.67631,68.95954]],[[15.68688,68.9595],[15.68253,68.9587],[15.67977,68.95953]],[[15.73866,68.95928],[15.74633,68.95785],[15.74864,68.9565]],[[15.76771,68.95915],[15.7637,68.95696],[15.76036,68.95596],[15.75605,68.95569],[15.75124,68.9559],[15.74864,68.9565]],[[15.77528,68.95912],[15.77279,68.95775],[15.7735,68.95727],[15.7758,68.95817],[15.7796,68.95616],[15.79061,68.95511]],[[15.29601,68.96062],[15.29764,68.96097],[15.29792,68.96062]],[[15.91023,68.95845],[15.9149,68.9552],[15.91149,68.94899],[15.91457,68.94567],[15.91279,68.94209],[15.9103,68.94074],[15.91027,68.93884],[15.90823,68.93615],[15.91026,68.93133],[15.91176,68.92979],[15.91169,68.9239],[15.91416,68.92095],[15.91396,68.91895],[15.91603,68.91528],[15.91831,68.91357]],[[15.29413,68.96365],[15.29684,68.96324],[15.29328,68.96205],[15.29241,68.96304],[15.29413,68.96365]],[[15.73474,68.96039],[15.73866,68.95928]],[[15.67771,68.95953],[15.67977,68.95953]],[[15.65284,68.95963],[15.65517,68.95962]],[[15.67538,68.95979],[15.67631,68.95954]],[[15.29313,68.96063],[15.29397,68.96128],[15.29558,68.96062]],[[15.80617,68.95898],[15.8088,68.95989],[15.81083,68.95987]],[[15.67114,68.95956],[15.67065,68.9603],[15.67218,68.96072],[15.67538,68.95979]],[[15.76971,68.95957],[15.77327,68.9604],[15.77519,68.9604],[15.77528,68.95912]],[[15.90763,68.96078],[15.90989,68.95875]],[[15.73177,68.9617],[15.73474,68.96039]],[[15.65028,68.95964],[15.64975,68.96117],[15.64709,68.96216],[15.65202,68.96271],[15.65464,68.96221],[15.66034,68.96236],[15.66186,68.96152],[15.65573,68.96017],[15.65563,68.95962]],[[15.68688,68.9595],[15.69186,68.96186],[15.69914,68.96337],[15.70201,68.96346],[15.70482,68.96253],[15.70709,68.9627],[15.70892,68.96197]],[[15.62417,68.96718],[15.62265,68.96819],[15.62281,68.96957],[15.62169,68.97049]],[[15.70892,68.96197],[15.71169,68.96308],[15.71043,68.96408],[15.71318,68.96356],[15.71396,68.96261],[15.71833,68.96312],[15.72135,68.96487]],[[15.81083,68.95987],[15.81991,68.9607],[15.83396,68.96269],[15.84867,68.96649]],[[15.64038,68.9675],[15.63331,68.966],[15.62647,68.96619],[15.62554,68.96573],[15.62445,68.96589],[15.62417,68.96718]],[[15.89443,68.9673],[15.90099,68.96632],[15.90567,68.96478],[15.90763,68.96078]],[[15.59361,68.96951],[15.58906,68.96558],[15.58913,68.96421],[15.59074,68.96301],[15.59016,68.96133],[15.58278,68.95989]],[[15.84867,68.96649],[15.85207,68.96777],[15.85693,68.96874],[15.86081,68.9686],[15.86462,68.96793],[15.87391,68.96872]],[[15.7311,68.97084],[15.7364,68.97144],[15.73763,68.97132],[15.73792,68.97085],[15.73716,68.96962],[15.73574,68.96904],[15.73392,68.96584],[15.73043,68.96549],[15.72988,68.9637],[15.73177,68.9617]],[[15.72135,68.96487],[15.72227,68.96524],[15.72193,68.96762],[15.71867,68.96905],[15.72,68.9708],[15.72259,68.97188],[15.72713,68.97037],[15.7311,68.97084]],[[15.59439,68.97365],[15.59361,68.96951]],[[15.64573,68.97497],[15.64194,68.9737],[15.63919,68.97212],[15.63923,68.97114],[15.64285,68.97115],[15.64458,68.97038],[15.64203,68.96805],[15.64038,68.9675]],[[15.68194,68.97592],[15.68517,68.97566],[15.68309,68.97488],[15.67957,68.97522],[15.67649,68.97423],[15.67301,68.97457],[15.67699,68.97576],[15.67803,68.97578],[15.67834,68.97532],[15.68194,68.97592]],[[15.72045,68.97631],[15.71977,68.97597],[15.7144,68.9757],[15.71255,68.97617],[15.71995,68.97663],[15.72045,68.97631]],[[15.62169,68.97049],[15.62042,68.97123],[15.62018,68.9734],[15.61755,68.97537],[15.62011,68.97683],[15.62446,68.9773]],[[15.62446,68.9773],[15.63079,68.97663],[15.63265,68.97689]],[[15.69274,68.97773],[15.69872,68.97753],[15.69882,68.97706],[15.6976,68.97654],[15.69481,68.97675],[15.69163,68.97611],[15.69079,68.9768],[15.68657,68.97645],[15.6864,68.9769],[15.68962,68.97717],[15.69045,68.97814],[15.69274,68.97773]],[[15.6722,68.98168],[15.67048,68.98194],[15.66865,68.98163],[15.66818,68.98095],[15.66994,68.98087],[15.66963,68.98022],[15.66619,68.97942],[15.66435,68.97957],[15.66348,68.9805],[15.66639,68.98094],[15.6672,68.98157],[15.66698,68.98272],[15.66382,68.98274],[15.66571,68.98419]],[[15.65123,68.98466],[15.64277,68.98243],[15.64113,68.98142],[15.64205,68.98104],[15.64764,68.98143],[15.65031,68.98034],[15.64976,68.97949],[15.64638,68.97819],[15.64868,68.97738],[15.64573,68.97497]],[[15.66571,68.98419],[15.66451,68.98478]],[[15.62464,68.98383],[15.6263,68.98278],[15.63103,68.98228],[15.63269,68.98271],[15.63263,68.98406],[15.63498,68.98492]],[[15.74186,68.98846],[15.7397,68.98845],[15.73866,68.99054],[15.74099,68.99057],[15.74159,68.99023],[15.74186,68.98846]],[[15.5723,68.99543],[15.57067,68.99556],[15.57076,68.99714],[15.57308,68.99795],[15.57351,68.99702],[15.5723,68.99543]],[[15.63498,68.98492],[15.63687,68.98507],[15.63944,68.98359],[15.63758,68.98266],[15.63881,68.9819],[15.6361,68.9812],[15.63508,68.97764],[15.63265,68.97689]],[[15.66451,68.98478],[15.6617,68.9845],[15.65828,68.98512]],[[15.65828,68.98512],[15.65123,68.98466]],[[15.59738,68.98548],[15.5967,68.98429],[15.59887,68.98473],[15.59993,68.98446],[15.59974,68.9825],[15.60167,68.97982],[15.60032,68.97763],[15.59711,68.97675],[15.59661,68.97525],[15.59439,68.97365]],[[15.62464,68.98385],[15.62872,68.98511],[15.62684,68.9871],[15.62718,68.98793],[15.62921,68.98763],[15.6303,68.9857],[15.63254,68.986]],[[15.66782,68.98902],[15.66753,68.9876],[15.66886,68.98733],[15.66839,68.98693],[15.67022,68.98529],[15.67143,68.98475],[15.67543,68.98438],[15.67602,68.98379],[15.67526,68.9832],[15.6773,68.98269],[15.67695,68.98217],[15.6722,68.98168]],[[15.62479,68.98922],[15.62765,68.98836],[15.62922,68.98865]],[[15.44121,68.96301],[15.43945,68.96393],[15.43923,68.96696],[15.4367,68.96889],[15.44026,68.97058],[15.4394,68.97103],[15.43734,68.97098],[15.43932,68.97237],[15.43559,68.97359],[15.43393,68.97366],[15.43212,68.97458],[15.42442,68.97525],[15.42381,68.97565],[15.42491,68.97677],[15.43088,68.97983],[15.43236,68.98155],[15.43323,68.98427],[15.43107,68.98482],[15.43102,68.98568],[15.43454,68.98559],[15.43908,68.98748],[15.44061,68.9876],[15.44085,68.98846],[15.43881,68.9894],[15.43792,68.9906],[15.44058,68.99075],[15.44207,68.99044],[15.4429,68.99075]],[[15.68991,68.99033],[15.68739,68.9871],[15.68089,68.98634],[15.68039,68.98689],[15.68329,68.98938],[15.68193,68.98998],[15.67804,68.99026]],[[15.61445,68.9986],[15.61565,68.99771],[15.61795,68.99748],[15.61937,68.99615],[15.62495,68.99467]],[[15.62479,68.98922],[15.62283,68.98962],[15.62232,68.99034],[15.62276,68.9912],[15.62487,68.99179]],[[15.55815,68.99322],[15.56621,68.99225],[15.56623,68.99199],[15.57048,68.99242],[15.57201,68.9933],[15.57354,68.99314],[15.57723,68.99124],[15.58019,68.99052],[15.58211,68.99054],[15.5892,68.98946],[15.58944,68.98911],[15.58809,68.989],[15.58512,68.98931],[15.58449,68.98841],[15.5906,68.98827],[15.59375,68.98767],[15.59738,68.98548]],[[15.62487,68.99179],[15.6258,68.99188],[15.6282,68.99372]],[[15.73902,68.996],[15.73855,68.99454],[15.73663,68.99297],[15.73594,68.99329],[15.73703,68.99381],[15.73642,68.99448],[15.73211,68.99592],[15.72841,68.99623],[15.72619,68.9957],[15.7255,68.9946],[15.72899,68.99359],[15.72894,68.99318],[15.72418,68.99277],[15.72291,68.99323],[15.71849,68.99255],[15.71493,68.99094],[15.71032,68.99058],[15.70734,68.99113],[15.70506,68.99242],[15.70353,68.99181],[15.69857,68.99195],[15.69577,68.99118],[15.69255,68.99111],[15.68991,68.99033]],[[15.61445,68.9986],[15.61422,68.99812],[15.6129,68.99809],[15.60974,68.99986]],[[15.5425,69.00063],[15.54515,68.99964],[15.545,68.99742],[15.54782,68.99644],[15.55789,68.99446],[15.55815,68.99322]],[[15.60267,69.00103],[15.60974,68.99986]],[[15.46277,69.00069],[15.45923,68.99957],[15.45417,68.99567],[15.44754,68.99325],[15.44319,68.99278],[15.43879,68.99297],[15.4429,68.99075]],[[15.7601,69.0034],[15.75012,68.9998]],[[15.98542,68.6699],[15.98774,68.67133],[15.99475,68.67379],[15.99846,68.67464],[16.00265,68.67476]],[[15.98933,68.71172],[15.98718,68.70983]],[[15.99809,68.73373],[15.99756,68.73105],[15.99436,68.72774],[15.99359,68.72578],[15.98955,68.72287],[15.99191,68.72062],[15.98967,68.71757],[15.99154,68.71544],[15.99113,68.71354],[15.98933,68.71172]],[[16.00132,68.74163],[15.99966,68.73923],[15.99809,68.73373]],[[15.9937,68.85629],[15.99912,68.85862],[16.00181,68.85901]],[[16.00466,68.84429],[15.99752,68.84101],[15.99675,68.84001],[15.99291,68.83868]],[[15.98356,68.70747],[15.98718,68.70983]],[[15.99291,68.83868],[15.97879,68.8322]],[[15.9917,68.85554],[15.9937,68.85629]],[[15.73459,68.53376],[15.73776,68.53356],[15.74294,68.53201],[15.74435,68.53224]],[[15.73459,68.53376],[15.72955,68.53381]],[[15.72491,68.5333],[15.72245,68.5366],[15.7246,68.53936],[15.73491,68.54351]],[[15.74719,68.55564],[15.7528,68.55411],[15.75247,68.55288],[15.74693,68.54983],[15.74427,68.54691],[15.73491,68.54351]],[[15.7833,68.55547],[15.7755,68.55065],[15.76613,68.54878],[15.76383,68.54719],[15.75828,68.54519],[15.75361,68.54196],[15.74887,68.5346],[15.74619,68.53398],[15.74481,68.53262]],[[15.75197,68.56063],[15.75054,68.55862],[15.74685,68.55699],[15.74719,68.55564]],[[15.82688,68.57033],[15.82606,68.56909],[15.82814,68.56635],[15.82447,68.5652],[15.82363,68.56324],[15.81994,68.56252],[15.81659,68.5594],[15.80728,68.55866],[15.80345,68.55654],[15.79953,68.55589],[15.79066,68.55718],[15.78662,68.55683],[15.7833,68.55547]],[[15.76605,68.61507],[15.76867,68.61443]],[[15.82688,68.57033],[15.82646,68.57109],[15.8247,68.57118],[15.82746,68.57327],[15.82626,68.57327]],[[15.79023,68.60029],[15.7887,68.59528],[15.79012,68.59301],[15.79191,68.592],[15.79206,68.58604],[15.79413,68.5851],[15.7949,68.57867],[15.79684,68.5762],[15.79581,68.57472],[15.79643,68.57239],[15.7993,68.57182],[15.80005,68.57105],[15.79997,68.56811],[15.8032,68.56654],[15.80213,68.56488],[15.8009,68.56402],[15.79734,68.56311],[15.78559,68.56225],[15.78133,68.56149],[15.77262,68.55871],[15.76638,68.55924],[15.76252,68.5601],[15.75869,68.55972],[15.75684,68.55988],[15.75387,68.56103]],[[15.82045,68.60014],[15.82319,68.59796],[15.81949,68.59651],[15.816,68.59637],[15.81502,68.59466],[15.81833,68.59288],[15.82017,68.59098],[15.81963,68.58967],[15.82079,68.58783],[15.82153,68.58296],[15.81807,68.58204],[15.81883,68.57979],[15.82077,68.57883],[15.82274,68.57953],[15.8247,68.57944],[15.82595,68.57827],[15.82842,68.57813],[15.82807,68.57674],[15.82586,68.57663],[15.82316,68.57411],[15.82361,68.5726],[15.82488,68.57252],[15.82626,68.57327]],[[15.76867,68.61443],[15.77278,68.61397],[15.77615,68.61203],[15.77887,68.60985],[15.7789,68.60787],[15.78019,68.60588],[15.78475,68.60508],[15.78667,68.60434],[15.79023,68.60029]],[[15.82045,68.60014],[15.82047,68.6009],[15.82329,68.60032],[15.8236,68.6009],[15.82126,68.60255],[15.81897,68.60594],[15.81535,68.60844],[15.81518,68.61011],[15.81091,68.61363],[15.80539,68.61648],[15.80515,68.61762],[15.80804,68.61906],[15.81608,68.61947],[15.81932,68.62055],[15.82511,68.62151],[15.82932,68.62313],[15.83909,68.62447],[15.84142,68.62732],[15.84709,68.62754],[15.85025,68.62892],[15.85382,68.63175],[15.85805,68.63367],[15.86087,68.6343]],[[15.84035,68.63164],[15.83673,68.63075],[15.83852,68.62984],[15.83763,68.62927],[15.82806,68.62715],[15.82278,68.6272],[15.81737,68.62805],[15.813,68.62808],[15.81289,68.6288],[15.81427,68.62921],[15.81572,68.63069],[15.82511,68.63344],[15.82804,68.63483]],[[15.82804,68.63483],[15.83228,68.63655],[15.8391,68.63799],[15.84176,68.6381],[15.84517,68.63758],[15.84873,68.63568],[15.85053,68.63531],[15.85023,68.63418],[15.84677,68.63276],[15.84035,68.63164]],[[15.8203,68.64499],[15.81064,68.64245],[15.80335,68.64137],[15.80017,68.63964],[15.79045,68.63627],[15.78775,68.63408],[15.78262,68.63271],[15.78116,68.63162],[15.77789,68.63069],[15.77354,68.62766],[15.77554,68.62534],[15.77399,68.62445],[15.77387,68.62322],[15.77604,68.62075],[15.77565,68.61981],[15.77216,68.61794],[15.76927,68.6179],[15.76585,68.61725],[15.76438,68.61629],[15.76605,68.61507]],[[15.90969,68.64453],[15.90506,68.64345],[15.89087,68.64184],[15.88576,68.64061],[15.88808,68.63842],[15.89227,68.63667],[15.89522,68.6372],[15.89869,68.63732],[15.903,68.63694],[15.90533,68.63619],[15.90642,68.63526],[15.90411,68.63427],[15.90025,68.63492],[15.8957,68.63457],[15.89134,68.63471],[15.88641,68.63421],[15.86862,68.63516],[15.86087,68.6343]],[[15.8203,68.64499],[15.82833,68.64674],[15.84617,68.64917],[15.84888,68.6501],[15.85069,68.65241],[15.85208,68.65279],[15.85563,68.65236],[15.8615,68.65088]],[[15.8827,68.65778],[15.88956,68.65613],[15.88992,68.65542],[15.89175,68.6547],[15.89539,68.65441],[15.89542,68.65368],[15.89046,68.65175],[15.88658,68.65105],[15.87597,68.6502],[15.87267,68.65012],[15.86845,68.65081],[15.86508,68.65053],[15.8615,68.65088]],[[15.91538,68.67014],[15.91595,68.66819],[15.91393,68.66621],[15.91256,68.66603],[15.91218,68.66641],[15.90977,68.66633],[15.90817,68.6667],[15.89735,68.66504],[15.89072,68.66276],[15.8887,68.66057],[15.88444,68.66004],[15.88231,68.65879],[15.8827,68.65778]],[[15.90969,68.64453],[15.92805,68.64946],[15.93699,68.65328],[15.94825,68.65616],[15.95548,68.65908],[15.96091,68.66029],[15.96635,68.66355],[15.97717,68.66639],[15.98542,68.6699]],[[15.92708,68.67879],[15.92512,68.67842],[15.92382,68.67684],[15.92205,68.67612],[15.92234,68.67576],[15.92546,68.67559],[15.92476,68.67475],[15.92329,68.6744],[15.91444,68.67424],[15.91425,68.67381],[15.91591,68.67353],[15.91424,68.67276],[15.91538,68.67014]],[[15.92708,68.67879],[15.92961,68.67883],[15.94146,68.68222],[15.94922,68.6864],[15.95287,68.68914]],[[15.96472,68.69557],[15.96224,68.69355],[15.95287,68.68914]],[[15.96472,68.69557],[15.96938,68.69771],[15.97241,68.70189],[15.97415,68.70299],[15.97431,68.70415],[15.98356,68.70747]],[[15.97879,68.8322],[15.97505,68.83022],[15.96886,68.82849],[15.96613,68.82543],[15.96136,68.82412],[15.96027,68.82416],[15.95991,68.8257],[15.96834,68.82861],[15.96853,68.82927],[15.97175,68.83099]],[[15.97175,68.83099],[15.97264,68.84133],[15.96958,68.84611],[15.96975,68.84744],[15.97346,68.84861],[15.97551,68.851],[15.97779,68.85208],[15.98238,68.85273],[15.9917,68.85554]]]}}]}