{"type":"FeatureCollection","features":[{"type":"Feature","properties":{},"geometry":{"type":"MultiLineString","coordinates":[[[14.62828,68.7306],[14.62946,68.73143]],[[14.65699,68.32081],[14.66294,68.32043],[14.66636,68.32084],[14.66908,68.32165]],[[14.8938,68.82632],[14.89204,68.82533],[14.88941,68.82551],[14.88855,68.82632]],[[14.75729,68.33395],[14.75929,68.3329]],[[14.75729,68.33395],[14.75471,68.33479]],[[14.14622,68.27228],[14.14783,68.27122]],[[14.04106,68.27077],[14.04229,68.27092],[14.04162,68.27172]],[[14.67995,68.42801],[14.68304,68.42564],[14.68241,68.42491],[14.6833,68.42268],[14.68264,68.42246]],[[14.70281,68.4225],[14.7013,68.42466],[14.7019,68.42761],[14.70321,68.42869]],[[14.6087,68.43463],[14.61047,68.43443],[14.61231,68.43472]],[[14.21298,68.1874],[14.21168,68.18752],[14.20953,68.18956],[14.21058,68.19031],[14.21393,68.18865],[14.21298,68.1874]],[[14.69934,68.19103],[14.69675,68.19113],[14.69662,68.19209],[14.69942,68.19197],[14.69934,68.19103]],[[14.15795,68.13212],[14.15793,68.13276]],[[14.15545,68.1336],[14.15415,68.13311],[14.15285,68.13343],[14.15461,68.13466],[14.1572,68.13462],[14.15683,68.13398],[14.15545,68.1336]],[[14.2087,68.15181],[14.20943,68.15181]],[[14.21629,68.15184],[14.21483,68.15103],[14.21395,68.15183]],[[14.64704,68.15332],[14.64837,68.15405],[14.65017,68.15333]],[[14.6608,68.15372],[14.65865,68.15439],[14.6576,68.1561],[14.6632,68.15673],[14.66363,68.1562],[14.6608,68.15372]],[[14.21648,68.16004],[14.21466,68.15962],[14.2138,68.16041],[14.21454,68.16159],[14.21715,68.16079],[14.21648,68.16004]],[[14.35876,68.17014],[14.35689,68.17011],[14.35835,68.17142],[14.35979,68.17148],[14.36078,68.17073],[14.35876,68.17014]],[[14.68733,68.17106],[14.685,68.17127],[14.68742,68.17204],[14.68986,68.17174],[14.68967,68.17136],[14.68733,68.17106]],[[14.67371,68.17395],[14.67209,68.17374],[14.66846,68.17434],[14.67133,68.17507],[14.67323,68.17512],[14.6749,68.17487],[14.67371,68.17395]],[[14.34032,68.17811],[14.3396,68.17779],[14.33872,68.17812],[14.34312,68.17946],[14.343,68.17862],[14.34032,68.17811]],[[14.40997,68.19349],[14.40786,68.19345],[14.4079,68.19417],[14.40979,68.19456],[14.41158,68.19445],[14.41193,68.19385],[14.40997,68.19349]],[[14.4061,68.19769],[14.40634,68.19748]],[[14.34539,68.19725],[14.34518,68.19773]],[[14.78319,68.19866],[14.78175,68.19923],[14.78091,68.19893],[14.78132,68.1984]],[[14.3903,68.20122],[14.39386,68.20034],[14.39513,68.2008]],[[14.3903,68.20122],[14.39029,68.20163]],[[14.39654,68.20869],[14.39654,68.20851]],[[14.45868,68.2112],[14.45904,68.21092]],[[14.402,68.21131],[14.40137,68.20988],[14.39649,68.2105]],[[14.2211,68.21141],[14.21956,68.21221]],[[14.51704,68.21753],[14.51793,68.21712],[14.51706,68.21675]],[[14.51704,68.21753],[14.51704,68.21757]],[[14.51702,68.21855],[14.51901,68.21798],[14.51704,68.21757]],[[14.51706,68.21675],[14.51562,68.21716],[14.51538,68.2184],[14.51587,68.2187],[14.51702,68.21855]],[[14.48913,68.21703],[14.49727,68.21736],[14.49955,68.21862],[14.49947,68.21631],[14.50196,68.21623],[14.50351,68.217],[14.50126,68.2173],[14.50138,68.21773],[14.505,68.21837],[14.50656,68.2184],[14.5067,68.21807]],[[14.75576,68.22188],[14.75848,68.22175]],[[14.7537,68.22189],[14.75576,68.22188]],[[14.72938,68.22474],[14.72572,68.22381],[14.72419,68.22393],[14.72476,68.22458],[14.72709,68.22512],[14.72927,68.22505],[14.72938,68.22474]],[[14.07398,68.22378],[14.0731,68.22312]],[[14.71303,68.2267],[14.71128,68.22659],[14.71114,68.22731],[14.71395,68.22808],[14.71421,68.22728],[14.71303,68.2267]],[[14.63753,68.2336],[14.639,68.23338],[14.63955,68.23271],[14.63836,68.23266],[14.63756,68.23197]],[[14.20814,68.23095],[14.20699,68.23092],[14.20594,68.23214],[14.20819,68.23338],[14.2113,68.23376],[14.21167,68.23339],[14.20939,68.23304],[14.20814,68.23095]],[[14.54444,68.24221],[14.54242,68.2423]],[[14.6649,68.24614],[14.66635,68.24608]],[[14.6274,68.24518],[14.63132,68.24559],[14.63144,68.2446]],[[14.21478,68.23053],[14.21826,68.23384],[14.22455,68.2367],[14.23016,68.23744],[14.2306,68.2372],[14.22936,68.23653],[14.23087,68.23605],[14.24044,68.23639],[14.24291,68.2374],[14.2469,68.23737],[14.24885,68.23798]],[[14.12783,68.2411],[14.12746,68.24084],[14.12572,68.24109]],[[14.28117,68.24183],[14.28104,68.24091],[14.27991,68.24053],[14.27482,68.24077]],[[14.64475,68.24301],[14.64443,68.24214],[14.64566,68.24029]],[[14.67082,68.24306],[14.67179,68.24271],[14.67259,68.24306]],[[14.79145,68.24325],[14.79227,68.24267],[14.79009,68.24219],[14.79015,68.24147],[14.78791,68.24244],[14.78905,68.24325]],[[14.56893,68.24283],[14.56583,68.24204],[14.56264,68.24218],[14.55745,68.24125],[14.55865,68.2428]],[[14.60115,68.24291],[14.59821,68.24228],[14.59215,68.24177],[14.58765,68.24209]],[[14.125,68.24108],[14.12572,68.24109]],[[14.78905,68.24325],[14.79029,68.24366],[14.79145,68.24325]],[[14.66991,68.24306],[14.67082,68.24306]],[[14.64475,68.24301],[14.64587,68.24373],[14.65384,68.24438],[14.65269,68.24302]],[[14.6316,68.24298],[14.63144,68.2446]],[[14.74093,68.26387],[14.74269,68.26351]],[[14.27463,68.24701],[14.27585,68.24735],[14.27601,68.24829],[14.27832,68.24721],[14.2812,68.24684],[14.28568,68.2481],[14.28784,68.24951],[14.28982,68.24848],[14.29241,68.24818],[14.29555,68.24937]],[[14.29555,68.24937],[14.29846,68.24987],[14.30096,68.24941],[14.30952,68.24989]],[[14.13636,68.24547],[14.13753,68.24529],[14.14136,68.24635],[14.14382,68.24646],[14.14896,68.24746],[14.15361,68.25012]],[[14.15518,68.25144],[14.15361,68.25012]],[[14.38037,68.25847],[14.38277,68.25916]],[[14.91647,68.26345],[14.91542,68.26316],[14.91587,68.26265]],[[14.38707,68.26272],[14.38555,68.26204],[14.3856,68.26038],[14.38277,68.25916]],[[14.34016,68.25664],[14.34294,68.25704],[14.34628,68.25696],[14.34783,68.25795],[14.3588,68.26024],[14.36936,68.26161],[14.38676,68.2631]],[[14.02346,68.26407],[14.02094,68.26392],[14.02041,68.26422],[14.02309,68.26614],[14.02508,68.26537],[14.02346,68.26407]],[[13.99852,68.26221],[14.00027,68.26164]],[[14.65704,68.26249],[14.65936,68.2659],[14.65765,68.268],[14.65676,68.26849],[14.65547,68.26831],[14.65361,68.26919],[14.6525,68.26889],[14.64864,68.2689],[14.64835,68.26834],[14.64986,68.26726],[14.65339,68.26672],[14.65378,68.26416]],[[14.27395,68.26818],[14.27398,68.26739]],[[14.03204,68.26542],[14.03499,68.26506],[14.03633,68.26289],[14.03878,68.26223],[14.03868,68.26357],[14.03971,68.26424],[14.04204,68.26491],[14.04329,68.26447],[14.04432,68.26499],[14.04451,68.26638],[14.04771,68.26693],[14.04817,68.26741],[14.0469,68.26816],[14.04105,68.26874],[14.03991,68.26917],[14.03959,68.26967],[14.04106,68.27077]],[[14.63688,68.27485],[14.64516,68.27459],[14.64843,68.27513],[14.65594,68.27479],[14.66031,68.27573]],[[14.66031,68.27573],[14.66219,68.27693]],[[14.27377,68.27385],[14.2751,68.27339],[14.27495,68.27275],[14.27613,68.27268],[14.27624,68.27462],[14.27763,68.27487],[14.28176,68.27294],[14.28081,68.27151],[14.27389,68.27006]],[[14.13891,68.27638],[14.14622,68.27228]],[[14.68786,68.27472],[14.68546,68.27483],[14.68339,68.27698],[14.68368,68.27819],[14.68521,68.27898],[14.68756,68.27879],[14.68972,68.27716],[14.68974,68.27635],[14.68786,68.27472]],[[14.19126,68.26139],[14.18662,68.26237],[14.18425,68.26239],[14.1809,68.26409],[14.17548,68.26558],[14.17045,68.26614],[14.16716,68.2674],[14.1587,68.26825],[14.15885,68.26865],[14.16312,68.26999],[14.16483,68.272],[14.16182,68.27299],[14.15728,68.27662],[14.15433,68.27727],[14.154,68.27873],[14.15253,68.27927]],[[14.03142,68.28011],[14.03225,68.27979],[14.03147,68.27899]],[[14.15227,68.28628],[14.15268,68.28608]],[[14.10351,68.28582],[14.10399,68.28651],[14.10518,68.28583]],[[14.13208,68.28597],[14.13267,68.28665],[14.13323,68.28597]],[[14.12517,68.28593],[14.12455,68.28637],[14.12681,68.28668],[14.12937,68.28645],[14.12973,68.28596]],[[14.69853,68.29065],[14.69618,68.28874],[14.69642,68.28795]],[[14.1508,68.29598],[14.14771,68.29671],[14.14589,68.29608],[14.14486,68.2964],[14.14708,68.29681],[14.14722,68.29798],[14.14945,68.29859],[14.1469,68.30112],[14.15169,68.30186]],[[14.01397,68.30235],[14.01023,68.29983],[14.00567,68.29905],[14.004,68.29836]],[[14.15144,68.3086],[14.15295,68.30788],[14.15377,68.3082],[14.15594,68.30802],[14.15659,68.30742],[14.15364,68.30564],[14.15174,68.30525],[14.15332,68.30341],[14.15169,68.30186]],[[14.13465,68.3053],[14.13843,68.30637],[14.14475,68.30742],[14.14658,68.3085],[14.14974,68.30886],[14.15144,68.3086]],[[14.4162,68.31608],[14.41907,68.31523],[14.42265,68.31278],[14.42521,68.30876],[14.43292,68.30361],[14.4326,68.30196],[14.42645,68.30022],[14.42275,68.30049],[14.41754,68.30187],[14.41567,68.30532]],[[14.40245,68.31615],[14.40333,68.3152],[14.40629,68.31406],[14.4077,68.31231],[14.41182,68.31147],[14.41457,68.30892],[14.41567,68.30532]],[[14.0156,68.31646],[14.01927,68.31374],[14.01987,68.31204],[14.01868,68.31086],[14.01954,68.31022],[14.01818,68.30553],[14.01397,68.30235]],[[14.26502,68.31795],[14.26563,68.31748],[14.26395,68.31602],[14.26285,68.31666],[14.26332,68.31759],[14.26076,68.31742],[14.25873,68.31878],[14.26178,68.31935],[14.26229,68.31852],[14.26502,68.31795]],[[14.65262,68.32111],[14.65699,68.32081]],[[14.09987,68.32012],[14.10419,68.32146],[14.10659,68.32311]],[[14.49873,68.3199],[14.49781,68.31953],[14.49157,68.3209],[14.49161,68.32224],[14.4876,68.32352],[14.48676,68.32436],[14.49041,68.32476],[14.49434,68.32418],[14.49834,68.32209],[14.49873,68.3199]],[[14.23236,68.32465],[14.2309,68.32386],[14.22863,68.3239],[14.22468,68.32311],[14.22207,68.32333],[14.22275,68.32374],[14.22507,68.32338],[14.22599,68.32413],[14.22942,68.3243],[14.23015,68.32575],[14.23222,68.32521],[14.23236,68.32465]],[[14.23732,68.32501],[14.23637,68.3252],[14.23802,68.32598],[14.23765,68.32681],[14.24033,68.32672],[14.23732,68.32501]],[[14.48628,68.32639],[14.48625,68.32463],[14.48315,68.32521],[14.48123,68.32432],[14.48281,68.32202],[14.47887,68.32121],[14.48411,68.31983],[14.48535,68.31908],[14.48501,68.31828],[14.48247,68.31776],[14.47994,68.31797],[14.47798,68.31665],[14.47666,68.31697]],[[14.03653,68.33029],[14.03576,68.33029]],[[14.39279,68.33197],[14.39328,68.33173]],[[15,68.33314],[15.00012,68.33308]],[[14.99633,68.33308],[14.9963,68.33269],[15,68.33238]],[[14.99633,68.33308],[14.99887,68.33358],[15,68.33314]],[[14.25051,68.33139],[14.25564,68.33221],[14.25741,68.33142]],[[14.0865,68.33057],[14.08464,68.33163],[14.08428,68.33338],[14.08209,68.3342]],[[14.16722,68.33542],[14.16823,68.3343],[14.17252,68.33199],[14.17515,68.33163],[14.17626,68.33104]],[[14.46468,68.33989],[14.46707,68.33749],[14.46651,68.3354],[14.46738,68.33445],[14.4701,68.33352],[14.46934,68.33274],[14.46782,68.33253]],[[14.03576,68.33029],[14.03328,68.33088],[14.03374,68.33296],[14.03426,68.33337],[14.0356,68.3333],[14.03864,68.33394],[14.03995,68.33537],[14.03894,68.33675],[14.04053,68.33829],[14.04277,68.3383],[14.04426,68.33769],[14.04429,68.33668],[14.0414,68.3348],[14.04326,68.33259],[14.04239,68.33187],[14.03653,68.33029]],[[14.463,68.34333],[14.46468,68.33989]],[[14.3883,68.34615],[14.38425,68.34662],[14.38398,68.34698],[14.38628,68.34735],[14.38801,68.34684],[14.3883,68.34615]],[[14.1501,68.34451],[14.15323,68.34564],[14.15556,68.3435],[14.16084,68.34132],[14.15958,68.33868],[14.16068,68.33831],[14.16483,68.33824],[14.16917,68.33965],[14.16858,68.34048],[14.16935,68.34094],[14.17166,68.34093],[14.1723,68.34008],[14.16666,68.33693],[14.16722,68.33542]],[[14.4624,68.35009],[14.45965,68.35113]],[[14.47093,68.35636],[14.47394,68.3556],[14.4747,68.35378],[14.47683,68.35366],[14.47889,68.35416],[14.47865,68.35321],[14.48063,68.35277],[14.47947,68.35136],[14.48042,68.35081],[14.4842,68.35145],[14.4855,68.34905],[14.48345,68.34759],[14.48217,68.34733],[14.47757,68.34745],[14.4758,68.34946],[14.47145,68.34965],[14.47224,68.35083]],[[14.3926,68.35725],[14.39262,68.35712]],[[14.39255,68.35741],[14.3926,68.35725]],[[14.39262,68.35712],[14.39342,68.35531],[14.3959,68.35465],[14.39527,68.35404],[14.3927,68.35341]],[[14.93955,68.36147],[14.94084,68.36152]],[[14.39147,68.36175],[14.3873,68.36036],[14.3883,68.36171],[14.39065,68.36228],[14.39147,68.36175]],[[14.44201,68.34955],[14.43801,68.35003],[14.43803,68.3509],[14.4364,68.35105],[14.43525,68.35223],[14.43676,68.35359],[14.43678,68.35465],[14.43532,68.35404],[14.43267,68.35379],[14.43168,68.3529],[14.43227,68.35223],[14.43104,68.35205],[14.42854,68.35287],[14.4294,68.35425],[14.43202,68.35498],[14.43113,68.35577],[14.42803,68.35552],[14.42751,68.3558],[14.43113,68.3563],[14.43223,68.35756],[14.43052,68.35917],[14.42795,68.35939],[14.42832,68.35987],[14.43071,68.3598],[14.43181,68.3604],[14.43485,68.35894],[14.43621,68.35972],[14.43722,68.35779],[14.43819,68.35778]],[[14.39712,68.35667],[14.39551,68.35672],[14.3946,68.35789],[14.39589,68.35853],[14.39621,68.36022],[14.39826,68.3607],[14.39959,68.36002],[14.39955,68.3583],[14.39712,68.35667]],[[14.3927,68.35341],[14.39079,68.35306],[14.38827,68.35321],[14.38431,68.35513],[14.3835,68.35632],[14.38906,68.35881],[14.39248,68.36154]],[[14.39248,68.36154],[14.39473,68.36254],[14.39582,68.36223],[14.39484,68.36027],[14.39254,68.35957]],[[14.44593,68.36287],[14.44292,68.36339],[14.44314,68.36389],[14.44139,68.36489],[14.44188,68.36437]],[[14.43653,68.36663],[14.43499,68.36761]],[[14.77053,68.36864],[14.76835,68.36819]],[[14.99759,68.36761],[15,68.36922]],[[14.46229,68.36555],[14.4662,68.36366],[14.46896,68.3637],[14.47253,68.36283],[14.47449,68.36148],[14.47891,68.36065],[14.4795,68.35988],[14.48353,68.35814],[14.4846,68.35642],[14.4891,68.35441],[14.49447,68.35046],[14.49467,68.34931],[14.49099,68.34784],[14.48807,68.34793],[14.48635,68.34742],[14.48665,68.34666],[14.48893,68.34721],[14.49113,68.34714],[14.48938,68.3455],[14.48584,68.34557],[14.48262,68.34456],[14.48148,68.34358],[14.48326,68.34075],[14.48582,68.33876],[14.4925,68.33541],[14.49907,68.33386],[14.49795,68.33279],[14.49444,68.33231]],[[14.44188,68.36437],[14.44,68.36359],[14.43675,68.36348],[14.42687,68.36397],[14.42525,68.36453],[14.42733,68.36596],[14.42603,68.3667],[14.42735,68.36723],[14.42843,68.36736],[14.42996,68.36691],[14.42985,68.36578],[14.43494,68.36669],[14.43653,68.36663]],[[15.0008,68.36993],[15,68.36922]],[[14.44649,68.59579],[14.44319,68.5958],[14.44189,68.59628],[14.44479,68.5983],[14.44638,68.59826],[14.44689,68.59781],[14.44749,68.59659],[14.44649,68.59579]],[[14.40956,68.3678],[14.41404,68.36813],[14.41254,68.36649],[14.41097,68.36686],[14.40957,68.36646],[14.41025,68.36172],[14.40962,68.36142],[14.4072,68.36182],[14.40107,68.36129],[14.39971,68.36293],[14.4015,68.36415],[14.40308,68.36369],[14.40426,68.36429],[14.40222,68.36493],[14.40251,68.36559],[14.40418,68.36542],[14.40542,68.36587],[14.40567,68.3666],[14.40427,68.36679],[14.40713,68.36851],[14.4092,68.36882],[14.40956,68.3678]],[[14.39238,68.3655],[14.38911,68.36544],[14.38736,68.36639],[14.39079,68.36661],[14.39172,68.36749],[14.39097,68.36802],[14.39229,68.36882]],[[14.39228,68.36931],[14.39229,68.36882]],[[14.39228,68.36931],[14.39032,68.36964],[14.38944,68.36923],[14.38936,68.36792],[14.38623,68.36719],[14.38662,68.3688],[14.38775,68.36902],[14.38897,68.37058],[14.39154,68.37176],[14.39224,68.37075]],[[14.44333,68.37699],[14.44483,68.377]],[[14.39204,68.37819],[14.38873,68.37743],[14.3871,68.37786],[14.38761,68.37865],[14.39199,68.38006]],[[14.41752,68.3769],[14.41487,68.37789],[14.42065,68.37838],[14.42147,68.3773],[14.42331,68.37693]],[[14.54505,68.3818],[14.54568,68.38085],[14.55376,68.37992],[14.55522,68.37919],[14.55817,68.37992],[14.56216,68.37958],[14.56262,68.37735]],[[14.39199,68.38006],[14.39375,68.38015],[14.39468,68.37949],[14.39682,68.3796],[14.39716,68.38002],[14.39546,68.38028],[14.39585,68.38083],[14.39926,68.38209],[14.40135,68.38144],[14.40105,68.3796],[14.39954,68.37807],[14.39771,68.37786],[14.39673,68.3782],[14.39204,68.37819]],[[14.39193,68.38238],[14.38884,68.3824],[14.39091,68.38381],[14.39189,68.38388]],[[14.59,68.38576],[14.59073,68.38655]],[[14.51521,68.40523],[14.51875,68.40601],[14.51966,68.40477]],[[14.87149,68.39454],[14.87834,68.39201]],[[14.57641,68.39854],[14.5784,68.39776],[14.57918,68.39652],[14.5802,68.39635],[14.58207,68.39668],[14.58362,68.39615],[14.58376,68.39548],[14.58248,68.39499],[14.58673,68.39275],[14.58615,68.39076],[14.58896,68.38922],[14.59073,68.38655]],[[14.5617,68.39349],[14.55834,68.39332],[14.5568,68.39468],[14.55883,68.39533],[14.56066,68.39517],[14.56225,68.39398],[14.5617,68.39349]],[[14.40722,68.37687],[14.41291,68.37778],[14.40688,68.37775],[14.40514,68.37706],[14.40406,68.37734],[14.40392,68.37788],[14.40778,68.37918],[14.4061,68.37957],[14.4069,68.38016],[14.40619,68.38103],[14.40387,68.37996],[14.40216,68.3798],[14.40388,68.3825],[14.40721,68.38267],[14.40308,68.38522],[14.40512,68.38681],[14.40936,68.38811],[14.41033,68.38763],[14.40884,68.38674],[14.41014,68.38615],[14.41235,68.38605],[14.41261,68.38474],[14.41405,68.38451],[14.41705,68.3851],[14.41785,68.3858],[14.41619,68.38689],[14.41374,68.38669],[14.4116,68.38722],[14.41198,68.38817],[14.41617,68.38778],[14.41671,68.38836],[14.41594,68.38885],[14.40971,68.38937],[14.40864,68.38996],[14.40633,68.39013],[14.408,68.39133],[14.40977,68.39119],[14.40868,68.39056],[14.40927,68.39026],[14.41165,68.39057],[14.41521,68.39259],[14.41444,68.39308],[14.41566,68.39364],[14.41808,68.39388],[14.42195,68.39281],[14.42326,68.39282],[14.42404,68.3934],[14.42921,68.39293],[14.43297,68.39313],[14.43325,68.3938],[14.42987,68.39442],[14.43002,68.39501],[14.4373,68.39594],[14.43958,68.39589],[14.43883,68.39522],[14.44116,68.39508],[14.44474,68.39574],[14.44944,68.39578],[14.45069,68.39503],[14.45548,68.3939],[14.45744,68.39426],[14.45982,68.39416],[14.46422,68.39577],[14.47007,68.39517],[14.47358,68.3954],[14.47759,68.39358],[14.47896,68.39349],[14.48156,68.39379],[14.48148,68.39508],[14.48439,68.3968],[14.49245,68.39839]],[[14.51966,68.40477],[14.52026,68.4039],[14.5236,68.40389],[14.52752,68.40301],[14.53017,68.39953],[14.53284,68.39769],[14.53255,68.39731],[14.53696,68.3933],[14.53948,68.38949],[14.54061,68.38449],[14.54444,68.38305],[14.54505,68.3818]],[[14.49245,68.39839],[14.49522,68.39874],[14.49707,68.39942],[14.50098,68.40166],[14.50107,68.40247],[14.50509,68.40324],[14.50535,68.40421],[14.50843,68.4049],[14.51307,68.4046]],[[14.51307,68.4046],[14.51521,68.40523]],[[14.68118,68.42177],[14.68264,68.42246]],[[14.68118,68.42177],[14.68511,68.41963],[14.68436,68.41862],[14.68579,68.41756],[14.68387,68.41523],[14.68457,68.41469],[14.68788,68.41378],[14.69671,68.41323],[14.69735,68.41285],[14.69686,68.41246],[14.68972,68.41171],[14.68719,68.41076],[14.67787,68.40888]],[[14.55126,68.42216],[14.5513,68.42295],[14.55274,68.42342],[14.56561,68.42478],[14.57871,68.42695],[14.58067,68.42764],[14.5873,68.42779],[14.59008,68.42863],[14.59656,68.42946],[14.59967,68.43123],[14.60083,68.43272],[14.60386,68.43417],[14.60387,68.4348],[14.60265,68.43521],[14.6073,68.43564],[14.6087,68.43463]],[[14.61231,68.43472],[14.61319,68.43534],[14.61823,68.43569],[14.61789,68.43458],[14.61988,68.43422],[14.63429,68.43618]],[[14.63429,68.43618],[14.64873,68.43712],[14.65071,68.43755],[14.65687,68.4375],[14.65983,68.43708],[14.6679,68.4343],[14.67445,68.43282],[14.6717,68.43184],[14.67165,68.43131],[14.67342,68.43085],[14.67872,68.43064],[14.68035,68.42899],[14.67995,68.42801]],[[14.79191,68.43803],[14.78989,68.43784],[14.7902,68.43881],[14.79235,68.43919],[14.79328,68.43826],[14.79191,68.43803]],[[15,68.44224],[15.00116,68.44171]],[[14.67084,68.50252],[14.67001,68.50227],[14.66758,68.50267],[14.66956,68.50377],[14.67069,68.50353],[14.67084,68.50252]],[[14.70312,68.50367],[14.70097,68.50384],[14.70305,68.50452],[14.70664,68.5046],[14.70646,68.50397],[14.70312,68.50367]],[[14.66493,68.51264],[14.66124,68.51325],[14.66193,68.51413],[14.66329,68.51467],[14.66917,68.51475],[14.66493,68.51264]],[[14.67652,68.52892],[14.67694,68.52802],[14.67519,68.5279],[14.67519,68.52747],[14.67877,68.5265],[14.68084,68.52505],[14.68879,68.52475],[14.69072,68.52596],[14.69403,68.52635],[14.69338,68.52473],[14.69703,68.52432],[14.69894,68.52309],[14.70016,68.52346],[14.7025,68.52249],[14.70305,68.52162]],[[14.658,68.54077],[14.6596,68.54016],[14.66329,68.54043],[14.66778,68.53858],[14.66864,68.53631],[14.67083,68.53508],[14.67065,68.53464],[14.66825,68.53401],[14.66854,68.53328],[14.673,68.53246],[14.67694,68.531],[14.67652,68.52892]],[[14.658,68.54077],[14.65437,68.54127]],[[15,68.5415],[14.99958,68.54318]],[[14.99958,68.54318],[15,68.54411]],[[14.59435,68.54063],[14.5935,68.54043],[14.59125,68.54084],[14.59547,68.54205],[14.59602,68.54172],[14.59435,68.54063]],[[14.99844,68.55208],[15,68.55082]],[[14.63242,68.55139],[14.63568,68.55076],[14.6378,68.54985],[14.63898,68.54905],[14.63894,68.54799],[14.64089,68.54677],[14.64015,68.54643],[14.63472,68.54641],[14.63273,68.54539],[14.64108,68.54533],[14.64602,68.54388],[14.64479,68.54309],[14.64482,68.54185],[14.65437,68.54127]],[[14.61177,68.55685],[14.61154,68.55641],[14.61266,68.55612],[14.61704,68.55654],[14.61649,68.55445],[14.61315,68.55212],[14.61178,68.55178],[14.61229,68.55088],[14.62007,68.55158],[14.62399,68.55241],[14.62908,68.55211],[14.63242,68.55139]],[[15.00005,68.5573],[15,68.55726]],[[14.48325,68.59827],[14.4824,68.59838],[14.4832,68.59976],[14.48642,68.59995],[14.48325,68.59827]],[[14.69935,68.58319],[14.70349,68.58008]],[[14.83784,68.56882],[14.84336,68.56756]],[[14.61177,68.55685],[14.61098,68.55804],[14.6134,68.55974],[14.61196,68.56088],[14.61206,68.56229],[14.61438,68.56259],[14.61888,68.56415],[14.61799,68.56443],[14.61314,68.56377],[14.61191,68.56433],[14.61914,68.56673],[14.62209,68.56831],[14.62665,68.56863],[14.62585,68.56895],[14.62165,68.56878],[14.62086,68.56957],[14.62239,68.5695],[14.62733,68.57044],[14.62873,68.57091],[14.62896,68.5718],[14.63208,68.57235]],[[14.63208,68.57235],[14.63223,68.57319],[14.63445,68.57366],[14.63414,68.57504],[14.63607,68.57587],[14.63561,68.57648],[14.64192,68.57571],[14.64531,68.57713],[14.64831,68.57692]],[[14.777,68.57847],[14.78045,68.57853],[14.78055,68.57764]],[[14.64831,68.57692],[14.64971,68.57685],[14.65109,68.57725],[14.65071,68.57805],[14.65233,68.57888],[14.65138,68.5796],[14.65272,68.58014],[14.65752,68.58082],[14.66061,68.58073],[14.66225,68.58151]],[[14.87729,68.58614],[14.87701,68.58617]],[[14.66225,68.58151],[14.66572,68.58507],[14.66887,68.58495],[14.67241,68.58678],[14.68128,68.58769],[14.68758,68.58739],[14.69418,68.58774],[14.69654,68.58819],[14.69887,68.58581],[14.69935,68.58319]],[[14.41266,68.58862],[14.41051,68.58864],[14.41168,68.5895],[14.4148,68.59018],[14.4151,68.58982],[14.41266,68.58862]],[[14.41119,68.59854],[14.40715,68.59866],[14.40696,68.59903],[14.41138,68.59931],[14.41119,68.59854]],[[14.41781,68.59422],[14.4165,68.5928],[14.41573,68.59301],[14.4167,68.59383],[14.41559,68.59359],[14.41403,68.59419],[14.41247,68.594],[14.41385,68.5947],[14.41694,68.59473],[14.41781,68.59422]],[[14.41719,68.59721],[14.41695,68.59637],[14.41502,68.59596],[14.40948,68.59665],[14.41036,68.59716],[14.41399,68.59722],[14.41559,68.5976],[14.41719,68.59721]],[[14.45671,68.59641],[14.45464,68.5963],[14.45386,68.59678],[14.45417,68.59769],[14.45551,68.5982],[14.4569,68.59757],[14.45671,68.59641]],[[14.50014,68.6014],[14.50004,68.60059],[14.49778,68.6006],[14.49478,68.59917],[14.49294,68.59907],[14.49256,68.59956],[14.49105,68.59983],[14.48773,68.59887],[14.48722,68.59951],[14.48878,68.60015],[14.48777,68.60136]],[[14.52894,68.60148],[14.52708,68.60071],[14.5262,68.60086],[14.52663,68.60148]],[[14.32586,68.60079],[14.32982,68.60115],[14.33086,68.60081]],[[14.48777,68.60136],[14.48697,68.60206],[14.48519,68.60181],[14.48471,68.60204],[14.48934,68.60388]],[[14.50014,68.6014],[14.50433,68.60383],[14.50874,68.60445]],[[14.52509,68.60592],[14.52238,68.60296],[14.52663,68.60148]],[[14.522,68.608],[14.52153,68.60627],[14.52278,68.60599],[14.52474,68.60663],[14.52509,68.60592]],[[14.50874,68.60445],[14.51268,68.6045],[14.51513,68.60559],[14.51618,68.60677],[14.51918,68.60785],[14.522,68.608]],[[14.44785,68.61754],[14.4434,68.61828]],[[14.63074,68.64448],[14.63091,68.64373]],[[14.46438,68.60341],[14.46235,68.60332],[14.46319,68.60519],[14.46246,68.60543],[14.45974,68.60405],[14.45921,68.60286],[14.45787,68.60262],[14.45646,68.603],[14.45672,68.60404],[14.459,68.60527],[14.45789,68.60613],[14.45968,68.60872],[14.45892,68.61006],[14.46288,68.61054],[14.4637,68.61292]],[[14.52982,68.72945],[14.53946,68.73107],[14.54271,68.7297],[14.5438,68.72821]],[[14.49019,68.60912],[14.48926,68.60935]],[[14.54957,68.61173],[14.54701,68.60936],[14.54543,68.60888],[14.54219,68.60925],[14.54171,68.61007],[14.54051,68.60979],[14.53757,68.60728],[14.53284,68.60567],[14.52894,68.60148]],[[14.43194,68.60927],[14.42954,68.60931],[14.43108,68.61082],[14.43533,68.61158],[14.43782,68.61152],[14.43784,68.61094],[14.43194,68.60927]],[[14.42442,68.60957],[14.42202,68.60978],[14.42381,68.61096],[14.42625,68.61181],[14.42828,68.61192],[14.4277,68.611],[14.42442,68.60957]],[[14.54957,68.61173],[14.55166,68.61323]],[[14.87716,68.60985],[14.86986,68.61242],[14.86758,68.61412]],[[14.46438,68.60341],[14.46793,68.60402],[14.47064,68.60811],[14.47481,68.60946],[14.48066,68.61363],[14.48255,68.61374],[14.48342,68.6128],[14.48258,68.61193],[14.48281,68.60911],[14.48926,68.60935]],[[14.4637,68.61292],[14.46257,68.61367],[14.46159,68.61366]],[[14.41943,68.61212],[14.41841,68.61215],[14.41824,68.61274],[14.42001,68.61377],[14.42169,68.61407],[14.42238,68.61367],[14.41943,68.61212]],[[14.58125,68.61564],[14.58068,68.61478],[14.57918,68.61509],[14.57787,68.61409],[14.57471,68.61366],[14.57374,68.61449],[14.57476,68.61521],[14.57905,68.61518],[14.57964,68.61575],[14.58125,68.61564]],[[14.56642,68.61387],[14.56416,68.61399],[14.56408,68.61576],[14.566,68.6163],[14.5682,68.61545],[14.56642,68.61387]],[[14.46159,68.61366],[14.45547,68.61192],[14.45505,68.61259],[14.45251,68.61269],[14.44574,68.60743],[14.44416,68.60722],[14.44247,68.608],[14.44481,68.60977],[14.44249,68.60946],[14.44096,68.60783],[14.43965,68.60822],[14.4401,68.60899],[14.43866,68.60895],[14.43792,68.60672],[14.43388,68.60494],[14.42935,68.60483],[14.42928,68.60526],[14.43129,68.60583],[14.42998,68.60606],[14.42996,68.6065],[14.43179,68.60693],[14.43467,68.60893],[14.43757,68.60976],[14.43972,68.60972],[14.44106,68.6111],[14.44341,68.61201],[14.44538,68.61214],[14.44432,68.61334],[14.44615,68.6142],[14.44472,68.6146],[14.44476,68.61503],[14.44269,68.61517],[14.44242,68.6145],[14.43996,68.61458],[14.44785,68.61754]],[[14.44345,68.62041],[14.4437,68.62065]],[[14.40386,68.61415],[14.40214,68.61292],[14.39757,68.61333],[14.39475,68.61408],[14.39334,68.61519],[14.3958,68.617],[14.40292,68.61767],[14.40749,68.61924],[14.40853,68.61864],[14.40799,68.61746],[14.40386,68.61415]],[[14.62515,68.62256],[14.62341,68.62282],[14.62289,68.62349],[14.62336,68.62457],[14.62445,68.62479],[14.62621,68.62424],[14.62471,68.62327],[14.62515,68.62256]],[[14.34502,68.62434],[14.34459,68.62296],[14.3454,68.62221],[14.34125,68.6205],[14.34307,68.61822],[14.34251,68.61598],[14.33906,68.61469],[14.33762,68.60989],[14.33565,68.608],[14.32476,68.60569],[14.31854,68.60548],[14.3181,68.60583],[14.31966,68.60648],[14.31861,68.60738],[14.316,68.60734],[14.31672,68.60865],[14.32037,68.61099],[14.32658,68.61314],[14.32723,68.61416],[14.32647,68.61453],[14.32254,68.61397],[14.32196,68.61415],[14.32582,68.61627],[14.32071,68.61527],[14.32073,68.61596],[14.32403,68.61728],[14.3266,68.61724],[14.32759,68.61668],[14.3293,68.61723],[14.32967,68.61792],[14.32829,68.6182],[14.32828,68.61858],[14.33784,68.6201],[14.33615,68.62095],[14.3327,68.62127],[14.33216,68.62191],[14.33527,68.62248],[14.34053,68.62253],[14.33936,68.62392],[14.34068,68.62433],[14.34271,68.624],[14.34437,68.62544],[14.34636,68.62478],[14.34502,68.62434]],[[14.63053,68.63237],[14.63109,68.6326]],[[14.63069,68.65725],[14.63423,68.65794],[14.6354,68.65758],[14.63293,68.65661],[14.6307,68.65641]],[[14.33327,68.62775],[14.33926,68.62646],[14.33538,68.62527],[14.33157,68.62514],[14.33118,68.62555],[14.33443,68.62628],[14.33109,68.62632],[14.32967,68.62695],[14.33138,68.62765],[14.33327,68.62775]],[[14.63202,68.63595],[14.63104,68.63592]],[[14.6335,68.63577],[14.63202,68.63595]],[[14.66304,68.63261],[14.6608,68.63263],[14.66378,68.63405],[14.66482,68.63401],[14.66304,68.63261]],[[14.63105,68.63496],[14.63215,68.63355],[14.63109,68.6326]],[[14.63105,68.63496],[14.62987,68.63522],[14.63104,68.63592]],[[14.63097,68.64022],[14.62992,68.6405],[14.63096,68.64072]],[[14.63074,68.64448],[14.6309,68.64456]],[[14.63096,68.64072],[14.63332,68.64092],[14.63407,68.64223],[14.63487,68.6423],[14.63575,68.64178],[14.63509,68.64125],[14.63576,68.63926],[14.63362,68.63936],[14.63097,68.64022]],[[14.4224,68.64599],[14.42224,68.64458],[14.42494,68.64394],[14.43149,68.64114],[14.43353,68.63875],[14.43215,68.63782],[14.42758,68.63799],[14.42721,68.63679],[14.43029,68.63598],[14.4358,68.63616],[14.43982,68.63497],[14.44405,68.63143],[14.44333,68.62974],[14.4411,68.62809],[14.43484,68.62625],[14.43173,68.62463],[14.42413,68.62315],[14.42411,68.62179],[14.42271,68.62082],[14.42566,68.62092],[14.42704,68.62011],[14.42514,68.6191],[14.42467,68.6181],[14.42639,68.61823],[14.42905,68.61944],[14.43022,68.62164]],[[14.63116,68.64658],[14.63087,68.64602]],[[14.64399,68.64661],[14.64331,68.64508]],[[14.63082,68.64894],[14.63168,68.64756],[14.63116,68.64658]],[[14.65875,68.64726],[14.65798,68.64715],[14.6565,68.64772],[14.65672,68.64905],[14.65794,68.64925],[14.65914,68.64859],[14.65875,68.64726]],[[14.67797,68.64815],[14.67708,68.64825],[14.67642,68.64925],[14.67928,68.64974],[14.68007,68.64906],[14.67797,68.64815]],[[14.63082,68.64894],[14.63081,68.64996]],[[14.63081,68.64996],[14.63344,68.65041],[14.63716,68.6499],[14.64209,68.65025],[14.64363,68.64907],[14.64399,68.64661]],[[14.61512,68.6517],[14.61527,68.65161]],[[14.63074,68.65397],[14.63144,68.65364],[14.63075,68.65332]],[[14.66017,68.64984],[14.65769,68.64974],[14.65728,68.65078],[14.66186,68.65099],[14.66222,68.65026],[14.66017,68.64984]],[[14.6216,68.64656],[14.62699,68.648],[14.62602,68.64931],[14.62785,68.64999],[14.62672,68.65191],[14.62461,68.6522],[14.62429,68.65103],[14.61874,68.65088],[14.61803,68.65025],[14.61527,68.65161]],[[14.63077,68.65215],[14.63001,68.65269],[14.63075,68.65332]],[[14.61248,68.65858],[14.6131,68.65844]],[[14.61512,68.6517],[14.6152,68.65256],[14.61356,68.65393],[14.61928,68.65323],[14.62072,68.65364],[14.61264,68.65665],[14.60891,68.65641],[14.6089,68.65673],[14.61105,68.65708],[14.61069,68.65782],[14.61248,68.65858]],[[14.69067,68.65877],[14.68993,68.65831],[14.69084,68.65805],[14.69221,68.65867],[14.69328,68.65843],[14.6934,68.657],[14.69015,68.65669],[14.68811,68.65597],[14.68657,68.65497],[14.6871,68.6543],[14.68376,68.65182],[14.68339,68.65246],[14.68472,68.65285],[14.6846,68.65384],[14.68311,68.65417],[14.68319,68.65461],[14.68701,68.6562],[14.68383,68.65679],[14.68249,68.65796],[14.68519,68.65877],[14.68664,68.65875],[14.68753,68.65992],[14.68939,68.66068],[14.69067,68.65877]],[[14.6306,68.66229],[14.63061,68.66217]],[[15,68.67437],[15.01374,68.67531]],[[14.64956,68.65841],[14.64917,68.65813],[14.6471,68.65837],[14.64618,68.65749],[14.64475,68.65727],[14.64567,68.6583],[14.64569,68.6609],[14.64828,68.65991],[14.64956,68.65841]],[[14.4224,68.64599],[14.42354,68.64712],[14.42721,68.64661],[14.43013,68.64682],[14.43208,68.64895],[14.43466,68.65012],[14.43726,68.65058],[14.43927,68.65255],[14.43841,68.65377],[14.43476,68.6556],[14.4307,68.65554],[14.42475,68.65423],[14.42295,68.65449],[14.42328,68.6553],[14.43214,68.65624],[14.43336,68.6566],[14.43412,68.65762],[14.44107,68.6585],[14.44118,68.65944],[14.44545,68.65957],[14.44831,68.66039]],[[14.44831,68.66039],[14.45465,68.66133],[14.45546,68.66211],[14.45436,68.66329],[14.45719,68.66419],[14.46534,68.66441]],[[14.46534,68.66441],[14.46639,68.66501],[14.46456,68.66558],[14.4624,68.66819],[14.46106,68.66849],[14.46027,68.66762],[14.45873,68.66833],[14.46551,68.67099]],[[14.38737,68.69072],[14.38358,68.68965]],[[14.37882,68.67563],[14.37532,68.67571],[14.37602,68.67661],[14.37927,68.67663],[14.37974,68.676],[14.37882,68.67563]],[[14.38383,68.68049],[14.3852,68.6803],[14.38386,68.67944]],[[14.38386,68.67944],[14.37982,68.67969],[14.38121,68.68032],[14.38383,68.68049]],[[14.40554,68.68238],[14.40614,68.68135],[14.40295,68.68112],[14.40238,68.68065],[14.40466,68.67925],[14.40782,68.67928],[14.40976,68.68036],[14.41215,68.68049],[14.41307,68.68002],[14.41585,68.68009],[14.41812,68.67896],[14.42206,68.67814],[14.42211,68.67775],[14.41858,68.67593],[14.41229,68.67598],[14.40727,68.67517],[14.40213,68.6753],[14.39692,68.67488],[14.39353,68.67406],[14.3931,68.67354],[14.38865,68.67287],[14.38878,68.67233],[14.39668,68.67129],[14.39274,68.66842],[14.39327,68.66324],[14.39498,68.66282],[14.40253,68.66324],[14.41389,68.6662],[14.41688,68.66527],[14.41698,68.66352],[14.4184,68.66369],[14.41885,68.66505]],[[14.69062,68.70041],[14.68973,68.70592],[14.69073,68.70953]],[[14.43457,68.67143],[14.44081,68.67246],[14.44155,68.67295],[14.43957,68.67357],[14.44109,68.67476],[14.44018,68.67613],[14.44395,68.6774],[14.44164,68.67738],[14.44013,68.67845],[14.4418,68.67886],[14.44567,68.67824],[14.44864,68.67819],[14.45026,68.67867],[14.45318,68.67978],[14.45341,68.68207],[14.45799,68.68316],[14.45983,68.68527]],[[14.45983,68.68527],[14.46284,68.68677]],[[14.7132,68.69158],[14.71213,68.69008],[14.71213,68.68633]],[[14.43905,68.69657],[14.44038,68.69641],[14.44293,68.6974],[14.44698,68.69726],[14.46243,68.69496],[14.46493,68.69577],[14.46665,68.69548],[14.46741,68.69582]],[[14.70498,68.69614],[14.70554,68.69427],[14.70415,68.69309],[14.70185,68.69247],[14.69948,68.69266],[14.69835,68.69347],[14.69812,68.69508],[14.69416,68.69447],[14.69223,68.69458],[14.69154,68.69374],[14.68883,68.69396],[14.68715,68.69608],[14.68722,68.6973],[14.69062,68.70041]],[[14.4276,68.70097],[14.42425,68.70075],[14.42336,68.70128],[14.42558,68.7017],[14.42611,68.70283],[14.42707,68.70283],[14.42865,68.70204],[14.4276,68.70097]],[[14.92184,68.70552],[14.92188,68.70437],[14.92718,68.70292]],[[14.92243,68.70565],[14.92184,68.70552]],[[14.68428,68.70867],[14.68158,68.70843],[14.68239,68.71008],[14.6851,68.70982],[14.68428,68.70867]],[[14.67996,68.69152],[14.67853,68.69257],[14.67688,68.69281],[14.67296,68.6925],[14.67172,68.69312],[14.67393,68.69513],[14.67386,68.69567],[14.67205,68.69578],[14.67221,68.69626],[14.67499,68.69802],[14.67675,68.69849],[14.67589,68.7002],[14.67796,68.70381],[14.67433,68.7046],[14.67532,68.70551],[14.67756,68.70581],[14.67498,68.71138],[14.67787,68.71167],[14.68006,68.71093],[14.68382,68.71132],[14.68545,68.71329],[14.68643,68.71345],[14.68746,68.71191],[14.68951,68.71203],[14.69118,68.71151],[14.69073,68.70953]],[[14.44709,68.72138],[14.45363,68.72174],[14.45881,68.72273]],[[14.46741,68.69582],[14.46773,68.69755],[14.46694,68.69813],[14.46268,68.69866],[14.45911,68.69816],[14.45872,68.69923],[14.45036,68.69987],[14.44626,68.70089],[14.44372,68.70201],[14.43676,68.70181],[14.43613,68.70229],[14.43818,68.70243],[14.43789,68.70298],[14.43048,68.70426],[14.42831,68.70606],[14.42862,68.70938],[14.4239,68.71169],[14.42367,68.71231],[14.42609,68.71241],[14.42666,68.71387],[14.42965,68.71479],[14.4308,68.71607],[14.44024,68.71909],[14.44149,68.72008],[14.44024,68.72064],[14.44048,68.72141],[14.44709,68.72138]],[[14.62474,68.73005],[14.62828,68.7306]],[[14.60347,68.72792],[14.60316,68.72549],[14.60569,68.72507],[14.60696,68.72537],[14.60902,68.72716],[14.61622,68.72713],[14.61898,68.72901],[14.62474,68.73005]],[[14.506,68.72919],[14.5091,68.73003],[14.51209,68.73014],[14.51513,68.73126],[14.51736,68.73076],[14.51882,68.72986],[14.52123,68.73095],[14.52336,68.73029],[14.52437,68.7291],[14.52334,68.72752],[14.52485,68.72626],[14.5262,68.72574],[14.5284,68.72659]],[[14.60347,68.72792],[14.60425,68.72878],[14.60836,68.7303],[14.61202,68.7305],[14.61789,68.73176],[14.61845,68.73336]],[[14.51056,68.73142],[14.50859,68.73112],[14.5065,68.73238],[14.50801,68.73369],[14.51118,68.73219],[14.51056,68.73142]],[[14.5438,68.72821],[14.54559,68.72364],[14.54737,68.72486],[14.5473,68.72665],[14.54895,68.72806],[14.54721,68.72954],[14.54784,68.73037],[14.54357,68.73149],[14.54261,68.73276],[14.54774,68.73416]],[[14.45881,68.72273],[14.46163,68.72509],[14.46413,68.72582],[14.46884,68.72637],[14.47005,68.72747],[14.4754,68.72883],[14.47621,68.7294],[14.4756,68.72979],[14.47807,68.73045],[14.47665,68.73092],[14.47738,68.73219],[14.4821,68.73399],[14.48291,68.73389],[14.48403,68.73243],[14.48104,68.7306],[14.48422,68.72986],[14.4858,68.72976],[14.48898,68.73059],[14.4905,68.7314],[14.49017,68.73181],[14.49129,68.73194],[14.49403,68.7316],[14.4945,68.73038],[14.49541,68.73014],[14.49748,68.73065],[14.49785,68.73122],[14.50189,68.73124],[14.50421,68.72932],[14.506,68.72919]],[[14.89757,68.73659],[14.89905,68.73646]],[[14.60416,68.73621],[14.60506,68.73552]],[[14.60838,68.73622],[14.60506,68.73552]],[[14.45481,68.73579],[14.45192,68.73487],[14.44966,68.73466],[14.44661,68.73576]],[[14.55282,68.73608],[14.55175,68.73585],[14.55148,68.73518],[14.54774,68.73416]],[[14.64186,68.73629],[14.63689,68.73358],[14.63425,68.73375],[14.62946,68.73143]],[[14.89181,68.73663],[14.88959,68.73631],[14.88859,68.73663]],[[14.89757,68.73659],[14.89699,68.73664]],[[14.90136,68.73664],[14.89905,68.73646]],[[14.89181,68.73663],[14.89699,68.73664]],[[14.5833,68.73616],[14.58341,68.7371]],[[14.60838,68.73622],[14.61051,68.73679],[14.61651,68.73714],[14.61877,68.73681],[14.61974,68.73624]],[[14.55282,68.73608],[14.55936,68.73704],[14.56638,68.73638],[14.56883,68.7367],[14.56986,68.73612]],[[14.44661,68.73576],[14.44763,68.73663],[14.4526,68.73779],[14.45474,68.73729],[14.45579,68.73639],[14.45481,68.73579]],[[14.58341,68.7371],[14.58301,68.73833],[14.58028,68.73857],[14.57687,68.74041]],[[14.64563,68.74158],[14.64186,68.73629]],[[14.51621,68.73971],[14.51133,68.73828],[14.50742,68.73918],[14.50757,68.74033],[14.50869,68.74089],[14.51059,68.73958],[14.51237,68.73956],[14.51189,68.74053],[14.51321,68.74114],[14.51741,68.74021],[14.51738,68.73986],[14.51621,68.73971]],[[14.5497,68.73901],[14.5564,68.73965],[14.5581,68.74025],[14.56053,68.73977],[14.56368,68.73997],[14.57051,68.74173],[14.57432,68.74139],[14.57687,68.74041]],[[14.6293,68.74102],[14.62019,68.74094],[14.61543,68.74185]],[[14.5497,68.73901],[14.54259,68.73809],[14.53816,68.73856],[14.52723,68.73872],[14.52912,68.74024],[14.53483,68.74187]],[[14.6293,68.74102],[14.6399,68.74125],[14.64358,68.74222],[14.64573,68.74222],[14.64563,68.74158]],[[14.52739,68.74525],[14.52828,68.74457],[14.5263,68.74321],[14.52681,68.74237],[14.53021,68.74148],[14.53258,68.74214],[14.53283,68.74319],[14.53621,68.7434],[14.53871,68.74307],[14.5381,68.74248],[14.53582,68.74279],[14.53446,68.7425],[14.53483,68.74187]],[[14.58354,68.74548],[14.5847,68.74476]],[[14.5847,68.74476],[14.58616,68.74441],[14.59302,68.7457],[14.59526,68.74564],[14.5979,68.74493],[14.6,68.74323],[14.60029,68.74111],[14.60285,68.73892],[14.60416,68.73621]],[[14.50556,68.74864],[14.51789,68.74879],[14.52451,68.74804],[14.52633,68.74709],[14.52417,68.74712],[14.52366,68.74662],[14.52713,68.74679],[14.52739,68.74525]],[[14.61543,68.74185],[14.60804,68.74232],[14.60703,68.7427],[14.60779,68.7437],[14.60469,68.74558],[14.60583,68.74613],[14.6059,68.74749],[14.60763,68.74936]],[[14.58542,68.74986],[14.58259,68.74743],[14.58392,68.7466],[14.58354,68.74548]],[[14.60763,68.74936],[14.60861,68.75098],[14.60088,68.75203],[14.59979,68.75247],[14.60216,68.75412],[14.60153,68.75574],[14.60275,68.75819]],[[14.61568,68.7604],[14.61498,68.76071]],[[14.43187,68.75819],[14.4341,68.75811],[14.44214,68.75643],[14.4403,68.75593],[14.43727,68.75662],[14.43642,68.756],[14.43218,68.75609],[14.42992,68.7568],[14.43053,68.75806],[14.43187,68.75819]],[[15,68.76535],[14.99639,68.76533]],[[14.61498,68.76071],[14.61225,68.76243],[14.61261,68.76324],[14.61687,68.76429],[14.62019,68.76098],[14.62366,68.76013],[14.62126,68.76004],[14.61802,68.75901],[14.61568,68.7604]],[[14.43145,68.764],[14.4295,68.76382],[14.42521,68.76457],[14.4239,68.7656],[14.42947,68.76574],[14.43158,68.765],[14.43145,68.764]],[[14.43416,68.78057],[14.44103,68.77903],[14.4367,68.77695],[14.43174,68.778],[14.43234,68.77884],[14.43166,68.77921],[14.43078,68.77877],[14.42981,68.77894],[14.4302,68.78055]],[[14.4302,68.78055],[14.43096,68.78083],[14.43416,68.78057]],[[14.62359,68.78109],[14.61939,68.78022],[14.61949,68.77925],[14.61785,68.77749],[14.61951,68.77476],[14.61707,68.77309],[14.6161,68.77067],[14.61417,68.77061],[14.61275,68.76927],[14.6134,68.76862],[14.61463,68.76826],[14.61583,68.76839],[14.61704,68.76766],[14.6171,68.76472],[14.61299,68.76415],[14.61106,68.76437],[14.61083,68.76493],[14.60966,68.76501],[14.60437,68.76264],[14.60176,68.76205],[14.60302,68.7611],[14.60099,68.75925],[14.60275,68.75819]],[[14.65166,68.78115],[14.65424,68.78036],[14.65555,68.78058]],[[14.65756,68.78117],[14.65555,68.78058]],[[14.62862,68.78219],[14.63214,68.78173],[14.64805,68.78228],[14.65166,68.78115]],[[14.62359,68.78109],[14.62638,68.78236],[14.62862,68.78219]],[[14.45235,68.78063],[14.4599,68.78247],[14.4621,68.78066]],[[14.47282,68.78069],[14.47396,68.78145],[14.4758,68.78171],[14.48049,68.78105],[14.48627,68.78123],[14.49428,68.78285],[14.50479,68.78371]],[[14.65756,68.78117],[14.65711,68.78231],[14.65299,68.78241],[14.65145,68.78277],[14.64946,68.78538]],[[14.62833,68.79915],[14.6345,68.79853],[14.63536,68.79802],[14.63224,68.79528],[14.63384,68.79485],[14.63451,68.79372],[14.63359,68.79307],[14.63094,68.79243],[14.62947,68.79045],[14.63154,68.78965],[14.63203,68.78841],[14.63752,68.78716],[14.63938,68.78718],[14.63654,68.78513],[14.6395,68.78489],[14.6417,68.78599],[14.64329,68.78607],[14.64617,68.785],[14.64946,68.78538]],[[14.62811,68.81251],[14.62812,68.81175]],[[14.88388,68.81112],[14.88253,68.81107],[14.88316,68.81249],[14.88386,68.81317],[14.88495,68.81329],[14.88565,68.81284],[14.88388,68.81112]],[[14.62833,68.79915],[14.62482,68.79947],[14.62377,68.79995],[14.62464,68.80043],[14.62621,68.80053],[14.62656,68.80129],[14.62379,68.8019],[14.62361,68.80248],[14.62771,68.80423],[14.62641,68.80557],[14.62289,68.80597],[14.62512,68.80733],[14.62455,68.80789],[14.62192,68.80783],[14.62303,68.80926],[14.6269,68.81061],[14.62812,68.81175]],[[14.62799,68.81984],[14.62803,68.81707]],[[14.62799,68.81984],[14.62693,68.82129],[14.62795,68.82176]],[[14.62811,68.81251],[14.62696,68.81539],[14.62803,68.81707]],[[14.50479,68.78371],[14.50877,68.78458],[14.50889,68.78538],[14.51198,68.78597],[14.51325,68.78669],[14.512,68.78817],[14.51433,68.7896],[14.51461,68.79181],[14.5198,68.79255],[14.52751,68.79522],[14.53036,68.79909],[14.53691,68.8019],[14.53685,68.80268],[14.53489,68.80363],[14.53888,68.80404],[14.54298,68.80502],[14.54836,68.8069],[14.55003,68.80826],[14.54944,68.80873],[14.54606,68.80899],[14.54894,68.81029],[14.54745,68.81109],[14.54368,68.81169],[14.53231,68.81174],[14.53127,68.8121],[14.53358,68.81318],[14.54094,68.81461],[14.5406,68.81524],[14.54444,68.81695],[14.54576,68.81656],[14.549,68.81666],[14.55315,68.81603],[14.55503,68.81707],[14.55604,68.81599],[14.55451,68.81403],[14.5576,68.81236],[14.5592,68.81191],[14.56422,68.81223],[14.5699,68.81204],[14.5737,68.81122],[14.57375,68.81037],[14.57053,68.80989],[14.56779,68.80874],[14.5682,68.80727],[14.56949,68.80662],[14.57156,68.8064],[14.57326,68.80717],[14.5758,68.80713],[14.57643,68.80569],[14.58041,68.80585],[14.58265,68.80457],[14.58383,68.80207],[14.58656,68.80097],[14.58976,68.79657],[14.58936,68.79594],[14.58624,68.79485],[14.58684,68.79411],[14.58858,68.79357],[14.58801,68.78875],[14.59044,68.78801],[14.59128,68.78621],[14.58956,68.78102]],[[14.5539,68.81784],[14.54569,68.81759],[14.54832,68.81816],[14.54918,68.81912],[14.55031,68.81936],[14.5555,68.81846],[14.5539,68.81784]],[[14.54479,68.81924],[14.54176,68.81905],[14.54031,68.81931],[14.5416,68.81993],[14.5411,68.8205],[14.5461,68.8211],[14.5485,68.81995],[14.54479,68.81924]],[[14.63053,68.82385],[14.62846,68.82301],[14.62795,68.82176]],[[14.63083,68.82445],[14.63053,68.82385]],[[14.63096,68.82595],[14.63083,68.82445]],[[14.69289,68.82608],[14.69277,68.82606]],[[14.61068,68.82591],[14.61335,68.82478],[14.61329,68.8242],[14.61203,68.82349],[14.60952,68.82304],[14.609,68.82198],[14.6073,68.8217],[14.60552,68.82224],[14.60577,68.82332],[14.60296,68.82381],[14.60705,68.8248],[14.60709,68.8259]],[[14.75288,68.82617],[14.75193,68.82574]],[[14.69072,68.82682],[14.68949,68.82607]],[[14.75188,68.82975],[14.75104,68.83007],[14.75187,68.83115]],[[14.60709,68.8259],[14.60848,68.82661],[14.61068,68.82591]],[[14.55883,68.82947],[14.55741,68.82904],[14.55539,68.82978],[14.55743,68.83063],[14.55919,68.8299],[14.55883,68.82947]],[[14.71936,68.83574],[14.71864,68.83548],[14.71306,68.83557],[14.71448,68.83648],[14.71788,68.83642],[14.71936,68.83574]],[[14.72444,68.84394],[14.7235,68.84366],[14.72047,68.84381],[14.71997,68.84428],[14.72155,68.84481],[14.72432,68.84427],[14.72444,68.84394]],[[14.56746,68.83122],[14.56958,68.83081],[14.57301,68.83156],[14.57416,68.83105],[14.5677,68.82639],[14.56514,68.82746],[14.56222,68.82707],[14.56038,68.82728],[14.55953,68.82783],[14.56128,68.82964],[14.56079,68.83029],[14.56204,68.83214],[14.5648,68.83252],[14.5665,68.83228],[14.56746,68.83122]],[[15,68.84509],[15.00044,68.84497]],[[15,68.84509],[14.99862,68.84582],[15,68.84604]],[[14.68443,68.88562],[14.68192,68.88566],[14.68096,68.88673],[14.68281,68.88775],[14.68494,68.8882],[14.68785,68.88734],[14.68443,68.88562]],[[14.80632,68.91593],[14.80252,68.91418],[14.80085,68.91451],[14.80253,68.91592]],[[14.96862,68.92722],[14.96881,68.92692]],[[14.92943,68.93316],[14.92717,68.9332],[14.92888,68.93454],[14.93075,68.93464],[14.93039,68.93342],[14.92943,68.93316]],[[14.87534,68.93607],[14.87534,68.93664]],[[14.87735,68.57388],[14.87872,68.57295],[14.88257,68.57243]],[[15,68.99414],[14.99912,68.99542],[15,68.99656]],[[15,68.99656],[15.00239,68.99687]],[[15.00102,68.99392],[15,68.99414]],[[14.71177,68.21686],[14.70971,68.21679],[14.7092,68.21724],[14.71003,68.21794],[14.71533,68.21872],[14.71531,68.21758],[14.71177,68.21686]],[[14.82836,68.23137],[14.83021,68.23126]],[[14.77808,68.24397],[14.77529,68.2442],[14.77502,68.2451],[14.77797,68.24605],[14.7801,68.24538],[14.77808,68.24397]],[[14.81069,68.23336],[14.81218,68.23251],[14.81636,68.23324],[14.81874,68.23322],[14.82064,68.23202],[14.82292,68.23142],[14.82043,68.23109],[14.81979,68.2304],[14.82836,68.23137]],[[14.71255,68.16446],[14.71808,68.16462],[14.71921,68.16402],[14.71682,68.16307],[14.71368,68.16252],[14.71032,68.16105],[14.70824,68.16102],[14.70314,68.15873],[14.70053,68.15862],[14.70392,68.16324],[14.70767,68.16536],[14.71143,68.16524],[14.71255,68.16446]],[[14.72279,68.16895],[14.72226,68.1684],[14.71705,68.16666],[14.71441,68.16638],[14.71167,68.167],[14.70834,68.16862],[14.70994,68.16902],[14.71192,68.16892],[14.71436,68.16985],[14.71687,68.17011],[14.72028,68.16996],[14.72279,68.16895]],[[14.75782,68.18389],[14.75497,68.18343],[14.75276,68.18457],[14.757,68.18515],[14.75842,68.18424],[14.75782,68.18389]],[[14.72483,68.18341],[14.72838,68.18326],[14.72979,68.18246],[14.72908,68.18149],[14.73025,68.1804],[14.73303,68.17988],[14.7335,68.17934],[14.72265,68.17911],[14.72022,68.18107],[14.72307,68.18155],[14.71862,68.18235],[14.71923,68.18283],[14.71819,68.18329],[14.71843,68.18461],[14.72244,68.18539],[14.72455,68.18508],[14.72566,68.18471],[14.72483,68.18341]],[[14.75494,68.18566],[14.75377,68.18525],[14.74832,68.18538],[14.74822,68.18472],[14.75108,68.18362],[14.75045,68.18289],[14.74875,68.18275],[14.7451,68.18292],[14.74106,68.18369],[14.74201,68.18472],[14.73936,68.18443],[14.73906,68.18355],[14.73688,68.1836],[14.73529,68.18456],[14.73189,68.18554],[14.73274,68.18595],[14.7442,68.18628],[14.747,68.18674],[14.75494,68.18566]],[[14.75883,68.188],[14.76012,68.18724],[14.75991,68.18651],[14.75885,68.18628]],[[14.75885,68.18628],[14.75311,68.18665],[14.75039,68.18719],[14.75106,68.18826],[14.75339,68.1892],[14.7563,68.18909],[14.75883,68.188]],[[14.72336,68.18959],[14.72458,68.18823],[14.72637,68.18762],[14.72617,68.18696],[14.72125,68.18661],[14.72246,68.18741],[14.72154,68.18774],[14.71846,68.18703],[14.71494,68.18677],[14.71175,68.18779],[14.712,68.18845],[14.71558,68.18865],[14.71474,68.18924],[14.71515,68.18976],[14.72085,68.18949],[14.72164,68.19009],[14.72336,68.18959]],[[14.72023,68.19103],[14.71531,68.19157],[14.71458,68.19202],[14.71563,68.19262],[14.71934,68.19257],[14.71842,68.19203],[14.72023,68.19103]],[[14.71857,68.19342],[14.71311,68.19305],[14.71253,68.19356],[14.71699,68.19422],[14.7191,68.19404],[14.71857,68.19342]],[[14.78205,68.19814],[14.78487,68.19681],[14.78204,68.19357],[14.77897,68.19249],[14.77162,68.19156],[14.7588,68.19132]],[[14.71265,68.19829],[14.71152,68.19711],[14.71365,68.19647],[14.71561,68.19651],[14.71451,68.19585],[14.715,68.19558],[14.72333,68.19647],[14.72433,68.19742],[14.72618,68.19748],[14.72921,68.19641],[14.73022,68.19426],[14.73509,68.19247],[14.74257,68.19181],[14.74706,68.19046],[14.75089,68.19043],[14.75393,68.19123],[14.7588,68.19132]],[[14.78132,68.1984],[14.78205,68.19814]],[[14.71265,68.19829],[14.7198,68.2008],[14.71996,68.20278],[14.72892,68.20564],[14.73172,68.2071],[14.73472,68.21156],[14.73183,68.21307],[14.73228,68.21396],[14.73483,68.21469]],[[14.73483,68.21469],[14.73496,68.21479]],[[14.89256,68.2413],[14.89147,68.24133],[14.89098,68.24219],[14.89145,68.24313],[14.89287,68.2432],[14.89376,68.24197],[14.89256,68.2413]],[[14.80325,68.21862],[14.80465,68.21942],[14.80614,68.21875],[14.80782,68.21861],[14.80812,68.21802],[14.80614,68.21784],[14.8064,68.21707],[14.80865,68.21669],[14.8137,68.21717],[14.82728,68.21687],[14.82942,68.21608],[14.82695,68.21442],[14.82936,68.21308],[14.8327,68.21222],[14.83295,68.21166],[14.83027,68.2104],[14.83072,68.20973],[14.82519,68.20981],[14.82765,68.20813],[14.82705,68.20739],[14.82268,68.20756],[14.8164,68.20656],[14.81895,68.20611],[14.81941,68.20535],[14.81773,68.20539],[14.81612,68.20485],[14.81896,68.20468],[14.81896,68.20399],[14.81618,68.20342],[14.81395,68.20407],[14.81188,68.20328],[14.80713,68.20332],[14.80572,68.20392],[14.80727,68.20419],[14.80894,68.20391],[14.80909,68.20453],[14.80844,68.20533],[14.80625,68.20538],[14.80642,68.20594],[14.81026,68.20807],[14.81573,68.20964],[14.81676,68.21035],[14.81501,68.21087],[14.81083,68.21105],[14.81114,68.21306],[14.80686,68.21351],[14.80766,68.21495],[14.80645,68.21593],[14.80554,68.21597],[14.80598,68.21437],[14.80399,68.21351],[14.79998,68.21336],[14.79859,68.21279],[14.79868,68.21191],[14.79758,68.21098],[14.79537,68.21033],[14.78699,68.20282],[14.7868,68.19876],[14.78601,68.19841],[14.78319,68.19866]],[[14.72442,68.21783],[14.72135,68.21782],[14.72056,68.21823],[14.72171,68.21966],[14.72412,68.21974],[14.72525,68.21931],[14.72561,68.21859],[14.72442,68.21783]],[[14.70409,68.21647],[14.70234,68.21644],[14.70181,68.21689],[14.70321,68.2184],[14.71094,68.21993],[14.71367,68.21995],[14.71195,68.21918],[14.70794,68.21839],[14.70409,68.21647]],[[14.77013,68.22045],[14.77997,68.22006],[14.78141,68.21859],[14.78263,68.21826],[14.78659,68.21851],[14.78984,68.2203],[14.79884,68.22008],[14.80126,68.21927],[14.80173,68.21781],[14.80278,68.21796],[14.80325,68.21862]],[[14.75848,68.22175],[14.76641,68.22059],[14.77013,68.22045]],[[14.73496,68.21479],[14.73432,68.21621],[14.73656,68.21929],[14.74063,68.21985],[14.74059,68.22075],[14.74939,68.22183],[14.7537,68.22189]],[[14.86175,68.22748],[14.8637,68.22699],[14.86323,68.22636]],[[14.72869,68.22756],[14.73322,68.22731],[14.72967,68.22644],[14.72702,68.22623],[14.72688,68.22674],[14.72869,68.22756]],[[14.77914,68.24707],[14.77778,68.24732],[14.7773,68.24816],[14.77787,68.24897],[14.77954,68.24936],[14.78077,68.2491],[14.78112,68.24776],[14.77914,68.24707]],[[14.86175,68.22748],[14.85727,68.2249],[14.85528,68.22528],[14.8556,68.2267],[14.85459,68.22676],[14.85376,68.22627],[14.85189,68.22653],[14.85412,68.2294],[14.8577,68.2311],[14.85865,68.23236],[14.85604,68.23394],[14.85255,68.23424],[14.8495,68.23505]],[[14.84689,68.23528],[14.84692,68.2334],[14.84881,68.23191],[14.84879,68.23117],[14.84743,68.23069],[14.84072,68.23056],[14.84013,68.22971],[14.84092,68.22886],[14.8379,68.22715],[14.83412,68.22676],[14.8325,68.22736],[14.8326,68.22826],[14.83541,68.22941],[14.8357,68.23041],[14.83497,68.23061],[14.83319,68.22984],[14.82715,68.22885],[14.82899,68.22806],[14.82667,68.22631],[14.82251,68.22615],[14.81726,68.2265],[14.81708,68.22708],[14.8191,68.22799],[14.82507,68.2285],[14.82301,68.22931],[14.82372,68.22997],[14.83021,68.23126]],[[14.84689,68.23528],[14.84759,68.2356],[14.8495,68.23505]],[[14.79511,68.23669],[14.80086,68.23682],[14.80661,68.23589],[14.80795,68.2349],[14.80542,68.23435],[14.80619,68.23255],[14.80363,68.23213],[14.80333,68.2314],[14.8016,68.23095],[14.80085,68.23149],[14.79809,68.23101],[14.79755,68.23021],[14.79644,68.23001],[14.79172,68.23016],[14.79185,68.23135],[14.79885,68.23478],[14.79818,68.23504],[14.79281,68.23302],[14.78929,68.23073],[14.78344,68.23121],[14.78257,68.23192],[14.78433,68.23258],[14.78358,68.23361],[14.78633,68.2359],[14.78367,68.23565],[14.78139,68.23394],[14.77913,68.23346],[14.77789,68.23477],[14.7785,68.23603],[14.77992,68.23675],[14.78328,68.23676],[14.78599,68.23738],[14.79511,68.23669]],[[14.89972,68.24336],[14.89873,68.24282],[14.8955,68.24335]],[[14.87914,68.23982],[14.87263,68.23662],[14.87049,68.23405],[14.87055,68.23337],[14.87759,68.2309],[14.87764,68.23028],[14.87357,68.22928],[14.86933,68.22571],[14.86954,68.22498],[14.86451,68.22346],[14.86181,68.22369],[14.86126,68.2246],[14.86323,68.22636]],[[14.78793,68.24141],[14.79018,68.24106],[14.78994,68.24056],[14.78644,68.23933],[14.78508,68.24056],[14.78684,68.24167],[14.78793,68.24141]],[[14.79946,68.24326],[14.79809,68.24293],[14.79922,68.24162],[14.79653,68.24029],[14.79688,68.23847],[14.79997,68.23764],[14.8049,68.23824],[14.81247,68.23668],[14.81224,68.23592],[14.81025,68.23545],[14.81069,68.23336]],[[14.88002,68.24334],[14.88047,68.24113],[14.87914,68.23982]],[[14.7884,68.278],[14.78661,68.27723],[14.77681,68.27581],[14.76689,68.27493],[14.7643,68.27406],[14.76346,68.27214],[14.75796,68.27045]],[[14.90104,68.24895],[14.89861,68.2478],[14.89738,68.24515],[14.89631,68.2447],[14.89473,68.24487],[14.89447,68.24395],[14.8955,68.24335]],[[14.77308,68.24655],[14.7713,68.24667],[14.77061,68.24805],[14.7717,68.24903],[14.77383,68.2494],[14.77476,68.24927],[14.77517,68.24831],[14.77308,68.24655]],[[14.88658,68.25091],[14.88446,68.25056],[14.88419,68.25004],[14.88541,68.24975],[14.88656,68.24799],[14.8898,68.24742],[14.88987,68.24477],[14.88652,68.2436],[14.88591,68.24726],[14.88157,68.24563],[14.88002,68.24334]],[[14.78618,68.25069],[14.78258,68.25045],[14.78186,68.2499],[14.78082,68.25122],[14.78538,68.25184],[14.78618,68.25069]],[[14.88658,68.25091],[14.88926,68.25146],[14.89054,68.25309],[14.89226,68.2535],[14.89262,68.25277],[14.89007,68.25095],[14.89095,68.24835],[14.89214,68.24816],[14.89416,68.24926],[14.89827,68.2496],[14.90252,68.25068],[14.90104,68.24895]],[[14.72885,68.25285],[14.72662,68.25271],[14.72627,68.25377],[14.72885,68.25444],[14.72972,68.25416],[14.72885,68.25285]],[[14.98598,68.25404],[14.98498,68.25419],[14.98532,68.25517],[14.98905,68.25569],[14.9916,68.25529],[14.98598,68.25404]],[[14.7289,68.25497],[14.72725,68.25468],[14.72647,68.255],[14.72709,68.25663],[14.72907,68.25654],[14.7289,68.25497]],[[14.72197,68.25538],[14.71989,68.25519],[14.7206,68.25589],[14.72006,68.2565],[14.72224,68.25699],[14.72197,68.25538]],[[14.99853,68.25705],[14.99517,68.25683],[14.99355,68.25738],[14.99727,68.25804],[14.99853,68.25705]],[[14.99708,68.26017],[14.99231,68.25988],[14.99598,68.26097],[14.99886,68.26115],[14.99708,68.26017]],[[14.73235,68.25897],[14.73476,68.25938],[14.73382,68.25675],[14.73221,68.25625],[14.72996,68.25723],[14.73159,68.25851],[14.73003,68.25854],[14.72805,68.26004],[14.72875,68.26118],[14.73239,68.26223],[14.73372,68.26175],[14.73396,68.2605],[14.73235,68.25897]],[[14.7787,68.25991],[14.77596,68.25993],[14.77539,68.26059],[14.77893,68.26232],[14.78119,68.26181],[14.7787,68.25991]],[[14.91587,68.26265],[14.9187,68.26092],[14.92663,68.26088],[14.92756,68.26059],[14.92748,68.25989],[14.92559,68.25914],[14.92352,68.25711],[14.91925,68.25676],[14.92168,68.25563],[14.92245,68.25424],[14.92078,68.25247],[14.91833,68.25147],[14.91781,68.25091],[14.91866,68.25024],[14.91773,68.24965],[14.91281,68.24833],[14.91088,68.24737],[14.90759,68.24738],[14.90613,68.2481],[14.90486,68.24781],[14.9045,68.24588],[14.89972,68.24336]],[[14.75021,68.26175],[14.75083,68.2609],[14.74737,68.25901],[14.74463,68.25901],[14.74167,68.25816],[14.73859,68.25791],[14.73711,68.25839],[14.73686,68.25952],[14.73977,68.26212],[14.73638,68.26161],[14.73535,68.26216],[14.73583,68.26309],[14.73863,68.26377]],[[14.73136,68.26408],[14.73215,68.26411],[14.73417,68.26305],[14.73626,68.26439],[14.73863,68.26377]],[[14.99628,68.26385],[14.99474,68.2635],[14.99396,68.26381],[14.99583,68.26568],[14.99885,68.26559],[14.99628,68.26385]],[[14.74269,68.26351],[14.74844,68.26461],[14.74702,68.26542],[14.7471,68.2661],[14.75027,68.26572],[14.75129,68.26522],[14.75356,68.26526],[14.7521,68.26385],[14.75078,68.26348],[14.75077,68.26239],[14.74835,68.26217],[14.74918,68.26155],[14.75021,68.26175]],[[15,68.26654],[14.99772,68.26639],[14.9961,68.26733],[15,68.2692]],[[15.00451,68.26734],[15,68.26654]],[[14.79502,68.26611],[14.79089,68.26618],[14.79096,68.26712],[14.79432,68.26903],[14.80011,68.27033],[14.80039,68.26958],[14.79502,68.26611]],[[15.00578,68.27123],[15,68.2692]],[[15,68.27108],[15.0047,68.2717]],[[14.81869,68.27201],[14.8176,68.27406],[14.82122,68.27572]],[[15,68.38225],[14.99511,68.38299],[14.9944,68.38424],[15,68.3837]],[[14.79946,68.24326],[14.80077,68.24404],[14.80071,68.24483],[14.79904,68.24641],[14.79851,68.24941],[14.79589,68.25315],[14.8004,68.25489],[14.79895,68.25784],[14.79985,68.25909],[14.80348,68.26038],[14.81034,68.26385],[14.81869,68.27201]],[[14.74093,68.26387],[14.74416,68.26494],[14.74072,68.26546],[14.74059,68.26576],[14.74545,68.26571],[14.74647,68.26655],[14.74479,68.26822],[14.74751,68.26822],[14.74795,68.26855],[14.74755,68.2693],[14.74566,68.26953],[14.74637,68.27025],[14.75203,68.27209],[14.75516,68.27039],[14.75796,68.27045]],[[15,68.27108],[14.99311,68.27092],[14.98937,68.27038],[14.98914,68.27083],[14.99066,68.27169],[14.98465,68.27286]],[[14.93579,68.27647],[14.93153,68.27796],[14.93336,68.27865],[14.93671,68.27804],[14.93579,68.27647]],[[14.94118,68.27672],[14.94026,68.27672],[14.93979,68.27719],[14.94029,68.2787],[14.94181,68.27812],[14.94118,68.27672]],[[14.92692,68.27547],[14.93249,68.27524],[14.93727,68.27367],[14.935,68.27293],[14.93489,68.27016],[14.9335,68.26973],[14.93262,68.26866],[14.93272,68.26698],[14.92954,68.26415],[14.92439,68.2635],[14.91918,68.2621],[14.91647,68.26345]],[[14.73136,68.26408],[14.73006,68.26236],[14.7283,68.26261],[14.72752,68.26357],[14.72667,68.26355],[14.72725,68.26135],[14.72605,68.25955],[14.7249,68.25841],[14.72251,68.25783],[14.72253,68.26125],[14.72357,68.26142],[14.72458,68.26108],[14.72568,68.26162],[14.72378,68.26249],[14.72455,68.26331],[14.72139,68.26513],[14.7213,68.26713],[14.72005,68.2682],[14.72115,68.26962],[14.72525,68.27114],[14.72285,68.27179],[14.72259,68.27329],[14.72086,68.2733],[14.72065,68.27367],[14.72286,68.27454],[14.72719,68.27529]],[[14.81773,68.28813],[14.81307,68.28566],[14.80566,68.28409],[14.80266,68.28448],[14.80076,68.2834]],[[14.93955,68.36147],[14.93344,68.3617],[14.9306,68.36278],[14.92778,68.36325]],[[14.84634,68.28816],[14.84015,68.28506],[14.83977,68.2838],[14.8325,68.28092],[14.82743,68.27804],[14.82122,68.27572]],[[14.80076,68.2834],[14.80061,68.28218],[14.79845,68.28146],[14.79731,68.28028],[14.79261,68.27865],[14.79128,68.27735],[14.79006,68.27741],[14.79019,68.27821],[14.7884,68.278]],[[14.73147,68.28801],[14.72821,68.28399],[14.72422,68.28135],[14.72525,68.28014],[14.72356,68.2798],[14.7165,68.27963],[14.71471,68.27782],[14.71487,68.27718],[14.71581,68.277],[14.71944,68.27841],[14.72458,68.2779],[14.72634,68.27664],[14.72881,68.27649],[14.72719,68.27529]],[[14.96366,68.28823],[14.96062,68.28475],[14.95617,68.28331],[14.95399,68.28177],[14.95114,68.28189],[14.95026,68.28132],[14.94796,68.28146],[14.94398,68.27987],[14.94175,68.2795],[14.93989,68.28014],[14.93865,68.28145],[14.93614,68.2818],[14.93423,68.28094],[14.93304,68.27955],[14.92879,68.27997],[14.9282,68.27926],[14.9292,68.27816],[14.92783,68.27813],[14.92763,68.27883],[14.92632,68.27895],[14.92468,68.27681],[14.92109,68.27676],[14.91973,68.27775],[14.91773,68.27814],[14.90832,68.2783],[14.90602,68.27744],[14.90339,68.27719],[14.89963,68.2778],[14.89703,68.27769],[14.89008,68.27851],[14.8829,68.2786],[14.88091,68.27798],[14.8824,68.27737],[14.88882,68.27659],[14.89743,68.27695],[14.90196,68.27672],[14.90459,68.27512],[14.907,68.2744],[14.91135,68.27545],[14.91474,68.27552],[14.91703,68.275],[14.91907,68.27563],[14.92692,68.27547]],[[14.99518,68.28823],[14.99431,68.28718],[14.99115,68.28578],[14.99147,68.2837],[14.99053,68.28216],[14.98392,68.2789],[14.98243,68.27608],[14.98058,68.27491],[14.98058,68.27374],[14.98465,68.27286]],[[14.84634,68.28816],[14.84796,68.28916],[14.85026,68.28972]],[[14.99518,68.28823],[15,68.2912]],[[14.85026,68.28972],[14.85701,68.29207],[14.86248,68.29277],[14.8651,68.29412],[14.86855,68.29493]],[[14.99213,68.29667],[14.99003,68.29645],[14.98939,68.29681],[14.99102,68.29795],[14.99246,68.29741],[14.99213,68.29667]],[[14.86855,68.29493],[14.87042,68.29573],[14.87124,68.29736],[14.87048,68.29802],[14.87264,68.29944]],[[15,68.29927],[14.99747,68.29975],[14.99748,68.29881],[14.99158,68.29814],[14.99709,68.29983],[14.99502,68.30073],[14.99365,68.3004],[14.99313,68.29968],[14.99184,68.30033],[14.99518,68.30136],[15,68.30165]],[[15,68.30165],[15.00504,68.30098]],[[15.00407,68.30032],[15,68.29927]],[[14.87264,68.29944],[14.87459,68.29998],[14.87433,68.3007],[14.87682,68.30194],[14.87881,68.30217]],[[14.9952,68.30248],[14.99194,68.30218],[14.99042,68.30337],[14.99354,68.30335],[14.9952,68.30248]],[[15,68.30446],[15.00687,68.30451]],[[15.00261,68.29312],[15,68.2912]],[[14.81773,68.28813],[14.81937,68.29086],[14.81919,68.29223],[14.8227,68.29446],[14.82346,68.29607],[14.82565,68.29601],[14.8264,68.29468],[14.83198,68.2951],[14.83406,68.29567],[14.83442,68.29655],[14.8384,68.29747],[14.83869,68.29811],[14.84083,68.29874],[14.84414,68.29934],[14.85047,68.29922],[14.85149,68.29843],[14.84915,68.29662],[14.8492,68.29558],[14.84356,68.29309],[14.84489,68.29291],[14.84658,68.29321],[14.84943,68.29415],[14.8523,68.29602],[14.85427,68.2993],[14.85335,68.30092],[14.85446,68.30177],[14.85841,68.30302],[14.86603,68.30436],[14.86988,68.30595],[14.87308,68.3066],[14.87611,68.30808],[14.87877,68.31051]],[[14.87881,68.30217],[14.88037,68.30207],[14.88208,68.30122],[14.88524,68.30279],[14.88594,68.30462],[14.89054,68.30643],[14.89426,68.30658],[14.8989,68.30538],[14.90017,68.30542],[14.90144,68.30591],[14.90041,68.30667],[14.90102,68.3076],[14.90976,68.30961],[14.91788,68.31076],[14.9263,68.31063],[14.92957,68.30853],[14.936,68.30825],[14.94155,68.30613],[14.94226,68.30516],[14.94068,68.30453],[14.93957,68.30473],[14.93979,68.30613],[14.93794,68.30684],[14.93255,68.30622],[14.93305,68.30479],[14.93477,68.30567],[14.93688,68.30459],[14.93601,68.30325],[14.93774,68.30319],[14.93847,68.30359],[14.93987,68.3033],[14.94104,68.30373],[14.9446,68.30326],[14.94655,68.30031],[14.94997,68.29976],[14.95255,68.29817],[14.95566,68.29787],[14.95867,68.29692],[14.96085,68.2951],[14.96001,68.29238],[14.96336,68.28999],[14.96366,68.28823]],[[14.87877,68.31141],[14.8797,68.31094],[14.87877,68.31051]],[[14.87877,68.31141],[14.87791,68.31198],[14.87876,68.31279]],[[15,68.30446],[14.99678,68.30476],[14.99391,68.30385],[14.99051,68.3041],[14.98843,68.30614],[14.98918,68.30693],[14.98835,68.30775],[14.99019,68.30855],[14.98939,68.30961],[14.98847,68.3097],[14.98687,68.30894],[14.98385,68.30953],[14.98197,68.30944],[14.97901,68.31116],[14.98131,68.3141],[14.98139,68.31569],[14.98387,68.31621],[14.98532,68.31605],[14.98574,68.31508],[14.9845,68.31419],[14.98633,68.31391],[14.99243,68.31748],[15,68.31911]],[[15,68.32012],[15.00136,68.31972]],[[15.00136,68.31972],[15,68.31911]],[[14.73147,68.28801],[14.73325,68.29298],[14.73175,68.29365],[14.7315,68.29564],[14.73004,68.29633],[14.73018,68.29715],[14.73837,68.30203],[14.73957,68.30428],[14.74304,68.30634],[14.74463,68.30844],[14.74353,68.3087],[14.74025,68.30821],[14.74022,68.30883],[14.74407,68.31061],[14.74724,68.31122],[14.75038,68.3131],[14.74895,68.31376],[14.74753,68.31386],[14.74616,68.3121],[14.7427,68.31131],[14.74105,68.3123],[14.73867,68.31289],[14.74101,68.31335],[14.74222,68.31446],[14.74572,68.31537],[14.74574,68.316],[14.74381,68.31683],[14.74747,68.31744],[14.75035,68.31887],[14.75743,68.32088]],[[15,68.32012],[14.99854,68.31973],[14.99651,68.31987],[14.99892,68.32149],[14.999,68.32252],[15,68.32277]],[[14.8312,68.38292],[14.83736,68.38449]],[[14.76683,68.32922],[14.78188,68.331],[14.78267,68.33083],[14.791,68.33219],[14.79377,68.33216],[14.7984,68.3312],[14.8001,68.32955],[14.79917,68.32905],[14.79264,68.32856],[14.7876,68.32617],[14.77823,68.32547],[14.77562,68.32425],[14.7682,68.32222],[14.75968,68.32204],[14.75743,68.32088]],[[14.76683,68.32922],[14.75916,68.32849],[14.75967,68.32985],[14.75838,68.33067],[14.76018,68.33124],[14.76062,68.3319]],[[15.00239,68.32251],[15,68.32277]],[[14.75929,68.3329],[14.76062,68.3319]],[[14.94275,68.33307],[14.94208,68.33248],[14.93803,68.33208],[14.9364,68.33154],[14.93515,68.3307],[14.93701,68.3297],[14.9348,68.32891],[14.93202,68.32919],[14.92615,68.32813],[14.90869,68.32713],[14.90899,68.32645],[14.91064,68.32617],[14.91937,68.32627],[14.9216,68.32535],[14.92134,68.32436],[14.91991,68.32396],[14.91639,68.32412],[14.91421,68.32245],[14.91199,68.32168],[14.90026,68.32001],[14.89791,68.31894],[14.89568,68.3188],[14.8932,68.31663],[14.88875,68.31588],[14.88862,68.31444],[14.88445,68.31511],[14.87876,68.31279]],[[15.00099,68.33253],[15,68.33238]],[[15,68.33808],[14.99611,68.3378],[14.99699,68.33867],[14.99193,68.33918],[14.99187,68.34068],[14.994,68.34191]],[[15.00118,68.33999],[15,68.33808]],[[14.75471,68.33479],[14.75003,68.33584],[14.74662,68.33566],[14.74451,68.33622],[14.74374,68.33877],[14.74536,68.33928],[14.74632,68.34047],[14.74597,68.34336]],[[14.994,68.34191],[14.99495,68.34241],[14.99416,68.34302],[14.99593,68.34395],[15,68.34467]],[[15,68.34467],[15.00189,68.34508]],[[14.74225,68.35284],[14.74489,68.35109],[14.7438,68.34893],[14.74597,68.34336]],[[14.71432,68.33283],[14.71753,68.33621],[14.71495,68.33773],[14.71472,68.33896],[14.71724,68.3408],[14.71523,68.34279],[14.71615,68.3438],[14.71865,68.34417],[14.71947,68.34625],[14.71881,68.34802],[14.71552,68.35082],[14.71148,68.35206],[14.71182,68.35361],[14.71287,68.35417],[14.71182,68.3548],[14.70939,68.35515]],[[14.71676,68.35771],[14.7179,68.35759],[14.71829,68.35684],[14.72524,68.35677],[14.73158,68.35579],[14.74225,68.35284]],[[14.70939,68.35515],[14.70924,68.35694],[14.71304,68.35783],[14.71676,68.35771]],[[14.79436,68.37779],[14.77973,68.37257],[14.78005,68.37171],[14.78169,68.37105],[14.78021,68.3701],[14.77564,68.36871],[14.77053,68.36864]],[[14.98158,68.36361],[14.97071,68.36324],[14.96883,68.36347],[14.96622,68.36297],[14.95668,68.3633],[14.94084,68.36152]],[[14.98158,68.36361],[14.99001,68.36329],[14.99054,68.36276],[14.98632,68.36007],[14.98085,68.35878],[14.98093,68.35793],[14.97699,68.35281],[14.97253,68.35098],[14.97326,68.34876],[14.97001,68.34665],[14.9699,68.34569],[14.97134,68.34419],[14.96699,68.34161],[14.96631,68.34057],[14.96427,68.34048],[14.96389,68.34114],[14.9597,68.34175],[14.95748,68.34126],[14.95409,68.33883],[14.95356,68.33734],[14.94399,68.3342],[14.94275,68.33307]],[[14.93665,68.36504],[14.92865,68.36459],[14.92701,68.36358],[14.92778,68.36325]],[[14.93665,68.36504],[14.94411,68.36538],[14.94822,68.3648],[14.95376,68.3649],[14.96173,68.36444],[14.97677,68.36457],[14.98358,68.365]],[[14.98358,68.365],[14.99319,68.36567],[14.99419,68.36669],[14.99759,68.36761]],[[15,68.38225],[15.00322,68.38124]],[[14.81469,68.37782],[14.81902,68.38062],[14.82157,68.38153],[14.82654,68.38264],[14.82736,68.38222],[14.82942,68.38211],[14.8312,68.38292]],[[15,68.3837],[15.00359,68.38361]],[[14.81469,68.37782],[14.80668,68.37641],[14.8039,68.3766],[14.80186,68.37623],[14.79752,68.37377],[14.79377,68.37273],[14.7932,68.37169],[14.79105,68.37088],[14.78215,68.36948],[14.77436,68.36728],[14.77115,68.36562],[14.76814,68.36505],[14.76592,68.36582],[14.7667,68.36619],[14.76605,68.36696],[14.76835,68.36819]],[[14.80536,68.38391],[14.80584,68.38126],[14.79436,68.37779]],[[14.81471,68.38649],[14.81128,68.38603],[14.81117,68.3856],[14.81247,68.38522],[14.81187,68.38456],[14.80807,68.3846],[14.80536,68.38391]],[[14.87834,68.39201],[14.88574,68.38961]],[[14.71974,68.38951],[14.72048,68.39082],[14.71759,68.39341]],[[14.83736,68.38449],[14.84438,68.38843],[14.84884,68.39004],[14.85099,68.39173],[14.85813,68.39324],[14.86175,68.39549],[14.86585,68.39576],[14.86771,68.39656],[14.87149,68.39454]],[[14.87823,68.41098],[14.87824,68.41017]],[[14.87094,68.41052],[14.8691,68.41059],[14.86851,68.4113],[14.86882,68.41179],[14.8704,68.41207],[14.87214,68.41177],[14.87094,68.41052]],[[14.87826,68.40574],[14.88667,68.40167],[14.88843,68.40001],[14.89636,68.39566],[14.89531,68.39459],[14.89873,68.39345],[14.8962,68.39069],[14.89439,68.39012],[14.89178,68.38993],[14.88897,68.38885],[14.88574,68.38961]],[[14.71974,68.38951],[14.71744,68.38845],[14.71382,68.3879],[14.71287,68.387],[14.71083,68.38646],[14.70678,68.38726],[14.70223,68.38745],[14.69826,68.38856],[14.68556,68.39735],[14.68161,68.39762],[14.67988,68.39817],[14.67541,68.40375],[14.67545,68.40506],[14.67747,68.40648],[14.67787,68.40888]],[[14.87826,68.40574],[14.87537,68.40777],[14.87636,68.40938],[14.87824,68.41017]],[[14.83689,68.43853],[14.83572,68.43763],[14.83099,68.43665],[14.82293,68.43787],[14.82519,68.4391],[14.82794,68.43952],[14.82823,68.44115],[14.82912,68.4417],[14.83073,68.44178],[14.83468,68.44143],[14.83664,68.44018],[14.83689,68.43853]],[[15,68.44224],[15,68.44272]],[[14.70523,68.41773],[14.70613,68.41606],[14.7053,68.41537],[14.70523,68.41188],[14.70683,68.40819],[14.70247,68.40564],[14.70283,68.40504],[14.7049,68.40473],[14.70371,68.40233],[14.70678,68.39979],[14.71759,68.39341]],[[14.87823,68.41098],[14.87531,68.41218],[14.86886,68.41365],[14.8673,68.41493],[14.87134,68.41591],[14.86979,68.41685],[14.8667,68.41704],[14.86621,68.41738],[14.87044,68.41872],[14.87319,68.4202],[14.87698,68.42045],[14.87818,68.4209]],[[14.85657,68.4227],[14.85333,68.42122],[14.84788,68.41973],[14.84386,68.42014],[14.84293,68.42053],[14.84349,68.42269]],[[14.87854,68.42272],[14.87818,68.4209]],[[14.83522,68.42268],[14.83409,68.4203],[14.83627,68.41811],[14.83894,68.41724],[14.84233,68.41721],[14.84356,68.41671],[14.84702,68.41643],[14.8477,68.41565],[14.84461,68.41258],[14.84523,68.41095],[14.84344,68.40932],[14.84358,68.4076],[14.84226,68.40601],[14.84061,68.40478],[14.83249,68.40203],[14.82927,68.40032],[14.82993,68.39716],[14.83294,68.39456],[14.83155,68.39308],[14.83275,68.39272],[14.83475,68.39421],[14.83655,68.39418],[14.8374,68.39355],[14.837,68.3922],[14.83611,68.39173],[14.83452,68.39176],[14.83013,68.38943],[14.82254,68.38704],[14.81942,68.38643],[14.81471,68.38649]],[[14.86425,68.42698],[14.86299,68.4263],[14.86396,68.42506],[14.85657,68.4227]],[[14.84916,68.43149],[14.84569,68.42957],[14.84239,68.42979],[14.84294,68.43169],[14.84417,68.43171],[14.84592,68.43103],[14.84706,68.43111],[14.84827,68.43205],[14.84916,68.43149]],[[14.84349,68.42269],[14.84267,68.42414],[14.84744,68.42454],[14.85724,68.42865],[14.85602,68.42921],[14.85043,68.43002],[14.84981,68.43196],[14.85047,68.43254]],[[14.85047,68.43254],[14.8613,68.4324],[14.86588,68.43304],[14.87153,68.43219],[14.87153,68.4314],[14.87303,68.43073],[14.87207,68.42986],[14.86967,68.42933],[14.86425,68.42698]],[[14.75152,68.43477],[14.7562,68.43546]],[[14.98347,68.44509],[14.9821,68.44496],[14.98075,68.44543],[14.98013,68.44604],[14.98084,68.44662],[14.98189,68.4467],[14.98347,68.44509]],[[14.7562,68.43546],[14.75843,68.43533],[14.75778,68.43452],[14.75925,68.43403],[14.76238,68.4343],[14.76499,68.43389],[14.76693,68.43429],[14.77122,68.43397],[14.7717,68.43348],[14.77365,68.43325],[14.77857,68.43375],[14.78615,68.43518],[14.78924,68.43443],[14.78969,68.4335],[14.79335,68.43312],[14.7944,68.43268],[14.79713,68.43246],[14.80341,68.43283],[14.80504,68.43254],[14.8076,68.43295],[14.80855,68.43397],[14.81185,68.43527],[14.81228,68.4369],[14.81553,68.43394],[14.81418,68.43314],[14.81484,68.43227],[14.81714,68.4316],[14.82526,68.43189],[14.82132,68.42907],[14.82145,68.42806],[14.82055,68.42771],[14.82127,68.42735],[14.82801,68.42768],[14.83348,68.42725],[14.83238,68.42871],[14.8294,68.42808],[14.82366,68.42845],[14.82331,68.42876],[14.82461,68.42916],[14.8272,68.42895],[14.82987,68.42947],[14.83289,68.42944],[14.83396,68.42978],[14.83331,68.43095],[14.83803,68.43202],[14.84013,68.42939],[14.83889,68.42627],[14.84016,68.42571],[14.84364,68.42613],[14.84158,68.42418],[14.83728,68.42347],[14.83522,68.42268]],[[14.74496,68.43704],[14.74459,68.43637],[14.74576,68.4352],[14.74928,68.43526],[14.75152,68.43477]],[[14.98636,68.44092],[14.98887,68.43624],[14.99374,68.43563],[14.99695,68.43687],[14.99785,68.43627],[15,68.4361]],[[14.70321,68.42869],[14.70567,68.43068],[14.70389,68.43116],[14.70509,68.43171],[14.70786,68.43187],[14.70999,68.43408],[14.71294,68.43481],[14.71311,68.43594],[14.71701,68.43612],[14.71972,68.4352],[14.72223,68.43499],[14.72731,68.43512],[14.72942,68.43545],[14.73952,68.43961],[14.74999,68.44068],[14.75276,68.4402],[14.75562,68.44084],[14.75431,68.4394],[14.751,68.43817],[14.74496,68.43704]],[[15.00192,68.43639],[15,68.4361]],[[14.72096,68.44005],[14.7249,68.43889],[14.7258,68.43807],[14.72372,68.4367],[14.72092,68.43625],[14.72092,68.43699],[14.71922,68.43805],[14.72054,68.43959],[14.71775,68.43977],[14.71518,68.44087],[14.71558,68.44132],[14.71798,68.44154],[14.72105,68.44117],[14.72195,68.44083],[14.72096,68.44005]],[[14.751,68.44236],[14.75475,68.44232],[14.75508,68.4417],[14.7467,68.44071],[14.74298,68.44103],[14.74316,68.44174],[14.74449,68.44212],[14.751,68.44236]],[[15,68.44438],[15.00065,68.44386]],[[15.00065,68.44386],[15,68.44272]],[[14.74705,68.44541],[14.74792,68.44498],[14.74731,68.44427],[14.74184,68.4438],[14.74253,68.44255],[14.74163,68.44214],[14.73689,68.44099],[14.73321,68.44097],[14.73415,68.44278],[14.73348,68.44366],[14.7348,68.44459],[14.73273,68.4449],[14.73373,68.44533],[14.73622,68.4453],[14.73755,68.4466],[14.74389,68.4477],[14.74565,68.4468],[14.7455,68.44601],[14.74705,68.44541]],[[14.98669,68.44549],[14.98497,68.44551],[14.98389,68.4463],[14.98334,68.44749],[14.98434,68.44823],[14.98816,68.4468],[14.98669,68.44549]],[[14.81097,68.4469],[14.80622,68.44638],[14.8032,68.44659],[14.80669,68.44781],[14.81039,68.44829],[14.81398,68.44796],[14.81097,68.4469]],[[14.87854,68.42272],[14.8792,68.42331],[14.88205,68.42326],[14.88091,68.42557],[14.8848,68.42567],[14.88683,68.42619],[14.88786,68.42746],[14.89107,68.42891],[14.89228,68.43064],[14.8904,68.43761],[14.89097,68.43969],[14.88959,68.44203],[14.88541,68.44416],[14.88142,68.44496],[14.88193,68.44559],[14.88552,68.44604],[14.8885,68.44719],[14.90026,68.4484],[14.90104,68.44883],[14.90241,68.4483],[14.91253,68.44801],[14.92217,68.44664],[14.92452,68.44667],[14.92557,68.44752],[14.92924,68.44798],[14.93719,68.44677],[14.93915,68.44704],[14.94177,68.44837],[14.94846,68.45017],[14.95086,68.45047],[14.95475,68.4499],[14.9575,68.45015],[14.96066,68.44945],[14.96202,68.44858],[14.96135,68.44821],[14.95919,68.44808],[14.95758,68.44697],[14.9677,68.44676],[14.97233,68.44781],[14.97423,68.44781],[14.97599,68.44711],[14.97529,68.44606],[14.97651,68.44326],[14.98123,68.44405],[14.98282,68.44378],[14.98401,68.44399],[14.98636,68.44092]],[[14.77669,68.4504],[14.77749,68.4496],[14.77644,68.44805],[14.77204,68.44772],[14.76754,68.44908],[14.76994,68.45024],[14.77669,68.4504]],[[15,68.44438],[14.99791,68.44599],[14.99946,68.44771],[14.99366,68.45194],[14.9952,68.45291],[15,68.45315]],[[15,68.45315],[15.00608,68.4534]],[[14.77182,68.4544],[14.77689,68.45464],[14.77699,68.45297],[14.77606,68.45245],[14.7772,68.45181],[14.77599,68.45161],[14.77393,68.45189],[14.77033,68.45143],[14.76506,68.45173],[14.75912,68.45262],[14.76245,68.45447],[14.76741,68.45555],[14.77017,68.45538],[14.77182,68.4544]],[[14.88595,68.45341],[14.88463,68.45406],[14.87953,68.45522],[14.88194,68.45695]],[[14.94324,68.45412],[14.93529,68.45397],[14.93006,68.45507],[14.93357,68.45619],[14.94685,68.45717],[14.94733,68.45803],[14.95082,68.45861],[14.95257,68.45872],[14.9565,68.45764],[14.95586,68.45678],[14.95043,68.45603],[14.94701,68.45462],[14.94324,68.45412]],[[14.88194,68.45695],[14.8823,68.45771],[14.88051,68.45816],[14.88074,68.45843],[14.89081,68.45898],[14.90014,68.45863],[14.90733,68.45703],[14.90246,68.45546],[14.90354,68.45133],[14.89987,68.44957],[14.88915,68.44963],[14.88846,68.45003],[14.88915,68.45071],[14.88595,68.45191],[14.88595,68.45341]],[[14.95721,68.46424],[14.95878,68.46378],[14.9584,68.46281],[14.95926,68.46181],[14.96213,68.46118],[14.96398,68.46009],[14.95883,68.45995],[14.95267,68.46028],[14.95033,68.46188],[14.95548,68.46251],[14.95379,68.46329],[14.94619,68.46271],[14.94086,68.4631],[14.93786,68.46378],[14.94114,68.46484],[14.94516,68.46417],[14.95116,68.46462],[14.95444,68.46544],[14.95608,68.46514],[14.95721,68.46424]],[[15,68.4785],[14.99656,68.47903],[15,68.47948]],[[15,68.47948],[15.0037,68.47919]],[[15.00251,68.4786],[15,68.4785]],[[14.99698,68.53662],[14.99542,68.53422],[14.99351,68.53301]],[[14.99698,68.53662],[15,68.54009]],[[14.80761,68.49424],[14.8039,68.49498],[14.80856,68.49554],[14.80888,68.49497],[14.80761,68.49424]],[[14.75555,68.49597],[14.75555,68.49625]],[[14.78645,68.49649],[14.78453,68.49498],[14.78032,68.49531],[14.78047,68.49618],[14.78463,68.49673],[14.78645,68.49649]],[[14.76498,68.49834],[14.75939,68.49783],[14.75555,68.49625]],[[14.82148,68.49863],[14.82217,68.49751],[14.82139,68.49592],[14.81674,68.4958],[14.81562,68.49636],[14.81165,68.4962],[14.81146,68.49662],[14.81265,68.49705],[14.81076,68.49781],[14.81159,68.4984],[14.81318,68.49869],[14.81526,68.49849],[14.81738,68.49919],[14.82148,68.49863]],[[14.73738,68.49736],[14.73923,68.49608],[14.73815,68.49385],[14.73254,68.49324],[14.73027,68.49369],[14.72659,68.49306],[14.72403,68.49213],[14.7218,68.49213],[14.7206,68.49311],[14.72257,68.49351],[14.72444,68.49322],[14.72486,68.49345],[14.72293,68.49444],[14.72122,68.49436],[14.72008,68.4947],[14.72071,68.49528],[14.71766,68.49663],[14.72951,68.49925]],[[14.88859,68.49985],[14.8875,68.49765],[14.88566,68.49737],[14.88166,68.49791],[14.88038,68.49877],[14.87776,68.49886]],[[14.72951,68.49925],[14.7287,68.49972]],[[14.82333,68.49995],[14.82314,68.49954],[14.82157,68.4994],[14.81908,68.49996]],[[14.88859,68.49985],[14.89078,68.50009],[14.89143,68.49894],[14.89434,68.49985],[14.89736,68.49953],[14.89836,68.49908],[14.90041,68.49927]],[[15,68.5415],[15,68.54009]],[[14.87776,68.49886],[14.87596,68.50051],[14.87381,68.50119],[14.86535,68.50141]],[[14.75555,68.49597],[14.75734,68.49579],[14.75967,68.49645],[14.76338,68.49628],[14.76355,68.49601],[14.76147,68.49558],[14.76224,68.4953],[14.7689,68.49674],[14.78058,68.49688],[14.78251,68.49796],[14.78566,68.49827],[14.79268,68.4982],[14.79495,68.49719],[14.80014,68.49649],[14.80229,68.49869],[14.79987,68.49992],[14.80627,68.50029],[14.80969,68.50172],[14.81469,68.50106],[14.81546,68.50058],[14.82029,68.50154],[14.8211,68.50063],[14.81908,68.49996]],[[14.75549,68.50162],[14.75938,68.50162],[14.7623,68.50013],[14.76268,68.49914],[14.76497,68.49868],[14.76498,68.49834]],[[14.82333,68.49995],[14.82185,68.50065],[14.82411,68.5018],[14.83044,68.50216]],[[14.83044,68.50216],[14.83205,68.50114],[14.83789,68.50135],[14.8379,68.501],[14.83637,68.50074],[14.83641,68.50009],[14.83985,68.50049],[14.84019,68.49946],[14.84115,68.49932],[14.84604,68.50139],[14.85073,68.4997],[14.85263,68.5002],[14.85345,68.50093],[14.8598,68.50039],[14.86162,68.50103],[14.86535,68.50141]],[[14.75549,68.50162],[14.75388,68.50162],[14.74939,68.50305],[14.74638,68.50283],[14.73995,68.50064],[14.73947,68.50006],[14.74071,68.49932],[14.73774,68.4981],[14.73738,68.49736]],[[14.71586,68.50577],[14.71408,68.50554],[14.71205,68.5045],[14.70943,68.50428],[14.71016,68.50549],[14.71586,68.50577]],[[14.92209,68.50732],[14.92058,68.50632],[14.91422,68.50474],[14.91038,68.50425],[14.9086,68.50167],[14.90041,68.49927]],[[14.82299,68.5737],[14.82371,68.57252]],[[14.7287,68.49972],[14.72461,68.50012],[14.72279,68.50118],[14.7221,68.49954],[14.71817,68.50013],[14.71562,68.4997],[14.71561,68.50028],[14.71798,68.50157],[14.71957,68.50182],[14.71971,68.50232],[14.71766,68.50171],[14.71268,68.5012],[14.71067,68.50136],[14.71021,68.50178],[14.70734,68.50153],[14.70669,68.50189],[14.70959,68.503],[14.71489,68.50405],[14.71392,68.50476],[14.71743,68.50538],[14.72002,68.50534],[14.71653,68.50593],[14.71905,68.50637],[14.71769,68.50804],[14.72311,68.50881],[14.73195,68.50805],[14.73232,68.50847],[14.73014,68.50954],[14.7306,68.5099]],[[14.72423,68.51223],[14.72363,68.51126],[14.72236,68.5109],[14.72337,68.51029],[14.72543,68.51024],[14.72539,68.51092],[14.7263,68.51118],[14.72863,68.5108],[14.7306,68.5099]],[[14.92209,68.50732],[14.92291,68.50835],[14.92668,68.50858],[14.93059,68.5097],[14.92925,68.51244]],[[14.72423,68.51223],[14.72337,68.51387],[14.72109,68.5137],[14.71863,68.51284],[14.71404,68.51347],[14.70949,68.51543],[14.70753,68.51577],[14.7058,68.51684],[14.70163,68.51801],[14.70043,68.51898],[14.70346,68.51988],[14.70305,68.52162]],[[14.92925,68.51244],[14.92959,68.51335],[14.9333,68.51465],[14.93599,68.51671],[14.93994,68.51734],[14.94178,68.51891],[14.94899,68.5223],[14.95813,68.52382],[14.96222,68.52531],[14.96454,68.52723],[14.97225,68.52775],[14.97325,68.5288],[14.97915,68.53111],[14.98598,68.53129],[14.98766,68.53062],[14.98787,68.52985],[14.98938,68.52985],[14.99187,68.53237],[14.99351,68.53301]],[[15,68.55082],[15.00124,68.54852]],[[15.00124,68.54852],[15,68.54411]],[[14.99809,68.55404],[14.99934,68.55287],[14.99844,68.55208]],[[15,68.55658],[15,68.55726]],[[14.98194,68.5573],[14.97709,68.55676],[14.97227,68.55729]],[[14.99086,68.5573],[14.99066,68.55656],[14.99324,68.55632],[14.99809,68.55404]],[[15.00511,68.55614],[15,68.55658]],[[14.94116,68.55911],[14.95725,68.55919],[14.95836,68.55896],[14.95776,68.55844],[14.95964,68.55759],[14.97227,68.55729]],[[14.93332,68.55902],[14.94116,68.55911]],[[14.98194,68.5573],[14.98627,68.55861],[14.98629,68.55916],[14.98818,68.55944],[14.99104,68.55879],[14.99097,68.55842],[14.98908,68.55809],[14.99086,68.5573]],[[14.97464,68.55839],[14.97259,68.55769],[14.97158,68.55824],[14.96973,68.55818],[14.97057,68.55905],[14.97384,68.55961],[14.97507,68.55917],[14.97464,68.55839]],[[14.99537,68.56912],[14.9907,68.56952],[14.9908,68.57011],[14.99367,68.56995],[14.99537,68.56912]],[[14.94163,68.57388],[14.94458,68.57535],[14.95397,68.57442]],[[14.88257,68.57243],[14.88569,68.57233],[14.88546,68.57072],[14.88766,68.56905],[14.88947,68.56879],[14.89336,68.56882],[14.90131,68.56985],[14.90537,68.56985],[14.91116,68.57119],[14.91308,68.57054],[14.91299,68.56908],[14.91555,68.56588],[14.9114,68.56339],[14.91065,68.56169],[14.9227,68.56018],[14.92531,68.56036],[14.92469,68.56123],[14.9312,68.56138],[14.93252,68.56049],[14.92797,68.55988],[14.92818,68.55911],[14.92898,68.55876],[14.93332,68.55902]],[[14.82371,68.57252],[14.82686,68.5702],[14.82955,68.56971],[14.83579,68.56944],[14.83784,68.56882]],[[14.93509,68.5659],[14.92004,68.56803],[14.91902,68.56883],[14.92295,68.56971],[14.91992,68.57012],[14.92229,68.57131],[14.9196,68.57151],[14.92074,68.57252],[14.92817,68.57276],[14.93253,68.57398],[14.93485,68.57404],[14.9388,68.57346],[14.94163,68.57388]],[[14.95397,68.57442],[14.95761,68.57428],[14.95741,68.57268],[14.96035,68.57082],[14.96586,68.57006],[14.96536,68.56897],[14.96313,68.5681],[14.96454,68.56561],[14.95954,68.56415],[14.95522,68.56448],[14.9531,68.56539],[14.95051,68.5658],[14.94462,68.56618],[14.94182,68.56581],[14.93509,68.5659]],[[14.84336,68.56756],[14.8515,68.56752],[14.85234,68.56796],[14.85274,68.57045],[14.85497,68.57211],[14.86369,68.5745],[14.86942,68.57437],[14.87446,68.57472],[14.87735,68.57388]],[[14.7486,68.57603],[14.74882,68.57727],[14.75188,68.57809],[14.75466,68.57821]],[[14.78055,68.57764],[14.78411,68.57684],[14.78821,68.57737],[14.79176,68.57844],[14.79487,68.57834],[14.8032,68.57629],[14.81246,68.57587],[14.82033,68.57489],[14.82253,68.57439],[14.82299,68.5737]],[[14.75466,68.57821],[14.76081,68.57882],[14.77317,68.57795],[14.777,68.57847]],[[14.70349,68.58008],[14.71229,68.57902],[14.71491,68.5792],[14.71741,68.57851],[14.7216,68.57835],[14.72675,68.57747],[14.7294,68.57777],[14.73654,68.57721],[14.74194,68.578],[14.742,68.57697],[14.7486,68.57603]],[[15,68.58451],[15.00342,68.58264]],[[14.91546,68.58466],[14.92044,68.58555]],[[14.91546,68.58466],[14.91204,68.5829],[14.90381,68.58403],[14.90263,68.58437],[14.90244,68.58501],[14.90079,68.58538],[14.8968,68.58552],[14.89293,68.58629],[14.87729,68.58614]],[[14.92044,68.58555],[14.92729,68.58606],[14.93307,68.58717],[14.94085,68.58727],[14.94836,68.58863],[14.95644,68.58912],[14.96034,68.58869],[14.96014,68.58827],[14.95758,68.58762],[14.95857,68.58683],[14.9757,68.58656],[14.97986,68.58544],[14.98623,68.58466],[14.98893,68.5853],[14.99191,68.58529],[14.99566,68.58485],[14.99821,68.58355],[14.99895,68.58377],[14.99835,68.58445],[15,68.58451]],[[14.87701,68.58617],[14.8664,68.5877],[14.86457,68.5873],[14.86324,68.58641],[14.85405,68.58789],[14.84999,68.58902],[14.84992,68.5896],[14.8517,68.59035],[14.85759,68.59067]],[[14.85759,68.59067],[14.8577,68.59124],[14.85133,68.59241]],[[14.83655,68.59804],[14.832,68.59835],[14.83742,68.59877],[14.83655,68.59804]],[[14.82478,68.5982],[14.8277,68.59784],[14.82901,68.59802],[14.83488,68.59701],[14.83401,68.59537],[14.83491,68.59432],[14.83276,68.59326],[14.83109,68.59367],[14.83128,68.59404],[14.83292,68.59419],[14.83233,68.59524],[14.8256,68.59586],[14.82065,68.5974],[14.81845,68.597],[14.81763,68.59724],[14.81902,68.59797],[14.81824,68.59889],[14.8196,68.5999],[14.82478,68.5982]],[[14.84943,68.60149],[14.84936,68.60043],[14.84761,68.60035],[14.84578,68.59913],[14.84552,68.59666],[14.84664,68.59488],[14.85133,68.59241]],[[14.84942,68.60207],[14.84943,68.60149]],[[14.84942,68.60207],[14.85027,68.60254],[14.85315,68.60232],[14.85416,68.6027],[14.8538,68.60364],[14.85067,68.60452],[14.85163,68.60629],[14.86318,68.60568],[14.87719,68.60394]],[[14.80577,68.60863],[14.80254,68.60779],[14.80133,68.60849],[14.80429,68.60978],[14.80577,68.60863]],[[14.87716,68.60985],[14.88296,68.60752],[14.88478,68.60578],[14.88317,68.60344],[14.88043,68.60343],[14.87719,68.60394]],[[14.76835,68.61104],[14.77011,68.61081],[14.76951,68.61001],[14.76469,68.6097],[14.76353,68.61033],[14.7653,68.61087],[14.76247,68.61161],[14.76116,68.61348],[14.76804,68.6148],[14.77126,68.61418],[14.77187,68.61311],[14.77139,68.61232],[14.76835,68.61104]],[[14.79934,68.61482],[14.80232,68.61174],[14.79701,68.60815],[14.79605,68.60845],[14.79461,68.6107],[14.79662,68.61185],[14.7964,68.61225],[14.79256,68.61175],[14.79001,68.61239],[14.79487,68.61396],[14.79399,68.61419],[14.79091,68.61392],[14.78997,68.61421],[14.79305,68.61467],[14.79434,68.61586],[14.79791,68.61539],[14.79934,68.61482]],[[14.77869,68.61143],[14.77609,68.61133],[14.77481,68.61187],[14.7748,68.61317],[14.7799,68.61614],[14.78224,68.61628],[14.78538,68.61453],[14.77977,68.61294],[14.77869,68.61143]],[[14.83363,68.61657],[14.84001,68.61667],[14.84881,68.61797],[14.85513,68.61782]],[[14.86758,68.61412],[14.86766,68.61672],[14.86641,68.61726],[14.8613,68.61844],[14.85513,68.61782]],[[14.83363,68.61657],[14.83094,68.61612],[14.83103,68.61555],[14.82885,68.61483],[14.82386,68.6153],[14.82194,68.61618],[14.82775,68.61657],[14.82963,68.61633],[14.83048,68.61742],[14.82359,68.6187],[14.81823,68.61818]],[[14.81982,68.63428],[14.8204,68.63369],[14.81727,68.63114],[14.81587,68.62899],[14.81352,68.62849],[14.81271,68.62771],[14.81741,68.62467],[14.81205,68.62145],[14.81484,68.61863],[14.81823,68.61818]],[[14.81982,68.63428],[14.81769,68.63602],[14.81551,68.63632],[14.81363,68.63715],[14.81189,68.63646],[14.80926,68.63652],[14.80742,68.63537],[14.80112,68.63328],[14.79804,68.63299],[14.79572,68.63182],[14.79294,68.63137],[14.78812,68.6313],[14.78671,68.6319],[14.78824,68.6328]],[[14.77896,68.63758],[14.77454,68.6374],[14.77382,68.63773],[14.77533,68.63917],[14.77982,68.63892],[14.77896,68.63758]],[[14.82475,68.64689],[14.82269,68.64612],[14.82318,68.64536],[14.82204,68.64435],[14.81873,68.64398],[14.81655,68.64257],[14.81111,68.64332],[14.8054,68.6409],[14.80338,68.64084],[14.79919,68.64157],[14.79747,68.64082],[14.79798,68.64241],[14.79663,68.64255],[14.79333,68.64099],[14.79087,68.64162],[14.78657,68.6408],[14.78524,68.63868],[14.78869,68.63389],[14.78824,68.6328]],[[14.86396,68.64693],[14.86186,68.64644],[14.85918,68.64637],[14.85382,68.64644],[14.85324,68.64692]],[[14.86396,68.64693],[14.87052,68.64856],[14.87694,68.64952]],[[14.85324,68.64692],[14.85424,68.6493],[14.85956,68.64993],[14.86407,68.6499],[14.86632,68.64914],[14.86768,68.64916],[14.87246,68.65069],[14.87333,68.65221],[14.87692,68.65283]],[[14.8769,68.65719],[14.87916,68.6569],[14.88224,68.65722],[14.88329,68.6569],[14.88266,68.65602],[14.88409,68.65454],[14.88192,68.65361],[14.87692,68.65283]],[[14.82475,68.64689],[14.82672,68.64768],[14.82642,68.64841],[14.82729,68.64884],[14.83066,68.64864],[14.8368,68.64926],[14.8377,68.64988],[14.83616,68.65218],[14.84284,68.65417],[14.85038,68.65366],[14.85184,68.65256],[14.84992,68.65147],[14.85028,68.65085],[14.8551,68.6511],[14.85468,68.65012],[14.85709,68.65021],[14.86216,68.65231],[14.85928,68.65337],[14.86424,68.6543],[14.86402,68.65479],[14.86163,68.65529],[14.86205,68.65553],[14.86631,68.65611],[14.86954,68.65571],[14.87111,68.65711],[14.873,68.65779],[14.8769,68.65719]],[[14.72716,68.65713],[14.72584,68.65493],[14.72329,68.65422],[14.72309,68.65535],[14.72544,68.65648],[14.72203,68.65655],[14.72124,68.65768],[14.72375,68.6579],[14.72716,68.65713]],[[14.87694,68.64952],[14.88402,68.65032],[14.88636,68.65178],[14.89174,68.65289],[14.90324,68.65273],[14.90661,68.65443],[14.90672,68.65593],[14.90812,68.65677],[14.91235,68.65838],[14.91495,68.65882],[14.91746,68.65861],[14.91874,68.65936]],[[14.73676,68.66071],[14.73811,68.66048],[14.73901,68.66073]],[[14.74137,68.66107],[14.74085,68.65919],[14.74276,68.65904],[14.74319,68.65826],[14.74467,68.65796],[14.74733,68.65875],[14.74879,68.65764],[14.7478,68.65605],[14.74373,68.65462],[14.74197,68.65483],[14.74361,68.65664],[14.7427,68.65684],[14.7383,68.65601],[14.73495,68.65432],[14.73337,68.65442],[14.73341,68.65503],[14.7373,68.6577],[14.73797,68.65913],[14.7375,68.66005],[14.7348,68.65909],[14.73289,68.65916],[14.73291,68.65979],[14.73484,68.66035]],[[14.73676,68.66071],[14.73647,68.66098],[14.73933,68.66199],[14.74058,68.66113],[14.73901,68.66073]],[[14.71524,68.66121],[14.71326,68.66197],[14.71621,68.66297],[14.71779,68.66288],[14.71524,68.66121]],[[14.9782,68.67015],[14.98223,68.67084],[14.98794,68.67088],[14.99146,68.67206],[14.99124,68.6728],[14.9944,68.67399],[14.99772,68.67448],[15,68.67437]],[[14.79247,68.66389],[14.79079,68.66369],[14.78755,68.66426],[14.78918,68.6655],[14.79079,68.66581],[14.7921,68.66516],[14.79247,68.66389]],[[14.91874,68.65936],[14.92006,68.66088],[14.92281,68.6623],[14.92726,68.66335],[14.92539,68.66385],[14.92877,68.66435],[14.92653,68.66563],[14.92879,68.66662],[14.9307,68.66663],[14.9303,68.66612],[14.93242,68.66553],[14.92882,68.66429],[14.92922,68.66371],[14.93278,68.66395],[14.94181,68.66661]],[[14.74137,68.66107],[14.74356,68.66169],[14.7466,68.66563],[14.74964,68.66736],[14.75039,68.66701],[14.7499,68.66525],[14.75127,68.66414],[14.75324,68.66371],[14.75366,68.66306],[14.75268,68.66255],[14.75374,68.66215]],[[14.71207,68.66713],[14.71053,68.667],[14.71019,68.66772],[14.7107,68.66838],[14.71206,68.66857],[14.7137,68.66827],[14.71207,68.66713]],[[14.78818,68.66645],[14.78687,68.66673],[14.78675,68.668],[14.78852,68.66895],[14.78927,68.66758],[14.78818,68.66645]],[[14.94181,68.66661],[14.94538,68.66715],[14.94583,68.66788],[14.94398,68.66814],[14.94532,68.66952],[14.95141,68.66953],[14.95219,68.66777],[14.95387,68.66756],[14.95686,68.66786],[14.9634,68.66561],[14.96269,68.66411],[14.96742,68.65943],[14.97217,68.65712],[14.97371,68.65686],[14.9752,68.6577],[14.97407,68.65925],[14.97565,68.66171],[14.97385,68.66371],[14.97034,68.66547],[14.9685,68.66804],[14.97007,68.66828],[14.97055,68.66959],[14.97163,68.66997],[14.9782,68.67015]],[[14.79558,68.66909],[14.79329,68.66903],[14.79488,68.67065],[14.79605,68.6701],[14.79558,68.66909]],[[14.78831,68.66953],[14.78542,68.6685],[14.78519,68.66947],[14.78342,68.6694],[14.78589,68.67118],[14.78831,68.66953]],[[14.84558,68.67382],[14.84448,68.67384],[14.84453,68.67452],[14.84669,68.67615],[14.85255,68.67769],[14.84811,68.67477],[14.84558,68.67382]],[[14.70815,68.67571],[14.70714,68.67541],[14.70533,68.67568],[14.70616,68.67759],[14.7107,68.67839],[14.71049,68.67685],[14.70815,68.67571]],[[14.85753,68.67766],[14.85633,68.67705],[14.85522,68.67741],[14.85739,68.67859],[14.85905,68.67867],[14.85981,68.67799],[14.85753,68.67766]],[[14.86058,68.6833],[14.85968,68.6832],[14.85769,68.68492],[14.86094,68.68549],[14.86152,68.68522],[14.86012,68.68431],[14.86058,68.6833]],[[14.71227,68.67018],[14.7142,68.67035],[14.71651,68.67001],[14.71601,68.66898],[14.71141,68.66913],[14.71165,68.67006],[14.71017,68.67029],[14.71125,68.67561],[14.71404,68.67847],[14.72132,68.68107],[14.72249,68.68087],[14.72294,68.68024],[14.72231,68.67664],[14.72361,68.67502],[14.72134,68.67422],[14.71731,68.67393],[14.71512,68.67322],[14.71545,68.67286],[14.71875,68.6727],[14.71948,68.6722],[14.7172,68.67134],[14.71234,68.67066],[14.71227,68.67018]],[[14.71203,68.68151],[14.71472,68.68281],[14.71694,68.68175],[14.71994,68.68146],[14.72784,68.68457],[14.72883,68.68402],[14.72901,68.6792],[14.73069,68.67937],[14.73192,68.6815],[14.7336,68.68183],[14.7335,68.68042],[14.73578,68.67916],[14.73552,68.67825],[14.73182,68.67705],[14.72999,68.67725],[14.72896,68.67696],[14.72897,68.67618],[14.73089,68.67544],[14.72689,68.6717],[14.72475,68.67217],[14.72234,68.67142],[14.72012,68.66798],[14.71673,68.66711],[14.71592,68.66634],[14.71835,68.66574],[14.71645,68.66377],[14.71691,68.66318],[14.71909,68.66462],[14.72289,68.66406],[14.71934,68.66229],[14.71936,68.66065],[14.72135,68.66083],[14.72148,68.65942],[14.72398,68.65901],[14.72966,68.66024],[14.73149,68.66212],[14.73309,68.66154],[14.73317,68.66065],[14.73484,68.66035]],[[14.71203,68.68151],[14.70849,68.6795],[14.70618,68.67988],[14.70648,68.68093],[14.70897,68.68254],[14.70915,68.68364],[14.71153,68.68491],[14.71213,68.68633]],[[14.86364,68.68565],[14.86193,68.68549],[14.8615,68.68702],[14.86239,68.68744],[14.86414,68.68655],[14.86364,68.68565]],[[14.92817,68.68797],[14.92668,68.68808],[14.92768,68.68897],[14.93167,68.68939],[14.92817,68.68797]],[[14.79761,68.68886],[14.79425,68.68763],[14.79071,68.68809],[14.79303,68.68986],[14.79407,68.68877],[14.79591,68.68969],[14.79785,68.68993],[14.79761,68.68886]],[[14.70908,68.69158],[14.70991,68.69036],[14.70932,68.68815],[14.70796,68.68748],[14.70393,68.68719],[14.70249,68.68758],[14.70529,68.68915],[14.70438,68.69022],[14.70569,68.69157]],[[14.78814,68.69169],[14.78218,68.68652],[14.78296,68.6864],[14.78728,68.68769],[14.78932,68.68768],[14.78871,68.68598],[14.77734,68.68147],[14.77578,68.67666],[14.77602,68.67577],[14.77774,68.67566],[14.77996,68.67711],[14.78258,68.67764],[14.78336,68.67744],[14.77384,68.66752],[14.77483,68.66615],[14.77778,68.6662],[14.77793,68.66376],[14.78037,68.6634],[14.78072,68.66269],[14.76972,68.66068],[14.76991,68.66166],[14.77203,68.66257],[14.77121,68.66361],[14.76837,68.66216],[14.76814,68.66106],[14.76636,68.6602],[14.76175,68.66113],[14.76185,68.66174],[14.76375,68.66224],[14.75942,68.66264],[14.76038,68.66417],[14.75808,68.66377],[14.75698,68.66271],[14.75374,68.66215]],[[14.85195,68.69176],[14.85023,68.69138],[14.84947,68.69066],[14.85304,68.68847],[14.85311,68.68704],[14.8513,68.68533],[14.85228,68.68455],[14.84933,68.68267],[14.85091,68.68205],[14.85261,68.68211],[14.85249,68.68013],[14.84268,68.67607],[14.83882,68.67572],[14.83691,68.67457],[14.83546,68.6725],[14.83418,68.67245],[14.8335,68.67282],[14.83242,68.67258],[14.8223,68.66782],[14.81771,68.66666],[14.81274,68.66392],[14.81208,68.66412],[14.81251,68.66664],[14.81055,68.667],[14.81286,68.66793],[14.81256,68.66889],[14.81048,68.66906],[14.80962,68.67027],[14.80968,68.67166],[14.81205,68.67436],[14.8113,68.67453],[14.80689,68.67381],[14.80651,68.67431],[14.80781,68.67501],[14.8057,68.67558],[14.80565,68.6772],[14.8043,68.67747],[14.80118,68.67705],[14.79911,68.67618],[14.79866,68.6751],[14.79668,68.67498],[14.79572,68.67577],[14.79669,68.6771],[14.79591,68.67806],[14.79798,68.67789],[14.79871,68.67914],[14.79553,68.6789],[14.7936,68.68091],[14.79636,68.6811],[14.79769,68.68198],[14.79399,68.68207],[14.79616,68.68312],[14.79477,68.68444],[14.79774,68.68748],[14.80173,68.68877],[14.80366,68.69096],[14.80585,68.69171]],[[14.72869,68.75741],[14.7272,68.75736],[14.72446,68.75797],[14.72301,68.75972],[14.72765,68.7599],[14.72914,68.75894],[14.72869,68.75741]],[[14.86267,68.69177],[14.86253,68.68973],[14.8619,68.68943],[14.86003,68.68968],[14.86009,68.68894],[14.86476,68.68798],[14.8661,68.68648],[14.86872,68.68688],[14.86672,68.68373],[14.8705,68.68355],[14.86915,68.68259],[14.86976,68.68114],[14.86765,68.68066],[14.86571,68.68134],[14.86419,68.67976],[14.86612,68.67951],[14.87216,68.68121],[14.87491,68.68125],[14.87603,68.68081],[14.87294,68.67868],[14.87677,68.67968]],[[14.9217,68.69181],[14.92052,68.69146],[14.91974,68.68933],[14.91835,68.68852],[14.92077,68.68538],[14.91735,68.68392],[14.91001,68.6824],[14.9057,68.68239],[14.90431,68.68297],[14.90246,68.68287],[14.89952,68.6809],[14.89629,68.68025],[14.89345,68.68009],[14.89181,68.68065],[14.89359,68.68169],[14.89245,68.68238],[14.88504,68.68118],[14.87949,68.67897],[14.87722,68.67905],[14.87677,68.67968]],[[14.93591,68.69181],[14.93468,68.69131],[14.92612,68.69021],[14.92399,68.69057],[14.92516,68.69181]],[[14.9217,68.69181],[14.92444,68.6921],[14.92516,68.69181]],[[14.70569,68.69157],[14.70872,68.69209],[14.70908,68.69158]],[[14.80994,68.69642],[14.80774,68.69607],[14.80767,68.6972],[14.81093,68.69741],[14.80994,68.69642]],[[14.94237,68.69577],[14.94074,68.69559],[14.94015,68.69583],[14.94083,68.6963],[14.94017,68.69744],[14.94223,68.69827],[14.9438,68.69703],[14.94237,68.69577]],[[14.9296,68.69986],[14.93184,68.69956],[14.93581,68.69764],[14.93286,68.69657],[14.93207,68.69472],[14.92901,68.69407],[14.93014,68.69336],[14.93156,68.69383],[14.9346,68.69384],[14.93615,68.69282],[14.93591,68.69181]],[[14.85195,68.69176],[14.85289,68.69296],[14.85237,68.69327],[14.8507,68.69315],[14.8506,68.69372],[14.85435,68.69554],[14.85794,68.70003],[14.85949,68.70025],[14.85993,68.69837],[14.85758,68.69645],[14.85953,68.69568],[14.8625,68.6964],[14.8641,68.69622],[14.86658,68.69356],[14.86267,68.69177]],[[14.7055,68.69768],[14.70801,68.70018],[14.70962,68.69998],[14.70953,68.69926],[14.71039,68.69908],[14.71294,68.70025],[14.71562,68.69997],[14.71685,68.69743],[14.7132,68.69158]],[[14.92718,68.70292],[14.93038,68.70255],[14.93181,68.70454],[14.93622,68.70296],[14.93088,68.70042],[14.92885,68.70032],[14.9296,68.69986]],[[14.95592,68.70497],[14.95737,68.70466],[14.957,68.70337],[14.95468,68.70292],[14.95508,68.70245],[14.95739,68.70212],[14.95339,68.70041],[14.94938,68.69982],[14.94938,68.70207],[14.9535,68.70278],[14.95287,68.70318],[14.95398,68.70458]],[[14.96345,68.70375],[14.96009,68.70385],[14.95971,68.70532],[14.96124,68.70561],[14.96366,68.70544],[14.96292,68.70469],[14.96345,68.70375]],[[14.75188,68.82975],[14.75394,68.82954],[14.75189,68.82895]],[[14.95592,68.70497],[14.95755,68.70593],[14.9564,68.70825],[14.95354,68.70807],[14.94832,68.70948],[14.94515,68.70952],[14.94751,68.71045],[14.94784,68.71175],[14.95371,68.71155],[14.95269,68.71002],[14.95358,68.70928],[14.95556,68.71018],[14.95746,68.71035],[14.95586,68.71148],[14.95874,68.7121],[14.96078,68.7099],[14.96007,68.70788],[14.96129,68.70688],[14.96701,68.70728],[14.96634,68.7089],[14.96761,68.70956],[14.97421,68.71014],[14.98192,68.70792],[14.98184,68.70751],[14.98032,68.70759],[14.97895,68.7072],[14.98094,68.70695],[14.98268,68.70617],[14.97646,68.70439],[14.97576,68.70374],[14.97624,68.70256],[14.98474,68.7015],[14.9882,68.69935],[14.98994,68.699],[15,68.70039]],[[14.78814,68.69169],[14.7913,68.69418],[14.79334,68.69468],[14.79561,68.6961],[14.79664,68.69561],[14.79615,68.69444],[14.79725,68.69419],[14.80064,68.69388],[14.80495,68.6948],[14.80579,68.6958],[14.80505,68.69758],[14.80669,68.69923],[14.80441,68.70088],[14.81391,68.70417],[14.81653,68.70586],[14.81842,68.70812],[14.81779,68.70937],[14.81373,68.71113],[14.80937,68.71146],[14.80884,68.71099],[14.81049,68.70972],[14.81034,68.70823],[14.80686,68.70477],[14.80758,68.70325],[14.80573,68.70242],[14.80206,68.70311],[14.79778,68.70593],[14.79896,68.70812],[14.80055,68.70894],[14.80326,68.70948],[14.80411,68.71099],[14.80864,68.71259],[14.80964,68.71552],[14.8124,68.71704],[14.81165,68.72016],[14.81616,68.71884],[14.81257,68.71468],[14.81328,68.71381],[14.81507,68.71347],[14.81727,68.71149],[14.82046,68.71052],[14.82318,68.71024],[14.82732,68.70798],[14.82353,68.70629],[14.82277,68.70429],[14.82038,68.70315],[14.82185,68.70272],[14.81964,68.70152],[14.82035,68.69652],[14.81509,68.69508],[14.80866,68.6944],[14.80585,68.69171]],[[14.96383,68.71844],[14.96268,68.71782],[14.95949,68.71755],[14.95829,68.71809],[14.95838,68.71851],[14.96131,68.71855],[14.96235,68.71908],[14.96183,68.72038],[14.96319,68.72195],[14.96531,68.72228],[14.96738,68.72045],[14.96376,68.71943],[14.96383,68.71844]],[[14.94223,68.73369],[14.94414,68.73322],[14.94952,68.73327],[14.95376,68.73248],[14.96422,68.73185],[14.96993,68.72979],[14.97005,68.72938],[14.96884,68.72892],[14.96207,68.72841],[14.96326,68.72784],[14.96276,68.72645],[14.95832,68.72538],[14.95951,68.72396],[14.95695,68.7233],[14.95764,68.72163],[14.95406,68.72006],[14.95681,68.71976],[14.95532,68.71695],[14.94971,68.71637],[14.94449,68.71459],[14.94022,68.71434],[14.94033,68.71324],[14.93802,68.71273],[14.93638,68.71281],[14.93599,68.71316],[14.93862,68.71406],[14.93408,68.714],[14.93001,68.71079],[14.92789,68.70756],[14.92243,68.70565]],[[15.00144,68.7007],[15,68.70039]],[[14.94303,68.73469],[14.94178,68.73398],[14.94223,68.73369]],[[14.94916,68.73666],[14.94303,68.73469]],[[14.95401,68.73666],[14.96037,68.73521],[14.96205,68.73384],[14.96955,68.73217],[14.97371,68.73016],[14.97414,68.72835],[14.97635,68.72755],[14.97641,68.72528],[14.97834,68.72483],[14.97593,68.72238],[14.97642,68.7214],[14.97905,68.72012],[14.97876,68.71897],[14.97989,68.71774],[14.97906,68.71649],[14.97628,68.7152],[14.97501,68.71368],[14.973,68.71356],[14.96848,68.71593],[14.96498,68.71561],[14.96562,68.71697],[14.96407,68.71708],[14.96287,68.71688],[14.96174,68.71486],[14.95864,68.71287],[14.95712,68.71342],[14.94812,68.71372],[14.94134,68.71229],[14.93927,68.71107],[14.93949,68.71025],[14.94391,68.70922],[14.94077,68.70798],[14.94083,68.7071],[14.94348,68.70608],[14.94758,68.70572],[14.94694,68.70453],[14.95398,68.70458]],[[14.94916,68.73666],[14.95174,68.73724],[14.95401,68.73666]],[[14.88633,68.74449],[14.8836,68.74306],[14.88402,68.742],[14.89706,68.73918],[14.89751,68.73863],[14.89566,68.73782],[14.88859,68.73663]],[[14.89289,68.74464],[14.89017,68.74442],[14.88783,68.74513],[14.88633,68.74449]],[[14.70126,68.74974],[14.70294,68.74796],[14.70589,68.74868]],[[14.70589,68.74868],[14.71052,68.75018],[14.70954,68.75088],[14.70685,68.7514],[14.70894,68.7527],[14.71127,68.7531],[14.71435,68.7527],[14.71865,68.75455]],[[14.90704,68.75927],[14.90771,68.75868],[14.90597,68.75736],[14.90818,68.75251],[14.9076,68.74919],[14.90984,68.74597],[14.90885,68.74473],[14.90716,68.7441],[14.90282,68.74352],[14.90037,68.74371],[14.89737,68.74125],[14.89941,68.73769],[14.90128,68.73718],[14.90136,68.73664]],[[14.75263,68.76243],[14.75265,68.76094]],[[14.90704,68.75927],[14.90225,68.76056],[14.90465,68.76234],[14.90848,68.76292]],[[14.75263,68.76243],[14.7518,68.76286],[14.75261,68.76395]],[[15,68.76535],[15.00759,68.76408]],[[14.99639,68.76533],[14.99256,68.76614],[14.9933,68.7671]],[[14.73307,68.76363],[14.73075,68.76369],[14.73013,68.76551],[14.7304,68.76605],[14.73345,68.76695],[14.73307,68.76363]],[[14.91204,68.76743],[14.91078,68.76602],[14.91275,68.76546],[14.91309,68.76441],[14.90848,68.76292]],[[14.9933,68.7671],[14.99629,68.76747],[15,68.76613]],[[15,68.76613],[15.0026,68.76601]],[[14.99277,68.76762],[14.99112,68.768],[14.99068,68.76863]],[[14.99068,68.76863],[14.9918,68.76919],[14.99376,68.76887],[14.99277,68.76762]],[[14.71865,68.75455],[14.72209,68.75459],[14.72329,68.75354],[14.72247,68.75303],[14.72361,68.75282],[14.72572,68.75335],[14.72723,68.75431],[14.7284,68.75325],[14.73106,68.75439],[14.73249,68.75605],[14.73229,68.75791],[14.73369,68.76093],[14.73692,68.76388],[14.73532,68.76432],[14.73537,68.76492],[14.73637,68.76508],[14.73741,68.76458],[14.73877,68.765],[14.74199,68.7686],[14.74604,68.76934],[14.74843,68.77023],[14.74944,68.76993],[14.75028,68.76725],[14.74796,68.76406],[14.74814,68.76098],[14.74901,68.76038],[14.75064,68.7602],[14.75265,68.76094]],[[14.87627,68.77013],[14.87909,68.7708],[14.88225,68.77056],[14.88471,68.76909],[14.88415,68.76803],[14.88498,68.76702],[14.88595,68.76661],[14.88817,68.76698],[14.88882,68.76672],[14.88866,68.76602],[14.88614,68.76466],[14.88842,68.76435],[14.88641,68.76108],[14.888,68.75995],[14.8856,68.75796],[14.88621,68.757],[14.89005,68.75632],[14.89061,68.75514],[14.88884,68.75319],[14.88764,68.74958],[14.88427,68.7486],[14.88377,68.748],[14.89072,68.74739],[14.89135,68.74649],[14.89489,68.74574],[14.89435,68.745],[14.89289,68.74464]],[[14.91204,68.76743],[14.91553,68.76868],[14.91635,68.76942],[14.91571,68.76992],[14.91268,68.77007],[14.90717,68.76966],[14.90343,68.76853],[14.90111,68.76923],[14.90959,68.77117],[14.91227,68.77121],[14.91386,68.7722]],[[14.87627,68.77013],[14.87394,68.76925],[14.86831,68.76835],[14.86655,68.76754],[14.86661,68.76721],[14.86866,68.76735],[14.87037,68.76704],[14.86429,68.76342],[14.86051,68.76272],[14.85614,68.76272],[14.85523,68.7633],[14.85889,68.76529],[14.85906,68.76663],[14.86694,68.76958],[14.87007,68.77197],[14.87625,68.77418]],[[14.89798,68.77593],[14.89489,68.77599],[14.89552,68.77762],[14.89822,68.77957],[14.90197,68.78044],[14.90419,68.77956],[14.90207,68.7791],[14.89798,68.77593]],[[14.97476,68.78151],[14.97201,68.78295],[14.96049,68.78441],[14.95593,68.7862],[14.95078,68.78682],[14.94826,68.7866],[14.94703,68.7861],[14.94543,68.78616],[14.94483,68.78666],[14.9425,68.78701],[14.93741,68.78701],[14.93347,68.7881],[14.93437,68.78883],[14.93677,68.78907],[14.94065,68.78852],[14.94516,68.78973]],[[14.88576,68.78987],[14.88817,68.78957],[14.8883,68.79023],[14.88992,68.79044],[14.89326,68.78957],[14.89219,68.7887],[14.88782,68.78882],[14.89003,68.78786],[14.88704,68.78746],[14.88661,68.78667],[14.88727,68.78598],[14.8909,68.78617],[14.896,68.7849],[14.89432,68.78346],[14.88795,68.78377]],[[14.87616,68.79132],[14.87842,68.79173],[14.88205,68.79158],[14.88434,68.79107],[14.88576,68.78987]],[[14.68953,68.78123],[14.68902,68.77982],[14.6904,68.78078],[14.69183,68.78073],[14.69173,68.77991],[14.69427,68.78054],[14.69295,68.77801],[14.69389,68.77736],[14.69549,68.77833],[14.69662,68.77827],[14.69642,68.77513],[14.69521,68.77402],[14.68787,68.77136],[14.68967,68.76983],[14.69087,68.76993],[14.6926,68.77102],[14.69371,68.77096],[14.69402,68.77028],[14.69157,68.76817],[14.68972,68.76807],[14.68253,68.76546],[14.68448,68.76473],[14.68399,68.76348],[14.68851,68.76407],[14.68988,68.76471],[14.68911,68.76567],[14.69135,68.76582],[14.69358,68.76663],[14.69485,68.76658],[14.69611,68.76579],[14.70171,68.76644],[14.70154,68.76387],[14.70388,68.76244],[14.70954,68.76449],[14.71091,68.76395],[14.70994,68.76234],[14.71178,68.76202],[14.71123,68.76174],[14.70881,68.7619],[14.704,68.75937],[14.70214,68.75909],[14.70137,68.75731],[14.70381,68.75643],[14.70298,68.75516],[14.70343,68.75399],[14.70787,68.75373],[14.70568,68.75291],[14.70226,68.75278],[14.69967,68.75226],[14.70126,68.74974]],[[14.92841,68.7815],[14.92705,68.77978],[14.92522,68.77912],[14.9184,68.7782],[14.9176,68.77739],[14.91922,68.77652],[14.91944,68.77509],[14.91591,68.77402],[14.91699,68.77315],[14.91386,68.7722]],[[14.78817,68.78138],[14.78482,68.78001],[14.78332,68.77986],[14.77748,68.78072],[14.76799,68.7805],[14.76512,68.77994],[14.76256,68.7788],[14.75698,68.77434],[14.75566,68.77047],[14.75681,68.76856],[14.75506,68.76755],[14.75639,68.766],[14.75261,68.76395]],[[14.79621,68.78139],[14.79321,68.78139]],[[14.88362,68.78147],[14.88477,68.77936],[14.88045,68.77829],[14.87625,68.77418]],[[14.97476,68.78151],[14.98039,68.7796],[14.98635,68.77883],[14.99224,68.77441],[14.98925,68.77508],[14.98668,68.77627],[14.97797,68.77747],[14.97889,68.77803],[14.97846,68.77872],[14.97454,68.77907],[14.97321,68.78035],[14.9691,68.78151]],[[14.78817,68.78138],[14.78978,68.78185],[14.79321,68.78139]],[[14.88795,68.78377],[14.884,68.78328],[14.8855,68.78245],[14.88324,68.78181],[14.88362,68.78147]],[[14.92841,68.7815],[14.92742,68.78199],[14.92821,68.7827],[14.9391,68.7847],[14.93856,68.78546],[14.93923,68.7857],[14.94626,68.78427],[14.94698,68.78373],[14.94992,68.78311],[14.95278,68.78346],[14.95709,68.78337],[14.95921,68.78218],[14.96593,68.782],[14.9691,68.78151]],[[14.87616,68.79132],[14.87507,68.79102],[14.87375,68.79135],[14.87615,68.79193]],[[14.87615,68.79312],[14.87737,68.79243],[14.87615,68.79193]],[[14.83943,68.79699],[14.83818,68.79716],[14.83945,68.7981],[14.84298,68.79856],[14.83943,68.79699]],[[14.85089,68.79699],[14.84751,68.79747],[14.8475,68.79822],[14.84849,68.7986],[14.85053,68.79829],[14.85089,68.79699]],[[14.72478,68.8035],[14.72299,68.80324],[14.72378,68.8045],[14.72709,68.80506],[14.72478,68.8035]],[[14.79621,68.78139],[14.79902,68.78165],[14.80115,68.78243],[14.80239,68.78221],[14.8048,68.78284],[14.80704,68.78279],[14.81148,68.78445],[14.81328,68.78425],[14.8126,68.78302],[14.81326,68.78253],[14.81491,68.78254],[14.81507,68.78312],[14.81617,68.78323],[14.81786,68.7825],[14.82016,68.78287],[14.82136,68.7838],[14.82076,68.78464],[14.82449,68.78615],[14.82471,68.78744],[14.83025,68.78825],[14.83327,68.78811],[14.83339,68.78883],[14.83241,68.78911],[14.83348,68.78955],[14.83632,68.78977],[14.84225,68.78935],[14.84388,68.79042],[14.85054,68.79114],[14.85616,68.79232],[14.85978,68.79163],[14.8639,68.79293],[14.86598,68.79245],[14.87025,68.79233],[14.87229,68.79245],[14.87387,68.79335],[14.87615,68.79312]],[[14.94516,68.78973],[14.94148,68.79083],[14.94078,68.792],[14.93844,68.7926],[14.93471,68.7929],[14.9318,68.7938],[14.93019,68.79554],[14.92639,68.79647],[14.92302,68.79796],[14.92264,68.79907]],[[14.7998,68.80444],[14.7984,68.80441],[14.79506,68.80542],[14.79261,68.80681],[14.7954,68.80904],[14.79819,68.80933],[14.80329,68.80747],[14.80198,68.80593],[14.80253,68.80492],[14.7998,68.80444]],[[14.84189,68.79891],[14.83746,68.799],[14.83756,68.79995],[14.83926,68.80067],[14.84497,68.80076],[14.84528,68.80031],[14.84189,68.79891]],[[14.70696,68.80215],[14.70502,68.80202],[14.70206,68.80338],[14.70588,68.80477],[14.7083,68.80495],[14.70933,68.80474],[14.70935,68.80419],[14.70696,68.80215]],[[14.92264,68.79907],[14.92406,68.80037],[14.92334,68.80191],[14.92485,68.80302]],[[14.75237,68.78595],[14.74465,68.78406],[14.73707,68.7834],[14.73298,68.78372],[14.722,68.78286],[14.72271,68.78533],[14.72518,68.78696],[14.72715,68.78997],[14.73657,68.79665],[14.74116,68.79914],[14.75217,68.80351]],[[14.87609,68.80279],[14.87291,68.80397],[14.87208,68.80536],[14.8693,68.80664],[14.87399,68.8069],[14.87607,68.80647]],[[14.75217,68.80351],[14.76385,68.80688],[14.76507,68.80762],[14.76503,68.80843],[14.76693,68.80912],[14.77427,68.80941],[14.77417,68.8107],[14.77785,68.81212],[14.78158,68.81292],[14.78208,68.81192],[14.78433,68.81148],[14.78421,68.81026],[14.78557,68.8099],[14.78727,68.81003],[14.78868,68.80902],[14.78702,68.80755],[14.78191,68.80775],[14.77775,68.80655],[14.77411,68.80431],[14.77587,68.80249],[14.77774,68.8024],[14.78224,68.8037],[14.78479,68.80375],[14.79648,68.8023],[14.79934,68.80122],[14.79762,68.8],[14.79515,68.80039],[14.79458,68.80017],[14.7995,68.79807],[14.79865,68.79749],[14.79189,68.7963],[14.78885,68.79624],[14.7864,68.79382],[14.78222,68.79294],[14.77903,68.79106],[14.77471,68.79075],[14.77154,68.7892],[14.76243,68.7874],[14.75957,68.78612],[14.75858,68.78615],[14.75847,68.78682],[14.75726,68.78704],[14.75237,68.78595]],[[14.81013,68.81326],[14.81384,68.81187],[14.81341,68.81155],[14.81047,68.81136],[14.80917,68.81193],[14.80309,68.81285],[14.80403,68.81321],[14.81013,68.81326]],[[14.70486,68.81375],[14.7087,68.81276],[14.70841,68.8109],[14.70228,68.80685],[14.69915,68.80587],[14.69767,68.80592],[14.6964,68.80521],[14.69578,68.80352],[14.69708,68.80216],[14.69707,68.80022],[14.69887,68.7998],[14.70285,68.80003],[14.70579,68.79978],[14.70078,68.79569],[14.69671,68.79376],[14.69427,68.7936],[14.69317,68.79302],[14.69287,68.79228],[14.69502,68.79149],[14.69416,68.79018],[14.69094,68.78902],[14.69009,68.78813],[14.69086,68.78733],[14.68982,68.78709],[14.68929,68.78553],[14.69031,68.78499],[14.6875,68.78235],[14.68806,68.78215],[14.69008,68.7825],[14.68953,68.78123]],[[14.7021,68.81392],[14.70486,68.81375]],[[14.92485,68.80302],[14.92679,68.80387],[14.92727,68.80701],[14.93288,68.80923],[14.93492,68.81171],[14.93847,68.81138],[14.94561,68.81167],[14.9489,68.81218],[14.95849,68.81169],[14.96463,68.81202],[14.97078,68.81389],[14.97805,68.81504],[14.97773,68.81584],[14.97603,68.81608]],[[14.97603,68.81608],[14.96999,68.81623],[14.96468,68.81753]],[[14.7519,68.82762],[14.75355,68.8274],[14.76033,68.82787],[14.75961,68.82745],[14.75549,68.82706],[14.75288,68.82617]],[[14.87607,68.80647],[14.87868,68.80683],[14.8845,68.81035],[14.89105,68.81251],[14.89457,68.81469],[14.89768,68.81569],[14.89794,68.81829],[14.89306,68.82133],[14.89448,68.82217],[14.89821,68.82269],[14.8995,68.82232],[14.90079,68.82067],[14.90702,68.81927],[14.90708,68.81788],[14.90904,68.81738],[14.9089,68.81679],[14.90556,68.81436],[14.9021,68.81435],[14.89892,68.81348],[14.89618,68.81124],[14.89565,68.80884],[14.89468,68.80856],[14.89332,68.80889],[14.88856,68.80885],[14.885,68.80754],[14.88173,68.80271],[14.87887,68.80184],[14.87609,68.80279]],[[14.85724,68.82154],[14.85535,68.81899],[14.85313,68.81801],[14.85175,68.81803],[14.85136,68.82163],[14.85248,68.82199],[14.85361,68.82143],[14.85496,68.82142],[14.85544,68.82258],[14.85629,68.8227],[14.85724,68.82154]],[[14.75209,68.81149],[14.74544,68.81365],[14.74328,68.81504],[14.73337,68.81686],[14.7337,68.81785],[14.73135,68.81971],[14.73511,68.82199],[14.73964,68.82387],[14.75002,68.82497],[14.75193,68.82574]],[[14.70472,68.8261],[14.70444,68.8252],[14.70197,68.82473],[14.70107,68.82372],[14.70394,68.8194],[14.69995,68.81831],[14.69765,68.81704],[14.69114,68.8156],[14.69261,68.81438],[14.69744,68.8141],[14.70058,68.8157],[14.70377,68.81553],[14.70448,68.815],[14.7021,68.81392]],[[14.7519,68.82762],[14.75032,68.8277],[14.74538,68.82671],[14.74557,68.82752],[14.7445,68.82815],[14.74812,68.83034],[14.75018,68.82968],[14.75065,68.82882],[14.75189,68.82895]],[[14.83309,68.87111],[14.83432,68.87259],[14.83589,68.87297],[14.83537,68.87203],[14.83992,68.87112]],[[14.77085,68.8262],[14.77049,68.82547],[14.77345,68.82475],[14.77227,68.8227],[14.77382,68.82236],[14.77638,68.82303],[14.77801,68.82213],[14.77587,68.82016],[14.77681,68.81865],[14.77441,68.81737],[14.76536,68.81631],[14.7608,68.81329],[14.75594,68.81191],[14.75209,68.81149]],[[14.84518,68.82628],[14.8431,68.82589],[14.84271,68.82534],[14.84551,68.82528],[14.84585,68.82461],[14.8422,68.82252],[14.84546,68.82136],[14.84548,68.81983],[14.84343,68.81767],[14.8397,68.81539],[14.84285,68.81504],[14.84467,68.81598],[14.84855,68.81636],[14.85457,68.81581],[14.85577,68.81504],[14.85596,68.81373],[14.85333,68.81153],[14.85443,68.80971],[14.85333,68.80948],[14.85026,68.80995],[14.84659,68.80851],[14.84703,68.80698],[14.85051,68.80566],[14.84827,68.80479],[14.84568,68.8041],[14.84207,68.80391],[14.82415,68.80011],[14.81895,68.80162],[14.81408,68.80166],[14.81294,68.80306],[14.81366,68.80559],[14.81556,68.80652],[14.81677,68.80837],[14.81641,68.80989],[14.81509,68.8108],[14.8184,68.81154],[14.81961,68.81317],[14.8129,68.81558],[14.80174,68.8164],[14.7999,68.81722],[14.79595,68.81656],[14.79322,68.81679],[14.78968,68.81736],[14.78695,68.81884],[14.78798,68.81945],[14.79411,68.81901],[14.79033,68.82029],[14.79009,68.82149],[14.79182,68.8224],[14.78943,68.82286],[14.78947,68.8233],[14.79196,68.82388],[14.79276,68.82623]],[[14.9324,68.82634],[14.94623,68.82303],[14.95732,68.81793],[14.96468,68.81753]],[[14.69289,68.82608],[14.70064,68.82729],[14.70353,68.82677],[14.70472,68.8261]],[[14.88855,68.82632],[14.88915,68.82745],[14.89242,68.82781],[14.89445,68.82738],[14.8938,68.82632]],[[14.79276,68.82623],[14.79303,68.82718],[14.79559,68.82812],[14.7953,68.82854],[14.79192,68.82882],[14.79181,68.83146]],[[14.82619,68.83223],[14.83172,68.8331]],[[14.83172,68.8331],[14.83292,68.83357],[14.83372,68.83299],[14.83508,68.83293],[14.83831,68.83418],[14.8439,68.83502],[14.84603,68.83501],[14.84751,68.83455],[14.84493,68.83169],[14.84564,68.82896],[14.8437,68.828],[14.8467,68.82713],[14.84518,68.82628]],[[14.70583,68.83383],[14.70401,68.83359],[14.7021,68.83527],[14.70524,68.8355],[14.70475,68.83467],[14.70624,68.83421],[14.70583,68.83383]],[[14.79181,68.83146],[14.79228,68.8326],[14.7961,68.83321],[14.79691,68.83375],[14.80502,68.83576],[14.80728,68.8359]],[[14.80728,68.8359],[14.80904,68.8356],[14.81007,68.8349],[14.81399,68.8348],[14.81906,68.83627],[14.82089,68.83624],[14.82238,68.83551],[14.82292,68.83358],[14.82464,68.83246],[14.82619,68.83223]],[[14.73073,68.83484],[14.73283,68.83462],[14.73271,68.83411],[14.72723,68.83405],[14.72262,68.83174],[14.71968,68.8311],[14.72076,68.82981],[14.72388,68.83151],[14.72702,68.83059],[14.72824,68.82877],[14.72729,68.82752],[14.72546,68.82682],[14.71844,68.82639],[14.71377,68.82676],[14.71208,68.82979],[14.71056,68.83044],[14.7124,68.83273],[14.7144,68.83235],[14.71559,68.83265],[14.71928,68.83433],[14.71901,68.83545],[14.72079,68.83566],[14.72102,68.83476],[14.72303,68.83484],[14.72581,68.83632],[14.7276,68.83663],[14.73073,68.83484]],[[14.63096,68.82595],[14.63113,68.82772],[14.63394,68.83019],[14.64262,68.83284],[14.64562,68.83303],[14.65245,68.8345],[14.65532,68.8343],[14.65784,68.83366],[14.67004,68.83445],[14.67236,68.83326],[14.67235,68.83191],[14.67412,68.83107],[14.67703,68.83079],[14.67922,68.83104],[14.68044,68.83206],[14.67816,68.83386],[14.68129,68.83491],[14.68253,68.83623],[14.68457,68.83679],[14.69223,68.8339],[14.69467,68.83353],[14.69671,68.83434],[14.69982,68.83442],[14.70248,68.83361],[14.70436,68.83228],[14.69937,68.82991],[14.69802,68.82843],[14.69386,68.82791],[14.69072,68.82682]],[[14.74398,68.8371],[14.74108,68.83726],[14.74139,68.83835],[14.74449,68.83842],[14.74482,68.83759],[14.74398,68.8371]],[[14.72084,68.83844],[14.71431,68.83959],[14.71443,68.84043],[14.71729,68.84041],[14.72089,68.8391],[14.72084,68.83844]],[[14.75175,68.84162],[14.75565,68.84114],[14.76317,68.84158],[14.7655,68.84],[14.76916,68.83966],[14.7698,68.83888],[14.76471,68.83868],[14.75783,68.83552],[14.75861,68.83415],[14.76063,68.83337],[14.76277,68.83311],[14.7627,68.83266],[14.75712,68.83308],[14.7568,68.83217],[14.75816,68.83188],[14.7561,68.82998],[14.75536,68.83048],[14.75187,68.83115]],[[14.74057,68.84416],[14.74305,68.84476],[14.74398,68.84456],[14.74387,68.84236],[14.73937,68.84243],[14.74197,68.84181],[14.73862,68.84153],[14.73743,68.84291],[14.73785,68.84435],[14.73973,68.84496],[14.74057,68.84416]],[[14.9324,68.82634],[14.92539,68.82909],[14.91854,68.83372],[14.90496,68.84003],[14.90064,68.84418],[14.8993,68.84659],[14.90253,68.84908],[14.90238,68.85078],[14.90359,68.85161],[14.91217,68.85389],[14.92166,68.85369],[14.92303,68.85479],[14.93059,68.85666]],[[14.96046,68.8642],[14.96644,68.86617]],[[15,68.84633],[15,68.84604]],[[14.75175,68.84162],[14.74696,68.84181],[14.7456,68.84379],[14.74594,68.84558],[14.75167,68.84854]],[[14.94916,68.8617],[14.95391,68.86316],[14.96046,68.8642]],[[14.84919,68.84682],[14.84775,68.8435],[14.84391,68.84256],[14.84237,68.84123],[14.84238,68.84053],[14.84455,68.8405],[14.84444,68.84003],[14.84226,68.84034],[14.83425,68.83964],[14.82961,68.83999],[14.8256,68.84108],[14.82136,68.84007],[14.81828,68.84006],[14.81773,68.84168],[14.82158,68.84611],[14.8229,68.8473],[14.8266,68.8485],[14.8288,68.84806],[14.83092,68.84899],[14.83251,68.8488],[14.83398,68.84725],[14.83715,68.84662],[14.83978,68.8475],[14.84253,68.84962],[14.84367,68.84981],[14.84855,68.84784],[14.84919,68.84682]],[[15,68.8913],[14.99873,68.89172],[15,68.89318]],[[14.75167,68.84854],[14.75352,68.84808],[14.75677,68.84896],[14.75956,68.85147],[14.7641,68.85191],[14.76968,68.85322],[14.77355,68.85364],[14.77463,68.8534],[14.77618,68.85138],[14.7796,68.84987],[14.78228,68.85028],[14.78134,68.84921],[14.7795,68.84876],[14.77875,68.848],[14.78113,68.84716],[14.78142,68.84653],[14.78387,68.84645],[14.78574,68.84805],[14.78658,68.84795],[14.78473,68.84637],[14.78403,68.84441],[14.78007,68.8434],[14.78373,68.84298],[14.78866,68.84323],[14.78844,68.84116],[14.78657,68.84018],[14.78226,68.83927],[14.78369,68.83827],[14.78315,68.83776],[14.76872,68.83295],[14.76864,68.83237],[14.77074,68.8321],[14.77204,68.83077],[14.77067,68.82956],[14.76412,68.82834],[14.76965,68.8276],[14.77124,68.82679],[14.77085,68.8262]],[[14.77635,68.85422],[14.77107,68.85513],[14.7736,68.85532],[14.77564,68.85506],[14.77635,68.85422]],[[14.97778,68.86436],[14.97964,68.86316],[14.98331,68.86302],[14.98724,68.86235],[14.99016,68.86238],[14.9909,68.86038]],[[14.98914,68.85751],[14.98854,68.85554],[14.99231,68.85213],[14.9911,68.8517],[14.9911,68.85113],[14.99643,68.84884],[15,68.84633]],[[14.85213,68.87113],[14.84903,68.87066],[14.84556,68.87071],[14.8446,68.86983],[14.84142,68.86903],[14.84144,68.86868],[14.84294,68.86838],[14.84226,68.86791],[14.83182,68.86674],[14.82977,68.86803],[14.82883,68.87032],[14.83309,68.87111]],[[14.93059,68.85666],[14.93208,68.85739],[14.93758,68.8579],[14.93843,68.85832]],[[14.77428,68.8587],[14.77494,68.85732],[14.77716,68.85711],[14.77641,68.85659],[14.76745,68.85629],[14.76111,68.85676],[14.76251,68.8573],[14.76601,68.85746],[14.76566,68.85844],[14.76704,68.85873],[14.7719,68.85881],[14.77326,68.8592],[14.77428,68.8587]],[[14.98982,68.85947],[14.98864,68.85811],[14.98914,68.85751]],[[14.93843,68.85832],[14.93985,68.8594],[14.94916,68.8617]],[[14.96644,68.86617],[14.9688,68.86648],[14.97602,68.8657],[14.97778,68.86436]],[[14.92171,68.86732],[14.9186,68.86709],[14.91654,68.86819],[14.92147,68.86788],[14.92171,68.86732]],[[14.95915,68.8703],[14.96084,68.86901],[14.96029,68.86848],[14.9573,68.86783],[14.95458,68.86795],[14.95351,68.86868],[14.95742,68.86984],[14.95398,68.86948],[14.95328,68.86982],[14.9553,68.87026],[14.95915,68.8703]],[[14.84345,68.87112],[14.84114,68.87027],[14.84019,68.87044],[14.83992,68.87112]],[[14.84345,68.87112],[14.84429,68.87157],[14.84224,68.87307],[14.84395,68.8734],[14.84561,68.87296],[14.84882,68.87411],[14.8526,68.87427],[14.85622,68.87538],[14.85745,68.87482],[14.8577,68.87355],[14.85213,68.87113]],[[14.93023,68.87493],[14.94191,68.87635],[14.94275,68.87522],[14.94863,68.87504]],[[14.93023,68.87493],[14.92488,68.8733],[14.92342,68.87378],[14.92025,68.8737],[14.91729,68.87329],[14.91544,68.87258],[14.9136,68.87268],[14.91349,68.87329],[14.9217,68.87443],[14.92516,68.87621],[14.9276,68.87671]],[[14.907,68.87446],[14.91032,68.87449],[14.91205,68.87505],[14.91694,68.87447],[14.91782,68.87577],[14.92068,68.87612],[14.922,68.87677],[14.92813,68.87749],[14.9276,68.87671]],[[14.87568,68.87682],[14.88268,68.87739],[14.88347,68.8763],[14.88574,68.87515],[14.88667,68.87248],[14.88953,68.87246],[14.89612,68.87425],[14.89784,68.87434],[14.90065,68.87342],[14.89889,68.87306],[14.89863,68.87253],[14.90262,68.87203],[14.90369,68.87264],[14.90235,68.87304],[14.90243,68.87376],[14.907,68.87446]],[[14.87568,68.87682],[14.8739,68.87774],[14.87567,68.8787]],[[14.98574,68.88015],[14.98467,68.87962],[14.98067,68.87935],[14.97639,68.87811],[14.97263,68.8779],[14.97255,68.87756],[14.97399,68.87725],[14.97269,68.87666],[14.96928,68.87681],[14.96976,68.87757],[14.9689,68.87779],[14.96147,68.87717],[14.95774,68.87636],[14.95634,68.87557],[14.96634,68.87555],[14.96578,68.87464],[14.9625,68.87374],[14.95874,68.8738],[14.95774,68.87485],[14.95052,68.87353],[14.94863,68.87504]],[[14.87565,68.8814],[14.87682,68.88119],[14.87677,68.87963],[14.87567,68.8787]],[[14.87565,68.8814],[14.87565,68.88185]],[[14.87564,68.88392],[14.87797,68.88277],[14.87565,68.88185]],[[14.98574,68.88015],[14.98987,68.88174],[14.9946,68.88561],[14.99892,68.88732]],[[14.99892,68.88732],[15,68.88855]],[[14.70437,68.88777],[14.70112,68.88725],[14.70058,68.88744],[14.70393,68.88966],[14.70674,68.89006],[14.70437,68.88777]],[[15,68.8913],[15.00228,68.88992]],[[15.00228,68.88992],[15,68.88855]],[[14.84181,68.89286],[14.83725,68.8916],[14.83906,68.89047],[14.83521,68.88824],[14.83748,68.88755],[14.83777,68.88589],[14.83939,68.88596],[14.84131,68.88661],[14.84338,68.88648],[14.83499,68.88427],[14.83748,68.883],[14.84213,68.88289],[14.85227,68.88558],[14.85949,68.88607],[14.87224,68.88413],[14.87564,68.88392]],[[15,68.89356],[15,68.89318]],[[15,68.89356],[14.99738,68.89417],[14.99912,68.89559],[15,68.89773]],[[14.79667,68.89999],[14.79542,68.8996],[14.79427,68.89993],[14.78786,68.89862],[14.78308,68.89908],[14.78447,68.89971],[14.79217,68.90058],[14.79697,68.90059],[14.79667,68.89999]],[[15,68.90234],[15.00243,68.90247]],[[15.00242,68.89933],[15,68.89773]],[[14.84181,68.89286],[14.84337,68.89324],[14.84207,68.89461],[14.83699,68.89474],[14.83839,68.89542],[14.84208,68.89551],[14.84443,68.89634],[14.84473,68.8974],[14.84346,68.898],[14.84704,68.89891],[14.84787,68.89992],[14.84585,68.90046],[14.84705,68.90243],[14.85306,68.90425],[14.85673,68.90475],[14.86042,68.90609]],[[14.98665,68.9127],[14.98826,68.9126],[14.99403,68.90971],[14.98931,68.90681],[14.98993,68.90652],[14.99244,68.9068],[14.99306,68.9063],[14.99113,68.90529],[14.98836,68.90496],[14.98806,68.90452],[14.98952,68.90426],[14.99403,68.9046],[14.99249,68.90139],[14.99399,68.90098],[14.99538,68.90158],[15,68.90234]],[[14.93106,68.93884],[14.92883,68.93752],[14.92553,68.93735],[14.92349,68.93767],[14.92588,68.9387],[14.92777,68.9385],[14.92961,68.93993],[14.93111,68.93972],[14.93106,68.93884]],[[14.8601,68.91598],[14.86328,68.91499],[14.86608,68.91333],[14.86377,68.90812],[14.86042,68.90609]],[[14.97846,68.91604],[14.97909,68.91407],[14.98494,68.9133],[14.98665,68.9127]],[[14.80253,68.91592],[14.80366,68.91641],[14.80553,68.9165],[14.80632,68.91593]],[[14.97489,68.92252],[14.97474,68.92217],[14.97733,68.92183],[14.97814,68.92095],[14.97727,68.91877],[14.97846,68.91604]],[[14.92038,68.92409],[14.92808,68.92278],[14.93666,68.92301]],[[14.94529,68.96087],[14.94007,68.9597],[14.93222,68.95942],[14.92709,68.95971],[14.92623,68.96086]],[[14.96881,68.92692],[14.97671,68.92626],[14.97744,68.92415],[14.97618,68.92288],[14.97489,68.92252]],[[14.93666,68.92301],[14.93978,68.92385],[14.94729,68.92369],[14.95253,68.92569],[14.95215,68.92629],[14.95564,68.92716],[14.95959,68.92961],[14.96179,68.93019],[14.96445,68.93028],[14.96727,68.92979],[14.96908,68.92863],[14.96862,68.92722]],[[14.8601,68.91598],[14.85824,68.91641],[14.85353,68.91641],[14.85282,68.91799],[14.85164,68.91839],[14.85373,68.91889],[14.85279,68.91981],[14.85364,68.92202],[14.8526,68.92229],[14.84637,68.92174],[14.84528,68.92225],[14.84804,68.92287],[14.84579,68.92369],[14.84656,68.92423],[14.84827,68.92438],[14.85815,68.92354],[14.85924,68.92421],[14.86268,68.92406],[14.86502,68.92447],[14.86611,68.92622],[14.86849,68.92667],[14.86845,68.92799],[14.86676,68.92934],[14.86235,68.93088],[14.8622,68.93245],[14.86783,68.93457],[14.87535,68.93533]],[[14.87534,68.93607],[14.87652,68.93577],[14.87535,68.93533]],[[14.91843,68.93432],[14.91744,68.93391],[14.91493,68.93436],[14.91405,68.93598],[14.91559,68.93616],[14.91847,68.93492],[14.91843,68.93432]],[[14.87534,68.93664],[14.88065,68.93624],[14.89422,68.93751],[14.89479,68.93658],[14.8963,68.93631],[14.89761,68.93398],[14.90125,68.93326],[14.90186,68.93258],[14.90522,68.93128],[14.91208,68.9293],[14.92038,68.92409]],[[14.93117,68.94532],[14.92918,68.94547],[14.93106,68.94681],[14.93331,68.94685],[14.93384,68.94626],[14.93117,68.94532]],[[14.92623,68.96086],[14.93193,68.96284],[14.94293,68.96448],[14.94506,68.96516],[14.94528,68.96576],[14.95436,68.96682],[14.95363,68.96471],[14.94644,68.9646],[14.95,68.96341],[14.95067,68.96277],[14.94529,68.96087]],[[15,68.96576],[14.99739,68.96598],[14.99598,68.96573],[14.99359,68.96671],[14.99238,68.9664],[14.99113,68.96766],[14.99186,68.96859],[14.99466,68.96947],[14.9956,68.96936],[14.99526,68.96836],[14.99606,68.96819],[15,68.9698]],[[15,68.9698],[15.00147,68.96927]],[[15.00156,68.96628],[15,68.96576]],[[14.42892,68.60723],[14.42581,68.60672],[14.42507,68.60697],[14.42749,68.60797],[14.43048,68.60818],[14.42892,68.60723]],[[14.20655,68.15179],[14.2072,68.15236],[14.2087,68.15181]],[[14.25392,68.16201],[14.25148,68.16215],[14.24839,68.16362],[14.24869,68.16425],[14.25019,68.16469],[14.25633,68.16356],[14.25587,68.16272],[14.25392,68.16201]],[[14.21395,68.15183],[14.21639,68.15309],[14.21704,68.15269],[14.21629,68.15184]],[[14.15793,68.13276],[14.15981,68.13395],[14.16117,68.13384],[14.15968,68.13213],[14.15795,68.13212]],[[14.23079,68.15009],[14.22776,68.15002],[14.22865,68.15103],[14.23023,68.1514],[14.23213,68.15087],[14.23079,68.15009]],[[14.22839,68.14565],[14.22697,68.14527],[14.22557,68.14545],[14.22532,68.14626],[14.22678,68.14693],[14.2291,68.14669],[14.22839,68.14565]],[[14.20686,68.14415],[14.20487,68.1436],[14.20306,68.14162],[14.19973,68.14166],[14.20118,68.14248],[14.19888,68.14288],[14.20079,68.14398],[14.20249,68.14431],[14.20414,68.1441],[14.20592,68.14537],[14.20916,68.14587],[14.20686,68.14415]],[[14.21656,68.14677],[14.215,68.14641],[14.21615,68.14586],[14.21547,68.14536],[14.21671,68.14298],[14.21254,68.14178],[14.20903,68.14176],[14.20881,68.14232],[14.21254,68.1462],[14.21574,68.14758],[14.21707,68.14717],[14.21656,68.14677]],[[14.22883,68.14769],[14.22735,68.1475],[14.22519,68.14802],[14.22535,68.14873],[14.22869,68.14844],[14.22883,68.14769]],[[14.19383,68.15173],[14.1934,68.15041],[14.19478,68.14921],[14.19969,68.15081],[14.20104,68.15084],[14.20155,68.15177]],[[14.20325,68.15178],[14.20181,68.14959],[14.19808,68.14822],[14.1973,68.14652],[14.1982,68.14587],[14.20123,68.14647],[14.20491,68.14997],[14.20578,68.14995],[14.20627,68.14906],[14.21007,68.15013],[14.21021,68.15113],[14.20882,68.15111],[14.20655,68.15179]],[[14.65017,68.15333],[14.65219,68.1518],[14.64864,68.15195],[14.64879,68.15244],[14.64692,68.15283],[14.64704,68.15332]],[[14.65761,68.15334],[14.65548,68.15263],[14.65294,68.15333]],[[14.66932,68.15336],[14.66768,68.1525],[14.66608,68.15301],[14.66665,68.15336]],[[14.67627,68.15338],[14.6736,68.15337]],[[14.68741,68.1534],[14.68059,68.15192],[14.68055,68.15232],[14.68317,68.15339]],[[14.68317,68.15339],[14.68477,68.15361],[14.68389,68.15405],[14.68475,68.15444],[14.69079,68.15584],[14.69241,68.15584],[14.68741,68.1534]],[[14.65294,68.15333],[14.64996,68.15536],[14.65532,68.15596],[14.65633,68.15578],[14.65761,68.15334]],[[14.66932,68.15336],[14.67441,68.15633],[14.6736,68.15337]],[[14.20325,68.15178],[14.20602,68.1542],[14.21096,68.15587],[14.21175,68.15371],[14.20943,68.15181]],[[14.24872,68.15611],[14.24828,68.15509],[14.24641,68.15474],[14.2416,68.15538],[14.24099,68.15652],[14.24316,68.15716],[14.24755,68.15664],[14.24872,68.15611]],[[14.19383,68.15173],[14.19808,68.1528],[14.19718,68.15366],[14.19868,68.15484],[14.20257,68.15555],[14.20754,68.15711],[14.20953,68.156],[14.2067,68.15514],[14.20536,68.15525],[14.20155,68.15177]],[[14.65182,68.15649],[14.64861,68.15623],[14.648,68.1569],[14.64894,68.15827],[14.6506,68.1587],[14.65156,68.15857],[14.65279,68.15717],[14.65182,68.15649]],[[14.21177,68.15749],[14.20767,68.15742],[14.21066,68.15851],[14.21188,68.15838],[14.21253,68.15764],[14.21177,68.15749]],[[14.19685,68.15603],[14.19507,68.15589],[14.19468,68.15633],[14.19659,68.15718],[14.19801,68.15883],[14.19921,68.15856],[14.19965,68.15772],[14.19685,68.15603]],[[14.22939,68.15762],[14.22497,68.15732],[14.22306,68.1567],[14.2195,68.15658],[14.21832,68.15735],[14.21859,68.15878],[14.22204,68.16058],[14.22867,68.16041],[14.22992,68.15973],[14.23031,68.15854],[14.22939,68.15762]],[[14.20138,68.15926],[14.19817,68.15908],[14.19743,68.1597],[14.20112,68.16061],[14.20202,68.16039],[14.20138,68.15926]],[[14.24944,68.16093],[14.2482,68.16075],[14.24589,68.16117],[14.24504,68.16156],[14.24538,68.1624],[14.24806,68.16241],[14.24944,68.16093]],[[14.66825,68.16685],[14.66624,68.16654],[14.66635,68.16776],[14.67115,68.16841],[14.66825,68.16685]],[[14.24529,68.19348],[14.24537,68.19315],[14.24124,68.19199]],[[14.6626,68.16364],[14.66162,68.1637],[14.66171,68.16445],[14.6649,68.16564],[14.67035,68.16607],[14.66832,68.16455],[14.6626,68.16364]],[[14.3628,68.17111],[14.36155,68.17118],[14.36171,68.17208],[14.36416,68.17272],[14.36554,68.17228],[14.3628,68.17111]],[[14.19318,68.17054],[14.19093,68.16986],[14.18983,68.17067],[14.19199,68.17206],[14.19318,68.17054]],[[14.21589,68.1628],[14.21363,68.1627],[14.21287,68.16346],[14.21481,68.16497],[14.21388,68.16596],[14.21687,68.16737],[14.21806,68.16744],[14.22038,68.16637],[14.22454,68.16536],[14.22535,68.16426],[14.22352,68.16383],[14.21989,68.16374],[14.21589,68.1628]],[[14.67017,68.16908],[14.66949,68.16868],[14.66565,68.16836],[14.65841,68.16485],[14.65578,68.16519],[14.65181,68.1643]],[[14.6281,68.16782],[14.62624,68.16747],[14.62519,68.16796],[14.62649,68.16865],[14.63002,68.16907],[14.63036,68.16874],[14.6281,68.16782]],[[14.2599,68.1665],[14.25887,68.16612],[14.25734,68.16635],[14.25653,68.16832],[14.25875,68.1684],[14.2599,68.1665]],[[14.26703,68.16693],[14.26485,68.16594],[14.26325,68.16847],[14.26541,68.16832],[14.26703,68.16693]],[[14.64865,68.16881],[14.64674,68.16867],[14.64572,68.16941],[14.64871,68.17006],[14.64962,68.16965],[14.64865,68.16881]],[[14.65181,68.1643],[14.65357,68.16399],[14.6529,68.16323],[14.65599,68.16359],[14.6568,68.16322],[14.65031,68.16072],[14.64991,68.16122],[14.65291,68.16259],[14.65129,68.16303],[14.64799,68.16207],[14.64681,68.16216],[14.64689,68.1631],[14.64904,68.16311],[14.65083,68.16364],[14.6476,68.16423],[14.64832,68.16587],[14.65319,68.16709],[14.65611,68.16737],[14.65462,68.16797],[14.66017,68.17008],[14.66792,68.17022],[14.67017,68.16908]],[[14.27714,68.16752],[14.2759,68.1673],[14.27463,68.16763],[14.27643,68.16862],[14.27704,68.17061]],[[14.66665,68.15336],[14.66684,68.15667],[14.67064,68.1581],[14.6628,68.15828],[14.66172,68.15952],[14.66009,68.15863],[14.66104,68.15783],[14.66047,68.1573],[14.65545,68.15661],[14.65423,68.15774],[14.6541,68.15956],[14.66109,68.16109],[14.66198,68.16144],[14.66137,68.16199],[14.66204,68.16267],[14.67027,68.16478],[14.67147,68.16592],[14.67273,68.16623],[14.67013,68.1671],[14.67547,68.16955],[14.68082,68.17027],[14.68279,68.16956],[14.68622,68.16911],[14.68665,68.17031],[14.68761,68.17049],[14.69546,68.17021],[14.69529,68.1705],[14.69042,68.17086],[14.69256,68.17152],[14.69644,68.17194],[14.6992,68.1716],[14.70207,68.17191],[14.70288,68.17131],[14.70106,68.17117],[14.70002,68.17025],[14.70408,68.16977],[14.70384,68.16913],[14.70201,68.16837],[14.70279,68.16769],[14.707,68.16688],[14.70557,68.16493],[14.70312,68.16394],[14.6951,68.15765],[14.68075,68.15505],[14.67725,68.15419],[14.67627,68.15338]],[[14.68126,68.17101],[14.6779,68.17088],[14.67699,68.17127],[14.67852,68.17181],[14.68269,68.17207],[14.68263,68.1715],[14.68126,68.17101]],[[14.27704,68.17061],[14.27936,68.17078],[14.28209,68.16945],[14.27714,68.16752]],[[14.35424,68.17112],[14.35109,68.1713],[14.35312,68.17236],[14.35471,68.17218],[14.35424,68.17112]],[[14.19854,68.1699],[14.1978,68.16955],[14.19696,68.1697],[14.19392,68.17223],[14.1971,68.17315],[14.20005,68.17198],[14.19854,68.1699]],[[14.69639,68.17535],[14.6938,68.17488],[14.69032,68.17499],[14.68903,68.17561],[14.69013,68.17666],[14.69397,68.17705],[14.70024,68.17694],[14.69893,68.17575],[14.69639,68.17535]],[[14.21224,68.18254],[14.20927,68.18139],[14.20497,68.18191],[14.20577,68.18142],[14.20385,68.18056],[14.20197,68.18198],[14.20277,68.1826],[14.20962,68.18381],[14.21277,68.18329],[14.21224,68.18254]],[[14.27684,68.17679],[14.27339,68.17575],[14.27087,68.17442],[14.26749,68.17459],[14.26008,68.17352],[14.25835,68.17254],[14.25862,68.17098],[14.25721,68.17058],[14.24275,68.1718],[14.24054,68.16924],[14.23247,68.16982],[14.22987,68.16782],[14.22875,68.16763],[14.22268,68.16828],[14.22006,68.17163],[14.21345,68.17092],[14.21299,68.17038],[14.21426,68.16982],[14.20993,68.16926],[14.2065,68.17042],[14.20825,68.17056],[14.20885,68.17122],[14.20741,68.17211],[14.20678,68.17364],[14.20757,68.17829],[14.21206,68.1798],[14.21664,68.18294],[14.22151,68.18461]],[[14.22151,68.18461],[14.23136,68.18781]],[[14.00022,68.18381],[13.99751,68.18385]],[[13.99699,68.18464],[14.00054,68.1871],[14.00141,68.18656],[14.00014,68.18556],[14.00134,68.18447],[14.00022,68.18381]],[[14.59058,68.24035],[14.59035,68.23948],[14.58816,68.23923],[14.58651,68.23944],[14.58666,68.23998],[14.59003,68.24067],[14.59058,68.24035]],[[14.02694,68.18761],[14.03202,68.18526],[14.03033,68.18479],[14.02859,68.18513],[14.02816,68.186],[14.02646,68.1867],[14.02671,68.18516],[14.02352,68.18503],[14.02479,68.18408],[14.02455,68.18342],[14.01918,68.18357],[14.01793,68.18463],[14.02273,68.18658],[14.02241,68.18699],[14.0192,68.18711],[14.0197,68.18922],[14.02193,68.18918],[14.02694,68.18761]],[[14.05676,68.18731],[14.0551,68.1873],[14.05399,68.18822],[14.05663,68.18977],[14.05768,68.1892],[14.05676,68.18731]],[[14.06138,68.18766],[14.05965,68.18781],[14.05876,68.18961],[14.06015,68.19024],[14.06296,68.19056],[14.06306,68.18904],[14.06138,68.18766]],[[14.39699,68.1915],[14.39355,68.19008],[14.39266,68.19018],[14.39696,68.19238]],[[14.39696,68.19238],[14.39851,68.19208],[14.39699,68.1915]],[[14.23136,68.18781],[14.23564,68.18889],[14.24124,68.19199]],[[14.39513,68.2008],[14.39671,68.20203]],[[14.04617,68.19107],[14.04449,68.19088],[14.04309,68.19125],[14.0439,68.19305],[14.04505,68.19294],[14.04606,68.19214],[14.04617,68.19107]],[[13.99976,68.19553],[14.00455,68.19253],[14.01013,68.19141],[14.00916,68.19003],[14.00974,68.18952],[14.01056,68.18959],[14.01131,68.19101],[14.01502,68.19091],[14.0165,68.1904],[14.01583,68.18923],[14.01317,68.18871],[14.01317,68.18819],[14.01726,68.18867],[14.01991,68.19127],[14.02304,68.19195],[14.02559,68.19158],[14.02601,68.19269],[14.02995,68.19474],[14.03184,68.19471],[14.03253,68.19373],[14.03389,68.19422],[14.03506,68.19388]],[[14.06364,68.19289],[14.06459,68.19229],[14.06381,68.19179],[14.05979,68.19252],[14.0614,68.1907],[14.0585,68.19068],[14.05761,68.19099],[14.05659,68.19063],[14.05333,68.19112],[14.05153,68.19332],[14.05337,68.19576],[14.06364,68.19289]],[[14.24885,68.23798],[14.25294,68.2398],[14.25918,68.23976],[14.26139,68.24021]],[[14.04433,68.19579],[14.04292,68.19467],[14.03924,68.19516],[14.04288,68.18974],[14.0412,68.1882],[14.03854,68.18894],[14.03891,68.19045],[14.03657,68.19034],[14.03545,68.19105],[14.03533,68.19206],[14.03802,68.19296],[14.03632,68.19314],[14.03506,68.19388]],[[14.05887,68.19587],[14.05733,68.19544],[14.0552,68.19585]],[[14.216,68.19669],[14.21486,68.19435],[14.21633,68.19182],[14.21605,68.19001],[14.21871,68.18788],[14.22115,68.18773],[14.22304,68.18689],[14.23004,68.19052],[14.23319,68.19165],[14.23568,68.19204],[14.23736,68.19302],[14.24142,68.19378],[14.24529,68.19348]],[[14.34213,68.19858],[14.34202,68.19784],[14.34025,68.19723]],[[14.39671,68.20203],[14.3987,68.20206],[14.40266,68.20093],[14.40371,68.19999],[14.40256,68.19875],[14.4061,68.19769]],[[14.47258,68.19967],[14.47091,68.19945],[14.47307,68.20118],[14.47593,68.2023],[14.47772,68.20237],[14.47664,68.20128],[14.47706,68.20025],[14.47579,68.19978],[14.47258,68.19967]],[[14.21942,68.19995],[14.22368,68.20174],[14.2328,68.2031],[14.23371,68.2038],[14.23327,68.20441],[14.23124,68.20495]],[[14.39664,68.20487],[14.39356,68.20496],[14.39661,68.20583]],[[14.44165,68.21373],[14.44202,68.2142],[14.44065,68.21525],[14.44344,68.2168],[14.44559,68.2164],[14.44705,68.21562],[14.4472,68.21463],[14.44643,68.21429]],[[14.53943,68.24181],[14.53553,68.2408],[14.53347,68.23967],[14.53763,68.23871],[14.53562,68.23756],[14.53597,68.23721]],[[14.34025,68.19723],[14.33742,68.19564],[14.3346,68.19547],[14.33529,68.19466],[14.33893,68.19288],[14.34145,68.19272],[14.34807,68.1909],[14.35227,68.19062],[14.35547,68.1898],[14.35654,68.18866],[14.35498,68.18704],[14.35145,68.18591],[14.34908,68.1866],[14.34854,68.18867],[14.34723,68.18972],[14.34544,68.188],[14.34363,68.18796],[14.34064,68.18936],[14.33901,68.18944],[14.3378,68.18891],[14.33978,68.1876],[14.34414,68.18639],[14.34718,68.18397],[14.3464,68.18213],[14.34478,68.18171],[14.34228,68.18183],[14.33869,68.18011],[14.33331,68.17951],[14.33206,68.18085],[14.33039,68.17983],[14.32699,68.17949],[14.32697,68.18144],[14.32304,68.18038],[14.31742,68.18029],[14.31501,68.17971],[14.31182,68.17969],[14.31008,68.18094],[14.30691,68.18099],[14.30296,68.1791],[14.29802,68.1793],[14.29712,68.1799],[14.29567,68.17988],[14.2926,68.17865],[14.28496,68.17878],[14.27684,68.17679]],[[14.34539,68.19725],[14.34648,68.19336],[14.35773,68.19112],[14.35991,68.19163],[14.3615,68.18988],[14.36431,68.19176],[14.36685,68.19495],[14.36796,68.1947],[14.36809,68.19353],[14.3704,68.19431],[14.36934,68.19155],[14.36677,68.19022],[14.36656,68.18932],[14.36782,68.18847],[14.36888,68.18846],[14.37198,68.19158],[14.37414,68.19201],[14.37368,68.18937],[14.37216,68.18785],[14.37427,68.18824],[14.37619,68.18921],[14.37873,68.19195],[14.38125,68.19192],[14.37903,68.19036],[14.37964,68.1901],[14.38372,68.19168],[14.38243,68.1939],[14.37855,68.19498],[14.37954,68.19593],[14.38144,68.19534],[14.38411,68.19599],[14.38854,68.19559],[14.38821,68.19436],[14.38984,68.19369],[14.39262,68.19608],[14.39295,68.19471],[14.39585,68.19472],[14.39538,68.19323],[14.39694,68.19317]],[[14.40634,68.19748],[14.4064,68.1955],[14.40451,68.19445],[14.40191,68.19406],[14.40094,68.19465],[14.39769,68.19439],[14.39779,68.19338],[14.39694,68.19317]],[[14.41964,68.19753],[14.42023,68.19717],[14.41933,68.19671],[14.41694,68.19596],[14.41404,68.19563],[14.41353,68.19593],[14.41524,68.19751]],[[14.41524,68.19751],[14.41631,68.19805],[14.41964,68.19753]],[[14.10629,68.19712],[14.10344,68.19632],[14.10215,68.19689],[14.10318,68.19781],[14.1086,68.19836],[14.10779,68.19741],[14.10629,68.19712]],[[14.216,68.19669],[14.2171,68.19864],[14.21942,68.19995]],[[14.0552,68.19585],[14.05671,68.1978],[14.05684,68.19974],[14.05931,68.19964],[14.05974,68.19931],[14.06009,68.19795],[14.05887,68.19587]],[[14.39029,68.20163],[14.3907,68.20202],[14.3931,68.20182],[14.39337,68.20216],[14.39148,68.20286],[14.39463,68.20405],[14.39666,68.20408]],[[14.45369,68.20399],[14.45113,68.20356],[14.45498,68.20502],[14.45805,68.20508],[14.45708,68.20448],[14.45369,68.20399]],[[14.39664,68.20487],[14.39794,68.20537],[14.39884,68.20509],[14.39666,68.20408]],[[14.48065,68.20568],[14.47498,68.2048],[14.46975,68.2048],[14.46992,68.20429],[14.4735,68.20364],[14.47396,68.203],[14.47306,68.20235],[14.46854,68.20169],[14.4654,68.20068],[14.45746,68.20003],[14.45805,68.20111],[14.46136,68.20178],[14.46098,68.20209],[14.45819,68.20177],[14.45326,68.19987],[14.44782,68.1998],[14.4454,68.20027],[14.44599,68.20095],[14.4495,68.20129],[14.44941,68.20182],[14.45271,68.20286],[14.46266,68.20487],[14.4652,68.20479]],[[14.4652,68.20479],[14.46447,68.20549],[14.46153,68.20584],[14.46185,68.20633],[14.46367,68.20651],[14.46293,68.20697],[14.46001,68.20637]],[[14.39659,68.20679],[14.39661,68.20583]],[[14.39659,68.20679],[14.39529,68.20775],[14.39654,68.20851]],[[14.34213,68.19858],[14.34,68.20046],[14.34121,68.20178],[14.34334,68.20246],[14.34473,68.20552],[14.33254,68.20915]],[[14.3949,68.20947],[14.39654,68.20869]],[[14.14752,68.20613],[14.14655,68.2059],[14.14547,68.20643],[14.14674,68.20845],[14.14771,68.20875],[14.14876,68.20731],[14.14752,68.20613]],[[14.3949,68.20947],[14.39357,68.20998],[14.39381,68.21034]],[[14.39466,68.21055],[14.39649,68.2105]],[[14.46001,68.20637],[14.45708,68.20587],[14.45663,68.20713],[14.45215,68.20629],[14.45062,68.2047],[14.44731,68.20339],[14.4406,68.20197],[14.4366,68.20186],[14.43918,68.2034],[14.44439,68.20482],[14.44292,68.20539],[14.44429,68.20598],[14.44712,68.20573],[14.44905,68.20619],[14.44867,68.20741],[14.44951,68.20797],[14.44819,68.20866],[14.45904,68.21092]],[[14.23124,68.20495],[14.2232,68.20516],[14.22022,68.20593],[14.21872,68.20744],[14.22145,68.21027],[14.2211,68.21141]],[[14.48712,68.20984],[14.48576,68.2102],[14.48357,68.21278],[14.48111,68.2125],[14.48287,68.21118],[14.48013,68.21017],[14.48446,68.20951],[14.48314,68.20878],[14.48151,68.20888],[14.48046,68.20851],[14.48706,68.20696],[14.48606,68.2052],[14.48348,68.20457],[14.48065,68.20568]],[[14.69569,68.21047],[14.69423,68.2106],[14.69631,68.21179],[14.69556,68.21267],[14.70048,68.21339],[14.70175,68.21324],[14.7019,68.21294],[14.69569,68.21047]],[[14.33254,68.20915],[14.3307,68.20971],[14.32992,68.21171],[14.33206,68.21285],[14.33502,68.21308]],[[14.33502,68.21308],[14.34391,68.21228],[14.3438,68.21187],[14.34154,68.21156],[14.34146,68.2107],[14.34643,68.20775],[14.3475,68.2039],[14.34518,68.19773]],[[14.44165,68.21373],[14.43932,68.20994],[14.43358,68.20752],[14.43422,68.20553],[14.43325,68.20441],[14.43102,68.20404],[14.43062,68.20328],[14.42679,68.20246],[14.41875,68.20194],[14.42054,68.20338],[14.42573,68.2043],[14.42467,68.20504],[14.42133,68.20497],[14.42199,68.20611],[14.42479,68.20621],[14.4282,68.20761]],[[14.45868,68.2112],[14.447,68.20978],[14.44576,68.20799],[14.43928,68.20726],[14.44356,68.21287],[14.44325,68.21377],[14.44643,68.21429]],[[14.402,68.21131],[14.40188,68.2145],[14.40477,68.21468],[14.40735,68.21399],[14.40763,68.2131],[14.40649,68.21204],[14.40773,68.21208],[14.40866,68.21296],[14.4095,68.213],[14.41049,68.2116],[14.41211,68.21148],[14.41295,68.2102],[14.41625,68.20884],[14.41959,68.20935],[14.4216,68.20917],[14.42183,68.20853],[14.4235,68.20845],[14.42687,68.20963],[14.42698,68.20845],[14.42998,68.20845],[14.4282,68.20761]],[[14.17765,68.21309],[14.17377,68.21314],[14.17666,68.21568],[14.17902,68.21529],[14.17894,68.21415],[14.17765,68.21309]],[[14.48913,68.21703],[14.48775,68.21676],[14.48758,68.21533],[14.48241,68.21538],[14.48256,68.21476],[14.49277,68.21441],[14.4995,68.21374],[14.50009,68.21246],[14.49892,68.2117],[14.49714,68.2114],[14.4953,68.21255],[14.49359,68.21286],[14.48923,68.21114],[14.48913,68.21013],[14.48712,68.20984]],[[14.12017,68.21413],[14.11879,68.21403],[14.11777,68.21492],[14.11897,68.21562],[14.12278,68.21635],[14.1227,68.21569],[14.12017,68.21413]],[[14.55405,68.21775],[14.55145,68.21781],[14.55025,68.21888],[14.55353,68.21941],[14.55491,68.21835],[14.55405,68.21775]],[[14.5067,68.21807],[14.50585,68.2165],[14.50732,68.21552],[14.50852,68.21555],[14.50889,68.21617],[14.51283,68.21618],[14.5144,68.21659],[14.51499,68.21809],[14.51356,68.2202],[14.51479,68.22064],[14.51536,68.22349],[14.51691,68.22376]],[[14.20936,68.21984],[14.20739,68.21979],[14.20714,68.22083],[14.20833,68.22133],[14.20788,68.22249],[14.20911,68.22274],[14.2109,68.22252],[14.21116,68.22105],[14.20936,68.21984]],[[14.21956,68.21221],[14.2139,68.2139],[14.21082,68.21408],[14.20654,68.21578],[14.20827,68.21598],[14.21115,68.21499],[14.21189,68.2151],[14.21381,68.21933],[14.21257,68.22234],[14.21511,68.22465]],[[14.0731,68.22312],[14.07723,68.22311],[14.07924,68.22427]],[[14.18427,68.21922],[14.18457,68.218],[14.18353,68.21771],[14.18003,68.21901],[14.17943,68.22068],[14.1806,68.2219],[14.18009,68.22313],[14.1813,68.22533],[14.18313,68.2258],[14.18412,68.22563],[14.18596,68.22262],[14.18548,68.22173],[14.18351,68.22106],[14.18427,68.21922]],[[14.121,68.23298],[14.12216,68.23271],[14.12263,68.23105],[14.12546,68.22962],[14.12412,68.22903]],[[14.09798,68.22864],[14.09798,68.22917],[14.09493,68.22967],[14.08886,68.22816],[14.0856,68.22869],[14.08332,68.22794],[14.08275,68.22694],[14.07761,68.22617],[14.07787,68.2252],[14.0763,68.22389],[14.07398,68.22378]],[[14.21511,68.22465],[14.21616,68.22535],[14.21604,68.22637],[14.21464,68.22691],[14.21051,68.2271],[14.20985,68.22757],[14.21018,68.22869],[14.21277,68.22933],[14.21478,68.23053]],[[14.60115,68.24291],[14.60765,68.2436],[14.61054,68.24328],[14.61303,68.24415],[14.62312,68.24448],[14.6274,68.24518]],[[14.55577,68.24502],[14.55528,68.24405],[14.5586,68.24341],[14.55865,68.2428]],[[14.07924,68.22427],[14.08022,68.22518],[14.08537,68.2255],[14.08847,68.22526],[14.08808,68.22358],[14.08646,68.22282],[14.08888,68.22244],[14.08921,68.22157],[14.08671,68.22181],[14.08436,68.22091],[14.08643,68.21883],[14.08609,68.21819],[14.07969,68.21859],[14.07773,68.22057],[14.07349,68.21885],[14.07782,68.21696],[14.07766,68.21566],[14.0725,68.21663],[14.06798,68.2165],[14.06729,68.21705],[14.06784,68.21781],[14.06614,68.21737],[14.06541,68.21671],[14.06713,68.21611],[14.06683,68.21544],[14.06876,68.21467],[14.06778,68.21427],[14.06659,68.21432],[14.06528,68.21527],[14.06441,68.21528],[14.06243,68.21398],[14.06234,68.21294],[14.06854,68.21019],[14.0663,68.20913],[14.06098,68.20858],[14.06071,68.20676],[14.05843,68.20661],[14.05787,68.20451],[14.05525,68.20377],[14.05589,68.20272],[14.05819,68.20195],[14.05817,68.20105],[14.05485,68.20008],[14.05492,68.19911],[14.05368,68.19894],[14.05355,68.20039],[14.04997,68.20177],[14.04808,68.20107],[14.04998,68.19832],[14.04821,68.19888],[14.04577,68.20118],[14.04506,68.20015],[14.04248,68.20008],[14.04206,68.19962],[14.04548,68.1981],[14.04483,68.19698],[14.04231,68.1965],[14.04433,68.19579]],[[14.62806,68.22734],[14.62562,68.22731],[14.62647,68.22847],[14.63064,68.22877],[14.62806,68.22734]],[[14.10562,68.22389],[14.10343,68.22376],[14.10299,68.22479],[14.10197,68.22498],[14.10136,68.22406],[14.09974,68.2239],[14.10112,68.22641],[14.09951,68.22705]],[[14.19713,68.22456],[14.19626,68.22463],[14.19571,68.22678],[14.19618,68.22744],[14.19797,68.22774],[14.1985,68.22647],[14.19738,68.22613],[14.19713,68.22456]],[[14.56158,68.22988],[14.55954,68.22815],[14.56006,68.22779],[14.56169,68.22782],[14.56174,68.22737],[14.55744,68.2263],[14.55821,68.22421],[14.5564,68.22331],[14.55328,68.22469],[14.55347,68.22649],[14.55257,68.22703],[14.55414,68.22787],[14.55333,68.22843],[14.55394,68.22917],[14.55566,68.22951]],[[14.12412,68.22903],[14.12087,68.22701],[14.12093,68.22548],[14.12551,68.22155],[14.12577,68.21985],[14.12472,68.21932],[14.12044,68.21857],[14.11898,68.21692],[14.11618,68.21632],[14.11553,68.21478],[14.11137,68.2123],[14.11145,68.21149],[14.10757,68.21095],[14.10629,68.21102],[14.10526,68.21165],[14.10335,68.21108],[14.10267,68.21124],[14.10475,68.213],[14.10341,68.2139],[14.10371,68.21464],[14.10722,68.21975],[14.10858,68.22063],[14.1059,68.22209],[14.10562,68.22389]],[[14.64566,68.24029],[14.64744,68.23935],[14.6458,68.23712],[14.64396,68.2371],[14.64388,68.23609],[14.6426,68.23521],[14.64015,68.23534],[14.63751,68.23494]],[[14.20145,68.22923],[14.20231,68.22905],[14.20435,68.22941],[14.20549,68.22902],[14.20303,68.22605],[14.20327,68.22542],[14.20201,68.22544],[14.20122,68.22494],[14.20194,68.22313],[14.20083,68.2217],[14.19885,68.22062],[14.19684,68.22089],[14.19614,68.22152],[14.19844,68.22278],[14.19614,68.22349],[14.19423,68.22235],[14.19522,68.22045],[14.19384,68.21943],[14.19404,68.21863],[14.19785,68.21725],[14.19646,68.21494],[14.19275,68.21358],[14.18967,68.21415],[14.18625,68.21688],[14.18788,68.21917],[14.18688,68.22011],[14.18853,68.22207],[14.18602,68.22526],[14.18901,68.22643],[14.19268,68.22714],[14.19255,68.22802],[14.1899,68.22778],[14.19124,68.22879],[14.19766,68.22856],[14.1988,68.22973],[14.20404,68.23199],[14.20145,68.22923]],[[14.21272,68.23042],[14.21078,68.23048],[14.21062,68.23077],[14.21212,68.2318],[14.21426,68.23236],[14.2148,68.23139],[14.21272,68.23042]],[[14.63756,68.23197],[14.63588,68.23155],[14.63411,68.23168],[14.63351,68.23252],[14.63183,68.23212],[14.63162,68.2334],[14.63228,68.23433],[14.63344,68.23448],[14.63753,68.2336]],[[14.58836,68.2321],[14.58639,68.23246],[14.5908,68.23466],[14.58836,68.2321]],[[14.59436,68.23245],[14.59198,68.23192],[14.59144,68.2331],[14.59452,68.23623],[14.59551,68.23641],[14.59436,68.23245]],[[14.54543,68.23668],[14.54357,68.23403],[14.53868,68.23347],[14.53522,68.23162],[14.53899,68.23053],[14.54323,68.22775],[14.54346,68.22684],[14.54283,68.22632],[14.54035,68.22619],[14.53893,68.22563],[14.53815,68.2247],[14.53924,68.22409],[14.53882,68.22222],[14.53485,68.22178],[14.53524,68.22123],[14.53845,68.2204],[14.53749,68.21907],[14.53153,68.21888],[14.52933,68.2193],[14.52899,68.22067],[14.527,68.22227],[14.52141,68.22192],[14.51939,68.2231],[14.51691,68.22376]],[[14.58411,68.23554],[14.58598,68.23533],[14.58447,68.23355],[14.58312,68.23319],[14.58362,68.23415],[14.58264,68.23449],[14.58099,68.23401],[14.58065,68.23354],[14.58217,68.23273],[14.57437,68.22895],[14.57536,68.22679],[14.57401,68.22597],[14.57031,68.22615],[14.56975,68.22536],[14.57077,68.22488],[14.56934,68.22402],[14.56801,68.22446],[14.5678,68.22512],[14.56647,68.22538],[14.56755,68.22589],[14.56849,68.22788],[14.57197,68.23013],[14.57735,68.23162],[14.57925,68.23271],[14.57751,68.23276],[14.57491,68.23182],[14.57464,68.23273],[14.57834,68.23438],[14.58212,68.23504],[14.58322,68.23588],[14.58194,68.23656],[14.58413,68.23723],[14.58542,68.23717],[14.58573,68.23689],[14.58364,68.23588],[14.58411,68.23554]],[[14.53597,68.23721],[14.53858,68.23727],[14.54425,68.23886],[14.54591,68.23782],[14.54543,68.23668]],[[14.66195,68.23624],[14.65869,68.23613],[14.65562,68.23663],[14.65515,68.23572],[14.653,68.23514],[14.65202,68.23529],[14.65255,68.23588],[14.65134,68.23608],[14.64814,68.2356],[14.64752,68.23598],[14.64989,68.23862],[14.65032,68.24025]],[[14.56158,68.22988],[14.56244,68.23027],[14.56445,68.22995],[14.56455,68.22883],[14.56642,68.22921],[14.56709,68.22957],[14.56618,68.2314],[14.56699,68.23299],[14.57037,68.23457],[14.57429,68.23502],[14.57481,68.2373],[14.57258,68.23779],[14.57248,68.23829],[14.57513,68.23822],[14.57564,68.23897],[14.57667,68.23906],[14.58003,68.23844],[14.58092,68.23774],[14.58238,68.23835],[14.58238,68.2395],[14.57955,68.24016],[14.57093,68.239],[14.56794,68.23945],[14.56824,68.23992],[14.5752,68.24209],[14.57633,68.24196],[14.57668,68.24113],[14.57919,68.24111],[14.58765,68.24209]],[[14.54444,68.24221],[14.54665,68.24178],[14.54971,68.24001],[14.55459,68.24163],[14.55682,68.24108],[14.55292,68.23876],[14.55176,68.23649],[14.55361,68.23521],[14.55397,68.23608],[14.55599,68.23609],[14.55578,68.23452],[14.55313,68.23236],[14.55063,68.23202],[14.5502,68.23128],[14.55033,68.22999],[14.55255,68.22936],[14.55689,68.23164],[14.55822,68.23165],[14.55835,68.23072],[14.55566,68.22951]],[[14.26139,68.24021],[14.26208,68.24078],[14.26064,68.2412],[14.26142,68.24151],[14.2624,68.24147],[14.26385,68.24064],[14.27362,68.24107],[14.27482,68.24077]],[[14.125,68.24108],[14.1248,68.2398],[14.1236,68.2389],[14.12439,68.23748],[14.12261,68.23664],[14.12246,68.23507],[14.12025,68.23318],[14.121,68.23298]],[[14.6316,68.24298],[14.63286,68.24007],[14.63487,68.23965],[14.63485,68.23628],[14.63345,68.23553],[14.63373,68.235],[14.63751,68.23494]],[[14.65032,68.24025],[14.65269,68.24302]],[[14.66195,68.23624],[14.6638,68.23656],[14.67031,68.23961],[14.67111,68.24083],[14.6693,68.2418],[14.66991,68.24306]],[[14.66635,68.24608],[14.66793,68.24657],[14.67199,68.24683],[14.67313,68.24505],[14.67262,68.24464],[14.67098,68.24466],[14.67043,68.2439],[14.67233,68.24375],[14.67259,68.24306]],[[14.28117,68.24183],[14.27929,68.24377],[14.27541,68.24352],[14.27529,68.24437],[14.28097,68.24584],[14.28198,68.24472],[14.28365,68.24475],[14.28484,68.24574]],[[14.13636,68.24547],[14.13405,68.24497],[14.13292,68.24338],[14.12887,68.24218],[14.12734,68.24216],[14.12783,68.2411]],[[14.24964,68.24457],[14.24452,68.24314],[14.24193,68.24396],[14.24287,68.24456],[14.24763,68.24564],[14.24731,68.2464],[14.2494,68.24648],[14.25071,68.24582],[14.24964,68.24457]],[[14.56893,68.24283],[14.57035,68.24371],[14.57291,68.24359],[14.57531,68.24435],[14.57318,68.2452],[14.56995,68.24489],[14.56763,68.24524],[14.56672,68.2461],[14.56778,68.24754],[14.56581,68.2477],[14.56533,68.24828]],[[14.55577,68.24502],[14.56211,68.24903],[14.56478,68.2491],[14.56533,68.24828]],[[14.23957,68.24502],[14.23597,68.24464],[14.23534,68.24486],[14.2366,68.24536],[14.24074,68.24584],[14.24492,68.24754],[14.24356,68.24801],[14.24499,68.24861],[14.24837,68.24848],[14.24518,68.24671],[14.24674,68.24624],[14.23957,68.24502]],[[14.27463,68.24701],[14.27206,68.24661],[14.27137,68.24684],[14.27352,68.24892],[14.27456,68.24917]],[[14.26933,68.24731],[14.26652,68.24702],[14.2663,68.24766],[14.26738,68.2495],[14.27022,68.25028],[14.27126,68.24907],[14.26933,68.24731]],[[14.27451,68.25071],[14.27609,68.25144],[14.27767,68.25118],[14.27761,68.25023],[14.27581,68.24899],[14.27456,68.24917]],[[14.26802,68.25067],[14.26492,68.25036],[14.26487,68.25119],[14.26643,68.25176],[14.26771,68.25171],[14.26802,68.25067]],[[14.68124,68.25319],[14.6802,68.25254],[14.67835,68.25305],[14.6757,68.2531],[14.6751,68.25349],[14.67742,68.2538],[14.68124,68.25319]],[[14.27408,68.26422],[14.27797,68.2658],[14.27822,68.26517],[14.2768,68.264],[14.2802,68.26397],[14.28273,68.26317],[14.28167,68.26272],[14.27848,68.2626],[14.27412,68.26299]],[[14.63721,68.25412],[14.63846,68.25352],[14.63786,68.25201],[14.63987,68.25141],[14.64465,68.2527],[14.64952,68.25226],[14.64879,68.25071],[14.64676,68.24923],[14.64911,68.24878],[14.65146,68.24888],[14.65003,68.25023],[14.65149,68.2514],[14.65671,68.24982],[14.65648,68.24953],[14.65295,68.24931],[14.65249,68.24891],[14.65316,68.24761],[14.65561,68.24635],[14.65701,68.24627],[14.65903,68.24684],[14.65917,68.24886],[14.66205,68.24928],[14.6628,68.24816],[14.66086,68.24778],[14.6649,68.24614]],[[14.26149,68.25093],[14.26195,68.24802],[14.26096,68.24697],[14.25901,68.24544],[14.25527,68.24503],[14.25284,68.24602],[14.25631,68.24796],[14.25549,68.24862],[14.25635,68.24923],[14.25508,68.24968],[14.25559,68.25053],[14.25891,68.25083],[14.25764,68.25174],[14.25904,68.25247],[14.25846,68.25315],[14.26032,68.25402],[14.263,68.2525],[14.26149,68.25093]],[[14.34016,68.25664],[14.33113,68.25471],[14.32953,68.25383],[14.32395,68.25357],[14.31982,68.25169],[14.31613,68.25067],[14.30952,68.24989]],[[14.13208,68.28597],[14.13299,68.28412],[14.1371,68.28246],[14.14332,68.27834],[14.15076,68.27947],[14.15253,68.27927]],[[14.28484,68.24574],[14.29154,68.24633],[14.29908,68.24601],[14.30258,68.24653],[14.30511,68.24551],[14.3097,68.24474],[14.31392,68.24507],[14.31894,68.2448],[14.32034,68.24408],[14.32372,68.24438],[14.32546,68.24522],[14.32348,68.24613],[14.32378,68.24749],[14.32826,68.24793],[14.32473,68.24929],[14.33608,68.25238],[14.34362,68.25384],[14.35007,68.25589],[14.36312,68.2573],[14.36684,68.25873],[14.37085,68.25882],[14.37824,68.25827],[14.38037,68.25847]],[[14.63721,68.25412],[14.63625,68.2542],[14.63505,68.25362],[14.63477,68.25457],[14.63141,68.25443],[14.63374,68.25344],[14.63227,68.25278],[14.62919,68.2537],[14.62698,68.25547],[14.63341,68.2585],[14.6371,68.26094]],[[14.03229,68.2595],[14.03392,68.2595],[14.03614,68.2602],[14.03914,68.25948],[14.03235,68.25805]],[[14.22744,68.25918],[14.20626,68.25704],[14.20151,68.25698],[14.19722,68.25797],[14.19126,68.26139]],[[14.64373,68.2633],[14.64291,68.26311],[14.64491,68.26103],[14.64414,68.26011],[14.64323,68.25963],[14.64117,68.25968],[14.63916,68.25812],[14.63795,68.25876],[14.63872,68.26095],[14.6371,68.26094]],[[14.65378,68.26416],[14.64973,68.26288],[14.65384,68.26292],[14.65398,68.26163],[14.65248,68.26029],[14.64834,68.26122],[14.64839,68.26256],[14.64373,68.2633]],[[14.27412,68.26299],[14.27169,68.2632],[14.27408,68.26422]],[[14.00027,68.26164],[14.00367,68.26244],[14.00474,68.26371],[14.00773,68.2641],[14.0104,68.26387],[14.01192,68.26334],[14.01137,68.262],[14.01333,68.26166],[14.01333,68.26067],[14.01211,68.26006],[14.01563,68.25886],[14.01623,68.25801],[14.02145,68.25746],[14.02944,68.25812],[14.03235,68.25805]],[[14.27451,68.25071],[14.27385,68.2504],[14.27241,68.25069],[14.27174,68.25146],[14.27334,68.25236],[14.27058,68.25251],[14.27104,68.25405],[14.26905,68.25412],[14.26705,68.2556],[14.26689,68.25605],[14.26918,68.25619],[14.26953,68.25661],[14.26614,68.25672],[14.26584,68.25738],[14.26613,68.25932],[14.27046,68.26227],[14.26971,68.26244],[14.2677,68.26177],[14.26721,68.26253],[14.27041,68.26425],[14.27016,68.26495],[14.27402,68.26602]],[[14.03229,68.2595],[14.02941,68.26016],[14.02542,68.2602],[14.02214,68.26082],[14.01743,68.26034],[14.01631,68.26115],[14.01417,68.26164],[14.0151,68.26251],[14.01736,68.2632],[14.0197,68.26202],[14.02152,68.26178],[14.02556,68.26388],[14.03204,68.26542]],[[14.15295,68.26799],[14.15419,68.26692],[14.16076,68.26477],[14.16661,68.26208],[14.16968,68.25846],[14.1682,68.25665],[14.16586,68.25668],[14.1621,68.25278],[14.15924,68.25182],[14.15618,68.25269],[14.15518,68.25144]],[[14.27398,68.26739],[14.26991,68.26551],[14.26685,68.26516],[14.26362,68.26425],[14.26241,68.26501],[14.26588,68.26677],[14.2718,68.26883],[14.27395,68.26818]],[[14.14783,68.27122],[14.15295,68.26799]],[[14.27389,68.27006],[14.27135,68.26986],[14.26924,68.26901],[14.26693,68.26868],[14.26559,68.2692],[14.26615,68.26978],[14.27052,68.27125],[14.27165,68.27288],[14.27377,68.27385]],[[14.63688,68.27485],[14.63281,68.27553],[14.63013,68.27674],[14.62583,68.27678]],[[14.13323,68.28597],[14.13672,68.28478],[14.141,68.28437],[14.14337,68.28509],[14.15229,68.28582]],[[14.15268,68.28608],[14.15229,68.28582]],[[14.66638,68.27871],[14.66784,68.27961],[14.66922,68.27946],[14.66746,68.27761],[14.67593,68.27316],[14.68085,68.2728],[14.68581,68.27188],[14.68537,68.2702],[14.67862,68.26832],[14.68216,68.26683],[14.68066,68.26518],[14.68084,68.2642],[14.67811,68.26136],[14.67963,68.26061],[14.67978,68.25726],[14.68158,68.25635],[14.68176,68.2551],[14.68043,68.25451],[14.67465,68.25557],[14.67295,68.25382],[14.67287,68.2513],[14.67051,68.25049],[14.66716,68.25002],[14.66286,68.25039],[14.66223,68.25132],[14.65747,68.25398],[14.65704,68.26249]],[[14.27402,68.26602],[14.28144,68.2679],[14.2822,68.26887],[14.28531,68.26863],[14.28703,68.26946],[14.28746,68.27004],[14.28586,68.27059],[14.28163,68.27091],[14.279,68.27032],[14.27827,68.27047],[14.28035,68.27127],[14.28221,68.27108],[14.28311,68.27222],[14.28529,68.2727],[14.28335,68.27392],[14.2818,68.27407],[14.28504,68.27548],[14.28512,68.27606],[14.28818,68.27624],[14.28963,68.27587],[14.29298,68.27657],[14.29537,68.27649],[14.29933,68.27832],[14.30474,68.27811],[14.3069,68.27987],[14.30841,68.27999],[14.31101,68.27917],[14.31624,68.27854],[14.32224,68.27872],[14.32501,68.2774],[14.32794,68.27701],[14.33566,68.27489]],[[14.34986,68.28092],[14.35144,68.28062],[14.35301,68.27823],[14.35465,68.27721],[14.35425,68.27671],[14.34585,68.27445],[14.34401,68.27536],[14.33566,68.27489]],[[14.66219,68.27693],[14.66257,68.27792],[14.65873,68.27985],[14.65863,68.28065],[14.65493,68.28043],[14.65398,68.28115],[14.65705,68.28209],[14.65864,68.28135],[14.65954,68.28236],[14.66289,68.28206],[14.66519,68.2816],[14.66389,68.27943],[14.66638,68.27871]],[[14.03147,68.27899],[14.02555,68.27702],[14.02254,68.27772],[14.01984,68.27939],[14.02473,68.28024],[14.02714,68.27968],[14.03142,68.28011]],[[14.01642,68.28028],[14.0161,68.2807],[14.0145,68.28028],[14.01434,68.27997],[14.01557,68.27983],[14.01523,68.27881],[14.01375,68.27855],[14.0037,68.27851],[13.99704,68.27935]],[[14.69157,68.2847],[14.68801,68.28281],[14.68809,68.28228],[14.6833,68.28088],[14.67967,68.28132],[14.68117,68.28254],[14.68395,68.28328],[14.68133,68.28464],[14.67983,68.28366],[14.67711,68.28336],[14.6724,68.28385],[14.66843,68.2833],[14.66206,68.28388],[14.66008,68.2833],[14.65723,68.28347],[14.65608,68.28302],[14.6512,68.28251],[14.65222,68.28039],[14.65161,68.28],[14.64786,68.27955],[14.64525,68.27964],[14.64472,68.27996],[14.6468,68.28122],[14.64867,68.28084],[14.6497,68.28105],[14.64614,68.2836],[14.63996,68.28388],[14.63674,68.28349]],[[14.62304,68.27696],[14.62127,68.27825],[14.62237,68.28019],[14.62444,68.2808],[14.62301,68.28163],[14.62387,68.28321],[14.6268,68.28357],[14.62957,68.2845],[14.63215,68.28648],[14.63459,68.28627],[14.63342,68.28526],[14.63375,68.28399],[14.63528,68.28336],[14.63674,68.28349]],[[14.12763,68.28431],[14.12817,68.28307],[14.12712,68.28291],[14.12309,68.28437],[14.1245,68.28481],[14.12763,68.28431]],[[14.27126,68.28664],[14.27139,68.28587],[14.26775,68.28448],[14.26821,68.28284],[14.26298,68.2806],[14.25276,68.27337],[14.25307,68.27108],[14.24506,68.26367],[14.23864,68.2613],[14.23242,68.25986],[14.22744,68.25918]],[[14.3251,68.28686],[14.3362,68.28382],[14.34248,68.28368],[14.34986,68.28092]],[[14.12445,68.287],[14.12134,68.28715],[14.12089,68.28817],[14.12384,68.28852],[14.12617,68.28825],[14.12637,68.28787],[14.12445,68.287]],[[14.08399,68.28654],[14.08358,68.28616],[14.08591,68.28645],[14.08945,68.28844],[14.09137,68.28861],[14.0932,68.28855],[14.09428,68.28807],[14.09384,68.28706]],[[14.69642,68.28795],[14.69663,68.28729],[14.69399,68.2845],[14.69284,68.28423],[14.69157,68.2847]],[[14.09384,68.28706],[14.10022,68.2858]],[[14.02446,68.28537],[14.02237,68.28486],[14.02245,68.2842],[14.02313,68.28394],[14.02571,68.28427],[14.02659,68.28363],[14.01796,68.28078],[14.01777,68.2801],[14.01642,68.28028]],[[14.07765,68.28568],[14.0785,68.28512],[14.07802,68.28397],[14.07683,68.28338],[14.07386,68.28295],[14.07156,68.28099],[14.06642,68.28051],[14.061,68.27634],[14.05918,68.27759],[14.05639,68.2763],[14.05631,68.27547],[14.05483,68.27519],[14.05088,68.27589],[14.05106,68.27679],[14.05001,68.2772],[14.0436,68.2769],[14.04153,68.27557],[14.03889,68.27162],[14.03948,68.27141],[14.04162,68.27172]],[[14.10351,68.28582],[14.10384,68.28484],[14.10022,68.2858]],[[14.10518,68.28583],[14.10684,68.28475],[14.10803,68.28502],[14.11381,68.28494],[14.11463,68.28563],[14.11572,68.28573],[14.11706,68.28429],[14.12259,68.28297],[14.13259,68.27975],[14.13891,68.27638]],[[14.12973,68.28596],[14.13155,68.28428],[14.13031,68.28399],[14.12517,68.28593]],[[14.07765,68.28568],[14.07716,68.28607],[14.08021,68.28719],[14.0817,68.2869],[14.084,68.28753],[14.08399,68.28654]],[[14.10956,68.28722],[14.10682,68.28689],[14.10572,68.28737],[14.10912,68.2882],[14.11037,68.28764],[14.10956,68.28722]],[[14.01087,68.2886],[14.01523,68.28725],[14.01698,68.28604],[14.01992,68.2862],[14.0242,68.28581],[14.02446,68.28537]],[[14.12336,68.29005],[14.11746,68.29022],[14.11631,68.29065],[14.11691,68.2914],[14.11953,68.29177],[14.12355,68.29057],[14.12336,68.29005]],[[14.00871,68.29203],[14.00789,68.29113],[14.0112,68.28946],[14.01087,68.2886]],[[14.00831,68.2935],[14.00871,68.29203]],[[14.14071,68.29452],[14.13839,68.29432],[14.13649,68.29493],[14.1394,68.29552],[14.1412,68.29497],[14.14071,68.29452]],[[14.15227,68.28628],[14.14804,68.28711],[14.13995,68.29013],[14.13713,68.29075],[14.13766,68.2911],[14.13663,68.29196],[14.13681,68.2925],[14.13904,68.29296],[14.14343,68.29172],[14.14717,68.29354],[14.14562,68.29496],[14.14896,68.29487],[14.15049,68.29527],[14.1508,68.29598]],[[14.08053,68.32102],[14.09076,68.32184],[14.09097,68.32021],[14.09176,68.31992],[14.09443,68.32024],[14.09987,68.32012]],[[14.07663,68.29513],[14.07499,68.29503],[14.07378,68.29604],[14.07631,68.29789],[14.07969,68.29621],[14.07663,68.29513]],[[14.004,68.29836],[14.0072,68.29658],[14.00831,68.2935]],[[14.25,68.33022],[14.25252,68.32949],[14.25299,68.32858],[14.25518,68.32794],[14.25471,68.32651],[14.25287,68.32586],[14.25189,68.32462],[14.24934,68.32375],[14.24694,68.3238],[14.24488,68.32308],[14.24067,68.32363],[14.24014,68.32398],[14.24122,68.32433],[14.2405,68.3253],[14.24525,68.32645],[14.24387,68.32718],[14.24364,68.32969],[14.24462,68.33001],[14.25,68.33022]],[[14.3902,68.33344],[14.39279,68.33197]],[[14.29375,68.30776],[14.29129,68.30794],[14.29048,68.30855],[14.29153,68.30912],[14.29522,68.30888],[14.29375,68.30776]],[[14.46965,68.3175],[14.47153,68.31708],[14.47666,68.31697]],[[14.40245,68.31615],[14.39969,68.31777],[14.39975,68.31897]],[[14.08053,68.32102],[14.07778,68.32048],[14.07692,68.31958],[14.07591,68.31948],[14.07563,68.32039],[14.07416,68.32078],[14.07922,68.32156]],[[14.21192,68.32265],[14.22557,68.32214],[14.22886,68.32152],[14.23429,68.32221],[14.23447,68.32323],[14.23535,68.32337],[14.23822,68.32316],[14.23979,68.3214],[14.24325,68.32165],[14.24378,68.32121],[14.24251,68.32017],[14.24701,68.31695],[14.25082,68.31262],[14.25028,68.31149],[14.25396,68.309],[14.25468,68.30783],[14.25828,68.30675],[14.26095,68.30694],[14.26066,68.30571],[14.26186,68.30479],[14.26368,68.30427],[14.2679,68.30172],[14.26877,68.30042],[14.27276,68.29936],[14.27146,68.29782],[14.27094,68.294],[14.27173,68.29093],[14.27056,68.2886],[14.27126,68.28664]],[[14.4162,68.31608],[14.40929,68.31907],[14.4062,68.32095],[14.40788,68.32418],[14.40975,68.32346]],[[14.66908,68.32165],[14.6775,68.32224],[14.68285,68.32337],[14.68904,68.3239],[14.6901,68.32439],[14.69606,68.32455],[14.70057,68.32393],[14.7025,68.32418],[14.70316,68.32472],[14.70793,68.32537],[14.71232,68.32523],[14.71348,68.32465],[14.71775,68.32434],[14.72149,68.32257],[14.71948,68.32161],[14.71496,68.32166],[14.71237,68.32206],[14.71019,68.3218],[14.70739,68.32041],[14.70315,68.32284],[14.70207,68.32302],[14.70099,68.32274],[14.70167,68.32116],[14.69973,68.32088],[14.70079,68.31978],[14.70587,68.31877],[14.71488,68.31767],[14.72191,68.31825],[14.72547,68.31786],[14.72606,68.31723],[14.72539,68.31668],[14.72097,68.31572],[14.71687,68.31337],[14.71586,68.31126],[14.71239,68.31134],[14.71408,68.31072],[14.71378,68.309],[14.71066,68.30681],[14.71012,68.30554],[14.71206,68.30251],[14.711,68.30165],[14.70797,68.30073],[14.7065,68.29939],[14.70359,68.2987],[14.70446,68.29676],[14.70367,68.29534],[14.69929,68.29539],[14.69935,68.29169],[14.69853,68.29065]],[[14.39328,68.33173],[14.39703,68.32902],[14.39939,68.32868],[14.40038,68.32763],[14.40043,68.32691],[14.39934,68.32649],[14.40092,68.32496],[14.40016,68.32218],[14.40067,68.32027],[14.39975,68.31897]],[[14.47102,68.32953],[14.46926,68.32912],[14.46786,68.32947],[14.46791,68.33173],[14.46946,68.33205],[14.4716,68.33017],[14.47102,68.32953]],[[14.13465,68.3053],[14.13251,68.3043],[14.13026,68.30216],[14.12756,68.30221],[14.12516,68.30432],[14.12366,68.30456],[14.1156,68.30322],[14.11368,68.3023],[14.10702,68.3018],[14.10545,68.3009],[14.09733,68.30117],[14.09502,68.30207],[14.09275,68.30222],[14.09029,68.29989],[14.08968,68.30158],[14.08661,68.30293],[14.08159,68.30412],[14.07986,68.30396],[14.07907,68.30333],[14.07554,68.30256],[14.07622,68.30121],[14.07495,68.30109],[14.07379,68.30188],[14.07259,68.30046],[14.07163,68.30031],[14.07107,68.30112],[14.06961,68.30136],[14.06943,68.30271],[14.06994,68.30379],[14.07259,68.30499],[14.07348,68.30619],[14.07123,68.3066],[14.06907,68.30621],[14.06677,68.30831],[14.0618,68.31119],[14.05927,68.31372],[14.05636,68.31484],[14.0569,68.31768],[14.05608,68.31954],[14.05376,68.32126],[14.05566,68.32262],[14.05362,68.32279],[14.0534,68.32323],[14.05544,68.3252],[14.05846,68.32598],[14.06359,68.32571],[14.06746,68.32435],[14.06964,68.32526],[14.07129,68.32516],[14.07242,68.32441],[14.07019,68.32348],[14.07062,68.32322],[14.07718,68.32383],[14.07954,68.32566],[14.08056,68.3249],[14.08179,68.32491],[14.08777,68.32346],[14.08672,68.32247],[14.07922,68.32156]],[[14.70085,68.32854],[14.70241,68.32731],[14.70097,68.32586],[14.69486,68.32535],[14.69294,68.32586],[14.69418,68.32718],[14.69741,68.32845],[14.70085,68.32854]],[[14.09952,68.32673],[14.10504,68.32507],[14.10659,68.32311]],[[14.48628,68.32639],[14.48631,68.32693],[14.48369,68.32837],[14.48595,68.32887],[14.49001,68.32894],[14.49235,68.32776],[14.49827,68.32788]],[[14.26159,68.32654],[14.26021,68.32603],[14.25672,68.3264],[14.25677,68.32762],[14.25776,68.32816],[14.25852,68.32835],[14.26001,68.32805],[14.26159,68.32654]],[[14.46782,68.33253],[14.46753,68.33223]],[[13.99986,68.32806],[14.0072,68.32431],[14.00761,68.32355],[14.0096,68.32319],[14.01201,68.32123],[14.01362,68.32094],[14.01436,68.32008],[14.01344,68.31866],[14.01576,68.31793],[14.0156,68.31646]],[[14.0865,68.33057],[14.09459,68.32775],[14.09952,68.32673]],[[14.21192,68.32265],[14.20742,68.32278],[14.18958,68.32659],[14.18392,68.32812],[14.17936,68.33046],[14.17626,68.33104]],[[14.25741,68.33142],[14.25611,68.33086],[14.25342,68.33067],[14.25051,68.33139]],[[14.32801,68.33172],[14.32525,68.32822],[14.32046,68.32597],[14.31469,68.32446],[14.31159,68.32117],[14.30837,68.31971],[14.30968,68.31511],[14.31336,68.31141],[14.31228,68.30963],[14.30909,68.30741],[14.3087,68.30509],[14.31182,68.30206],[14.31572,68.30017],[14.31626,68.29909],[14.31543,68.29825],[14.30949,68.29651],[14.30749,68.29328],[14.31026,68.2904],[14.3135,68.28879],[14.32445,68.28733],[14.3251,68.28686]],[[14.44666,68.33216],[14.44713,68.3302],[14.44479,68.3297],[14.44363,68.32878],[14.44682,68.32362],[14.44792,68.32364],[14.4495,68.32482],[14.45068,68.32348],[14.44636,68.3219],[14.4387,68.32158],[14.43316,68.32235],[14.42595,68.32195],[14.42487,68.3213],[14.42195,68.32124],[14.42005,68.32216],[14.41712,68.3225],[14.41387,68.32367],[14.41157,68.32306],[14.40975,68.32346]],[[14.44201,68.35087],[14.43843,68.35169],[14.43974,68.35395]],[[14.46965,68.3175],[14.46992,68.31896],[14.46691,68.32342],[14.46711,68.32391],[14.46838,68.32397],[14.4693,68.3245],[14.4686,68.32666],[14.46468,68.32799],[14.46055,68.32829],[14.46145,68.32912],[14.4594,68.32956],[14.46558,68.33018],[14.46753,68.33223]],[[14.49444,68.33231],[14.49127,68.33109],[14.49535,68.33035],[14.49625,68.32916],[14.49915,68.32957],[14.50147,68.33125],[14.50336,68.33164],[14.50859,68.33166],[14.5101,68.33118],[14.51005,68.33004],[14.5086,68.32866],[14.50634,68.32843],[14.50608,68.3299],[14.50466,68.33005],[14.50188,68.32904],[14.50171,68.32813],[14.50307,68.32758],[14.50203,68.32701],[14.50035,68.3269],[14.49827,68.32788]],[[14.71432,68.33283],[14.71288,68.33028],[14.70987,68.33029],[14.70598,68.32939],[14.70169,68.32962],[14.69727,68.32855],[14.69156,68.32785],[14.68741,68.32558],[14.68748,68.32486],[14.68538,68.32437],[14.6745,68.32331],[14.66616,68.32457],[14.65684,68.32412],[14.6542,68.32555],[14.64984,68.32504],[14.65141,68.32183]],[[14.03618,68.33669],[14.03365,68.337],[14.03525,68.33844],[14.03647,68.3377],[14.03618,68.33669]],[[14.36312,68.34124],[14.36644,68.34143],[14.37105,68.34075],[14.37833,68.33749],[14.38366,68.33622],[14.38906,68.33435],[14.3902,68.33344]],[[14.32801,68.33172],[14.32676,68.33672],[14.32728,68.33844],[14.32989,68.33985],[14.33291,68.33994],[14.33238,68.34157],[14.33492,68.34186],[14.33626,68.3425],[14.33621,68.34313],[14.33941,68.34411],[14.34293,68.34426],[14.34262,68.34276],[14.34463,68.34169],[14.3463,68.34268],[14.34993,68.34288],[14.35049,68.34194],[14.35553,68.34222],[14.35846,68.34159],[14.36312,68.34124]],[[14.43974,68.35395],[14.44023,68.355],[14.44136,68.35523],[14.44331,68.35496],[14.44225,68.35383],[14.44331,68.35203],[14.44201,68.35087]],[[14.08209,68.3342],[14.07908,68.33544],[14.07898,68.33696],[14.07747,68.33787],[14.0805,68.34252],[14.08222,68.34204],[14.08467,68.34222],[14.08634,68.34308],[14.08988,68.34338],[14.09503,68.3418],[14.09986,68.33951],[14.10417,68.33898],[14.10759,68.33953],[14.10973,68.34047],[14.10733,68.34164],[14.10767,68.34203],[14.11539,68.34051],[14.11843,68.34121],[14.12038,68.34108],[14.12207,68.34169],[14.12624,68.34128],[14.12726,68.342],[14.1272,68.34341],[14.12477,68.34405],[14.12531,68.34484],[14.12761,68.34445],[14.12846,68.34367],[14.13146,68.34322],[14.13315,68.34335],[14.13483,68.34429],[14.13643,68.3445],[14.13598,68.34541],[14.13861,68.34474],[14.14021,68.34349],[14.14409,68.34433],[14.1462,68.34378],[14.14801,68.34465],[14.1501,68.34451]],[[14.39288,68.34681],[14.39285,68.34792]],[[14.46337,68.34696],[14.46217,68.34684],[14.45996,68.34766],[14.45904,68.34894],[14.46255,68.34908],[14.46359,68.34867],[14.46461,68.34763],[14.46337,68.34696]],[[14.43819,68.35778],[14.44137,68.36087],[14.44286,68.3608],[14.44438,68.36184],[14.44814,68.36246]],[[14.46229,68.36555],[14.45665,68.36413],[14.45658,68.36293],[14.45787,68.36189]],[[14.39224,68.37075],[14.39281,68.37014],[14.39433,68.3701],[14.39779,68.37135],[14.39854,68.36704],[14.39697,68.36678],[14.39497,68.36839],[14.39553,68.36641],[14.39238,68.3655]],[[14.44666,68.33216],[14.44677,68.33248],[14.44365,68.33323],[14.44311,68.33421],[14.44005,68.33421],[14.43681,68.33534],[14.43734,68.33695],[14.43911,68.33699],[14.44166,68.33636],[14.44291,68.33681],[14.43995,68.33852],[14.44413,68.33984],[14.44301,68.34086],[14.4384,68.34135],[14.43803,68.34371],[14.43522,68.34185],[14.43131,68.34219],[14.43471,68.34323],[14.43487,68.34628],[14.43641,68.34654],[14.43868,68.34594],[14.44014,68.34477],[14.44678,68.34719],[14.44915,68.34855],[14.45639,68.3495],[14.45707,68.34918],[14.45669,68.34775],[14.46087,68.34563],[14.463,68.34333]],[[14.39285,68.34792],[14.3948,68.34968],[14.39597,68.34979],[14.39679,68.34863],[14.40164,68.34832],[14.40298,68.3463],[14.39672,68.34553],[14.39497,68.34579],[14.39288,68.34681]],[[14.45761,68.35093],[14.45459,68.34995],[14.44635,68.34914],[14.44499,68.34797],[14.44308,68.34757],[14.44209,68.34862],[14.44416,68.3494],[14.44201,68.34955]],[[14.47224,68.35083],[14.4706,68.35101],[14.46579,68.35001],[14.4624,68.35009]],[[14.45965,68.35113],[14.45906,68.35135],[14.45761,68.35093]],[[14.41872,68.3486],[14.41453,68.34959],[14.41616,68.34982],[14.41743,68.35093],[14.42217,68.35195],[14.42619,68.35171],[14.42281,68.34972],[14.42446,68.34877],[14.42866,68.3493],[14.4318,68.34922],[14.43119,68.3483],[14.42886,68.3482],[14.42855,68.34645],[14.43258,68.34559],[14.43275,68.34519],[14.43184,68.345],[14.42922,68.34562],[14.42815,68.34519],[14.4292,68.34472],[14.43194,68.34447],[14.43219,68.34355],[14.4302,68.34295],[14.42655,68.34329],[14.4231,68.34151],[14.4216,68.34179],[14.4194,68.3434],[14.42066,68.34404],[14.42029,68.34459],[14.41554,68.34471],[14.41238,68.34602],[14.41194,68.34863],[14.41634,68.34865],[14.41802,68.3481],[14.41875,68.34842]],[[14.41011,68.35936],[14.41204,68.35892],[14.40989,68.35743],[14.41097,68.35692],[14.41107,68.35739],[14.41193,68.35738],[14.41119,68.35627],[14.40984,68.35589],[14.40871,68.35652],[14.40755,68.35626],[14.40651,68.35521],[14.40475,68.35487],[14.40414,68.35306],[14.40059,68.35389],[14.39927,68.35371],[14.39836,68.35407],[14.39888,68.35535],[14.40264,68.35712],[14.4055,68.35689],[14.40838,68.35785],[14.40918,68.3593],[14.41011,68.35936]],[[14.39255,68.35741],[14.39107,68.35935],[14.39254,68.35957]],[[14.45787,68.36189],[14.4587,68.36055],[14.4629,68.36138],[14.4682,68.3599],[14.47077,68.35789],[14.47093,68.35636]],[[14.41752,68.3769],[14.41405,68.37585],[14.41146,68.37575],[14.41305,68.37331],[14.41107,68.37335],[14.40959,68.37292],[14.40673,68.37333],[14.40733,68.37383],[14.41061,68.3745],[14.4103,68.37477],[14.4068,68.37477],[14.40722,68.37687]],[[14.42763,68.37577],[14.42545,68.37585],[14.42331,68.37693]],[[14.44333,68.37699],[14.43441,68.37563],[14.43279,68.37594],[14.43278,68.37658]],[[14.4434,68.61828],[14.43448,68.61465],[14.43354,68.61578],[14.43396,68.6169],[14.43882,68.61814],[14.44345,68.62041]],[[14.44483,68.377],[14.43667,68.3745],[14.43645,68.37262],[14.43528,68.37198],[14.43727,68.37151],[14.43572,68.37072],[14.44119,68.37004],[14.43411,68.36896],[14.43327,68.36847],[14.43034,68.36811],[14.42987,68.3675],[14.43142,68.36719],[14.43394,68.3679],[14.43499,68.36761]],[[14.56713,68.37736],[14.56815,68.37596],[14.56671,68.37451],[14.56491,68.37405],[14.56279,68.37462],[14.56262,68.37735]],[[14.56713,68.37736],[14.56786,68.37993],[14.57063,68.3807],[14.57474,68.38031],[14.576,68.38067],[14.57713,68.38041],[14.5772,68.37945],[14.57996,68.37895],[14.58086,68.38137],[14.58565,68.38346],[14.58603,68.38465],[14.59,68.38576]],[[14.39189,68.38388],[14.39478,68.38401],[14.39562,68.38477],[14.39771,68.38471],[14.39833,68.38525],[14.39673,68.38635],[14.39833,68.38692],[14.40064,68.38557],[14.40037,68.38269],[14.39193,68.38238]],[[14.55126,68.42216],[14.55007,68.42119],[14.54413,68.42057],[14.53582,68.41785],[14.53409,68.41789],[14.53209,68.41735],[14.53072,68.41559],[14.53465,68.41472],[14.53578,68.41393],[14.5377,68.41389],[14.53742,68.41157],[14.54415,68.41189],[14.54796,68.40994],[14.56162,68.4088],[14.5601,68.40761],[14.56146,68.4056],[14.55843,68.40367],[14.56282,68.39914],[14.56612,68.39773],[14.57426,68.39897],[14.57641,68.39854]],[[14.70281,68.4225],[14.70062,68.42095],[14.70325,68.42006],[14.70523,68.41773]],[[14.33086,68.60081],[14.33083,68.5998],[14.32829,68.59894],[14.32563,68.59832],[14.32331,68.59888],[14.32214,68.59854],[14.32428,68.59624],[14.32403,68.59524],[14.32267,68.59402],[14.32006,68.59305],[14.3142,68.59243],[14.31267,68.59171],[14.31142,68.5918],[14.3117,68.59242],[14.30801,68.5928],[14.30591,68.59255],[14.30586,68.59186],[14.30395,68.59209],[14.30426,68.5938],[14.30686,68.59504],[14.30631,68.5967],[14.3069,68.59704],[14.30833,68.59694],[14.30821,68.59795],[14.31499,68.59948],[14.32078,68.5995],[14.32233,68.60027],[14.32586,68.60079]],[[14.44979,68.60267],[14.44765,68.60218],[14.44673,68.60235],[14.45123,68.60516],[14.45222,68.60693],[14.45613,68.60892],[14.4563,68.60793],[14.45479,68.6061],[14.45253,68.60528],[14.45111,68.60367],[14.45154,68.60269],[14.44979,68.60267]],[[14.49019,68.60912],[14.49019,68.60869],[14.48673,68.60769],[14.48757,68.60504],[14.49114,68.60576],[14.49224,68.60546],[14.48934,68.60388]],[[14.59422,68.61803],[14.59315,68.61701],[14.59327,68.61583],[14.58935,68.61535],[14.58682,68.61457],[14.5841,68.61549],[14.58617,68.61661],[14.57604,68.61603],[14.57441,68.61631],[14.57231,68.61795],[14.5734,68.61882],[14.57916,68.6204],[14.57999,68.62102]],[[14.56853,68.62184],[14.56403,68.62089],[14.56014,68.6215],[14.55797,68.62127],[14.55374,68.61853],[14.55403,68.61809],[14.55594,68.6177],[14.55435,68.61442],[14.55166,68.61323]],[[14.56853,68.62184],[14.57328,68.62251],[14.57731,68.62199],[14.57798,68.62133],[14.57999,68.62102]],[[14.4437,68.62065],[14.44331,68.62168],[14.44103,68.62146],[14.43764,68.61958],[14.43461,68.61903],[14.43514,68.62175],[14.43198,68.62243],[14.43018,68.62224],[14.43022,68.62164]],[[14.40895,68.62019],[14.40709,68.61977],[14.40584,68.61995],[14.4071,68.62073],[14.40731,68.62201],[14.40837,68.62238],[14.41286,68.62257],[14.41117,68.62075],[14.40895,68.62019]],[[14.63623,68.62517],[14.63398,68.62503],[14.63401,68.62597],[14.63502,68.62649],[14.63659,68.62614],[14.63623,68.62517]],[[14.59422,68.61803],[14.59752,68.6201],[14.59763,68.62124],[14.59511,68.62131],[14.59237,68.62219],[14.5881,68.62183],[14.58786,68.62267],[14.59634,68.62415],[14.60418,68.62353],[14.60829,68.62405],[14.61043,68.62322],[14.60947,68.62247],[14.60638,68.62184],[14.60449,68.62062],[14.60375,68.61863],[14.60156,68.61671],[14.60367,68.61687],[14.60802,68.61882],[14.60981,68.61866],[14.6107,68.61813],[14.60974,68.61656],[14.61132,68.61679],[14.61548,68.61976],[14.61644,68.62158],[14.61742,68.62183],[14.61821,68.6215],[14.61893,68.61996],[14.62039,68.62057],[14.61959,68.62195],[14.62028,68.62317],[14.6178,68.62441],[14.61528,68.62395],[14.61462,68.62475],[14.61552,68.62538],[14.61789,68.62486],[14.6198,68.62654],[14.62113,68.62664],[14.62224,68.62744]],[[14.41992,68.62811],[14.42025,68.62722],[14.41889,68.62534],[14.41719,68.62456],[14.41368,68.62492],[14.41065,68.62386],[14.40725,68.62377],[14.40358,68.62379],[14.40117,68.62454],[14.40086,68.62498],[14.4023,68.62576],[14.40514,68.62654],[14.40284,68.62688],[14.40281,68.62717],[14.41018,68.6273],[14.41344,68.62787],[14.416,68.62887],[14.41869,68.62883],[14.41992,68.62811]],[[14.62224,68.62744],[14.62456,68.62706],[14.62803,68.62741],[14.62876,68.62796],[14.62672,68.62892],[14.62943,68.62975],[14.63008,68.63097],[14.63112,68.63089]],[[14.67231,68.63171],[14.66664,68.63156],[14.66816,68.63225],[14.67091,68.63223],[14.67231,68.63171]],[[14.6311,68.6322],[14.63238,68.63217],[14.63349,68.63016],[14.63269,68.63009],[14.63112,68.63089]],[[14.63053,68.63237],[14.6311,68.6322]],[[14.63091,68.64373],[14.63267,68.64349],[14.63419,68.64255],[14.6354,68.64341],[14.63886,68.64354],[14.64169,68.64444],[14.64129,68.64472]],[[14.64331,68.64508],[14.64276,68.64465],[14.64561,68.6438],[14.64671,68.64444],[14.64838,68.64414],[14.64969,68.64436],[14.64969,68.64345],[14.64824,68.64262],[14.64639,68.64277],[14.64642,68.6417],[14.64557,68.64135],[14.64297,68.64132],[14.64155,68.6397],[14.63593,68.63867],[14.63573,68.63774],[14.63932,68.63768],[14.63968,68.63847],[14.64098,68.63874],[14.64208,68.63825],[14.64215,68.6371],[14.63954,68.63732],[14.63828,68.63628],[14.64017,68.63611],[14.64166,68.63527],[14.65266,68.63632],[14.65368,68.63605],[14.65323,68.63538],[14.64938,68.63504],[14.64762,68.63414],[14.64646,68.6346],[14.64353,68.63418],[14.64377,68.63337],[14.63986,68.63282],[14.63781,68.63077],[14.63637,68.63152],[14.63567,68.6347],[14.6335,68.63577]],[[14.65398,68.64339],[14.65307,68.64337],[14.65109,68.64482],[14.65146,68.64522],[14.6532,68.64543],[14.6574,68.64483],[14.65497,68.64417],[14.65398,68.64339]],[[14.6309,68.64456],[14.63339,68.64543],[14.63713,68.64446],[14.64129,68.64472]],[[14.6216,68.64656],[14.62026,68.64595],[14.62121,68.64498],[14.62652,68.64577],[14.62961,68.64552],[14.63087,68.64602]],[[14.64359,68.65324],[14.6438,68.65191],[14.64203,68.65189],[14.64211,68.65289],[14.64027,68.65323],[14.64233,68.6537],[14.64359,68.65324]],[[14.63074,68.65397],[14.62723,68.65478],[14.62912,68.65635],[14.6307,68.65641]],[[14.63069,68.65725],[14.62974,68.65721],[14.62803,68.65819],[14.62989,68.6591],[14.62946,68.66101],[14.63061,68.66217]],[[14.6131,68.65844],[14.61419,68.65786],[14.61679,68.658],[14.6191,68.65882],[14.61829,68.65998],[14.61982,68.66057],[14.62665,68.66031],[14.62775,68.66074],[14.62816,68.66229],[14.62975,68.66253],[14.6306,68.66229]],[[14.38844,68.66722],[14.38734,68.66693],[14.38507,68.6674],[14.38683,68.6682],[14.38631,68.66883],[14.39045,68.66889],[14.39058,68.66841],[14.38844,68.66722]],[[14.43457,68.67143],[14.43095,68.66666],[14.42676,68.66431],[14.42475,68.66369],[14.42347,68.66482],[14.41885,68.66505]],[[14.46551,68.67099],[14.46372,68.67242],[14.46127,68.67217]],[[14.46127,68.67217],[14.45784,68.67089],[14.45559,68.67075],[14.45436,68.67123],[14.45791,68.67298],[14.45721,68.67337],[14.45511,68.67344],[14.45269,68.67553],[14.45549,68.67625],[14.45697,68.67747],[14.45819,68.67773]],[[14.68197,68.67962],[14.67835,68.67935],[14.6775,68.67996],[14.67887,68.68067],[14.68281,68.68051],[14.68197,68.67962]],[[14.40554,68.68238],[14.39976,68.68396],[14.39872,68.6839],[14.39626,68.68254],[14.39642,68.68378],[14.39395,68.68374]],[[14.38374,68.68397],[14.38563,68.68183],[14.39395,68.68374]],[[14.46284,68.68677],[14.46413,68.68705],[14.46794,68.6865],[14.46805,68.68615],[14.46621,68.68572],[14.46869,68.68532],[14.46718,68.68401],[14.46878,68.68324],[14.46874,68.68209],[14.46655,68.6812],[14.46545,68.67915],[14.45819,68.67773]],[[14.38374,68.68397],[14.38103,68.68422],[14.37672,68.68334],[14.36901,68.68366],[14.36825,68.68436],[14.36923,68.6851],[14.37223,68.68562],[14.37406,68.68641],[14.37287,68.68818],[14.3762,68.69008],[14.3799,68.69048],[14.38077,68.68984],[14.38358,68.68965]],[[14.52447,68.74056],[14.52299,68.74033],[14.52125,68.74173],[14.51798,68.74199],[14.51706,68.7425],[14.5216,68.74295],[14.52412,68.74249],[14.52497,68.74219],[14.52447,68.74056]],[[14.45235,68.78063],[14.45112,68.77964],[14.45334,68.77802],[14.45206,68.77752],[14.45326,68.77705],[14.45694,68.77706],[14.46043,68.77586],[14.45802,68.77488],[14.45455,68.7743],[14.45514,68.77378],[14.45698,68.77401],[14.45726,68.77355],[14.45485,68.77244],[14.45359,68.77032],[14.45097,68.76969],[14.44957,68.76843],[14.45694,68.76646],[14.45915,68.76527],[14.4594,68.76392],[14.45524,68.76181],[14.44813,68.7628],[14.44302,68.76254],[14.4416,68.76335],[14.43923,68.76349],[14.44089,68.76202],[14.4361,68.76065],[14.43774,68.75938],[14.4401,68.75858],[14.44112,68.75714],[14.44303,68.75714],[14.44586,68.75838],[14.45007,68.75881],[14.45571,68.76123],[14.45941,68.75942],[14.46437,68.75958],[14.47107,68.75831],[14.47318,68.75757],[14.47365,68.7563],[14.47192,68.75527],[14.46516,68.75375],[14.46495,68.7521],[14.4625,68.7511],[14.4685,68.75158],[14.47055,68.74962],[14.47495,68.74931],[14.47717,68.74788],[14.47951,68.74747],[14.47718,68.74679],[14.47832,68.74619],[14.48206,68.74623],[14.48266,68.74676],[14.48125,68.74722],[14.48196,68.7478],[14.48587,68.74754],[14.49456,68.7477],[14.49887,68.74846],[14.50556,68.74864]],[[14.67996,68.69152],[14.67903,68.68914],[14.68248,68.68754],[14.68268,68.68682],[14.67678,68.6844],[14.67758,68.68337],[14.676,68.68342],[14.67553,68.68297],[14.67694,68.6819],[14.67684,68.68107],[14.67462,68.68129],[14.67323,68.68102],[14.67544,68.68046],[14.67598,68.6798],[14.67039,68.67487],[14.662,68.67285],[14.66063,68.67337],[14.66061,68.67426],[14.65751,68.67426],[14.6551,68.6713],[14.65238,68.67075],[14.65046,68.66969],[14.65153,68.66913],[14.65273,68.66913],[14.65678,68.67086],[14.66025,68.67125],[14.66749,68.67147],[14.669,68.67114],[14.6718,68.67344],[14.67298,68.67396],[14.67382,68.67381],[14.67398,68.67188],[14.67226,68.67171],[14.67323,68.67018],[14.6722,68.66886],[14.66622,68.66751],[14.66321,68.66847],[14.662,68.66818],[14.66313,68.66716],[14.66464,68.66679],[14.66282,68.6653],[14.66832,68.66501],[14.67104,68.66557],[14.6726,68.66753],[14.67408,68.66819],[14.67581,68.66861],[14.67874,68.66831],[14.67896,68.66687],[14.67755,68.66588],[14.67665,68.66367],[14.6782,68.66294],[14.67517,68.6612],[14.67558,68.65949],[14.67129,68.6576],[14.67185,68.65594],[14.66978,68.65511],[14.6653,68.65543],[14.66303,68.6548],[14.66279,68.65223],[14.65759,68.65125],[14.65439,68.65185],[14.6544,68.65244],[14.65603,68.65276],[14.6559,68.65338],[14.65961,68.65411],[14.65872,68.65481],[14.6594,68.6569],[14.66035,68.65762],[14.66371,68.65864],[14.66439,68.65979],[14.66767,68.6615],[14.6663,68.66217],[14.66419,68.66226],[14.66164,68.66169],[14.66155,68.66045],[14.65847,68.65985],[14.65757,68.66022],[14.65713,68.66249],[14.65557,68.66286],[14.65339,68.66211],[14.65236,68.65896],[14.6511,68.65826],[14.6496,68.65814],[14.65142,68.65698],[14.64916,68.65495],[14.64833,68.65498],[14.64635,68.65663],[14.64503,68.65434],[14.64228,68.65413],[14.64041,68.6557],[14.63857,68.65412],[14.63471,68.65389],[14.63422,68.65264],[14.63077,68.65215]],[[14.7055,68.69768],[14.70498,68.69614]],[[14.38737,68.69072],[14.38924,68.69203],[14.38876,68.69394],[14.39354,68.69438],[14.39616,68.6955],[14.3994,68.69621],[14.40089,68.69733],[14.4054,68.69817],[14.40698,68.6994],[14.40867,68.69981],[14.4154,68.69942],[14.41853,68.69846],[14.42105,68.697],[14.43114,68.69746],[14.43905,68.69657]],[[14.5284,68.72659],[14.52794,68.72831],[14.52982,68.72945]],[[14.46131,68.73335],[14.45402,68.73154],[14.45378,68.73226],[14.44707,68.73188],[14.44627,68.7321],[14.45359,68.7337],[14.45674,68.73485],[14.46404,68.73445],[14.46373,68.73384],[14.46131,68.73335]],[[14.56986,68.73612],[14.56883,68.73545],[14.56911,68.7344],[14.57156,68.73351],[14.57569,68.7337],[14.57584,68.73528],[14.57797,68.73502],[14.57853,68.73436],[14.58051,68.73461]],[[14.5833,68.73616],[14.58295,68.7352],[14.58051,68.73461]],[[14.61974,68.73624],[14.62098,68.73468],[14.61845,68.73336]],[[14.47282,68.78069],[14.47073,68.77993],[14.47272,68.77966],[14.4743,68.77893],[14.47514,68.77831],[14.47466,68.7777],[14.47333,68.77732],[14.46722,68.77698],[14.46409,68.77602],[14.46258,68.77621],[14.4631,68.77667],[14.46859,68.77817],[14.46798,68.77886],[14.46405,68.77913],[14.4621,68.78066]],[[14.58956,68.78102],[14.58651,68.77697],[14.5874,68.77526],[14.58912,68.775],[14.58701,68.77431],[14.58634,68.77196],[14.58555,68.7716],[14.58234,68.77139],[14.58182,68.77102],[14.58596,68.77017],[14.58767,68.76933],[14.58538,68.76629],[14.58746,68.76599],[14.59163,68.76641],[14.59267,68.76611],[14.59597,68.76442],[14.59738,68.76146],[14.59671,68.75961],[14.59225,68.75924],[14.59013,68.75857],[14.58575,68.75811],[14.5834,68.75466],[14.58164,68.75445],[14.58193,68.75394],[14.58317,68.75374],[14.58698,68.7541],[14.58404,68.75204],[14.58493,68.75082],[14.5898,68.75097],[14.58808,68.7497],[14.58624,68.75015],[14.58542,68.74986]],[[14.68949,68.82607],[14.69055,68.82572],[14.69277,68.82606]]]}}]}