{"type":"FeatureCollection","features":[{"type":"Feature","properties":{},"geometry":{"type":"MultiLineString","coordinates":[[[18.56837,69.82166],[18.56637,69.8217]],[[18.49733,69.82308],[18.50506,69.82403]],[[18.50506,69.82403],[18.50888,69.82444]],[[18.92314,69.82229],[18.92309,69.82247]],[[18.5054,69.85601],[18.50518,69.85658]],[[18.73988,69.86302],[18.74442,69.8602],[18.74411,69.85915]],[[18.92271,69.85906],[18.92294,69.85844]],[[18.42455,69.90241],[18.42826,69.90212],[18.42727,69.90129],[18.42526,69.90117],[18.42353,69.90187],[18.42223,69.90169],[18.42229,69.90202],[18.42455,69.90241]],[[18.74762,69.90649],[18.7477,69.90647]],[[18.82528,69.94498],[18.82394,69.94553]],[[18.53148,69.95905],[18.5309,69.95953],[18.53161,69.95981]],[[18.83477,69.95081],[18.83494,69.95104]],[[18.53181,69.96104],[18.52906,69.96114],[18.53194,69.96176]],[[18.4923,69.98601],[18.48707,69.98648],[18.49224,69.98692],[18.4923,69.98601]],[[18.51766,69.98602],[18.51589,69.98632],[18.51614,69.98677],[18.51507,69.98711],[18.51685,69.98766],[18.51886,69.98695],[18.51766,69.98602]],[[18.80762,69.99933],[18.80856,70.00003]],[[18.51658,69.8595],[18.52417,69.8571]],[[18.48697,69.8219],[18.47542,69.82016],[18.45504,69.82115]],[[18.49733,69.82308],[18.48697,69.8219]],[[18.45504,69.82115],[18.45212,69.82096],[18.44444,69.82141],[18.44242,69.82416]],[[18.68625,69.81924],[18.68887,69.81769],[18.69309,69.81621],[18.69446,69.81505],[18.71177,69.81222]],[[18.68529,69.81958],[18.67954,69.82083],[18.67285,69.82354]],[[18.68625,69.81924],[18.68529,69.81958]],[[18.50888,69.82444],[18.52487,69.82565],[18.53068,69.82565],[18.54568,69.82422],[18.5503,69.82428],[18.55072,69.82351],[18.54746,69.82313],[18.54593,69.82267],[18.54627,69.82241],[18.55781,69.82355],[18.56066,69.82263],[18.56466,69.82254],[18.56637,69.8217]],[[18.91742,69.82392],[18.91788,69.8233],[18.92101,69.8231],[18.92155,69.82239],[18.92314,69.82229]],[[18.44242,69.82416],[18.442,69.82529],[18.43819,69.82653],[18.4403,69.82878],[18.43472,69.83065],[18.43303,69.83423],[18.4333,69.83466],[18.43659,69.8353],[18.44144,69.8381]],[[18.97271,69.82812],[18.98312,69.82439],[18.99321,69.81964],[19.00354,69.81233]],[[18.67285,69.82354],[18.66242,69.82765],[18.66006,69.8296],[18.65942,69.83074],[18.66112,69.83212],[18.66066,69.83303],[18.66315,69.83464],[18.65981,69.83539],[18.65919,69.83598],[18.66045,69.83611],[18.67096,69.83442],[18.67572,69.83503],[18.67868,69.83462],[18.68117,69.83498],[18.68231,69.83571],[18.68369,69.83513]],[[18.44144,69.8381],[18.44475,69.8406]],[[18.94769,69.83126],[18.95283,69.83095]],[[18.92309,69.82247],[18.92404,69.8243],[18.92732,69.8234],[18.9284,69.82364],[18.92483,69.82637],[18.92755,69.82836],[18.93666,69.82954],[18.94176,69.83097],[18.94595,69.83162],[18.94769,69.83126]],[[18.95283,69.83095],[18.95518,69.83168],[18.9631,69.83154],[18.96443,69.83022],[18.96814,69.82966],[18.97271,69.82812]],[[18.5753,69.84124],[18.57704,69.83967],[18.58335,69.83816],[18.58179,69.8375],[18.58165,69.83666],[18.58818,69.83571],[18.59381,69.8337],[18.59391,69.83163],[18.59009,69.82818],[18.58576,69.8259],[18.58294,69.82493],[18.57764,69.82466],[18.57388,69.82356],[18.57431,69.82282],[18.57301,69.82222],[18.56837,69.82166]],[[18.61544,69.84037],[18.61701,69.84028],[18.61887,69.84154],[18.62087,69.84121],[18.61926,69.83918],[18.62577,69.83808],[18.62887,69.83594],[18.63393,69.83529],[18.63046,69.83093],[18.63241,69.82806],[18.63016,69.82557],[18.62636,69.82445],[18.61844,69.82462],[18.61272,69.82583],[18.62124,69.82943],[18.62326,69.83166],[18.62275,69.83257],[18.61736,69.83436],[18.61508,69.83585],[18.60945,69.83736],[18.60659,69.83746],[18.60753,69.83956],[18.61243,69.8409],[18.61326,69.84152],[18.61722,69.84199],[18.61763,69.84154],[18.61526,69.84104],[18.61544,69.84037]],[[18.68465,69.83546],[18.67284,69.83963],[18.66784,69.84017],[18.66206,69.84166]],[[18.40717,69.82484],[18.4094,69.82617],[18.41033,69.82791],[18.41507,69.82977],[18.41483,69.83099],[18.41333,69.83026],[18.41223,69.83029],[18.41262,69.8314],[18.4146,69.83241],[18.41776,69.83313],[18.41089,69.83271],[18.40824,69.83387],[18.40679,69.83287],[18.405,69.83333],[18.40409,69.83499],[18.40607,69.83574],[18.40804,69.83586],[18.40856,69.83636],[18.40686,69.83685],[18.4059,69.83827],[18.4027,69.83902],[18.40086,69.8403],[18.40499,69.84469],[18.41155,69.84681],[18.4151,69.84743],[18.41672,69.84713],[18.41702,69.84584],[18.41374,69.84378],[18.41374,69.84311],[18.4198,69.84317],[18.42038,69.84267],[18.41757,69.84024],[18.41692,69.83819],[18.41784,69.83551],[18.42005,69.83564],[18.42188,69.8352],[18.41983,69.83392],[18.41942,69.83201],[18.423,69.83061],[18.42773,69.82965],[18.42865,69.82729],[18.42535,69.82612],[18.41997,69.82625],[18.41135,69.82476]],[[18.90169,69.83792],[18.90505,69.83715],[18.90476,69.83642],[18.90664,69.8354],[18.90617,69.83373],[18.90746,69.83284],[18.91569,69.83011],[18.9156,69.8277],[18.92166,69.82644],[18.91614,69.82595]],[[18.59219,69.8459],[18.59298,69.84478],[18.59075,69.84401],[18.58752,69.84456],[18.5847,69.84387],[18.5792,69.84389],[18.57781,69.84349],[18.5753,69.84124]],[[18.79102,69.8447],[18.79361,69.84375],[18.795,69.84199],[18.80344,69.83968],[18.8052,69.84006],[18.80456,69.84135],[18.81081,69.84179],[18.81595,69.84316],[18.81782,69.84325],[18.81822,69.84261],[18.81978,69.84225],[18.82379,69.84263]],[[18.79525,69.84899],[18.79416,69.84918],[18.79258,69.84879],[18.79181,69.84819],[18.79255,69.84694],[18.78972,69.84627]],[[18.82379,69.84263],[18.82883,69.84596]],[[18.57959,69.85226],[18.59237,69.85091],[18.59529,69.84859],[18.59211,69.84766],[18.59128,69.8468],[18.59219,69.8459]],[[18.80737,69.84827],[18.79828,69.84832],[18.79525,69.84899]],[[18.44475,69.8406],[18.4467,69.84206],[18.45353,69.84468],[18.45874,69.8461],[18.47423,69.84829],[18.48544,69.84881],[18.48848,69.84956],[18.49513,69.85029],[18.50138,69.85305],[18.50033,69.85395],[18.501,69.85455],[18.50426,69.8541],[18.50686,69.85444],[18.5054,69.85601]],[[18.64397,69.85333],[18.64928,69.84837],[18.65276,69.84636],[18.65288,69.84534],[18.66206,69.84166]],[[18.64397,69.85333],[18.64407,69.85388]],[[18.82883,69.84596],[18.83218,69.8477],[18.83638,69.84858],[18.8386,69.84976],[18.84154,69.84925],[18.84273,69.8484],[18.84659,69.84731],[18.85334,69.84667],[18.85513,69.84591],[18.85655,69.84396],[18.8592,69.84241],[18.86018,69.84263],[18.85899,69.8434],[18.85888,69.84514],[18.86275,69.84462],[18.86693,69.84212],[18.8675,69.84085],[18.86927,69.84035],[18.87415,69.83991],[18.87457,69.83861],[18.86875,69.83845],[18.86481,69.83769],[18.86752,69.83569],[18.87421,69.83431],[18.87491,69.83504],[18.8728,69.83614],[18.87263,69.83712],[18.87451,69.83755],[18.8774,69.83763],[18.88163,69.8357],[18.88334,69.83565],[18.88598,69.83628],[18.885,69.83786],[18.88683,69.83838],[18.89356,69.8389],[18.90169,69.83792]],[[18.53487,69.85652],[18.53917,69.85468],[18.54675,69.85475],[18.55532,69.85414],[18.56302,69.85436],[18.56458,69.85471],[18.56522,69.85596],[18.5666,69.856],[18.56965,69.85469],[18.57421,69.8544],[18.57959,69.85226]],[[18.52417,69.8571],[18.53205,69.85738],[18.53487,69.85652]],[[18.50518,69.85658],[18.50162,69.85802]],[[18.51484,69.86014],[18.51658,69.8595]],[[18.55222,69.85653],[18.55112,69.8565],[18.55042,69.85766],[18.54812,69.85874],[18.551,69.85982],[18.55232,69.85931],[18.55181,69.85854],[18.55329,69.8575],[18.55222,69.85653]],[[18.5478,69.85891],[18.54513,69.85944],[18.54484,69.85994],[18.54628,69.86048],[18.54811,69.85991],[18.5478,69.85891]],[[18.64496,69.85905],[18.64812,69.85656],[18.64739,69.85546],[18.64407,69.85388]],[[18.50162,69.85802],[18.49963,69.85881],[18.49773,69.86125],[18.49813,69.86216],[18.50017,69.86275],[18.51021,69.862],[18.51484,69.86014]],[[19.00013,69.83886],[18.99552,69.84119],[18.99148,69.84224],[18.98722,69.84186],[18.983,69.84328],[18.975,69.84455],[18.96939,69.84628],[18.95111,69.84959],[18.94577,69.85113],[18.94139,69.85178],[18.93846,69.85159],[18.93269,69.85215],[18.93019,69.85263],[18.92722,69.85412]],[[18.82448,69.85798],[18.82514,69.85707],[18.82848,69.85604],[18.82573,69.85596],[18.82468,69.85484],[18.82491,69.85441],[18.82798,69.85356],[18.82358,69.8533],[18.8219,69.85142],[18.81742,69.85089],[18.81275,69.84915],[18.80737,69.84827]],[[18.92294,69.85844],[18.92722,69.85412]],[[18.64496,69.85905],[18.64297,69.86262],[18.64574,69.86355]],[[18.65152,69.86487],[18.64574,69.86355]],[[18.73316,69.86316],[18.73603,69.8591],[18.74073,69.85856],[18.74411,69.85915]],[[18.75325,69.86274],[18.75071,69.86219],[18.74483,69.86291]],[[18.82701,69.86116],[18.82411,69.85935],[18.82448,69.85798]],[[18.60161,69.86964],[18.5999,69.86976],[18.59968,69.87022],[18.60235,69.87157],[18.60339,69.87086],[18.60161,69.86964]],[[18.73988,69.86302],[18.7402,69.86341],[18.74295,69.86354],[18.74483,69.86291]],[[18.65152,69.86487],[18.65607,69.86648]],[[18.47491,69.87235],[18.47129,69.872],[18.4696,69.87264],[18.46971,69.87366],[18.4767,69.8741],[18.47471,69.8732],[18.47491,69.87235]],[[18.54087,69.87387],[18.53781,69.874],[18.53706,69.87498],[18.54056,69.87449],[18.54087,69.87387]],[[18.93122,69.86686],[18.93071,69.86543],[18.92608,69.86534],[18.91953,69.86185],[18.91908,69.8608],[18.9218,69.86008],[18.92271,69.85906]],[[18.81701,69.86956],[18.81854,69.86808],[18.81731,69.86657],[18.8223,69.86555],[18.82463,69.86388],[18.82331,69.8624],[18.82701,69.86116]],[[18.55846,69.87541],[18.55957,69.87502],[18.55746,69.87458],[18.55412,69.87469],[18.55363,69.87288],[18.5502,69.87354],[18.55016,69.87469],[18.54417,69.87487],[18.54127,69.87574],[18.54511,69.87589],[18.55088,69.87544],[18.55409,69.87608],[18.55775,69.87578],[18.55846,69.87541]],[[18.71574,69.87335],[18.72092,69.87218],[18.7243,69.86954],[18.73029,69.86632],[18.73316,69.86316]],[[18.80105,69.87892],[18.81,69.87685],[18.81365,69.87517],[18.8169,69.87303],[18.81735,69.87215],[18.81597,69.87103],[18.81701,69.86956]],[[18.90743,69.8688],[18.89747,69.86799],[18.89407,69.86998]],[[18.90743,69.8688],[18.91816,69.86949],[18.92248,69.86841],[18.92574,69.86836],[18.92964,69.86733]],[[18.65607,69.86648],[18.65927,69.86878],[18.66694,69.87],[18.6713,69.87134],[18.67231,69.87199],[18.67138,69.87339],[18.67715,69.87513]],[[18.54388,69.87785],[18.53998,69.87782],[18.53989,69.87819],[18.54314,69.87914],[18.54429,69.87883],[18.54388,69.87785]],[[18.56615,69.87986],[18.57196,69.87902],[18.57416,69.8782],[18.57763,69.87848],[18.57899,69.87809],[18.58232,69.87817],[18.58473,69.87784],[18.58616,69.87711],[18.58488,69.87647],[18.57697,69.87694],[18.57295,69.87521],[18.5705,69.87527],[18.56985,69.87574],[18.57093,69.87646],[18.56773,69.87643],[18.56616,69.87711],[18.56685,69.87746],[18.56996,69.87753],[18.56973,69.87804],[18.56384,69.87743],[18.56045,69.87811],[18.56615,69.87986]],[[18.57794,69.87927],[18.57665,69.8792],[18.57497,69.87971],[18.5784,69.88044],[18.5809,69.88026],[18.57794,69.87927]],[[18.70418,69.8788],[18.70424,69.87796],[18.70549,69.87744],[18.70995,69.87679],[18.71343,69.87566],[18.71265,69.87427],[18.71574,69.87335]],[[18.89407,69.86998],[18.88686,69.87099],[18.88613,69.87186],[18.88763,69.87311],[18.8851,69.87301],[18.88631,69.87491]],[[18.59111,69.87973],[18.58951,69.87984],[18.58824,69.8808],[18.58922,69.88149],[18.59195,69.88206],[18.59272,69.88162],[18.59072,69.88057],[18.59111,69.87973]],[[18.67715,69.87513],[18.68054,69.87587],[18.6813,69.8789],[18.68362,69.87974],[18.68933,69.88069],[18.68625,69.88211],[18.68623,69.88279],[18.69666,69.88295],[18.70444,69.88102],[18.70531,69.88023],[18.70418,69.8788]],[[18.88631,69.87491],[18.88611,69.87636],[18.88241,69.87964]],[[18.75325,69.86274],[18.75466,69.86348],[18.75387,69.86446],[18.746,69.86841],[18.7447,69.87065],[18.73539,69.87681],[18.73477,69.87827],[18.74798,69.88042],[18.75419,69.88228],[18.76127,69.8822]],[[18.77016,69.88307],[18.77375,69.88212],[18.77946,69.88229]],[[18.69223,69.88433],[18.69142,69.88405],[18.68708,69.88441],[18.68323,69.8835],[18.682,69.88375],[18.68226,69.88422],[18.68484,69.88491],[18.68926,69.88495],[18.69223,69.88433]],[[18.77946,69.88229],[18.78198,69.88215],[18.7829,69.88243],[18.78221,69.8835],[18.78484,69.88264],[18.78952,69.88242],[18.79539,69.8803],[18.80105,69.87892]],[[18.76127,69.8822],[18.75774,69.88338],[18.75866,69.88493],[18.76455,69.88464],[18.77016,69.88307]],[[18.56286,69.89125],[18.5653,69.88999],[18.56455,69.88814],[18.56817,69.88746],[18.57097,69.88758],[18.57177,69.88806],[18.57305,69.88778],[18.573,69.88691],[18.571,69.88651],[18.57188,69.88588],[18.57482,69.88661],[18.57743,69.88648],[18.57859,69.88514],[18.58076,69.88508],[18.58894,69.88218],[18.58696,69.88085],[18.58316,69.8817],[18.5803,69.88175],[18.57614,69.88335],[18.57141,69.88399],[18.57204,69.88523],[18.56867,69.88611],[18.56547,69.88532],[18.56033,69.88595],[18.56134,69.88459],[18.55911,69.88386],[18.54998,69.88439],[18.54952,69.88504],[18.55117,69.88652],[18.54823,69.88676],[18.54749,69.88769],[18.54463,69.88896],[18.53815,69.89042],[18.53733,69.89133],[18.54006,69.89166],[18.54289,69.89094],[18.54589,69.89101],[18.55283,69.88937],[18.55342,69.88957],[18.55228,69.89091],[18.5545,69.89197],[18.55854,69.89132],[18.56233,69.89184],[18.56286,69.89125]],[[18.83835,69.88892],[18.84295,69.88721],[18.84926,69.88658],[18.85259,69.88547],[18.85388,69.88541],[18.85493,69.88623],[18.85666,69.88653],[18.85958,69.88642],[18.86994,69.88315],[18.87774,69.88258],[18.88241,69.87964]],[[18.47119,69.90199],[18.46746,69.90123],[18.4646,69.9018],[18.46906,69.90254],[18.47107,69.90248],[18.47119,69.90199]],[[18.83835,69.88892],[18.82539,69.89264],[18.81098,69.89588]],[[18.67456,69.89373],[18.6751,69.89288],[18.67691,69.89221],[18.68038,69.89266],[18.67943,69.89341],[18.68018,69.8937],[18.68584,69.89183],[18.68012,69.89128],[18.67791,69.89072],[18.67541,69.89073],[18.67423,69.89138],[18.67164,69.8916],[18.6677,69.8912],[18.66755,69.89237],[18.67038,69.89295],[18.66919,69.89342],[18.66642,69.8936],[18.66632,69.89394],[18.67255,69.89649],[18.67448,69.89561],[18.67456,69.89373]],[[18.78283,69.90093],[18.78675,69.90085],[18.79348,69.8992],[18.81098,69.89588]],[[18.7477,69.90647],[18.75747,69.90417],[18.76299,69.9039],[18.76923,69.9026],[18.78283,69.90093]],[[18.74238,69.90788],[18.74762,69.90649]],[[18.46826,69.92423],[18.46217,69.92481],[18.46444,69.92507],[18.4684,69.92474],[18.46826,69.92423]],[[18.49566,69.92383],[18.493,69.92422],[18.49407,69.92524],[18.50187,69.92625],[18.50198,69.92526],[18.49566,69.92383]],[[18.49062,69.92821],[18.49589,69.92787],[18.50006,69.92701],[18.49477,69.92619],[18.49313,69.92632],[18.49249,69.92694],[18.48994,69.92682],[18.48725,69.92472],[18.48406,69.92424],[18.47752,69.92501],[18.47455,69.92632],[18.47806,69.92727],[18.48438,69.92778],[18.48626,69.92756],[18.48976,69.92841],[18.49062,69.92821]],[[18.8502,69.94293],[18.85086,69.93961],[18.84847,69.93904],[18.847,69.93793],[18.8421,69.93901]],[[18.82528,69.94498],[18.8287,69.94429],[18.83073,69.94321],[18.83019,69.94181],[18.83225,69.94195],[18.83186,69.94317],[18.833,69.94332],[18.83674,69.94205],[18.83652,69.94068],[18.8421,69.93901]],[[18.85665,69.94514],[18.85571,69.94484],[18.85353,69.94515]],[[18.83343,69.94692],[18.83428,69.94615],[18.83922,69.94577],[18.84111,69.94509],[18.84159,69.94436],[18.84063,69.94327],[18.84229,69.94197],[18.84397,69.9415],[18.84581,69.94117],[18.84797,69.94158],[18.8502,69.94293]],[[18.53094,69.95587],[18.53874,69.95464],[18.5369,69.95435],[18.53312,69.95506],[18.53079,69.95499]],[[18.53079,69.95499],[18.52978,69.95484],[18.52967,69.95411],[18.52626,69.95427],[18.5245,69.95392],[18.52225,69.95542],[18.52361,69.95565],[18.52624,69.95503],[18.52797,69.95537],[18.52715,69.95606],[18.53094,69.95587]],[[18.72045,69.95325],[18.71945,69.95225],[18.71678,69.95253],[18.71571,69.95222],[18.71545,69.95158],[18.71657,69.95103],[18.7158,69.94956],[18.71312,69.94811],[18.71537,69.94515],[18.71514,69.94392],[18.71124,69.94188],[18.70979,69.93982],[18.7085,69.93934],[18.70806,69.93643],[18.70681,69.93564],[18.70244,69.93456],[18.70339,69.9341],[18.70599,69.93445],[18.70746,69.93424],[18.70836,69.93155],[18.70638,69.92967],[18.70639,69.92736],[18.70766,69.92622],[18.70454,69.92351],[18.70574,69.92158],[18.70994,69.91941],[18.72082,69.9165],[18.72196,69.91542],[18.72087,69.91509],[18.72108,69.91459],[18.72528,69.91206],[18.72918,69.91069],[18.74238,69.90788]],[[18.82394,69.94553],[18.81846,69.94743],[18.81394,69.95011],[18.81405,69.95126]],[[18.83477,69.95081],[18.83076,69.95013],[18.82952,69.9493],[18.83343,69.94692]],[[18.84915,69.9505],[18.84664,69.94954],[18.846,69.94557],[18.84911,69.94336],[18.85011,69.94342],[18.85353,69.94515]],[[18.8574,69.95032],[18.8564,69.94773],[18.85763,69.94653],[18.85665,69.94514]],[[18.8574,69.95032],[18.85796,69.95069],[18.86112,69.95056],[18.86448,69.9529],[18.86557,69.95307]],[[18.79235,69.95355],[18.79819,69.95335],[18.80103,69.95251]],[[18.83494,69.95104],[18.83469,69.95202],[18.83933,69.95147],[18.84134,69.95164],[18.8438,69.95245],[18.84576,69.95146],[18.84901,69.9509],[18.84915,69.9505]],[[18.80103,69.95251],[18.80238,69.95206],[18.80375,69.95214],[18.80822,69.95265],[18.80963,69.95348],[18.81288,69.95256],[18.81405,69.95126]],[[18.53161,69.95981],[18.534,69.95998],[18.5361,69.95881],[18.53271,69.9587],[18.53148,69.95905]],[[18.53194,69.96176],[18.5366,69.96209],[18.53962,69.96156],[18.53925,69.96075],[18.5382,69.96057],[18.53639,69.96053],[18.5338,69.9613],[18.53181,69.96104]],[[18.48427,69.96255],[18.48127,69.96173],[18.48024,69.9624],[18.47831,69.96244],[18.48135,69.96397],[18.48467,69.96317],[18.48427,69.96255]],[[18.4707,69.96329],[18.46961,69.96306],[18.46871,69.96332],[18.47335,69.96516],[18.4729,69.9641],[18.47162,69.96328],[18.4707,69.96329]],[[18.85166,69.95565],[18.84966,69.95579],[18.84829,69.95701],[18.85095,69.95774],[18.85202,69.95709],[18.85166,69.95565]],[[18.81803,69.95678],[18.81428,69.95707],[18.81325,69.95756],[18.81578,69.95877],[18.81884,69.95803],[18.81803,69.95678]],[[18.75453,69.96014],[18.76134,69.95889],[18.76395,69.95916],[18.76666,69.95893],[18.76913,69.95759],[18.77682,69.95613],[18.78323,69.95639],[18.78846,69.95529],[18.78931,69.95615],[18.79101,69.95606],[18.79075,69.95435],[18.79235,69.95355]],[[18.53202,69.96223],[18.52826,69.96241],[18.52634,69.96289],[18.52564,69.96364],[18.5267,69.96415],[18.52643,69.9647],[18.53109,69.96483],[18.53237,69.96431]],[[18.54396,69.96297],[18.54219,69.96326],[18.54129,69.96502],[18.54334,69.96503],[18.54575,69.96392],[18.54396,69.96297]],[[18.53262,69.96579],[18.53493,69.9646],[18.53237,69.96431]],[[18.72045,69.95325],[18.72132,69.95413],[18.72519,69.95527],[18.72631,69.95633],[18.7304,69.95756],[18.7371,69.96198],[18.74202,69.96156],[18.74444,69.95988],[18.74716,69.95997],[18.74971,69.96077],[18.75453,69.96014]],[[18.39381,69.96911],[18.39192,69.969],[18.39032,69.96826],[18.38906,69.96867],[18.38947,69.96921],[18.39249,69.97005],[18.39385,69.96982],[18.39381,69.96911]],[[18.52246,69.96764],[18.52317,69.96633],[18.52003,69.96579]],[[18.86557,69.95307],[18.86732,69.95405],[18.86648,69.95478],[18.86712,69.9568],[18.87276,69.95858],[18.87602,69.95911],[18.87824,69.96087]],[[18.53327,69.96963],[18.54058,69.96777],[18.53978,69.96731],[18.53677,69.96773],[18.53659,69.96631],[18.53526,69.96582],[18.5356,69.96538],[18.53972,69.96437],[18.54052,69.9637],[18.53932,69.96248],[18.53202,69.96223]],[[18.49585,69.96883],[18.49717,69.96735],[18.49579,69.96684],[18.49095,69.96719],[18.48854,69.96658],[18.48197,69.96711],[18.4818,69.9678],[18.48368,69.96941],[18.48762,69.96841],[18.4892,69.96992],[18.49475,69.97046],[18.49585,69.96883]],[[18.53262,69.96579],[18.52586,69.96549],[18.52471,69.96908],[18.5273,69.96926],[18.5249,69.97038],[18.52336,69.9702],[18.52343,69.96831],[18.52246,69.96764]],[[18.52003,69.96579],[18.50787,69.96648],[18.50622,69.96693],[18.50409,69.96851],[18.50373,69.96643],[18.50042,69.96639],[18.50111,69.96754],[18.49944,69.96791],[18.49803,69.96927],[18.49762,69.97132],[18.49864,69.97147],[18.50054,69.97108],[18.50339,69.96909],[18.5028,69.97121],[18.50372,69.97178]],[[18.87824,69.96087],[18.87903,69.96235],[18.88321,69.96417],[18.88501,69.9647],[18.88754,69.96476]],[[18.88754,69.96476],[18.90237,69.9646],[18.90381,69.9637],[18.90555,69.96349],[18.90794,69.96361],[18.90929,69.96422]],[[18.90929,69.96422],[18.90888,69.96516],[18.90677,69.96598]],[[18.50372,69.97178],[18.50506,69.97216],[18.50549,69.97341],[18.50845,69.9749]],[[18.84694,69.9672],[18.85312,69.96589],[18.85891,69.96674],[18.86157,69.96792],[18.86391,69.96809],[18.86895,69.96688],[18.87319,69.967],[18.8755,69.96554],[18.87737,69.96526],[18.88333,69.9673]],[[18.90677,69.96598],[18.90461,69.96684],[18.89996,69.96756],[18.89157,69.9672],[18.88495,69.96755],[18.88333,69.9673]],[[18.50688,69.97497],[18.50215,69.97535],[18.50782,69.97584],[18.50688,69.97497]],[[18.84694,69.9672],[18.84524,69.96721],[18.84508,69.96859],[18.84062,69.97082],[18.83791,69.97152]],[[18.50292,69.9778],[18.50043,69.9772],[18.49954,69.97747],[18.50213,69.97867],[18.50334,69.9786],[18.50292,69.9778]],[[18.49206,69.97771],[18.48823,69.9776],[18.49928,69.97917],[18.49623,69.97785],[18.49206,69.97771]],[[18.49682,69.97938],[18.4942,69.97918],[18.49036,69.97956],[18.49821,69.98163],[18.50099,69.98194],[18.50255,69.98157],[18.5002,69.97948],[18.49682,69.97938]],[[18.50585,69.97946],[18.50297,69.97948],[18.50296,69.98001],[18.50849,69.98238],[18.51078,69.98285],[18.51445,69.98251],[18.51387,69.98148],[18.50781,69.98041],[18.50585,69.97946]],[[18.50845,69.9749],[18.51204,69.97617],[18.51677,69.97571],[18.5179,69.97658],[18.52194,69.97786],[18.51944,69.97759],[18.51816,69.97829],[18.51566,69.97831],[18.51588,69.97901],[18.51074,69.97958],[18.5142,69.981],[18.52085,69.98166],[18.5237,69.98143],[18.52002,69.98263],[18.52141,69.98377],[18.52342,69.98377],[18.52755,69.98262],[18.52766,69.98155],[18.52646,69.98018],[18.52352,69.97879],[18.52825,69.97836],[18.5241,69.97524],[18.52388,69.97436],[18.52412,69.97384],[18.52628,69.97369],[18.52755,69.97275],[18.52481,69.97294],[18.52409,69.97196],[18.52678,69.97121],[18.52859,69.97135],[18.53112,69.97],[18.53327,69.96963]],[[18.51686,69.98327],[18.5142,69.98316],[18.51129,69.98384],[18.51468,69.986],[18.51849,69.98451],[18.5184,69.98368],[18.51686,69.98327]],[[18.50123,69.98654],[18.50272,69.98571],[18.50161,69.98511],[18.4941,69.98337],[18.4838,69.98218],[18.48284,69.98274],[18.48034,69.98308],[18.4848,69.98486],[18.49279,69.98537],[18.49417,69.98645],[18.49783,69.98639],[18.49963,69.98704],[18.50123,69.98654]],[[18.70666,69.98363],[18.70631,69.98273],[18.70403,69.98323],[18.69901,69.98264],[18.69883,69.9814],[18.69603,69.98078],[18.69794,69.97959],[18.69506,69.97805],[18.6892,69.97867],[18.68888,69.97978],[18.69115,69.9818],[18.6898,69.98298],[18.68752,69.98355],[18.68812,69.9843],[18.69175,69.98518],[18.69616,69.98521],[18.70187,69.98476],[18.70638,69.98402],[18.70666,69.98363]],[[18.80276,69.98128],[18.80083,69.98136],[18.80068,69.98168],[18.80267,69.98371],[18.80404,69.98166],[18.80276,69.98128]],[[18.80718,69.98675],[18.80754,69.98408],[18.8138,69.97979],[18.81591,69.97988],[18.81723,69.97956],[18.82263,69.97662],[18.82612,69.97644],[18.82951,69.97413],[18.83197,69.97351],[18.83352,69.97241],[18.83791,69.97152]],[[18.52139,69.99212],[18.52095,69.99083],[18.51788,69.99155],[18.51497,69.99114],[18.51752,69.99293],[18.51983,69.99372],[18.52081,69.99347],[18.52139,69.99212]],[[18.68042,69.99038],[18.67996,69.98997],[18.67757,69.99041],[18.67106,69.99002],[18.67154,69.99064],[18.67483,69.99114],[18.67812,69.99095],[18.68042,69.99038]],[[18.80677,69.98898],[18.80718,69.98675]],[[18.5176,69.99597],[18.51598,69.99506],[18.51374,69.99504],[18.51268,69.9922],[18.51001,69.991],[18.51083,69.98938],[18.50945,69.9886],[18.50651,69.98867],[18.50637,69.9893],[18.50117,69.98946],[18.49981,69.98998],[18.49993,69.99055],[18.50192,69.99133],[18.49809,69.99103],[18.49642,69.99155],[18.49552,69.99283],[18.49942,69.99333],[18.49949,69.99364],[18.49276,69.99372],[18.49775,69.99526],[18.50108,69.99551],[18.50663,69.99499],[18.51146,69.99625],[18.51365,69.99576],[18.51438,69.99632],[18.51696,69.99663],[18.51803,69.99647],[18.5176,69.99597]],[[18.5089,69.9978],[18.50851,69.99741],[18.50462,69.99714],[18.50001,69.99747],[18.49685,69.99723],[18.49595,69.99753],[18.49796,69.99811],[18.50468,69.9983],[18.5089,69.9978]],[[18.49338,69.99792],[18.48997,69.9979],[18.48898,69.9976],[18.48751,69.99793],[18.48858,69.99853],[18.49404,69.99879],[18.49463,69.99839],[18.49338,69.99792]],[[18.50805,69.99961],[18.50354,69.99965],[18.50216,70.00005]],[[18.50742,70.00015],[18.50805,69.99961]],[[18.71544,69.99306],[18.71472,69.99244],[18.71615,69.99069],[18.71441,69.99064],[18.71131,69.99153],[18.7107,69.9913],[18.71515,69.9891],[18.71304,69.9885],[18.71082,69.9891],[18.70911,69.98835],[18.71735,69.98638],[18.71751,69.98591],[18.71461,69.98546],[18.71392,69.98497],[18.71094,69.98451],[18.70783,69.98493],[18.70654,69.98646],[18.70127,69.98775],[18.70051,69.98883],[18.70123,69.98921],[18.70017,69.98951],[18.699,69.98939],[18.69499,69.9862],[18.69246,69.9859],[18.68888,69.98628],[18.688,69.9872],[18.69184,69.9886],[18.69155,69.98971],[18.68968,69.9904],[18.68681,69.99075],[18.68684,69.99178],[18.68443,69.99219],[18.68611,69.99348],[18.68614,69.99489],[18.67986,69.99487],[18.67977,69.99538],[18.68234,69.99587],[18.68129,69.99681],[18.67828,69.9972],[18.67929,69.99901]],[[18.72628,69.99803],[18.72555,69.99756],[18.72823,69.99464],[18.72638,69.9929],[18.72699,69.992],[18.72355,69.99145],[18.72283,69.99173],[18.72474,69.99275],[18.71966,69.99329],[18.71786,69.99282],[18.71544,69.99306]],[[18.80648,69.99633],[18.80492,69.99196],[18.80677,69.98898]],[[18.72662,70.00084],[18.72879,69.9994],[18.72628,69.99803]],[[18.80648,69.99633],[18.80623,69.99761],[18.80762,69.99933]],[[18.67679,70.00028],[18.67929,69.99901]],[[18.72996,69.63868],[18.72996,69.63868]],[[18.99614,69.65224],[18.99662,69.65219]],[[18.72949,69.68278],[18.72053,69.68215],[18.71376,69.68266]],[[18.73487,69.68349],[18.72949,69.68278]],[[18.68916,69.68554],[18.69416,69.68435]],[[18.84042,69.68451],[18.84624,69.6851],[18.85045,69.68597],[18.85396,69.68591],[18.85334,69.68662],[18.85527,69.68688],[18.86101,69.68605],[18.86571,69.68836],[18.86789,69.6902],[18.87093,69.69036],[18.87472,69.69154]],[[18.6173,69.69837],[18.61779,69.69842]],[[18.61752,69.69962],[18.61846,69.69905],[18.61779,69.69842]],[[18.6456,69.69966],[18.6434,69.69874]],[[18.6477,69.70417],[18.64859,69.70195],[18.6456,69.69966]],[[18.65342,69.71551],[18.65157,69.71359],[18.65285,69.71223],[18.65142,69.70967],[18.64904,69.70772],[18.64916,69.70605],[18.6477,69.70417]],[[18.64057,69.73015],[18.64306,69.72949],[18.64182,69.72885],[18.64379,69.72589],[18.65004,69.72264],[18.65422,69.71912],[18.65506,69.71694],[18.65342,69.71551]],[[18.64033,69.73038],[18.64057,69.73015]],[[18.76101,69.77936],[18.76087,69.77973]],[[18.63006,69.80443],[18.63553,69.80456]],[[18.71177,69.81222],[18.71496,69.81125]],[[18.73284,69.64352],[18.73185,69.64255],[18.73259,69.64105],[18.7298,69.63978],[18.72996,69.63868]],[[18.73284,69.64352],[18.73746,69.64639]],[[18.93355,69.63423],[18.93789,69.63763],[18.93988,69.63746],[18.94089,69.63798],[18.93774,69.6392],[18.94129,69.63872],[18.94259,69.63904],[18.94385,69.64129],[18.94758,69.64232],[18.9478,69.64289],[18.94979,69.64339],[18.95354,69.64576]],[[18.64058,69.73217],[18.63974,69.73133],[18.64033,69.73038]],[[18.95812,69.63367],[18.97112,69.64132],[18.98223,69.64505],[18.98122,69.64646]],[[18.8994,69.65005],[18.89706,69.64871],[18.89666,69.64583],[18.89766,69.64391],[18.90015,69.64264],[18.89888,69.64047],[18.9023,69.63932]],[[18.99662,69.65219],[18.99827,69.65203],[19.0015,69.65241]],[[18.96766,69.65357],[18.96929,69.65333],[18.9715,69.65184],[18.96989,69.65124],[18.96666,69.65228],[18.96155,69.65177],[18.96038,69.65058],[18.96148,69.64977],[18.96357,69.64978],[18.96209,69.6474],[18.95895,69.64626],[18.95726,69.64699],[18.95354,69.64576]],[[18.98122,69.64646],[18.98002,69.64755],[18.98171,69.64999],[18.9874,69.6511],[18.99424,69.6531],[18.99614,69.65224]],[[18.96766,69.65357],[18.96633,69.6539],[18.96697,69.65443]],[[18.82728,69.65935],[18.82406,69.65798],[18.81999,69.65357],[18.8195,69.65135],[18.82019,69.65071],[18.81646,69.6494],[18.8051,69.64757],[18.79875,69.64693],[18.79513,69.64719],[18.78888,69.64856]],[[18.8994,69.65005],[18.90259,69.65225],[18.90371,69.65572],[18.90643,69.6581]],[[18.90643,69.6581],[18.90794,69.66401]],[[18.78888,69.64856],[18.77671,69.65116],[18.76957,69.65638],[18.77193,69.66057],[18.76608,69.66209],[18.76526,69.66265],[18.76959,69.66314],[18.77292,69.66303],[18.78148,69.66142],[18.78726,69.66167],[18.79188,69.66266],[18.7981,69.66234],[18.80253,69.66256],[18.8038,69.66379],[18.81511,69.66753],[18.81596,69.66861],[18.81841,69.6694],[18.8231,69.66863],[18.83412,69.66826],[18.83401,69.665],[18.83014,69.66093],[18.82728,69.65935]],[[18.91055,69.6698],[18.91183,69.66823],[18.90923,69.66721],[18.91035,69.66637],[18.90794,69.66401]],[[18.74855,69.67611],[18.74669,69.67599],[18.7461,69.67541],[18.74619,69.67268],[18.7483,69.66935],[18.75249,69.66666],[18.75548,69.6662],[18.75878,69.66476],[18.75768,69.66383],[18.74775,69.65981],[18.74623,69.65629],[18.74712,69.65401],[18.74589,69.65167],[18.73937,69.64912],[18.73916,69.64739],[18.73746,69.64639]],[[18.66515,69.68495],[18.65742,69.68512]],[[18.90122,69.67817],[18.90594,69.67524],[18.9062,69.67233],[18.90872,69.67137],[18.91055,69.6698]],[[18.69671,69.68429],[18.69693,69.68388],[18.69555,69.6834],[18.69416,69.68435]],[[18.70811,69.68405],[18.71376,69.68266]],[[18.74855,69.67611],[18.75771,69.67354],[18.75996,69.67322],[18.76237,69.67345],[18.77002,69.6752],[18.77346,69.67655],[18.77478,69.67814],[18.78312,69.68104],[18.78564,69.68088],[18.7914,69.68227]],[[18.89872,69.67992],[18.89407,69.67907],[18.89341,69.67787],[18.89474,69.67781],[18.89498,69.67841],[18.89615,69.67852],[18.90122,69.67817]],[[18.96697,69.65443],[18.96976,69.65406],[18.97016,69.65495],[18.9695,69.65563],[18.96602,69.65652],[18.96643,69.65701],[18.97345,69.65803],[18.97018,69.65972],[18.96954,69.66245],[18.96981,69.66429],[18.97172,69.66459],[18.97199,69.66609],[18.9762,69.66644],[18.97529,69.67112],[18.98377,69.67652],[18.98902,69.67789]],[[18.73487,69.68349],[18.73523,69.68426],[18.73135,69.68505],[18.73107,69.68548]],[[18.69671,69.68429],[18.69585,69.68466],[18.69671,69.6851],[18.70589,69.68474],[18.70811,69.68405]],[[18.66515,69.68495],[18.66762,69.68587],[18.67144,69.68632],[18.68119,69.68638],[18.68916,69.68554]],[[18.7914,69.68227],[18.80294,69.6833],[18.80542,69.68294],[18.80616,69.68338],[18.80914,69.68351],[18.81667,69.6833],[18.82607,69.68356],[18.82966,69.68408],[18.83571,69.6838],[18.84042,69.68451]],[[18.98902,69.67789],[18.99341,69.67949],[18.99547,69.67933],[18.99765,69.67998],[18.99705,69.68056],[18.99797,69.68091],[18.99986,69.68062],[19.00212,69.68141]],[[18.73107,69.68548],[18.72955,69.68642],[18.72728,69.68605],[18.72377,69.68766],[18.72797,69.68691],[18.72955,69.68755],[18.73162,69.68766],[18.74086,69.68671],[18.74462,69.68699]],[[18.74485,69.68828],[18.74843,69.68723],[18.74462,69.68699]],[[18.74485,69.68828],[18.73769,69.6896]],[[18.89872,69.67992],[18.90126,69.68183],[18.90059,69.68343],[18.90175,69.68576],[18.90567,69.68619]],[[18.61124,69.69073],[18.61481,69.69245],[18.61463,69.69308],[18.61658,69.69415]],[[18.64439,69.69389],[18.64932,69.68751],[18.65255,69.6861],[18.65742,69.68512]],[[18.48772,69.69676],[18.49521,69.6977],[18.49898,69.69763],[18.4999,69.69684],[18.50328,69.69698],[18.51183,69.69836],[18.51237,69.6979],[18.51118,69.69742],[18.51287,69.69678],[18.51655,69.69684],[18.5227,69.69623],[18.52554,69.69731],[18.53095,69.69542],[18.54215,69.69531],[18.54401,69.69484],[18.54432,69.69429],[18.55061,69.69421],[18.5517,69.69289],[18.5538,69.6923],[18.55546,69.69248],[18.55456,69.69324],[18.55618,69.69343],[18.55881,69.69201],[18.56262,69.69149],[18.56865,69.69129],[18.576,69.69048],[18.59575,69.69025],[18.60091,69.68921],[18.60889,69.6899],[18.61124,69.69073]],[[18.42581,69.6987],[18.42821,69.69894],[18.43117,69.70028],[18.43485,69.69882],[18.44408,69.69779],[18.44986,69.69827],[18.45568,69.69791],[18.45873,69.69705],[18.46069,69.69703],[18.46329,69.69759],[18.46804,69.69671],[18.46935,69.69717],[18.4651,69.69826],[18.4693,69.69878],[18.47216,69.69793],[18.47716,69.69841],[18.48772,69.69676]],[[18.6172,69.69777],[18.62072,69.69735],[18.62132,69.69663],[18.62095,69.6959],[18.61658,69.69415]],[[18.6172,69.69777],[18.61544,69.69811],[18.6173,69.69837]],[[18.6434,69.69874],[18.64148,69.69733],[18.64492,69.696],[18.64439,69.69389]],[[18.61752,69.69962],[18.61447,69.70008]],[[18.91197,69.70135],[18.90381,69.70001],[18.89952,69.69993]],[[18.90567,69.68619],[18.90765,69.68824],[18.90742,69.68926],[18.90988,69.68958],[18.91649,69.68958],[18.91741,69.6885],[18.91919,69.68837],[18.9202,69.69199],[18.92252,69.69204],[18.92519,69.69572],[18.92924,69.69666]],[[18.89369,69.69852],[18.89441,69.69759],[18.89221,69.69634],[18.88987,69.69332],[18.88852,69.69314],[18.88649,69.69349],[18.88748,69.69477],[18.88636,69.69534],[18.88449,69.6955],[18.88486,69.69414],[18.88321,69.69342],[18.88185,69.69083],[18.87783,69.69163],[18.87472,69.69154]],[[18.92924,69.69666],[18.93236,69.69737],[18.94116,69.69766]],[[18.55348,69.70671],[18.55374,69.70603],[18.55525,69.70559],[18.56282,69.70511],[18.57128,69.70381],[18.57311,69.70338],[18.57352,69.70259],[18.57574,69.70206],[18.58119,69.70234],[18.58533,69.70195],[18.58947,69.70106],[18.60063,69.70081],[18.60659,69.70002],[18.61447,69.70008]],[[18.45699,69.70903],[18.45824,69.7081],[18.46348,69.70705],[18.46764,69.70713],[18.4712,69.70784]],[[18.4712,69.70784],[18.47579,69.70826],[18.48964,69.70841]],[[18.89952,69.69993],[18.89369,69.69852]],[[18.48964,69.70841],[18.49752,69.70836],[18.50372,69.7091],[18.51148,69.70945],[18.52294,69.70919],[18.53964,69.70936],[18.54962,69.70777],[18.55348,69.70671]],[[18.94116,69.69766],[18.95567,69.69915],[18.95678,69.69851],[18.9626,69.69797],[18.96758,69.69796],[18.97084,69.69979],[18.9714,69.70214],[18.97607,69.70593]],[[18.97607,69.70593],[18.98858,69.71069],[18.99578,69.71248],[19.00221,69.71328]],[[18.70629,69.729],[18.70319,69.7213],[18.70468,69.71828],[18.70436,69.71629],[18.69825,69.71339],[18.69339,69.71032],[18.68759,69.70856],[18.68451,69.70682],[18.68143,69.70589],[18.6793,69.7011],[18.68085,69.69892],[18.68467,69.69648],[18.6912,69.6944],[18.70201,69.69151],[18.70749,69.69058],[18.71657,69.69004],[18.71977,69.68951],[18.72422,69.68976],[18.72438,69.68936],[18.73044,69.68908],[18.73769,69.6896]],[[18.91197,69.70135],[18.91378,69.70105],[18.91999,69.70127],[18.92717,69.70269],[18.92816,69.70445],[18.93119,69.70501],[18.93648,69.70978],[18.94054,69.71014],[18.94295,69.7117],[18.94359,69.71423],[18.95007,69.71334],[18.95193,69.71332],[18.95392,69.71385],[18.95245,69.71551],[18.95056,69.7162],[18.94854,69.71788],[18.94853,69.72018],[18.95167,69.72258],[18.9507,69.72368]],[[18.94284,69.72487],[18.94587,69.72434],[18.94787,69.72448],[18.9507,69.72368]],[[18.94284,69.72487],[18.94446,69.72587],[18.94632,69.72607],[18.94751,69.72674],[18.94715,69.72808]],[[18.94715,69.72808],[18.94692,69.72992],[18.94922,69.73054],[18.95124,69.72975],[18.94919,69.72897],[18.9496,69.72869],[18.95349,69.72961],[18.96036,69.72855]],[[18.49515,69.74177],[18.4957,69.74413],[18.49744,69.74591],[18.49877,69.75262]],[[19.00172,69.73547],[18.99579,69.73461],[18.98705,69.73084],[18.97684,69.72892],[18.97123,69.72834],[18.96036,69.72855]],[[18.6298,69.7488],[18.64026,69.74394],[18.6435,69.74123],[18.64374,69.73984],[18.6412,69.73677],[18.64274,69.73371],[18.64058,69.73217]],[[18.62664,69.75288],[18.62777,69.75126],[18.62677,69.74993],[18.6298,69.7488]],[[18.49747,69.75579],[18.49734,69.75463],[18.49892,69.75389],[18.49877,69.75262]],[[18.70629,69.729],[18.70371,69.73533],[18.70682,69.73996],[18.70844,69.74471],[18.7133,69.74802],[18.71417,69.75053],[18.71559,69.75174]],[[18.49747,69.75579],[18.49765,69.7569]],[[18.71711,69.75324],[18.71559,69.75174]],[[18.50833,69.76133],[18.50389,69.76024],[18.50419,69.75907],[18.50006,69.75775],[18.4997,69.75724],[18.49765,69.7569]],[[18.62664,69.75288],[18.62432,69.75398],[18.61733,69.75573],[18.61326,69.75843],[18.61375,69.75891],[18.61523,69.75904],[18.62778,69.75951]],[[18.70296,69.75438],[18.694,69.75536],[18.69382,69.75714],[18.69583,69.75847],[18.69904,69.75831],[18.70345,69.75693],[18.7043,69.75497],[18.70296,69.75438]],[[18.64181,69.76696],[18.64349,69.76597],[18.64738,69.76521],[18.64561,69.76451],[18.64736,69.76377],[18.64619,69.76213],[18.64658,69.76098],[18.64552,69.76025],[18.63964,69.75915],[18.62778,69.75951]],[[18.52678,69.77513],[18.51918,69.77377],[18.51616,69.77038],[18.51514,69.7656],[18.51216,69.76232],[18.50833,69.76133]],[[18.63488,69.77488],[18.63452,69.77433],[18.63646,69.77355],[18.63794,69.77186],[18.63559,69.77032],[18.63529,69.76914],[18.6362,69.76847],[18.63996,69.76786],[18.64181,69.76696]],[[18.47511,69.77862],[18.47928,69.77635],[18.48042,69.77228],[18.47955,69.77108],[18.48162,69.76876],[18.48105,69.76464],[18.47904,69.76123],[18.47673,69.74439],[18.475,69.74259],[18.47506,69.74131],[18.47758,69.74046],[18.48862,69.73899],[18.49198,69.73966],[18.49515,69.74177]],[[18.5372,69.77738],[18.53499,69.77692],[18.53162,69.77724],[18.52678,69.77513]],[[18.63601,69.77537],[18.63488,69.77488]],[[18.72294,69.77356],[18.72041,69.77023],[18.72094,69.76793],[18.71772,69.76212],[18.71386,69.7598],[18.71563,69.759],[18.71711,69.75324]],[[18.44128,69.77928],[18.44398,69.78003],[18.45011,69.78034],[18.45535,69.78139],[18.45972,69.78159],[18.46722,69.78116],[18.47126,69.78029],[18.47511,69.77862]],[[18.72294,69.77356],[18.73064,69.77556],[18.7389,69.77512],[18.74279,69.7753],[18.74715,69.7763],[18.75122,69.77653],[18.7579,69.77827],[18.75973,69.77779],[18.76089,69.77864]],[[18.76101,69.77936],[18.76089,69.77864]],[[18.76087,69.77973],[18.75874,69.7817]],[[18.5372,69.77738],[18.53842,69.77769],[18.53952,69.77903],[18.53936,69.78014],[18.53778,69.78071],[18.53776,69.7816],[18.53395,69.78499],[18.53403,69.78731],[18.53179,69.78955]],[[18.77836,69.78705],[18.77642,69.78591],[18.76737,69.78508]],[[18.76235,69.78683],[18.76408,69.78571],[18.76737,69.78508]],[[18.75874,69.7817],[18.75342,69.78229],[18.74642,69.78188],[18.73981,69.78256],[18.7316,69.7841],[18.73021,69.78605],[18.73606,69.78787],[18.73982,69.78823],[18.74356,69.78799],[18.74607,69.78741],[18.7568,69.78765],[18.76235,69.78683]],[[18.77836,69.78705],[18.76847,69.79182],[18.77169,69.79484]],[[18.76483,69.80072],[18.7484,69.80036]],[[18.64438,69.80208],[18.64864,69.80111],[18.65238,69.79925],[18.6525,69.79843],[18.64672,69.79175],[18.64676,69.78854],[18.64371,69.78554],[18.64415,69.78408],[18.64207,69.77919],[18.63601,69.77537]],[[18.77702,69.80057],[18.77795,69.79949],[18.77317,69.79704],[18.77169,69.79484]],[[18.63553,69.80456],[18.64014,69.8048],[18.64217,69.8036],[18.64161,69.80265],[18.64438,69.80208]],[[18.73189,69.80161],[18.74286,69.8014],[18.7484,69.80036]],[[18.53179,69.78955],[18.53097,69.79062],[18.5328,69.79302],[18.56187,69.79568],[18.56766,69.79658],[18.57475,69.79827],[18.57699,69.79959],[18.57764,69.80128],[18.58097,69.80293],[18.58977,69.8044],[18.59755,69.80423],[18.61503,69.80252],[18.61674,69.80257],[18.62189,69.8042],[18.63006,69.80443]],[[18.76483,69.80072],[18.76945,69.80081],[18.77011,69.80173],[18.77124,69.80186],[18.77511,69.80147],[18.77702,69.80057]],[[18.73189,69.80161],[18.72577,69.80142],[18.72456,69.80199],[18.72594,69.80354],[18.73277,69.80695],[18.73281,69.80774]],[[18.72312,69.81],[18.73281,69.80774]],[[18.71496,69.81125],[18.71581,69.81077],[18.72312,69.81]],[[18.68931,69.25332],[18.68793,69.25458]],[[18.52908,69.26549],[18.53145,69.27015],[18.53537,69.27421]],[[18.67185,69.28064],[18.67414,69.27983]],[[18.49324,69.28434],[18.49241,69.2842]],[[18.71657,69.27968],[18.7167,69.2797]],[[18.49012,69.28566],[18.49062,69.28627],[18.49189,69.28611],[18.49324,69.28434]],[[18.93116,69.29824],[18.93678,69.29848]],[[18.57064,69.32449],[18.56771,69.32153],[18.56964,69.31829]],[[18.82719,69.32177],[18.8237,69.32226]],[[18.79097,69.32141],[18.79013,69.323]],[[18.93402,69.31979],[18.93501,69.31942]],[[18.82069,69.32233],[18.8237,69.32226]],[[18.74774,69.32392],[18.75032,69.32534]],[[18.75032,69.32534],[18.75369,69.32653],[18.76138,69.3268],[18.76515,69.32743],[18.77061,69.32695],[18.78057,69.32683]],[[18.81053,69.33419],[18.80986,69.33433]],[[18.56993,69.41749],[18.57001,69.41743]],[[18.9549,69.42808],[18.95544,69.428]],[[18.90605,69.45579],[18.9067,69.45516]],[[18.8499,69.48384],[18.85273,69.48258]],[[18.4446,69.50982],[18.43984,69.50584],[18.44028,69.50264]],[[18.54644,69.52153],[18.55103,69.52302],[18.55629,69.52348],[18.56614,69.52526],[18.57837,69.5255],[18.58328,69.52601],[18.58834,69.52726]],[[18.46977,69.54511],[18.46282,69.54431]],[[18.98185,69.53873],[18.97892,69.53903],[18.9754,69.53884]],[[18.58414,69.55443],[18.5886,69.55747],[18.59377,69.55956]],[[18.84786,69.55649],[18.85003,69.55556]],[[18.71375,69.56095],[18.71494,69.56069]],[[18.80544,69.59214],[18.80534,69.59212]],[[18.58414,69.55443],[18.58287,69.5537],[18.57668,69.55207]],[[18.49702,69.25827],[18.49774,69.25802],[18.49718,69.25637],[18.49563,69.25511]],[[18.686,69.25438],[18.68629,69.25363],[18.68877,69.25309]],[[18.51111,69.25027],[18.51094,69.25316],[18.51583,69.25644],[18.51911,69.25765],[18.5183,69.25813]],[[18.6968,69.26729],[18.69488,69.26413],[18.69535,69.26318],[18.69247,69.25962]],[[18.51748,69.2582],[18.51541,69.25761],[18.51456,69.25998],[18.5189,69.26161],[18.51985,69.26101]],[[18.69247,69.25962],[18.69202,69.25881],[18.68748,69.25734],[18.68815,69.25633],[18.686,69.25438]],[[18.51884,69.26271],[18.51795,69.26284],[18.51886,69.26471],[18.52094,69.26544],[18.52129,69.26491],[18.51884,69.26271]],[[18.52254,69.2609],[18.52627,69.26298],[18.52908,69.26549]],[[18.52453,69.26462],[18.52368,69.26469],[18.52369,69.26518],[18.52465,69.26684],[18.52698,69.26797],[18.52453,69.26462]],[[18.51905,69.26676],[18.5175,69.26667],[18.51697,69.26722],[18.51767,69.26873],[18.5199,69.26763],[18.51905,69.26676]],[[18.67414,69.27983],[18.68396,69.27883],[18.6854,69.2782],[18.68568,69.27687],[18.69785,69.27175],[18.6968,69.26729]],[[18.49209,69.28399],[18.49456,69.28194],[18.49507,69.27846],[18.50777,69.27295],[18.50055,69.2684],[18.50132,69.2672],[18.50019,69.26419],[18.50158,69.26071],[18.49702,69.25827]],[[18.53452,69.2835],[18.53729,69.27801],[18.53648,69.27786],[18.53688,69.27702],[18.53453,69.27649],[18.53537,69.27421]],[[18.71657,69.27968],[18.71448,69.27898],[18.71198,69.27614],[18.71763,69.26889],[18.71422,69.26455],[18.7119,69.25792],[18.70929,69.25464],[18.70491,69.25338],[18.69958,69.2529],[18.69624,69.25405],[18.69701,69.25686],[18.69486,69.2589],[18.69242,69.25792],[18.68793,69.25458]],[[18.67615,69.2917],[18.68604,69.28771],[18.69102,69.28514],[18.70257,69.28311],[18.71051,69.28099],[18.71289,69.28054],[18.71614,69.28066],[18.71666,69.28022]],[[18.99,69.28776],[18.98478,69.28727],[18.98041,69.28736],[18.9789,69.28696],[18.97362,69.28681],[18.97012,69.28625],[18.96378,69.28749],[18.96027,69.28737],[18.95731,69.28672],[18.9502,69.28792]],[[18.67615,69.2917],[18.6704,69.29506]],[[18.99,69.28776],[18.99309,69.28802],[18.99721,69.28758],[19.00367,69.28783]],[[18.98418,69.28901],[18.982,69.28927],[18.98036,69.28995],[18.98089,69.29149],[18.98506,69.29128],[18.98693,69.29055],[18.98418,69.28901]],[[18.98287,69.29506],[18.98722,69.29378],[18.99954,69.29305],[19.0026,69.29194]],[[18.6704,69.29506],[18.66533,69.29717],[18.66001,69.30045],[18.65247,69.30231],[18.64901,69.30467]],[[18.93678,69.29848],[18.95385,69.29692],[18.94437,69.29536],[18.9426,69.29463],[18.9458,69.29342],[18.94435,69.29257],[18.94535,69.28931],[18.94872,69.28941],[18.9518,69.2901],[18.95499,69.29003],[18.95051,69.28895],[18.9502,69.28792]],[[18.98287,69.29506],[18.98073,69.29601],[18.97487,69.29684],[18.97232,69.29775],[18.9724,69.29935],[18.96872,69.30102],[18.97066,69.30172],[18.9723,69.30161]],[[18.855,69.30687],[18.85562,69.3054]],[[18.85562,69.3054],[18.85933,69.30485],[18.86357,69.30621],[18.87089,69.30672],[18.87115,69.30615],[18.86718,69.30522],[18.86949,69.30441],[18.87477,69.30441],[18.87542,69.30498],[18.88016,69.30451],[18.88679,69.30465],[18.89015,69.30418],[18.88896,69.3036],[18.8894,69.30315],[18.90299,69.30148],[18.90754,69.2998],[18.91452,69.29947],[18.92004,69.2977],[18.92561,69.29741],[18.93116,69.29824]],[[18.56964,69.31829],[18.57663,69.31596],[18.59832,69.30672],[18.61257,69.29729],[18.62232,69.29538],[18.63698,69.29122],[18.64326,69.28897],[18.65271,69.28464],[18.65618,69.28433],[18.6634,69.28197],[18.66844,69.28158],[18.67185,69.28064]],[[18.54196,69.31989],[18.54048,69.31847],[18.54479,69.31603],[18.54546,69.31291],[18.54439,69.30873],[18.54475,69.30522],[18.54276,69.29895],[18.54328,69.2962],[18.54225,69.29442],[18.5338,69.28667],[18.53452,69.2835]],[[18.89192,69.31542],[18.89117,69.31423],[18.8884,69.31354],[18.88253,69.31344],[18.8783,69.31276],[18.87216,69.31298],[18.87226,69.31147],[18.86765,69.31079],[18.86761,69.30979],[18.8616,69.30828],[18.85646,69.30748],[18.855,69.30687]],[[18.95378,69.31524],[18.95233,69.31511],[18.9517,69.31457],[18.9545,69.31254],[18.96237,69.31029],[18.96901,69.30907],[18.98181,69.30466],[18.98259,69.30343],[18.97751,69.3032],[18.97547,69.3015],[18.9723,69.30161]],[[18.73107,69.32161],[18.72755,69.32207],[18.72205,69.32092],[18.71745,69.32132],[18.71625,69.322],[18.71425,69.32225],[18.71224,69.32194],[18.70222,69.3222],[18.69715,69.32146],[18.68137,69.32238]],[[18.64901,69.30467],[18.64756,69.30712],[18.64331,69.30939],[18.64033,69.31318],[18.64732,69.31388],[18.65389,69.31355],[18.65719,69.31425],[18.66372,69.31358],[18.66649,69.31373],[18.66893,69.31452],[18.66819,69.31553],[18.67283,69.32181],[18.67711,69.32274],[18.68137,69.32238]],[[18.83475,69.32046],[18.83307,69.32037],[18.82995,69.32153],[18.82719,69.32177]],[[18.93501,69.31942],[18.9371,69.31889],[18.93667,69.31815],[18.93477,69.31809]],[[18.95499,69.31904],[18.95399,69.31812],[18.951,69.31791],[18.94625,69.31849],[18.94488,69.31805],[18.94687,69.31696],[18.95258,69.31737],[18.95403,69.31708],[18.95505,69.31638],[18.95378,69.31524]],[[18.79097,69.32141],[18.79928,69.32248],[18.8084,69.32209]],[[18.53531,69.32819],[18.53735,69.32757],[18.53951,69.32444],[18.54333,69.32284],[18.54196,69.31989]],[[18.48813,69.32935],[18.49251,69.32823],[18.49764,69.32467],[18.497,69.32066],[18.49833,69.3194],[18.49945,69.3155],[18.49834,69.31202],[18.49847,69.30747],[18.49521,69.29854],[18.49533,69.29724],[18.49938,69.29535],[18.498,69.29496],[18.49443,69.29499],[18.49351,69.29461],[18.49354,69.29272],[18.48894,69.28681],[18.48921,69.28565]],[[18.5338,69.32842],[18.53531,69.32819]],[[18.57424,69.32759],[18.57064,69.32449]],[[18.74774,69.32392],[18.74255,69.32218],[18.73515,69.32216],[18.73297,69.32162],[18.73107,69.32161]],[[18.82069,69.32233],[18.8084,69.32209]],[[18.83194,69.32208],[18.83475,69.32046]],[[18.89192,69.31542],[18.89318,69.316],[18.89598,69.31621],[18.89665,69.31674],[18.89696,69.31799],[18.89448,69.31964],[18.89518,69.32067]],[[18.92171,69.32007],[18.92356,69.31937],[18.92734,69.31888],[18.92919,69.31802],[18.93176,69.3183],[18.93477,69.31809]],[[18.95466,69.31932],[18.95499,69.31904]],[[18.88688,69.32228],[18.89683,69.32252],[18.89518,69.32067]],[[18.78057,69.32683],[18.79193,69.32707],[18.79774,69.32555],[18.79775,69.32475],[18.79304,69.32417],[18.79013,69.323]],[[18.92171,69.32007],[18.92356,69.32099],[18.92158,69.32188],[18.91864,69.32209],[18.91726,69.32168],[18.91173,69.32138],[18.90877,69.32224],[18.91368,69.32294],[18.91963,69.32258],[18.92183,69.32417],[18.91968,69.32464],[18.92008,69.32491],[18.93183,69.32422],[18.93182,69.3239],[18.92894,69.3237],[18.92854,69.32292],[18.93393,69.32161],[18.93402,69.31979]],[[18.83194,69.32208],[18.83161,69.32323],[18.83282,69.32396],[18.83704,69.32467],[18.84412,69.32522],[18.84665,69.32498],[18.84855,69.32425],[18.85412,69.32492],[18.86187,69.32511],[18.86618,69.32451],[18.8675,69.32516],[18.86431,69.32546],[18.86402,69.32614],[18.87072,69.32657],[18.8741,69.32593],[18.8747,69.32544],[18.87171,69.32379],[18.87271,69.3227],[18.88103,69.32271],[18.88688,69.32228]],[[18.93619,69.32592],[18.94251,69.32405],[18.94875,69.32299],[18.95569,69.32117],[18.95694,69.32009],[18.95466,69.31932]],[[18.48691,69.33684],[18.4886,69.33465],[18.48813,69.32935]],[[18.90144,69.3303],[18.90429,69.33059],[18.90331,69.32941],[18.90417,69.32863],[18.90639,69.32802],[18.90719,69.32799],[18.90696,69.32891],[18.90832,69.32931]],[[18.90832,69.32931],[18.91491,69.32889],[18.92206,69.32708],[18.92796,69.32797],[18.93164,69.32801],[18.93439,69.32752],[18.93619,69.32592]],[[18.89456,69.32929],[18.89366,69.32999],[18.89533,69.32985]],[[18.90144,69.3303],[18.89627,69.32967],[18.89533,69.32985]],[[18.84199,69.33573],[18.84567,69.33451],[18.8487,69.33245],[18.85486,69.33089],[18.8585,69.33081],[18.86364,69.33126],[18.87329,69.3311],[18.87971,69.33049],[18.89402,69.32764],[18.89595,69.32811],[18.89456,69.32929]],[[18.81053,69.33419],[18.81385,69.33362],[18.81665,69.33411],[18.81739,69.33351],[18.81469,69.33298],[18.82146,69.33171],[18.82106,69.33254],[18.82295,69.33344],[18.82265,69.33446],[18.81554,69.33738],[18.82526,69.33805],[18.83308,69.33788],[18.84199,69.33573]],[[18.75945,69.34654],[18.76127,69.34521],[18.76573,69.3436],[18.77844,69.34182],[18.78645,69.34006],[18.79614,69.33682],[18.80021,69.33592],[18.80051,69.33545],[18.80986,69.33433]],[[18.75945,69.34654],[18.75616,69.34651],[18.75213,69.34564],[18.74532,69.34549],[18.73859,69.346],[18.73582,69.34684]],[[18.4894,69.35255],[18.49312,69.3502],[18.49093,69.34702],[18.49017,69.34384],[18.48709,69.34161],[18.48782,69.34057],[18.48691,69.33684]],[[18.48964,69.3548],[18.48801,69.35347],[18.4894,69.35255]],[[18.5338,69.32842],[18.52871,69.33159],[18.52864,69.3325],[18.53456,69.33496],[18.53672,69.33768],[18.54023,69.3399],[18.53692,69.34232],[18.53349,69.34627],[18.53731,69.34756],[18.54116,69.35096],[18.54376,69.35202],[18.54862,69.35283],[18.55476,69.3547],[18.55688,69.35635],[18.56003,69.35715]],[[18.56003,69.35715],[18.56217,69.35748],[18.56536,69.35718],[18.56922,69.35502],[18.57032,69.35324],[18.57258,69.35306],[18.57521,69.35333],[18.57553,69.35244],[18.57995,69.35024],[18.58092,69.34907],[18.58108,69.34746],[18.57855,69.34613],[18.57892,69.34464],[18.58603,69.34443],[18.588,69.34339],[18.58809,69.33879],[18.58693,69.33613],[18.58422,69.33316],[18.5842,69.33199],[18.58285,69.33087],[18.57424,69.32759]],[[18.6877,69.35948],[18.69035,69.35851],[18.69251,69.35691],[18.69122,69.35595],[18.70216,69.35386],[18.70486,69.35258],[18.7112,69.35067],[18.72105,69.34837],[18.73114,69.34705],[18.73582,69.34684]],[[18.49407,69.36905],[18.4989,69.36732],[18.49941,69.3664],[18.49448,69.35695],[18.48964,69.3548]],[[18.48741,69.37426],[18.48971,69.37399],[18.49111,69.37335],[18.49184,69.37116],[18.49407,69.36905]],[[18.62924,69.37135],[18.63738,69.36846],[18.64966,69.36536],[18.66304,69.36307],[18.67501,69.362],[18.6877,69.35948]],[[18.43756,69.38724],[18.44092,69.38587],[18.4455,69.38524],[18.45247,69.38358],[18.45806,69.38033],[18.46491,69.37978],[18.46892,69.3785],[18.47839,69.37846],[18.48632,69.37576],[18.48634,69.37479],[18.48741,69.37426]],[[18.62924,69.37135],[18.6248,69.37384],[18.61366,69.37707],[18.60857,69.37933],[18.60809,69.38163],[18.60257,69.38351],[18.60345,69.38455],[18.60058,69.38623],[18.60038,69.38709],[18.60357,69.38791],[18.60541,69.38897]],[[18.3994,69.3954],[18.41168,69.39166],[18.42522,69.3908],[18.43756,69.38724]],[[18.60541,69.38897],[18.60694,69.38985],[18.6053,69.3919]],[[18.6053,69.3919],[18.60042,69.39377],[18.59998,69.39424],[18.60174,69.39506],[18.60091,69.39552]],[[18.59371,69.40579],[18.59725,69.40432],[18.59696,69.40272],[18.59504,69.40122],[18.59206,69.40136],[18.58886,69.4],[18.59083,69.39922],[18.59307,69.39947],[18.59455,69.39916],[18.59793,69.39542],[18.59993,69.39551]],[[18.98688,69.39767],[18.98601,69.39221],[18.9874,69.39129],[18.98772,69.38981],[18.99105,69.38861],[18.99679,69.38961],[18.99855,69.38872],[18.99989,69.38562],[19.00719,69.38211]],[[18.99152,69.40447],[18.99041,69.40175],[18.98688,69.39767]],[[18.57001,69.41743],[18.57376,69.4137],[18.58441,69.40913],[18.59371,69.40579]],[[18.9921,69.4083],[18.99254,69.40624],[18.99152,69.40447]],[[18.48049,69.42143],[18.47944,69.42159]],[[18.99262,69.4112],[18.9921,69.4083]],[[18.99484,69.41314],[18.99262,69.4112]],[[18.47944,69.42159],[18.4687,69.42342],[18.4705,69.42519],[18.48369,69.42739],[18.48471,69.42592],[18.48967,69.42343],[18.48978,69.42262],[18.48676,69.4211],[18.48398,69.42041],[18.48165,69.42052],[18.48049,69.42143]],[[18.9858,69.42393],[18.9917,69.42312],[18.99651,69.4215],[18.99641,69.41887],[18.99771,69.4165],[18.99484,69.41314]],[[18.95544,69.428],[18.95816,69.42768],[18.96818,69.42792],[18.9754,69.42741],[18.97906,69.4268],[18.98071,69.42552],[18.9858,69.42393]],[[18.56993,69.41749],[18.56512,69.41985],[18.55392,69.42308],[18.54685,69.42731],[18.535,69.43129],[18.5278,69.43273],[18.52171,69.4359],[18.50743,69.43906]],[[18.50165,69.43981],[18.50743,69.43906]],[[18.48302,69.44348],[18.48131,69.44324],[18.48044,69.44122],[18.4803,69.43938],[18.48213,69.43778],[18.47872,69.43788],[18.47551,69.43696],[18.47043,69.43693],[18.46362,69.43918],[18.45564,69.43993],[18.45201,69.44066],[18.45103,69.44157],[18.45102,69.44362]],[[18.50165,69.43981],[18.49212,69.44159],[18.48576,69.44368],[18.48302,69.44348]],[[18.94173,69.43536],[18.9436,69.4354],[18.94745,69.43661],[18.95399,69.43559],[18.95504,69.4344],[18.95353,69.43402],[18.9506,69.43427],[18.94537,69.43107],[18.9499,69.42822],[18.9549,69.42808]],[[18.93752,69.43821],[18.93648,69.43694],[18.94173,69.43536]],[[18.46649,69.46449],[18.46383,69.46378],[18.46381,69.45954],[18.45428,69.45584],[18.45534,69.45138],[18.4517,69.44918],[18.45368,69.44658],[18.45102,69.44362]],[[18.93752,69.43821],[18.93963,69.43948],[18.93815,69.44068],[18.93488,69.44176],[18.92988,69.4425],[18.92992,69.44337],[18.92778,69.44422],[18.92161,69.44423],[18.91869,69.44506],[18.91591,69.44785],[18.91013,69.45],[18.9079,69.45175],[18.90805,69.45218],[18.91009,69.45235],[18.91093,69.453],[18.90991,69.45358],[18.90832,69.4532],[18.9067,69.45516]],[[18.98464,69.45339],[18.98668,69.45287],[18.986,69.45213],[18.9877,69.45109],[18.99013,69.4508],[18.99273,69.45097],[18.99493,69.45038],[18.99655,69.44467],[19.00075,69.44395]],[[18.90698,69.4568],[18.90605,69.45579]],[[18.98464,69.45339],[18.98296,69.45413],[18.9838,69.45621]],[[18.98216,69.45711],[18.9838,69.45621]],[[18.46997,69.4688],[18.46622,69.46561],[18.46649,69.46449]],[[18.46997,69.4688],[18.47503,69.47057]],[[18.90791,69.46367],[18.90802,69.46204],[18.91009,69.45954],[18.90698,69.4568]],[[18.90758,69.46463],[18.90791,69.46367]],[[18.45197,69.47713],[18.45593,69.47627],[18.45759,69.47324],[18.45441,69.46827],[18.45047,69.46779]],[[18.45047,69.46779],[18.4472,69.46791],[18.44332,69.47199],[18.44482,69.47341],[18.44496,69.478],[18.4465,69.47814],[18.45197,69.47713]],[[18.98216,69.45711],[18.97519,69.45976],[18.96877,69.45977],[18.97144,69.46104],[18.97173,69.46172],[18.97067,69.46249],[18.96784,69.46312],[18.96767,69.4641],[18.97257,69.4662],[18.97251,69.46771],[18.97604,69.47174],[18.97575,69.47302]],[[18.89653,69.48126],[18.89821,69.47757],[18.90081,69.47605],[18.90086,69.47498],[18.90342,69.47307],[18.90758,69.46463]],[[18.4688,69.49238],[18.47323,69.49065],[18.47955,69.48535],[18.48199,69.47824],[18.48162,69.47455],[18.47939,69.4726],[18.47503,69.47057]],[[18.8554,69.48254],[18.85567,69.48319],[18.86033,69.48347],[18.86182,69.48602],[18.86582,69.48628],[18.86994,69.48576],[18.87274,69.48698],[18.87537,69.48686],[18.87592,69.48714]],[[18.84156,69.48858],[18.84289,69.48773],[18.84743,69.48641],[18.8499,69.48384]],[[18.45529,69.4977],[18.45862,69.49695],[18.46173,69.49458],[18.4688,69.49238]],[[18.83861,69.49209],[18.84043,69.49132],[18.83861,69.49085],[18.84156,69.48858]],[[18.87592,69.48714],[18.87813,69.4893],[18.88011,69.48989],[18.88565,69.48978]],[[18.88565,69.48978],[18.8859,69.49119],[18.887,69.49153],[18.88892,69.49133],[18.89297,69.48999],[18.89582,69.48732],[18.89537,69.48423],[18.89845,69.48293],[18.89627,69.48187],[18.89653,69.48126]],[[18.45529,69.4977],[18.44903,69.49872],[18.44259,69.49915],[18.44028,69.50264]],[[18.83861,69.49209],[18.8351,69.49469],[18.83761,69.49606],[18.83935,69.49618]],[[18.85662,69.50119],[18.85096,69.5001],[18.84982,69.49806],[18.84578,69.49746],[18.84646,69.49632],[18.84568,69.49598],[18.84424,69.49568],[18.83935,69.49618]],[[18.99504,69.49807],[18.99632,69.49592],[18.99651,69.48883],[18.99243,69.48535],[18.98323,69.48076],[18.9772,69.477],[18.97523,69.47431],[18.97575,69.47302]],[[18.4446,69.50982],[18.44554,69.51081],[18.45774,69.51291]],[[18.87064,69.5095],[18.86875,69.50837],[18.86928,69.50576],[18.86505,69.50479],[18.86266,69.50359],[18.85977,69.50313],[18.85662,69.50119]],[[18.99504,69.49807],[18.99256,69.50256],[18.99312,69.50381],[18.99586,69.50552],[18.99598,69.50815]],[[18.45774,69.51291],[18.46303,69.51355],[18.4685,69.51354],[18.48412,69.51502],[18.4925,69.51539],[18.50016,69.51706],[18.50889,69.51802],[18.52238,69.51857],[18.52829,69.51769],[18.53128,69.51769],[18.53397,69.51898]],[[18.86864,69.51302],[18.87064,69.5095]],[[18.99598,69.50815],[18.99781,69.51017],[18.99966,69.51093],[19.00237,69.51119]],[[18.53397,69.51898],[18.54227,69.52154],[18.54455,69.52184],[18.54644,69.52153]],[[18.86531,69.52106],[18.86545,69.51538],[18.86805,69.51414],[18.86864,69.51302]],[[18.58834,69.52726],[18.59913,69.53266],[18.60508,69.53403],[18.61365,69.5349]],[[18.61365,69.5349],[18.62621,69.53505],[18.64248,69.5339]],[[18.86182,69.53129],[18.86102,69.53069],[18.86344,69.52981],[18.86442,69.52797],[18.86622,69.52753],[18.87122,69.52399],[18.86982,69.52241],[18.86531,69.52106]],[[18.42357,69.53825],[18.42942,69.53955],[18.43666,69.54013],[18.44187,69.54158],[18.46282,69.54431]],[[18.86461,69.53739],[18.86489,69.53624],[18.86208,69.53394],[18.86068,69.53353],[18.86262,69.53199],[18.86182,69.53129]],[[18.49524,69.54528],[18.48424,69.54582],[18.48069,69.54578],[18.47764,69.54523],[18.46977,69.54511]],[[18.64248,69.5339],[18.64838,69.53431],[18.65237,69.53412],[18.65981,69.53473],[18.6639,69.53638],[18.6662,69.53634],[18.66981,69.5352],[18.67159,69.53521],[18.68175,69.53738],[18.68424,69.53909],[18.68832,69.53927],[18.69121,69.53893],[18.69846,69.53949],[18.70323,69.54059],[18.71,69.54051],[18.71641,69.54183],[18.71917,69.5419]],[[19.00116,69.53007],[18.99694,69.53323],[18.99161,69.53541],[18.98742,69.53792],[18.98185,69.53873]],[[18.71969,69.54485],[18.71846,69.54394],[18.71435,69.54403]],[[18.7367,69.54528],[18.73369,69.54498],[18.72347,69.54637],[18.72188,69.54611],[18.71969,69.54485]],[[18.49524,69.54528],[18.50559,69.54518],[18.52831,69.54805],[18.54431,69.54857],[18.56169,69.54995],[18.56691,69.54992],[18.57668,69.55207]],[[18.70176,69.54946],[18.69897,69.54843],[18.70156,69.54704],[18.71062,69.54437],[18.71435,69.54403]],[[18.74932,69.54844],[18.74475,69.54607],[18.74272,69.54562],[18.7367,69.54528]],[[18.7956,69.54744],[18.79308,69.54566],[18.79144,69.54639],[18.78926,69.54646],[18.78336,69.5445],[18.77916,69.54415],[18.77513,69.54307],[18.77127,69.54331],[18.76963,69.54464],[18.76843,69.54487],[18.76697,69.54429],[18.76716,69.5431],[18.74521,69.5441],[18.72939,69.5424],[18.72466,69.54136],[18.72125,69.54146],[18.71917,69.5419]],[[18.86461,69.53739],[18.86386,69.53839],[18.8585,69.54099],[18.85896,69.54277],[18.85546,69.54613]],[[18.96127,69.54376],[18.96263,69.54181],[18.96605,69.54004],[18.97172,69.53904],[18.9754,69.53884]],[[18.70176,69.54946],[18.70658,69.55109],[18.71232,69.55176],[18.71394,69.55144],[18.72091,69.55186]],[[18.72091,69.55186],[18.72469,69.5526],[18.73331,69.55281],[18.73916,69.55353],[18.74203,69.5537],[18.74519,69.55337],[18.74955,69.55214],[18.74932,69.54844]],[[18.85003,69.55556],[18.85236,69.55403],[18.852,69.55271],[18.85445,69.55077],[18.85395,69.54846],[18.85546,69.54613]],[[18.72191,69.55761],[18.71794,69.55883],[18.71494,69.56069]],[[18.71375,69.56095],[18.7035,69.56132],[18.69621,69.55945],[18.68593,69.55874],[18.68146,69.5596],[18.68111,69.56015]],[[18.74101,69.5607],[18.73889,69.56037],[18.73892,69.55968],[18.73436,69.55808],[18.7277,69.55734],[18.72368,69.55728],[18.72191,69.55761]],[[18.7956,69.54744],[18.7957,69.54886],[18.79691,69.5492],[18.79874,69.5521],[18.80591,69.55267],[18.81053,69.55352],[18.81275,69.55446],[18.81324,69.55513],[18.81114,69.55704],[18.81242,69.5598],[18.8144,69.56057]],[[18.95331,69.55758],[18.95842,69.55213],[18.95568,69.55019],[18.96112,69.54913],[18.96127,69.54376]],[[18.8144,69.56057],[18.81703,69.56144],[18.82789,69.56297],[18.8317,69.56167],[18.83384,69.56027],[18.84077,69.55899],[18.84786,69.55649]],[[18.76975,69.56757],[18.76905,69.56667],[18.76492,69.56525],[18.75682,69.56346],[18.75785,69.56348],[18.75139,69.56178],[18.74101,69.5607]],[[18.95331,69.55758],[18.94861,69.55882],[18.94558,69.55857],[18.94442,69.55889],[18.94314,69.56319],[18.94405,69.56352],[18.94709,69.56358],[18.9465,69.56441]],[[18.94293,69.56608],[18.9465,69.56441]],[[18.59377,69.55956],[18.60204,69.56182],[18.60319,69.56362],[18.60798,69.56715],[18.61452,69.56923],[18.62669,69.57486]],[[18.62868,69.57526],[18.63191,69.5747],[18.64135,69.5741],[18.64554,69.57319],[18.65296,69.5698],[18.66305,69.5671],[18.6645,69.56606],[18.66944,69.56447],[18.6719,69.56285],[18.68111,69.56015]],[[18.94293,69.56608],[18.94094,69.56733],[18.94213,69.56855],[18.94064,69.57413],[18.94151,69.57876],[18.93886,69.58499]],[[18.76975,69.56757],[18.77299,69.57086],[18.77963,69.57235],[18.79536,69.58123],[18.79708,69.58326],[18.79954,69.58465],[18.80165,69.58987],[18.80534,69.59212]],[[18.93706,69.58923],[18.93737,69.58673],[18.93886,69.58499]],[[18.80601,69.59686],[18.80745,69.59608],[18.80806,69.59443],[18.80762,69.59311],[18.80544,69.59214]],[[18.80711,69.59737],[18.80601,69.59686]],[[18.81563,69.59935],[18.81402,69.60046],[18.8109,69.60109],[18.80773,69.60118],[18.80714,69.60076],[18.80875,69.59783],[18.80711,69.59737]],[[18.93577,69.60445],[18.93413,69.60015],[18.93565,69.59605],[18.93755,69.59452],[18.93706,69.58923]],[[18.8208,69.60951],[18.82114,69.60826],[18.8191,69.6071],[18.82048,69.6061]],[[18.82048,69.6061],[18.82503,69.6063],[18.82487,69.60769],[18.82586,69.60854],[18.82866,69.60896],[18.8319,69.60851],[18.83245,69.60939],[18.83428,69.60942],[18.83591,69.60812],[18.83473,69.60762],[18.8328,69.60765],[18.83202,69.60693],[18.83563,69.60578],[18.83608,69.60395],[18.83817,69.6028],[18.83763,69.60188],[18.83328,69.60083],[18.8341,69.59815],[18.83226,69.59828],[18.83064,69.59791],[18.83111,69.59635],[18.82989,69.59505],[18.82654,69.59686],[18.82349,69.59718],[18.82292,69.59656],[18.82151,69.59683],[18.8223,69.59782],[18.82143,69.59822],[18.81999,69.5983],[18.81876,69.59743],[18.81655,69.59745],[18.81563,69.59935]],[[18.80422,69.62921],[18.80507,69.62667],[18.80644,69.62613],[18.81203,69.62553],[18.81391,69.62467],[18.80903,69.621],[18.80971,69.62058],[18.81341,69.62037],[18.81076,69.61833],[18.81227,69.61681],[18.81668,69.61598],[18.81667,69.61525],[18.81344,69.61386],[18.81501,69.61095],[18.81604,69.61054],[18.81913,69.61031],[18.8208,69.60951]],[[18.7351,69.63299],[18.7376,69.63424],[18.74155,69.63435],[18.74713,69.63172],[18.75424,69.62952],[18.75875,69.62919],[18.76222,69.62946],[18.76384,69.63029],[18.76393,69.63136],[18.76527,69.63183],[18.77005,69.63025],[18.77392,69.63063],[18.77499,69.63169],[18.77656,69.63174],[18.77825,69.6326],[18.77821,69.63518],[18.78125,69.63626],[18.78333,69.63637],[18.78632,69.63568],[18.7917,69.63651],[18.79743,69.6354],[18.79823,69.63395],[18.80108,69.63335],[18.80295,69.63464],[18.80371,69.63454],[18.80521,69.63364],[18.80571,69.63217],[18.80756,69.6317],[18.81045,69.6316],[18.80834,69.62977],[18.80588,69.63031],[18.80412,69.6299],[18.80422,69.62921]],[[18.72996,69.63868],[18.72979,69.63672],[18.7262,69.63455],[18.7265,69.63378],[18.72751,69.63387],[18.73008,69.63264],[18.72813,69.63185],[18.72826,69.6304],[18.73266,69.63169],[18.73204,69.63293],[18.7351,69.63299]],[[18.85308,69.63602],[18.85168,69.63467],[18.8559,69.62927],[18.85448,69.62829],[18.85048,69.62837],[18.84939,69.62783],[18.84463,69.63068],[18.84303,69.6342],[18.84091,69.63628]],[[18.90959,69.63124],[18.90506,69.63235],[18.90492,69.63354],[18.90272,69.63438],[18.90286,69.63491]],[[18.90959,69.63124],[18.91154,69.62797],[18.91429,69.6269],[18.91723,69.62741],[18.92107,69.62903],[18.92328,69.62928],[18.92468,69.63032],[18.9275,69.63103],[18.92728,69.63164],[18.92999,69.63323],[18.93355,69.63423]],[[18.95812,69.63367],[18.95241,69.62937],[18.94994,69.62893],[18.94455,69.62656],[18.94566,69.62512],[18.94369,69.62239],[18.94212,69.62068],[18.93927,69.62002],[18.93937,69.61746],[18.93707,69.60996],[18.93474,69.6073],[18.93577,69.60445]],[[18.84091,69.63628],[18.83971,69.63886],[18.84258,69.64041],[18.85245,69.63889],[18.85391,69.63681],[18.85308,69.63602]],[[18.90286,69.63491],[18.90332,69.63559],[18.90168,69.63772],[18.9023,69.63932]],[[18.14764,69.14686],[18.14938,69.14537]],[[18.05461,69.13333],[18.05261,69.13212]],[[18.114,69.14025],[18.11724,69.14051],[18.11962,69.14207],[18.12256,69.14221]],[[18.16169,69.15105],[18.16212,69.15053],[18.16471,69.15025]],[[18.14821,69.15713],[18.14915,69.15732]],[[18.15051,69.15968],[18.15349,69.15881]],[[18.14953,69.15998],[18.15051,69.15968]],[[18.1487,69.15424],[18.14967,69.15364],[18.14858,69.15314],[18.14956,69.15263],[18.15445,69.15233]],[[18.05418,69.13188],[18.06092,69.13514],[18.06295,69.13542]],[[18.06295,69.13542],[18.06589,69.1357],[18.06762,69.13645],[18.07044,69.13625],[18.07633,69.13321],[18.0777,69.13303]],[[18.0777,69.13303],[18.07903,69.13298],[18.07954,69.13356],[18.08308,69.1345],[18.08271,69.13598],[18.08505,69.13698],[18.08973,69.13727],[18.10264,69.13973],[18.114,69.14025]],[[18.12256,69.14221],[18.1309,69.14497],[18.13563,69.14466],[18.14008,69.14497]],[[18.14642,69.14495],[18.14653,69.14495]],[[18.14008,69.14497],[18.14642,69.14495]],[[18.14764,69.14686],[18.14478,69.1473],[18.14553,69.14813],[18.14782,69.14815]],[[18.02193,69.14896],[18.02734,69.14991],[18.03163,69.15018],[18.03532,69.15119],[18.03796,69.15127],[18.05096,69.14973],[18.05604,69.14789],[18.05954,69.14743],[18.05724,69.14607],[18.05621,69.14443],[18.05802,69.14188],[18.05776,69.14],[18.05971,69.13667],[18.05772,69.13641],[18.05487,69.13499],[18.05372,69.13419],[18.05461,69.13333]],[[18.14782,69.14815],[18.15462,69.14902],[18.16012,69.14931],[18.16497,69.14841]],[[17.9961,69.1527],[18.00631,69.14958],[18.01037,69.14953],[18.01427,69.14817],[18.02193,69.14896]],[[18.16471,69.15025],[18.16689,69.15019],[18.16628,69.14959],[18.16738,69.14891],[18.16689,69.1485],[18.16497,69.14841]],[[18.15445,69.15233],[18.1594,69.15214],[18.16169,69.15105]],[[18.14328,69.15639],[18.14261,69.15569],[18.1487,69.15424]],[[18.14328,69.15639],[18.14573,69.15701],[18.14821,69.15713]],[[18.14915,69.15732],[18.15385,69.15815],[18.15349,69.15881]],[[18.14273,69.16077],[18.14049,69.1601],[18.13642,69.15998],[18.12611,69.15851],[18.12308,69.15737],[18.11973,69.15772]],[[18.14953,69.15998],[18.14273,69.16077]],[[18.08196,69.17332],[18.08035,69.17341],[18.07801,69.17243],[18.07475,69.17196],[18.07522,69.17133],[18.07887,69.17134],[18.0793,69.17058],[18.0701,69.16782],[18.06963,69.16682],[18.07392,69.16322],[18.07722,69.16241],[18.08424,69.15838],[18.08781,69.15824],[18.09251,69.15893],[18.09461,69.16083],[18.09433,69.16149],[18.09551,69.16184],[18.10218,69.16124],[18.1064,69.16305],[18.10864,69.16331],[18.11013,69.16306],[18.11328,69.16799],[18.11419,69.16888],[18.11546,69.16907],[18.11658,69.16738],[18.11657,69.16415],[18.11407,69.15952],[18.11619,69.15803],[18.11973,69.15772]],[[18.08196,69.17332],[18.08569,69.17266],[18.09089,69.17315],[18.08959,69.17353],[18.08559,69.17358],[18.08405,69.17392]],[[18.06245,69.1962],[18.05943,69.19486],[18.05653,69.19156],[18.05613,69.18831],[18.05298,69.18577],[18.05152,69.18389],[18.0521,69.18255],[18.05117,69.18215],[18.05191,69.18181],[18.05492,69.18207],[18.05686,69.18056],[18.05719,69.17917],[18.06085,69.17823],[18.06502,69.17851],[18.07194,69.17753],[18.08056,69.17694],[18.08325,69.17507],[18.08254,69.17441],[18.08405,69.17392]],[[17.98695,69.1967],[18.00238,69.19668],[18.00479,69.19619],[18.00546,69.1944],[18.00919,69.19302],[18.00946,69.19237],[18.00863,69.19118],[18.00734,69.19088],[18.00573,69.19085],[18.00379,69.19163],[18.0009,69.19112],[18.00046,69.19065],[18.00169,69.19001],[18.00105,69.18934],[17.99603,69.18739]],[[18.06329,69.20145],[18.06536,69.20065],[18.0664,69.19793],[18.06521,69.19705],[18.06245,69.1962]],[[18.05819,69.20281],[18.05925,69.20192],[18.06329,69.20145]],[[18.07269,69.21097],[18.06579,69.20803],[18.06291,69.20563],[18.05934,69.20455],[18.05819,69.20281]],[[18.07269,69.21097],[18.07477,69.21242],[18.07216,69.21397],[18.075,69.2157]],[[18.05985,69.21142],[18.05848,69.21141],[18.0556,69.2123],[18.05868,69.21439],[18.05864,69.21545],[18.06054,69.21662],[18.06498,69.21674],[18.06746,69.21609],[18.06777,69.21551],[18.05985,69.21142]],[[18.075,69.2157],[18.07278,69.21751],[18.07249,69.21867],[18.07666,69.21948],[18.07574,69.22177],[18.08058,69.22313],[18.08472,69.22342],[18.08512,69.22382]],[[18.06121,69.23277],[18.06435,69.23214],[18.06875,69.2304],[18.07589,69.22987],[18.0784,69.22992],[18.08572,69.23125],[18.08736,69.22991],[18.08689,69.22848],[18.08901,69.22756],[18.08851,69.22643],[18.08544,69.22525],[18.08512,69.22382]],[[18.03366,69.23331],[18.04012,69.23405],[18.04939,69.2343],[18.06121,69.23277]],[[18.03366,69.23331],[18.02797,69.23283],[18.01617,69.23288],[18.00999,69.23159],[18.00592,69.23168],[18.00379,69.23129],[18.00458,69.23023],[17.99236,69.2268]],[[18.23132,69.28944],[18.22824,69.28803],[18.22714,69.28797],[18.22955,69.28947]],[[18.23553,69.28936],[18.22558,69.28596],[18.22268,69.28416],[18.21953,69.28305],[18.21524,69.27913],[18.21117,69.27729],[18.21089,69.27615],[18.20551,69.27311],[18.20367,69.273]],[[18.22955,69.28947],[18.23382,69.2904],[18.23323,69.28979],[18.23132,69.28944]],[[18.23819,69.29195],[18.2369,69.29195],[18.23895,69.29343],[18.23677,69.29399],[18.23765,69.29467],[18.24441,69.29695],[18.24685,69.29715],[18.24479,69.29368],[18.24079,69.29302],[18.23819,69.29195]],[[18.23205,69.30735],[18.22879,69.30304],[18.22899,69.30058],[18.2266,69.29757],[18.22276,69.29384],[18.21679,69.28971]],[[18.23779,69.3099],[18.23205,69.30735]],[[18.27575,69.31181],[18.27684,69.313],[18.27936,69.31331],[18.28307,69.31644],[18.28337,69.3183],[18.2822,69.32029],[18.28438,69.32202]],[[18.0818,69.33851],[18.07914,69.3371]],[[18.25918,69.33381],[18.26097,69.33631]],[[18.28324,69.33335],[18.28455,69.33656],[18.28168,69.34061],[18.28396,69.34223]],[[18.26624,69.3459],[18.26329,69.34379],[18.26295,69.34],[18.26097,69.33631]],[[18.05369,69.35212],[18.05035,69.35215]],[[18.28396,69.34223],[18.28263,69.34393],[18.28012,69.34497],[18.28249,69.34645],[18.28267,69.34808],[18.28729,69.35107]],[[18.28729,69.35107],[18.28871,69.3529],[18.29359,69.35497],[18.29999,69.35641],[18.306,69.36029]],[[18.29712,69.359],[18.30615,69.36189]],[[18.30615,69.36189],[18.30626,69.36195]],[[18.05409,69.38243],[18.05461,69.38222]],[[18.33486,69.37744],[18.33452,69.37727]],[[18.0416,69.40091],[18.04788,69.39915]],[[18.05622,69.40689],[18.05818,69.40736]],[[18.36324,69.42165],[18.36328,69.42161]],[[18.22957,69.46904],[18.22974,69.46916]],[[18.01342,69.57435],[18.01345,69.57516]],[[18.21684,69.6215],[18.21779,69.62185]],[[18.218,69.62193],[18.21779,69.62185]],[[18.09559,69.65103],[18.09792,69.65134]],[[18.095,69.66326],[18.09885,69.66351]],[[18.35479,69.6893],[18.35627,69.69105]],[[18.31889,69.69184],[18.31227,69.69134],[18.30721,69.69206]],[[18.35632,69.69113],[18.35627,69.69105]],[[18.31889,69.69184],[18.32135,69.69179]],[[18.23336,69.72429],[18.22761,69.72387]],[[18.1649,69.73957],[18.16486,69.73957]],[[18.10485,69.74064],[18.10215,69.7401],[18.10113,69.7407]],[[18.24669,69.73808],[18.24681,69.73736]],[[18.16486,69.73957],[18.16314,69.73979]],[[18.10485,69.74064],[18.10636,69.74084]],[[18.1649,69.73957],[18.16886,69.74039],[18.17156,69.74046]],[[18.10656,69.74222],[18.1079,69.74257],[18.10859,69.74215],[18.10636,69.74084]],[[17.99916,69.25427],[18.00074,69.25604],[17.99895,69.25717]],[[18.21679,69.28971],[18.21618,69.2877],[18.21452,69.28747],[18.21303,69.28669],[18.19635,69.272],[18.1999,69.27174],[18.20096,69.27221]],[[17.99464,69.31076],[18.00244,69.30953],[18.00951,69.30997],[18.01275,69.31065]],[[18.27575,69.31181],[18.27327,69.30939],[18.27275,69.30582],[18.27047,69.3027],[18.26709,69.3014],[18.2649,69.29843],[18.26136,69.29599],[18.24921,69.29237],[18.24747,69.29132],[18.2443,69.29178],[18.24178,69.29149],[18.23882,69.2901],[18.23553,69.28936]],[[18.01275,69.31065],[18.02002,69.31222],[18.02328,69.31372],[18.03113,69.31583],[18.04192,69.31641],[18.04541,69.31706]],[[18.02072,69.33813],[18.01441,69.33766],[18.01115,69.33686],[18.0066,69.33688],[18.0013,69.33583],[18.00252,69.33845]],[[18.07914,69.3371],[18.07689,69.33589],[18.06815,69.32659],[18.05937,69.32019],[18.05488,69.3187],[18.04914,69.31799],[18.04541,69.31706]],[[18.25918,69.33381],[18.25482,69.32874],[18.2555,69.32643],[18.25254,69.31725],[18.24822,69.31368],[18.25001,69.313],[18.24978,69.31165],[18.24791,69.31084],[18.24543,69.31087],[18.24604,69.31338],[18.24125,69.31398],[18.23779,69.3099]],[[18.28324,69.33335],[18.28211,69.33261],[18.28372,69.33076],[18.28098,69.32878],[18.2835,69.32834],[18.28653,69.326],[18.28438,69.32202]],[[18.00252,69.33845],[18.0043,69.33945],[18.00762,69.34034],[18.02876,69.34398],[18.02824,69.34141],[18.02974,69.34011],[18.02597,69.33881],[18.02072,69.33813]],[[18.0818,69.33851],[18.08321,69.3408],[18.08457,69.34144],[18.0892,69.34219],[18.0951,69.34248],[18.09936,69.34227],[18.1019,69.34271],[18.10453,69.34392],[18.10571,69.3461],[18.10723,69.34698]],[[17.99368,69.34505],[18.00005,69.34713],[18.00592,69.34818],[18.01353,69.34758],[18.01751,69.3489],[18.02023,69.34757],[18.02627,69.34742],[18.03135,69.34884],[18.0335,69.35043]],[[18.11045,69.35035],[18.11062,69.34824],[18.10723,69.34698]],[[18.0335,69.35043],[18.0363,69.35182],[18.03947,69.35229],[18.05035,69.35215]],[[18.08057,69.35376],[18.0817,69.35343],[18.08133,69.35265],[18.08315,69.35187],[18.0781,69.35068],[18.07233,69.3508],[18.07115,69.35159],[18.06847,69.35222],[18.05369,69.35212]],[[18.0822,69.35745],[18.0777,69.3551],[18.08057,69.35376]],[[18.26624,69.3459],[18.26979,69.34997],[18.27658,69.35358],[18.28187,69.35482],[18.28893,69.35518],[18.29158,69.35625],[18.29273,69.35779],[18.29712,69.359]],[[18.32188,69.36481],[18.30888,69.36153],[18.306,69.36029]],[[18.31462,69.36573],[18.31534,69.36422],[18.30626,69.36195]],[[18.32188,69.36481],[18.32379,69.36795]],[[18.07195,69.36931],[18.06935,69.36939],[18.06835,69.36979],[18.06671,69.37149],[18.0687,69.3724],[18.07208,69.37277],[18.07652,69.37064],[18.07561,69.36995],[18.07195,69.36931]],[[18.32077,69.37175],[18.31657,69.36875],[18.31462,69.36573]],[[18.11045,69.35035],[18.10832,69.35091],[18.10591,69.35098],[18.10414,69.34925],[18.10187,69.34924],[18.10277,69.35086],[18.10578,69.35179],[18.10551,69.35242],[18.10709,69.35304],[18.10719,69.35368],[18.10517,69.35488],[18.10568,69.35697],[18.1092,69.36004],[18.10981,69.3665],[18.09928,69.37516],[18.09497,69.37708],[18.09538,69.37834]],[[18.05461,69.38222],[18.06223,69.37908],[18.05676,69.3766],[18.05571,69.37542],[18.05621,69.37409],[18.05385,69.37284],[18.05528,69.37072],[18.06128,69.36617],[18.06009,69.36485],[18.05833,69.3644],[18.06025,69.36351],[18.06898,69.3633],[18.07187,69.36276],[18.07591,69.36619],[18.07882,69.36638],[18.08275,69.366],[18.09117,69.36335],[18.0934,69.36143],[18.08852,69.35881],[18.0822,69.35745]],[[18.10478,69.38153],[18.09654,69.37991],[18.09538,69.37834]],[[18.33452,69.37727],[18.32994,69.3759],[18.32077,69.37175]],[[18.33979,69.37717],[18.33937,69.37576],[18.33619,69.37465],[18.33522,69.37297],[18.33065,69.37261],[18.32456,69.37055],[18.32278,69.36912],[18.32379,69.36795]],[[18.33817,69.37949],[18.33629,69.37882],[18.33486,69.37744]],[[18.05409,69.38243],[18.05084,69.38372],[18.05031,69.38463],[18.05186,69.38662],[18.05524,69.38664]],[[18.10478,69.38153],[18.11555,69.38488],[18.12541,69.38427],[18.14141,69.38534],[18.15097,69.384],[18.15986,69.38409]],[[18.05593,69.39155],[18.05436,69.39225],[18.05613,69.39294]],[[18.05593,69.39155],[18.05791,69.39129],[18.05984,69.39171],[18.06345,69.39182],[18.06486,69.38993],[18.06425,69.38932],[18.06165,69.38866],[18.06144,69.387],[18.05689,69.38641],[18.05524,69.38664]],[[18.04457,69.39322],[18.04824,69.39288]],[[18.05657,69.39606],[18.0528,69.39414],[18.04824,69.39288]],[[18.05657,69.39606],[18.05854,69.39618],[18.06024,69.39467],[18.05613,69.39294]],[[18.04788,69.39915],[18.04878,69.39784],[18.05258,69.39757],[18.05374,69.3978],[18.05676,69.3974]],[[18.0569,69.39836],[18.06267,69.39932],[18.06671,69.3983],[18.06714,69.39765],[18.06507,69.39598],[18.06371,69.39577],[18.06093,69.39614],[18.05676,69.3974]],[[18.04457,69.39322],[18.04229,69.39315],[18.04112,69.39349],[18.03835,69.39696],[18.04334,69.39867],[18.04075,69.4004],[18.0416,69.40091]],[[18.15986,69.38409],[18.16583,69.38409],[18.17235,69.38547],[18.17451,69.38686],[18.17788,69.3907],[18.17752,69.39199],[18.17284,69.39579],[18.16048,69.39888]],[[18.05328,69.401],[18.05568,69.39988],[18.05483,69.39918],[18.05277,69.39869],[18.05438,69.39821],[18.0569,69.39836]],[[18.35128,69.39637],[18.3531,69.39432],[18.35073,69.39256],[18.35112,69.39045],[18.34941,69.3901],[18.34852,69.38939],[18.34604,69.38582],[18.34579,69.38516],[18.34741,69.38366],[18.34453,69.38331],[18.33817,69.37949]],[[18.33979,69.37717],[18.34126,69.37823],[18.34658,69.37903],[18.34862,69.38061],[18.35546,69.38224],[18.35692,69.38303],[18.35681,69.38552],[18.36159,69.38535],[18.36464,69.38481],[18.36715,69.38498],[18.37545,69.38744],[18.38069,69.39004],[18.38122,69.39173],[18.3837,69.39371],[18.38352,69.39468],[18.38858,69.39513],[18.39073,69.39616],[18.39659,69.39592],[18.3994,69.3954]],[[18.35953,69.39965],[18.35766,69.39833],[18.35176,69.39693],[18.35128,69.39637]],[[18.05328,69.401],[18.05171,69.40189],[18.04788,69.40289],[18.04413,69.40263],[18.04578,69.40455],[18.04357,69.4051],[18.04536,69.40561],[18.05279,69.4057],[18.05622,69.40689]],[[18.35987,69.40291],[18.36074,69.4012],[18.35953,69.39965]],[[18.0946,69.41431],[18.09281,69.41411],[18.09237,69.41466],[18.09484,69.41636],[18.09559,69.41551],[18.0946,69.41431]],[[18.35778,69.41504],[18.35428,69.41253],[18.35287,69.41028],[18.35558,69.40578],[18.35987,69.40291]],[[18.00672,69.42815],[18.00612,69.42718],[17.99744,69.42375]],[[17.99631,69.40927],[18.0027,69.40643],[18.00253,69.40595],[17.99814,69.40427]],[[18.08079,69.42685],[18.07726,69.42476],[18.073,69.42002],[18.06802,69.41722],[18.06669,69.41527],[18.06449,69.41399],[18.0631,69.40904],[18.06148,69.40802],[18.05818,69.40736]],[[18.16583,69.42532],[18.16589,69.42083],[18.16241,69.4138],[18.16257,69.41237],[18.15698,69.40653],[18.15729,69.40366],[18.15448,69.40194],[18.15267,69.39819],[18.15368,69.3976],[18.15632,69.39746],[18.15757,69.39779],[18.15825,69.39869],[18.16048,69.39888]],[[18.36328,69.42161],[18.36427,69.42037],[18.35778,69.41504]],[[18.366,69.43117],[18.36768,69.42932],[18.3678,69.42754],[18.36234,69.42325],[18.36324,69.42165]],[[18.06268,69.43898],[18.07166,69.43527],[18.07156,69.4333],[18.07718,69.43084],[18.08079,69.42685]],[[18.04677,69.43878],[18.06028,69.43789],[18.06155,69.4381],[18.06174,69.43903],[18.06268,69.43898]],[[18.16583,69.42532],[18.16272,69.42958],[18.1624,69.43306],[18.15974,69.43583],[18.15821,69.43691],[18.15309,69.43886],[18.15152,69.44013],[18.15377,69.44176]],[[18.15377,69.44176],[18.15457,69.4425],[18.15407,69.44312]],[[18.04251,69.44514],[18.04676,69.44411],[18.04772,69.44335],[18.04698,69.44107],[18.04284,69.43942],[18.04352,69.43839],[18.04677,69.43878]],[[18.00672,69.42815],[18.00586,69.43036],[18.00641,69.43145],[18.01177,69.43491],[18.0122,69.43666],[18.01845,69.4408],[18.02072,69.44302],[18.02385,69.44361],[18.02834,69.44344],[18.03529,69.44546],[18.03976,69.44552],[18.04251,69.44514]],[[18.20007,69.46109],[18.19344,69.45955]],[[18.00589,69.46629],[18.00446,69.46621],[18.00103,69.4638],[18.00225,69.46278],[18.00572,69.46186],[18.00637,69.46049],[18.0065,69.45929],[18.00393,69.45506],[18.00476,69.4533],[17.99813,69.44918]],[[18.3559,69.45815],[18.35836,69.4583],[18.36333,69.45991],[18.36582,69.4601],[18.3706,69.45686],[18.36943,69.45331],[18.36744,69.4517],[18.36609,69.44725],[18.36798,69.44494],[18.37214,69.44358],[18.37206,69.4412],[18.37062,69.43724],[18.36915,69.43614],[18.36901,69.43376],[18.36644,69.43223],[18.366,69.43117]],[[18.34308,69.46137],[18.35095,69.45864],[18.3559,69.45815]],[[18.20007,69.46109],[18.20171,69.46157],[18.20198,69.46485],[18.20607,69.46476],[18.20576,69.46565],[18.20687,69.46588],[18.2084,69.46549],[18.20908,69.46473]],[[18.20908,69.46473],[18.21139,69.46474],[18.21898,69.46599]],[[18.15407,69.44312],[18.15217,69.44396],[18.14785,69.44382],[18.14067,69.44682],[18.13905,69.44962],[18.14163,69.4512],[18.13581,69.4549],[18.13274,69.45578],[18.13239,69.45656],[18.13252,69.45705],[18.13515,69.45764],[18.14076,69.45781],[18.14228,69.45828],[18.14303,69.45905],[18.14218,69.4597],[18.14405,69.46251],[18.14687,69.4629],[18.14935,69.46379],[18.15152,69.46628],[18.15645,69.46703],[18.16079,69.46664],[18.16261,69.46722],[18.16686,69.46617],[18.16675,69.46415],[18.16792,69.46355],[18.17972,69.46218],[18.18277,69.46021],[18.18834,69.45963],[18.19344,69.45955]],[[18.00589,69.46629],[18.00982,69.46502],[18.01075,69.46286],[18.01399,69.46125],[18.01722,69.46115],[18.01889,69.46221],[18.0189,69.46299],[18.01839,69.46425],[18.01519,69.46577],[18.0151,69.46906],[18.01091,69.4708],[18.00921,69.47094],[18.00832,69.47049],[18.00749,69.4706],[18.0078,69.47195],[18.00926,69.47299]],[[18.22957,69.46904],[18.22377,69.46718],[18.21894,69.46705],[18.21966,69.46623],[18.21898,69.46599]],[[18.34569,69.46685],[18.34612,69.46631],[18.34308,69.46137]],[[18.32277,69.46916],[18.32892,69.46812],[18.34299,69.46777],[18.34569,69.46685]],[[18.04078,69.47598],[18.03369,69.47375],[18.02024,69.47498],[18.01369,69.47329],[18.01111,69.47415],[18.00926,69.47299]],[[18.31876,69.47478],[18.31764,69.47447],[18.31584,69.475],[18.31611,69.47622],[18.31883,69.47659],[18.32061,69.47614],[18.31876,69.47478]],[[18.28794,69.4799],[18.2901,69.47838],[18.29241,69.47822]],[[18.29241,69.47822],[18.29395,69.4784],[18.29493,69.47955],[18.29719,69.48025],[18.30002,69.47999],[18.30295,69.47799],[18.3024,69.47723],[18.29909,69.47734],[18.29812,69.47682],[18.2979,69.47606],[18.29923,69.47489],[18.30182,69.47397],[18.3086,69.47258],[18.31235,69.47228],[18.31644,69.47046],[18.32277,69.46916]],[[18.22974,69.46916],[18.23362,69.47281],[18.23328,69.47685],[18.23216,69.47781],[18.233,69.48023],[18.24186,69.48321],[18.26116,69.4818],[18.26296,69.48213],[18.26262,69.48315],[18.26764,69.4831],[18.2697,69.4839],[18.27296,69.48198],[18.27679,69.48215],[18.28128,69.48179],[18.28465,69.48125],[18.28794,69.4799]],[[17.99612,69.51254],[18.00059,69.51212],[18.00417,69.51244],[18.00975,69.50986],[18.01053,69.50814],[18.01155,69.50772],[18.01339,69.50805],[18.01482,69.50766],[18.02315,69.50273],[18.02588,69.50276],[18.02932,69.50208],[18.03202,69.49869],[18.04023,69.49613],[18.04428,69.49415],[18.05746,69.49237],[18.06279,69.4912],[18.06787,69.48943],[18.06768,69.48871],[18.06418,69.48745],[18.05249,69.48095],[18.04078,69.47598]],[[18.16738,69.52499],[18.18783,69.52081],[18.20251,69.52031]],[[18.20251,69.52031],[18.21046,69.51932],[18.23763,69.52242],[18.24478,69.52379]],[[18.24478,69.52379],[18.25484,69.52462],[18.26163,69.52379],[18.28994,69.52867],[18.29825,69.52912],[18.30283,69.52995],[18.30614,69.52957],[18.31563,69.53008]],[[18.31563,69.53008],[18.33232,69.53061]],[[18.16738,69.52499],[18.15556,69.52729],[18.15337,69.5282],[18.15435,69.52895],[18.15352,69.53035],[18.15132,69.5319],[18.14324,69.53552],[18.14151,69.53843]],[[18.1324,69.54334],[18.1374,69.54124],[18.14151,69.53843]],[[18.33232,69.53061],[18.34926,69.53033],[18.35645,69.52945],[18.36561,69.52902],[18.3701,69.52923],[18.39615,69.53197],[18.40055,69.53385],[18.41731,69.53644],[18.42357,69.53825]],[[18.07883,69.5517],[18.08372,69.5521],[18.09096,69.55344],[18.09201,69.55533],[18.09071,69.5563],[18.09317,69.55712]],[[18.1324,69.54334],[18.12646,69.54595],[18.12305,69.54946],[18.11856,69.55195],[18.11374,69.55316]],[[18.09317,69.55712],[18.10081,69.55771],[18.1034,69.55583],[18.10844,69.55425],[18.11374,69.55316]],[[18.01123,69.56273],[18.01756,69.56097],[18.01746,69.55969],[18.01906,69.5587],[18.02087,69.55819],[18.02291,69.55832],[18.02941,69.55594],[18.0319,69.55389],[18.04667,69.55436],[18.05102,69.55307],[18.05712,69.55253],[18.06642,69.5511],[18.07441,69.55117],[18.07883,69.5517]],[[18.01123,69.56273],[18.0068,69.5653],[18.00618,69.56702],[18.00706,69.56714],[18.01086,69.56563],[18.01284,69.56412],[18.01496,69.56448],[18.00878,69.56755],[18.00978,69.57023],[18.00822,69.57143],[18.01228,69.5709],[18.01233,69.57174],[18.01015,69.57359],[18.01342,69.57435]],[[18.01693,69.58953],[18.01352,69.5894],[18.01279,69.58993],[18.01453,69.59139],[18.01808,69.59085],[18.01838,69.59004],[18.01693,69.58953]],[[18.03813,69.59602],[18.0441,69.59642],[18.0437,69.59669]],[[18.01345,69.57516],[18.01231,69.57587],[18.01266,69.57679],[18.0082,69.57871],[18.01094,69.57981],[18.01052,69.58274],[18.0142,69.58476],[18.01888,69.58599],[18.0205,69.58731],[18.01876,69.58783],[18.01914,69.58864],[18.02415,69.58914],[18.02037,69.58971],[18.02049,69.5907],[18.01839,69.59196],[18.02046,69.59209],[18.02314,69.59168],[18.02456,69.59204],[18.02472,69.59268],[18.02375,69.59307],[18.02205,69.59307],[18.02118,69.59368],[18.02678,69.5945],[18.03034,69.59565],[18.03813,69.59602]],[[18.0437,69.59669],[18.03287,69.59745],[18.03001,69.59705],[18.02551,69.59721]],[[18.03639,69.60229],[18.03583,69.60204],[18.03346,69.60248]],[[18.02628,69.60469],[18.02457,69.60526]],[[18.03639,69.60229],[18.03541,69.60358],[18.03904,69.60395],[18.03887,69.60464],[18.03684,69.60548],[18.0375,69.60629],[18.04294,69.60624],[18.04621,69.60352],[18.04752,69.60352]],[[18.02551,69.59721],[18.02335,69.59686],[18.02035,69.59736],[18.01734,69.59661],[18.01773,69.5983],[18.01366,69.59826],[18.01293,69.59892],[18.0136,69.59961],[18.0148,69.59965],[18.02071,69.60159],[18.02065,69.6029],[18.01765,69.60593],[18.01867,69.60692],[18.02104,69.60738],[18.02266,69.6071],[18.02457,69.60526]],[[18.02964,69.60729],[18.02662,69.60663],[18.02559,69.6054],[18.02684,69.60492],[18.02628,69.60469]],[[18.03288,69.60724],[18.03183,69.6047],[18.0345,69.60324],[18.03346,69.60248]],[[18.05361,69.60688],[18.05559,69.60547],[18.05381,69.60366],[18.05752,69.60288],[18.05973,69.60316],[18.05976,69.60273],[18.05751,69.60212],[18.0522,69.60313],[18.05081,69.60456],[18.04703,69.6053],[18.04752,69.60352]],[[18.27852,69.58527],[18.2804,69.58926],[18.28655,69.59747],[18.28691,69.60129],[18.28562,69.60268]],[[18.3016,69.60238],[18.29926,69.59888],[18.28856,69.59112],[18.28656,69.5882],[18.28061,69.5838]],[[18.02964,69.60729],[18.03148,69.60786],[18.03288,69.60724]],[[18.01263,69.61141],[18.01085,69.61112],[18.00911,69.61131],[18.00629,69.61275],[18.00878,69.61338],[18.01594,69.61354],[18.01682,69.61308],[18.01263,69.61141]],[[18.05361,69.60688],[18.0531,69.6083],[18.0498,69.60991],[18.05046,69.61146],[18.04757,69.61383],[18.04807,69.61507]],[[18.08791,69.61449],[18.09499,69.61417],[18.09685,69.6147]],[[18.21844,69.62618],[18.2198,69.6256],[18.22049,69.6242],[18.22039,69.62338],[18.218,69.62193]],[[18.03277,69.61764],[18.03125,69.61731],[18.02857,69.61802],[18.03314,69.61866],[18.03363,69.618],[18.03277,69.61764]],[[18.02435,69.61958],[18.0192,69.61743],[18.0134,69.6179],[18.01136,69.61745],[18.0111,69.6167],[18.00454,69.61645],[18.00546,69.61703],[18.00886,69.61746],[18.01001,69.61821],[18.00958,69.61916],[18.00784,69.61985],[18.01406,69.62003],[18.01563,69.62106],[18.02022,69.62131],[18.02168,69.62119],[18.02418,69.62013],[18.02435,69.61958]],[[18.00596,69.62172],[18.007,69.62041],[18.00537,69.62004],[18.00291,69.62064],[18.00182,69.62163],[18.00596,69.62172]],[[18.3016,69.60238],[18.30372,69.60568],[18.30841,69.60854],[18.32515,69.61051],[18.33289,69.61231],[18.33418,69.61316],[18.33656,69.61344],[18.34566,69.61583]],[[18.04264,69.61964],[18.04145,69.6196],[18.0395,69.62086],[18.04362,69.62134],[18.04383,69.62107],[18.04189,69.62065],[18.04264,69.61964]],[[18.04807,69.61507],[18.05552,69.61875],[18.05783,69.62067],[18.05686,69.6213],[18.05813,69.62226],[18.06685,69.62089],[18.07423,69.62189],[18.07714,69.62174],[18.07947,69.62067],[18.08165,69.6207],[18.08388,69.61834],[18.08243,69.61565],[18.08358,69.61503],[18.08791,69.61449]],[[18.28593,69.61605],[18.28233,69.6161],[18.27932,69.61689],[18.27832,69.61777],[18.27931,69.61951],[18.28051,69.61964],[18.28451,69.61882],[18.2862,69.61693],[18.28759,69.6165],[18.28728,69.61613],[18.28593,69.61605]],[[18.20045,69.62324],[18.20321,69.62216],[18.20484,69.62073],[18.20683,69.62046],[18.21248,69.62063],[18.21684,69.6215]],[[18.23204,69.62448],[18.23773,69.62188],[18.24221,69.62086],[18.2437,69.61966],[18.2462,69.61899],[18.25063,69.61859],[18.25598,69.61863],[18.26449,69.61774],[18.2659,69.61519],[18.26666,69.61047],[18.26831,69.60859],[18.27046,69.60785],[18.27764,69.60694],[18.28202,69.60518],[18.28562,69.60268]],[[18.09685,69.6147],[18.10182,69.61757],[18.10657,69.61946],[18.12747,69.62271],[18.1299,69.62358],[18.12911,69.62431],[18.13123,69.62507],[18.13588,69.62499],[18.14089,69.62641]],[[18.18048,69.62688],[18.18281,69.62605],[18.18586,69.62589],[18.18709,69.625],[18.19122,69.62374],[18.20045,69.62324]],[[18.21878,69.6284],[18.22252,69.62705],[18.22391,69.62725],[18.22334,69.6278],[18.22444,69.62858],[18.2268,69.62756],[18.2314,69.6279],[18.2333,69.62671],[18.23204,69.62448]],[[18.21844,69.62618],[18.21261,69.62787],[18.21192,69.62899],[18.21607,69.62931],[18.21878,69.6284]],[[18.0295,69.63032],[18.03222,69.63041],[18.03694,69.63205],[18.0373,69.63335],[18.03818,69.63341],[18.04607,69.62947],[18.044,69.62841],[18.04547,69.62671],[18.04427,69.62556],[18.04231,69.62504],[18.03589,69.62527],[18.0301,69.6266],[18.02284,69.62879],[18.02127,69.63127]],[[18.14089,69.62641],[18.15059,69.62953],[18.15332,69.62976],[18.15633,69.63129],[18.15624,69.63265],[18.15159,69.63387],[18.1534,69.63451],[18.16517,69.63228],[18.17256,69.6332],[18.1697,69.63177],[18.16894,69.63049],[18.17795,69.62847],[18.18048,69.62688]],[[18.02127,69.63127],[18.01916,69.63173],[18.01552,69.63165],[18.00942,69.63311],[18.00779,69.63305],[18.00701,69.63225],[18.00586,69.63218],[18.00347,69.63409],[18.00106,69.63419],[18.00026,69.63457],[18.0008,69.63548],[18.00303,69.63642],[18.0037,69.63799],[18.00572,69.63804],[18.00782,69.63661],[18.01131,69.63679],[18.01285,69.63584],[18.01614,69.63689],[18.01784,69.63699],[18.0194,69.63551],[18.01832,69.63472],[18.01842,69.6336],[18.02571,69.63261],[18.0295,69.63032]],[[18.02691,69.63717],[18.02455,69.63742],[18.02439,69.63893],[18.0281,69.63795],[18.02795,69.63731],[18.02691,69.63717]],[[18.03373,69.6404],[18.03182,69.64049],[18.03159,69.64193],[18.03478,69.64098],[18.03373,69.6404]],[[18.40058,69.63725],[18.40086,69.63325],[18.39745,69.63112],[18.37969,69.62687],[18.37526,69.62553],[18.37087,69.62311],[18.35921,69.62056],[18.34566,69.61583]],[[18.34742,69.62698],[18.35039,69.62726],[18.3558,69.62923],[18.3722,69.63213],[18.38891,69.63722],[18.39413,69.63714],[18.39711,69.63764]],[[18.18187,69.63673],[18.18086,69.63655],[18.17563,69.63766],[18.17477,69.63833],[18.17881,69.64092],[18.18305,69.64246],[18.18234,69.63973],[18.18327,69.63782],[18.18187,69.63673]],[[18.11422,69.6454],[18.11472,69.64459],[18.11231,69.64343],[18.10809,69.64392],[18.10457,69.6435],[18.09224,69.64426]],[[17.99872,69.64548],[18.00413,69.64507],[18.00739,69.64332],[18.00554,69.64202],[18.0005,69.642],[17.99718,69.64247]],[[17.99744,69.63387],[18.00002,69.63262],[18.00103,69.63102],[18,69.63063],[17.99736,69.63098]],[[18.12529,69.6462],[18.1225,69.64675],[18.11422,69.6454]],[[18.14543,69.65014],[18.13936,69.64793],[18.13789,69.64694],[18.13238,69.64624],[18.13035,69.6451],[18.12529,69.6462]],[[18.09224,69.64426],[18.06865,69.64654],[18.06631,69.64708],[18.06387,69.64863],[18.06454,69.64974],[18.06621,69.65021],[18.0746,69.65034],[18.0786,69.6486],[18.08649,69.64615],[18.0902,69.64782],[18.09279,69.64804]],[[18.09559,69.65103],[18.09487,69.65013],[18.09772,69.64838],[18.09279,69.64804]],[[18.23796,69.64846],[18.23883,69.64583],[18.24321,69.64327],[18.24416,69.64193],[18.24833,69.64034],[18.2554,69.6366],[18.25611,69.63423],[18.2635,69.63051],[18.26532,69.62795],[18.26688,69.62716],[18.27485,69.62583],[18.28023,69.62418],[18.28478,69.62087],[18.28747,69.61988],[18.29687,69.61925],[18.31595,69.62105],[18.33173,69.62403],[18.34315,69.62701],[18.34742,69.62698]],[[18.10013,69.65407],[18.10262,69.6538],[18.10305,69.65324],[18.09792,69.65134]],[[18.09395,69.656],[18.09488,69.65538],[18.10013,69.65407]],[[18.22339,69.65883],[18.22974,69.65719],[18.23847,69.65317],[18.2395,69.65196],[18.23796,69.64846]],[[18.09395,69.656],[18.08851,69.6588],[18.08829,69.65949],[18.09029,69.65981],[18.09009,69.66023],[18.08864,69.661],[18.08391,69.66148],[18.08347,69.66186],[18.08559,69.66243],[18.09123,69.6623],[18.095,69.66326]],[[18.09885,69.66351],[18.1032,69.6639],[18.10791,69.66376],[18.12279,69.66141],[18.12693,69.66144],[18.1308,69.66216]],[[18.14119,69.66669],[18.14419,69.66642],[18.14447,69.66571],[18.13922,69.66534]],[[18.09616,69.67119],[18.0998,69.67121],[18.11026,69.67019],[18.12146,69.66825],[18.14119,69.66669]],[[18.1308,69.66216],[18.13433,69.66312],[18.13436,69.66416],[18.13617,69.66501],[18.13922,69.66534]],[[18.15112,69.67551],[18.15666,69.67506],[18.16247,69.6712],[18.16835,69.67034],[18.17047,69.66935],[18.17222,69.66571],[18.17095,69.66306],[18.17386,69.65909],[18.17232,69.65761],[18.16835,69.65564],[18.15098,69.65244],[18.14543,69.65014]],[[18.09616,69.67119],[18.08504,69.6706],[18.07704,69.67113],[18.07323,69.67239],[18.07322,69.67547],[18.07208,69.67632],[18.07257,69.6769],[18.0756,69.67684],[18.0781,69.67797],[18.08428,69.67923],[18.08927,69.67962],[18.09133,69.68031],[18.09761,69.6811]],[[18.09761,69.6811],[18.10358,69.68258],[18.10815,69.68281],[18.11118,69.68243],[18.11477,69.68058],[18.11747,69.68001],[18.12957,69.67528],[18.1356,69.67411],[18.14264,69.67423],[18.14809,69.67535],[18.15112,69.67551]],[[18.06546,69.69644],[18.05962,69.69558],[18.05576,69.69549],[18.0562,69.69591],[18.06152,69.69651]],[[18.18077,69.68303],[18.18101,69.68198],[18.17323,69.68035],[18.16727,69.67997],[18.16347,69.67903],[18.15753,69.67969],[18.15237,69.68231],[18.15072,69.68503],[18.14613,69.68738],[18.14692,69.69009],[18.14114,69.69511]],[[18.16365,69.6947],[18.16457,69.69412],[18.16512,69.68934],[18.17777,69.68516],[18.18077,69.68303]],[[18.18576,69.6943],[18.19717,69.68854],[18.20527,69.68334],[18.21231,69.67746],[18.2143,69.67552],[18.21699,69.66689],[18.21736,69.66474],[18.21535,69.66205],[18.2179,69.66009],[18.22339,69.65883]],[[18.32135,69.69179],[18.33395,69.68942],[18.34235,69.68655],[18.34934,69.68729],[18.35079,69.68875],[18.35351,69.68888],[18.35479,69.6893]],[[18.35632,69.69113],[18.35794,69.69364]],[[18.06152,69.69651],[18.06167,69.69684],[18.05855,69.69691],[18.05829,69.69718],[18.06071,69.69752],[18.06425,69.69735],[18.06585,69.69685],[18.06546,69.69644]],[[18.2642,69.69907],[18.26807,69.70071],[18.27215,69.70015],[18.27711,69.70014],[18.27868,69.69975]],[[18.18576,69.6943],[18.18352,69.69646],[18.18068,69.70133]],[[18.27868,69.69975],[18.2874,69.69649],[18.29372,69.69591],[18.30206,69.69452],[18.30485,69.69359],[18.30721,69.69206]],[[18.14114,69.69511],[18.13859,69.69802],[18.13795,69.7017],[18.13992,69.7031],[18.14487,69.70363]],[[18.14487,69.70363],[18.15701,69.70302],[18.15958,69.70046],[18.15994,69.69721],[18.16365,69.6947]],[[18.22998,69.70212],[18.24396,69.69904],[18.25252,69.69763],[18.25745,69.69751],[18.26101,69.6978],[18.2642,69.69907]],[[18.35794,69.69364],[18.36019,69.69431],[18.37753,69.697],[18.38168,69.6974],[18.38705,69.69726],[18.40216,69.69785],[18.40825,69.69926]],[[18.40825,69.69926],[18.412,69.70083],[18.41948,69.69874],[18.42581,69.6987]],[[18.19316,69.70983],[18.1996,69.7082],[18.20207,69.70692],[18.21586,69.70397],[18.22998,69.70212]],[[18.18068,69.70133],[18.18559,69.70564],[18.1862,69.70952],[18.18798,69.71009],[18.19316,69.70983]],[[18.36086,69.71206],[18.34248,69.70956],[18.34117,69.7098],[18.34358,69.71078],[18.33838,69.71077]],[[18.36086,69.71206],[18.37365,69.7132],[18.38965,69.71217],[18.40101,69.71263],[18.40667,69.7113],[18.41971,69.71268],[18.42815,69.71189],[18.43892,69.71176],[18.44701,69.71103],[18.45203,69.71045],[18.45699,69.70903]],[[18.23223,69.71691],[18.23596,69.71639],[18.24157,69.71425],[18.24079,69.71348],[18.23881,69.7132],[18.23182,69.7142]],[[18.23182,69.7142],[18.22443,69.71486],[18.22324,69.71577],[18.22501,69.71727],[18.22759,69.71749],[18.23223,69.71691]],[[18.33838,69.71077],[18.33334,69.71107],[18.32784,69.71275],[18.32081,69.71416],[18.31909,69.71499],[18.32083,69.71665],[18.32083,69.71926],[18.32213,69.72132],[18.32057,69.72484]],[[18.20698,69.72887],[18.21288,69.72754],[18.21382,69.72649],[18.21212,69.72526],[18.21263,69.72403],[18.22373,69.72361],[18.22568,69.72297],[18.22761,69.72387]],[[18.24816,69.72925],[18.24759,69.72791],[18.24874,69.72663],[18.24695,69.72553],[18.2404,69.72519],[18.23336,69.72429]],[[18.32075,69.72932],[18.32057,69.72484]],[[18.20698,69.72887],[18.20088,69.73073],[18.19201,69.73225],[18.18284,69.7352]],[[18.24681,69.73736],[18.24812,69.7349],[18.24546,69.73368],[18.24553,69.73322],[18.24781,69.73237],[18.25093,69.73257],[18.25229,69.73211],[18.25187,69.73085],[18.24816,69.72925]],[[18.09803,69.74076],[18.09524,69.74062],[18.09462,69.74029],[18.09432,69.73845],[18.09664,69.73814],[18.09678,69.73764],[18.09411,69.7371],[18.0924,69.73601],[18.09523,69.73488],[18.09929,69.73611],[18.10138,69.73607],[18.10067,69.73511],[18.09901,69.7348],[18.09995,69.73331],[18.09562,69.7312],[18.09284,69.73027],[18.0901,69.72994],[18.08615,69.73023],[18.08132,69.73188],[18.07404,69.73268],[18.07329,69.73312],[18.06394,69.73314],[18.05885,69.73399],[18.05479,69.73532],[18.05115,69.73538],[18.05044,69.73673],[18.05129,69.73775],[18.04994,69.73906],[18.05014,69.74001],[18.05406,69.7408],[18.05592,69.7408],[18.05735,69.74147]],[[18.1757,69.73938],[18.17356,69.73772],[18.17333,69.73662],[18.18284,69.7352]],[[18.32478,69.73662],[18.3242,69.73507],[18.32061,69.73224],[18.32006,69.73023],[18.32075,69.72932]],[[18.17156,69.74046],[18.17132,69.73975],[18.17403,69.73999],[18.1757,69.73938]],[[18.05735,69.74147],[18.05731,69.74211],[18.06371,69.74321],[18.06516,69.74408],[18.0753,69.74241],[18.07632,69.74327],[18.08112,69.744],[18.08462,69.7437],[18.08646,69.74452],[18.09347,69.74392],[18.09728,69.74317],[18.09851,69.74197],[18.09803,69.74076]],[[18.10113,69.7407],[18.10077,69.7427],[18.1017,69.74411],[18.10342,69.74399],[18.10656,69.74222]],[[18.32478,69.73662],[18.32447,69.73719],[18.31955,69.73928],[18.31716,69.74221]],[[18.16314,69.73979],[18.16126,69.74016],[18.15808,69.74311],[18.16073,69.74563],[18.15939,69.74762]],[[18.23746,69.75111],[18.23994,69.74946],[18.24104,69.74736],[18.24358,69.74532],[18.24669,69.73808]],[[18.15939,69.74762],[18.16035,69.74947],[18.17303,69.75311]],[[18.17303,69.75311],[18.1746,69.75362],[18.1791,69.75372]],[[18.1791,69.75372],[18.18362,69.7547],[18.18445,69.75545],[18.19285,69.75652]],[[18.19285,69.75652],[18.20429,69.75708]],[[18.22539,69.75732],[18.22458,69.75646],[18.22532,69.7556],[18.23265,69.75337],[18.23435,69.7516],[18.23746,69.75111]],[[18.20429,69.75708],[18.20956,69.75793],[18.21026,69.75873],[18.215,69.76038],[18.21727,69.7604]],[[18.21727,69.7604],[18.21845,69.76064],[18.21543,69.76216],[18.21603,69.76283],[18.21697,69.76306],[18.22286,69.76276],[18.22663,69.76033],[18.22719,69.75831],[18.22539,69.75732]],[[18.10892,69.75828],[18.10672,69.75796],[18.09885,69.75841],[18.0975,69.76154],[18.1009,69.76232],[18.1021,69.76429],[18.10386,69.76533],[18.10763,69.76576],[18.10998,69.76548]],[[18.31716,69.74221],[18.31534,69.74668],[18.31218,69.75019],[18.30998,69.75514],[18.30311,69.76363]],[[18.10998,69.76548],[18.1143,69.76752],[18.11768,69.76679],[18.11734,69.76631],[18.11177,69.76505],[18.11179,69.76251],[18.11405,69.76111],[18.10892,69.75828]],[[18.07777,69.76748],[18.07486,69.76747],[18.07441,69.76821],[18.0753,69.76896],[18.07724,69.76907],[18.07849,69.76848],[18.07777,69.76748]],[[18.13188,69.77474],[18.13196,69.77415],[18.13441,69.77398],[18.13587,69.77338],[18.1389,69.77056],[18.14204,69.76986],[18.14515,69.76972],[18.14529,69.76764],[18.14688,69.76742],[18.14818,69.76771],[18.15001,69.769],[18.15303,69.76999],[18.15854,69.76926],[18.1584,69.76554],[18.15668,69.7623],[18.15239,69.76088],[18.14853,69.75811],[18.14601,69.75722],[18.12905,69.7582],[18.12671,69.75912],[18.1298,69.76279],[18.12543,69.76617],[18.12162,69.76747],[18.12222,69.76905],[18.12036,69.77103],[18.12642,69.77474],[18.12798,69.7751],[18.12984,69.77475],[18.13183,69.77525],[18.13411,69.77515],[18.13188,69.77474]],[[18.30933,69.77753],[18.30485,69.77665],[18.30222,69.77534],[18.30066,69.76896],[18.30311,69.76363]],[[18.06708,69.77966],[18.06482,69.77952],[18.06366,69.78028],[18.06568,69.7821],[18.06691,69.78221],[18.06912,69.78186],[18.06708,69.77966]],[[18.40221,69.77369],[18.40842,69.7742],[18.41818,69.77317],[18.42406,69.77352],[18.42682,69.77407],[18.42833,69.77516],[18.43585,69.77677]],[[18.08169,69.78341],[18.08001,69.78357],[18.07854,69.78455],[18.0794,69.78503],[18.08117,69.78506],[18.08169,69.78341]],[[18.32192,69.78157],[18.31256,69.77814],[18.30933,69.77753]],[[18.40056,69.78007],[18.40208,69.77928],[18.39962,69.77862],[18.39973,69.77678],[18.39695,69.77422],[18.40086,69.77367]],[[18.44128,69.77928],[18.43879,69.77743],[18.43585,69.77677]],[[18.4043,69.78627],[18.40297,69.78297],[18.40056,69.78007]],[[18.1549,69.79206],[18.15346,69.79156],[18.15371,69.79079],[18.14979,69.78942],[18.14631,69.78933],[18.14509,69.79082],[18.14141,69.78896],[18.139,69.78906],[18.1357,69.79122],[18.13707,69.79191],[18.14305,69.79267],[18.14786,69.79196],[18.15093,69.7926],[18.1564,69.7929],[18.15682,69.79257],[18.1549,69.79206]],[[18.32192,69.78157],[18.34059,69.78608],[18.35984,69.78851],[18.3665,69.79049]],[[18.12991,69.79224],[18.12841,69.79234],[18.12603,69.79346],[18.12732,69.79419],[18.13212,69.79541],[18.13394,69.79489],[18.12991,69.79224]],[[18.13523,69.79327],[18.13392,69.79333],[18.13511,69.7948],[18.1379,69.79531],[18.13847,69.79452],[18.13523,69.79327]],[[18.14698,69.79397],[18.14004,69.79313],[18.13882,69.79343],[18.14154,69.79422],[18.1414,69.79484],[18.14509,69.79612],[18.14769,69.79485],[18.14698,69.79397]],[[18.37376,69.79297],[18.38015,69.79287]],[[18.38015,69.79287],[18.38673,69.79303],[18.39114,69.7926],[18.39321,69.7909],[18.40231,69.78823],[18.40431,69.78708],[18.4043,69.78627]],[[18.3665,69.79049],[18.36833,69.79172],[18.36815,69.7923],[18.36695,69.79256],[18.36708,69.79323],[18.37376,69.79297]],[[18.15474,69.80175],[18.15233,69.80229],[18.15224,69.80294],[18.15443,69.8032],[18.15619,69.80292],[18.1562,69.80213],[18.15474,69.80175]],[[18.24465,69.82644],[18.24045,69.82611],[18.23955,69.82632],[18.24328,69.82726],[18.2464,69.827],[18.24465,69.82644]],[[18.4039,69.8249],[18.40204,69.82394],[18.39942,69.82363],[18.39843,69.82389],[18.39863,69.82501]],[[18.41135,69.82476],[18.40789,69.8244],[18.40717,69.82484]],[[18.39863,69.82501],[18.39627,69.82587],[18.40008,69.82719],[18.40137,69.82704],[18.40163,69.82628],[18.40356,69.8261],[18.4039,69.8249]],[[18.30194,69.85089],[18.29904,69.85085],[18.29864,69.85141],[18.30268,69.85214],[18.30541,69.85193],[18.30194,69.85089]],[[18.304,69.85566],[18.30394,69.85342],[18.29583,69.85288],[18.29548,69.85345],[18.29874,69.85464],[18.29395,69.85423],[18.29547,69.85535],[18.3003,69.85561],[18.30246,69.85634],[18.304,69.85566]],[[18.00877,69.8704],[18.00599,69.87003],[18.00522,69.87126],[18.00782,69.87115],[18.00877,69.8704]],[[18.04563,69.8717],[18.04058,69.87183],[18.04019,69.87293],[18.04457,69.87339],[18.04616,69.87307],[18.04563,69.8717]],[[18.01522,69.87103],[18.0125,69.87126],[18.01376,69.87211],[18.01249,69.87285],[18.01372,69.87416],[18.01714,69.87264],[18.01688,69.87173],[18.01522,69.87103]],[[18.03404,69.90031],[18.03103,69.90065],[18.03245,69.90148],[18.03451,69.90182],[18.03765,69.90135],[18.03777,69.90085],[18.03404,69.90031]],[[18.43741,69.89885],[18.44145,69.89827],[18.43958,69.89715],[18.43166,69.89738],[18.43269,69.89856],[18.43741,69.89885]]]}}]}